run_id,valve_percent,window_id,sample_index,time_us,adc_raw
25,30,0,0,71,71
25,30,0,1,552,69
25,30,0,2,1047,70
25,30,0,3,1552,61
25,30,0,4,2047,68
25,30,0,5,2552,52
25,30,0,6,3047,61
25,30,0,7,3552,67
25,30,0,8,4047,61
25,30,0,9,4552,68
25,30,0,10,5047,63
25,30,0,11,5551,59
25,30,0,12,6047,68
25,30,0,13,6551,69
25,30,0,14,7047,59
25,30,0,15,7551,59
25,30,0,16,8047,69
25,30,0,17,8551,69
25,30,0,18,9047,67
25,30,0,19,9551,63
25,30,0,20,10047,70
25,30,0,21,10551,71
25,30,0,22,11048,67
25,30,0,23,11551,68
25,30,0,24,12047,63
25,30,0,25,12551,69
25,30,0,26,13047,69
25,30,0,27,13551,71
25,30,0,28,14047,71
25,30,0,29,14551,72
25,30,0,30,15047,70
25,30,0,31,15551,71
25,30,0,32,16047,71
25,30,0,33,16551,71
25,30,0,34,17047,73
25,30,0,35,17551,75
25,30,0,36,18047,87
25,30,0,37,18551,71
25,30,0,38,19047,56
25,30,0,39,19551,75
25,30,0,40,20047,56
25,30,0,41,20551,73
25,30,0,42,21047,72
25,30,0,43,21552,73
25,30,0,44,22048,72
25,30,0,45,22552,73
25,30,0,46,23048,71
25,30,0,47,23552,73
25,30,0,48,24048,75
25,30,0,49,24551,72
25,30,0,50,25048,70
25,30,0,51,25551,74
25,30,0,52,26048,70
25,30,0,53,26551,71
25,30,0,54,27048,69
25,30,0,55,27551,72
25,30,0,56,28048,70
25,30,0,57,28551,73
25,30,0,58,29048,71
25,30,0,59,29551,63
25,30,0,60,30048,63
25,30,0,61,30551,72
25,30,0,62,31048,70
25,30,0,63,31552,70
25,30,0,64,32047,71
25,30,0,65,32551,73
25,30,0,66,33048,69
25,30,0,67,33551,69
25,30,0,68,34047,71
25,30,0,69,34551,71
25,30,0,70,35047,71
25,30,0,71,35551,71
25,30,0,72,36048,62
25,30,0,73,36552,71
25,30,0,74,37047,73
25,30,0,75,37552,69
25,30,0,76,38048,71
25,30,0,77,38552,72
25,30,0,78,39047,71
25,30,0,79,39552,78
25,30,0,80,40047,70
25,30,0,81,40552,61
25,30,0,82,41047,69
25,30,0,83,41552,72
25,30,0,84,42047,67
25,30,0,85,42552,59
25,30,0,86,43047,68
25,30,0,87,43552,69
25,30,0,88,44047,63
25,30,0,89,44552,68
25,30,0,90,45047,84
25,30,0,91,45552,63
25,30,0,92,46047,63
25,30,0,93,46552,71
25,30,0,94,47047,53
25,30,0,95,47552,71
25,30,0,96,48047,68
25,30,0,97,48552,63
25,30,0,98,49047,71
25,30,0,99,49552,70
25,30,0,100,50047,69
25,30,0,101,50552,71
25,30,0,102,51047,69
25,30,0,103,51552,71
25,30,0,104,52047,73
25,30,0,105,52552,69
25,30,0,106,53047,64
25,30,0,107,53552,71
25,30,0,108,54047,69
25,30,0,109,54552,69
25,30,0,110,55047,62
25,30,0,111,55552,69
25,30,0,112,56047,70
25,30,0,113,56552,71
25,30,0,114,57047,69
25,30,0,115,57552,71
25,30,0,116,58047,68
25,30,0,117,58552,69
25,30,0,118,59047,75
25,30,0,119,59552,71
25,30,0,120,60047,73
25,30,0,121,60552,67
25,30,0,122,61047,63
25,30,0,123,61552,73
25,30,0,124,62047,64
25,30,0,125,62552,64
25,30,0,126,63047,74
25,30,0,127,63552,71
25,30,0,128,64047,63
25,30,0,129,64552,71
25,30,0,130,65047,72
25,30,0,131,65552,69
25,30,0,132,66047,62
25,30,0,133,66552,67
25,30,0,134,67047,63
25,30,0,135,67552,63
25,30,0,136,68047,63
25,30,0,137,68552,61
25,30,0,138,69047,74
25,30,0,139,69552,71
25,30,0,140,70047,47
25,30,0,141,70552,57
25,30,0,142,71047,67
25,30,0,143,71552,68
25,30,0,144,72047,62
25,30,0,145,72552,76
25,30,0,146,73047,62
25,30,0,147,73552,68
25,30,0,148,74047,70
25,30,0,149,74552,63
25,30,0,150,75047,62
25,30,0,151,75552,63
25,30,0,152,76047,67
25,30,0,153,76552,63
25,30,0,154,77047,61
25,30,0,155,77551,62
25,30,0,156,78047,63
25,30,0,157,78551,59
25,30,0,158,79047,62
25,30,0,159,79551,61
25,30,0,160,80047,70
25,30,0,161,80551,61
25,30,0,162,81047,70
25,30,0,163,81551,71
25,30,0,164,82047,55
25,30,0,165,82551,73
25,30,0,166,83047,78
25,30,0,167,83551,63
25,30,0,168,84047,70
25,30,0,169,84551,69
25,30,0,170,85047,69
25,30,0,171,85551,70
25,30,0,172,86047,69
25,30,0,173,86551,76
25,30,0,174,87047,68
25,30,0,175,87551,73
25,30,0,176,88048,71
25,30,0,177,88551,71
25,30,0,178,89047,71
25,30,0,179,89551,71
25,30,0,180,90047,46
25,30,0,181,90551,73
25,30,0,182,91047,72
25,30,0,183,91551,72
25,30,0,184,92047,61
25,30,0,185,92551,69
25,30,0,186,93047,71
25,30,0,187,93551,73
25,30,0,188,94048,59
25,30,0,189,94551,63
25,30,0,190,95047,63
25,30,0,191,95551,63
25,30,0,192,96047,77
25,30,0,193,96551,63
25,30,0,194,97048,60
25,30,0,195,97551,63
25,30,0,196,98047,67
25,30,0,197,98551,61
25,30,0,198,99047,46
25,30,0,199,99551,68
25,30,0,200,100048,76
25,30,0,201,100551,69
25,30,0,202,101048,62
25,30,0,203,101551,68
25,30,0,204,102048,61
25,30,0,205,102551,60
25,30,0,206,103047,58
25,30,0,207,103551,69
25,30,0,208,104048,64
25,30,0,209,104551,69
25,30,0,210,105048,63
25,30,0,211,105551,70
25,30,0,212,106048,69
25,30,0,213,106551,69
25,30,0,214,107048,68
25,30,0,215,107551,71
25,30,0,216,108047,71
25,30,0,217,108551,63
25,30,0,218,109047,70
25,30,0,219,109551,73
25,30,0,220,110047,69
25,30,0,221,110551,72
25,30,0,222,111047,63
25,30,0,223,111551,71
25,30,0,224,112047,73
25,30,0,225,112551,70
25,30,0,226,113047,73
25,30,0,227,113551,73
25,30,0,228,114047,71
25,30,0,229,114551,71
25,30,0,230,115047,63
25,30,0,231,115551,63
25,30,0,232,116047,68
25,30,0,233,116551,69
25,30,0,234,117047,71
25,30,0,235,117551,73
25,30,0,236,118047,69
25,30,0,237,118551,68
25,30,0,238,119047,73
25,30,0,239,119551,69
25,30,0,240,120047,68
25,30,0,241,120551,68
25,30,0,242,121048,71
25,30,0,243,121551,63
25,30,0,244,122048,70
25,30,0,245,122551,72
25,30,0,246,123047,69
25,30,0,247,123551,69
25,30,0,248,124047,73
25,30,0,249,124551,67
25,30,0,250,125048,71
25,30,0,251,125551,65
25,30,0,252,126047,73
25,30,0,253,126551,69
25,30,0,254,127047,72
25,30,0,255,127551,71
25,30,0,256,128047,69
25,30,0,257,128551,73
25,30,0,258,129047,71
25,30,0,259,129551,71
25,30,0,260,130047,70
25,30,0,261,130551,71
25,30,0,262,131047,69
25,30,0,263,131551,70
25,30,0,264,132047,75
25,30,0,265,132551,71
25,30,0,266,133047,79
25,30,0,267,133551,75
25,30,0,268,134047,70
25,30,0,269,134551,69
25,30,0,270,135047,69
25,30,0,271,135551,73
25,30,0,272,136047,73
25,30,0,273,136551,69
25,30,0,274,137047,71
25,30,0,275,137551,71
25,30,0,276,138047,71
25,30,0,277,138551,70
25,30,0,278,139047,68
25,30,0,279,139551,73
25,30,0,280,140048,73
25,30,0,281,140551,69
25,30,0,282,141048,73
25,30,0,283,141551,71
25,30,0,284,142048,70
25,30,0,285,142551,78
25,30,0,286,143047,70
25,30,0,287,143551,73
25,30,0,288,144047,71
25,30,0,289,144551,72
25,30,0,290,145047,71
25,30,0,291,145551,53
25,30,0,292,146047,69
25,30,0,293,146551,75
25,30,0,294,147047,72
25,30,0,295,147551,71
25,30,0,296,148047,72
25,30,0,297,148551,71
25,30,0,298,149047,73
25,30,0,299,149551,73
25,30,0,300,150047,69
25,30,0,301,150551,71
25,30,0,302,151047,71
25,30,0,303,151551,71
25,30,0,304,152047,69
25,30,0,305,152551,56
25,30,0,306,153047,71
25,30,0,307,153551,81
25,30,0,308,154047,72
25,30,0,309,154551,59
25,30,0,310,155047,71
25,30,0,311,155551,67
25,30,0,312,156047,69
25,30,0,313,156551,69
25,30,0,314,157047,71
25,30,0,315,157551,71
25,30,0,316,158047,63
25,30,0,317,158551,69
25,30,0,318,159047,72
25,30,0,319,159551,69
25,30,0,320,160047,69
25,30,0,321,160551,51
25,30,0,322,161047,69
25,30,0,323,161551,67
25,30,0,324,162047,61
25,30,0,325,162551,69
25,30,0,326,163047,69
25,30,0,327,163551,62
25,30,0,328,164048,67
25,30,0,329,164551,70
25,30,0,330,165047,82
25,30,0,331,165551,63
25,30,0,332,166047,69
25,30,0,333,166551,68
25,30,0,334,167047,62
25,30,0,335,167551,69
25,30,0,336,168047,55
25,30,0,337,168551,66
25,30,0,338,169048,63
25,30,0,339,169552,70
25,30,0,340,170047,71
25,30,0,341,170552,63
25,30,0,342,171047,73
25,30,0,343,171552,47
25,30,0,344,172047,75
25,30,0,345,172552,69
25,30,0,346,173047,68
25,30,0,347,173552,69
25,30,0,348,174047,69
25,30,0,349,174552,70
25,30,0,350,175047,63
25,30,0,351,175552,69
25,30,0,352,176047,57
25,30,0,353,176552,69
25,30,0,354,177047,61
25,30,0,355,177552,70
25,30,0,356,178047,71
25,30,0,357,178552,69
25,30,0,358,179047,63
25,30,0,359,179552,73
25,30,0,360,180047,67
25,30,0,361,180552,69
25,30,0,362,181047,63
25,30,0,363,181552,71
25,30,0,364,182047,69
25,30,0,365,182552,69
25,30,0,366,183047,63
25,30,0,367,183552,73
25,30,0,368,184047,59
25,30,0,369,184552,68
25,30,0,370,185047,69
25,30,0,371,185552,70
25,30,0,372,186047,68
25,30,0,373,186552,56
25,30,0,374,187047,68
25,30,0,375,187552,61
25,30,0,376,188047,71
25,30,0,377,188552,69
25,30,0,378,189047,53
25,30,0,379,189552,75
25,30,0,380,190047,57
25,30,0,381,190552,69
25,30,0,382,191047,76
25,30,0,383,191552,71
25,30,0,384,192047,71
25,30,0,385,192552,70
25,30,0,386,193047,69
25,30,0,387,193552,59
25,30,0,388,194047,62
25,30,0,389,194552,69
25,30,0,390,195047,71
25,30,0,391,195552,69
25,30,0,392,196047,61
25,30,0,393,196552,69
25,30,0,394,197047,83
25,30,0,395,197552,69
25,30,0,396,198047,63
25,30,0,397,198552,63
25,30,0,398,199047,67
25,30,0,399,199552,69
25,30,0,400,200047,63
25,30,0,401,200551,61
25,30,0,402,201047,63
25,30,0,403,201551,62
25,30,0,404,202047,83
25,30,0,405,202551,60
25,30,0,406,203047,60
25,30,0,407,203551,61
25,30,0,408,204047,55
25,30,0,409,204551,67
25,30,0,410,205047,60
25,30,0,411,205551,61
25,30,0,412,206047,61
25,30,0,413,206551,59
25,30,0,414,207047,60
25,30,0,415,207551,59
25,30,0,416,208047,57
25,30,0,417,208551,61
25,30,0,418,209047,63
25,30,0,419,209551,61
25,30,0,420,210047,61
25,30,0,421,210551,60
25,30,0,422,211048,69
25,30,0,423,211551,63
25,30,0,424,212047,61
25,30,0,425,212551,63
25,30,0,426,213047,62
25,30,0,427,213551,67
25,30,0,428,214047,63
25,30,0,429,214551,63
25,30,0,430,215047,61
25,30,0,431,215551,61
25,30,0,432,216048,68
25,30,0,433,216551,71
25,30,0,434,217047,62
25,30,0,435,217551,71
25,30,0,436,218047,70
25,30,0,437,218551,69
25,30,0,438,219047,87
25,30,0,439,219551,71
25,30,0,440,220047,70
25,30,0,441,220551,72
25,30,0,442,221047,75
25,30,0,443,221551,77
25,30,0,444,222047,73
25,30,0,445,222551,73
25,30,0,446,223047,73
25,30,0,447,223551,63
25,30,0,448,224047,69
25,30,0,449,224551,76
25,30,0,450,225047,88
25,30,0,451,225551,73
25,30,0,452,226048,70
25,30,0,453,226551,71
25,30,0,454,227048,71
25,30,0,455,227551,71
25,30,0,456,228047,73
25,30,0,457,228551,73
25,30,0,458,229047,71
25,30,0,459,229551,75
25,30,0,460,230047,71
25,30,0,461,230551,71
25,30,0,462,231047,63
25,30,0,463,231551,69
25,30,0,464,232047,69
25,30,0,465,232551,71
25,30,0,466,233047,70
25,30,0,467,233551,71
25,30,0,468,234047,68
25,30,0,469,234551,63
25,30,0,470,235047,68
25,30,0,471,235551,69
25,30,0,472,236048,61
25,30,0,473,236551,71
25,30,0,474,237047,67
25,30,0,475,237551,69
25,30,0,476,238047,64
25,30,0,477,238551,61
25,30,0,478,239047,69
25,30,0,479,239551,70
25,30,0,480,240047,61
25,30,0,481,240551,69
25,30,0,482,241047,63
25,30,0,483,241551,69
25,30,0,484,242048,79
25,30,0,485,242551,67
25,30,0,486,243047,61
25,30,0,487,243551,71
25,30,0,488,244047,62
25,30,0,489,244551,70
25,30,0,490,245047,61
25,30,0,491,245551,69
25,30,0,492,246048,69
25,30,0,493,246551,63
25,30,0,494,247047,62
25,30,0,495,247551,73
25,30,0,496,248047,61
25,30,0,497,248551,67
25,30,0,498,249047,69
25,30,0,499,249551,71
25,30,0,500,250047,63
25,30,0,501,250551,70
25,30,0,502,251047,71
25,30,0,503,251551,71
25,30,0,504,252047,63
25,30,0,505,252551,67
25,30,0,506,253047,71
25,30,0,507,253551,71
25,30,0,508,254047,68
25,30,0,509,254551,70
25,30,0,510,255047,69
25,30,0,511,255551,71
25,30,0,512,256047,69
25,30,0,513,256551,70
25,30,0,514,257048,71
25,30,0,515,257551,69
25,30,0,516,258047,67
25,30,0,517,258551,74
25,30,0,518,259047,69
25,30,0,519,259551,53
25,30,0,520,260047,68
25,30,0,521,260551,72
25,30,0,522,261047,70
25,30,0,523,261551,73
25,30,0,524,262047,69
25,30,0,525,262551,71
25,30,0,526,263047,73
25,30,0,527,263551,71
25,30,0,528,264047,68
25,30,0,529,264551,71
25,30,0,530,265047,62
25,30,0,531,265551,73
25,30,0,532,266047,55
25,30,0,533,266551,67
25,30,0,534,267047,71
25,30,0,535,267551,69
25,30,0,536,268047,71
25,30,0,537,268551,69
25,30,0,538,269047,69
25,30,0,539,269551,69
25,30,0,540,270047,69
25,30,0,541,270551,69
25,30,0,542,271047,68
25,30,0,543,271551,70
25,30,0,544,272047,63
25,30,0,545,272551,69
25,30,0,546,273047,63
25,30,0,547,273551,63
25,30,0,548,274047,62
25,30,0,549,274551,68
25,30,0,550,275047,71
25,30,0,551,275551,69
25,30,0,552,276048,61
25,30,0,553,276551,67
25,30,0,554,277047,69
25,30,0,555,277551,77
25,30,0,556,278047,68
25,30,0,557,278551,62
25,30,0,558,279047,63
25,30,0,559,279551,63
25,30,0,560,280047,85
25,30,0,561,280551,64
25,30,0,562,281047,63
25,30,0,563,281551,69
25,30,0,564,282047,68
25,30,0,565,282551,63
25,30,0,566,283047,55
25,30,0,567,283551,71
25,30,0,568,284047,70
25,30,0,569,284551,61
25,30,0,570,285047,69
25,30,0,571,285551,75
25,30,0,572,286047,63
25,30,0,573,286551,63
25,30,0,574,287047,69
25,30,0,575,287551,70
25,30,0,576,288047,69
25,30,0,577,288551,69
25,30,0,578,289047,63
25,30,0,579,289551,71
25,30,0,580,290047,72
25,30,0,581,290551,70
25,30,0,582,291047,69
25,30,0,583,291551,75
25,30,0,584,292047,69
25,30,0,585,292551,70
25,30,0,586,293047,67
25,30,0,587,293551,68
25,30,0,588,294047,68
25,30,0,589,294551,73
25,30,0,590,295047,69
25,30,0,591,295551,69
25,30,0,592,296047,73
25,30,0,593,296551,70
25,30,0,594,297047,61
25,30,0,595,297551,63
25,30,0,596,298047,83
25,30,0,597,298551,61
25,30,0,598,299047,63
25,30,0,599,299551,71
25,30,0,600,300047,61
25,30,0,601,300551,69
25,30,0,602,301047,70
25,30,0,603,301551,68
25,30,0,604,302047,69
25,30,0,605,302551,67
25,30,0,606,303047,63
25,30,0,607,303551,68
25,30,0,608,304048,72
25,30,0,609,304551,69
25,30,0,610,305047,73
25,30,0,611,305551,69
25,30,0,612,306047,71
25,30,0,613,306551,73
25,30,0,614,307047,67
25,30,0,615,307551,71
25,30,0,616,308047,71
25,30,0,617,308551,83
25,30,0,618,309047,63
25,30,0,619,309551,71
25,30,0,620,310048,81
25,30,0,621,310551,71
25,30,0,622,311047,64
25,30,0,623,311551,69
25,30,0,624,312047,72
25,30,0,625,312551,67
25,30,0,626,313047,61
25,30,0,627,313551,70
25,30,0,628,314047,63
25,30,0,629,314551,61
25,30,0,630,315047,63
25,30,0,631,315551,58
25,30,0,632,316048,60
25,30,0,633,316551,69
25,30,0,634,317047,71
25,30,0,635,317551,59
25,30,0,636,318047,71
25,30,0,637,318551,75
25,30,0,638,319047,67
25,30,0,639,319551,71
25,30,0,640,320047,55
25,30,0,641,320551,67
25,30,0,642,321047,69
25,30,0,643,321551,63
25,30,0,644,322047,69
25,30,0,645,322551,74
25,30,0,646,323047,63
25,30,0,647,323551,63
25,30,0,648,324047,68
25,30,0,649,324551,69
25,30,0,650,325047,69
25,30,0,651,325551,63
25,30,0,652,326047,72
25,30,0,653,326551,84
25,30,0,654,327048,67
25,30,0,655,327552,63
25,30,0,656,328048,70
25,30,0,657,328551,69
25,30,0,658,329048,68
25,30,0,659,329551,71
25,30,0,660,330047,69
25,30,0,661,330551,67
25,30,0,662,331047,85
25,30,0,663,331551,71
25,30,0,664,332047,61
25,30,0,665,332551,73
25,30,0,666,333047,70
25,30,0,667,333551,61
25,30,0,668,334047,67
25,30,0,669,334551,71
25,30,0,670,335047,61
25,30,0,671,335551,68
25,30,0,672,336047,67
25,30,0,673,336551,71
25,30,0,674,337047,69
25,30,0,675,337551,85
25,30,0,676,338047,69
25,30,0,677,338551,67
25,30,0,678,339047,63
25,30,0,679,339551,69
25,30,0,680,340047,69
25,30,0,681,340551,68
25,30,0,682,341047,71
25,30,0,683,341551,69
25,30,0,684,342047,70
25,30,0,685,342551,63
25,30,0,686,343047,68
25,30,0,687,343551,50
25,30,0,688,344047,63
25,30,0,689,344551,79
25,30,0,690,345047,71
25,30,0,691,345551,71
25,30,0,692,346048,69
25,30,0,693,346551,71
25,30,0,694,347047,69
25,30,0,695,347551,78
25,30,0,696,348047,71
25,30,0,697,348551,69
25,30,0,698,349047,69
25,30,0,699,349551,69
25,30,0,700,350047,67
25,30,0,701,350551,63
25,30,0,702,351047,71
25,30,0,703,351551,69
25,30,0,704,352048,63
25,30,0,705,352551,62
25,30,0,706,353047,71
25,30,0,707,353551,69
25,30,0,708,354047,67
25,30,0,709,354551,67
25,30,0,710,355047,61
25,30,0,711,355551,72
25,30,0,712,356047,63
25,30,0,713,356551,67
25,30,0,714,357047,62
25,30,0,715,357551,68
25,30,0,716,358047,63
25,30,0,717,358551,61
25,30,0,718,359047,68
25,30,0,719,359551,69
25,30,0,720,360047,63
25,30,0,721,360551,82
25,30,0,722,361047,68
25,30,0,723,361551,70
25,30,0,724,362047,73
25,30,0,725,362551,73
25,30,0,726,363047,71
25,30,0,727,363551,73
25,30,0,728,364047,69
25,30,0,729,364551,71
25,30,0,730,365047,71
25,30,0,731,365551,69
25,30,0,732,366047,69
25,30,0,733,366551,68
25,30,0,734,367047,71
25,30,0,735,367551,68
25,30,0,736,368047,63
25,30,0,737,368551,73
25,30,0,738,369047,55
25,30,0,739,369551,68
25,30,0,740,370047,47
25,30,0,741,370551,71
25,30,0,742,371047,73
25,30,0,743,371551,69
25,30,0,744,372047,74
25,30,0,745,372551,70
25,30,0,746,373047,62
25,30,0,747,373551,71
25,30,0,748,374048,62
25,30,0,749,374551,68
25,30,0,750,375048,68
25,30,0,751,375551,56
25,30,0,752,376048,59
25,30,0,753,376551,67
25,30,0,754,377047,63
25,30,0,755,377551,55
25,30,0,756,378047,69
25,30,0,757,378551,63
25,30,0,758,379047,63
25,30,0,759,379551,61
25,30,0,760,380047,63
25,30,0,761,380551,63
25,30,0,762,381047,69
25,30,0,763,381551,67
25,30,0,764,382047,64
25,30,0,765,382551,70
25,30,0,766,383047,63
25,30,0,767,383551,69
25,30,0,768,384047,69
25,30,0,769,384551,71
25,30,0,770,385047,61
25,30,0,771,385551,69
25,30,0,772,386047,64
25,30,0,773,386551,69
25,30,0,774,387047,63
25,30,0,775,387551,69
25,30,0,776,388047,63
25,30,0,777,388551,63
25,30,0,778,389047,71
25,30,0,779,389551,68
25,30,0,780,390047,63
25,30,0,781,390551,68
25,30,0,782,391047,71
25,30,0,783,391551,69
25,30,0,784,392047,63
25,30,0,785,392551,79
25,30,0,786,393047,69
25,30,0,787,393551,64
25,30,0,788,394047,72
25,30,0,789,394551,68
25,30,0,790,395047,59
25,30,0,791,395551,67
25,30,0,792,396047,71
25,30,0,793,396551,76
25,30,0,794,397047,68
25,30,0,795,397551,77
25,30,0,796,398047,69
25,30,0,797,398551,55
25,30,0,798,399047,71
25,30,0,799,399551,69
25,30,0,800,400047,67
25,30,0,801,400551,70
25,30,0,802,401047,71
25,30,0,803,401551,71
25,30,0,804,402047,69
25,30,0,805,402551,69
25,30,0,806,403047,70
25,30,0,807,403551,69
25,30,0,808,404047,70
25,30,0,809,404551,76
25,30,0,810,405047,77
25,30,0,811,405551,67
25,30,0,812,406047,70
25,30,0,813,406551,71
25,30,0,814,407047,71
25,30,0,815,407551,63
25,30,0,816,408047,63
25,30,0,817,408551,69
25,30,0,818,409047,79
25,30,0,819,409551,73
25,30,0,820,410047,62
25,30,0,821,410551,71
25,30,0,822,411047,70
25,30,0,823,411551,69
25,30,0,824,412047,69
25,30,0,825,412551,69
25,30,0,826,413047,63
25,30,0,827,413551,83
25,30,0,828,414047,69
25,30,0,829,414551,70
25,30,0,830,415047,69
25,30,0,831,415551,69
25,30,0,832,416047,62
25,30,0,833,416551,69
25,30,0,834,417047,63
25,30,0,835,417551,57
25,30,0,836,418047,69
25,30,0,837,418551,71
25,30,0,838,419047,63
25,30,0,839,419551,70
25,30,0,840,420047,68
25,30,0,841,420551,75
25,30,0,842,421047,63
25,30,0,843,421551,70
25,30,0,844,422047,63
25,30,0,845,422551,71
25,30,0,846,423047,69
25,30,0,847,423551,71
25,30,0,848,424047,69
25,30,0,849,424551,69
25,30,0,850,425047,55
25,30,0,851,425551,75
25,30,0,852,426047,75
25,30,0,853,426551,61
25,30,0,854,427047,69
25,30,0,855,427551,69
25,30,0,856,428047,72
25,30,0,857,428551,70
25,30,0,858,429047,70
25,30,0,859,429551,73
25,30,0,860,430047,71
25,30,0,861,430551,69
25,30,0,862,431047,68
25,30,0,863,431551,72
25,30,0,864,432047,62
25,30,0,865,432551,71
25,30,0,866,433047,72
25,30,0,867,433551,83
25,30,0,868,434047,69
25,30,0,869,434551,72
25,30,0,870,435047,71
25,30,0,871,435551,72
25,30,0,872,436047,63
25,30,0,873,436551,72
25,30,0,874,437047,69
25,30,0,875,437551,69
25,30,0,876,438047,70
25,30,0,877,438551,71
25,30,0,878,439047,68
25,30,0,879,439551,63
25,30,0,880,440047,68
25,30,0,881,440551,69
25,30,0,882,441047,69
25,30,0,883,441551,63
25,30,0,884,442047,69
25,30,0,885,442551,63
25,30,0,886,443047,56
25,30,0,887,443551,56
25,30,0,888,444047,69
25,30,0,889,444551,67
25,30,0,890,445047,59
25,30,0,891,445551,67
25,30,0,892,446047,73
25,30,0,893,446551,62
25,30,0,894,447047,63
25,30,0,895,447551,77
25,30,0,896,448047,59
25,30,0,897,448551,74
25,30,0,898,449047,69
25,30,0,899,449551,67
25,30,0,900,450047,71
25,30,0,901,450551,70
25,30,0,902,451047,45
25,30,0,903,451551,68
25,30,0,904,452047,69
25,30,0,905,452551,73
25,30,0,906,453047,69
25,30,0,907,453551,61
25,30,0,908,454047,63
25,30,0,909,454551,73
25,30,0,910,455047,63
25,30,0,911,455551,67
25,30,0,912,456047,73
25,30,0,913,456551,73
25,30,0,914,457047,63
25,30,0,915,457551,77
25,30,0,916,458047,70
25,30,0,917,458551,69
25,30,0,918,459047,71
25,30,0,919,459551,72
25,30,0,920,460047,73
25,30,0,921,460551,75
25,30,0,922,461047,68
25,30,0,923,461551,67
25,30,0,924,462047,72
25,30,0,925,462551,75
25,30,0,926,463047,71
25,30,0,927,463551,72
25,30,0,928,464047,69
25,30,0,929,464551,63
25,30,0,930,465047,68
25,30,0,931,465551,70
25,30,0,932,466047,63
25,30,0,933,466551,73
25,30,0,934,467047,63
25,30,0,935,467551,72
25,30,0,936,468047,69
25,30,0,937,468551,68
25,30,0,938,469047,70
25,30,0,939,469551,59
25,30,0,940,470047,71
25,30,0,941,470551,71
25,30,0,942,471047,71
25,30,0,943,471551,67
25,30,0,944,472047,68
25,30,0,945,472551,70
25,30,0,946,473047,59
25,30,0,947,473551,79
25,30,0,948,474047,69
25,30,0,949,474551,60
25,30,0,950,475047,70
25,30,0,951,475551,71
25,30,0,952,476047,70
25,30,0,953,476551,72
25,30,0,954,477047,57
25,30,0,955,477551,71
25,30,0,956,478047,73
25,30,0,957,478551,71
25,30,0,958,479047,71
25,30,0,959,479551,71
25,30,0,960,480048,69
25,30,0,961,480551,71
25,30,0,962,481047,62
25,30,0,963,481551,63
25,30,0,964,482047,71
25,30,0,965,482551,69
25,30,0,966,483047,63
25,30,0,967,483551,72
25,30,0,968,484047,55
25,30,0,969,484551,71
25,30,0,970,485048,71
25,30,0,971,485551,63
25,30,0,972,486047,72
25,30,0,973,486551,70
25,30,0,974,487047,63
25,30,0,975,487551,71
25,30,0,976,488047,63
25,30,0,977,488551,67
25,30,0,978,489047,68
25,30,0,979,489551,71
25,30,0,980,490047,73
25,30,0,981,490551,71
25,30,0,982,491047,63
25,30,0,983,491551,69
25,30,0,984,492047,68
25,30,0,985,492551,69
25,30,0,986,493047,68
25,30,0,987,493551,69
25,30,0,988,494048,71
25,30,0,989,494551,63
25,30,0,990,495047,69
25,30,0,991,495551,71
25,30,0,992,496048,56
25,30,0,993,496551,71
25,30,0,994,497047,69
25,30,0,995,497551,61
25,30,0,996,498048,68
25,30,0,997,498551,68
25,30,0,998,499048,69
25,30,0,999,499551,63
25,30,0,1000,500048,69
25,30,0,1001,500552,63
25,30,0,1002,501047,61
25,30,0,1003,501551,63
25,30,0,1004,502047,67
25,30,0,1005,502551,63
25,30,0,1006,503047,63
25,30,0,1007,503551,62
25,30,0,1008,504047,67
25,30,0,1009,504551,63
25,30,0,1010,505047,63
25,30,0,1011,505551,55
25,30,0,1012,506047,63
25,30,0,1013,506551,68
25,30,0,1014,507047,60
25,30,0,1015,507551,61
25,30,0,1016,508047,63
25,30,0,1017,508551,61
25,30,0,1018,509047,63
25,30,0,1019,509551,73
25,30,0,1020,510047,63
25,30,0,1021,510551,63
25,30,0,1022,511047,69
25,30,0,1023,511551,67
25,30,0,1024,512047,67
25,30,0,1025,512551,61
25,30,0,1026,513047,62
25,30,0,1027,513551,69
25,30,0,1028,514048,69
25,30,0,1029,514551,63
25,30,0,1030,515047,63
25,30,0,1031,515551,69
25,30,0,1032,516048,63
25,30,0,1033,516551,59
25,30,0,1034,517048,63
25,30,0,1035,517551,71
25,30,0,1036,518047,61
25,30,0,1037,518551,58
25,30,0,1038,519047,63
25,30,0,1039,519551,61
25,30,0,1040,520047,61
25,30,0,1041,520551,61
25,30,0,1042,521047,61
25,30,0,1043,521551,63
25,30,0,1044,522048,60
25,30,0,1045,522551,70
25,30,0,1046,523047,64
25,30,0,1047,523551,62
25,30,0,1048,524047,69
25,30,0,1049,524551,63
25,30,0,1050,525047,61
25,30,0,1051,525551,63
25,30,0,1052,526047,63
25,30,0,1053,526551,57
25,30,0,1054,527047,69
25,30,0,1055,527551,69
25,30,0,1056,528047,61
25,30,0,1057,528551,71
25,30,0,1058,529047,63
25,30,0,1059,529551,61
25,30,0,1060,530047,63
25,30,0,1061,530551,63
25,30,0,1062,531047,69
25,30,0,1063,531551,71
25,30,0,1064,532047,59
25,30,0,1065,532551,69
25,30,0,1066,533047,61
25,30,0,1067,533551,69
25,30,0,1068,534047,70
25,30,0,1069,534551,67
25,30,0,1070,535047,69
25,30,0,1071,535551,69
25,30,0,1072,536047,69
25,30,0,1073,536551,61
25,30,0,1074,537047,68
25,30,0,1075,537551,68
25,30,0,1076,538047,71
25,30,0,1077,538551,71
25,30,0,1078,539047,69
25,30,0,1079,539551,71
25,30,0,1080,540047,71
25,30,0,1081,540551,70
25,30,0,1082,541047,69
25,30,0,1083,541551,71
25,30,0,1084,542047,71
25,30,0,1085,542551,71
25,30,0,1086,543047,73
25,30,0,1087,543551,71
25,30,0,1088,544047,75
25,30,0,1089,544551,71
25,30,0,1090,545047,83
25,30,0,1091,545551,75
25,30,0,1092,546047,73
25,30,0,1093,546551,71
25,30,0,1094,547047,72
25,30,0,1095,547551,71
25,30,0,1096,548047,73
25,30,0,1097,548551,69
25,30,0,1098,549047,71
25,30,0,1099,549551,78
25,30,0,1100,550047,75
25,30,0,1101,550551,69
25,30,0,1102,551047,68
25,30,0,1103,551551,71
25,30,0,1104,552047,70
25,30,0,1105,552551,73
25,30,0,1106,553047,74
25,30,0,1107,553551,73
25,30,0,1108,554047,73
25,30,0,1109,554551,76
25,30,0,1110,555047,73
25,30,0,1111,555551,72
25,30,0,1112,556047,71
25,30,0,1113,556551,77
25,30,0,1114,557047,73
25,30,0,1115,557551,75
25,30,0,1116,558047,75
25,30,0,1117,558551,71
25,30,0,1118,559047,79
25,30,0,1119,559551,72
25,30,0,1120,560047,70
25,30,0,1121,560551,75
25,30,0,1122,561047,73
25,30,0,1123,561551,69
25,30,0,1124,562047,71
25,30,0,1125,562551,72
25,30,0,1126,563048,73
25,30,0,1127,563551,73
25,30,0,1128,564048,62
25,30,0,1129,564551,72
25,30,0,1130,565047,72
25,30,0,1131,565551,71
25,30,0,1132,566048,70
25,30,0,1133,566551,75
25,30,0,1134,567047,71
25,30,0,1135,567551,55
25,30,0,1136,568047,71
25,30,0,1137,568551,71
25,30,0,1138,569047,70
25,30,0,1139,569551,72
25,30,0,1140,570047,71
25,30,0,1141,570551,69
25,30,0,1142,571047,71
25,30,0,1143,571551,71
25,30,0,1144,572047,69
25,30,0,1145,572551,71
25,30,0,1146,573047,73
25,30,0,1147,573551,71
25,30,0,1148,574047,71
25,30,0,1149,574551,70
25,30,0,1150,575047,75
25,30,0,1151,575551,73
25,30,0,1152,576047,71
25,30,0,1153,576551,71
25,30,0,1154,577047,67
25,30,0,1155,577551,71
25,30,0,1156,578047,63
25,30,0,1157,578551,71
25,30,0,1158,579047,69
25,30,0,1159,579551,69
25,30,0,1160,580047,67
25,30,0,1161,580551,53
25,30,0,1162,581047,62
25,30,0,1163,581551,69
25,30,0,1164,582047,67
25,30,0,1165,582551,61
25,30,0,1166,583047,61
25,30,0,1167,583551,61
25,30,0,1168,584047,61
25,30,0,1169,584551,61
25,30,0,1170,585047,61
25,30,0,1171,585551,61
25,30,0,1172,586047,69
25,30,0,1173,586551,63
25,30,0,1174,587047,61
25,30,0,1175,587551,63
25,30,0,1176,588048,61
25,30,0,1177,588551,62
25,30,0,1178,589047,59
25,30,0,1179,589551,63
25,30,0,1180,590047,62
25,30,0,1181,590551,51
25,30,0,1182,591047,61
25,30,0,1183,591551,68
25,30,0,1184,592047,68
25,30,0,1185,592551,61
25,30,0,1186,593047,63
25,30,0,1187,593551,70
25,30,0,1188,594048,63
25,30,0,1189,594551,69
25,30,0,1190,595047,68
25,30,0,1191,595551,67
25,30,0,1192,596047,72
25,30,0,1193,596551,71
25,30,0,1194,597047,68
25,30,0,1195,597551,67
25,30,0,1196,598047,59
25,30,0,1197,598551,69
25,30,0,1198,599047,69
25,30,0,1199,599551,71
25,30,0,1200,600047,73
25,30,0,1201,600551,68
25,30,0,1202,601047,69
25,30,0,1203,601551,69
25,30,0,1204,602047,63
25,30,0,1205,602551,70
25,30,0,1206,603047,69
25,30,0,1207,603551,52
25,30,0,1208,604047,63
25,30,0,1209,604551,69
25,30,0,1210,605047,70
25,30,0,1211,605551,53
25,30,0,1212,606047,71
25,30,0,1213,606551,79
25,30,0,1214,607047,67
25,30,0,1215,607551,69
25,30,0,1216,608047,73
25,30,0,1217,608551,69
25,30,0,1218,609047,69
25,30,0,1219,609551,69
25,30,0,1220,610048,75
25,30,0,1221,610551,68
25,30,0,1222,611048,69
25,30,0,1223,611552,63
25,30,0,1224,612048,64
25,30,0,1225,612552,68
25,30,0,1226,613047,71
25,30,0,1227,613552,69
25,30,0,1228,614047,69
25,30,0,1229,614552,73
25,30,0,1230,615047,75
25,30,0,1231,615552,62
25,30,0,1232,616047,70
25,30,0,1233,616552,69
25,30,0,1234,617047,70
25,30,0,1235,617552,70
25,30,0,1236,618047,69
25,30,0,1237,618552,69
25,30,0,1238,619047,57
25,30,0,1239,619552,63
25,30,0,1240,620047,63
25,30,0,1241,620552,68
25,30,0,1242,621047,67
25,30,0,1243,621552,61
25,30,0,1244,622047,61
25,30,0,1245,622552,63
25,30,0,1246,623047,72
25,30,0,1247,623552,68
25,30,0,1248,624047,64
25,30,0,1249,624552,54
25,30,0,1250,625047,63
25,30,0,1251,625552,69
25,30,0,1252,626047,61
25,30,0,1253,626552,63
25,30,0,1254,627047,61
25,30,0,1255,627552,67
25,30,0,1256,628047,72
25,30,0,1257,628552,63
25,30,0,1258,629047,71
25,30,0,1259,629551,69
25,30,0,1260,630047,61
25,30,0,1261,630551,63
25,30,0,1262,631047,64
25,30,0,1263,631551,69
25,30,0,1264,632047,62
25,30,0,1265,632551,61
25,30,0,1266,633047,74
25,30,0,1267,633551,69
25,30,0,1268,634047,68
25,30,0,1269,634551,61
25,30,0,1270,635047,70
25,30,0,1271,635551,70
25,30,0,1272,636047,69
25,30,0,1273,636551,70
25,30,0,1274,637047,70
25,30,0,1275,637551,70
25,30,0,1276,638047,63
25,30,0,1277,638551,69
25,30,0,1278,639047,70
25,30,0,1279,639551,71
25,30,0,1280,640047,71
25,30,0,1281,640551,71
25,30,0,1282,641047,68
25,30,0,1283,641551,71
25,30,0,1284,642047,67
25,30,0,1285,642551,63
25,30,0,1286,643047,69
25,30,0,1287,643551,72
25,30,0,1288,644047,69
25,30,0,1289,644551,63
25,30,0,1290,645047,70
25,30,0,1291,645551,72
25,30,0,1292,646047,69
25,30,0,1293,646551,63
25,30,0,1294,647047,70
25,30,0,1295,647551,71
25,30,0,1296,648047,73
25,30,0,1297,648551,71
25,30,0,1298,649047,67
25,30,0,1299,649551,69
25,30,0,1300,650047,71
25,30,0,1301,650551,71
25,30,0,1302,651047,69
25,30,0,1303,651551,71
25,30,0,1304,652047,72
25,30,0,1305,652551,72
25,30,0,1306,653047,69
25,30,0,1307,653551,71
25,30,0,1308,654047,70
25,30,0,1309,654551,71
25,30,0,1310,655047,69
25,30,0,1311,655551,71
25,30,0,1312,656047,71
25,30,0,1313,656551,69
25,30,0,1314,657048,69
25,30,0,1315,657551,67
25,30,0,1316,658047,72
25,30,0,1317,658551,69
25,30,0,1318,659047,82
25,30,0,1319,659551,69
25,30,0,1320,660047,73
25,30,0,1321,660551,68
25,30,0,1322,661047,83
25,30,0,1323,661551,69
25,30,0,1324,662047,68
25,30,0,1325,662551,69
25,30,0,1326,663047,63
25,30,0,1327,663551,57
25,30,0,1328,664047,70
25,30,0,1329,664551,68
25,30,0,1330,665047,68
25,30,0,1331,665551,63
25,30,0,1332,666047,71
25,30,0,1333,666551,72
25,30,0,1334,667047,69
25,30,0,1335,667551,63
25,30,0,1336,668047,72
25,30,0,1337,668551,63
25,30,0,1338,669047,72
25,30,0,1339,669551,72
25,30,0,1340,670047,63
25,30,0,1341,670551,63
25,30,0,1342,671047,70
25,30,0,1343,671551,67
25,30,0,1344,672047,60
25,30,0,1345,672551,61
25,30,0,1346,673048,69
25,30,0,1347,673551,71
25,30,0,1348,674048,57
25,30,0,1349,674551,63
25,30,0,1350,675047,69
25,30,0,1351,675551,63
25,30,0,1352,676047,59
25,30,0,1353,676551,69
25,30,0,1354,677047,61
25,30,0,1355,677551,67
25,30,0,1356,678047,63
25,30,0,1357,678551,63
25,30,0,1358,679047,61
25,30,0,1359,679551,67
25,30,0,1360,680047,61
25,30,0,1361,680551,69
25,30,0,1362,681047,61
25,30,0,1363,681551,62
25,30,0,1364,682048,55
25,30,0,1365,682552,63
25,30,0,1366,683048,61
25,30,0,1367,683552,63
25,30,0,1368,684047,63
25,30,0,1369,684552,62
25,30,0,1370,685047,62
25,30,0,1371,685552,69
25,30,0,1372,686047,63
25,30,0,1373,686552,63
25,30,0,1374,687047,68
25,30,0,1375,687552,63
25,30,0,1376,688047,69
25,30,0,1377,688552,71
25,30,0,1378,689047,69
25,30,0,1379,689552,69
25,30,0,1380,690047,70
25,30,0,1381,690552,69
25,30,0,1382,691047,71
25,30,0,1383,691552,71
25,30,0,1384,692047,72
25,30,0,1385,692552,70
25,30,0,1386,693047,71
25,30,0,1387,693552,55
25,30,0,1388,694047,63
25,30,0,1389,694552,68
25,30,0,1390,695047,70
25,30,0,1391,695552,69
25,30,0,1392,696047,71
25,30,0,1393,696551,67
25,30,0,1394,697047,73
25,30,0,1395,697551,64
25,30,0,1396,698047,72
25,30,0,1397,698551,70
25,30,0,1398,699047,71
25,30,0,1399,699551,70
25,30,0,1400,700047,71
25,30,0,1401,700551,69
25,30,0,1402,701047,71
25,30,0,1403,701551,70
25,30,0,1404,702047,69
25,30,0,1405,702551,63
25,30,0,1406,703047,73
25,30,0,1407,703551,70
25,30,0,1408,704047,61
25,30,0,1409,704551,71
25,30,0,1410,705048,71
25,30,0,1411,705552,77
25,30,0,1412,706047,73
25,30,0,1413,706551,69
25,30,0,1414,707047,71
25,30,0,1415,707551,72
25,30,0,1416,708048,62
25,30,0,1417,708551,73
25,30,0,1418,709048,75
25,30,0,1419,709551,71
25,30,0,1420,710047,63
25,30,0,1421,710551,73
25,30,0,1422,711047,73
25,30,0,1423,711551,70
25,30,0,1424,712047,70
25,30,0,1425,712551,69
25,30,0,1426,713047,72
25,30,0,1427,713551,75
25,30,0,1428,714047,70
25,30,0,1429,714551,69
25,30,0,1430,715047,71
25,30,0,1431,715551,87
25,30,0,1432,716047,71
25,30,0,1433,716551,73
25,30,0,1434,717047,71
25,30,0,1435,717551,70
25,30,0,1436,718047,71
25,30,0,1437,718551,69
25,30,0,1438,719047,69
25,30,0,1439,719551,72
25,30,0,1440,720047,71
25,30,0,1441,720551,83
25,30,0,1442,721047,69
25,30,0,1443,721551,71
25,30,0,1444,722047,73
25,30,0,1445,722551,69
25,30,0,1446,723047,69
25,30,0,1447,723551,70
25,30,0,1448,724047,73
25,30,0,1449,724551,71
25,30,0,1450,725048,73
25,30,0,1451,725551,71
25,30,0,1452,726047,71
25,30,0,1453,726551,71
25,30,0,1454,727047,72
25,30,0,1455,727551,70
25,30,0,1456,728047,63
25,30,0,1457,728551,73
25,30,0,1458,729047,71
25,30,0,1459,729551,71
25,30,0,1460,730047,72
25,30,0,1461,730551,70
25,30,0,1462,731047,73
25,30,0,1463,731551,73
25,30,0,1464,732047,69
25,30,0,1465,732551,71
25,30,0,1466,733047,79
25,30,0,1467,733551,75
25,30,0,1468,734047,70
25,30,0,1469,734551,79
25,30,0,1470,735048,53
25,30,0,1471,735552,72
25,30,0,1472,736047,69
25,30,0,1473,736551,71
25,30,0,1474,737047,73
25,30,0,1475,737551,72
25,30,0,1476,738047,73
25,30,0,1477,738551,73
25,30,0,1478,739047,72
25,30,0,1479,739551,69
25,30,0,1480,740047,71
25,30,0,1481,740551,67
25,30,0,1482,741047,71
25,30,0,1483,741551,69
25,30,0,1484,742047,79
25,30,0,1485,742551,68
25,30,0,1486,743048,86
25,30,0,1487,743551,71
25,30,0,1488,744047,70
25,30,0,1489,744551,71
25,30,0,1490,745047,63
25,30,0,1491,745551,73
25,30,0,1492,746047,68
25,30,0,1493,746551,69
25,30,0,1494,747047,71
25,30,0,1495,747551,71
25,30,0,1496,748047,69
25,30,0,1497,748551,63
25,30,0,1498,749047,71
25,30,0,1499,749551,68
25,30,0,1500,750047,69
25,30,0,1501,750551,71
25,30,0,1502,751047,62
25,30,0,1503,751551,71
25,30,0,1504,752047,71
25,30,0,1505,752551,62
25,30,0,1506,753047,71
25,30,0,1507,753551,75
25,30,0,1508,754047,69
25,30,0,1509,754551,70
25,30,0,1510,755048,79
25,30,0,1511,755551,72
25,30,0,1512,756047,53
25,30,0,1513,756551,68
25,30,0,1514,757047,70
25,30,0,1515,757551,69
25,30,0,1516,758048,67
25,30,0,1517,758552,67
25,30,0,1518,759048,71
25,30,0,1519,759551,72
25,30,0,1520,760048,63
25,30,0,1521,760551,62
25,30,0,1522,761048,71
25,30,0,1523,761551,69
25,30,0,1524,762047,63
25,30,0,1525,762551,68
25,30,0,1526,763047,61
25,30,0,1527,763551,67
25,30,0,1528,764047,57
25,30,0,1529,764551,68
25,30,0,1530,765047,61
25,30,0,1531,765551,63
25,30,0,1532,766047,57
25,30,0,1533,766551,63
25,30,0,1534,767047,58
25,30,0,1535,767551,69
25,30,0,1536,768047,68
25,30,0,1537,768551,62
25,30,0,1538,769047,59
25,30,0,1539,769551,70
25,30,0,1540,770047,61
25,30,0,1541,770551,67
25,30,0,1542,771047,55
25,30,0,1543,771551,68
25,30,0,1544,772047,61
25,30,0,1545,772551,61
25,30,0,1546,773047,57
25,30,0,1547,773551,63
25,30,0,1548,774047,55
25,30,0,1549,774551,73
25,30,0,1550,775047,61
25,30,0,1551,775551,73
25,30,0,1552,776047,63
25,30,0,1553,776551,63
25,30,0,1554,777048,61
25,30,0,1555,777551,71
25,30,0,1556,778047,63
25,30,0,1557,778551,71
25,30,0,1558,779047,75
25,30,0,1559,779551,70
25,30,0,1560,780048,67
25,30,0,1561,780551,69
25,30,0,1562,781048,72
25,30,0,1563,781551,71
25,30,0,1564,782047,63
25,30,0,1565,782551,82
25,30,0,1566,783047,63
25,30,0,1567,783551,71
25,30,0,1568,784047,63
25,30,0,1569,784551,69
25,30,0,1570,785047,69
25,30,0,1571,785551,71
25,30,0,1572,786047,63
25,30,0,1573,786551,69
25,30,0,1574,787047,71
25,30,0,1575,787551,62
25,30,0,1576,788047,71
25,30,0,1577,788551,70
25,30,0,1578,789047,68
25,30,0,1579,789551,69
25,30,0,1580,790048,71
25,30,0,1581,790551,67
25,30,0,1582,791047,72
25,30,0,1583,791551,62
25,30,0,1584,792047,69
25,30,0,1585,792551,69
25,30,0,1586,793047,71
25,30,0,1587,793551,63
25,30,0,1588,794048,64
25,30,0,1589,794551,71
25,30,0,1590,795047,69
25,30,0,1591,795551,63
25,30,0,1592,796047,63
25,30,0,1593,796551,71
25,30,0,1594,797047,69
25,30,0,1595,797551,71
25,30,0,1596,798047,63
25,30,0,1597,798551,73
25,30,0,1598,799047,62
25,30,0,1599,799551,55
25,30,0,1600,800048,62
25,30,0,1601,800551,71
25,30,0,1602,801047,63
25,30,0,1603,801551,68
25,30,0,1604,802047,69
25,30,0,1605,802551,67
25,30,0,1606,803047,68
25,30,0,1607,803551,87
25,30,0,1608,804047,73
25,30,0,1609,804551,69
25,30,0,1610,805047,63
25,30,0,1611,805551,63
25,30,0,1612,806047,69
25,30,0,1613,806551,71
25,30,0,1614,807048,63
25,30,0,1615,807551,63
25,30,0,1616,808047,72
25,30,0,1617,808551,68
25,30,0,1618,809047,64
25,30,0,1619,809551,69
25,30,0,1620,810047,69
25,30,0,1621,810551,70
25,30,0,1622,811047,71
25,30,0,1623,811551,69
25,30,0,1624,812047,63
25,30,0,1625,812551,71
25,30,0,1626,813047,73
25,30,0,1627,813551,67
25,30,0,1628,814047,68
25,30,0,1629,814551,64
25,30,0,1630,815047,67
25,30,0,1631,815551,69
25,30,0,1632,816047,75
25,30,0,1633,816551,69
25,30,0,1634,817047,63
25,30,0,1635,817551,69
25,30,0,1636,818047,71
25,30,0,1637,818551,71
25,30,0,1638,819047,60
25,30,0,1639,819551,67
25,30,0,1640,820047,69
25,30,0,1641,820551,71
25,30,0,1642,821047,61
25,30,0,1643,821551,71
25,30,0,1644,822047,63
25,30,0,1645,822551,64
25,30,0,1646,823047,69
25,30,0,1647,823551,63
25,30,0,1648,824048,68
25,30,0,1649,824551,71
25,30,0,1650,825047,64
25,30,0,1651,825551,59
25,30,0,1652,826047,73
25,30,0,1653,826551,67
25,30,0,1654,827047,57
25,30,0,1655,827551,69
25,30,0,1656,828047,55
25,30,0,1657,828551,68
25,30,0,1658,829047,59
25,30,0,1659,829551,73
25,30,0,1660,830047,71
25,30,0,1661,830551,69
25,30,0,1662,831047,68
25,30,0,1663,831551,70
25,30,0,1664,832047,63
25,30,0,1665,832551,68
25,30,0,1666,833047,68
25,30,0,1667,833551,62
25,30,0,1668,834047,69
25,30,0,1669,834551,72
25,30,0,1670,835047,59
25,30,0,1671,835551,59
25,30,0,1672,836047,71
25,30,0,1673,836551,67
25,30,0,1674,837047,83
25,30,0,1675,837551,71
25,30,0,1676,838047,67
25,30,0,1677,838551,72
25,30,0,1678,839047,69
25,30,0,1679,839551,70
25,30,0,1680,840047,68
25,30,0,1681,840551,71
25,30,0,1682,841047,62
25,30,0,1683,841551,77
25,30,0,1684,842047,63
25,30,0,1685,842551,68
25,30,0,1686,843047,67
25,30,0,1687,843551,68
25,30,0,1688,844047,68
25,30,0,1689,844551,69
25,30,0,1690,845047,62
25,30,0,1691,845551,70
25,30,0,1692,846047,63
25,30,0,1693,846551,69
25,30,0,1694,847047,62
25,30,0,1695,847551,70
25,30,0,1696,848047,75
25,30,0,1697,848551,69
25,30,0,1698,849047,68
25,30,0,1699,849551,69
25,30,0,1700,850047,63
25,30,0,1701,850551,69
25,30,0,1702,851047,59
25,30,0,1703,851551,83
25,30,0,1704,852047,63
25,30,0,1705,852551,55
25,30,0,1706,853047,73
25,30,0,1707,853551,59
25,30,0,1708,854047,61
25,30,0,1709,854551,63
25,30,0,1710,855047,77
25,30,0,1711,855551,69
25,30,0,1712,856047,83
25,30,0,1713,856551,67
25,30,0,1714,857047,70
25,30,0,1715,857551,74
25,30,0,1716,858047,72
25,30,0,1717,858551,71
25,30,0,1718,859047,69
25,30,0,1719,859551,68
25,30,0,1720,860047,71
25,30,0,1721,860551,71
25,30,0,1722,861047,72
25,30,0,1723,861551,71
25,30,0,1724,862047,69
25,30,0,1725,862551,69
25,30,0,1726,863047,67
25,30,0,1727,863551,54
25,30,0,1728,864047,71
25,30,0,1729,864551,68
25,30,0,1730,865047,53
25,30,0,1731,865551,70
25,30,0,1732,866048,74
25,30,0,1733,866551,63
25,30,0,1734,867047,64
25,30,0,1735,867551,69
25,30,0,1736,868047,73
25,30,0,1737,868551,80
25,30,0,1738,869047,69
25,30,0,1739,869551,81
25,30,0,1740,870047,68
25,30,0,1741,870551,71
25,30,0,1742,871047,51
25,30,0,1743,871551,69
25,30,0,1744,872047,69
25,30,0,1745,872551,71
25,30,0,1746,873047,64
25,30,0,1747,873551,69
25,30,0,1748,874048,63
25,30,0,1749,874551,69
25,30,0,1750,875047,69
25,30,0,1751,875551,70
25,30,0,1752,876047,68
25,30,0,1753,876551,71
25,30,0,1754,877047,85
25,30,0,1755,877551,69
25,30,0,1756,878047,71
25,30,0,1757,878551,63
25,30,0,1758,879047,75
25,30,0,1759,879551,69
25,30,0,1760,880047,64
25,30,0,1761,880551,69
25,30,0,1762,881047,68
25,30,0,1763,881551,71
25,30,0,1764,882047,69
25,30,0,1765,882551,69
25,30,0,1766,883048,69
25,30,0,1767,883551,73
25,30,0,1768,884048,69
25,30,0,1769,884551,69
25,30,0,1770,885048,61
25,30,0,1771,885551,73
25,30,0,1772,886047,75
25,30,0,1773,886551,63
25,30,0,1774,887047,71
25,30,0,1775,887551,69
25,30,0,1776,888048,71
25,30,0,1777,888552,71
25,30,0,1778,889048,69
25,30,0,1779,889552,73
25,30,0,1780,890047,67
25,30,0,1781,890552,70
25,30,0,1782,891047,69
25,30,0,1783,891552,72
25,30,0,1784,892047,71
25,30,0,1785,892552,71
25,30,0,1786,893047,61
25,30,0,1787,893552,68
25,30,0,1788,894047,70
25,30,0,1789,894552,72
25,30,0,1790,895047,70
25,30,0,1791,895552,69
25,30,0,1792,896047,62
25,30,0,1793,896552,71
25,30,0,1794,897047,73
25,30,0,1795,897552,63
25,30,0,1796,898047,68
25,30,0,1797,898552,68
25,30,0,1798,899047,73
25,30,0,1799,899552,67
25,30,0,1800,900047,60
25,30,0,1801,900552,71
25,30,0,1802,901047,69
25,30,0,1803,901552,68
25,30,0,1804,902047,68
25,30,0,1805,902552,60
25,30,0,1806,903047,63
25,30,0,1807,903552,68
25,30,0,1808,904047,69
25,30,0,1809,904552,71
25,30,0,1810,905047,71
25,30,0,1811,905552,69
25,30,0,1812,906047,63
25,30,0,1813,906552,70
25,30,0,1814,907047,71
25,30,0,1815,907552,70
25,30,0,1816,908047,63
25,30,0,1817,908552,71
25,30,0,1818,909047,69
25,30,0,1819,909552,71
25,30,0,1820,910047,59
25,30,0,1821,910552,71
25,30,0,1822,911047,68
25,30,0,1823,911552,71
25,30,0,1824,912047,73
25,30,0,1825,912552,62
25,30,0,1826,913047,72
25,30,0,1827,913552,71
25,30,0,1828,914047,71
25,30,0,1829,914552,68
25,30,0,1830,915047,70
25,30,0,1831,915552,64
25,30,0,1832,916047,67
25,30,0,1833,916552,63
25,30,0,1834,917047,71
25,30,0,1835,917552,72
25,30,0,1836,918047,71
25,30,0,1837,918552,71
25,30,0,1838,919047,68
25,30,0,1839,919552,71
25,30,0,1840,920047,70
25,30,0,1841,920552,71
25,30,0,1842,921047,71
25,30,0,1843,921552,71
25,30,0,1844,922047,71
25,30,0,1845,922552,69
25,30,0,1846,923047,76
25,30,0,1847,923552,71
25,30,0,1848,924047,67
25,30,0,1849,924552,71
25,30,0,1850,925047,72
25,30,0,1851,925552,71
25,30,0,1852,926047,72
25,30,0,1853,926551,70
25,30,0,1854,927047,71
25,30,0,1855,927551,48
25,30,0,1856,928047,61
25,30,0,1857,928551,70
25,30,0,1858,929047,71
25,30,0,1859,929551,71
25,30,0,1860,930048,63
25,30,0,1861,930551,71
25,30,0,1862,931048,69
25,30,0,1863,931551,63
25,30,0,1864,932047,71
25,30,0,1865,932551,85
25,30,0,1866,933047,69
25,30,0,1867,933551,69
25,30,0,1868,934047,78
25,30,0,1869,934551,72
25,30,0,1870,935047,69
25,30,0,1871,935551,67
25,30,0,1872,936047,63
25,30,0,1873,936551,71
25,30,0,1874,937047,63
25,30,0,1875,937551,62
25,30,0,1876,938047,70
25,30,0,1877,938551,69
25,30,0,1878,939047,67
25,30,0,1879,939551,63
25,30,0,1880,940047,67
25,30,0,1881,940551,71
25,30,0,1882,941047,69
25,30,0,1883,941551,64
25,30,0,1884,942047,63
25,30,0,1885,942551,68
25,30,0,1886,943047,59
25,30,0,1887,943551,70
25,30,0,1888,944047,69
25,30,0,1889,944551,69
25,30,0,1890,945047,62
25,30,0,1891,945551,73
25,30,0,1892,946047,73
25,30,0,1893,946551,69
25,30,0,1894,947047,73
25,30,0,1895,947551,69
25,30,0,1896,948047,63
25,30,0,1897,948551,70
25,30,0,1898,949047,71
25,30,0,1899,949551,71
25,30,0,1900,950047,67
25,30,0,1901,950551,74
25,30,0,1902,951047,69
25,30,0,1903,951551,70
25,30,0,1904,952047,72
25,30,0,1905,952551,57
25,30,0,1906,953047,63
25,30,0,1907,953551,69
25,30,0,1908,954047,69
25,30,0,1909,954551,69
25,30,0,1910,955047,64
25,30,0,1911,955551,68
25,30,0,1912,956047,69
25,30,0,1913,956551,70
25,30,0,1914,957047,69
25,30,0,1915,957551,63
25,30,0,1916,958047,51
25,30,0,1917,958551,73
25,30,0,1918,959048,62
25,30,0,1919,959552,68
25,30,0,1920,960048,69
25,30,0,1921,960552,67
25,30,0,1922,961048,63
25,30,0,1923,961551,69
25,30,0,1924,962047,61
25,30,0,1925,962551,75
25,30,0,1926,963047,69
25,30,0,1927,963551,67
25,30,0,1928,964047,62
25,30,0,1929,964551,59
25,30,0,1930,965048,69
25,30,0,1931,965551,72
25,30,0,1932,966048,69
25,30,0,1933,966551,60
25,30,0,1934,967047,63
25,30,0,1935,967551,63
25,30,0,1936,968047,47
25,30,0,1937,968551,60
25,30,0,1938,969047,69
25,30,0,1939,969551,68
25,30,0,1940,970047,60
25,30,0,1941,970551,61
25,30,0,1942,971047,63
25,30,0,1943,971551,46
25,30,0,1944,972047,63
25,30,0,1945,972551,69
25,30,0,1946,973047,69
25,30,0,1947,973551,61
25,30,0,1948,974047,69
25,30,0,1949,974551,67
25,30,0,1950,975047,67
25,30,0,1951,975551,67
25,30,0,1952,976047,71
25,30,0,1953,976551,63
25,30,0,1954,977048,70
25,30,0,1955,977551,68
25,30,0,1956,978047,69
25,30,0,1957,978551,69
25,30,0,1958,979047,75
25,30,0,1959,979551,63
25,30,0,1960,980047,62
25,30,0,1961,980551,71
25,30,0,1962,981047,71
25,30,0,1963,981551,69
25,30,0,1964,982047,72
25,30,0,1965,982551,71
25,30,0,1966,983048,69
25,30,0,1967,983551,71
25,30,0,1968,984047,70
25,30,0,1969,984551,74
25,30,0,1970,985048,63
25,30,0,1971,985551,67
25,30,0,1972,986047,63
25,30,0,1973,986551,72
25,30,0,1974,987047,74
25,30,0,1975,987551,69
25,30,0,1976,988047,67
25,30,0,1977,988551,63
25,30,0,1978,989047,68
25,30,0,1979,989551,75
25,30,0,1980,990047,68
25,30,0,1981,990551,71
25,30,0,1982,991047,69
25,30,0,1983,991551,70
25,30,0,1984,992047,69
25,30,0,1985,992551,63
25,30,0,1986,993047,61
25,30,0,1987,993551,69
25,30,0,1988,994047,62
25,30,0,1989,994551,75
25,30,0,1990,995048,69
25,30,0,1991,995552,73
25,30,0,1992,996047,63
25,30,0,1993,996551,63
25,30,0,1994,997047,64
25,30,0,1995,997551,63
25,30,0,1996,998047,61
25,30,0,1997,998551,63
25,30,0,1998,999047,62
25,30,0,1999,999551,63
25,30,1,0,48,63
25,30,1,1,547,68
25,30,1,2,1047,71
25,30,1,3,1547,71
25,30,1,4,2047,73
25,30,1,5,2547,67
25,30,1,6,3047,71
25,30,1,7,3547,77
25,30,1,8,4047,68
25,30,1,9,4547,71
25,30,1,10,5047,69
25,30,1,11,5547,69
25,30,1,12,6047,63
25,30,1,13,6547,63
25,30,1,14,7047,71
25,30,1,15,7547,83
25,30,1,16,8047,69
25,30,1,17,8547,62
25,30,1,18,9047,68
25,30,1,19,9547,69
25,30,1,20,10047,63
25,30,1,21,10547,63
25,30,1,22,11047,73
25,30,1,23,11547,63
25,30,1,24,12047,63
25,30,1,25,12547,64
25,30,1,26,13047,59
25,30,1,27,13547,67
25,30,1,28,14047,67
25,30,1,29,14547,70
25,30,1,30,15047,61
25,30,1,31,15547,63
25,30,1,32,16047,69
25,30,1,33,16547,63
25,30,1,34,17047,62
25,30,1,35,17547,69
25,30,1,36,18047,62
25,30,1,37,18547,67
25,30,1,38,19047,63
25,30,1,39,19547,71
25,30,1,40,20047,56
25,30,1,41,20547,62
25,30,1,42,21047,63
25,30,1,43,21547,63
25,30,1,44,22047,63
25,30,1,45,22547,69
25,30,1,46,23047,71
25,30,1,47,23547,56
25,30,1,48,24047,61
25,30,1,49,24547,68
25,30,1,50,25047,63
25,30,1,51,25547,61
25,30,1,52,26047,69
25,30,1,53,26547,59
25,30,1,54,27047,63
25,30,1,55,27547,71
25,30,1,56,28047,69
25,30,1,57,28547,61
25,30,1,58,29047,71
25,30,1,59,29547,73
25,30,1,60,30047,69
25,30,1,61,30547,67
25,30,1,62,31047,63
25,30,1,63,31547,71
25,30,1,64,32047,71
25,30,1,65,32547,72
25,30,1,66,33047,71
25,30,1,67,33547,70
25,30,1,68,34047,59
25,30,1,69,34547,73
25,30,1,70,35047,63
25,30,1,71,35547,69
25,30,1,72,36047,81
25,30,1,73,36547,61
25,30,1,74,37047,63
25,30,1,75,37547,63
25,30,1,76,38047,71
25,30,1,77,38547,78
25,30,1,78,39047,70
25,30,1,79,39547,69
25,30,1,80,40047,71
25,30,1,81,40547,71
25,30,1,82,41047,71
25,30,1,83,41547,71
25,30,1,84,42047,91
25,30,1,85,42547,71
25,30,1,86,43047,73
25,30,1,87,43547,58
25,30,1,88,44047,68
25,30,1,89,44547,67
25,30,1,90,45047,71
25,30,1,91,45547,69
25,30,1,92,46047,68
25,30,1,93,46547,68
25,30,1,94,47047,63
25,30,1,95,47547,70
25,30,1,96,48047,72
25,30,1,97,48547,69
25,30,1,98,49047,63
25,30,1,99,49547,69
25,30,1,100,50047,67
25,30,1,101,50547,61
25,30,1,102,51047,63
25,30,1,103,51547,59
25,30,1,104,52047,63
25,30,1,105,52547,67
25,30,1,106,53047,73
25,30,1,107,53547,67
25,30,1,108,54047,69
25,30,1,109,54547,73
25,30,1,110,55047,71
25,30,1,111,55547,71
25,30,1,112,56047,59
25,30,1,113,56547,63
25,30,1,114,57047,71
25,30,1,115,57547,69
25,30,1,116,58047,63
25,30,1,117,58547,71
25,30,1,118,59047,70
25,30,1,119,59547,69
25,30,1,120,60047,69
25,30,1,121,60547,69
25,30,1,122,61047,63
25,30,1,123,61547,69
25,30,1,124,62047,59
25,30,1,125,62547,63
25,30,1,126,63047,71
25,30,1,127,63547,71
25,30,1,128,64047,69
25,30,1,129,64547,71
25,30,1,130,65047,63
25,30,1,131,65547,77
25,30,1,132,66047,60
25,30,1,133,66547,72
25,30,1,134,67047,63
25,30,1,135,67547,68
25,30,1,136,68047,61
25,30,1,137,68547,63
25,30,1,138,69047,69
25,30,1,139,69547,63
25,30,1,140,70047,63
25,30,1,141,70547,61
25,30,1,142,71047,68
25,30,1,143,71547,69
25,30,1,144,72047,68
25,30,1,145,72547,69
25,30,1,146,73047,71
25,30,1,147,73547,61
25,30,1,148,74047,69
25,30,1,149,74547,68
25,30,1,150,75047,62
25,30,1,151,75547,68
25,30,1,152,76047,67
25,30,1,153,76547,57
25,30,1,154,77047,85
25,30,1,155,77547,70
25,30,1,156,78047,59
25,30,1,157,78547,64
25,30,1,158,79047,69
25,30,1,159,79547,71
25,30,1,160,80047,69
25,30,1,161,80547,62
25,30,1,162,81047,69
25,30,1,163,81547,71
25,30,1,164,82047,70
25,30,1,165,82547,72
25,30,1,166,83047,69
25,30,1,167,83547,70
25,30,1,168,84047,71
25,30,1,169,84547,73
25,30,1,170,85047,69
25,30,1,171,85547,69
25,30,1,172,86047,83
25,30,1,173,86547,71
25,30,1,174,87047,71
25,30,1,175,87547,75
25,30,1,176,88047,71
25,30,1,177,88547,75
25,30,1,178,89047,73
25,30,1,179,89547,71
25,30,1,180,90047,81
25,30,1,181,90547,71
25,30,1,182,91047,71
25,30,1,183,91547,72
25,30,1,184,92047,68
25,30,1,185,92547,77
25,30,1,186,93047,69
25,30,1,187,93547,67
25,30,1,188,94047,67
25,30,1,189,94547,72
25,30,1,190,95047,61
25,30,1,191,95547,60
25,30,1,192,96047,55
25,30,1,193,96547,70
25,30,1,194,97047,69
25,30,1,195,97547,75
25,30,1,196,98047,71
25,30,1,197,98547,73
25,30,1,198,99047,69
25,30,1,199,99547,69
25,30,1,200,100047,73
25,30,1,201,100547,73
25,30,1,202,101047,71
25,30,1,203,101547,71
25,30,1,204,102047,70
25,30,1,205,102547,69
25,30,1,206,103047,73
25,30,1,207,103547,73
25,30,1,208,104047,68
25,30,1,209,104547,69
25,30,1,210,105047,70
25,30,1,211,105547,75
25,30,1,212,106047,77
25,30,1,213,106547,69
25,30,1,214,107047,71
25,30,1,215,107547,59
25,30,1,216,108047,70
25,30,1,217,108547,74
25,30,1,218,109047,69
25,30,1,219,109547,70
25,30,1,220,110047,71
25,30,1,221,110547,62
25,30,1,222,111047,63
25,30,1,223,111547,69
25,30,1,224,112047,69
25,30,1,225,112547,62
25,30,1,226,113047,69
25,30,1,227,113547,75
25,30,1,228,114047,69
25,30,1,229,114547,71
25,30,1,230,115047,72
25,30,1,231,115547,72
25,30,1,232,116047,70
25,30,1,233,116547,67
25,30,1,234,117047,71
25,30,1,235,117547,71
25,30,1,236,118047,71
25,30,1,237,118547,71
25,30,1,238,119047,69
25,30,1,239,119547,69
25,30,1,240,120047,72
25,30,1,241,120547,69
25,30,1,242,121047,84
25,30,1,243,121547,71
25,30,1,244,122047,71
25,30,1,245,122547,73
25,30,1,246,123047,69
25,30,1,247,123547,71
25,30,1,248,124047,71
25,30,1,249,124547,73
25,30,1,250,125047,68
25,30,1,251,125547,71
25,30,1,252,126047,72
25,30,1,253,126547,71
25,30,1,254,127047,68
25,30,1,255,127547,69
25,30,1,256,128047,63
25,30,1,257,128547,75
25,30,1,258,129047,71
25,30,1,259,129547,69
25,30,1,260,130047,61
25,30,1,261,130547,69
25,30,1,262,131047,71
25,30,1,263,131547,71
25,30,1,264,132047,69
25,30,1,265,132547,71
25,30,1,266,133047,69
25,30,1,267,133547,69
25,30,1,268,134047,61
25,30,1,269,134547,69
25,30,1,270,135047,72
25,30,1,271,135547,69
25,30,1,272,136047,59
25,30,1,273,136547,71
25,30,1,274,137047,71
25,30,1,275,137547,69
25,30,1,276,138047,70
25,30,1,277,138547,57
25,30,1,278,139047,71
25,30,1,279,139547,69
25,30,1,280,140047,78
25,30,1,281,140547,70
25,30,1,282,141047,69
25,30,1,283,141547,71
25,30,1,284,142047,69
25,30,1,285,142547,69
25,30,1,286,143047,71
25,30,1,287,143547,91
25,30,1,288,144047,75
25,30,1,289,144547,72
25,30,1,290,145047,61
25,30,1,291,145547,69
25,30,1,292,146047,71
25,30,1,293,146547,67
25,30,1,294,147047,57
25,30,1,295,147547,88
25,30,1,296,148047,63
25,30,1,297,148547,64
25,30,1,298,149047,68
25,30,1,299,149547,71
25,30,1,300,150047,70
25,30,1,301,150547,72
25,30,1,302,151047,67
25,30,1,303,151547,67
25,30,1,304,152047,76
25,30,1,305,152547,61
25,30,1,306,153047,62
25,30,1,307,153547,68
25,30,1,308,154047,71
25,30,1,309,154547,69
25,30,1,310,155047,67
25,30,1,311,155547,68
25,30,1,312,156047,69
25,30,1,313,156547,69
25,30,1,314,157047,72
25,30,1,315,157547,67
25,30,1,316,158047,69
25,30,1,317,158547,69
25,30,1,318,159047,63
25,30,1,319,159547,70
25,30,1,320,160047,71
25,30,1,321,160547,45
25,30,1,322,161047,68
25,30,1,323,161547,68
25,30,1,324,162047,69
25,30,1,325,162547,68
25,30,1,326,163047,71
25,30,1,327,163547,71
25,30,1,328,164047,85
25,30,1,329,164547,63
25,30,1,330,165047,83
25,30,1,331,165547,62
25,30,1,332,166047,71
25,30,1,333,166547,73
25,30,1,334,167047,71
25,30,1,335,167547,69
25,30,1,336,168047,69
25,30,1,337,168547,63
25,30,1,338,169047,69
25,30,1,339,169547,71
25,30,1,340,170047,63
25,30,1,341,170547,71
25,30,1,342,171047,61
25,30,1,343,171547,71
25,30,1,344,172047,72
25,30,1,345,172547,68
25,30,1,346,173047,63
25,30,1,347,173547,59
25,30,1,348,174047,64
25,30,1,349,174547,63
25,30,1,350,175047,69
25,30,1,351,175547,69
25,30,1,352,176047,68
25,30,1,353,176547,67
25,30,1,354,177047,68
25,30,1,355,177547,57
25,30,1,356,178047,71
25,30,1,357,178547,69
25,30,1,358,179047,73
25,30,1,359,179547,69
25,30,1,360,180047,67
25,30,1,361,180547,51
25,30,1,362,181047,69
25,30,1,363,181547,61
25,30,1,364,182047,68
25,30,1,365,182547,62
25,30,1,366,183047,68
25,30,1,367,183547,59
25,30,1,368,184047,72
25,30,1,369,184547,69
25,30,1,370,185047,62
25,30,1,371,185547,68
25,30,1,372,186047,69
25,30,1,373,186547,68
25,30,1,374,187047,57
25,30,1,375,187547,67
25,30,1,376,188047,68
25,30,1,377,188547,63
25,30,1,378,189047,83
25,30,1,379,189547,72
25,30,1,380,190047,63
25,30,1,381,190547,68
25,30,1,382,191047,71
25,30,1,383,191547,62
25,30,1,384,192047,56
25,30,1,385,192547,63
25,30,1,386,193047,73
25,30,1,387,193547,61
25,30,1,388,194047,61
25,30,1,389,194547,71
25,30,1,390,195047,69
25,30,1,391,195547,69
25,30,1,392,196047,69
25,30,1,393,196547,55
25,30,1,394,197047,69
25,30,1,395,197547,53
25,30,1,396,198047,69
25,30,1,397,198547,71
25,30,1,398,199047,71
25,30,1,399,199547,67
25,30,1,400,200047,69
25,30,1,401,200547,71
25,30,1,402,201047,71
25,30,1,403,201547,69
25,30,1,404,202047,71
25,30,1,405,202547,71
25,30,1,406,203047,74
25,30,1,407,203547,71
25,30,1,408,204047,69
25,30,1,409,204547,58
25,30,1,410,205047,71
25,30,1,411,205547,71
25,30,1,412,206047,69
25,30,1,413,206547,69
25,30,1,414,207047,61
25,30,1,415,207547,72
25,30,1,416,208047,63
25,30,1,417,208547,71
25,30,1,418,209047,69
25,30,1,419,209547,69
25,30,1,420,210047,67
25,30,1,421,210547,69
25,30,1,422,211047,62
25,30,1,423,211547,61
25,30,1,424,212047,63
25,30,1,425,212547,74
25,30,1,426,213047,60
25,30,1,427,213547,71
25,30,1,428,214047,63
25,30,1,429,214547,67
25,30,1,430,215047,61
25,30,1,431,215547,63
25,30,1,432,216047,72
25,30,1,433,216547,59
25,30,1,434,217047,72
25,30,1,435,217547,63
25,30,1,436,218047,61
25,30,1,437,218547,57
25,30,1,438,219047,67
25,30,1,439,219547,63
25,30,1,440,220047,63
25,30,1,441,220547,63
25,30,1,442,221047,69
25,30,1,443,221547,69
25,30,1,444,222047,63
25,30,1,445,222547,69
25,30,1,446,223047,67
25,30,1,447,223547,73
25,30,1,448,224047,75
25,30,1,449,224547,73
25,30,1,450,225047,60
25,30,1,451,225547,75
25,30,1,452,226047,73
25,30,1,453,226547,69
25,30,1,454,227047,70
25,30,1,455,227547,69
25,30,1,456,228047,77
25,30,1,457,228547,69
25,30,1,458,229047,72
25,30,1,459,229547,71
25,30,1,460,230047,71
25,30,1,461,230547,71
25,30,1,462,231047,70
25,30,1,463,231547,77
25,30,1,464,232047,59
25,30,1,465,232547,70
25,30,1,466,233047,71
25,30,1,467,233547,71
25,30,1,468,234047,72
25,30,1,469,234547,71
25,30,1,470,235047,69
25,30,1,471,235547,71
25,30,1,472,236047,55
25,30,1,473,236547,69
25,30,1,474,237047,71
25,30,1,475,237547,79
25,30,1,476,238047,73
25,30,1,477,238547,71
25,30,1,478,239047,73
25,30,1,479,239547,57
25,30,1,480,240047,69
25,30,1,481,240547,87
25,30,1,482,241047,74
25,30,1,483,241547,73
25,30,1,484,242047,71
25,30,1,485,242547,73
25,30,1,486,243047,70
25,30,1,487,243547,69
25,30,1,488,244047,73
25,30,1,489,244547,69
25,30,1,490,245047,72
25,30,1,491,245547,71
25,30,1,492,246047,69
25,30,1,493,246547,72
25,30,1,494,247047,71
25,30,1,495,247547,84
25,30,1,496,248047,71
25,30,1,497,248547,69
25,30,1,498,249047,69
25,30,1,499,249547,69
25,30,1,500,250047,79
25,30,1,501,250547,70
25,30,1,502,251047,68
25,30,1,503,251547,61
25,30,1,504,252047,67
25,30,1,505,252547,62
25,30,1,506,253047,61
25,30,1,507,253547,71
25,30,1,508,254047,69
25,30,1,509,254547,63
25,30,1,510,255047,61
25,30,1,511,255547,71
25,30,1,512,256047,67
25,30,1,513,256547,59
25,30,1,514,257047,67
25,30,1,515,257547,70
25,30,1,516,258047,67
25,30,1,517,258547,63
25,30,1,518,259047,67
25,30,1,519,259547,69
25,30,1,520,260047,71
25,30,1,521,260547,63
25,30,1,522,261047,71
25,30,1,523,261547,71
25,30,1,524,262047,71
25,30,1,525,262547,69
25,30,1,526,263047,71
25,30,1,527,263547,69
25,30,1,528,264047,71
25,30,1,529,264547,73
25,30,1,530,265047,75
25,30,1,531,265547,83
25,30,1,532,266047,67
25,30,1,533,266547,72
25,30,1,534,267047,71
25,30,1,535,267547,68
25,30,1,536,268047,63
25,30,1,537,268547,73
25,30,1,538,269047,72
25,30,1,539,269547,70
25,30,1,540,270047,75
25,30,1,541,270547,70
25,30,1,542,271047,71
25,30,1,543,271547,73
25,30,1,544,272047,73
25,30,1,545,272547,70
25,30,1,546,273047,62
25,30,1,547,273547,73
25,30,1,548,274047,72
25,30,1,549,274547,69
25,30,1,550,275047,69
25,30,1,551,275547,71
25,30,1,552,276047,69
25,30,1,553,276547,69
25,30,1,554,277047,71
25,30,1,555,277547,69
25,30,1,556,278047,72
25,30,1,557,278547,61
25,30,1,558,279047,71
25,30,1,559,279547,73
25,30,1,560,280047,75
25,30,1,561,280547,70
25,30,1,562,281047,70
25,30,1,563,281547,61
25,30,1,564,282047,68
25,30,1,565,282547,69
25,30,1,566,283047,58
25,30,1,567,283547,62
25,30,1,568,284047,67
25,30,1,569,284547,72
25,30,1,570,285047,63
25,30,1,571,285547,68
25,30,1,572,286047,63
25,30,1,573,286547,68
25,30,1,574,287047,70
25,30,1,575,287547,61
25,30,1,576,288047,69
25,30,1,577,288547,69
25,30,1,578,289047,59
25,30,1,579,289547,71
25,30,1,580,290047,69
25,30,1,581,290547,68
25,30,1,582,291047,62
25,30,1,583,291547,69
25,30,1,584,292047,59
25,30,1,585,292547,69
25,30,1,586,293047,69
25,30,1,587,293547,71
25,30,1,588,294047,69
25,30,1,589,294547,72
25,30,1,590,295047,69
25,30,1,591,295547,68
25,30,1,592,296047,87
25,30,1,593,296547,63
25,30,1,594,297047,63
25,30,1,595,297547,62
25,30,1,596,298047,63
25,30,1,597,298547,67
25,30,1,598,299047,67
25,30,1,599,299547,63
25,30,1,600,300047,63
25,30,1,601,300547,68
25,30,1,602,301047,63
25,30,1,603,301547,68
25,30,1,604,302047,63
25,30,1,605,302547,68
25,30,1,606,303047,68
25,30,1,607,303547,63
25,30,1,608,304047,61
25,30,1,609,304547,63
25,30,1,610,305047,61
25,30,1,611,305547,63
25,30,1,612,306047,69
25,30,1,613,306547,70
25,30,1,614,307047,71
25,30,1,615,307547,69
25,30,1,616,308047,81
25,30,1,617,308547,73
25,30,1,618,309047,67
25,30,1,619,309547,68
25,30,1,620,310047,71
25,30,1,621,310547,73
25,30,1,622,311047,68
25,30,1,623,311547,71
25,30,1,624,312047,69
25,30,1,625,312547,63
25,30,1,626,313047,73
25,30,1,627,313547,71
25,30,1,628,314047,71
25,30,1,629,314547,71
25,30,1,630,315047,70
25,30,1,631,315547,71
25,30,1,632,316047,73
25,30,1,633,316547,73
25,30,1,634,317047,54
25,30,1,635,317547,73
25,30,1,636,318047,73
25,30,1,637,318547,63
25,30,1,638,319047,71
25,30,1,639,319547,63
25,30,1,640,320047,70
25,30,1,641,320547,72
25,30,1,642,321047,57
25,30,1,643,321547,70
25,30,1,644,322047,67
25,30,1,645,322547,74
25,30,1,646,323047,71
25,30,1,647,323547,73
25,30,1,648,324047,68
25,30,1,649,324547,45
25,30,1,650,325047,71
25,30,1,651,325547,73
25,30,1,652,326047,62
25,30,1,653,326547,67
25,30,1,654,327047,63
25,30,1,655,327547,63
25,30,1,656,328047,71
25,30,1,657,328547,69
25,30,1,658,329047,58
25,30,1,659,329547,71
25,30,1,660,330047,69
25,30,1,661,330547,69
25,30,1,662,331047,68
25,30,1,663,331547,62
25,30,1,664,332047,69
25,30,1,665,332547,64
25,30,1,666,333047,72
25,30,1,667,333547,71
25,30,1,668,334047,67
25,30,1,669,334547,70
25,30,1,670,335047,68
25,30,1,671,335547,72
25,30,1,672,336047,61
25,30,1,673,336547,70
25,30,1,674,337047,81
25,30,1,675,337547,71
25,30,1,676,338047,72
25,30,1,677,338547,74
25,30,1,678,339047,71
25,30,1,679,339547,68
25,30,1,680,340047,73
25,30,1,681,340547,73
25,30,1,682,341047,71
25,30,1,683,341547,72
25,30,1,684,342047,71
25,30,1,685,342547,72
25,30,1,686,343047,79
25,30,1,687,343547,71
25,30,1,688,344047,71
25,30,1,689,344547,73
25,30,1,690,345047,69
25,30,1,691,345547,72
25,30,1,692,346047,71
25,30,1,693,346547,69
25,30,1,694,347047,63
25,30,1,695,347547,69
25,30,1,696,348047,69
25,30,1,697,348547,68
25,30,1,698,349047,69
25,30,1,699,349547,69
25,30,1,700,350047,68
25,30,1,701,350547,63
25,30,1,702,351047,69
25,30,1,703,351547,61
25,30,1,704,352047,71
25,30,1,705,352547,67
25,30,1,706,353047,71
25,30,1,707,353547,58
25,30,1,708,354047,67
25,30,1,709,354547,69
25,30,1,710,355047,68
25,30,1,711,355547,63
25,30,1,712,356047,69
25,30,1,713,356547,67
25,30,1,714,357047,71
25,30,1,715,357547,63
25,30,1,716,358047,62
25,30,1,717,358547,68
25,30,1,718,359047,69
25,30,1,719,359547,68
25,30,1,720,360047,69
25,30,1,721,360547,69
25,30,1,722,361047,69
25,30,1,723,361547,68
25,30,1,724,362047,63
25,30,1,725,362547,70
25,30,1,726,363047,70
25,30,1,727,363547,69
25,30,1,728,364047,58
25,30,1,729,364547,76
25,30,1,730,365047,61
25,30,1,731,365547,69
25,30,1,732,366047,69
25,30,1,733,366547,64
25,30,1,734,367047,63
25,30,1,735,367547,63
25,30,1,736,368047,71
25,30,1,737,368547,63
25,30,1,738,369047,69
25,30,1,739,369547,71
25,30,1,740,370047,71
25,30,1,741,370547,69
25,30,1,742,371047,69
25,30,1,743,371547,89
25,30,1,744,372047,67
25,30,1,745,372547,69
25,30,1,746,373047,71
25,30,1,747,373547,73
25,30,1,748,374047,70
25,30,1,749,374547,71
25,30,1,750,375047,71
25,30,1,751,375547,73
25,30,1,752,376047,71
25,30,1,753,376547,74
25,30,1,754,377047,72
25,30,1,755,377547,71
25,30,1,756,378047,71
25,30,1,757,378547,72
25,30,1,758,379047,73
25,30,1,759,379547,73
25,30,1,760,380047,69
25,30,1,761,380547,75
25,30,1,762,381047,71
25,30,1,763,381547,72
25,30,1,764,382047,74
25,30,1,765,382547,73
25,30,1,766,383047,71
25,30,1,767,383547,69
25,30,1,768,384047,72
25,30,1,769,384547,72
25,30,1,770,385047,63
25,30,1,771,385547,70
25,30,1,772,386047,73
25,30,1,773,386547,71
25,30,1,774,387047,71
25,30,1,775,387547,71
25,30,1,776,388047,63
25,30,1,777,388547,67
25,30,1,778,389047,72
25,30,1,779,389547,69
25,30,1,780,390047,69
25,30,1,781,390547,63
25,30,1,782,391047,62
25,30,1,783,391547,71
25,30,1,784,392047,69
25,30,1,785,392547,51
25,30,1,786,393047,60
25,30,1,787,393547,61
25,30,1,788,394047,69
25,30,1,789,394547,63
25,30,1,790,395047,63
25,30,1,791,395547,69
25,30,1,792,396047,71
25,30,1,793,396547,61
25,30,1,794,397047,63
25,30,1,795,397547,69
25,30,1,796,398047,68
25,30,1,797,398547,63
25,30,1,798,399047,67
25,30,1,799,399547,71
25,30,1,800,400047,69
25,30,1,801,400547,53
25,30,1,802,401047,61
25,30,1,803,401547,72
25,30,1,804,402047,73
25,30,1,805,402547,63
25,30,1,806,403047,73
25,30,1,807,403547,71
25,30,1,808,404047,63
25,30,1,809,404547,71
25,30,1,810,405047,72
25,30,1,811,405547,69
25,30,1,812,406047,71
25,30,1,813,406547,76
25,30,1,814,407047,69
25,30,1,815,407547,69
25,30,1,816,408047,76
25,30,1,817,408547,72
25,30,1,818,409047,74
25,30,1,819,409547,69
25,30,1,820,410047,74
25,30,1,821,410547,72
25,30,1,822,411047,70
25,30,1,823,411547,63
25,30,1,824,412047,75
25,30,1,825,412547,73
25,30,1,826,413047,72
25,30,1,827,413547,63
25,30,1,828,414047,73
25,30,1,829,414547,85
25,30,1,830,415047,69
25,30,1,831,415547,73
25,30,1,832,416047,72
25,30,1,833,416547,78
25,30,1,834,417047,73
25,30,1,835,417547,69
25,30,1,836,418047,74
25,30,1,837,418547,63
25,30,1,838,419047,74
25,30,1,839,419547,67
25,30,1,840,420047,69
25,30,1,841,420547,62
25,30,1,842,421047,71
25,30,1,843,421547,69
25,30,1,844,422047,68
25,30,1,845,422547,70
25,30,1,846,423047,70
25,30,1,847,423547,63
25,30,1,848,424047,70
25,30,1,849,424547,69
25,30,1,850,425047,63
25,30,1,851,425547,69
25,30,1,852,426047,69
25,30,1,853,426547,67
25,30,1,854,427047,69
25,30,1,855,427547,69
25,30,1,856,428047,63
25,30,1,857,428547,63
25,30,1,858,429047,67
25,30,1,859,429547,61
25,30,1,860,430047,68
25,30,1,861,430547,63
25,30,1,862,431047,69
25,30,1,863,431547,70
25,30,1,864,432047,69
25,30,1,865,432547,63
25,30,1,866,433047,63
25,30,1,867,433547,60
25,30,1,868,434047,67
25,30,1,869,434547,61
25,30,1,870,435047,61
25,30,1,871,435547,63
25,30,1,872,436047,62
25,30,1,873,436547,69
25,30,1,874,437047,54
25,30,1,875,437547,69
25,30,1,876,438047,70
25,30,1,877,438547,69
25,30,1,878,439047,67
25,30,1,879,439547,62
25,30,1,880,440047,71
25,30,1,881,440547,59
25,30,1,882,441047,71
25,30,1,883,441547,69
25,30,1,884,442047,59
25,30,1,885,442547,63
25,30,1,886,443047,68
25,30,1,887,443547,67
25,30,1,888,444047,62
25,30,1,889,444547,70
25,30,1,890,445047,69
25,30,1,891,445547,71
25,30,1,892,446047,69
25,30,1,893,446547,73
25,30,1,894,447047,60
25,30,1,895,447547,68
25,30,1,896,448047,71
25,30,1,897,448547,73
25,30,1,898,449047,67
25,30,1,899,449547,69
25,30,1,900,450047,71
25,30,1,901,450547,72
25,30,1,902,451047,67
25,30,1,903,451547,69
25,30,1,904,452047,69
25,30,1,905,452547,64
25,30,1,906,453047,68
25,30,1,907,453547,69
25,30,1,908,454047,68
25,30,1,909,454547,60
25,30,1,910,455047,63
25,30,1,911,455547,69
25,30,1,912,456047,71
25,30,1,913,456547,63
25,30,1,914,457047,63
25,30,1,915,457547,71
25,30,1,916,458047,68
25,30,1,917,458547,69
25,30,1,918,459047,71
25,30,1,919,459547,67
25,30,1,920,460047,71
25,30,1,921,460547,74
25,30,1,922,461047,71
25,30,1,923,461547,70
25,30,1,924,462047,57
25,30,1,925,462547,75
25,30,1,926,463047,71
25,30,1,927,463547,69
25,30,1,928,464047,71
25,30,1,929,464547,71
25,30,1,930,465047,71
25,30,1,931,465547,64
25,30,1,932,466047,69
25,30,1,933,466547,72
25,30,1,934,467047,71
25,30,1,935,467547,69
25,30,1,936,468047,70
25,30,1,937,468547,73
25,30,1,938,469047,73
25,30,1,939,469547,72
25,30,1,940,470047,70
25,30,1,941,470547,71
25,30,1,942,471047,79
25,30,1,943,471547,71
25,30,1,944,472047,73
25,30,1,945,472547,69
25,30,1,946,473047,64
25,30,1,947,473547,69
25,30,1,948,474047,73
25,30,1,949,474547,61
25,30,1,950,475047,87
25,30,1,951,475547,67
25,30,1,952,476047,71
25,30,1,953,476547,73
25,30,1,954,477047,69
25,30,1,955,477547,71
25,30,1,956,478047,70
25,30,1,957,478547,73
25,30,1,958,479047,69
25,30,1,959,479547,69
25,30,1,960,480047,75
25,30,1,961,480547,68
25,30,1,962,481047,70
25,30,1,963,481547,71
25,30,1,964,482047,68
25,30,1,965,482547,68
25,30,1,966,483047,67
25,30,1,967,483547,67
25,30,1,968,484047,69
25,30,1,969,484547,69
25,30,1,970,485047,70
25,30,1,971,485547,70
25,30,1,972,486047,52
25,30,1,973,486547,69
25,30,1,974,487047,69
25,30,1,975,487547,63
25,30,1,976,488047,69
25,30,1,977,488547,73
25,30,1,978,489047,71
25,30,1,979,489547,63
25,30,1,980,490047,69
25,30,1,981,490547,86
25,30,1,982,491047,60
25,30,1,983,491547,70
25,30,1,984,492047,63
25,30,1,985,492547,61
25,30,1,986,493047,77
25,30,1,987,493547,69
25,30,1,988,494047,72
25,30,1,989,494547,68
25,30,1,990,495047,72
25,30,1,991,495547,56
25,30,1,992,496047,63
25,30,1,993,496547,63
25,30,1,994,497047,69
25,30,1,995,497547,56
25,30,1,996,498047,57
25,30,1,997,498547,40
25,30,1,998,499047,63
25,30,1,999,499547,61
25,30,1,1000,500047,43
25,30,1,1001,500547,61
25,30,1,1002,501047,56
25,30,1,1003,501547,61
25,30,1,1004,502047,56
25,30,1,1005,502547,61
25,30,1,1006,503047,57
25,30,1,1007,503547,61
25,30,1,1008,504047,71
25,30,1,1009,504547,59
25,30,1,1010,505047,68
25,30,1,1011,505547,59
25,30,1,1012,506047,61
25,30,1,1013,506547,68
25,30,1,1014,507047,60
25,30,1,1015,507547,68
25,30,1,1016,508047,69
25,30,1,1017,508547,67
25,30,1,1018,509047,63
25,30,1,1019,509547,72
25,30,1,1020,510047,67
25,30,1,1021,510547,69
25,30,1,1022,511047,69
25,30,1,1023,511547,70
25,30,1,1024,512047,71
25,30,1,1025,512547,71
25,30,1,1026,513047,68
25,30,1,1027,513547,73
25,30,1,1028,514047,70
25,30,1,1029,514547,69
25,30,1,1030,515047,68
25,30,1,1031,515547,73
25,30,1,1032,516047,71
25,30,1,1033,516547,67
25,30,1,1034,517047,69
25,30,1,1035,517547,70
25,30,1,1036,518047,69
25,30,1,1037,518547,68
25,30,1,1038,519047,70
25,30,1,1039,519547,69
25,30,1,1040,520047,71
25,30,1,1041,520547,69
25,30,1,1042,521047,78
25,30,1,1043,521547,73
25,30,1,1044,522047,72
25,30,1,1045,522547,71
25,30,1,1046,523047,70
25,30,1,1047,523547,57
25,30,1,1048,524047,70
25,30,1,1049,524547,69
25,30,1,1050,525047,73
25,30,1,1051,525547,71
25,30,1,1052,526047,71
25,30,1,1053,526547,61
25,30,1,1054,527047,71
25,30,1,1055,527547,69
25,30,1,1056,528047,69
25,30,1,1057,528547,70
25,30,1,1058,529047,71
25,30,1,1059,529547,69
25,30,1,1060,530047,71
25,30,1,1061,530547,71
25,30,1,1062,531047,62
25,30,1,1063,531547,71
25,30,1,1064,532047,75
25,30,1,1065,532547,61
25,30,1,1066,533047,71
25,30,1,1067,533547,73
25,30,1,1068,534047,71
25,30,1,1069,534547,70
25,30,1,1070,535047,70
25,30,1,1071,535547,71
25,30,1,1072,536047,69
25,30,1,1073,536547,69
25,30,1,1074,537047,69
25,30,1,1075,537547,55
25,30,1,1076,538047,69
25,30,1,1077,538547,71
25,30,1,1078,539047,76
25,30,1,1079,539547,69
25,30,1,1080,540047,63
25,30,1,1081,540547,69
25,30,1,1082,541047,73
25,30,1,1083,541547,69
25,30,1,1084,542047,63
25,30,1,1085,542547,71
25,30,1,1086,543047,69
25,30,1,1087,543547,69
25,30,1,1088,544047,63
25,30,1,1089,544547,69
25,30,1,1090,545047,69
25,30,1,1091,545547,67
25,30,1,1092,546047,69
25,30,1,1093,546547,67
25,30,1,1094,547047,67
25,30,1,1095,547547,67
25,30,1,1096,548047,64
25,30,1,1097,548547,71
25,30,1,1098,549047,72
25,30,1,1099,549547,63
25,30,1,1100,550047,71
25,30,1,1101,550547,75
25,30,1,1102,551047,68
25,30,1,1103,551547,67
25,30,1,1104,552047,70
25,30,1,1105,552547,69
25,30,1,1106,553047,68
25,30,1,1107,553547,69
25,30,1,1108,554047,77
25,30,1,1109,554547,71
25,30,1,1110,555047,75
25,30,1,1111,555547,69
25,30,1,1112,556047,69
25,30,1,1113,556547,73
25,30,1,1114,557047,71
25,30,1,1115,557547,70
25,30,1,1116,558047,71
25,30,1,1117,558547,74
25,30,1,1118,559047,71
25,30,1,1119,559547,72
25,30,1,1120,560047,72
25,30,1,1121,560547,72
25,30,1,1122,561047,73
25,30,1,1123,561547,77
25,30,1,1124,562047,71
25,30,1,1125,562547,71
25,30,1,1126,563047,73
25,30,1,1127,563547,69
25,30,1,1128,564047,73
25,30,1,1129,564547,73
25,30,1,1130,565047,74
25,30,1,1131,565547,71
25,30,1,1132,566047,71
25,30,1,1133,566547,71
25,30,1,1134,567047,71
25,30,1,1135,567547,73
25,30,1,1136,568047,73
25,30,1,1137,568547,63
25,30,1,1138,569047,69
25,30,1,1139,569547,75
25,30,1,1140,570047,74
25,30,1,1141,570547,69
25,30,1,1142,571047,57
25,30,1,1143,571547,67
25,30,1,1144,572047,70
25,30,1,1145,572547,69
25,30,1,1146,573047,69
25,30,1,1147,573547,73
25,30,1,1148,574047,71
25,30,1,1149,574547,63
25,30,1,1150,575047,68
25,30,1,1151,575547,67
25,30,1,1152,576047,73
25,30,1,1153,576547,69
25,30,1,1154,577047,71
25,30,1,1155,577547,71
25,30,1,1156,578047,69
25,30,1,1157,578547,69
25,30,1,1158,579047,71
25,30,1,1159,579547,69
25,30,1,1160,580047,69
25,30,1,1161,580547,72
25,30,1,1162,581047,60
25,30,1,1163,581547,54
25,30,1,1164,582047,69
25,30,1,1165,582547,68
25,30,1,1166,583047,67
25,30,1,1167,583547,67
25,30,1,1168,584047,70
25,30,1,1169,584547,63
25,30,1,1170,585047,47
25,30,1,1171,585547,69
25,30,1,1172,586047,77
25,30,1,1173,586547,61
25,30,1,1174,587047,63
25,30,1,1175,587547,68
25,30,1,1176,588047,63
25,30,1,1177,588547,59
25,30,1,1178,589047,67
25,30,1,1179,589547,70
25,30,1,1180,590047,71
25,30,1,1181,590547,63
25,30,1,1182,591047,63
25,30,1,1183,591547,63
25,30,1,1184,592047,59
25,30,1,1185,592547,63
25,30,1,1186,593047,57
25,30,1,1187,593547,71
25,30,1,1188,594047,68
25,30,1,1189,594547,63
25,30,1,1190,595047,60
25,30,1,1191,595547,63
25,30,1,1192,596047,63
25,30,1,1193,596547,61
25,30,1,1194,597047,62
25,30,1,1195,597547,59
25,30,1,1196,598047,68
25,30,1,1197,598547,67
25,30,1,1198,599047,58
25,30,1,1199,599547,69
25,30,1,1200,600047,69
25,30,1,1201,600547,61
25,30,1,1202,601047,55
25,30,1,1203,601547,69
25,30,1,1204,602047,62
25,30,1,1205,602547,53
25,30,1,1206,603047,76
25,30,1,1207,603547,71
25,30,1,1208,604047,69
25,30,1,1209,604547,69
25,30,1,1210,605047,71
25,30,1,1211,605547,71
25,30,1,1212,606047,71
25,30,1,1213,606547,71
25,30,1,1214,607047,69
25,30,1,1215,607547,70
25,30,1,1216,608047,71
25,30,1,1217,608547,73
25,30,1,1218,609047,69
25,30,1,1219,609547,68
25,30,1,1220,610047,70
25,30,1,1221,610547,73
25,30,1,1222,611047,63
25,30,1,1223,611547,55
25,30,1,1224,612047,59
25,30,1,1225,612547,69
25,30,1,1226,613047,73
25,30,1,1227,613547,64
25,30,1,1228,614047,68
25,30,1,1229,614547,69
25,30,1,1230,615047,62
25,30,1,1231,615547,69
25,30,1,1232,616047,67
25,30,1,1233,616547,72
25,30,1,1234,617047,69
25,30,1,1235,617547,70
25,30,1,1236,618047,75
25,30,1,1237,618547,71
25,30,1,1238,619047,68
25,30,1,1239,619547,72
25,30,1,1240,620047,72
25,30,1,1241,620547,63
25,30,1,1242,621047,71
25,30,1,1243,621547,71
25,30,1,1244,622047,72
25,30,1,1245,622547,67
25,30,1,1246,623047,72
25,30,1,1247,623547,69
25,30,1,1248,624047,69
25,30,1,1249,624547,59
25,30,1,1250,625047,72
25,30,1,1251,625547,72
25,30,1,1252,626047,68
25,30,1,1253,626547,61
25,30,1,1254,627047,71
25,30,1,1255,627547,69
25,30,1,1256,628047,69
25,30,1,1257,628547,69
25,30,1,1258,629047,63
25,30,1,1259,629547,75
25,30,1,1260,630047,70
25,30,1,1261,630547,71
25,30,1,1262,631047,53
25,30,1,1263,631547,63
25,30,1,1264,632047,72
25,30,1,1265,632547,68
25,30,1,1266,633047,69
25,30,1,1267,633547,69
25,30,1,1268,634047,71
25,30,1,1269,634547,71
25,30,1,1270,635047,67
25,30,1,1271,635547,69
25,30,1,1272,636047,69
25,30,1,1273,636547,70
25,30,1,1274,637047,67
25,30,1,1275,637547,73
25,30,1,1276,638047,71
25,30,1,1277,638547,68
25,30,1,1278,639047,71
25,30,1,1279,639547,75
25,30,1,1280,640047,75
25,30,1,1281,640547,73
25,30,1,1282,641047,71
25,30,1,1283,641547,74
25,30,1,1284,642047,63
25,30,1,1285,642547,74
25,30,1,1286,643047,77
25,30,1,1287,643547,73
25,30,1,1288,644047,62
25,30,1,1289,644547,69
25,30,1,1290,645047,75
25,30,1,1291,645547,74
25,30,1,1292,646047,79
25,30,1,1293,646547,71
25,30,1,1294,647047,73
25,30,1,1295,647547,72
25,30,1,1296,648047,69
25,30,1,1297,648547,75
25,30,1,1298,649047,73
25,30,1,1299,649547,73
25,30,1,1300,650047,71
25,30,1,1301,650547,73
25,30,1,1302,651047,75
25,30,1,1303,651547,83
25,30,1,1304,652047,53
25,30,1,1305,652547,72
25,30,1,1306,653047,71
25,30,1,1307,653547,72
25,30,1,1308,654047,63
25,30,1,1309,654547,83
25,30,1,1310,655047,70
25,30,1,1311,655547,71
25,30,1,1312,656047,69
25,30,1,1313,656547,73
25,30,1,1314,657047,62
25,30,1,1315,657547,63
25,30,1,1316,658047,69
25,30,1,1317,658547,71
25,30,1,1318,659047,74
25,30,1,1319,659547,67
25,30,1,1320,660047,63
25,30,1,1321,660547,70
25,30,1,1322,661047,69
25,30,1,1323,661547,67
25,30,1,1324,662047,68
25,30,1,1325,662547,69
25,30,1,1326,663047,73
25,30,1,1327,663547,71
25,30,1,1328,664047,72
25,30,1,1329,664547,71
25,30,1,1330,665047,57
25,30,1,1331,665547,71
25,30,1,1332,666047,70
25,30,1,1333,666547,70
25,30,1,1334,667047,69
25,30,1,1335,667547,74
25,30,1,1336,668047,73
25,30,1,1337,668547,73
25,30,1,1338,669047,69
25,30,1,1339,669547,74
25,30,1,1340,670047,70
25,30,1,1341,670547,73
25,30,1,1342,671047,72
25,30,1,1343,671547,69
25,30,1,1344,672047,73
25,30,1,1345,672547,73
25,30,1,1346,673047,71
25,30,1,1347,673547,73
25,30,1,1348,674047,69
25,30,1,1349,674547,68
25,30,1,1350,675047,73
25,30,1,1351,675547,72
25,30,1,1352,676047,69
25,30,1,1353,676547,69
25,30,1,1354,677047,71
25,30,1,1355,677547,68
25,30,1,1356,678047,69
25,30,1,1357,678547,63
25,30,1,1358,679047,71
25,30,1,1359,679547,68
25,30,1,1360,680047,63
25,30,1,1361,680547,52
25,30,1,1362,681047,69
25,30,1,1363,681547,69
25,30,1,1364,682047,69
25,30,1,1365,682547,67
25,30,1,1366,683047,64
25,30,1,1367,683547,71
25,30,1,1368,684047,55
25,30,1,1369,684547,63
25,30,1,1370,685047,69
25,30,1,1371,685547,62
25,30,1,1372,686047,69
25,30,1,1373,686547,63
25,30,1,1374,687047,67
25,30,1,1375,687547,63
25,30,1,1376,688047,68
25,30,1,1377,688547,69
25,30,1,1378,689047,67
25,30,1,1379,689547,61
25,30,1,1380,690047,64
25,30,1,1381,690547,55
25,30,1,1382,691047,63
25,30,1,1383,691547,62
25,30,1,1384,692047,67
25,30,1,1385,692547,67
25,30,1,1386,693047,67
25,30,1,1387,693547,63
25,30,1,1388,694047,69
25,30,1,1389,694547,68
25,30,1,1390,695047,62
25,30,1,1391,695547,63
25,30,1,1392,696047,69
25,30,1,1393,696547,69
25,30,1,1394,697047,59
25,30,1,1395,697547,63
25,30,1,1396,698047,73
25,30,1,1397,698547,69
25,30,1,1398,699047,69
25,30,1,1399,699547,63
25,30,1,1400,700047,67
25,30,1,1401,700547,67
25,30,1,1402,701047,61
25,30,1,1403,701547,77
25,30,1,1404,702047,68
25,30,1,1405,702547,69
25,30,1,1406,703047,69
25,30,1,1407,703547,61
25,30,1,1408,704047,61
25,30,1,1409,704547,61
25,30,1,1410,705047,72
25,30,1,1411,705547,85
25,30,1,1412,706047,69
25,30,1,1413,706547,69
25,30,1,1414,707047,67
25,30,1,1415,707547,68
25,30,1,1416,708047,77
25,30,1,1417,708547,71
25,30,1,1418,709047,71
25,30,1,1419,709547,69
25,30,1,1420,710047,55
25,30,1,1421,710547,71
25,30,1,1422,711047,73
25,30,1,1423,711547,71
25,30,1,1424,712047,69
25,30,1,1425,712547,55
25,30,1,1426,713047,63
25,30,1,1427,713547,72
25,30,1,1428,714047,72
25,30,1,1429,714547,70
25,30,1,1430,715047,68
25,30,1,1431,715547,71
25,30,1,1432,716047,69
25,30,1,1433,716547,63
25,30,1,1434,717047,71
25,30,1,1435,717547,69
25,30,1,1436,718047,75
25,30,1,1437,718547,67
25,30,1,1438,719047,71
25,30,1,1439,719547,69
25,30,1,1440,720047,73
25,30,1,1441,720547,62
25,30,1,1442,721047,70
25,30,1,1443,721547,69
25,30,1,1444,722047,63
25,30,1,1445,722547,62
25,30,1,1446,723047,69
25,30,1,1447,723547,63
25,30,1,1448,724047,63
25,30,1,1449,724547,61
25,30,1,1450,725047,69
25,30,1,1451,725547,75
25,30,1,1452,726047,68
25,30,1,1453,726547,63
25,30,1,1454,727047,61
25,30,1,1455,727547,63
25,30,1,1456,728047,59
25,30,1,1457,728547,69
25,30,1,1458,729047,61
25,30,1,1459,729547,70
25,30,1,1460,730047,63
25,30,1,1461,730547,69
25,30,1,1462,731047,70
25,30,1,1463,731547,68
25,30,1,1464,732047,55
25,30,1,1465,732547,71
25,30,1,1466,733047,71
25,30,1,1467,733547,71
25,30,1,1468,734047,74
25,30,1,1469,734547,73
25,30,1,1470,735047,71
25,30,1,1471,735547,73
25,30,1,1472,736047,73
25,30,1,1473,736547,71
25,30,1,1474,737047,71
25,30,1,1475,737547,60
25,30,1,1476,738047,71
25,30,1,1477,738547,75
25,30,1,1478,739047,69
25,30,1,1479,739547,69
25,30,1,1480,740047,69
25,30,1,1481,740547,72
25,30,1,1482,741047,71
25,30,1,1483,741547,69
25,30,1,1484,742047,81
25,30,1,1485,742547,63
25,30,1,1486,743047,83
25,30,1,1487,743547,69
25,30,1,1488,744047,85
25,30,1,1489,744547,75
25,30,1,1490,745047,70
25,30,1,1491,745547,71
25,30,1,1492,746047,72
25,30,1,1493,746547,71
25,30,1,1494,747047,71
25,30,1,1495,747547,71
25,30,1,1496,748047,83
25,30,1,1497,748547,73
25,30,1,1498,749047,78
25,30,1,1499,749547,71
25,30,1,1500,750047,68
25,30,1,1501,750547,71
25,30,1,1502,751047,72
25,30,1,1503,751547,69
25,30,1,1504,752047,71
25,30,1,1505,752547,74
25,30,1,1506,753047,69
25,30,1,1507,753547,57
25,30,1,1508,754047,61
25,30,1,1509,754547,71
25,30,1,1510,755047,68
25,30,1,1511,755547,62
25,30,1,1512,756047,68
25,30,1,1513,756547,74
25,30,1,1514,757047,75
25,30,1,1515,757547,63
25,30,1,1516,758047,61
25,30,1,1517,758547,69
25,30,1,1518,759047,71
25,30,1,1519,759547,61
25,30,1,1520,760047,63
25,30,1,1521,760547,63
25,30,1,1522,761047,87
25,30,1,1523,761547,71
25,30,1,1524,762047,71
25,30,1,1525,762547,71
25,30,1,1526,763047,61
25,30,1,1527,763547,71
25,30,1,1528,764047,68
25,30,1,1529,764547,69
25,30,1,1530,765047,77
25,30,1,1531,765547,71
25,30,1,1532,766047,70
25,30,1,1533,766547,77
25,30,1,1534,767047,67
25,30,1,1535,767547,68
25,30,1,1536,768047,55
25,30,1,1537,768547,71
25,30,1,1538,769047,69
25,30,1,1539,769547,73
25,30,1,1540,770047,75
25,30,1,1541,770547,72
25,30,1,1542,771047,69
25,30,1,1543,771547,71
25,30,1,1544,772047,89
25,30,1,1545,772547,72
25,30,1,1546,773047,68
25,30,1,1547,773547,71
25,30,1,1548,774047,69
25,30,1,1549,774547,70
25,30,1,1550,775047,43
25,30,1,1551,775547,71
25,30,1,1552,776047,67
25,30,1,1553,776547,71
25,30,1,1554,777047,72
25,30,1,1555,777547,71
25,30,1,1556,778047,69
25,30,1,1557,778547,71
25,30,1,1558,779047,69
25,30,1,1559,779547,57
25,30,1,1560,780047,72
25,30,1,1561,780547,69
25,30,1,1562,781047,71
25,30,1,1563,781547,61
25,30,1,1564,782047,69
25,30,1,1565,782547,72
25,30,1,1566,783047,57
25,30,1,1567,783547,69
25,30,1,1568,784047,73
25,30,1,1569,784547,70
25,30,1,1570,785047,71
25,30,1,1571,785547,69
25,30,1,1572,786047,69
25,30,1,1573,786547,73
25,30,1,1574,787047,71
25,30,1,1575,787547,71
25,30,1,1576,788047,73
25,30,1,1577,788547,72
25,30,1,1578,789047,60
25,30,1,1579,789547,67
25,30,1,1580,790047,73
25,30,1,1581,790547,73
25,30,1,1582,791047,63
25,30,1,1583,791547,73
25,30,1,1584,792047,72
25,30,1,1585,792547,72
25,30,1,1586,793047,70
25,30,1,1587,793547,71
25,30,1,1588,794047,74
25,30,1,1589,794547,72
25,30,1,1590,795047,70
25,30,1,1591,795547,69
25,30,1,1592,796047,71
25,30,1,1593,796547,71
25,30,1,1594,797047,73
25,30,1,1595,797547,71
25,30,1,1596,798047,51
25,30,1,1597,798547,70
25,30,1,1598,799047,75
25,30,1,1599,799547,69
25,30,1,1600,800047,72
25,30,1,1601,800547,71
25,30,1,1602,801047,68
25,30,1,1603,801547,73
25,30,1,1604,802047,71
25,30,1,1605,802547,71
25,30,1,1606,803047,87
25,30,1,1607,803547,68
25,30,1,1608,804047,63
25,30,1,1609,804547,77
25,30,1,1610,805047,69
25,30,1,1611,805547,70
25,30,1,1612,806047,62
25,30,1,1613,806547,71
25,30,1,1614,807047,71
25,30,1,1615,807547,63
25,30,1,1616,808047,69
25,30,1,1617,808547,71
25,30,1,1618,809047,69
25,30,1,1619,809547,69
25,30,1,1620,810047,68
25,30,1,1621,810547,69
25,30,1,1622,811047,69
25,30,1,1623,811547,71
25,30,1,1624,812047,71
25,30,1,1625,812547,62
25,30,1,1626,813047,69
25,30,1,1627,813547,68
25,30,1,1628,814047,63
25,30,1,1629,814547,63
25,30,1,1630,815047,71
25,30,1,1631,815547,67
25,30,1,1632,816047,61
25,30,1,1633,816547,77
25,30,1,1634,817047,59
25,30,1,1635,817547,67
25,30,1,1636,818047,63
25,30,1,1637,818547,63
25,30,1,1638,819047,60
25,30,1,1639,819547,79
25,30,1,1640,820047,63
25,30,1,1641,820547,67
25,30,1,1642,821047,63
25,30,1,1643,821547,71
25,30,1,1644,822047,61
25,30,1,1645,822547,63
25,30,1,1646,823047,63
25,30,1,1647,823547,69
25,30,1,1648,824047,62
25,30,1,1649,824547,59
25,30,1,1650,825047,63
25,30,1,1651,825547,63
25,30,1,1652,826047,63
25,30,1,1653,826547,69
25,30,1,1654,827047,61
25,30,1,1655,827547,73
25,30,1,1656,828047,63
25,30,1,1657,828547,68
25,30,1,1658,829047,62
25,30,1,1659,829547,63
25,30,1,1660,830047,70
25,30,1,1661,830547,62
25,30,1,1662,831047,71
25,30,1,1663,831547,68
25,30,1,1664,832047,71
25,30,1,1665,832547,59
25,30,1,1666,833047,67
25,30,1,1667,833547,71
25,30,1,1668,834047,67
25,30,1,1669,834547,63
25,30,1,1670,835047,70
25,30,1,1671,835547,71
25,30,1,1672,836047,69
25,30,1,1673,836547,63
25,30,1,1674,837047,69
25,30,1,1675,837547,63
25,30,1,1676,838047,63
25,30,1,1677,838547,71
25,30,1,1678,839047,68
25,30,1,1679,839547,69
25,30,1,1680,840047,79
25,30,1,1681,840547,71
25,30,1,1682,841047,69
25,30,1,1683,841547,61
25,30,1,1684,842047,71
25,30,1,1685,842547,72
25,30,1,1686,843047,63
25,30,1,1687,843547,71
25,30,1,1688,844047,64
25,30,1,1689,844547,69
25,30,1,1690,845047,68
25,30,1,1691,845547,71
25,30,1,1692,846047,63
25,30,1,1693,846547,72
25,30,1,1694,847047,61
25,30,1,1695,847547,69
25,30,1,1696,848047,68
25,30,1,1697,848547,63
25,30,1,1698,849047,67
25,30,1,1699,849547,74
25,30,1,1700,850047,69
25,30,1,1701,850547,71
25,30,1,1702,851047,69
25,30,1,1703,851547,69
25,30,1,1704,852047,75
25,30,1,1705,852547,63
25,30,1,1706,853047,71
25,30,1,1707,853547,69
25,30,1,1708,854047,63
25,30,1,1709,854547,63
25,30,1,1710,855047,71
25,30,1,1711,855547,67
25,30,1,1712,856047,57
25,30,1,1713,856547,67
25,30,1,1714,857047,61
25,30,1,1715,857547,68
25,30,1,1716,858047,69
25,30,1,1717,858547,69
25,30,1,1718,859047,68
25,30,1,1719,859547,71
25,30,1,1720,860047,69
25,30,1,1721,860547,69
25,30,1,1722,861047,61
25,30,1,1723,861547,69
25,30,1,1724,862047,71
25,30,1,1725,862547,72
25,30,1,1726,863047,73
25,30,1,1727,863547,69
25,30,1,1728,864047,72
25,30,1,1729,864547,73
25,30,1,1730,865047,75
25,30,1,1731,865547,73
25,30,1,1732,866047,71
25,30,1,1733,866547,75
25,30,1,1734,867047,74
25,30,1,1735,867547,71
25,30,1,1736,868047,73
25,30,1,1737,868547,77
25,30,1,1738,869047,71
25,30,1,1739,869547,71
25,30,1,1740,870047,73
25,30,1,1741,870547,72
25,30,1,1742,871047,87
25,30,1,1743,871547,59
25,30,1,1744,872047,67
25,30,1,1745,872547,71
25,30,1,1746,873047,75
25,30,1,1747,873547,78
25,30,1,1748,874047,69
25,30,1,1749,874547,63
25,30,1,1750,875047,68
25,30,1,1751,875547,69
25,30,1,1752,876047,69
25,30,1,1753,876547,69
25,30,1,1754,877047,69
25,30,1,1755,877547,64
25,30,1,1756,878047,59
25,30,1,1757,878547,69
25,30,1,1758,879047,70
25,30,1,1759,879547,69
25,30,1,1760,880047,53
25,30,1,1761,880547,53
25,30,1,1762,881047,69
25,30,1,1763,881547,68
25,30,1,1764,882047,62
25,30,1,1765,882547,73
25,30,1,1766,883047,73
25,30,1,1767,883547,71
25,30,1,1768,884047,70
25,30,1,1769,884547,71
25,30,1,1770,885047,69
25,30,1,1771,885547,63
25,30,1,1772,886047,72
25,30,1,1773,886547,73
25,30,1,1774,887047,68
25,30,1,1775,887547,75
25,30,1,1776,888047,73
25,30,1,1777,888547,71
25,30,1,1778,889047,71
25,30,1,1779,889547,72
25,30,1,1780,890047,69
25,30,1,1781,890547,61
25,30,1,1782,891047,72
25,30,1,1783,891547,67
25,30,1,1784,892047,73
25,30,1,1785,892547,72
25,30,1,1786,893047,75
25,30,1,1787,893547,72
25,30,1,1788,894047,72
25,30,1,1789,894547,69
25,30,1,1790,895047,69
25,30,1,1791,895547,69
25,30,1,1792,896047,69
25,30,1,1793,896547,70
25,30,1,1794,897047,69
25,30,1,1795,897547,68
25,30,1,1796,898047,69
25,30,1,1797,898547,56
25,30,1,1798,899047,71
25,30,1,1799,899547,63
25,30,1,1800,900047,64
25,30,1,1801,900547,77
25,30,1,1802,901047,80
25,30,1,1803,901547,71
25,30,1,1804,902047,69
25,30,1,1805,902547,71
25,30,1,1806,903047,75
25,30,1,1807,903547,69
25,30,1,1808,904047,69
25,30,1,1809,904547,71
25,30,1,1810,905047,63
25,30,1,1811,905547,71
25,30,1,1812,906047,69
25,30,1,1813,906547,68
25,30,1,1814,907047,67
25,30,1,1815,907547,71
25,30,1,1816,908047,70
25,30,1,1817,908547,62
25,30,1,1818,909047,63
25,30,1,1819,909547,67
25,30,1,1820,910047,63
25,30,1,1821,910547,73
25,30,1,1822,911047,69
25,30,1,1823,911547,68
25,30,1,1824,912047,51
25,30,1,1825,912547,62
25,30,1,1826,913047,69
25,30,1,1827,913547,62
25,30,1,1828,914047,63
25,30,1,1829,914547,69
25,30,1,1830,915047,70
25,30,1,1831,915547,69
25,30,1,1832,916047,67
25,30,1,1833,916547,61
25,30,1,1834,917047,68
25,30,1,1835,917547,69
25,30,1,1836,918047,59
25,30,1,1837,918547,70
25,30,1,1838,919047,73
25,30,1,1839,919547,61
25,30,1,1840,920047,61
25,30,1,1841,920547,71
25,30,1,1842,921047,63
25,30,1,1843,921547,63
25,30,1,1844,922047,69
25,30,1,1845,922547,68
25,30,1,1846,923047,68
25,30,1,1847,923547,69
25,30,1,1848,924047,63
25,30,1,1849,924547,63
25,30,1,1850,925047,72
25,30,1,1851,925547,69
25,30,1,1852,926047,67
25,30,1,1853,926547,71
25,30,1,1854,927047,73
25,30,1,1855,927547,69
25,30,1,1856,928047,69
25,30,1,1857,928547,69
25,30,1,1858,929047,71
25,30,1,1859,929547,45
25,30,1,1860,930047,75
25,30,1,1861,930547,71
25,30,1,1862,931047,86
25,30,1,1863,931547,63
25,30,1,1864,932047,69
25,30,1,1865,932547,67
25,30,1,1866,933047,71
25,30,1,1867,933547,69
25,30,1,1868,934047,71
25,30,1,1869,934547,69
25,30,1,1870,935047,69
25,30,1,1871,935547,57
25,30,1,1872,936047,71
25,30,1,1873,936547,61
25,30,1,1874,937047,68
25,30,1,1875,937547,69
25,30,1,1876,938047,69
25,30,1,1877,938547,69
25,30,1,1878,939047,67
25,30,1,1879,939547,69
25,30,1,1880,940047,71
25,30,1,1881,940547,69
25,30,1,1882,941047,68
25,30,1,1883,941547,77
25,30,1,1884,942047,63
25,30,1,1885,942547,71
25,30,1,1886,943047,82
25,30,1,1887,943547,61
25,30,1,1888,944047,69
25,30,1,1889,944547,69
25,30,1,1890,945047,69
25,30,1,1891,945547,68
25,30,1,1892,946047,61
25,30,1,1893,946547,68
25,30,1,1894,947047,68
25,30,1,1895,947547,69
25,30,1,1896,948047,63
25,30,1,1897,948547,72
25,30,1,1898,949047,71
25,30,1,1899,949547,63
25,30,1,1900,950047,60
25,30,1,1901,950547,72
25,30,1,1902,951047,71
25,30,1,1903,951547,68
25,30,1,1904,952047,61
25,30,1,1905,952547,75
25,30,1,1906,953047,63
25,30,1,1907,953547,64
25,30,1,1908,954047,69
25,30,1,1909,954547,70
25,30,1,1910,955047,69
25,30,1,1911,955547,63
25,30,1,1912,956047,63
25,30,1,1913,956547,71
25,30,1,1914,957047,69
25,30,1,1915,957547,67
25,30,1,1916,958047,61
25,30,1,1917,958547,70
25,30,1,1918,959047,69
25,30,1,1919,959547,69
25,30,1,1920,960047,69
25,30,1,1921,960547,71
25,30,1,1922,961047,90
25,30,1,1923,961547,69
25,30,1,1924,962047,69
25,30,1,1925,962547,62
25,30,1,1926,963047,69
25,30,1,1927,963547,79
25,30,1,1928,964047,67
25,30,1,1929,964547,71
25,30,1,1930,965047,71
25,30,1,1931,965547,73
25,30,1,1932,966047,69
25,30,1,1933,966547,71
25,30,1,1934,967047,78
25,30,1,1935,967547,55
25,30,1,1936,968047,63
25,30,1,1937,968547,69
25,30,1,1938,969047,72
25,30,1,1939,969547,70
25,30,1,1940,970047,69
25,30,1,1941,970547,72
25,30,1,1942,971047,71
25,30,1,1943,971547,71
25,30,1,1944,972047,67
25,30,1,1945,972547,72
25,30,1,1946,973047,70
25,30,1,1947,973547,70
25,30,1,1948,974047,71
25,30,1,1949,974547,69
25,30,1,1950,975047,71
25,30,1,1951,975547,69
25,30,1,1952,976047,69
25,30,1,1953,976547,71
25,30,1,1954,977047,73
25,30,1,1955,977547,72
25,30,1,1956,978047,71
25,30,1,1957,978547,73
25,30,1,1958,979047,70
25,30,1,1959,979547,72
25,30,1,1960,980047,69
25,30,1,1961,980547,69
25,30,1,1962,981047,63
25,30,1,1963,981547,71
25,30,1,1964,982047,73
25,30,1,1965,982547,71
25,30,1,1966,983047,69
25,30,1,1967,983547,79
25,30,1,1968,984047,71
25,30,1,1969,984547,67
25,30,1,1970,985047,72
25,30,1,1971,985547,67
25,30,1,1972,986047,75
25,30,1,1973,986547,71
25,30,1,1974,987047,52
25,30,1,1975,987547,75
25,30,1,1976,988047,69
25,30,1,1977,988547,70
25,30,1,1978,989047,83
25,30,1,1979,989547,71
25,30,1,1980,990047,69
25,30,1,1981,990547,61
25,30,1,1982,991047,83
25,30,1,1983,991547,72
25,30,1,1984,992047,60
25,30,1,1985,992547,52
25,30,1,1986,993047,72
25,30,1,1987,993547,69
25,30,1,1988,994047,63
25,30,1,1989,994547,75
25,30,1,1990,995047,71
25,30,1,1991,995547,60
25,30,1,1992,996047,69
25,30,1,1993,996547,62
25,30,1,1994,997047,69
25,30,1,1995,997547,83
25,30,1,1996,998047,63
25,30,1,1997,998547,67
25,30,1,1998,999047,71
25,30,1,1999,999547,61
25,30,2,0,48,67
25,30,2,1,547,69
25,30,2,2,1047,69
25,30,2,3,1547,59
25,30,2,4,2047,69
25,30,2,5,2547,68
25,30,2,6,3047,69
25,30,2,7,3547,71
25,30,2,8,4047,69
25,30,2,9,4547,71
25,30,2,10,5047,64
25,30,2,11,5547,71
25,30,2,12,6047,69
25,30,2,13,6547,71
25,30,2,14,7047,62
25,30,2,15,7547,73
25,30,2,16,8047,69
25,30,2,17,8547,69
25,30,2,18,9047,71
25,30,2,19,9547,67
25,30,2,20,10047,79
25,30,2,21,10547,71
25,30,2,22,11047,71
25,30,2,23,11547,63
25,30,2,24,12047,69
25,30,2,25,12547,71
25,30,2,26,13047,71
25,30,2,27,13547,64
25,30,2,28,14047,62
25,30,2,29,14547,69
25,30,2,30,15047,69
25,30,2,31,15547,69
25,30,2,32,16047,69
25,30,2,33,16547,73
25,30,2,34,17047,68
25,30,2,35,17547,71
25,30,2,36,18047,71
25,30,2,37,18547,68
25,30,2,38,19047,71
25,30,2,39,19547,63
25,30,2,40,20047,59
25,30,2,41,20547,73
25,30,2,42,21047,71
25,30,2,43,21547,63
25,30,2,44,22047,62
25,30,2,45,22547,69
25,30,2,46,23047,71
25,30,2,47,23547,72
25,30,2,48,24047,69
25,30,2,49,24547,68
25,30,2,50,25047,69
25,30,2,51,25547,68
25,30,2,52,26047,71
25,30,2,53,26547,73
25,30,2,54,27047,71
25,30,2,55,27547,69
25,30,2,56,28047,70
25,30,2,57,28547,72
25,30,2,58,29047,75
25,30,2,59,29547,75
25,30,2,60,30047,69
25,30,2,61,30547,71
25,30,2,62,31047,74
25,30,2,63,31547,73
25,30,2,64,32047,71
25,30,2,65,32547,56
25,30,2,66,33047,72
25,30,2,67,33547,73
25,30,2,68,34047,70
25,30,2,69,34547,62
25,30,2,70,35047,69
25,30,2,71,35547,71
25,30,2,72,36047,69
25,30,2,73,36547,71
25,30,2,74,37047,71
25,30,2,75,37547,51
25,30,2,76,38047,75
25,30,2,77,38547,70
25,30,2,78,39047,67
25,30,2,79,39547,71
25,30,2,80,40047,68
25,30,2,81,40547,63
25,30,2,82,41047,71
25,30,2,83,41547,70
25,30,2,84,42047,71
25,30,2,85,42547,70
25,30,2,86,43047,75
25,30,2,87,43547,67
25,30,2,88,44047,63
25,30,2,89,44547,61
25,30,2,90,45047,71
25,30,2,91,45547,63
25,30,2,92,46047,70
25,30,2,93,46547,51
25,30,2,94,47047,69
25,30,2,95,47547,56
25,30,2,96,48047,73
25,30,2,97,48547,71
25,30,2,98,49047,63
25,30,2,99,49547,68
25,30,2,100,50047,70
25,30,2,101,50547,74
25,30,2,102,51047,68
25,30,2,103,51547,63
25,30,2,104,52047,69
25,30,2,105,52547,71
25,30,2,106,53047,69
25,30,2,107,53547,69
25,30,2,108,54047,68
25,30,2,109,54547,71
25,30,2,110,55047,69
25,30,2,111,55547,69
25,30,2,112,56047,61
25,30,2,113,56547,62
25,30,2,114,57047,68
25,30,2,115,57547,53
25,30,2,116,58047,63
25,30,2,117,58547,63
25,30,2,118,59047,72
25,30,2,119,59547,73
25,30,2,120,60047,71
25,30,2,121,60547,68
25,30,2,122,61047,69
25,30,2,123,61547,66
25,30,2,124,62047,63
25,30,2,125,62547,63
25,30,2,126,63047,69
25,30,2,127,63547,71
25,30,2,128,64047,69
25,30,2,129,64547,45
25,30,2,130,65047,68
25,30,2,131,65547,72
25,30,2,132,66047,69
25,30,2,133,66547,62
25,30,2,134,67047,71
25,30,2,135,67547,71
25,30,2,136,68047,69
25,30,2,137,68547,69
25,30,2,138,69047,69
25,30,2,139,69547,70
25,30,2,140,70047,75
25,30,2,141,70547,62
25,30,2,142,71047,69
25,30,2,143,71547,63
25,30,2,144,72047,69
25,30,2,145,72547,72
25,30,2,146,73047,68
25,30,2,147,73547,69
25,30,2,148,74047,63
25,30,2,149,74547,67
25,30,2,150,75047,72
25,30,2,151,75547,69
25,30,2,152,76047,67
25,30,2,153,76547,68
25,30,2,154,77047,53
25,30,2,155,77547,67
25,30,2,156,78047,69
25,30,2,157,78547,51
25,30,2,158,79047,69
25,30,2,159,79547,68
25,30,2,160,80047,48
25,30,2,161,80547,71
25,30,2,162,81047,69
25,30,2,163,81547,63
25,30,2,164,82047,68
25,30,2,165,82547,68
25,30,2,166,83047,67
25,30,2,167,83547,68
25,30,2,168,84047,64
25,30,2,169,84547,61
25,30,2,170,85047,69
25,30,2,171,85547,69
25,30,2,172,86047,68
25,30,2,173,86547,71
25,30,2,174,87047,68
25,30,2,175,87547,69
25,30,2,176,88047,72
25,30,2,177,88547,71
25,30,2,178,89047,71
25,30,2,179,89547,69
25,30,2,180,90047,69
25,30,2,181,90547,84
25,30,2,182,91047,57
25,30,2,183,91547,69
25,30,2,184,92047,71
25,30,2,185,92547,71
25,30,2,186,93047,69
25,30,2,187,93547,69
25,30,2,188,94047,67
25,30,2,189,94547,71
25,30,2,190,95047,55
25,30,2,191,95547,69
25,30,2,192,96047,69
25,30,2,193,96547,70
25,30,2,194,97047,79
25,30,2,195,97547,71
25,30,2,196,98047,68
25,30,2,197,98547,71
25,30,2,198,99047,69
25,30,2,199,99547,67
25,30,2,200,100047,70
25,30,2,201,100547,67
25,30,2,202,101047,68
25,30,2,203,101547,70
25,30,2,204,102047,69
25,30,2,205,102547,69
25,30,2,206,103047,67
25,30,2,207,103547,69
25,30,2,208,104047,69
25,30,2,209,104547,75
25,30,2,210,105047,69
25,30,2,211,105547,69
25,30,2,212,106047,61
25,30,2,213,106547,75
25,30,2,214,107047,69
25,30,2,215,107547,57
25,30,2,216,108047,72
25,30,2,217,108547,70
25,30,2,218,109047,68
25,30,2,219,109547,63
25,30,2,220,110047,71
25,30,2,221,110547,63
25,30,2,222,111047,69
25,30,2,223,111547,71
25,30,2,224,112047,69
25,30,2,225,112547,73
25,30,2,226,113047,69
25,30,2,227,113547,45
25,30,2,228,114047,69
25,30,2,229,114547,71
25,30,2,230,115047,63
25,30,2,231,115547,68
25,30,2,232,116047,71
25,30,2,233,116547,72
25,30,2,234,117047,71
25,30,2,235,117547,56
25,30,2,236,118047,72
25,30,2,237,118547,74
25,30,2,238,119047,69
25,30,2,239,119547,85
25,30,2,240,120047,71
25,30,2,241,120547,72
25,30,2,242,121047,71
25,30,2,243,121547,75
25,30,2,244,122047,71
25,30,2,245,122547,70
25,30,2,246,123047,71
25,30,2,247,123547,63
25,30,2,248,124047,71
25,30,2,249,124547,72
25,30,2,250,125047,69
25,30,2,251,125547,71
25,30,2,252,126047,69
25,30,2,253,126547,71
25,30,2,254,127047,69
25,30,2,255,127547,67
25,30,2,256,128047,67
25,30,2,257,128547,61
25,30,2,258,129047,69
25,30,2,259,129547,63
25,30,2,260,130047,57
25,30,2,261,130547,63
25,30,2,262,131047,62
25,30,2,263,131547,69
25,30,2,264,132047,69
25,30,2,265,132547,69
25,30,2,266,133047,61
25,30,2,267,133547,69
25,30,2,268,134047,63
25,30,2,269,134547,63
25,30,2,270,135047,62
25,30,2,271,135547,67
25,30,2,272,136047,58
25,30,2,273,136547,69
25,30,2,274,137047,61
25,30,2,275,137547,70
25,30,2,276,138047,61
25,30,2,277,138547,42
25,30,2,278,139047,72
25,30,2,279,139547,69
25,30,2,280,140047,68
25,30,2,281,140547,71
25,30,2,282,141047,69
25,30,2,283,141547,69
25,30,2,284,142047,71
25,30,2,285,142547,71
25,30,2,286,143047,57
25,30,2,287,143547,74
25,30,2,288,144047,71
25,30,2,289,144547,51
25,30,2,290,145047,71
25,30,2,291,145547,72
25,30,2,292,146047,71
25,30,2,293,146547,69
25,30,2,294,147047,71
25,30,2,295,147547,73
25,30,2,296,148047,56
25,30,2,297,148547,72
25,30,2,298,149047,69
25,30,2,299,149547,71
25,30,2,300,150047,75
25,30,2,301,150547,68
25,30,2,302,151047,69
25,30,2,303,151547,73
25,30,2,304,152047,69
25,30,2,305,152547,72
25,30,2,306,153047,73
25,30,2,307,153547,63
25,30,2,308,154047,70
25,30,2,309,154547,57
25,30,2,310,155047,73
25,30,2,311,155547,70
25,30,2,312,156047,71
25,30,2,313,156547,79
25,30,2,314,157047,71
25,30,2,315,157547,70
25,30,2,316,158047,73
25,30,2,317,158547,71
25,30,2,318,159047,62
25,30,2,319,159547,72
25,30,2,320,160047,75
25,30,2,321,160547,69
25,30,2,322,161047,73
25,30,2,323,161547,73
25,30,2,324,162047,71
25,30,2,325,162547,75
25,30,2,326,163047,71
25,30,2,327,163547,62
25,30,2,328,164047,55
25,30,2,329,164547,89
25,30,2,330,165047,69
25,30,2,331,165547,69
25,30,2,332,166047,70
25,30,2,333,166547,48
25,30,2,334,167047,70
25,30,2,335,167547,71
25,30,2,336,168047,69
25,30,2,337,168547,71
25,30,2,338,169047,68
25,30,2,339,169547,71
25,30,2,340,170047,69
25,30,2,341,170547,70
25,30,2,342,171047,57
25,30,2,343,171547,69
25,30,2,344,172047,71
25,30,2,345,172547,71
25,30,2,346,173047,71
25,30,2,347,173547,69
25,30,2,348,174047,71
25,30,2,349,174547,87
25,30,2,350,175047,69
25,30,2,351,175547,63
25,30,2,352,176047,70
25,30,2,353,176547,68
25,30,2,354,177047,69
25,30,2,355,177547,71
25,30,2,356,178047,71
25,30,2,357,178547,69
25,30,2,358,179047,63
25,30,2,359,179547,69
25,30,2,360,180047,69
25,30,2,361,180547,68
25,30,2,362,181047,69
25,30,2,363,181547,61
25,30,2,364,182047,62
25,30,2,365,182547,61
25,30,2,366,183047,64
25,30,2,367,183547,69
25,30,2,368,184047,84
25,30,2,369,184547,71
25,30,2,370,185047,69
25,30,2,371,185547,69
25,30,2,372,186047,69
25,30,2,373,186547,70
25,30,2,374,187047,63
25,30,2,375,187547,69
25,30,2,376,188047,63
25,30,2,377,188547,63
25,30,2,378,189047,73
25,30,2,379,189547,63
25,30,2,380,190047,67
25,30,2,381,190547,61
25,30,2,382,191047,67
25,30,2,383,191547,71
25,30,2,384,192047,63
25,30,2,385,192547,63
25,30,2,386,193047,69
25,30,2,387,193547,67
25,30,2,388,194047,67
25,30,2,389,194547,63
25,30,2,390,195047,68
25,30,2,391,195547,63
25,30,2,392,196047,68
25,30,2,393,196547,60
25,30,2,394,197047,63
25,30,2,395,197547,63
25,30,2,396,198047,68
25,30,2,397,198547,62
25,30,2,398,199047,66
25,30,2,399,199547,63
25,30,2,400,200047,59
25,30,2,401,200547,69
25,30,2,402,201047,63
25,30,2,403,201547,63
25,30,2,404,202047,62
25,30,2,405,202547,69
25,30,2,406,203047,69
25,30,2,407,203547,67
25,30,2,408,204047,68
25,30,2,409,204547,69
25,30,2,410,205047,69
25,30,2,411,205547,68
25,30,2,412,206047,64
25,30,2,413,206547,71
25,30,2,414,207047,69
25,30,2,415,207547,69
25,30,2,416,208047,59
25,30,2,417,208547,71
25,30,2,418,209047,69
25,30,2,419,209547,69
25,30,2,420,210047,62
25,30,2,421,210547,71
25,30,2,422,211047,73
25,30,2,423,211547,73
25,30,2,424,212047,63
25,30,2,425,212547,73
25,30,2,426,213047,73
25,30,2,427,213547,73
25,30,2,428,214047,70
25,30,2,429,214547,51
25,30,2,430,215047,71
25,30,2,431,215547,71
25,30,2,432,216047,67
25,30,2,433,216547,79
25,30,2,434,217047,69
25,30,2,435,217547,70
25,30,2,436,218047,69
25,30,2,437,218547,69
25,30,2,438,219047,73
25,30,2,439,219547,69
25,30,2,440,220047,69
25,30,2,441,220547,71
25,30,2,442,221047,63
25,30,2,443,221547,69
25,30,2,444,222047,71
25,30,2,445,222547,69
25,30,2,446,223047,73
25,30,2,447,223547,63
25,30,2,448,224047,69
25,30,2,449,224547,69
25,30,2,450,225047,71
25,30,2,451,225547,68
25,30,2,452,226047,75
25,30,2,453,226547,79
25,30,2,454,227047,69
25,30,2,455,227547,69
25,30,2,456,228047,84
25,30,2,457,228547,69
25,30,2,458,229047,69
25,30,2,459,229547,73
25,30,2,460,230047,68
25,30,2,461,230547,61
25,30,2,462,231047,70
25,30,2,463,231547,73
25,30,2,464,232047,69
25,30,2,465,232547,73
25,30,2,466,233047,68
25,30,2,467,233547,71
25,30,2,468,234047,69
25,30,2,469,234547,67
25,30,2,470,235047,73
25,30,2,471,235547,71
25,30,2,472,236047,83
25,30,2,473,236547,69
25,30,2,474,237047,71
25,30,2,475,237547,75
25,30,2,476,238047,70
25,30,2,477,238547,71
25,30,2,478,239047,72
25,30,2,479,239547,71
25,30,2,480,240047,71
25,30,2,481,240547,71
25,30,2,482,241047,81
25,30,2,483,241547,76
25,30,2,484,242047,70
25,30,2,485,242547,71
25,30,2,486,243047,69
25,30,2,487,243547,70
25,30,2,488,244047,73
25,30,2,489,244547,71
25,30,2,490,245047,69
25,30,2,491,245547,69
25,30,2,492,246047,61
25,30,2,493,246547,77
25,30,2,494,247047,71
25,30,2,495,247547,71
25,30,2,496,248047,77
25,30,2,497,248547,75
25,30,2,498,249047,69
25,30,2,499,249547,69
25,30,2,500,250047,69
25,30,2,501,250547,72
25,30,2,502,251047,69
25,30,2,503,251547,69
25,30,2,504,252047,68
25,30,2,505,252547,67
25,30,2,506,253047,63
25,30,2,507,253547,67
25,30,2,508,254047,63
25,30,2,509,254547,61
25,30,2,510,255047,57
25,30,2,511,255547,69
25,30,2,512,256047,64
25,30,2,513,256547,63
25,30,2,514,257047,55
25,30,2,515,257547,69
25,30,2,516,258047,59
25,30,2,517,258547,63
25,30,2,518,259047,71
25,30,2,519,259547,61
25,30,2,520,260047,67
25,30,2,521,260547,69
25,30,2,522,261047,60
25,30,2,523,261547,73
25,30,2,524,262047,74
25,30,2,525,262547,69
25,30,2,526,263047,61
25,30,2,527,263547,69
25,30,2,528,264047,71
25,30,2,529,264547,69
25,30,2,530,265047,69
25,30,2,531,265547,71
25,30,2,532,266047,67
25,30,2,533,266547,71
25,30,2,534,267047,62
25,30,2,535,267547,72
25,30,2,536,268047,71
25,30,2,537,268547,71
25,30,2,538,269047,63
25,30,2,539,269547,69
25,30,2,540,270047,71
25,30,2,541,270547,59
25,30,2,542,271047,61
25,30,2,543,271547,62
25,30,2,544,272047,79
25,30,2,545,272547,68
25,30,2,546,273047,67
25,30,2,547,273547,68
25,30,2,548,274047,75
25,30,2,549,274547,67
25,30,2,550,275047,74
25,30,2,551,275547,61
25,30,2,552,276047,50
25,30,2,553,276547,53
25,30,2,554,277047,67
25,30,2,555,277547,80
25,30,2,556,278047,61
25,30,2,557,278547,67
25,30,2,558,279047,62
25,30,2,559,279547,63
25,30,2,560,280047,57
25,30,2,561,280547,63
25,30,2,562,281047,67
25,30,2,563,281547,63
25,30,2,564,282047,71
25,30,2,565,282547,63
25,30,2,566,283047,61
25,30,2,567,283547,53
25,30,2,568,284047,69
25,30,2,569,284547,69
25,30,2,570,285047,68
25,30,2,571,285547,63
25,30,2,572,286047,68
25,30,2,573,286547,68
25,30,2,574,287047,63
25,30,2,575,287547,69
25,30,2,576,288047,70
25,30,2,577,288547,61
25,30,2,578,289047,71
25,30,2,579,289547,73
25,30,2,580,290047,69
25,30,2,581,290547,70
25,30,2,582,291047,69
25,30,2,583,291547,67
25,30,2,584,292047,64
25,30,2,585,292547,59
25,30,2,586,293047,69
25,30,2,587,293547,71
25,30,2,588,294047,73
25,30,2,589,294547,70
25,30,2,590,295047,71
25,30,2,591,295547,73
25,30,2,592,296047,71
25,30,2,593,296547,70
25,30,2,594,297047,71
25,30,2,595,297547,87
25,30,2,596,298047,70
25,30,2,597,298547,71
25,30,2,598,299047,70
25,30,2,599,299547,75
25,30,2,600,300047,71
25,30,2,601,300547,75
25,30,2,602,301047,88
25,30,2,603,301547,77
25,30,2,604,302047,59
25,30,2,605,302547,73
25,30,2,606,303047,72
25,30,2,607,303547,73
25,30,2,608,304047,61
25,30,2,609,304547,71
25,30,2,610,305047,73
25,30,2,611,305547,73
25,30,2,612,306047,71
25,30,2,613,306547,69
25,30,2,614,307047,71
25,30,2,615,307547,75
25,30,2,616,308047,69
25,30,2,617,308547,71
25,30,2,618,309047,71
25,30,2,619,309547,70
25,30,2,620,310047,72
25,30,2,621,310547,75
25,30,2,622,311047,73
25,30,2,623,311547,71
25,30,2,624,312047,69
25,30,2,625,312547,69
25,30,2,626,313047,73
25,30,2,627,313547,67
25,30,2,628,314047,69
25,30,2,629,314547,73
25,30,2,630,315047,73
25,30,2,631,315547,68
25,30,2,632,316047,68
25,30,2,633,316547,68
25,30,2,634,317047,69
25,30,2,635,317547,64
25,30,2,636,318047,69
25,30,2,637,318547,59
25,30,2,638,319047,63
25,30,2,639,319547,69
25,30,2,640,320047,63
25,30,2,641,320547,54
25,30,2,642,321047,68
25,30,2,643,321547,79
25,30,2,644,322047,69
25,30,2,645,322547,69
25,30,2,646,323047,69
25,30,2,647,323547,69
25,30,2,648,324047,63
25,30,2,649,324547,71
25,30,2,650,325047,72
25,30,2,651,325547,69
25,30,2,652,326047,68
25,30,2,653,326547,73
25,30,2,654,327047,71
25,30,2,655,327547,71
25,30,2,656,328047,71
25,30,2,657,328547,72
25,30,2,658,329047,71
25,30,2,659,329547,72
25,30,2,660,330047,69
25,30,2,661,330547,72
25,30,2,662,331047,53
25,30,2,663,331547,83
25,30,2,664,332047,79
25,30,2,665,332547,75
25,30,2,666,333047,71
25,30,2,667,333547,72
25,30,2,668,334047,71
25,30,2,669,334547,74
25,30,2,670,335047,69
25,30,2,671,335547,74
25,30,2,672,336047,73
25,30,2,673,336547,73
25,30,2,674,337047,70
25,30,2,675,337547,71
25,30,2,676,338047,71
25,30,2,677,338547,55
25,30,2,678,339047,69
25,30,2,679,339547,71
25,30,2,680,340047,73
25,30,2,681,340547,73
25,30,2,682,341047,72
25,30,2,683,341547,59
25,30,2,684,342047,63
25,30,2,685,342547,69
25,30,2,686,343047,72
25,30,2,687,343547,73
25,30,2,688,344047,55
25,30,2,689,344547,75
25,30,2,690,345047,69
25,30,2,691,345547,61
25,30,2,692,346047,69
25,30,2,693,346547,68
25,30,2,694,347047,61
25,30,2,695,347547,69
25,30,2,696,348047,67
25,30,2,697,348547,69
25,30,2,698,349047,55
25,30,2,699,349547,72
25,30,2,700,350047,61
25,30,2,701,350547,69
25,30,2,702,351047,67
25,30,2,703,351547,64
25,30,2,704,352047,63
25,30,2,705,352547,63
25,30,2,706,353047,73
25,30,2,707,353547,67
25,30,2,708,354047,61
25,30,2,709,354547,63
25,30,2,710,355047,67
25,30,2,711,355547,70
25,30,2,712,356047,61
25,30,2,713,356547,58
25,30,2,714,357047,70
25,30,2,715,357547,69
25,30,2,716,358047,69
25,30,2,717,358547,62
25,30,2,718,359047,71
25,30,2,719,359547,69
25,30,2,720,360047,67
25,30,2,721,360547,67
25,30,2,722,361047,63
25,30,2,723,361547,69
25,30,2,724,362047,71
25,30,2,725,362547,69
25,30,2,726,363047,69
25,30,2,727,363547,76
25,30,2,728,364047,71
25,30,2,729,364547,69
25,30,2,730,365047,69
25,30,2,731,365547,69
25,30,2,732,366047,69
25,30,2,733,366547,70
25,30,2,734,367047,70
25,30,2,735,367547,63
25,30,2,736,368047,62
25,30,2,737,368547,67
25,30,2,738,369047,71
25,30,2,739,369547,74
25,30,2,740,370047,68
25,30,2,741,370547,67
25,30,2,742,371047,71
25,30,2,743,371547,71
25,30,2,744,372047,69
25,30,2,745,372547,67
25,30,2,746,373047,71
25,30,2,747,373547,69
25,30,2,748,374047,62
25,30,2,749,374547,74
25,30,2,750,375047,70
25,30,2,751,375547,51
25,30,2,752,376047,61
25,30,2,753,376547,69
25,30,2,754,377047,70
25,30,2,755,377547,69
25,30,2,756,378047,55
25,30,2,757,378547,69
25,30,2,758,379047,69
25,30,2,759,379547,69
25,30,2,760,380047,67
25,30,2,761,380547,69
25,30,2,762,381047,71
25,30,2,763,381547,68
25,30,2,764,382047,67
25,30,2,765,382547,63
25,30,2,766,383047,77
25,30,2,767,383547,69
25,30,2,768,384047,70
25,30,2,769,384547,69
25,30,2,770,385047,69
25,30,2,771,385547,72
25,30,2,772,386047,63
25,30,2,773,386547,72
25,30,2,774,387047,71
25,30,2,775,387547,71
25,30,2,776,388047,69
25,30,2,777,388547,69
25,30,2,778,389047,69
25,30,2,779,389547,82
25,30,2,780,390047,75
25,30,2,781,390547,63
25,30,2,782,391047,70
25,30,2,783,391547,69
25,30,2,784,392047,68
25,30,2,785,392547,73
25,30,2,786,393047,69
25,30,2,787,393547,71
25,30,2,788,394047,71
25,30,2,789,394547,73
25,30,2,790,395047,71
25,30,2,791,395547,63
25,30,2,792,396047,68
25,30,2,793,396547,85
25,30,2,794,397047,71
25,30,2,795,397547,69
25,30,2,796,398047,73
25,30,2,797,398547,71
25,30,2,798,399047,75
25,30,2,799,399547,63
25,30,2,800,400047,68
25,30,2,801,400547,63
25,30,2,802,401047,77
25,30,2,803,401547,68
25,30,2,804,402047,72
25,30,2,805,402547,77
25,30,2,806,403047,71
25,30,2,807,403547,53
25,30,2,808,404047,71
25,30,2,809,404547,69
25,30,2,810,405047,73
25,30,2,811,405547,70
25,30,2,812,406047,60
25,30,2,813,406547,69
25,30,2,814,407047,70
25,30,2,815,407547,70
25,30,2,816,408047,59
25,30,2,817,408547,62
25,30,2,818,409047,69
25,30,2,819,409547,74
25,30,2,820,410047,61
25,30,2,821,410547,63
25,30,2,822,411047,69
25,30,2,823,411547,63
25,30,2,824,412047,42
25,30,2,825,412547,68
25,30,2,826,413047,71
25,30,2,827,413547,68
25,30,2,828,414047,69
25,30,2,829,414547,67
25,30,2,830,415047,81
25,30,2,831,415547,69
25,30,2,832,416047,68
25,30,2,833,416547,69
25,30,2,834,417047,67
25,30,2,835,417547,67
25,30,2,836,418047,71
25,30,2,837,418547,63
25,30,2,838,419047,69
25,30,2,839,419547,73
25,30,2,840,420047,61
25,30,2,841,420547,73
25,30,2,842,421047,71
25,30,2,843,421547,72
25,30,2,844,422047,74
25,30,2,845,422547,72
25,30,2,846,423047,69
25,30,2,847,423547,71
25,30,2,848,424047,73
25,30,2,849,424547,70
25,30,2,850,425047,72
25,30,2,851,425547,71
25,30,2,852,426047,69
25,30,2,853,426547,67
25,30,2,854,427047,73
25,30,2,855,427547,71
25,30,2,856,428047,73
25,30,2,857,428547,68
25,30,2,858,429047,59
25,30,2,859,429547,73
25,30,2,860,430047,72
25,30,2,861,430547,71
25,30,2,862,431047,68
25,30,2,863,431547,72
25,30,2,864,432047,73
25,30,2,865,432547,72
25,30,2,866,433047,70
25,30,2,867,433547,53
25,30,2,868,434047,56
25,30,2,869,434547,59
25,30,2,870,435047,69
25,30,2,871,435547,71
25,30,2,872,436047,71
25,30,2,873,436547,61
25,30,2,874,437047,73
25,30,2,875,437547,72
25,30,2,876,438047,64
25,30,2,877,438547,64
25,30,2,878,439047,71
25,30,2,879,439547,70
25,30,2,880,440047,73
25,30,2,881,440547,69
25,30,2,882,441047,70
25,30,2,883,441547,62
25,30,2,884,442047,69
25,30,2,885,442547,67
25,30,2,886,443047,68
25,30,2,887,443547,69
25,30,2,888,444047,63
25,30,2,889,444547,67
25,30,2,890,445047,63
25,30,2,891,445547,60
25,30,2,892,446047,69
25,30,2,893,446547,63
25,30,2,894,447047,69
25,30,2,895,447547,67
25,30,2,896,448047,61
25,30,2,897,448547,63
25,30,2,898,449047,63
25,30,2,899,449547,61
25,30,2,900,450047,68
25,30,2,901,450547,63
25,30,2,902,451047,62
25,30,2,903,451547,69
25,30,2,904,452047,61
25,30,2,905,452547,71
25,30,2,906,453047,69
25,30,2,907,453547,69
25,30,2,908,454047,69
25,30,2,909,454547,70
25,30,2,910,455047,71
25,30,2,911,455547,70
25,30,2,912,456047,71
25,30,2,913,456547,69
25,30,2,914,457047,87
25,30,2,915,457547,73
25,30,2,916,458047,70
25,30,2,917,458547,71
25,30,2,918,459047,71
25,30,2,919,459547,63
25,30,2,920,460047,71
25,30,2,921,460547,61
25,30,2,922,461047,73
25,30,2,923,461547,68
25,30,2,924,462047,73
25,30,2,925,462547,71
25,30,2,926,463047,73
25,30,2,927,463547,63
25,30,2,928,464047,69
25,30,2,929,464547,69
25,30,2,930,465047,71
25,30,2,931,465547,69
25,30,2,932,466047,62
25,30,2,933,466547,68
25,30,2,934,467047,63
25,30,2,935,467547,69
25,30,2,936,468047,63
25,30,2,937,468547,69
25,30,2,938,469047,53
25,30,2,939,469547,69
25,30,2,940,470047,71
25,30,2,941,470547,68
25,30,2,942,471047,69
25,30,2,943,471547,70
25,30,2,944,472047,75
25,30,2,945,472547,69
25,30,2,946,473047,60
25,30,2,947,473547,77
25,30,2,948,474047,73
25,30,2,949,474547,67
25,30,2,950,475047,75
25,30,2,951,475547,78
25,30,2,952,476047,71
25,30,2,953,476547,72
25,30,2,954,477047,69
25,30,2,955,477547,72
25,30,2,956,478047,71
25,30,2,957,478547,79
25,30,2,958,479047,70
25,30,2,959,479547,59
25,30,2,960,480047,70
25,30,2,961,480547,71
25,30,2,962,481047,70
25,30,2,963,481547,58
25,30,2,964,482047,75
25,30,2,965,482547,73
25,30,2,966,483047,63
25,30,2,967,483547,71
25,30,2,968,484047,73
25,30,2,969,484547,68
25,30,2,970,485047,71
25,30,2,971,485547,69
25,30,2,972,486047,68
25,30,2,973,486547,69
25,30,2,974,487047,69
25,30,2,975,487547,71
25,30,2,976,488047,71
25,30,2,977,488547,88
25,30,2,978,489047,69
25,30,2,979,489547,70
25,30,2,980,490047,61
25,30,2,981,490547,69
25,30,2,982,491047,71
25,30,2,983,491547,63
25,30,2,984,492047,69
25,30,2,985,492547,79
25,30,2,986,493047,71
25,30,2,987,493547,64
25,30,2,988,494047,71
25,30,2,989,494547,69
25,30,2,990,495047,69
25,30,2,991,495547,72
25,30,2,992,496047,69
25,30,2,993,496547,67
25,30,2,994,497047,72
25,30,2,995,497547,57
25,30,2,996,498047,72
25,30,2,997,498547,72
25,30,2,998,499047,83
25,30,2,999,499547,68
25,30,2,1000,500047,71
25,30,2,1001,500547,69
25,30,2,1002,501047,69
25,30,2,1003,501547,67
25,30,2,1004,502047,71
25,30,2,1005,502547,85
25,30,2,1006,503047,71
25,30,2,1007,503547,67
25,30,2,1008,504047,62
25,30,2,1009,504547,69
25,30,2,1010,505047,70
25,30,2,1011,505547,70
25,30,2,1012,506047,64
25,30,2,1013,506547,71
25,30,2,1014,507047,63
25,30,2,1015,507547,71
25,30,2,1016,508047,61
25,30,2,1017,508547,62
25,30,2,1018,509047,71
25,30,2,1019,509547,78
25,30,2,1020,510047,73
25,30,2,1021,510547,70
25,30,2,1022,511047,71
25,30,2,1023,511547,73
25,30,2,1024,512047,71
25,30,2,1025,512547,62
25,30,2,1026,513047,69
25,30,2,1027,513547,70
25,30,2,1028,514047,69
25,30,2,1029,514547,67
25,30,2,1030,515047,68
25,30,2,1031,515547,71
25,30,2,1032,516047,69
25,30,2,1033,516547,63
25,30,2,1034,517047,67
25,30,2,1035,517547,71
25,30,2,1036,518047,69
25,30,2,1037,518547,62
25,30,2,1038,519047,74
25,30,2,1039,519547,68
25,30,2,1040,520047,67
25,30,2,1041,520547,69
25,30,2,1042,521047,69
25,30,2,1043,521547,63
25,30,2,1044,522047,69
25,30,2,1045,522547,69
25,30,2,1046,523047,69
25,30,2,1047,523547,68
25,30,2,1048,524047,63
25,30,2,1049,524547,69
25,30,2,1050,525047,69
25,30,2,1051,525547,68
25,30,2,1052,526047,67
25,30,2,1053,526547,63
25,30,2,1054,527047,67
25,30,2,1055,527547,63
25,30,2,1056,528047,69
25,30,2,1057,528547,67
25,30,2,1058,529047,62
25,30,2,1059,529547,71
25,30,2,1060,530047,62
25,30,2,1061,530547,62
25,30,2,1062,531047,69
25,30,2,1063,531547,64
25,30,2,1064,532047,61
25,30,2,1065,532547,63
25,30,2,1066,533047,68
25,30,2,1067,533547,69
25,30,2,1068,534047,63
25,30,2,1069,534547,69
25,30,2,1070,535047,61
25,30,2,1071,535547,75
25,30,2,1072,536047,68
25,30,2,1073,536547,67
25,30,2,1074,537047,67
25,30,2,1075,537547,71
25,30,2,1076,538047,71
25,30,2,1077,538547,70
25,30,2,1078,539047,70
25,30,2,1079,539547,67
25,30,2,1080,540047,69
25,30,2,1081,540547,70
25,30,2,1082,541047,63
25,30,2,1083,541547,67
25,30,2,1084,542047,69
25,30,2,1085,542547,69
25,30,2,1086,543047,71
25,30,2,1087,543547,71
25,30,2,1088,544047,69
25,30,2,1089,544547,68
25,30,2,1090,545047,70
25,30,2,1091,545547,69
25,30,2,1092,546047,69
25,30,2,1093,546547,70
25,30,2,1094,547047,69
25,30,2,1095,547547,73
25,30,2,1096,548047,69
25,30,2,1097,548547,85
25,30,2,1098,549047,71
25,30,2,1099,549547,63
25,30,2,1100,550047,69
25,30,2,1101,550547,71
25,30,2,1102,551047,73
25,30,2,1103,551547,87
25,30,2,1104,552047,69
25,30,2,1105,552547,69
25,30,2,1106,553047,69
25,30,2,1107,553547,70
25,30,2,1108,554047,61
25,30,2,1109,554547,70
25,30,2,1110,555047,69
25,30,2,1111,555547,71
25,30,2,1112,556047,73
25,30,2,1113,556547,69
25,30,2,1114,557047,69
25,30,2,1115,557547,70
25,30,2,1116,558047,69
25,30,2,1117,558547,72
25,30,2,1118,559047,71
25,30,2,1119,559547,63
25,30,2,1120,560047,74
25,30,2,1121,560547,71
25,30,2,1122,561047,71
25,30,2,1123,561547,69
25,30,2,1124,562047,71
25,30,2,1125,562547,71
25,30,2,1126,563047,69
25,30,2,1127,563547,72
25,30,2,1128,564047,71
25,30,2,1129,564547,71
25,30,2,1130,565047,69
25,30,2,1131,565547,71
25,30,2,1132,566047,53
25,30,2,1133,566547,70
25,30,2,1134,567047,72
25,30,2,1135,567547,71
25,30,2,1136,568047,79
25,30,2,1137,568547,71
25,30,2,1138,569047,71
25,30,2,1139,569547,73
25,30,2,1140,570047,61
25,30,2,1141,570547,69
25,30,2,1142,571047,73
25,30,2,1143,571547,73
25,30,2,1144,572047,71
25,30,2,1145,572547,70
25,30,2,1146,573047,71
25,30,2,1147,573547,71
25,30,2,1148,574047,72
25,30,2,1149,574547,72
25,30,2,1150,575047,70
25,30,2,1151,575547,71
25,30,2,1152,576047,71
25,30,2,1153,576547,69
25,30,2,1154,577047,73
25,30,2,1155,577547,84
25,30,2,1156,578047,53
25,30,2,1157,578547,70
25,30,2,1158,579047,71
25,30,2,1159,579547,73
25,30,2,1160,580047,69
25,30,2,1161,580547,67
25,30,2,1162,581047,63
25,30,2,1163,581547,71
25,30,2,1164,582047,75
25,30,2,1165,582547,57
25,30,2,1166,583047,72
25,30,2,1167,583547,71
25,30,2,1168,584047,69
25,30,2,1169,584547,75
25,30,2,1170,585047,63
25,30,2,1171,585547,75
25,30,2,1172,586047,73
25,30,2,1173,586547,72
25,30,2,1174,587047,77
25,30,2,1175,587547,70
25,30,2,1176,588047,71
25,30,2,1177,588547,71
25,30,2,1178,589047,53
25,30,2,1179,589547,70
25,30,2,1180,590047,67
25,30,2,1181,590547,68
25,30,2,1182,591047,61
25,30,2,1183,591547,69
25,30,2,1184,592047,61
25,30,2,1185,592547,57
25,30,2,1186,593047,67
25,30,2,1187,593547,71
25,30,2,1188,594047,64
25,30,2,1189,594547,69
25,30,2,1190,595047,72
25,30,2,1191,595547,67
25,30,2,1192,596047,69
25,30,2,1193,596547,63
25,30,2,1194,597047,69
25,30,2,1195,597547,69
25,30,2,1196,598047,69
25,30,2,1197,598547,71
25,30,2,1198,599047,70
25,30,2,1199,599547,71
25,30,2,1200,600047,70
25,30,2,1201,600547,64
25,30,2,1202,601047,73
25,30,2,1203,601547,71
25,30,2,1204,602047,72
25,30,2,1205,602547,69
25,30,2,1206,603047,74
25,30,2,1207,603547,75
25,30,2,1208,604047,71
25,30,2,1209,604547,69
25,30,2,1210,605047,72
25,30,2,1211,605547,71
25,30,2,1212,606047,61
25,30,2,1213,606547,72
25,30,2,1214,607047,71
25,30,2,1215,607547,73
25,30,2,1216,608047,71
25,30,2,1217,608547,69
25,30,2,1218,609047,69
25,30,2,1219,609547,76
25,30,2,1220,610047,73
25,30,2,1221,610547,69
25,30,2,1222,611047,61
25,30,2,1223,611547,72
25,30,2,1224,612047,71
25,30,2,1225,612547,67
25,30,2,1226,613047,77
25,30,2,1227,613547,60
25,30,2,1228,614047,67
25,30,2,1229,614547,53
25,30,2,1230,615047,83
25,30,2,1231,615547,52
25,30,2,1232,616047,69
25,30,2,1233,616547,71
25,30,2,1234,617047,69
25,30,2,1235,617547,68
25,30,2,1236,618047,71
25,30,2,1237,618547,71
25,30,2,1238,619047,69
25,30,2,1239,619547,70
25,30,2,1240,620047,67
25,30,2,1241,620547,71
25,30,2,1242,621047,76
25,30,2,1243,621547,75
25,30,2,1244,622047,71
25,30,2,1245,622547,71
25,30,2,1246,623047,63
25,30,2,1247,623547,69
25,30,2,1248,624047,85
25,30,2,1249,624547,61
25,30,2,1250,625047,73
25,30,2,1251,625547,68
25,30,2,1252,626047,70
25,30,2,1253,626547,61
25,30,2,1254,627047,67
25,30,2,1255,627547,69
25,30,2,1256,628047,69
25,30,2,1257,628547,62
25,30,2,1258,629047,63
25,30,2,1259,629547,50
25,30,2,1260,630047,61
25,30,2,1261,630547,51
25,30,2,1262,631047,69
25,30,2,1263,631547,60
25,30,2,1264,632047,61
25,30,2,1265,632547,63
25,30,2,1266,633047,61
25,30,2,1267,633547,71
25,30,2,1268,634047,67
25,30,2,1269,634547,59
25,30,2,1270,635047,59
25,30,2,1271,635547,63
25,30,2,1272,636047,57
25,30,2,1273,636547,53
25,30,2,1274,637047,74
25,30,2,1275,637547,59
25,30,2,1276,638047,61
25,30,2,1277,638547,59
25,30,2,1278,639047,62
25,30,2,1279,639547,61
25,30,2,1280,640047,61
25,30,2,1281,640547,63
25,30,2,1282,641047,71
25,30,2,1283,641547,59
25,30,2,1284,642047,69
25,30,2,1285,642547,63
25,30,2,1286,643047,72
25,30,2,1287,643547,67
25,30,2,1288,644047,62
25,30,2,1289,644547,69
25,30,2,1290,645047,67
25,30,2,1291,645547,64
25,30,2,1292,646047,67
25,30,2,1293,646547,69
25,30,2,1294,647047,72
25,30,2,1295,647547,69
25,30,2,1296,648047,69
25,30,2,1297,648547,69
25,30,2,1298,649047,71
25,30,2,1299,649547,74
25,30,2,1300,650047,68
25,30,2,1301,650547,68
25,30,2,1302,651047,69
25,30,2,1303,651547,69
25,30,2,1304,652047,70
25,30,2,1305,652547,68
25,30,2,1306,653047,69
25,30,2,1307,653547,62
25,30,2,1308,654047,69
25,30,2,1309,654547,69
25,30,2,1310,655047,69
25,30,2,1311,655547,71
25,30,2,1312,656047,71
25,30,2,1313,656547,71
25,30,2,1314,657047,69
25,30,2,1315,657547,71
25,30,2,1316,658047,68
25,30,2,1317,658547,55
25,30,2,1318,659047,72
25,30,2,1319,659547,69
25,30,2,1320,660047,69
25,30,2,1321,660547,67
25,30,2,1322,661047,73
25,30,2,1323,661547,70
25,30,2,1324,662047,69
25,30,2,1325,662547,69
25,30,2,1326,663047,71
25,30,2,1327,663547,69
25,30,2,1328,664047,63
25,30,2,1329,664547,56
25,30,2,1330,665047,72
25,30,2,1331,665547,67
25,30,2,1332,666047,63
25,30,2,1333,666547,61
25,30,2,1334,667047,67
25,30,2,1335,667547,67
25,30,2,1336,668047,71
25,30,2,1337,668547,69
25,30,2,1338,669047,47
25,30,2,1339,669547,69
25,30,2,1340,670047,70
25,30,2,1341,670547,61
25,30,2,1342,671047,69
25,30,2,1343,671547,72
25,30,2,1344,672047,72
25,30,2,1345,672547,63
25,30,2,1346,673047,71
25,30,2,1347,673547,69
25,30,2,1348,674047,70
25,30,2,1349,674547,63
25,30,2,1350,675047,74
25,30,2,1351,675547,86
25,30,2,1352,676047,59
25,30,2,1353,676547,57
25,30,2,1354,677047,69
25,30,2,1355,677547,63
25,30,2,1356,678047,72
25,30,2,1357,678547,71
25,30,2,1358,679047,70
25,30,2,1359,679547,73
25,30,2,1360,680047,76
25,30,2,1361,680547,71
25,30,2,1362,681047,72
25,30,2,1363,681547,71
25,30,2,1364,682047,72
25,30,2,1365,682547,71
25,30,2,1366,683047,71
25,30,2,1367,683547,71
25,30,2,1368,684047,70
25,30,2,1369,684547,63
25,30,2,1370,685047,73
25,30,2,1371,685547,63
25,30,2,1372,686047,72
25,30,2,1373,686547,91
25,30,2,1374,687047,69
25,30,2,1375,687547,71
25,30,2,1376,688047,71
25,30,2,1377,688547,69
25,30,2,1378,689047,71
25,30,2,1379,689547,69
25,30,2,1380,690047,71
25,30,2,1381,690547,70
25,30,2,1382,691047,68
25,30,2,1383,691547,71
25,30,2,1384,692047,70
25,30,2,1385,692547,71
25,30,2,1386,693047,72
25,30,2,1387,693547,71
25,30,2,1388,694047,69
25,30,2,1389,694547,68
25,30,2,1390,695047,71
25,30,2,1391,695547,59
25,30,2,1392,696047,72
25,30,2,1393,696547,71
25,30,2,1394,697047,70
25,30,2,1395,697547,71
25,30,2,1396,698047,71
25,30,2,1397,698547,72
25,30,2,1398,699047,63
25,30,2,1399,699547,72
25,30,2,1400,700047,70
25,30,2,1401,700547,71
25,30,2,1402,701047,63
25,30,2,1403,701547,70
25,30,2,1404,702047,71
25,30,2,1405,702547,69
25,30,2,1406,703047,73
25,30,2,1407,703547,71
25,30,2,1408,704047,73
25,30,2,1409,704547,73
25,30,2,1410,705047,71
25,30,2,1411,705547,71
25,30,2,1412,706047,69
25,30,2,1413,706547,71
25,30,2,1414,707047,74
25,30,2,1415,707547,60
25,30,2,1416,708047,69
25,30,2,1417,708547,73
25,30,2,1418,709047,71
25,30,2,1419,709547,73
25,30,2,1420,710047,73
25,30,2,1421,710547,71
25,30,2,1422,711047,71
25,30,2,1423,711547,68
25,30,2,1424,712047,85
25,30,2,1425,712547,73
25,30,2,1426,713047,69
25,30,2,1427,713547,61
25,30,2,1428,714047,71
25,30,2,1429,714547,73
25,30,2,1430,715047,71
25,30,2,1431,715547,67
25,30,2,1432,716047,75
25,30,2,1433,716547,71
25,30,2,1434,717047,68
25,30,2,1435,717547,72
25,30,2,1436,718047,75
25,30,2,1437,718547,71
25,30,2,1438,719047,72
25,30,2,1439,719547,71
25,30,2,1440,720047,72
25,30,2,1441,720547,74
25,30,2,1442,721047,73
25,30,2,1443,721547,69
25,30,2,1444,722047,74
25,30,2,1445,722547,70
25,30,2,1446,723047,73
25,30,2,1447,723547,72
25,30,2,1448,724047,72
25,30,2,1449,724547,71
25,30,2,1450,725047,73
25,30,2,1451,725547,73
25,30,2,1452,726047,73
25,30,2,1453,726547,70
25,30,2,1454,727047,71
25,30,2,1455,727547,71
25,30,2,1456,728047,73
25,30,2,1457,728547,70
25,30,2,1458,729047,76
25,30,2,1459,729547,71
25,30,2,1460,730047,73
25,30,2,1461,730547,72
25,30,2,1462,731047,67
25,30,2,1463,731547,62
25,30,2,1464,732047,70
25,30,2,1465,732547,73
25,30,2,1466,733047,73
25,30,2,1467,733547,73
25,30,2,1468,734047,71
25,30,2,1469,734547,67
25,30,2,1470,735047,71
25,30,2,1471,735547,71
25,30,2,1472,736047,72
25,30,2,1473,736547,72
25,30,2,1474,737047,71
25,30,2,1475,737547,71
25,30,2,1476,738047,63
25,30,2,1477,738547,70
25,30,2,1478,739047,71
25,30,2,1479,739547,69
25,30,2,1480,740047,67
25,30,2,1481,740547,52
25,30,2,1482,741047,71
25,30,2,1483,741547,77
25,30,2,1484,742047,61
25,30,2,1485,742547,69
25,30,2,1486,743047,71
25,30,2,1487,743547,71
25,30,2,1488,744047,71
25,30,2,1489,744547,69
25,30,2,1490,745047,71
25,30,2,1491,745547,77
25,30,2,1492,746047,71
25,30,2,1493,746547,69
25,30,2,1494,747047,71
25,30,2,1495,747547,69
25,30,2,1496,748047,72
25,30,2,1497,748547,71
25,30,2,1498,749047,71
25,30,2,1499,749547,71
25,30,2,1500,750047,73
25,30,2,1501,750547,73
25,30,2,1502,751047,73
25,30,2,1503,751547,72
25,30,2,1504,752047,64
25,30,2,1505,752547,69
25,30,2,1506,753047,71
25,30,2,1507,753547,71
25,30,2,1508,754047,62
25,30,2,1509,754547,70
25,30,2,1510,755047,61
25,30,2,1511,755547,71
25,30,2,1512,756047,71
25,30,2,1513,756547,70
25,30,2,1514,757047,69
25,30,2,1515,757547,69
25,30,2,1516,758047,76
25,30,2,1517,758547,69
25,30,2,1518,759047,69
25,30,2,1519,759547,63
25,30,2,1520,760047,77
25,30,2,1521,760547,54
25,30,2,1522,761047,67
25,30,2,1523,761547,61
25,30,2,1524,762047,73
25,30,2,1525,762547,71
25,30,2,1526,763047,69
25,30,2,1527,763547,67
25,30,2,1528,764047,85
25,30,2,1529,764547,61
25,30,2,1530,765047,81
25,30,2,1531,765547,68
25,30,2,1532,766047,67
25,30,2,1533,766547,71
25,30,2,1534,767047,77
25,30,2,1535,767547,63
25,30,2,1536,768047,67
25,30,2,1537,768547,67
25,30,2,1538,769047,62
25,30,2,1539,769547,72
25,30,2,1540,770047,70
25,30,2,1541,770547,69
25,30,2,1542,771047,70
25,30,2,1543,771547,91
25,30,2,1544,772047,75
25,30,2,1545,772547,71
25,30,2,1546,773047,71
25,30,2,1547,773547,69
25,30,2,1548,774047,68
25,30,2,1549,774547,63
25,30,2,1550,775047,69
25,30,2,1551,775547,63
25,30,2,1552,776047,61
25,30,2,1553,776547,71
25,30,2,1554,777047,71
25,30,2,1555,777547,57
25,30,2,1556,778047,63
25,30,2,1557,778547,70
25,30,2,1558,779047,61
25,30,2,1559,779547,70
25,30,2,1560,780047,61
25,30,2,1561,780547,71
25,30,2,1562,781047,53
25,30,2,1563,781547,69
25,30,2,1564,782047,63
25,30,2,1565,782547,67
25,30,2,1566,783047,54
25,30,2,1567,783547,63
25,30,2,1568,784047,85
25,30,2,1569,784547,60
25,30,2,1570,785047,63
25,30,2,1571,785547,67
25,30,2,1572,786047,67
25,30,2,1573,786547,61
25,30,2,1574,787047,67
25,30,2,1575,787547,59
25,30,2,1576,788047,68
25,30,2,1577,788547,69
25,30,2,1578,789047,62
25,30,2,1579,789547,59
25,30,2,1580,790047,62
25,30,2,1581,790547,61
25,30,2,1582,791047,51
25,30,2,1583,791547,63
25,30,2,1584,792047,67
25,30,2,1585,792547,62
25,30,2,1586,793047,68
25,30,2,1587,793547,57
25,30,2,1588,794047,63
25,30,2,1589,794547,61
25,30,2,1590,795047,68
25,30,2,1591,795547,67
25,30,2,1592,796047,62
25,30,2,1593,796547,77
25,30,2,1594,797047,68
25,30,2,1595,797547,63
25,30,2,1596,798047,69
25,30,2,1597,798547,69
25,30,2,1598,799047,69
25,30,2,1599,799547,71
25,30,2,1600,800047,61
25,30,2,1601,800547,63
25,30,2,1602,801047,71
25,30,2,1603,801547,68
25,30,2,1604,802047,79
25,30,2,1605,802547,71
25,30,2,1606,803047,69
25,30,2,1607,803547,68
25,30,2,1608,804047,68
25,30,2,1609,804547,71
25,30,2,1610,805047,61
25,30,2,1611,805547,69
25,30,2,1612,806047,71
25,30,2,1613,806547,69
25,30,2,1614,807047,75
25,30,2,1615,807547,71
25,30,2,1616,808047,67
25,30,2,1617,808547,58
25,30,2,1618,809047,69
25,30,2,1619,809547,67
25,30,2,1620,810047,71
25,30,2,1621,810547,69
25,30,2,1622,811047,71
25,30,2,1623,811547,69
25,30,2,1624,812047,69
25,30,2,1625,812547,69
25,30,2,1626,813047,72
25,30,2,1627,813547,69
25,30,2,1628,814047,68
25,30,2,1629,814547,68
25,30,2,1630,815047,69
25,30,2,1631,815547,70
25,30,2,1632,816047,68
25,30,2,1633,816547,61
25,30,2,1634,817047,71
25,30,2,1635,817547,69
25,30,2,1636,818047,74
25,30,2,1637,818547,67
25,30,2,1638,819047,69
25,30,2,1639,819547,67
25,30,2,1640,820047,70
25,30,2,1641,820547,69
25,30,2,1642,821047,61
25,30,2,1643,821547,59
25,30,2,1644,822047,69
25,30,2,1645,822547,72
25,30,2,1646,823047,61
25,30,2,1647,823547,61
25,30,2,1648,824047,51
25,30,2,1649,824547,57
25,30,2,1650,825047,67
25,30,2,1651,825547,68
25,30,2,1652,826047,73
25,30,2,1653,826547,62
25,30,2,1654,827047,73
25,30,2,1655,827547,61
25,30,2,1656,828047,73
25,30,2,1657,828547,71
25,30,2,1658,829047,61
25,30,2,1659,829547,69
25,30,2,1660,830047,70
25,30,2,1661,830547,64
25,30,2,1662,831047,71
25,30,2,1663,831547,69
25,30,2,1664,832047,71
25,30,2,1665,832547,72
25,30,2,1666,833047,69
25,30,2,1667,833547,68
25,30,2,1668,834047,73
25,30,2,1669,834547,69
25,30,2,1670,835047,76
25,30,2,1671,835547,69
25,30,2,1672,836047,71
25,30,2,1673,836547,72
25,30,2,1674,837047,63
25,30,2,1675,837547,69
25,30,2,1676,838047,71
25,30,2,1677,838547,61
25,30,2,1678,839047,71
25,30,2,1679,839547,71
25,30,2,1680,840047,71
25,30,2,1681,840547,69
25,30,2,1682,841047,71
25,30,2,1683,841547,68
25,30,2,1684,842047,69
25,30,2,1685,842547,71
25,30,2,1686,843047,69
25,30,2,1687,843547,69
25,30,2,1688,844047,73
25,30,2,1689,844547,72
25,30,2,1690,845047,70
25,30,2,1691,845547,71
25,30,2,1692,846047,67
25,30,2,1693,846547,86
25,30,2,1694,847047,71
25,30,2,1695,847547,73
25,30,2,1696,848047,69
25,30,2,1697,848547,69
25,30,2,1698,849047,76
25,30,2,1699,849547,62
25,30,2,1700,850047,77
25,30,2,1701,850547,74
25,30,2,1702,851047,71
25,30,2,1703,851547,69
25,30,2,1704,852047,61
25,30,2,1705,852547,71
25,30,2,1706,853047,61
25,30,2,1707,853547,55
25,30,2,1708,854047,67
25,30,2,1709,854547,69
25,30,2,1710,855047,73
25,30,2,1711,855547,77
25,30,2,1712,856047,61
25,30,2,1713,856547,60
25,30,2,1714,857047,69
25,30,2,1715,857547,61
25,30,2,1716,858047,52
25,30,2,1717,858547,69
25,30,2,1718,859047,71
25,30,2,1719,859547,72
25,30,2,1720,860047,61
25,30,2,1721,860547,69
25,30,2,1722,861047,68
25,30,2,1723,861547,67
25,30,2,1724,862047,70
25,30,2,1725,862547,61
25,30,2,1726,863047,67
25,30,2,1727,863547,63
25,30,2,1728,864047,73
25,30,2,1729,864547,77
25,30,2,1730,865047,53
25,30,2,1731,865547,71
25,30,2,1732,866047,60
25,30,2,1733,866547,67
25,30,2,1734,867047,74
25,30,2,1735,867547,73
25,30,2,1736,868047,69
25,30,2,1737,868547,71
25,30,2,1738,869047,71
25,30,2,1739,869547,72
25,30,2,1740,870047,73
25,30,2,1741,870547,71
25,30,2,1742,871047,74
25,30,2,1743,871547,70
25,30,2,1744,872047,71
25,30,2,1745,872547,71
25,30,2,1746,873047,69
25,30,2,1747,873547,69
25,30,2,1748,874047,67
25,30,2,1749,874547,57
25,30,2,1750,875047,69
25,30,2,1751,875547,82
25,30,2,1752,876047,68
25,30,2,1753,876547,72
25,30,2,1754,877047,75
25,30,2,1755,877547,69
25,30,2,1756,878047,60
25,30,2,1757,878547,73
25,30,2,1758,879047,69
25,30,2,1759,879547,72
25,30,2,1760,880047,55
25,30,2,1761,880547,55
25,30,2,1762,881047,68
25,30,2,1763,881547,73
25,30,2,1764,882047,70
25,30,2,1765,882547,71
25,30,2,1766,883047,55
25,30,2,1767,883547,71
25,30,2,1768,884047,70
25,30,2,1769,884547,71
25,30,2,1770,885047,71
25,30,2,1771,885547,70
25,30,2,1772,886047,72
25,30,2,1773,886547,72
25,30,2,1774,887047,71
25,30,2,1775,887547,71
25,30,2,1776,888047,69
25,30,2,1777,888547,73
25,30,2,1778,889047,63
25,30,2,1779,889547,69
25,30,2,1780,890047,72
25,30,2,1781,890547,73
25,30,2,1782,891047,70
25,30,2,1783,891547,71
25,30,2,1784,892047,71
25,30,2,1785,892547,71
25,30,2,1786,893047,71
25,30,2,1787,893547,71
25,30,2,1788,894047,68
25,30,2,1789,894547,69
25,30,2,1790,895047,71
25,30,2,1791,895547,71
25,30,2,1792,896047,87
25,30,2,1793,896547,71
25,30,2,1794,897047,72
25,30,2,1795,897547,71
25,30,2,1796,898047,71
25,30,2,1797,898547,73
25,30,2,1798,899047,63
25,30,2,1799,899547,72
25,30,2,1800,900047,73
25,30,2,1801,900547,71
25,30,2,1802,901047,75
25,30,2,1803,901547,73
25,30,2,1804,902047,75
25,30,2,1805,902547,72
25,30,2,1806,903047,73
25,30,2,1807,903547,73
25,30,2,1808,904047,71
25,30,2,1809,904547,70
25,30,2,1810,905047,68
25,30,2,1811,905547,69
25,30,2,1812,906047,70
25,30,2,1813,906547,71
25,30,2,1814,907047,69
25,30,2,1815,907547,70
25,30,2,1816,908047,71
25,30,2,1817,908547,53
25,30,2,1818,909047,69
25,30,2,1819,909547,69
25,30,2,1820,910047,69
25,30,2,1821,910547,71
25,30,2,1822,911047,69
25,30,2,1823,911547,63
25,30,2,1824,912047,71
25,30,2,1825,912547,69
25,30,2,1826,913047,69
25,30,2,1827,913547,51
25,30,2,1828,914047,69
25,30,2,1829,914547,63
25,30,2,1830,915047,59
25,30,2,1831,915547,68
25,30,2,1832,916047,62
25,30,2,1833,916547,73
25,30,2,1834,917047,67
25,30,2,1835,917547,69
25,30,2,1836,918047,78
25,30,2,1837,918547,67
25,30,2,1838,919047,71
25,30,2,1839,919547,91
25,30,2,1840,920047,63
25,30,2,1841,920547,76
25,30,2,1842,921047,71
25,30,2,1843,921547,62
25,30,2,1844,922047,63
25,30,2,1845,922547,68
25,30,2,1846,923047,70
25,30,2,1847,923547,69
25,30,2,1848,924047,70
25,30,2,1849,924547,72
25,30,2,1850,925047,71
25,30,2,1851,925547,71
25,30,2,1852,926047,69
25,30,2,1853,926547,73
25,30,2,1854,927047,77
25,30,2,1855,927547,69
25,30,2,1856,928047,75
25,30,2,1857,928547,70
25,30,2,1858,929047,69
25,30,2,1859,929547,71
25,30,2,1860,930047,71
25,30,2,1861,930547,73
25,30,2,1862,931047,69
25,30,2,1863,931547,71
25,30,2,1864,932047,61
25,30,2,1865,932547,42
25,30,2,1866,933047,51
25,30,2,1867,933547,63
25,30,2,1868,934047,62
25,30,2,1869,934547,62
25,30,2,1870,935047,69
25,30,2,1871,935547,63
25,30,2,1872,936047,63
25,30,2,1873,936547,59
25,30,2,1874,937047,63
25,30,2,1875,937547,60
25,30,2,1876,938047,62
25,30,2,1877,938547,45
25,30,2,1878,939047,63
25,30,2,1879,939547,69
25,30,2,1880,940047,75
25,30,2,1881,940547,59
25,30,2,1882,941047,69
25,30,2,1883,941547,70
25,30,2,1884,942047,59
25,30,2,1885,942547,58
25,30,2,1886,943047,61
25,30,2,1887,943547,64
25,30,2,1888,944047,63
25,30,2,1889,944547,62
25,30,2,1890,945047,67
25,30,2,1891,945547,70
25,30,2,1892,946047,68
25,30,2,1893,946547,75
25,30,2,1894,947047,68
25,30,2,1895,947547,68
25,30,2,1896,948047,71
25,30,2,1897,948547,69
25,30,2,1898,949047,71
25,30,2,1899,949547,70
25,30,2,1900,950047,71
25,30,2,1901,950547,77
25,30,2,1902,951047,71
25,30,2,1903,951547,72
25,30,2,1904,952047,71
25,30,2,1905,952547,71
25,30,2,1906,953047,69
25,30,2,1907,953547,63
25,30,2,1908,954047,71
25,30,2,1909,954547,69
25,30,2,1910,955047,63
25,30,2,1911,955547,71
25,30,2,1912,956047,69
25,30,2,1913,956547,77
25,30,2,1914,957047,69
25,30,2,1915,957547,68
25,30,2,1916,958047,71
25,30,2,1917,958547,71
25,30,2,1918,959047,67
25,30,2,1919,959547,60
25,30,2,1920,960047,68
25,30,2,1921,960547,69
25,30,2,1922,961047,75
25,30,2,1923,961547,70
25,30,2,1924,962047,61
25,30,2,1925,962547,71
25,30,2,1926,963047,69
25,30,2,1927,963547,69
25,30,2,1928,964047,71
25,30,2,1929,964547,63
25,30,2,1930,965047,71
25,30,2,1931,965547,77
25,30,2,1932,966047,70
25,30,2,1933,966547,53
25,30,2,1934,967047,71
25,30,2,1935,967547,51
25,30,2,1936,968047,71
25,30,2,1937,968547,71
25,30,2,1938,969047,69
25,30,2,1939,969547,69
25,30,2,1940,970047,69
25,30,2,1941,970547,73
25,30,2,1942,971047,72
25,30,2,1943,971547,55
25,30,2,1944,972047,71
25,30,2,1945,972547,69
25,30,2,1946,973047,75
25,30,2,1947,973547,71
25,30,2,1948,974047,71
25,30,2,1949,974547,71
25,30,2,1950,975047,71
25,30,2,1951,975547,71
25,30,2,1952,976047,69
25,30,2,1953,976547,71
25,30,2,1954,977047,71
25,30,2,1955,977547,68
25,30,2,1956,978047,69
25,30,2,1957,978547,72
25,30,2,1958,979047,68
25,30,2,1959,979547,71
25,30,2,1960,980047,71
25,30,2,1961,980547,76
25,30,2,1962,981047,59
25,30,2,1963,981547,69
25,30,2,1964,982047,73
25,30,2,1965,982547,71
25,30,2,1966,983047,71
25,30,2,1967,983547,56
25,30,2,1968,984047,71
25,30,2,1969,984547,71
25,30,2,1970,985047,71
25,30,2,1971,985547,70
25,30,2,1972,986047,73
25,30,2,1973,986547,72
25,30,2,1974,987047,71
25,30,2,1975,987547,71
25,30,2,1976,988047,71
25,30,2,1977,988547,71
25,30,2,1978,989047,72
25,30,2,1979,989547,70
25,30,2,1980,990047,61
25,30,2,1981,990547,69
25,30,2,1982,991047,70
25,30,2,1983,991547,69
25,30,2,1984,992047,60
25,30,2,1985,992547,69
25,30,2,1986,993047,70
25,30,2,1987,993547,68
25,30,2,1988,994047,69
25,30,2,1989,994547,81
25,30,2,1990,995047,71
25,30,2,1991,995547,67
25,30,2,1992,996047,63
25,30,2,1993,996547,63
25,30,2,1994,997047,63
25,30,2,1995,997547,69
25,30,2,1996,998047,60
25,30,2,1997,998547,55
25,30,2,1998,999047,63
25,30,2,1999,999547,63
25,30,3,0,48,71
25,30,3,1,547,72
25,30,3,2,1047,61
25,30,3,3,1547,60
25,30,3,4,2047,53
25,30,3,5,2547,63
25,30,3,6,3047,72
25,30,3,7,3547,67
25,30,3,8,4047,64
25,30,3,9,4547,71
25,30,3,10,5047,69
25,30,3,11,5547,69
25,30,3,12,6047,59
25,30,3,13,6547,51
25,30,3,14,7047,47
25,30,3,15,7547,74
25,30,3,16,8047,72
25,30,3,17,8547,63
25,30,3,18,9047,69
25,30,3,19,9547,71
25,30,3,20,10047,63
25,30,3,21,10547,63
25,30,3,22,11047,71
25,30,3,23,11547,69
25,30,3,24,12047,63
25,30,3,25,12547,69
25,30,3,26,13047,90
25,30,3,27,13547,68
25,30,3,28,14047,70
25,30,3,29,14547,63
25,30,3,30,15047,69
25,30,3,31,15547,71
25,30,3,32,16047,76
25,30,3,33,16547,73
25,30,3,34,17047,69
25,30,3,35,17547,69
25,30,3,36,18047,71
25,30,3,37,18547,93
25,30,3,38,19047,71
25,30,3,39,19547,69
25,30,3,40,20047,72
25,30,3,41,20547,72
25,30,3,42,21047,69
25,30,3,43,21547,69
25,30,3,44,22047,71
25,30,3,45,22547,75
25,30,3,46,23047,67
25,30,3,47,23547,73
25,30,3,48,24047,71
25,30,3,49,24547,75
25,30,3,50,25047,69
25,30,3,51,25547,70
25,30,3,52,26047,63
25,30,3,53,26547,73
25,30,3,54,27047,64
25,30,3,55,27547,71
25,30,3,56,28047,69
25,30,3,57,28547,69
25,30,3,58,29047,71
25,30,3,59,29547,62
25,30,3,60,30047,71
25,30,3,61,30547,70
25,30,3,62,31047,69
25,30,3,63,31547,69
25,30,3,64,32047,61
25,30,3,65,32547,69
25,30,3,66,33047,71
25,30,3,67,33547,69
25,30,3,68,34047,71
25,30,3,69,34547,63
25,30,3,70,35047,71
25,30,3,71,35547,63
25,30,3,72,36047,72
25,30,3,73,36547,71
25,30,3,74,37047,85
25,30,3,75,37547,70
25,30,3,76,38047,57
25,30,3,77,38547,53
25,30,3,78,39047,79
25,30,3,79,39547,70
25,30,3,80,40047,64
25,30,3,81,40547,71
25,30,3,82,41047,71
25,30,3,83,41547,71
25,30,3,84,42047,69
25,30,3,85,42547,71
25,30,3,86,43047,71
25,30,3,87,43547,72
25,30,3,88,44047,71
25,30,3,89,44547,61
25,30,3,90,45047,69
25,30,3,91,45547,70
25,30,3,92,46047,71
25,30,3,93,46547,79
25,30,3,94,47047,69
25,30,3,95,47547,69
25,30,3,96,48047,71
25,30,3,97,48547,71
25,30,3,98,49047,69
25,30,3,99,49547,69
25,30,3,100,50047,71
25,30,3,101,50547,69
25,30,3,102,51047,72
25,30,3,103,51547,69
25,30,3,104,52047,60
25,30,3,105,52547,67
25,30,3,106,53047,71
25,30,3,107,53547,68
25,30,3,108,54047,63
25,30,3,109,54547,68
25,30,3,110,55047,70
25,30,3,111,55547,53
25,30,3,112,56047,64
25,30,3,113,56547,68
25,30,3,114,57047,63
25,30,3,115,57547,63
25,30,3,116,58047,72
25,30,3,117,58547,59
25,30,3,118,59047,61
25,30,3,119,59547,69
25,30,3,120,60047,67
25,30,3,121,60547,69
25,30,3,122,61047,69
25,30,3,123,61547,63
25,30,3,124,62047,67
25,30,3,125,62547,71
25,30,3,126,63047,63
25,30,3,127,63547,63
25,30,3,128,64047,76
25,30,3,129,64547,64
25,30,3,130,65047,69
25,30,3,131,65547,69
25,30,3,132,66047,62
25,30,3,133,66547,46
25,30,3,134,67047,72
25,30,3,135,67547,63
25,30,3,136,68047,62
25,30,3,137,68547,61
25,30,3,138,69047,70
25,30,3,139,69547,62
25,30,3,140,70047,64
25,30,3,141,70547,53
25,30,3,142,71047,71
25,30,3,143,71547,62
25,30,3,144,72047,47
25,30,3,145,72547,71
25,30,3,146,73047,69
25,30,3,147,73547,69
25,30,3,148,74047,69
25,30,3,149,74547,69
25,30,3,150,75047,61
25,30,3,151,75547,61
25,30,3,152,76047,70
25,30,3,153,76547,68
25,30,3,154,77047,67
25,30,3,155,77547,69
25,30,3,156,78047,53
25,30,3,157,78547,67
25,30,3,158,79047,61
25,30,3,159,79547,63
25,30,3,160,80047,71
25,30,3,161,80547,69
25,30,3,162,81047,61
25,30,3,163,81547,71
25,30,3,164,82047,63
25,30,3,165,82547,63
25,30,3,166,83047,64
25,30,3,167,83547,67
25,30,3,168,84047,69
25,30,3,169,84547,76
25,30,3,170,85047,75
25,30,3,171,85547,63
25,30,3,172,86047,60
25,30,3,173,86547,69
25,30,3,174,87047,69
25,30,3,175,87547,67
25,30,3,176,88047,69
25,30,3,177,88547,53
25,30,3,178,89047,47
25,30,3,179,89547,71
25,30,3,180,90047,71
25,30,3,181,90547,72
25,30,3,182,91047,62
25,30,3,183,91547,69
25,30,3,184,92047,72
25,30,3,185,92547,69
25,30,3,186,93047,71
25,30,3,187,93547,63
25,30,3,188,94047,73
25,30,3,189,94547,68
25,30,3,190,95047,59
25,30,3,191,95547,71
25,30,3,192,96047,67
25,30,3,193,96547,85
25,30,3,194,97047,71
25,30,3,195,97547,69
25,30,3,196,98047,69
25,30,3,197,98547,72
25,30,3,198,99047,76
25,30,3,199,99547,64
25,30,3,200,100047,71
25,30,3,201,100547,70
25,30,3,202,101047,61
25,30,3,203,101547,68
25,30,3,204,102047,69
25,30,3,205,102547,69
25,30,3,206,103047,69
25,30,3,207,103547,70
25,30,3,208,104047,69
25,30,3,209,104547,69
25,30,3,210,105047,64
25,30,3,211,105547,69
25,30,3,212,106047,73
25,30,3,213,106547,73
25,30,3,214,107047,62
25,30,3,215,107547,69
25,30,3,216,108047,71
25,30,3,217,108547,63
25,30,3,218,109047,69
25,30,3,219,109547,71
25,30,3,220,110047,70
25,30,3,221,110547,69
25,30,3,222,111047,71
25,30,3,223,111547,69
25,30,3,224,112047,45
25,30,3,225,112547,67
25,30,3,226,113047,84
25,30,3,227,113547,68
25,30,3,228,114047,71
25,30,3,229,114547,71
25,30,3,230,115047,81
25,30,3,231,115547,67
25,30,3,232,116047,69
25,30,3,233,116547,67
25,30,3,234,117047,69
25,30,3,235,117547,63
25,30,3,236,118047,69
25,30,3,237,118547,69
25,30,3,238,119047,69
25,30,3,239,119547,69
25,30,3,240,120047,77
25,30,3,241,120547,69
25,30,3,242,121047,73
25,30,3,243,121547,61
25,30,3,244,122047,63
25,30,3,245,122547,71
25,30,3,246,123047,69
25,30,3,247,123547,73
25,30,3,248,124047,69
25,30,3,249,124547,64
25,30,3,250,125047,68
25,30,3,251,125547,69
25,30,3,252,126047,61
25,30,3,253,126547,70
25,30,3,254,127047,61
25,30,3,255,127547,59
25,30,3,256,128047,71
25,30,3,257,128547,71
25,30,3,258,129047,61
25,30,3,259,129547,69
25,30,3,260,130047,59
25,30,3,261,130547,84
25,30,3,262,131047,61
25,30,3,263,131547,75
25,30,3,264,132047,71
25,30,3,265,132547,67
25,30,3,266,133047,79
25,30,3,267,133547,71
25,30,3,268,134047,71
25,30,3,269,134547,67
25,30,3,270,135047,64
25,30,3,271,135547,58
25,30,3,272,136047,71
25,30,3,273,136547,67
25,30,3,274,137047,69
25,30,3,275,137547,70
25,30,3,276,138047,69
25,30,3,277,138547,62
25,30,3,278,139047,74
25,30,3,279,139547,71
25,30,3,280,140047,61
25,30,3,281,140547,70
25,30,3,282,141047,59
25,30,3,283,141547,70
25,30,3,284,142047,57
25,30,3,285,142547,68
25,30,3,286,143047,69
25,30,3,287,143547,71
25,30,3,288,144047,59
25,30,3,289,144547,69
25,30,3,290,145047,71
25,30,3,291,145547,60
25,30,3,292,146047,63
25,30,3,293,146547,68
25,30,3,294,147047,73
25,30,3,295,147547,63
25,30,3,296,148047,77
25,30,3,297,148547,71
25,30,3,298,149047,69
25,30,3,299,149547,57
25,30,3,300,150047,67
25,30,3,301,150547,63
25,30,3,302,151047,69
25,30,3,303,151547,63
25,30,3,304,152047,63
25,30,3,305,152547,61
25,30,3,306,153047,88
25,30,3,307,153547,57
25,30,3,308,154047,68
25,30,3,309,154547,69
25,30,3,310,155047,71
25,30,3,311,155547,79
25,30,3,312,156047,71
25,30,3,313,156547,63
25,30,3,314,157047,73
25,30,3,315,157547,69
25,30,3,316,158047,71
25,30,3,317,158547,73
25,30,3,318,159047,73
25,30,3,319,159547,63
25,30,3,320,160047,55
25,30,3,321,160547,69
25,30,3,322,161047,71
25,30,3,323,161547,71
25,30,3,324,162047,73
25,30,3,325,162547,71
25,30,3,326,163047,73
25,30,3,327,163547,71
25,30,3,328,164047,71
25,30,3,329,164547,73
25,30,3,330,165047,71
25,30,3,331,165547,71
25,30,3,332,166047,69
25,30,3,333,166547,63
25,30,3,334,167047,69
25,30,3,335,167547,70
25,30,3,336,168047,69
25,30,3,337,168547,62
25,30,3,338,169047,69
25,30,3,339,169547,68
25,30,3,340,170047,71
25,30,3,341,170547,69
25,30,3,342,171047,70
25,30,3,343,171547,67
25,30,3,344,172047,63
25,30,3,345,172547,69
25,30,3,346,173047,77
25,30,3,347,173547,80
25,30,3,348,174047,59
25,30,3,349,174547,67
25,30,3,350,175047,63
25,30,3,351,175547,69
25,30,3,352,176047,67
25,30,3,353,176547,68
25,30,3,354,177047,71
25,30,3,355,177547,69
25,30,3,356,178047,63
25,30,3,357,178547,68
25,30,3,358,179047,67
25,30,3,359,179547,61
25,30,3,360,180047,69
25,30,3,361,180547,68
25,30,3,362,181047,68
25,30,3,363,181547,73
25,30,3,364,182047,69
25,30,3,365,182547,79
25,30,3,366,183047,69
25,30,3,367,183547,72
25,30,3,368,184047,69
25,30,3,369,184547,69
25,30,3,370,185047,73
25,30,3,371,185547,71
25,30,3,372,186047,77
25,30,3,373,186547,67
25,30,3,374,187047,71
25,30,3,375,187547,71
25,30,3,376,188047,74
25,30,3,377,188547,79
25,30,3,378,189047,47
25,30,3,379,189547,89
25,30,3,380,190047,74
25,30,3,381,190547,72
25,30,3,382,191047,71
25,30,3,383,191547,72
25,30,3,384,192047,75
25,30,3,385,192547,71
25,30,3,386,193047,75
25,30,3,387,193547,47
25,30,3,388,194047,69
25,30,3,389,194547,63
25,30,3,390,195047,69
25,30,3,391,195547,63
25,30,3,392,196047,71
25,30,3,393,196547,69
25,30,3,394,197047,69
25,30,3,395,197547,70
25,30,3,396,198047,70
25,30,3,397,198547,70
25,30,3,398,199047,69
25,30,3,399,199547,71
25,30,3,400,200047,69
25,30,3,401,200547,62
25,30,3,402,201047,71
25,30,3,403,201547,69
25,30,3,404,202047,60
25,30,3,405,202547,69
25,30,3,406,203047,71
25,30,3,407,203547,73
25,30,3,408,204047,69
25,30,3,409,204547,69
25,30,3,410,205047,76
25,30,3,411,205547,71
25,30,3,412,206047,63
25,30,3,413,206547,75
25,30,3,414,207047,70
25,30,3,415,207547,71
25,30,3,416,208047,69
25,30,3,417,208547,69
25,30,3,418,209047,71
25,30,3,419,209547,71
25,30,3,420,210047,63
25,30,3,421,210547,71
25,30,3,422,211047,71
25,30,3,423,211547,61
25,30,3,424,212047,69
25,30,3,425,212547,72
25,30,3,426,213047,69
25,30,3,427,213547,69
25,30,3,428,214047,69
25,30,3,429,214547,71
25,30,3,430,215047,70
25,30,3,431,215547,61
25,30,3,432,216047,71
25,30,3,433,216547,74
25,30,3,434,217047,67
25,30,3,435,217547,63
25,30,3,436,218047,68
25,30,3,437,218547,68
25,30,3,438,219047,69
25,30,3,439,219547,84
25,30,3,440,220047,70
25,30,3,441,220547,61
25,30,3,442,221047,69
25,30,3,443,221547,68
25,30,3,444,222047,60
25,30,3,445,222547,69
25,30,3,446,223047,63
25,30,3,447,223547,63
25,30,3,448,224047,67
25,30,3,449,224547,63
25,30,3,450,225047,71
25,30,3,451,225547,69
25,30,3,452,226047,69
25,30,3,453,226547,69
25,30,3,454,227047,68
25,30,3,455,227547,69
25,30,3,456,228047,47
25,30,3,457,228547,63
25,30,3,458,229047,69
25,30,3,459,229547,68
25,30,3,460,230047,53
25,30,3,461,230547,62
25,30,3,462,231047,71
25,30,3,463,231547,67
25,30,3,464,232047,67
25,30,3,465,232547,59
25,30,3,466,233047,63
25,30,3,467,233547,71
25,30,3,468,234047,61
25,30,3,469,234547,63
25,30,3,470,235047,71
25,30,3,471,235547,69
25,30,3,472,236047,61
25,30,3,473,236547,62
25,30,3,474,237047,67
25,30,3,475,237547,63
25,30,3,476,238047,61
25,30,3,477,238547,63
25,30,3,478,239047,69
25,30,3,479,239547,68
25,30,3,480,240047,63
25,30,3,481,240547,69
25,30,3,482,241047,68
25,30,3,483,241547,62
25,30,3,484,242047,63
25,30,3,485,242547,67
25,30,3,486,243047,63
25,30,3,487,243547,63
25,30,3,488,244047,69
25,30,3,489,244547,61
25,30,3,490,245047,71
25,30,3,491,245547,59
25,30,3,492,246047,78
25,30,3,493,246547,67
25,30,3,494,247047,69
25,30,3,495,247547,67
25,30,3,496,248047,71
25,30,3,497,248547,69
25,30,3,498,249047,68
25,30,3,499,249547,71
25,30,3,500,250047,55
25,30,3,501,250547,70
25,30,3,502,251047,71
25,30,3,503,251547,72
25,30,3,504,252047,72
25,30,3,505,252547,69
25,30,3,506,253047,71
25,30,3,507,253547,71
25,30,3,508,254047,71
25,30,3,509,254547,71
25,30,3,510,255047,71
25,30,3,511,255547,69
25,30,3,512,256047,73
25,30,3,513,256547,70
25,30,3,514,257047,69
25,30,3,515,257547,75
25,30,3,516,258047,71
25,30,3,517,258547,76
25,30,3,518,259047,71
25,30,3,519,259547,68
25,30,3,520,260047,71
25,30,3,521,260547,71
25,30,3,522,261047,69
25,30,3,523,261547,71
25,30,3,524,262047,63
25,30,3,525,262547,51
25,30,3,526,263047,69
25,30,3,527,263547,70
25,30,3,528,264047,63
25,30,3,529,264547,67
25,30,3,530,265047,61
25,30,3,531,265547,69
25,30,3,532,266047,59
25,30,3,533,266547,59
25,30,3,534,267047,61
25,30,3,535,267547,61
25,30,3,536,268047,62
25,30,3,537,268547,62
25,30,3,538,269047,69
25,30,3,539,269547,61
25,30,3,540,270047,61
25,30,3,541,270547,68
25,30,3,542,271047,63
25,30,3,543,271547,69
25,30,3,544,272047,67
25,30,3,545,272547,67
25,30,3,546,273047,64
25,30,3,547,273547,71
25,30,3,548,274047,62
25,30,3,549,274547,69
25,30,3,550,275047,69
25,30,3,551,275547,73
25,30,3,552,276047,67
25,30,3,553,276547,63
25,30,3,554,277047,84
25,30,3,555,277547,77
25,30,3,556,278047,75
25,30,3,557,278547,70
25,30,3,558,279047,72
25,30,3,559,279547,75
25,30,3,560,280047,72
25,30,3,561,280547,69
25,30,3,562,281047,61
25,30,3,563,281547,75
25,30,3,564,282047,71
25,30,3,565,282547,70
25,30,3,566,283047,71
25,30,3,567,283547,71
25,30,3,568,284047,71
25,30,3,569,284547,70
25,30,3,570,285047,72
25,30,3,571,285547,71
25,30,3,572,286047,87
25,30,3,573,286547,72
25,30,3,574,287047,67
25,30,3,575,287547,63
25,30,3,576,288047,61
25,30,3,577,288547,71
25,30,3,578,289047,87
25,30,3,579,289547,69
25,30,3,580,290047,69
25,30,3,581,290547,69
25,30,3,582,291047,69
25,30,3,583,291547,72
25,30,3,584,292047,77
25,30,3,585,292547,73
25,30,3,586,293047,69
25,30,3,587,293547,67
25,30,3,588,294047,73
25,30,3,589,294547,79
25,30,3,590,295047,73
25,30,3,591,295547,69
25,30,3,592,296047,79
25,30,3,593,296547,48
25,30,3,594,297047,70
25,30,3,595,297547,69
25,30,3,596,298047,70
25,30,3,597,298547,67
25,30,3,598,299047,69
25,30,3,599,299547,57
25,30,3,600,300047,63
25,30,3,601,300547,68
25,30,3,602,301047,71
25,30,3,603,301547,69
25,30,3,604,302047,69
25,30,3,605,302547,73
25,30,3,606,303047,69
25,30,3,607,303547,63
25,30,3,608,304047,69
25,30,3,609,304547,61
25,30,3,610,305047,69
25,30,3,611,305547,73
25,30,3,612,306047,71
25,30,3,613,306547,73
25,30,3,614,307047,69
25,30,3,615,307547,72
25,30,3,616,308047,70
25,30,3,617,308547,70
25,30,3,618,309047,72
25,30,3,619,309547,73
25,30,3,620,310047,71
25,30,3,621,310547,72
25,30,3,622,311047,71
25,30,3,623,311547,72
25,30,3,624,312047,71
25,30,3,625,312547,59
25,30,3,626,313047,73
25,30,3,627,313547,71
25,30,3,628,314047,69
25,30,3,629,314547,73
25,30,3,630,315047,69
25,30,3,631,315547,71
25,30,3,632,316047,79
25,30,3,633,316547,67
25,30,3,634,317047,73
25,30,3,635,317547,71
25,30,3,636,318047,61
25,30,3,637,318547,72
25,30,3,638,319047,70
25,30,3,639,319547,70
25,30,3,640,320047,71
25,30,3,641,320547,73
25,30,3,642,321047,67
25,30,3,643,321547,70
25,30,3,644,322047,71
25,30,3,645,322547,62
25,30,3,646,323047,69
25,30,3,647,323547,69
25,30,3,648,324047,69
25,30,3,649,324547,69
25,30,3,650,325047,69
25,30,3,651,325547,67
25,30,3,652,326047,61
25,30,3,653,326547,69
25,30,3,654,327047,71
25,30,3,655,327547,59
25,30,3,656,328047,63
25,30,3,657,328547,62
25,30,3,658,329047,72
25,30,3,659,329547,63
25,30,3,660,330047,71
25,30,3,661,330547,63
25,30,3,662,331047,63
25,30,3,663,331547,69
25,30,3,664,332047,73
25,30,3,665,332547,62
25,30,3,666,333047,71
25,30,3,667,333547,61
25,30,3,668,334047,68
25,30,3,669,334547,62
25,30,3,670,335047,63
25,30,3,671,335547,61
25,30,3,672,336047,62
25,30,3,673,336547,64
25,30,3,674,337047,67
25,30,3,675,337547,63
25,30,3,676,338047,69
25,30,3,677,338547,63
25,30,3,678,339047,62
25,30,3,679,339547,69
25,30,3,680,340047,68
25,30,3,681,340547,67
25,30,3,682,341047,61
25,30,3,683,341547,72
25,30,3,684,342047,70
25,30,3,685,342547,61
25,30,3,686,343047,70
25,30,3,687,343547,59
25,30,3,688,344047,71
25,30,3,689,344547,71
25,30,3,690,345047,69
25,30,3,691,345547,57
25,30,3,692,346047,63
25,30,3,693,346547,73
25,30,3,694,347047,69
25,30,3,695,347547,81
25,30,3,696,348047,55
25,30,3,697,348547,67
25,30,3,698,349047,72
25,30,3,699,349547,68
25,30,3,700,350047,87
25,30,3,701,350547,70
25,30,3,702,351047,71
25,30,3,703,351547,75
25,30,3,704,352047,69
25,30,3,705,352547,71
25,30,3,706,353047,71
25,30,3,707,353547,63
25,30,3,708,354047,69
25,30,3,709,354547,71
25,30,3,710,355047,69
25,30,3,711,355547,67
25,30,3,712,356047,67
25,30,3,713,356547,68
25,30,3,714,357047,63
25,30,3,715,357547,62
25,30,3,716,358047,73
25,30,3,717,358547,62
25,30,3,718,359047,61
25,30,3,719,359547,68
25,30,3,720,360047,63
25,30,3,721,360547,62
25,30,3,722,361047,61
25,30,3,723,361547,62
25,30,3,724,362047,63
25,30,3,725,362547,68
25,30,3,726,363047,62
25,30,3,727,363547,62
25,30,3,728,364047,63
25,30,3,729,364547,45
25,30,3,730,365047,63
25,30,3,731,365547,69
25,30,3,732,366047,63
25,30,3,733,366547,67
25,30,3,734,367047,69
25,30,3,735,367547,62
25,30,3,736,368047,67
25,30,3,737,368547,67
25,30,3,738,369047,63
25,30,3,739,369547,61
25,30,3,740,370047,67
25,30,3,741,370547,62
25,30,3,742,371047,63
25,30,3,743,371547,69
25,30,3,744,372047,83
25,30,3,745,372547,69
25,30,3,746,373047,61
25,30,3,747,373547,69
25,30,3,748,374047,62
25,30,3,749,374547,59
25,30,3,750,375047,63
25,30,3,751,375547,63
25,30,3,752,376047,63
25,30,3,753,376547,68
25,30,3,754,377047,63
25,30,3,755,377547,63
25,30,3,756,378047,68
25,30,3,757,378547,69
25,30,3,758,379047,63
25,30,3,759,379547,69
25,30,3,760,380047,72
25,30,3,761,380547,69
25,30,3,762,381047,63
25,30,3,763,381547,71
25,30,3,764,382047,73
25,30,3,765,382547,67
25,30,3,766,383047,71
25,30,3,767,383547,69
25,30,3,768,384047,67
25,30,3,769,384547,69
25,30,3,770,385047,70
25,30,3,771,385547,67
25,30,3,772,386047,68
25,30,3,773,386547,71
25,30,3,774,387047,71
25,30,3,775,387547,69
25,30,3,776,388047,69
25,30,3,777,388547,71
25,30,3,778,389047,71
25,30,3,779,389547,83
25,30,3,780,390047,82
25,30,3,781,390547,71
25,30,3,782,391047,69
25,30,3,783,391547,73
25,30,3,784,392047,73
25,30,3,785,392547,61
25,30,3,786,393047,74
25,30,3,787,393547,71
25,30,3,788,394047,71
25,30,3,789,394547,73
25,30,3,790,395047,72
25,30,3,791,395547,72
25,30,3,792,396047,69
25,30,3,793,396547,71
25,30,3,794,397047,74
25,30,3,795,397547,72
25,30,3,796,398047,72
25,30,3,797,398547,83
25,30,3,798,399047,71
25,30,3,799,399547,73
25,30,3,800,400047,71
25,30,3,801,400547,68
25,30,3,802,401047,56
25,30,3,803,401547,71
25,30,3,804,402047,70
25,30,3,805,402547,70
25,30,3,806,403047,71
25,30,3,807,403547,69
25,30,3,808,404047,69
25,30,3,809,404547,73
25,30,3,810,405047,71
25,30,3,811,405547,67
25,30,3,812,406047,76
25,30,3,813,406547,88
25,30,3,814,407047,70
25,30,3,815,407547,69
25,30,3,816,408047,70
25,30,3,817,408547,73
25,30,3,818,409047,67
25,30,3,819,409547,71
25,30,3,820,410047,69
25,30,3,821,410547,71
25,30,3,822,411047,73
25,30,3,823,411547,71
25,30,3,824,412047,47
25,30,3,825,412547,75
25,30,3,826,413047,53
25,30,3,827,413547,71
25,30,3,828,414047,63
25,30,3,829,414547,73
25,30,3,830,415047,73
25,30,3,831,415547,69
25,30,3,832,416047,69
25,30,3,833,416547,69
25,30,3,834,417047,71
25,30,3,835,417547,70
25,30,3,836,418047,70
25,30,3,837,418547,71
25,30,3,838,419047,71
25,30,3,839,419547,69
25,30,3,840,420047,74
25,30,3,841,420547,73
25,30,3,842,421047,57
25,30,3,843,421547,72
25,30,3,844,422047,72
25,30,3,845,422547,68
25,30,3,846,423047,70
25,30,3,847,423547,61
25,30,3,848,424047,67
25,30,3,849,424547,71
25,30,3,850,425047,71
25,30,3,851,425547,71
25,30,3,852,426047,61
25,30,3,853,426547,46
25,30,3,854,427047,70
25,30,3,855,427547,69
25,30,3,856,428047,69
25,30,3,857,428547,71
25,30,3,858,429047,69
25,30,3,859,429547,63
25,30,3,860,430047,63
25,30,3,861,430547,69
25,30,3,862,431047,69
25,30,3,863,431547,69
25,30,3,864,432047,63
25,30,3,865,432547,69
25,30,3,866,433047,72
25,30,3,867,433547,70
25,30,3,868,434047,71
25,30,3,869,434547,71
25,30,3,870,435047,70
25,30,3,871,435547,69
25,30,3,872,436047,72
25,30,3,873,436547,70
25,30,3,874,437047,71
25,30,3,875,437547,73
25,30,3,876,438047,69
25,30,3,877,438547,73
25,30,3,878,439047,69
25,30,3,879,439547,71
25,30,3,880,440047,71
25,30,3,881,440547,69
25,30,3,882,441047,75
25,30,3,883,441547,71
25,30,3,884,442047,71
25,30,3,885,442547,67
25,30,3,886,443047,71
25,30,3,887,443547,69
25,30,3,888,444047,67
25,30,3,889,444547,71
25,30,3,890,445047,63
25,30,3,891,445547,72
25,30,3,892,446047,71
25,30,3,893,446547,67
25,30,3,894,447047,61
25,30,3,895,447547,72
25,30,3,896,448047,69
25,30,3,897,448547,73
25,30,3,898,449047,61
25,30,3,899,449547,68
25,30,3,900,450047,59
25,30,3,901,450547,70
25,30,3,902,451047,68
25,30,3,903,451547,56
25,30,3,904,452047,69
25,30,3,905,452547,69
25,30,3,906,453047,61
25,30,3,907,453547,63
25,30,3,908,454047,63
25,30,3,909,454547,69
25,30,3,910,455047,59
25,30,3,911,455547,68
25,30,3,912,456047,69
25,30,3,913,456547,75
25,30,3,914,457047,61
25,30,3,915,457547,71
25,30,3,916,458047,68
25,30,3,917,458547,63
25,30,3,918,459047,61
25,30,3,919,459547,61
25,30,3,920,460047,59
25,30,3,921,460547,69
25,30,3,922,461047,61
25,30,3,923,461547,70
25,30,3,924,462047,61
25,30,3,925,462547,85
25,30,3,926,463047,71
25,30,3,927,463547,71
25,30,3,928,464047,63
25,30,3,929,464547,71
25,30,3,930,465047,67
25,30,3,931,465547,69
25,30,3,932,466047,69
25,30,3,933,466547,69
25,30,3,934,467047,75
25,30,3,935,467547,55
25,30,3,936,468047,71
25,30,3,937,468547,67
25,30,3,938,469047,69
25,30,3,939,469547,67
25,30,3,940,470047,63
25,30,3,941,470547,61
25,30,3,942,471047,63
25,30,3,943,471547,61
25,30,3,944,472047,59
25,30,3,945,472547,60
25,30,3,946,473047,69
25,30,3,947,473547,69
25,30,3,948,474047,77
25,30,3,949,474547,63
25,30,3,950,475047,61
25,30,3,951,475547,60
25,30,3,952,476047,67
25,30,3,953,476547,62
25,30,3,954,477047,61
25,30,3,955,477547,63
25,30,3,956,478047,61
25,30,3,957,478547,62
25,30,3,958,479047,61
25,30,3,959,479547,67
25,30,3,960,480047,63
25,30,3,961,480547,63
25,30,3,962,481047,55
25,30,3,963,481547,63
25,30,3,964,482047,67
25,30,3,965,482547,69
25,30,3,966,483047,63
25,30,3,967,483547,69
25,30,3,968,484047,67
25,30,3,969,484547,71
25,30,3,970,485047,61
25,30,3,971,485547,72
25,30,3,972,486047,71
25,30,3,973,486547,70
25,30,3,974,487047,69
25,30,3,975,487547,71
25,30,3,976,488047,71
25,30,3,977,488547,71
25,30,3,978,489047,70
25,30,3,979,489547,69
25,30,3,980,490047,71
25,30,3,981,490547,75
25,30,3,982,491047,71
25,30,3,983,491547,71
25,30,3,984,492047,71
25,30,3,985,492547,67
25,30,3,986,493047,70
25,30,3,987,493547,70
25,30,3,988,494047,68
25,30,3,989,494547,69
25,30,3,990,495047,73
25,30,3,991,495547,71
25,30,3,992,496047,69
25,30,3,993,496547,72
25,30,3,994,497047,69
25,30,3,995,497547,69
25,30,3,996,498047,68
25,30,3,997,498547,69
25,30,3,998,499047,75
25,30,3,999,499547,71
25,30,3,1000,500047,69
25,30,3,1001,500547,61
25,30,3,1002,501047,73
25,30,3,1003,501547,68
25,30,3,1004,502047,63
25,30,3,1005,502547,69
25,30,3,1006,503047,69
25,30,3,1007,503547,63
25,30,3,1008,504047,67
25,30,3,1009,504547,68
25,30,3,1010,505047,73
25,30,3,1011,505547,68
25,30,3,1012,506047,68
25,30,3,1013,506547,64
25,30,3,1014,507047,53
25,30,3,1015,507547,78
25,30,3,1016,508047,68
25,30,3,1017,508547,71
25,30,3,1018,509047,68
25,30,3,1019,509547,69
25,30,3,1020,510047,71
25,30,3,1021,510547,71
25,30,3,1022,511047,69
25,30,3,1023,511547,71
25,30,3,1024,512047,73
25,30,3,1025,512547,56
25,30,3,1026,513047,73
25,30,3,1027,513547,75
25,30,3,1028,514047,69
25,30,3,1029,514547,70
25,30,3,1030,515047,76
25,30,3,1031,515547,73
25,30,3,1032,516047,55
25,30,3,1033,516547,72
25,30,3,1034,517047,75
25,30,3,1035,517547,76
25,30,3,1036,518047,70
25,30,3,1037,518547,72
25,30,3,1038,519047,71
25,30,3,1039,519547,72
25,30,3,1040,520047,70
25,30,3,1041,520547,69
25,30,3,1042,521047,53
25,30,3,1043,521547,53
25,30,3,1044,522047,73
25,30,3,1045,522547,67
25,30,3,1046,523047,71
25,30,3,1047,523547,70
25,30,3,1048,524047,55
25,30,3,1049,524547,71
25,30,3,1050,525047,71
25,30,3,1051,525547,63
25,30,3,1052,526047,56
25,30,3,1053,526547,73
25,30,3,1054,527047,69
25,30,3,1055,527547,63
25,30,3,1056,528047,72
25,30,3,1057,528547,71
25,30,3,1058,529047,69
25,30,3,1059,529547,69
25,30,3,1060,530047,69
25,30,3,1061,530547,61
25,30,3,1062,531047,67
25,30,3,1063,531547,64
25,30,3,1064,532047,91
25,30,3,1065,532547,63
25,30,3,1066,533047,70
25,30,3,1067,533547,79
25,30,3,1068,534047,67
25,30,3,1069,534547,69
25,30,3,1070,535047,71
25,30,3,1071,535547,73
25,30,3,1072,536047,55
25,30,3,1073,536547,63
25,30,3,1074,537047,69
25,30,3,1075,537547,67
25,30,3,1076,538047,69
25,30,3,1077,538547,71
25,30,3,1078,539047,71
25,30,3,1079,539547,67
25,30,3,1080,540047,55
25,30,3,1081,540547,71
25,30,3,1082,541047,73
25,30,3,1083,541547,70
25,30,3,1084,542047,63
25,30,3,1085,542547,69
25,30,3,1086,543047,69
25,30,3,1087,543547,72
25,30,3,1088,544047,67
25,30,3,1089,544547,71
25,30,3,1090,545047,71
25,30,3,1091,545547,44
25,30,3,1092,546047,63
25,30,3,1093,546547,70
25,30,3,1094,547047,69
25,30,3,1095,547547,61
25,30,3,1096,548047,68
25,30,3,1097,548547,71
25,30,3,1098,549047,69
25,30,3,1099,549547,63
25,30,3,1100,550047,69
25,30,3,1101,550547,69
25,30,3,1102,551047,68
25,30,3,1103,551547,71
25,30,3,1104,552047,62
25,30,3,1105,552547,59
25,30,3,1106,553047,69
25,30,3,1107,553547,69
25,30,3,1108,554047,71
25,30,3,1109,554547,78
25,30,3,1110,555047,73
25,30,3,1111,555547,68
25,30,3,1112,556047,69
25,30,3,1113,556547,72
25,30,3,1114,557047,71
25,30,3,1115,557547,82
25,30,3,1116,558047,69
25,30,3,1117,558547,71
25,30,3,1118,559047,69
25,30,3,1119,559547,69
25,30,3,1120,560047,68
25,30,3,1121,560547,72
25,30,3,1122,561047,69
25,30,3,1123,561547,47
25,30,3,1124,562047,70
25,30,3,1125,562547,68
25,30,3,1126,563047,68
25,30,3,1127,563547,62
25,30,3,1128,564047,62
25,30,3,1129,564547,69
25,30,3,1130,565047,57
25,30,3,1131,565547,62
25,30,3,1132,566047,69
25,30,3,1133,566547,81
25,30,3,1134,567047,63
25,30,3,1135,567547,68
25,30,3,1136,568047,75
25,30,3,1137,568547,61
25,30,3,1138,569047,83
25,30,3,1139,569547,59
25,30,3,1140,570047,67
25,30,3,1141,570547,69
25,30,3,1142,571047,57
25,30,3,1143,571547,69
25,30,3,1144,572047,76
25,30,3,1145,572547,62
25,30,3,1146,573047,62
25,30,3,1147,573547,63
25,30,3,1148,574047,63
25,30,3,1149,574547,67
25,30,3,1150,575047,69
25,30,3,1151,575547,71
25,30,3,1152,576047,71
25,30,3,1153,576547,72
25,30,3,1154,577047,63
25,30,3,1155,577547,69
25,30,3,1156,578047,71
25,30,3,1157,578547,71
25,30,3,1158,579047,74
25,30,3,1159,579547,61
25,30,3,1160,580047,73
25,30,3,1161,580547,69
25,30,3,1162,581047,72
25,30,3,1163,581547,71
25,30,3,1164,582047,71
25,30,3,1165,582547,70
25,30,3,1166,583047,55
25,30,3,1167,583547,72
25,30,3,1168,584047,71
25,30,3,1169,584547,68
25,30,3,1170,585047,74
25,30,3,1171,585547,69
25,30,3,1172,586047,73
25,30,3,1173,586547,63
25,30,3,1174,587047,70
25,30,3,1175,587547,70
25,30,3,1176,588047,62
25,30,3,1177,588547,63
25,30,3,1178,589047,63
25,30,3,1179,589547,61
25,30,3,1180,590047,69
25,30,3,1181,590547,62
25,30,3,1182,591047,59
25,30,3,1183,591547,50
25,30,3,1184,592047,73
25,30,3,1185,592547,61
25,30,3,1186,593047,59
25,30,3,1187,593547,59
25,30,3,1188,594047,60
25,30,3,1189,594547,60
25,30,3,1190,595047,69
25,30,3,1191,595547,61
25,30,3,1192,596047,59
25,30,3,1193,596547,63
25,30,3,1194,597047,47
25,30,3,1195,597547,74
25,30,3,1196,598047,71
25,30,3,1197,598547,64
25,30,3,1198,599047,71
25,30,3,1199,599547,73
25,30,3,1200,600047,70
25,30,3,1201,600547,71
25,30,3,1202,601047,71
25,30,3,1203,601547,89
25,30,3,1204,602047,69
25,30,3,1205,602547,75
25,30,3,1206,603047,70
25,30,3,1207,603547,58
25,30,3,1208,604047,71
25,30,3,1209,604547,72
25,30,3,1210,605047,71
25,30,3,1211,605547,75
25,30,3,1212,606047,73
25,30,3,1213,606547,71
25,30,3,1214,607047,74
25,30,3,1215,607547,75
25,30,3,1216,608047,73
25,30,3,1217,608547,75
25,30,3,1218,609047,62
25,30,3,1219,609547,74
25,30,3,1220,610047,74
25,30,3,1221,610547,74
25,30,3,1222,611047,76
25,30,3,1223,611547,75
25,30,3,1224,612047,72
25,30,3,1225,612547,74
25,30,3,1226,613047,71
25,30,3,1227,613547,71
25,30,3,1228,614047,73
25,30,3,1229,614547,70
25,30,3,1230,615047,71
25,30,3,1231,615547,71
25,30,3,1232,616047,55
25,30,3,1233,616547,71
25,30,3,1234,617047,68
25,30,3,1235,617547,72
25,30,3,1236,618047,73
25,30,3,1237,618547,68
25,30,3,1238,619047,67
25,30,3,1239,619547,71
25,30,3,1240,620047,71
25,30,3,1241,620547,71
25,30,3,1242,621047,69
25,30,3,1243,621547,71
25,30,3,1244,622047,67
25,30,3,1245,622547,63
25,30,3,1246,623047,69
25,30,3,1247,623547,71
25,30,3,1248,624047,73
25,30,3,1249,624547,71
25,30,3,1250,625047,69
25,30,3,1251,625547,71
25,30,3,1252,626047,63
25,30,3,1253,626547,69
25,30,3,1254,627047,69
25,30,3,1255,627547,69
25,30,3,1256,628047,67
25,30,3,1257,628547,62
25,30,3,1258,629047,61
25,30,3,1259,629547,69
25,30,3,1260,630047,70
25,30,3,1261,630547,63
25,30,3,1262,631047,61
25,30,3,1263,631547,68
25,30,3,1264,632047,63
25,30,3,1265,632547,71
25,30,3,1266,633047,69
25,30,3,1267,633547,63
25,30,3,1268,634047,57
25,30,3,1269,634547,62
25,30,3,1270,635047,63
25,30,3,1271,635547,67
25,30,3,1272,636047,61
25,30,3,1273,636547,63
25,30,3,1274,637047,63
25,30,3,1275,637547,70
25,30,3,1276,638047,69
25,30,3,1277,638547,68
25,30,3,1278,639047,61
25,30,3,1279,639547,85
25,30,3,1280,640047,71
25,30,3,1281,640547,67
25,30,3,1282,641047,63
25,30,3,1283,641547,69
25,30,3,1284,642047,69
25,30,3,1285,642547,69
25,30,3,1286,643047,72
25,30,3,1287,643547,63
25,30,3,1288,644047,71
25,30,3,1289,644547,61
25,30,3,1290,645047,69
25,30,3,1291,645547,63
25,30,3,1292,646047,70
25,30,3,1293,646547,63
25,30,3,1294,647047,67
25,30,3,1295,647547,63
25,30,3,1296,648047,63
25,30,3,1297,648547,62
25,30,3,1298,649047,71
25,30,3,1299,649547,63
25,30,3,1300,650047,69
25,30,3,1301,650547,79
25,30,3,1302,651047,69
25,30,3,1303,651547,70
25,30,3,1304,652047,63
25,30,3,1305,652547,69
25,30,3,1306,653047,67
25,30,3,1307,653547,68
25,30,3,1308,654047,63
25,30,3,1309,654547,62
25,30,3,1310,655047,63
25,30,3,1311,655547,67
25,30,3,1312,656047,70
25,30,3,1313,656547,69
25,30,3,1314,657047,68
25,30,3,1315,657547,68
25,30,3,1316,658047,51
25,30,3,1317,658547,67
25,30,3,1318,659047,63
25,30,3,1319,659547,51
25,30,3,1320,660047,59
25,30,3,1321,660547,69
25,30,3,1322,661047,69
25,30,3,1323,661547,61
25,30,3,1324,662047,72
25,30,3,1325,662547,69
25,30,3,1326,663047,61
25,30,3,1327,663547,70
25,30,3,1328,664047,69
25,30,3,1329,664547,69
25,30,3,1330,665047,71
25,30,3,1331,665547,75
25,30,3,1332,666047,71
25,30,3,1333,666547,69
25,30,3,1334,667047,69
25,30,3,1335,667547,83
25,30,3,1336,668047,71
25,30,3,1337,668547,51
25,30,3,1338,669047,71
25,30,3,1339,669547,73
25,30,3,1340,670047,72
25,30,3,1341,670547,70
25,30,3,1342,671047,67
25,30,3,1343,671547,69
25,30,3,1344,672047,72
25,30,3,1345,672547,71
25,30,3,1346,673047,67
25,30,3,1347,673547,63
25,30,3,1348,674047,71
25,30,3,1349,674547,69
25,30,3,1350,675047,75
25,30,3,1351,675547,69
25,30,3,1352,676047,54
25,30,3,1353,676547,69
25,30,3,1354,677047,72
25,30,3,1355,677547,69
25,30,3,1356,678047,75
25,30,3,1357,678547,70
25,30,3,1358,679047,76
25,30,3,1359,679547,71
25,30,3,1360,680047,74
25,30,3,1361,680547,70
25,30,3,1362,681047,74
25,30,3,1363,681547,71
25,30,3,1364,682047,75
25,30,3,1365,682547,71
25,30,3,1366,683047,71
25,30,3,1367,683547,69
25,30,3,1368,684047,71
25,30,3,1369,684547,69
25,30,3,1370,685047,53
25,30,3,1371,685547,73
25,30,3,1372,686047,71
25,30,3,1373,686547,63
25,30,3,1374,687047,71
25,30,3,1375,687547,71
25,30,3,1376,688047,69
25,30,3,1377,688547,75
25,30,3,1378,689047,67
25,30,3,1379,689547,69
25,30,3,1380,690047,75
25,30,3,1381,690547,62
25,30,3,1382,691047,63
25,30,3,1383,691547,83
25,30,3,1384,692047,68
25,30,3,1385,692547,69
25,30,3,1386,693047,68
25,30,3,1387,693547,71
25,30,3,1388,694047,72
25,30,3,1389,694547,61
25,30,3,1390,695047,69
25,30,3,1391,695547,69
25,30,3,1392,696047,68
25,30,3,1393,696547,61
25,30,3,1394,697047,69
25,30,3,1395,697547,54
25,30,3,1396,698047,68
25,30,3,1397,698547,69
25,30,3,1398,699047,67
25,30,3,1399,699547,69
25,30,3,1400,700047,68
25,30,3,1401,700547,70
25,30,3,1402,701047,69
25,30,3,1403,701547,63
25,30,3,1404,702047,71
25,30,3,1405,702547,68
25,30,3,1406,703047,60
25,30,3,1407,703547,61
25,30,3,1408,704047,69
25,30,3,1409,704547,67
25,30,3,1410,705047,61
25,30,3,1411,705547,62
25,30,3,1412,706047,68
25,30,3,1413,706547,71
25,30,3,1414,707047,63
25,30,3,1415,707547,68
25,30,3,1416,708047,52
25,30,3,1417,708547,69
25,30,3,1418,709047,53
25,30,3,1419,709547,69
25,30,3,1420,710047,66
25,30,3,1421,710547,69
25,30,3,1422,711047,69
25,30,3,1423,711547,68
25,30,3,1424,712047,70
25,30,3,1425,712547,71
25,30,3,1426,713047,63
25,30,3,1427,713547,69
25,30,3,1428,714047,62
25,30,3,1429,714547,69
25,30,3,1430,715047,70
25,30,3,1431,715547,63
25,30,3,1432,716047,68
25,30,3,1433,716547,71
25,30,3,1434,717047,63
25,30,3,1435,717547,53
25,30,3,1436,718047,70
25,30,3,1437,718547,69
25,30,3,1438,719047,63
25,30,3,1439,719547,71
25,30,3,1440,720047,70
25,30,3,1441,720547,69
25,30,3,1442,721047,71
25,30,3,1443,721547,69
25,30,3,1444,722047,69
25,30,3,1445,722547,58
25,30,3,1446,723047,75
25,30,3,1447,723547,51
25,30,3,1448,724047,55
25,30,3,1449,724547,74
25,30,3,1450,725047,67
25,30,3,1451,725547,63
25,30,3,1452,726047,63
25,30,3,1453,726547,70
25,30,3,1454,727047,69
25,30,3,1455,727547,84
25,30,3,1456,728047,53
25,30,3,1457,728547,53
25,30,3,1458,729047,68
25,30,3,1459,729547,63
25,30,3,1460,730047,63
25,30,3,1461,730547,62
25,30,3,1462,731047,73
25,30,3,1463,731547,63
25,30,3,1464,732047,69
25,30,3,1465,732547,71
25,30,3,1466,733047,69
25,30,3,1467,733547,71
25,30,3,1468,734047,62
25,30,3,1469,734547,63
25,30,3,1470,735047,69
25,30,3,1471,735547,68
25,30,3,1472,736047,71
25,30,3,1473,736547,71
25,30,3,1474,737047,58
25,30,3,1475,737547,67
25,30,3,1476,738047,71
25,30,3,1477,738547,67
25,30,3,1478,739047,75
25,30,3,1479,739547,69
25,30,3,1480,740047,69
25,30,3,1481,740547,69
25,30,3,1482,741047,71
25,30,3,1483,741547,63
25,30,3,1484,742047,71
25,30,3,1485,742547,70
25,30,3,1486,743047,63
25,30,3,1487,743547,72
25,30,3,1488,744047,73
25,30,3,1489,744547,73
25,30,3,1490,745047,71
25,30,3,1491,745547,63
25,30,3,1492,746047,69
25,30,3,1493,746547,69
25,30,3,1494,747047,72
25,30,3,1495,747547,71
25,30,3,1496,748047,78
25,30,3,1497,748547,73
25,30,3,1498,749047,70
25,30,3,1499,749547,69
25,30,3,1500,750047,71
25,30,3,1501,750547,63
25,30,3,1502,751047,57
25,30,3,1503,751547,63
25,30,3,1504,752047,70
25,30,3,1505,752547,63
25,30,3,1506,753047,71
25,30,3,1507,753547,68
25,30,3,1508,754047,68
25,30,3,1509,754547,69
25,30,3,1510,755047,69
25,30,3,1511,755547,61
25,30,3,1512,756047,69
25,30,3,1513,756547,68
25,30,3,1514,757047,69
25,30,3,1515,757547,67
25,30,3,1516,758047,71
25,30,3,1517,758547,67
25,30,3,1518,759047,69
25,30,3,1519,759547,72
25,30,3,1520,760047,81
25,30,3,1521,760547,71
25,30,3,1522,761047,60
25,30,3,1523,761547,57
25,30,3,1524,762047,69
25,30,3,1525,762547,61
25,30,3,1526,763047,71
25,30,3,1527,763547,67
25,30,3,1528,764047,69
25,30,3,1529,764547,70
25,30,3,1530,765047,77
25,30,3,1531,765547,69
25,30,3,1532,766047,71
25,30,3,1533,766547,70
25,30,3,1534,767047,70
25,30,3,1535,767547,62
25,30,3,1536,768047,72
25,30,3,1537,768547,69
25,30,3,1538,769047,70
25,30,3,1539,769547,64
25,30,3,1540,770047,71
25,30,3,1541,770547,72
25,30,3,1542,771047,74
25,30,3,1543,771547,67
25,30,3,1544,772047,70
25,30,3,1545,772547,85
25,30,3,1546,773047,58
25,30,3,1547,773547,71
25,30,3,1548,774047,69
25,30,3,1549,774547,70
25,30,3,1550,775047,72
25,30,3,1551,775547,70
25,30,3,1552,776047,69
25,30,3,1553,776547,71
25,30,3,1554,777047,61
25,30,3,1555,777547,71
25,30,3,1556,778047,72
25,30,3,1557,778547,63
25,30,3,1558,779047,89
25,30,3,1559,779547,75
25,30,3,1560,780047,71
25,30,3,1561,780547,73
25,30,3,1562,781047,73
25,30,3,1563,781547,75
25,30,3,1564,782047,73
25,30,3,1565,782547,73
25,30,3,1566,783047,69
25,30,3,1567,783547,72
25,30,3,1568,784047,71
25,30,3,1569,784547,75
25,30,3,1570,785047,71
25,30,3,1571,785547,72
25,30,3,1572,786047,69
25,30,3,1573,786547,63
25,30,3,1574,787047,73
25,30,3,1575,787547,78
25,30,3,1576,788047,73
25,30,3,1577,788547,83
25,30,3,1578,789047,69
25,30,3,1579,789547,81
25,30,3,1580,790047,69
25,30,3,1581,790547,62
25,30,3,1582,791047,73
25,30,3,1583,791547,72
25,30,3,1584,792047,75
25,30,3,1585,792547,71
25,30,3,1586,793047,73
25,30,3,1587,793547,73
25,30,3,1588,794047,71
25,30,3,1589,794547,70
25,30,3,1590,795047,73
25,30,3,1591,795547,86
25,30,3,1592,796047,69
25,30,3,1593,796547,69
25,30,3,1594,797047,70
25,30,3,1595,797547,63
25,30,3,1596,798047,73
25,30,3,1597,798547,68
25,30,3,1598,799047,70
25,30,3,1599,799547,68
25,30,3,1600,800047,68
25,30,3,1601,800547,56
25,30,3,1602,801047,69
25,30,3,1603,801547,69
25,30,3,1604,802047,69
25,30,3,1605,802547,74
25,30,3,1606,803047,62
25,30,3,1607,803547,78
25,30,3,1608,804047,71
25,30,3,1609,804547,81
25,30,3,1610,805047,69
25,30,3,1611,805547,68
25,30,3,1612,806047,70
25,30,3,1613,806547,73
25,30,3,1614,807047,72
25,30,3,1615,807547,71
25,30,3,1616,808047,67
25,30,3,1617,808547,71
25,30,3,1618,809047,71
25,30,3,1619,809547,84
25,30,3,1620,810047,85
25,30,3,1621,810547,71
25,30,3,1622,811047,70
25,30,3,1623,811547,71
25,30,3,1624,812047,69
25,30,3,1625,812547,63
25,30,3,1626,813047,87
25,30,3,1627,813547,77
25,30,3,1628,814047,70
25,30,3,1629,814547,64
25,30,3,1630,815047,68
25,30,3,1631,815547,69
25,30,3,1632,816047,69
25,30,3,1633,816547,69
25,30,3,1634,817047,63
25,30,3,1635,817547,71
25,30,3,1636,818047,60
25,30,3,1637,818547,69
25,30,3,1638,819047,63
25,30,3,1639,819547,69
25,30,3,1640,820047,57
25,30,3,1641,820547,77
25,30,3,1642,821047,61
25,30,3,1643,821547,69
25,30,3,1644,822047,61
25,30,3,1645,822547,61
25,30,3,1646,823047,69
25,30,3,1647,823547,60
25,30,3,1648,824047,60
25,30,3,1649,824547,68
25,30,3,1650,825047,71
25,30,3,1651,825547,67
25,30,3,1652,826047,59
25,30,3,1653,826547,55
25,30,3,1654,827047,67
25,30,3,1655,827547,63
25,30,3,1656,828047,69
25,30,3,1657,828547,69
25,30,3,1658,829047,69
25,30,3,1659,829547,59
25,30,3,1660,830047,69
25,30,3,1661,830547,68
25,30,3,1662,831047,87
25,30,3,1663,831547,60
25,30,3,1664,832047,69
25,30,3,1665,832547,70
25,30,3,1666,833047,68
25,30,3,1667,833547,63
25,30,3,1668,834047,67
25,30,3,1669,834547,57
25,30,3,1670,835047,61
25,30,3,1671,835547,52
25,30,3,1672,836047,61
25,30,3,1673,836547,77
25,30,3,1674,837047,69
25,30,3,1675,837547,59
25,30,3,1676,838047,63
25,30,3,1677,838547,62
25,30,3,1678,839047,61
25,30,3,1679,839547,68
25,30,3,1680,840047,67
25,30,3,1681,840547,59
25,30,3,1682,841047,56
25,30,3,1683,841547,61
25,30,3,1684,842047,59
25,30,3,1685,842547,63
25,30,3,1686,843047,61
25,30,3,1687,843547,63
25,30,3,1688,844047,67
25,30,3,1689,844547,77
25,30,3,1690,845047,68
25,30,3,1691,845547,69
25,30,3,1692,846047,61
25,30,3,1693,846547,60
25,30,3,1694,847047,71
25,30,3,1695,847547,67
25,30,3,1696,848047,61
25,30,3,1697,848547,71
25,30,3,1698,849047,63
25,30,3,1699,849547,68
25,30,3,1700,850047,69
25,30,3,1701,850547,63
25,30,3,1702,851047,63
25,30,3,1703,851547,69
25,30,3,1704,852047,61
25,30,3,1705,852547,61
25,30,3,1706,853047,71
25,30,3,1707,853547,68
25,30,3,1708,854047,62
25,30,3,1709,854547,61
25,30,3,1710,855047,67
25,30,3,1711,855547,63
25,30,3,1712,856047,63
25,30,3,1713,856547,63
25,30,3,1714,857047,67
25,30,3,1715,857547,69
25,30,3,1716,858047,63
25,30,3,1717,858547,67
25,30,3,1718,859047,69
25,30,3,1719,859547,69
25,30,3,1720,860047,70
25,30,3,1721,860547,69
25,30,3,1722,861047,72
25,30,3,1723,861547,70
25,30,3,1724,862047,68
25,30,3,1725,862547,61
25,30,3,1726,863047,68
25,30,3,1727,863547,71
25,30,3,1728,864047,71
25,30,3,1729,864547,68
25,30,3,1730,865047,69
25,30,3,1731,865547,73
25,30,3,1732,866047,73
25,30,3,1733,866547,85
25,30,3,1734,867047,63
25,30,3,1735,867547,87
25,30,3,1736,868047,71
25,30,3,1737,868547,63
25,30,3,1738,869047,69
25,30,3,1739,869547,72
25,30,3,1740,870047,69
25,30,3,1741,870547,70
25,30,3,1742,871047,53
25,30,3,1743,871547,70
25,30,3,1744,872047,71
25,30,3,1745,872547,73
25,30,3,1746,873047,73
25,30,3,1747,873547,59
25,30,3,1748,874047,70
25,30,3,1749,874547,69
25,30,3,1750,875047,73
25,30,3,1751,875547,71
25,30,3,1752,876047,70
25,30,3,1753,876547,72
25,30,3,1754,877047,73
25,30,3,1755,877547,69
25,30,3,1756,878047,71
25,30,3,1757,878547,72
25,30,3,1758,879047,69
25,30,3,1759,879547,75
25,30,3,1760,880047,64
25,30,3,1761,880547,70
25,30,3,1762,881047,72
25,30,3,1763,881547,75
25,30,3,1764,882047,73
25,30,3,1765,882547,71
25,30,3,1766,883047,72
25,30,3,1767,883547,71
25,30,3,1768,884047,75
25,30,3,1769,884547,71
25,30,3,1770,885047,71
25,30,3,1771,885547,72
25,30,3,1772,886047,72
25,30,3,1773,886547,70
25,30,3,1774,887047,73
25,30,3,1775,887547,73
25,30,3,1776,888047,69
25,30,3,1777,888547,72
25,30,3,1778,889047,71
25,30,3,1779,889547,71
25,30,3,1780,890047,71
25,30,3,1781,890547,69
25,30,3,1782,891047,67
25,30,3,1783,891547,73
25,30,3,1784,892047,71
25,30,3,1785,892547,72
25,30,3,1786,893047,57
25,30,3,1787,893547,70
25,30,3,1788,894047,71
25,30,3,1789,894547,70
25,30,3,1790,895047,68
25,30,3,1791,895547,71
25,30,3,1792,896047,69
25,30,3,1793,896547,72
25,30,3,1794,897047,61
25,30,3,1795,897547,71
25,30,3,1796,898047,71
25,30,3,1797,898547,68
25,30,3,1798,899047,68
25,30,3,1799,899547,71
25,30,3,1800,900047,70
25,30,3,1801,900547,71
25,30,3,1802,901047,69
25,30,3,1803,901547,69
25,30,3,1804,902047,63
25,30,3,1805,902547,69
25,30,3,1806,903047,71
25,30,3,1807,903547,70
25,30,3,1808,904047,71
25,30,3,1809,904547,71
25,30,3,1810,905047,73
25,30,3,1811,905547,70
25,30,3,1812,906047,63
25,30,3,1813,906547,72
25,30,3,1814,907047,74
25,30,3,1815,907547,72
25,30,3,1816,908047,71
25,30,3,1817,908547,69
25,30,3,1818,909047,75
25,30,3,1819,909547,73
25,30,3,1820,910047,70
25,30,3,1821,910547,70
25,30,3,1822,911047,75
25,30,3,1823,911547,72
25,30,3,1824,912047,71
25,30,3,1825,912547,69
25,30,3,1826,913047,74
25,30,3,1827,913547,71
25,30,3,1828,914047,63
25,30,3,1829,914547,73
25,30,3,1830,915047,75
25,30,3,1831,915547,71
25,30,3,1832,916047,71
25,30,3,1833,916547,75
25,30,3,1834,917047,71
25,30,3,1835,917547,88
25,30,3,1836,918047,69
25,30,3,1837,918547,71
25,30,3,1838,919047,73
25,30,3,1839,919547,73
25,30,3,1840,920047,69
25,30,3,1841,920547,71
25,30,3,1842,921047,52
25,30,3,1843,921547,56
25,30,3,1844,922047,70
25,30,3,1845,922547,68
25,30,3,1846,923047,68
25,30,3,1847,923547,69
25,30,3,1848,924047,73
25,30,3,1849,924547,63
25,30,3,1850,925047,68
25,30,3,1851,925547,68
25,30,3,1852,926047,75
25,30,3,1853,926547,61
25,30,3,1854,927047,62
25,30,3,1855,927547,71
25,30,3,1856,928047,69
25,30,3,1857,928547,69
25,30,3,1858,929047,67
25,30,3,1859,929547,63
25,30,3,1860,930047,73
25,30,3,1861,930547,69
25,30,3,1862,931047,69
25,30,3,1863,931547,69
25,30,3,1864,932047,89
25,30,3,1865,932547,69
25,30,3,1866,933047,73
25,30,3,1867,933547,62
25,30,3,1868,934047,63
25,30,3,1869,934547,61
25,30,3,1870,935047,71
25,30,3,1871,935547,69
25,30,3,1872,936047,74
25,30,3,1873,936547,73
25,30,3,1874,937047,61
25,30,3,1875,937547,69
25,30,3,1876,938047,51
25,30,3,1877,938547,71
25,30,3,1878,939047,64
25,30,3,1879,939547,69
25,30,3,1880,940047,63
25,30,3,1881,940547,63
25,30,3,1882,941047,61
25,30,3,1883,941547,61
25,30,3,1884,942047,61
25,30,3,1885,942547,67
25,30,3,1886,943047,58
25,30,3,1887,943547,61
25,30,3,1888,944047,63
25,30,3,1889,944547,68
25,30,3,1890,945047,59
25,30,3,1891,945547,63
25,30,3,1892,946047,69
25,30,3,1893,946547,69
25,30,3,1894,947047,62
25,30,3,1895,947547,63
25,30,3,1896,948047,77
25,30,3,1897,948547,69
25,30,3,1898,949047,69
25,30,3,1899,949547,69
25,30,3,1900,950047,74
25,30,3,1901,950547,69
25,30,3,1902,951047,63
25,30,3,1903,951547,68
25,30,3,1904,952047,62
25,30,3,1905,952547,63
25,30,3,1906,953047,69
25,30,3,1907,953547,63
25,30,3,1908,954047,70
25,30,3,1909,954547,83
25,30,3,1910,955047,73
25,30,3,1911,955547,59
25,30,3,1912,956047,69
25,30,3,1913,956547,59
25,30,3,1914,957047,48
25,30,3,1915,957547,59
25,30,3,1916,958047,69
25,30,3,1917,958547,67
25,30,3,1918,959047,71
25,30,3,1919,959547,61
25,30,3,1920,960047,71
25,30,3,1921,960547,63
25,30,3,1922,961047,71
25,30,3,1923,961547,71
25,30,3,1924,962047,69
25,30,3,1925,962547,43
25,30,3,1926,963047,69
25,30,3,1927,963547,71
25,30,3,1928,964047,71
25,30,3,1929,964547,69
25,30,3,1930,965047,71
25,30,3,1931,965547,71
25,30,3,1932,966047,67
25,30,3,1933,966547,73
25,30,3,1934,967047,63
25,30,3,1935,967547,68
25,30,3,1936,968047,73
25,30,3,1937,968547,69
25,30,3,1938,969047,69
25,30,3,1939,969547,63
25,30,3,1940,970047,59
25,30,3,1941,970547,67
25,30,3,1942,971047,68
25,30,3,1943,971547,63
25,30,3,1944,972047,62
25,30,3,1945,972547,62
25,30,3,1946,973047,68
25,30,3,1947,973547,63
25,30,3,1948,974047,60
25,30,3,1949,974547,69
25,30,3,1950,975047,69
25,30,3,1951,975547,58
25,30,3,1952,976047,69
25,30,3,1953,976547,70
25,30,3,1954,977047,69
25,30,3,1955,977547,72
25,30,3,1956,978047,63
25,30,3,1957,978547,67
25,30,3,1958,979047,85
25,30,3,1959,979547,71
25,30,3,1960,980047,67
25,30,3,1961,980547,70
25,30,3,1962,981047,67
25,30,3,1963,981547,70
25,30,3,1964,982047,68
25,30,3,1965,982547,67
25,30,3,1966,983047,60
25,30,3,1967,983547,72
25,30,3,1968,984047,58
25,30,3,1969,984547,69
25,30,3,1970,985047,75
25,30,3,1971,985547,69
25,30,3,1972,986047,69
25,30,3,1973,986547,69
25,30,3,1974,987047,62
25,30,3,1975,987547,68
25,30,3,1976,988047,63
25,30,3,1977,988547,71
25,30,3,1978,989047,70
25,30,3,1979,989547,69
25,30,3,1980,990047,69
25,30,3,1981,990547,69
25,30,3,1982,991047,60
25,30,3,1983,991547,71
25,30,3,1984,992047,71
25,30,3,1985,992547,69
25,30,3,1986,993047,72
25,30,3,1987,993547,69
25,30,3,1988,994047,71
25,30,3,1989,994547,71
25,30,3,1990,995047,69
25,30,3,1991,995547,69
25,30,3,1992,996047,71
25,30,3,1993,996547,69
25,30,3,1994,997047,74
25,30,3,1995,997547,71
25,30,3,1996,998047,70
25,30,3,1997,998547,73
25,30,3,1998,999047,71
25,30,3,1999,999547,72
25,30,4,0,48,63
25,30,4,1,547,60
25,30,4,2,1047,71
25,30,4,3,1547,72
25,30,4,4,2047,55
25,30,4,5,2547,63
25,30,4,6,3047,59
25,30,4,7,3547,69
25,30,4,8,4047,71
25,30,4,9,4547,64
25,30,4,10,5047,68
25,30,4,11,5547,68
25,30,4,12,6047,76
25,30,4,13,6547,69
25,30,4,14,7047,68
25,30,4,15,7547,68
25,30,4,16,8047,71
25,30,4,17,8547,70
25,30,4,18,9047,69
25,30,4,19,9547,67
25,30,4,20,10047,69
25,30,4,21,10547,71
25,30,4,22,11047,63
25,30,4,23,11547,71
25,30,4,24,12047,59
25,30,4,25,12547,72
25,30,4,26,13047,69
25,30,4,27,13547,76
25,30,4,28,14047,70
25,30,4,29,14547,62
25,30,4,30,15047,73
25,30,4,31,15547,73
25,30,4,32,16047,71
25,30,4,33,16547,71
25,30,4,34,17047,71
25,30,4,35,17547,72
25,30,4,36,18047,72
25,30,4,37,18547,71
25,30,4,38,19047,70
25,30,4,39,19547,69
25,30,4,40,20047,68
25,30,4,41,20547,71
25,30,4,42,21047,63
25,30,4,43,21547,61
25,30,4,44,22047,68
25,30,4,45,22547,73
25,30,4,46,23047,69
25,30,4,47,23547,62
25,30,4,48,24047,69
25,30,4,49,24547,74
25,30,4,50,25047,69
25,30,4,51,25547,62
25,30,4,52,26047,68
25,30,4,53,26547,42
25,30,4,54,27047,83
25,30,4,55,27547,70
25,30,4,56,28047,69
25,30,4,57,28547,87
25,30,4,58,29047,69
25,30,4,59,29547,77
25,30,4,60,30047,61
25,30,4,61,30547,71
25,30,4,62,31047,68
25,30,4,63,31547,55
25,30,4,64,32047,71
25,30,4,65,32547,71
25,30,4,66,33047,75
25,30,4,67,33547,75
25,30,4,68,34047,79
25,30,4,69,34547,73
25,30,4,70,35047,73
25,30,4,71,35547,77
25,30,4,72,36047,95
25,30,4,73,36547,73
25,30,4,74,37047,69
25,30,4,75,37547,72
25,30,4,76,38047,73
25,30,4,77,38547,71
25,30,4,78,39047,63
25,30,4,79,39547,69
25,30,4,80,40047,71
25,30,4,81,40547,70
25,30,4,82,41047,74
25,30,4,83,41547,71
25,30,4,84,42047,69
25,30,4,85,42547,73
25,30,4,86,43047,71
25,30,4,87,43547,75
25,30,4,88,44047,70
25,30,4,89,44547,77
25,30,4,90,45047,71
25,30,4,91,45547,70
25,30,4,92,46047,63
25,30,4,93,46547,73
25,30,4,94,47047,71
25,30,4,95,47547,61
25,30,4,96,48047,71
25,30,4,97,48547,73
25,30,4,98,49047,71
25,30,4,99,49547,71
25,30,4,100,50047,74
25,30,4,101,50547,61
25,30,4,102,51047,61
25,30,4,103,51547,70
25,30,4,104,52047,71
25,30,4,105,52547,62
25,30,4,106,53047,70
25,30,4,107,53547,67
25,30,4,108,54047,69
25,30,4,109,54547,69
25,30,4,110,55047,69
25,30,4,111,55547,45
25,30,4,112,56047,73
25,30,4,113,56547,68
25,30,4,114,57047,71
25,30,4,115,57547,72
25,30,4,116,58047,64
25,30,4,117,58547,71
25,30,4,118,59047,72
25,30,4,119,59547,77
25,30,4,120,60047,72
25,30,4,121,60547,87
25,30,4,122,61047,69
25,30,4,123,61547,74
25,30,4,124,62047,69
25,30,4,125,62547,69
25,30,4,126,63047,68
25,30,4,127,63547,71
25,30,4,128,64047,72
25,30,4,129,64547,71
25,30,4,130,65047,69
25,30,4,131,65547,71
25,30,4,132,66047,63
25,30,4,133,66547,69
25,30,4,134,67047,72
25,30,4,135,67547,71
25,30,4,136,68047,74
25,30,4,137,68547,71
25,30,4,138,69047,73
25,30,4,139,69547,73
25,30,4,140,70047,73
25,30,4,141,70547,72
25,30,4,142,71047,75
25,30,4,143,71547,72
25,30,4,144,72047,83
25,30,4,145,72547,75
25,30,4,146,73047,73
25,30,4,147,73547,73
25,30,4,148,74047,71
25,30,4,149,74547,77
25,30,4,150,75047,75
25,30,4,151,75547,68
25,30,4,152,76047,72
25,30,4,153,76547,70
25,30,4,154,77047,68
25,30,4,155,77547,72
25,30,4,156,78047,72
25,30,4,157,78547,71
25,30,4,158,79047,69
25,30,4,159,79547,69
25,30,4,160,80047,69
25,30,4,161,80547,69
25,30,4,162,81047,62
25,30,4,163,81547,48
25,30,4,164,82047,71
25,30,4,165,82547,69
25,30,4,166,83047,69
25,30,4,167,83547,69
25,30,4,168,84047,71
25,30,4,169,84547,69
25,30,4,170,85047,61
25,30,4,171,85547,62
25,30,4,172,86047,69
25,30,4,173,86547,61
25,30,4,174,87047,63
25,30,4,175,87547,63
25,30,4,176,88047,71
25,30,4,177,88547,71
25,30,4,178,89047,69
25,30,4,179,89547,71
25,30,4,180,90047,71
25,30,4,181,90547,69
25,30,4,182,91047,63
25,30,4,183,91547,85
25,30,4,184,92047,73
25,30,4,185,92547,61
25,30,4,186,93047,59
25,30,4,187,93547,70
25,30,4,188,94047,69
25,30,4,189,94547,68
25,30,4,190,95047,62
25,30,4,191,95547,71
25,30,4,192,96047,69
25,30,4,193,96547,69
25,30,4,194,97047,69
25,30,4,195,97547,75
25,30,4,196,98047,69
25,30,4,197,98547,71
25,30,4,198,99047,71
25,30,4,199,99547,72
25,30,4,200,100047,85
25,30,4,201,100547,71
25,30,4,202,101047,71
25,30,4,203,101547,67
25,30,4,204,102047,71
25,30,4,205,102547,71
25,30,4,206,103047,70
25,30,4,207,103547,74
25,30,4,208,104047,67
25,30,4,209,104547,69
25,30,4,210,105047,69
25,30,4,211,105547,71
25,30,4,212,106047,72
25,30,4,213,106547,63
25,30,4,214,107047,73
25,30,4,215,107547,67
25,30,4,216,108047,61
25,30,4,217,108547,67
25,30,4,218,109047,68
25,30,4,219,109547,62
25,30,4,220,110047,59
25,30,4,221,110547,91
25,30,4,222,111047,61
25,30,4,223,111547,58
25,30,4,224,112047,61
25,30,4,225,112547,60
25,30,4,226,113047,57
25,30,4,227,113547,63
25,30,4,228,114047,61
25,30,4,229,114547,63
25,30,4,230,115047,57
25,30,4,231,115547,60
25,30,4,232,116047,63
25,30,4,233,116547,63
25,30,4,234,117047,60
25,30,4,235,117547,59
25,30,4,236,118047,60
25,30,4,237,118547,61
25,30,4,238,119047,63
25,30,4,239,119547,59
25,30,4,240,120047,74
25,30,4,241,120547,57
25,30,4,242,121047,77
25,30,4,243,121547,72
25,30,4,244,122047,64
25,30,4,245,122547,67
25,30,4,246,123047,63
25,30,4,247,123547,61
25,30,4,248,124047,63
25,30,4,249,124547,69
25,30,4,250,125047,70
25,30,4,251,125547,61
25,30,4,252,126047,61
25,30,4,253,126547,71
25,30,4,254,127047,75
25,30,4,255,127547,69
25,30,4,256,128047,70
25,30,4,257,128547,62
25,30,4,258,129047,67
25,30,4,259,129547,70
25,30,4,260,130047,71
25,30,4,261,130547,69
25,30,4,262,131047,68
25,30,4,263,131547,67
25,30,4,264,132047,63
25,30,4,265,132547,73
25,30,4,266,133047,69
25,30,4,267,133547,69
25,30,4,268,134047,85
25,30,4,269,134547,61
25,30,4,270,135047,67
25,30,4,271,135547,71
25,30,4,272,136047,54
25,30,4,273,136547,72
25,30,4,274,137047,71
25,30,4,275,137547,74
25,30,4,276,138047,63
25,30,4,277,138547,72
25,30,4,278,139047,71
25,30,4,279,139547,72
25,30,4,280,140047,71
25,30,4,281,140547,71
25,30,4,282,141047,72
25,30,4,283,141547,59
25,30,4,284,142047,69
25,30,4,285,142547,66
25,30,4,286,143047,69
25,30,4,287,143547,69
25,30,4,288,144047,71
25,30,4,289,144547,68
25,30,4,290,145047,72
25,30,4,291,145547,77
25,30,4,292,146047,69
25,30,4,293,146547,73
25,30,4,294,147047,69
25,30,4,295,147547,67
25,30,4,296,148047,69
25,30,4,297,148547,63
25,30,4,298,149047,63
25,30,4,299,149547,72
25,30,4,300,150047,69
25,30,4,301,150547,70
25,30,4,302,151047,71
25,30,4,303,151547,70
25,30,4,304,152047,67
25,30,4,305,152547,69
25,30,4,306,153047,77
25,30,4,307,153547,70
25,30,4,308,154047,69
25,30,4,309,154547,71
25,30,4,310,155047,72
25,30,4,311,155547,71
25,30,4,312,156047,71
25,30,4,313,156547,69
25,30,4,314,157047,72
25,30,4,315,157547,68
25,30,4,316,158047,68
25,30,4,317,158547,72
25,30,4,318,159047,76
25,30,4,319,159547,60
25,30,4,320,160047,68
25,30,4,321,160547,71
25,30,4,322,161047,72
25,30,4,323,161547,71
25,30,4,324,162047,51
25,30,4,325,162547,71
25,30,4,326,163047,71
25,30,4,327,163547,86
25,30,4,328,164047,73
25,30,4,329,164547,69
25,30,4,330,165047,63
25,30,4,331,165547,86
25,30,4,332,166047,69
25,30,4,333,166547,70
25,30,4,334,167047,71
25,30,4,335,167547,53
25,30,4,336,168047,71
25,30,4,337,168547,78
25,30,4,338,169047,84
25,30,4,339,169547,70
25,30,4,340,170047,73
25,30,4,341,170547,70
25,30,4,342,171047,71
25,30,4,343,171547,75
25,30,4,344,172047,71
25,30,4,345,172547,71
25,30,4,346,173047,73
25,30,4,347,173547,68
25,30,4,348,174047,69
25,30,4,349,174547,61
25,30,4,350,175047,68
25,30,4,351,175547,72
25,30,4,352,176047,69
25,30,4,353,176547,61
25,30,4,354,177047,71
25,30,4,355,177547,63
25,30,4,356,178047,67
25,30,4,357,178547,75
25,30,4,358,179047,70
25,30,4,359,179547,63
25,30,4,360,180047,67
25,30,4,361,180547,67
25,30,4,362,181047,71
25,30,4,363,181547,59
25,30,4,364,182047,63
25,30,4,365,182547,64
25,30,4,366,183047,69
25,30,4,367,183547,69
25,30,4,368,184047,69
25,30,4,369,184547,70
25,30,4,370,185047,70
25,30,4,371,185547,69
25,30,4,372,186047,61
25,30,4,373,186547,54
25,30,4,374,187047,62
25,30,4,375,187547,70
25,30,4,376,188047,69
25,30,4,377,188547,85
25,30,4,378,189047,71
25,30,4,379,189547,67
25,30,4,380,190047,69
25,30,4,381,190547,71
25,30,4,382,191047,61
25,30,4,383,191547,69
25,30,4,384,192047,71
25,30,4,385,192547,69
25,30,4,386,193047,83
25,30,4,387,193547,71
25,30,4,388,194047,67
25,30,4,389,194547,62
25,30,4,390,195047,54
25,30,4,391,195547,72
25,30,4,392,196047,63
25,30,4,393,196547,69
25,30,4,394,197047,69
25,30,4,395,197547,67
25,30,4,396,198047,61
25,30,4,397,198547,64
25,30,4,398,199047,63
25,30,4,399,199547,45
25,30,4,400,200047,71
25,30,4,401,200547,69
25,30,4,402,201047,69
25,30,4,403,201547,69
25,30,4,404,202047,76
25,30,4,405,202547,73
25,30,4,406,203047,69
25,30,4,407,203547,69
25,30,4,408,204047,67
25,30,4,409,204547,69
25,30,4,410,205047,71
25,30,4,411,205547,72
25,30,4,412,206047,61
25,30,4,413,206547,69
25,30,4,414,207047,70
25,30,4,415,207547,72
25,30,4,416,208047,72
25,30,4,417,208547,69
25,30,4,418,209047,69
25,30,4,419,209547,70
25,30,4,420,210047,69
25,30,4,421,210547,92
25,30,4,422,211047,71
25,30,4,423,211547,71
25,30,4,424,212047,71
25,30,4,425,212547,71
25,30,4,426,213047,70
25,30,4,427,213547,70
25,30,4,428,214047,68
25,30,4,429,214547,69
25,30,4,430,215047,67
25,30,4,431,215547,61
25,30,4,432,216047,68
25,30,4,433,216547,71
25,30,4,434,217047,69
25,30,4,435,217547,69
25,30,4,436,218047,47
25,30,4,437,218547,69
25,30,4,438,219047,62
25,30,4,439,219547,67
25,30,4,440,220047,48
25,30,4,441,220547,69
25,30,4,442,221047,63
25,30,4,443,221547,69
25,30,4,444,222047,71
25,30,4,445,222547,69
25,30,4,446,223047,69
25,30,4,447,223547,70
25,30,4,448,224047,74
25,30,4,449,224547,69
25,30,4,450,225047,71
25,30,4,451,225547,67
25,30,4,452,226047,68
25,30,4,453,226547,71
25,30,4,454,227047,70
25,30,4,455,227547,64
25,30,4,456,228047,71
25,30,4,457,228547,63
25,30,4,458,229047,71
25,30,4,459,229547,69
25,30,4,460,230047,74
25,30,4,461,230547,73
25,30,4,462,231047,69
25,30,4,463,231547,76
25,30,4,464,232047,71
25,30,4,465,232547,68
25,30,4,466,233047,68
25,30,4,467,233547,63
25,30,4,468,234047,64
25,30,4,469,234547,69
25,30,4,470,235047,69
25,30,4,471,235547,67
25,30,4,472,236047,74
25,30,4,473,236547,71
25,30,4,474,237047,69
25,30,4,475,237547,71
25,30,4,476,238047,72
25,30,4,477,238547,62
25,30,4,478,239047,70
25,30,4,479,239547,73
25,30,4,480,240047,54
25,30,4,481,240547,70
25,30,4,482,241047,72
25,30,4,483,241547,71
25,30,4,484,242047,69
25,30,4,485,242547,76
25,30,4,486,243047,71
25,30,4,487,243547,69
25,30,4,488,244047,68
25,30,4,489,244547,73
25,30,4,490,245047,75
25,30,4,491,245547,70
25,30,4,492,246047,63
25,30,4,493,246547,81
25,30,4,494,247047,71
25,30,4,495,247547,52
25,30,4,496,248047,70
25,30,4,497,248547,70
25,30,4,498,249047,71
25,30,4,499,249547,71
25,30,4,500,250047,67
25,30,4,501,250547,69
25,30,4,502,251047,77
25,30,4,503,251547,55
25,30,4,504,252047,69
25,30,4,505,252547,71
25,30,4,506,253047,69
25,30,4,507,253547,69
25,30,4,508,254047,70
25,30,4,509,254547,63
25,30,4,510,255047,67
25,30,4,511,255547,74
25,30,4,512,256047,72
25,30,4,513,256547,61
25,30,4,514,257047,69
25,30,4,515,257547,69
25,30,4,516,258047,63
25,30,4,517,258547,69
25,30,4,518,259047,70
25,30,4,519,259547,71
25,30,4,520,260047,59
25,30,4,521,260547,71
25,30,4,522,261047,61
25,30,4,523,261547,63
25,30,4,524,262047,67
25,30,4,525,262547,68
25,30,4,526,263047,69
25,30,4,527,263547,67
25,30,4,528,264047,69
25,30,4,529,264547,59
25,30,4,530,265047,61
25,30,4,531,265547,69
25,30,4,532,266047,69
25,30,4,533,266547,61
25,30,4,534,267047,73
25,30,4,535,267547,69
25,30,4,536,268047,69
25,30,4,537,268547,63
25,30,4,538,269047,67
25,30,4,539,269547,69
25,30,4,540,270047,69
25,30,4,541,270547,69
25,30,4,542,271047,71
25,30,4,543,271547,73
25,30,4,544,272047,70
25,30,4,545,272547,67
25,30,4,546,273047,68
25,30,4,547,273547,71
25,30,4,548,274047,83
25,30,4,549,274547,71
25,30,4,550,275047,61
25,30,4,551,275547,55
25,30,4,552,276047,71
25,30,4,553,276547,63
25,30,4,554,277047,70
25,30,4,555,277547,70
25,30,4,556,278047,61
25,30,4,557,278547,85
25,30,4,558,279047,71
25,30,4,559,279547,59
25,30,4,560,280047,68
25,30,4,561,280547,69
25,30,4,562,281047,67
25,30,4,563,281547,69
25,30,4,564,282047,69
25,30,4,565,282547,61
25,30,4,566,283047,69
25,30,4,567,283547,68
25,30,4,568,284047,61
25,30,4,569,284547,73
25,30,4,570,285047,69
25,30,4,571,285547,52
25,30,4,572,286047,67
25,30,4,573,286547,62
25,30,4,574,287047,69
25,30,4,575,287547,77
25,30,4,576,288047,69
25,30,4,577,288547,69
25,30,4,578,289047,56
25,30,4,579,289547,71
25,30,4,580,290047,69
25,30,4,581,290547,70
25,30,4,582,291047,75
25,30,4,583,291547,63
25,30,4,584,292047,68
25,30,4,585,292547,73
25,30,4,586,293047,69
25,30,4,587,293547,67
25,30,4,588,294047,68
25,30,4,589,294547,69
25,30,4,590,295047,52
25,30,4,591,295547,67
25,30,4,592,296047,68
25,30,4,593,296547,69
25,30,4,594,297047,72
25,30,4,595,297547,71
25,30,4,596,298047,67
25,30,4,597,298547,64
25,30,4,598,299047,70
25,30,4,599,299547,71
25,30,4,600,300047,67
25,30,4,601,300547,62
25,30,4,602,301047,67
25,30,4,603,301547,69
25,30,4,604,302047,62
25,30,4,605,302547,69
25,30,4,606,303047,63
25,30,4,607,303547,69
25,30,4,608,304047,62
25,30,4,609,304547,63
25,30,4,610,305047,67
25,30,4,611,305547,69
25,30,4,612,306047,72
25,30,4,613,306547,71
25,30,4,614,307047,64
25,30,4,615,307547,71
25,30,4,616,308047,67
25,30,4,617,308547,61
25,30,4,618,309047,71
25,30,4,619,309547,63
25,30,4,620,310047,68
25,30,4,621,310547,63
25,30,4,622,311047,73
25,30,4,623,311547,60
25,30,4,624,312047,52
25,30,4,625,312547,68
25,30,4,626,313047,73
25,30,4,627,313547,71
25,30,4,628,314047,70
25,30,4,629,314547,75
25,30,4,630,315047,69
25,30,4,631,315547,71
25,30,4,632,316047,72
25,30,4,633,316547,73
25,30,4,634,317047,69
25,30,4,635,317547,73
25,30,4,636,318047,71
25,30,4,637,318547,74
25,30,4,638,319047,57
25,30,4,639,319547,73
25,30,4,640,320047,71
25,30,4,641,320547,72
25,30,4,642,321047,77
25,30,4,643,321547,71
25,30,4,644,322047,75
25,30,4,645,322547,71
25,30,4,646,323047,71
25,30,4,647,323547,71
25,30,4,648,324047,72
25,30,4,649,324547,71
25,30,4,650,325047,71
25,30,4,651,325547,73
25,30,4,652,326047,70
25,30,4,653,326547,69
25,30,4,654,327047,71
25,30,4,655,327547,70
25,30,4,656,328047,71
25,30,4,657,328547,71
25,30,4,658,329047,69
25,30,4,659,329547,69
25,30,4,660,330047,72
25,30,4,661,330547,62
25,30,4,662,331047,63
25,30,4,663,331547,59
25,30,4,664,332047,71
25,30,4,665,332547,70
25,30,4,666,333047,71
25,30,4,667,333547,71
25,30,4,668,334047,71
25,30,4,669,334547,70
25,30,4,670,335047,71
25,30,4,671,335547,70
25,30,4,672,336047,73
25,30,4,673,336547,59
25,30,4,674,337047,92
25,30,4,675,337547,71
25,30,4,676,338047,69
25,30,4,677,338547,72
25,30,4,678,339047,93
25,30,4,679,339547,75
25,30,4,680,340047,75
25,30,4,681,340547,73
25,30,4,682,341047,70
25,30,4,683,341547,69
25,30,4,684,342047,72
25,30,4,685,342547,69
25,30,4,686,343047,71
25,30,4,687,343547,86
25,30,4,688,344047,77
25,30,4,689,344547,71
25,30,4,690,345047,72
25,30,4,691,345547,73
25,30,4,692,346047,70
25,30,4,693,346547,69
25,30,4,694,347047,70
25,30,4,695,347547,73
25,30,4,696,348047,69
25,30,4,697,348547,67
25,30,4,698,349047,71
25,30,4,699,349547,71
25,30,4,700,350047,73
25,30,4,701,350547,73
25,30,4,702,351047,71
25,30,4,703,351547,69
25,30,4,704,352047,63
25,30,4,705,352547,68
25,30,4,706,353047,73
25,30,4,707,353547,69
25,30,4,708,354047,71
25,30,4,709,354547,71
25,30,4,710,355047,76
25,30,4,711,355547,71
25,30,4,712,356047,71
25,30,4,713,356547,70
25,30,4,714,357047,89
25,30,4,715,357547,71
25,30,4,716,358047,70
25,30,4,717,358547,69
25,30,4,718,359047,85
25,30,4,719,359547,76
25,30,4,720,360047,71
25,30,4,721,360547,70
25,30,4,722,361047,71
25,30,4,723,361547,69
25,30,4,724,362047,88
25,30,4,725,362547,73
25,30,4,726,363047,63
25,30,4,727,363547,73
25,30,4,728,364047,71
25,30,4,729,364547,69
25,30,4,730,365047,69
25,30,4,731,365547,71
25,30,4,732,366047,62
25,30,4,733,366547,63
25,30,4,734,367047,68
25,30,4,735,367547,63
25,30,4,736,368047,61
25,30,4,737,368547,63
25,30,4,738,369047,63
25,30,4,739,369547,62
25,30,4,740,370047,68
25,30,4,741,370547,61
25,30,4,742,371047,63
25,30,4,743,371547,62
25,30,4,744,372047,68
25,30,4,745,372547,59
25,30,4,746,373047,62
25,30,4,747,373547,61
25,30,4,748,374047,61
25,30,4,749,374547,61
25,30,4,750,375047,61
25,30,4,751,375547,61
25,30,4,752,376047,78
25,30,4,753,376547,63
25,30,4,754,377047,63
25,30,4,755,377547,62
25,30,4,756,378047,67
25,30,4,757,378547,53
25,30,4,758,379047,63
25,30,4,759,379547,76
25,30,4,760,380047,63
25,30,4,761,380547,72
25,30,4,762,381047,62
25,30,4,763,381547,70
25,30,4,764,382047,71
25,30,4,765,382547,69
25,30,4,766,383047,63
25,30,4,767,383547,69
25,30,4,768,384047,69
25,30,4,769,384547,61
25,30,4,770,385047,69
25,30,4,771,385547,67
25,30,4,772,386047,63
25,30,4,773,386547,69
25,30,4,774,387047,70
25,30,4,775,387547,68
25,30,4,776,388047,75
25,30,4,777,388547,62
25,30,4,778,389047,63
25,30,4,779,389547,69
25,30,4,780,390047,69
25,30,4,781,390547,69
25,30,4,782,391047,61
25,30,4,783,391547,70
25,30,4,784,392047,71
25,30,4,785,392547,68
25,30,4,786,393047,59
25,30,4,787,393547,67
25,30,4,788,394047,69
25,30,4,789,394547,67
25,30,4,790,395047,87
25,30,4,791,395547,62
25,30,4,792,396047,67
25,30,4,793,396547,61
25,30,4,794,397047,60
25,30,4,795,397547,57
25,30,4,796,398047,71
25,30,4,797,398547,63
25,30,4,798,399047,67
25,30,4,799,399547,69
25,30,4,800,400047,59
25,30,4,801,400547,67
25,30,4,802,401047,63
25,30,4,803,401547,61
25,30,4,804,402047,67
25,30,4,805,402547,72
25,30,4,806,403047,75
25,30,4,807,403547,66
25,30,4,808,404047,67
25,30,4,809,404547,69
25,30,4,810,405047,71
25,30,4,811,405547,69
25,30,4,812,406047,53
25,30,4,813,406547,62
25,30,4,814,407047,69
25,30,4,815,407547,71
25,30,4,816,408047,71
25,30,4,817,408547,72
25,30,4,818,409047,68
25,30,4,819,409547,70
25,30,4,820,410047,71
25,30,4,821,410547,70
25,30,4,822,411047,71
25,30,4,823,411547,71
25,30,4,824,412047,78
25,30,4,825,412547,71
25,30,4,826,413047,71
25,30,4,827,413547,71
25,30,4,828,414047,71
25,30,4,829,414547,71
25,30,4,830,415047,72
25,30,4,831,415547,73
25,30,4,832,416047,71
25,30,4,833,416547,63
25,30,4,834,417047,72
25,30,4,835,417547,70
25,30,4,836,418047,71
25,30,4,837,418547,71
25,30,4,838,419047,84
25,30,4,839,419547,73
25,30,4,840,420047,74
25,30,4,841,420547,69
25,30,4,842,421047,70
25,30,4,843,421547,71
25,30,4,844,422047,72
25,30,4,845,422547,71
25,30,4,846,423047,76
25,30,4,847,423547,71
25,30,4,848,424047,77
25,30,4,849,424547,74
25,30,4,850,425047,71
25,30,4,851,425547,71
25,30,4,852,426047,67
25,30,4,853,426547,61
25,30,4,854,427047,72
25,30,4,855,427547,71
25,30,4,856,428047,69
25,30,4,857,428547,71
25,30,4,858,429047,76
25,30,4,859,429547,82
25,30,4,860,430047,71
25,30,4,861,430547,63
25,30,4,862,431047,69
25,30,4,863,431547,69
25,30,4,864,432047,63
25,30,4,865,432547,64
25,30,4,866,433047,73
25,30,4,867,433547,63
25,30,4,868,434047,71
25,30,4,869,434547,71
25,30,4,870,435047,70
25,30,4,871,435547,71
25,30,4,872,436047,70
25,30,4,873,436547,67
25,30,4,874,437047,71
25,30,4,875,437547,69
25,30,4,876,438047,69
25,30,4,877,438547,67
25,30,4,878,439047,68
25,30,4,879,439547,72
25,30,4,880,440047,71
25,30,4,881,440547,71
25,30,4,882,441047,67
25,30,4,883,441547,63
25,30,4,884,442047,74
25,30,4,885,442547,69
25,30,4,886,443047,69
25,30,4,887,443547,83
25,30,4,888,444047,71
25,30,4,889,444547,69
25,30,4,890,445047,69
25,30,4,891,445547,71
25,30,4,892,446047,70
25,30,4,893,446547,70
25,30,4,894,447047,71
25,30,4,895,447547,63
25,30,4,896,448047,71
25,30,4,897,448547,71
25,30,4,898,449047,56
25,30,4,899,449547,71
25,30,4,900,450047,70
25,30,4,901,450547,69
25,30,4,902,451047,71
25,30,4,903,451547,55
25,30,4,904,452047,69
25,30,4,905,452547,69
25,30,4,906,453047,53
25,30,4,907,453547,69
25,30,4,908,454047,69
25,30,4,909,454547,69
25,30,4,910,455047,72
25,30,4,911,455547,73
25,30,4,912,456047,69
25,30,4,913,456547,67
25,30,4,914,457047,71
25,30,4,915,457547,69
25,30,4,916,458047,70
25,30,4,917,458547,68
25,30,4,918,459047,69
25,30,4,919,459547,69
25,30,4,920,460047,67
25,30,4,921,460547,67
25,30,4,922,461047,63
25,30,4,923,461547,75
25,30,4,924,462047,68
25,30,4,925,462547,68
25,30,4,926,463047,69
25,30,4,927,463547,69
25,30,4,928,464047,64
25,30,4,929,464547,69
25,30,4,930,465047,63
25,30,4,931,465547,69
25,30,4,932,466047,67
25,30,4,933,466547,61
25,30,4,934,467047,67
25,30,4,935,467547,70
25,30,4,936,468047,62
25,30,4,937,468547,60
25,30,4,938,469047,83
25,30,4,939,469547,62
25,30,4,940,470047,69
25,30,4,941,470547,61
25,30,4,942,471047,69
25,30,4,943,471547,70
25,30,4,944,472047,63
25,30,4,945,472547,41
25,30,4,946,473047,69
25,30,4,947,473547,60
25,30,4,948,474047,69
25,30,4,949,474547,77
25,30,4,950,475047,67
25,30,4,951,475547,69
25,30,4,952,476047,69
25,30,4,953,476547,69
25,30,4,954,477047,83
25,30,4,955,477547,70
25,30,4,956,478047,69
25,30,4,957,478547,63
25,30,4,958,479047,63
25,30,4,959,479547,59
25,30,4,960,480047,67
25,30,4,961,480547,69
25,30,4,962,481047,70
25,30,4,963,481547,52
25,30,4,964,482047,69
25,30,4,965,482547,69
25,30,4,966,483047,67
25,30,4,967,483547,60
25,30,4,968,484047,71
25,30,4,969,484547,71
25,30,4,970,485047,71
25,30,4,971,485547,62
25,30,4,972,486047,69
25,30,4,973,486547,71
25,30,4,974,487047,68
25,30,4,975,487547,69
25,30,4,976,488047,69
25,30,4,977,488547,69
25,30,4,978,489047,60
25,30,4,979,489547,69
25,30,4,980,490047,63
25,30,4,981,490547,69
25,30,4,982,491047,55
25,30,4,983,491547,62
25,30,4,984,492047,67
25,30,4,985,492547,68
25,30,4,986,493047,63
25,30,4,987,493547,67
25,30,4,988,494047,75
25,30,4,989,494547,63
25,30,4,990,495047,61
25,30,4,991,495547,59
25,30,4,992,496047,67
25,30,4,993,496547,74
25,30,4,994,497047,53
25,30,4,995,497547,63
25,30,4,996,498047,62
25,30,4,997,498547,63
25,30,4,998,499047,72
25,30,4,999,499547,54
25,30,4,1000,500047,59
25,30,4,1001,500547,64
25,30,4,1002,501047,71
25,30,4,1003,501547,85
25,30,4,1004,502047,69
25,30,4,1005,502547,61
25,30,4,1006,503047,68
25,30,4,1007,503547,63
25,30,4,1008,504047,69
25,30,4,1009,504547,63
25,30,4,1010,505047,69
25,30,4,1011,505547,63
25,30,4,1012,506047,69
25,30,4,1013,506547,73
25,30,4,1014,507047,71
25,30,4,1015,507547,68
25,30,4,1016,508047,63
25,30,4,1017,508547,69
25,30,4,1018,509047,71
25,30,4,1019,509547,71
25,30,4,1020,510047,70
25,30,4,1021,510547,72
25,30,4,1022,511047,73
25,30,4,1023,511547,69
25,30,4,1024,512047,73
25,30,4,1025,512547,73
25,30,4,1026,513047,74
25,30,4,1027,513547,72
25,30,4,1028,514047,71
25,30,4,1029,514547,75
25,30,4,1030,515047,75
25,30,4,1031,515547,73
25,30,4,1032,516047,75
25,30,4,1033,516547,72
25,30,4,1034,517047,69
25,30,4,1035,517547,73
25,30,4,1036,518047,71
25,30,4,1037,518547,73
25,30,4,1038,519047,69
25,30,4,1039,519547,75
25,30,4,1040,520047,73
25,30,4,1041,520547,71
25,30,4,1042,521047,72
25,30,4,1043,521547,73
25,30,4,1044,522047,70
25,30,4,1045,522547,58
25,30,4,1046,523047,72
25,30,4,1047,523547,71
25,30,4,1048,524047,73
25,30,4,1049,524547,73
25,30,4,1050,525047,61
25,30,4,1051,525547,91
25,30,4,1052,526047,63
25,30,4,1053,526547,71
25,30,4,1054,527047,75
25,30,4,1055,527547,72
25,30,4,1056,528047,69
25,30,4,1057,528547,71
25,30,4,1058,529047,73
25,30,4,1059,529547,68
25,30,4,1060,530047,69
25,30,4,1061,530547,71
25,30,4,1062,531047,71
25,30,4,1063,531547,71
25,30,4,1064,532047,71
25,30,4,1065,532547,71
25,30,4,1066,533047,72
25,30,4,1067,533547,69
25,30,4,1068,534047,69
25,30,4,1069,534547,68
25,30,4,1070,535047,71
25,30,4,1071,535547,71
25,30,4,1072,536047,70
25,30,4,1073,536547,72
25,30,4,1074,537047,74
25,30,4,1075,537547,71
25,30,4,1076,538047,72
25,30,4,1077,538547,79
25,30,4,1078,539047,71
25,30,4,1079,539547,67
25,30,4,1080,540047,69
25,30,4,1081,540547,73
25,30,4,1082,541047,69
25,30,4,1083,541547,77
25,30,4,1084,542047,71
25,30,4,1085,542547,71
25,30,4,1086,543047,74
25,30,4,1087,543547,68
25,30,4,1088,544047,72
25,30,4,1089,544547,75
25,30,4,1090,545047,69
25,30,4,1091,545547,71
25,30,4,1092,546047,71
25,30,4,1093,546547,77
25,30,4,1094,547047,71
25,30,4,1095,547547,63
25,30,4,1096,548047,70
25,30,4,1097,548547,73
25,30,4,1098,549047,71
25,30,4,1099,549547,71
25,30,4,1100,550047,69
25,30,4,1101,550547,68
25,30,4,1102,551047,89
25,30,4,1103,551547,71
25,30,4,1104,552047,70
25,30,4,1105,552547,69
25,30,4,1106,553047,62
25,30,4,1107,553547,72
25,30,4,1108,554047,69
25,30,4,1109,554547,63
25,30,4,1110,555047,69
25,30,4,1111,555547,71
25,30,4,1112,556047,71
25,30,4,1113,556547,62
25,30,4,1114,557047,63
25,30,4,1115,557547,71
25,30,4,1116,558047,70
25,30,4,1117,558547,63
25,30,4,1118,559047,68
25,30,4,1119,559547,67
25,30,4,1120,560047,71
25,30,4,1121,560547,67
25,30,4,1122,561047,70
25,30,4,1123,561547,75
25,30,4,1124,562047,69
25,30,4,1125,562547,67
25,30,4,1126,563047,67
25,30,4,1127,563547,67
25,30,4,1128,564047,71
25,30,4,1129,564547,63
25,30,4,1130,565047,63
25,30,4,1131,565547,76
25,30,4,1132,566047,63
25,30,4,1133,566547,61
25,30,4,1134,567047,69
25,30,4,1135,567547,68
25,30,4,1136,568047,75
25,30,4,1137,568547,69
25,30,4,1138,569047,69
25,30,4,1139,569547,71
25,30,4,1140,570047,67
25,30,4,1141,570547,73
25,30,4,1142,571047,69
25,30,4,1143,571547,69
25,30,4,1144,572047,73
25,30,4,1145,572547,71
25,30,4,1146,573047,70
25,30,4,1147,573547,63
25,30,4,1148,574047,71
25,30,4,1149,574547,73
25,30,4,1150,575047,74
25,30,4,1151,575547,71
25,30,4,1152,576047,69
25,30,4,1153,576547,71
25,30,4,1154,577047,71
25,30,4,1155,577547,69
25,30,4,1156,578047,69
25,30,4,1157,578547,69
25,30,4,1158,579047,69
25,30,4,1159,579547,71
25,30,4,1160,580047,77
25,30,4,1161,580547,63
25,30,4,1162,581047,75
25,30,4,1163,581547,67
25,30,4,1164,582047,69
25,30,4,1165,582547,79
25,30,4,1166,583047,71
25,30,4,1167,583547,69
25,30,4,1168,584047,69
25,30,4,1169,584547,69
25,30,4,1170,585047,63
25,30,4,1171,585547,69
25,30,4,1172,586047,72
25,30,4,1173,586547,64
25,30,4,1174,587047,63
25,30,4,1175,587547,63
25,30,4,1176,588047,63
25,30,4,1177,588547,69
25,30,4,1178,589047,55
25,30,4,1179,589547,68
25,30,4,1180,590047,71
25,30,4,1181,590547,71
25,30,4,1182,591047,69
25,30,4,1183,591547,71
25,30,4,1184,592047,71
25,30,4,1185,592547,68
25,30,4,1186,593047,67
25,30,4,1187,593547,69
25,30,4,1188,594047,69
25,30,4,1189,594547,69
25,30,4,1190,595047,69
25,30,4,1191,595547,67
25,30,4,1192,596047,63
25,30,4,1193,596547,71
25,30,4,1194,597047,73
25,30,4,1195,597547,69
25,30,4,1196,598047,71
25,30,4,1197,598547,67
25,30,4,1198,599047,73
25,30,4,1199,599547,63
25,30,4,1200,600047,85
25,30,4,1201,600547,55
25,30,4,1202,601047,69
25,30,4,1203,601547,68
25,30,4,1204,602047,68
25,30,4,1205,602547,71
25,30,4,1206,603047,69
25,30,4,1207,603547,63
25,30,4,1208,604047,71
25,30,4,1209,604547,70
25,30,4,1210,605047,69
25,30,4,1211,605547,72
25,30,4,1212,606047,70
25,30,4,1213,606547,71
25,30,4,1214,607047,63
25,30,4,1215,607547,72
25,30,4,1216,608047,71
25,30,4,1217,608547,73
25,30,4,1218,609047,69
25,30,4,1219,609547,71
25,30,4,1220,610047,68
25,30,4,1221,610547,69
25,30,4,1222,611047,69
25,30,4,1223,611547,70
25,30,4,1224,612047,67
25,30,4,1225,612547,63
25,30,4,1226,613047,68
25,30,4,1227,613547,72
25,30,4,1228,614047,63
25,30,4,1229,614547,63
25,30,4,1230,615047,69
25,30,4,1231,615547,58
25,30,4,1232,616047,63
25,30,4,1233,616547,68
25,30,4,1234,617047,61
25,30,4,1235,617547,70
25,30,4,1236,618047,63
25,30,4,1237,618547,51
25,30,4,1238,619047,55
25,30,4,1239,619547,72
25,30,4,1240,620047,69
25,30,4,1241,620547,67
25,30,4,1242,621047,63
25,30,4,1243,621547,70
25,30,4,1244,622047,63
25,30,4,1245,622547,59
25,30,4,1246,623047,68
25,30,4,1247,623547,69
25,30,4,1248,624047,69
25,30,4,1249,624547,89
25,30,4,1250,625047,61
25,30,4,1251,625547,63
25,30,4,1252,626047,71
25,30,4,1253,626547,70
25,30,4,1254,627047,59
25,30,4,1255,627547,69
25,30,4,1256,628047,70
25,30,4,1257,628547,67
25,30,4,1258,629047,63
25,30,4,1259,629547,69
25,30,4,1260,630047,69
25,30,4,1261,630547,61
25,30,4,1262,631047,69
25,30,4,1263,631547,77
25,30,4,1264,632047,61
25,30,4,1265,632547,63
25,30,4,1266,633047,69
25,30,4,1267,633547,83
25,30,4,1268,634047,61
25,30,4,1269,634547,53
25,30,4,1270,635047,70
25,30,4,1271,635547,62
25,30,4,1272,636047,70
25,30,4,1273,636547,91
25,30,4,1274,637047,62
25,30,4,1275,637547,69
25,30,4,1276,638047,72
25,30,4,1277,638547,70
25,30,4,1278,639047,67
25,30,4,1279,639547,62
25,30,4,1280,640047,68
25,30,4,1281,640547,68
25,30,4,1282,641047,64
25,30,4,1283,641547,71
25,30,4,1284,642047,63
25,30,4,1285,642547,67
25,30,4,1286,643047,63
25,30,4,1287,643547,86
25,30,4,1288,644047,69
25,30,4,1289,644547,61
25,30,4,1290,645047,69
25,30,4,1291,645547,63
25,30,4,1292,646047,67
25,30,4,1293,646547,63
25,30,4,1294,647047,59
25,30,4,1295,647547,62
25,30,4,1296,648047,70
25,30,4,1297,648547,63
25,30,4,1298,649047,71
25,30,4,1299,649547,71
25,30,4,1300,650047,60
25,30,4,1301,650547,69
25,30,4,1302,651047,71
25,30,4,1303,651547,62
25,30,4,1304,652047,69
25,30,4,1305,652547,67
25,30,4,1306,653047,63
25,30,4,1307,653547,69
25,30,4,1308,654047,61
25,30,4,1309,654547,73
25,30,4,1310,655047,69
25,30,4,1311,655547,71
25,30,4,1312,656047,61
25,30,4,1313,656547,69
25,30,4,1314,657047,71
25,30,4,1315,657547,69
25,30,4,1316,658047,69
25,30,4,1317,658547,70
25,30,4,1318,659047,69
25,30,4,1319,659547,67
25,30,4,1320,660047,70
25,30,4,1321,660547,68
25,30,4,1322,661047,52
25,30,4,1323,661547,68
25,30,4,1324,662047,68
25,30,4,1325,662547,71
25,30,4,1326,663047,69
25,30,4,1327,663547,69
25,30,4,1328,664047,69
25,30,4,1329,664547,57
25,30,4,1330,665047,69
25,30,4,1331,665547,61
25,30,4,1332,666047,72
25,30,4,1333,666547,73
25,30,4,1334,667047,70
25,30,4,1335,667547,70
25,30,4,1336,668047,71
25,30,4,1337,668547,71
25,30,4,1338,669047,68
25,30,4,1339,669547,69
25,30,4,1340,670047,69
25,30,4,1341,670547,67
25,30,4,1342,671047,69
25,30,4,1343,671547,83
25,30,4,1344,672047,69
25,30,4,1345,672547,63
25,30,4,1346,673047,67
25,30,4,1347,673547,73
25,30,4,1348,674047,71
25,30,4,1349,674547,69
25,30,4,1350,675047,67
25,30,4,1351,675547,71
25,30,4,1352,676047,71
25,30,4,1353,676547,71
25,30,4,1354,677047,71
25,30,4,1355,677547,72
25,30,4,1356,678047,67
25,30,4,1357,678547,71
25,30,4,1358,679047,75
25,30,4,1359,679547,73
25,30,4,1360,680047,69
25,30,4,1361,680547,71
25,30,4,1362,681047,69
25,30,4,1363,681547,71
25,30,4,1364,682047,71
25,30,4,1365,682547,70
25,30,4,1366,683047,71
25,30,4,1367,683547,53
25,30,4,1368,684047,57
25,30,4,1369,684547,71
25,30,4,1370,685047,69
25,30,4,1371,685547,71
25,30,4,1372,686047,72
25,30,4,1373,686547,54
25,30,4,1374,687047,69
25,30,4,1375,687547,71
25,30,4,1376,688047,69
25,30,4,1377,688547,67
25,30,4,1378,689047,71
25,30,4,1379,689547,69
25,30,4,1380,690047,71
25,30,4,1381,690547,63
25,30,4,1382,691047,71
25,30,4,1383,691547,68
25,30,4,1384,692047,63
25,30,4,1385,692547,77
25,30,4,1386,693047,72
25,30,4,1387,693547,69
25,30,4,1388,694047,73
25,30,4,1389,694547,87
25,30,4,1390,695047,73
25,30,4,1391,695547,72
25,30,4,1392,696047,75
25,30,4,1393,696547,75
25,30,4,1394,697047,73
25,30,4,1395,697547,69
25,30,4,1396,698047,71
25,30,4,1397,698547,69
25,30,4,1398,699047,71
25,30,4,1399,699547,71
25,30,4,1400,700047,71
25,30,4,1401,700547,75
25,30,4,1402,701047,77
25,30,4,1403,701547,71
25,30,4,1404,702047,75
25,30,4,1405,702547,69
25,30,4,1406,703047,69
25,30,4,1407,703547,71
25,30,4,1408,704047,72
25,30,4,1409,704547,68
25,30,4,1410,705047,73
25,30,4,1411,705547,73
25,30,4,1412,706047,69
25,30,4,1413,706547,73
25,30,4,1414,707047,77
25,30,4,1415,707547,71
25,30,4,1416,708047,73
25,30,4,1417,708547,85
25,30,4,1418,709047,75
25,30,4,1419,709547,71
25,30,4,1420,710047,72
25,30,4,1421,710547,73
25,30,4,1422,711047,72
25,30,4,1423,711547,71
25,30,4,1424,712047,72
25,30,4,1425,712547,72
25,30,4,1426,713047,59
25,30,4,1427,713547,71
25,30,4,1428,714047,75
25,30,4,1429,714547,72
25,30,4,1430,715047,71
25,30,4,1431,715547,73
25,30,4,1432,716047,72
25,30,4,1433,716547,72
25,30,4,1434,717047,83
25,30,4,1435,717547,71
25,30,4,1436,718047,73
25,30,4,1437,718547,86
25,30,4,1438,719047,72
25,30,4,1439,719547,73
25,30,4,1440,720047,72
25,30,4,1441,720547,70
25,30,4,1442,721047,71
25,30,4,1443,721547,71
25,30,4,1444,722047,69
25,30,4,1445,722547,88
25,30,4,1446,723047,69
25,30,4,1447,723547,55
25,30,4,1448,724047,73
25,30,4,1449,724547,70
25,30,4,1450,725047,67
25,30,4,1451,725547,67
25,30,4,1452,726047,68
25,30,4,1453,726547,58
25,30,4,1454,727047,63
25,30,4,1455,727547,68
25,30,4,1456,728047,63
25,30,4,1457,728547,68
25,30,4,1458,729047,61
25,30,4,1459,729547,60
25,30,4,1460,730047,61
25,30,4,1461,730547,60
25,30,4,1462,731047,69
25,30,4,1463,731547,62
25,30,4,1464,732047,62
25,30,4,1465,732547,63
25,30,4,1466,733047,59
25,30,4,1467,733547,68
25,30,4,1468,734047,61
25,30,4,1469,734547,69
25,30,4,1470,735047,63
25,30,4,1471,735547,67
25,30,4,1472,736047,71
25,30,4,1473,736547,69
25,30,4,1474,737047,59
25,30,4,1475,737547,62
25,30,4,1476,738047,69
25,30,4,1477,738547,72
25,30,4,1478,739047,63
25,30,4,1479,739547,69
25,30,4,1480,740047,71
25,30,4,1481,740547,68
25,30,4,1482,741047,70
25,30,4,1483,741547,67
25,30,4,1484,742047,63
25,30,4,1485,742547,69
25,30,4,1486,743047,69
25,30,4,1487,743547,63
25,30,4,1488,744047,60
25,30,4,1489,744547,68
25,30,4,1490,745047,68
25,30,4,1491,745547,61
25,30,4,1492,746047,57
25,30,4,1493,746547,67
25,30,4,1494,747047,69
25,30,4,1495,747547,72
25,30,4,1496,748047,68
25,30,4,1497,748547,69
25,30,4,1498,749047,68
25,30,4,1499,749547,68
25,30,4,1500,750047,59
25,30,4,1501,750547,67
25,30,4,1502,751047,69
25,30,4,1503,751547,69
25,30,4,1504,752047,59
25,30,4,1505,752547,63
25,30,4,1506,753047,69
25,30,4,1507,753547,69
25,30,4,1508,754047,68
25,30,4,1509,754547,59
25,30,4,1510,755047,63
25,30,4,1511,755547,63
25,30,4,1512,756047,68
25,30,4,1513,756547,79
25,30,4,1514,757047,63
25,30,4,1515,757547,61
25,30,4,1516,758047,62
25,30,4,1517,758547,69
25,30,4,1518,759047,67
25,30,4,1519,759547,67
25,30,4,1520,760047,71
25,30,4,1521,760547,69
25,30,4,1522,761047,61
25,30,4,1523,761547,61
25,30,4,1524,762047,68
25,30,4,1525,762547,63
25,30,4,1526,763047,62
25,30,4,1527,763547,63
25,30,4,1528,764047,69
25,30,4,1529,764547,63
25,30,4,1530,765047,68
25,30,4,1531,765547,67
25,30,4,1532,766047,63
25,30,4,1533,766547,69
25,30,4,1534,767047,75
25,30,4,1535,767547,63
25,30,4,1536,768047,71
25,30,4,1537,768547,61
25,30,4,1538,769047,67
25,30,4,1539,769547,69
25,30,4,1540,770047,61
25,30,4,1541,770547,69
25,30,4,1542,771047,68
25,30,4,1543,771547,69
25,30,4,1544,772047,47
25,30,4,1545,772547,69
25,30,4,1546,773047,69
25,30,4,1547,773547,58
25,30,4,1548,774047,60
25,30,4,1549,774547,53
25,30,4,1550,775047,63
25,30,4,1551,775547,71
25,30,4,1552,776047,68
25,30,4,1553,776547,63
25,30,4,1554,777047,67
25,30,4,1555,777547,68
25,30,4,1556,778047,71
25,30,4,1557,778547,63
25,30,4,1558,779047,59
25,30,4,1559,779547,70
25,30,4,1560,780047,68
25,30,4,1561,780547,67
25,30,4,1562,781047,69
25,30,4,1563,781547,84
25,30,4,1564,782047,63
25,30,4,1565,782547,63
25,30,4,1566,783047,69
25,30,4,1567,783547,43
25,30,4,1568,784047,47
25,30,4,1569,784547,73
25,30,4,1570,785047,67
25,30,4,1571,785547,71
25,30,4,1572,786047,71
25,30,4,1573,786547,68
25,30,4,1574,787047,71
25,30,4,1575,787547,69
25,30,4,1576,788047,72
25,30,4,1577,788547,71
25,30,4,1578,789047,63
25,30,4,1579,789547,70
25,30,4,1580,790047,70
25,30,4,1581,790547,70
25,30,4,1582,791047,70
25,30,4,1583,791547,71
25,30,4,1584,792047,62
25,30,4,1585,792547,69
25,30,4,1586,793047,71
25,30,4,1587,793547,62
25,30,4,1588,794047,67
25,30,4,1589,794547,69
25,30,4,1590,795047,68
25,30,4,1591,795547,75
25,30,4,1592,796047,73
25,30,4,1593,796547,69
25,30,4,1594,797047,69
25,30,4,1595,797547,87
25,30,4,1596,798047,71
25,30,4,1597,798547,67
25,30,4,1598,799047,51
25,30,4,1599,799547,75
25,30,4,1600,800047,63
25,30,4,1601,800547,73
25,30,4,1602,801047,67
25,30,4,1603,801547,70
25,30,4,1604,802047,83
25,30,4,1605,802547,69
25,30,4,1606,803047,69
25,30,4,1607,803547,72
25,30,4,1608,804047,70
25,30,4,1609,804547,68
25,30,4,1610,805047,71
25,30,4,1611,805547,73
25,30,4,1612,806047,71
25,30,4,1613,806547,69
25,30,4,1614,807047,74
25,30,4,1615,807547,73
25,30,4,1616,808047,69
25,30,4,1617,808547,73
25,30,4,1618,809047,69
25,30,4,1619,809547,87
25,30,4,1620,810047,71
25,30,4,1621,810547,72
25,30,4,1622,811047,72
25,30,4,1623,811547,73
25,30,4,1624,812047,73
25,30,4,1625,812547,85
25,30,4,1626,813047,73
25,30,4,1627,813547,73
25,30,4,1628,814047,71
25,30,4,1629,814547,71
25,30,4,1630,815047,71
25,30,4,1631,815547,73
25,30,4,1632,816047,71
25,30,4,1633,816547,71
25,30,4,1634,817047,70
25,30,4,1635,817547,71
25,30,4,1636,818047,71
25,30,4,1637,818547,70
25,30,4,1638,819047,68
25,30,4,1639,819547,72
25,30,4,1640,820047,70
25,30,4,1641,820547,69
25,30,4,1642,821047,68
25,30,4,1643,821547,63
25,30,4,1644,822047,69
25,30,4,1645,822547,51
25,30,4,1646,823047,71
25,30,4,1647,823547,70
25,30,4,1648,824047,71
25,30,4,1649,824547,63
25,30,4,1650,825047,67
25,30,4,1651,825547,63
25,30,4,1652,826047,69
25,30,4,1653,826547,55
25,30,4,1654,827047,47
25,30,4,1655,827547,68
25,30,4,1656,828047,69
25,30,4,1657,828547,63
25,30,4,1658,829047,63
25,30,4,1659,829547,63
25,30,4,1660,830047,58
25,30,4,1661,830547,68
25,30,4,1662,831047,69
25,30,4,1663,831547,69
25,30,4,1664,832047,61
25,30,4,1665,832547,67
25,30,4,1666,833047,69
25,30,4,1667,833547,68
25,30,4,1668,834047,61
25,30,4,1669,834547,63
25,30,4,1670,835047,67
25,30,4,1671,835547,71
25,30,4,1672,836047,73
25,30,4,1673,836547,69
25,30,4,1674,837047,70
25,30,4,1675,837547,73
25,30,4,1676,838047,71
25,30,4,1677,838547,75
25,30,4,1678,839047,71
25,30,4,1679,839547,71
25,30,4,1680,840047,73
25,30,4,1681,840547,72
25,30,4,1682,841047,71
25,30,4,1683,841547,71
25,30,4,1684,842047,53
25,30,4,1685,842547,74
25,30,4,1686,843047,72
25,30,4,1687,843547,59
25,30,4,1688,844047,72
25,30,4,1689,844547,75
25,30,4,1690,845047,75
25,30,4,1691,845547,73
25,30,4,1692,846047,70
25,30,4,1693,846547,71
25,30,4,1694,847047,73
25,30,4,1695,847547,75
25,30,4,1696,848047,72
25,30,4,1697,848547,75
25,30,4,1698,849047,71
25,30,4,1699,849547,71
25,30,4,1700,850047,73
25,30,4,1701,850547,72
25,30,4,1702,851047,71
25,30,4,1703,851547,73
25,30,4,1704,852047,73
25,30,4,1705,852547,69
25,30,4,1706,853047,69
25,30,4,1707,853547,75
25,30,4,1708,854047,71
25,30,4,1709,854547,71
25,30,4,1710,855047,75
25,30,4,1711,855547,69
25,30,4,1712,856047,71
25,30,4,1713,856547,73
25,30,4,1714,857047,69
25,30,4,1715,857547,69
25,30,4,1716,858047,72
25,30,4,1717,858547,68
25,30,4,1718,859047,68
25,30,4,1719,859547,63
25,30,4,1720,860047,69
25,30,4,1721,860547,69
25,30,4,1722,861047,61
25,30,4,1723,861547,69
25,30,4,1724,862047,63
25,30,4,1725,862547,71
25,30,4,1726,863047,63
25,30,4,1727,863547,71
25,30,4,1728,864047,71
25,30,4,1729,864547,71
25,30,4,1730,865047,69
25,30,4,1731,865547,71
25,30,4,1732,866047,71
25,30,4,1733,866547,71
25,30,4,1734,867047,75
25,30,4,1735,867547,71
25,30,4,1736,868047,71
25,30,4,1737,868547,80
25,30,4,1738,869047,69
25,30,4,1739,869547,71
25,30,4,1740,870047,69
25,30,4,1741,870547,72
25,30,4,1742,871047,61
25,30,4,1743,871547,69
25,30,4,1744,872047,63
25,30,4,1745,872547,71
25,30,4,1746,873047,69
25,30,4,1747,873547,54
25,30,4,1748,874047,69
25,30,4,1749,874547,71
25,30,4,1750,875047,63
25,30,4,1751,875547,69
25,30,4,1752,876047,69
25,30,4,1753,876547,70
25,30,4,1754,877047,62
25,30,4,1755,877547,71
25,30,4,1756,878047,61
25,30,4,1757,878547,67
25,30,4,1758,879047,69
25,30,4,1759,879547,69
25,30,4,1760,880047,69
25,30,4,1761,880547,71
25,30,4,1762,881047,79
25,30,4,1763,881547,68
25,30,4,1764,882047,69
25,30,4,1765,882547,67
25,30,4,1766,883047,61
25,30,4,1767,883547,59
25,30,4,1768,884047,61
25,30,4,1769,884547,67
25,30,4,1770,885047,63
25,30,4,1771,885547,69
25,30,4,1772,886047,68
25,30,4,1773,886547,63
25,30,4,1774,887047,71
25,30,4,1775,887547,69
25,30,4,1776,888047,63
25,30,4,1777,888547,67
25,30,4,1778,889047,63
25,30,4,1779,889547,79
25,30,4,1780,890047,67
25,30,4,1781,890547,69
25,30,4,1782,891047,69
25,30,4,1783,891547,63
25,30,4,1784,892047,69
25,30,4,1785,892547,71
25,30,4,1786,893047,71
25,30,4,1787,893547,69
25,30,4,1788,894047,56
25,30,4,1789,894547,87
25,30,4,1790,895047,69
25,30,4,1791,895547,71
25,30,4,1792,896047,88
25,30,4,1793,896547,70
25,30,4,1794,897047,63
25,30,4,1795,897547,60
25,30,4,1796,898047,72
25,30,4,1797,898547,70
25,30,4,1798,899047,69
25,30,4,1799,899547,75
25,30,4,1800,900047,71
25,30,4,1801,900547,71
25,30,4,1802,901047,69
25,30,4,1803,901547,71
25,30,4,1804,902047,71
25,30,4,1805,902547,71
25,30,4,1806,903047,73
25,30,4,1807,903547,83
25,30,4,1808,904047,69
25,30,4,1809,904547,69
25,30,4,1810,905047,71
25,30,4,1811,905547,61
25,30,4,1812,906047,71
25,30,4,1813,906547,63
25,30,4,1814,907047,71
25,30,4,1815,907547,69
25,30,4,1816,908047,69
25,30,4,1817,908547,67
25,30,4,1818,909047,68
25,30,4,1819,909547,63
25,30,4,1820,910047,63
25,30,4,1821,910547,68
25,30,4,1822,911047,61
25,30,4,1823,911547,63
25,30,4,1824,912047,67
25,30,4,1825,912547,62
25,30,4,1826,913047,63
25,30,4,1827,913547,61
25,30,4,1828,914047,59
25,30,4,1829,914547,47
25,30,4,1830,915047,45
25,30,4,1831,915547,61
25,30,4,1832,916047,69
25,30,4,1833,916547,71
25,30,4,1834,917047,67
25,30,4,1835,917547,61
25,30,4,1836,918047,62
25,30,4,1837,918547,83
25,30,4,1838,919047,63
25,30,4,1839,919547,63
25,30,4,1840,920047,60
25,30,4,1841,920547,63
25,30,4,1842,921047,67
25,30,4,1843,921547,63
25,30,4,1844,922047,63
25,30,4,1845,922547,69
25,30,4,1846,923047,76
25,30,4,1847,923547,69
25,30,4,1848,924047,62
25,30,4,1849,924547,83
25,30,4,1850,925047,70
25,30,4,1851,925547,68
25,30,4,1852,926047,68
25,30,4,1853,926547,68
25,30,4,1854,927047,69
25,30,4,1855,927547,75
25,30,4,1856,928047,71
25,30,4,1857,928547,71
25,30,4,1858,929047,68
25,30,4,1859,929547,69
25,30,4,1860,930047,71
25,30,4,1861,930547,68
25,30,4,1862,931047,71
25,30,4,1863,931547,88
25,30,4,1864,932047,71
25,30,4,1865,932547,71
25,30,4,1866,933047,69
25,30,4,1867,933547,71
25,30,4,1868,934047,70
25,30,4,1869,934547,69
25,30,4,1870,935047,71
25,30,4,1871,935547,73
25,30,4,1872,936047,69
25,30,4,1873,936547,71
25,30,4,1874,937047,67
25,30,4,1875,937547,72
25,30,4,1876,938047,69
25,30,4,1877,938547,71
25,30,4,1878,939047,75
25,30,4,1879,939547,70
25,30,4,1880,940047,71
25,30,4,1881,940547,59
25,30,4,1882,941047,69
25,30,4,1883,941547,69
25,30,4,1884,942047,68
25,30,4,1885,942547,68
25,30,4,1886,943047,69
25,30,4,1887,943547,61
25,30,4,1888,944047,69
25,30,4,1889,944547,63
25,30,4,1890,945047,69
25,30,4,1891,945547,75
25,30,4,1892,946047,63
25,30,4,1893,946547,67
25,30,4,1894,947047,71
25,30,4,1895,947547,63
25,30,4,1896,948047,63
25,30,4,1897,948547,69
25,30,4,1898,949047,71
25,30,4,1899,949547,63
25,30,4,1900,950047,71
25,30,4,1901,950547,69
25,30,4,1902,951047,81
25,30,4,1903,951547,69
25,30,4,1904,952047,67
25,30,4,1905,952547,69
25,30,4,1906,953047,69
25,30,4,1907,953547,69
25,30,4,1908,954047,62
25,30,4,1909,954547,69
25,30,4,1910,955047,71
25,30,4,1911,955547,71
25,30,4,1912,956047,71
25,30,4,1913,956547,70
25,30,4,1914,957047,71
25,30,4,1915,957547,71
25,30,4,1916,958047,70
25,30,4,1917,958547,71
25,30,4,1918,959047,69
25,30,4,1919,959547,70
25,30,4,1920,960047,67
25,30,4,1921,960547,53
25,30,4,1922,961047,71
25,30,4,1923,961547,68
25,30,4,1924,962047,86
25,30,4,1925,962547,73
25,30,4,1926,963047,62
25,30,4,1927,963547,72
25,30,4,1928,964047,79
25,30,4,1929,964547,64
25,30,4,1930,965047,70
25,30,4,1931,965547,68
25,30,4,1932,966047,70
25,30,4,1933,966547,71
25,30,4,1934,967047,62
25,30,4,1935,967547,63
25,30,4,1936,968047,67
25,30,4,1937,968547,61
25,30,4,1938,969047,69
25,30,4,1939,969547,63
25,30,4,1940,970047,67
25,30,4,1941,970547,72
25,30,4,1942,971047,75
25,30,4,1943,971547,69
25,30,4,1944,972047,71
25,30,4,1945,972547,69
25,30,4,1946,973047,59
25,30,4,1947,973547,70
25,30,4,1948,974047,70
25,30,4,1949,974547,71
25,30,4,1950,975047,70
25,30,4,1951,975547,71
25,30,4,1952,976047,70
25,30,4,1953,976547,73
25,30,4,1954,977047,72
25,30,4,1955,977547,69
25,30,4,1956,978047,70
25,30,4,1957,978547,57
25,30,4,1958,979047,69
25,30,4,1959,979547,69
25,30,4,1960,980047,69
25,30,4,1961,980547,68
25,30,4,1962,981047,71
25,30,4,1963,981547,62
25,30,4,1964,982047,63
25,30,4,1965,982547,71
25,30,4,1966,983047,61
25,30,4,1967,983547,57
25,30,4,1968,984047,71
25,30,4,1969,984547,69
25,30,4,1970,985047,63
25,30,4,1971,985547,51
25,30,4,1972,986047,69
25,30,4,1973,986547,69
25,30,4,1974,987047,59
25,30,4,1975,987547,67
25,30,4,1976,988047,62
25,30,4,1977,988547,62
25,30,4,1978,989047,63
25,30,4,1979,989547,63
25,30,4,1980,990047,71
25,30,4,1981,990547,71
25,30,4,1982,991047,61
25,30,4,1983,991547,73
25,30,4,1984,992047,70
25,30,4,1985,992547,69
25,30,4,1986,993047,67
25,30,4,1987,993547,61
25,30,4,1988,994047,64
25,30,4,1989,994547,58
25,30,4,1990,995047,86
25,30,4,1991,995547,72
25,30,4,1992,996047,69
25,30,4,1993,996547,72
25,30,4,1994,997047,71
25,30,4,1995,997547,72
25,30,4,1996,998047,72
25,30,4,1997,998547,78
25,30,4,1998,999047,69
25,30,4,1999,999547,57
