run_id,valve_percent,window_id,sample_index,time_us,adc_raw
37,0,0,0,71,68
37,0,0,1,551,63
37,0,0,2,1047,62
37,0,0,3,1552,63
37,0,0,4,2047,62
37,0,0,5,2552,62
37,0,0,6,3047,61
37,0,0,7,3552,68
37,0,0,8,4047,63
37,0,0,9,4552,60
37,0,0,10,5047,67
37,0,0,11,5552,67
37,0,0,12,6047,63
37,0,0,13,6552,72
37,0,0,14,7047,69
37,0,0,15,7552,54
37,0,0,16,8047,59
37,0,0,17,8552,72
37,0,0,18,9047,68
37,0,0,19,9552,63
37,0,0,20,10047,68
37,0,0,21,10551,63
37,0,0,22,11047,68
37,0,0,23,11551,67
37,0,0,24,12047,68
37,0,0,25,12551,67
37,0,0,26,13047,63
37,0,0,27,13551,61
37,0,0,28,14047,68
37,0,0,29,14551,63
37,0,0,30,15047,72
37,0,0,31,15551,67
37,0,0,32,16047,63
37,0,0,33,16551,68
37,0,0,34,17047,63
37,0,0,35,17551,67
37,0,0,36,18047,63
37,0,0,37,18551,63
37,0,0,38,19047,67
37,0,0,39,19551,68
37,0,0,40,20047,68
37,0,0,41,20551,69
37,0,0,42,21047,64
37,0,0,43,21551,67
37,0,0,44,22047,61
37,0,0,45,22551,68
37,0,0,46,23047,63
37,0,0,47,23551,57
37,0,0,48,24047,61
37,0,0,49,24551,67
37,0,0,50,25047,63
37,0,0,51,25551,68
37,0,0,52,26047,69
37,0,0,53,26551,67
37,0,0,54,27047,61
37,0,0,55,27551,71
37,0,0,56,28047,70
37,0,0,57,28551,69
37,0,0,58,29048,63
37,0,0,59,29552,63
37,0,0,60,30048,67
37,0,0,61,30552,55
37,0,0,62,31047,56
37,0,0,63,31552,69
37,0,0,64,32047,64
37,0,0,65,32552,63
37,0,0,66,33047,63
37,0,0,67,33552,68
37,0,0,68,34047,69
37,0,0,69,34552,67
37,0,0,70,35047,68
37,0,0,71,35552,69
37,0,0,72,36047,67
37,0,0,73,36552,69
37,0,0,74,37047,68
37,0,0,75,37552,63
37,0,0,76,38047,63
37,0,0,77,38552,69
37,0,0,78,39047,60
37,0,0,79,39551,68
37,0,0,80,40047,53
37,0,0,81,40551,69
37,0,0,82,41047,63
37,0,0,83,41551,69
37,0,0,84,42047,69
37,0,0,85,42551,81
37,0,0,86,43047,68
37,0,0,87,43551,69
37,0,0,88,44048,69
37,0,0,89,44552,69
37,0,0,90,45048,63
37,0,0,91,45552,69
37,0,0,92,46048,67
37,0,0,93,46551,63
37,0,0,94,47047,77
37,0,0,95,47551,63
37,0,0,96,48048,67
37,0,0,97,48551,59
37,0,0,98,49048,69
37,0,0,99,49551,61
37,0,0,100,50047,77
37,0,0,101,50551,71
37,0,0,102,51047,68
37,0,0,103,51551,71
37,0,0,104,52047,68
37,0,0,105,52551,69
37,0,0,106,53048,68
37,0,0,107,53552,63
37,0,0,108,54048,69
37,0,0,109,54551,69
37,0,0,110,55047,68
37,0,0,111,55551,71
37,0,0,112,56047,79
37,0,0,113,56551,69
37,0,0,114,57048,63
37,0,0,115,57551,69
37,0,0,116,58047,68
37,0,0,117,58551,63
37,0,0,118,59047,68
37,0,0,119,59551,63
37,0,0,120,60047,69
37,0,0,121,60551,60
37,0,0,122,61048,68
37,0,0,123,61551,63
37,0,0,124,62047,68
37,0,0,125,62551,67
37,0,0,126,63048,68
37,0,0,127,63551,67
37,0,0,128,64047,69
37,0,0,129,64551,69
37,0,0,130,65047,63
37,0,0,131,65551,71
37,0,0,132,66048,69
37,0,0,133,66552,67
37,0,0,134,67048,67
37,0,0,135,67551,60
37,0,0,136,68047,63
37,0,0,137,68551,79
37,0,0,138,69047,75
37,0,0,139,69551,69
37,0,0,140,70047,67
37,0,0,141,70551,73
37,0,0,142,71048,63
37,0,0,143,71551,69
37,0,0,144,72047,61
37,0,0,145,72551,53
37,0,0,146,73048,73
37,0,0,147,73552,67
37,0,0,148,74048,59
37,0,0,149,74551,68
37,0,0,150,75047,63
37,0,0,151,75551,71
37,0,0,152,76048,59
37,0,0,153,76551,64
37,0,0,154,77047,64
37,0,0,155,77551,68
37,0,0,156,78047,67
37,0,0,157,78551,67
37,0,0,158,79047,79
37,0,0,159,79551,69
37,0,0,160,80047,63
37,0,0,161,80551,69
37,0,0,162,81047,67
37,0,0,163,81551,57
37,0,0,164,82047,67
37,0,0,165,82551,69
37,0,0,166,83047,69
37,0,0,167,83551,63
37,0,0,168,84047,63
37,0,0,169,84551,69
37,0,0,170,85047,68
37,0,0,171,85551,73
37,0,0,172,86048,63
37,0,0,173,86551,68
37,0,0,174,87048,71
37,0,0,175,87551,63
37,0,0,176,88048,69
37,0,0,177,88551,63
37,0,0,178,89048,69
37,0,0,179,89551,69
37,0,0,180,90048,63
37,0,0,181,90551,70
37,0,0,182,91047,70
37,0,0,183,91551,69
37,0,0,184,92048,72
37,0,0,185,92551,69
37,0,0,186,93048,67
37,0,0,187,93552,69
37,0,0,188,94048,69
37,0,0,189,94552,71
37,0,0,190,95048,68
37,0,0,191,95552,63
37,0,0,192,96047,60
37,0,0,193,96551,77
37,0,0,194,97048,71
37,0,0,195,97551,69
37,0,0,196,98047,64
37,0,0,197,98551,71
37,0,0,198,99047,71
37,0,0,199,99551,75
37,0,0,200,100047,69
37,0,0,201,100551,68
37,0,0,202,101048,62
37,0,0,203,101551,69
37,0,0,204,102048,69
37,0,0,205,102551,71
37,0,0,206,103048,69
37,0,0,207,103551,69
37,0,0,208,104048,68
37,0,0,209,104552,68
37,0,0,210,105047,63
37,0,0,211,105552,61
37,0,0,212,106047,67
37,0,0,213,106552,68
37,0,0,214,107047,68
37,0,0,215,107552,69
37,0,0,216,108047,67
37,0,0,217,108552,70
37,0,0,218,109047,68
37,0,0,219,109552,68
37,0,0,220,110047,71
37,0,0,221,110552,69
37,0,0,222,111047,69
37,0,0,223,111552,69
37,0,0,224,112047,69
37,0,0,225,112552,69
37,0,0,226,113047,64
37,0,0,227,113552,70
37,0,0,228,114047,64
37,0,0,229,114551,63
37,0,0,230,115047,69
37,0,0,231,115551,69
37,0,0,232,116047,69
37,0,0,233,116551,67
37,0,0,234,117047,67
37,0,0,235,117551,69
37,0,0,236,118047,77
37,0,0,237,118551,64
37,0,0,238,119047,69
37,0,0,239,119551,68
37,0,0,240,120047,72
37,0,0,241,120551,72
37,0,0,242,121047,69
37,0,0,243,121551,69
37,0,0,244,122047,69
37,0,0,245,122551,71
37,0,0,246,123047,68
37,0,0,247,123551,57
37,0,0,248,124047,70
37,0,0,249,124551,69
37,0,0,250,125047,69
37,0,0,251,125551,68
37,0,0,252,126047,63
37,0,0,253,126551,63
37,0,0,254,127047,62
37,0,0,255,127551,68
37,0,0,256,128047,63
37,0,0,257,128551,61
37,0,0,258,129047,69
37,0,0,259,129551,69
37,0,0,260,130047,69
37,0,0,261,130551,69
37,0,0,262,131047,64
37,0,0,263,131551,71
37,0,0,264,132047,63
37,0,0,265,132551,67
37,0,0,266,133047,63
37,0,0,267,133551,70
37,0,0,268,134047,69
37,0,0,269,134551,69
37,0,0,270,135047,72
37,0,0,271,135551,69
37,0,0,272,136047,64
37,0,0,273,136551,73
37,0,0,274,137047,67
37,0,0,275,137551,62
37,0,0,276,138047,63
37,0,0,277,138551,63
37,0,0,278,139047,68
37,0,0,279,139551,63
37,0,0,280,140047,68
37,0,0,281,140551,69
37,0,0,282,141047,64
37,0,0,283,141551,68
37,0,0,284,142047,63
37,0,0,285,142551,64
37,0,0,286,143047,63
37,0,0,287,143551,69
37,0,0,288,144047,69
37,0,0,289,144551,63
37,0,0,290,145047,69
37,0,0,291,145551,69
37,0,0,292,146047,63
37,0,0,293,146551,71
37,0,0,294,147047,71
37,0,0,295,147551,68
37,0,0,296,148047,63
37,0,0,297,148551,51
37,0,0,298,149047,77
37,0,0,299,149551,69
37,0,0,300,150047,67
37,0,0,301,150551,51
37,0,0,302,151047,76
37,0,0,303,151551,69
37,0,0,304,152047,69
37,0,0,305,152551,68
37,0,0,306,153047,69
37,0,0,307,153551,70
37,0,0,308,154047,60
37,0,0,309,154551,69
37,0,0,310,155047,68
37,0,0,311,155551,67
37,0,0,312,156047,67
37,0,0,313,156551,67
37,0,0,314,157047,69
37,0,0,315,157551,68
37,0,0,316,158048,67
37,0,0,317,158551,62
37,0,0,318,159047,69
37,0,0,319,159551,63
37,0,0,320,160048,68
37,0,0,321,160552,69
37,0,0,322,161047,63
37,0,0,323,161552,69
37,0,0,324,162047,61
37,0,0,325,162552,62
37,0,0,326,163047,74
37,0,0,327,163552,60
37,0,0,328,164047,68
37,0,0,329,164552,69
37,0,0,330,165047,69
37,0,0,331,165552,67
37,0,0,332,166047,71
37,0,0,333,166551,69
37,0,0,334,167047,52
37,0,0,335,167551,69
37,0,0,336,168047,69
37,0,0,337,168551,64
37,0,0,338,169047,69
37,0,0,339,169551,70
37,0,0,340,170047,72
37,0,0,341,170551,63
37,0,0,342,171047,68
37,0,0,343,171551,69
37,0,0,344,172047,63
37,0,0,345,172551,61
37,0,0,346,173047,51
37,0,0,347,173551,69
37,0,0,348,174047,68
37,0,0,349,174551,68
37,0,0,350,175047,79
37,0,0,351,175551,67
37,0,0,352,176047,69
37,0,0,353,176551,64
37,0,0,354,177048,68
37,0,0,355,177551,68
37,0,0,356,178048,67
37,0,0,357,178552,69
37,0,0,358,179048,73
37,0,0,359,179552,73
37,0,0,360,180047,68
37,0,0,361,180552,71
37,0,0,362,181047,68
37,0,0,363,181552,70
37,0,0,364,182047,63
37,0,0,365,182552,63
37,0,0,366,183047,68
37,0,0,367,183552,69
37,0,0,368,184047,62
37,0,0,369,184551,61
37,0,0,370,185047,74
37,0,0,371,185551,69
37,0,0,372,186047,69
37,0,0,373,186551,69
37,0,0,374,187047,75
37,0,0,375,187551,68
37,0,0,376,188047,63
37,0,0,377,188551,67
37,0,0,378,189047,67
37,0,0,379,189551,67
37,0,0,380,190047,63
37,0,0,381,190551,61
37,0,0,382,191047,63
37,0,0,383,191551,71
37,0,0,384,192047,68
37,0,0,385,192551,70
37,0,0,386,193047,61
37,0,0,387,193551,69
37,0,0,388,194047,61
37,0,0,389,194551,63
37,0,0,390,195047,67
37,0,0,391,195551,69
37,0,0,392,196048,62
37,0,0,393,196551,62
37,0,0,394,197047,63
37,0,0,395,197551,67
37,0,0,396,198047,63
37,0,0,397,198551,67
37,0,0,398,199047,61
37,0,0,399,199551,69
37,0,0,400,200047,62
37,0,0,401,200551,73
37,0,0,402,201047,70
37,0,0,403,201551,47
37,0,0,404,202047,67
37,0,0,405,202551,69
37,0,0,406,203048,74
37,0,0,407,203552,69
37,0,0,408,204048,60
37,0,0,409,204552,73
37,0,0,410,205047,60
37,0,0,411,205552,67
37,0,0,412,206047,63
37,0,0,413,206552,69
37,0,0,414,207047,63
37,0,0,415,207552,69
37,0,0,416,208047,62
37,0,0,417,208552,69
37,0,0,418,209047,72
37,0,0,419,209552,51
37,0,0,420,210047,75
37,0,0,421,210552,71
37,0,0,422,211047,63
37,0,0,423,211552,61
37,0,0,424,212047,69
37,0,0,425,212552,68
37,0,0,426,213047,63
37,0,0,427,213551,68
37,0,0,428,214047,57
37,0,0,429,214551,68
37,0,0,430,215047,70
37,0,0,431,215551,62
37,0,0,432,216047,61
37,0,0,433,216551,69
37,0,0,434,217047,64
37,0,0,435,217551,63
37,0,0,436,218047,69
37,0,0,437,218551,69
37,0,0,438,219048,68
37,0,0,439,219552,69
37,0,0,440,220047,68
37,0,0,441,220552,68
37,0,0,442,221047,62
37,0,0,443,221552,64
37,0,0,444,222047,69
37,0,0,445,222552,78
37,0,0,446,223047,69
37,0,0,447,223552,69
37,0,0,448,224047,63
37,0,0,449,224551,61
37,0,0,450,225047,63
37,0,0,451,225551,67
37,0,0,452,226048,68
37,0,0,453,226551,69
37,0,0,454,227048,69
37,0,0,455,227552,67
37,0,0,456,228047,63
37,0,0,457,228552,70
37,0,0,458,229047,67
37,0,0,459,229552,69
37,0,0,460,230047,63
37,0,0,461,230552,68
37,0,0,462,231047,73
37,0,0,463,231552,67
37,0,0,464,232047,63
37,0,0,465,232552,67
37,0,0,466,233047,61
37,0,0,467,233552,69
37,0,0,468,234047,56
37,0,0,469,234552,73
37,0,0,470,235047,63
37,0,0,471,235552,69
37,0,0,472,236047,69
37,0,0,473,236551,69
37,0,0,474,237047,68
37,0,0,475,237551,68
37,0,0,476,238047,63
37,0,0,477,238551,63
37,0,0,478,239047,63
37,0,0,479,239551,51
37,0,0,480,240047,69
37,0,0,481,240551,69
37,0,0,482,241047,67
37,0,0,483,241551,64
37,0,0,484,242048,53
37,0,0,485,242551,69
37,0,0,486,243047,67
37,0,0,487,243551,68
37,0,0,488,244047,63
37,0,0,489,244551,68
37,0,0,490,245047,69
37,0,0,491,245551,61
37,0,0,492,246047,73
37,0,0,493,246551,78
37,0,0,494,247047,73
37,0,0,495,247551,63
37,0,0,496,248047,71
37,0,0,497,248551,69
37,0,0,498,249047,63
37,0,0,499,249551,67
37,0,0,500,250047,63
37,0,0,501,250551,71
37,0,0,502,251047,71
37,0,0,503,251551,82
37,0,0,504,252048,69
37,0,0,505,252551,63
37,0,0,506,253048,67
37,0,0,507,253551,70
37,0,0,508,254047,61
37,0,0,509,254551,72
37,0,0,510,255047,69
37,0,0,511,255551,71
37,0,0,512,256047,61
37,0,0,513,256551,69
37,0,0,514,257047,55
37,0,0,515,257551,63
37,0,0,516,258047,61
37,0,0,517,258551,59
37,0,0,518,259047,68
37,0,0,519,259551,69
37,0,0,520,260047,68
37,0,0,521,260551,69
37,0,0,522,261047,63
37,0,0,523,261551,68
37,0,0,524,262047,67
37,0,0,525,262551,63
37,0,0,526,263047,63
37,0,0,527,263551,73
37,0,0,528,264047,67
37,0,0,529,264551,82
37,0,0,530,265047,73
37,0,0,531,265551,69
37,0,0,532,266047,67
37,0,0,533,266551,69
37,0,0,534,267048,78
37,0,0,535,267551,69
37,0,0,536,268047,63
37,0,0,537,268551,69
37,0,0,538,269047,64
37,0,0,539,269551,68
37,0,0,540,270047,63
37,0,0,541,270551,69
37,0,0,542,271047,69
37,0,0,543,271551,69
37,0,0,544,272047,63
37,0,0,545,272551,71
37,0,0,546,273048,72
37,0,0,547,273551,68
37,0,0,548,274048,70
37,0,0,549,274552,69
37,0,0,550,275047,68
37,0,0,551,275552,68
37,0,0,552,276047,67
37,0,0,553,276552,68
37,0,0,554,277047,53
37,0,0,555,277552,67
37,0,0,556,278047,63
37,0,0,557,278552,70
37,0,0,558,279047,72
37,0,0,559,279552,69
37,0,0,560,280047,51
37,0,0,561,280552,71
37,0,0,562,281047,67
37,0,0,563,281552,69
37,0,0,564,282047,71
37,0,0,565,282552,61
37,0,0,566,283047,69
37,0,0,567,283552,69
37,0,0,568,284047,64
37,0,0,569,284551,69
37,0,0,570,285047,69
37,0,0,571,285551,69
37,0,0,572,286047,69
37,0,0,573,286551,68
37,0,0,574,287047,67
37,0,0,575,287551,68
37,0,0,576,288047,69
37,0,0,577,288551,68
37,0,0,578,289047,70
37,0,0,579,289551,63
37,0,0,580,290048,67
37,0,0,581,290551,69
37,0,0,582,291048,68
37,0,0,583,291551,69
37,0,0,584,292047,64
37,0,0,585,292551,69
37,0,0,586,293047,59
37,0,0,587,293551,69
37,0,0,588,294047,64
37,0,0,589,294551,69
37,0,0,590,295047,67
37,0,0,591,295551,62
37,0,0,592,296047,73
37,0,0,593,296551,69
37,0,0,594,297047,69
37,0,0,595,297551,71
37,0,0,596,298047,71
37,0,0,597,298551,63
37,0,0,598,299047,79
37,0,0,599,299551,68
37,0,0,600,300047,63
37,0,0,601,300551,71
37,0,0,602,301047,62
37,0,0,603,301551,71
37,0,0,604,302047,67
37,0,0,605,302551,53
37,0,0,606,303047,61
37,0,0,607,303551,60
37,0,0,608,304047,64
37,0,0,609,304551,67
37,0,0,610,305047,69
37,0,0,611,305551,69
37,0,0,612,306047,59
37,0,0,613,306551,69
37,0,0,614,307047,69
37,0,0,615,307551,71
37,0,0,616,308047,63
37,0,0,617,308551,67
37,0,0,618,309047,67
37,0,0,619,309551,71
37,0,0,620,310047,73
37,0,0,621,310551,64
37,0,0,622,311047,71
37,0,0,623,311551,69
37,0,0,624,312047,69
37,0,0,625,312551,63
37,0,0,626,313047,61
37,0,0,627,313551,69
37,0,0,628,314047,63
37,0,0,629,314551,68
37,0,0,630,315047,63
37,0,0,631,315551,69
37,0,0,632,316047,63
37,0,0,633,316551,68
37,0,0,634,317048,68
37,0,0,635,317551,67
37,0,0,636,318048,63
37,0,0,637,318551,67
37,0,0,638,319048,64
37,0,0,639,319551,69
37,0,0,640,320048,68
37,0,0,641,320551,73
37,0,0,642,321048,63
37,0,0,643,321551,69
37,0,0,644,322048,68
37,0,0,645,322551,61
37,0,0,646,323047,71
37,0,0,647,323551,69
37,0,0,648,324047,69
37,0,0,649,324551,61
37,0,0,650,325047,58
37,0,0,651,325551,68
37,0,0,652,326047,69
37,0,0,653,326551,69
37,0,0,654,327047,69
37,0,0,655,327551,57
37,0,0,656,328048,68
37,0,0,657,328551,69
37,0,0,658,329047,71
37,0,0,659,329551,69
37,0,0,660,330048,61
37,0,0,661,330551,83
37,0,0,662,331048,56
37,0,0,663,331551,67
37,0,0,664,332048,63
37,0,0,665,332552,67
37,0,0,666,333047,66
37,0,0,667,333552,73
37,0,0,668,334047,64
37,0,0,669,334552,69
37,0,0,670,335047,68
37,0,0,671,335552,69
37,0,0,672,336047,64
37,0,0,673,336552,69
37,0,0,674,337047,67
37,0,0,675,337552,68
37,0,0,676,338047,80
37,0,0,677,338551,68
37,0,0,678,339047,69
37,0,0,679,339551,71
37,0,0,680,340047,63
37,0,0,681,340551,63
37,0,0,682,341047,63
37,0,0,683,341551,69
37,0,0,684,342047,69
37,0,0,685,342551,69
37,0,0,686,343048,55
37,0,0,687,343552,63
37,0,0,688,344047,68
37,0,0,689,344552,67
37,0,0,690,345047,67
37,0,0,691,345552,70
37,0,0,692,346047,68
37,0,0,693,346552,73
37,0,0,694,347047,69
37,0,0,695,347552,69
37,0,0,696,348047,64
37,0,0,697,348552,69
37,0,0,698,349047,63
37,0,0,699,349552,68
37,0,0,700,350047,68
37,0,0,701,350551,67
37,0,0,702,351047,68
37,0,0,703,351551,69
37,0,0,704,352047,67
37,0,0,705,352551,70
37,0,0,706,353047,70
37,0,0,707,353551,70
37,0,0,708,354047,61
37,0,0,709,354551,63
37,0,0,710,355047,62
37,0,0,711,355551,63
37,0,0,712,356047,62
37,0,0,713,356551,45
37,0,0,714,357048,61
37,0,0,715,357551,69
37,0,0,716,358048,68
37,0,0,717,358551,70
37,0,0,718,359047,68
37,0,0,719,359551,69
37,0,0,720,360048,78
37,0,0,721,360552,68
37,0,0,722,361047,67
37,0,0,723,361552,61
37,0,0,724,362047,69
37,0,0,725,362552,68
37,0,0,726,363047,63
37,0,0,727,363552,69
37,0,0,728,364047,56
37,0,0,729,364552,68
37,0,0,730,365047,69
37,0,0,731,365552,69
37,0,0,732,366047,68
37,0,0,733,366552,69
37,0,0,734,367047,68
37,0,0,735,367552,67
37,0,0,736,368047,71
37,0,0,737,368552,70
37,0,0,738,369047,57
37,0,0,739,369551,69
37,0,0,740,370047,64
37,0,0,741,370551,69
37,0,0,742,371047,54
37,0,0,743,371551,71
37,0,0,744,372047,69
37,0,0,745,372551,69
37,0,0,746,373047,67
37,0,0,747,373552,69
37,0,0,748,374048,67
37,0,0,749,374551,70
37,0,0,750,375047,62
37,0,0,751,375551,69
37,0,0,752,376048,67
37,0,0,753,376552,69
37,0,0,754,377047,69
37,0,0,755,377552,71
37,0,0,756,378047,69
37,0,0,757,378552,67
37,0,0,758,379047,67
37,0,0,759,379552,85
37,0,0,760,380047,69
37,0,0,761,380552,63
37,0,0,762,381047,63
37,0,0,763,381552,69
37,0,0,764,382047,69
37,0,0,765,382552,69
37,0,0,766,383047,63
37,0,0,767,383552,63
37,0,0,768,384047,51
37,0,0,769,384552,68
37,0,0,770,385047,63
37,0,0,771,385552,69
37,0,0,772,386047,69
37,0,0,773,386552,67
37,0,0,774,387047,69
37,0,0,775,387552,84
37,0,0,776,388047,63
37,0,0,777,388551,69
37,0,0,778,389047,51
37,0,0,779,389551,67
37,0,0,780,390047,69
37,0,0,781,390551,70
37,0,0,782,391048,67
37,0,0,783,391551,69
37,0,0,784,392047,69
37,0,0,785,392551,71
37,0,0,786,393047,67
37,0,0,787,393551,63
37,0,0,788,394047,63
37,0,0,789,394551,69
37,0,0,790,395048,63
37,0,0,791,395551,63
37,0,0,792,396047,63
37,0,0,793,396551,61
37,0,0,794,397047,68
37,0,0,795,397551,55
37,0,0,796,398047,79
37,0,0,797,398551,69
37,0,0,798,399048,68
37,0,0,799,399551,69
37,0,0,800,400048,67
37,0,0,801,400551,68
37,0,0,802,401047,64
37,0,0,803,401551,63
37,0,0,804,402048,69
37,0,0,805,402551,68
37,0,0,806,403048,69
37,0,0,807,403551,67
37,0,0,808,404048,67
37,0,0,809,404551,71
37,0,0,810,405048,69
37,0,0,811,405551,68
37,0,0,812,406048,69
37,0,0,813,406551,69
37,0,0,814,407048,67
37,0,0,815,407552,63
37,0,0,816,408047,62
37,0,0,817,408552,69
37,0,0,818,409047,72
37,0,0,819,409552,63
37,0,0,820,410047,69
37,0,0,821,410552,69
37,0,0,822,411047,67
37,0,0,823,411552,68
37,0,0,824,412047,69
37,0,0,825,412552,69
37,0,0,826,413047,68
37,0,0,827,413552,69
37,0,0,828,414047,63
37,0,0,829,414551,63
37,0,0,830,415047,68
37,0,0,831,415551,57
37,0,0,832,416047,67
37,0,0,833,416551,63
37,0,0,834,417047,71
37,0,0,835,417551,68
37,0,0,836,418047,63
37,0,0,837,418551,47
37,0,0,838,419047,75
37,0,0,839,419551,69
37,0,0,840,420047,67
37,0,0,841,420551,69
37,0,0,842,421047,63
37,0,0,843,421551,69
37,0,0,844,422047,69
37,0,0,845,422551,69
37,0,0,846,423047,68
37,0,0,847,423551,67
37,0,0,848,424047,71
37,0,0,849,424551,69
37,0,0,850,425047,83
37,0,0,851,425551,68
37,0,0,852,426048,71
37,0,0,853,426551,63
37,0,0,854,427047,69
37,0,0,855,427551,69
37,0,0,856,428047,68
37,0,0,857,428551,68
37,0,0,858,429047,69
37,0,0,859,429551,69
37,0,0,860,430047,69
37,0,0,861,430551,63
37,0,0,862,431047,68
37,0,0,863,431551,71
37,0,0,864,432047,67
37,0,0,865,432551,71
37,0,0,866,433047,61
37,0,0,867,433551,72
37,0,0,868,434047,60
37,0,0,869,434551,69
37,0,0,870,435047,61
37,0,0,871,435551,69
37,0,0,872,436048,62
37,0,0,873,436551,68
37,0,0,874,437047,63
37,0,0,875,437551,68
37,0,0,876,438047,63
37,0,0,877,438551,63
37,0,0,878,439048,69
37,0,0,879,439551,69
37,0,0,880,440047,68
37,0,0,881,440551,63
37,0,0,882,441047,63
37,0,0,883,441551,69
37,0,0,884,442047,67
37,0,0,885,442551,67
37,0,0,886,443047,69
37,0,0,887,443551,68
37,0,0,888,444047,63
37,0,0,889,444551,69
37,0,0,890,445047,63
37,0,0,891,445551,63
37,0,0,892,446047,63
37,0,0,893,446551,69
37,0,0,894,447047,67
37,0,0,895,447551,68
37,0,0,896,448047,63
37,0,0,897,448551,69
37,0,0,898,449047,67
37,0,0,899,449551,70
37,0,0,900,450048,63
37,0,0,901,450551,54
37,0,0,902,451047,73
37,0,0,903,451551,69
37,0,0,904,452048,63
37,0,0,905,452551,68
37,0,0,906,453048,69
37,0,0,907,453552,61
37,0,0,908,454048,68
37,0,0,909,454551,67
37,0,0,910,455048,68
37,0,0,911,455551,63
37,0,0,912,456047,68
37,0,0,913,456551,63
37,0,0,914,457047,68
37,0,0,915,457551,54
37,0,0,916,458047,69
37,0,0,917,458551,61
37,0,0,918,459047,87
37,0,0,919,459551,69
37,0,0,920,460047,67
37,0,0,921,460551,69
37,0,0,922,461047,67
37,0,0,923,461551,69
37,0,0,924,462047,56
37,0,0,925,462551,69
37,0,0,926,463047,68
37,0,0,927,463551,61
37,0,0,928,464047,72
37,0,0,929,464551,54
37,0,0,930,465048,76
37,0,0,931,465551,68
37,0,0,932,466047,67
37,0,0,933,466551,69
37,0,0,934,467047,67
37,0,0,935,467551,69
37,0,0,936,468047,63
37,0,0,937,468551,68
37,0,0,938,469047,69
37,0,0,939,469551,63
37,0,0,940,470047,53
37,0,0,941,470551,69
37,0,0,942,471047,68
37,0,0,943,471551,68
37,0,0,944,472047,72
37,0,0,945,472551,69
37,0,0,946,473047,56
37,0,0,947,473551,69
37,0,0,948,474047,69
37,0,0,949,474551,68
37,0,0,950,475047,63
37,0,0,951,475551,68
37,0,0,952,476047,69
37,0,0,953,476551,64
37,0,0,954,477047,63
37,0,0,955,477551,69
37,0,0,956,478047,63
37,0,0,957,478551,69
37,0,0,958,479047,63
37,0,0,959,479551,69
37,0,0,960,480047,67
37,0,0,961,480551,82
37,0,0,962,481048,71
37,0,0,963,481551,69
37,0,0,964,482047,71
37,0,0,965,482551,57
37,0,0,966,483047,69
37,0,0,967,483551,63
37,0,0,968,484047,69
37,0,0,969,484551,69
37,0,0,970,485047,64
37,0,0,971,485551,69
37,0,0,972,486047,67
37,0,0,973,486551,69
37,0,0,974,487048,69
37,0,0,975,487551,68
37,0,0,976,488048,51
37,0,0,977,488551,69
37,0,0,978,489047,63
37,0,0,979,489551,69
37,0,0,980,490047,69
37,0,0,981,490551,63
37,0,0,982,491048,67
37,0,0,983,491551,68
37,0,0,984,492047,69
37,0,0,985,492551,71
37,0,0,986,493047,69
37,0,0,987,493551,69
37,0,0,988,494048,69
37,0,0,989,494552,69
37,0,0,990,495048,71
37,0,0,991,495551,69
37,0,0,992,496048,69
37,0,0,993,496552,67
37,0,0,994,497047,69
37,0,0,995,497551,69
37,0,0,996,498047,63
37,0,0,997,498551,68
37,0,0,998,499047,68
37,0,0,999,499551,61
37,0,0,1000,500047,63
37,0,0,1001,500551,63
37,0,0,1002,501047,68
37,0,0,1003,501551,67
37,0,0,1004,502047,62
37,0,0,1005,502551,67
37,0,0,1006,503048,68
37,0,0,1007,503551,68
37,0,0,1008,504048,64
37,0,0,1009,504551,69
37,0,0,1010,505048,73
37,0,0,1011,505551,68
37,0,0,1012,506048,69
37,0,0,1013,506551,69
37,0,0,1014,507048,63
37,0,0,1015,507551,69
37,0,0,1016,508047,69
37,0,0,1017,508551,70
37,0,0,1018,509047,71
37,0,0,1019,509551,71
37,0,0,1020,510047,68
37,0,0,1021,510551,71
37,0,0,1022,511048,63
37,0,0,1023,511551,66
37,0,0,1024,512048,57
37,0,0,1025,512551,69
37,0,0,1026,513048,68
37,0,0,1027,513551,63
37,0,0,1028,514048,60
37,0,0,1029,514552,73
37,0,0,1030,515048,61
37,0,0,1031,515552,69
37,0,0,1032,516048,61
37,0,0,1033,516552,69
37,0,0,1034,517048,69
37,0,0,1035,517552,79
37,0,0,1036,518047,59
37,0,0,1037,518552,63
37,0,0,1038,519047,68
37,0,0,1039,519552,67
37,0,0,1040,520047,68
37,0,0,1041,520552,69
37,0,0,1042,521047,68
37,0,0,1043,521552,69
37,0,0,1044,522047,69
37,0,0,1045,522552,69
37,0,0,1046,523047,83
37,0,0,1047,523552,69
37,0,0,1048,524047,69
37,0,0,1049,524552,69
37,0,0,1050,525047,68
37,0,0,1051,525552,69
37,0,0,1052,526047,67
37,0,0,1053,526551,69
37,0,0,1054,527047,68
37,0,0,1055,527551,68
37,0,0,1056,528047,68
37,0,0,1057,528551,69
37,0,0,1058,529047,69
37,0,0,1059,529551,68
37,0,0,1060,530048,69
37,0,0,1061,530551,72
37,0,0,1062,531047,68
37,0,0,1063,531551,68
37,0,0,1064,532047,68
37,0,0,1065,532551,68
37,0,0,1066,533047,63
37,0,0,1067,533551,69
37,0,0,1068,534047,80
37,0,0,1069,534551,68
37,0,0,1070,535048,67
37,0,0,1071,535551,69
37,0,0,1072,536047,61
37,0,0,1073,536551,68
37,0,0,1074,537048,68
37,0,0,1075,537551,69
37,0,0,1076,538047,64
37,0,0,1077,538551,79
37,0,0,1078,539048,67
37,0,0,1079,539551,59
37,0,0,1080,540048,68
37,0,0,1081,540551,69
37,0,0,1082,541047,63
37,0,0,1083,541551,68
37,0,0,1084,542047,68
37,0,0,1085,542551,69
37,0,0,1086,543047,69
37,0,0,1087,543551,69
37,0,0,1088,544047,69
37,0,0,1089,544551,68
37,0,0,1090,545048,69
37,0,0,1091,545551,57
37,0,0,1092,546047,69
37,0,0,1093,546551,69
37,0,0,1094,547047,69
37,0,0,1095,547551,68
37,0,0,1096,548047,63
37,0,0,1097,548551,69
37,0,0,1098,549048,63
37,0,0,1099,549551,52
37,0,0,1100,550047,67
37,0,0,1101,550551,68
37,0,0,1102,551047,79
37,0,0,1103,551551,69
37,0,0,1104,552048,69
37,0,0,1105,552551,61
37,0,0,1106,553047,71
37,0,0,1107,553551,68
37,0,0,1108,554047,63
37,0,0,1109,554551,69
37,0,0,1110,555047,67
37,0,0,1111,555551,69
37,0,0,1112,556047,63
37,0,0,1113,556551,63
37,0,0,1114,557047,75
37,0,0,1115,557551,69
37,0,0,1116,558047,63
37,0,0,1117,558551,68
37,0,0,1118,559047,60
37,0,0,1119,559551,69
37,0,0,1120,560047,68
37,0,0,1121,560551,63
37,0,0,1122,561047,64
37,0,0,1123,561551,69
37,0,0,1124,562047,61
37,0,0,1125,562551,69
37,0,0,1126,563047,70
37,0,0,1127,563551,73
37,0,0,1128,564048,63
37,0,0,1129,564552,73
37,0,0,1130,565048,64
37,0,0,1131,565551,69
37,0,0,1132,566048,83
37,0,0,1133,566552,69
37,0,0,1134,567048,63
37,0,0,1135,567551,68
37,0,0,1136,568047,70
37,0,0,1137,568551,72
37,0,0,1138,569048,63
37,0,0,1139,569552,69
37,0,0,1140,570048,63
37,0,0,1141,570552,69
37,0,0,1142,571048,67
37,0,0,1143,571552,68
37,0,0,1144,572048,68
37,0,0,1145,572552,68
37,0,0,1146,573047,68
37,0,0,1147,573552,69
37,0,0,1148,574047,63
37,0,0,1149,574552,69
37,0,0,1150,575047,69
37,0,0,1151,575552,69
37,0,0,1152,576047,67
37,0,0,1153,576552,69
37,0,0,1154,577047,68
37,0,0,1155,577552,69
37,0,0,1156,578047,68
37,0,0,1157,578551,69
37,0,0,1158,579047,68
37,0,0,1159,579551,69
37,0,0,1160,580047,67
37,0,0,1161,580551,68
37,0,0,1162,581047,71
37,0,0,1163,581551,69
37,0,0,1164,582047,71
37,0,0,1165,582551,82
37,0,0,1166,583048,57
37,0,0,1167,583551,68
37,0,0,1168,584047,63
37,0,0,1169,584551,68
37,0,0,1170,585047,69
37,0,0,1171,585551,67
37,0,0,1172,586047,85
37,0,0,1173,586551,69
37,0,0,1174,587047,68
37,0,0,1175,587551,69
37,0,0,1176,588047,69
37,0,0,1177,588551,61
37,0,0,1178,589047,69
37,0,0,1179,589551,71
37,0,0,1180,590047,63
37,0,0,1181,590551,69
37,0,0,1182,591047,63
37,0,0,1183,591551,69
37,0,0,1184,592048,63
37,0,0,1185,592551,73
37,0,0,1186,593048,68
37,0,0,1187,593551,69
37,0,0,1188,594047,69
37,0,0,1189,594551,55
37,0,0,1190,595047,69
37,0,0,1191,595551,68
37,0,0,1192,596047,60
37,0,0,1193,596551,69
37,0,0,1194,597048,68
37,0,0,1195,597551,67
37,0,0,1196,598047,63
37,0,0,1197,598551,62
37,0,0,1198,599047,83
37,0,0,1199,599551,68
37,0,0,1200,600047,68
37,0,0,1201,600551,61
37,0,0,1202,601048,63
37,0,0,1203,601551,63
37,0,0,1204,602047,60
37,0,0,1205,602551,69
37,0,0,1206,603047,68
37,0,0,1207,603551,69
37,0,0,1208,604047,72
37,0,0,1209,604551,69
37,0,0,1210,605047,72
37,0,0,1211,605551,73
37,0,0,1212,606047,69
37,0,0,1213,606551,69
37,0,0,1214,607047,63
37,0,0,1215,607551,69
37,0,0,1216,608048,69
37,0,0,1217,608551,63
37,0,0,1218,609047,77
37,0,0,1219,609551,69
37,0,0,1220,610047,69
37,0,0,1221,610551,69
37,0,0,1222,611047,68
37,0,0,1223,611551,69
37,0,0,1224,612048,61
37,0,0,1225,612551,71
37,0,0,1226,613048,69
37,0,0,1227,613551,69
37,0,0,1228,614048,69
37,0,0,1229,614551,53
37,0,0,1230,615047,69
37,0,0,1231,615551,68
37,0,0,1232,616047,63
37,0,0,1233,616551,75
37,0,0,1234,617047,63
37,0,0,1235,617551,69
37,0,0,1236,618047,63
37,0,0,1237,618551,67
37,0,0,1238,619047,68
37,0,0,1239,619551,69
37,0,0,1240,620047,64
37,0,0,1241,620551,69
37,0,0,1242,621047,70
37,0,0,1243,621551,70
37,0,0,1244,622048,71
37,0,0,1245,622551,67
37,0,0,1246,623048,75
37,0,0,1247,623551,69
37,0,0,1248,624047,59
37,0,0,1249,624551,64
37,0,0,1250,625048,64
37,0,0,1251,625551,83
37,0,0,1252,626047,69
37,0,0,1253,626551,63
37,0,0,1254,627047,69
37,0,0,1255,627551,69
37,0,0,1256,628047,68
37,0,0,1257,628551,63
37,0,0,1258,629047,69
37,0,0,1259,629551,76
37,0,0,1260,630047,69
37,0,0,1261,630551,67
37,0,0,1262,631047,64
37,0,0,1263,631551,67
37,0,0,1264,632047,72
37,0,0,1265,632551,63
37,0,0,1266,633047,63
37,0,0,1267,633551,70
37,0,0,1268,634047,63
37,0,0,1269,634551,69
37,0,0,1270,635047,63
37,0,0,1271,635551,60
37,0,0,1272,636047,69
37,0,0,1273,636551,63
37,0,0,1274,637047,64
37,0,0,1275,637551,67
37,0,0,1276,638047,69
37,0,0,1277,638551,68
37,0,0,1278,639047,68
37,0,0,1279,639551,69
37,0,0,1280,640047,69
37,0,0,1281,640551,69
37,0,0,1282,641047,64
37,0,0,1283,641551,67
37,0,0,1284,642047,68
37,0,0,1285,642551,68
37,0,0,1286,643047,63
37,0,0,1287,643551,69
37,0,0,1288,644048,69
37,0,0,1289,644551,62
37,0,0,1290,645047,71
37,0,0,1291,645551,63
37,0,0,1292,646047,64
37,0,0,1293,646551,67
37,0,0,1294,647047,63
37,0,0,1295,647551,76
37,0,0,1296,648047,56
37,0,0,1297,648551,71
37,0,0,1298,649047,68
37,0,0,1299,649551,69
37,0,0,1300,650047,61
37,0,0,1301,650551,68
37,0,0,1302,651047,68
37,0,0,1303,651551,69
37,0,0,1304,652047,71
37,0,0,1305,652551,68
37,0,0,1306,653047,63
37,0,0,1307,653551,68
37,0,0,1308,654048,63
37,0,0,1309,654551,73
37,0,0,1310,655047,63
37,0,0,1311,655551,54
37,0,0,1312,656047,63
37,0,0,1313,656551,67
37,0,0,1314,657047,68
37,0,0,1315,657551,69
37,0,0,1316,658047,68
37,0,0,1317,658551,82
37,0,0,1318,659047,69
37,0,0,1319,659551,82
37,0,0,1320,660047,68
37,0,0,1321,660551,67
37,0,0,1322,661047,68
37,0,0,1323,661551,59
37,0,0,1324,662047,83
37,0,0,1325,662551,69
37,0,0,1326,663047,69
37,0,0,1327,663551,68
37,0,0,1328,664047,69
37,0,0,1329,664551,68
37,0,0,1330,665047,67
37,0,0,1331,665551,64
37,0,0,1332,666047,68
37,0,0,1333,666551,69
37,0,0,1334,667047,69
37,0,0,1335,667551,69
37,0,0,1336,668047,57
37,0,0,1337,668551,69
37,0,0,1338,669047,67
37,0,0,1339,669551,69
37,0,0,1340,670047,55
37,0,0,1341,670551,68
37,0,0,1342,671047,61
37,0,0,1343,671551,69
37,0,0,1344,672047,67
37,0,0,1345,672551,67
37,0,0,1346,673047,69
37,0,0,1347,673551,69
37,0,0,1348,674048,69
37,0,0,1349,674551,59
37,0,0,1350,675047,71
37,0,0,1351,675551,69
37,0,0,1352,676047,69
37,0,0,1353,676551,67
37,0,0,1354,677047,68
37,0,0,1355,677551,69
37,0,0,1356,678047,69
37,0,0,1357,678551,69
37,0,0,1358,679047,63
37,0,0,1359,679551,69
37,0,0,1360,680048,69
37,0,0,1361,680551,69
37,0,0,1362,681048,63
37,0,0,1363,681551,67
37,0,0,1364,682047,67
37,0,0,1365,682551,69
37,0,0,1366,683047,67
37,0,0,1367,683551,73
37,0,0,1368,684047,71
37,0,0,1369,684551,68
37,0,0,1370,685047,67
37,0,0,1371,685551,70
37,0,0,1372,686047,68
37,0,0,1373,686551,69
37,0,0,1374,687047,69
37,0,0,1375,687551,63
37,0,0,1376,688047,62
37,0,0,1377,688551,69
37,0,0,1378,689047,69
37,0,0,1379,689551,71
37,0,0,1380,690048,69
37,0,0,1381,690551,71
37,0,0,1382,691047,67
37,0,0,1383,691551,69
37,0,0,1384,692047,63
37,0,0,1385,692551,69
37,0,0,1386,693047,69
37,0,0,1387,693551,69
37,0,0,1388,694047,73
37,0,0,1389,694551,69
37,0,0,1390,695047,64
37,0,0,1391,695551,74
37,0,0,1392,696047,75
37,0,0,1393,696551,69
37,0,0,1394,697047,69
37,0,0,1395,697551,73
37,0,0,1396,698047,69
37,0,0,1397,698551,69
37,0,0,1398,699048,63
37,0,0,1399,699552,69
37,0,0,1400,700048,62
37,0,0,1401,700552,63
37,0,0,1402,701047,64
37,0,0,1403,701552,61
37,0,0,1404,702047,69
37,0,0,1405,702552,69
37,0,0,1406,703047,67
37,0,0,1407,703552,69
37,0,0,1408,704047,69
37,0,0,1409,704552,69
37,0,0,1410,705047,69
37,0,0,1411,705552,69
37,0,0,1412,706047,64
37,0,0,1413,706551,71
37,0,0,1414,707047,72
37,0,0,1415,707551,83
37,0,0,1416,708047,69
37,0,0,1417,708551,70
37,0,0,1418,709047,69
37,0,0,1419,709551,69
37,0,0,1420,710047,63
37,0,0,1421,710551,69
37,0,0,1422,711047,71
37,0,0,1423,711551,76
37,0,0,1424,712047,70
37,0,0,1425,712551,69
37,0,0,1426,713048,69
37,0,0,1427,713551,68
37,0,0,1428,714047,47
37,0,0,1429,714551,68
37,0,0,1430,715048,69
37,0,0,1431,715551,69
37,0,0,1432,716048,68
37,0,0,1433,716551,63
37,0,0,1434,717048,79
37,0,0,1435,717551,69
37,0,0,1436,718048,68
37,0,0,1437,718551,69
37,0,0,1438,719048,64
37,0,0,1439,719551,69
37,0,0,1440,720047,68
37,0,0,1441,720551,70
37,0,0,1442,721047,63
37,0,0,1443,721551,69
37,0,0,1444,722048,69
37,0,0,1445,722552,68
37,0,0,1446,723048,69
37,0,0,1447,723552,69
37,0,0,1448,724048,69
37,0,0,1449,724552,68
37,0,0,1450,725047,62
37,0,0,1451,725551,54
37,0,0,1452,726047,69
37,0,0,1453,726551,69
37,0,0,1454,727047,69
37,0,0,1455,727551,63
37,0,0,1456,728047,69
37,0,0,1457,728551,61
37,0,0,1458,729047,68
37,0,0,1459,729551,69
37,0,0,1460,730047,68
37,0,0,1461,730551,69
37,0,0,1462,731048,68
37,0,0,1463,731551,69
37,0,0,1464,732048,68
37,0,0,1465,732551,63
37,0,0,1466,733048,69
37,0,0,1467,733551,68
37,0,0,1468,734048,69
37,0,0,1469,734552,70
37,0,0,1470,735048,61
37,0,0,1471,735551,69
37,0,0,1472,736048,67
37,0,0,1473,736551,69
37,0,0,1474,737047,68
37,0,0,1475,737551,69
37,0,0,1476,738047,64
37,0,0,1477,738551,69
37,0,0,1478,739047,68
37,0,0,1479,739551,69
37,0,0,1480,740047,63
37,0,0,1481,740551,68
37,0,0,1482,741047,69
37,0,0,1483,741551,67
37,0,0,1484,742047,70
37,0,0,1485,742551,68
37,0,0,1486,743047,69
37,0,0,1487,743551,67
37,0,0,1488,744047,61
37,0,0,1489,744551,69
37,0,0,1490,745047,59
37,0,0,1491,745551,69
37,0,0,1492,746047,69
37,0,0,1493,746551,51
37,0,0,1494,747047,68
37,0,0,1495,747551,69
37,0,0,1496,748047,77
37,0,0,1497,748551,67
37,0,0,1498,749047,68
37,0,0,1499,749551,69
37,0,0,1500,750048,69
37,0,0,1501,750551,77
37,0,0,1502,751048,51
37,0,0,1503,751551,69
37,0,0,1504,752048,68
37,0,0,1505,752552,63
37,0,0,1506,753047,71
37,0,0,1507,753552,71
37,0,0,1508,754047,69
37,0,0,1509,754552,69
37,0,0,1510,755047,71
37,0,0,1511,755552,69
37,0,0,1512,756047,68
37,0,0,1513,756552,69
37,0,0,1514,757047,69
37,0,0,1515,757552,69
37,0,0,1516,758047,69
37,0,0,1517,758552,87
37,0,0,1518,759047,69
37,0,0,1519,759552,59
37,0,0,1520,760047,63
37,0,0,1521,760552,67
37,0,0,1522,761047,71
37,0,0,1523,761551,63
37,0,0,1524,762047,68
37,0,0,1525,762551,76
37,0,0,1526,763048,61
37,0,0,1527,763551,69
37,0,0,1528,764047,68
37,0,0,1529,764551,71
37,0,0,1530,765048,71
37,0,0,1531,765551,68
37,0,0,1532,766047,67
37,0,0,1533,766551,69
37,0,0,1534,767048,69
37,0,0,1535,767551,69
37,0,0,1536,768048,69
37,0,0,1537,768552,69
37,0,0,1538,769047,63
37,0,0,1539,769551,68
37,0,0,1540,770047,64
37,0,0,1541,770551,68
37,0,0,1542,771047,64
37,0,0,1543,771551,69
37,0,0,1544,772047,61
37,0,0,1545,772551,62
37,0,0,1546,773047,68
37,0,0,1547,773551,63
37,0,0,1548,774048,69
37,0,0,1549,774551,61
37,0,0,1550,775048,62
37,0,0,1551,775552,68
37,0,0,1552,776048,63
37,0,0,1553,776552,67
37,0,0,1554,777048,69
37,0,0,1555,777552,64
37,0,0,1556,778047,63
37,0,0,1557,778552,68
37,0,0,1558,779047,68
37,0,0,1559,779552,69
37,0,0,1560,780047,69
37,0,0,1561,780552,67
37,0,0,1562,781047,61
37,0,0,1563,781552,83
37,0,0,1564,782047,61
37,0,0,1565,782552,68
37,0,0,1566,783047,61
37,0,0,1567,783552,71
37,0,0,1568,784047,63
37,0,0,1569,784552,69
37,0,0,1570,785047,68
37,0,0,1571,785551,69
37,0,0,1572,786047,68
37,0,0,1573,786551,69
37,0,0,1574,787047,62
37,0,0,1575,787551,68
37,0,0,1576,788047,63
37,0,0,1577,788551,59
37,0,0,1578,789047,69
37,0,0,1579,789551,69
37,0,0,1580,790047,69
37,0,0,1581,790551,78
37,0,0,1582,791047,75
37,0,0,1583,791551,68
37,0,0,1584,792048,71
37,0,0,1585,792551,69
37,0,0,1586,793048,69
37,0,0,1587,793551,53
37,0,0,1588,794048,69
37,0,0,1589,794551,69
37,0,0,1590,795048,63
37,0,0,1591,795552,67
37,0,0,1592,796048,73
37,0,0,1593,796552,68
37,0,0,1594,797047,67
37,0,0,1595,797552,72
37,0,0,1596,798047,61
37,0,0,1597,798552,68
37,0,0,1598,799047,67
37,0,0,1599,799552,68
37,0,0,1600,800047,68
37,0,0,1601,800552,69
37,0,0,1602,801047,59
37,0,0,1603,801552,52
37,0,0,1604,802047,67
37,0,0,1605,802552,74
37,0,0,1606,803047,69
37,0,0,1607,803552,69
37,0,0,1608,804047,67
37,0,0,1609,804552,69
37,0,0,1610,805047,64
37,0,0,1611,805552,63
37,0,0,1612,806047,63
37,0,0,1613,806551,69
37,0,0,1614,807047,67
37,0,0,1615,807551,69
37,0,0,1616,808047,69
37,0,0,1617,808551,61
37,0,0,1618,809047,70
37,0,0,1619,809551,47
37,0,0,1620,810047,71
37,0,0,1621,810551,69
37,0,0,1622,811047,63
37,0,0,1623,811551,67
37,0,0,1624,812048,69
37,0,0,1625,812551,69
37,0,0,1626,813047,64
37,0,0,1627,813551,69
37,0,0,1628,814047,63
37,0,0,1629,814551,68
37,0,0,1630,815047,69
37,0,0,1631,815551,69
37,0,0,1632,816048,68
37,0,0,1633,816551,73
37,0,0,1634,817047,63
37,0,0,1635,817551,69
37,0,0,1636,818047,67
37,0,0,1637,818551,78
37,0,0,1638,819047,67
37,0,0,1639,819551,60
37,0,0,1640,820047,73
37,0,0,1641,820551,69
37,0,0,1642,821047,68
37,0,0,1643,821551,67
37,0,0,1644,822047,70
37,0,0,1645,822551,69
37,0,0,1646,823047,69
37,0,0,1647,823551,73
37,0,0,1648,824048,59
37,0,0,1649,824551,69
37,0,0,1650,825047,67
37,0,0,1651,825551,67
37,0,0,1652,826047,69
37,0,0,1653,826551,62
37,0,0,1654,827047,69
37,0,0,1655,827551,68
37,0,0,1656,828047,68
37,0,0,1657,828551,69
37,0,0,1658,829047,69
37,0,0,1659,829551,69
37,0,0,1660,830047,69
37,0,0,1661,830551,69
37,0,0,1662,831047,67
37,0,0,1663,831551,69
37,0,0,1664,832047,68
37,0,0,1665,832551,69
37,0,0,1666,833047,71
37,0,0,1667,833551,69
37,0,0,1668,834048,67
37,0,0,1669,834551,69
37,0,0,1670,835048,62
37,0,0,1671,835551,69
37,0,0,1672,836047,69
37,0,0,1673,836551,69
37,0,0,1674,837047,67
37,0,0,1675,837551,69
37,0,0,1676,838048,63
37,0,0,1677,838551,67
37,0,0,1678,839047,69
37,0,0,1679,839551,68
37,0,0,1680,840047,69
37,0,0,1681,840551,69
37,0,0,1682,841048,67
37,0,0,1683,841551,54
37,0,0,1684,842048,71
37,0,0,1685,842552,69
37,0,0,1686,843047,63
37,0,0,1687,843552,69
37,0,0,1688,844047,68
37,0,0,1689,844552,70
37,0,0,1690,845047,67
37,0,0,1691,845552,69
37,0,0,1692,846047,69
37,0,0,1693,846552,61
37,0,0,1694,847047,76
37,0,0,1695,847552,61
37,0,0,1696,848047,67
37,0,0,1697,848552,69
37,0,0,1698,849047,69
37,0,0,1699,849552,67
37,0,0,1700,850047,69
37,0,0,1701,850552,71
37,0,0,1702,851047,64
37,0,0,1703,851552,68
37,0,0,1704,852047,79
37,0,0,1705,852552,71
37,0,0,1706,853047,83
37,0,0,1707,853552,68
37,0,0,1708,854047,63
37,0,0,1709,854551,69
37,0,0,1710,855047,69
37,0,0,1711,855551,68
37,0,0,1712,856047,71
37,0,0,1713,856551,63
37,0,0,1714,857047,47
37,0,0,1715,857551,67
37,0,0,1716,858047,69
37,0,0,1717,858551,63
37,0,0,1718,859047,61
37,0,0,1719,859551,69
37,0,0,1720,860047,73
37,0,0,1721,860551,71
37,0,0,1722,861047,68
37,0,0,1723,861551,69
37,0,0,1724,862047,68
37,0,0,1725,862551,62
37,0,0,1726,863047,47
37,0,0,1727,863551,63
37,0,0,1728,864047,67
37,0,0,1729,864551,67
37,0,0,1730,865047,73
37,0,0,1731,865551,70
37,0,0,1732,866047,68
37,0,0,1733,866551,67
37,0,0,1734,867047,63
37,0,0,1735,867551,68
37,0,0,1736,868047,68
37,0,0,1737,868551,68
37,0,0,1738,869047,68
37,0,0,1739,869551,68
37,0,0,1740,870047,63
37,0,0,1741,870551,69
37,0,0,1742,871047,63
37,0,0,1743,871551,69
37,0,0,1744,872047,69
37,0,0,1745,872551,68
37,0,0,1746,873047,70
37,0,0,1747,873551,73
37,0,0,1748,874047,58
37,0,0,1749,874551,69
37,0,0,1750,875048,63
37,0,0,1751,875551,69
37,0,0,1752,876047,63
37,0,0,1753,876551,69
37,0,0,1754,877047,69
37,0,0,1755,877551,67
37,0,0,1756,878047,69
37,0,0,1757,878551,63
37,0,0,1758,879047,69
37,0,0,1759,879551,71
37,0,0,1760,880047,67
37,0,0,1761,880551,71
37,0,0,1762,881047,64
37,0,0,1763,881551,68
37,0,0,1764,882047,69
37,0,0,1765,882551,85
37,0,0,1766,883048,69
37,0,0,1767,883551,71
37,0,0,1768,884048,61
37,0,0,1769,884552,69
37,0,0,1770,885047,63
37,0,0,1771,885552,69
37,0,0,1772,886047,63
37,0,0,1773,886552,67
37,0,0,1774,887047,67
37,0,0,1775,887552,68
37,0,0,1776,888047,59
37,0,0,1777,888552,69
37,0,0,1778,889047,63
37,0,0,1779,889552,67
37,0,0,1780,890047,62
37,0,0,1781,890552,76
37,0,0,1782,891047,53
37,0,0,1783,891551,69
37,0,0,1784,892047,71
37,0,0,1785,892551,64
37,0,0,1786,893047,67
37,0,0,1787,893551,69
37,0,0,1788,894047,68
37,0,0,1789,894551,64
37,0,0,1790,895047,68
37,0,0,1791,895551,71
37,0,0,1792,896047,69
37,0,0,1793,896551,69
37,0,0,1794,897047,60
37,0,0,1795,897551,51
37,0,0,1796,898048,69
37,0,0,1797,898551,59
37,0,0,1798,899048,51
37,0,0,1799,899552,69
37,0,0,1800,900047,69
37,0,0,1801,900552,71
37,0,0,1802,901047,69
37,0,0,1803,901552,73
37,0,0,1804,902047,70
37,0,0,1805,902552,63
37,0,0,1806,903047,64
37,0,0,1807,903552,67
37,0,0,1808,904047,69
37,0,0,1809,904551,69
37,0,0,1810,905047,69
37,0,0,1811,905551,71
37,0,0,1812,906047,63
37,0,0,1813,906551,68
37,0,0,1814,907047,69
37,0,0,1815,907551,69
37,0,0,1816,908047,63
37,0,0,1817,908551,69
37,0,0,1818,909047,63
37,0,0,1819,909551,68
37,0,0,1820,910047,69
37,0,0,1821,910551,69
37,0,0,1822,911048,63
37,0,0,1823,911551,63
37,0,0,1824,912047,63
37,0,0,1825,912551,69
37,0,0,1826,913047,69
37,0,0,1827,913551,69
37,0,0,1828,914047,73
37,0,0,1829,914551,69
37,0,0,1830,915047,68
37,0,0,1831,915551,63
37,0,0,1832,916047,63
37,0,0,1833,916551,69
37,0,0,1834,917047,68
37,0,0,1835,917551,69
37,0,0,1836,918048,69
37,0,0,1837,918551,69
37,0,0,1838,919048,63
37,0,0,1839,919551,69
37,0,0,1840,920047,69
37,0,0,1841,920551,69
37,0,0,1842,921047,71
37,0,0,1843,921551,69
37,0,0,1844,922047,61
37,0,0,1845,922551,69
37,0,0,1846,923047,63
37,0,0,1847,923551,79
37,0,0,1848,924047,68
37,0,0,1849,924551,61
37,0,0,1850,925047,62
37,0,0,1851,925551,63
37,0,0,1852,926047,69
37,0,0,1853,926551,57
37,0,0,1854,927047,64
37,0,0,1855,927551,87
37,0,0,1856,928047,67
37,0,0,1857,928551,63
37,0,0,1858,929047,69
37,0,0,1859,929551,69
37,0,0,1860,930047,69
37,0,0,1861,930551,70
37,0,0,1862,931047,67
37,0,0,1863,931551,69
37,0,0,1864,932048,69
37,0,0,1865,932551,69
37,0,0,1866,933048,67
37,0,0,1867,933551,67
37,0,0,1868,934047,69
37,0,0,1869,934551,67
37,0,0,1870,935047,69
37,0,0,1871,935551,68
37,0,0,1872,936047,68
37,0,0,1873,936551,69
37,0,0,1874,937048,70
37,0,0,1875,937551,68
37,0,0,1876,938048,68
37,0,0,1877,938551,70
37,0,0,1878,939047,69
37,0,0,1879,939551,67
37,0,0,1880,940047,62
37,0,0,1881,940551,68
37,0,0,1882,941047,68
37,0,0,1883,941551,70
37,0,0,1884,942047,68
37,0,0,1885,942551,71
37,0,0,1886,943047,70
37,0,0,1887,943551,69
37,0,0,1888,944048,71
37,0,0,1889,944551,69
37,0,0,1890,945048,63
37,0,0,1891,945552,62
37,0,0,1892,946048,69
37,0,0,1893,946551,62
37,0,0,1894,947048,71
37,0,0,1895,947551,69
37,0,0,1896,948047,69
37,0,0,1897,948551,69
37,0,0,1898,949047,68
37,0,0,1899,949551,69
37,0,0,1900,950047,69
37,0,0,1901,950551,63
37,0,0,1902,951048,68
37,0,0,1903,951551,68
37,0,0,1904,952047,71
37,0,0,1905,952551,63
37,0,0,1906,953047,69
37,0,0,1907,953551,69
37,0,0,1908,954047,63
37,0,0,1909,954551,74
37,0,0,1910,955048,47
37,0,0,1911,955551,67
37,0,0,1912,956048,69
37,0,0,1913,956552,67
37,0,0,1914,957048,67
37,0,0,1915,957552,68
37,0,0,1916,958047,67
37,0,0,1917,958552,69
37,0,0,1918,959047,57
37,0,0,1919,959552,69
37,0,0,1920,960047,69
37,0,0,1921,960552,63
37,0,0,1922,961047,68
37,0,0,1923,961552,69
37,0,0,1924,962047,63
37,0,0,1925,962552,70
37,0,0,1926,963047,69
37,0,0,1927,963552,67
37,0,0,1928,964047,71
37,0,0,1929,964552,69
37,0,0,1930,965047,69
37,0,0,1931,965552,68
37,0,0,1932,966047,63
37,0,0,1933,966552,69
37,0,0,1934,967047,69
37,0,0,1935,967552,56
37,0,0,1936,968047,71
37,0,0,1937,968552,69
37,0,0,1938,969047,68
37,0,0,1939,969552,62
37,0,0,1940,970047,68
37,0,0,1941,970552,69
37,0,0,1942,971047,64
37,0,0,1943,971552,52
37,0,0,1944,972047,69
37,0,0,1945,972552,67
37,0,0,1946,973047,70
37,0,0,1947,973552,62
37,0,0,1948,974047,63
37,0,0,1949,974552,69
37,0,0,1950,975047,67
37,0,0,1951,975552,70
37,0,0,1952,976047,68
37,0,0,1953,976552,67
37,0,0,1954,977047,69
37,0,0,1955,977552,69
37,0,0,1956,978047,68
37,0,0,1957,978552,69
37,0,0,1958,979047,68
37,0,0,1959,979551,69
37,0,0,1960,980047,69
37,0,0,1961,980551,69
37,0,0,1962,981048,67
37,0,0,1963,981551,69
37,0,0,1964,982047,67
37,0,0,1965,982551,47
37,0,0,1966,983047,55
37,0,0,1967,983551,69
37,0,0,1968,984047,64
37,0,0,1969,984551,69
37,0,0,1970,985048,68
37,0,0,1971,985551,69
37,0,0,1972,986047,69
37,0,0,1973,986551,69
37,0,0,1974,987047,69
37,0,0,1975,987551,69
37,0,0,1976,988047,68
37,0,0,1977,988551,69
37,0,0,1978,989048,69
37,0,0,1979,989551,68
37,0,0,1980,990047,63
37,0,0,1981,990551,55
37,0,0,1982,991048,67
37,0,0,1983,991551,67
37,0,0,1984,992047,73
37,0,0,1985,992551,71
37,0,0,1986,993048,69
37,0,0,1987,993551,63
37,0,0,1988,994047,62
37,0,0,1989,994551,67
37,0,0,1990,995047,68
37,0,0,1991,995551,69
37,0,0,1992,996047,67
37,0,0,1993,996551,69
37,0,0,1994,997047,64
37,0,0,1995,997551,63
37,0,0,1996,998047,59
37,0,0,1997,998551,69
37,0,0,1998,999048,63
37,0,0,1999,999551,75
37,0,1,0,48,71
37,0,1,1,547,68
37,0,1,2,1047,66
37,0,1,3,1547,68
37,0,1,4,2047,64
37,0,1,5,2547,63
37,0,1,6,3047,69
37,0,1,7,3547,68
37,0,1,8,4047,69
37,0,1,9,4547,67
37,0,1,10,5047,69
37,0,1,11,5547,57
37,0,1,12,6047,63
37,0,1,13,6547,67
37,0,1,14,7047,63
37,0,1,15,7547,67
37,0,1,16,8047,69
37,0,1,17,8547,63
37,0,1,18,9047,67
37,0,1,19,9547,60
37,0,1,20,10047,63
37,0,1,21,10547,67
37,0,1,22,11047,68
37,0,1,23,11547,69
37,0,1,24,12047,82
37,0,1,25,12547,67
37,0,1,26,13047,68
37,0,1,27,13547,70
37,0,1,28,14047,71
37,0,1,29,14547,64
37,0,1,30,15047,69
37,0,1,31,15547,69
37,0,1,32,16047,67
37,0,1,33,16547,67
37,0,1,34,17047,70
37,0,1,35,17547,68
37,0,1,36,18047,76
37,0,1,37,18547,68
37,0,1,38,19047,72
37,0,1,39,19547,69
37,0,1,40,20047,69
37,0,1,41,20547,68
37,0,1,42,21047,67
37,0,1,43,21547,63
37,0,1,44,22047,69
37,0,1,45,22547,69
37,0,1,46,23047,62
37,0,1,47,23547,68
37,0,1,48,24047,69
37,0,1,49,24547,64
37,0,1,50,25047,70
37,0,1,51,25547,71
37,0,1,52,26047,69
37,0,1,53,26547,69
37,0,1,54,27047,67
37,0,1,55,27547,68
37,0,1,56,28047,66
37,0,1,57,28547,64
37,0,1,58,29047,59
37,0,1,59,29547,69
37,0,1,60,30047,72
37,0,1,61,30547,70
37,0,1,62,31047,69
37,0,1,63,31547,69
37,0,1,64,32047,68
37,0,1,65,32547,63
37,0,1,66,33047,68
37,0,1,67,33547,61
37,0,1,68,34047,69
37,0,1,69,34547,69
37,0,1,70,35047,68
37,0,1,71,35547,63
37,0,1,72,36047,69
37,0,1,73,36547,69
37,0,1,74,37047,67
37,0,1,75,37547,67
37,0,1,76,38047,71
37,0,1,77,38547,63
37,0,1,78,39047,72
37,0,1,79,39547,68
37,0,1,80,40047,69
37,0,1,81,40547,69
37,0,1,82,41047,69
37,0,1,83,41547,67
37,0,1,84,42047,69
37,0,1,85,42547,67
37,0,1,86,43047,63
37,0,1,87,43547,52
37,0,1,88,44047,68
37,0,1,89,44547,67
37,0,1,90,45047,68
37,0,1,91,45547,69
37,0,1,92,46047,63
37,0,1,93,46547,67
37,0,1,94,47047,69
37,0,1,95,47547,63
37,0,1,96,48047,70
37,0,1,97,48547,67
37,0,1,98,49047,72
37,0,1,99,49547,67
37,0,1,100,50047,64
37,0,1,101,50547,68
37,0,1,102,51047,69
37,0,1,103,51547,69
37,0,1,104,52047,73
37,0,1,105,52547,69
37,0,1,106,53047,61
37,0,1,107,53547,68
37,0,1,108,54047,56
37,0,1,109,54547,69
37,0,1,110,55047,69
37,0,1,111,55547,67
37,0,1,112,56047,69
37,0,1,113,56547,63
37,0,1,114,57047,69
37,0,1,115,57547,69
37,0,1,116,58047,69
37,0,1,117,58547,70
37,0,1,118,59047,67
37,0,1,119,59547,69
37,0,1,120,60047,69
37,0,1,121,60547,73
37,0,1,122,61047,69
37,0,1,123,61547,70
37,0,1,124,62047,68
37,0,1,125,62547,69
37,0,1,126,63047,75
37,0,1,127,63547,67
37,0,1,128,64047,69
37,0,1,129,64547,68
37,0,1,130,65047,67
37,0,1,131,65547,67
37,0,1,132,66047,67
37,0,1,133,66547,68
37,0,1,134,67047,73
37,0,1,135,67547,68
37,0,1,136,68047,61
37,0,1,137,68547,67
37,0,1,138,69047,68
37,0,1,139,69547,64
37,0,1,140,70047,69
37,0,1,141,70547,71
37,0,1,142,71047,69
37,0,1,143,71547,68
37,0,1,144,72047,69
37,0,1,145,72547,68
37,0,1,146,73047,69
37,0,1,147,73547,67
37,0,1,148,74047,73
37,0,1,149,74547,68
37,0,1,150,75047,69
37,0,1,151,75547,69
37,0,1,152,76047,68
37,0,1,153,76547,69
37,0,1,154,77047,69
37,0,1,155,77547,68
37,0,1,156,78047,68
37,0,1,157,78547,69
37,0,1,158,79047,68
37,0,1,159,79547,69
37,0,1,160,80047,69
37,0,1,161,80547,69
37,0,1,162,81047,69
37,0,1,163,81547,70
37,0,1,164,82047,69
37,0,1,165,82547,71
37,0,1,166,83047,78
37,0,1,167,83547,68
37,0,1,168,84047,68
37,0,1,169,84547,67
37,0,1,170,85047,68
37,0,1,171,85547,73
37,0,1,172,86047,69
37,0,1,173,86547,69
37,0,1,174,87047,68
37,0,1,175,87547,67
37,0,1,176,88047,60
37,0,1,177,88547,71
37,0,1,178,89047,62
37,0,1,179,89547,69
37,0,1,180,90047,69
37,0,1,181,90547,68
37,0,1,182,91047,69
37,0,1,183,91547,69
37,0,1,184,92047,69
37,0,1,185,92547,63
37,0,1,186,93047,69
37,0,1,187,93547,71
37,0,1,188,94047,64
37,0,1,189,94547,69
37,0,1,190,95047,77
37,0,1,191,95547,68
37,0,1,192,96047,69
37,0,1,193,96547,69
37,0,1,194,97047,68
37,0,1,195,97547,67
37,0,1,196,98047,67
37,0,1,197,98547,69
37,0,1,198,99047,83
37,0,1,199,99547,69
37,0,1,200,100047,69
37,0,1,201,100547,69
37,0,1,202,101047,69
37,0,1,203,101547,52
37,0,1,204,102047,70
37,0,1,205,102547,69
37,0,1,206,103047,69
37,0,1,207,103547,63
37,0,1,208,104047,81
37,0,1,209,104547,68
37,0,1,210,105047,63
37,0,1,211,105547,67
37,0,1,212,106047,69
37,0,1,213,106547,71
37,0,1,214,107047,67
37,0,1,215,107547,61
37,0,1,216,108047,59
37,0,1,217,108547,64
37,0,1,218,109047,68
37,0,1,219,109547,69
37,0,1,220,110047,69
37,0,1,221,110547,68
37,0,1,222,111047,70
37,0,1,223,111547,69
37,0,1,224,112047,82
37,0,1,225,112547,70
37,0,1,226,113047,63
37,0,1,227,113547,69
37,0,1,228,114047,55
37,0,1,229,114547,71
37,0,1,230,115047,69
37,0,1,231,115547,61
37,0,1,232,116047,74
37,0,1,233,116547,69
37,0,1,234,117047,69
37,0,1,235,117547,68
37,0,1,236,118047,73
37,0,1,237,118547,69
37,0,1,238,119047,69
37,0,1,239,119547,68
37,0,1,240,120047,68
37,0,1,241,120547,71
37,0,1,242,121047,71
37,0,1,243,121547,63
37,0,1,244,122047,61
37,0,1,245,122547,67
37,0,1,246,123047,67
37,0,1,247,123547,61
37,0,1,248,124047,67
37,0,1,249,124547,67
37,0,1,250,125047,69
37,0,1,251,125547,69
37,0,1,252,126047,70
37,0,1,253,126547,68
37,0,1,254,127047,69
37,0,1,255,127547,69
37,0,1,256,128047,67
37,0,1,257,128547,69
37,0,1,258,129047,69
37,0,1,259,129547,68
37,0,1,260,130047,72
37,0,1,261,130547,69
37,0,1,262,131047,67
37,0,1,263,131547,68
37,0,1,264,132047,70
37,0,1,265,132547,71
37,0,1,266,133047,69
37,0,1,267,133547,62
37,0,1,268,134047,64
37,0,1,269,134547,68
37,0,1,270,135047,69
37,0,1,271,135547,67
37,0,1,272,136047,75
37,0,1,273,136547,69
37,0,1,274,137047,69
37,0,1,275,137547,67
37,0,1,276,138047,69
37,0,1,277,138547,63
37,0,1,278,139047,68
37,0,1,279,139547,69
37,0,1,280,140047,69
37,0,1,281,140547,64
37,0,1,282,141047,68
37,0,1,283,141547,68
37,0,1,284,142047,63
37,0,1,285,142547,69
37,0,1,286,143047,70
37,0,1,287,143547,72
37,0,1,288,144047,67
37,0,1,289,144547,63
37,0,1,290,145047,67
37,0,1,291,145547,61
37,0,1,292,146047,68
37,0,1,293,146547,67
37,0,1,294,147047,68
37,0,1,295,147547,69
37,0,1,296,148047,68
37,0,1,297,148547,69
37,0,1,298,149047,69
37,0,1,299,149547,68
37,0,1,300,150047,87
37,0,1,301,150547,69
37,0,1,302,151047,68
37,0,1,303,151547,72
37,0,1,304,152047,69
37,0,1,305,152547,63
37,0,1,306,153047,74
37,0,1,307,153547,68
37,0,1,308,154047,69
37,0,1,309,154547,75
37,0,1,310,155047,69
37,0,1,311,155547,61
37,0,1,312,156047,69
37,0,1,313,156547,69
37,0,1,314,157047,61
37,0,1,315,157547,69
37,0,1,316,158047,69
37,0,1,317,158547,68
37,0,1,318,159047,63
37,0,1,319,159547,64
37,0,1,320,160047,71
37,0,1,321,160547,68
37,0,1,322,161047,69
37,0,1,323,161547,64
37,0,1,324,162047,82
37,0,1,325,162547,67
37,0,1,326,163047,64
37,0,1,327,163547,68
37,0,1,328,164047,55
37,0,1,329,164547,69
37,0,1,330,165047,63
37,0,1,331,165547,61
37,0,1,332,166047,57
37,0,1,333,166547,69
37,0,1,334,167047,68
37,0,1,335,167547,63
37,0,1,336,168047,67
37,0,1,337,168547,69
37,0,1,338,169047,69
37,0,1,339,169547,72
37,0,1,340,170047,63
37,0,1,341,170547,63
37,0,1,342,171047,71
37,0,1,343,171547,60
37,0,1,344,172047,61
37,0,1,345,172547,69
37,0,1,346,173047,69
37,0,1,347,173547,69
37,0,1,348,174047,68
37,0,1,349,174547,69
37,0,1,350,175047,75
37,0,1,351,175547,54
37,0,1,352,176047,69
37,0,1,353,176547,68
37,0,1,354,177047,68
37,0,1,355,177547,69
37,0,1,356,178047,69
37,0,1,357,178547,64
37,0,1,358,179047,68
37,0,1,359,179547,71
37,0,1,360,180047,77
37,0,1,361,180547,69
37,0,1,362,181047,68
37,0,1,363,181547,69
37,0,1,364,182047,67
37,0,1,365,182547,69
37,0,1,366,183047,69
37,0,1,367,183547,67
37,0,1,368,184047,68
37,0,1,369,184547,63
37,0,1,370,185047,69
37,0,1,371,185547,63
37,0,1,372,186047,67
37,0,1,373,186547,75
37,0,1,374,187047,53
37,0,1,375,187547,58
37,0,1,376,188047,69
37,0,1,377,188547,75
37,0,1,378,189047,69
37,0,1,379,189547,63
37,0,1,380,190047,69
37,0,1,381,190547,69
37,0,1,382,191047,69
37,0,1,383,191547,69
37,0,1,384,192047,67
37,0,1,385,192547,69
37,0,1,386,193047,69
37,0,1,387,193547,69
37,0,1,388,194047,69
37,0,1,389,194547,69
37,0,1,390,195047,69
37,0,1,391,195547,68
37,0,1,392,196047,69
37,0,1,393,196547,67
37,0,1,394,197047,69
37,0,1,395,197547,67
37,0,1,396,198047,86
37,0,1,397,198547,81
37,0,1,398,199047,67
37,0,1,399,199547,68
37,0,1,400,200047,69
37,0,1,401,200547,69
37,0,1,402,201047,69
37,0,1,403,201547,63
37,0,1,404,202047,71
37,0,1,405,202547,69
37,0,1,406,203047,69
37,0,1,407,203547,67
37,0,1,408,204047,67
37,0,1,409,204547,70
37,0,1,410,205047,69
37,0,1,411,205547,64
37,0,1,412,206047,62
37,0,1,413,206547,69
37,0,1,414,207047,75
37,0,1,415,207547,70
37,0,1,416,208047,69
37,0,1,417,208547,68
37,0,1,418,209047,69
37,0,1,419,209547,69
37,0,1,420,210047,67
37,0,1,421,210547,69
37,0,1,422,211047,69
37,0,1,423,211547,69
37,0,1,424,212047,72
37,0,1,425,212547,69
37,0,1,426,213047,69
37,0,1,427,213547,68
37,0,1,428,214047,69
37,0,1,429,214547,59
37,0,1,430,215047,67
37,0,1,431,215547,69
37,0,1,432,216047,63
37,0,1,433,216547,68
37,0,1,434,217047,69
37,0,1,435,217547,67
37,0,1,436,218047,60
37,0,1,437,218547,64
37,0,1,438,219047,71
37,0,1,439,219547,68
37,0,1,440,220047,75
37,0,1,441,220547,69
37,0,1,442,221047,69
37,0,1,443,221547,68
37,0,1,444,222047,69
37,0,1,445,222547,71
37,0,1,446,223047,63
37,0,1,447,223547,69
37,0,1,448,224047,67
37,0,1,449,224547,69
37,0,1,450,225047,69
37,0,1,451,225547,69
37,0,1,452,226047,69
37,0,1,453,226547,68
37,0,1,454,227047,67
37,0,1,455,227547,64
37,0,1,456,228047,68
37,0,1,457,228547,69
37,0,1,458,229047,69
37,0,1,459,229547,63
37,0,1,460,230047,62
37,0,1,461,230547,69
37,0,1,462,231047,68
37,0,1,463,231547,68
37,0,1,464,232047,68
37,0,1,465,232547,69
37,0,1,466,233047,68
37,0,1,467,233547,69
37,0,1,468,234047,67
37,0,1,469,234547,68
37,0,1,470,235047,71
37,0,1,471,235547,69
37,0,1,472,236047,68
37,0,1,473,236547,69
37,0,1,474,237047,68
37,0,1,475,237547,69
37,0,1,476,238047,68
37,0,1,477,238547,69
37,0,1,478,239047,69
37,0,1,479,239547,63
37,0,1,480,240047,68
37,0,1,481,240547,69
37,0,1,482,241047,69
37,0,1,483,241547,52
37,0,1,484,242047,61
37,0,1,485,242547,68
37,0,1,486,243047,47
37,0,1,487,243547,67
37,0,1,488,244047,63
37,0,1,489,244547,69
37,0,1,490,245047,67
37,0,1,491,245547,69
37,0,1,492,246047,67
37,0,1,493,246547,67
37,0,1,494,247047,69
37,0,1,495,247547,71
37,0,1,496,248047,75
37,0,1,497,248547,69
37,0,1,498,249047,72
37,0,1,499,249547,68
37,0,1,500,250047,69
37,0,1,501,250547,61
37,0,1,502,251047,69
37,0,1,503,251547,69
37,0,1,504,252047,67
37,0,1,505,252547,60
37,0,1,506,253047,61
37,0,1,507,253547,69
37,0,1,508,254047,69
37,0,1,509,254547,68
37,0,1,510,255047,69
37,0,1,511,255547,64
37,0,1,512,256047,69
37,0,1,513,256547,62
37,0,1,514,257047,69
37,0,1,515,257547,69
37,0,1,516,258047,68
37,0,1,517,258547,61
37,0,1,518,259047,71
37,0,1,519,259547,71
37,0,1,520,260047,53
37,0,1,521,260547,67
37,0,1,522,261047,67
37,0,1,523,261547,70
37,0,1,524,262047,69
37,0,1,525,262547,69
37,0,1,526,263047,69
37,0,1,527,263547,69
37,0,1,528,264047,69
37,0,1,529,264547,67
37,0,1,530,265047,69
37,0,1,531,265547,69
37,0,1,532,266047,69
37,0,1,533,266547,73
37,0,1,534,267047,67
37,0,1,535,267547,68
37,0,1,536,268047,68
37,0,1,537,268547,69
37,0,1,538,269047,69
37,0,1,539,269547,71
37,0,1,540,270047,70
37,0,1,541,270547,69
37,0,1,542,271047,68
37,0,1,543,271547,63
37,0,1,544,272047,69
37,0,1,545,272547,69
37,0,1,546,273047,68
37,0,1,547,273547,69
37,0,1,548,274047,67
37,0,1,549,274547,79
37,0,1,550,275047,68
37,0,1,551,275547,63
37,0,1,552,276047,69
37,0,1,553,276547,73
37,0,1,554,277047,73
37,0,1,555,277547,70
37,0,1,556,278047,73
37,0,1,557,278547,70
37,0,1,558,279047,70
37,0,1,559,279547,63
37,0,1,560,280047,69
37,0,1,561,280547,68
37,0,1,562,281047,62
37,0,1,563,281547,69
37,0,1,564,282047,71
37,0,1,565,282547,67
37,0,1,566,283047,68
37,0,1,567,283547,68
37,0,1,568,284047,67
37,0,1,569,284547,69
37,0,1,570,285047,69
37,0,1,571,285547,56
37,0,1,572,286047,72
37,0,1,573,286547,83
37,0,1,574,287047,69
37,0,1,575,287547,73
37,0,1,576,288047,63
37,0,1,577,288547,69
37,0,1,578,289047,71
37,0,1,579,289547,68
37,0,1,580,290047,61
37,0,1,581,290547,71
37,0,1,582,291047,68
37,0,1,583,291547,70
37,0,1,584,292047,69
37,0,1,585,292547,72
37,0,1,586,293047,70
37,0,1,587,293547,62
37,0,1,588,294047,63
37,0,1,589,294547,69
37,0,1,590,295047,52
37,0,1,591,295547,69
37,0,1,592,296047,69
37,0,1,593,296547,68
37,0,1,594,297047,70
37,0,1,595,297547,70
37,0,1,596,298047,68
37,0,1,597,298547,73
37,0,1,598,299047,69
37,0,1,599,299547,68
37,0,1,600,300047,64
37,0,1,601,300547,69
37,0,1,602,301047,71
37,0,1,603,301547,69
37,0,1,604,302047,68
37,0,1,605,302547,63
37,0,1,606,303047,69
37,0,1,607,303547,69
37,0,1,608,304047,87
37,0,1,609,304547,67
37,0,1,610,305047,69
37,0,1,611,305547,69
37,0,1,612,306047,69
37,0,1,613,306547,69
37,0,1,614,307047,69
37,0,1,615,307547,77
37,0,1,616,308047,62
37,0,1,617,308547,69
37,0,1,618,309047,69
37,0,1,619,309547,67
37,0,1,620,310047,67
37,0,1,621,310547,69
37,0,1,622,311047,69
37,0,1,623,311547,63
37,0,1,624,312047,61
37,0,1,625,312547,77
37,0,1,626,313047,69
37,0,1,627,313547,69
37,0,1,628,314047,69
37,0,1,629,314547,70
37,0,1,630,315047,69
37,0,1,631,315547,67
37,0,1,632,316047,63
37,0,1,633,316547,68
37,0,1,634,317047,53
37,0,1,635,317547,70
37,0,1,636,318047,68
37,0,1,637,318547,69
37,0,1,638,319047,69
37,0,1,639,319547,61
37,0,1,640,320047,68
37,0,1,641,320547,63
37,0,1,642,321047,70
37,0,1,643,321547,61
37,0,1,644,322047,70
37,0,1,645,322547,63
37,0,1,646,323047,70
37,0,1,647,323547,69
37,0,1,648,324047,68
37,0,1,649,324547,67
37,0,1,650,325047,57
37,0,1,651,325547,62
37,0,1,652,326047,71
37,0,1,653,326547,63
37,0,1,654,327047,68
37,0,1,655,327547,55
37,0,1,656,328047,68
37,0,1,657,328547,69
37,0,1,658,329047,51
37,0,1,659,329547,71
37,0,1,660,330047,69
37,0,1,661,330547,78
37,0,1,662,331047,64
37,0,1,663,331547,70
37,0,1,664,332047,68
37,0,1,665,332547,69
37,0,1,666,333047,69
37,0,1,667,333547,69
37,0,1,668,334047,70
37,0,1,669,334547,63
37,0,1,670,335047,69
37,0,1,671,335547,63
37,0,1,672,336047,69
37,0,1,673,336547,79
37,0,1,674,337047,69
37,0,1,675,337547,67
37,0,1,676,338047,63
37,0,1,677,338547,63
37,0,1,678,339047,68
37,0,1,679,339547,67
37,0,1,680,340047,69
37,0,1,681,340547,68
37,0,1,682,341047,67
37,0,1,683,341547,69
37,0,1,684,342047,68
37,0,1,685,342547,67
37,0,1,686,343047,71
37,0,1,687,343547,69
37,0,1,688,344047,69
37,0,1,689,344547,69
37,0,1,690,345047,63
37,0,1,691,345547,64
37,0,1,692,346047,73
37,0,1,693,346547,68
37,0,1,694,347047,64
37,0,1,695,347547,68
37,0,1,696,348047,69
37,0,1,697,348547,69
37,0,1,698,349047,69
37,0,1,699,349547,69
37,0,1,700,350047,69
37,0,1,701,350547,63
37,0,1,702,351047,70
37,0,1,703,351547,69
37,0,1,704,352047,63
37,0,1,705,352547,80
37,0,1,706,353047,69
37,0,1,707,353547,70
37,0,1,708,354047,63
37,0,1,709,354547,71
37,0,1,710,355047,69
37,0,1,711,355547,84
37,0,1,712,356047,69
37,0,1,713,356547,69
37,0,1,714,357047,67
37,0,1,715,357547,76
37,0,1,716,358047,71
37,0,1,717,358547,70
37,0,1,718,359047,69
37,0,1,719,359547,73
37,0,1,720,360047,69
37,0,1,721,360547,72
37,0,1,722,361047,63
37,0,1,723,361547,63
37,0,1,724,362047,69
37,0,1,725,362547,71
37,0,1,726,363047,74
37,0,1,727,363547,68
37,0,1,728,364047,68
37,0,1,729,364547,67
37,0,1,730,365047,68
37,0,1,731,365547,67
37,0,1,732,366047,69
37,0,1,733,366547,69
37,0,1,734,367047,71
37,0,1,735,367547,69
37,0,1,736,368047,69
37,0,1,737,368547,73
37,0,1,738,369047,63
37,0,1,739,369547,63
37,0,1,740,370047,68
37,0,1,741,370547,69
37,0,1,742,371047,69
37,0,1,743,371547,64
37,0,1,744,372047,69
37,0,1,745,372547,68
37,0,1,746,373047,68
37,0,1,747,373547,69
37,0,1,748,374047,63
37,0,1,749,374547,68
37,0,1,750,375047,75
37,0,1,751,375547,69
37,0,1,752,376047,61
37,0,1,753,376547,68
37,0,1,754,377047,69
37,0,1,755,377547,64
37,0,1,756,378047,69
37,0,1,757,378547,69
37,0,1,758,379047,71
37,0,1,759,379547,64
37,0,1,760,380047,69
37,0,1,761,380547,69
37,0,1,762,381047,69
37,0,1,763,381547,69
37,0,1,764,382047,71
37,0,1,765,382547,61
37,0,1,766,383047,69
37,0,1,767,383547,69
37,0,1,768,384047,73
37,0,1,769,384547,71
37,0,1,770,385047,68
37,0,1,771,385547,50
37,0,1,772,386047,79
37,0,1,773,386547,69
37,0,1,774,387047,73
37,0,1,775,387547,70
37,0,1,776,388047,68
37,0,1,777,388547,63
37,0,1,778,389047,69
37,0,1,779,389547,71
37,0,1,780,390047,70
37,0,1,781,390547,69
37,0,1,782,391047,69
37,0,1,783,391547,69
37,0,1,784,392047,69
37,0,1,785,392547,64
37,0,1,786,393047,67
37,0,1,787,393547,63
37,0,1,788,394047,71
37,0,1,789,394547,69
37,0,1,790,395047,69
37,0,1,791,395547,68
37,0,1,792,396047,68
37,0,1,793,396547,63
37,0,1,794,397047,74
37,0,1,795,397547,69
37,0,1,796,398047,69
37,0,1,797,398547,69
37,0,1,798,399047,69
37,0,1,799,399547,69
37,0,1,800,400047,63
37,0,1,801,400547,69
37,0,1,802,401047,68
37,0,1,803,401547,69
37,0,1,804,402047,69
37,0,1,805,402547,52
37,0,1,806,403047,68
37,0,1,807,403547,67
37,0,1,808,404047,69
37,0,1,809,404547,64
37,0,1,810,405047,69
37,0,1,811,405547,68
37,0,1,812,406047,69
37,0,1,813,406547,68
37,0,1,814,407047,69
37,0,1,815,407547,69
37,0,1,816,408047,69
37,0,1,817,408547,69
37,0,1,818,409047,77
37,0,1,819,409547,69
37,0,1,820,410047,70
37,0,1,821,410547,69
37,0,1,822,411047,71
37,0,1,823,411547,64
37,0,1,824,412047,68
37,0,1,825,412547,71
37,0,1,826,413047,51
37,0,1,827,413547,67
37,0,1,828,414047,69
37,0,1,829,414547,71
37,0,1,830,415047,69
37,0,1,831,415547,69
37,0,1,832,416047,71
37,0,1,833,416547,69
37,0,1,834,417047,77
37,0,1,835,417547,67
37,0,1,836,418047,69
37,0,1,837,418547,68
37,0,1,838,419047,63
37,0,1,839,419547,69
37,0,1,840,420047,67
37,0,1,841,420547,69
37,0,1,842,421047,67
37,0,1,843,421547,69
37,0,1,844,422047,69
37,0,1,845,422547,61
37,0,1,846,423047,69
37,0,1,847,423547,68
37,0,1,848,424047,69
37,0,1,849,424547,69
37,0,1,850,425047,67
37,0,1,851,425547,68
37,0,1,852,426047,69
37,0,1,853,426547,63
37,0,1,854,427047,67
37,0,1,855,427547,68
37,0,1,856,428047,69
37,0,1,857,428547,69
37,0,1,858,429047,63
37,0,1,859,429547,57
37,0,1,860,430047,68
37,0,1,861,430547,68
37,0,1,862,431047,69
37,0,1,863,431547,69
37,0,1,864,432047,61
37,0,1,865,432547,61
37,0,1,866,433047,64
37,0,1,867,433547,69
37,0,1,868,434047,67
37,0,1,869,434547,62
37,0,1,870,435047,63
37,0,1,871,435547,69
37,0,1,872,436047,68
37,0,1,873,436547,67
37,0,1,874,437047,71
37,0,1,875,437547,73
37,0,1,876,438047,64
37,0,1,877,438547,63
37,0,1,878,439047,68
37,0,1,879,439547,69
37,0,1,880,440047,67
37,0,1,881,440547,79
37,0,1,882,441047,63
37,0,1,883,441547,63
37,0,1,884,442047,68
37,0,1,885,442547,70
37,0,1,886,443047,69
37,0,1,887,443547,69
37,0,1,888,444047,62
37,0,1,889,444547,61
37,0,1,890,445047,69
37,0,1,891,445547,68
37,0,1,892,446047,68
37,0,1,893,446547,69
37,0,1,894,447047,81
37,0,1,895,447547,69
37,0,1,896,448047,69
37,0,1,897,448547,69
37,0,1,898,449047,68
37,0,1,899,449547,73
37,0,1,900,450047,69
37,0,1,901,450547,71
37,0,1,902,451047,68
37,0,1,903,451547,69
37,0,1,904,452047,69
37,0,1,905,452547,68
37,0,1,906,453047,61
37,0,1,907,453547,63
37,0,1,908,454047,63
37,0,1,909,454547,63
37,0,1,910,455047,82
37,0,1,911,455547,69
37,0,1,912,456047,69
37,0,1,913,456547,71
37,0,1,914,457047,69
37,0,1,915,457547,69
37,0,1,916,458047,69
37,0,1,917,458547,70
37,0,1,918,459047,69
37,0,1,919,459547,69
37,0,1,920,460047,68
37,0,1,921,460547,68
37,0,1,922,461047,63
37,0,1,923,461547,69
37,0,1,924,462047,69
37,0,1,925,462547,69
37,0,1,926,463047,69
37,0,1,927,463547,69
37,0,1,928,464047,61
37,0,1,929,464547,73
37,0,1,930,465047,69
37,0,1,931,465547,62
37,0,1,932,466047,69
37,0,1,933,466547,69
37,0,1,934,467047,69
37,0,1,935,467547,62
37,0,1,936,468047,69
37,0,1,937,468547,70
37,0,1,938,469047,63
37,0,1,939,469547,69
37,0,1,940,470047,69
37,0,1,941,470547,69
37,0,1,942,471047,64
37,0,1,943,471547,69
37,0,1,944,472047,67
37,0,1,945,472547,69
37,0,1,946,473047,68
37,0,1,947,473547,60
37,0,1,948,474047,53
37,0,1,949,474547,71
37,0,1,950,475047,69
37,0,1,951,475547,69
37,0,1,952,476047,68
37,0,1,953,476547,79
37,0,1,954,477047,69
37,0,1,955,477547,67
37,0,1,956,478047,61
37,0,1,957,478547,69
37,0,1,958,479047,68
37,0,1,959,479547,69
37,0,1,960,480047,63
37,0,1,961,480547,70
37,0,1,962,481047,69
37,0,1,963,481547,70
37,0,1,964,482047,61
37,0,1,965,482547,69
37,0,1,966,483047,69
37,0,1,967,483547,69
37,0,1,968,484047,67
37,0,1,969,484547,69
37,0,1,970,485047,68
37,0,1,971,485547,69
37,0,1,972,486047,61
37,0,1,973,486547,68
37,0,1,974,487047,69
37,0,1,975,487547,69
37,0,1,976,488047,60
37,0,1,977,488547,68
37,0,1,978,489047,61
37,0,1,979,489547,71
37,0,1,980,490047,63
37,0,1,981,490547,67
37,0,1,982,491047,68
37,0,1,983,491547,69
37,0,1,984,492047,68
37,0,1,985,492547,71
37,0,1,986,493047,68
37,0,1,987,493547,59
37,0,1,988,494047,68
37,0,1,989,494547,63
37,0,1,990,495047,69
37,0,1,991,495547,69
37,0,1,992,496047,68
37,0,1,993,496547,69
37,0,1,994,497047,68
37,0,1,995,497547,69
37,0,1,996,498047,63
37,0,1,997,498547,69
37,0,1,998,499047,63
37,0,1,999,499547,68
37,0,1,1000,500047,71
37,0,1,1001,500547,68
37,0,1,1002,501047,68
37,0,1,1003,501547,68
37,0,1,1004,502047,69
37,0,1,1005,502547,75
37,0,1,1006,503047,63
37,0,1,1007,503547,69
37,0,1,1008,504047,69
37,0,1,1009,504547,68
37,0,1,1010,505047,69
37,0,1,1011,505547,63
37,0,1,1012,506047,69
37,0,1,1013,506547,63
37,0,1,1014,507047,69
37,0,1,1015,507547,71
37,0,1,1016,508047,63
37,0,1,1017,508547,68
37,0,1,1018,509047,83
37,0,1,1019,509547,69
37,0,1,1020,510047,64
37,0,1,1021,510547,53
37,0,1,1022,511047,66
37,0,1,1023,511547,69
37,0,1,1024,512047,61
37,0,1,1025,512547,69
37,0,1,1026,513047,69
37,0,1,1027,513547,67
37,0,1,1028,514047,69
37,0,1,1029,514547,61
37,0,1,1030,515047,69
37,0,1,1031,515547,69
37,0,1,1032,516047,63
37,0,1,1033,516547,68
37,0,1,1034,517047,68
37,0,1,1035,517547,70
37,0,1,1036,518047,69
37,0,1,1037,518547,69
37,0,1,1038,519047,67
37,0,1,1039,519547,71
37,0,1,1040,520047,67
37,0,1,1041,520547,64
37,0,1,1042,521047,68
37,0,1,1043,521547,68
37,0,1,1044,522047,69
37,0,1,1045,522547,68
37,0,1,1046,523047,69
37,0,1,1047,523547,72
37,0,1,1048,524047,69
37,0,1,1049,524547,71
37,0,1,1050,525047,69
37,0,1,1051,525547,61
37,0,1,1052,526047,70
37,0,1,1053,526547,55
37,0,1,1054,527047,69
37,0,1,1055,527547,63
37,0,1,1056,528047,69
37,0,1,1057,528547,69
37,0,1,1058,529047,67
37,0,1,1059,529547,61
37,0,1,1060,530047,68
37,0,1,1061,530547,63
37,0,1,1062,531047,68
37,0,1,1063,531547,69
37,0,1,1064,532047,67
37,0,1,1065,532547,70
37,0,1,1066,533047,70
37,0,1,1067,533547,64
37,0,1,1068,534047,68
37,0,1,1069,534547,69
37,0,1,1070,535047,69
37,0,1,1071,535547,77
37,0,1,1072,536047,60
37,0,1,1073,536547,68
37,0,1,1074,537047,69
37,0,1,1075,537547,64
37,0,1,1076,538047,64
37,0,1,1077,538547,69
37,0,1,1078,539047,69
37,0,1,1079,539547,69
37,0,1,1080,540047,71
37,0,1,1081,540547,63
37,0,1,1082,541047,69
37,0,1,1083,541547,67
37,0,1,1084,542047,68
37,0,1,1085,542547,69
37,0,1,1086,543047,68
37,0,1,1087,543547,69
37,0,1,1088,544047,71
37,0,1,1089,544547,68
37,0,1,1090,545047,69
37,0,1,1091,545547,71
37,0,1,1092,546047,68
37,0,1,1093,546547,69
37,0,1,1094,547047,63
37,0,1,1095,547547,69
37,0,1,1096,548047,69
37,0,1,1097,548547,69
37,0,1,1098,549047,69
37,0,1,1099,549547,69
37,0,1,1100,550047,69
37,0,1,1101,550547,70
37,0,1,1102,551047,54
37,0,1,1103,551547,69
37,0,1,1104,552047,70
37,0,1,1105,552547,69
37,0,1,1106,553047,69
37,0,1,1107,553547,69
37,0,1,1108,554047,63
37,0,1,1109,554547,71
37,0,1,1110,555047,69
37,0,1,1111,555547,60
37,0,1,1112,556047,68
37,0,1,1113,556547,57
37,0,1,1114,557047,67
37,0,1,1115,557547,68
37,0,1,1116,558047,69
37,0,1,1117,558547,67
37,0,1,1118,559047,69
37,0,1,1119,559547,68
37,0,1,1120,560047,73
37,0,1,1121,560547,68
37,0,1,1122,561047,67
37,0,1,1123,561547,75
37,0,1,1124,562047,69
37,0,1,1125,562547,76
37,0,1,1126,563047,68
37,0,1,1127,563547,69
37,0,1,1128,564047,68
37,0,1,1129,564547,71
37,0,1,1130,565047,67
37,0,1,1131,565547,64
37,0,1,1132,566047,68
37,0,1,1133,566547,68
37,0,1,1134,567047,69
37,0,1,1135,567547,68
37,0,1,1136,568047,67
37,0,1,1137,568547,61
37,0,1,1138,569047,70
37,0,1,1139,569547,69
37,0,1,1140,570047,69
37,0,1,1141,570547,63
37,0,1,1142,571047,64
37,0,1,1143,571547,69
37,0,1,1144,572047,69
37,0,1,1145,572547,68
37,0,1,1146,573047,55
37,0,1,1147,573547,68
37,0,1,1148,574047,68
37,0,1,1149,574547,69
37,0,1,1150,575047,68
37,0,1,1151,575547,71
37,0,1,1152,576047,69
37,0,1,1153,576547,69
37,0,1,1154,577047,69
37,0,1,1155,577547,67
37,0,1,1156,578047,63
37,0,1,1157,578547,71
37,0,1,1158,579047,62
37,0,1,1159,579547,63
37,0,1,1160,580047,69
37,0,1,1161,580547,68
37,0,1,1162,581047,72
37,0,1,1163,581547,70
37,0,1,1164,582047,68
37,0,1,1165,582547,71
37,0,1,1166,583047,69
37,0,1,1167,583547,68
37,0,1,1168,584047,69
37,0,1,1169,584547,69
37,0,1,1170,585047,68
37,0,1,1171,585547,69
37,0,1,1172,586047,61
37,0,1,1173,586547,69
37,0,1,1174,587047,57
37,0,1,1175,587547,75
37,0,1,1176,588047,71
37,0,1,1177,588547,63
37,0,1,1178,589047,67
37,0,1,1179,589547,64
37,0,1,1180,590047,63
37,0,1,1181,590547,69
37,0,1,1182,591047,67
37,0,1,1183,591547,69
37,0,1,1184,592047,68
37,0,1,1185,592547,63
37,0,1,1186,593047,61
37,0,1,1187,593547,69
37,0,1,1188,594047,69
37,0,1,1189,594547,69
37,0,1,1190,595047,69
37,0,1,1191,595547,69
37,0,1,1192,596047,67
37,0,1,1193,596547,69
37,0,1,1194,597047,71
37,0,1,1195,597547,67
37,0,1,1196,598047,69
37,0,1,1197,598547,69
37,0,1,1198,599047,61
37,0,1,1199,599547,69
37,0,1,1200,600047,69
37,0,1,1201,600547,63
37,0,1,1202,601047,68
37,0,1,1203,601547,62
37,0,1,1204,602047,67
37,0,1,1205,602547,70
37,0,1,1206,603047,60
37,0,1,1207,603547,69
37,0,1,1208,604047,57
37,0,1,1209,604547,71
37,0,1,1210,605047,51
37,0,1,1211,605547,69
37,0,1,1212,606047,68
37,0,1,1213,606547,63
37,0,1,1214,607047,57
37,0,1,1215,607547,69
37,0,1,1216,608047,71
37,0,1,1217,608547,67
37,0,1,1218,609047,63
37,0,1,1219,609547,68
37,0,1,1220,610047,69
37,0,1,1221,610547,63
37,0,1,1222,611047,61
37,0,1,1223,611547,69
37,0,1,1224,612047,68
37,0,1,1225,612547,68
37,0,1,1226,613047,70
37,0,1,1227,613547,68
37,0,1,1228,614047,69
37,0,1,1229,614547,68
37,0,1,1230,615047,67
37,0,1,1231,615547,67
37,0,1,1232,616047,61
37,0,1,1233,616547,69
37,0,1,1234,617047,69
37,0,1,1235,617547,69
37,0,1,1236,618047,72
37,0,1,1237,618547,72
37,0,1,1238,619047,69
37,0,1,1239,619547,69
37,0,1,1240,620047,63
37,0,1,1241,620547,67
37,0,1,1242,621047,69
37,0,1,1243,621547,69
37,0,1,1244,622047,68
37,0,1,1245,622547,69
37,0,1,1246,623047,68
37,0,1,1247,623547,67
37,0,1,1248,624047,67
37,0,1,1249,624547,67
37,0,1,1250,625047,67
37,0,1,1251,625547,69
37,0,1,1252,626047,69
37,0,1,1253,626547,71
37,0,1,1254,627047,69
37,0,1,1255,627547,69
37,0,1,1256,628047,64
37,0,1,1257,628547,56
37,0,1,1258,629047,71
37,0,1,1259,629547,63
37,0,1,1260,630047,64
37,0,1,1261,630547,61
37,0,1,1262,631047,69
37,0,1,1263,631547,69
37,0,1,1264,632047,63
37,0,1,1265,632547,69
37,0,1,1266,633047,68
37,0,1,1267,633547,63
37,0,1,1268,634047,68
37,0,1,1269,634547,71
37,0,1,1270,635047,69
37,0,1,1271,635547,69
37,0,1,1272,636047,69
37,0,1,1273,636547,67
37,0,1,1274,637047,69
37,0,1,1275,637547,69
37,0,1,1276,638047,69
37,0,1,1277,638547,68
37,0,1,1278,639047,69
37,0,1,1279,639547,69
37,0,1,1280,640047,69
37,0,1,1281,640547,63
37,0,1,1282,641047,69
37,0,1,1283,641547,69
37,0,1,1284,642047,69
37,0,1,1285,642547,71
37,0,1,1286,643047,70
37,0,1,1287,643547,63
37,0,1,1288,644047,69
37,0,1,1289,644547,68
37,0,1,1290,645047,59
37,0,1,1291,645547,67
37,0,1,1292,646047,64
37,0,1,1293,646547,68
37,0,1,1294,647047,69
37,0,1,1295,647547,73
37,0,1,1296,648047,69
37,0,1,1297,648547,73
37,0,1,1298,649047,69
37,0,1,1299,649547,69
37,0,1,1300,650047,69
37,0,1,1301,650547,69
37,0,1,1302,651047,63
37,0,1,1303,651547,69
37,0,1,1304,652047,71
37,0,1,1305,652547,69
37,0,1,1306,653047,55
37,0,1,1307,653547,73
37,0,1,1308,654047,69
37,0,1,1309,654547,75
37,0,1,1310,655047,68
37,0,1,1311,655547,69
37,0,1,1312,656047,71
37,0,1,1313,656547,68
37,0,1,1314,657047,62
37,0,1,1315,657547,69
37,0,1,1316,658047,62
37,0,1,1317,658547,63
37,0,1,1318,659047,68
37,0,1,1319,659547,68
37,0,1,1320,660047,71
37,0,1,1321,660547,69
37,0,1,1322,661047,68
37,0,1,1323,661547,61
37,0,1,1324,662047,69
37,0,1,1325,662547,69
37,0,1,1326,663047,71
37,0,1,1327,663547,63
37,0,1,1328,664047,71
37,0,1,1329,664547,67
37,0,1,1330,665047,67
37,0,1,1331,665547,62
37,0,1,1332,666047,63
37,0,1,1333,666547,63
37,0,1,1334,667047,71
37,0,1,1335,667547,63
37,0,1,1336,668047,62
37,0,1,1337,668547,69
37,0,1,1338,669047,69
37,0,1,1339,669547,70
37,0,1,1340,670047,70
37,0,1,1341,670547,69
37,0,1,1342,671047,69
37,0,1,1343,671547,69
37,0,1,1344,672047,71
37,0,1,1345,672547,69
37,0,1,1346,673047,68
37,0,1,1347,673547,68
37,0,1,1348,674047,75
37,0,1,1349,674547,67
37,0,1,1350,675047,69
37,0,1,1351,675547,77
37,0,1,1352,676047,71
37,0,1,1353,676547,69
37,0,1,1354,677047,69
37,0,1,1355,677547,68
37,0,1,1356,678047,67
37,0,1,1357,678547,68
37,0,1,1358,679047,69
37,0,1,1359,679547,69
37,0,1,1360,680047,69
37,0,1,1361,680547,73
37,0,1,1362,681047,72
37,0,1,1363,681547,64
37,0,1,1364,682047,70
37,0,1,1365,682547,69
37,0,1,1366,683047,69
37,0,1,1367,683547,64
37,0,1,1368,684047,69
37,0,1,1369,684547,68
37,0,1,1370,685047,68
37,0,1,1371,685547,69
37,0,1,1372,686047,64
37,0,1,1373,686547,69
37,0,1,1374,687047,56
37,0,1,1375,687547,67
37,0,1,1376,688047,67
37,0,1,1377,688547,67
37,0,1,1378,689047,68
37,0,1,1379,689547,54
37,0,1,1380,690047,75
37,0,1,1381,690547,69
37,0,1,1382,691047,68
37,0,1,1383,691547,68
37,0,1,1384,692047,69
37,0,1,1385,692547,58
37,0,1,1386,693047,69
37,0,1,1387,693547,61
37,0,1,1388,694047,73
37,0,1,1389,694547,68
37,0,1,1390,695047,61
37,0,1,1391,695547,71
37,0,1,1392,696047,73
37,0,1,1393,696547,63
37,0,1,1394,697047,64
37,0,1,1395,697547,73
37,0,1,1396,698047,68
37,0,1,1397,698547,68
37,0,1,1398,699047,69
37,0,1,1399,699547,71
37,0,1,1400,700047,71
37,0,1,1401,700547,69
37,0,1,1402,701047,68
37,0,1,1403,701547,68
37,0,1,1404,702047,75
37,0,1,1405,702547,58
37,0,1,1406,703047,69
37,0,1,1407,703547,69
37,0,1,1408,704047,69
37,0,1,1409,704547,68
37,0,1,1410,705047,68
37,0,1,1411,705547,75
37,0,1,1412,706047,67
37,0,1,1413,706547,68
37,0,1,1414,707047,69
37,0,1,1415,707547,64
37,0,1,1416,708047,62
37,0,1,1417,708547,68
37,0,1,1418,709047,61
37,0,1,1419,709547,69
37,0,1,1420,710047,71
37,0,1,1421,710547,63
37,0,1,1422,711047,69
37,0,1,1423,711547,67
37,0,1,1424,712047,68
37,0,1,1425,712547,71
37,0,1,1426,713047,69
37,0,1,1427,713547,69
37,0,1,1428,714047,62
37,0,1,1429,714547,69
37,0,1,1430,715047,68
37,0,1,1431,715547,81
37,0,1,1432,716047,67
37,0,1,1433,716547,69
37,0,1,1434,717047,69
37,0,1,1435,717547,67
37,0,1,1436,718047,53
37,0,1,1437,718547,68
37,0,1,1438,719047,56
37,0,1,1439,719547,69
37,0,1,1440,720047,70
37,0,1,1441,720547,70
37,0,1,1442,721047,69
37,0,1,1443,721547,68
37,0,1,1444,722047,69
37,0,1,1445,722547,67
37,0,1,1446,723047,61
37,0,1,1447,723547,59
37,0,1,1448,724047,55
37,0,1,1449,724547,70
37,0,1,1450,725047,63
37,0,1,1451,725547,67
37,0,1,1452,726047,68
37,0,1,1453,726547,70
37,0,1,1454,727047,68
37,0,1,1455,727547,72
37,0,1,1456,728047,83
37,0,1,1457,728547,51
37,0,1,1458,729047,69
37,0,1,1459,729547,68
37,0,1,1460,730047,71
37,0,1,1461,730547,71
37,0,1,1462,731047,69
37,0,1,1463,731547,71
37,0,1,1464,732047,69
37,0,1,1465,732547,69
37,0,1,1466,733047,71
37,0,1,1467,733547,67
37,0,1,1468,734047,83
37,0,1,1469,734547,69
37,0,1,1470,735047,69
37,0,1,1471,735547,69
37,0,1,1472,736047,69
37,0,1,1473,736547,69
37,0,1,1474,737047,62
37,0,1,1475,737547,69
37,0,1,1476,738047,69
37,0,1,1477,738547,70
37,0,1,1478,739047,69
37,0,1,1479,739547,71
37,0,1,1480,740047,69
37,0,1,1481,740547,67
37,0,1,1482,741047,69
37,0,1,1483,741547,70
37,0,1,1484,742047,63
37,0,1,1485,742547,71
37,0,1,1486,743047,69
37,0,1,1487,743547,69
37,0,1,1488,744047,63
37,0,1,1489,744547,64
37,0,1,1490,745047,69
37,0,1,1491,745547,68
37,0,1,1492,746047,67
37,0,1,1493,746547,82
37,0,1,1494,747047,68
37,0,1,1495,747547,69
37,0,1,1496,748047,63
37,0,1,1497,748547,68
37,0,1,1498,749047,67
37,0,1,1499,749547,69
37,0,1,1500,750047,70
37,0,1,1501,750547,71
37,0,1,1502,751047,69
37,0,1,1503,751547,68
37,0,1,1504,752047,67
37,0,1,1505,752547,69
37,0,1,1506,753047,62
37,0,1,1507,753547,70
37,0,1,1508,754047,69
37,0,1,1509,754547,57
37,0,1,1510,755047,54
37,0,1,1511,755547,69
37,0,1,1512,756047,69
37,0,1,1513,756547,69
37,0,1,1514,757047,61
37,0,1,1515,757547,69
37,0,1,1516,758047,68
37,0,1,1517,758547,68
37,0,1,1518,759047,69
37,0,1,1519,759547,69
37,0,1,1520,760047,67
37,0,1,1521,760547,69
37,0,1,1522,761047,69
37,0,1,1523,761547,70
37,0,1,1524,762047,73
37,0,1,1525,762547,63
37,0,1,1526,763047,69
37,0,1,1527,763547,68
37,0,1,1528,764047,70
37,0,1,1529,764547,63
37,0,1,1530,765047,69
37,0,1,1531,765547,69
37,0,1,1532,766047,68
37,0,1,1533,766547,69
37,0,1,1534,767047,63
37,0,1,1535,767547,69
37,0,1,1536,768047,69
37,0,1,1537,768547,61
37,0,1,1538,769047,62
37,0,1,1539,769547,69
37,0,1,1540,770047,57
37,0,1,1541,770547,69
37,0,1,1542,771047,68
37,0,1,1543,771547,64
37,0,1,1544,772047,70
37,0,1,1545,772547,69
37,0,1,1546,773047,69
37,0,1,1547,773547,68
37,0,1,1548,774047,68
37,0,1,1549,774547,83
37,0,1,1550,775047,83
37,0,1,1551,775547,69
37,0,1,1552,776047,68
37,0,1,1553,776547,68
37,0,1,1554,777047,69
37,0,1,1555,777547,71
37,0,1,1556,778047,69
37,0,1,1557,778547,69
37,0,1,1558,779047,69
37,0,1,1559,779547,70
37,0,1,1560,780047,69
37,0,1,1561,780547,61
37,0,1,1562,781047,73
37,0,1,1563,781547,63
37,0,1,1564,782047,70
37,0,1,1565,782547,69
37,0,1,1566,783047,69
37,0,1,1567,783547,68
37,0,1,1568,784047,69
37,0,1,1569,784547,68
37,0,1,1570,785047,68
37,0,1,1571,785547,69
37,0,1,1572,786047,73
37,0,1,1573,786547,69
37,0,1,1574,787047,69
37,0,1,1575,787547,68
37,0,1,1576,788047,69
37,0,1,1577,788547,69
37,0,1,1578,789047,67
37,0,1,1579,789547,63
37,0,1,1580,790047,70
37,0,1,1581,790547,61
37,0,1,1582,791047,61
37,0,1,1583,791547,63
37,0,1,1584,792047,69
37,0,1,1585,792547,63
37,0,1,1586,793047,69
37,0,1,1587,793547,69
37,0,1,1588,794047,69
37,0,1,1589,794547,67
37,0,1,1590,795047,69
37,0,1,1591,795547,68
37,0,1,1592,796047,63
37,0,1,1593,796547,87
37,0,1,1594,797047,69
37,0,1,1595,797547,61
37,0,1,1596,798047,69
37,0,1,1597,798547,62
37,0,1,1598,799047,69
37,0,1,1599,799547,69
37,0,1,1600,800047,61
37,0,1,1601,800547,63
37,0,1,1602,801047,64
37,0,1,1603,801547,71
37,0,1,1604,802047,72
37,0,1,1605,802547,83
37,0,1,1606,803047,69
37,0,1,1607,803547,68
37,0,1,1608,804047,71
37,0,1,1609,804547,69
37,0,1,1610,805047,67
37,0,1,1611,805547,71
37,0,1,1612,806047,69
37,0,1,1613,806547,64
37,0,1,1614,807047,68
37,0,1,1615,807547,69
37,0,1,1616,808047,69
37,0,1,1617,808547,69
37,0,1,1618,809047,70
37,0,1,1619,809547,68
37,0,1,1620,810047,69
37,0,1,1621,810547,69
37,0,1,1622,811047,75
37,0,1,1623,811547,69
37,0,1,1624,812047,69
37,0,1,1625,812547,69
37,0,1,1626,813047,64
37,0,1,1627,813547,70
37,0,1,1628,814047,63
37,0,1,1629,814547,72
37,0,1,1630,815047,61
37,0,1,1631,815547,73
37,0,1,1632,816047,69
37,0,1,1633,816547,68
37,0,1,1634,817047,73
37,0,1,1635,817547,61
37,0,1,1636,818047,69
37,0,1,1637,818547,69
37,0,1,1638,819047,69
37,0,1,1639,819547,69
37,0,1,1640,820047,83
37,0,1,1641,820547,69
37,0,1,1642,821047,70
37,0,1,1643,821547,68
37,0,1,1644,822047,69
37,0,1,1645,822547,69
37,0,1,1646,823047,70
37,0,1,1647,823547,67
37,0,1,1648,824047,64
37,0,1,1649,824547,61
37,0,1,1650,825047,69
37,0,1,1651,825547,68
37,0,1,1652,826047,62
37,0,1,1653,826547,69
37,0,1,1654,827047,68
37,0,1,1655,827547,68
37,0,1,1656,828047,69
37,0,1,1657,828547,77
37,0,1,1658,829047,67
37,0,1,1659,829547,68
37,0,1,1660,830047,63
37,0,1,1661,830547,67
37,0,1,1662,831047,69
37,0,1,1663,831547,71
37,0,1,1664,832047,69
37,0,1,1665,832547,69
37,0,1,1666,833047,73
37,0,1,1667,833547,63
37,0,1,1668,834047,69
37,0,1,1669,834547,63
37,0,1,1670,835047,67
37,0,1,1671,835547,70
37,0,1,1672,836047,68
37,0,1,1673,836547,63
37,0,1,1674,837047,69
37,0,1,1675,837547,69
37,0,1,1676,838047,69
37,0,1,1677,838547,77
37,0,1,1678,839047,69
37,0,1,1679,839547,61
37,0,1,1680,840047,69
37,0,1,1681,840547,69
37,0,1,1682,841047,68
37,0,1,1683,841547,69
37,0,1,1684,842047,68
37,0,1,1685,842547,63
37,0,1,1686,843047,68
37,0,1,1687,843547,71
37,0,1,1688,844047,69
37,0,1,1689,844547,63
37,0,1,1690,845047,68
37,0,1,1691,845547,69
37,0,1,1692,846047,54
37,0,1,1693,846547,69
37,0,1,1694,847047,63
37,0,1,1695,847547,71
37,0,1,1696,848047,69
37,0,1,1697,848547,69
37,0,1,1698,849047,70
37,0,1,1699,849547,69
37,0,1,1700,850047,69
37,0,1,1701,850547,71
37,0,1,1702,851047,68
37,0,1,1703,851547,64
37,0,1,1704,852047,61
37,0,1,1705,852547,75
37,0,1,1706,853047,69
37,0,1,1707,853547,68
37,0,1,1708,854047,69
37,0,1,1709,854547,73
37,0,1,1710,855047,69
37,0,1,1711,855547,63
37,0,1,1712,856047,59
37,0,1,1713,856547,68
37,0,1,1714,857047,68
37,0,1,1715,857547,63
37,0,1,1716,858047,69
37,0,1,1717,858547,66
37,0,1,1718,859047,55
37,0,1,1719,859547,71
37,0,1,1720,860047,64
37,0,1,1721,860547,69
37,0,1,1722,861047,69
37,0,1,1723,861547,71
37,0,1,1724,862047,67
37,0,1,1725,862547,62
37,0,1,1726,863047,68
37,0,1,1727,863547,67
37,0,1,1728,864047,70
37,0,1,1729,864547,69
37,0,1,1730,865047,73
37,0,1,1731,865547,68
37,0,1,1732,866047,69
37,0,1,1733,866547,68
37,0,1,1734,867047,69
37,0,1,1735,867547,71
37,0,1,1736,868047,79
37,0,1,1737,868547,69
37,0,1,1738,869047,61
37,0,1,1739,869547,69
37,0,1,1740,870047,69
37,0,1,1741,870547,69
37,0,1,1742,871047,69
37,0,1,1743,871547,69
37,0,1,1744,872047,69
37,0,1,1745,872547,69
37,0,1,1746,873047,69
37,0,1,1747,873547,67
37,0,1,1748,874047,69
37,0,1,1749,874547,67
37,0,1,1750,875047,67
37,0,1,1751,875547,69
37,0,1,1752,876047,69
37,0,1,1753,876547,63
37,0,1,1754,877047,68
37,0,1,1755,877547,53
37,0,1,1756,878047,67
37,0,1,1757,878547,57
37,0,1,1758,879047,69
37,0,1,1759,879547,67
37,0,1,1760,880047,79
37,0,1,1761,880547,63
37,0,1,1762,881047,59
37,0,1,1763,881547,69
37,0,1,1764,882047,68
37,0,1,1765,882547,61
37,0,1,1766,883047,68
37,0,1,1767,883547,69
37,0,1,1768,884047,63
37,0,1,1769,884547,69
37,0,1,1770,885047,68
37,0,1,1771,885547,75
37,0,1,1772,886047,67
37,0,1,1773,886547,67
37,0,1,1774,887047,71
37,0,1,1775,887547,63
37,0,1,1776,888047,69
37,0,1,1777,888547,59
37,0,1,1778,889047,51
37,0,1,1779,889547,71
37,0,1,1780,890047,77
37,0,1,1781,890547,63
37,0,1,1782,891047,67
37,0,1,1783,891547,71
37,0,1,1784,892047,69
37,0,1,1785,892547,68
37,0,1,1786,893047,79
37,0,1,1787,893547,68
37,0,1,1788,894047,69
37,0,1,1789,894547,63
37,0,1,1790,895047,67
37,0,1,1791,895547,69
37,0,1,1792,896047,83
37,0,1,1793,896547,68
37,0,1,1794,897047,69
37,0,1,1795,897547,69
37,0,1,1796,898047,81
37,0,1,1797,898547,85
37,0,1,1798,899047,67
37,0,1,1799,899547,55
37,0,1,1800,900047,67
37,0,1,1801,900547,70
37,0,1,1802,901047,68
37,0,1,1803,901547,63
37,0,1,1804,902047,73
37,0,1,1805,902547,63
37,0,1,1806,903047,69
37,0,1,1807,903547,73
37,0,1,1808,904047,68
37,0,1,1809,904547,69
37,0,1,1810,905047,69
37,0,1,1811,905547,59
37,0,1,1812,906047,69
37,0,1,1813,906547,71
37,0,1,1814,907047,69
37,0,1,1815,907547,69
37,0,1,1816,908047,67
37,0,1,1817,908547,63
37,0,1,1818,909047,61
37,0,1,1819,909547,63
37,0,1,1820,910047,72
37,0,1,1821,910547,69
37,0,1,1822,911047,68
37,0,1,1823,911547,67
37,0,1,1824,912047,77
37,0,1,1825,912547,52
37,0,1,1826,913047,70
37,0,1,1827,913547,60
37,0,1,1828,914047,68
37,0,1,1829,914547,61
37,0,1,1830,915047,70
37,0,1,1831,915547,61
37,0,1,1832,916047,63
37,0,1,1833,916547,63
37,0,1,1834,917047,68
37,0,1,1835,917547,68
37,0,1,1836,918047,67
37,0,1,1837,918547,72
37,0,1,1838,919047,73
37,0,1,1839,919547,63
37,0,1,1840,920047,67
37,0,1,1841,920547,69
37,0,1,1842,921047,67
37,0,1,1843,921547,63
37,0,1,1844,922047,69
37,0,1,1845,922547,84
37,0,1,1846,923047,69
37,0,1,1847,923547,73
37,0,1,1848,924047,67
37,0,1,1849,924547,70
37,0,1,1850,925047,71
37,0,1,1851,925547,69
37,0,1,1852,926047,69
37,0,1,1853,926547,71
37,0,1,1854,927047,69
37,0,1,1855,927547,71
37,0,1,1856,928047,69
37,0,1,1857,928547,69
37,0,1,1858,929047,69
37,0,1,1859,929547,69
37,0,1,1860,930047,71
37,0,1,1861,930547,85
37,0,1,1862,931047,69
37,0,1,1863,931547,69
37,0,1,1864,932047,61
37,0,1,1865,932547,67
37,0,1,1866,933047,63
37,0,1,1867,933547,63
37,0,1,1868,934047,69
37,0,1,1869,934547,69
37,0,1,1870,935047,70
37,0,1,1871,935547,58
37,0,1,1872,936047,59
37,0,1,1873,936547,76
37,0,1,1874,937047,67
37,0,1,1875,937547,67
37,0,1,1876,938047,68
37,0,1,1877,938547,69
37,0,1,1878,939047,63
37,0,1,1879,939547,69
37,0,1,1880,940047,69
37,0,1,1881,940547,68
37,0,1,1882,941047,69
37,0,1,1883,941547,69
37,0,1,1884,942047,68
37,0,1,1885,942547,55
37,0,1,1886,943047,69
37,0,1,1887,943547,73
37,0,1,1888,944047,67
37,0,1,1889,944547,69
37,0,1,1890,945047,77
37,0,1,1891,945547,63
37,0,1,1892,946047,70
37,0,1,1893,946547,62
37,0,1,1894,947047,76
37,0,1,1895,947547,67
37,0,1,1896,948047,68
37,0,1,1897,948547,69
37,0,1,1898,949047,69
37,0,1,1899,949547,69
37,0,1,1900,950047,69
37,0,1,1901,950547,61
37,0,1,1902,951047,69
37,0,1,1903,951547,68
37,0,1,1904,952047,69
37,0,1,1905,952547,69
37,0,1,1906,953047,69
37,0,1,1907,953547,67
37,0,1,1908,954047,70
37,0,1,1909,954547,70
37,0,1,1910,955047,57
37,0,1,1911,955547,68
37,0,1,1912,956047,69
37,0,1,1913,956547,69
37,0,1,1914,957047,67
37,0,1,1915,957547,71
37,0,1,1916,958047,60
37,0,1,1917,958547,70
37,0,1,1918,959047,67
37,0,1,1919,959547,63
37,0,1,1920,960047,69
37,0,1,1921,960547,69
37,0,1,1922,961047,69
37,0,1,1923,961547,69
37,0,1,1924,962047,68
37,0,1,1925,962547,59
37,0,1,1926,963047,69
37,0,1,1927,963547,61
37,0,1,1928,964047,68
37,0,1,1929,964547,85
37,0,1,1930,965047,69
37,0,1,1931,965547,69
37,0,1,1932,966047,67
37,0,1,1933,966547,69
37,0,1,1934,967047,68
37,0,1,1935,967547,67
37,0,1,1936,968047,60
37,0,1,1937,968547,71
37,0,1,1938,969047,69
37,0,1,1939,969547,61
37,0,1,1940,970047,69
37,0,1,1941,970547,73
37,0,1,1942,971047,69
37,0,1,1943,971547,69
37,0,1,1944,972047,68
37,0,1,1945,972547,69
37,0,1,1946,973047,69
37,0,1,1947,973547,68
37,0,1,1948,974047,69
37,0,1,1949,974547,68
37,0,1,1950,975047,68
37,0,1,1951,975547,72
37,0,1,1952,976047,53
37,0,1,1953,976547,68
37,0,1,1954,977047,69
37,0,1,1955,977547,69
37,0,1,1956,978047,68
37,0,1,1957,978547,68
37,0,1,1958,979047,69
37,0,1,1959,979547,69
37,0,1,1960,980047,69
37,0,1,1961,980547,70
37,0,1,1962,981047,68
37,0,1,1963,981547,69
37,0,1,1964,982047,68
37,0,1,1965,982547,71
37,0,1,1966,983047,69
37,0,1,1967,983547,71
37,0,1,1968,984047,71
37,0,1,1969,984547,67
37,0,1,1970,985047,69
37,0,1,1971,985547,75
37,0,1,1972,986047,69
37,0,1,1973,986547,69
37,0,1,1974,987047,69
37,0,1,1975,987547,59
37,0,1,1976,988047,67
37,0,1,1977,988547,52
37,0,1,1978,989047,69
37,0,1,1979,989547,84
37,0,1,1980,990047,68
37,0,1,1981,990547,69
37,0,1,1982,991047,68
37,0,1,1983,991547,68
37,0,1,1984,992047,69
37,0,1,1985,992547,68
37,0,1,1986,993047,69
37,0,1,1987,993547,71
37,0,1,1988,994047,69
37,0,1,1989,994547,64
37,0,1,1990,995047,64
37,0,1,1991,995547,75
37,0,1,1992,996047,61
37,0,1,1993,996547,72
37,0,1,1994,997047,69
37,0,1,1995,997547,71
37,0,1,1996,998047,69
37,0,1,1997,998547,69
37,0,1,1998,999047,69
37,0,1,1999,999547,71
37,0,2,0,48,71
37,0,2,1,547,69
37,0,2,2,1047,53
37,0,2,3,1547,61
37,0,2,4,2047,61
37,0,2,5,2547,63
37,0,2,6,3047,59
37,0,2,7,3547,71
37,0,2,8,4047,63
37,0,2,9,4547,68
37,0,2,10,5047,70
37,0,2,11,5547,79
37,0,2,12,6047,72
37,0,2,13,6547,68
37,0,2,14,7047,60
37,0,2,15,7547,71
37,0,2,16,8047,69
37,0,2,17,8547,64
37,0,2,18,9047,69
37,0,2,19,9547,67
37,0,2,20,10047,68
37,0,2,21,10547,67
37,0,2,22,11047,69
37,0,2,23,11547,69
37,0,2,24,12047,70
37,0,2,25,12547,70
37,0,2,26,13047,49
37,0,2,27,13547,61
37,0,2,28,14047,68
37,0,2,29,14547,69
37,0,2,30,15047,68
37,0,2,31,15547,63
37,0,2,32,16047,67
37,0,2,33,16547,73
37,0,2,34,17047,69
37,0,2,35,17547,69
37,0,2,36,18047,53
37,0,2,37,18547,69
37,0,2,38,19047,67
37,0,2,39,19547,71
37,0,2,40,20047,62
37,0,2,41,20547,69
37,0,2,42,21047,69
37,0,2,43,21547,79
37,0,2,44,22047,68
37,0,2,45,22547,71
37,0,2,46,23047,69
37,0,2,47,23547,70
37,0,2,48,24047,69
37,0,2,49,24547,83
37,0,2,50,25047,68
37,0,2,51,25547,67
37,0,2,52,26047,73
37,0,2,53,26547,68
37,0,2,54,27047,68
37,0,2,55,27547,76
37,0,2,56,28047,63
37,0,2,57,28547,76
37,0,2,58,29047,63
37,0,2,59,29547,69
37,0,2,60,30047,69
37,0,2,61,30547,55
37,0,2,62,31047,67
37,0,2,63,31547,69
37,0,2,64,32047,63
37,0,2,65,32547,69
37,0,2,66,33047,69
37,0,2,67,33547,67
37,0,2,68,34047,54
37,0,2,69,34547,69
37,0,2,70,35047,69
37,0,2,71,35547,63
37,0,2,72,36047,69
37,0,2,73,36547,69
37,0,2,74,37047,60
37,0,2,75,37547,63
37,0,2,76,38047,59
37,0,2,77,38547,63
37,0,2,78,39047,69
37,0,2,79,39547,69
37,0,2,80,40047,60
37,0,2,81,40547,69
37,0,2,82,41047,69
37,0,2,83,41547,72
37,0,2,84,42047,68
37,0,2,85,42547,69
37,0,2,86,43047,62
37,0,2,87,43547,69
37,0,2,88,44047,71
37,0,2,89,44547,71
37,0,2,90,45047,69
37,0,2,91,45547,67
37,0,2,92,46047,69
37,0,2,93,46547,62
37,0,2,94,47047,61
37,0,2,95,47547,68
37,0,2,96,48047,69
37,0,2,97,48547,69
37,0,2,98,49047,69
37,0,2,99,49547,68
37,0,2,100,50047,71
37,0,2,101,50547,70
37,0,2,102,51047,68
37,0,2,103,51547,61
37,0,2,104,52047,68
37,0,2,105,52547,69
37,0,2,106,53047,68
37,0,2,107,53547,69
37,0,2,108,54047,81
37,0,2,109,54547,68
37,0,2,110,55047,68
37,0,2,111,55547,69
37,0,2,112,56047,68
37,0,2,113,56547,68
37,0,2,114,57047,69
37,0,2,115,57547,63
37,0,2,116,58047,67
37,0,2,117,58547,69
37,0,2,118,59047,69
37,0,2,119,59547,67
37,0,2,120,60047,71
37,0,2,121,60547,69
37,0,2,122,61047,69
37,0,2,123,61547,69
37,0,2,124,62047,69
37,0,2,125,62547,69
37,0,2,126,63047,63
37,0,2,127,63547,68
37,0,2,128,64047,67
37,0,2,129,64547,67
37,0,2,130,65047,69
37,0,2,131,65547,67
37,0,2,132,66047,68
37,0,2,133,66547,69
37,0,2,134,67047,68
37,0,2,135,67547,68
37,0,2,136,68047,71
37,0,2,137,68547,68
37,0,2,138,69047,69
37,0,2,139,69547,69
37,0,2,140,70047,69
37,0,2,141,70547,74
37,0,2,142,71047,61
37,0,2,143,71547,68
37,0,2,144,72047,69
37,0,2,145,72547,61
37,0,2,146,73047,69
37,0,2,147,73547,63
37,0,2,148,74047,69
37,0,2,149,74547,69
37,0,2,150,75047,69
37,0,2,151,75547,69
37,0,2,152,76047,69
37,0,2,153,76547,69
37,0,2,154,77047,61
37,0,2,155,77547,69
37,0,2,156,78047,69
37,0,2,157,78547,70
37,0,2,158,79047,69
37,0,2,159,79547,70
37,0,2,160,80047,69
37,0,2,161,80547,69
37,0,2,162,81047,67
37,0,2,163,81547,67
37,0,2,164,82047,62
37,0,2,165,82547,69
37,0,2,166,83047,69
37,0,2,167,83547,69
37,0,2,168,84047,71
37,0,2,169,84547,69
37,0,2,170,85047,63
37,0,2,171,85547,69
37,0,2,172,86047,69
37,0,2,173,86547,69
37,0,2,174,87047,63
37,0,2,175,87547,69
37,0,2,176,88047,55
37,0,2,177,88547,68
37,0,2,178,89047,69
37,0,2,179,89547,69
37,0,2,180,90047,67
37,0,2,181,90547,68
37,0,2,182,91047,68
37,0,2,183,91547,47
37,0,2,184,92047,69
37,0,2,185,92547,73
37,0,2,186,93047,69
37,0,2,187,93547,69
37,0,2,188,94047,67
37,0,2,189,94547,68
37,0,2,190,95047,58
37,0,2,191,95547,68
37,0,2,192,96047,69
37,0,2,193,96547,69
37,0,2,194,97047,69
37,0,2,195,97547,68
37,0,2,196,98047,53
37,0,2,197,98547,69
37,0,2,198,99047,68
37,0,2,199,99547,69
37,0,2,200,100047,69
37,0,2,201,100547,67
37,0,2,202,101047,69
37,0,2,203,101547,71
37,0,2,204,102047,68
37,0,2,205,102547,68
37,0,2,206,103047,69
37,0,2,207,103547,61
37,0,2,208,104047,69
37,0,2,209,104547,69
37,0,2,210,105047,61
37,0,2,211,105547,68
37,0,2,212,106047,69
37,0,2,213,106547,69
37,0,2,214,107047,59
37,0,2,215,107547,69
37,0,2,216,108047,69
37,0,2,217,108547,54
37,0,2,218,109047,69
37,0,2,219,109547,71
37,0,2,220,110047,70
37,0,2,221,110547,68
37,0,2,222,111047,61
37,0,2,223,111547,56
37,0,2,224,112047,68
37,0,2,225,112547,70
37,0,2,226,113047,67
37,0,2,227,113547,68
37,0,2,228,114047,63
37,0,2,229,114547,67
37,0,2,230,115047,67
37,0,2,231,115547,73
37,0,2,232,116047,69
37,0,2,233,116547,53
37,0,2,234,117047,77
37,0,2,235,117547,59
37,0,2,236,118047,69
37,0,2,237,118547,69
37,0,2,238,119047,68
37,0,2,239,119547,69
37,0,2,240,120047,68
37,0,2,241,120547,69
37,0,2,242,121047,63
37,0,2,243,121547,69
37,0,2,244,122047,75
37,0,2,245,122547,71
37,0,2,246,123047,69
37,0,2,247,123547,63
37,0,2,248,124047,67
37,0,2,249,124547,69
37,0,2,250,125047,69
37,0,2,251,125547,67
37,0,2,252,126047,61
37,0,2,253,126547,69
37,0,2,254,127047,71
37,0,2,255,127547,68
37,0,2,256,128047,67
37,0,2,257,128547,69
37,0,2,258,129047,67
37,0,2,259,129547,69
37,0,2,260,130047,61
37,0,2,261,130547,68
37,0,2,262,131047,55
37,0,2,263,131547,70
37,0,2,264,132047,55
37,0,2,265,132547,64
37,0,2,266,133047,68
37,0,2,267,133547,69
37,0,2,268,134047,69
37,0,2,269,134547,68
37,0,2,270,135047,63
37,0,2,271,135547,68
37,0,2,272,136047,71
37,0,2,273,136547,69
37,0,2,274,137047,67
37,0,2,275,137547,69
37,0,2,276,138047,67
37,0,2,277,138547,71
37,0,2,278,139047,69
37,0,2,279,139547,69
37,0,2,280,140047,69
37,0,2,281,140547,69
37,0,2,282,141047,69
37,0,2,283,141547,69
37,0,2,284,142047,63
37,0,2,285,142547,68
37,0,2,286,143047,68
37,0,2,287,143547,71
37,0,2,288,144047,68
37,0,2,289,144547,69
37,0,2,290,145047,83
37,0,2,291,145547,69
37,0,2,292,146047,69
37,0,2,293,146547,68
37,0,2,294,147047,71
37,0,2,295,147547,69
37,0,2,296,148047,69
37,0,2,297,148547,62
37,0,2,298,149047,85
37,0,2,299,149547,71
37,0,2,300,150047,69
37,0,2,301,150547,68
37,0,2,302,151047,84
37,0,2,303,151547,67
37,0,2,304,152047,68
37,0,2,305,152547,67
37,0,2,306,153047,47
37,0,2,307,153547,63
37,0,2,308,154047,68
37,0,2,309,154547,71
37,0,2,310,155047,69
37,0,2,311,155547,73
37,0,2,312,156047,63
37,0,2,313,156547,69
37,0,2,314,157047,69
37,0,2,315,157547,69
37,0,2,316,158047,69
37,0,2,317,158547,69
37,0,2,318,159047,70
37,0,2,319,159547,69
37,0,2,320,160047,55
37,0,2,321,160547,67
37,0,2,322,161047,69
37,0,2,323,161547,69
37,0,2,324,162047,69
37,0,2,325,162547,75
37,0,2,326,163047,68
37,0,2,327,163547,69
37,0,2,328,164047,60
37,0,2,329,164547,69
37,0,2,330,165047,73
37,0,2,331,165547,69
37,0,2,332,166047,77
37,0,2,333,166547,69
37,0,2,334,167047,71
37,0,2,335,167547,69
37,0,2,336,168047,69
37,0,2,337,168547,67
37,0,2,338,169047,69
37,0,2,339,169547,63
37,0,2,340,170047,63
37,0,2,341,170547,63
37,0,2,342,171047,73
37,0,2,343,171547,63
37,0,2,344,172047,68
37,0,2,345,172547,63
37,0,2,346,173047,68
37,0,2,347,173547,63
37,0,2,348,174047,71
37,0,2,349,174547,67
37,0,2,350,175047,69
37,0,2,351,175547,61
37,0,2,352,176047,64
37,0,2,353,176547,75
37,0,2,354,177047,63
37,0,2,355,177547,68
37,0,2,356,178047,67
37,0,2,357,178547,69
37,0,2,358,179047,69
37,0,2,359,179547,53
37,0,2,360,180047,69
37,0,2,361,180547,69
37,0,2,362,181047,69
37,0,2,363,181547,62
37,0,2,364,182047,69
37,0,2,365,182547,69
37,0,2,366,183047,69
37,0,2,367,183547,68
37,0,2,368,184047,63
37,0,2,369,184547,69
37,0,2,370,185047,69
37,0,2,371,185547,69
37,0,2,372,186047,63
37,0,2,373,186547,69
37,0,2,374,187047,67
37,0,2,375,187547,63
37,0,2,376,188047,67
37,0,2,377,188547,63
37,0,2,378,189047,68
37,0,2,379,189547,67
37,0,2,380,190047,62
37,0,2,381,190547,63
37,0,2,382,191047,69
37,0,2,383,191547,63
37,0,2,384,192047,69
37,0,2,385,192547,70
37,0,2,386,193047,68
37,0,2,387,193547,69
37,0,2,388,194047,61
37,0,2,389,194547,63
37,0,2,390,195047,68
37,0,2,391,195547,69
37,0,2,392,196047,69
37,0,2,393,196547,68
37,0,2,394,197047,83
37,0,2,395,197547,68
37,0,2,396,198047,69
37,0,2,397,198547,62
37,0,2,398,199047,69
37,0,2,399,199547,68
37,0,2,400,200047,70
37,0,2,401,200547,69
37,0,2,402,201047,51
37,0,2,403,201547,69
37,0,2,404,202047,69
37,0,2,405,202547,57
37,0,2,406,203047,62
37,0,2,407,203547,69
37,0,2,408,204047,69
37,0,2,409,204547,68
37,0,2,410,205047,71
37,0,2,411,205547,69
37,0,2,412,206047,67
37,0,2,413,206547,67
37,0,2,414,207047,68
37,0,2,415,207547,69
37,0,2,416,208047,70
37,0,2,417,208547,70
37,0,2,418,209047,69
37,0,2,419,209547,69
37,0,2,420,210047,69
37,0,2,421,210547,69
37,0,2,422,211047,67
37,0,2,423,211547,68
37,0,2,424,212047,69
37,0,2,425,212547,63
37,0,2,426,213047,83
37,0,2,427,213547,68
37,0,2,428,214047,69
37,0,2,429,214547,73
37,0,2,430,215047,69
37,0,2,431,215547,69
37,0,2,432,216047,69
37,0,2,433,216547,69
37,0,2,434,217047,67
37,0,2,435,217547,68
37,0,2,436,218047,83
37,0,2,437,218547,62
37,0,2,438,219047,68
37,0,2,439,219547,69
37,0,2,440,220047,68
37,0,2,441,220547,69
37,0,2,442,221047,53
37,0,2,443,221547,79
37,0,2,444,222047,71
37,0,2,445,222547,67
37,0,2,446,223047,67
37,0,2,447,223547,68
37,0,2,448,224047,69
37,0,2,449,224547,69
37,0,2,450,225047,69
37,0,2,451,225547,76
37,0,2,452,226047,68
37,0,2,453,226547,63
37,0,2,454,227047,63
37,0,2,455,227547,64
37,0,2,456,228047,68
37,0,2,457,228547,63
37,0,2,458,229047,63
37,0,2,459,229547,63
37,0,2,460,230047,69
37,0,2,461,230547,69
37,0,2,462,231047,70
37,0,2,463,231547,70
37,0,2,464,232047,63
37,0,2,465,232547,68
37,0,2,466,233047,69
37,0,2,467,233547,69
37,0,2,468,234047,69
37,0,2,469,234547,69
37,0,2,470,235047,69
37,0,2,471,235547,69
37,0,2,472,236047,63
37,0,2,473,236547,67
37,0,2,474,237047,69
37,0,2,475,237547,69
37,0,2,476,238047,69
37,0,2,477,238547,69
37,0,2,478,239047,75
37,0,2,479,239547,64
37,0,2,480,240047,58
37,0,2,481,240547,71
37,0,2,482,241047,69
37,0,2,483,241547,71
37,0,2,484,242047,69
37,0,2,485,242547,55
37,0,2,486,243047,68
37,0,2,487,243547,69
37,0,2,488,244047,69
37,0,2,489,244547,69
37,0,2,490,245047,68
37,0,2,491,245547,67
37,0,2,492,246047,69
37,0,2,493,246547,67
37,0,2,494,247047,53
37,0,2,495,247547,63
37,0,2,496,248047,69
37,0,2,497,248547,69
37,0,2,498,249047,70
37,0,2,499,249547,63
37,0,2,500,250047,69
37,0,2,501,250547,63
37,0,2,502,251047,71
37,0,2,503,251547,63
37,0,2,504,252047,69
37,0,2,505,252547,68
37,0,2,506,253047,63
37,0,2,507,253547,67
37,0,2,508,254047,72
37,0,2,509,254547,70
37,0,2,510,255047,68
37,0,2,511,255547,68
37,0,2,512,256047,77
37,0,2,513,256547,69
37,0,2,514,257047,69
37,0,2,515,257547,67
37,0,2,516,258047,62
37,0,2,517,258547,69
37,0,2,518,259047,70
37,0,2,519,259547,63
37,0,2,520,260047,70
37,0,2,521,260547,68
37,0,2,522,261047,68
37,0,2,523,261547,68
37,0,2,524,262047,67
37,0,2,525,262547,70
37,0,2,526,263047,69
37,0,2,527,263547,69
37,0,2,528,264047,69
37,0,2,529,264547,46
37,0,2,530,265047,69
37,0,2,531,265547,63
37,0,2,532,266047,69
37,0,2,533,266547,77
37,0,2,534,267047,71
37,0,2,535,267547,67
37,0,2,536,268047,72
37,0,2,537,268547,68
37,0,2,538,269047,70
37,0,2,539,269547,71
37,0,2,540,270047,69
37,0,2,541,270547,71
37,0,2,542,271047,71
37,0,2,543,271547,68
37,0,2,544,272047,69
37,0,2,545,272547,69
37,0,2,546,273047,83
37,0,2,547,273547,68
37,0,2,548,274047,73
37,0,2,549,274547,63
37,0,2,550,275047,61
37,0,2,551,275547,69
37,0,2,552,276047,69
37,0,2,553,276547,69
37,0,2,554,277047,69
37,0,2,555,277547,68
37,0,2,556,278047,69
37,0,2,557,278547,53
37,0,2,558,279047,45
37,0,2,559,279547,83
37,0,2,560,280047,75
37,0,2,561,280547,71
37,0,2,562,281047,70
37,0,2,563,281547,71
37,0,2,564,282047,63
37,0,2,565,282547,68
37,0,2,566,283047,67
37,0,2,567,283547,58
37,0,2,568,284047,69
37,0,2,569,284547,67
37,0,2,570,285047,69
37,0,2,571,285547,73
37,0,2,572,286047,63
37,0,2,573,286547,69
37,0,2,574,287047,69
37,0,2,575,287547,69
37,0,2,576,288047,69
37,0,2,577,288547,61
37,0,2,578,289047,69
37,0,2,579,289547,68
37,0,2,580,290047,67
37,0,2,581,290547,72
37,0,2,582,291047,67
37,0,2,583,291547,61
37,0,2,584,292047,68
37,0,2,585,292547,69
37,0,2,586,293047,69
37,0,2,587,293547,69
37,0,2,588,294047,68
37,0,2,589,294547,69
37,0,2,590,295047,62
37,0,2,591,295547,69
37,0,2,592,296047,69
37,0,2,593,296547,70
37,0,2,594,297047,69
37,0,2,595,297547,71
37,0,2,596,298047,69
37,0,2,597,298547,71
37,0,2,598,299047,73
37,0,2,599,299547,68
37,0,2,600,300047,69
37,0,2,601,300547,71
37,0,2,602,301047,69
37,0,2,603,301547,69
37,0,2,604,302047,68
37,0,2,605,302547,69
37,0,2,606,303047,67
37,0,2,607,303547,69
37,0,2,608,304047,54
37,0,2,609,304547,68
37,0,2,610,305047,68
37,0,2,611,305547,68
37,0,2,612,306047,69
37,0,2,613,306547,60
37,0,2,614,307047,72
37,0,2,615,307547,68
37,0,2,616,308047,67
37,0,2,617,308547,59
37,0,2,618,309047,69
37,0,2,619,309547,69
37,0,2,620,310047,64
37,0,2,621,310547,68
37,0,2,622,311047,69
37,0,2,623,311547,82
37,0,2,624,312047,68
37,0,2,625,312547,67
37,0,2,626,313047,62
37,0,2,627,313547,62
37,0,2,628,314047,64
37,0,2,629,314547,71
37,0,2,630,315047,55
37,0,2,631,315547,68
37,0,2,632,316047,68
37,0,2,633,316547,69
37,0,2,634,317047,68
37,0,2,635,317547,68
37,0,2,636,318047,69
37,0,2,637,318547,71
37,0,2,638,319047,69
37,0,2,639,319547,69
37,0,2,640,320047,69
37,0,2,641,320547,64
37,0,2,642,321047,54
37,0,2,643,321547,69
37,0,2,644,322047,68
37,0,2,645,322547,68
37,0,2,646,323047,69
37,0,2,647,323547,68
37,0,2,648,324047,69
37,0,2,649,324547,57
37,0,2,650,325047,68
37,0,2,651,325547,73
37,0,2,652,326047,61
37,0,2,653,326547,69
37,0,2,654,327047,70
37,0,2,655,327547,71
37,0,2,656,328047,63
37,0,2,657,328547,67
37,0,2,658,329047,68
37,0,2,659,329547,69
37,0,2,660,330047,67
37,0,2,661,330547,63
37,0,2,662,331047,70
37,0,2,663,331547,61
37,0,2,664,332047,69
37,0,2,665,332547,67
37,0,2,666,333047,73
37,0,2,667,333547,68
37,0,2,668,334047,73
37,0,2,669,334547,71
37,0,2,670,335047,69
37,0,2,671,335547,69
37,0,2,672,336047,62
37,0,2,673,336547,69
37,0,2,674,337047,69
37,0,2,675,337547,68
37,0,2,676,338047,55
37,0,2,677,338547,69
37,0,2,678,339047,81
37,0,2,679,339547,67
37,0,2,680,340047,67
37,0,2,681,340547,72
37,0,2,682,341047,55
37,0,2,683,341547,69
37,0,2,684,342047,61
37,0,2,685,342547,69
37,0,2,686,343047,69
37,0,2,687,343547,83
37,0,2,688,344047,78
37,0,2,689,344547,53
37,0,2,690,345047,77
37,0,2,691,345547,67
37,0,2,692,346047,69
37,0,2,693,346547,64
37,0,2,694,347047,69
37,0,2,695,347547,68
37,0,2,696,348047,67
37,0,2,697,348547,63
37,0,2,698,349047,69
37,0,2,699,349547,69
37,0,2,700,350047,69
37,0,2,701,350547,71
37,0,2,702,351047,63
37,0,2,703,351547,71
37,0,2,704,352047,69
37,0,2,705,352547,69
37,0,2,706,353047,60
37,0,2,707,353547,69
37,0,2,708,354047,63
37,0,2,709,354547,85
37,0,2,710,355047,69
37,0,2,711,355547,63
37,0,2,712,356047,68
37,0,2,713,356547,69
37,0,2,714,357047,70
37,0,2,715,357547,68
37,0,2,716,358047,69
37,0,2,717,358547,74
37,0,2,718,359047,72
37,0,2,719,359547,69
37,0,2,720,360047,69
37,0,2,721,360547,69
37,0,2,722,361047,69
37,0,2,723,361547,69
37,0,2,724,362047,69
37,0,2,725,362547,69
37,0,2,726,363047,72
37,0,2,727,363547,69
37,0,2,728,364047,71
37,0,2,729,364547,69
37,0,2,730,365047,67
37,0,2,731,365547,69
37,0,2,732,366047,69
37,0,2,733,366547,69
37,0,2,734,367047,68
37,0,2,735,367547,69
37,0,2,736,368047,81
37,0,2,737,368547,83
37,0,2,738,369047,63
37,0,2,739,369547,54
37,0,2,740,370047,68
37,0,2,741,370547,69
37,0,2,742,371047,69
37,0,2,743,371547,73
37,0,2,744,372047,67
37,0,2,745,372547,68
37,0,2,746,373047,61
37,0,2,747,373547,69
37,0,2,748,374047,61
37,0,2,749,374547,71
37,0,2,750,375047,69
37,0,2,751,375547,69
37,0,2,752,376047,69
37,0,2,753,376547,70
37,0,2,754,377047,63
37,0,2,755,377547,68
37,0,2,756,378047,68
37,0,2,757,378547,69
37,0,2,758,379047,69
37,0,2,759,379547,51
37,0,2,760,380047,69
37,0,2,761,380547,68
37,0,2,762,381047,67
37,0,2,763,381547,71
37,0,2,764,382047,69
37,0,2,765,382547,69
37,0,2,766,383047,64
37,0,2,767,383547,61
37,0,2,768,384047,57
37,0,2,769,384547,69
37,0,2,770,385047,69
37,0,2,771,385547,71
37,0,2,772,386047,63
37,0,2,773,386547,68
37,0,2,774,387047,68
37,0,2,775,387547,64
37,0,2,776,388047,67
37,0,2,777,388547,68
37,0,2,778,389047,69
37,0,2,779,389547,69
37,0,2,780,390047,69
37,0,2,781,390547,62
37,0,2,782,391047,69
37,0,2,783,391547,69
37,0,2,784,392047,67
37,0,2,785,392547,69
37,0,2,786,393047,68
37,0,2,787,393547,69
37,0,2,788,394047,68
37,0,2,789,394547,69
37,0,2,790,395047,69
37,0,2,791,395547,63
37,0,2,792,396047,63
37,0,2,793,396547,68
37,0,2,794,397047,68
37,0,2,795,397547,67
37,0,2,796,398047,67
37,0,2,797,398547,61
37,0,2,798,399047,69
37,0,2,799,399547,69
37,0,2,800,400047,69
37,0,2,801,400547,69
37,0,2,802,401047,71
37,0,2,803,401547,69
37,0,2,804,402047,69
37,0,2,805,402547,67
37,0,2,806,403047,67
37,0,2,807,403547,68
37,0,2,808,404047,69
37,0,2,809,404547,69
37,0,2,810,405047,71
37,0,2,811,405547,68
37,0,2,812,406047,69
37,0,2,813,406547,69
37,0,2,814,407047,70
37,0,2,815,407547,69
37,0,2,816,408047,69
37,0,2,817,408547,69
37,0,2,818,409047,69
37,0,2,819,409547,69
37,0,2,820,410047,69
37,0,2,821,410547,69
37,0,2,822,411047,63
37,0,2,823,411547,69
37,0,2,824,412047,68
37,0,2,825,412547,83
37,0,2,826,413047,69
37,0,2,827,413547,68
37,0,2,828,414047,69
37,0,2,829,414547,71
37,0,2,830,415047,59
37,0,2,831,415547,69
37,0,2,832,416047,72
37,0,2,833,416547,69
37,0,2,834,417047,57
37,0,2,835,417547,69
37,0,2,836,418047,69
37,0,2,837,418547,69
37,0,2,838,419047,69
37,0,2,839,419547,70
37,0,2,840,420047,68
37,0,2,841,420547,69
37,0,2,842,421047,69
37,0,2,843,421547,63
37,0,2,844,422047,68
37,0,2,845,422547,72
37,0,2,846,423047,64
37,0,2,847,423547,69
37,0,2,848,424047,70
37,0,2,849,424547,70
37,0,2,850,425047,69
37,0,2,851,425547,71
37,0,2,852,426047,73
37,0,2,853,426547,69
37,0,2,854,427047,69
37,0,2,855,427547,71
37,0,2,856,428047,67
37,0,2,857,428547,68
37,0,2,858,429047,69
37,0,2,859,429547,67
37,0,2,860,430047,71
37,0,2,861,430547,69
37,0,2,862,431047,68
37,0,2,863,431547,69
37,0,2,864,432047,69
37,0,2,865,432547,69
37,0,2,866,433047,69
37,0,2,867,433547,68
37,0,2,868,434047,61
37,0,2,869,434547,69
37,0,2,870,435047,63
37,0,2,871,435547,69
37,0,2,872,436047,72
37,0,2,873,436547,68
37,0,2,874,437047,69
37,0,2,875,437547,69
37,0,2,876,438047,64
37,0,2,877,438547,71
37,0,2,878,439047,69
37,0,2,879,439547,71
37,0,2,880,440047,87
37,0,2,881,440547,61
37,0,2,882,441047,69
37,0,2,883,441547,71
37,0,2,884,442047,69
37,0,2,885,442547,62
37,0,2,886,443047,68
37,0,2,887,443547,69
37,0,2,888,444047,69
37,0,2,889,444547,69
37,0,2,890,445047,69
37,0,2,891,445547,70
37,0,2,892,446047,69
37,0,2,893,446547,70
37,0,2,894,447047,69
37,0,2,895,447547,70
37,0,2,896,448047,69
37,0,2,897,448547,68
37,0,2,898,449047,69
37,0,2,899,449547,64
37,0,2,900,450047,54
37,0,2,901,450547,69
37,0,2,902,451047,68
37,0,2,903,451547,68
37,0,2,904,452047,68
37,0,2,905,452547,68
37,0,2,906,453047,69
37,0,2,907,453547,61
37,0,2,908,454047,71
37,0,2,909,454547,69
37,0,2,910,455047,68
37,0,2,911,455547,75
37,0,2,912,456047,69
37,0,2,913,456547,69
37,0,2,914,457047,69
37,0,2,915,457547,69
37,0,2,916,458047,73
37,0,2,917,458547,55
37,0,2,918,459047,69
37,0,2,919,459547,69
37,0,2,920,460047,63
37,0,2,921,460547,68
37,0,2,922,461047,69
37,0,2,923,461547,68
37,0,2,924,462047,69
37,0,2,925,462547,68
37,0,2,926,463047,69
37,0,2,927,463547,68
37,0,2,928,464047,68
37,0,2,929,464547,69
37,0,2,930,465047,82
37,0,2,931,465547,63
37,0,2,932,466047,75
37,0,2,933,466547,64
37,0,2,934,467047,69
37,0,2,935,467547,69
37,0,2,936,468047,63
37,0,2,937,468547,63
37,0,2,938,469047,72
37,0,2,939,469547,67
37,0,2,940,470047,69
37,0,2,941,470547,69
37,0,2,942,471047,71
37,0,2,943,471547,69
37,0,2,944,472047,69
37,0,2,945,472547,69
37,0,2,946,473047,63
37,0,2,947,473547,69
37,0,2,948,474047,77
37,0,2,949,474547,83
37,0,2,950,475047,53
37,0,2,951,475547,67
37,0,2,952,476047,69
37,0,2,953,476547,67
37,0,2,954,477047,68
37,0,2,955,477547,69
37,0,2,956,478047,69
37,0,2,957,478547,84
37,0,2,958,479047,59
37,0,2,959,479547,69
37,0,2,960,480047,68
37,0,2,961,480547,68
37,0,2,962,481047,69
37,0,2,963,481547,69
37,0,2,964,482047,67
37,0,2,965,482547,69
37,0,2,966,483047,68
37,0,2,967,483547,69
37,0,2,968,484047,68
37,0,2,969,484547,63
37,0,2,970,485047,56
37,0,2,971,485547,57
37,0,2,972,486047,71
37,0,2,973,486547,53
37,0,2,974,487047,71
37,0,2,975,487547,56
37,0,2,976,488047,76
37,0,2,977,488547,72
37,0,2,978,489047,69
37,0,2,979,489547,69
37,0,2,980,490047,63
37,0,2,981,490547,70
37,0,2,982,491047,69
37,0,2,983,491547,68
37,0,2,984,492047,69
37,0,2,985,492547,61
37,0,2,986,493047,70
37,0,2,987,493547,63
37,0,2,988,494047,70
37,0,2,989,494547,77
37,0,2,990,495047,77
37,0,2,991,495547,57
37,0,2,992,496047,56
37,0,2,993,496547,73
37,0,2,994,497047,69
37,0,2,995,497547,66
37,0,2,996,498047,69
37,0,2,997,498547,51
37,0,2,998,499047,68
37,0,2,999,499547,69
37,0,2,1000,500047,69
37,0,2,1001,500547,68
37,0,2,1002,501047,61
37,0,2,1003,501547,69
37,0,2,1004,502047,67
37,0,2,1005,502547,69
37,0,2,1006,503047,70
37,0,2,1007,503547,69
37,0,2,1008,504047,69
37,0,2,1009,504547,63
37,0,2,1010,505047,69
37,0,2,1011,505547,69
37,0,2,1012,506047,63
37,0,2,1013,506547,69
37,0,2,1014,507047,63
37,0,2,1015,507547,69
37,0,2,1016,508047,69
37,0,2,1017,508547,67
37,0,2,1018,509047,73
37,0,2,1019,509547,72
37,0,2,1020,510047,67
37,0,2,1021,510547,69
37,0,2,1022,511047,61
37,0,2,1023,511547,68
37,0,2,1024,512047,60
37,0,2,1025,512547,57
37,0,2,1026,513047,69
37,0,2,1027,513547,75
37,0,2,1028,514047,64
37,0,2,1029,514547,76
37,0,2,1030,515047,69
37,0,2,1031,515547,69
37,0,2,1032,516047,67
37,0,2,1033,516547,69
37,0,2,1034,517047,61
37,0,2,1035,517547,52
37,0,2,1036,518047,77
37,0,2,1037,518547,62
37,0,2,1038,519047,72
37,0,2,1039,519547,68
37,0,2,1040,520047,69
37,0,2,1041,520547,69
37,0,2,1042,521047,71
37,0,2,1043,521547,69
37,0,2,1044,522047,69
37,0,2,1045,522547,70
37,0,2,1046,523047,71
37,0,2,1047,523547,68
37,0,2,1048,524047,83
37,0,2,1049,524547,69
37,0,2,1050,525047,71
37,0,2,1051,525547,69
37,0,2,1052,526047,61
37,0,2,1053,526547,69
37,0,2,1054,527047,63
37,0,2,1055,527547,69
37,0,2,1056,528047,69
37,0,2,1057,528547,69
37,0,2,1058,529047,68
37,0,2,1059,529547,69
37,0,2,1060,530047,68
37,0,2,1061,530547,69
37,0,2,1062,531047,69
37,0,2,1063,531547,68
37,0,2,1064,532047,69
37,0,2,1065,532547,69
37,0,2,1066,533047,67
37,0,2,1067,533547,69
37,0,2,1068,534047,69
37,0,2,1069,534547,68
37,0,2,1070,535047,61
37,0,2,1071,535547,69
37,0,2,1072,536047,67
37,0,2,1073,536547,69
37,0,2,1074,537047,53
37,0,2,1075,537547,68
37,0,2,1076,538047,71
37,0,2,1077,538547,69
37,0,2,1078,539047,63
37,0,2,1079,539547,69
37,0,2,1080,540047,70
37,0,2,1081,540547,67
37,0,2,1082,541047,69
37,0,2,1083,541547,68
37,0,2,1084,542047,68
37,0,2,1085,542547,68
37,0,2,1086,543047,59
37,0,2,1087,543547,77
37,0,2,1088,544047,61
37,0,2,1089,544547,55
37,0,2,1090,545047,69
37,0,2,1091,545547,62
37,0,2,1092,546047,67
37,0,2,1093,546547,73
37,0,2,1094,547047,55
37,0,2,1095,547547,68
37,0,2,1096,548047,69
37,0,2,1097,548547,69
37,0,2,1098,549047,72
37,0,2,1099,549547,71
37,0,2,1100,550047,68
37,0,2,1101,550547,67
37,0,2,1102,551047,70
37,0,2,1103,551547,69
37,0,2,1104,552047,61
37,0,2,1105,552547,69
37,0,2,1106,553047,83
37,0,2,1107,553547,67
37,0,2,1108,554047,67
37,0,2,1109,554547,57
37,0,2,1110,555047,63
37,0,2,1111,555547,73
37,0,2,1112,556047,63
37,0,2,1113,556547,69
37,0,2,1114,557047,68
37,0,2,1115,557547,70
37,0,2,1116,558047,69
37,0,2,1117,558547,61
37,0,2,1118,559047,73
37,0,2,1119,559547,83
37,0,2,1120,560047,71
37,0,2,1121,560547,68
37,0,2,1122,561047,69
37,0,2,1123,561547,71
37,0,2,1124,562047,75
37,0,2,1125,562547,64
37,0,2,1126,563047,63
37,0,2,1127,563547,53
37,0,2,1128,564047,69
37,0,2,1129,564547,69
37,0,2,1130,565047,68
37,0,2,1131,565547,71
37,0,2,1132,566047,69
37,0,2,1133,566547,69
37,0,2,1134,567047,67
37,0,2,1135,567547,67
37,0,2,1136,568047,68
37,0,2,1137,568547,69
37,0,2,1138,569047,75
37,0,2,1139,569547,61
37,0,2,1140,570047,71
37,0,2,1141,570547,59
37,0,2,1142,571047,71
37,0,2,1143,571547,63
37,0,2,1144,572047,69
37,0,2,1145,572547,69
37,0,2,1146,573047,71
37,0,2,1147,573547,62
37,0,2,1148,574047,68
37,0,2,1149,574547,71
37,0,2,1150,575047,63
37,0,2,1151,575547,69
37,0,2,1152,576047,69
37,0,2,1153,576547,69
37,0,2,1154,577047,68
37,0,2,1155,577547,69
37,0,2,1156,578047,68
37,0,2,1157,578547,67
37,0,2,1158,579047,64
37,0,2,1159,579547,69
37,0,2,1160,580047,63
37,0,2,1161,580547,55
37,0,2,1162,581047,69
37,0,2,1163,581547,69
37,0,2,1164,582047,60
37,0,2,1165,582547,62
37,0,2,1166,583047,71
37,0,2,1167,583547,64
37,0,2,1168,584047,69
37,0,2,1169,584547,69
37,0,2,1170,585047,68
37,0,2,1171,585547,70
37,0,2,1172,586047,69
37,0,2,1173,586547,68
37,0,2,1174,587047,69
37,0,2,1175,587547,69
37,0,2,1176,588047,63
37,0,2,1177,588547,71
37,0,2,1178,589047,69
37,0,2,1179,589547,62
37,0,2,1180,590047,71
37,0,2,1181,590547,63
37,0,2,1182,591047,72
37,0,2,1183,591547,69
37,0,2,1184,592047,67
37,0,2,1185,592547,69
37,0,2,1186,593047,77
37,0,2,1187,593547,69
37,0,2,1188,594047,76
37,0,2,1189,594547,69
37,0,2,1190,595047,69
37,0,2,1191,595547,69
37,0,2,1192,596047,69
37,0,2,1193,596547,69
37,0,2,1194,597047,75
37,0,2,1195,597547,69
37,0,2,1196,598047,68
37,0,2,1197,598547,63
37,0,2,1198,599047,69
37,0,2,1199,599547,69
37,0,2,1200,600047,68
37,0,2,1201,600547,69
37,0,2,1202,601047,70
37,0,2,1203,601547,69
37,0,2,1204,602047,69
37,0,2,1205,602547,68
37,0,2,1206,603047,69
37,0,2,1207,603547,69
37,0,2,1208,604047,69
37,0,2,1209,604547,68
37,0,2,1210,605047,60
37,0,2,1211,605547,69
37,0,2,1212,606047,71
37,0,2,1213,606547,68
37,0,2,1214,607047,71
37,0,2,1215,607547,69
37,0,2,1216,608047,68
37,0,2,1217,608547,67
37,0,2,1218,609047,69
37,0,2,1219,609547,51
37,0,2,1220,610047,61
37,0,2,1221,610547,72
37,0,2,1222,611047,69
37,0,2,1223,611547,63
37,0,2,1224,612047,61
37,0,2,1225,612547,45
37,0,2,1226,613047,69
37,0,2,1227,613547,67
37,0,2,1228,614047,73
37,0,2,1229,614547,68
37,0,2,1230,615047,69
37,0,2,1231,615547,67
37,0,2,1232,616047,69
37,0,2,1233,616547,68
37,0,2,1234,617047,70
37,0,2,1235,617547,63
37,0,2,1236,618047,68
37,0,2,1237,618547,70
37,0,2,1238,619047,70
37,0,2,1239,619547,69
37,0,2,1240,620047,69
37,0,2,1241,620547,69
37,0,2,1242,621047,73
37,0,2,1243,621547,69
37,0,2,1244,622047,67
37,0,2,1245,622547,64
37,0,2,1246,623047,69
37,0,2,1247,623547,70
37,0,2,1248,624047,71
37,0,2,1249,624547,69
37,0,2,1250,625047,69
37,0,2,1251,625547,69
37,0,2,1252,626047,61
37,0,2,1253,626547,69
37,0,2,1254,627047,61
37,0,2,1255,627547,69
37,0,2,1256,628047,69
37,0,2,1257,628547,64
37,0,2,1258,629047,73
37,0,2,1259,629547,68
37,0,2,1260,630047,69
37,0,2,1261,630547,69
37,0,2,1262,631047,73
37,0,2,1263,631547,69
37,0,2,1264,632047,71
37,0,2,1265,632547,69
37,0,2,1266,633047,69
37,0,2,1267,633547,69
37,0,2,1268,634047,68
37,0,2,1269,634547,70
37,0,2,1270,635047,63
37,0,2,1271,635547,68
37,0,2,1272,636047,67
37,0,2,1273,636547,69
37,0,2,1274,637047,69
37,0,2,1275,637547,70
37,0,2,1276,638047,69
37,0,2,1277,638547,72
37,0,2,1278,639047,71
37,0,2,1279,639547,69
37,0,2,1280,640047,57
37,0,2,1281,640547,63
37,0,2,1282,641047,69
37,0,2,1283,641547,71
37,0,2,1284,642047,71
37,0,2,1285,642547,71
37,0,2,1286,643047,62
37,0,2,1287,643547,57
37,0,2,1288,644047,68
37,0,2,1289,644547,69
37,0,2,1290,645047,71
37,0,2,1291,645547,61
37,0,2,1292,646047,84
37,0,2,1293,646547,69
37,0,2,1294,647047,68
37,0,2,1295,647547,69
37,0,2,1296,648047,72
37,0,2,1297,648547,69
37,0,2,1298,649047,73
37,0,2,1299,649547,75
37,0,2,1300,650047,71
37,0,2,1301,650547,75
37,0,2,1302,651047,61
37,0,2,1303,651547,69
37,0,2,1304,652047,69
37,0,2,1305,652547,68
37,0,2,1306,653047,63
37,0,2,1307,653547,71
37,0,2,1308,654047,72
37,0,2,1309,654547,68
37,0,2,1310,655047,69
37,0,2,1311,655547,69
37,0,2,1312,656047,69
37,0,2,1313,656547,70
37,0,2,1314,657047,68
37,0,2,1315,657547,69
37,0,2,1316,658047,68
37,0,2,1317,658547,69
37,0,2,1318,659047,68
37,0,2,1319,659547,69
37,0,2,1320,660047,70
37,0,2,1321,660547,69
37,0,2,1322,661047,63
37,0,2,1323,661547,69
37,0,2,1324,662047,71
37,0,2,1325,662547,70
37,0,2,1326,663047,69
37,0,2,1327,663547,69
37,0,2,1328,664047,69
37,0,2,1329,664547,69
37,0,2,1330,665047,69
37,0,2,1331,665547,70
37,0,2,1332,666047,69
37,0,2,1333,666547,69
37,0,2,1334,667047,71
37,0,2,1335,667547,72
37,0,2,1336,668047,68
37,0,2,1337,668547,70
37,0,2,1338,669047,69
37,0,2,1339,669547,69
37,0,2,1340,670047,69
37,0,2,1341,670547,69
37,0,2,1342,671047,69
37,0,2,1343,671547,70
37,0,2,1344,672047,71
37,0,2,1345,672547,68
37,0,2,1346,673047,71
37,0,2,1347,673547,63
37,0,2,1348,674047,61
37,0,2,1349,674547,68
37,0,2,1350,675047,68
37,0,2,1351,675547,69
37,0,2,1352,676047,67
37,0,2,1353,676547,68
37,0,2,1354,677047,69
37,0,2,1355,677547,71
37,0,2,1356,678047,67
37,0,2,1357,678547,69
37,0,2,1358,679047,70
37,0,2,1359,679547,63
37,0,2,1360,680047,69
37,0,2,1361,680547,69
37,0,2,1362,681047,68
37,0,2,1363,681547,69
37,0,2,1364,682047,69
37,0,2,1365,682547,68
37,0,2,1366,683047,62
37,0,2,1367,683547,69
37,0,2,1368,684047,68
37,0,2,1369,684547,69
37,0,2,1370,685047,68
37,0,2,1371,685547,69
37,0,2,1372,686047,67
37,0,2,1373,686547,69
37,0,2,1374,687047,69
37,0,2,1375,687547,70
37,0,2,1376,688047,69
37,0,2,1377,688547,70
37,0,2,1378,689047,69
37,0,2,1379,689547,62
37,0,2,1380,690047,68
37,0,2,1381,690547,70
37,0,2,1382,691047,70
37,0,2,1383,691547,63
37,0,2,1384,692047,70
37,0,2,1385,692547,61
37,0,2,1386,693047,71
37,0,2,1387,693547,63
37,0,2,1388,694047,69
37,0,2,1389,694547,70
37,0,2,1390,695047,61
37,0,2,1391,695547,68
37,0,2,1392,696047,69
37,0,2,1393,696547,69
37,0,2,1394,697047,61
37,0,2,1395,697547,69
37,0,2,1396,698047,61
37,0,2,1397,698547,69
37,0,2,1398,699047,68
37,0,2,1399,699547,68
37,0,2,1400,700047,71
37,0,2,1401,700547,69
37,0,2,1402,701047,71
37,0,2,1403,701547,69
37,0,2,1404,702047,69
37,0,2,1405,702547,61
37,0,2,1406,703047,56
37,0,2,1407,703547,69
37,0,2,1408,704047,71
37,0,2,1409,704547,69
37,0,2,1410,705047,69
37,0,2,1411,705547,70
37,0,2,1412,706047,61
37,0,2,1413,706547,71
37,0,2,1414,707047,69
37,0,2,1415,707547,70
37,0,2,1416,708047,67
37,0,2,1417,708547,61
37,0,2,1418,709047,81
37,0,2,1419,709547,69
37,0,2,1420,710047,68
37,0,2,1421,710547,67
37,0,2,1422,711047,69
37,0,2,1423,711547,59
37,0,2,1424,712047,69
37,0,2,1425,712547,69
37,0,2,1426,713047,69
37,0,2,1427,713547,69
37,0,2,1428,714047,61
37,0,2,1429,714547,67
37,0,2,1430,715047,63
37,0,2,1431,715547,63
37,0,2,1432,716047,69
37,0,2,1433,716547,74
37,0,2,1434,717047,53
37,0,2,1435,717547,69
37,0,2,1436,718047,71
37,0,2,1437,718547,63
37,0,2,1438,719047,69
37,0,2,1439,719547,68
37,0,2,1440,720047,69
37,0,2,1441,720547,69
37,0,2,1442,721047,68
37,0,2,1443,721547,53
37,0,2,1444,722047,77
37,0,2,1445,722547,69
37,0,2,1446,723047,72
37,0,2,1447,723547,63
37,0,2,1448,724047,64
37,0,2,1449,724547,69
37,0,2,1450,725047,51
37,0,2,1451,725547,63
37,0,2,1452,726047,78
37,0,2,1453,726547,69
37,0,2,1454,727047,69
37,0,2,1455,727547,63
37,0,2,1456,728047,68
37,0,2,1457,728547,71
37,0,2,1458,729047,63
37,0,2,1459,729547,59
37,0,2,1460,730047,67
37,0,2,1461,730547,68
37,0,2,1462,731047,69
37,0,2,1463,731547,69
37,0,2,1464,732047,69
37,0,2,1465,732547,69
37,0,2,1466,733047,51
37,0,2,1467,733547,69
37,0,2,1468,734047,69
37,0,2,1469,734547,69
37,0,2,1470,735047,69
37,0,2,1471,735547,69
37,0,2,1472,736047,54
37,0,2,1473,736547,69
37,0,2,1474,737047,69
37,0,2,1475,737547,59
37,0,2,1476,738047,70
37,0,2,1477,738547,69
37,0,2,1478,739047,69
37,0,2,1479,739547,76
37,0,2,1480,740047,75
37,0,2,1481,740547,71
37,0,2,1482,741047,70
37,0,2,1483,741547,71
37,0,2,1484,742047,79
37,0,2,1485,742547,71
37,0,2,1486,743047,71
37,0,2,1487,743547,70
37,0,2,1488,744047,69
37,0,2,1489,744547,71
37,0,2,1490,745047,67
37,0,2,1491,745547,61
37,0,2,1492,746047,69
37,0,2,1493,746547,69
37,0,2,1494,747047,64
37,0,2,1495,747547,68
37,0,2,1496,748047,69
37,0,2,1497,748547,68
37,0,2,1498,749047,69
37,0,2,1499,749547,63
37,0,2,1500,750047,76
37,0,2,1501,750547,56
37,0,2,1502,751047,73
37,0,2,1503,751547,63
37,0,2,1504,752047,55
37,0,2,1505,752547,71
37,0,2,1506,753047,69
37,0,2,1507,753547,67
37,0,2,1508,754047,71
37,0,2,1509,754547,69
37,0,2,1510,755047,68
37,0,2,1511,755547,59
37,0,2,1512,756047,69
37,0,2,1513,756547,68
37,0,2,1514,757047,67
37,0,2,1515,757547,77
37,0,2,1516,758047,62
37,0,2,1517,758547,60
37,0,2,1518,759047,53
37,0,2,1519,759547,66
37,0,2,1520,760047,62
37,0,2,1521,760547,68
37,0,2,1522,761047,71
37,0,2,1523,761547,70
37,0,2,1524,762047,72
37,0,2,1525,762547,59
37,0,2,1526,763047,68
37,0,2,1527,763547,69
37,0,2,1528,764047,69
37,0,2,1529,764547,67
37,0,2,1530,765047,73
37,0,2,1531,765547,72
37,0,2,1532,766047,57
37,0,2,1533,766547,63
37,0,2,1534,767047,69
37,0,2,1535,767547,63
37,0,2,1536,768047,63
37,0,2,1537,768547,63
37,0,2,1538,769047,61
37,0,2,1539,769547,71
37,0,2,1540,770047,63
37,0,2,1541,770547,81
37,0,2,1542,771047,69
37,0,2,1543,771547,53
37,0,2,1544,772047,69
37,0,2,1545,772547,71
37,0,2,1546,773047,69
37,0,2,1547,773547,71
37,0,2,1548,774047,62
37,0,2,1549,774547,69
37,0,2,1550,775047,69
37,0,2,1551,775547,69
37,0,2,1552,776047,69
37,0,2,1553,776547,69
37,0,2,1554,777047,69
37,0,2,1555,777547,63
37,0,2,1556,778047,69
37,0,2,1557,778547,67
37,0,2,1558,779047,68
37,0,2,1559,779547,63
37,0,2,1560,780047,69
37,0,2,1561,780547,67
37,0,2,1562,781047,68
37,0,2,1563,781547,74
37,0,2,1564,782047,68
37,0,2,1565,782547,69
37,0,2,1566,783047,68
37,0,2,1567,783547,63
37,0,2,1568,784047,73
37,0,2,1569,784547,64
37,0,2,1570,785047,68
37,0,2,1571,785547,69
37,0,2,1572,786047,67
37,0,2,1573,786547,69
37,0,2,1574,787047,69
37,0,2,1575,787547,69
37,0,2,1576,788047,68
37,0,2,1577,788547,67
37,0,2,1578,789047,75
37,0,2,1579,789547,63
37,0,2,1580,790047,69
37,0,2,1581,790547,67
37,0,2,1582,791047,69
37,0,2,1583,791547,71
37,0,2,1584,792047,67
37,0,2,1585,792547,64
37,0,2,1586,793047,69
37,0,2,1587,793547,74
37,0,2,1588,794047,69
37,0,2,1589,794547,61
37,0,2,1590,795047,69
37,0,2,1591,795547,61
37,0,2,1592,796047,70
37,0,2,1593,796547,69
37,0,2,1594,797047,67
37,0,2,1595,797547,68
37,0,2,1596,798047,63
37,0,2,1597,798547,75
37,0,2,1598,799047,69
37,0,2,1599,799547,60
37,0,2,1600,800047,69
37,0,2,1601,800547,67
37,0,2,1602,801047,71
37,0,2,1603,801547,57
37,0,2,1604,802047,69
37,0,2,1605,802547,67
37,0,2,1606,803047,63
37,0,2,1607,803547,63
37,0,2,1608,804047,68
37,0,2,1609,804547,61
37,0,2,1610,805047,69
37,0,2,1611,805547,59
37,0,2,1612,806047,67
37,0,2,1613,806547,79
37,0,2,1614,807047,64
37,0,2,1615,807547,69
37,0,2,1616,808047,70
37,0,2,1617,808547,61
37,0,2,1618,809047,71
37,0,2,1619,809547,68
37,0,2,1620,810047,68
37,0,2,1621,810547,61
37,0,2,1622,811047,63
37,0,2,1623,811547,69
37,0,2,1624,812047,62
37,0,2,1625,812547,69
37,0,2,1626,813047,67
37,0,2,1627,813547,69
37,0,2,1628,814047,69
37,0,2,1629,814547,53
37,0,2,1630,815047,63
37,0,2,1631,815547,62
37,0,2,1632,816047,69
37,0,2,1633,816547,63
37,0,2,1634,817047,69
37,0,2,1635,817547,71
37,0,2,1636,818047,69
37,0,2,1637,818547,64
37,0,2,1638,819047,71
37,0,2,1639,819547,69
37,0,2,1640,820047,69
37,0,2,1641,820547,63
37,0,2,1642,821047,67
37,0,2,1643,821547,62
37,0,2,1644,822047,69
37,0,2,1645,822547,69
37,0,2,1646,823047,69
37,0,2,1647,823547,63
37,0,2,1648,824047,68
37,0,2,1649,824547,70
37,0,2,1650,825047,60
37,0,2,1651,825547,68
37,0,2,1652,826047,68
37,0,2,1653,826547,69
37,0,2,1654,827047,69
37,0,2,1655,827547,68
37,0,2,1656,828047,69
37,0,2,1657,828547,68
37,0,2,1658,829047,47
37,0,2,1659,829547,73
37,0,2,1660,830047,69
37,0,2,1661,830547,67
37,0,2,1662,831047,68
37,0,2,1663,831547,68
37,0,2,1664,832047,67
37,0,2,1665,832547,67
37,0,2,1666,833047,68
37,0,2,1667,833547,68
37,0,2,1668,834047,67
37,0,2,1669,834547,71
37,0,2,1670,835047,69
37,0,2,1671,835547,69
37,0,2,1672,836047,69
37,0,2,1673,836547,61
37,0,2,1674,837047,73
37,0,2,1675,837547,61
37,0,2,1676,838047,68
37,0,2,1677,838547,69
37,0,2,1678,839047,68
37,0,2,1679,839547,68
37,0,2,1680,840047,69
37,0,2,1681,840547,69
37,0,2,1682,841047,75
37,0,2,1683,841547,57
37,0,2,1684,842047,69
37,0,2,1685,842547,69
37,0,2,1686,843047,67
37,0,2,1687,843547,67
37,0,2,1688,844047,68
37,0,2,1689,844547,63
37,0,2,1690,845047,69
37,0,2,1691,845547,64
37,0,2,1692,846047,69
37,0,2,1693,846547,69
37,0,2,1694,847047,68
37,0,2,1695,847547,69
37,0,2,1696,848047,73
37,0,2,1697,848547,83
37,0,2,1698,849047,64
37,0,2,1699,849547,69
37,0,2,1700,850047,68
37,0,2,1701,850547,70
37,0,2,1702,851047,64
37,0,2,1703,851547,69
37,0,2,1704,852047,69
37,0,2,1705,852547,63
37,0,2,1706,853047,69
37,0,2,1707,853547,63
37,0,2,1708,854047,71
37,0,2,1709,854547,57
37,0,2,1710,855047,69
37,0,2,1711,855547,67
37,0,2,1712,856047,63
37,0,2,1713,856547,68
37,0,2,1714,857047,69
37,0,2,1715,857547,69
37,0,2,1716,858047,69
37,0,2,1717,858547,62
37,0,2,1718,859047,60
37,0,2,1719,859547,71
37,0,2,1720,860047,69
37,0,2,1721,860547,69
37,0,2,1722,861047,69
37,0,2,1723,861547,69
37,0,2,1724,862047,59
37,0,2,1725,862547,79
37,0,2,1726,863047,64
37,0,2,1727,863547,69
37,0,2,1728,864047,62
37,0,2,1729,864547,64
37,0,2,1730,865047,69
37,0,2,1731,865547,69
37,0,2,1732,866047,61
37,0,2,1733,866547,69
37,0,2,1734,867047,79
37,0,2,1735,867547,68
37,0,2,1736,868047,68
37,0,2,1737,868547,64
37,0,2,1738,869047,68
37,0,2,1739,869547,69
37,0,2,1740,870047,67
37,0,2,1741,870547,69
37,0,2,1742,871047,83
37,0,2,1743,871547,67
37,0,2,1744,872047,69
37,0,2,1745,872547,69
37,0,2,1746,873047,69
37,0,2,1747,873547,68
37,0,2,1748,874047,60
37,0,2,1749,874547,75
37,0,2,1750,875047,68
37,0,2,1751,875547,68
37,0,2,1752,876047,71
37,0,2,1753,876547,71
37,0,2,1754,877047,68
37,0,2,1755,877547,69
37,0,2,1756,878047,68
37,0,2,1757,878547,69
37,0,2,1758,879047,69
37,0,2,1759,879547,69
37,0,2,1760,880047,53
37,0,2,1761,880547,69
37,0,2,1762,881047,63
37,0,2,1763,881547,69
37,0,2,1764,882047,69
37,0,2,1765,882547,59
37,0,2,1766,883047,71
37,0,2,1767,883547,61
37,0,2,1768,884047,63
37,0,2,1769,884547,69
37,0,2,1770,885047,69
37,0,2,1771,885547,71
37,0,2,1772,886047,67
37,0,2,1773,886547,69
37,0,2,1774,887047,67
37,0,2,1775,887547,87
37,0,2,1776,888047,67
37,0,2,1777,888547,69
37,0,2,1778,889047,73
37,0,2,1779,889547,69
37,0,2,1780,890047,69
37,0,2,1781,890547,63
37,0,2,1782,891047,71
37,0,2,1783,891547,72
37,0,2,1784,892047,69
37,0,2,1785,892547,70
37,0,2,1786,893047,76
37,0,2,1787,893547,70
37,0,2,1788,894047,70
37,0,2,1789,894547,68
37,0,2,1790,895047,68
37,0,2,1791,895547,63
37,0,2,1792,896047,71
37,0,2,1793,896547,73
37,0,2,1794,897047,69
37,0,2,1795,897547,61
37,0,2,1796,898047,71
37,0,2,1797,898547,59
37,0,2,1798,899047,71
37,0,2,1799,899547,68
37,0,2,1800,900047,71
37,0,2,1801,900547,69
37,0,2,1802,901047,68
37,0,2,1803,901547,67
37,0,2,1804,902047,69
37,0,2,1805,902547,73
37,0,2,1806,903047,67
37,0,2,1807,903547,63
37,0,2,1808,904047,73
37,0,2,1809,904547,71
37,0,2,1810,905047,73
37,0,2,1811,905547,69
37,0,2,1812,906047,69
37,0,2,1813,906547,69
37,0,2,1814,907047,69
37,0,2,1815,907547,71
37,0,2,1816,908047,67
37,0,2,1817,908547,64
37,0,2,1818,909047,69
37,0,2,1819,909547,67
37,0,2,1820,910047,69
37,0,2,1821,910547,74
37,0,2,1822,911047,69
37,0,2,1823,911547,67
37,0,2,1824,912047,64
37,0,2,1825,912547,71
37,0,2,1826,913047,83
37,0,2,1827,913547,71
37,0,2,1828,914047,69
37,0,2,1829,914547,69
37,0,2,1830,915047,69
37,0,2,1831,915547,67
37,0,2,1832,916047,69
37,0,2,1833,916547,68
37,0,2,1834,917047,73
37,0,2,1835,917547,72
37,0,2,1836,918047,69
37,0,2,1837,918547,71
37,0,2,1838,919047,68
37,0,2,1839,919547,71
37,0,2,1840,920047,67
37,0,2,1841,920547,69
37,0,2,1842,921047,68
37,0,2,1843,921547,69
37,0,2,1844,922047,68
37,0,2,1845,922547,63
37,0,2,1846,923047,69
37,0,2,1847,923547,69
37,0,2,1848,924047,73
37,0,2,1849,924547,67
37,0,2,1850,925047,69
37,0,2,1851,925547,69
37,0,2,1852,926047,69
37,0,2,1853,926547,69
37,0,2,1854,927047,63
37,0,2,1855,927547,69
37,0,2,1856,928047,73
37,0,2,1857,928547,69
37,0,2,1858,929047,67
37,0,2,1859,929547,67
37,0,2,1860,930047,67
37,0,2,1861,930547,69
37,0,2,1862,931047,63
37,0,2,1863,931547,69
37,0,2,1864,932047,69
37,0,2,1865,932547,71
37,0,2,1866,933047,69
37,0,2,1867,933547,68
37,0,2,1868,934047,54
37,0,2,1869,934547,63
37,0,2,1870,935047,63
37,0,2,1871,935547,67
37,0,2,1872,936047,72
37,0,2,1873,936547,53
37,0,2,1874,937047,69
37,0,2,1875,937547,61
37,0,2,1876,938047,70
37,0,2,1877,938547,64
37,0,2,1878,939047,69
37,0,2,1879,939547,68
37,0,2,1880,940047,69
37,0,2,1881,940547,69
37,0,2,1882,941047,69
37,0,2,1883,941547,69
37,0,2,1884,942047,69
37,0,2,1885,942547,68
37,0,2,1886,943047,62
37,0,2,1887,943547,69
37,0,2,1888,944047,71
37,0,2,1889,944547,69
37,0,2,1890,945047,70
37,0,2,1891,945547,69
37,0,2,1892,946047,69
37,0,2,1893,946547,74
37,0,2,1894,947047,67
37,0,2,1895,947547,69
37,0,2,1896,948047,61
37,0,2,1897,948547,73
37,0,2,1898,949047,70
37,0,2,1899,949547,63
37,0,2,1900,950047,69
37,0,2,1901,950547,69
37,0,2,1902,951047,69
37,0,2,1903,951547,69
37,0,2,1904,952047,71
37,0,2,1905,952547,69
37,0,2,1906,953047,69
37,0,2,1907,953547,69
37,0,2,1908,954047,69
37,0,2,1909,954547,70
37,0,2,1910,955047,69
37,0,2,1911,955547,69
37,0,2,1912,956047,68
37,0,2,1913,956547,69
37,0,2,1914,957047,68
37,0,2,1915,957547,62
37,0,2,1916,958047,68
37,0,2,1917,958547,64
37,0,2,1918,959047,69
37,0,2,1919,959547,68
37,0,2,1920,960047,53
37,0,2,1921,960547,69
37,0,2,1922,961047,70
37,0,2,1923,961547,69
37,0,2,1924,962047,69
37,0,2,1925,962547,69
37,0,2,1926,963047,71
37,0,2,1927,963547,70
37,0,2,1928,964047,70
37,0,2,1929,964547,69
37,0,2,1930,965047,64
37,0,2,1931,965547,68
37,0,2,1932,966047,69
37,0,2,1933,966547,61
37,0,2,1934,967047,73
37,0,2,1935,967547,67
37,0,2,1936,968047,87
37,0,2,1937,968547,69
37,0,2,1938,969047,69
37,0,2,1939,969547,69
37,0,2,1940,970047,78
37,0,2,1941,970547,69
37,0,2,1942,971047,69
37,0,2,1943,971547,67
37,0,2,1944,972047,68
37,0,2,1945,972547,69
37,0,2,1946,973047,68
37,0,2,1947,973547,71
37,0,2,1948,974047,69
37,0,2,1949,974547,69
37,0,2,1950,975047,69
37,0,2,1951,975547,77
37,0,2,1952,976047,68
37,0,2,1953,976547,69
37,0,2,1954,977047,67
37,0,2,1955,977547,69
37,0,2,1956,978047,70
37,0,2,1957,978547,67
37,0,2,1958,979047,69
37,0,2,1959,979547,69
37,0,2,1960,980047,63
37,0,2,1961,980547,69
37,0,2,1962,981047,69
37,0,2,1963,981547,69
37,0,2,1964,982047,67
37,0,2,1965,982547,67
37,0,2,1966,983047,67
37,0,2,1967,983547,68
37,0,2,1968,984047,69
37,0,2,1969,984547,70
37,0,2,1970,985047,70
37,0,2,1971,985547,64
37,0,2,1972,986047,69
37,0,2,1973,986547,69
37,0,2,1974,987047,71
37,0,2,1975,987547,61
37,0,2,1976,988047,69
37,0,2,1977,988547,69
37,0,2,1978,989047,69
37,0,2,1979,989547,68
37,0,2,1980,990047,63
37,0,2,1981,990547,69
37,0,2,1982,991047,69
37,0,2,1983,991547,67
37,0,2,1984,992047,64
37,0,2,1985,992547,70
37,0,2,1986,993047,68
37,0,2,1987,993547,69
37,0,2,1988,994047,68
37,0,2,1989,994547,69
37,0,2,1990,995047,69
37,0,2,1991,995547,71
37,0,2,1992,996047,69
37,0,2,1993,996547,51
37,0,2,1994,997047,69
37,0,2,1995,997547,69
37,0,2,1996,998047,69
37,0,2,1997,998547,68
37,0,2,1998,999047,69
37,0,2,1999,999547,69
37,0,3,0,48,69
37,0,3,1,547,68
37,0,3,2,1047,63
37,0,3,3,1547,67
37,0,3,4,2047,61
37,0,3,5,2547,69
37,0,3,6,3047,69
37,0,3,7,3547,68
37,0,3,8,4047,68
37,0,3,9,4547,62
37,0,3,10,5047,62
37,0,3,11,5547,71
37,0,3,12,6047,57
37,0,3,13,6547,68
37,0,3,14,7047,68
37,0,3,15,7547,69
37,0,3,16,8047,69
37,0,3,17,8547,68
37,0,3,18,9047,68
37,0,3,19,9547,73
37,0,3,20,10047,55
37,0,3,21,10547,67
37,0,3,22,11047,69
37,0,3,23,11547,61
37,0,3,24,12047,67
37,0,3,25,12547,71
37,0,3,26,13047,78
37,0,3,27,13547,69
37,0,3,28,14047,69
37,0,3,29,14547,68
37,0,3,30,15047,71
37,0,3,31,15547,67
37,0,3,32,16047,69
37,0,3,33,16547,63
37,0,3,34,17047,63
37,0,3,35,17547,69
37,0,3,36,18047,67
37,0,3,37,18547,53
37,0,3,38,19047,82
37,0,3,39,19547,67
37,0,3,40,20047,69
37,0,3,41,20547,63
37,0,3,42,21047,80
37,0,3,43,21547,67
37,0,3,44,22047,67
37,0,3,45,22547,68
37,0,3,46,23047,69
37,0,3,47,23547,71
37,0,3,48,24047,56
37,0,3,49,24547,68
37,0,3,50,25047,69
37,0,3,51,25547,63
37,0,3,52,26047,58
37,0,3,53,26547,63
37,0,3,54,27047,68
37,0,3,55,27547,72
37,0,3,56,28047,73
37,0,3,57,28547,69
37,0,3,58,29047,68
37,0,3,59,29547,68
37,0,3,60,30047,72
37,0,3,61,30547,75
37,0,3,62,31047,67
37,0,3,63,31547,69
37,0,3,64,32047,68
37,0,3,65,32547,69
37,0,3,66,33047,69
37,0,3,67,33547,68
37,0,3,68,34047,64
37,0,3,69,34547,63
37,0,3,70,35047,76
37,0,3,71,35547,67
37,0,3,72,36047,56
37,0,3,73,36547,67
37,0,3,74,37047,68
37,0,3,75,37547,69
37,0,3,76,38047,69
37,0,3,77,38547,71
37,0,3,78,39047,69
37,0,3,79,39547,61
37,0,3,80,40047,63
37,0,3,81,40547,83
37,0,3,82,41047,69
37,0,3,83,41547,69
37,0,3,84,42047,71
37,0,3,85,42547,55
37,0,3,86,43047,68
37,0,3,87,43547,67
37,0,3,88,44047,63
37,0,3,89,44547,68
37,0,3,90,45047,69
37,0,3,91,45547,69
37,0,3,92,46047,67
37,0,3,93,46547,69
37,0,3,94,47047,69
37,0,3,95,47547,69
37,0,3,96,48047,68
37,0,3,97,48547,69
37,0,3,98,49047,67
37,0,3,99,49547,69
37,0,3,100,50047,63
37,0,3,101,50547,69
37,0,3,102,51047,69
37,0,3,103,51547,76
37,0,3,104,52047,63
37,0,3,105,52547,69
37,0,3,106,53047,72
37,0,3,107,53547,60
37,0,3,108,54047,68
37,0,3,109,54547,69
37,0,3,110,55047,69
37,0,3,111,55547,63
37,0,3,112,56047,68
37,0,3,113,56547,71
37,0,3,114,57047,69
37,0,3,115,57547,67
37,0,3,116,58047,63
37,0,3,117,58547,69
37,0,3,118,59047,69
37,0,3,119,59547,69
37,0,3,120,60047,69
37,0,3,121,60547,71
37,0,3,122,61047,68
37,0,3,123,61547,69
37,0,3,124,62047,63
37,0,3,125,62547,59
37,0,3,126,63047,71
37,0,3,127,63547,70
37,0,3,128,64047,68
37,0,3,129,64547,69
37,0,3,130,65047,67
37,0,3,131,65547,69
37,0,3,132,66047,78
37,0,3,133,66547,70
37,0,3,134,67047,68
37,0,3,135,67547,61
37,0,3,136,68047,83
37,0,3,137,68547,67
37,0,3,138,69047,74
37,0,3,139,69547,55
37,0,3,140,70047,67
37,0,3,141,70547,69
37,0,3,142,71047,67
37,0,3,143,71547,70
37,0,3,144,72047,64
37,0,3,145,72547,68
37,0,3,146,73047,68
37,0,3,147,73547,69
37,0,3,148,74047,63
37,0,3,149,74547,68
37,0,3,150,75047,72
37,0,3,151,75547,63
37,0,3,152,76047,69
37,0,3,153,76547,69
37,0,3,154,77047,59
37,0,3,155,77547,67
37,0,3,156,78047,69
37,0,3,157,78547,75
37,0,3,158,79047,68
37,0,3,159,79547,68
37,0,3,160,80047,55
37,0,3,161,80547,68
37,0,3,162,81047,69
37,0,3,163,81547,67
37,0,3,164,82047,61
37,0,3,165,82547,63
37,0,3,166,83047,69
37,0,3,167,83547,69
37,0,3,168,84047,69
37,0,3,169,84547,69
37,0,3,170,85047,68
37,0,3,171,85547,68
37,0,3,172,86047,68
37,0,3,173,86547,67
37,0,3,174,87047,61
37,0,3,175,87547,69
37,0,3,176,88047,68
37,0,3,177,88547,68
37,0,3,178,89047,61
37,0,3,179,89547,59
37,0,3,180,90047,53
37,0,3,181,90547,67
37,0,3,182,91047,71
37,0,3,183,91547,68
37,0,3,184,92047,69
37,0,3,185,92547,69
37,0,3,186,93047,70
37,0,3,187,93547,71
37,0,3,188,94047,61
37,0,3,189,94547,51
37,0,3,190,95047,69
37,0,3,191,95547,67
37,0,3,192,96047,69
37,0,3,193,96547,75
37,0,3,194,97047,79
37,0,3,195,97547,69
37,0,3,196,98047,67
37,0,3,197,98547,69
37,0,3,198,99047,68
37,0,3,199,99547,68
37,0,3,200,100047,77
37,0,3,201,100547,63
37,0,3,202,101047,68
37,0,3,203,101547,68
37,0,3,204,102047,71
37,0,3,205,102547,69
37,0,3,206,103047,68
37,0,3,207,103547,63
37,0,3,208,104047,63
37,0,3,209,104547,69
37,0,3,210,105047,69
37,0,3,211,105547,69
37,0,3,212,106047,69
37,0,3,213,106547,85
37,0,3,214,107047,69
37,0,3,215,107547,76
37,0,3,216,108047,69
37,0,3,217,108547,69
37,0,3,218,109047,67
37,0,3,219,109547,68
37,0,3,220,110047,79
37,0,3,221,110547,53
37,0,3,222,111047,75
37,0,3,223,111547,69
37,0,3,224,112047,63
37,0,3,225,112547,63
37,0,3,226,113047,69
37,0,3,227,113547,71
37,0,3,228,114047,68
37,0,3,229,114547,79
37,0,3,230,115047,64
37,0,3,231,115547,69
37,0,3,232,116047,63
37,0,3,233,116547,69
37,0,3,234,117047,68
37,0,3,235,117547,68
37,0,3,236,118047,67
37,0,3,237,118547,67
37,0,3,238,119047,69
37,0,3,239,119547,69
37,0,3,240,120047,63
37,0,3,241,120547,67
37,0,3,242,121047,69
37,0,3,243,121547,63
37,0,3,244,122047,69
37,0,3,245,122547,61
37,0,3,246,123047,69
37,0,3,247,123547,69
37,0,3,248,124047,72
37,0,3,249,124547,71
37,0,3,250,125047,71
37,0,3,251,125547,69
37,0,3,252,126047,61
37,0,3,253,126547,69
37,0,3,254,127047,69
37,0,3,255,127547,69
37,0,3,256,128047,67
37,0,3,257,128547,63
37,0,3,258,129047,53
37,0,3,259,129547,69
37,0,3,260,130047,69
37,0,3,261,130547,63
37,0,3,262,131047,69
37,0,3,263,131547,68
37,0,3,264,132047,54
37,0,3,265,132547,57
37,0,3,266,133047,69
37,0,3,267,133547,69
37,0,3,268,134047,62
37,0,3,269,134547,67
37,0,3,270,135047,68
37,0,3,271,135547,68
37,0,3,272,136047,69
37,0,3,273,136547,67
37,0,3,274,137047,56
37,0,3,275,137547,69
37,0,3,276,138047,69
37,0,3,277,138547,69
37,0,3,278,139047,68
37,0,3,279,139547,69
37,0,3,280,140047,69
37,0,3,281,140547,69
37,0,3,282,141047,71
37,0,3,283,141547,69
37,0,3,284,142047,63
37,0,3,285,142547,71
37,0,3,286,143047,69
37,0,3,287,143547,69
37,0,3,288,144047,69
37,0,3,289,144547,69
37,0,3,290,145047,71
37,0,3,291,145547,69
37,0,3,292,146047,69
37,0,3,293,146547,64
37,0,3,294,147047,70
37,0,3,295,147547,68
37,0,3,296,148047,69
37,0,3,297,148547,61
37,0,3,298,149047,69
37,0,3,299,149547,68
37,0,3,300,150047,68
37,0,3,301,150547,73
37,0,3,302,151047,67
37,0,3,303,151547,69
37,0,3,304,152047,67
37,0,3,305,152547,69
37,0,3,306,153047,69
37,0,3,307,153547,59
37,0,3,308,154047,69
37,0,3,309,154547,71
37,0,3,310,155047,77
37,0,3,311,155547,68
37,0,3,312,156047,69
37,0,3,313,156547,77
37,0,3,314,157047,63
37,0,3,315,157547,69
37,0,3,316,158047,68
37,0,3,317,158547,67
37,0,3,318,159047,69
37,0,3,319,159547,69
37,0,3,320,160047,69
37,0,3,321,160547,68
37,0,3,322,161047,69
37,0,3,323,161547,69
37,0,3,324,162047,69
37,0,3,325,162547,67
37,0,3,326,163047,68
37,0,3,327,163547,69
37,0,3,328,164047,69
37,0,3,329,164547,63
37,0,3,330,165047,69
37,0,3,331,165547,67
37,0,3,332,166047,63
37,0,3,333,166547,69
37,0,3,334,167047,51
37,0,3,335,167547,68
37,0,3,336,168047,64
37,0,3,337,168547,68
37,0,3,338,169047,67
37,0,3,339,169547,56
37,0,3,340,170047,51
37,0,3,341,170547,67
37,0,3,342,171047,63
37,0,3,343,171547,69
37,0,3,344,172047,67
37,0,3,345,172547,61
37,0,3,346,173047,63
37,0,3,347,173547,68
37,0,3,348,174047,69
37,0,3,349,174547,69
37,0,3,350,175047,67
37,0,3,351,175547,64
37,0,3,352,176047,69
37,0,3,353,176547,69
37,0,3,354,177047,61
37,0,3,355,177547,69
37,0,3,356,178047,72
37,0,3,357,178547,69
37,0,3,358,179047,69
37,0,3,359,179547,68
37,0,3,360,180047,62
37,0,3,361,180547,69
37,0,3,362,181047,69
37,0,3,363,181547,71
37,0,3,364,182047,69
37,0,3,365,182547,69
37,0,3,366,183047,64
37,0,3,367,183547,63
37,0,3,368,184047,73
37,0,3,369,184547,77
37,0,3,370,185047,73
37,0,3,371,185547,67
37,0,3,372,186047,56
37,0,3,373,186547,68
37,0,3,374,187047,83
37,0,3,375,187547,69
37,0,3,376,188047,67
37,0,3,377,188547,68
37,0,3,378,189047,69
37,0,3,379,189547,69
37,0,3,380,190047,69
37,0,3,381,190547,63
37,0,3,382,191047,68
37,0,3,383,191547,69
37,0,3,384,192047,68
37,0,3,385,192547,69
37,0,3,386,193047,53
37,0,3,387,193547,69
37,0,3,388,194047,68
37,0,3,389,194547,67
37,0,3,390,195047,63
37,0,3,391,195547,55
37,0,3,392,196047,68
37,0,3,393,196547,69
37,0,3,394,197047,69
37,0,3,395,197547,69
37,0,3,396,198047,68
37,0,3,397,198547,69
37,0,3,398,199047,67
37,0,3,399,199547,68
37,0,3,400,200047,69
37,0,3,401,200547,67
37,0,3,402,201047,71
37,0,3,403,201547,68
37,0,3,404,202047,70
37,0,3,405,202547,71
37,0,3,406,203047,69
37,0,3,407,203547,69
37,0,3,408,204047,67
37,0,3,409,204547,69
37,0,3,410,205047,72
37,0,3,411,205547,71
37,0,3,412,206047,68
37,0,3,413,206547,63
37,0,3,414,207047,63
37,0,3,415,207547,69
37,0,3,416,208047,56
37,0,3,417,208547,63
37,0,3,418,209047,69
37,0,3,419,209547,69
37,0,3,420,210047,71
37,0,3,421,210547,75
37,0,3,422,211047,77
37,0,3,423,211547,71
37,0,3,424,212047,85
37,0,3,425,212547,56
37,0,3,426,213047,67
37,0,3,427,213547,72
37,0,3,428,214047,68
37,0,3,429,214547,67
37,0,3,430,215047,68
37,0,3,431,215547,72
37,0,3,432,216047,68
37,0,3,433,216547,68
37,0,3,434,217047,71
37,0,3,435,217547,68
37,0,3,436,218047,69
37,0,3,437,218547,69
37,0,3,438,219047,69
37,0,3,439,219547,71
37,0,3,440,220047,74
37,0,3,441,220547,69
37,0,3,442,221047,69
37,0,3,443,221547,77
37,0,3,444,222047,69
37,0,3,445,222547,69
37,0,3,446,223047,64
37,0,3,447,223547,69
37,0,3,448,224047,69
37,0,3,449,224547,67
37,0,3,450,225047,68
37,0,3,451,225547,69
37,0,3,452,226047,69
37,0,3,453,226547,68
37,0,3,454,227047,71
37,0,3,455,227547,68
37,0,3,456,228047,69
37,0,3,457,228547,69
37,0,3,458,229047,77
37,0,3,459,229547,69
37,0,3,460,230047,63
37,0,3,461,230547,63
37,0,3,462,231047,67
37,0,3,463,231547,69
37,0,3,464,232047,68
37,0,3,465,232547,60
37,0,3,466,233047,63
37,0,3,467,233547,69
37,0,3,468,234047,69
37,0,3,469,234547,75
37,0,3,470,235047,69
37,0,3,471,235547,67
37,0,3,472,236047,69
37,0,3,473,236547,68
37,0,3,474,237047,69
37,0,3,475,237547,63
37,0,3,476,238047,73
37,0,3,477,238547,75
37,0,3,478,239047,69
37,0,3,479,239547,51
37,0,3,480,240047,67
37,0,3,481,240547,69
37,0,3,482,241047,69
37,0,3,483,241547,67
37,0,3,484,242047,69
37,0,3,485,242547,52
37,0,3,486,243047,69
37,0,3,487,243547,67
37,0,3,488,244047,68
37,0,3,489,244547,58
37,0,3,490,245047,63
37,0,3,491,245547,67
37,0,3,492,246047,69
37,0,3,493,246547,68
37,0,3,494,247047,70
37,0,3,495,247547,82
37,0,3,496,248047,69
37,0,3,497,248547,61
37,0,3,498,249047,59
37,0,3,499,249547,73
37,0,3,500,250047,63
37,0,3,501,250547,68
37,0,3,502,251047,71
37,0,3,503,251547,68
37,0,3,504,252047,68
37,0,3,505,252547,63
37,0,3,506,253047,72
37,0,3,507,253547,68
37,0,3,508,254047,69
37,0,3,509,254547,69
37,0,3,510,255047,63
37,0,3,511,255547,63
37,0,3,512,256047,71
37,0,3,513,256547,69
37,0,3,514,257047,77
37,0,3,515,257547,68
37,0,3,516,258047,67
37,0,3,517,258547,68
37,0,3,518,259047,69
37,0,3,519,259547,71
37,0,3,520,260047,69
37,0,3,521,260547,74
37,0,3,522,261047,69
37,0,3,523,261547,67
37,0,3,524,262047,70
37,0,3,525,262547,69
37,0,3,526,263047,68
37,0,3,527,263547,63
37,0,3,528,264047,68
37,0,3,529,264547,67
37,0,3,530,265047,67
37,0,3,531,265547,68
37,0,3,532,266047,73
37,0,3,533,266547,69
37,0,3,534,267047,69
37,0,3,535,267547,69
37,0,3,536,268047,69
37,0,3,537,268547,63
37,0,3,538,269047,69
37,0,3,539,269547,73
37,0,3,540,270047,61
37,0,3,541,270547,68
37,0,3,542,271047,69
37,0,3,543,271547,63
37,0,3,544,272047,64
37,0,3,545,272547,60
37,0,3,546,273047,69
37,0,3,547,273547,70
37,0,3,548,274047,63
37,0,3,549,274547,68
37,0,3,550,275047,69
37,0,3,551,275547,63
37,0,3,552,276047,60
37,0,3,553,276547,68
37,0,3,554,277047,62
37,0,3,555,277547,67
37,0,3,556,278047,67
37,0,3,557,278547,69
37,0,3,558,279047,68
37,0,3,559,279547,69
37,0,3,560,280047,63
37,0,3,561,280547,69
37,0,3,562,281047,67
37,0,3,563,281547,69
37,0,3,564,282047,68
37,0,3,565,282547,69
37,0,3,566,283047,69
37,0,3,567,283547,69
37,0,3,568,284047,68
37,0,3,569,284547,69
37,0,3,570,285047,69
37,0,3,571,285547,69
37,0,3,572,286047,69
37,0,3,573,286547,59
37,0,3,574,287047,69
37,0,3,575,287547,71
37,0,3,576,288047,70
37,0,3,577,288547,69
37,0,3,578,289047,69
37,0,3,579,289547,69
37,0,3,580,290047,68
37,0,3,581,290547,69
37,0,3,582,291047,63
37,0,3,583,291547,67
37,0,3,584,292047,68
37,0,3,585,292547,69
37,0,3,586,293047,69
37,0,3,587,293547,70
37,0,3,588,294047,61
37,0,3,589,294547,71
37,0,3,590,295047,69
37,0,3,591,295547,78
37,0,3,592,296047,77
37,0,3,593,296547,67
37,0,3,594,297047,67
37,0,3,595,297547,67
37,0,3,596,298047,69
37,0,3,597,298547,68
37,0,3,598,299047,69
37,0,3,599,299547,69
37,0,3,600,300047,69
37,0,3,601,300547,68
37,0,3,602,301047,69
37,0,3,603,301547,61
37,0,3,604,302047,67
37,0,3,605,302547,69
37,0,3,606,303047,69
37,0,3,607,303547,68
37,0,3,608,304047,68
37,0,3,609,304547,68
37,0,3,610,305047,61
37,0,3,611,305547,59
37,0,3,612,306047,69
37,0,3,613,306547,69
37,0,3,614,307047,68
37,0,3,615,307547,69
37,0,3,616,308047,68
37,0,3,617,308547,73
37,0,3,618,309047,68
37,0,3,619,309547,69
37,0,3,620,310047,69
37,0,3,621,310547,79
37,0,3,622,311047,69
37,0,3,623,311547,68
37,0,3,624,312047,69
37,0,3,625,312547,59
37,0,3,626,313047,70
37,0,3,627,313547,68
37,0,3,628,314047,67
37,0,3,629,314547,69
37,0,3,630,315047,67
37,0,3,631,315547,70
37,0,3,632,316047,84
37,0,3,633,316547,68
37,0,3,634,317047,63
37,0,3,635,317547,69
37,0,3,636,318047,67
37,0,3,637,318547,70
37,0,3,638,319047,64
37,0,3,639,319547,73
37,0,3,640,320047,63
37,0,3,641,320547,67
37,0,3,642,321047,70
37,0,3,643,321547,71
37,0,3,644,322047,68
37,0,3,645,322547,67
37,0,3,646,323047,64
37,0,3,647,323547,69
37,0,3,648,324047,61
37,0,3,649,324547,70
37,0,3,650,325047,69
37,0,3,651,325547,69
37,0,3,652,326047,69
37,0,3,653,326547,69
37,0,3,654,327047,54
37,0,3,655,327547,71
37,0,3,656,328047,69
37,0,3,657,328547,67
37,0,3,658,329047,71
37,0,3,659,329547,69
37,0,3,660,330047,63
37,0,3,661,330547,69
37,0,3,662,331047,73
37,0,3,663,331547,67
37,0,3,664,332047,69
37,0,3,665,332547,68
37,0,3,666,333047,79
37,0,3,667,333547,69
37,0,3,668,334047,63
37,0,3,669,334547,69
37,0,3,670,335047,68
37,0,3,671,335547,69
37,0,3,672,336047,68
37,0,3,673,336547,63
37,0,3,674,337047,69
37,0,3,675,337547,69
37,0,3,676,338047,73
37,0,3,677,338547,69
37,0,3,678,339047,64
37,0,3,679,339547,69
37,0,3,680,340047,81
37,0,3,681,340547,72
37,0,3,682,341047,73
37,0,3,683,341547,70
37,0,3,684,342047,69
37,0,3,685,342547,63
37,0,3,686,343047,69
37,0,3,687,343547,68
37,0,3,688,344047,69
37,0,3,689,344547,69
37,0,3,690,345047,70
37,0,3,691,345547,70
37,0,3,692,346047,63
37,0,3,693,346547,69
37,0,3,694,347047,70
37,0,3,695,347547,77
37,0,3,696,348047,67
37,0,3,697,348547,69
37,0,3,698,349047,63
37,0,3,699,349547,78
37,0,3,700,350047,64
37,0,3,701,350547,69
37,0,3,702,351047,63
37,0,3,703,351547,68
37,0,3,704,352047,69
37,0,3,705,352547,64
37,0,3,706,353047,69
37,0,3,707,353547,67
37,0,3,708,354048,69
37,0,3,709,354547,69
37,0,3,710,355047,70
37,0,3,711,355547,69
37,0,3,712,356047,69
37,0,3,713,356547,83
37,0,3,714,357047,68
37,0,3,715,357547,63
37,0,3,716,358047,67
37,0,3,717,358547,56
37,0,3,718,359047,47
37,0,3,719,359547,69
37,0,3,720,360047,69
37,0,3,721,360547,73
37,0,3,722,361047,71
37,0,3,723,361547,69
37,0,3,724,362047,67
37,0,3,725,362547,67
37,0,3,726,363047,69
37,0,3,727,363547,69
37,0,3,728,364047,69
37,0,3,729,364547,64
37,0,3,730,365047,64
37,0,3,731,365547,75
37,0,3,732,366047,67
37,0,3,733,366547,69
37,0,3,734,367047,70
37,0,3,735,367547,70
37,0,3,736,368047,68
37,0,3,737,368547,69
37,0,3,738,369047,63
37,0,3,739,369547,63
37,0,3,740,370047,71
37,0,3,741,370547,69
37,0,3,742,371047,67
37,0,3,743,371547,68
37,0,3,744,372047,62
37,0,3,745,372547,69
37,0,3,746,373047,72
37,0,3,747,373547,69
37,0,3,748,374047,67
37,0,3,749,374547,68
37,0,3,750,375047,69
37,0,3,751,375547,68
37,0,3,752,376047,67
37,0,3,753,376547,63
37,0,3,754,377047,69
37,0,3,755,377547,70
37,0,3,756,378047,63
37,0,3,757,378547,68
37,0,3,758,379047,69
37,0,3,759,379547,67
37,0,3,760,380047,69
37,0,3,761,380547,69
37,0,3,762,381047,68
37,0,3,763,381547,69
37,0,3,764,382047,61
37,0,3,765,382547,68
37,0,3,766,383047,70
37,0,3,767,383547,69
37,0,3,768,384047,70
37,0,3,769,384547,69
37,0,3,770,385047,68
37,0,3,771,385547,67
37,0,3,772,386047,69
37,0,3,773,386547,67
37,0,3,774,387047,63
37,0,3,775,387547,63
37,0,3,776,388047,71
37,0,3,777,388547,62
37,0,3,778,389047,69
37,0,3,779,389547,69
37,0,3,780,390047,63
37,0,3,781,390547,69
37,0,3,782,391047,69
37,0,3,783,391547,69
37,0,3,784,392047,68
37,0,3,785,392547,67
37,0,3,786,393047,61
37,0,3,787,393547,69
37,0,3,788,394047,69
37,0,3,789,394547,68
37,0,3,790,395047,54
37,0,3,791,395547,76
37,0,3,792,396047,60
37,0,3,793,396547,67
37,0,3,794,397047,69
37,0,3,795,397547,69
37,0,3,796,398047,69
37,0,3,797,398547,69
37,0,3,798,399047,72
37,0,3,799,399547,72
37,0,3,800,400047,70
37,0,3,801,400547,69
37,0,3,802,401047,69
37,0,3,803,401547,73
37,0,3,804,402047,70
37,0,3,805,402547,75
37,0,3,806,403047,71
37,0,3,807,403547,69
37,0,3,808,404047,63
37,0,3,809,404547,69
37,0,3,810,405047,51
37,0,3,811,405547,69
37,0,3,812,406047,67
37,0,3,813,406547,71
37,0,3,814,407047,71
37,0,3,815,407547,69
37,0,3,816,408047,69
37,0,3,817,408547,68
37,0,3,818,409047,69
37,0,3,819,409547,61
37,0,3,820,410047,64
37,0,3,821,410547,61
37,0,3,822,411047,70
37,0,3,823,411547,72
37,0,3,824,412047,68
37,0,3,825,412547,61
37,0,3,826,413047,63
37,0,3,827,413547,55
37,0,3,828,414047,69
37,0,3,829,414547,67
37,0,3,830,415047,67
37,0,3,831,415547,71
37,0,3,832,416047,67
37,0,3,833,416547,63
37,0,3,834,417047,61
37,0,3,835,417547,68
37,0,3,836,418047,70
37,0,3,837,418547,71
37,0,3,838,419047,69
37,0,3,839,419547,68
37,0,3,840,420047,67
37,0,3,841,420547,68
37,0,3,842,421047,69
37,0,3,843,421547,78
37,0,3,844,422047,63
37,0,3,845,422547,69
37,0,3,846,423047,72
37,0,3,847,423547,70
37,0,3,848,424047,69
37,0,3,849,424547,69
37,0,3,850,425047,68
37,0,3,851,425547,69
37,0,3,852,426047,72
37,0,3,853,426547,63
37,0,3,854,427047,71
37,0,3,855,427547,75
37,0,3,856,428047,63
37,0,3,857,428547,70
37,0,3,858,429047,70
37,0,3,859,429547,69
37,0,3,860,430047,69
37,0,3,861,430547,62
37,0,3,862,431047,71
37,0,3,863,431547,61
37,0,3,864,432047,68
37,0,3,865,432547,55
37,0,3,866,433047,62
37,0,3,867,433547,69
37,0,3,868,434047,68
37,0,3,869,434547,67
37,0,3,870,435047,68
37,0,3,871,435547,69
37,0,3,872,436047,70
37,0,3,873,436547,68
37,0,3,874,437047,68
37,0,3,875,437547,68
37,0,3,876,438047,61
37,0,3,877,438547,53
37,0,3,878,439047,69
37,0,3,879,439547,68
37,0,3,880,440047,79
37,0,3,881,440547,69
37,0,3,882,441047,45
37,0,3,883,441547,67
37,0,3,884,442047,63
37,0,3,885,442547,69
37,0,3,886,443047,67
37,0,3,887,443547,61
37,0,3,888,444047,68
37,0,3,889,444547,64
37,0,3,890,445047,69
37,0,3,891,445547,69
37,0,3,892,446047,69
37,0,3,893,446547,59
37,0,3,894,447047,63
37,0,3,895,447547,68
37,0,3,896,448047,67
37,0,3,897,448547,67
37,0,3,898,449047,60
37,0,3,899,449547,69
37,0,3,900,450047,71
37,0,3,901,450547,71
37,0,3,902,451047,69
37,0,3,903,451547,69
37,0,3,904,452047,82
37,0,3,905,452547,68
37,0,3,906,453047,71
37,0,3,907,453547,69
37,0,3,908,454047,60
37,0,3,909,454547,72
37,0,3,910,455047,69
37,0,3,911,455547,68
37,0,3,912,456047,70
37,0,3,913,456547,69
37,0,3,914,457047,69
37,0,3,915,457547,68
37,0,3,916,458047,76
37,0,3,917,458547,71
37,0,3,918,459047,51
37,0,3,919,459547,69
37,0,3,920,460047,73
37,0,3,921,460547,69
37,0,3,922,461047,70
37,0,3,923,461547,69
37,0,3,924,462047,69
37,0,3,925,462547,68
37,0,3,926,463047,68
37,0,3,927,463547,67
37,0,3,928,464047,85
37,0,3,929,464547,69
37,0,3,930,465047,61
37,0,3,931,465547,68
37,0,3,932,466047,57
37,0,3,933,466547,87
37,0,3,934,467047,63
37,0,3,935,467547,69
37,0,3,936,468047,69
37,0,3,937,468547,64
37,0,3,938,469047,63
37,0,3,939,469547,63
37,0,3,940,470047,69
37,0,3,941,470547,69
37,0,3,942,471047,69
37,0,3,943,471547,64
37,0,3,944,472047,69
37,0,3,945,472547,69
37,0,3,946,473047,71
37,0,3,947,473547,68
37,0,3,948,474047,68
37,0,3,949,474547,67
37,0,3,950,475047,67
37,0,3,951,475547,69
37,0,3,952,476047,64
37,0,3,953,476547,67
37,0,3,954,477047,63
37,0,3,955,477547,71
37,0,3,956,478047,63
37,0,3,957,478547,67
37,0,3,958,479047,63
37,0,3,959,479547,70
37,0,3,960,480047,57
37,0,3,961,480547,63
37,0,3,962,481047,63
37,0,3,963,481547,69
37,0,3,964,482047,67
37,0,3,965,482547,69
37,0,3,966,483047,71
37,0,3,967,483547,63
37,0,3,968,484047,68
37,0,3,969,484547,68
37,0,3,970,485047,71
37,0,3,971,485547,69
37,0,3,972,486047,68
37,0,3,973,486547,69
37,0,3,974,487047,61
37,0,3,975,487547,62
37,0,3,976,488047,69
37,0,3,977,488547,60
37,0,3,978,489047,62
37,0,3,979,489547,71
37,0,3,980,490047,72
37,0,3,981,490547,69
37,0,3,982,491047,69
37,0,3,983,491547,69
37,0,3,984,492047,75
37,0,3,985,492547,67
37,0,3,986,493047,67
37,0,3,987,493547,61
37,0,3,988,494047,73
37,0,3,989,494547,63
37,0,3,990,495047,73
37,0,3,991,495547,67
37,0,3,992,496047,69
37,0,3,993,496547,67
37,0,3,994,497047,61
37,0,3,995,497547,69
37,0,3,996,498047,69
37,0,3,997,498547,61
37,0,3,998,499047,63
37,0,3,999,499547,69
37,0,3,1000,500047,67
37,0,3,1001,500547,67
37,0,3,1002,501047,68
37,0,3,1003,501547,69
37,0,3,1004,502047,63
37,0,3,1005,502547,61
37,0,3,1006,503047,72
37,0,3,1007,503547,69
37,0,3,1008,504047,70
37,0,3,1009,504547,69
37,0,3,1010,505047,52
37,0,3,1011,505547,69
37,0,3,1012,506047,63
37,0,3,1013,506547,69
37,0,3,1014,507047,69
37,0,3,1015,507547,64
37,0,3,1016,508047,69
37,0,3,1017,508547,69
37,0,3,1018,509047,69
37,0,3,1019,509547,67
37,0,3,1020,510047,61
37,0,3,1021,510547,69
37,0,3,1022,511047,71
37,0,3,1023,511547,64
37,0,3,1024,512047,62
37,0,3,1025,512547,69
37,0,3,1026,513047,69
37,0,3,1027,513547,69
37,0,3,1028,514047,69
37,0,3,1029,514547,69
37,0,3,1030,515047,63
37,0,3,1031,515547,69
37,0,3,1032,516047,69
37,0,3,1033,516547,67
37,0,3,1034,517047,67
37,0,3,1035,517547,78
37,0,3,1036,518047,68
37,0,3,1037,518547,75
37,0,3,1038,519047,69
37,0,3,1039,519547,68
37,0,3,1040,520047,56
37,0,3,1041,520547,64
37,0,3,1042,521047,67
37,0,3,1043,521547,67
37,0,3,1044,522047,63
37,0,3,1045,522547,69
37,0,3,1046,523047,68
37,0,3,1047,523547,75
37,0,3,1048,524047,68
37,0,3,1049,524547,68
37,0,3,1050,525047,56
37,0,3,1051,525547,69
37,0,3,1052,526047,62
37,0,3,1053,526547,69
37,0,3,1054,527047,69
37,0,3,1055,527547,67
37,0,3,1056,528047,83
37,0,3,1057,528547,68
37,0,3,1058,529047,69
37,0,3,1059,529547,72
37,0,3,1060,530047,68
37,0,3,1061,530547,67
37,0,3,1062,531047,67
37,0,3,1063,531547,69
37,0,3,1064,532047,69
37,0,3,1065,532547,68
37,0,3,1066,533047,69
37,0,3,1067,533547,69
37,0,3,1068,534047,63
37,0,3,1069,534547,69
37,0,3,1070,535047,69
37,0,3,1071,535547,68
37,0,3,1072,536047,64
37,0,3,1073,536547,69
37,0,3,1074,537047,57
37,0,3,1075,537547,67
37,0,3,1076,538047,67
37,0,3,1077,538547,63
37,0,3,1078,539047,67
37,0,3,1079,539547,68
37,0,3,1080,540047,69
37,0,3,1081,540547,62
37,0,3,1082,541047,63
37,0,3,1083,541547,69
37,0,3,1084,542047,71
37,0,3,1085,542547,68
37,0,3,1086,543047,69
37,0,3,1087,543547,77
37,0,3,1088,544047,64
37,0,3,1089,544547,69
37,0,3,1090,545047,69
37,0,3,1091,545547,69
37,0,3,1092,546047,69
37,0,3,1093,546547,63
37,0,3,1094,547047,69
37,0,3,1095,547547,68
37,0,3,1096,548047,69
37,0,3,1097,548547,61
37,0,3,1098,549047,68
37,0,3,1099,549547,69
37,0,3,1100,550047,73
37,0,3,1101,550547,63
37,0,3,1102,551047,69
37,0,3,1103,551547,69
37,0,3,1104,552047,71
37,0,3,1105,552547,69
37,0,3,1106,553047,68
37,0,3,1107,553547,73
37,0,3,1108,554047,69
37,0,3,1109,554547,69
37,0,3,1110,555047,68
37,0,3,1111,555547,63
37,0,3,1112,556047,63
37,0,3,1113,556547,71
37,0,3,1114,557047,67
37,0,3,1115,557547,55
37,0,3,1116,558047,69
37,0,3,1117,558547,71
37,0,3,1118,559047,68
37,0,3,1119,559547,70
37,0,3,1120,560047,81
37,0,3,1121,560547,70
37,0,3,1122,561047,69
37,0,3,1123,561547,69
37,0,3,1124,562047,62
37,0,3,1125,562547,64
37,0,3,1126,563047,83
37,0,3,1127,563547,68
37,0,3,1128,564047,71
37,0,3,1129,564547,68
37,0,3,1130,565047,69
37,0,3,1131,565547,64
37,0,3,1132,566047,69
37,0,3,1133,566547,69
37,0,3,1134,567047,69
37,0,3,1135,567547,68
37,0,3,1136,568047,67
37,0,3,1137,568547,69
37,0,3,1138,569047,69
37,0,3,1139,569547,69
37,0,3,1140,570047,69
37,0,3,1141,570547,73
37,0,3,1142,571047,69
37,0,3,1143,571547,68
37,0,3,1144,572047,69
37,0,3,1145,572547,61
37,0,3,1146,573047,63
37,0,3,1147,573547,69
37,0,3,1148,574047,69
37,0,3,1149,574547,72
37,0,3,1150,575047,52
37,0,3,1151,575547,67
37,0,3,1152,576047,67
37,0,3,1153,576547,69
37,0,3,1154,577047,63
37,0,3,1155,577547,71
37,0,3,1156,578047,61
37,0,3,1157,578547,69
37,0,3,1158,579047,71
37,0,3,1159,579547,69
37,0,3,1160,580047,61
37,0,3,1161,580547,53
37,0,3,1162,581047,73
37,0,3,1163,581547,69
37,0,3,1164,582047,70
37,0,3,1165,582547,67
37,0,3,1166,583047,59
37,0,3,1167,583547,69
37,0,3,1168,584047,63
37,0,3,1169,584547,69
37,0,3,1170,585047,69
37,0,3,1171,585547,68
37,0,3,1172,586047,69
37,0,3,1173,586547,69
37,0,3,1174,587047,69
37,0,3,1175,587547,68
37,0,3,1176,588047,69
37,0,3,1177,588547,67
37,0,3,1178,589047,59
37,0,3,1179,589547,53
37,0,3,1180,590047,69
37,0,3,1181,590547,69
37,0,3,1182,591047,64
37,0,3,1183,591547,63
37,0,3,1184,592047,68
37,0,3,1185,592547,63
37,0,3,1186,593047,53
37,0,3,1187,593547,59
37,0,3,1188,594047,67
37,0,3,1189,594547,69
37,0,3,1190,595047,79
37,0,3,1191,595547,72
37,0,3,1192,596047,69
37,0,3,1193,596547,69
37,0,3,1194,597047,63
37,0,3,1195,597547,68
37,0,3,1196,598047,70
37,0,3,1197,598547,70
37,0,3,1198,599047,73
37,0,3,1199,599547,62
37,0,3,1200,600047,69
37,0,3,1201,600547,67
37,0,3,1202,601047,47
37,0,3,1203,601547,84
37,0,3,1204,602047,69
37,0,3,1205,602547,69
37,0,3,1206,603047,69
37,0,3,1207,603547,69
37,0,3,1208,604047,75
37,0,3,1209,604547,62
37,0,3,1210,605047,64
37,0,3,1211,605547,69
37,0,3,1212,606047,68
37,0,3,1213,606547,69
37,0,3,1214,607047,69
37,0,3,1215,607547,69
37,0,3,1216,608047,71
37,0,3,1217,608547,85
37,0,3,1218,609047,68
37,0,3,1219,609547,69
37,0,3,1220,610047,67
37,0,3,1221,610547,63
37,0,3,1222,611047,71
37,0,3,1223,611547,69
37,0,3,1224,612047,68
37,0,3,1225,612547,63
37,0,3,1226,613047,69
37,0,3,1227,613547,69
37,0,3,1228,614047,78
37,0,3,1229,614547,67
37,0,3,1230,615047,69
37,0,3,1231,615547,54
37,0,3,1232,616047,69
37,0,3,1233,616547,67
37,0,3,1234,617047,67
37,0,3,1235,617547,69
37,0,3,1236,618047,69
37,0,3,1237,618547,69
37,0,3,1238,619047,69
37,0,3,1239,619547,69
37,0,3,1240,620047,69
37,0,3,1241,620547,68
37,0,3,1242,621047,59
37,0,3,1243,621547,71
37,0,3,1244,622047,69
37,0,3,1245,622547,62
37,0,3,1246,623047,69
37,0,3,1247,623547,69
37,0,3,1248,624047,69
37,0,3,1249,624547,67
37,0,3,1250,625047,53
37,0,3,1251,625547,69
37,0,3,1252,626047,63
37,0,3,1253,626547,68
37,0,3,1254,627047,69
37,0,3,1255,627547,69
37,0,3,1256,628047,63
37,0,3,1257,628547,73
37,0,3,1258,629047,52
37,0,3,1259,629547,68
37,0,3,1260,630047,69
37,0,3,1261,630547,70
37,0,3,1262,631047,83
37,0,3,1263,631547,72
37,0,3,1264,632047,68
37,0,3,1265,632547,67
37,0,3,1266,633047,71
37,0,3,1267,633547,63
37,0,3,1268,634047,62
37,0,3,1269,634547,68
37,0,3,1270,635047,69
37,0,3,1271,635547,64
37,0,3,1272,636047,68
37,0,3,1273,636547,61
37,0,3,1274,637047,61
37,0,3,1275,637547,69
37,0,3,1276,638047,69
37,0,3,1277,638547,69
37,0,3,1278,639047,68
37,0,3,1279,639547,68
37,0,3,1280,640047,67
37,0,3,1281,640547,69
37,0,3,1282,641047,76
37,0,3,1283,641547,69
37,0,3,1284,642047,69
37,0,3,1285,642547,69
37,0,3,1286,643047,68
37,0,3,1287,643547,55
37,0,3,1288,644047,67
37,0,3,1289,644547,69
37,0,3,1290,645047,67
37,0,3,1291,645547,69
37,0,3,1292,646047,67
37,0,3,1293,646547,67
37,0,3,1294,647047,68
37,0,3,1295,647547,74
37,0,3,1296,648047,69
37,0,3,1297,648547,61
37,0,3,1298,649047,79
37,0,3,1299,649547,71
37,0,3,1300,650047,70
37,0,3,1301,650547,69
37,0,3,1302,651047,69
37,0,3,1303,651547,63
37,0,3,1304,652047,62
37,0,3,1305,652547,71
37,0,3,1306,653047,67
37,0,3,1307,653547,72
37,0,3,1308,654047,69
37,0,3,1309,654547,69
37,0,3,1310,655047,69
37,0,3,1311,655547,59
37,0,3,1312,656047,69
37,0,3,1313,656547,62
37,0,3,1314,657047,75
37,0,3,1315,657547,68
37,0,3,1316,658047,71
37,0,3,1317,658547,69
37,0,3,1318,659047,69
37,0,3,1319,659547,69
37,0,3,1320,660047,69
37,0,3,1321,660547,70
37,0,3,1322,661047,73
37,0,3,1323,661547,69
37,0,3,1324,662047,71
37,0,3,1325,662547,71
37,0,3,1326,663047,69
37,0,3,1327,663547,72
37,0,3,1328,664047,68
37,0,3,1329,664547,69
37,0,3,1330,665047,69
37,0,3,1331,665547,47
37,0,3,1332,666047,69
37,0,3,1333,666547,69
37,0,3,1334,667047,68
37,0,3,1335,667547,68
37,0,3,1336,668047,83
37,0,3,1337,668547,69
37,0,3,1338,669047,68
37,0,3,1339,669547,63
37,0,3,1340,670047,71
37,0,3,1341,670547,61
37,0,3,1342,671047,69
37,0,3,1343,671547,68
37,0,3,1344,672047,56
37,0,3,1345,672547,69
37,0,3,1346,673047,68
37,0,3,1347,673547,59
37,0,3,1348,674047,71
37,0,3,1349,674547,61
37,0,3,1350,675047,69
37,0,3,1351,675547,69
37,0,3,1352,676047,72
37,0,3,1353,676547,71
37,0,3,1354,677047,70
37,0,3,1355,677547,71
37,0,3,1356,678047,69
37,0,3,1357,678547,68
37,0,3,1358,679047,68
37,0,3,1359,679547,61
37,0,3,1360,680047,68
37,0,3,1361,680547,63
37,0,3,1362,681047,69
37,0,3,1363,681547,77
37,0,3,1364,682047,63
37,0,3,1365,682547,63
37,0,3,1366,683047,69
37,0,3,1367,683547,68
37,0,3,1368,684047,69
37,0,3,1369,684547,70
37,0,3,1370,685047,68
37,0,3,1371,685547,70
37,0,3,1372,686047,69
37,0,3,1373,686547,69
37,0,3,1374,687047,64
37,0,3,1375,687547,71
37,0,3,1376,688047,68
37,0,3,1377,688547,71
37,0,3,1378,689047,78
37,0,3,1379,689547,68
37,0,3,1380,690047,69
37,0,3,1381,690547,55
37,0,3,1382,691047,69
37,0,3,1383,691547,68
37,0,3,1384,692047,71
37,0,3,1385,692547,69
37,0,3,1386,693047,67
37,0,3,1387,693547,62
37,0,3,1388,694047,73
37,0,3,1389,694547,67
37,0,3,1390,695047,69
37,0,3,1391,695547,69
37,0,3,1392,696047,69
37,0,3,1393,696547,69
37,0,3,1394,697047,71
37,0,3,1395,697547,69
37,0,3,1396,698047,69
37,0,3,1397,698547,71
37,0,3,1398,699047,68
37,0,3,1399,699547,69
37,0,3,1400,700047,69
37,0,3,1401,700547,70
37,0,3,1402,701047,69
37,0,3,1403,701547,69
37,0,3,1404,702047,67
37,0,3,1405,702547,68
37,0,3,1406,703047,75
37,0,3,1407,703547,64
37,0,3,1408,704047,69
37,0,3,1409,704547,69
37,0,3,1410,705047,63
37,0,3,1411,705547,69
37,0,3,1412,706047,83
37,0,3,1413,706547,63
37,0,3,1414,707047,69
37,0,3,1415,707547,73
37,0,3,1416,708047,68
37,0,3,1417,708547,69
37,0,3,1418,709047,69
37,0,3,1419,709547,64
37,0,3,1420,710047,69
37,0,3,1421,710547,69
37,0,3,1422,711047,64
37,0,3,1423,711547,64
37,0,3,1424,712047,68
37,0,3,1425,712547,69
37,0,3,1426,713047,71
37,0,3,1427,713547,69
37,0,3,1428,714047,67
37,0,3,1429,714547,69
37,0,3,1430,715047,61
37,0,3,1431,715547,63
37,0,3,1432,716047,68
37,0,3,1433,716547,69
37,0,3,1434,717047,69
37,0,3,1435,717547,72
37,0,3,1436,718047,68
37,0,3,1437,718547,78
37,0,3,1438,719047,69
37,0,3,1439,719547,68
37,0,3,1440,720047,68
37,0,3,1441,720547,63
37,0,3,1442,721047,69
37,0,3,1443,721547,63
37,0,3,1444,722047,52
37,0,3,1445,722547,69
37,0,3,1446,723047,69
37,0,3,1447,723547,64
37,0,3,1448,724047,68
37,0,3,1449,724547,63
37,0,3,1450,725047,67
37,0,3,1451,725547,69
37,0,3,1452,726047,69
37,0,3,1453,726547,87
37,0,3,1454,727047,69
37,0,3,1455,727547,68
37,0,3,1456,728047,69
37,0,3,1457,728547,69
37,0,3,1458,729047,77
37,0,3,1459,729547,69
37,0,3,1460,730047,69
37,0,3,1461,730547,53
37,0,3,1462,731047,61
37,0,3,1463,731547,71
37,0,3,1464,732047,69
37,0,3,1465,732547,61
37,0,3,1466,733047,69
37,0,3,1467,733547,69
37,0,3,1468,734047,63
37,0,3,1469,734547,63
37,0,3,1470,735047,67
37,0,3,1471,735547,68
37,0,3,1472,736047,68
37,0,3,1473,736547,68
37,0,3,1474,737047,70
37,0,3,1475,737547,64
37,0,3,1476,738047,69
37,0,3,1477,738547,68
37,0,3,1478,739047,69
37,0,3,1479,739547,68
37,0,3,1480,740047,68
37,0,3,1481,740547,69
37,0,3,1482,741047,70
37,0,3,1483,741547,51
37,0,3,1484,742047,69
37,0,3,1485,742547,71
37,0,3,1486,743047,67
37,0,3,1487,743547,71
37,0,3,1488,744047,68
37,0,3,1489,744547,63
37,0,3,1490,745047,71
37,0,3,1491,745547,73
37,0,3,1492,746047,69
37,0,3,1493,746547,73
37,0,3,1494,747047,69
37,0,3,1495,747547,63
37,0,3,1496,748047,69
37,0,3,1497,748547,68
37,0,3,1498,749047,61
37,0,3,1499,749547,62
37,0,3,1500,750047,68
37,0,3,1501,750547,73
37,0,3,1502,751047,71
37,0,3,1503,751547,63
37,0,3,1504,752047,63
37,0,3,1505,752547,71
37,0,3,1506,753047,70
37,0,3,1507,753547,71
37,0,3,1508,754047,62
37,0,3,1509,754547,87
37,0,3,1510,755047,69
37,0,3,1511,755547,59
37,0,3,1512,756047,59
37,0,3,1513,756547,63
37,0,3,1514,757047,64
37,0,3,1515,757547,67
37,0,3,1516,758047,69
37,0,3,1517,758547,71
37,0,3,1518,759047,68
37,0,3,1519,759547,69
37,0,3,1520,760047,71
37,0,3,1521,760547,73
37,0,3,1522,761047,73
37,0,3,1523,761547,55
37,0,3,1524,762047,68
37,0,3,1525,762547,64
37,0,3,1526,763047,68
37,0,3,1527,763547,67
37,0,3,1528,764047,71
37,0,3,1529,764547,71
37,0,3,1530,765047,68
37,0,3,1531,765547,56
37,0,3,1532,766047,69
37,0,3,1533,766547,69
37,0,3,1534,767047,67
37,0,3,1535,767547,71
37,0,3,1536,768047,63
37,0,3,1537,768547,68
37,0,3,1538,769047,69
37,0,3,1539,769547,54
37,0,3,1540,770047,70
37,0,3,1541,770547,61
37,0,3,1542,771047,69
37,0,3,1543,771547,67
37,0,3,1544,772047,69
37,0,3,1545,772547,69
37,0,3,1546,773047,69
37,0,3,1547,773547,69
37,0,3,1548,774047,69
37,0,3,1549,774547,69
37,0,3,1550,775047,69
37,0,3,1551,775547,45
37,0,3,1552,776047,68
37,0,3,1553,776547,71
37,0,3,1554,777047,69
37,0,3,1555,777547,61
37,0,3,1556,778047,69
37,0,3,1557,778547,69
37,0,3,1558,779047,69
37,0,3,1559,779547,69
37,0,3,1560,780047,69
37,0,3,1561,780547,69
37,0,3,1562,781047,60
37,0,3,1563,781547,72
37,0,3,1564,782047,69
37,0,3,1565,782547,83
37,0,3,1566,783047,68
37,0,3,1567,783547,69
37,0,3,1568,784047,70
37,0,3,1569,784547,69
37,0,3,1570,785047,67
37,0,3,1571,785547,69
37,0,3,1572,786047,69
37,0,3,1573,786547,63
37,0,3,1574,787047,63
37,0,3,1575,787547,63
37,0,3,1576,788047,70
37,0,3,1577,788547,62
37,0,3,1578,789047,69
37,0,3,1579,789547,73
37,0,3,1580,790047,69
37,0,3,1581,790547,69
37,0,3,1582,791047,69
37,0,3,1583,791547,69
37,0,3,1584,792047,69
37,0,3,1585,792547,68
37,0,3,1586,793047,61
37,0,3,1587,793547,68
37,0,3,1588,794047,74
37,0,3,1589,794547,72
37,0,3,1590,795047,69
37,0,3,1591,795547,69
37,0,3,1592,796047,59
37,0,3,1593,796547,64
37,0,3,1594,797047,69
37,0,3,1595,797547,67
37,0,3,1596,798047,71
37,0,3,1597,798547,70
37,0,3,1598,799047,63
37,0,3,1599,799547,68
37,0,3,1600,800047,71
37,0,3,1601,800547,69
37,0,3,1602,801047,69
37,0,3,1603,801547,69
37,0,3,1604,802047,49
37,0,3,1605,802547,56
37,0,3,1606,803047,69
37,0,3,1607,803547,69
37,0,3,1608,804047,62
37,0,3,1609,804547,61
37,0,3,1610,805047,70
37,0,3,1611,805547,69
37,0,3,1612,806047,68
37,0,3,1613,806547,69
37,0,3,1614,807047,69
37,0,3,1615,807547,67
37,0,3,1616,808047,68
37,0,3,1617,808547,69
37,0,3,1618,809047,68
37,0,3,1619,809547,69
37,0,3,1620,810047,63
37,0,3,1621,810547,63
37,0,3,1622,811047,67
37,0,3,1623,811547,69
37,0,3,1624,812047,68
37,0,3,1625,812547,68
37,0,3,1626,813047,71
37,0,3,1627,813547,63
37,0,3,1628,814047,64
37,0,3,1629,814547,69
37,0,3,1630,815047,70
37,0,3,1631,815547,70
37,0,3,1632,816047,59
37,0,3,1633,816547,67
37,0,3,1634,817047,70
37,0,3,1635,817547,69
37,0,3,1636,818047,62
37,0,3,1637,818547,69
37,0,3,1638,819047,69
37,0,3,1639,819547,82
37,0,3,1640,820047,55
37,0,3,1641,820547,69
37,0,3,1642,821047,69
37,0,3,1643,821547,62
37,0,3,1644,822047,69
37,0,3,1645,822547,63
37,0,3,1646,823047,63
37,0,3,1647,823547,69
37,0,3,1648,824047,73
37,0,3,1649,824547,61
37,0,3,1650,825047,83
37,0,3,1651,825547,71
37,0,3,1652,826047,61
37,0,3,1653,826547,63
37,0,3,1654,827047,70
37,0,3,1655,827547,53
37,0,3,1656,828047,70
37,0,3,1657,828547,60
37,0,3,1658,829047,63
37,0,3,1659,829547,68
37,0,3,1660,830047,69
37,0,3,1661,830547,69
37,0,3,1662,831047,68
37,0,3,1663,831547,63
37,0,3,1664,832047,67
37,0,3,1665,832547,72
37,0,3,1666,833047,67
37,0,3,1667,833547,70
37,0,3,1668,834047,70
37,0,3,1669,834547,73
37,0,3,1670,835047,74
37,0,3,1671,835547,64
37,0,3,1672,836047,68
37,0,3,1673,836547,70
37,0,3,1674,837047,62
37,0,3,1675,837547,69
37,0,3,1676,838047,83
37,0,3,1677,838547,69
37,0,3,1678,839047,68
37,0,3,1679,839547,69
37,0,3,1680,840047,72
37,0,3,1681,840547,69
37,0,3,1682,841047,75
37,0,3,1683,841547,82
37,0,3,1684,842047,76
37,0,3,1685,842547,67
37,0,3,1686,843047,69
37,0,3,1687,843547,63
37,0,3,1688,844047,67
37,0,3,1689,844547,68
37,0,3,1690,845047,62
37,0,3,1691,845547,75
37,0,3,1692,846047,69
37,0,3,1693,846547,67
37,0,3,1694,847047,69
37,0,3,1695,847547,64
37,0,3,1696,848047,71
37,0,3,1697,848547,67
37,0,3,1698,849047,68
37,0,3,1699,849547,69
37,0,3,1700,850047,67
37,0,3,1701,850547,77
37,0,3,1702,851047,62
37,0,3,1703,851547,70
37,0,3,1704,852047,61
37,0,3,1705,852547,69
37,0,3,1706,853047,63
37,0,3,1707,853547,77
37,0,3,1708,854047,59
37,0,3,1709,854547,67
37,0,3,1710,855047,63
37,0,3,1711,855547,69
37,0,3,1712,856047,71
37,0,3,1713,856547,69
37,0,3,1714,857047,75
37,0,3,1715,857547,68
37,0,3,1716,858047,72
37,0,3,1717,858547,69
37,0,3,1718,859047,68
37,0,3,1719,859547,63
37,0,3,1720,860047,63
37,0,3,1721,860547,73
37,0,3,1722,861047,71
37,0,3,1723,861547,74
37,0,3,1724,862047,67
37,0,3,1725,862547,69
37,0,3,1726,863047,69
37,0,3,1727,863547,69
37,0,3,1728,864047,69
37,0,3,1729,864547,63
37,0,3,1730,865047,73
37,0,3,1731,865547,69
37,0,3,1732,866047,61
37,0,3,1733,866547,59
37,0,3,1734,867047,68
37,0,3,1735,867547,69
37,0,3,1736,868047,69
37,0,3,1737,868547,68
37,0,3,1738,869047,69
37,0,3,1739,869547,71
37,0,3,1740,870047,69
37,0,3,1741,870547,61
37,0,3,1742,871047,69
37,0,3,1743,871547,70
37,0,3,1744,872047,63
37,0,3,1745,872547,59
37,0,3,1746,873047,68
37,0,3,1747,873547,69
37,0,3,1748,874047,61
37,0,3,1749,874547,69
37,0,3,1750,875047,70
37,0,3,1751,875547,55
37,0,3,1752,876047,51
37,0,3,1753,876547,71
37,0,3,1754,877047,67
37,0,3,1755,877547,69
37,0,3,1756,878047,67
37,0,3,1757,878547,68
37,0,3,1758,879047,76
37,0,3,1759,879547,69
37,0,3,1760,880047,53
37,0,3,1761,880547,68
37,0,3,1762,881047,63
37,0,3,1763,881547,53
37,0,3,1764,882047,69
37,0,3,1765,882547,69
37,0,3,1766,883047,70
37,0,3,1767,883547,69
37,0,3,1768,884047,61
37,0,3,1769,884547,70
37,0,3,1770,885047,61
37,0,3,1771,885547,71
37,0,3,1772,886047,67
37,0,3,1773,886547,69
37,0,3,1774,887047,68
37,0,3,1775,887547,69
37,0,3,1776,888047,68
37,0,3,1777,888547,69
37,0,3,1778,889047,63
37,0,3,1779,889547,69
37,0,3,1780,890047,56
37,0,3,1781,890547,67
37,0,3,1782,891047,69
37,0,3,1783,891547,68
37,0,3,1784,892047,74
37,0,3,1785,892547,69
37,0,3,1786,893047,69
37,0,3,1787,893547,68
37,0,3,1788,894047,69
37,0,3,1789,894547,59
37,0,3,1790,895047,61
37,0,3,1791,895547,69
37,0,3,1792,896047,73
37,0,3,1793,896547,69
37,0,3,1794,897047,63
37,0,3,1795,897547,69
37,0,3,1796,898047,62
37,0,3,1797,898547,70
37,0,3,1798,899047,67
37,0,3,1799,899547,69
37,0,3,1800,900047,69
37,0,3,1801,900547,69
37,0,3,1802,901047,63
37,0,3,1803,901547,69
37,0,3,1804,902047,69
37,0,3,1805,902547,63
37,0,3,1806,903047,61
37,0,3,1807,903547,69
37,0,3,1808,904047,69
37,0,3,1809,904547,69
37,0,3,1810,905047,75
37,0,3,1811,905547,46
37,0,3,1812,906047,69
37,0,3,1813,906547,67
37,0,3,1814,907047,69
37,0,3,1815,907547,62
37,0,3,1816,908047,69
37,0,3,1817,908547,78
37,0,3,1818,909047,68
37,0,3,1819,909547,69
37,0,3,1820,910047,69
37,0,3,1821,910547,61
37,0,3,1822,911047,71
37,0,3,1823,911547,69
37,0,3,1824,912047,70
37,0,3,1825,912547,69
37,0,3,1826,913047,69
37,0,3,1827,913547,68
37,0,3,1828,914047,67
37,0,3,1829,914547,69
37,0,3,1830,915047,69
37,0,3,1831,915547,69
37,0,3,1832,916047,62
37,0,3,1833,916547,67
37,0,3,1834,917047,69
37,0,3,1835,917547,61
37,0,3,1836,918047,68
37,0,3,1837,918547,69
37,0,3,1838,919047,67
37,0,3,1839,919547,47
37,0,3,1840,920047,70
37,0,3,1841,920547,61
37,0,3,1842,921047,76
37,0,3,1843,921547,70
37,0,3,1844,922047,69
37,0,3,1845,922547,69
37,0,3,1846,923047,69
37,0,3,1847,923547,69
37,0,3,1848,924047,68
37,0,3,1849,924547,69
37,0,3,1850,925047,68
37,0,3,1851,925547,57
37,0,3,1852,926047,61
37,0,3,1853,926547,69
37,0,3,1854,927047,70
37,0,3,1855,927547,69
37,0,3,1856,928047,69
37,0,3,1857,928547,69
37,0,3,1858,929047,68
37,0,3,1859,929547,70
37,0,3,1860,930047,67
37,0,3,1861,930547,63
37,0,3,1862,931047,67
37,0,3,1863,931547,67
37,0,3,1864,932047,63
37,0,3,1865,932547,69
37,0,3,1866,933047,63
37,0,3,1867,933547,69
37,0,3,1868,934047,69
37,0,3,1869,934547,72
37,0,3,1870,935047,63
37,0,3,1871,935547,71
37,0,3,1872,936047,70
37,0,3,1873,936547,69
37,0,3,1874,937047,69
37,0,3,1875,937547,69
37,0,3,1876,938047,75
37,0,3,1877,938547,61
37,0,3,1878,939047,69
37,0,3,1879,939547,69
37,0,3,1880,940047,69
37,0,3,1881,940547,67
37,0,3,1882,941047,69
37,0,3,1883,941547,68
37,0,3,1884,942047,71
37,0,3,1885,942547,68
37,0,3,1886,943047,69
37,0,3,1887,943547,69
37,0,3,1888,944047,61
37,0,3,1889,944547,72
37,0,3,1890,945047,62
37,0,3,1891,945547,62
37,0,3,1892,946047,68
37,0,3,1893,946547,69
37,0,3,1894,947047,59
37,0,3,1895,947547,71
37,0,3,1896,948047,73
37,0,3,1897,948547,69
37,0,3,1898,949047,72
37,0,3,1899,949547,68
37,0,3,1900,950047,64
37,0,3,1901,950547,69
37,0,3,1902,951047,63
37,0,3,1903,951547,69
37,0,3,1904,952047,68
37,0,3,1905,952547,69
37,0,3,1906,953047,63
37,0,3,1907,953547,69
37,0,3,1908,954047,73
37,0,3,1909,954547,67
37,0,3,1910,955047,68
37,0,3,1911,955547,69
37,0,3,1912,956047,69
37,0,3,1913,956547,69
37,0,3,1914,957047,73
37,0,3,1915,957547,55
37,0,3,1916,958047,67
37,0,3,1917,958547,69
37,0,3,1918,959047,61
37,0,3,1919,959547,61
37,0,3,1920,960047,67
37,0,3,1921,960547,83
37,0,3,1922,961047,69
37,0,3,1923,961547,69
37,0,3,1924,962047,69
37,0,3,1925,962547,67
37,0,3,1926,963047,69
37,0,3,1927,963547,71
37,0,3,1928,964047,71
37,0,3,1929,964547,69
37,0,3,1930,965047,69
37,0,3,1931,965547,67
37,0,3,1932,966047,69
37,0,3,1933,966547,69
37,0,3,1934,967047,58
37,0,3,1935,967547,70
37,0,3,1936,968047,68
37,0,3,1937,968547,67
37,0,3,1938,969047,69
37,0,3,1939,969547,69
37,0,3,1940,970047,63
37,0,3,1941,970547,63
37,0,3,1942,971047,69
37,0,3,1943,971547,61
37,0,3,1944,972047,72
37,0,3,1945,972547,69
37,0,3,1946,973047,69
37,0,3,1947,973547,69
37,0,3,1948,974047,69
37,0,3,1949,974547,63
37,0,3,1950,975047,69
37,0,3,1951,975547,68
37,0,3,1952,976047,67
37,0,3,1953,976547,71
37,0,3,1954,977047,68
37,0,3,1955,977547,70
37,0,3,1956,978047,60
37,0,3,1957,978547,63
37,0,3,1958,979047,69
37,0,3,1959,979547,62
37,0,3,1960,980047,67
37,0,3,1961,980547,69
37,0,3,1962,981047,69
37,0,3,1963,981547,69
37,0,3,1964,982047,62
37,0,3,1965,982547,70
37,0,3,1966,983047,71
37,0,3,1967,983547,53
37,0,3,1968,984047,63
37,0,3,1969,984547,61
37,0,3,1970,985047,61
37,0,3,1971,985547,72
37,0,3,1972,986047,63
37,0,3,1973,986547,68
37,0,3,1974,987047,69
37,0,3,1975,987547,70
37,0,3,1976,988047,59
37,0,3,1977,988547,69
37,0,3,1978,989047,63
37,0,3,1979,989547,68
37,0,3,1980,990047,68
37,0,3,1981,990547,69
37,0,3,1982,991047,67
37,0,3,1983,991547,69
37,0,3,1984,992047,68
37,0,3,1985,992547,68
37,0,3,1986,993047,61
37,0,3,1987,993547,69
37,0,3,1988,994047,69
37,0,3,1989,994547,68
37,0,3,1990,995047,69
37,0,3,1991,995547,68
37,0,3,1992,996047,68
37,0,3,1993,996547,69
37,0,3,1994,997047,71
37,0,3,1995,997547,69
37,0,3,1996,998047,69
37,0,3,1997,998547,67
37,0,3,1998,999047,69
37,0,3,1999,999547,61
37,0,4,0,48,71
37,0,4,1,547,62
37,0,4,2,1047,68
37,0,4,3,1547,67
37,0,4,4,2047,68
37,0,4,5,2547,61
37,0,4,6,3047,67
37,0,4,7,3547,73
37,0,4,8,4047,69
37,0,4,9,4547,61
37,0,4,10,5047,81
37,0,4,11,5547,69
37,0,4,12,6047,71
37,0,4,13,6547,67
37,0,4,14,7047,68
37,0,4,15,7547,70
37,0,4,16,8047,63
37,0,4,17,8547,67
37,0,4,18,9047,68
37,0,4,19,9547,69
37,0,4,20,10047,67
37,0,4,21,10547,68
37,0,4,22,11047,67
37,0,4,23,11547,69
37,0,4,24,12047,67
37,0,4,25,12547,75
37,0,4,26,13047,63
37,0,4,27,13547,62
37,0,4,28,14047,82
37,0,4,29,14547,63
37,0,4,30,15047,68
37,0,4,31,15547,67
37,0,4,32,16047,61
37,0,4,33,16547,63
37,0,4,34,17047,69
37,0,4,35,17547,71
37,0,4,36,18047,73
37,0,4,37,18547,70
37,0,4,38,19047,63
37,0,4,39,19547,67
37,0,4,40,20047,69
37,0,4,41,20547,63
37,0,4,42,21047,63
37,0,4,43,21547,70
37,0,4,44,22047,70
37,0,4,45,22547,72
37,0,4,46,23047,69
37,0,4,47,23547,68
37,0,4,48,24047,67
37,0,4,49,24547,52
37,0,4,50,25047,69
37,0,4,51,25547,68
37,0,4,52,26047,69
37,0,4,53,26547,67
37,0,4,54,27047,70
37,0,4,55,27547,69
37,0,4,56,28047,69
37,0,4,57,28547,62
37,0,4,58,29047,59
37,0,4,59,29547,67
37,0,4,60,30047,69
37,0,4,61,30547,63
37,0,4,62,31047,68
37,0,4,63,31547,71
37,0,4,64,32047,75
37,0,4,65,32547,57
37,0,4,66,33047,63
37,0,4,67,33547,73
37,0,4,68,34047,67
37,0,4,69,34547,63
37,0,4,70,35047,63
37,0,4,71,35547,68
37,0,4,72,36047,67
37,0,4,73,36547,55
37,0,4,74,37047,68
37,0,4,75,37547,69
37,0,4,76,38047,67
37,0,4,77,38547,68
37,0,4,78,39047,63
37,0,4,79,39547,69
37,0,4,80,40047,76
37,0,4,81,40547,64
37,0,4,82,41047,69
37,0,4,83,41547,69
37,0,4,84,42047,69
37,0,4,85,42547,69
37,0,4,86,43047,67
37,0,4,87,43547,59
37,0,4,88,44047,69
37,0,4,89,44547,63
37,0,4,90,45047,67
37,0,4,91,45547,67
37,0,4,92,46047,63
37,0,4,93,46547,47
37,0,4,94,47047,67
37,0,4,95,47547,68
37,0,4,96,48047,67
37,0,4,97,48547,71
37,0,4,98,49047,69
37,0,4,99,49547,62
37,0,4,100,50047,68
37,0,4,101,50547,63
37,0,4,102,51047,69
37,0,4,103,51547,69
37,0,4,104,52047,72
37,0,4,105,52547,68
37,0,4,106,53047,69
37,0,4,107,53547,63
37,0,4,108,54047,69
37,0,4,109,54547,63
37,0,4,110,55047,67
37,0,4,111,55547,67
37,0,4,112,56047,68
37,0,4,113,56547,61
37,0,4,114,57047,68
37,0,4,115,57547,63
37,0,4,116,58047,68
37,0,4,117,58547,68
37,0,4,118,59047,69
37,0,4,119,59547,69
37,0,4,120,60047,69
37,0,4,121,60547,61
37,0,4,122,61047,70
37,0,4,123,61547,68
37,0,4,124,62047,69
37,0,4,125,62547,67
37,0,4,126,63047,69
37,0,4,127,63547,63
37,0,4,128,64047,70
37,0,4,129,64547,69
37,0,4,130,65047,68
37,0,4,131,65547,67
37,0,4,132,66047,69
37,0,4,133,66547,69
37,0,4,134,67047,70
37,0,4,135,67547,68
37,0,4,136,68047,52
37,0,4,137,68547,71
37,0,4,138,69047,69
37,0,4,139,69547,70
37,0,4,140,70047,63
37,0,4,141,70547,69
37,0,4,142,71047,61
37,0,4,143,71547,67
37,0,4,144,72047,63
37,0,4,145,72547,68
37,0,4,146,73047,68
37,0,4,147,73547,67
37,0,4,148,74047,67
37,0,4,149,74547,69
37,0,4,150,75047,68
37,0,4,151,75547,57
37,0,4,152,76047,59
37,0,4,153,76547,69
37,0,4,154,77047,69
37,0,4,155,77547,71
37,0,4,156,78047,63
37,0,4,157,78547,67
37,0,4,158,79047,68
37,0,4,159,79547,69
37,0,4,160,80047,68
37,0,4,161,80547,70
37,0,4,162,81047,69
37,0,4,163,81547,62
37,0,4,164,82047,68
37,0,4,165,82547,69
37,0,4,166,83047,67
37,0,4,167,83547,68
37,0,4,168,84047,71
37,0,4,169,84547,63
37,0,4,170,85047,69
37,0,4,171,85547,69
37,0,4,172,86047,69
37,0,4,173,86547,68
37,0,4,174,87047,67
37,0,4,175,87547,63
37,0,4,176,88047,69
37,0,4,177,88547,63
37,0,4,178,89047,59
37,0,4,179,89547,61
37,0,4,180,90047,69
37,0,4,181,90547,68
37,0,4,182,91047,71
37,0,4,183,91547,63
37,0,4,184,92047,72
37,0,4,185,92547,62
37,0,4,186,93047,69
37,0,4,187,93547,71
37,0,4,188,94047,68
37,0,4,189,94547,68
37,0,4,190,95047,69
37,0,4,191,95547,69
37,0,4,192,96047,69
37,0,4,193,96547,71
37,0,4,194,97047,69
37,0,4,195,97547,71
37,0,4,196,98047,69
37,0,4,197,98547,59
37,0,4,198,99047,62
37,0,4,199,99547,64
37,0,4,200,100047,69
37,0,4,201,100547,61
37,0,4,202,101047,70
37,0,4,203,101547,63
37,0,4,204,102047,79
37,0,4,205,102547,70
37,0,4,206,103047,68
37,0,4,207,103547,83
37,0,4,208,104047,69
37,0,4,209,104547,67
37,0,4,210,105047,69
37,0,4,211,105547,54
37,0,4,212,106047,69
37,0,4,213,106547,68
37,0,4,214,107047,71
37,0,4,215,107547,68
37,0,4,216,108047,59
37,0,4,217,108547,68
37,0,4,218,109047,61
37,0,4,219,109547,69
37,0,4,220,110047,69
37,0,4,221,110547,69
37,0,4,222,111047,69
37,0,4,223,111547,69
37,0,4,224,112047,63
37,0,4,225,112547,71
37,0,4,226,113047,71
37,0,4,227,113547,67
37,0,4,228,114047,58
37,0,4,229,114547,69
37,0,4,230,115047,63
37,0,4,231,115547,69
37,0,4,232,116047,61
37,0,4,233,116547,71
37,0,4,234,117047,68
37,0,4,235,117547,69
37,0,4,236,118047,77
37,0,4,237,118547,77
37,0,4,238,119047,68
37,0,4,239,119547,68
37,0,4,240,120047,82
37,0,4,241,120547,69
37,0,4,242,121047,69
37,0,4,243,121547,67
37,0,4,244,122047,69
37,0,4,245,122547,64
37,0,4,246,123047,69
37,0,4,247,123547,68
37,0,4,248,124047,68
37,0,4,249,124547,70
37,0,4,250,125047,69
37,0,4,251,125547,69
37,0,4,252,126047,69
37,0,4,253,126547,69
37,0,4,254,127047,51
37,0,4,255,127547,68
37,0,4,256,128047,69
37,0,4,257,128547,68
37,0,4,258,129047,68
37,0,4,259,129547,73
37,0,4,260,130047,69
37,0,4,261,130547,69
37,0,4,262,131047,69
37,0,4,263,131547,68
37,0,4,264,132047,57
37,0,4,265,132547,68
37,0,4,266,133047,63
37,0,4,267,133547,68
37,0,4,268,134047,69
37,0,4,269,134547,69
37,0,4,270,135047,69
37,0,4,271,135547,71
37,0,4,272,136047,69
37,0,4,273,136547,69
37,0,4,274,137047,69
37,0,4,275,137547,69
37,0,4,276,138047,68
37,0,4,277,138547,69
37,0,4,278,139047,68
37,0,4,279,139547,67
37,0,4,280,140047,67
37,0,4,281,140547,69
37,0,4,282,141047,68
37,0,4,283,141547,68
37,0,4,284,142047,69
37,0,4,285,142547,69
37,0,4,286,143047,61
37,0,4,287,143547,67
37,0,4,288,144047,53
37,0,4,289,144547,71
37,0,4,290,145047,69
37,0,4,291,145547,71
37,0,4,292,146047,68
37,0,4,293,146547,69
37,0,4,294,147047,69
37,0,4,295,147547,73
37,0,4,296,148047,75
37,0,4,297,148547,68
37,0,4,298,149047,69
37,0,4,299,149547,58
37,0,4,300,150047,67
37,0,4,301,150547,67
37,0,4,302,151047,62
37,0,4,303,151547,68
37,0,4,304,152047,68
37,0,4,305,152547,68
37,0,4,306,153047,68
37,0,4,307,153547,69
37,0,4,308,154047,83
37,0,4,309,154547,60
37,0,4,310,155047,64
37,0,4,311,155547,68
37,0,4,312,156047,69
37,0,4,313,156547,67
37,0,4,314,157047,70
37,0,4,315,157547,69
37,0,4,316,158047,61
37,0,4,317,158547,69
37,0,4,318,159047,57
37,0,4,319,159547,63
37,0,4,320,160047,69
37,0,4,321,160547,69
37,0,4,322,161047,69
37,0,4,323,161547,67
37,0,4,324,162047,69
37,0,4,325,162547,68
37,0,4,326,163047,68
37,0,4,327,163547,68
37,0,4,328,164047,63
37,0,4,329,164547,73
37,0,4,330,165047,69
37,0,4,331,165547,69
37,0,4,332,166047,83
37,0,4,333,166547,68
37,0,4,334,167047,64
37,0,4,335,167547,69
37,0,4,336,168047,69
37,0,4,337,168547,68
37,0,4,338,169047,71
37,0,4,339,169547,68
37,0,4,340,170047,84
37,0,4,341,170547,69
37,0,4,342,171047,69
37,0,4,343,171547,73
37,0,4,344,172047,69
37,0,4,345,172547,69
37,0,4,346,173047,71
37,0,4,347,173547,69
37,0,4,348,174047,69
37,0,4,349,174547,68
37,0,4,350,175047,68
37,0,4,351,175547,69
37,0,4,352,176047,81
37,0,4,353,176547,68
37,0,4,354,177047,68
37,0,4,355,177547,69
37,0,4,356,178047,69
37,0,4,357,178547,69
37,0,4,358,179047,67
37,0,4,359,179547,69
37,0,4,360,180047,59
37,0,4,361,180547,67
37,0,4,362,181047,73
37,0,4,363,181547,47
37,0,4,364,182047,71
37,0,4,365,182547,69
37,0,4,366,183047,77
37,0,4,367,183547,69
37,0,4,368,184047,69
37,0,4,369,184547,67
37,0,4,370,185047,71
37,0,4,371,185547,61
37,0,4,372,186047,69
37,0,4,373,186547,68
37,0,4,374,187047,83
37,0,4,375,187547,69
37,0,4,376,188047,68
37,0,4,377,188547,69
37,0,4,378,189047,71
37,0,4,379,189547,69
37,0,4,380,190047,69
37,0,4,381,190547,68
37,0,4,382,191047,54
37,0,4,383,191547,69
37,0,4,384,192047,67
37,0,4,385,192547,68
37,0,4,386,193047,67
37,0,4,387,193547,69
37,0,4,388,194047,69
37,0,4,389,194547,68
37,0,4,390,195047,69
37,0,4,391,195547,68
37,0,4,392,196047,69
37,0,4,393,196547,68
37,0,4,394,197047,64
37,0,4,395,197547,67
37,0,4,396,198047,69
37,0,4,397,198547,69
37,0,4,398,199047,69
37,0,4,399,199547,68
37,0,4,400,200047,69
37,0,4,401,200547,69
37,0,4,402,201047,69
37,0,4,403,201547,69
37,0,4,404,202047,55
37,0,4,405,202547,63
37,0,4,406,203047,69
37,0,4,407,203547,69
37,0,4,408,204047,74
37,0,4,409,204547,64
37,0,4,410,205047,63
37,0,4,411,205547,69
37,0,4,412,206047,53
37,0,4,413,206547,69
37,0,4,414,207047,69
37,0,4,415,207547,69
37,0,4,416,208047,61
37,0,4,417,208547,69
37,0,4,418,209047,61
37,0,4,419,209547,69
37,0,4,420,210047,63
37,0,4,421,210547,69
37,0,4,422,211047,70
37,0,4,423,211547,68
37,0,4,424,212047,69
37,0,4,425,212547,69
37,0,4,426,213047,69
37,0,4,427,213547,71
37,0,4,428,214047,68
37,0,4,429,214547,67
37,0,4,430,215047,68
37,0,4,431,215547,61
37,0,4,432,216047,69
37,0,4,433,216547,68
37,0,4,434,217047,67
37,0,4,435,217547,63
37,0,4,436,218047,61
37,0,4,437,218547,70
37,0,4,438,219047,69
37,0,4,439,219547,57
37,0,4,440,220047,68
37,0,4,441,220547,64
37,0,4,442,221047,61
37,0,4,443,221547,64
37,0,4,444,222047,63
37,0,4,445,222547,68
37,0,4,446,223047,63
37,0,4,447,223547,68
37,0,4,448,224047,63
37,0,4,449,224547,69
37,0,4,450,225047,69
37,0,4,451,225547,69
37,0,4,452,226047,62
37,0,4,453,226547,69
37,0,4,454,227047,63
37,0,4,455,227547,68
37,0,4,456,228047,67
37,0,4,457,228547,60
37,0,4,458,229047,69
37,0,4,459,229547,52
37,0,4,460,230047,69
37,0,4,461,230547,69
37,0,4,462,231047,67
37,0,4,463,231547,59
37,0,4,464,232047,63
37,0,4,465,232547,59
37,0,4,466,233047,76
37,0,4,467,233547,69
37,0,4,468,234047,69
37,0,4,469,234547,68
37,0,4,470,235047,67
37,0,4,471,235547,69
37,0,4,472,236047,68
37,0,4,473,236547,68
37,0,4,474,237047,83
37,0,4,475,237547,71
37,0,4,476,238047,73
37,0,4,477,238547,68
37,0,4,478,239047,71
37,0,4,479,239547,69
37,0,4,480,240047,67
37,0,4,481,240547,69
37,0,4,482,241047,70
37,0,4,483,241547,68
37,0,4,484,242047,60
37,0,4,485,242547,69
37,0,4,486,243047,69
37,0,4,487,243547,69
37,0,4,488,244047,69
37,0,4,489,244547,72
37,0,4,490,245047,57
37,0,4,491,245547,71
37,0,4,492,246047,69
37,0,4,493,246547,69
37,0,4,494,247047,61
37,0,4,495,247547,69
37,0,4,496,248047,69
37,0,4,497,248547,60
37,0,4,498,249047,68
37,0,4,499,249547,61
37,0,4,500,250047,68
37,0,4,501,250547,61
37,0,4,502,251047,69
37,0,4,503,251547,62
37,0,4,504,252047,54
37,0,4,505,252547,67
37,0,4,506,253047,71
37,0,4,507,253547,67
37,0,4,508,254047,69
37,0,4,509,254547,69
37,0,4,510,255047,69
37,0,4,511,255547,69
37,0,4,512,256047,68
37,0,4,513,256547,82
37,0,4,514,257047,69
37,0,4,515,257547,69
37,0,4,516,258047,68
37,0,4,517,258547,68
37,0,4,518,259047,61
37,0,4,519,259547,72
37,0,4,520,260047,68
37,0,4,521,260547,63
37,0,4,522,261047,67
37,0,4,523,261547,70
37,0,4,524,262047,71
37,0,4,525,262547,69
37,0,4,526,263047,69
37,0,4,527,263547,69
37,0,4,528,264047,69
37,0,4,529,264547,63
37,0,4,530,265047,62
37,0,4,531,265547,69
37,0,4,532,266047,79
37,0,4,533,266547,69
37,0,4,534,267047,69
37,0,4,535,267547,71
37,0,4,536,268047,69
37,0,4,537,268547,68
37,0,4,538,269047,69
37,0,4,539,269547,68
37,0,4,540,270047,71
37,0,4,541,270547,79
37,0,4,542,271047,68
37,0,4,543,271547,63
37,0,4,544,272047,69
37,0,4,545,272547,70
37,0,4,546,273047,63
37,0,4,547,273547,59
37,0,4,548,274047,51
37,0,4,549,274547,69
37,0,4,550,275047,69
37,0,4,551,275547,68
37,0,4,552,276047,63
37,0,4,553,276547,69
37,0,4,554,277047,59
37,0,4,555,277547,69
37,0,4,556,278047,67
37,0,4,557,278547,82
37,0,4,558,279047,69
37,0,4,559,279547,69
37,0,4,560,280047,69
37,0,4,561,280547,68
37,0,4,562,281047,67
37,0,4,563,281547,57
37,0,4,564,282047,68
37,0,4,565,282547,67
37,0,4,566,283047,69
37,0,4,567,283547,69
37,0,4,568,284047,74
37,0,4,569,284547,68
37,0,4,570,285047,69
37,0,4,571,285547,70
37,0,4,572,286047,77
37,0,4,573,286547,69
37,0,4,574,287047,68
37,0,4,575,287547,68
37,0,4,576,288047,70
37,0,4,577,288547,69
37,0,4,578,289047,69
37,0,4,579,289547,63
37,0,4,580,290047,68
37,0,4,581,290547,69
37,0,4,582,291047,69
37,0,4,583,291547,63
37,0,4,584,292047,71
37,0,4,585,292547,68
37,0,4,586,293047,63
37,0,4,587,293547,67
37,0,4,588,294047,71
37,0,4,589,294547,69
37,0,4,590,295047,69
37,0,4,591,295547,69
37,0,4,592,296047,67
37,0,4,593,296547,69
37,0,4,594,297047,72
37,0,4,595,297547,68
37,0,4,596,298047,69
37,0,4,597,298547,67
37,0,4,598,299047,69
37,0,4,599,299547,69
37,0,4,600,300047,58
37,0,4,601,300547,69
37,0,4,602,301047,64
37,0,4,603,301547,69
37,0,4,604,302047,69
37,0,4,605,302547,68
37,0,4,606,303047,64
37,0,4,607,303547,64
37,0,4,608,304047,62
37,0,4,609,304547,69
37,0,4,610,305047,69
37,0,4,611,305547,59
37,0,4,612,306047,68
37,0,4,613,306547,67
37,0,4,614,307047,69
37,0,4,615,307547,67
37,0,4,616,308047,63
37,0,4,617,308547,63
37,0,4,618,309047,69
37,0,4,619,309547,67
37,0,4,620,310047,67
37,0,4,621,310547,70
37,0,4,622,311047,68
37,0,4,623,311547,63
37,0,4,624,312047,69
37,0,4,625,312547,69
37,0,4,626,313047,69
37,0,4,627,313547,68
37,0,4,628,314047,83
37,0,4,629,314547,72
37,0,4,630,315047,87
37,0,4,631,315547,64
37,0,4,632,316047,73
37,0,4,633,316547,68
37,0,4,634,317047,69
37,0,4,635,317547,68
37,0,4,636,318047,61
37,0,4,637,318547,69
37,0,4,638,319047,62
37,0,4,639,319547,67
37,0,4,640,320047,63
37,0,4,641,320547,67
37,0,4,642,321047,59
37,0,4,643,321547,83
37,0,4,644,322047,69
37,0,4,645,322547,69
37,0,4,646,323047,63
37,0,4,647,323547,69
37,0,4,648,324047,69
37,0,4,649,324547,69
37,0,4,650,325047,69
37,0,4,651,325547,61
37,0,4,652,326047,71
37,0,4,653,326547,69
37,0,4,654,327047,69
37,0,4,655,327547,69
37,0,4,656,328047,69
37,0,4,657,328547,68
37,0,4,658,329047,68
37,0,4,659,329547,69
37,0,4,660,330047,69
37,0,4,661,330547,69
37,0,4,662,331047,56
37,0,4,663,331547,69
37,0,4,664,332047,67
37,0,4,665,332547,71
37,0,4,666,333047,68
37,0,4,667,333547,67
37,0,4,668,334047,67
37,0,4,669,334547,68
37,0,4,670,335047,64
37,0,4,671,335547,59
37,0,4,672,336047,54
37,0,4,673,336547,69
37,0,4,674,337047,67
37,0,4,675,337547,69
37,0,4,676,338047,61
37,0,4,677,338547,71
37,0,4,678,339047,51
37,0,4,679,339547,69
37,0,4,680,340047,68
37,0,4,681,340547,64
37,0,4,682,341047,68
37,0,4,683,341547,67
37,0,4,684,342047,69
37,0,4,685,342547,69
37,0,4,686,343047,72
37,0,4,687,343547,67
37,0,4,688,344047,63
37,0,4,689,344547,67
37,0,4,690,345047,69
37,0,4,691,345547,70
37,0,4,692,346047,61
37,0,4,693,346547,59
37,0,4,694,347047,67
37,0,4,695,347547,68
37,0,4,696,348047,69
37,0,4,697,348547,69
37,0,4,698,349047,69
37,0,4,699,349547,69
37,0,4,700,350047,68
37,0,4,701,350547,67
37,0,4,702,351047,69
37,0,4,703,351547,71
37,0,4,704,352047,72
37,0,4,705,352547,75
37,0,4,706,353047,69
37,0,4,707,353547,69
37,0,4,708,354047,69
37,0,4,709,354547,67
37,0,4,710,355047,69
37,0,4,711,355547,68
37,0,4,712,356047,68
37,0,4,713,356547,67
37,0,4,714,357047,69
37,0,4,715,357547,67
37,0,4,716,358047,75
37,0,4,717,358547,63
37,0,4,718,359047,69
37,0,4,719,359547,69
37,0,4,720,360047,69
37,0,4,721,360547,67
37,0,4,722,361047,67
37,0,4,723,361547,68
37,0,4,724,362047,67
37,0,4,725,362547,69
37,0,4,726,363047,69
37,0,4,727,363547,68
37,0,4,728,364047,69
37,0,4,729,364547,67
37,0,4,730,365047,69
37,0,4,731,365547,47
37,0,4,732,366047,64
37,0,4,733,366547,77
37,0,4,734,367047,61
37,0,4,735,367547,84
37,0,4,736,368047,69
37,0,4,737,368547,69
37,0,4,738,369047,68
37,0,4,739,369547,69
37,0,4,740,370047,69
37,0,4,741,370547,67
37,0,4,742,371047,68
37,0,4,743,371547,69
37,0,4,744,372047,69
37,0,4,745,372547,69
37,0,4,746,373047,68
37,0,4,747,373547,68
37,0,4,748,374047,63
37,0,4,749,374547,61
37,0,4,750,375047,85
37,0,4,751,375547,67
37,0,4,752,376047,69
37,0,4,753,376547,68
37,0,4,754,377047,69
37,0,4,755,377547,60
37,0,4,756,378047,69
37,0,4,757,378547,69
37,0,4,758,379047,68
37,0,4,759,379547,68
37,0,4,760,380047,61
37,0,4,761,380547,63
37,0,4,762,381047,63
37,0,4,763,381547,71
37,0,4,764,382047,68
37,0,4,765,382547,63
37,0,4,766,383047,61
37,0,4,767,383547,67
37,0,4,768,384047,68
37,0,4,769,384547,76
37,0,4,770,385047,69
37,0,4,771,385547,69
37,0,4,772,386047,71
37,0,4,773,386547,68
37,0,4,774,387047,59
37,0,4,775,387547,69
37,0,4,776,388047,68
37,0,4,777,388547,68
37,0,4,778,389047,68
37,0,4,779,389547,67
37,0,4,780,390047,69
37,0,4,781,390547,68
37,0,4,782,391047,69
37,0,4,783,391547,67
37,0,4,784,392047,69
37,0,4,785,392547,69
37,0,4,786,393047,69
37,0,4,787,393547,64
37,0,4,788,394047,68
37,0,4,789,394547,68
37,0,4,790,395047,83
37,0,4,791,395547,69
37,0,4,792,396047,69
37,0,4,793,396547,71
37,0,4,794,397047,75
37,0,4,795,397547,67
37,0,4,796,398047,59
37,0,4,797,398547,61
37,0,4,798,399047,61
37,0,4,799,399547,63
37,0,4,800,400047,67
37,0,4,801,400547,69
37,0,4,802,401047,70
37,0,4,803,401547,68
37,0,4,804,402047,68
37,0,4,805,402547,69
37,0,4,806,403047,69
37,0,4,807,403547,68
37,0,4,808,404047,68
37,0,4,809,404547,69
37,0,4,810,405047,68
37,0,4,811,405547,73
37,0,4,812,406047,53
37,0,4,813,406547,69
37,0,4,814,407047,68
37,0,4,815,407547,68
37,0,4,816,408047,69
37,0,4,817,408547,83
37,0,4,818,409047,61
37,0,4,819,409547,69
37,0,4,820,410047,73
37,0,4,821,410547,63
37,0,4,822,411047,67
37,0,4,823,411547,70
37,0,4,824,412047,68
37,0,4,825,412547,55
37,0,4,826,413047,69
37,0,4,827,413547,69
37,0,4,828,414047,68
37,0,4,829,414547,61
37,0,4,830,415047,69
37,0,4,831,415547,70
37,0,4,832,416047,69
37,0,4,833,416547,71
37,0,4,834,417047,85
37,0,4,835,417547,68
37,0,4,836,418047,63
37,0,4,837,418547,69
37,0,4,838,419047,71
37,0,4,839,419547,79
37,0,4,840,420047,60
37,0,4,841,420547,72
37,0,4,842,421047,69
37,0,4,843,421547,68
37,0,4,844,422047,63
37,0,4,845,422547,69
37,0,4,846,423047,68
37,0,4,847,423547,70
37,0,4,848,424047,75
37,0,4,849,424547,61
37,0,4,850,425047,69
37,0,4,851,425547,69
37,0,4,852,426047,68
37,0,4,853,426547,70
37,0,4,854,427047,69
37,0,4,855,427547,63
37,0,4,856,428047,70
37,0,4,857,428547,68
37,0,4,858,429047,68
37,0,4,859,429547,69
37,0,4,860,430047,69
37,0,4,861,430547,69
37,0,4,862,431047,67
37,0,4,863,431547,64
37,0,4,864,432047,70
37,0,4,865,432547,67
37,0,4,866,433047,69
37,0,4,867,433547,69
37,0,4,868,434047,69
37,0,4,869,434547,68
37,0,4,870,435047,67
37,0,4,871,435547,54
37,0,4,872,436047,69
37,0,4,873,436547,69
37,0,4,874,437047,68
37,0,4,875,437547,77
37,0,4,876,438047,69
37,0,4,877,438547,67
37,0,4,878,439047,69
37,0,4,879,439547,67
37,0,4,880,440047,68
37,0,4,881,440547,69
37,0,4,882,441047,63
37,0,4,883,441547,68
37,0,4,884,442047,68
37,0,4,885,442547,67
37,0,4,886,443047,70
37,0,4,887,443547,75
37,0,4,888,444047,69
37,0,4,889,444547,67
37,0,4,890,445047,72
37,0,4,891,445547,63
37,0,4,892,446047,73
37,0,4,893,446547,67
37,0,4,894,447047,69
37,0,4,895,447547,68
37,0,4,896,448047,69
37,0,4,897,448547,71
37,0,4,898,449047,69
37,0,4,899,449547,71
37,0,4,900,450047,63
37,0,4,901,450547,70
37,0,4,902,451047,69
37,0,4,903,451547,67
37,0,4,904,452047,69
37,0,4,905,452547,69
37,0,4,906,453047,69
37,0,4,907,453547,67
37,0,4,908,454047,69
37,0,4,909,454547,69
37,0,4,910,455047,68
37,0,4,911,455547,67
37,0,4,912,456047,68
37,0,4,913,456547,68
37,0,4,914,457047,69
37,0,4,915,457547,83
37,0,4,916,458047,68
37,0,4,917,458547,67
37,0,4,918,459047,67
37,0,4,919,459547,69
37,0,4,920,460047,71
37,0,4,921,460547,69
37,0,4,922,461047,67
37,0,4,923,461547,68
37,0,4,924,462047,69
37,0,4,925,462547,67
37,0,4,926,463047,69
37,0,4,927,463547,69
37,0,4,928,464047,68
37,0,4,929,464547,69
37,0,4,930,465047,69
37,0,4,931,465547,62
37,0,4,932,466047,68
37,0,4,933,466547,53
37,0,4,934,467047,64
37,0,4,935,467547,64
37,0,4,936,468047,69
37,0,4,937,468547,70
37,0,4,938,469047,69
37,0,4,939,469547,63
37,0,4,940,470047,84
37,0,4,941,470547,69
37,0,4,942,471047,69
37,0,4,943,471547,75
37,0,4,944,472047,68
37,0,4,945,472547,85
37,0,4,946,473047,68
37,0,4,947,473547,72
37,0,4,948,474047,67
37,0,4,949,474547,61
37,0,4,950,475047,61
37,0,4,951,475547,63
37,0,4,952,476047,68
37,0,4,953,476547,68
37,0,4,954,477047,68
37,0,4,955,477547,63
37,0,4,956,478047,69
37,0,4,957,478547,69
37,0,4,958,479047,61
37,0,4,959,479547,68
37,0,4,960,480047,69
37,0,4,961,480547,69
37,0,4,962,481047,61
37,0,4,963,481547,63
37,0,4,964,482047,69
37,0,4,965,482547,63
37,0,4,966,483047,71
37,0,4,967,483547,53
37,0,4,968,484047,69
37,0,4,969,484547,69
37,0,4,970,485047,68
37,0,4,971,485547,69
37,0,4,972,486047,69
37,0,4,973,486547,63
37,0,4,974,487047,67
37,0,4,975,487547,69
37,0,4,976,488047,62
37,0,4,977,488547,70
37,0,4,978,489047,69
37,0,4,979,489547,67
37,0,4,980,490047,69
37,0,4,981,490547,69
37,0,4,982,491047,69
37,0,4,983,491547,55
37,0,4,984,492047,68
37,0,4,985,492547,69
37,0,4,986,493047,63
37,0,4,987,493547,71
37,0,4,988,494047,68
37,0,4,989,494547,59
37,0,4,990,495047,68
37,0,4,991,495547,69
37,0,4,992,496047,69
37,0,4,993,496547,59
37,0,4,994,497047,68
37,0,4,995,497547,72
37,0,4,996,498047,69
37,0,4,997,498547,67
37,0,4,998,499047,69
37,0,4,999,499547,69
37,0,4,1000,500047,69
37,0,4,1001,500547,69
37,0,4,1002,501047,69
37,0,4,1003,501547,63
37,0,4,1004,502047,69
37,0,4,1005,502547,59
37,0,4,1006,503047,67
37,0,4,1007,503547,67
37,0,4,1008,504047,75
37,0,4,1009,504547,67
37,0,4,1010,505047,68
37,0,4,1011,505547,67
37,0,4,1012,506047,69
37,0,4,1013,506547,69
37,0,4,1014,507047,68
37,0,4,1015,507547,68
37,0,4,1016,508047,68
37,0,4,1017,508547,67
37,0,4,1018,509047,68
37,0,4,1019,509547,69
37,0,4,1020,510047,69
37,0,4,1021,510547,69
37,0,4,1022,511047,68
37,0,4,1023,511547,68
37,0,4,1024,512047,63
37,0,4,1025,512547,67
37,0,4,1026,513047,63
37,0,4,1027,513547,67
37,0,4,1028,514047,67
37,0,4,1029,514547,67
37,0,4,1030,515047,64
37,0,4,1031,515547,69
37,0,4,1032,516047,67
37,0,4,1033,516547,71
37,0,4,1034,517047,62
37,0,4,1035,517547,69
37,0,4,1036,518047,69
37,0,4,1037,518547,68
37,0,4,1038,519047,63
37,0,4,1039,519547,69
37,0,4,1040,520047,67
37,0,4,1041,520547,67
37,0,4,1042,521047,64
37,0,4,1043,521547,69
37,0,4,1044,522047,64
37,0,4,1045,522547,69
37,0,4,1046,523047,68
37,0,4,1047,523547,68
37,0,4,1048,524047,69
37,0,4,1049,524547,69
37,0,4,1050,525047,69
37,0,4,1051,525547,69
37,0,4,1052,526047,84
37,0,4,1053,526547,52
37,0,4,1054,527047,69
37,0,4,1055,527547,68
37,0,4,1056,528047,69
37,0,4,1057,528547,69
37,0,4,1058,529048,68
37,0,4,1059,529547,68
37,0,4,1060,530047,69
37,0,4,1061,530547,68
37,0,4,1062,531047,70
37,0,4,1063,531547,70
37,0,4,1064,532047,69
37,0,4,1065,532547,69
37,0,4,1066,533047,87
37,0,4,1067,533547,71
37,0,4,1068,534047,71
37,0,4,1069,534547,69
37,0,4,1070,535047,63
37,0,4,1071,535547,63
37,0,4,1072,536047,57
37,0,4,1073,536547,67
37,0,4,1074,537047,68
37,0,4,1075,537547,51
37,0,4,1076,538047,71
37,0,4,1077,538547,67
37,0,4,1078,539047,68
37,0,4,1079,539547,69
37,0,4,1080,540047,71
37,0,4,1081,540547,69
37,0,4,1082,541047,67
37,0,4,1083,541547,69
37,0,4,1084,542047,62
37,0,4,1085,542547,67
37,0,4,1086,543047,70
37,0,4,1087,543547,68
37,0,4,1088,544047,82
37,0,4,1089,544547,69
37,0,4,1090,545047,67
37,0,4,1091,545547,69
37,0,4,1092,546047,68
37,0,4,1093,546547,71
37,0,4,1094,547047,71
37,0,4,1095,547547,69
37,0,4,1096,548047,69
37,0,4,1097,548547,69
37,0,4,1098,549047,79
37,0,4,1099,549547,70
37,0,4,1100,550047,67
37,0,4,1101,550547,69
37,0,4,1102,551047,70
37,0,4,1103,551547,69
37,0,4,1104,552047,71
37,0,4,1105,552547,60
37,0,4,1106,553047,70
37,0,4,1107,553547,69
37,0,4,1108,554047,68
37,0,4,1109,554547,71
37,0,4,1110,555047,69
37,0,4,1111,555547,76
37,0,4,1112,556047,69
37,0,4,1113,556547,69
37,0,4,1114,557047,69
37,0,4,1115,557547,67
37,0,4,1116,558047,69
37,0,4,1117,558547,68
37,0,4,1118,559047,64
37,0,4,1119,559547,63
37,0,4,1120,560047,69
37,0,4,1121,560547,71
37,0,4,1122,561047,77
37,0,4,1123,561547,69
37,0,4,1124,562047,67
37,0,4,1125,562547,69
37,0,4,1126,563047,71
37,0,4,1127,563547,68
37,0,4,1128,564047,72
37,0,4,1129,564547,73
37,0,4,1130,565047,72
37,0,4,1131,565547,68
37,0,4,1132,566047,63
37,0,4,1133,566547,58
37,0,4,1134,567047,69
37,0,4,1135,567547,68
37,0,4,1136,568047,69
37,0,4,1137,568547,63
37,0,4,1138,569047,69
37,0,4,1139,569547,69
37,0,4,1140,570047,69
37,0,4,1141,570547,68
37,0,4,1142,571047,69
37,0,4,1143,571547,69
37,0,4,1144,572047,63
37,0,4,1145,572547,71
37,0,4,1146,573047,68
37,0,4,1147,573547,69
37,0,4,1148,574047,69
37,0,4,1149,574547,70
37,0,4,1150,575047,70
37,0,4,1151,575547,69
37,0,4,1152,576047,63
37,0,4,1153,576547,71
37,0,4,1154,577047,69
37,0,4,1155,577547,69
37,0,4,1156,578047,68
37,0,4,1157,578547,68
37,0,4,1158,579047,69
37,0,4,1159,579547,68
37,0,4,1160,580047,63
37,0,4,1161,580547,77
37,0,4,1162,581047,69
37,0,4,1163,581547,67
37,0,4,1164,582047,69
37,0,4,1165,582547,58
37,0,4,1166,583047,69
37,0,4,1167,583547,83
37,0,4,1168,584047,61
37,0,4,1169,584547,63
37,0,4,1170,585047,68
37,0,4,1171,585547,71
37,0,4,1172,586047,69
37,0,4,1173,586547,69
37,0,4,1174,587047,68
37,0,4,1175,587547,70
37,0,4,1176,588047,69
37,0,4,1177,588547,71
37,0,4,1178,589047,71
37,0,4,1179,589547,69
37,0,4,1180,590047,73
37,0,4,1181,590547,68
37,0,4,1182,591047,69
37,0,4,1183,591547,67
37,0,4,1184,592047,69
37,0,4,1185,592547,67
37,0,4,1186,593047,83
37,0,4,1187,593547,64
37,0,4,1188,594047,69
37,0,4,1189,594547,69
37,0,4,1190,595047,70
37,0,4,1191,595547,69
37,0,4,1192,596047,69
37,0,4,1193,596547,57
37,0,4,1194,597047,77
37,0,4,1195,597547,69
37,0,4,1196,598047,60
37,0,4,1197,598547,61
37,0,4,1198,599047,69
37,0,4,1199,599547,69
37,0,4,1200,600047,73
37,0,4,1201,600547,62
37,0,4,1202,601047,59
37,0,4,1203,601547,68
37,0,4,1204,602047,69
37,0,4,1205,602547,63
37,0,4,1206,603047,71
37,0,4,1207,603547,61
37,0,4,1208,604047,69
37,0,4,1209,604547,70
37,0,4,1210,605047,71
37,0,4,1211,605547,69
37,0,4,1212,606047,67
37,0,4,1213,606547,68
37,0,4,1214,607047,67
37,0,4,1215,607547,75
37,0,4,1216,608047,69
37,0,4,1217,608547,68
37,0,4,1218,609047,69
37,0,4,1219,609547,59
37,0,4,1220,610047,69
37,0,4,1221,610547,63
37,0,4,1222,611047,67
37,0,4,1223,611547,72
37,0,4,1224,612047,74
37,0,4,1225,612547,69
37,0,4,1226,613047,68
37,0,4,1227,613547,68
37,0,4,1228,614047,69
37,0,4,1229,614547,67
37,0,4,1230,615047,69
37,0,4,1231,615547,61
37,0,4,1232,616047,69
37,0,4,1233,616547,69
37,0,4,1234,617047,67
37,0,4,1235,617547,63
37,0,4,1236,618047,79
37,0,4,1237,618547,85
37,0,4,1238,619047,68
37,0,4,1239,619547,69
37,0,4,1240,620047,57
37,0,4,1241,620547,69
37,0,4,1242,621047,69
37,0,4,1243,621547,69
37,0,4,1244,622047,69
37,0,4,1245,622547,64
37,0,4,1246,623047,71
37,0,4,1247,623547,64
37,0,4,1248,624047,52
37,0,4,1249,624547,69
37,0,4,1250,625047,69
37,0,4,1251,625547,69
37,0,4,1252,626047,68
37,0,4,1253,626547,63
37,0,4,1254,627047,68
37,0,4,1255,627547,70
37,0,4,1256,628047,69
37,0,4,1257,628547,69
37,0,4,1258,629047,67
37,0,4,1259,629547,71
37,0,4,1260,630047,45
37,0,4,1261,630547,71
37,0,4,1262,631047,69
37,0,4,1263,631547,67
37,0,4,1264,632047,71
37,0,4,1265,632547,68
37,0,4,1266,633047,71
37,0,4,1267,633547,61
37,0,4,1268,634047,69
37,0,4,1269,634547,67
37,0,4,1270,635047,68
37,0,4,1271,635547,69
37,0,4,1272,636047,61
37,0,4,1273,636547,69
37,0,4,1274,637047,68
37,0,4,1275,637547,57
37,0,4,1276,638047,61
37,0,4,1277,638547,61
37,0,4,1278,639047,56
37,0,4,1279,639547,63
37,0,4,1280,640047,69
37,0,4,1281,640547,61
37,0,4,1282,641047,67
37,0,4,1283,641547,69
37,0,4,1284,642047,61
37,0,4,1285,642547,69
37,0,4,1286,643047,69
37,0,4,1287,643547,71
37,0,4,1288,644047,71
37,0,4,1289,644547,61
37,0,4,1290,645047,71
37,0,4,1291,645547,72
37,0,4,1292,646047,71
37,0,4,1293,646547,67
37,0,4,1294,647047,69
37,0,4,1295,647547,69
37,0,4,1296,648047,69
37,0,4,1297,648547,67
37,0,4,1298,649047,71
37,0,4,1299,649547,62
37,0,4,1300,650047,69
37,0,4,1301,650547,67
37,0,4,1302,651047,71
37,0,4,1303,651547,61
37,0,4,1304,652047,68
37,0,4,1305,652547,62
37,0,4,1306,653047,69
37,0,4,1307,653547,64
37,0,4,1308,654047,68
37,0,4,1309,654547,69
37,0,4,1310,655047,67
37,0,4,1311,655547,69
37,0,4,1312,656047,68
37,0,4,1313,656547,61
37,0,4,1314,657047,71
37,0,4,1315,657547,61
37,0,4,1316,658047,69
37,0,4,1317,658547,69
37,0,4,1318,659047,61
37,0,4,1319,659547,68
37,0,4,1320,660047,69
37,0,4,1321,660547,62
37,0,4,1322,661047,68
37,0,4,1323,661547,68
37,0,4,1324,662047,79
37,0,4,1325,662547,58
37,0,4,1326,663047,69
37,0,4,1327,663547,68
37,0,4,1328,664047,69
37,0,4,1329,664547,68
37,0,4,1330,665047,68
37,0,4,1331,665547,69
37,0,4,1332,666047,60
37,0,4,1333,666547,68
37,0,4,1334,667047,69
37,0,4,1335,667547,67
37,0,4,1336,668047,73
37,0,4,1337,668547,68
37,0,4,1338,669047,68
37,0,4,1339,669547,81
37,0,4,1340,670047,69
37,0,4,1341,670547,68
37,0,4,1342,671047,67
37,0,4,1343,671547,68
37,0,4,1344,672047,69
37,0,4,1345,672547,71
37,0,4,1346,673047,69
37,0,4,1347,673547,67
37,0,4,1348,674047,69
37,0,4,1349,674547,71
37,0,4,1350,675047,69
37,0,4,1351,675547,69
37,0,4,1352,676047,64
37,0,4,1353,676547,71
37,0,4,1354,677047,83
37,0,4,1355,677547,63
37,0,4,1356,678047,69
37,0,4,1357,678547,68
37,0,4,1358,679047,69
37,0,4,1359,679547,62
37,0,4,1360,680047,68
37,0,4,1361,680547,68
37,0,4,1362,681047,62
37,0,4,1363,681547,63
37,0,4,1364,682047,67
37,0,4,1365,682547,64
37,0,4,1366,683047,67
37,0,4,1367,683547,68
37,0,4,1368,684047,67
37,0,4,1369,684547,70
37,0,4,1370,685047,67
37,0,4,1371,685547,63
37,0,4,1372,686047,79
37,0,4,1373,686547,67
37,0,4,1374,687047,68
37,0,4,1375,687547,71
37,0,4,1376,688047,68
37,0,4,1377,688547,69
37,0,4,1378,689047,69
37,0,4,1379,689547,69
37,0,4,1380,690047,69
37,0,4,1381,690547,69
37,0,4,1382,691047,68
37,0,4,1383,691547,69
37,0,4,1384,692047,69
37,0,4,1385,692547,68
37,0,4,1386,693047,69
37,0,4,1387,693547,68
37,0,4,1388,694047,67
37,0,4,1389,694547,64
37,0,4,1390,695047,68
37,0,4,1391,695547,69
37,0,4,1392,696047,68
37,0,4,1393,696547,69
37,0,4,1394,697047,61
37,0,4,1395,697547,69
37,0,4,1396,698047,67
37,0,4,1397,698547,53
37,0,4,1398,699047,67
37,0,4,1399,699547,68
37,0,4,1400,700047,69
37,0,4,1401,700547,69
37,0,4,1402,701047,85
37,0,4,1403,701547,69
37,0,4,1404,702047,83
37,0,4,1405,702547,47
37,0,4,1406,703047,70
37,0,4,1407,703547,69
37,0,4,1408,704047,61
37,0,4,1409,704547,69
37,0,4,1410,705047,62
37,0,4,1411,705547,73
37,0,4,1412,706047,69
37,0,4,1413,706547,67
37,0,4,1414,707047,71
37,0,4,1415,707547,69
37,0,4,1416,708047,69
37,0,4,1417,708547,68
37,0,4,1418,709047,67
37,0,4,1419,709547,69
37,0,4,1420,710047,76
37,0,4,1421,710547,63
37,0,4,1422,711047,69
37,0,4,1423,711547,61
37,0,4,1424,712047,69
37,0,4,1425,712547,69
37,0,4,1426,713047,69
37,0,4,1427,713547,69
37,0,4,1428,714047,69
37,0,4,1429,714547,68
37,0,4,1430,715047,63
37,0,4,1431,715547,67
37,0,4,1432,716047,69
37,0,4,1433,716547,71
37,0,4,1434,717047,69
37,0,4,1435,717547,69
37,0,4,1436,718047,63
37,0,4,1437,718547,73
37,0,4,1438,719047,61
37,0,4,1439,719547,68
37,0,4,1440,720047,69
37,0,4,1441,720547,69
37,0,4,1442,721047,63
37,0,4,1443,721547,69
37,0,4,1444,722047,68
37,0,4,1445,722547,71
37,0,4,1446,723047,69
37,0,4,1447,723547,69
37,0,4,1448,724047,68
37,0,4,1449,724547,63
37,0,4,1450,725047,69
37,0,4,1451,725547,70
37,0,4,1452,726047,69
37,0,4,1453,726547,67
37,0,4,1454,727047,63
37,0,4,1455,727547,81
37,0,4,1456,728047,63
37,0,4,1457,728547,69
37,0,4,1458,729047,70
37,0,4,1459,729547,69
37,0,4,1460,730047,69
37,0,4,1461,730547,67
37,0,4,1462,731047,67
37,0,4,1463,731547,69
37,0,4,1464,732047,71
37,0,4,1465,732547,69
37,0,4,1466,733047,57
37,0,4,1467,733547,62
37,0,4,1468,734047,69
37,0,4,1469,734547,68
37,0,4,1470,735047,67
37,0,4,1471,735547,68
37,0,4,1472,736047,69
37,0,4,1473,736547,73
37,0,4,1474,737047,68
37,0,4,1475,737547,69
37,0,4,1476,738047,69
37,0,4,1477,738547,67
37,0,4,1478,739047,73
37,0,4,1479,739547,69
37,0,4,1480,740047,69
37,0,4,1481,740547,69
37,0,4,1482,741047,73
37,0,4,1483,741547,63
37,0,4,1484,742047,69
37,0,4,1485,742547,69
37,0,4,1486,743047,68
37,0,4,1487,743547,62
37,0,4,1488,744047,69
37,0,4,1489,744547,72
37,0,4,1490,745047,69
37,0,4,1491,745547,68
37,0,4,1492,746047,72
37,0,4,1493,746547,67
37,0,4,1494,747047,68
37,0,4,1495,747547,63
37,0,4,1496,748047,70
37,0,4,1497,748547,69
37,0,4,1498,749047,69
37,0,4,1499,749547,71
37,0,4,1500,750047,69
37,0,4,1501,750547,69
37,0,4,1502,751047,69
37,0,4,1503,751547,71
37,0,4,1504,752047,63
37,0,4,1505,752547,69
37,0,4,1506,753047,67
37,0,4,1507,753547,63
37,0,4,1508,754047,69
37,0,4,1509,754547,69
37,0,4,1510,755047,67
37,0,4,1511,755547,63
37,0,4,1512,756047,68
37,0,4,1513,756547,69
37,0,4,1514,757047,67
37,0,4,1515,757547,72
37,0,4,1516,758047,67
37,0,4,1517,758547,68
37,0,4,1518,759047,69
37,0,4,1519,759547,61
37,0,4,1520,760047,64
37,0,4,1521,760547,61
37,0,4,1522,761047,69
37,0,4,1523,761547,69
37,0,4,1524,762047,69
37,0,4,1525,762547,61
37,0,4,1526,763047,69
37,0,4,1527,763547,69
37,0,4,1528,764047,63
37,0,4,1529,764547,68
37,0,4,1530,765047,77
37,0,4,1531,765547,67
37,0,4,1532,766047,69
37,0,4,1533,766547,69
37,0,4,1534,767047,70
37,0,4,1535,767547,69
37,0,4,1536,768047,69
37,0,4,1537,768547,63
37,0,4,1538,769047,68
37,0,4,1539,769547,69
37,0,4,1540,770047,61
37,0,4,1541,770547,70
37,0,4,1542,771047,64
37,0,4,1543,771547,68
37,0,4,1544,772047,69
37,0,4,1545,772547,59
37,0,4,1546,773047,68
37,0,4,1547,773547,70
37,0,4,1548,774047,70
37,0,4,1549,774547,67
37,0,4,1550,775047,69
37,0,4,1551,775547,68
37,0,4,1552,776047,67
37,0,4,1553,776547,71
37,0,4,1554,777047,62
37,0,4,1555,777547,63
37,0,4,1556,778047,69
37,0,4,1557,778547,69
37,0,4,1558,779047,69
37,0,4,1559,779547,69
37,0,4,1560,780047,69
37,0,4,1561,780547,68
37,0,4,1562,781047,72
37,0,4,1563,781547,63
37,0,4,1564,782047,64
37,0,4,1565,782547,69
37,0,4,1566,783047,70
37,0,4,1567,783547,75
37,0,4,1568,784047,67
37,0,4,1569,784547,72
37,0,4,1570,785047,72
37,0,4,1571,785547,69
37,0,4,1572,786047,67
37,0,4,1573,786547,69
37,0,4,1574,787047,69
37,0,4,1575,787547,68
37,0,4,1576,788047,71
37,0,4,1577,788547,67
37,0,4,1578,789047,61
37,0,4,1579,789547,57
37,0,4,1580,790047,69
37,0,4,1581,790547,87
37,0,4,1582,791047,64
37,0,4,1583,791547,69
37,0,4,1584,792047,69
37,0,4,1585,792547,69
37,0,4,1586,793047,63
37,0,4,1587,793547,67
37,0,4,1588,794047,71
37,0,4,1589,794547,55
37,0,4,1590,795047,83
37,0,4,1591,795547,71
37,0,4,1592,796047,68
37,0,4,1593,796547,68
37,0,4,1594,797047,67
37,0,4,1595,797547,68
37,0,4,1596,798047,85
37,0,4,1597,798547,68
37,0,4,1598,799047,69
37,0,4,1599,799547,71
37,0,4,1600,800047,71
37,0,4,1601,800547,68
37,0,4,1602,801047,71
37,0,4,1603,801547,63
37,0,4,1604,802047,69
37,0,4,1605,802547,73
37,0,4,1606,803047,57
37,0,4,1607,803547,87
37,0,4,1608,804047,69
37,0,4,1609,804547,69
37,0,4,1610,805047,63
37,0,4,1611,805547,69
37,0,4,1612,806047,67
37,0,4,1613,806547,69
37,0,4,1614,807047,63
37,0,4,1615,807547,69
37,0,4,1616,808047,63
37,0,4,1617,808547,64
37,0,4,1618,809047,69
37,0,4,1619,809547,68
37,0,4,1620,810047,62
37,0,4,1621,810547,71
37,0,4,1622,811047,55
37,0,4,1623,811547,68
37,0,4,1624,812047,71
37,0,4,1625,812547,69
37,0,4,1626,813047,70
37,0,4,1627,813547,67
37,0,4,1628,814047,69
37,0,4,1629,814547,71
37,0,4,1630,815047,71
37,0,4,1631,815547,63
37,0,4,1632,816047,69
37,0,4,1633,816547,67
37,0,4,1634,817047,64
37,0,4,1635,817547,69
37,0,4,1636,818047,69
37,0,4,1637,818547,70
37,0,4,1638,819047,63
37,0,4,1639,819547,57
37,0,4,1640,820047,69
37,0,4,1641,820547,68
37,0,4,1642,821047,71
37,0,4,1643,821547,68
37,0,4,1644,822047,69
37,0,4,1645,822547,67
37,0,4,1646,823047,71
37,0,4,1647,823547,69
37,0,4,1648,824047,69
37,0,4,1649,824547,64
37,0,4,1650,825047,64
37,0,4,1651,825547,63
37,0,4,1652,826047,67
37,0,4,1653,826547,69
37,0,4,1654,827047,69
37,0,4,1655,827547,69
37,0,4,1656,828047,64
37,0,4,1657,828547,68
37,0,4,1658,829047,68
37,0,4,1659,829547,64
37,0,4,1660,830047,69
37,0,4,1661,830547,69
37,0,4,1662,831047,69
37,0,4,1663,831547,71
37,0,4,1664,832047,83
37,0,4,1665,832547,64
37,0,4,1666,833047,69
37,0,4,1667,833547,68
37,0,4,1668,834047,69
37,0,4,1669,834547,73
37,0,4,1670,835047,62
37,0,4,1671,835547,68
37,0,4,1672,836047,55
37,0,4,1673,836547,69
37,0,4,1674,837047,69
37,0,4,1675,837547,67
37,0,4,1676,838047,63
37,0,4,1677,838547,69
37,0,4,1678,839047,68
37,0,4,1679,839547,71
37,0,4,1680,840047,69
37,0,4,1681,840547,67
37,0,4,1682,841047,69
37,0,4,1683,841547,69
37,0,4,1684,842047,69
37,0,4,1685,842547,68
37,0,4,1686,843047,57
37,0,4,1687,843547,70
37,0,4,1688,844047,69
37,0,4,1689,844547,68
37,0,4,1690,845047,68
37,0,4,1691,845547,69
37,0,4,1692,846047,69
37,0,4,1693,846547,53
37,0,4,1694,847047,69
37,0,4,1695,847547,70
37,0,4,1696,848047,55
37,0,4,1697,848547,75
37,0,4,1698,849047,69
37,0,4,1699,849547,68
37,0,4,1700,850047,69
37,0,4,1701,850547,69
37,0,4,1702,851047,69
37,0,4,1703,851547,57
37,0,4,1704,852047,68
37,0,4,1705,852547,69
37,0,4,1706,853047,67
37,0,4,1707,853547,63
37,0,4,1708,854047,63
37,0,4,1709,854547,69
37,0,4,1710,855047,64
37,0,4,1711,855547,69
37,0,4,1712,856047,69
37,0,4,1713,856547,63
37,0,4,1714,857047,69
37,0,4,1715,857547,68
37,0,4,1716,858047,69
37,0,4,1717,858547,69
37,0,4,1718,859047,63
37,0,4,1719,859547,68
37,0,4,1720,860047,69
37,0,4,1721,860547,67
37,0,4,1722,861047,73
37,0,4,1723,861547,63
37,0,4,1724,862047,73
37,0,4,1725,862547,67
37,0,4,1726,863047,68
37,0,4,1727,863547,68
37,0,4,1728,864047,67
37,0,4,1729,864547,69
37,0,4,1730,865047,69
37,0,4,1731,865547,83
37,0,4,1732,866047,62
37,0,4,1733,866547,69
37,0,4,1734,867047,69
37,0,4,1735,867547,68
37,0,4,1736,868047,79
37,0,4,1737,868547,63
37,0,4,1738,869047,61
37,0,4,1739,869547,71
37,0,4,1740,870047,71
37,0,4,1741,870547,69
37,0,4,1742,871047,69
37,0,4,1743,871547,68
37,0,4,1744,872047,69
37,0,4,1745,872547,69
37,0,4,1746,873047,71
37,0,4,1747,873547,69
37,0,4,1748,874047,69
37,0,4,1749,874547,61
37,0,4,1750,875047,71
37,0,4,1751,875547,69
37,0,4,1752,876047,73
37,0,4,1753,876547,75
37,0,4,1754,877047,61
37,0,4,1755,877547,67
37,0,4,1756,878047,55
37,0,4,1757,878547,71
37,0,4,1758,879047,73
37,0,4,1759,879547,68
37,0,4,1760,880047,75
37,0,4,1761,880547,69
37,0,4,1762,881047,69
37,0,4,1763,881547,69
37,0,4,1764,882047,68
37,0,4,1765,882547,69
37,0,4,1766,883047,68
37,0,4,1767,883547,69
37,0,4,1768,884047,69
37,0,4,1769,884547,69
37,0,4,1770,885047,69
37,0,4,1771,885547,71
37,0,4,1772,886047,69
37,0,4,1773,886547,69
37,0,4,1774,887047,69
37,0,4,1775,887547,69
37,0,4,1776,888047,64
37,0,4,1777,888547,69
37,0,4,1778,889047,69
37,0,4,1779,889547,69
37,0,4,1780,890047,64
37,0,4,1781,890547,69
37,0,4,1782,891047,69
37,0,4,1783,891547,52
37,0,4,1784,892047,53
37,0,4,1785,892547,63
37,0,4,1786,893047,69
37,0,4,1787,893547,71
37,0,4,1788,894047,67
37,0,4,1789,894547,70
37,0,4,1790,895047,67
37,0,4,1791,895547,69
37,0,4,1792,896047,69
37,0,4,1793,896547,69
37,0,4,1794,897047,78
37,0,4,1795,897547,69
37,0,4,1796,898047,69
37,0,4,1797,898547,69
37,0,4,1798,899047,69
37,0,4,1799,899547,59
37,0,4,1800,900047,69
37,0,4,1801,900547,69
37,0,4,1802,901047,63
37,0,4,1803,901547,69
37,0,4,1804,902047,69
37,0,4,1805,902547,53
37,0,4,1806,903047,69
37,0,4,1807,903547,61
37,0,4,1808,904047,63
37,0,4,1809,904547,70
37,0,4,1810,905047,68
37,0,4,1811,905547,63
37,0,4,1812,906047,67
37,0,4,1813,906547,73
37,0,4,1814,907047,69
37,0,4,1815,907547,76
37,0,4,1816,908047,61
37,0,4,1817,908547,71
37,0,4,1818,909047,69
37,0,4,1819,909547,69
37,0,4,1820,910047,68
37,0,4,1821,910547,68
37,0,4,1822,911047,68
37,0,4,1823,911547,58
37,0,4,1824,912047,69
37,0,4,1825,912547,69
37,0,4,1826,913047,69
37,0,4,1827,913547,69
37,0,4,1828,914047,69
37,0,4,1829,914547,62
37,0,4,1830,915047,69
37,0,4,1831,915547,68
37,0,4,1832,916047,55
37,0,4,1833,916547,69
37,0,4,1834,917047,69
37,0,4,1835,917547,69
37,0,4,1836,918047,63
37,0,4,1837,918547,68
37,0,4,1838,919047,69
37,0,4,1839,919547,70
37,0,4,1840,920047,69
37,0,4,1841,920547,69
37,0,4,1842,921047,69
37,0,4,1843,921547,58
37,0,4,1844,922047,69
37,0,4,1845,922547,67
37,0,4,1846,923047,84
37,0,4,1847,923547,70
37,0,4,1848,924047,69
37,0,4,1849,924547,71
37,0,4,1850,925047,71
37,0,4,1851,925547,69
37,0,4,1852,926047,68
37,0,4,1853,926547,69
37,0,4,1854,927047,55
37,0,4,1855,927547,69
37,0,4,1856,928047,69
37,0,4,1857,928547,69
37,0,4,1858,929047,67
37,0,4,1859,929547,69
37,0,4,1860,930047,69
37,0,4,1861,930547,68
37,0,4,1862,931047,71
37,0,4,1863,931547,69
37,0,4,1864,932047,71
37,0,4,1865,932547,69
37,0,4,1866,933047,69
37,0,4,1867,933547,63
37,0,4,1868,934047,69
37,0,4,1869,934547,63
37,0,4,1870,935047,69
37,0,4,1871,935547,69
37,0,4,1872,936047,69
37,0,4,1873,936547,69
37,0,4,1874,937047,70
37,0,4,1875,937547,70
37,0,4,1876,938047,69
37,0,4,1877,938547,69
37,0,4,1878,939047,69
37,0,4,1879,939547,68
37,0,4,1880,940047,69
37,0,4,1881,940547,69
37,0,4,1882,941047,71
37,0,4,1883,941547,61
37,0,4,1884,942047,63
37,0,4,1885,942547,69
37,0,4,1886,943047,69
37,0,4,1887,943547,69
37,0,4,1888,944047,68
37,0,4,1889,944547,78
37,0,4,1890,945047,69
37,0,4,1891,945547,69
37,0,4,1892,946047,68
37,0,4,1893,946547,51
37,0,4,1894,947047,69
37,0,4,1895,947547,75
37,0,4,1896,948047,69
37,0,4,1897,948547,69
37,0,4,1898,949047,67
37,0,4,1899,949547,69
37,0,4,1900,950047,69
37,0,4,1901,950547,69
37,0,4,1902,951047,70
37,0,4,1903,951547,69
37,0,4,1904,952047,69
37,0,4,1905,952547,48
37,0,4,1906,953047,68
37,0,4,1907,953547,63
37,0,4,1908,954047,63
37,0,4,1909,954547,69
37,0,4,1910,955047,71
37,0,4,1911,955547,69
37,0,4,1912,956047,67
37,0,4,1913,956547,63
37,0,4,1914,957047,75
37,0,4,1915,957547,63
37,0,4,1916,958047,69
37,0,4,1917,958547,69
37,0,4,1918,959047,63
37,0,4,1919,959547,69
37,0,4,1920,960047,61
37,0,4,1921,960547,68
37,0,4,1922,961047,73
37,0,4,1923,961547,69
37,0,4,1924,962047,61
37,0,4,1925,962547,67
37,0,4,1926,963047,71
37,0,4,1927,963547,71
37,0,4,1928,964047,63
37,0,4,1929,964547,62
37,0,4,1930,965047,67
37,0,4,1931,965547,67
37,0,4,1932,966047,67
37,0,4,1933,966547,67
37,0,4,1934,967047,67
37,0,4,1935,967547,68
37,0,4,1936,968047,69
37,0,4,1937,968547,70
37,0,4,1938,969047,69
37,0,4,1939,969547,71
37,0,4,1940,970047,63
37,0,4,1941,970547,72
37,0,4,1942,971047,69
37,0,4,1943,971547,69
37,0,4,1944,972047,69
37,0,4,1945,972547,64
37,0,4,1946,973047,69
37,0,4,1947,973547,69
37,0,4,1948,974047,69
37,0,4,1949,974547,70
37,0,4,1950,975047,69
37,0,4,1951,975547,71
37,0,4,1952,976047,75
37,0,4,1953,976547,69
37,0,4,1954,977047,69
37,0,4,1955,977547,69
37,0,4,1956,978047,69
37,0,4,1957,978547,69
37,0,4,1958,979047,70
37,0,4,1959,979547,68
37,0,4,1960,980047,69
37,0,4,1961,980547,69
37,0,4,1962,981047,69
37,0,4,1963,981547,68
37,0,4,1964,982047,57
37,0,4,1965,982547,68
37,0,4,1966,983047,71
37,0,4,1967,983547,69
37,0,4,1968,984047,71
37,0,4,1969,984547,69
37,0,4,1970,985047,54
37,0,4,1971,985547,60
37,0,4,1972,986047,70
37,0,4,1973,986547,71
37,0,4,1974,987047,71
37,0,4,1975,987547,71
37,0,4,1976,988047,71
37,0,4,1977,988547,52
37,0,4,1978,989047,68
37,0,4,1979,989547,68
37,0,4,1980,990047,69
37,0,4,1981,990547,68
37,0,4,1982,991047,57
37,0,4,1983,991547,54
37,0,4,1984,992047,72
37,0,4,1985,992547,69
37,0,4,1986,993047,67
37,0,4,1987,993547,69
37,0,4,1988,994047,55
37,0,4,1989,994547,70
37,0,4,1990,995047,68
37,0,4,1991,995547,61
37,0,4,1992,996047,73
37,0,4,1993,996547,69
37,0,4,1994,997047,69
37,0,4,1995,997547,63
37,0,4,1996,998047,63
37,0,4,1997,998547,68
37,0,4,1998,999047,61
37,0,4,1999,999547,68
