run_id,valve_percent,window_id,sample_index,time_us,adc_raw
8,50,0,0,66,62
8,50,0,1,552,63
8,50,0,2,1047,69
8,50,0,3,1552,59
8,50,0,4,2047,75
8,50,0,5,2552,52
8,50,0,6,3047,41
8,50,0,7,3551,69
8,50,0,8,4047,79
8,50,0,9,4551,57
8,50,0,10,5047,69
8,50,0,11,5551,71
8,50,0,12,6048,47
8,50,0,13,6552,83
8,50,0,14,7047,75
8,50,0,15,7552,68
8,50,0,16,8048,57
8,50,0,17,8552,89
8,50,0,18,9047,53
8,50,0,19,9552,72
8,50,0,20,10047,67
8,50,0,21,10551,55
8,50,0,22,11048,64
8,50,0,23,11552,53
8,50,0,24,12047,91
8,50,0,25,12551,68
8,50,0,26,13048,63
8,50,0,27,13552,55
8,50,0,28,14047,67
8,50,0,29,14552,59
8,50,0,30,15048,53
8,50,0,31,15552,51
8,50,0,32,16047,71
8,50,0,33,16552,54
8,50,0,34,17047,63
8,50,0,35,17552,60
8,50,0,36,18047,69
8,50,0,37,18552,55
8,50,0,38,19047,47
8,50,0,39,19552,59
8,50,0,40,20047,61
8,50,0,41,20552,69
8,50,0,42,21047,54
8,50,0,43,21552,60
8,50,0,44,22047,77
8,50,0,45,22551,68
8,50,0,46,23047,69
8,50,0,47,23552,43
8,50,0,48,24047,101
8,50,0,49,24551,53
8,50,0,50,25048,69
8,50,0,51,25552,74
8,50,0,52,26047,57
8,50,0,53,26552,109
8,50,0,54,27048,37
8,50,0,55,27552,63
8,50,0,56,28047,60
8,50,0,57,28552,63
8,50,0,58,29047,91
8,50,0,59,29552,53
8,50,0,60,30047,47
8,50,0,61,30552,93
8,50,0,62,31048,59
8,50,0,63,31552,56
8,50,0,64,32047,91
8,50,0,65,32552,86
8,50,0,66,33047,47
8,50,0,67,33552,78
8,50,0,68,34047,74
8,50,0,69,34552,62
8,50,0,70,35048,77
8,50,0,71,35552,76
8,50,0,72,36047,59
8,50,0,73,36552,75
8,50,0,74,37047,107
8,50,0,75,37552,84
8,50,0,76,38047,59
8,50,0,77,38552,71
8,50,0,78,39047,85
8,50,0,79,39552,85
8,50,0,80,40047,41
8,50,0,81,40552,85
8,50,0,82,41047,91
8,50,0,83,41552,47
8,50,0,84,42047,80
8,50,0,85,42552,63
8,50,0,86,43047,58
8,50,0,87,43552,56
8,50,0,88,44047,68
8,50,0,89,44552,55
8,50,0,90,45047,69
8,50,0,91,45552,39
8,50,0,92,46047,72
8,50,0,93,46552,39
8,50,0,94,47047,59
8,50,0,95,47552,47
8,50,0,96,48047,43
8,50,0,97,48552,60
8,50,0,98,49048,61
8,50,0,99,49551,55
8,50,0,100,50048,47
8,50,0,101,50552,51
8,50,0,102,51047,62
8,50,0,103,51552,46
8,50,0,104,52047,83
8,50,0,105,52552,53
8,50,0,106,53047,58
8,50,0,107,53552,69
8,50,0,108,54047,74
8,50,0,109,54552,45
8,50,0,110,55047,72
8,50,0,111,55552,57
8,50,0,112,56047,57
8,50,0,113,56552,75
8,50,0,114,57047,73
8,50,0,115,57552,56
8,50,0,116,58047,63
8,50,0,117,58552,53
8,50,0,118,59047,61
8,50,0,119,59552,57
8,50,0,120,60047,61
8,50,0,121,60552,55
8,50,0,122,61047,69
8,50,0,123,61552,55
8,50,0,124,62047,57
8,50,0,125,62552,45
8,50,0,126,63047,52
8,50,0,127,63552,71
8,50,0,128,64047,56
8,50,0,129,64552,63
8,50,0,130,65047,55
8,50,0,131,65552,93
8,50,0,132,66047,47
8,50,0,133,66552,109
8,50,0,134,67047,56
8,50,0,135,67552,24
8,50,0,136,68047,87
8,50,0,137,68552,77
8,50,0,138,69047,58
8,50,0,139,69552,56
8,50,0,140,70047,60
8,50,0,141,70552,60
8,50,0,142,71047,68
8,50,0,143,71552,51
8,50,0,144,72047,91
8,50,0,145,72552,69
8,50,0,146,73047,75
8,50,0,147,73552,83
8,50,0,148,74047,69
8,50,0,149,74551,69
8,50,0,150,75048,88
8,50,0,151,75551,79
8,50,0,152,76048,71
8,50,0,153,76552,86
8,50,0,154,77047,75
8,50,0,155,77552,83
8,50,0,156,78047,75
8,50,0,157,78552,86
8,50,0,158,79047,63
8,50,0,159,79552,64
8,50,0,160,80047,61
8,50,0,161,80552,54
8,50,0,162,81047,91
8,50,0,163,81552,71
8,50,0,164,82047,67
8,50,0,165,82552,83
8,50,0,166,83047,54
8,50,0,167,83552,44
8,50,0,168,84047,73
8,50,0,169,84552,46
8,50,0,170,85047,104
8,50,0,171,85552,59
8,50,0,172,86047,72
8,50,0,173,86552,77
8,50,0,174,87047,77
8,50,0,175,87551,63
8,50,0,176,88048,87
8,50,0,177,88551,53
8,50,0,178,89048,79
8,50,0,179,89552,67
8,50,0,180,90047,83
8,50,0,181,90552,62
8,50,0,182,91047,55
8,50,0,183,91552,93
8,50,0,184,92047,59
8,50,0,185,92552,53
8,50,0,186,93047,76
8,50,0,187,93552,61
8,50,0,188,94047,74
8,50,0,189,94552,70
8,50,0,190,95047,88
8,50,0,191,95552,69
8,50,0,192,96047,68
8,50,0,193,96552,73
8,50,0,194,97047,69
8,50,0,195,97552,54
8,50,0,196,98047,91
8,50,0,197,98552,38
8,50,0,198,99047,91
8,50,0,199,99552,93
8,50,0,200,100047,101
8,50,0,201,100552,51
8,50,0,202,101047,75
8,50,0,203,101552,69
8,50,0,204,102047,123
8,50,0,205,102551,59
8,50,0,206,103047,82
8,50,0,207,103551,90
8,50,0,208,104048,107
8,50,0,209,104551,73
8,50,0,210,105048,75
8,50,0,211,105552,75
8,50,0,212,106047,99
8,50,0,213,106552,59
8,50,0,214,107047,75
8,50,0,215,107552,90
8,50,0,216,108047,53
8,50,0,217,108552,79
8,50,0,218,109048,89
8,50,0,219,109552,67
8,50,0,220,110047,72
8,50,0,221,110552,85
8,50,0,222,111047,78
8,50,0,223,111552,89
8,50,0,224,112047,45
8,50,0,225,112552,70
8,50,0,226,113047,75
8,50,0,227,113552,75
8,50,0,228,114047,61
8,50,0,229,114552,85
8,50,0,230,115047,93
8,50,0,231,115552,57
8,50,0,232,116047,84
8,50,0,233,116552,91
8,50,0,234,117047,85
8,50,0,235,117552,75
8,50,0,236,118047,69
8,50,0,237,118551,63
8,50,0,238,119048,91
8,50,0,239,119551,55
8,50,0,240,120048,67
8,50,0,241,120552,55
8,50,0,242,121047,133
8,50,0,243,121552,41
8,50,0,244,122047,42
8,50,0,245,122552,91
8,50,0,246,123047,53
8,50,0,247,123552,43
8,50,0,248,124047,95
8,50,0,249,124552,55
8,50,0,250,125047,47
8,50,0,251,125552,55
8,50,0,252,126048,51
8,50,0,253,126552,53
8,50,0,254,127047,63
8,50,0,255,127552,75
8,50,0,256,128047,53
8,50,0,257,128552,73
8,50,0,258,129047,39
8,50,0,259,129552,76
8,50,0,260,130047,78
8,50,0,261,130552,48
8,50,0,262,131047,67
8,50,0,263,131552,60
8,50,0,264,132047,71
8,50,0,265,132552,63
8,50,0,266,133047,85
8,50,0,267,133552,71
8,50,0,268,134047,74
8,50,0,269,134552,83
8,50,0,270,135047,69
8,50,0,271,135552,78
8,50,0,272,136047,72
8,50,0,273,136552,77
8,50,0,274,137047,75
8,50,0,275,137552,73
8,50,0,276,138047,60
8,50,0,277,138552,85
8,50,0,278,139047,54
8,50,0,279,139552,78
8,50,0,280,140047,52
8,50,0,281,140552,63
8,50,0,282,141047,56
8,50,0,283,141551,75
8,50,0,284,142047,59
8,50,0,285,142552,89
8,50,0,286,143048,31
8,50,0,287,143551,79
8,50,0,288,144048,92
8,50,0,289,144552,27
8,50,0,290,145047,76
8,50,0,291,145552,67
8,50,0,292,146047,57
8,50,0,293,146552,75
8,50,0,294,147047,74
8,50,0,295,147552,55
8,50,0,296,148047,83
8,50,0,297,148552,73
8,50,0,298,149047,55
8,50,0,299,149552,88
8,50,0,300,150048,45
8,50,0,301,150552,62
8,50,0,302,151047,61
8,50,0,303,151552,77
8,50,0,304,152047,71
8,50,0,305,152552,60
8,50,0,306,153047,77
8,50,0,307,153552,61
8,50,0,308,154047,111
8,50,0,309,154552,45
8,50,0,310,155047,63
8,50,0,311,155552,64
8,50,0,312,156047,87
8,50,0,313,156552,55
8,50,0,314,157047,59
8,50,0,315,157552,87
8,50,0,316,158047,73
8,50,0,317,158552,43
8,50,0,318,159047,90
8,50,0,319,159552,73
8,50,0,320,160047,47
8,50,0,321,160552,43
8,50,0,322,161047,125
8,50,0,323,161552,45
8,50,0,324,162047,87
8,50,0,325,162552,68
8,50,0,326,163047,92
8,50,0,327,163552,109
8,50,0,328,164047,75
8,50,0,329,164552,59
8,50,0,330,165047,87
8,50,0,331,165552,82
8,50,0,332,166047,73
8,50,0,333,166552,117
8,50,0,334,167047,57
8,50,0,335,167552,109
8,50,0,336,168047,79
8,50,0,337,168551,77
8,50,0,338,169047,92
8,50,0,339,169551,83
8,50,0,340,170047,89
8,50,0,341,170552,70
8,50,0,342,171047,69
8,50,0,343,171552,84
8,50,0,344,172047,89
8,50,0,345,172551,55
8,50,0,346,173048,63
8,50,0,347,173551,82
8,50,0,348,174048,69
8,50,0,349,174552,63
8,50,0,350,175047,61
8,50,0,351,175552,87
8,50,0,352,176047,77
8,50,0,353,176551,69
8,50,0,354,177048,71
8,50,0,355,177552,72
8,50,0,356,178047,51
8,50,0,357,178552,57
8,50,0,358,179047,83
8,50,0,359,179552,69
8,50,0,360,180047,59
8,50,0,361,180552,75
8,50,0,362,181047,52
8,50,0,363,181552,85
8,50,0,364,182047,76
8,50,0,365,182552,53
8,50,0,366,183047,67
8,50,0,367,183552,69
8,50,0,368,184047,77
8,50,0,369,184552,58
8,50,0,370,185047,63
8,50,0,371,185552,80
8,50,0,372,186047,46
8,50,0,373,186552,116
8,50,0,374,187047,59
8,50,0,375,187552,19
8,50,0,376,188047,61
8,50,0,377,188552,105
8,50,0,378,189047,45
8,50,0,379,189552,59
8,50,0,380,190047,77
8,50,0,381,190552,51
8,50,0,382,191047,86
8,50,0,383,191552,77
8,50,0,384,192047,87
8,50,0,385,192552,61
8,50,0,386,193047,62
8,50,0,387,193552,89
8,50,0,388,194047,48
8,50,0,389,194552,59
8,50,0,390,195048,99
8,50,0,391,195552,41
8,50,0,392,196048,69
8,50,0,393,196552,60
8,50,0,394,197047,87
8,50,0,395,197552,59
8,50,0,396,198047,85
8,50,0,397,198552,63
8,50,0,398,199048,97
8,50,0,399,199552,74
8,50,0,400,200047,75
8,50,0,401,200552,47
8,50,0,402,201047,75
8,50,0,403,201552,90
8,50,0,404,202047,43
8,50,0,405,202552,91
8,50,0,406,203047,80
8,50,0,407,203552,103
8,50,0,408,204047,47
8,50,0,409,204552,91
8,50,0,410,205047,62
8,50,0,411,205552,83
8,50,0,412,206047,100
8,50,0,413,206552,60
8,50,0,414,207047,71
8,50,0,415,207552,71
8,50,0,416,208047,95
8,50,0,417,208552,72
8,50,0,418,209047,62
8,50,0,419,209552,55
8,50,0,420,210047,103
8,50,0,421,210552,54
8,50,0,422,211047,71
8,50,0,423,211552,62
8,50,0,424,212047,105
8,50,0,425,212552,39
8,50,0,426,213047,69
8,50,0,427,213552,91
8,50,0,428,214047,57
8,50,0,429,214552,59
8,50,0,430,215047,55
8,50,0,431,215552,59
8,50,0,432,216047,74
8,50,0,433,216552,71
8,50,0,434,217047,62
8,50,0,435,217552,62
8,50,0,436,218047,54
8,50,0,437,218552,67
8,50,0,438,219047,56
8,50,0,439,219552,56
8,50,0,440,220047,69
8,50,0,441,220552,60
8,50,0,442,221047,45
8,50,0,443,221552,57
8,50,0,444,222048,97
8,50,0,445,222551,55
8,50,0,446,223048,70
8,50,0,447,223552,51
8,50,0,448,224047,83
8,50,0,449,224552,40
8,50,0,450,225047,31
8,50,0,451,225552,86
8,50,0,452,226047,55
8,50,0,453,226552,93
8,50,0,454,227047,54
8,50,0,455,227552,54
8,50,0,456,228047,105
8,50,0,457,228552,81
8,50,0,458,229047,57
8,50,0,459,229552,36
8,50,0,460,230047,119
8,50,0,461,230551,59
8,50,0,462,231047,69
8,50,0,463,231551,71
8,50,0,464,232047,95
8,50,0,465,232551,59
8,50,0,466,233047,76
8,50,0,467,233551,74
8,50,0,468,234047,81
8,50,0,469,234551,85
8,50,0,470,235047,60
8,50,0,471,235552,87
8,50,0,472,236048,55
8,50,0,473,236552,103
8,50,0,474,237048,57
8,50,0,475,237552,52
8,50,0,476,238047,119
8,50,0,477,238552,73
8,50,0,478,239047,73
8,50,0,479,239552,77
8,50,0,480,240047,70
8,50,0,481,240552,55
8,50,0,482,241047,57
8,50,0,483,241552,75
8,50,0,484,242047,63
8,50,0,485,242552,53
8,50,0,486,243047,67
8,50,0,487,243552,52
8,50,0,488,244047,51
8,50,0,489,244552,75
8,50,0,490,245047,59
8,50,0,491,245552,47
8,50,0,492,246047,59
8,50,0,493,246552,87
8,50,0,494,247047,60
8,50,0,495,247552,69
8,50,0,496,248047,57
8,50,0,497,248552,85
8,50,0,498,249047,69
8,50,0,499,249552,68
8,50,0,500,250047,59
8,50,0,501,250552,69
8,50,0,502,251047,79
8,50,0,503,251552,75
8,50,0,504,252047,61
8,50,0,505,252552,61
8,50,0,506,253047,79
8,50,0,507,253552,56
8,50,0,508,254047,53
8,50,0,509,254552,87
8,50,0,510,255047,84
8,50,0,511,255552,68
8,50,0,512,256047,63
8,50,0,513,256552,68
8,50,0,514,257047,89
8,50,0,515,257552,48
8,50,0,516,258047,53
8,50,0,517,258552,81
8,50,0,518,259047,69
8,50,0,519,259552,71
8,50,0,520,260047,81
8,50,0,521,260551,53
8,50,0,522,261048,91
8,50,0,523,261552,63
8,50,0,524,262048,55
8,50,0,525,262552,69
8,50,0,526,263047,85
8,50,0,527,263552,53
8,50,0,528,264047,71
8,50,0,529,264552,58
8,50,0,530,265048,75
8,50,0,531,265552,88
8,50,0,532,266047,69
8,50,0,533,266552,60
8,50,0,534,267047,73
8,50,0,535,267552,56
8,50,0,536,268047,111
8,50,0,537,268552,63
8,50,0,538,269047,57
8,50,0,539,269552,69
8,50,0,540,270047,83
8,50,0,541,270552,59
8,50,0,542,271047,75
8,50,0,543,271552,69
8,50,0,544,272047,90
8,50,0,545,272552,76
8,50,0,546,273047,67
8,50,0,547,273552,77
8,50,0,548,274047,75
8,50,0,549,274552,75
8,50,0,550,275047,73
8,50,0,551,275552,73
8,50,0,552,276047,75
8,50,0,553,276551,60
8,50,0,554,277047,67
8,50,0,555,277551,55
8,50,0,556,278048,60
8,50,0,557,278551,68
8,50,0,558,279048,40
8,50,0,559,279552,61
8,50,0,560,280047,63
8,50,0,561,280552,59
8,50,0,562,281047,85
8,50,0,563,281552,69
8,50,0,564,282047,62
8,50,0,565,282552,55
8,50,0,566,283047,44
8,50,0,567,283552,79
8,50,0,568,284047,41
8,50,0,569,284552,74
8,50,0,570,285047,45
8,50,0,571,285551,82
8,50,0,572,286048,61
8,50,0,573,286552,83
8,50,0,574,287048,59
8,50,0,575,287552,78
8,50,0,576,288047,58
8,50,0,577,288552,57
8,50,0,578,289047,89
8,50,0,579,289552,68
8,50,0,580,290047,73
8,50,0,581,290552,72
8,50,0,582,291047,86
8,50,0,583,291552,53
8,50,0,584,292047,73
8,50,0,585,292552,71
8,50,0,586,293047,58
8,50,0,587,293552,55
8,50,0,588,294047,138
8,50,0,589,294552,45
8,50,0,590,295047,61
8,50,0,591,295552,75
8,50,0,592,296047,75
8,50,0,593,296552,64
8,50,0,594,297047,87
8,50,0,595,297552,84
8,50,0,596,298047,103
8,50,0,597,298552,53
8,50,0,598,299047,71
8,50,0,599,299552,103
8,50,0,600,300047,52
8,50,0,601,300552,62
8,50,0,602,301047,85
8,50,0,603,301552,74
8,50,0,604,302047,69
8,50,0,605,302552,107
8,50,0,606,303047,60
8,50,0,607,303552,61
8,50,0,608,304047,78
8,50,0,609,304552,69
8,50,0,610,305047,68
8,50,0,611,305551,70
8,50,0,612,306047,69
8,50,0,613,306551,69
8,50,0,614,307048,61
8,50,0,615,307551,82
8,50,0,616,308048,69
8,50,0,617,308552,72
8,50,0,618,309047,68
8,50,0,619,309552,83
8,50,0,620,310047,35
8,50,0,621,310552,90
8,50,0,622,311047,72
8,50,0,623,311552,59
8,50,0,624,312047,55
8,50,0,625,312551,77
8,50,0,626,313048,73
8,50,0,627,313552,67
8,50,0,628,314047,69
8,50,0,629,314552,60
8,50,0,630,315047,68
8,50,0,631,315552,93
8,50,0,632,316047,69
8,50,0,633,316552,59
8,50,0,634,317047,71
8,50,0,635,317552,62
8,50,0,636,318047,79
8,50,0,637,318552,37
8,50,0,638,319047,45
8,50,0,639,319552,71
8,50,0,640,320047,69
8,50,0,641,320552,57
8,50,0,642,321047,69
8,50,0,643,321552,76
8,50,0,644,322047,88
8,50,0,645,322552,60
8,50,0,646,323047,29
8,50,0,647,323552,163
8,50,0,648,324047,58
8,50,0,649,324552,17
8,50,0,650,325047,91
8,50,0,651,325552,61
8,50,0,652,326047,59
8,50,0,653,326552,69
8,50,0,654,327047,71
8,50,0,655,327552,55
8,50,0,656,328047,91
8,50,0,657,328552,52
8,50,0,658,329047,83
8,50,0,659,329552,75
8,50,0,660,330047,127
8,50,0,661,330552,55
8,50,0,662,331047,41
8,50,0,663,331552,85
8,50,0,664,332047,100
8,50,0,665,332552,46
8,50,0,666,333047,71
8,50,0,667,333552,78
8,50,0,668,334047,69
8,50,0,669,334552,69
8,50,0,670,335047,45
8,50,0,671,335552,92
8,50,0,672,336047,47
8,50,0,673,336551,52
8,50,0,674,337048,47
8,50,0,675,337552,64
8,50,0,676,338048,42
8,50,0,677,338552,73
8,50,0,678,339047,54
8,50,0,679,339552,56
8,50,0,680,340047,55
8,50,0,681,340552,117
8,50,0,682,341047,39
8,50,0,683,341552,104
8,50,0,684,342047,59
8,50,0,685,342552,99
8,50,0,686,343047,55
8,50,0,687,343552,83
8,50,0,688,344047,74
8,50,0,689,344552,85
8,50,0,690,345047,75
8,50,0,691,345552,63
8,50,0,692,346047,107
8,50,0,693,346552,83
8,50,0,694,347047,78
8,50,0,695,347552,61
8,50,0,696,348047,83
8,50,0,697,348552,69
8,50,0,698,349047,78
8,50,0,699,349552,85
8,50,0,700,350047,71
8,50,0,701,350552,73
8,50,0,702,351047,91
8,50,0,703,351552,63
8,50,0,704,352047,75
8,50,0,705,352552,87
8,50,0,706,353047,71
8,50,0,707,353551,74
8,50,0,708,354048,61
8,50,0,709,354551,61
8,50,0,710,355048,79
8,50,0,711,355552,47
8,50,0,712,356047,83
8,50,0,713,356552,55
8,50,0,714,357047,73
8,50,0,715,357552,57
8,50,0,716,358047,69
8,50,0,717,358552,68
8,50,0,718,359047,56
8,50,0,719,359552,50
8,50,0,720,360047,71
8,50,0,721,360552,51
8,50,0,722,361047,52
8,50,0,723,361552,47
8,50,0,724,362047,54
8,50,0,725,362552,52
8,50,0,726,363047,60
8,50,0,727,363551,45
8,50,0,728,364047,59
8,50,0,729,364551,45
8,50,0,730,365047,83
8,50,0,731,365551,47
8,50,0,732,366047,67
8,50,0,733,366551,77
8,50,0,734,367048,72
8,50,0,735,367551,44
8,50,0,736,368048,72
8,50,0,737,368552,53
8,50,0,738,369047,73
8,50,0,739,369552,83
8,50,0,740,370047,73
8,50,0,741,370552,91
8,50,0,742,371047,77
8,50,0,743,371552,82
8,50,0,744,372047,70
8,50,0,745,372552,97
8,50,0,746,373047,71
8,50,0,747,373552,92
8,50,0,748,374047,77
8,50,0,749,374552,91
8,50,0,750,375047,89
8,50,0,751,375552,95
8,50,0,752,376047,93
8,50,0,753,376552,88
8,50,0,754,377047,57
8,50,0,755,377552,103
8,50,0,756,378047,83
8,50,0,757,378552,77
8,50,0,758,379047,73
8,50,0,759,379552,59
8,50,0,760,380048,83
8,50,0,761,380551,79
8,50,0,762,381048,46
8,50,0,763,381552,89
8,50,0,764,382047,55
8,50,0,765,382552,79
8,50,0,766,383048,46
8,50,0,767,383552,73
8,50,0,768,384047,75
8,50,0,769,384552,61
8,50,0,770,385047,61
8,50,0,771,385552,60
8,50,0,772,386048,61
8,50,0,773,386552,61
8,50,0,774,387047,59
8,50,0,775,387552,45
8,50,0,776,388047,83
8,50,0,777,388552,62
8,50,0,778,389047,57
8,50,0,779,389552,41
8,50,0,780,390047,57
8,50,0,781,390552,57
8,50,0,782,391047,52
8,50,0,783,391552,47
8,50,0,784,392047,69
8,50,0,785,392552,73
8,50,0,786,393047,61
8,50,0,787,393552,31
8,50,0,788,394047,90
8,50,0,789,394552,24
8,50,0,790,395047,70
8,50,0,791,395552,57
8,50,0,792,396047,63
8,50,0,793,396552,63
8,50,0,794,397047,51
8,50,0,795,397552,71
8,50,0,796,398047,53
8,50,0,797,398552,60
8,50,0,798,399047,87
8,50,0,799,399552,57
8,50,0,800,400048,55
8,50,0,801,400551,84
8,50,0,802,401048,56
8,50,0,803,401552,86
8,50,0,804,402047,89
8,50,0,805,402552,73
8,50,0,806,403047,79
8,50,0,807,403552,69
8,50,0,808,404047,75
8,50,0,809,404552,116
8,50,0,810,405047,53
8,50,0,811,405552,115
8,50,0,812,406047,90
8,50,0,813,406552,105
8,50,0,814,407047,80
8,50,0,815,407552,69
8,50,0,816,408047,106
8,50,0,817,408552,86
8,50,0,818,409047,91
8,50,0,819,409552,83
8,50,0,820,410048,118
8,50,0,821,410551,68
8,50,0,822,411048,75
8,50,0,823,411552,77
8,50,0,824,412047,73
8,50,0,825,412552,74
8,50,0,826,413047,77
8,50,0,827,413552,62
8,50,0,828,414047,69
8,50,0,829,414552,81
8,50,0,830,415047,67
8,50,0,831,415552,61
8,50,0,832,416047,72
8,50,0,833,416552,70
8,50,0,834,417047,55
8,50,0,835,417552,78
8,50,0,836,418047,71
8,50,0,837,418552,57
8,50,0,838,419047,78
8,50,0,839,419552,71
8,50,0,840,420047,54
8,50,0,841,420551,71
8,50,0,842,421048,43
8,50,0,843,421552,53
8,50,0,844,422047,75
8,50,0,845,422551,55
8,50,0,846,423048,53
8,50,0,847,423552,73
8,50,0,848,424047,56
8,50,0,849,424552,47
8,50,0,850,425047,71
8,50,0,851,425552,43
8,50,0,852,426047,37
8,50,0,853,426552,85
8,50,0,854,427047,43
8,50,0,855,427552,59
8,50,0,856,428047,89
8,50,0,857,428552,39
8,50,0,858,429047,69
8,50,0,859,429552,76
8,50,0,860,430047,69
8,50,0,861,430552,53
8,50,0,862,431047,58
8,50,0,863,431552,85
8,50,0,864,432047,73
8,50,0,865,432552,51
8,50,0,866,433047,71
8,50,0,867,433552,57
8,50,0,868,434047,93
8,50,0,869,434552,43
8,50,0,870,435047,92
8,50,0,871,435552,61
8,50,0,872,436047,63
8,50,0,873,436552,67
8,50,0,874,437047,56
8,50,0,875,437552,77
8,50,0,876,438047,76
8,50,0,877,438552,79
8,50,0,878,439047,59
8,50,0,879,439552,59
8,50,0,880,440047,67
8,50,0,881,440552,48
8,50,0,882,441047,76
8,50,0,883,441552,63
8,50,0,884,442047,55
8,50,0,885,442552,74
8,50,0,886,443047,75
8,50,0,887,443552,73
8,50,0,888,444047,59
8,50,0,889,444552,81
8,50,0,890,445047,52
8,50,0,891,445552,69
8,50,0,892,446047,89
8,50,0,893,446552,73
8,50,0,894,447047,74
8,50,0,895,447552,68
8,50,0,896,448047,71
8,50,0,897,448551,90
8,50,0,898,449047,77
8,50,0,899,449552,90
8,50,0,900,450047,85
8,50,0,901,450551,82
8,50,0,902,451048,87
8,50,0,903,451551,83
8,50,0,904,452048,83
8,50,0,905,452552,77
8,50,0,906,453047,88
8,50,0,907,453552,73
8,50,0,908,454047,99
8,50,0,909,454552,61
8,50,0,910,455047,91
8,50,0,911,455552,53
8,50,0,912,456047,78
8,50,0,913,456552,77
8,50,0,914,457047,47
8,50,0,915,457552,71
8,50,0,916,458047,91
8,50,0,917,458552,61
8,50,0,918,459047,75
8,50,0,919,459552,72
8,50,0,920,460047,60
8,50,0,921,460552,78
8,50,0,922,461047,79
8,50,0,923,461552,41
8,50,0,924,462047,57
8,50,0,925,462552,56
8,50,0,926,463047,91
8,50,0,927,463552,19
8,50,0,928,464048,61
8,50,0,929,464551,84
8,50,0,930,465048,61
8,50,0,931,465552,69
8,50,0,932,466047,87
8,50,0,933,466552,57
8,50,0,934,467047,79
8,50,0,935,467552,67
8,50,0,936,468047,59
8,50,0,937,468552,74
8,50,0,938,469047,45
8,50,0,939,469552,84
8,50,0,940,470047,35
8,50,0,941,470552,59
8,50,0,942,471047,51
8,50,0,943,471552,53
8,50,0,944,472047,61
8,50,0,945,472552,59
8,50,0,946,473047,60
8,50,0,947,473552,24
8,50,0,948,474047,70
8,50,0,949,474552,59
8,50,0,950,475047,71
8,50,0,951,475552,55
8,50,0,952,476047,60
8,50,0,953,476552,63
8,50,0,954,477047,75
8,50,0,955,477552,68
8,50,0,956,478047,83
8,50,0,957,478552,57
8,50,0,958,479047,89
8,50,0,959,479552,61
8,50,0,960,480047,69
8,50,0,961,480552,69
8,50,0,962,481047,69
8,50,0,963,481552,77
8,50,0,964,482047,85
8,50,0,965,482551,90
8,50,0,966,483048,27
8,50,0,967,483551,99
8,50,0,968,484048,53
8,50,0,969,484552,79
8,50,0,970,485047,73
8,50,0,971,485552,99
8,50,0,972,486047,71
8,50,0,973,486552,75
8,50,0,974,487047,53
8,50,0,975,487552,77
8,50,0,976,488047,60
8,50,0,977,488552,62
8,50,0,978,489047,83
8,50,0,979,489552,55
8,50,0,980,490047,55
8,50,0,981,490552,82
8,50,0,982,491047,61
8,50,0,983,491552,68
8,50,0,984,492048,53
8,50,0,985,492551,46
8,50,0,986,493048,62
8,50,0,987,493552,53
8,50,0,988,494047,75
8,50,0,989,494552,61
8,50,0,990,495047,53
8,50,0,991,495552,77
8,50,0,992,496047,69
8,50,0,993,496551,63
8,50,0,994,497048,54
8,50,0,995,497552,85
8,50,0,996,498047,89
8,50,0,997,498552,77
8,50,0,998,499047,83
8,50,0,999,499552,73
8,50,0,1000,500047,105
8,50,0,1001,500552,67
8,50,0,1002,501047,54
8,50,0,1003,501552,76
8,50,0,1004,502047,91
8,50,0,1005,502552,62
8,50,0,1006,503047,67
8,50,0,1007,503552,75
8,50,0,1008,504047,56
8,50,0,1009,504552,71
8,50,0,1010,505047,47
8,50,0,1011,505552,69
8,50,0,1012,506047,55
8,50,0,1013,506552,69
8,50,0,1014,507047,87
8,50,0,1015,507552,60
8,50,0,1016,508047,83
8,50,0,1017,508552,54
8,50,0,1018,509047,59
8,50,0,1019,509552,56
8,50,0,1020,510047,87
8,50,0,1021,510551,31
8,50,0,1022,511047,57
8,50,0,1023,511551,71
8,50,0,1024,512048,55
8,50,0,1025,512552,62
8,50,0,1026,513047,69
8,50,0,1027,513552,87
8,50,0,1028,514048,46
8,50,0,1029,514552,43
8,50,0,1030,515047,71
8,50,0,1031,515552,69
8,50,0,1032,516047,73
8,50,0,1033,516552,77
8,50,0,1034,517048,47
8,50,0,1035,517552,71
8,50,0,1036,518047,89
8,50,0,1037,518552,69
8,50,0,1038,519047,76
8,50,0,1039,519552,73
8,50,0,1040,520047,73
8,50,0,1041,520552,87
8,50,0,1042,521047,70
8,50,0,1043,521552,63
8,50,0,1044,522047,93
8,50,0,1045,522552,72
8,50,0,1046,523047,68
8,50,0,1047,523552,84
8,50,0,1048,524047,88
8,50,0,1049,524552,71
8,50,0,1050,525047,83
8,50,0,1051,525551,40
8,50,0,1052,526048,83
8,50,0,1053,526552,69
8,50,0,1054,527048,90
8,50,0,1055,527552,57
8,50,0,1056,528047,21
8,50,0,1057,528552,56
8,50,0,1058,529047,112
8,50,0,1059,529552,37
8,50,0,1060,530047,53
8,50,0,1061,530552,39
8,50,0,1062,531047,42
8,50,0,1063,531552,69
8,50,0,1064,532047,63
8,50,0,1065,532552,45
8,50,0,1066,533047,71
8,50,0,1067,533552,71
8,50,0,1068,534047,59
8,50,0,1069,534552,60
8,50,0,1070,535047,76
8,50,0,1071,535552,77
8,50,0,1072,536047,59
8,50,0,1073,536552,68
8,50,0,1074,537047,59
8,50,0,1075,537552,83
8,50,0,1076,538047,63
8,50,0,1077,538552,75
8,50,0,1078,539047,81
8,50,0,1079,539552,78
8,50,0,1080,540047,72
8,50,0,1081,540552,83
8,50,0,1082,541047,89
8,50,0,1083,541552,89
8,50,0,1084,542047,78
8,50,0,1085,542552,82
8,50,0,1086,543047,94
8,50,0,1087,543552,85
8,50,0,1088,544047,92
8,50,0,1089,544551,89
8,50,0,1090,545047,84
8,50,0,1091,545551,78
8,50,0,1092,546047,111
8,50,0,1093,546551,78
8,50,0,1094,547048,56
8,50,0,1095,547552,104
8,50,0,1096,548048,89
8,50,0,1097,548552,67
8,50,0,1098,549047,79
8,50,0,1099,549552,56
8,50,0,1100,550047,106
8,50,0,1101,550552,19
8,50,0,1102,551047,103
8,50,0,1103,551552,60
8,50,0,1104,552047,72
8,50,0,1105,552552,59
8,50,0,1106,553047,75
8,50,0,1107,553552,30
8,50,0,1108,554047,79
8,50,0,1109,554552,67
8,50,0,1110,555047,57
8,50,0,1111,555552,51
8,50,0,1112,556047,48
8,50,0,1113,556552,53
8,50,0,1114,557047,83
8,50,0,1115,557552,43
8,50,0,1116,558047,43
8,50,0,1117,558552,84
8,50,0,1118,559047,60
8,50,0,1119,559552,40
8,50,0,1120,560047,71
8,50,0,1121,560552,72
8,50,0,1122,561047,71
8,50,0,1123,561552,51
8,50,0,1124,562047,73
8,50,0,1125,562552,72
8,50,0,1126,563047,38
8,50,0,1127,563552,92
8,50,0,1128,564047,59
8,50,0,1129,564551,75
8,50,0,1130,565047,74
8,50,0,1131,565552,45
8,50,0,1132,566048,101
8,50,0,1133,566551,47
8,50,0,1134,567048,76
8,50,0,1135,567552,83
8,50,0,1136,568047,56
8,50,0,1137,568552,61
8,50,0,1138,569048,89
8,50,0,1139,569552,59
8,50,0,1140,570047,91
8,50,0,1141,570552,107
8,50,0,1142,571047,69
8,50,0,1143,571552,93
8,50,0,1144,572047,76
8,50,0,1145,572552,99
8,50,0,1146,573047,61
8,50,0,1147,573552,81
8,50,0,1148,574047,94
8,50,0,1149,574552,77
8,50,0,1150,575047,101
8,50,0,1151,575552,70
8,50,0,1152,576047,89
8,50,0,1153,576552,71
8,50,0,1154,577047,118
8,50,0,1155,577552,51
8,50,0,1156,578047,103
8,50,0,1157,578552,70
8,50,0,1158,579047,71
8,50,0,1159,579552,62
8,50,0,1160,580047,85
8,50,0,1161,580552,61
8,50,0,1162,581047,85
8,50,0,1163,581552,68
8,50,0,1164,582047,97
8,50,0,1165,582551,55
8,50,0,1166,583047,75
8,50,0,1167,583551,83
8,50,0,1168,584047,51
8,50,0,1169,584551,78
8,50,0,1170,585048,58
8,50,0,1171,585551,85
8,50,0,1172,586048,44
8,50,0,1173,586552,89
8,50,0,1174,587047,51
8,50,0,1175,587552,84
8,50,0,1176,588047,47
8,50,0,1177,588552,61
8,50,0,1178,589047,55
8,50,0,1179,589552,58
8,50,0,1180,590047,55
8,50,0,1181,590552,72
8,50,0,1182,591047,53
8,50,0,1183,591552,61
8,50,0,1184,592047,57
8,50,0,1185,592552,71
8,50,0,1186,593047,56
8,50,0,1187,593551,53
8,50,0,1188,594048,56
8,50,0,1189,594552,47
8,50,0,1190,595048,57
8,50,0,1191,595552,51
8,50,0,1192,596047,60
8,50,0,1193,596552,61
8,50,0,1194,597047,59
8,50,0,1195,597552,63
8,50,0,1196,598047,67
8,50,0,1197,598552,85
8,50,0,1198,599047,71
8,50,0,1199,599552,53
8,50,0,1200,600047,99
8,50,0,1201,600552,48
8,50,0,1202,601047,58
8,50,0,1203,601552,101
8,50,0,1204,602047,89
8,50,0,1205,602552,59
8,50,0,1206,603047,74
8,50,0,1207,603552,82
8,50,0,1208,604047,70
8,50,0,1209,604552,55
8,50,0,1210,605048,103
8,50,0,1211,605551,69
8,50,0,1212,606048,85
8,50,0,1213,606552,71
8,50,0,1214,607047,70
8,50,0,1215,607552,62
8,50,0,1216,608047,62
8,50,0,1217,608552,76
8,50,0,1218,609048,75
8,50,0,1219,609552,71
8,50,0,1220,610047,54
8,50,0,1221,610552,75
8,50,0,1222,611047,81
8,50,0,1223,611552,55
8,50,0,1224,612047,59
8,50,0,1225,612552,86
8,50,0,1226,613047,74
8,50,0,1227,613552,43
8,50,0,1228,614047,73
8,50,0,1229,614552,67
8,50,0,1230,615047,53
8,50,0,1231,615552,81
8,50,0,1232,616047,61
8,50,0,1233,616552,48
8,50,0,1234,617047,70
8,50,0,1235,617552,75
8,50,0,1236,618047,58
8,50,0,1237,618552,61
8,50,0,1238,619047,53
8,50,0,1239,619552,75
8,50,0,1240,620047,74
8,50,0,1241,620552,73
8,50,0,1242,621047,48
8,50,0,1243,621552,59
8,50,0,1244,622047,70
8,50,0,1245,622552,35
8,50,0,1246,623047,53
8,50,0,1247,623552,75
8,50,0,1248,624047,51
8,50,0,1249,624552,48
8,50,0,1250,625047,53
8,50,0,1251,625552,69
8,50,0,1252,626047,54
8,50,0,1253,626552,45
8,50,0,1254,627047,77
8,50,0,1255,627552,68
8,50,0,1256,628047,53
8,50,0,1257,628552,67
8,50,0,1258,629047,75
8,50,0,1259,629552,69
8,50,0,1260,630047,37
8,50,0,1261,630552,86
8,50,0,1262,631047,84
8,50,0,1263,631552,67
8,50,0,1264,632047,55
8,50,0,1265,632552,70
8,50,0,1266,633047,59
8,50,0,1267,633552,61
8,50,0,1268,634047,87
8,50,0,1269,634552,59
8,50,0,1270,635047,75
8,50,0,1271,635552,74
8,50,0,1272,636047,78
8,50,0,1273,636552,47
8,50,0,1274,637047,90
8,50,0,1275,637552,48
8,50,0,1276,638047,109
8,50,0,1277,638552,63
8,50,0,1278,639047,85
8,50,0,1279,639552,67
8,50,0,1280,640047,85
8,50,0,1281,640552,63
8,50,0,1282,641047,68
8,50,0,1283,641552,75
8,50,0,1284,642047,71
8,50,0,1285,642552,74
8,50,0,1286,643047,28
8,50,0,1287,643552,91
8,50,0,1288,644047,55
8,50,0,1289,644552,61
8,50,0,1290,645047,74
8,50,0,1291,645552,59
8,50,0,1292,646047,47
8,50,0,1293,646552,69
8,50,0,1294,647047,55
8,50,0,1295,647552,72
8,50,0,1296,648047,74
8,50,0,1297,648552,77
8,50,0,1298,649047,74
8,50,0,1299,649552,59
8,50,0,1300,650047,75
8,50,0,1301,650552,79
8,50,0,1302,651047,55
8,50,0,1303,651552,74
8,50,0,1304,652047,75
8,50,0,1305,652552,78
8,50,0,1306,653047,50
8,50,0,1307,653552,63
8,50,0,1308,654047,105
8,50,0,1309,654552,37
8,50,0,1310,655047,95
8,50,0,1311,655552,41
8,50,0,1312,656047,87
8,50,0,1313,656552,53
8,50,0,1314,657047,63
8,50,0,1315,657552,54
8,50,0,1316,658047,75
8,50,0,1317,658551,92
8,50,0,1318,659048,71
8,50,0,1319,659551,71
8,50,0,1320,660048,61
8,50,0,1321,660552,121
8,50,0,1322,661047,47
8,50,0,1323,661552,91
8,50,0,1324,662047,76
8,50,0,1325,662552,56
8,50,0,1326,663048,77
8,50,0,1327,663552,83
8,50,0,1328,664047,57
8,50,0,1329,664552,72
8,50,0,1330,665047,134
8,50,0,1331,665552,59
8,50,0,1332,666047,82
8,50,0,1333,666552,58
8,50,0,1334,667047,110
8,50,0,1335,667552,62
8,50,0,1336,668047,71
8,50,0,1337,668552,89
8,50,0,1338,669047,58
8,50,0,1339,669552,77
8,50,0,1340,670047,72
8,50,0,1341,670552,59
8,50,0,1342,671047,75
8,50,0,1343,671552,84
8,50,0,1344,672047,91
8,50,0,1345,672552,45
8,50,0,1346,673047,61
8,50,0,1347,673552,71
8,50,0,1348,674047,78
8,50,0,1349,674552,84
8,50,0,1350,675047,57
8,50,0,1351,675551,91
8,50,0,1352,676047,40
8,50,0,1353,676551,77
8,50,0,1354,677048,87
8,50,0,1355,677551,57
8,50,0,1356,678048,51
8,50,0,1357,678552,104
8,50,0,1358,679047,57
8,50,0,1359,679552,77
8,50,0,1360,680047,67
8,50,0,1361,680552,63
8,50,0,1362,681047,55
8,50,0,1363,681552,107
8,50,0,1364,682047,39
8,50,0,1365,682552,56
8,50,0,1366,683047,71
8,50,0,1367,683552,63
8,50,0,1368,684047,45
8,50,0,1369,684552,78
8,50,0,1370,685047,45
8,50,0,1371,685552,55
8,50,0,1372,686047,63
8,50,0,1373,686552,69
8,50,0,1374,687047,59
8,50,0,1375,687552,55
8,50,0,1376,688047,63
8,50,0,1377,688552,57
8,50,0,1378,689047,73
8,50,0,1379,689552,45
8,50,0,1380,690047,69
8,50,0,1381,690552,73
8,50,0,1382,691047,71
8,50,0,1383,691552,58
8,50,0,1384,692047,71
8,50,0,1385,692552,51
8,50,0,1386,693047,53
8,50,0,1387,693552,75
8,50,0,1388,694048,61
8,50,0,1389,694551,69
8,50,0,1390,695048,44
8,50,0,1391,695552,63
8,50,0,1392,696047,76
8,50,0,1393,696552,67
8,50,0,1394,697047,43
8,50,0,1395,697552,77
8,50,0,1396,698047,72
8,50,0,1397,698552,71
8,50,0,1398,699047,51
8,50,0,1399,699552,69
8,50,0,1400,700047,60
8,50,0,1401,700552,53
8,50,0,1402,701047,61
8,50,0,1403,701552,47
8,50,0,1404,702047,57
8,50,0,1405,702552,71
8,50,0,1406,703047,47
8,50,0,1407,703552,63
8,50,0,1408,704047,58
8,50,0,1409,704552,61
8,50,0,1410,705047,55
8,50,0,1411,705552,85
8,50,0,1412,706047,57
8,50,0,1413,706552,63
8,50,0,1414,707047,68
8,50,0,1415,707552,68
8,50,0,1416,708047,45
8,50,0,1417,708552,53
8,50,0,1418,709047,61
8,50,0,1419,709552,72
8,50,0,1420,710047,41
8,50,0,1421,710552,62
8,50,0,1422,711047,103
8,50,0,1423,711552,53
8,50,0,1424,712047,82
8,50,0,1425,712552,72
8,50,0,1426,713047,63
8,50,0,1427,713552,73
8,50,0,1428,714047,57
8,50,0,1429,714552,83
8,50,0,1430,715047,59
8,50,0,1431,715552,56
8,50,0,1432,716047,70
8,50,0,1433,716552,63
8,50,0,1434,717047,61
8,50,0,1435,717552,59
8,50,0,1436,718047,57
8,50,0,1437,718552,117
8,50,0,1438,719047,75
8,50,0,1439,719552,59
8,50,0,1440,720047,91
8,50,0,1441,720552,72
8,50,0,1442,721048,55
8,50,0,1443,721551,77
8,50,0,1444,722048,93
8,50,0,1445,722552,75
8,50,0,1446,723047,77
8,50,0,1447,723552,96
8,50,0,1448,724047,83
8,50,0,1449,724552,91
8,50,0,1450,725047,70
8,50,0,1451,725552,85
8,50,0,1452,726047,94
8,50,0,1453,726552,87
8,50,0,1454,727047,57
8,50,0,1455,727552,85
8,50,0,1456,728047,89
8,50,0,1457,728552,88
8,50,0,1458,729047,95
8,50,0,1459,729552,55
8,50,0,1460,730047,101
8,50,0,1461,730552,83
8,50,0,1462,731047,47
8,50,0,1463,731552,62
8,50,0,1464,732047,48
8,50,0,1465,732552,104
8,50,0,1466,733047,77
8,50,0,1467,733552,47
8,50,0,1468,734047,76
8,50,0,1469,734552,69
8,50,0,1470,735047,56
8,50,0,1471,735552,73
8,50,0,1472,736048,85
8,50,0,1473,736551,90
8,50,0,1474,737048,83
8,50,0,1475,737552,62
8,50,0,1476,738047,54
8,50,0,1477,738552,83
8,50,0,1478,739047,55
8,50,0,1479,739552,71
8,50,0,1480,740047,59
8,50,0,1481,740552,115
8,50,0,1482,741047,59
8,50,0,1483,741552,75
8,50,0,1484,742047,132
8,50,0,1485,742552,56
8,50,0,1486,743047,78
8,50,0,1487,743552,59
8,50,0,1488,744047,54
8,50,0,1489,744552,78
8,50,0,1490,745047,52
8,50,0,1491,745552,57
8,50,0,1492,746047,73
8,50,0,1493,746552,73
8,50,0,1494,747047,90
8,50,0,1495,747552,85
8,50,0,1496,748048,77
8,50,0,1497,748551,57
8,50,0,1498,749048,111
8,50,0,1499,749552,46
8,50,0,1500,750047,43
8,50,0,1501,750552,60
8,50,0,1502,751047,105
8,50,0,1503,751552,75
8,50,0,1504,752047,51
8,50,0,1505,752552,91
8,50,0,1506,753047,87
8,50,0,1507,753552,75
8,50,0,1508,754047,55
8,50,0,1509,754552,100
8,50,0,1510,755047,119
8,50,0,1511,755552,39
8,50,0,1512,756047,73
8,50,0,1513,756552,99
8,50,0,1514,757047,69
8,50,0,1515,757552,68
8,50,0,1516,758047,80
8,50,0,1517,758552,85
8,50,0,1518,759047,71
8,50,0,1519,759552,54
8,50,0,1520,760047,85
8,50,0,1521,760551,83
8,50,0,1522,761047,60
8,50,0,1523,761551,78
8,50,0,1524,762047,79
8,50,0,1525,762552,93
8,50,0,1526,763047,60
8,50,0,1527,763552,57
8,50,0,1528,764047,93
8,50,0,1529,764552,73
8,50,0,1530,765047,73
8,50,0,1531,765552,72
8,50,0,1532,766047,87
8,50,0,1533,766552,53
8,50,0,1534,767047,82
8,50,0,1535,767552,86
8,50,0,1536,768047,53
8,50,0,1537,768552,59
8,50,0,1538,769048,75
8,50,0,1539,769552,72
8,50,0,1540,770047,39
8,50,0,1541,770552,91
8,50,0,1542,771047,71
8,50,0,1543,771552,45
8,50,0,1544,772047,59
8,50,0,1545,772552,75
8,50,0,1546,773047,69
8,50,0,1547,773552,53
8,50,0,1548,774047,37
8,50,0,1549,774552,59
8,50,0,1550,775047,52
8,50,0,1551,775552,71
8,50,0,1552,776047,76
8,50,0,1553,776552,56
8,50,0,1554,777047,63
8,50,0,1555,777552,45
8,50,0,1556,778047,82
8,50,0,1557,778552,56
8,50,0,1558,779047,23
8,50,0,1559,779551,61
8,50,0,1560,780047,51
8,50,0,1561,780551,60
8,50,0,1562,781047,69
8,50,0,1563,781551,60
8,50,0,1564,782047,72
8,50,0,1565,782552,70
8,50,0,1566,783047,62
8,50,0,1567,783552,63
8,50,0,1568,784047,101
8,50,0,1569,784552,71
8,50,0,1570,785048,71
8,50,0,1571,785551,73
8,50,0,1572,786048,68
8,50,0,1573,786552,72
8,50,0,1574,787047,75
8,50,0,1575,787552,83
8,50,0,1576,788047,40
8,50,0,1577,788552,85
8,50,0,1578,789047,69
8,50,0,1579,789552,72
8,50,0,1580,790047,77
8,50,0,1581,790552,85
8,50,0,1582,791047,71
8,50,0,1583,791552,74
8,50,0,1584,792047,74
8,50,0,1585,792552,54
8,50,0,1586,793047,77
8,50,0,1587,793552,55
8,50,0,1588,794047,61
8,50,0,1589,794552,75
8,50,0,1590,795047,84
8,50,0,1591,795552,52
8,50,0,1592,796047,77
8,50,0,1593,796552,53
8,50,0,1594,797047,75
8,50,0,1595,797552,59
8,50,0,1596,798047,45
8,50,0,1597,798552,58
8,50,0,1598,799047,95
8,50,0,1599,799552,69
8,50,0,1600,800047,56
8,50,0,1601,800552,59
8,50,0,1602,801047,91
8,50,0,1603,801552,55
8,50,0,1604,802047,67
8,50,0,1605,802552,59
8,50,0,1606,803047,51
8,50,0,1607,803552,68
8,50,0,1608,804047,59
8,50,0,1609,804552,47
8,50,0,1610,805047,57
8,50,0,1611,805552,56
8,50,0,1612,806047,73
8,50,0,1613,806552,57
8,50,0,1614,807047,79
8,50,0,1615,807551,59
8,50,0,1616,808047,72
8,50,0,1617,808552,60
8,50,0,1618,809047,79
8,50,0,1619,809552,74
8,50,0,1620,810047,63
8,50,0,1621,810552,73
8,50,0,1622,811047,59
8,50,0,1623,811551,83
8,50,0,1624,812048,60
8,50,0,1625,812552,47
8,50,0,1626,813048,59
8,50,0,1627,813552,71
8,50,0,1628,814047,54
8,50,0,1629,814552,70
8,50,0,1630,815047,73
8,50,0,1631,815552,59
8,50,0,1632,816047,73
8,50,0,1633,816552,75
8,50,0,1634,817047,55
8,50,0,1635,817552,59
8,50,0,1636,818047,55
8,50,0,1637,818552,95
8,50,0,1638,819047,81
8,50,0,1639,819552,25
8,50,0,1640,820047,57
8,50,0,1641,820552,63
8,50,0,1642,821047,43
8,50,0,1643,821552,69
8,50,0,1644,822047,85
8,50,0,1645,822552,39
8,50,0,1646,823047,79
8,50,0,1647,823552,68
8,50,0,1648,824047,45
8,50,0,1649,824552,73
8,50,0,1650,825047,67
8,50,0,1651,825551,59
8,50,0,1652,826048,73
8,50,0,1653,826552,61
8,50,0,1654,827048,44
8,50,0,1655,827552,50
8,50,0,1656,828047,86
8,50,0,1657,828552,52
8,50,0,1658,829047,75
8,50,0,1659,829552,53
8,50,0,1660,830047,61
8,50,0,1661,830552,83
8,50,0,1662,831047,83
8,50,0,1663,831552,45
8,50,0,1664,832047,93
8,50,0,1665,832552,72
8,50,0,1666,833047,121
8,50,0,1667,833552,57
8,50,0,1668,834047,59
8,50,0,1669,834552,99
8,50,0,1670,835047,100
8,50,0,1671,835552,54
8,50,0,1672,836047,75
8,50,0,1673,836552,93
8,50,0,1674,837048,87
8,50,0,1675,837551,68
8,50,0,1676,838048,78
8,50,0,1677,838552,100
8,50,0,1678,839047,95
8,50,0,1679,839552,75
8,50,0,1680,840047,79
8,50,0,1681,840552,89
8,50,0,1682,841047,89
8,50,0,1683,841552,69
8,50,0,1684,842047,72
8,50,0,1685,842552,75
8,50,0,1686,843047,70
8,50,0,1687,843552,100
8,50,0,1688,844047,61
8,50,0,1689,844552,70
8,50,0,1690,845047,75
8,50,0,1691,845552,53
8,50,0,1692,846047,61
8,50,0,1693,846552,89
8,50,0,1694,847047,59
8,50,0,1695,847552,63
8,50,0,1696,848047,61
8,50,0,1697,848552,56
8,50,0,1698,849047,68
8,50,0,1699,849552,76
8,50,0,1700,850047,69
8,50,0,1701,850552,50
8,50,0,1702,851047,63
8,50,0,1703,851552,71
8,50,0,1704,852047,57
8,50,0,1705,852552,57
8,50,0,1706,853047,59
8,50,0,1707,853552,59
8,50,0,1708,854047,71
8,50,0,1709,854552,60
8,50,0,1710,855047,63
8,50,0,1711,855552,43
8,50,0,1712,856047,57
8,50,0,1713,856552,71
8,50,0,1714,857047,41
8,50,0,1715,857551,88
8,50,0,1716,858048,27
8,50,0,1717,858552,87
8,50,0,1718,859048,30
8,50,0,1719,859552,59
8,50,0,1720,860047,63
8,50,0,1721,860552,56
8,50,0,1722,861047,69
8,50,0,1723,861552,41
8,50,0,1724,862047,55
8,50,0,1725,862552,56
8,50,0,1726,863047,108
8,50,0,1727,863552,36
8,50,0,1728,864047,79
8,50,0,1729,864552,57
8,50,0,1730,865047,79
8,50,0,1731,865552,56
8,50,0,1732,866047,84
8,50,0,1733,866552,71
8,50,0,1734,867047,75
8,50,0,1735,867552,75
8,50,0,1736,868047,62
8,50,0,1737,868552,89
8,50,0,1738,869047,33
8,50,0,1739,869552,107
8,50,0,1740,870047,57
8,50,0,1741,870552,68
8,50,0,1742,871047,96
8,50,0,1743,871552,89
8,50,0,1744,872047,63
8,50,0,1745,872552,57
8,50,0,1746,873047,87
8,50,0,1747,873552,71
8,50,0,1748,874047,79
8,50,0,1749,874551,37
8,50,0,1750,875048,89
8,50,0,1751,875552,83
8,50,0,1752,876048,61
8,50,0,1753,876552,77
8,50,0,1754,877047,83
8,50,0,1755,877552,72
8,50,0,1756,878047,90
8,50,0,1757,878552,42
8,50,0,1758,879047,107
8,50,0,1759,879552,46
8,50,0,1760,880047,59
8,50,0,1761,880552,55
8,50,0,1762,881047,101
8,50,0,1763,881552,63
8,50,0,1764,882047,57
8,50,0,1765,882552,72
8,50,0,1766,883047,77
8,50,0,1767,883552,84
8,50,0,1768,884047,73
8,50,0,1769,884552,60
8,50,0,1770,885047,73
8,50,0,1771,885552,69
8,50,0,1772,886047,72
8,50,0,1773,886552,85
8,50,0,1774,887047,69
8,50,0,1775,887552,75
8,50,0,1776,888047,86
8,50,0,1777,888552,61
8,50,0,1778,889047,75
8,50,0,1779,889552,63
8,50,0,1780,890047,84
8,50,0,1781,890552,53
8,50,0,1782,891047,75
8,50,0,1783,891552,75
8,50,0,1784,892047,77
8,50,0,1785,892552,89
8,50,0,1786,893047,57
8,50,0,1787,893552,57
8,50,0,1788,894047,63
8,50,0,1789,894552,100
8,50,0,1790,895047,38
8,50,0,1791,895552,72
8,50,0,1792,896047,77
8,50,0,1793,896552,63
8,50,0,1794,897047,47
8,50,0,1795,897552,71
8,50,0,1796,898047,57
8,50,0,1797,898552,75
8,50,0,1798,899047,61
8,50,0,1799,899552,61
8,50,0,1800,900047,75
8,50,0,1801,900551,69
8,50,0,1802,901048,53
8,50,0,1803,901551,51
8,50,0,1804,902048,75
8,50,0,1805,902552,37
8,50,0,1806,903047,61
8,50,0,1807,903552,43
8,50,0,1808,904047,87
8,50,0,1809,904552,41
8,50,0,1810,905048,45
8,50,0,1811,905552,73
8,50,0,1812,906047,53
8,50,0,1813,906552,55
8,50,0,1814,907047,63
8,50,0,1815,907552,58
8,50,0,1816,908047,51
8,50,0,1817,908552,53
8,50,0,1818,909047,93
8,50,0,1819,909552,45
8,50,0,1820,910047,75
8,50,0,1821,910552,56
8,50,0,1822,911048,67
8,50,0,1823,911552,73
8,50,0,1824,912048,71
8,50,0,1825,912552,64
8,50,0,1826,913047,79
8,50,0,1827,913552,44
8,50,0,1828,914047,56
8,50,0,1829,914552,83
8,50,0,1830,915047,53
8,50,0,1831,915552,59
8,50,0,1832,916047,73
8,50,0,1833,916552,57
8,50,0,1834,917047,62
8,50,0,1835,917552,94
8,50,0,1836,918047,70
8,50,0,1837,918552,70
8,50,0,1838,919047,55
8,50,0,1839,919552,71
8,50,0,1840,920047,68
8,50,0,1841,920552,53
8,50,0,1842,921047,79
8,50,0,1843,921552,59
8,50,0,1844,922047,73
8,50,0,1845,922552,45
8,50,0,1846,923047,71
8,50,0,1847,923552,57
8,50,0,1848,924047,61
8,50,0,1849,924552,61
8,50,0,1850,925047,87
8,50,0,1851,925551,61
8,50,0,1852,926047,71
8,50,0,1853,926552,76
8,50,0,1854,927047,78
8,50,0,1855,927551,69
8,50,0,1856,928048,69
8,50,0,1857,928552,75
8,50,0,1858,929048,79
8,50,0,1859,929552,63
8,50,0,1860,930047,81
8,50,0,1861,930552,76
8,50,0,1862,931047,85
8,50,0,1863,931552,74
8,50,0,1864,932047,75
8,50,0,1865,932552,89
8,50,0,1866,933047,74
8,50,0,1867,933552,75
8,50,0,1868,934047,78
8,50,0,1869,934552,78
8,50,0,1870,935047,91
8,50,0,1871,935552,69
8,50,0,1872,936047,95
8,50,0,1873,936552,85
8,50,0,1874,937047,79
8,50,0,1875,937552,91
8,50,0,1876,938047,73
8,50,0,1877,938552,79
8,50,0,1878,939047,60
8,50,0,1879,939552,95
8,50,0,1880,940047,87
8,50,0,1881,940552,88
8,50,0,1882,941048,77
8,50,0,1883,941551,77
8,50,0,1884,942048,68
8,50,0,1885,942552,105
8,50,0,1886,943047,75
8,50,0,1887,943552,63
8,50,0,1888,944047,76
8,50,0,1889,944552,41
8,50,0,1890,945048,61
8,50,0,1891,945552,71
8,50,0,1892,946047,69
8,50,0,1893,946552,75
8,50,0,1894,947047,71
8,50,0,1895,947552,73
8,50,0,1896,948047,74
8,50,0,1897,948552,64
8,50,0,1898,949047,69
8,50,0,1899,949552,62
8,50,0,1900,950047,60
8,50,0,1901,950552,47
8,50,0,1902,951047,63
8,50,0,1903,951552,43
8,50,0,1904,952047,75
8,50,0,1905,952552,53
8,50,0,1906,953047,53
8,50,0,1907,953552,83
8,50,0,1908,954047,63
8,50,0,1909,954552,57
8,50,0,1910,955047,55
8,50,0,1911,955552,73
8,50,0,1912,956047,91
8,50,0,1913,956552,55
8,50,0,1914,957047,51
8,50,0,1915,957552,77
8,50,0,1916,958047,75
8,50,0,1917,958551,55
8,50,0,1918,959048,74
8,50,0,1919,959551,62
8,50,0,1920,960048,84
8,50,0,1921,960552,71
8,50,0,1922,961047,60
8,50,0,1923,961552,68
8,50,0,1924,962047,77
8,50,0,1925,962552,54
8,50,0,1926,963047,83
8,50,0,1927,963552,59
8,50,0,1928,964047,54
8,50,0,1929,964552,75
8,50,0,1930,965047,75
8,50,0,1931,965552,58
8,50,0,1932,966047,75
8,50,0,1933,966552,37
8,50,0,1934,967047,93
8,50,0,1935,967552,57
8,50,0,1936,968047,70
8,50,0,1937,968552,92
8,50,0,1938,969047,59
8,50,0,1939,969552,73
8,50,0,1940,970047,78
8,50,0,1941,970552,75
8,50,0,1942,971047,61
8,50,0,1943,971552,69
8,50,0,1944,972047,84
8,50,0,1945,972552,74
8,50,0,1946,973047,83
8,50,0,1947,973552,62
8,50,0,1948,974047,85
8,50,0,1949,974552,61
8,50,0,1950,975047,88
8,50,0,1951,975552,55
8,50,0,1952,976047,76
8,50,0,1953,976552,87
8,50,0,1954,977047,77
8,50,0,1955,977552,87
8,50,0,1956,978047,75
8,50,0,1957,978552,73
8,50,0,1958,979047,56
8,50,0,1959,979552,73
8,50,0,1960,980047,69
8,50,0,1961,980552,58
8,50,0,1962,981047,75
8,50,0,1963,981552,83
8,50,0,1964,982047,63
8,50,0,1965,982552,73
8,50,0,1966,983047,72
8,50,0,1967,983552,63
8,50,0,1968,984047,59
8,50,0,1969,984552,61
8,50,0,1970,985048,73
8,50,0,1971,985551,55
8,50,0,1972,986048,75
8,50,0,1973,986552,47
8,50,0,1974,987047,74
8,50,0,1975,987552,83
8,50,0,1976,988047,77
8,50,0,1977,988552,59
8,50,0,1978,989048,73
8,50,0,1979,989552,51
8,50,0,1980,990047,73
8,50,0,1981,990552,56
8,50,0,1982,991047,56
8,50,0,1983,991552,55
8,50,0,1984,992047,85
8,50,0,1985,992552,64
8,50,0,1986,993047,25
8,50,0,1987,993552,85
8,50,0,1988,994047,83
8,50,0,1989,994552,56
8,50,0,1990,995047,29
8,50,0,1991,995552,59
8,50,0,1992,996047,70
8,50,0,1993,996551,63
8,50,0,1994,997047,40
8,50,0,1995,997551,44
8,50,0,1996,998048,77
8,50,0,1997,998551,40
8,50,0,1998,999048,29
8,50,0,1999,999552,61
8,50,1,0,48,93
8,50,1,1,547,43
8,50,1,2,1047,95
8,50,1,3,1547,30
8,50,1,4,2047,56
8,50,1,5,2547,79
8,50,1,6,3047,75
8,50,1,7,3547,31
8,50,1,8,4047,55
8,50,1,9,4547,87
8,50,1,10,5047,19
8,50,1,11,5547,63
8,50,1,12,6047,53
8,50,1,13,6547,91
8,50,1,14,7047,61
8,50,1,15,7547,75
8,50,1,16,8047,75
8,50,1,17,8547,51
8,50,1,18,9047,85
8,50,1,19,9547,101
8,50,1,20,10047,78
8,50,1,21,10547,85
8,50,1,22,11047,93
8,50,1,23,11547,60
8,50,1,24,12047,71
8,50,1,25,12547,69
8,50,1,26,13047,69
8,50,1,27,13547,75
8,50,1,28,14047,114
8,50,1,29,14547,47
8,50,1,30,15047,72
8,50,1,31,15547,90
8,50,1,32,16047,73
8,50,1,33,16547,58
8,50,1,34,17047,89
8,50,1,35,17547,61
8,50,1,36,18047,85
8,50,1,37,18547,73
8,50,1,38,19047,63
8,50,1,39,19547,69
8,50,1,40,20047,93
8,50,1,41,20547,45
8,50,1,42,21047,80
8,50,1,43,21547,83
8,50,1,44,22047,74
8,50,1,45,22547,47
8,50,1,46,23047,95
8,50,1,47,23547,71
8,50,1,48,24047,47
8,50,1,49,24547,118
8,50,1,50,25047,71
8,50,1,51,25547,59
8,50,1,52,26047,75
8,50,1,53,26547,74
8,50,1,54,27047,59
8,50,1,55,27547,79
8,50,1,56,28047,74
8,50,1,57,28547,71
8,50,1,58,29047,85
8,50,1,59,29547,75
8,50,1,60,30047,71
8,50,1,61,30547,87
8,50,1,62,31047,91
8,50,1,63,31547,73
8,50,1,64,32047,91
8,50,1,65,32547,76
8,50,1,66,33047,75
8,50,1,67,33547,61
8,50,1,68,34047,77
8,50,1,69,34547,83
8,50,1,70,35047,54
8,50,1,71,35547,73
8,50,1,72,36047,63
8,50,1,73,36547,76
8,50,1,74,37047,77
8,50,1,75,37547,58
8,50,1,76,38047,45
8,50,1,77,38547,78
8,50,1,78,39047,73
8,50,1,79,39547,52
8,50,1,80,40047,53
8,50,1,81,40547,71
8,50,1,82,41047,57
8,50,1,83,41547,62
8,50,1,84,42047,61
8,50,1,85,42547,52
8,50,1,86,43047,61
8,50,1,87,43547,63
8,50,1,88,44047,61
8,50,1,89,44547,85
8,50,1,90,45047,55
8,50,1,91,45547,72
8,50,1,92,46047,73
8,50,1,93,46547,84
8,50,1,94,47047,51
8,50,1,95,47547,78
8,50,1,96,48047,53
8,50,1,97,48547,73
8,50,1,98,49047,59
8,50,1,99,49547,69
8,50,1,100,50047,51
8,50,1,101,50547,55
8,50,1,102,51047,63
8,50,1,103,51547,71
8,50,1,104,52047,81
8,50,1,105,52547,67
8,50,1,106,53047,46
8,50,1,107,53547,74
8,50,1,108,54047,69
8,50,1,109,54547,55
8,50,1,110,55047,59
8,50,1,111,55547,83
8,50,1,112,56047,53
8,50,1,113,56547,71
8,50,1,114,57047,61
8,50,1,115,57547,48
8,50,1,116,58047,91
8,50,1,117,58547,59
8,50,1,118,59047,50
8,50,1,119,59547,75
8,50,1,120,60047,89
8,50,1,121,60547,76
8,50,1,122,61047,63
8,50,1,123,61547,75
8,50,1,124,62047,58
8,50,1,125,62547,67
8,50,1,126,63047,71
8,50,1,127,63547,55
8,50,1,128,64047,55
8,50,1,129,64547,55
8,50,1,130,65047,69
8,50,1,131,65547,72
8,50,1,132,66047,45
8,50,1,133,66547,53
8,50,1,134,67047,60
8,50,1,135,67547,63
8,50,1,136,68047,60
8,50,1,137,68547,78
8,50,1,138,69047,45
8,50,1,139,69547,58
8,50,1,140,70047,61
8,50,1,141,70547,45
8,50,1,142,71047,71
8,50,1,143,71547,48
8,50,1,144,72047,70
8,50,1,145,72547,69
8,50,1,146,73047,77
8,50,1,147,73547,27
8,50,1,148,74047,46
8,50,1,149,74547,43
8,50,1,150,75047,69
8,50,1,151,75547,74
8,50,1,152,76047,63
8,50,1,153,76547,48
8,50,1,154,77047,57
8,50,1,155,77547,57
8,50,1,156,78047,71
8,50,1,157,78547,73
8,50,1,158,79047,45
8,50,1,159,79547,69
8,50,1,160,80047,83
8,50,1,161,80547,56
8,50,1,162,81047,95
8,50,1,163,81547,75
8,50,1,164,82047,22
8,50,1,165,82547,103
8,50,1,166,83047,83
8,50,1,167,83547,57
8,50,1,168,84047,63
8,50,1,169,84547,107
8,50,1,170,85047,42
8,50,1,171,85547,141
8,50,1,172,86047,35
8,50,1,173,86547,71
8,50,1,174,87047,69
8,50,1,175,87547,77
8,50,1,176,88047,58
8,50,1,177,88547,111
8,50,1,178,89047,53
8,50,1,179,89547,59
8,50,1,180,90047,70
8,50,1,181,90547,62
8,50,1,182,91047,91
8,50,1,183,91547,75
8,50,1,184,92047,72
8,50,1,185,92547,63
8,50,1,186,93047,62
8,50,1,187,93547,83
8,50,1,188,94047,47
8,50,1,189,94547,55
8,50,1,190,95047,73
8,50,1,191,95547,54
8,50,1,192,96047,79
8,50,1,193,96547,71
8,50,1,194,97047,98
8,50,1,195,97547,71
8,50,1,196,98047,53
8,50,1,197,98547,58
8,50,1,198,99047,89
8,50,1,199,99547,61
8,50,1,200,100047,58
8,50,1,201,100547,55
8,50,1,202,101047,121
8,50,1,203,101547,47
8,50,1,204,102047,53
8,50,1,205,102547,87
8,50,1,206,103047,75
8,50,1,207,103547,47
8,50,1,208,104047,95
8,50,1,209,104547,52
8,50,1,210,105047,116
8,50,1,211,105547,78
8,50,1,212,106047,90
8,50,1,213,106547,72
8,50,1,214,107047,74
8,50,1,215,107547,71
8,50,1,216,108047,71
8,50,1,217,108547,75
8,50,1,218,109047,85
8,50,1,219,109547,56
8,50,1,220,110047,63
8,50,1,221,110547,76
8,50,1,222,111047,69
8,50,1,223,111547,62
8,50,1,224,112047,79
8,50,1,225,112547,57
8,50,1,226,113047,62
8,50,1,227,113547,54
8,50,1,228,114047,56
8,50,1,229,114547,43
8,50,1,230,115047,63
8,50,1,231,115547,53
8,50,1,232,116047,85
8,50,1,233,116547,25
8,50,1,234,117047,81
8,50,1,235,117547,56
8,50,1,236,118047,79
8,50,1,237,118547,37
8,50,1,238,119047,88
8,50,1,239,119547,69
8,50,1,240,120047,73
8,50,1,241,120547,59
8,50,1,242,121047,87
8,50,1,243,121547,79
8,50,1,244,122047,49
8,50,1,245,122547,92
8,50,1,246,123047,82
8,50,1,247,123547,57
8,50,1,248,124047,83
8,50,1,249,124547,61
8,50,1,250,125047,84
8,50,1,251,125547,72
8,50,1,252,126047,100
8,50,1,253,126547,79
8,50,1,254,127047,72
8,50,1,255,127547,68
8,50,1,256,128047,72
8,50,1,257,128547,53
8,50,1,258,129047,85
8,50,1,259,129547,75
8,50,1,260,130047,75
8,50,1,261,130547,70
8,50,1,262,131047,75
8,50,1,263,131547,69
8,50,1,264,132047,73
8,50,1,265,132547,69
8,50,1,266,133047,54
8,50,1,267,133547,75
8,50,1,268,134047,91
8,50,1,269,134547,86
8,50,1,270,135047,62
8,50,1,271,135547,77
8,50,1,272,136047,58
8,50,1,273,136547,67
8,50,1,274,137047,60
8,50,1,275,137547,59
8,50,1,276,138047,73
8,50,1,277,138547,89
8,50,1,278,139047,63
8,50,1,279,139547,89
8,50,1,280,140047,77
8,50,1,281,140547,44
8,50,1,282,141047,78
8,50,1,283,141547,87
8,50,1,284,142047,71
8,50,1,285,142547,60
8,50,1,286,143047,78
8,50,1,287,143547,59
8,50,1,288,144047,63
8,50,1,289,144547,99
8,50,1,290,145047,57
8,50,1,291,145547,85
8,50,1,292,146047,83
8,50,1,293,146547,28
8,50,1,294,147047,83
8,50,1,295,147547,68
8,50,1,296,148047,77
8,50,1,297,148547,69
8,50,1,298,149047,61
8,50,1,299,149547,75
8,50,1,300,150047,60
8,50,1,301,150547,53
8,50,1,302,151047,103
8,50,1,303,151547,24
8,50,1,304,152047,71
8,50,1,305,152547,72
8,50,1,306,153047,61
8,50,1,307,153547,69
8,50,1,308,154047,63
8,50,1,309,154547,73
8,50,1,310,155047,78
8,50,1,311,155547,30
8,50,1,312,156047,90
8,50,1,313,156547,58
8,50,1,314,157047,84
8,50,1,315,157547,61
8,50,1,316,158047,53
8,50,1,317,158547,53
8,50,1,318,159047,45
8,50,1,319,159547,68
8,50,1,320,160047,63
8,50,1,321,160547,75
8,50,1,322,161047,27
8,50,1,323,161547,77
8,50,1,324,162047,40
8,50,1,325,162547,69
8,50,1,326,163047,73
8,50,1,327,163547,82
8,50,1,328,164047,69
8,50,1,329,164547,70
8,50,1,330,165047,73
8,50,1,331,165547,76
8,50,1,332,166047,69
8,50,1,333,166547,59
8,50,1,334,167047,63
8,50,1,335,167547,70
8,50,1,336,168047,67
8,50,1,337,168547,84
8,50,1,338,169047,63
8,50,1,339,169547,72
8,50,1,340,170047,63
8,50,1,341,170547,111
8,50,1,342,171047,57
8,50,1,343,171547,59
8,50,1,344,172047,70
8,50,1,345,172547,69
8,50,1,346,173047,54
8,50,1,347,173547,109
8,50,1,348,174047,71
8,50,1,349,174547,55
8,50,1,350,175047,95
8,50,1,351,175547,73
8,50,1,352,176047,69
8,50,1,353,176547,79
8,50,1,354,177047,62
8,50,1,355,177547,73
8,50,1,356,178047,69
8,50,1,357,178547,74
8,50,1,358,179047,73
8,50,1,359,179547,83
8,50,1,360,180047,71
8,50,1,361,180547,57
8,50,1,362,181047,85
8,50,1,363,181547,57
8,50,1,364,182047,51
8,50,1,365,182547,62
8,50,1,366,183047,83
8,50,1,367,183547,69
8,50,1,368,184047,67
8,50,1,369,184547,83
8,50,1,370,185047,51
8,50,1,371,185547,57
8,50,1,372,186047,59
8,50,1,373,186547,69
8,50,1,374,187047,86
8,50,1,375,187547,52
8,50,1,376,188047,59
8,50,1,377,188547,62
8,50,1,378,189047,69
8,50,1,379,189547,61
8,50,1,380,190047,46
8,50,1,381,190547,88
8,50,1,382,191047,82
8,50,1,383,191547,58
8,50,1,384,192047,86
8,50,1,385,192547,62
8,50,1,386,193047,78
8,50,1,387,193547,69
8,50,1,388,194047,56
8,50,1,389,194547,83
8,50,1,390,195047,87
8,50,1,391,195547,55
8,50,1,392,196047,69
8,50,1,393,196547,87
8,50,1,394,197047,64
8,50,1,395,197547,74
8,50,1,396,198047,63
8,50,1,397,198547,76
8,50,1,398,199047,57
8,50,1,399,199547,69
8,50,1,400,200047,76
8,50,1,401,200547,57
8,50,1,402,201047,54
8,50,1,403,201547,87
8,50,1,404,202047,35
8,50,1,405,202547,69
8,50,1,406,203047,62
8,50,1,407,203547,70
8,50,1,408,204047,71
8,50,1,409,204547,99
8,50,1,410,205047,63
8,50,1,411,205547,55
8,50,1,412,206047,68
8,50,1,413,206547,68
8,50,1,414,207047,58
8,50,1,415,207547,53
8,50,1,416,208047,100
8,50,1,417,208547,29
8,50,1,418,209047,67
8,50,1,419,209547,60
8,50,1,420,210047,99
8,50,1,421,210547,35
8,50,1,422,211047,68
8,50,1,423,211547,69
8,50,1,424,212047,63
8,50,1,425,212547,93
8,50,1,426,213047,75
8,50,1,427,213547,58
8,50,1,428,214047,55
8,50,1,429,214547,55
8,50,1,430,215047,72
8,50,1,431,215547,61
8,50,1,432,216047,87
8,50,1,433,216547,37
8,50,1,434,217047,51
8,50,1,435,217547,60
8,50,1,436,218047,59
8,50,1,437,218547,31
8,50,1,438,219047,123
8,50,1,439,219547,69
8,50,1,440,220047,43
8,50,1,441,220547,63
8,50,1,442,221047,82
8,50,1,443,221547,56
8,50,1,444,222047,63
8,50,1,445,222547,61
8,50,1,446,223047,55
8,50,1,447,223547,101
8,50,1,448,224047,63
8,50,1,449,224547,55
8,50,1,450,225047,79
8,50,1,451,225547,53
8,50,1,452,226047,75
8,50,1,453,226547,51
8,50,1,454,227047,63
8,50,1,455,227547,58
8,50,1,456,228047,75
8,50,1,457,228547,77
8,50,1,458,229047,63
8,50,1,459,229547,53
8,50,1,460,230047,73
8,50,1,461,230547,64
8,50,1,462,231047,42
8,50,1,463,231547,71
8,50,1,464,232047,74
8,50,1,465,232547,68
8,50,1,466,233047,82
8,50,1,467,233547,72
8,50,1,468,234047,82
8,50,1,469,234547,63
8,50,1,470,235047,77
8,50,1,471,235547,51
8,50,1,472,236047,77
8,50,1,473,236547,100
8,50,1,474,237047,83
8,50,1,475,237547,85
8,50,1,476,238047,46
8,50,1,477,238547,75
8,50,1,478,239047,78
8,50,1,479,239547,88
8,50,1,480,240047,81
8,50,1,481,240547,77
8,50,1,482,241047,71
8,50,1,483,241547,59
8,50,1,484,242047,137
8,50,1,485,242547,68
8,50,1,486,243047,79
8,50,1,487,243547,58
8,50,1,488,244047,93
8,50,1,489,244547,73
8,50,1,490,245047,123
8,50,1,491,245547,42
8,50,1,492,246047,95
8,50,1,493,246547,73
8,50,1,494,247047,77
8,50,1,495,247547,69
8,50,1,496,248047,75
8,50,1,497,248547,75
8,50,1,498,249047,61
8,50,1,499,249547,53
8,50,1,500,250047,84
8,50,1,501,250547,72
8,50,1,502,251047,55
8,50,1,503,251547,61
8,50,1,504,252047,99
8,50,1,505,252547,55
8,50,1,506,253047,53
8,50,1,507,253547,59
8,50,1,508,254047,45
8,50,1,509,254547,68
8,50,1,510,255047,51
8,50,1,511,255547,57
8,50,1,512,256047,51
8,50,1,513,256547,63
8,50,1,514,257047,58
8,50,1,515,257547,57
8,50,1,516,258047,77
8,50,1,517,258547,45
8,50,1,518,259047,41
8,50,1,519,259547,93
8,50,1,520,260047,75
8,50,1,521,260547,53
8,50,1,522,261047,69
8,50,1,523,261547,64
8,50,1,524,262047,61
8,50,1,525,262547,53
8,50,1,526,263047,75
8,50,1,527,263547,72
8,50,1,528,264047,73
8,50,1,529,264547,67
8,50,1,530,265047,86
8,50,1,531,265547,77
8,50,1,532,266047,75
8,50,1,533,266547,67
8,50,1,534,267047,75
8,50,1,535,267547,63
8,50,1,536,268047,89
8,50,1,537,268547,73
8,50,1,538,269047,87
8,50,1,539,269547,73
8,50,1,540,270047,68
8,50,1,541,270547,58
8,50,1,542,271047,68
8,50,1,543,271547,84
8,50,1,544,272047,54
8,50,1,545,272547,61
8,50,1,546,273047,71
8,50,1,547,273547,59
8,50,1,548,274047,57
8,50,1,549,274547,85
8,50,1,550,275047,24
8,50,1,551,275547,75
8,50,1,552,276047,63
8,50,1,553,276547,61
8,50,1,554,277047,53
8,50,1,555,277547,73
8,50,1,556,278047,69
8,50,1,557,278547,59
8,50,1,558,279047,50
8,50,1,559,279547,60
8,50,1,560,280047,77
8,50,1,561,280547,89
8,50,1,562,281047,77
8,50,1,563,281547,72
8,50,1,564,282047,57
8,50,1,565,282547,109
8,50,1,566,283047,41
8,50,1,567,283547,71
8,50,1,568,284047,84
8,50,1,569,284547,59
8,50,1,570,285047,57
8,50,1,571,285547,95
8,50,1,572,286047,41
8,50,1,573,286547,75
8,50,1,574,287047,71
8,50,1,575,287547,75
8,50,1,576,288047,61
8,50,1,577,288547,71
8,50,1,578,289047,63
8,50,1,579,289547,74
8,50,1,580,290047,74
8,50,1,581,290547,61
8,50,1,582,291047,73
8,50,1,583,291547,63
8,50,1,584,292047,71
8,50,1,585,292547,77
8,50,1,586,293047,53
8,50,1,587,293547,75
8,50,1,588,294047,77
8,50,1,589,294547,77
8,50,1,590,295047,59
8,50,1,591,295547,38
8,50,1,592,296047,81
8,50,1,593,296547,61
8,50,1,594,297047,61
8,50,1,595,297547,74
8,50,1,596,298047,59
8,50,1,597,298547,85
8,50,1,598,299047,73
8,50,1,599,299547,51
8,50,1,600,300047,89
8,50,1,601,300547,84
8,50,1,602,301047,51
8,50,1,603,301547,89
8,50,1,604,302047,73
8,50,1,605,302547,63
8,50,1,606,303047,79
8,50,1,607,303547,87
8,50,1,608,304047,60
8,50,1,609,304547,70
8,50,1,610,305047,67
8,50,1,611,305547,89
8,50,1,612,306047,61
8,50,1,613,306547,61
8,50,1,614,307047,71
8,50,1,615,307547,69
8,50,1,616,308047,69
8,50,1,617,308547,68
8,50,1,618,309048,71
8,50,1,619,309547,47
8,50,1,620,310047,61
8,50,1,621,310547,72
8,50,1,622,311047,60
8,50,1,623,311547,57
8,50,1,624,312047,111
8,50,1,625,312547,53
8,50,1,626,313047,85
8,50,1,627,313547,23
8,50,1,628,314047,87
8,50,1,629,314547,103
8,50,1,630,315047,29
8,50,1,631,315547,87
8,50,1,632,316047,73
8,50,1,633,316547,70
8,50,1,634,317047,71
8,50,1,635,317547,107
8,50,1,636,318047,36
8,50,1,637,318547,71
8,50,1,638,319047,79
8,50,1,639,319547,69
8,50,1,640,320047,78
8,50,1,641,320547,87
8,50,1,642,321047,90
8,50,1,643,321547,68
8,50,1,644,322047,61
8,50,1,645,322547,91
8,50,1,646,323047,53
8,50,1,647,323547,110
8,50,1,648,324047,39
8,50,1,649,324547,94
8,50,1,650,325047,87
8,50,1,651,325547,63
8,50,1,652,326047,54
8,50,1,653,326547,73
8,50,1,654,327047,59
8,50,1,655,327547,83
8,50,1,656,328047,53
8,50,1,657,328547,61
8,50,1,658,329047,79
8,50,1,659,329547,83
8,50,1,660,330047,90
8,50,1,661,330547,72
8,50,1,662,331047,79
8,50,1,663,331547,86
8,50,1,664,332047,59
8,50,1,665,332547,81
8,50,1,666,333047,74
8,50,1,667,333547,68
8,50,1,668,334047,71
8,50,1,669,334547,103
8,50,1,670,335047,73
8,50,1,671,335547,46
8,50,1,672,336047,95
8,50,1,673,336547,78
8,50,1,674,337047,101
8,50,1,675,337547,43
8,50,1,676,338047,91
8,50,1,677,338547,91
8,50,1,678,339047,58
8,50,1,679,339547,104
8,50,1,680,340047,69
8,50,1,681,340547,59
8,50,1,682,341047,90
8,50,1,683,341547,79
8,50,1,684,342047,79
8,50,1,685,342547,93
8,50,1,686,343047,77
8,50,1,687,343547,53
8,50,1,688,344047,116
8,50,1,689,344547,93
8,50,1,690,345047,61
8,50,1,691,345547,70
8,50,1,692,346047,88
8,50,1,693,346547,63
8,50,1,694,347047,63
8,50,1,695,347547,82
8,50,1,696,348047,51
8,50,1,697,348547,61
8,50,1,698,349047,48
8,50,1,699,349547,72
8,50,1,700,350047,59
8,50,1,701,350547,71
8,50,1,702,351047,55
8,50,1,703,351547,71
8,50,1,704,352047,75
8,50,1,705,352547,71
8,50,1,706,353047,47
8,50,1,707,353547,63
8,50,1,708,354047,71
8,50,1,709,354547,61
8,50,1,710,355047,72
8,50,1,711,355547,51
8,50,1,712,356047,89
8,50,1,713,356547,63
8,50,1,714,357047,16
8,50,1,715,357547,90
8,50,1,716,358047,61
8,50,1,717,358547,74
8,50,1,718,359047,71
8,50,1,719,359547,71
8,50,1,720,360047,43
8,50,1,721,360547,75
8,50,1,722,361047,43
8,50,1,723,361547,73
8,50,1,724,362047,71
8,50,1,725,362547,61
8,50,1,726,363047,92
8,50,1,727,363547,53
8,50,1,728,364047,57
8,50,1,729,364547,91
8,50,1,730,365047,61
8,50,1,731,365547,61
8,50,1,732,366047,63
8,50,1,733,366547,56
8,50,1,734,367047,68
8,50,1,735,367547,83
8,50,1,736,368047,59
8,50,1,737,368547,73
8,50,1,738,369047,57
8,50,1,739,369547,76
8,50,1,740,370047,51
8,50,1,741,370547,59
8,50,1,742,371047,61
8,50,1,743,371547,83
8,50,1,744,372047,57
8,50,1,745,372547,53
8,50,1,746,373047,47
8,50,1,747,373547,101
8,50,1,748,374047,29
8,50,1,749,374547,61
8,50,1,750,375047,85
8,50,1,751,375547,28
8,50,1,752,376047,41
8,50,1,753,376547,55
8,50,1,754,377047,75
8,50,1,755,377547,68
8,50,1,756,378047,69
8,50,1,757,378547,53
8,50,1,758,379047,79
8,50,1,759,379547,68
8,50,1,760,380047,61
8,50,1,761,380547,61
8,50,1,762,381047,72
8,50,1,763,381547,53
8,50,1,764,382047,61
8,50,1,765,382547,60
8,50,1,766,383047,77
8,50,1,767,383547,60
8,50,1,768,384047,79
8,50,1,769,384547,45
8,50,1,770,385047,57
8,50,1,771,385547,82
8,50,1,772,386047,55
8,50,1,773,386547,83
8,50,1,774,387047,61
8,50,1,775,387547,57
8,50,1,776,388047,115
8,50,1,777,388547,41
8,50,1,778,389047,56
8,50,1,779,389547,58
8,50,1,780,390047,63
8,50,1,781,390547,69
8,50,1,782,391047,61
8,50,1,783,391547,61
8,50,1,784,392047,77
8,50,1,785,392547,69
8,50,1,786,393047,51
8,50,1,787,393547,70
8,50,1,788,394047,57
8,50,1,789,394547,107
8,50,1,790,395047,67
8,50,1,791,395547,51
8,50,1,792,396047,53
8,50,1,793,396547,41
8,50,1,794,397047,73
8,50,1,795,397547,31
8,50,1,796,398047,110
8,50,1,797,398547,35
8,50,1,798,399047,71
8,50,1,799,399547,95
8,50,1,800,400047,69
8,50,1,801,400547,61
8,50,1,802,401047,79
8,50,1,803,401547,81
8,50,1,804,402047,73
8,50,1,805,402547,57
8,50,1,806,403047,103
8,50,1,807,403547,71
8,50,1,808,404047,57
8,50,1,809,404547,75
8,50,1,810,405047,88
8,50,1,811,405547,77
8,50,1,812,406047,81
8,50,1,813,406547,63
8,50,1,814,407047,139
8,50,1,815,407547,53
8,50,1,816,408047,76
8,50,1,817,408547,101
8,50,1,818,409047,79
8,50,1,819,409547,53
8,50,1,820,410047,68
8,50,1,821,410547,53
8,50,1,822,411047,88
8,50,1,823,411547,51
8,50,1,824,412047,69
8,50,1,825,412547,70
8,50,1,826,413047,55
8,50,1,827,413547,61
8,50,1,828,414047,75
8,50,1,829,414547,57
8,50,1,830,415047,75
8,50,1,831,415547,63
8,50,1,832,416047,60
8,50,1,833,416547,68
8,50,1,834,417047,73
8,50,1,835,417547,54
8,50,1,836,418047,60
8,50,1,837,418547,59
8,50,1,838,419047,59
8,50,1,839,419547,59
8,50,1,840,420047,57
8,50,1,841,420547,43
8,50,1,842,421047,74
8,50,1,843,421547,41
8,50,1,844,422047,62
8,50,1,845,422547,87
8,50,1,846,423047,30
8,50,1,847,423547,57
8,50,1,848,424047,82
8,50,1,849,424547,72
8,50,1,850,425047,73
8,50,1,851,425547,51
8,50,1,852,426047,61
8,50,1,853,426547,72
8,50,1,854,427047,53
8,50,1,855,427547,88
8,50,1,856,428047,27
8,50,1,857,428547,78
8,50,1,858,429047,62
8,50,1,859,429547,67
8,50,1,860,430047,56
8,50,1,861,430547,91
8,50,1,862,431047,85
8,50,1,863,431547,51
8,50,1,864,432047,68
8,50,1,865,432547,83
8,50,1,866,433047,109
8,50,1,867,433547,40
8,50,1,868,434047,68
8,50,1,869,434547,107
8,50,1,870,435047,37
8,50,1,871,435547,87
8,50,1,872,436047,76
8,50,1,873,436547,59
8,50,1,874,437047,87
8,50,1,875,437547,79
8,50,1,876,438047,51
8,50,1,877,438547,123
8,50,1,878,439047,53
8,50,1,879,439547,84
8,50,1,880,440047,63
8,50,1,881,440547,73
8,50,1,882,441047,63
8,50,1,883,441547,62
8,50,1,884,442047,137
8,50,1,885,442547,46
8,50,1,886,443047,84
8,50,1,887,443547,69
8,50,1,888,444047,76
8,50,1,889,444547,87
8,50,1,890,445047,83
8,50,1,891,445547,73
8,50,1,892,446047,56
8,50,1,893,446547,75
8,50,1,894,447047,69
8,50,1,895,447547,105
8,50,1,896,448047,73
8,50,1,897,448547,51
8,50,1,898,449047,69
8,50,1,899,449547,88
8,50,1,900,450047,56
8,50,1,901,450547,68
8,50,1,902,451047,77
8,50,1,903,451547,98
8,50,1,904,452047,42
8,50,1,905,452547,55
8,50,1,906,453047,56
8,50,1,907,453547,61
8,50,1,908,454047,71
8,50,1,909,454547,77
8,50,1,910,455047,56
8,50,1,911,455547,69
8,50,1,912,456047,83
8,50,1,913,456547,73
8,50,1,914,457047,72
8,50,1,915,457547,72
8,50,1,916,458047,58
8,50,1,917,458547,75
8,50,1,918,459047,57
8,50,1,919,459547,75
8,50,1,920,460047,73
8,50,1,921,460547,75
8,50,1,922,461047,59
8,50,1,923,461547,69
8,50,1,924,462047,71
8,50,1,925,462547,69
8,50,1,926,463047,67
8,50,1,927,463547,77
8,50,1,928,464047,67
8,50,1,929,464547,75
8,50,1,930,465047,60
8,50,1,931,465547,87
8,50,1,932,466047,63
8,50,1,933,466547,79
8,50,1,934,467047,59
8,50,1,935,467547,87
8,50,1,936,468047,107
8,50,1,937,468547,62
8,50,1,938,469047,93
8,50,1,939,469547,75
8,50,1,940,470047,101
8,50,1,941,470547,76
8,50,1,942,471047,89
8,50,1,943,471547,103
8,50,1,944,472047,75
8,50,1,945,472547,95
8,50,1,946,473047,77
8,50,1,947,473547,89
8,50,1,948,474047,87
8,50,1,949,474547,71
8,50,1,950,475047,73
8,50,1,951,475547,85
8,50,1,952,476047,55
8,50,1,953,476547,85
8,50,1,954,477047,70
8,50,1,955,477547,76
8,50,1,956,478047,73
8,50,1,957,478547,83
8,50,1,958,479047,53
8,50,1,959,479547,55
8,50,1,960,480047,71
8,50,1,961,480547,57
8,50,1,962,481047,53
8,50,1,963,481547,61
8,50,1,964,482047,51
8,50,1,965,482547,73
8,50,1,966,483047,43
8,50,1,967,483547,89
8,50,1,968,484047,62
8,50,1,969,484547,29
8,50,1,970,485047,90
8,50,1,971,485547,61
8,50,1,972,486047,84
8,50,1,973,486547,25
8,50,1,974,487047,73
8,50,1,975,487547,62
8,50,1,976,488047,95
8,50,1,977,488547,37
8,50,1,978,489047,63
8,50,1,979,489547,73
8,50,1,980,490047,55
8,50,1,981,490547,55
8,50,1,982,491047,55
8,50,1,983,491547,63
8,50,1,984,492047,74
8,50,1,985,492547,35
8,50,1,986,493047,57
8,50,1,987,493547,68
8,50,1,988,494047,59
8,50,1,989,494547,57
8,50,1,990,495047,73
8,50,1,991,495547,62
8,50,1,992,496047,74
8,50,1,993,496547,55
8,50,1,994,497047,95
8,50,1,995,497547,47
8,50,1,996,498047,57
8,50,1,997,498547,88
8,50,1,998,499047,88
8,50,1,999,499547,26
8,50,1,1000,500047,74
8,50,1,1001,500547,101
8,50,1,1002,501047,62
8,50,1,1003,501547,90
8,50,1,1004,502047,75
8,50,1,1005,502547,46
8,50,1,1006,503047,107
8,50,1,1007,503547,76
8,50,1,1008,504047,57
8,50,1,1009,504547,87
8,50,1,1010,505047,87
8,50,1,1011,505547,83
8,50,1,1012,506047,70
8,50,1,1013,506547,111
8,50,1,1014,507047,83
8,50,1,1015,507547,76
8,50,1,1016,508047,45
8,50,1,1017,508547,121
8,50,1,1018,509047,77
8,50,1,1019,509547,71
8,50,1,1020,510047,93
8,50,1,1021,510547,85
8,50,1,1022,511047,62
8,50,1,1023,511547,75
8,50,1,1024,512047,70
8,50,1,1025,512547,88
8,50,1,1026,513047,77
8,50,1,1027,513547,58
8,50,1,1028,514047,76
8,50,1,1029,514547,82
8,50,1,1030,515047,78
8,50,1,1031,515547,56
8,50,1,1032,516047,60
8,50,1,1033,516547,69
8,50,1,1034,517047,69
8,50,1,1035,517547,69
8,50,1,1036,518047,73
8,50,1,1037,518547,54
8,50,1,1038,519047,51
8,50,1,1039,519547,87
8,50,1,1040,520047,57
8,50,1,1041,520547,59
8,50,1,1042,521047,60
8,50,1,1043,521547,69
8,50,1,1044,522047,53
8,50,1,1045,522547,59
8,50,1,1046,523047,62
8,50,1,1047,523547,48
8,50,1,1048,524047,75
8,50,1,1049,524547,77
8,50,1,1050,525047,40
8,50,1,1051,525547,47
8,50,1,1052,526047,88
8,50,1,1053,526547,55
8,50,1,1054,527047,61
8,50,1,1055,527547,73
8,50,1,1056,528047,69
8,50,1,1057,528547,59
8,50,1,1058,529047,94
8,50,1,1059,529547,46
8,50,1,1060,530047,90
8,50,1,1061,530547,77
8,50,1,1062,531047,69
8,50,1,1063,531547,70
8,50,1,1064,532047,79
8,50,1,1065,532547,73
8,50,1,1066,533047,55
8,50,1,1067,533547,85
8,50,1,1068,534047,89
8,50,1,1069,534547,58
8,50,1,1070,535047,77
8,50,1,1071,535547,82
8,50,1,1072,536047,91
8,50,1,1073,536547,45
8,50,1,1074,537047,47
8,50,1,1075,537547,59
8,50,1,1076,538047,119
8,50,1,1077,538547,43
8,50,1,1078,539047,111
8,50,1,1079,539547,41
8,50,1,1080,540047,56
8,50,1,1081,540547,136
8,50,1,1082,541047,39
8,50,1,1083,541547,60
8,50,1,1084,542047,55
8,50,1,1085,542547,71
8,50,1,1086,543047,53
8,50,1,1087,543547,60
8,50,1,1088,544047,44
8,50,1,1089,544547,89
8,50,1,1090,545047,54
8,50,1,1091,545547,73
8,50,1,1092,546047,57
8,50,1,1093,546547,83
8,50,1,1094,547047,61
8,50,1,1095,547547,70
8,50,1,1096,548047,56
8,50,1,1097,548547,82
8,50,1,1098,549047,67
8,50,1,1099,549547,57
8,50,1,1100,550047,77
8,50,1,1101,550547,79
8,50,1,1102,551047,57
8,50,1,1103,551547,63
8,50,1,1104,552047,76
8,50,1,1105,552547,63
8,50,1,1106,553047,59
8,50,1,1107,553547,61
8,50,1,1108,554047,73
8,50,1,1109,554547,63
8,50,1,1110,555047,51
8,50,1,1111,555547,73
8,50,1,1112,556047,70
8,50,1,1113,556547,67
8,50,1,1114,557047,62
8,50,1,1115,557547,52
8,50,1,1116,558047,72
8,50,1,1117,558547,74
8,50,1,1118,559047,59
8,50,1,1119,559547,73
8,50,1,1120,560047,75
8,50,1,1121,560547,62
8,50,1,1122,561047,71
8,50,1,1123,561547,67
8,50,1,1124,562047,57
8,50,1,1125,562547,55
8,50,1,1126,563047,74
8,50,1,1127,563547,55
8,50,1,1128,564047,53
8,50,1,1129,564547,47
8,50,1,1130,565047,69
8,50,1,1131,565547,54
8,50,1,1132,566047,71
8,50,1,1133,566547,59
8,50,1,1134,567047,67
8,50,1,1135,567547,53
8,50,1,1136,568047,71
8,50,1,1137,568547,26
8,50,1,1138,569047,77
8,50,1,1139,569547,63
8,50,1,1140,570047,75
8,50,1,1141,570547,53
8,50,1,1142,571047,61
8,50,1,1143,571547,73
8,50,1,1144,572047,56
8,50,1,1145,572547,58
8,50,1,1146,573047,44
8,50,1,1147,573547,83
8,50,1,1148,574047,75
8,50,1,1149,574547,69
8,50,1,1150,575047,78
8,50,1,1151,575547,56
8,50,1,1152,576047,71
8,50,1,1153,576547,73
8,50,1,1154,577047,83
8,50,1,1155,577547,85
8,50,1,1156,578047,44
8,50,1,1157,578547,99
8,50,1,1158,579047,57
8,50,1,1159,579547,109
8,50,1,1160,580047,53
8,50,1,1161,580547,75
8,50,1,1162,581047,82
8,50,1,1163,581547,87
8,50,1,1164,582047,84
8,50,1,1165,582547,89
8,50,1,1166,583047,77
8,50,1,1167,583547,68
8,50,1,1168,584047,111
8,50,1,1169,584547,71
8,50,1,1170,585047,69
8,50,1,1171,585547,73
8,50,1,1172,586047,78
8,50,1,1173,586547,67
8,50,1,1174,587047,61
8,50,1,1175,587547,77
8,50,1,1176,588047,57
8,50,1,1177,588547,70
8,50,1,1178,589047,81
8,50,1,1179,589547,53
8,50,1,1180,590047,75
8,50,1,1181,590547,71
8,50,1,1182,591047,67
8,50,1,1183,591547,63
8,50,1,1184,592047,71
8,50,1,1185,592547,73
8,50,1,1186,593047,57
8,50,1,1187,593547,77
8,50,1,1188,594047,77
8,50,1,1189,594547,41
8,50,1,1190,595047,104
8,50,1,1191,595547,68
8,50,1,1192,596047,57
8,50,1,1193,596547,78
8,50,1,1194,597047,70
8,50,1,1195,597547,57
8,50,1,1196,598047,81
8,50,1,1197,598547,62
8,50,1,1198,599047,89
8,50,1,1199,599547,79
8,50,1,1200,600047,60
8,50,1,1201,600547,87
8,50,1,1202,601047,69
8,50,1,1203,601547,48
8,50,1,1204,602047,89
8,50,1,1205,602547,77
8,50,1,1206,603047,78
8,50,1,1207,603547,75
8,50,1,1208,604047,78
8,50,1,1209,604547,77
8,50,1,1210,605047,70
8,50,1,1211,605547,75
8,50,1,1212,606047,78
8,50,1,1213,606547,71
8,50,1,1214,607047,60
8,50,1,1215,607547,58
8,50,1,1216,608047,93
8,50,1,1217,608547,53
8,50,1,1218,609047,73
8,50,1,1219,609547,62
8,50,1,1220,610047,69
8,50,1,1221,610547,63
8,50,1,1222,611047,61
8,50,1,1223,611547,68
8,50,1,1224,612047,71
8,50,1,1225,612547,58
8,50,1,1226,613047,75
8,50,1,1227,613547,56
8,50,1,1228,614047,62
8,50,1,1229,614547,93
8,50,1,1230,615047,44
8,50,1,1231,615547,46
8,50,1,1232,616047,75
8,50,1,1233,616547,56
8,50,1,1234,617047,68
8,50,1,1235,617547,59
8,50,1,1236,618047,46
8,50,1,1237,618547,87
8,50,1,1238,619047,73
8,50,1,1239,619547,71
8,50,1,1240,620047,73
8,50,1,1241,620547,85
8,50,1,1242,621047,77
8,50,1,1243,621547,51
8,50,1,1244,622047,75
8,50,1,1245,622547,77
8,50,1,1246,623047,85
8,50,1,1247,623547,79
8,50,1,1248,624047,72
8,50,1,1249,624547,83
8,50,1,1250,625047,55
8,50,1,1251,625547,89
8,50,1,1252,626047,61
8,50,1,1253,626547,71
8,50,1,1254,627047,72
8,50,1,1255,627547,84
8,50,1,1256,628047,56
8,50,1,1257,628547,100
8,50,1,1258,629047,67
8,50,1,1259,629547,42
8,50,1,1260,630047,77
8,50,1,1261,630547,75
8,50,1,1262,631047,61
8,50,1,1263,631547,71
8,50,1,1264,632047,69
8,50,1,1265,632547,55
8,50,1,1266,633047,77
8,50,1,1267,633547,56
8,50,1,1268,634047,62
8,50,1,1269,634547,63
8,50,1,1270,635047,78
8,50,1,1271,635547,53
8,50,1,1272,636047,59
8,50,1,1273,636547,90
8,50,1,1274,637047,61
8,50,1,1275,637547,40
8,50,1,1276,638047,120
8,50,1,1277,638547,43
8,50,1,1278,639047,77
8,50,1,1279,639547,85
8,50,1,1280,640047,55
8,50,1,1281,640547,71
8,50,1,1282,641047,83
8,50,1,1283,641547,67
8,50,1,1284,642047,57
8,50,1,1285,642547,83
8,50,1,1286,643047,59
8,50,1,1287,643547,61
8,50,1,1288,644047,41
8,50,1,1289,644547,99
8,50,1,1290,645047,62
8,50,1,1291,645547,53
8,50,1,1292,646047,57
8,50,1,1293,646547,63
8,50,1,1294,647047,100
8,50,1,1295,647547,62
8,50,1,1296,648047,53
8,50,1,1297,648547,60
8,50,1,1298,649047,70
8,50,1,1299,649547,91
8,50,1,1300,650047,47
8,50,1,1301,650547,85
8,50,1,1302,651047,57
8,50,1,1303,651547,82
8,50,1,1304,652047,47
8,50,1,1305,652547,87
8,50,1,1306,653047,87
8,50,1,1307,653547,58
8,50,1,1308,654047,85
8,50,1,1309,654547,68
8,50,1,1310,655047,73
8,50,1,1311,655547,73
8,50,1,1312,656047,105
8,50,1,1313,656547,53
8,50,1,1314,657047,72
8,50,1,1315,657547,75
8,50,1,1316,658047,72
8,50,1,1317,658547,79
8,50,1,1318,659047,68
8,50,1,1319,659547,72
8,50,1,1320,660047,69
8,50,1,1321,660547,79
8,50,1,1322,661047,48
8,50,1,1323,661547,68
8,50,1,1324,662047,87
8,50,1,1325,662547,59
8,50,1,1326,663047,73
8,50,1,1327,663547,119
8,50,1,1328,664047,42
8,50,1,1329,664547,89
8,50,1,1330,665047,57
8,50,1,1331,665547,87
8,50,1,1332,666047,26
8,50,1,1333,666547,90
8,50,1,1334,667047,61
8,50,1,1335,667547,77
8,50,1,1336,668047,71
8,50,1,1337,668547,87
8,50,1,1338,669047,77
8,50,1,1339,669547,85
8,50,1,1340,670047,54
8,50,1,1341,670547,105
8,50,1,1342,671047,56
8,50,1,1343,671547,85
8,50,1,1344,672047,61
8,50,1,1345,672547,83
8,50,1,1346,673047,69
8,50,1,1347,673547,81
8,50,1,1348,674047,79
8,50,1,1349,674547,77
8,50,1,1350,675047,71
8,50,1,1351,675547,107
8,50,1,1352,676047,77
8,50,1,1353,676547,78
8,50,1,1354,677047,99
8,50,1,1355,677547,53
8,50,1,1356,678047,110
8,50,1,1357,678547,35
8,50,1,1358,679047,83
8,50,1,1359,679547,77
8,50,1,1360,680047,83
8,50,1,1361,680547,51
8,50,1,1362,681047,83
8,50,1,1363,681547,87
8,50,1,1364,682047,93
8,50,1,1365,682547,88
8,50,1,1366,683047,69
8,50,1,1367,683547,68
8,50,1,1368,684047,51
8,50,1,1369,684547,71
8,50,1,1370,685047,60
8,50,1,1371,685547,69
8,50,1,1372,686047,71
8,50,1,1373,686547,101
8,50,1,1374,687047,37
8,50,1,1375,687547,76
8,50,1,1376,688047,41
8,50,1,1377,688547,53
8,50,1,1378,689047,47
8,50,1,1379,689547,75
8,50,1,1380,690047,57
8,50,1,1381,690547,56
8,50,1,1382,691047,53
8,50,1,1383,691547,47
8,50,1,1384,692047,75
8,50,1,1385,692547,52
8,50,1,1386,693047,55
8,50,1,1387,693547,59
8,50,1,1388,694047,55
8,50,1,1389,694547,50
8,50,1,1390,695047,53
8,50,1,1391,695547,69
8,50,1,1392,696047,54
8,50,1,1393,696547,61
8,50,1,1394,697047,47
8,50,1,1395,697547,55
8,50,1,1396,698047,45
8,50,1,1397,698547,60
8,50,1,1398,699047,67
8,50,1,1399,699547,57
8,50,1,1400,700047,85
8,50,1,1401,700547,53
8,50,1,1402,701047,71
8,50,1,1403,701547,62
8,50,1,1404,702047,69
8,50,1,1405,702547,83
8,50,1,1406,703047,115
8,50,1,1407,703547,43
8,50,1,1408,704047,87
8,50,1,1409,704547,75
8,50,1,1410,705047,87
8,50,1,1411,705547,58
8,50,1,1412,706047,85
8,50,1,1413,706547,83
8,50,1,1414,707047,59
8,50,1,1415,707547,97
8,50,1,1416,708047,57
8,50,1,1417,708547,80
8,50,1,1418,709047,75
8,50,1,1419,709547,71
8,50,1,1420,710047,93
8,50,1,1421,710547,71
8,50,1,1422,711047,79
8,50,1,1423,711547,71
8,50,1,1424,712047,62
8,50,1,1425,712547,87
8,50,1,1426,713047,73
8,50,1,1427,713547,61
8,50,1,1428,714047,60
8,50,1,1429,714547,74
8,50,1,1430,715047,63
8,50,1,1431,715547,69
8,50,1,1432,716047,77
8,50,1,1433,716547,72
8,50,1,1434,717047,62
8,50,1,1435,717547,83
8,50,1,1436,718047,75
8,50,1,1437,718547,61
8,50,1,1438,719047,76
8,50,1,1439,719547,62
8,50,1,1440,720047,59
8,50,1,1441,720547,73
8,50,1,1442,721047,87
8,50,1,1443,721547,55
8,50,1,1444,722047,59
8,50,1,1445,722547,59
8,50,1,1446,723047,69
8,50,1,1447,723547,78
8,50,1,1448,724047,82
8,50,1,1449,724547,53
8,50,1,1450,725047,51
8,50,1,1451,725547,58
8,50,1,1452,726047,87
8,50,1,1453,726547,51
8,50,1,1454,727047,63
8,50,1,1455,727547,75
8,50,1,1456,728047,52
8,50,1,1457,728547,69
8,50,1,1458,729047,53
8,50,1,1459,729547,69
8,50,1,1460,730047,46
8,50,1,1461,730547,69
8,50,1,1462,731047,59
8,50,1,1463,731547,75
8,50,1,1464,732047,53
8,50,1,1465,732547,71
8,50,1,1466,733047,63
8,50,1,1467,733547,53
8,50,1,1468,734047,100
8,50,1,1469,734547,29
8,50,1,1470,735047,60
8,50,1,1471,735547,57
8,50,1,1472,736047,83
8,50,1,1473,736547,61
8,50,1,1474,737047,105
8,50,1,1475,737547,62
8,50,1,1476,738047,67
8,50,1,1477,738547,72
8,50,1,1478,739047,59
8,50,1,1479,739547,69
8,50,1,1480,740047,68
8,50,1,1481,740547,63
8,50,1,1482,741047,73
8,50,1,1483,741547,78
8,50,1,1484,742047,61
8,50,1,1485,742547,62
8,50,1,1486,743047,67
8,50,1,1487,743547,62
8,50,1,1488,744047,71
8,50,1,1489,744547,46
8,50,1,1490,745047,75
8,50,1,1491,745547,75
8,50,1,1492,746047,51
8,50,1,1493,746547,59
8,50,1,1494,747047,53
8,50,1,1495,747547,55
8,50,1,1496,748047,61
8,50,1,1497,748547,56
8,50,1,1498,749047,73
8,50,1,1499,749547,43
8,50,1,1500,750047,73
8,50,1,1501,750547,41
8,50,1,1502,751047,79
8,50,1,1503,751547,58
8,50,1,1504,752047,93
8,50,1,1505,752547,53
8,50,1,1506,753047,73
8,50,1,1507,753547,73
8,50,1,1508,754047,73
8,50,1,1509,754547,55
8,50,1,1510,755047,93
8,50,1,1511,755547,84
8,50,1,1512,756047,57
8,50,1,1513,756547,59
8,50,1,1514,757047,59
8,50,1,1515,757547,105
8,50,1,1516,758047,35
8,50,1,1517,758547,71
8,50,1,1518,759047,83
8,50,1,1519,759547,74
8,50,1,1520,760047,71
8,50,1,1521,760547,95
8,50,1,1522,761047,71
8,50,1,1523,761547,79
8,50,1,1524,762047,69
8,50,1,1525,762547,79
8,50,1,1526,763047,73
8,50,1,1527,763547,99
8,50,1,1528,764047,43
8,50,1,1529,764547,104
8,50,1,1530,765047,83
8,50,1,1531,765547,77
8,50,1,1532,766047,73
8,50,1,1533,766547,116
8,50,1,1534,767047,55
8,50,1,1535,767547,105
8,50,1,1536,768047,45
8,50,1,1537,768547,89
8,50,1,1538,769047,79
8,50,1,1539,769547,85
8,50,1,1540,770047,71
8,50,1,1541,770547,63
8,50,1,1542,771047,75
8,50,1,1543,771547,77
8,50,1,1544,772047,71
8,50,1,1545,772547,71
8,50,1,1546,773047,91
8,50,1,1547,773547,73
8,50,1,1548,774047,53
8,50,1,1549,774547,58
8,50,1,1550,775047,77
8,50,1,1551,775547,67
8,50,1,1552,776047,57
8,50,1,1553,776547,89
8,50,1,1554,777047,42
8,50,1,1555,777547,70
8,50,1,1556,778047,51
8,50,1,1557,778547,84
8,50,1,1558,779047,57
8,50,1,1559,779547,41
8,50,1,1560,780047,61
8,50,1,1561,780547,61
8,50,1,1562,781047,35
8,50,1,1563,781547,153
8,50,1,1564,782047,57
8,50,1,1565,782547,24
8,50,1,1566,783047,72
8,50,1,1567,783547,60
8,50,1,1568,784047,71
8,50,1,1569,784547,61
8,50,1,1570,785047,79
8,50,1,1571,785547,57
8,50,1,1572,786047,61
8,50,1,1573,786547,63
8,50,1,1574,787047,57
8,50,1,1575,787547,55
8,50,1,1576,788047,61
8,50,1,1577,788547,73
8,50,1,1578,789047,53
8,50,1,1579,789547,87
8,50,1,1580,790047,72
8,50,1,1581,790547,62
8,50,1,1582,791047,57
8,50,1,1583,791547,100
8,50,1,1584,792047,54
8,50,1,1585,792547,63
8,50,1,1586,793047,86
8,50,1,1587,793547,79
8,50,1,1588,794047,62
8,50,1,1589,794547,60
8,50,1,1590,795047,91
8,50,1,1591,795547,79
8,50,1,1592,796047,63
8,50,1,1593,796547,105
8,50,1,1594,797047,73
8,50,1,1595,797547,59
8,50,1,1596,798047,90
8,50,1,1597,798547,73
8,50,1,1598,799047,100
8,50,1,1599,799547,79
8,50,1,1600,800047,75
8,50,1,1601,800547,71
8,50,1,1602,801047,63
8,50,1,1603,801547,71
8,50,1,1604,802047,63
8,50,1,1605,802547,78
8,50,1,1606,803047,59
8,50,1,1607,803547,61
8,50,1,1608,804047,79
8,50,1,1609,804547,61
8,50,1,1610,805047,54
8,50,1,1611,805547,59
8,50,1,1612,806047,76
8,50,1,1613,806547,55
8,50,1,1614,807047,75
8,50,1,1615,807547,57
8,50,1,1616,808047,52
8,50,1,1617,808547,86
8,50,1,1618,809047,77
8,50,1,1619,809547,55
8,50,1,1620,810047,59
8,50,1,1621,810547,54
8,50,1,1622,811047,69
8,50,1,1623,811547,63
8,50,1,1624,812047,59
8,50,1,1625,812547,72
8,50,1,1626,813047,75
8,50,1,1627,813547,61
8,50,1,1628,814047,59
8,50,1,1629,814547,76
8,50,1,1630,815047,84
8,50,1,1631,815547,77
8,50,1,1632,816047,81
8,50,1,1633,816547,71
8,50,1,1634,817047,85
8,50,1,1635,817547,59
8,50,1,1636,818047,81
8,50,1,1637,818547,81
8,50,1,1638,819047,87
8,50,1,1639,819547,55
8,50,1,1640,820047,58
8,50,1,1641,820547,105
8,50,1,1642,821047,39
8,50,1,1643,821547,79
8,50,1,1644,822047,59
8,50,1,1645,822547,85
8,50,1,1646,823047,53
8,50,1,1647,823547,76
8,50,1,1648,824047,63
8,50,1,1649,824547,71
8,50,1,1650,825047,63
8,50,1,1651,825547,85
8,50,1,1652,826047,51
8,50,1,1653,826547,61
8,50,1,1654,827047,137
8,50,1,1655,827547,47
8,50,1,1656,828047,46
8,50,1,1657,828547,89
8,50,1,1658,829047,63
8,50,1,1659,829547,55
8,50,1,1660,830047,55
8,50,1,1661,830547,114
8,50,1,1662,831047,51
8,50,1,1663,831547,73
8,50,1,1664,832047,74
8,50,1,1665,832547,60
8,50,1,1666,833047,48
8,50,1,1667,833547,62
8,50,1,1668,834047,67
8,50,1,1669,834547,77
8,50,1,1670,835047,61
8,50,1,1671,835547,37
8,50,1,1672,836047,83
8,50,1,1673,836547,71
8,50,1,1674,837047,79
8,50,1,1675,837547,45
8,50,1,1676,838047,47
8,50,1,1677,838547,58
8,50,1,1678,839047,57
8,50,1,1679,839547,55
8,50,1,1680,840047,81
8,50,1,1681,840547,55
8,50,1,1682,841047,50
8,50,1,1683,841547,83
8,50,1,1684,842047,75
8,50,1,1685,842547,53
8,50,1,1686,843047,71
8,50,1,1687,843547,77
8,50,1,1688,844047,61
8,50,1,1689,844547,69
8,50,1,1690,845047,77
8,50,1,1691,845547,72
8,50,1,1692,846047,85
8,50,1,1693,846547,73
8,50,1,1694,847047,63
8,50,1,1695,847547,77
8,50,1,1696,848047,74
8,50,1,1697,848547,77
8,50,1,1698,849047,59
8,50,1,1699,849547,77
8,50,1,1700,850047,85
8,50,1,1701,850547,62
8,50,1,1702,851047,71
8,50,1,1703,851547,72
8,50,1,1704,852047,71
8,50,1,1705,852547,79
8,50,1,1706,853047,71
8,50,1,1707,853547,53
8,50,1,1708,854047,103
8,50,1,1709,854547,47
8,50,1,1710,855047,105
8,50,1,1711,855547,57
8,50,1,1712,856047,99
8,50,1,1713,856547,63
8,50,1,1714,857047,75
8,50,1,1715,857547,69
8,50,1,1716,858047,99
8,50,1,1717,858547,62
8,50,1,1718,859047,25
8,50,1,1719,859547,93
8,50,1,1720,860047,60
8,50,1,1721,860547,62
8,50,1,1722,861047,71
8,50,1,1723,861547,81
8,50,1,1724,862047,64
8,50,1,1725,862547,71
8,50,1,1726,863047,60
8,50,1,1727,863547,77
8,50,1,1728,864047,72
8,50,1,1729,864547,73
8,50,1,1730,865047,91
8,50,1,1731,865547,69
8,50,1,1732,866047,61
8,50,1,1733,866547,75
8,50,1,1734,867047,79
8,50,1,1735,867547,71
8,50,1,1736,868047,57
8,50,1,1737,868547,67
8,50,1,1738,869047,99
8,50,1,1739,869547,43
8,50,1,1740,870047,109
8,50,1,1741,870547,37
8,50,1,1742,871047,95
8,50,1,1743,871547,68
8,50,1,1744,872047,108
8,50,1,1745,872547,45
8,50,1,1746,873047,83
8,50,1,1747,873547,76
8,50,1,1748,874047,71
8,50,1,1749,874547,75
8,50,1,1750,875047,67
8,50,1,1751,875547,61
8,50,1,1752,876047,100
8,50,1,1753,876547,81
8,50,1,1754,877047,67
8,50,1,1755,877547,78
8,50,1,1756,878047,83
8,50,1,1757,878547,78
8,50,1,1758,879047,87
8,50,1,1759,879547,73
8,50,1,1760,880047,55
8,50,1,1761,880547,88
8,50,1,1762,881047,83
8,50,1,1763,881547,72
8,50,1,1764,882047,89
8,50,1,1765,882547,89
8,50,1,1766,883047,61
8,50,1,1767,883547,76
8,50,1,1768,884047,63
8,50,1,1769,884547,108
8,50,1,1770,885047,72
8,50,1,1771,885547,83
8,50,1,1772,886047,78
8,50,1,1773,886547,79
8,50,1,1774,887047,87
8,50,1,1775,887547,95
8,50,1,1776,888047,57
8,50,1,1777,888547,87
8,50,1,1778,889047,73
8,50,1,1779,889547,67
8,50,1,1780,890047,56
8,50,1,1781,890547,74
8,50,1,1782,891047,93
8,50,1,1783,891547,73
8,50,1,1784,892047,52
8,50,1,1785,892547,77
8,50,1,1786,893047,61
8,50,1,1787,893547,72
8,50,1,1788,894047,73
8,50,1,1789,894547,60
8,50,1,1790,895047,75
8,50,1,1791,895547,99
8,50,1,1792,896047,39
8,50,1,1793,896547,63
8,50,1,1794,897047,69
8,50,1,1795,897547,39
8,50,1,1796,898047,120
8,50,1,1797,898547,42
8,50,1,1798,899047,71
8,50,1,1799,899547,54
8,50,1,1800,900047,72
8,50,1,1801,900547,59
8,50,1,1802,901047,111
8,50,1,1803,901547,47
8,50,1,1804,902047,54
8,50,1,1805,902547,79
8,50,1,1806,903047,47
8,50,1,1807,903547,75
8,50,1,1808,904047,31
8,50,1,1809,904547,50
8,50,1,1810,905047,54
8,50,1,1811,905547,73
8,50,1,1812,906047,37
8,50,1,1813,906547,91
8,50,1,1814,907047,27
8,50,1,1815,907547,56
8,50,1,1816,908047,43
8,50,1,1817,908547,107
8,50,1,1818,909047,14
8,50,1,1819,909547,63
8,50,1,1820,910047,53
8,50,1,1821,910547,51
8,50,1,1822,911047,54
8,50,1,1823,911547,101
8,50,1,1824,912047,60
8,50,1,1825,912547,69
8,50,1,1826,913047,73
8,50,1,1827,913547,51
8,50,1,1828,914047,78
8,50,1,1829,914547,79
8,50,1,1830,915047,67
8,50,1,1831,915547,71
8,50,1,1832,916047,55
8,50,1,1833,916547,83
8,50,1,1834,917047,55
8,50,1,1835,917547,63
8,50,1,1836,918047,77
8,50,1,1837,918547,87
8,50,1,1838,919047,95
8,50,1,1839,919547,71
8,50,1,1840,920047,72
8,50,1,1841,920547,71
8,50,1,1842,921047,77
8,50,1,1843,921547,75
8,50,1,1844,922047,52
8,50,1,1845,922547,79
8,50,1,1846,923047,57
8,50,1,1847,923547,83
8,50,1,1848,924047,57
8,50,1,1849,924547,69
8,50,1,1850,925047,61
8,50,1,1851,925547,54
8,50,1,1852,926047,57
8,50,1,1853,926547,56
8,50,1,1854,927047,46
8,50,1,1855,927547,53
8,50,1,1856,928047,33
8,50,1,1857,928547,53
8,50,1,1858,929047,76
8,50,1,1859,929547,23
8,50,1,1860,930047,37
8,50,1,1861,930547,85
8,50,1,1862,931047,52
8,50,1,1863,931547,45
8,50,1,1864,932047,39
8,50,1,1865,932547,48
8,50,1,1866,933047,61
8,50,1,1867,933547,43
8,50,1,1868,934047,71
8,50,1,1869,934547,57
8,50,1,1870,935047,85
8,50,1,1871,935547,45
8,50,1,1872,936047,57
8,50,1,1873,936547,79
8,50,1,1874,937047,77
8,50,1,1875,937547,53
8,50,1,1876,938047,90
8,50,1,1877,938547,54
8,50,1,1878,939047,75
8,50,1,1879,939547,73
8,50,1,1880,940047,85
8,50,1,1881,940547,77
8,50,1,1882,941047,63
8,50,1,1883,941547,67
8,50,1,1884,942047,69
8,50,1,1885,942547,51
8,50,1,1886,943047,101
8,50,1,1887,943547,57
8,50,1,1888,944047,69
8,50,1,1889,944547,69
8,50,1,1890,945047,53
8,50,1,1891,945547,59
8,50,1,1892,946047,71
8,50,1,1893,946547,84
8,50,1,1894,947047,84
8,50,1,1895,947547,63
8,50,1,1896,948047,53
8,50,1,1897,948547,88
8,50,1,1898,949047,77
8,50,1,1899,949547,119
8,50,1,1900,950047,31
8,50,1,1901,950547,85
8,50,1,1902,951047,99
8,50,1,1903,951547,89
8,50,1,1904,952047,79
8,50,1,1905,952547,55
8,50,1,1906,953047,121
8,50,1,1907,953547,59
8,50,1,1908,954047,86
8,50,1,1909,954547,91
8,50,1,1910,955047,116
8,50,1,1911,955547,55
8,50,1,1912,956047,91
8,50,1,1913,956547,87
8,50,1,1914,957047,89
8,50,1,1915,957547,83
8,50,1,1916,958047,94
8,50,1,1917,958547,83
8,50,1,1918,959047,55
8,50,1,1919,959547,89
8,50,1,1920,960047,87
8,50,1,1921,960547,45
8,50,1,1922,961047,42
8,50,1,1923,961547,102
8,50,1,1924,962047,36
8,50,1,1925,962547,47
8,50,1,1926,963047,87
8,50,1,1927,963547,29
8,50,1,1928,964047,43
8,50,1,1929,964547,61
8,50,1,1930,965047,44
8,50,1,1931,965547,42
8,50,1,1932,966047,59
8,50,1,1933,966547,75
8,50,1,1934,967047,19
8,50,1,1935,967547,42
8,50,1,1936,968047,70
8,50,1,1937,968547,59
8,50,1,1938,969047,69
8,50,1,1939,969547,55
8,50,1,1940,970047,68
8,50,1,1941,970547,63
8,50,1,1942,971047,89
8,50,1,1943,971547,69
8,50,1,1944,972047,73
8,50,1,1945,972547,63
8,50,1,1946,973047,77
8,50,1,1947,973547,53
8,50,1,1948,974047,94
8,50,1,1949,974547,71
8,50,1,1950,975047,93
8,50,1,1951,975547,73
8,50,1,1952,976047,73
8,50,1,1953,976547,75
8,50,1,1954,977047,85
8,50,1,1955,977547,84
8,50,1,1956,978047,69
8,50,1,1957,978547,75
8,50,1,1958,979047,71
8,50,1,1959,979547,87
8,50,1,1960,980047,63
8,50,1,1961,980547,91
8,50,1,1962,981047,75
8,50,1,1963,981547,93
8,50,1,1964,982047,69
8,50,1,1965,982547,75
8,50,1,1966,983047,72
8,50,1,1967,983547,75
8,50,1,1968,984047,73
8,50,1,1969,984547,78
8,50,1,1970,985047,93
8,50,1,1971,985547,71
8,50,1,1972,986047,73
8,50,1,1973,986547,64
8,50,1,1974,987047,71
8,50,1,1975,987547,109
8,50,1,1976,988047,43
8,50,1,1977,988547,84
8,50,1,1978,989047,84
8,50,1,1979,989547,55
8,50,1,1980,990047,63
8,50,1,1981,990547,51
8,50,1,1982,991047,77
8,50,1,1983,991547,88
8,50,1,1984,992047,71
8,50,1,1985,992547,57
8,50,1,1986,993047,75
8,50,1,1987,993547,69
8,50,1,1988,994047,78
8,50,1,1989,994547,79
8,50,1,1990,995047,56
8,50,1,1991,995547,59
8,50,1,1992,996047,95
8,50,1,1993,996547,58
8,50,1,1994,997047,75
8,50,1,1995,997547,75
8,50,1,1996,998047,60
8,50,1,1997,998547,75
8,50,1,1998,999047,62
8,50,1,1999,999547,56
8,50,2,0,48,39
8,50,2,1,547,79
8,50,2,2,1047,63
8,50,2,3,1547,121
8,50,2,4,2047,45
8,50,2,5,2547,59
8,50,2,6,3047,43
8,50,2,7,3547,57
8,50,2,8,4047,69
8,50,2,9,4547,91
8,50,2,10,5047,47
8,50,2,11,5547,85
8,50,2,12,6047,61
8,50,2,13,6547,63
8,50,2,14,7047,79
8,50,2,15,7547,57
8,50,2,16,8047,75
8,50,2,17,8547,81
8,50,2,18,9047,79
8,50,2,19,9547,62
8,50,2,20,10047,63
8,50,2,21,10547,61
8,50,2,22,11047,63
8,50,2,23,11547,74
8,50,2,24,12047,91
8,50,2,25,12547,62
8,50,2,26,13047,77
8,50,2,27,13547,78
8,50,2,28,14047,69
8,50,2,29,14547,75
8,50,2,30,15047,91
8,50,2,31,15547,69
8,50,2,32,16047,60
8,50,2,33,16547,59
8,50,2,34,17047,72
8,50,2,35,17547,83
8,50,2,36,18047,91
8,50,2,37,18547,89
8,50,2,38,19047,70
8,50,2,39,19547,85
8,50,2,40,20047,100
8,50,2,41,20547,71
8,50,2,42,21047,91
8,50,2,43,21547,95
8,50,2,44,22047,105
8,50,2,45,22547,93
8,50,2,46,23047,44
8,50,2,47,23547,103
8,50,2,48,24047,62
8,50,2,49,24547,63
8,50,2,50,25047,107
8,50,2,51,25547,57
8,50,2,52,26047,72
8,50,2,53,26547,53
8,50,2,54,27047,78
8,50,2,55,27547,89
8,50,2,56,28047,61
8,50,2,57,28547,76
8,50,2,58,29047,61
8,50,2,59,29547,75
8,50,2,60,30047,29
8,50,2,61,30547,61
8,50,2,62,31047,62
8,50,2,63,31547,61
8,50,2,64,32047,45
8,50,2,65,32547,62
8,50,2,66,33047,59
8,50,2,67,33547,51
8,50,2,68,34047,84
8,50,2,69,34547,43
8,50,2,70,35047,72
8,50,2,71,35547,67
8,50,2,72,36047,67
8,50,2,73,36547,69
8,50,2,74,37047,59
8,50,2,75,37547,50
8,50,2,76,38047,89
8,50,2,77,38547,47
8,50,2,78,39047,61
8,50,2,79,39547,51
8,50,2,80,40047,62
8,50,2,81,40547,46
8,50,2,82,41047,53
8,50,2,83,41547,71
8,50,2,84,42047,57
8,50,2,85,42547,63
8,50,2,86,43047,53
8,50,2,87,43547,73
8,50,2,88,44047,51
8,50,2,89,44547,44
8,50,2,90,45047,59
8,50,2,91,45547,75
8,50,2,92,46047,39
8,50,2,93,46547,63
8,50,2,94,47047,51
8,50,2,95,47547,77
8,50,2,96,48047,47
8,50,2,97,48547,55
8,50,2,98,49047,54
8,50,2,99,49547,59
8,50,2,100,50047,47
8,50,2,101,50547,62
8,50,2,102,51047,57
8,50,2,103,51547,55
8,50,2,104,52047,77
8,50,2,105,52547,55
8,50,2,106,53047,87
8,50,2,107,53547,51
8,50,2,108,54047,61
8,50,2,109,54547,56
8,50,2,110,55047,76
8,50,2,111,55547,46
8,50,2,112,56047,61
8,50,2,113,56547,63
8,50,2,114,57047,75
8,50,2,115,57547,87
8,50,2,116,58047,45
8,50,2,117,58547,60
8,50,2,118,59047,54
8,50,2,119,59547,75
8,50,2,120,60047,43
8,50,2,121,60547,85
8,50,2,122,61047,57
8,50,2,123,61547,45
8,50,2,124,62047,75
8,50,2,125,62547,54
8,50,2,126,63047,76
8,50,2,127,63547,55
8,50,2,128,64047,81
8,50,2,129,64547,55
8,50,2,130,65047,71
8,50,2,131,65547,73
8,50,2,132,66047,76
8,50,2,133,66547,57
8,50,2,134,67047,77
8,50,2,135,67547,103
8,50,2,136,68047,55
8,50,2,137,68547,82
8,50,2,138,69047,61
8,50,2,139,69547,61
8,50,2,140,70047,77
8,50,2,141,70547,71
8,50,2,142,71047,73
8,50,2,143,71547,73
8,50,2,144,72047,73
8,50,2,145,72547,59
8,50,2,146,73047,90
8,50,2,147,73547,53
8,50,2,148,74047,85
8,50,2,149,74547,63
8,50,2,150,75047,70
8,50,2,151,75547,63
8,50,2,152,76047,92
8,50,2,153,76547,40
8,50,2,154,77047,79
8,50,2,155,77547,70
8,50,2,156,78047,63
8,50,2,157,78547,91
8,50,2,158,79047,53
8,50,2,159,79547,77
8,50,2,160,80047,50
8,50,2,161,80547,71
8,50,2,162,81047,78
8,50,2,163,81547,61
8,50,2,164,82047,71
8,50,2,165,82547,88
8,50,2,166,83047,59
8,50,2,167,83547,107
8,50,2,168,84047,51
8,50,2,169,84547,59
8,50,2,170,85047,71
8,50,2,171,85547,63
8,50,2,172,86047,86
8,50,2,173,86547,57
8,50,2,174,87047,75
8,50,2,175,87547,88
8,50,2,176,88047,76
8,50,2,177,88547,55
8,50,2,178,89047,72
8,50,2,179,89547,55
8,50,2,180,90047,70
8,50,2,181,90547,61
8,50,2,182,91047,55
8,50,2,183,91547,73
8,50,2,184,92047,69
8,50,2,185,92547,89
8,50,2,186,93047,56
8,50,2,187,93547,67
8,50,2,188,94047,132
8,50,2,189,94547,69
8,50,2,190,95047,23
8,50,2,191,95547,101
8,50,2,192,96047,58
8,50,2,193,96547,63
8,50,2,194,97047,61
8,50,2,195,97547,70
8,50,2,196,98047,76
8,50,2,197,98547,73
8,50,2,198,99047,28
8,50,2,199,99547,99
8,50,2,200,100047,72
8,50,2,201,100547,63
8,50,2,202,101047,87
8,50,2,203,101547,63
8,50,2,204,102047,79
8,50,2,205,102547,62
8,50,2,206,103047,75
8,50,2,207,103547,55
8,50,2,208,104047,60
8,50,2,209,104547,67
8,50,2,210,105047,78
8,50,2,211,105547,77
8,50,2,212,106047,68
8,50,2,213,106547,74
8,50,2,214,107047,51
8,50,2,215,107547,79
8,50,2,216,108047,75
8,50,2,217,108547,71
8,50,2,218,109047,71
8,50,2,219,109547,72
8,50,2,220,110047,71
8,50,2,221,110547,79
8,50,2,222,111047,69
8,50,2,223,111547,88
8,50,2,224,112047,55
8,50,2,225,112547,73
8,50,2,226,113047,73
8,50,2,227,113547,56
8,50,2,228,114047,69
8,50,2,229,114547,78
8,50,2,230,115047,72
8,50,2,231,115547,83
8,50,2,232,116047,59
8,50,2,233,116547,78
8,50,2,234,117047,67
8,50,2,235,117547,63
8,50,2,236,118047,71
8,50,2,237,118547,71
8,50,2,238,119047,61
8,50,2,239,119547,71
8,50,2,240,120047,99
8,50,2,241,120547,73
8,50,2,242,121047,99
8,50,2,243,121547,26
8,50,2,244,122047,61
8,50,2,245,122547,78
8,50,2,246,123047,82
8,50,2,247,123547,68
8,50,2,248,124047,51
8,50,2,249,124547,85
8,50,2,250,125047,81
8,50,2,251,125547,84
8,50,2,252,126047,59
8,50,2,253,126547,77
8,50,2,254,127047,101
8,50,2,255,127547,56
8,50,2,256,128047,54
8,50,2,257,128547,79
8,50,2,258,129047,57
8,50,2,259,129547,87
8,50,2,260,130047,76
8,50,2,261,130547,69
8,50,2,262,131047,87
8,50,2,263,131547,74
8,50,2,264,132047,48
8,50,2,265,132547,77
8,50,2,266,133047,88
8,50,2,267,133547,69
8,50,2,268,134047,94
8,50,2,269,134547,71
8,50,2,270,135047,58
8,50,2,271,135547,79
8,50,2,272,136047,71
8,50,2,273,136547,91
8,50,2,274,137047,64
8,50,2,275,137547,84
8,50,2,276,138047,75
8,50,2,277,138547,77
8,50,2,278,139047,57
8,50,2,279,139547,71
8,50,2,280,140047,84
8,50,2,281,140547,75
8,50,2,282,141047,57
8,50,2,283,141547,41
8,50,2,284,142047,88
8,50,2,285,142547,61
8,50,2,286,143047,74
8,50,2,287,143547,72
8,50,2,288,144047,43
8,50,2,289,144547,75
8,50,2,290,145047,56
8,50,2,291,145547,95
8,50,2,292,146047,52
8,50,2,293,146547,56
8,50,2,294,147047,79
8,50,2,295,147547,56
8,50,2,296,148047,59
8,50,2,297,148547,57
8,50,2,298,149047,92
8,50,2,299,149547,44
8,50,2,300,150047,71
8,50,2,301,150547,69
8,50,2,302,151047,67
8,50,2,303,151547,69
8,50,2,304,152047,57
8,50,2,305,152547,61
8,50,2,306,153047,71
8,50,2,307,153547,53
8,50,2,308,154047,83
8,50,2,309,154547,68
8,50,2,310,155047,53
8,50,2,311,155547,62
8,50,2,312,156047,71
8,50,2,313,156547,72
8,50,2,314,157047,85
8,50,2,315,157547,61
8,50,2,316,158047,56
8,50,2,317,158547,95
8,50,2,318,159047,51
8,50,2,319,159547,98
8,50,2,320,160047,57
8,50,2,321,160547,55
8,50,2,322,161047,94
8,50,2,323,161547,62
8,50,2,324,162047,57
8,50,2,325,162547,87
8,50,2,326,163047,123
8,50,2,327,163547,43
8,50,2,328,164047,79
8,50,2,329,164547,75
8,50,2,330,165047,39
8,50,2,331,165547,100
8,50,2,332,166047,74
8,50,2,333,166547,50
8,50,2,334,167047,126
8,50,2,335,167547,53
8,50,2,336,168047,59
8,50,2,337,168547,78
8,50,2,338,169047,87
8,50,2,339,169547,44
8,50,2,340,170047,53
8,50,2,341,170547,75
8,50,2,342,171047,86
8,50,2,343,171547,60
8,50,2,344,172047,59
8,50,2,345,172547,72
8,50,2,346,173047,72
8,50,2,347,173547,73
8,50,2,348,174047,49
8,50,2,349,174547,77
8,50,2,350,175047,85
8,50,2,351,175547,51
8,50,2,352,176047,57
8,50,2,353,176547,70
8,50,2,354,177047,88
8,50,2,355,177547,55
8,50,2,356,178047,55
8,50,2,357,178547,51
8,50,2,358,179047,55
8,50,2,359,179547,61
8,50,2,360,180047,68
8,50,2,361,180547,56
8,50,2,362,181047,51
8,50,2,363,181547,46
8,50,2,364,182047,75
8,50,2,365,182547,41
8,50,2,366,183047,102
8,50,2,367,183547,37
8,50,2,368,184047,62
8,50,2,369,184547,57
8,50,2,370,185047,59
8,50,2,371,185547,37
8,50,2,372,186047,106
8,50,2,373,186547,73
8,50,2,374,187047,69
8,50,2,375,187547,64
8,50,2,376,188047,73
8,50,2,377,188547,93
8,50,2,378,189047,82
8,50,2,379,189547,79
8,50,2,380,190047,69
8,50,2,381,190547,73
8,50,2,382,191047,77
8,50,2,383,191547,83
8,50,2,384,192047,53
8,50,2,385,192547,71
8,50,2,386,193047,60
8,50,2,387,193547,60
8,50,2,388,194047,59
8,50,2,389,194547,57
8,50,2,390,195047,73
8,50,2,391,195547,42
8,50,2,392,196047,83
8,50,2,393,196547,38
8,50,2,394,197047,61
8,50,2,395,197547,60
8,50,2,396,198047,84
8,50,2,397,198547,70
8,50,2,398,199047,40
8,50,2,399,199547,85
8,50,2,400,200047,58
8,50,2,401,200547,71
8,50,2,402,201047,68
8,50,2,403,201547,69
8,50,2,404,202047,72
8,50,2,405,202547,103
8,50,2,406,203047,69
8,50,2,407,203547,27
8,50,2,408,204047,115
8,50,2,409,204547,61
8,50,2,410,205047,60
8,50,2,411,205547,78
8,50,2,412,206047,58
8,50,2,413,206547,76
8,50,2,414,207047,71
8,50,2,415,207547,53
8,50,2,416,208047,39
8,50,2,417,208547,51
8,50,2,418,209047,64
8,50,2,419,209547,95
8,50,2,420,210047,62
8,50,2,421,210547,111
8,50,2,422,211047,46
8,50,2,423,211547,46
8,50,2,424,212047,72
8,50,2,425,212547,62
8,50,2,426,213047,50
8,50,2,427,213547,88
8,50,2,428,214047,56
8,50,2,429,214547,60
8,50,2,430,215047,69
8,50,2,431,215547,85
8,50,2,432,216047,39
8,50,2,433,216547,101
8,50,2,434,217047,30
8,50,2,435,217547,85
8,50,2,436,218047,103
8,50,2,437,218547,69
8,50,2,438,219047,76
8,50,2,439,219547,109
8,50,2,440,220047,63
8,50,2,441,220547,75
8,50,2,442,221047,88
8,50,2,443,221547,98
8,50,2,444,222047,53
8,50,2,445,222547,91
8,50,2,446,223047,83
8,50,2,447,223547,55
8,50,2,448,224047,83
8,50,2,449,224547,87
8,50,2,450,225047,72
8,50,2,451,225547,68
8,50,2,452,226047,73
8,50,2,453,226547,83
8,50,2,454,227047,53
8,50,2,455,227547,52
8,50,2,456,228047,75
8,50,2,457,228547,74
8,50,2,458,229047,42
8,50,2,459,229547,73
8,50,2,460,230047,71
8,50,2,461,230547,63
8,50,2,462,231047,58
8,50,2,463,231547,59
8,50,2,464,232047,67
8,50,2,465,232547,55
8,50,2,466,233047,53
8,50,2,467,233547,60
8,50,2,468,234047,61
8,50,2,469,234547,56
8,50,2,470,235047,57
8,50,2,471,235547,75
8,50,2,472,236047,73
8,50,2,473,236547,69
8,50,2,474,237047,85
8,50,2,475,237547,91
8,50,2,476,238047,53
8,50,2,477,238547,85
8,50,2,478,239047,73
8,50,2,479,239547,87
8,50,2,480,240047,85
8,50,2,481,240547,83
8,50,2,482,241047,90
8,50,2,483,241547,74
8,50,2,484,242047,86
8,50,2,485,242547,63
8,50,2,486,243047,76
8,50,2,487,243547,79
8,50,2,488,244047,87
8,50,2,489,244547,76
8,50,2,490,245047,72
8,50,2,491,245547,117
8,50,2,492,246047,57
8,50,2,493,246547,79
8,50,2,494,247047,100
8,50,2,495,247547,99
8,50,2,496,248047,57
8,50,2,497,248547,91
8,50,2,498,249047,87
8,50,2,499,249547,61
8,50,2,500,250047,101
8,50,2,501,250547,87
8,50,2,502,251047,69
8,50,2,503,251547,87
8,50,2,504,252047,79
8,50,2,505,252547,48
8,50,2,506,253047,87
8,50,2,507,253547,94
8,50,2,508,254047,91
8,50,2,509,254547,51
8,50,2,510,255047,75
8,50,2,511,255547,79
8,50,2,512,256047,79
8,50,2,513,256547,63
8,50,2,514,257047,68
8,50,2,515,257547,67
8,50,2,516,258047,74
8,50,2,517,258547,52
8,50,2,518,259047,57
8,50,2,519,259547,69
8,50,2,520,260047,40
8,50,2,521,260547,41
8,50,2,522,261047,71
8,50,2,523,261547,47
8,50,2,524,262047,73
8,50,2,525,262547,39
8,50,2,526,263047,55
8,50,2,527,263547,53
8,50,2,528,264047,40
8,50,2,529,264547,55
8,50,2,530,265047,75
8,50,2,531,265547,55
8,50,2,532,266047,55
8,50,2,533,266547,73
8,50,2,534,267047,76
8,50,2,535,267547,59
8,50,2,536,268047,59
8,50,2,537,268547,55
8,50,2,538,269047,77
8,50,2,539,269547,74
8,50,2,540,270047,45
8,50,2,541,270547,68
8,50,2,542,271047,77
8,50,2,543,271547,84
8,50,2,544,272047,68
8,50,2,545,272547,93
8,50,2,546,273047,55
8,50,2,547,273547,89
8,50,2,548,274047,69
8,50,2,549,274547,73
8,50,2,550,275047,77
8,50,2,551,275547,73
8,50,2,552,276047,77
8,50,2,553,276547,78
8,50,2,554,277047,51
8,50,2,555,277547,75
8,50,2,556,278047,87
8,50,2,557,278547,94
8,50,2,558,279047,82
8,50,2,559,279547,51
8,50,2,560,280047,62
8,50,2,561,280547,79
8,50,2,562,281047,73
8,50,2,563,281547,57
8,50,2,564,282047,69
8,50,2,565,282547,76
8,50,2,566,283047,55
8,50,2,567,283547,53
8,50,2,568,284047,83
8,50,2,569,284547,57
8,50,2,570,285047,38
8,50,2,571,285547,75
8,50,2,572,286047,55
8,50,2,573,286547,52
8,50,2,574,287047,69
8,50,2,575,287547,76
8,50,2,576,288047,60
8,50,2,577,288547,84
8,50,2,578,289047,43
8,50,2,579,289547,94
8,50,2,580,290047,35
8,50,2,581,290547,108
8,50,2,582,291047,55
8,50,2,583,291547,69
8,50,2,584,292047,58
8,50,2,585,292547,99
8,50,2,586,293047,86
8,50,2,587,293547,77
8,50,2,588,294047,57
8,50,2,589,294547,108
8,50,2,590,295047,59
8,50,2,591,295547,83
8,50,2,592,296047,77
8,50,2,593,296547,59
8,50,2,594,297047,47
8,50,2,595,297547,121
8,50,2,596,298047,77
8,50,2,597,298547,78
8,50,2,598,299047,83
8,50,2,599,299547,71
8,50,2,600,300047,63
8,50,2,601,300547,91
8,50,2,602,301047,53
8,50,2,603,301547,108
8,50,2,604,302047,69
8,50,2,605,302547,37
8,50,2,606,303047,57
8,50,2,607,303547,76
8,50,2,608,304047,56
8,50,2,609,304547,37
8,50,2,610,305047,85
8,50,2,611,305547,58
8,50,2,612,306047,61
8,50,2,613,306547,59
8,50,2,614,307047,56
8,50,2,615,307547,57
8,50,2,616,308047,75
8,50,2,617,308547,68
8,50,2,618,309047,73
8,50,2,619,309547,71
8,50,2,620,310047,54
8,50,2,621,310547,74
8,50,2,622,311047,67
8,50,2,623,311547,77
8,50,2,624,312047,53
8,50,2,625,312547,70
8,50,2,626,313047,61
8,50,2,627,313547,60
8,50,2,628,314047,73
8,50,2,629,314547,50
8,50,2,630,315047,61
8,50,2,631,315547,77
8,50,2,632,316047,61
8,50,2,633,316547,45
8,50,2,634,317047,61
8,50,2,635,317547,57
8,50,2,636,318047,73
8,50,2,637,318547,59
8,50,2,638,319047,67
8,50,2,639,319547,40
8,50,2,640,320047,83
8,50,2,641,320547,51
8,50,2,642,321047,55
8,50,2,643,321547,57
8,50,2,644,322047,85
8,50,2,645,322547,56
8,50,2,646,323047,59
8,50,2,647,323547,63
8,50,2,648,324047,73
8,50,2,649,324547,87
8,50,2,650,325047,61
8,50,2,651,325547,47
8,50,2,652,326047,73
8,50,2,653,326547,88
8,50,2,654,327047,73
8,50,2,655,327547,48
8,50,2,656,328047,78
8,50,2,657,328547,69
8,50,2,658,329047,90
8,50,2,659,329547,68
8,50,2,660,330047,56
8,50,2,661,330547,71
8,50,2,662,331047,50
8,50,2,663,331547,87
8,50,2,664,332047,107
8,50,2,665,332547,44
8,50,2,666,333047,62
8,50,2,667,333547,83
8,50,2,668,334047,93
8,50,2,669,334547,62
8,50,2,670,335047,107
8,50,2,671,335547,52
8,50,2,672,336047,62
8,50,2,673,336547,77
8,50,2,674,337047,83
8,50,2,675,337547,61
8,50,2,676,338047,79
8,50,2,677,338547,73
8,50,2,678,339047,54
8,50,2,679,339547,75
8,50,2,680,340047,73
8,50,2,681,340547,58
8,50,2,682,341047,67
8,50,2,683,341547,101
8,50,2,684,342047,29
8,50,2,685,342547,58
8,50,2,686,343047,56
8,50,2,687,343547,56
8,50,2,688,344047,42
8,50,2,689,344547,107
8,50,2,690,345047,37
8,50,2,691,345547,87
8,50,2,692,346047,53
8,50,2,693,346547,69
8,50,2,694,347047,82
8,50,2,695,347547,58
8,50,2,696,348047,68
8,50,2,697,348547,55
8,50,2,698,349047,56
8,50,2,699,349547,44
8,50,2,700,350047,51
8,50,2,701,350547,75
8,50,2,702,351047,51
8,50,2,703,351547,45
8,50,2,704,352047,75
8,50,2,705,352547,70
8,50,2,706,353047,83
8,50,2,707,353547,45
8,50,2,708,354047,64
8,50,2,709,354547,60
8,50,2,710,355047,63
8,50,2,711,355547,63
8,50,2,712,356047,58
8,50,2,713,356547,71
8,50,2,714,357047,84
8,50,2,715,357547,54
8,50,2,716,358047,69
8,50,2,717,358547,79
8,50,2,718,359047,89
8,50,2,719,359547,82
8,50,2,720,360047,79
8,50,2,721,360547,69
8,50,2,722,361047,75
8,50,2,723,361547,74
8,50,2,724,362047,105
8,50,2,725,362547,75
8,50,2,726,363047,61
8,50,2,727,363547,73
8,50,2,728,364047,95
8,50,2,729,364547,63
8,50,2,730,365047,75
8,50,2,731,365547,75
8,50,2,732,366047,91
8,50,2,733,366547,64
8,50,2,734,367047,89
8,50,2,735,367547,86
8,50,2,736,368047,69
8,50,2,737,368547,73
8,50,2,738,369047,89
8,50,2,739,369547,61
8,50,2,740,370047,77
8,50,2,741,370547,74
8,50,2,742,371047,89
8,50,2,743,371547,85
8,50,2,744,372047,58
8,50,2,745,372547,61
8,50,2,746,373047,59
8,50,2,747,373547,55
8,50,2,748,374047,73
8,50,2,749,374547,61
8,50,2,750,375047,31
8,50,2,751,375547,55
8,50,2,752,376047,92
8,50,2,753,376547,55
8,50,2,754,377047,43
8,50,2,755,377547,60
8,50,2,756,378047,53
8,50,2,757,378547,68
8,50,2,758,379047,67
8,50,2,759,379547,57
8,50,2,760,380047,61
8,50,2,761,380547,53
8,50,2,762,381047,67
8,50,2,763,381547,57
8,50,2,764,382047,62
8,50,2,765,382547,61
8,50,2,766,383047,89
8,50,2,767,383547,31
8,50,2,768,384047,75
8,50,2,769,384547,62
8,50,2,770,385047,83
8,50,2,771,385547,83
8,50,2,772,386047,73
8,50,2,773,386547,72
8,50,2,774,387047,68
8,50,2,775,387547,73
8,50,2,776,388047,107
8,50,2,777,388547,59
8,50,2,778,389047,102
8,50,2,779,389547,89
8,50,2,780,390047,53
8,50,2,781,390547,115
8,50,2,782,391047,62
8,50,2,783,391547,70
8,50,2,784,392047,71
8,50,2,785,392547,77
8,50,2,786,393047,71
8,50,2,787,393547,71
8,50,2,788,394047,89
8,50,2,789,394547,61
8,50,2,790,395047,55
8,50,2,791,395547,105
8,50,2,792,396047,72
8,50,2,793,396547,55
8,50,2,794,397047,63
8,50,2,795,397547,83
8,50,2,796,398047,77
8,50,2,797,398547,55
8,50,2,798,399047,58
8,50,2,799,399547,73
8,50,2,800,400047,71
8,50,2,801,400547,111
8,50,2,802,401047,75
8,50,2,803,401547,53
8,50,2,804,402047,75
8,50,2,805,402547,82
8,50,2,806,403047,63
8,50,2,807,403547,91
8,50,2,808,404047,89
8,50,2,809,404547,75
8,50,2,810,405047,72
8,50,2,811,405547,43
8,50,2,812,406047,95
8,50,2,813,406547,89
8,50,2,814,407047,52
8,50,2,815,407547,57
8,50,2,816,408047,56
8,50,2,817,408547,71
8,50,2,818,409047,53
8,50,2,819,409547,69
8,50,2,820,410047,57
8,50,2,821,410547,73
8,50,2,822,411047,67
8,50,2,823,411547,61
8,50,2,824,412047,51
8,50,2,825,412547,76
8,50,2,826,413047,71
8,50,2,827,413547,38
8,50,2,828,414047,91
8,50,2,829,414547,73
8,50,2,830,415047,57
8,50,2,831,415547,71
8,50,2,832,416047,67
8,50,2,833,416547,69
8,50,2,834,417047,75
8,50,2,835,417547,79
8,50,2,836,418047,56
8,50,2,837,418547,85
8,50,2,838,419047,55
8,50,2,839,419547,83
8,50,2,840,420047,69
8,50,2,841,420547,53
8,50,2,842,421047,85
8,50,2,843,421547,69
8,50,2,844,422047,88
8,50,2,845,422547,61
8,50,2,846,423047,72
8,50,2,847,423547,73
8,50,2,848,424047,107
8,50,2,849,424547,81
8,50,2,850,425047,59
8,50,2,851,425547,79
8,50,2,852,426047,115
8,50,2,853,426547,80
8,50,2,854,427047,67
8,50,2,855,427547,87
8,50,2,856,428047,79
8,50,2,857,428547,62
8,50,2,858,429047,94
8,50,2,859,429547,71
8,50,2,860,430047,91
8,50,2,861,430547,75
8,50,2,862,431047,147
8,50,2,863,431547,47
8,50,2,864,432047,88
8,50,2,865,432547,79
8,50,2,866,433047,71
8,50,2,867,433547,76
8,50,2,868,434047,76
8,50,2,869,434547,102
8,50,2,870,435047,70
8,50,2,871,435547,73
8,50,2,872,436047,63
8,50,2,873,436547,70
8,50,2,874,437047,77
8,50,2,875,437547,83
8,50,2,876,438047,59
8,50,2,877,438547,85
8,50,2,878,439047,70
8,50,2,879,439547,71
8,50,2,880,440047,31
8,50,2,881,440547,53
8,50,2,882,441047,127
8,50,2,883,441547,70
8,50,2,884,442047,21
8,50,2,885,442547,72
8,50,2,886,443047,88
8,50,2,887,443547,59
8,50,2,888,444047,37
8,50,2,889,444547,63
8,50,2,890,445047,61
8,50,2,891,445547,57
8,50,2,892,446047,99
8,50,2,893,446547,61
8,50,2,894,447047,28
8,50,2,895,447547,86
8,50,2,896,448047,79
8,50,2,897,448547,29
8,50,2,898,449047,43
8,50,2,899,449547,99
8,50,2,900,450047,43
8,50,2,901,450547,64
8,50,2,902,451047,37
8,50,2,903,451547,125
8,50,2,904,452047,41
8,50,2,905,452547,57
8,50,2,906,453047,88
8,50,2,907,453547,63
8,50,2,908,454047,62
8,50,2,909,454547,81
8,50,2,910,455047,71
8,50,2,911,455547,57
8,50,2,912,456047,73
8,50,2,913,456547,56
8,50,2,914,457047,59
8,50,2,915,457547,116
8,50,2,916,458047,40
8,50,2,917,458547,82
8,50,2,918,459047,61
8,50,2,919,459547,121
8,50,2,920,460047,42
8,50,2,921,460547,73
8,50,2,922,461047,72
8,50,2,923,461547,86
8,50,2,924,462047,57
8,50,2,925,462547,76
8,50,2,926,463047,75
8,50,2,927,463547,53
8,50,2,928,464047,78
8,50,2,929,464547,89
8,50,2,930,465047,41
8,50,2,931,465547,72
8,50,2,932,466047,62
8,50,2,933,466547,87
8,50,2,934,467047,43
8,50,2,935,467547,75
8,50,2,936,468047,60
8,50,2,937,468547,53
8,50,2,938,469047,61
8,50,2,939,469547,76
8,50,2,940,470047,77
8,50,2,941,470547,60
8,50,2,942,471047,59
8,50,2,943,471547,56
8,50,2,944,472047,55
8,50,2,945,472547,62
8,50,2,946,473047,68
8,50,2,947,473547,46
8,50,2,948,474047,63
8,50,2,949,474547,93
8,50,2,950,475047,57
8,50,2,951,475547,61
8,50,2,952,476047,76
8,50,2,953,476547,73
8,50,2,954,477047,47
8,50,2,955,477547,60
8,50,2,956,478047,90
8,50,2,957,478547,73
8,50,2,958,479047,61
8,50,2,959,479547,62
8,50,2,960,480047,87
8,50,2,961,480547,69
8,50,2,962,481047,79
8,50,2,963,481547,55
8,50,2,964,482047,77
8,50,2,965,482547,85
8,50,2,966,483047,47
8,50,2,967,483547,85
8,50,2,968,484047,61
8,50,2,969,484547,71
8,50,2,970,485047,88
8,50,2,971,485547,89
8,50,2,972,486047,45
8,50,2,973,486547,75
8,50,2,974,487047,51
8,50,2,975,487547,74
8,50,2,976,488047,87
8,50,2,977,488547,27
8,50,2,978,489047,111
8,50,2,979,489547,77
8,50,2,980,490047,71
8,50,2,981,490547,62
8,50,2,982,491047,87
8,50,2,983,491547,71
8,50,2,984,492047,107
8,50,2,985,492547,77
8,50,2,986,493047,70
8,50,2,987,493547,75
8,50,2,988,494047,73
8,50,2,989,494547,73
8,50,2,990,495047,74
8,50,2,991,495547,73
8,50,2,992,496047,47
8,50,2,993,496547,85
8,50,2,994,497047,63
8,50,2,995,497547,70
8,50,2,996,498047,61
8,50,2,997,498547,61
8,50,2,998,499047,75
8,50,2,999,499547,58
8,50,2,1000,500047,61
8,50,2,1001,500547,63
8,50,2,1002,501047,53
8,50,2,1003,501547,105
8,50,2,1004,502047,37
8,50,2,1005,502547,53
8,50,2,1006,503047,55
8,50,2,1007,503547,85
8,50,2,1008,504047,27
8,50,2,1009,504547,89
8,50,2,1010,505047,39
8,50,2,1011,505547,95
8,50,2,1012,506047,41
8,50,2,1013,506547,42
8,50,2,1014,507047,93
8,50,2,1015,507547,73
8,50,2,1016,508047,55
8,50,2,1017,508547,59
8,50,2,1018,509047,87
8,50,2,1019,509547,79
8,50,2,1020,510047,70
8,50,2,1021,510547,54
8,50,2,1022,511047,83
8,50,2,1023,511547,92
8,50,2,1024,512047,57
8,50,2,1025,512547,82
8,50,2,1026,513047,85
8,50,2,1027,513547,85
8,50,2,1028,514047,68
8,50,2,1029,514547,63
8,50,2,1030,515047,59
8,50,2,1031,515547,53
8,50,2,1032,516047,102
8,50,2,1033,516547,45
8,50,2,1034,517047,71
8,50,2,1035,517547,67
8,50,2,1036,518047,45
8,50,2,1037,518547,101
8,50,2,1038,519047,70
8,50,2,1039,519547,78
8,50,2,1040,520047,91
8,50,2,1041,520547,110
8,50,2,1042,521047,43
8,50,2,1043,521547,67
8,50,2,1044,522047,57
8,50,2,1045,522547,70
8,50,2,1046,523047,61
8,50,2,1047,523547,46
8,50,2,1048,524047,59
8,50,2,1049,524547,82
8,50,2,1050,525047,77
8,50,2,1051,525547,47
8,50,2,1052,526047,62
8,50,2,1053,526547,69
8,50,2,1054,527047,82
8,50,2,1055,527547,70
8,50,2,1056,528047,69
8,50,2,1057,528547,81
8,50,2,1058,529047,77
8,50,2,1059,529547,64
8,50,2,1060,530047,73
8,50,2,1061,530547,87
8,50,2,1062,531047,79
8,50,2,1063,531547,85
8,50,2,1064,532047,104
8,50,2,1065,532547,89
8,50,2,1066,533047,69
8,50,2,1067,533547,75
8,50,2,1068,534047,78
8,50,2,1069,534547,69
8,50,2,1070,535047,95
8,50,2,1071,535547,96
8,50,2,1072,536047,87
8,50,2,1073,536547,62
8,50,2,1074,537047,53
8,50,2,1075,537547,103
8,50,2,1076,538047,61
8,50,2,1077,538547,63
8,50,2,1078,539047,51
8,50,2,1079,539547,70
8,50,2,1080,540047,83
8,50,2,1081,540547,77
8,50,2,1082,541047,43
8,50,2,1083,541547,76
8,50,2,1084,542047,59
8,50,2,1085,542547,72
8,50,2,1086,543047,41
8,50,2,1087,543547,57
8,50,2,1088,544047,91
8,50,2,1089,544547,68
8,50,2,1090,545047,49
8,50,2,1091,545547,71
8,50,2,1092,546047,47
8,50,2,1093,546547,83
8,50,2,1094,547047,61
8,50,2,1095,547547,55
8,50,2,1096,548047,55
8,50,2,1097,548547,67
8,50,2,1098,549047,77
8,50,2,1099,549547,79
8,50,2,1100,550047,63
8,50,2,1101,550547,82
8,50,2,1102,551047,61
8,50,2,1103,551547,69
8,50,2,1104,552047,80
8,50,2,1105,552547,55
8,50,2,1106,553047,69
8,50,2,1107,553547,71
8,50,2,1108,554047,61
8,50,2,1109,554547,83
8,50,2,1110,555047,45
8,50,2,1111,555547,85
8,50,2,1112,556047,75
8,50,2,1113,556547,78
8,50,2,1114,557047,56
8,50,2,1115,557547,89
8,50,2,1116,558047,59
8,50,2,1117,558547,70
8,50,2,1118,559047,52
8,50,2,1119,559547,91
8,50,2,1120,560047,58
8,50,2,1121,560547,87
8,50,2,1122,561047,45
8,50,2,1123,561547,107
8,50,2,1124,562047,45
8,50,2,1125,562547,99
8,50,2,1126,563047,47
8,50,2,1127,563547,81
8,50,2,1128,564047,61
8,50,2,1129,564547,83
8,50,2,1130,565047,72
8,50,2,1131,565547,51
8,50,2,1132,566047,37
8,50,2,1133,566547,89
8,50,2,1134,567047,35
8,50,2,1135,567547,53
8,50,2,1136,568047,63
8,50,2,1137,568547,84
8,50,2,1138,569047,58
8,50,2,1139,569547,68
8,50,2,1140,570047,75
8,50,2,1141,570547,63
8,50,2,1142,571047,47
8,50,2,1143,571547,83
8,50,2,1144,572047,43
8,50,2,1145,572547,59
8,50,2,1146,573047,77
8,50,2,1147,573547,79
8,50,2,1148,574047,71
8,50,2,1149,574547,59
8,50,2,1150,575047,107
8,50,2,1151,575547,62
8,50,2,1152,576047,75
8,50,2,1153,576547,83
8,50,2,1154,577047,87
8,50,2,1155,577547,68
8,50,2,1156,578047,69
8,50,2,1157,578547,85
8,50,2,1158,579047,78
8,50,2,1159,579547,72
8,50,2,1160,580047,77
8,50,2,1161,580547,70
8,50,2,1162,581047,78
8,50,2,1163,581547,61
8,50,2,1164,582047,85
8,50,2,1165,582547,89
8,50,2,1166,583047,47
8,50,2,1167,583547,88
8,50,2,1168,584047,60
8,50,2,1169,584547,96
8,50,2,1170,585047,61
8,50,2,1171,585547,141
8,50,2,1172,586047,53
8,50,2,1173,586547,54
8,50,2,1174,587047,61
8,50,2,1175,587547,73
8,50,2,1176,588047,54
8,50,2,1177,588547,85
8,50,2,1178,589047,61
8,50,2,1179,589547,59
8,50,2,1180,590047,111
8,50,2,1181,590547,69
8,50,2,1182,591047,77
8,50,2,1183,591547,73
8,50,2,1184,592047,29
8,50,2,1185,592547,54
8,50,2,1186,593047,76
8,50,2,1187,593547,60
8,50,2,1188,594047,61
8,50,2,1189,594547,49
8,50,2,1190,595047,82
8,50,2,1191,595547,36
8,50,2,1192,596047,75
8,50,2,1193,596547,39
8,50,2,1194,597047,85
8,50,2,1195,597547,46
8,50,2,1196,598047,61
8,50,2,1197,598547,47
8,50,2,1198,599047,68
8,50,2,1199,599547,59
8,50,2,1200,600047,53
8,50,2,1201,600547,45
8,50,2,1202,601047,105
8,50,2,1203,601547,37
8,50,2,1204,602047,69
8,50,2,1205,602547,73
8,50,2,1206,603047,63
8,50,2,1207,603547,61
8,50,2,1208,604047,69
8,50,2,1209,604547,67
8,50,2,1210,605047,78
8,50,2,1211,605547,61
8,50,2,1212,606047,69
8,50,2,1213,606547,77
8,50,2,1214,607047,86
8,50,2,1215,607547,72
8,50,2,1216,608047,62
8,50,2,1217,608547,81
8,50,2,1218,609047,93
8,50,2,1219,609547,92
8,50,2,1220,610047,48
8,50,2,1221,610547,77
8,50,2,1222,611047,105
8,50,2,1223,611547,60
8,50,2,1224,612047,115
8,50,2,1225,612547,62
8,50,2,1226,613047,68
8,50,2,1227,613547,69
8,50,2,1228,614047,83
8,50,2,1229,614547,93
8,50,2,1230,615047,82
8,50,2,1231,615547,83
8,50,2,1232,616047,95
8,50,2,1233,616547,77
8,50,2,1234,617047,84
8,50,2,1235,617547,83
8,50,2,1236,618047,57
8,50,2,1237,618547,108
8,50,2,1238,619047,47
8,50,2,1239,619547,85
8,50,2,1240,620047,75
8,50,2,1241,620547,75
8,50,2,1242,621047,71
8,50,2,1243,621547,73
8,50,2,1244,622047,50
8,50,2,1245,622547,59
8,50,2,1246,623047,47
8,50,2,1247,623547,84
8,50,2,1248,624047,56
8,50,2,1249,624547,75
8,50,2,1250,625047,61
8,50,2,1251,625547,101
8,50,2,1252,626047,31
8,50,2,1253,626547,88
8,50,2,1254,627047,38
8,50,2,1255,627547,87
8,50,2,1256,628047,51
8,50,2,1257,628547,59
8,50,2,1258,629047,79
8,50,2,1259,629547,35
8,50,2,1260,630047,48
8,50,2,1261,630547,61
8,50,2,1262,631047,69
8,50,2,1263,631547,44
8,50,2,1264,632047,56
8,50,2,1265,632547,49
8,50,2,1266,633047,54
8,50,2,1267,633547,41
8,50,2,1268,634047,43
8,50,2,1269,634547,63
8,50,2,1270,635047,36
8,50,2,1271,635547,107
8,50,2,1272,636047,39
8,50,2,1273,636547,39
8,50,2,1274,637047,51
8,50,2,1275,637547,60
8,50,2,1276,638047,31
8,50,2,1277,638547,83
8,50,2,1278,639047,43
8,50,2,1279,639547,91
8,50,2,1280,640047,37
8,50,2,1281,640547,71
8,50,2,1282,641047,61
8,50,2,1283,641547,69
8,50,2,1284,642047,81
8,50,2,1285,642547,72
8,50,2,1286,643047,53
8,50,2,1287,643547,61
8,50,2,1288,644047,51
8,50,2,1289,644547,91
8,50,2,1290,645047,61
8,50,2,1291,645547,77
8,50,2,1292,646047,67
8,50,2,1293,646547,75
8,50,2,1294,647047,58
8,50,2,1295,647547,81
8,50,2,1296,648047,56
8,50,2,1297,648547,79
8,50,2,1298,649047,98
8,50,2,1299,649547,67
8,50,2,1300,650047,61
8,50,2,1301,650547,75
8,50,2,1302,651047,69
8,50,2,1303,651547,69
8,50,2,1304,652047,62
8,50,2,1305,652547,58
8,50,2,1306,653047,85
8,50,2,1307,653547,75
8,50,2,1308,654047,47
8,50,2,1309,654547,67
8,50,2,1310,655047,75
8,50,2,1311,655547,45
8,50,2,1312,656047,59
8,50,2,1313,656547,59
8,50,2,1314,657047,61
8,50,2,1315,657547,82
8,50,2,1316,658047,56
8,50,2,1317,658547,75
8,50,2,1318,659047,61
8,50,2,1319,659547,50
8,50,2,1320,660047,60
8,50,2,1321,660547,83
8,50,2,1322,661047,74
8,50,2,1323,661547,55
8,50,2,1324,662047,96
8,50,2,1325,662548,53
8,50,2,1326,663047,99
8,50,2,1327,663547,52
8,50,2,1328,664047,120
8,50,2,1329,664547,59
8,50,2,1330,665047,85
8,50,2,1331,665547,71
8,50,2,1332,666047,79
8,50,2,1333,666547,71
8,50,2,1334,667047,71
8,50,2,1335,667547,79
8,50,2,1336,668047,73
8,50,2,1337,668547,74
8,50,2,1338,669047,77
8,50,2,1339,669547,60
8,50,2,1340,670047,69
8,50,2,1341,670547,77
8,50,2,1342,671047,87
8,50,2,1343,671547,62
8,50,2,1344,672047,71
8,50,2,1345,672547,77
8,50,2,1346,673047,69
8,50,2,1347,673547,69
8,50,2,1348,674047,84
8,50,2,1349,674547,47
8,50,2,1350,675047,83
8,50,2,1351,675547,69
8,50,2,1352,676047,67
8,50,2,1353,676547,61
8,50,2,1354,677047,89
8,50,2,1355,677547,77
8,50,2,1356,678047,84
8,50,2,1357,678547,89
8,50,2,1358,679047,73
8,50,2,1359,679547,68
8,50,2,1360,680047,55
8,50,2,1361,680547,77
8,50,2,1362,681047,51
8,50,2,1363,681547,71
8,50,2,1364,682047,74
8,50,2,1365,682547,52
8,50,2,1366,683047,90
8,50,2,1367,683547,53
8,50,2,1368,684047,73
8,50,2,1369,684547,55
8,50,2,1370,685047,56
8,50,2,1371,685547,59
8,50,2,1372,686047,90
8,50,2,1373,686547,61
8,50,2,1374,687047,114
8,50,2,1375,687547,41
8,50,2,1376,688047,61
8,50,2,1377,688547,79
8,50,2,1378,689047,92
8,50,2,1379,689547,69
8,50,2,1380,690047,72
8,50,2,1381,690547,86
8,50,2,1382,691047,68
8,50,2,1383,691547,81
8,50,2,1384,692047,62
8,50,2,1385,692547,75
8,50,2,1386,693047,74
8,50,2,1387,693547,71
8,50,2,1388,694047,69
8,50,2,1389,694547,73
8,50,2,1390,695047,63
8,50,2,1391,695547,68
8,50,2,1392,696047,92
8,50,2,1393,696547,47
8,50,2,1394,697047,75
8,50,2,1395,697547,71
8,50,2,1396,698047,83
8,50,2,1397,698547,73
8,50,2,1398,699047,62
8,50,2,1399,699547,83
8,50,2,1400,700047,83
8,50,2,1401,700547,60
8,50,2,1402,701047,77
8,50,2,1403,701547,71
8,50,2,1404,702047,61
8,50,2,1405,702547,55
8,50,2,1406,703047,84
8,50,2,1407,703547,77
8,50,2,1408,704047,38
8,50,2,1409,704547,95
8,50,2,1410,705047,51
8,50,2,1411,705547,71
8,50,2,1412,706047,79
8,50,2,1413,706547,62
8,50,2,1414,707047,55
8,50,2,1415,707547,80
8,50,2,1416,708047,59
8,50,2,1417,708547,72
8,50,2,1418,709047,90
8,50,2,1419,709547,61
8,50,2,1420,710047,61
8,50,2,1421,710547,75
8,50,2,1422,711047,71
8,50,2,1423,711547,56
8,50,2,1424,712047,57
8,50,2,1425,712547,93
8,50,2,1426,713047,28
8,50,2,1427,713547,55
8,50,2,1428,714047,83
8,50,2,1429,714547,42
8,50,2,1430,715047,39
8,50,2,1431,715547,73
8,50,2,1432,716047,61
8,50,2,1433,716547,69
8,50,2,1434,717047,41
8,50,2,1435,717547,60
8,50,2,1436,718047,75
8,50,2,1437,718547,53
8,50,2,1438,719047,67
8,50,2,1439,719547,101
8,50,2,1440,720047,38
8,50,2,1441,720547,91
8,50,2,1442,721047,36
8,50,2,1443,721547,59
8,50,2,1444,722047,71
8,50,2,1445,722547,64
8,50,2,1446,723047,85
8,50,2,1447,723547,69
8,50,2,1448,724047,58
8,50,2,1449,724547,85
8,50,2,1450,725047,68
8,50,2,1451,725547,74
8,50,2,1452,726047,69
8,50,2,1453,726547,64
8,50,2,1454,727047,53
8,50,2,1455,727547,76
8,50,2,1456,728047,63
8,50,2,1457,728547,75
8,50,2,1458,729047,61
8,50,2,1459,729547,86
8,50,2,1460,730047,84
8,50,2,1461,730547,67
8,50,2,1462,731047,82
8,50,2,1463,731547,61
8,50,2,1464,732047,81
8,50,2,1465,732547,55
8,50,2,1466,733047,79
8,50,2,1467,733547,72
8,50,2,1468,734047,74
8,50,2,1469,734547,67
8,50,2,1470,735047,83
8,50,2,1471,735547,56
8,50,2,1472,736047,83
8,50,2,1473,736547,89
8,50,2,1474,737047,59
8,50,2,1475,737547,89
8,50,2,1476,738047,83
8,50,2,1477,738547,78
8,50,2,1478,739047,85
8,50,2,1479,739547,100
8,50,2,1480,740047,119
8,50,2,1481,740547,47
8,50,2,1482,741047,77
8,50,2,1483,741547,72
8,50,2,1484,742047,57
8,50,2,1485,742547,119
8,50,2,1486,743047,45
8,50,2,1487,743547,138
8,50,2,1488,744047,55
8,50,2,1489,744547,69
8,50,2,1490,745047,62
8,50,2,1491,745547,71
8,50,2,1492,746047,60
8,50,2,1493,746547,85
8,50,2,1494,747047,73
8,50,2,1495,747547,57
8,50,2,1496,748047,89
8,50,2,1497,748547,53
8,50,2,1498,749047,53
8,50,2,1499,749547,48
8,50,2,1500,750047,94
8,50,2,1501,750547,92
8,50,2,1502,751047,23
8,50,2,1503,751547,77
8,50,2,1504,752047,69
8,50,2,1505,752547,63
8,50,2,1506,753047,75
8,50,2,1507,753547,51
8,50,2,1508,754047,57
8,50,2,1509,754547,53
8,50,2,1510,755047,45
8,50,2,1511,755547,81
8,50,2,1512,756047,73
8,50,2,1513,756547,25
8,50,2,1514,757047,85
8,50,2,1515,757547,79
8,50,2,1516,758047,55
8,50,2,1517,758547,53
8,50,2,1518,759047,70
8,50,2,1519,759547,85
8,50,2,1520,760047,39
8,50,2,1521,760547,59
8,50,2,1522,761047,59
8,50,2,1523,761547,55
8,50,2,1524,762047,71
8,50,2,1525,762547,70
8,50,2,1526,763047,82
8,50,2,1527,763547,69
8,50,2,1528,764047,95
8,50,2,1529,764547,57
8,50,2,1530,765047,59
8,50,2,1531,765547,87
8,50,2,1532,766047,87
8,50,2,1533,766547,87
8,50,2,1534,767047,72
8,50,2,1535,767547,76
8,50,2,1536,768047,89
8,50,2,1537,768547,69
8,50,2,1538,769047,79
8,50,2,1539,769547,63
8,50,2,1540,770047,79
8,50,2,1541,770547,72
8,50,2,1542,771047,93
8,50,2,1543,771547,77
8,50,2,1544,772047,93
8,50,2,1545,772547,71
8,50,2,1546,773047,79
8,50,2,1547,773547,88
8,50,2,1548,774047,83
8,50,2,1549,774547,77
8,50,2,1550,775047,90
8,50,2,1551,775547,77
8,50,2,1552,776047,63
8,50,2,1553,776547,85
8,50,2,1554,777047,79
8,50,2,1555,777547,91
8,50,2,1556,778047,95
8,50,2,1557,778547,51
8,50,2,1558,779047,75
8,50,2,1559,779547,51
8,50,2,1560,780047,100
8,50,2,1561,780547,76
8,50,2,1562,781047,52
8,50,2,1563,781547,73
8,50,2,1564,782047,105
8,50,2,1565,782547,35
8,50,2,1566,783047,53
8,50,2,1567,783547,103
8,50,2,1568,784047,67
8,50,2,1569,784547,53
8,50,2,1570,785047,101
8,50,2,1571,785547,76
8,50,2,1572,786047,53
8,50,2,1573,786547,97
8,50,2,1574,787047,73
8,50,2,1575,787547,95
8,50,2,1576,788047,102
8,50,2,1577,788547,39
8,50,2,1578,789047,106
8,50,2,1579,789547,59
8,50,2,1580,790047,41
8,50,2,1581,790547,103
8,50,2,1582,791047,81
8,50,2,1583,791547,55
8,50,2,1584,792047,99
8,50,2,1585,792547,77
8,50,2,1586,793047,69
8,50,2,1587,793547,59
8,50,2,1588,794047,57
8,50,2,1589,794547,73
8,50,2,1590,795047,87
8,50,2,1591,795547,35
8,50,2,1592,796047,68
8,50,2,1593,796547,70
8,50,2,1594,797047,47
8,50,2,1595,797547,53
8,50,2,1596,798047,73
8,50,2,1597,798547,83
8,50,2,1598,799047,35
8,50,2,1599,799547,82
8,50,2,1600,800047,47
8,50,2,1601,800547,19
8,50,2,1602,801047,39
8,50,2,1603,801547,63
8,50,2,1604,802047,53
8,50,2,1605,802547,26
8,50,2,1606,803047,63
8,50,2,1607,803547,69
8,50,2,1608,804047,61
8,50,2,1609,804547,31
8,50,2,1610,805047,68
8,50,2,1611,805547,57
8,50,2,1612,806047,72
8,50,2,1613,806547,37
8,50,2,1614,807047,76
8,50,2,1615,807547,53
8,50,2,1616,808047,75
8,50,2,1617,808547,58
8,50,2,1618,809047,53
8,50,2,1619,809547,68
8,50,2,1620,810047,41
8,50,2,1621,810547,42
8,50,2,1622,811047,101
8,50,2,1623,811547,35
8,50,2,1624,812047,63
8,50,2,1625,812547,71
8,50,2,1626,813047,40
8,50,2,1627,813547,52
8,50,2,1628,814047,121
8,50,2,1629,814547,45
8,50,2,1630,815047,41
8,50,2,1631,815547,68
8,50,2,1632,816047,61
8,50,2,1633,816547,39
8,50,2,1634,817047,59
8,50,2,1635,817547,41
8,50,2,1636,818047,39
8,50,2,1637,818547,82
8,50,2,1638,819047,27
8,50,2,1639,819547,53
8,50,2,1640,820047,43
8,50,2,1641,820547,60
8,50,2,1642,821047,63
8,50,2,1643,821547,54
8,50,2,1644,822047,61
8,50,2,1645,822547,85
8,50,2,1646,823047,43
8,50,2,1647,823547,84
8,50,2,1648,824047,47
8,50,2,1649,824547,101
8,50,2,1650,825047,41
8,50,2,1651,825547,67
8,50,2,1652,826047,78
8,50,2,1653,826547,85
8,50,2,1654,827047,58
8,50,2,1655,827547,61
8,50,2,1656,828047,70
8,50,2,1657,828547,86
8,50,2,1658,829047,92
8,50,2,1659,829547,76
8,50,2,1660,830047,89
8,50,2,1661,830547,91
8,50,2,1662,831047,83
8,50,2,1663,831547,76
8,50,2,1664,832047,82
8,50,2,1665,832547,60
8,50,2,1666,833047,79
8,50,2,1667,833547,79
8,50,2,1668,834047,81
8,50,2,1669,834547,94
8,50,2,1670,835047,59
8,50,2,1671,835547,87
8,50,2,1672,836047,93
8,50,2,1673,836547,77
8,50,2,1674,837047,83
8,50,2,1675,837547,77
8,50,2,1676,838047,89
8,50,2,1677,838547,59
8,50,2,1678,839047,92
8,50,2,1679,839547,71
8,50,2,1680,840047,60
8,50,2,1681,840547,88
8,50,2,1682,841047,73
8,50,2,1683,841547,71
8,50,2,1684,842047,61
8,50,2,1685,842547,69
8,50,2,1686,843047,91
8,50,2,1687,843547,77
8,50,2,1688,844047,57
8,50,2,1689,844547,82
8,50,2,1690,845047,69
8,50,2,1691,845547,60
8,50,2,1692,846047,84
8,50,2,1693,846547,45
8,50,2,1694,847047,51
8,50,2,1695,847547,104
8,50,2,1696,848047,55
8,50,2,1697,848547,75
8,50,2,1698,849047,62
8,50,2,1699,849547,73
8,50,2,1700,850047,47
8,50,2,1701,850547,76
8,50,2,1702,851047,73
8,50,2,1703,851547,58
8,50,2,1704,852047,67
8,50,2,1705,852547,91
8,50,2,1706,853047,39
8,50,2,1707,853547,67
8,50,2,1708,854047,63
8,50,2,1709,854547,59
8,50,2,1710,855047,45
8,50,2,1711,855547,70
8,50,2,1712,856047,57
8,50,2,1713,856547,37
8,50,2,1714,857047,75
8,50,2,1715,857547,68
8,50,2,1716,858047,46
8,50,2,1717,858547,56
8,50,2,1718,859047,57
8,50,2,1719,859547,83
8,50,2,1720,860047,39
8,50,2,1721,860547,79
8,50,2,1722,861047,42
8,50,2,1723,861547,68
8,50,2,1724,862047,43
8,50,2,1725,862547,71
8,50,2,1726,863047,73
8,50,2,1727,863547,42
8,50,2,1728,864047,75
8,50,2,1729,864547,46
8,50,2,1730,865047,55
8,50,2,1731,865547,53
8,50,2,1732,866047,53
8,50,2,1733,866547,61
8,50,2,1734,867047,81
8,50,2,1735,867547,45
8,50,2,1736,868047,55
8,50,2,1737,868547,75
8,50,2,1738,869047,68
8,50,2,1739,869547,91
8,50,2,1740,870047,53
8,50,2,1741,870547,87
8,50,2,1742,871047,93
8,50,2,1743,871547,90
8,50,2,1744,872047,78
8,50,2,1745,872547,56
8,50,2,1746,873047,97
8,50,2,1747,873547,85
8,50,2,1748,874047,70
8,50,2,1749,874547,87
8,50,2,1750,875047,76
8,50,2,1751,875547,101
8,50,2,1752,876047,55
8,50,2,1753,876547,105
8,50,2,1754,877047,101
8,50,2,1755,877547,89
8,50,2,1756,878047,71
8,50,2,1757,878547,101
8,50,2,1758,879047,53
8,50,2,1759,879547,59
8,50,2,1760,880047,87
8,50,2,1761,880547,90
8,50,2,1762,881047,84
8,50,2,1763,881547,79
8,50,2,1764,882047,73
8,50,2,1765,882547,75
8,50,2,1766,883047,90
8,50,2,1767,883547,73
8,50,2,1768,884047,76
8,50,2,1769,884547,57
8,50,2,1770,885047,101
8,50,2,1771,885547,77
8,50,2,1772,886047,83
8,50,2,1773,886547,78
8,50,2,1774,887047,93
8,50,2,1775,887547,79
8,50,2,1776,888047,73
8,50,2,1777,888547,62
8,50,2,1778,889047,69
8,50,2,1779,889547,92
8,50,2,1780,890047,88
8,50,2,1781,890547,82
8,50,2,1782,891047,86
8,50,2,1783,891547,62
8,50,2,1784,892047,75
8,50,2,1785,892547,69
8,50,2,1786,893047,74
8,50,2,1787,893547,81
8,50,2,1788,894047,89
8,50,2,1789,894547,83
8,50,2,1790,895047,74
8,50,2,1791,895547,69
8,50,2,1792,896047,87
8,50,2,1793,896547,77
8,50,2,1794,897047,69
8,50,2,1795,897547,84
8,50,2,1796,898047,56
8,50,2,1797,898547,57
8,50,2,1798,899047,87
8,50,2,1799,899547,67
8,50,2,1800,900047,60
8,50,2,1801,900547,58
8,50,2,1802,901047,53
8,50,2,1803,901547,75
8,50,2,1804,902047,77
8,50,2,1805,902547,81
8,50,2,1806,903047,58
8,50,2,1807,903547,47
8,50,2,1808,904047,51
8,50,2,1809,904547,55
8,50,2,1810,905047,84
8,50,2,1811,905547,29
8,50,2,1812,906047,53
8,50,2,1813,906547,73
8,50,2,1814,907047,45
8,50,2,1815,907547,59
8,50,2,1816,908047,63
8,50,2,1817,908547,57
8,50,2,1818,909047,61
8,50,2,1819,909547,70
8,50,2,1820,910047,61
8,50,2,1821,910547,75
8,50,2,1822,911047,71
8,50,2,1823,911547,51
8,50,2,1824,912047,55
8,50,2,1825,912547,78
8,50,2,1826,913047,58
8,50,2,1827,913547,87
8,50,2,1828,914047,67
8,50,2,1829,914547,73
8,50,2,1830,915047,83
8,50,2,1831,915547,62
8,50,2,1832,916047,75
8,50,2,1833,916547,89
8,50,2,1834,917047,83
8,50,2,1835,917547,92
8,50,2,1836,918047,77
8,50,2,1837,918547,69
8,50,2,1838,919047,83
8,50,2,1839,919547,91
8,50,2,1840,920047,73
8,50,2,1841,920547,86
8,50,2,1842,921047,71
8,50,2,1843,921547,62
8,50,2,1844,922047,98
8,50,2,1845,922547,77
8,50,2,1846,923047,70
8,50,2,1847,923547,89
8,50,2,1848,924047,47
8,50,2,1849,924547,69
8,50,2,1850,925047,53
8,50,2,1851,925547,101
8,50,2,1852,926047,40
8,50,2,1853,926547,84
8,50,2,1854,927047,53
8,50,2,1855,927547,93
8,50,2,1856,928047,68
8,50,2,1857,928547,53
8,50,2,1858,929047,72
8,50,2,1859,929547,68
8,50,2,1860,930047,59
8,50,2,1861,930547,61
8,50,2,1862,931047,53
8,50,2,1863,931547,105
8,50,2,1864,932047,23
8,50,2,1865,932547,61
8,50,2,1866,933047,55
8,50,2,1867,933547,76
8,50,2,1868,934047,59
8,50,2,1869,934547,76
8,50,2,1870,935047,51
8,50,2,1871,935547,51
8,50,2,1872,936047,70
8,50,2,1873,936547,61
8,50,2,1874,937047,69
8,50,2,1875,937547,87
8,50,2,1876,938047,43
8,50,2,1877,938547,84
8,50,2,1878,939047,88
8,50,2,1879,939547,43
8,50,2,1880,940047,73
8,50,2,1881,940547,77
8,50,2,1882,941047,61
8,50,2,1883,941547,86
8,50,2,1884,942047,85
8,50,2,1885,942547,26
8,50,2,1886,943047,63
8,50,2,1887,943547,99
8,50,2,1888,944047,69
8,50,2,1889,944547,43
8,50,2,1890,945047,91
8,50,2,1891,945547,73
8,50,2,1892,946047,42
8,50,2,1893,946547,74
8,50,2,1894,947047,53
8,50,2,1895,947547,91
8,50,2,1896,948047,27
8,50,2,1897,948547,75
8,50,2,1898,949047,57
8,50,2,1899,949547,84
8,50,2,1900,950047,79
8,50,2,1901,950547,44
8,50,2,1902,951047,72
8,50,2,1903,951547,71
8,50,2,1904,952047,87
8,50,2,1905,952547,53
8,50,2,1906,953047,69
8,50,2,1907,953547,63
8,50,2,1908,954047,77
8,50,2,1909,954547,51
8,50,2,1910,955047,57
8,50,2,1911,955547,68
8,50,2,1912,956047,63
8,50,2,1913,956547,62
8,50,2,1914,957047,101
8,50,2,1915,957547,71
8,50,2,1916,958047,73
8,50,2,1917,958547,62
8,50,2,1918,959047,101
8,50,2,1919,959547,59
8,50,2,1920,960047,86
8,50,2,1921,960547,73
8,50,2,1922,961047,84
8,50,2,1923,961547,55
8,50,2,1924,962047,83
8,50,2,1925,962547,74
8,50,2,1926,963047,83
8,50,2,1927,963547,62
8,50,2,1928,964047,75
8,50,2,1929,964547,68
8,50,2,1930,965047,123
8,50,2,1931,965547,47
8,50,2,1932,966047,81
8,50,2,1933,966547,69
8,50,2,1934,967047,89
8,50,2,1935,967547,62
8,50,2,1936,968047,72
8,50,2,1937,968547,94
8,50,2,1938,969047,70
8,50,2,1939,969547,61
8,50,2,1940,970047,55
8,50,2,1941,970547,111
8,50,2,1942,971047,35
8,50,2,1943,971547,117
8,50,2,1944,972047,41
8,50,2,1945,972547,77
8,50,2,1946,973047,54
8,50,2,1947,973547,85
8,50,2,1948,974047,63
8,50,2,1949,974547,47
8,50,2,1950,975047,103
8,50,2,1951,975547,57
8,50,2,1952,976047,46
8,50,2,1953,976547,110
8,50,2,1954,977047,84
8,50,2,1955,977547,47
8,50,2,1956,978047,105
8,50,2,1957,978547,85
8,50,2,1958,979047,48
8,50,2,1959,979547,73
8,50,2,1960,980047,88
8,50,2,1961,980547,59
8,50,2,1962,981047,79
8,50,2,1963,981547,87
8,50,2,1964,982047,59
8,50,2,1965,982547,56
8,50,2,1966,983047,71
8,50,2,1967,983547,91
8,50,2,1968,984047,53
8,50,2,1969,984547,51
8,50,2,1970,985047,57
8,50,2,1971,985547,99
8,50,2,1972,986047,47
8,50,2,1973,986547,43
8,50,2,1974,987047,89
8,50,2,1975,987547,57
8,50,2,1976,988047,62
8,50,2,1977,988547,75
8,50,2,1978,989047,43
8,50,2,1979,989547,91
8,50,2,1980,990047,61
8,50,2,1981,990547,83
8,50,2,1982,991047,43
8,50,2,1983,991547,89
8,50,2,1984,992047,58
8,50,2,1985,992547,71
8,50,2,1986,993047,69
8,50,2,1987,993547,42
8,50,2,1988,994047,54
8,50,2,1989,994547,82
8,50,2,1990,995047,61
8,50,2,1991,995547,43
8,50,2,1992,996047,60
8,50,2,1993,996547,61
8,50,2,1994,997047,79
8,50,2,1995,997547,58
8,50,2,1996,998047,59
8,50,2,1997,998547,62
8,50,2,1998,999047,63
8,50,2,1999,999547,39
8,50,3,0,48,67
8,50,3,1,547,61
8,50,3,2,1047,77
8,50,3,3,1547,73
8,50,3,4,2047,55
8,50,3,5,2547,57
8,50,3,6,3047,89
8,50,3,7,3547,87
8,50,3,8,4047,75
8,50,3,9,4547,59
8,50,3,10,5047,62
8,50,3,11,5547,71
8,50,3,12,6047,71
8,50,3,13,6547,75
8,50,3,14,7047,84
8,50,3,15,7547,75
8,50,3,16,8047,95
8,50,3,17,8547,79
8,50,3,18,9047,35
8,50,3,19,9547,87
8,50,3,20,10047,89
8,50,3,21,10547,76
8,50,3,22,11047,95
8,50,3,23,11547,81
8,50,3,24,12047,61
8,50,3,25,12547,91
8,50,3,26,13047,103
8,50,3,27,13547,73
8,50,3,28,14047,83
8,50,3,29,14547,99
8,50,3,30,15047,109
8,50,3,31,15547,71
8,50,3,32,16047,79
8,50,3,33,16547,92
8,50,3,34,17047,125
8,50,3,35,17547,60
8,50,3,36,18047,69
8,50,3,37,18547,87
8,50,3,38,19047,91
8,50,3,39,19547,63
8,50,3,40,20047,72
8,50,3,41,20547,59
8,50,3,42,21047,77
8,50,3,43,21547,85
8,50,3,44,22047,73
8,50,3,45,22547,72
8,50,3,46,23047,53
8,50,3,47,23547,83
8,50,3,48,24047,60
8,50,3,49,24547,62
8,50,3,50,25047,38
8,50,3,51,25547,84
8,50,3,52,26047,56
8,50,3,53,26547,53
8,50,3,54,27047,40
8,50,3,55,27547,57
8,50,3,56,28047,55
8,50,3,57,28547,78
8,50,3,58,29047,63
8,50,3,59,29547,51
8,50,3,60,30047,53
8,50,3,61,30547,56
8,50,3,62,31047,72
8,50,3,63,31547,30
8,50,3,64,32047,48
8,50,3,65,32547,77
8,50,3,66,33047,41
8,50,3,67,33547,71
8,50,3,68,34047,71
8,50,3,69,34547,25
8,50,3,70,35047,59
8,50,3,71,35547,43
8,50,3,72,36047,87
8,50,3,73,36547,27
8,50,3,74,37047,77
8,50,3,75,37547,36
8,50,3,76,38047,59
8,50,3,77,38547,63
8,50,3,78,39047,35
8,50,3,79,39547,55
8,50,3,80,40047,83
8,50,3,81,40547,51
8,50,3,82,41047,47
8,50,3,83,41547,58
8,50,3,84,42047,60
8,50,3,85,42547,58
8,50,3,86,43047,47
8,50,3,87,43547,77
8,50,3,88,44047,43
8,50,3,89,44547,72
8,50,3,90,45047,55
8,50,3,91,45547,61
8,50,3,92,46047,61
8,50,3,93,46547,69
8,50,3,94,47047,55
8,50,3,95,47547,59
8,50,3,96,48047,89
8,50,3,97,48547,59
8,50,3,98,49047,41
8,50,3,99,49547,68
8,50,3,100,50047,75
8,50,3,101,50547,75
8,50,3,102,51047,58
8,50,3,103,51547,103
8,50,3,104,52047,84
8,50,3,105,52547,43
8,50,3,106,53047,73
8,50,3,107,53547,86
8,50,3,108,54047,77
8,50,3,109,54547,55
8,50,3,110,55047,41
8,50,3,111,55547,98
8,50,3,112,56047,85
8,50,3,113,56547,43
8,50,3,114,57047,89
8,50,3,115,57547,59
8,50,3,116,58047,91
8,50,3,117,58547,69
8,50,3,118,59047,70
8,50,3,119,59547,63
8,50,3,120,60047,89
8,50,3,121,60547,85
8,50,3,122,61047,73
8,50,3,123,61547,87
8,50,3,124,62047,87
8,50,3,125,62547,48
8,50,3,126,63047,107
8,50,3,127,63547,58
8,50,3,128,64047,41
8,50,3,129,64547,83
8,50,3,130,65047,99
8,50,3,131,65547,45
8,50,3,132,66047,51
8,50,3,133,66547,55
8,50,3,134,67047,87
8,50,3,135,67547,85
8,50,3,136,68047,53
8,50,3,137,68547,45
8,50,3,138,69047,91
8,50,3,139,69547,59
8,50,3,140,70047,63
8,50,3,141,70547,86
8,50,3,142,71047,71
8,50,3,143,71547,61
8,50,3,144,72047,60
8,50,3,145,72547,85
8,50,3,146,73047,76
8,50,3,147,73547,69
8,50,3,148,74047,87
8,50,3,149,74547,84
8,50,3,150,75047,88
8,50,3,151,75547,54
8,50,3,152,76047,63
8,50,3,153,76547,89
8,50,3,154,77047,51
8,50,3,155,77547,84
8,50,3,156,78047,83
8,50,3,157,78547,87
8,50,3,158,79047,70
8,50,3,159,79547,46
8,50,3,160,80047,105
8,50,3,161,80547,28
8,50,3,162,81047,84
8,50,3,163,81547,83
8,50,3,164,82047,39
8,50,3,165,82547,77
8,50,3,166,83047,79
8,50,3,167,83547,52
8,50,3,168,84047,61
8,50,3,169,84547,69
8,50,3,170,85047,79
8,50,3,171,85547,69
8,50,3,172,86047,77
8,50,3,173,86547,73
8,50,3,174,87047,51
8,50,3,175,87547,73
8,50,3,176,88047,88
8,50,3,177,88547,82
8,50,3,178,89047,59
8,50,3,179,89547,69
8,50,3,180,90047,59
8,50,3,181,90547,69
8,50,3,182,91047,89
8,50,3,183,91547,60
8,50,3,184,92047,51
8,50,3,185,92547,87
8,50,3,186,93047,58
8,50,3,187,93547,69
8,50,3,188,94047,45
8,50,3,189,94547,61
8,50,3,190,95047,59
8,50,3,191,95547,95
8,50,3,192,96047,52
8,50,3,193,96547,89
8,50,3,194,97047,75
8,50,3,195,97547,69
8,50,3,196,98047,77
8,50,3,197,98547,57
8,50,3,198,99047,75
8,50,3,199,99547,55
8,50,3,200,100047,69
8,50,3,201,100547,59
8,50,3,202,101047,61
8,50,3,203,101547,72
8,50,3,204,102047,55
8,50,3,205,102547,64
8,50,3,206,103047,89
8,50,3,207,103547,75
8,50,3,208,104047,72
8,50,3,209,104547,75
8,50,3,210,105047,71
8,50,3,211,105547,73
8,50,3,212,106047,56
8,50,3,213,106547,64
8,50,3,214,107047,57
8,50,3,215,107547,75
8,50,3,216,108047,57
8,50,3,217,108547,51
8,50,3,218,109047,45
8,50,3,219,109547,107
8,50,3,220,110047,37
8,50,3,221,110547,57
8,50,3,222,111047,53
8,50,3,223,111547,79
8,50,3,224,112047,43
8,50,3,225,112547,59
8,50,3,226,113047,73
8,50,3,227,113547,53
8,50,3,228,114047,83
8,50,3,229,114547,64
8,50,3,230,115047,53
8,50,3,231,115547,63
8,50,3,232,116047,41
8,50,3,233,116547,61
8,50,3,234,117047,63
8,50,3,235,117547,51
8,50,3,236,118047,99
8,50,3,237,118547,69
8,50,3,238,119047,59
8,50,3,239,119547,63
8,50,3,240,120047,69
8,50,3,241,120547,62
8,50,3,242,121047,59
8,50,3,243,121547,83
8,50,3,244,122047,71
8,50,3,245,122547,67
8,50,3,246,123047,57
8,50,3,247,123547,91
8,50,3,248,124047,84
8,50,3,249,124547,53
8,50,3,250,125047,57
8,50,3,251,125547,124
8,50,3,252,126047,59
8,50,3,253,126547,72
8,50,3,254,127047,77
8,50,3,255,127547,90
8,50,3,256,128047,77
8,50,3,257,128547,79
8,50,3,258,129047,110
8,50,3,259,129547,80
8,50,3,260,130047,61
8,50,3,261,130547,69
8,50,3,262,131047,91
8,50,3,263,131547,71
8,50,3,264,132047,61
8,50,3,265,132547,75
8,50,3,266,133047,61
8,50,3,267,133547,75
8,50,3,268,134047,61
8,50,3,269,134547,59
8,50,3,270,135047,63
8,50,3,271,135547,68
8,50,3,272,136047,69
8,50,3,273,136547,61
8,50,3,274,137047,78
8,50,3,275,137547,91
8,50,3,276,138047,92
8,50,3,277,138547,62
8,50,3,278,139047,73
8,50,3,279,139547,59
8,50,3,280,140047,47
8,50,3,281,140547,61
8,50,3,282,141047,46
8,50,3,283,141547,71
8,50,3,284,142047,53
8,50,3,285,142547,73
8,50,3,286,143047,57
8,50,3,287,143547,70
8,50,3,288,144047,39
8,50,3,289,144547,75
8,50,3,290,145047,67
8,50,3,291,145547,35
8,50,3,292,146047,47
8,50,3,293,146547,71
8,50,3,294,147047,39
8,50,3,295,147547,45
8,50,3,296,148047,55
8,50,3,297,148547,78
8,50,3,298,149047,71
8,50,3,299,149547,67
8,50,3,300,150047,52
8,50,3,301,150547,76
8,50,3,302,151047,84
8,50,3,303,151547,55
8,50,3,304,152047,56
8,50,3,305,152547,94
8,50,3,306,153047,61
8,50,3,307,153547,52
8,50,3,308,154047,79
8,50,3,309,154547,83
8,50,3,310,155047,40
8,50,3,311,155547,62
8,50,3,312,156047,92
8,50,3,313,156547,48
8,50,3,314,157047,67
8,50,3,315,157547,75
8,50,3,316,158047,75
8,50,3,317,158547,79
8,50,3,318,159047,55
8,50,3,319,159547,84
8,50,3,320,160047,89
8,50,3,321,160547,83
8,50,3,322,161047,75
8,50,3,323,161547,77
8,50,3,324,162047,88
8,50,3,325,162547,107
8,50,3,326,163047,69
8,50,3,327,163547,52
8,50,3,328,164047,89
8,50,3,329,164547,63
8,50,3,330,165047,82
8,50,3,331,165547,87
8,50,3,332,166047,89
8,50,3,333,166547,77
8,50,3,334,167047,83
8,50,3,335,167547,72
8,50,3,336,168047,75
8,50,3,337,168547,103
8,50,3,338,169047,81
8,50,3,339,169547,85
8,50,3,340,170047,83
8,50,3,341,170547,85
8,50,3,342,171047,63
8,50,3,343,171547,84
8,50,3,344,172047,73
8,50,3,345,172547,91
8,50,3,346,173047,75
8,50,3,347,173547,101
8,50,3,348,174047,67
8,50,3,349,174547,85
8,50,3,350,175047,57
8,50,3,351,175547,77
8,50,3,352,176047,75
8,50,3,353,176547,74
8,50,3,354,177047,59
8,50,3,355,177547,63
8,50,3,356,178047,61
8,50,3,357,178547,77
8,50,3,358,179047,74
8,50,3,359,179547,75
8,50,3,360,180047,57
8,50,3,361,180547,53
8,50,3,362,181047,78
8,50,3,363,181547,51
8,50,3,364,182047,72
8,50,3,365,182547,38
8,50,3,366,183047,73
8,50,3,367,183547,56
8,50,3,368,184047,56
8,50,3,369,184547,73
8,50,3,370,185047,51
8,50,3,371,185547,72
8,50,3,372,186047,63
8,50,3,373,186547,53
8,50,3,374,187047,71
8,50,3,375,187547,45
8,50,3,376,188047,45
8,50,3,377,188547,70
8,50,3,378,189047,73
8,50,3,379,189547,77
8,50,3,380,190047,70
8,50,3,381,190547,73
8,50,3,382,191047,71
8,50,3,383,191547,69
8,50,3,384,192047,71
8,50,3,385,192547,85
8,50,3,386,193047,91
8,50,3,387,193547,57
8,50,3,388,194047,77
8,50,3,389,194547,69
8,50,3,390,195047,71
8,50,3,391,195547,83
8,50,3,392,196047,73
8,50,3,393,196547,61
8,50,3,394,197047,77
8,50,3,395,197547,73
8,50,3,396,198047,64
8,50,3,397,198547,73
8,50,3,398,199047,78
8,50,3,399,199547,75
8,50,3,400,200047,52
8,50,3,401,200547,58
8,50,3,402,201047,45
8,50,3,403,201547,117
8,50,3,404,202047,41
8,50,3,405,202547,72
8,50,3,406,203047,71
8,50,3,407,203547,54
8,50,3,408,204047,86
8,50,3,409,204547,44
8,50,3,410,205047,47
8,50,3,411,205547,95
8,50,3,412,206047,30
8,50,3,413,206547,57
8,50,3,414,207047,63
8,50,3,415,207547,73
8,50,3,416,208047,83
8,50,3,417,208547,77
8,50,3,418,209047,40
8,50,3,419,209547,72
8,50,3,420,210047,57
8,50,3,421,210547,55
8,50,3,422,211047,87
8,50,3,423,211547,43
8,50,3,424,212047,75
8,50,3,425,212547,73
8,50,3,426,213047,55
8,50,3,427,213547,46
8,50,3,428,214047,59
8,50,3,429,214547,88
8,50,3,430,215047,70
8,50,3,431,215547,59
8,50,3,432,216047,74
8,50,3,433,216547,69
8,50,3,434,217047,57
8,50,3,435,217547,93
8,50,3,436,218047,75
8,50,3,437,218547,57
8,50,3,438,219047,93
8,50,3,439,219547,75
8,50,3,440,220047,62
8,50,3,441,220547,71
8,50,3,442,221047,71
8,50,3,443,221547,74
8,50,3,444,222047,91
8,50,3,445,222547,72
8,50,3,446,223047,63
8,50,3,447,223547,79
8,50,3,448,224047,64
8,50,3,449,224547,61
8,50,3,450,225047,85
8,50,3,451,225547,75
8,50,3,452,226047,71
8,50,3,453,226547,69
8,50,3,454,227047,59
8,50,3,455,227547,79
8,50,3,456,228047,45
8,50,3,457,228547,55
8,50,3,458,229047,117
8,50,3,459,229547,28
8,50,3,460,230047,61
8,50,3,461,230547,59
8,50,3,462,231047,60
8,50,3,463,231547,53
8,50,3,464,232047,77
8,50,3,465,232547,43
8,50,3,466,233047,55
8,50,3,467,233547,61
8,50,3,468,234047,91
8,50,3,469,234547,89
8,50,3,470,235047,69
8,50,3,471,235547,72
8,50,3,472,236047,57
8,50,3,473,236547,75
8,50,3,474,237047,71
8,50,3,475,237547,83
8,50,3,476,238047,71
8,50,3,477,238547,69
8,50,3,478,239047,75
8,50,3,479,239547,69
8,50,3,480,240047,77
8,50,3,481,240547,60
8,50,3,482,241047,117
8,50,3,483,241547,71
8,50,3,484,242047,69
8,50,3,485,242547,89
8,50,3,486,243047,78
8,50,3,487,243547,62
8,50,3,488,244047,105
8,50,3,489,244547,43
8,50,3,490,245047,59
8,50,3,491,245547,105
8,50,3,492,246047,40
8,50,3,493,246547,41
8,50,3,494,247047,71
8,50,3,495,247547,73
8,50,3,496,248047,69
8,50,3,497,248547,39
8,50,3,498,249047,77
8,50,3,499,249547,45
8,50,3,500,250047,99
8,50,3,501,250547,52
8,50,3,502,251047,51
8,50,3,503,251547,47
8,50,3,504,252047,59
8,50,3,505,252547,43
8,50,3,506,253047,90
8,50,3,507,253547,39
8,50,3,508,254047,62
8,50,3,509,254547,51
8,50,3,510,255047,75
8,50,3,511,255547,41
8,50,3,512,256047,77
8,50,3,513,256547,43
8,50,3,514,257047,57
8,50,3,515,257547,75
8,50,3,516,258047,29
8,50,3,517,258547,77
8,50,3,518,259047,86
8,50,3,519,259547,51
8,50,3,520,260047,60
8,50,3,521,260547,78
8,50,3,522,261047,31
8,50,3,523,261547,52
8,50,3,524,262047,92
8,50,3,525,262547,51
8,50,3,526,263047,54
8,50,3,527,263547,57
8,50,3,528,264047,67
8,50,3,529,264547,69
8,50,3,530,265047,72
8,50,3,531,265547,69
8,50,3,532,266047,67
8,50,3,533,266547,70
8,50,3,534,267047,86
8,50,3,535,267547,31
8,50,3,536,268047,81
8,50,3,537,268547,82
8,50,3,538,269047,70
8,50,3,539,269547,63
8,50,3,540,270047,56
8,50,3,541,270547,72
8,50,3,542,271047,71
8,50,3,543,271547,61
8,50,3,544,272047,53
8,50,3,545,272547,69
8,50,3,546,273047,85
8,50,3,547,273547,68
8,50,3,548,274047,68
8,50,3,549,274547,77
8,50,3,550,275047,79
8,50,3,551,275547,83
8,50,3,552,276047,60
8,50,3,553,276547,84
8,50,3,554,277047,67
8,50,3,555,277547,51
8,50,3,556,278047,71
8,50,3,557,278547,61
8,50,3,558,279047,63
8,50,3,559,279547,57
8,50,3,560,280047,77
8,50,3,561,280547,93
8,50,3,562,281047,54
8,50,3,563,281547,62
8,50,3,564,282047,85
8,50,3,565,282547,56
8,50,3,566,283047,71
8,50,3,567,283547,101
8,50,3,568,284047,53
8,50,3,569,284547,55
8,50,3,570,285047,89
8,50,3,571,285547,68
8,50,3,572,286047,61
8,50,3,573,286547,77
8,50,3,574,287047,94
8,50,3,575,287547,59
8,50,3,576,288047,93
8,50,3,577,288547,69
8,50,3,578,289047,84
8,50,3,579,289547,68
8,50,3,580,290047,69
8,50,3,581,290547,86
8,50,3,582,291047,83
8,50,3,583,291547,59
8,50,3,584,292047,79
8,50,3,585,292547,83
8,50,3,586,293047,69
8,50,3,587,293547,93
8,50,3,588,294047,71
8,50,3,589,294547,59
8,50,3,590,295047,78
8,50,3,591,295547,90
8,50,3,592,296047,69
8,50,3,593,296547,73
8,50,3,594,297047,71
8,50,3,595,297547,90
8,50,3,596,298047,70
8,50,3,597,298547,71
8,50,3,598,299047,77
8,50,3,599,299547,93
8,50,3,600,300047,79
8,50,3,601,300547,93
8,50,3,602,301047,75
8,50,3,603,301547,60
8,50,3,604,302047,93
8,50,3,605,302547,59
8,50,3,606,303047,94
8,50,3,607,303547,85
8,50,3,608,304047,74
8,50,3,609,304547,54
8,50,3,610,305047,76
8,50,3,611,305547,70
8,50,3,612,306047,88
8,50,3,613,306547,56
8,50,3,614,307047,76
8,50,3,615,307547,77
8,50,3,616,308047,69
8,50,3,617,308547,69
8,50,3,618,309047,43
8,50,3,619,309547,74
8,50,3,620,310047,91
8,50,3,621,310547,72
8,50,3,622,311047,46
8,50,3,623,311547,73
8,50,3,624,312047,60
8,50,3,625,312547,54
8,50,3,626,313047,59
8,50,3,627,313547,84
8,50,3,628,314047,61
8,50,3,629,314547,63
8,50,3,630,315047,75
8,50,3,631,315547,57
8,50,3,632,316047,63
8,50,3,633,316547,77
8,50,3,634,317047,77
8,50,3,635,317547,46
8,50,3,636,318047,54
8,50,3,637,318547,70
8,50,3,638,319047,68
8,50,3,639,319547,72
8,50,3,640,320047,61
8,50,3,641,320547,53
8,50,3,642,321047,88
8,50,3,643,321547,63
8,50,3,644,322047,51
8,50,3,645,322547,71
8,50,3,646,323047,55
8,50,3,647,323547,89
8,50,3,648,324047,85
8,50,3,649,324547,43
8,50,3,650,325047,106
8,50,3,651,325547,56
8,50,3,652,326047,108
8,50,3,653,326547,72
8,50,3,654,327047,55
8,50,3,655,327547,77
8,50,3,656,328047,70
8,50,3,657,328547,75
8,50,3,658,329047,99
8,50,3,659,329547,89
8,50,3,660,330047,55
8,50,3,661,330547,77
8,50,3,662,331047,68
8,50,3,663,331547,92
8,50,3,664,332047,83
8,50,3,665,332547,83
8,50,3,666,333047,85
8,50,3,667,333547,89
8,50,3,668,334047,59
8,50,3,669,334547,75
8,50,3,670,335047,72
8,50,3,671,335547,55
8,50,3,672,336047,55
8,50,3,673,336547,75
8,50,3,674,337047,77
8,50,3,675,337547,47
8,50,3,676,338047,67
8,50,3,677,338547,41
8,50,3,678,339047,92
8,50,3,679,339547,73
8,50,3,680,340047,57
8,50,3,681,340547,73
8,50,3,682,341047,52
8,50,3,683,341547,83
8,50,3,684,342047,104
8,50,3,685,342547,39
8,50,3,686,343047,57
8,50,3,687,343547,118
8,50,3,688,344047,55
8,50,3,689,344547,83
8,50,3,690,345047,57
8,50,3,691,345547,86
8,50,3,692,346047,57
8,50,3,693,346547,59
8,50,3,694,347047,73
8,50,3,695,347547,71
8,50,3,696,348047,87
8,50,3,697,348547,62
8,50,3,698,349047,59
8,50,3,699,349547,143
8,50,3,700,350047,54
8,50,3,701,350547,57
8,50,3,702,351047,83
8,50,3,703,351547,88
8,50,3,704,352047,83
8,50,3,705,352547,45
8,50,3,706,353047,79
8,50,3,707,353547,63
8,50,3,708,354047,61
8,50,3,709,354547,77
8,50,3,710,355047,40
8,50,3,711,355547,71
8,50,3,712,356047,57
8,50,3,713,356547,71
8,50,3,714,357047,83
8,50,3,715,357547,82
8,50,3,716,358047,78
8,50,3,717,358547,117
8,50,3,718,359047,61
8,50,3,719,359547,83
8,50,3,720,360047,71
8,50,3,721,360547,61
8,50,3,722,361047,51
8,50,3,723,361547,118
8,50,3,724,362047,48
8,50,3,725,362547,75
8,50,3,726,363047,75
8,50,3,727,363547,156
8,50,3,728,364047,59
8,50,3,729,364547,63
8,50,3,730,365047,91
8,50,3,731,365547,75
8,50,3,732,366047,85
8,50,3,733,366547,61
8,50,3,734,367047,78
8,50,3,735,367547,67
8,50,3,736,368047,101
8,50,3,737,368547,86
8,50,3,738,369047,69
8,50,3,739,369547,62
8,50,3,740,370047,87
8,50,3,741,370547,63
8,50,3,742,371047,82
8,50,3,743,371547,73
8,50,3,744,372047,62
8,50,3,745,372547,61
8,50,3,746,373047,99
8,50,3,747,373547,63
8,50,3,748,374047,61
8,50,3,749,374547,69
8,50,3,750,375047,62
8,50,3,751,375547,87
8,50,3,752,376047,73
8,50,3,753,376547,56
8,50,3,754,377047,69
8,50,3,755,377547,115
8,50,3,756,378047,69
8,50,3,757,378547,67
8,50,3,758,379047,73
8,50,3,759,379547,106
8,50,3,760,380047,40
8,50,3,761,380547,77
8,50,3,762,381047,84
8,50,3,763,381547,75
8,50,3,764,382047,51
8,50,3,765,382547,77
8,50,3,766,383047,75
8,50,3,767,383547,37
8,50,3,768,384047,54
8,50,3,769,384547,71
8,50,3,770,385047,57
8,50,3,771,385547,61
8,50,3,772,386047,55
8,50,3,773,386547,61
8,50,3,774,387047,55
8,50,3,775,387547,53
8,50,3,776,388047,55
8,50,3,777,388547,47
8,50,3,778,389047,69
8,50,3,779,389547,39
8,50,3,780,390047,61
8,50,3,781,390547,56
8,50,3,782,391047,52
8,50,3,783,391547,58
8,50,3,784,392047,75
8,50,3,785,392547,61
8,50,3,786,393047,57
8,50,3,787,393547,44
8,50,3,788,394047,54
8,50,3,789,394547,48
8,50,3,790,395047,75
8,50,3,791,395547,61
8,50,3,792,396047,54
8,50,3,793,396547,67
8,50,3,794,397047,61
8,50,3,795,397547,63
8,50,3,796,398047,51
8,50,3,797,398547,69
8,50,3,798,399047,62
8,50,3,799,399547,45
8,50,3,800,400047,61
8,50,3,801,400547,73
8,50,3,802,401047,55
8,50,3,803,401547,77
8,50,3,804,402047,53
8,50,3,805,402547,73
8,50,3,806,403047,58
8,50,3,807,403547,63
8,50,3,808,404047,70
8,50,3,809,404547,47
8,50,3,810,405047,59
8,50,3,811,405547,77
8,50,3,812,406047,59
8,50,3,813,406547,56
8,50,3,814,407047,89
8,50,3,815,407547,51
8,50,3,816,408047,91
8,50,3,817,408547,51
8,50,3,818,409047,59
8,50,3,819,409547,61
8,50,3,820,410047,85
8,50,3,821,410547,72
8,50,3,822,411047,105
8,50,3,823,411547,73
8,50,3,824,412047,86
8,50,3,825,412547,85
8,50,3,826,413047,75
8,50,3,827,413547,70
8,50,3,828,414047,89
8,50,3,829,414547,62
8,50,3,830,415047,83
8,50,3,831,415547,73
8,50,3,832,416047,69
8,50,3,833,416547,69
8,50,3,834,417047,89
8,50,3,835,417547,77
8,50,3,836,418047,57
8,50,3,837,418547,92
8,50,3,838,419047,55
8,50,3,839,419547,71
8,50,3,840,420047,81
8,50,3,841,420547,69
8,50,3,842,421047,62
8,50,3,843,421547,91
8,50,3,844,422047,36
8,50,3,845,422547,71
8,50,3,846,423047,47
8,50,3,847,423547,89
8,50,3,848,424047,71
8,50,3,849,424547,71
8,50,3,850,425047,71
8,50,3,851,425547,68
8,50,3,852,426047,71
8,50,3,853,426547,61
8,50,3,854,427047,71
8,50,3,855,427547,58
8,50,3,856,428047,83
8,50,3,857,428547,55
8,50,3,858,429047,70
8,50,3,859,429547,158
8,50,3,860,430047,56
8,50,3,861,430547,69
8,50,3,862,431047,87
8,50,3,863,431547,91
8,50,3,864,432047,45
8,50,3,865,432547,71
8,50,3,866,433047,69
8,50,3,867,433547,58
8,50,3,868,434047,47
8,50,3,869,434547,73
8,50,3,870,435047,71
8,50,3,871,435547,73
8,50,3,872,436047,74
8,50,3,873,436547,75
8,50,3,874,437047,45
8,50,3,875,437547,73
8,50,3,876,438047,71
8,50,3,877,438547,64
8,50,3,878,439047,51
8,50,3,879,439547,85
8,50,3,880,440047,38
8,50,3,881,440547,59
8,50,3,882,441047,73
8,50,3,883,441547,61
8,50,3,884,442047,85
8,50,3,885,442547,51
8,50,3,886,443047,54
8,50,3,887,443547,82
8,50,3,888,444047,55
8,50,3,889,444547,71
8,50,3,890,445047,45
8,50,3,891,445547,69
8,50,3,892,446047,55
8,50,3,893,446547,59
8,50,3,894,447047,70
8,50,3,895,447547,76
8,50,3,896,448047,63
8,50,3,897,448547,69
8,50,3,898,449047,89
8,50,3,899,449547,45
8,50,3,900,450047,76
8,50,3,901,450547,75
8,50,3,902,451047,61
8,50,3,903,451547,83
8,50,3,904,452047,62
8,50,3,905,452547,68
8,50,3,906,453047,59
8,50,3,907,453547,99
8,50,3,908,454047,57
8,50,3,909,454547,75
8,50,3,910,455047,83
8,50,3,911,455547,72
8,50,3,912,456047,90
8,50,3,913,456547,63
8,50,3,914,457047,74
8,50,3,915,457547,87
8,50,3,916,458047,88
8,50,3,917,458547,77
8,50,3,918,459047,78
8,50,3,919,459547,79
8,50,3,920,460047,107
8,50,3,921,460547,79
8,50,3,922,461047,78
8,50,3,923,461547,98
8,50,3,924,462047,78
8,50,3,925,462547,95
8,50,3,926,463047,99
8,50,3,927,463547,83
8,50,3,928,464047,74
8,50,3,929,464547,74
8,50,3,930,465047,77
8,50,3,931,465547,59
8,50,3,932,466047,87
8,50,3,933,466547,76
8,50,3,934,467047,71
8,50,3,935,467547,71
8,50,3,936,468047,72
8,50,3,937,468547,74
8,50,3,938,469047,61
8,50,3,939,469547,79
8,50,3,940,470047,60
8,50,3,941,470547,83
8,50,3,942,471047,69
8,50,3,943,471547,59
8,50,3,944,472047,60
8,50,3,945,472547,53
8,50,3,946,473047,74
8,50,3,947,473547,59
8,50,3,948,474047,90
8,50,3,949,474547,72
8,50,3,950,475047,59
8,50,3,951,475547,71
8,50,3,952,476047,71
8,50,3,953,476547,62
8,50,3,954,477047,79
8,50,3,955,477547,78
8,50,3,956,478047,53
8,50,3,957,478547,61
8,50,3,958,479047,66
8,50,3,959,479547,76
8,50,3,960,480047,59
8,50,3,961,480547,56
8,50,3,962,481047,99
8,50,3,963,481547,61
8,50,3,964,482047,59
8,50,3,965,482547,77
8,50,3,966,483047,67
8,50,3,967,483547,59
8,50,3,968,484047,78
8,50,3,969,484547,70
8,50,3,970,485047,73
8,50,3,971,485547,73
8,50,3,972,486047,85
8,50,3,973,486547,77
8,50,3,974,487047,83
8,50,3,975,487547,73
8,50,3,976,488047,93
8,50,3,977,488547,69
8,50,3,978,489047,73
8,50,3,979,489547,99
8,50,3,980,490047,87
8,50,3,981,490547,72
8,50,3,982,491047,88
8,50,3,983,491547,78
8,50,3,984,492047,41
8,50,3,985,492547,89
8,50,3,986,493047,63
8,50,3,987,493547,77
8,50,3,988,494047,69
8,50,3,989,494547,86
8,50,3,990,495047,57
8,50,3,991,495547,79
8,50,3,992,496047,71
8,50,3,993,496547,67
8,50,3,994,497047,75
8,50,3,995,497547,78
8,50,3,996,498047,69
8,50,3,997,498547,71
8,50,3,998,499047,83
8,50,3,999,499547,39
8,50,3,1000,500047,87
8,50,3,1001,500547,67
8,50,3,1002,501047,58
8,50,3,1003,501547,55
8,50,3,1004,502047,78
8,50,3,1005,502547,51
8,50,3,1006,503047,50
8,50,3,1007,503547,75
8,50,3,1008,504047,57
8,50,3,1009,504547,47
8,50,3,1010,505047,55
8,50,3,1011,505547,63
8,50,3,1012,506047,76
8,50,3,1013,506547,41
8,50,3,1014,507047,56
8,50,3,1015,507547,90
8,50,3,1016,508047,73
8,50,3,1017,508547,29
8,50,3,1018,509047,118
8,50,3,1019,509547,37
8,50,3,1020,510047,37
8,50,3,1021,510547,90
8,50,3,1022,511047,41
8,50,3,1023,511547,81
8,50,3,1024,512047,40
8,50,3,1025,512547,75
8,50,3,1026,513047,87
8,50,3,1027,513547,69
8,50,3,1028,514047,57
8,50,3,1029,514547,71
8,50,3,1030,515047,82
8,50,3,1031,515547,69
8,50,3,1032,516047,69
8,50,3,1033,516547,59
8,50,3,1034,517047,75
8,50,3,1035,517547,85
8,50,3,1036,518047,52
8,50,3,1037,518547,59
8,50,3,1038,519047,68
8,50,3,1039,519547,60
8,50,3,1040,520047,54
8,50,3,1041,520547,57
8,50,3,1042,521047,47
8,50,3,1043,521547,61
8,50,3,1044,522047,59
8,50,3,1045,522547,61
8,50,3,1046,523047,53
8,50,3,1047,523547,83
8,50,3,1048,524047,71
8,50,3,1049,524547,59
8,50,3,1050,525047,70
8,50,3,1051,525547,61
8,50,3,1052,526047,60
8,50,3,1053,526547,53
8,50,3,1054,527047,77
8,50,3,1055,527547,39
8,50,3,1056,528047,99
8,50,3,1057,528547,55
8,50,3,1058,529047,61
8,50,3,1059,529547,89
8,50,3,1060,530047,52
8,50,3,1061,530547,125
8,50,3,1062,531047,83
8,50,3,1063,531547,91
8,50,3,1064,532047,83
8,50,3,1065,532547,72
8,50,3,1066,533047,77
8,50,3,1067,533547,85
8,50,3,1068,534047,45
8,50,3,1069,534547,99
8,50,3,1070,535047,93
8,50,3,1071,535547,61
8,50,3,1072,536047,71
8,50,3,1073,536547,91
8,50,3,1074,537047,83
8,50,3,1075,537547,73
8,50,3,1076,538047,71
8,50,3,1077,538547,76
8,50,3,1078,539047,63
8,50,3,1079,539547,74
8,50,3,1080,540047,60
8,50,3,1081,540547,56
8,50,3,1082,541047,39
8,50,3,1083,541547,59
8,50,3,1084,542047,76
8,50,3,1085,542547,51
8,50,3,1086,543047,70
8,50,3,1087,543547,61
8,50,3,1088,544047,51
8,50,3,1089,544547,70
8,50,3,1090,545047,69
8,50,3,1091,545547,41
8,50,3,1092,546047,63
8,50,3,1093,546547,71
8,50,3,1094,547047,63
8,50,3,1095,547547,69
8,50,3,1096,548047,59
8,50,3,1097,548547,51
8,50,3,1098,549047,85
8,50,3,1099,549547,76
8,50,3,1100,550047,41
8,50,3,1101,550547,85
8,50,3,1102,551047,72
8,50,3,1103,551547,41
8,50,3,1104,552047,62
8,50,3,1105,552547,85
8,50,3,1106,553047,59
8,50,3,1107,553547,75
8,50,3,1108,554047,69
8,50,3,1109,554547,72
8,50,3,1110,555047,69
8,50,3,1111,555547,53
8,50,3,1112,556047,81
8,50,3,1113,556547,72
8,50,3,1114,557047,53
8,50,3,1115,557547,69
8,50,3,1116,558047,79
8,50,3,1117,558547,69
8,50,3,1118,559047,22
8,50,3,1119,559547,69
8,50,3,1120,560047,78
8,50,3,1121,560547,100
8,50,3,1122,561047,37
8,50,3,1123,561547,53
8,50,3,1124,562047,87
8,50,3,1125,562547,95
8,50,3,1126,563047,56
8,50,3,1127,563547,61
8,50,3,1128,564047,57
8,50,3,1129,564547,55
8,50,3,1130,565047,74
8,50,3,1131,565547,89
8,50,3,1132,566047,45
8,50,3,1133,566547,72
8,50,3,1134,567047,45
8,50,3,1135,567547,79
8,50,3,1136,568047,62
8,50,3,1137,568547,59
8,50,3,1138,569047,91
8,50,3,1139,569547,63
8,50,3,1140,570047,76
8,50,3,1141,570547,71
8,50,3,1142,571047,51
8,50,3,1143,571547,79
8,50,3,1144,572047,77
8,50,3,1145,572547,44
8,50,3,1146,573047,63
8,50,3,1147,573547,71
8,50,3,1148,574047,59
8,50,3,1149,574547,61
8,50,3,1150,575047,54
8,50,3,1151,575547,61
8,50,3,1152,576047,61
8,50,3,1153,576547,53
8,50,3,1154,577047,60
8,50,3,1155,577547,71
8,50,3,1156,578047,56
8,50,3,1157,578547,39
8,50,3,1158,579047,94
8,50,3,1159,579547,85
8,50,3,1160,580047,55
8,50,3,1161,580547,69
8,50,3,1162,581047,77
8,50,3,1163,581547,107
8,50,3,1164,582047,55
8,50,3,1165,582547,67
8,50,3,1166,583047,73
8,50,3,1167,583547,83
8,50,3,1168,584047,68
8,50,3,1169,584547,85
8,50,3,1170,585047,87
8,50,3,1171,585547,68
8,50,3,1172,586047,72
8,50,3,1173,586547,77
8,50,3,1174,587047,63
8,50,3,1175,587547,61
8,50,3,1176,588047,59
8,50,3,1177,588547,57
8,50,3,1178,589047,76
8,50,3,1179,589547,108
8,50,3,1180,590047,73
8,50,3,1181,590547,71
8,50,3,1182,591047,74
8,50,3,1183,591547,73
8,50,3,1184,592047,59
8,50,3,1185,592547,63
8,50,3,1186,593047,43
8,50,3,1187,593547,99
8,50,3,1188,594047,57
8,50,3,1189,594547,63
8,50,3,1190,595047,67
8,50,3,1191,595547,77
8,50,3,1192,596047,60
8,50,3,1193,596547,58
8,50,3,1194,597047,105
8,50,3,1195,597547,83
8,50,3,1196,598047,59
8,50,3,1197,598547,75
8,50,3,1198,599047,63
8,50,3,1199,599547,100
8,50,3,1200,600047,53
8,50,3,1201,600547,77
8,50,3,1202,601047,54
8,50,3,1203,601547,77
8,50,3,1204,602047,101
8,50,3,1205,602547,51
8,50,3,1206,603047,75
8,50,3,1207,603547,53
8,50,3,1208,604047,127
8,50,3,1209,604547,57
8,50,3,1210,605047,29
8,50,3,1211,605547,69
8,50,3,1212,606047,76
8,50,3,1213,606547,63
8,50,3,1214,607047,51
8,50,3,1215,607547,77
8,50,3,1216,608047,57
8,50,3,1217,608547,93
8,50,3,1218,609047,44
8,50,3,1219,609547,83
8,50,3,1220,610047,59
8,50,3,1221,610547,63
8,50,3,1222,611047,46
8,50,3,1223,611547,60
8,50,3,1224,612047,53
8,50,3,1225,612547,87
8,50,3,1226,613047,54
8,50,3,1227,613547,53
8,50,3,1228,614047,61
8,50,3,1229,614547,75
8,50,3,1230,615047,71
8,50,3,1231,615547,50
8,50,3,1232,616047,69
8,50,3,1233,616547,71
8,50,3,1234,617047,59
8,50,3,1235,617547,57
8,50,3,1236,618047,70
8,50,3,1237,618547,85
8,50,3,1238,619047,76
8,50,3,1239,619547,59
8,50,3,1240,620047,69
8,50,3,1241,620547,59
8,50,3,1242,621047,92
8,50,3,1243,621547,69
8,50,3,1244,622047,64
8,50,3,1245,622547,83
8,50,3,1246,623047,85
8,50,3,1247,623547,107
8,50,3,1248,624047,63
8,50,3,1249,624547,50
8,50,3,1250,625047,85
8,50,3,1251,625547,88
8,50,3,1252,626047,77
8,50,3,1253,626547,48
8,50,3,1254,627047,102
8,50,3,1255,627547,67
8,50,3,1256,628047,98
8,50,3,1257,628547,76
8,50,3,1258,629047,69
8,50,3,1259,629547,86
8,50,3,1260,630047,61
8,50,3,1261,630547,71
8,50,3,1262,631047,91
8,50,3,1263,631547,41
8,50,3,1264,632047,63
8,50,3,1265,632547,73
8,50,3,1266,633047,68
8,50,3,1267,633547,82
8,50,3,1268,634047,61
8,50,3,1269,634547,63
8,50,3,1270,635047,61
8,50,3,1271,635547,50
8,50,3,1272,636047,83
8,50,3,1273,636547,73
8,50,3,1274,637047,55
8,50,3,1275,637547,61
8,50,3,1276,638047,67
8,50,3,1277,638547,52
8,50,3,1278,639047,89
8,50,3,1279,639547,45
8,50,3,1280,640047,79
8,50,3,1281,640547,45
8,50,3,1282,641047,67
8,50,3,1283,641547,67
8,50,3,1284,642047,55
8,50,3,1285,642547,75
8,50,3,1286,643047,75
8,50,3,1287,643547,83
8,50,3,1288,644047,60
8,50,3,1289,644547,103
8,50,3,1290,645047,70
8,50,3,1291,645547,62
8,50,3,1292,646047,54
8,50,3,1293,646547,71
8,50,3,1294,647047,120
8,50,3,1295,647547,47
8,50,3,1296,648047,75
8,50,3,1297,648547,85
8,50,3,1298,649047,75
8,50,3,1299,649547,73
8,50,3,1300,650047,77
8,50,3,1301,650547,71
8,50,3,1302,651047,69
8,50,3,1303,651547,67
8,50,3,1304,652047,59
8,50,3,1305,652547,77
8,50,3,1306,653047,59
8,50,3,1307,653547,78
8,50,3,1308,654047,21
8,50,3,1309,654547,69
8,50,3,1310,655047,75
8,50,3,1311,655547,53
8,50,3,1312,656047,77
8,50,3,1313,656547,71
8,50,3,1314,657047,51
8,50,3,1315,657547,77
8,50,3,1316,658047,68
8,50,3,1317,658547,61
8,50,3,1318,659047,58
8,50,3,1319,659547,45
8,50,3,1320,660047,58
8,50,3,1321,660547,89
8,50,3,1322,661047,42
8,50,3,1323,661547,83
8,50,3,1324,662047,53
8,50,3,1325,662547,69
8,50,3,1326,663047,36
8,50,3,1327,663547,73
8,50,3,1328,664047,46
8,50,3,1329,664547,79
8,50,3,1330,665047,37
8,50,3,1331,665547,89
8,50,3,1332,666047,73
8,50,3,1333,666547,45
8,50,3,1334,667047,58
8,50,3,1335,667547,62
8,50,3,1336,668047,47
8,50,3,1337,668547,54
8,50,3,1338,669047,47
8,50,3,1339,669547,55
8,50,3,1340,670047,46
8,50,3,1341,670547,68
8,50,3,1342,671047,39
8,50,3,1343,671547,71
8,50,3,1344,672047,72
8,50,3,1345,672547,51
8,50,3,1346,673047,75
8,50,3,1347,673547,57
8,50,3,1348,674047,60
8,50,3,1349,674547,79
8,50,3,1350,675047,99
8,50,3,1351,675547,40
8,50,3,1352,676047,82
8,50,3,1353,676547,73
8,50,3,1354,677047,61
8,50,3,1355,677547,73
8,50,3,1356,678047,78
8,50,3,1357,678547,77
8,50,3,1358,679047,79
8,50,3,1359,679547,94
8,50,3,1360,680047,79
8,50,3,1361,680547,73
8,50,3,1362,681047,69
8,50,3,1363,681547,60
8,50,3,1364,682047,101
8,50,3,1365,682547,77
8,50,3,1366,683047,89
8,50,3,1367,683547,84
8,50,3,1368,684047,75
8,50,3,1369,684547,103
8,50,3,1370,685047,101
8,50,3,1371,685547,73
8,50,3,1372,686047,77
8,50,3,1373,686547,117
8,50,3,1374,687047,85
8,50,3,1375,687547,55
8,50,3,1376,688047,58
8,50,3,1377,688547,75
8,50,3,1378,689047,47
8,50,3,1379,689547,85
8,50,3,1380,690047,57
8,50,3,1381,690547,59
8,50,3,1382,691047,147
8,50,3,1383,691547,47
8,50,3,1384,692047,87
8,50,3,1385,692547,59
8,50,3,1386,693047,93
8,50,3,1387,693547,73
8,50,3,1388,694047,55
8,50,3,1389,694547,74
8,50,3,1390,695047,87
8,50,3,1391,695547,73
8,50,3,1392,696047,61
8,50,3,1393,696547,41
8,50,3,1394,697047,75
8,50,3,1395,697547,83
8,50,3,1396,698047,63
8,50,3,1397,698547,40
8,50,3,1398,699047,93
8,50,3,1399,699547,71
8,50,3,1400,700047,56
8,50,3,1401,700547,63
8,50,3,1402,701047,45
8,50,3,1403,701547,79
8,50,3,1404,702047,53
8,50,3,1405,702547,49
8,50,3,1406,703047,57
8,50,3,1407,703547,60
8,50,3,1408,704047,43
8,50,3,1409,704547,67
8,50,3,1410,705047,77
8,50,3,1411,705547,41
8,50,3,1412,706047,59
8,50,3,1413,706547,47
8,50,3,1414,707047,55
8,50,3,1415,707547,51
8,50,3,1416,708047,55
8,50,3,1417,708547,73
8,50,3,1418,709047,59
8,50,3,1419,709547,56
8,50,3,1420,710047,61
8,50,3,1421,710547,71
8,50,3,1422,711047,45
8,50,3,1423,711547,71
8,50,3,1424,712047,59
8,50,3,1425,712547,54
8,50,3,1426,713047,41
8,50,3,1427,713547,57
8,50,3,1428,714047,47
8,50,3,1429,714547,75
8,50,3,1430,715047,59
8,50,3,1431,715547,99
8,50,3,1432,716047,41
8,50,3,1433,716547,43
8,50,3,1434,717047,87
8,50,3,1435,717547,68
8,50,3,1436,718047,85
8,50,3,1437,718547,57
8,50,3,1438,719047,95
8,50,3,1439,719547,67
8,50,3,1440,720047,48
8,50,3,1441,720547,67
8,50,3,1442,721047,88
8,50,3,1443,721547,62
8,50,3,1444,722047,88
8,50,3,1445,722547,61
8,50,3,1446,723047,71
8,50,3,1447,723547,83
8,50,3,1448,724047,87
8,50,3,1449,724547,60
8,50,3,1450,725047,74
8,50,3,1451,725547,103
8,50,3,1452,726047,68
8,50,3,1453,726547,89
8,50,3,1454,727047,73
8,50,3,1455,727547,88
8,50,3,1456,728047,83
8,50,3,1457,728547,77
8,50,3,1458,729047,73
8,50,3,1459,729547,83
8,50,3,1460,730047,82
8,50,3,1461,730547,100
8,50,3,1462,731047,90
8,50,3,1463,731547,75
8,50,3,1464,732047,69
8,50,3,1465,732547,91
8,50,3,1466,733047,87
8,50,3,1467,733547,83
8,50,3,1468,734047,93
8,50,3,1469,734547,77
8,50,3,1470,735047,73
8,50,3,1471,735547,77
8,50,3,1472,736047,79
8,50,3,1473,736547,63
8,50,3,1474,737047,77
8,50,3,1475,737547,79
8,50,3,1476,738047,69
8,50,3,1477,738547,53
8,50,3,1478,739047,83
8,50,3,1479,739547,71
8,50,3,1480,740047,75
8,50,3,1481,740547,73
8,50,3,1482,741047,61
8,50,3,1483,741547,58
8,50,3,1484,742047,60
8,50,3,1485,742547,53
8,50,3,1486,743047,43
8,50,3,1487,743547,63
8,50,3,1488,744047,63
8,50,3,1489,744547,51
8,50,3,1490,745047,59
8,50,3,1491,745547,29
8,50,3,1492,746047,53
8,50,3,1493,746547,83
8,50,3,1494,747047,37
8,50,3,1495,747547,55
8,50,3,1496,748047,59
8,50,3,1497,748547,69
8,50,3,1498,749047,41
8,50,3,1499,749547,39
8,50,3,1500,750047,55
8,50,3,1501,750547,52
8,50,3,1502,751047,61
8,50,3,1503,751547,69
8,50,3,1504,752047,105
8,50,3,1505,752547,35
8,50,3,1506,753047,62
8,50,3,1507,753547,71
8,50,3,1508,754047,71
8,50,3,1509,754547,53
8,50,3,1510,755047,75
8,50,3,1511,755547,57
8,50,3,1512,756047,74
8,50,3,1513,756547,59
8,50,3,1514,757047,53
8,50,3,1515,757547,75
8,50,3,1516,758047,77
8,50,3,1517,758547,89
8,50,3,1518,759047,43
8,50,3,1519,759547,76
8,50,3,1520,760047,83
8,50,3,1521,760547,69
8,50,3,1522,761047,48
8,50,3,1523,761547,55
8,50,3,1524,762047,67
8,50,3,1525,762547,47
8,50,3,1526,763047,75
8,50,3,1527,763547,51
8,50,3,1528,764047,58
8,50,3,1529,764547,71
8,50,3,1530,765047,69
8,50,3,1531,765547,71
8,50,3,1532,766047,61
8,50,3,1533,766547,63
8,50,3,1534,767047,85
8,50,3,1535,767547,75
8,50,3,1536,768047,51
8,50,3,1537,768547,89
8,50,3,1538,769047,55
8,50,3,1539,769547,70
8,50,3,1540,770047,70
8,50,3,1541,770547,79
8,50,3,1542,771047,73
8,50,3,1543,771547,85
8,50,3,1544,772047,78
8,50,3,1545,772547,87
8,50,3,1546,773047,68
8,50,3,1547,773547,110
8,50,3,1548,774047,44
8,50,3,1549,774547,79
8,50,3,1550,775047,93
8,50,3,1551,775547,57
8,50,3,1552,776047,63
8,50,3,1553,776547,62
8,50,3,1554,777047,59
8,50,3,1555,777547,77
8,50,3,1556,778047,57
8,50,3,1557,778547,93
8,50,3,1558,779047,57
8,50,3,1559,779547,60
8,50,3,1560,780047,75
8,50,3,1561,780547,63
8,50,3,1562,781047,75
8,50,3,1563,781547,38
8,50,3,1564,782047,71
8,50,3,1565,782547,55
8,50,3,1566,783047,73
8,50,3,1567,783547,61
8,50,3,1568,784047,87
8,50,3,1569,784547,46
8,50,3,1570,785047,73
8,50,3,1571,785547,77
8,50,3,1572,786047,78
8,50,3,1573,786547,58
8,50,3,1574,787047,52
8,50,3,1575,787547,58
8,50,3,1576,788047,100
8,50,3,1577,788547,69
8,50,3,1578,789047,103
8,50,3,1579,789547,58
8,50,3,1580,790047,83
8,50,3,1581,790547,85
8,50,3,1582,791047,85
8,50,3,1583,791547,62
8,50,3,1584,792047,85
8,50,3,1585,792547,81
8,50,3,1586,793047,82
8,50,3,1587,793547,82
8,50,3,1588,794047,71
8,50,3,1589,794547,69
8,50,3,1590,795047,83
8,50,3,1591,795547,60
8,50,3,1592,796047,68
8,50,3,1593,796547,88
8,50,3,1594,797047,69
8,50,3,1595,797547,93
8,50,3,1596,798047,57
8,50,3,1597,798547,91
8,50,3,1598,799047,76
8,50,3,1599,799547,88
8,50,3,1600,800047,63
8,50,3,1601,800547,91
8,50,3,1602,801047,68
8,50,3,1603,801547,79
8,50,3,1604,802047,87
8,50,3,1605,802547,73
8,50,3,1606,803047,73
8,50,3,1607,803547,77
8,50,3,1608,804047,57
8,50,3,1609,804547,84
8,50,3,1610,805047,79
8,50,3,1611,805547,61
8,50,3,1612,806047,63
8,50,3,1613,806547,72
8,50,3,1614,807047,51
8,50,3,1615,807547,57
8,50,3,1616,808047,61
8,50,3,1617,808547,83
8,50,3,1618,809047,63
8,50,3,1619,809547,51
8,50,3,1620,810047,51
8,50,3,1621,810547,75
8,50,3,1622,811047,52
8,50,3,1623,811547,63
8,50,3,1624,812047,73
8,50,3,1625,812547,45
8,50,3,1626,813047,60
8,50,3,1627,813547,59
8,50,3,1628,814047,50
8,50,3,1629,814547,59
8,50,3,1630,815047,63
8,50,3,1631,815547,55
8,50,3,1632,816047,75
8,50,3,1633,816547,77
8,50,3,1634,817047,13
8,50,3,1635,817547,59
8,50,3,1636,818047,91
8,50,3,1637,818547,67
8,50,3,1638,819047,53
8,50,3,1639,819547,73
8,50,3,1640,820047,68
8,50,3,1641,820547,84
8,50,3,1642,821047,45
8,50,3,1643,821547,61
8,50,3,1644,822047,57
8,50,3,1645,822547,61
8,50,3,1646,823047,79
8,50,3,1647,823547,47
8,50,3,1648,824047,71
8,50,3,1649,824547,62
8,50,3,1650,825047,100
8,50,3,1651,825547,76
8,50,3,1652,826047,59
8,50,3,1653,826547,93
8,50,3,1654,827047,84
8,50,3,1655,827547,73
8,50,3,1656,828047,89
8,50,3,1657,828547,57
8,50,3,1658,829047,69
8,50,3,1659,829547,71
8,50,3,1660,830047,83
8,50,3,1661,830547,63
8,50,3,1662,831047,63
8,50,3,1663,831547,68
8,50,3,1664,832047,87
8,50,3,1665,832547,69
8,50,3,1666,833047,70
8,50,3,1667,833547,63
8,50,3,1668,834047,72
8,50,3,1669,834547,81
8,50,3,1670,835047,61
8,50,3,1671,835547,72
8,50,3,1672,836047,111
8,50,3,1673,836547,83
8,50,3,1674,837047,91
8,50,3,1675,837547,77
8,50,3,1676,838047,59
8,50,3,1677,838547,97
8,50,3,1678,839047,71
8,50,3,1679,839547,83
8,50,3,1680,840047,79
8,50,3,1681,840547,99
8,50,3,1682,841047,71
8,50,3,1683,841547,51
8,50,3,1684,842047,117
8,50,3,1685,842547,43
8,50,3,1686,843047,71
8,50,3,1687,843547,84
8,50,3,1688,844047,87
8,50,3,1689,844547,83
8,50,3,1690,845047,41
8,50,3,1691,845547,82
8,50,3,1692,846047,62
8,50,3,1693,846547,93
8,50,3,1694,847047,39
8,50,3,1695,847547,90
8,50,3,1696,848047,59
8,50,3,1697,848547,43
8,50,3,1698,849047,91
8,50,3,1699,849547,59
8,50,3,1700,850047,59
8,50,3,1701,850547,83
8,50,3,1702,851047,87
8,50,3,1703,851547,73
8,50,3,1704,852047,42
8,50,3,1705,852547,52
8,50,3,1706,853047,74
8,50,3,1707,853547,63
8,50,3,1708,854047,91
8,50,3,1709,854547,71
8,50,3,1710,855047,83
8,50,3,1711,855547,47
8,50,3,1712,856047,89
8,50,3,1713,856547,66
8,50,3,1714,857047,61
8,50,3,1715,857547,68
8,50,3,1716,858047,63
8,50,3,1717,858547,79
8,50,3,1718,859047,63
8,50,3,1719,859547,53
8,50,3,1720,860047,52
8,50,3,1721,860547,79
8,50,3,1722,861047,69
8,50,3,1723,861547,58
8,50,3,1724,862047,57
8,50,3,1725,862547,35
8,50,3,1726,863047,47
8,50,3,1727,863547,73
8,50,3,1728,864047,107
8,50,3,1729,864547,41
8,50,3,1730,865047,91
8,50,3,1731,865547,57
8,50,3,1732,866047,73
8,50,3,1733,866547,52
8,50,3,1734,867047,85
8,50,3,1735,867547,53
8,50,3,1736,868047,61
8,50,3,1737,868547,73
8,50,3,1738,869047,61
8,50,3,1739,869547,87
8,50,3,1740,870047,71
8,50,3,1741,870547,70
8,50,3,1742,871047,101
8,50,3,1743,871547,83
8,50,3,1744,872047,54
8,50,3,1745,872547,81
8,50,3,1746,873047,59
8,50,3,1747,873547,68
8,50,3,1748,874047,77
8,50,3,1749,874547,75
8,50,3,1750,875047,81
8,50,3,1751,875547,53
8,50,3,1752,876047,107
8,50,3,1753,876547,39
8,50,3,1754,877047,99
8,50,3,1755,877547,63
8,50,3,1756,878047,77
8,50,3,1757,878547,63
8,50,3,1758,879047,72
8,50,3,1759,879547,91
8,50,3,1760,880047,33
8,50,3,1761,880547,63
8,50,3,1762,881047,61
8,50,3,1763,881547,68
8,50,3,1764,882047,77
8,50,3,1765,882547,43
8,50,3,1766,883047,45
8,50,3,1767,883547,86
8,50,3,1768,884047,48
8,50,3,1769,884547,59
8,50,3,1770,885047,72
8,50,3,1771,885547,55
8,50,3,1772,886047,52
8,50,3,1773,886547,33
8,50,3,1774,887047,63
8,50,3,1775,887547,52
8,50,3,1776,888047,29
8,50,3,1777,888547,77
8,50,3,1778,889047,53
8,50,3,1779,889547,47
8,50,3,1780,890047,46
8,50,3,1781,890547,43
8,50,3,1782,891047,69
8,50,3,1783,891547,53
8,50,3,1784,892047,47
8,50,3,1785,892547,45
8,50,3,1786,893047,48
8,50,3,1787,893547,47
8,50,3,1788,894047,91
8,50,3,1789,894547,59
8,50,3,1790,895047,75
8,50,3,1791,895547,60
8,50,3,1792,896047,72
8,50,3,1793,896547,54
8,50,3,1794,897047,73
8,50,3,1795,897547,59
8,50,3,1796,898047,60
8,50,3,1797,898547,73
8,50,3,1798,899047,57
8,50,3,1799,899547,83
8,50,3,1800,900047,53
8,50,3,1801,900547,83
8,50,3,1802,901047,47
8,50,3,1803,901547,88
8,50,3,1804,902047,59
8,50,3,1805,902547,104
8,50,3,1806,903047,58
8,50,3,1807,903547,62
8,50,3,1808,904047,100
8,50,3,1809,904547,88
8,50,3,1810,905047,59
8,50,3,1811,905547,109
8,50,3,1812,906047,69
8,50,3,1813,906547,73
8,50,3,1814,907047,72
8,50,3,1815,907547,91
8,50,3,1816,908047,74
8,50,3,1817,908547,51
8,50,3,1818,909047,115
8,50,3,1819,909547,71
8,50,3,1820,910047,71
8,50,3,1821,910547,83
8,50,3,1822,911047,63
8,50,3,1823,911547,117
8,50,3,1824,912047,39
8,50,3,1825,912547,108
8,50,3,1826,913047,59
8,50,3,1827,913547,116
8,50,3,1828,914047,39
8,50,3,1829,914547,73
8,50,3,1830,915047,93
8,50,3,1831,915547,73
8,50,3,1832,916047,61
8,50,3,1833,916547,67
8,50,3,1834,917047,86
8,50,3,1835,917547,49
8,50,3,1836,918047,77
8,50,3,1837,918547,61
8,50,3,1838,919047,60
8,50,3,1839,919547,70
8,50,3,1840,920047,63
8,50,3,1841,920547,55
8,50,3,1842,921047,57
8,50,3,1843,921547,57
8,50,3,1844,922047,101
8,50,3,1845,922547,50
8,50,3,1846,923047,59
8,50,3,1847,923547,40
8,50,3,1848,924047,105
8,50,3,1849,924547,54
8,50,3,1850,925047,61
8,50,3,1851,925547,43
8,50,3,1852,926047,77
8,50,3,1853,926547,23
8,50,3,1854,927047,88
8,50,3,1855,927547,55
8,50,3,1856,928047,75
8,50,3,1857,928547,101
8,50,3,1858,929047,48
8,50,3,1859,929547,50
8,50,3,1860,930047,81
8,50,3,1861,930547,60
8,50,3,1862,931047,57
8,50,3,1863,931547,68
8,50,3,1864,932047,59
8,50,3,1865,932547,71
8,50,3,1866,933047,51
8,50,3,1867,933547,109
8,50,3,1868,934047,29
8,50,3,1869,934547,95
8,50,3,1870,935047,91
8,50,3,1871,935547,53
8,50,3,1872,936047,53
8,50,3,1873,936547,78
8,50,3,1874,937047,45
8,50,3,1875,937547,57
8,50,3,1876,938047,77
8,50,3,1877,938547,61
8,50,3,1878,939047,35
8,50,3,1879,939547,99
8,50,3,1880,940047,55
8,50,3,1881,940547,69
8,50,3,1882,941047,61
8,50,3,1883,941547,104
8,50,3,1884,942047,74
8,50,3,1885,942547,59
8,50,3,1886,943047,56
8,50,3,1887,943547,93
8,50,3,1888,944047,102
8,50,3,1889,944547,70
8,50,3,1890,945047,79
8,50,3,1891,945547,75
8,50,3,1892,946047,111
8,50,3,1893,946547,73
8,50,3,1894,947047,103
8,50,3,1895,947547,84
8,50,3,1896,948047,89
8,50,3,1897,948547,85
8,50,3,1898,949047,77
8,50,3,1899,949547,60
8,50,3,1900,950047,74
8,50,3,1901,950547,133
8,50,3,1902,951047,57
8,50,3,1903,951547,111
8,50,3,1904,952047,59
8,50,3,1905,952547,71
8,50,3,1906,953047,73
8,50,3,1907,953547,63
8,50,3,1908,954047,59
8,50,3,1909,954547,95
8,50,3,1910,955047,61
8,50,3,1911,955547,57
8,50,3,1912,956047,79
8,50,3,1913,956547,85
8,50,3,1914,957047,60
8,50,3,1915,957547,59
8,50,3,1916,958047,68
8,50,3,1917,958547,60
8,50,3,1918,959047,61
8,50,3,1919,959547,55
8,50,3,1920,960047,67
8,50,3,1921,960547,75
8,50,3,1922,961047,54
8,50,3,1923,961547,111
8,50,3,1924,962047,41
8,50,3,1925,962547,63
8,50,3,1926,963047,77
8,50,3,1927,963547,75
8,50,3,1928,964047,61
8,50,3,1929,964547,99
8,50,3,1930,965047,48
8,50,3,1931,965547,57
8,50,3,1932,966047,82
8,50,3,1933,966547,93
8,50,3,1934,967047,53
8,50,3,1935,967547,76
8,50,3,1936,968047,63
8,50,3,1937,968547,85
8,50,3,1938,969047,72
8,50,3,1939,969547,69
8,50,3,1940,970047,52
8,50,3,1941,970547,49
8,50,3,1942,971047,85
8,50,3,1943,971547,35
8,50,3,1944,972047,81
8,50,3,1945,972547,54
8,50,3,1946,973047,57
8,50,3,1947,973547,74
8,50,3,1948,974047,55
8,50,3,1949,974547,73
8,50,3,1950,975047,67
8,50,3,1951,975547,69
8,50,3,1952,976047,51
8,50,3,1953,976547,77
8,50,3,1954,977047,75
8,50,3,1955,977547,21
8,50,3,1956,978047,84
8,50,3,1957,978547,70
8,50,3,1958,979047,45
8,50,3,1959,979547,61
8,50,3,1960,980047,85
8,50,3,1961,980547,42
8,50,3,1962,981047,68
8,50,3,1963,981547,51
8,50,3,1964,982047,59
8,50,3,1965,982547,85
8,50,3,1966,983047,75
8,50,3,1967,983547,47
8,50,3,1968,984047,46
8,50,3,1969,984547,85
8,50,3,1970,985047,63
8,50,3,1971,985547,35
8,50,3,1972,986047,68
8,50,3,1973,986547,56
8,50,3,1974,987047,61
8,50,3,1975,987547,63
8,50,3,1976,988047,71
8,50,3,1977,988547,60
8,50,3,1978,989047,40
8,50,3,1979,989547,70
8,50,3,1980,990047,60
8,50,3,1981,990547,47
8,50,3,1982,991047,43
8,50,3,1983,991547,70
8,50,3,1984,992047,73
8,50,3,1985,992547,45
8,50,3,1986,993047,70
8,50,3,1987,993547,77
8,50,3,1988,994047,69
8,50,3,1989,994547,53
8,50,3,1990,995047,56
8,50,3,1991,995547,71
8,50,3,1992,996047,70
8,50,3,1993,996547,58
8,50,3,1994,997047,47
8,50,3,1995,997547,57
8,50,3,1996,998047,59
8,50,3,1997,998547,71
8,50,3,1998,999047,60
8,50,3,1999,999547,55
8,50,4,0,48,83
8,50,4,1,547,57
8,50,4,2,1047,74
8,50,4,3,1547,69
8,50,4,4,2047,69
8,50,4,5,2547,98
8,50,4,6,3047,101
8,50,4,7,3547,36
8,50,4,8,4047,79
8,50,4,9,4547,75
8,50,4,10,5047,83
8,50,4,11,5547,39
8,50,4,12,6047,156
8,50,4,13,6547,55
8,50,4,14,7047,42
8,50,4,15,7547,79
8,50,4,16,8047,73
8,50,4,17,8547,74
8,50,4,18,9047,61
8,50,4,19,9547,63
8,50,4,20,10047,118
8,50,4,21,10547,63
8,50,4,22,11047,45
8,50,4,23,11547,51
8,50,4,24,12047,122
8,50,4,25,12547,41
8,50,4,26,13047,69
8,50,4,27,13547,71
8,50,4,28,14047,67
8,50,4,29,14547,79
8,50,4,30,15047,61
8,50,4,31,15547,85
8,50,4,32,16047,51
8,50,4,33,16547,83
8,50,4,34,17047,55
8,50,4,35,17547,87
8,50,4,36,18047,57
8,50,4,37,18547,70
8,50,4,38,19047,73
8,50,4,39,19547,78
8,50,4,40,20047,93
8,50,4,41,20547,51
8,50,4,42,21047,69
8,50,4,43,21547,103
8,50,4,44,22047,69
8,50,4,45,22547,40
8,50,4,46,23047,101
8,50,4,47,23547,69
8,50,4,48,24047,111
8,50,4,49,24547,55
8,50,4,50,25047,74
8,50,4,51,25547,69
8,50,4,52,26047,83
8,50,4,53,26547,69
8,50,4,54,27047,67
8,50,4,55,27547,57
8,50,4,56,28047,91
8,50,4,57,28547,62
8,50,4,58,29047,62
8,50,4,59,29547,60
8,50,4,60,30047,77
8,50,4,61,30547,87
8,50,4,62,31047,47
8,50,4,63,31547,83
8,50,4,64,32047,69
8,50,4,65,32547,48
8,50,4,66,33047,43
8,50,4,67,33547,70
8,50,4,68,34047,43
8,50,4,69,34547,50
8,50,4,70,35047,46
8,50,4,71,35547,67
8,50,4,72,36047,77
8,50,4,73,36547,56
8,50,4,74,37047,71
8,50,4,75,37547,44
8,50,4,76,38047,120
8,50,4,77,38547,45
8,50,4,78,39047,71
8,50,4,79,39547,61
8,50,4,80,40047,72
8,50,4,81,40547,53
8,50,4,82,41047,54
8,50,4,83,41547,78
8,50,4,84,42047,81
8,50,4,85,42547,70
8,50,4,86,43047,76
8,50,4,87,43547,61
8,50,4,88,44047,101
8,50,4,89,44547,44
8,50,4,90,45047,47
8,50,4,91,45547,63
8,50,4,92,46047,83
8,50,4,93,46547,61
8,50,4,94,47047,80
8,50,4,95,47547,55
8,50,4,96,48047,116
8,50,4,97,48547,38
8,50,4,98,49047,89
8,50,4,99,49547,76
8,50,4,100,50047,87
8,50,4,101,50547,77
8,50,4,102,51047,77
8,50,4,103,51547,71
8,50,4,104,52047,95
8,50,4,105,52547,74
8,50,4,106,53047,83
8,50,4,107,53547,74
8,50,4,108,54047,79
8,50,4,109,54547,71
8,50,4,110,55047,82
8,50,4,111,55547,53
8,50,4,112,56047,79
8,50,4,113,56547,77
8,50,4,114,57047,86
8,50,4,115,57547,71
8,50,4,116,58047,63
8,50,4,117,58547,94
8,50,4,118,59047,75
8,50,4,119,59547,56
8,50,4,120,60047,52
8,50,4,121,60547,78
8,50,4,122,61047,53
8,50,4,123,61547,73
8,50,4,124,62047,89
8,50,4,125,62547,39
8,50,4,126,63047,62
8,50,4,127,63547,60
8,50,4,128,64047,79
8,50,4,129,64547,59
8,50,4,130,65047,54
8,50,4,131,65547,67
8,50,4,132,66047,91
8,50,4,133,66547,53
8,50,4,134,67047,53
8,50,4,135,67547,83
8,50,4,136,68047,69
8,50,4,137,68547,71
8,50,4,138,69047,25
8,50,4,139,69547,60
8,50,4,140,70047,75
8,50,4,141,70547,93
8,50,4,142,71047,40
8,50,4,143,71547,56
8,50,4,144,72047,56
8,50,4,145,72547,87
8,50,4,146,73047,35
8,50,4,147,73547,41
8,50,4,148,74047,105
8,50,4,149,74547,57
8,50,4,150,75047,37
8,50,4,151,75547,60
8,50,4,152,76047,74
8,50,4,153,76547,55
8,50,4,154,77047,72
8,50,4,155,77547,63
8,50,4,156,78047,40
8,50,4,157,78547,60
8,50,4,158,79047,71
8,50,4,159,79547,61
8,50,4,160,80047,69
8,50,4,161,80547,63
8,50,4,162,81047,61
8,50,4,163,81547,79
8,50,4,164,82047,78
8,50,4,165,82547,83
8,50,4,166,83047,92
8,50,4,167,83547,76
8,50,4,168,84047,75
8,50,4,169,84547,77
8,50,4,170,85047,79
8,50,4,171,85547,75
8,50,4,172,86047,93
8,50,4,173,86547,74
8,50,4,174,87047,75
8,50,4,175,87547,79
8,50,4,176,88047,87
8,50,4,177,88547,59
8,50,4,178,89047,83
8,50,4,179,89547,87
8,50,4,180,90047,46
8,50,4,181,90547,77
8,50,4,182,91047,40
8,50,4,183,91547,83
8,50,4,184,92047,70
8,50,4,185,92547,47
8,50,4,186,93047,68
8,50,4,187,93547,55
8,50,4,188,94047,73
8,50,4,189,94547,70
8,50,4,190,95047,70
8,50,4,191,95547,63
8,50,4,192,96047,77
8,50,4,193,96547,63
8,50,4,194,97047,89
8,50,4,195,97547,51
8,50,4,196,98047,61
8,50,4,197,98547,59
8,50,4,198,99047,73
8,50,4,199,99547,69
8,50,4,200,100047,82
8,50,4,201,100547,79
8,50,4,202,101047,52
8,50,4,203,101547,44
8,50,4,204,102047,75
8,50,4,205,102547,82
8,50,4,206,103047,61
8,50,4,207,103547,86
8,50,4,208,104047,72
8,50,4,209,104547,61
8,50,4,210,105047,76
8,50,4,211,105547,59
8,50,4,212,106047,56
8,50,4,213,106547,77
8,50,4,214,107047,45
8,50,4,215,107547,75
8,50,4,216,108047,71
8,50,4,217,108547,55
8,50,4,218,109047,93
8,50,4,219,109547,67
8,50,4,220,110047,58
8,50,4,221,110547,73
8,50,4,222,111047,87
8,50,4,223,111547,70
8,50,4,224,112047,59
8,50,4,225,112547,63
8,50,4,226,113047,79
8,50,4,227,113547,60
8,50,4,228,114047,99
8,50,4,229,114547,54
8,50,4,230,115047,55
8,50,4,231,115547,67
8,50,4,232,116047,93
8,50,4,233,116547,56
8,50,4,234,117047,53
8,50,4,235,117547,57
8,50,4,236,118047,133
8,50,4,237,118547,44
8,50,4,238,119047,85
8,50,4,239,119547,91
8,50,4,240,120047,94
8,50,4,241,120547,51
8,50,4,242,121047,91
8,50,4,243,121547,75
8,50,4,244,122047,77
8,50,4,245,122547,85
8,50,4,246,123047,75
8,50,4,247,123547,74
8,50,4,248,124047,53
8,50,4,249,124547,87
8,50,4,250,125047,50
8,50,4,251,125547,69
8,50,4,252,126047,63
8,50,4,253,126547,67
8,50,4,254,127047,81
8,50,4,255,127547,52
8,50,4,256,128047,69
8,50,4,257,128547,73
8,50,4,258,129047,55
8,50,4,259,129547,77
8,50,4,260,130047,59
8,50,4,261,130547,64
8,50,4,262,131047,69
8,50,4,263,131547,79
8,50,4,264,132047,63
8,50,4,265,132547,68
8,50,4,266,133047,67
8,50,4,267,133547,77
8,50,4,268,134047,63
8,50,4,269,134547,47
8,50,4,270,135047,53
8,50,4,271,135547,64
8,50,4,272,136047,59
8,50,4,273,136547,73
8,50,4,274,137047,59
8,50,4,275,137547,53
8,50,4,276,138047,63
8,50,4,277,138547,70
8,50,4,278,139047,52
8,50,4,279,139547,59
8,50,4,280,140047,84
8,50,4,281,140547,43
8,50,4,282,141047,87
8,50,4,283,141547,53
8,50,4,284,142047,83
8,50,4,285,142547,59
8,50,4,286,143047,68
8,50,4,287,143547,91
8,50,4,288,144047,91
8,50,4,289,144547,59
8,50,4,290,145047,77
8,50,4,291,145547,99
8,50,4,292,146047,75
8,50,4,293,146547,84
8,50,4,294,147047,85
8,50,4,295,147547,99
8,50,4,296,148047,72
8,50,4,297,148547,79
8,50,4,298,149047,85
8,50,4,299,149547,82
8,50,4,300,150047,47
8,50,4,301,150547,85
8,50,4,302,151047,76
8,50,4,303,151547,83
8,50,4,304,152047,59
8,50,4,305,152547,69
8,50,4,306,153047,69
8,50,4,307,153547,75
8,50,4,308,154047,59
8,50,4,309,154547,90
8,50,4,310,155047,73
8,50,4,311,155547,73
8,50,4,312,156047,61
8,50,4,313,156547,79
8,50,4,314,157047,35
8,50,4,315,157547,83
8,50,4,316,158047,35
8,50,4,317,158547,103
8,50,4,318,159047,43
8,50,4,319,159547,55
8,50,4,320,160047,55
8,50,4,321,160547,71
8,50,4,322,161047,43
8,50,4,323,161547,69
8,50,4,324,162047,37
8,50,4,325,162547,73
8,50,4,326,163047,27
8,50,4,327,163547,85
8,50,4,328,164047,60
8,50,4,329,164547,85
8,50,4,330,165047,41
8,50,4,331,165547,51
8,50,4,332,166047,61
8,50,4,333,166547,51
8,50,4,334,167047,109
8,50,4,335,167547,39
8,50,4,336,168047,73
8,50,4,337,168547,75
8,50,4,338,169047,59
8,50,4,339,169547,89
8,50,4,340,170047,67
8,50,4,341,170547,39
8,50,4,342,171047,140
8,50,4,343,171547,71
8,50,4,344,172047,26
8,50,4,345,172547,75
8,50,4,346,173047,125
8,50,4,347,173547,54
8,50,4,348,174047,47
8,50,4,349,174547,101
8,50,4,350,175047,69
8,50,4,351,175547,77
8,50,4,352,176047,75
8,50,4,353,176547,51
8,50,4,354,177047,75
8,50,4,355,177547,59
8,50,4,356,178047,53
8,50,4,357,178547,47
8,50,4,358,179047,75
8,50,4,359,179547,84
8,50,4,360,180047,55
8,50,4,361,180547,60
8,50,4,362,181047,67
8,50,4,363,181547,73
8,50,4,364,182047,60
8,50,4,365,182547,61
8,50,4,366,183047,61
8,50,4,367,183547,74
8,50,4,368,184047,57
8,50,4,369,184547,77
8,50,4,370,185047,99
8,50,4,371,185547,45
8,50,4,372,186047,54
8,50,4,373,186547,70
8,50,4,374,187047,83
8,50,4,375,187547,61
8,50,4,376,188047,61
8,50,4,377,188547,87
8,50,4,378,189047,81
8,50,4,379,189547,71
8,50,4,380,190047,79
8,50,4,381,190547,61
8,50,4,382,191047,79
8,50,4,383,191547,55
8,50,4,384,192047,62
8,50,4,385,192547,71
8,50,4,386,193047,77
8,50,4,387,193547,69
8,50,4,388,194047,105
8,50,4,389,194547,38
8,50,4,390,195047,91
8,50,4,391,195547,69
8,50,4,392,196047,57
8,50,4,393,196547,57
8,50,4,394,197047,75
8,50,4,395,197547,42
8,50,4,396,198047,84
8,50,4,397,198547,69
8,50,4,398,199047,43
8,50,4,399,199547,55
8,50,4,400,200047,68
8,50,4,401,200547,63
8,50,4,402,201047,71
8,50,4,403,201547,55
8,50,4,404,202047,57
8,50,4,405,202547,51
8,50,4,406,203047,85
8,50,4,407,203547,57
8,50,4,408,204047,53
8,50,4,409,204547,73
8,50,4,410,205047,41
8,50,4,411,205547,72
8,50,4,412,206047,69
8,50,4,413,206547,73
8,50,4,414,207047,61
8,50,4,415,207547,62
8,50,4,416,208047,78
8,50,4,417,208547,78
8,50,4,418,209047,63
8,50,4,419,209547,76
8,50,4,420,210047,84
8,50,4,421,210547,69
8,50,4,422,211047,77
8,50,4,423,211547,89
8,50,4,424,212047,94
8,50,4,425,212547,69
8,50,4,426,213047,76
8,50,4,427,213547,103
8,50,4,428,214047,118
8,50,4,429,214547,73
8,50,4,430,215047,91
8,50,4,431,215547,93
8,50,4,432,216047,63
8,50,4,433,216547,89
8,50,4,434,217047,84
8,50,4,435,217547,103
8,50,4,436,218047,74
8,50,4,437,218547,84
8,50,4,438,219047,83
8,50,4,439,219547,73
8,50,4,440,220047,76
8,50,4,441,220547,68
8,50,4,442,221047,82
8,50,4,443,221547,103
8,50,4,444,222047,61
8,50,4,445,222547,44
8,50,4,446,223047,75
8,50,4,447,223547,57
8,50,4,448,224047,57
8,50,4,449,224547,45
8,50,4,450,225047,55
8,50,4,451,225547,61
8,50,4,452,226047,63
8,50,4,453,226547,63
8,50,4,454,227047,48
8,50,4,455,227547,52
8,50,4,456,228047,61
8,50,4,457,228547,44
8,50,4,458,229047,59
8,50,4,459,229547,58
8,50,4,460,230047,57
8,50,4,461,230547,61
8,50,4,462,231047,43
8,50,4,463,231547,45
8,50,4,464,232047,53
8,50,4,465,232547,61
8,50,4,466,233047,53
8,50,4,467,233547,69
8,50,4,468,234047,45
8,50,4,469,234547,51
8,50,4,470,235047,92
8,50,4,471,235547,69
8,50,4,472,236047,59
8,50,4,473,236547,45
8,50,4,474,237047,52
8,50,4,475,237547,89
8,50,4,476,238047,36
8,50,4,477,238547,54
8,50,4,478,239047,87
8,50,4,479,239547,45
8,50,4,480,240047,55
8,50,4,481,240547,41
8,50,4,482,241047,73
8,50,4,483,241547,69
8,50,4,484,242047,53
8,50,4,485,242547,57
8,50,4,486,243047,75
8,50,4,487,243547,60
8,50,4,488,244047,45
8,50,4,489,244547,75
8,50,4,490,245047,63
8,50,4,491,245547,63
8,50,4,492,246047,72
8,50,4,493,246547,71
8,50,4,494,247047,91
8,50,4,495,247547,75
8,50,4,496,248047,76
8,50,4,497,248547,69
8,50,4,498,249047,71
8,50,4,499,249547,83
8,50,4,500,250047,70
8,50,4,501,250547,83
8,50,4,502,251047,61
8,50,4,503,251547,83
8,50,4,504,252047,69
8,50,4,505,252547,93
8,50,4,506,253047,75
8,50,4,507,253547,77
8,50,4,508,254047,69
8,50,4,509,254547,83
8,50,4,510,255047,87
8,50,4,511,255547,59
8,50,4,512,256047,83
8,50,4,513,256547,69
8,50,4,514,257047,90
8,50,4,515,257547,89
8,50,4,516,258047,73
8,50,4,517,258547,76
8,50,4,518,259047,80
8,50,4,519,259547,89
8,50,4,520,260047,59
8,50,4,521,260547,87
8,50,4,522,261047,69
8,50,4,523,261547,75
8,50,4,524,262047,71
8,50,4,525,262547,88
8,50,4,526,263047,79
8,50,4,527,263547,62
8,50,4,528,264047,91
8,50,4,529,264547,95
8,50,4,530,265047,69
8,50,4,531,265547,93
8,50,4,532,266047,89
8,50,4,533,266547,43
8,50,4,534,267047,87
8,50,4,535,267547,69
8,50,4,536,268047,72
8,50,4,537,268547,73
8,50,4,538,269047,72
8,50,4,539,269547,87
8,50,4,540,270047,99
8,50,4,541,270547,44
8,50,4,542,271047,75
8,50,4,543,271547,88
8,50,4,544,272047,48
8,50,4,545,272547,45
8,50,4,546,273047,89
8,50,4,547,273547,88
8,50,4,548,274047,47
8,50,4,549,274547,49
8,50,4,550,275047,84
8,50,4,551,275547,71
8,50,4,552,276047,46
8,50,4,553,276547,53
8,50,4,554,277047,87
8,50,4,555,277547,59
8,50,4,556,278047,40
8,50,4,557,278547,68
8,50,4,558,279047,72
8,50,4,559,279547,37
8,50,4,560,280047,43
8,50,4,561,280547,79
8,50,4,562,281047,55
8,50,4,563,281547,42
8,50,4,564,282047,74
8,50,4,565,282547,59
8,50,4,566,283047,71
8,50,4,567,283547,44
8,50,4,568,284047,73
8,50,4,569,284547,71
8,50,4,570,285047,72
8,50,4,571,285547,75
8,50,4,572,286047,78
8,50,4,573,286547,87
8,50,4,574,287047,39
8,50,4,575,287547,82
8,50,4,576,288047,79
8,50,4,577,288547,76
8,50,4,578,289047,60
8,50,4,579,289547,84
8,50,4,580,290047,44
8,50,4,581,290547,93
8,50,4,582,291047,57
8,50,4,583,291547,63
8,50,4,584,292047,85
8,50,4,585,292547,78
8,50,4,586,293047,71
8,50,4,587,293547,77
8,50,4,588,294047,72
8,50,4,589,294547,75
8,50,4,590,295047,101
8,50,4,591,295547,53
8,50,4,592,296047,111
8,50,4,593,296547,61
8,50,4,594,297047,100
8,50,4,595,297547,91
8,50,4,596,298047,87
8,50,4,597,298547,40
8,50,4,598,299047,100
8,50,4,599,299547,61
8,50,4,600,300047,59
8,50,4,601,300547,84
8,50,4,602,301047,83
8,50,4,603,301547,59
8,50,4,604,302047,70
8,50,4,605,302547,83
8,50,4,606,303047,88
8,50,4,607,303547,56
8,50,4,608,304047,62
8,50,4,609,304547,139
8,50,4,610,305047,53
8,50,4,611,305547,77
8,50,4,612,306047,68
8,50,4,613,306547,77
8,50,4,614,307047,47
8,50,4,615,307547,79
8,50,4,616,308047,102
8,50,4,617,308547,45
8,50,4,618,309047,63
8,50,4,619,309547,59
8,50,4,620,310047,79
8,50,4,621,310547,73
8,50,4,622,311047,44
8,50,4,623,311547,112
8,50,4,624,312047,39
8,50,4,625,312547,57
8,50,4,626,313047,76
8,50,4,627,313547,72
8,50,4,628,314047,36
8,50,4,629,314547,59
8,50,4,630,315047,71
8,50,4,631,315547,51
8,50,4,632,316047,60
8,50,4,633,316547,61
8,50,4,634,317047,63
8,50,4,635,317547,47
8,50,4,636,318047,59
8,50,4,637,318547,59
8,50,4,638,319047,79
8,50,4,639,319547,69
8,50,4,640,320047,53
8,50,4,641,320547,73
8,50,4,642,321047,71
8,50,4,643,321547,57
8,50,4,644,322047,60
8,50,4,645,322547,74
8,50,4,646,323047,63
8,50,4,647,323547,53
8,50,4,648,324047,40
8,50,4,649,324547,93
8,50,4,650,325047,69
8,50,4,651,325547,71
8,50,4,652,326047,61
8,50,4,653,326547,61
8,50,4,654,327047,57
8,50,4,655,327547,75
8,50,4,656,328047,77
8,50,4,657,328547,83
8,50,4,658,329047,77
8,50,4,659,329547,57
8,50,4,660,330047,47
8,50,4,661,330547,79
8,50,4,662,331047,91
8,50,4,663,331547,59
8,50,4,664,332047,101
8,50,4,665,332547,73
8,50,4,666,333047,63
8,50,4,667,333547,83
8,50,4,668,334047,73
8,50,4,669,334547,36
8,50,4,670,335047,75
8,50,4,671,335547,57
8,50,4,672,336047,55
8,50,4,673,336547,61
8,50,4,674,337047,61
8,50,4,675,337547,60
8,50,4,676,338047,76
8,50,4,677,338547,59
8,50,4,678,339047,53
8,50,4,679,339547,86
8,50,4,680,340047,45
8,50,4,681,340547,73
8,50,4,682,341047,57
8,50,4,683,341547,79
8,50,4,684,342047,47
8,50,4,685,342547,85
8,50,4,686,343047,69
8,50,4,687,343547,56
8,50,4,688,344047,68
8,50,4,689,344547,81
8,50,4,690,345047,55
8,50,4,691,345547,77
8,50,4,692,346047,64
8,50,4,693,346547,63
8,50,4,694,347047,73
8,50,4,695,347547,75
8,50,4,696,348047,62
8,50,4,697,348547,71
8,50,4,698,349047,58
8,50,4,699,349547,53
8,50,4,700,350047,68
8,50,4,701,350547,47
8,50,4,702,351047,58
8,50,4,703,351547,75
8,50,4,704,352047,61
8,50,4,705,352547,83
8,50,4,706,353047,46
8,50,4,707,353547,57
8,50,4,708,354047,43
8,50,4,709,354547,61
8,50,4,710,355047,46
8,50,4,711,355547,55
8,50,4,712,356047,39
8,50,4,713,356547,72
8,50,4,714,357047,69
8,50,4,715,357547,53
8,50,4,716,358047,37
8,50,4,717,358547,57
8,50,4,718,359047,69
8,50,4,719,359547,59
8,50,4,720,360047,47
8,50,4,721,360547,78
8,50,4,722,361047,71
8,50,4,723,361547,59
8,50,4,724,362047,63
8,50,4,725,362547,73
8,50,4,726,363047,87
8,50,4,727,363547,59
8,50,4,728,364047,91
8,50,4,729,364547,69
8,50,4,730,365047,71
8,50,4,731,365547,109
8,50,4,732,366047,56
8,50,4,733,366547,72
8,50,4,734,367047,75
8,50,4,735,367547,83
8,50,4,736,368047,77
8,50,4,737,368547,61
8,50,4,738,369047,67
8,50,4,739,369547,86
8,50,4,740,370047,70
8,50,4,741,370547,61
8,50,4,742,371047,103
8,50,4,743,371547,59
8,50,4,744,372047,69
8,50,4,745,372547,83
8,50,4,746,373047,61
8,50,4,747,373547,61
8,50,4,748,374047,75
8,50,4,749,374547,74
8,50,4,750,375047,72
8,50,4,751,375547,59
8,50,4,752,376047,69
8,50,4,753,376547,62
8,50,4,754,377047,53
8,50,4,755,377547,74
8,50,4,756,378047,83
8,50,4,757,378547,43
8,50,4,758,379047,55
8,50,4,759,379547,69
8,50,4,760,380047,57
8,50,4,761,380547,71
8,50,4,762,381047,59
8,50,4,763,381547,47
8,50,4,764,382047,83
8,50,4,765,382547,47
8,50,4,766,383047,57
8,50,4,767,383547,59
8,50,4,768,384047,61
8,50,4,769,384547,51
8,50,4,770,385047,73
8,50,4,771,385547,91
8,50,4,772,386047,68
8,50,4,773,386547,71
8,50,4,774,387047,75
8,50,4,775,387547,86
8,50,4,776,388047,56
8,50,4,777,388547,71
8,50,4,778,389047,75
8,50,4,779,389547,63
8,50,4,780,390047,69
8,50,4,781,390547,71
8,50,4,782,391047,83
8,50,4,783,391547,55
8,50,4,784,392047,83
8,50,4,785,392547,79
8,50,4,786,393047,45
8,50,4,787,393547,85
8,50,4,788,394047,53
8,50,4,789,394547,83
8,50,4,790,395047,58
8,50,4,791,395547,79
8,50,4,792,396047,70
8,50,4,793,396547,56
8,50,4,794,397047,91
8,50,4,795,397547,55
8,50,4,796,398047,79
8,50,4,797,398547,73
8,50,4,798,399047,73
8,50,4,799,399547,85
8,50,4,800,400047,69
8,50,4,801,400547,63
8,50,4,802,401047,87
8,50,4,803,401547,55
8,50,4,804,402047,53
8,50,4,805,402547,69
8,50,4,806,403047,73
8,50,4,807,403547,79
8,50,4,808,404047,39
8,50,4,809,404547,53
8,50,4,810,405047,55
8,50,4,811,405547,64
8,50,4,812,406047,54
8,50,4,813,406547,53
8,50,4,814,407047,63
8,50,4,815,407547,73
8,50,4,816,408047,45
8,50,4,817,408547,73
8,50,4,818,409047,51
8,50,4,819,409547,57
8,50,4,820,410047,67
8,50,4,821,410547,55
8,50,4,822,411047,45
8,50,4,823,411547,71
8,50,4,824,412047,61
8,50,4,825,412547,38
8,50,4,826,413047,52
8,50,4,827,413547,39
8,50,4,828,414047,53
8,50,4,829,414547,57
8,50,4,830,415047,51
8,50,4,831,415547,45
8,50,4,832,416047,73
8,50,4,833,416547,77
8,50,4,834,417047,59
8,50,4,835,417547,51
8,50,4,836,418047,83
8,50,4,837,418547,61
8,50,4,838,419047,44
8,50,4,839,419547,82
8,50,4,840,420047,72
8,50,4,841,420547,91
8,50,4,842,421047,63
8,50,4,843,421547,48
8,50,4,844,422047,83
8,50,4,845,422547,75
8,50,4,846,423047,77
8,50,4,847,423547,75
8,50,4,848,424047,149
8,50,4,849,424547,57
8,50,4,850,425047,101
8,50,4,851,425547,94
8,50,4,852,426047,87
8,50,4,853,426547,76
8,50,4,854,427047,99
8,50,4,855,427547,102
8,50,4,856,428047,101
8,50,4,857,428547,93
8,50,4,858,429047,99
8,50,4,859,429547,75
8,50,4,860,430047,119
8,50,4,861,430547,104
8,50,4,862,431047,63
8,50,4,863,431547,99
8,50,4,864,432047,95
8,50,4,865,432547,89
8,50,4,866,433047,84
8,50,4,867,433547,83
8,50,4,868,434047,95
8,50,4,869,434547,77
8,50,4,870,435047,87
8,50,4,871,435547,71
8,50,4,872,436047,108
8,50,4,873,436547,61
8,50,4,874,437047,79
8,50,4,875,437547,95
8,50,4,876,438047,88
8,50,4,877,438547,69
8,50,4,878,439047,89
8,50,4,879,439547,83
8,50,4,880,440047,73
8,50,4,881,440547,85
8,50,4,882,441047,67
8,50,4,883,441547,99
8,50,4,884,442047,79
8,50,4,885,442547,61
8,50,4,886,443047,101
8,50,4,887,443547,102
8,50,4,888,444047,82
8,50,4,889,444547,77
8,50,4,890,445047,71
8,50,4,891,445547,87
8,50,4,892,446047,77
8,50,4,893,446547,73
8,50,4,894,447047,89
8,50,4,895,447547,52
8,50,4,896,448047,75
8,50,4,897,448547,70
8,50,4,898,449047,77
8,50,4,899,449547,71
8,50,4,900,450047,55
8,50,4,901,450547,63
8,50,4,902,451047,46
8,50,4,903,451547,103
8,50,4,904,452047,58
8,50,4,905,452547,47
8,50,4,906,453047,57
8,50,4,907,453547,73
8,50,4,908,454047,59
8,50,4,909,454547,58
8,50,4,910,455047,69
8,50,4,911,455547,53
8,50,4,912,456047,61
8,50,4,913,456547,39
8,50,4,914,457047,51
8,50,4,915,457547,89
8,50,4,916,458047,45
8,50,4,917,458547,71
8,50,4,918,459047,71
8,50,4,919,459547,70
8,50,4,920,460047,59
8,50,4,921,460547,55
8,50,4,922,461047,62
8,50,4,923,461547,77
8,50,4,924,462047,73
8,50,4,925,462547,61
8,50,4,926,463047,87
8,50,4,927,463547,58
8,50,4,928,464047,63
8,50,4,929,464547,78
8,50,4,930,465047,59
8,50,4,931,465547,78
8,50,4,932,466047,59
8,50,4,933,466547,63
8,50,4,934,467047,87
8,50,4,935,467547,71
8,50,4,936,468047,63
8,50,4,937,468547,67
8,50,4,938,469047,84
8,50,4,939,469547,71
8,50,4,940,470047,73
8,50,4,941,470547,72
8,50,4,942,471047,85
8,50,4,943,471547,77
8,50,4,944,472047,76
8,50,4,945,472547,52
8,50,4,946,473047,71
8,50,4,947,473547,71
8,50,4,948,474047,86
8,50,4,949,474547,43
8,50,4,950,475047,51
8,50,4,951,475547,69
8,50,4,952,476047,91
8,50,4,953,476547,48
8,50,4,954,477047,101
8,50,4,955,477547,63
8,50,4,956,478047,105
8,50,4,957,478547,48
8,50,4,958,479047,87
8,50,4,959,479547,77
8,50,4,960,480047,63
8,50,4,961,480547,73
8,50,4,962,481047,79
8,50,4,963,481547,61
8,50,4,964,482047,79
8,50,4,965,482547,93
8,50,4,966,483047,55
8,50,4,967,483547,83
8,50,4,968,484047,79
8,50,4,969,484547,51
8,50,4,970,485047,101
8,50,4,971,485547,56
8,50,4,972,486047,56
8,50,4,973,486547,95
8,50,4,974,487047,63
8,50,4,975,487547,79
8,50,4,976,488047,57
8,50,4,977,488547,101
8,50,4,978,489047,57
8,50,4,979,489547,75
8,50,4,980,490047,60
8,50,4,981,490547,81
8,50,4,982,491047,75
8,50,4,983,491547,57
8,50,4,984,492047,56
8,50,4,985,492547,45
8,50,4,986,493047,95
8,50,4,987,493547,38
8,50,4,988,494047,47
8,50,4,989,494547,71
8,50,4,990,495047,54
8,50,4,991,495547,54
8,50,4,992,496047,118
8,50,4,993,496547,41
8,50,4,994,497047,61
8,50,4,995,497547,59
8,50,4,996,498047,63
8,50,4,997,498547,52
8,50,4,998,499047,42
8,50,4,999,499547,45
8,50,4,1000,500047,59
8,50,4,1001,500547,67
8,50,4,1002,501047,19
8,50,4,1003,501547,77
8,50,4,1004,502047,28
8,50,4,1005,502547,57
8,50,4,1006,503047,31
8,50,4,1007,503547,75
8,50,4,1008,504047,28
8,50,4,1009,504547,71
8,50,4,1010,505047,39
8,50,4,1011,505547,47
8,50,4,1012,506047,60
8,50,4,1013,506547,38
8,50,4,1014,507047,42
8,50,4,1015,507547,70
8,50,4,1016,508047,63
8,50,4,1017,508547,59
8,50,4,1018,509047,61
8,50,4,1019,509547,101
8,50,4,1020,510047,59
8,50,4,1021,510547,43
8,50,4,1022,511047,78
8,50,4,1023,511547,77
8,50,4,1024,512047,53
8,50,4,1025,512547,74
8,50,4,1026,513047,89
8,50,4,1027,513547,72
8,50,4,1028,514047,51
8,50,4,1029,514547,87
8,50,4,1030,515047,86
8,50,4,1031,515547,79
8,50,4,1032,516047,94
8,50,4,1033,516547,81
8,50,4,1034,517047,83
8,50,4,1035,517547,72
8,50,4,1036,518047,83
8,50,4,1037,518547,77
8,50,4,1038,519047,73
8,50,4,1039,519547,75
8,50,4,1040,520047,87
8,50,4,1041,520547,68
8,50,4,1042,521047,87
8,50,4,1043,521547,83
8,50,4,1044,522047,43
8,50,4,1045,522547,85
8,50,4,1046,523047,63
8,50,4,1047,523547,71
8,50,4,1048,524047,40
8,50,4,1049,524547,75
8,50,4,1050,525047,51
8,50,4,1051,525547,72
8,50,4,1052,526047,71
8,50,4,1053,526547,87
8,50,4,1054,527047,37
8,50,4,1055,527547,57
8,50,4,1056,528047,62
8,50,4,1057,528547,45
8,50,4,1058,529047,61
8,50,4,1059,529547,63
8,50,4,1060,530047,71
8,50,4,1061,530547,62
8,50,4,1062,531047,73
8,50,4,1063,531547,61
8,50,4,1064,532047,90
8,50,4,1065,532547,51
8,50,4,1066,533047,79
8,50,4,1067,533547,89
8,50,4,1068,534047,64
8,50,4,1069,534547,73
8,50,4,1070,535047,111
8,50,4,1071,535547,42
8,50,4,1072,536047,75
8,50,4,1073,536547,71
8,50,4,1074,537047,63
8,50,4,1075,537547,85
8,50,4,1076,538047,67
8,50,4,1077,538547,57
8,50,4,1078,539047,67
8,50,4,1079,539547,58
8,50,4,1080,540047,69
8,50,4,1081,540547,77
8,50,4,1082,541047,51
8,50,4,1083,541547,59
8,50,4,1084,542047,53
8,50,4,1085,542547,74
8,50,4,1086,543047,71
8,50,4,1087,543547,78
8,50,4,1088,544047,41
8,50,4,1089,544547,72
8,50,4,1090,545047,77
8,50,4,1091,545547,55
8,50,4,1092,546047,72
8,50,4,1093,546547,52
8,50,4,1094,547047,63
8,50,4,1095,547547,93
8,50,4,1096,548047,54
8,50,4,1097,548547,77
8,50,4,1098,549047,73
8,50,4,1099,549547,85
8,50,4,1100,550047,85
8,50,4,1101,550547,71
8,50,4,1102,551047,67
8,50,4,1103,551547,62
8,50,4,1104,552047,95
8,50,4,1105,552547,51
8,50,4,1106,553047,63
8,50,4,1107,553547,77
8,50,4,1108,554047,57
8,50,4,1109,554547,74
8,50,4,1110,555047,59
8,50,4,1111,555547,57
8,50,4,1112,556047,73
8,50,4,1113,556547,56
8,50,4,1114,557047,57
8,50,4,1115,557547,85
8,50,4,1116,558047,59
8,50,4,1117,558547,59
8,50,4,1118,559047,56
8,50,4,1119,559547,71
8,50,4,1120,560047,62
8,50,4,1121,560547,57
8,50,4,1122,561047,76
8,50,4,1123,561547,59
8,50,4,1124,562047,77
8,50,4,1125,562547,91
8,50,4,1126,563047,51
8,50,4,1127,563547,86
8,50,4,1128,564047,63
8,50,4,1129,564547,72
8,50,4,1130,565047,63
8,50,4,1131,565547,78
8,50,4,1132,566047,59
8,50,4,1133,566547,101
8,50,4,1134,567047,63
8,50,4,1135,567547,63
8,50,4,1136,568047,55
8,50,4,1137,568547,75
8,50,4,1138,569047,69
8,50,4,1139,569547,72
8,50,4,1140,570047,81
8,50,4,1141,570547,62
8,50,4,1142,571047,101
8,50,4,1143,571547,55
8,50,4,1144,572047,109
8,50,4,1145,572547,37
8,50,4,1146,573047,63
8,50,4,1147,573547,79
8,50,4,1148,574047,89
8,50,4,1149,574547,46
8,50,4,1150,575047,119
8,50,4,1151,575547,47
8,50,4,1152,576047,73
8,50,4,1153,576547,57
8,50,4,1154,577047,51
8,50,4,1155,577547,61
8,50,4,1156,578047,47
8,50,4,1157,578547,51
8,50,4,1158,579047,85
8,50,4,1159,579547,63
8,50,4,1160,580047,47
8,50,4,1161,580547,60
8,50,4,1162,581047,56
8,50,4,1163,581547,71
8,50,4,1164,582047,39
8,50,4,1165,582547,95
8,50,4,1166,583047,59
8,50,4,1167,583547,71
8,50,4,1168,584047,40
8,50,4,1169,584547,91
8,50,4,1170,585047,108
8,50,4,1171,585547,44
8,50,4,1172,586047,61
8,50,4,1173,586547,79
8,50,4,1174,587047,55
8,50,4,1175,587547,73
8,50,4,1176,588047,57
8,50,4,1177,588547,55
8,50,4,1178,589047,53
8,50,4,1179,589547,99
8,50,4,1180,590047,44
8,50,4,1181,590547,91
8,50,4,1182,591047,59
8,50,4,1183,591547,55
8,50,4,1184,592047,84
8,50,4,1185,592547,73
8,50,4,1186,593047,71
8,50,4,1187,593547,77
8,50,4,1188,594047,64
8,50,4,1189,594547,83
8,50,4,1190,595047,54
8,50,4,1191,595547,105
8,50,4,1192,596047,30
8,50,4,1193,596547,47
8,50,4,1194,597047,59
8,50,4,1195,597547,85
8,50,4,1196,598047,51
8,50,4,1197,598547,75
8,50,4,1198,599047,72
8,50,4,1199,599547,63
8,50,4,1200,600047,50
8,50,4,1201,600547,73
8,50,4,1202,601047,62
8,50,4,1203,601547,77
8,50,4,1204,602047,63
8,50,4,1205,602547,56
8,50,4,1206,603047,52
8,50,4,1207,603547,105
8,50,4,1208,604047,59
8,50,4,1209,604547,87
8,50,4,1210,605047,83
8,50,4,1211,605547,75
8,50,4,1212,606047,84
8,50,4,1213,606547,68
8,50,4,1214,607047,84
8,50,4,1215,607547,53
8,50,4,1216,608047,83
8,50,4,1217,608547,103
8,50,4,1218,609047,75
8,50,4,1219,609547,53
8,50,4,1220,610047,89
8,50,4,1221,610547,53
8,50,4,1222,611047,87
8,50,4,1223,611547,26
8,50,4,1224,612047,55
8,50,4,1225,612547,76
8,50,4,1226,613047,77
8,50,4,1227,613547,52
8,50,4,1228,614047,56
8,50,4,1229,614547,60
8,50,4,1230,615047,77
8,50,4,1231,615547,62
8,50,4,1232,616047,38
8,50,4,1233,616547,81
8,50,4,1234,617047,75
8,50,4,1235,617547,52
8,50,4,1236,618047,63
8,50,4,1237,618547,75
8,50,4,1238,619047,55
8,50,4,1239,619547,61
8,50,4,1240,620047,103
8,50,4,1241,620547,55
8,50,4,1242,621047,59
8,50,4,1243,621547,73
8,50,4,1244,622047,83
8,50,4,1245,622547,41
8,50,4,1246,623047,91
8,50,4,1247,623547,71
8,50,4,1248,624047,73
8,50,4,1249,624547,73
8,50,4,1250,625047,63
8,50,4,1251,625547,68
8,50,4,1252,626047,103
8,50,4,1253,626547,60
8,50,4,1254,627047,69
8,50,4,1255,627547,77
8,50,4,1256,628047,55
8,50,4,1257,628547,39
8,50,4,1258,629047,77
8,50,4,1259,629547,82
8,50,4,1260,630047,77
8,50,4,1261,630547,67
8,50,4,1262,631047,59
8,50,4,1263,631547,69
8,50,4,1264,632047,77
8,50,4,1265,632547,73
8,50,4,1266,633047,62
8,50,4,1267,633547,74
8,50,4,1268,634047,70
8,50,4,1269,634547,60
8,50,4,1270,635047,58
8,50,4,1271,635547,55
8,50,4,1272,636047,63
8,50,4,1273,636547,81
8,50,4,1274,637047,25
8,50,4,1275,637547,95
8,50,4,1276,638047,78
8,50,4,1277,638547,74
8,50,4,1278,639047,72
8,50,4,1279,639547,92
8,50,4,1280,640047,69
8,50,4,1281,640547,92
8,50,4,1282,641047,101
8,50,4,1283,641547,73
8,50,4,1284,642047,85
8,50,4,1285,642547,89
8,50,4,1286,643047,105
8,50,4,1287,643547,61
8,50,4,1288,644047,59
8,50,4,1289,644547,99
8,50,4,1290,645047,125
8,50,4,1291,645547,41
8,50,4,1292,646047,89
8,50,4,1293,646547,78
8,50,4,1294,647047,77
8,50,4,1295,647547,67
8,50,4,1296,648047,88
8,50,4,1297,648547,75
8,50,4,1298,649047,69
8,50,4,1299,649547,75
8,50,4,1300,650047,55
8,50,4,1301,650547,43
8,50,4,1302,651047,77
8,50,4,1303,651547,69
8,50,4,1304,652047,41
8,50,4,1305,652547,63
8,50,4,1306,653047,83
8,50,4,1307,653547,62
8,50,4,1308,654047,54
8,50,4,1309,654547,79
8,50,4,1310,655047,51
8,50,4,1311,655547,60
8,50,4,1312,656047,57
8,50,4,1313,656547,59
8,50,4,1314,657047,75
8,50,4,1315,657547,61
8,50,4,1316,658047,83
8,50,4,1317,658547,55
8,50,4,1318,659047,91
8,50,4,1319,659547,59
8,50,4,1320,660047,76
8,50,4,1321,660547,69
8,50,4,1322,661047,73
8,50,4,1323,661547,61
8,50,4,1324,662047,135
8,50,4,1325,662547,52
8,50,4,1326,663047,101
8,50,4,1327,663547,57
8,50,4,1328,664047,76
8,50,4,1329,664547,63
8,50,4,1330,665047,77
8,50,4,1331,665547,63
8,50,4,1332,666047,79
8,50,4,1333,666547,84
8,50,4,1334,667047,71
8,50,4,1335,667547,77
8,50,4,1336,668047,85
8,50,4,1337,668547,59
8,50,4,1338,669047,74
8,50,4,1339,669547,59
8,50,4,1340,670047,70
8,50,4,1341,670547,79
8,50,4,1342,671047,69
8,50,4,1343,671547,92
8,50,4,1344,672047,57
8,50,4,1345,672547,78
8,50,4,1346,673047,87
8,50,4,1347,673547,77
8,50,4,1348,674047,52
8,50,4,1349,674547,120
8,50,4,1350,675047,51
8,50,4,1351,675547,109
8,50,4,1352,676047,53
8,50,4,1353,676547,69
8,50,4,1354,677047,63
8,50,4,1355,677547,95
8,50,4,1356,678047,72
8,50,4,1357,678547,46
8,50,4,1358,679047,61
8,50,4,1359,679547,87
8,50,4,1360,680047,73
8,50,4,1361,680547,55
8,50,4,1362,681047,61
8,50,4,1363,681547,104
8,50,4,1364,682047,55
8,50,4,1365,682547,71
8,50,4,1366,683047,59
8,50,4,1367,683547,88
8,50,4,1368,684047,58
8,50,4,1369,684547,71
8,50,4,1370,685047,55
8,50,4,1371,685547,53
8,50,4,1372,686047,72
8,50,4,1373,686547,37
8,50,4,1374,687047,39
8,50,4,1375,687547,72
8,50,4,1376,688047,39
8,50,4,1377,688547,54
8,50,4,1378,689047,36
8,50,4,1379,689547,52
8,50,4,1380,690047,59
8,50,4,1381,690547,58
8,50,4,1382,691047,52
8,50,4,1383,691547,61
8,50,4,1384,692047,61
8,50,4,1385,692547,67
8,50,4,1386,693047,78
8,50,4,1387,693547,31
8,50,4,1388,694047,53
8,50,4,1389,694547,59
8,50,4,1390,695047,69
8,50,4,1391,695547,61
8,50,4,1392,696047,62
8,50,4,1393,696547,59
8,50,4,1394,697047,85
8,50,4,1395,697547,54
8,50,4,1396,698047,52
8,50,4,1397,698547,104
8,50,4,1398,699047,79
8,50,4,1399,699547,76
8,50,4,1400,700047,82
8,50,4,1401,700547,83
8,50,4,1402,701047,63
8,50,4,1403,701547,76
8,50,4,1404,702047,59
8,50,4,1405,702547,78
8,50,4,1406,703047,63
8,50,4,1407,703547,85
8,50,4,1408,704047,69
8,50,4,1409,704547,57
8,50,4,1410,705047,61
8,50,4,1411,705547,79
8,50,4,1412,706047,69
8,50,4,1413,706547,62
8,50,4,1414,707047,63
8,50,4,1415,707547,69
8,50,4,1416,708047,73
8,50,4,1417,708547,61
8,50,4,1418,709047,63
8,50,4,1419,709547,53
8,50,4,1420,710047,51
8,50,4,1421,710547,63
8,50,4,1422,711047,43
8,50,4,1423,711547,53
8,50,4,1424,712047,73
8,50,4,1425,712547,57
8,50,4,1426,713047,47
8,50,4,1427,713547,43
8,50,4,1428,714047,103
8,50,4,1429,714547,35
8,50,4,1430,715047,52
8,50,4,1431,715547,76
8,50,4,1432,716047,73
8,50,4,1433,716547,47
8,50,4,1434,717047,61
8,50,4,1435,717547,61
8,50,4,1436,718047,45
8,50,4,1437,718547,59
8,50,4,1438,719047,62
8,50,4,1439,719547,56
8,50,4,1440,720047,83
8,50,4,1441,720547,57
8,50,4,1442,721047,61
8,50,4,1443,721547,60
8,50,4,1444,722047,45
8,50,4,1445,722547,57
8,50,4,1446,723047,82
8,50,4,1447,723547,99
8,50,4,1448,724047,54
8,50,4,1449,724547,67
8,50,4,1450,725047,87
8,50,4,1451,725547,77
8,50,4,1452,726047,51
8,50,4,1453,726547,133
8,50,4,1454,727047,59
8,50,4,1455,727547,69
8,50,4,1456,728047,87
8,50,4,1457,728547,99
8,50,4,1458,729047,109
8,50,4,1459,729547,79
8,50,4,1460,730047,84
8,50,4,1461,730547,87
8,50,4,1462,731047,103
8,50,4,1463,731547,93
8,50,4,1464,732047,60
8,50,4,1465,732547,101
8,50,4,1466,733047,59
8,50,4,1467,733547,100
8,50,4,1468,734047,71
8,50,4,1469,734547,97
8,50,4,1470,735047,83
8,50,4,1471,735547,73
8,50,4,1472,736047,89
8,50,4,1473,736547,75
8,50,4,1474,737047,83
8,50,4,1475,737547,69
8,50,4,1476,738047,79
8,50,4,1477,738547,86
8,50,4,1478,739047,93
8,50,4,1479,739547,72
8,50,4,1480,740047,87
8,50,4,1481,740547,71
8,50,4,1482,741047,89
8,50,4,1483,741547,67
8,50,4,1484,742047,63
8,50,4,1485,742547,85
8,50,4,1486,743047,63
8,50,4,1487,743547,111
8,50,4,1488,744047,43
8,50,4,1489,744547,73
8,50,4,1490,745047,73
8,50,4,1491,745547,75
8,50,4,1492,746047,38
8,50,4,1493,746547,59
8,50,4,1494,747047,83
8,50,4,1495,747547,51
8,50,4,1496,748047,71
8,50,4,1497,748547,48
8,50,4,1498,749047,75
8,50,4,1499,749547,45
8,50,4,1500,750047,72
8,50,4,1501,750547,59
8,50,4,1502,751047,59
8,50,4,1503,751547,37
8,50,4,1504,752047,57
8,50,4,1505,752547,57
8,50,4,1506,753047,47
8,50,4,1507,753547,40
8,50,4,1508,754047,108
8,50,4,1509,754547,31
8,50,4,1510,755047,37
8,50,4,1511,755547,78
8,50,4,1512,756047,62
8,50,4,1513,756547,79
8,50,4,1514,757047,60
8,50,4,1515,757547,59
8,50,4,1516,758047,59
8,50,4,1517,758547,61
8,50,4,1518,759047,111
8,50,4,1519,759547,37
8,50,4,1520,760047,70
8,50,4,1521,760547,63
8,50,4,1522,761047,55
8,50,4,1523,761547,68
8,50,4,1524,762047,56
8,50,4,1525,762547,75
8,50,4,1526,763047,48
8,50,4,1527,763547,82
8,50,4,1528,764047,57
8,50,4,1529,764547,77
8,50,4,1530,765047,69
8,50,4,1531,765547,71
8,50,4,1532,766047,88
8,50,4,1533,766547,72
8,50,4,1534,767047,59
8,50,4,1535,767547,61
8,50,4,1536,768047,71
8,50,4,1537,768547,57
8,50,4,1538,769047,71
8,50,4,1539,769547,55
8,50,4,1540,770047,56
8,50,4,1541,770547,79
8,50,4,1542,771047,62
8,50,4,1543,771547,73
8,50,4,1544,772047,67
8,50,4,1545,772547,75
8,50,4,1546,773047,73
8,50,4,1547,773547,69
8,50,4,1548,774047,73
8,50,4,1549,774547,77
8,50,4,1550,775047,78
8,50,4,1551,775547,48
8,50,4,1552,776047,57
8,50,4,1553,776547,71
8,50,4,1554,777047,61
8,50,4,1555,777547,99
8,50,4,1556,778047,86
8,50,4,1557,778547,76
8,50,4,1558,779047,43
8,50,4,1559,779547,63
8,50,4,1560,780047,86
8,50,4,1561,780547,58
8,50,4,1562,781047,68
8,50,4,1563,781547,73
8,50,4,1564,782047,77
8,50,4,1565,782547,41
8,50,4,1566,783047,44
8,50,4,1567,783547,101
8,50,4,1568,784047,31
8,50,4,1569,784547,55
8,50,4,1570,785047,45
8,50,4,1571,785547,79
8,50,4,1572,786047,28
8,50,4,1573,786547,85
8,50,4,1574,787047,55
8,50,4,1575,787547,55
8,50,4,1576,788047,57
8,50,4,1577,788547,83
8,50,4,1578,789047,55
8,50,4,1579,789547,61
8,50,4,1580,790047,69
8,50,4,1581,790547,57
8,50,4,1582,791047,88
8,50,4,1583,791547,53
8,50,4,1584,792047,63
8,50,4,1585,792547,75
8,50,4,1586,793047,74
8,50,4,1587,793547,55
8,50,4,1588,794047,73
8,50,4,1589,794547,94
8,50,4,1590,795047,75
8,50,4,1591,795547,74
8,50,4,1592,796047,74
8,50,4,1593,796547,111
8,50,4,1594,797047,95
8,50,4,1595,797547,62
8,50,4,1596,798047,110
8,50,4,1597,798547,85
8,50,4,1598,799047,42
8,50,4,1599,799547,109
8,50,4,1600,800047,73
8,50,4,1601,800547,85
8,50,4,1602,801047,75
8,50,4,1603,801547,74
8,50,4,1604,802047,87
8,50,4,1605,802547,46
8,50,4,1606,803047,71
8,50,4,1607,803547,79
8,50,4,1608,804047,71
8,50,4,1609,804547,50
8,50,4,1610,805047,75
8,50,4,1611,805547,45
8,50,4,1612,806047,72
8,50,4,1613,806547,81
8,50,4,1614,807047,74
8,50,4,1615,807547,63
8,50,4,1616,808047,108
8,50,4,1617,808547,71
8,50,4,1618,809047,57
8,50,4,1619,809547,79
8,50,4,1620,810047,79
8,50,4,1621,810547,71
8,50,4,1622,811047,84
8,50,4,1623,811547,85
8,50,4,1624,812047,64
8,50,4,1625,812547,103
8,50,4,1626,813047,58
8,50,4,1627,813547,82
8,50,4,1628,814047,90
8,50,4,1629,814547,63
8,50,4,1630,815047,57
8,50,4,1631,815547,91
8,50,4,1632,816047,45
8,50,4,1633,816547,90
8,50,4,1634,817047,74
8,50,4,1635,817547,55
8,50,4,1636,818047,95
8,50,4,1637,818547,28
8,50,4,1638,819047,86
8,50,4,1639,819547,28
8,50,4,1640,820047,70
8,50,4,1641,820547,72
8,50,4,1642,821047,79
8,50,4,1643,821547,62
8,50,4,1644,822047,55
8,50,4,1645,822547,76
8,50,4,1646,823047,70
8,50,4,1647,823547,52
8,50,4,1648,824047,53
8,50,4,1649,824547,87
8,50,4,1650,825047,46
8,50,4,1651,825547,61
8,50,4,1652,826047,57
8,50,4,1653,826547,86
8,50,4,1654,827047,69
8,50,4,1655,827547,51
8,50,4,1656,828047,75
8,50,4,1657,828547,57
8,50,4,1658,829047,63
8,50,4,1659,829547,61
8,50,4,1660,830047,74
8,50,4,1661,830547,51
8,50,4,1662,831047,71
8,50,4,1663,831547,61
8,50,4,1664,832047,63
8,50,4,1665,832547,61
8,50,4,1666,833047,74
8,50,4,1667,833547,68
8,50,4,1668,834047,55
8,50,4,1669,834547,60
8,50,4,1670,835047,91
8,50,4,1671,835547,58
8,50,4,1672,836047,61
8,50,4,1673,836547,73
8,50,4,1674,837047,83
8,50,4,1675,837547,83
8,50,4,1676,838047,73
8,50,4,1677,838547,71
8,50,4,1678,839047,91
8,50,4,1679,839547,84
8,50,4,1680,840047,55
8,50,4,1681,840547,72
8,50,4,1682,841047,71
8,50,4,1683,841547,103
8,50,4,1684,842047,51
8,50,4,1685,842547,86
8,50,4,1686,843047,89
8,50,4,1687,843547,59
8,50,4,1688,844047,89
8,50,4,1689,844547,87
8,50,4,1690,845047,60
8,50,4,1691,845547,77
8,50,4,1692,846047,89
8,50,4,1693,846547,85
8,50,4,1694,847047,56
8,50,4,1695,847547,86
8,50,4,1696,848047,75
8,50,4,1697,848547,71
8,50,4,1698,849047,108
8,50,4,1699,849547,62
8,50,4,1700,850047,71
8,50,4,1701,850547,73
8,50,4,1702,851047,84
8,50,4,1703,851547,61
8,50,4,1704,852047,84
8,50,4,1705,852547,47
8,50,4,1706,853047,101
8,50,4,1707,853547,68
8,50,4,1708,854047,83
8,50,4,1709,854547,47
8,50,4,1710,855047,85
8,50,4,1711,855547,63
8,50,4,1712,856047,71
8,50,4,1713,856547,73
8,50,4,1714,857047,68
8,50,4,1715,857547,61
8,50,4,1716,858047,57
8,50,4,1717,858547,82
8,50,4,1718,859047,61
8,50,4,1719,859547,52
8,50,4,1720,860047,77
8,50,4,1721,860547,67
8,50,4,1722,861047,58
8,50,4,1723,861547,54
8,50,4,1724,862047,56
8,50,4,1725,862547,61
8,50,4,1726,863047,57
8,50,4,1727,863547,60
8,50,4,1728,864047,69
8,50,4,1729,864547,69
8,50,4,1730,865047,52
8,50,4,1731,865547,58
8,50,4,1732,866047,76
8,50,4,1733,866547,51
8,50,4,1734,867047,55
8,50,4,1735,867547,53
8,50,4,1736,868047,69
8,50,4,1737,868547,72
8,50,4,1738,869047,70
8,50,4,1739,869547,47
8,50,4,1740,870047,53
8,50,4,1741,870547,79
8,50,4,1742,871047,43
8,50,4,1743,871547,67
8,50,4,1744,872047,57
8,50,4,1745,872547,73
8,50,4,1746,873047,72
8,50,4,1747,873547,67
8,50,4,1748,874047,37
8,50,4,1749,874547,72
8,50,4,1750,875047,70
8,50,4,1751,875547,69
8,50,4,1752,876047,41
8,50,4,1753,876547,77
8,50,4,1754,877047,46
8,50,4,1755,877547,73
8,50,4,1756,878047,70
8,50,4,1757,878547,51
8,50,4,1758,879047,61
8,50,4,1759,879547,45
8,50,4,1760,880047,87
8,50,4,1761,880547,29
8,50,4,1762,881047,67
8,50,4,1763,881547,39
8,50,4,1764,882047,57
8,50,4,1765,882547,69
8,50,4,1766,883047,59
8,50,4,1767,883547,73
8,50,4,1768,884047,69
8,50,4,1769,884547,78
8,50,4,1770,885047,71
8,50,4,1771,885547,59
8,50,4,1772,886047,69
8,50,4,1773,886547,72
8,50,4,1774,887047,62
8,50,4,1775,887547,76
8,50,4,1776,888047,60
8,50,4,1777,888547,59
8,50,4,1778,889047,77
8,50,4,1779,889547,53
8,50,4,1780,890047,57
8,50,4,1781,890547,75
8,50,4,1782,891047,53
8,50,4,1783,891547,59
8,50,4,1784,892047,61
8,50,4,1785,892547,77
8,50,4,1786,893047,58
8,50,4,1787,893547,61
8,50,4,1788,894047,63
8,50,4,1789,894547,72
8,50,4,1790,895047,61
8,50,4,1791,895547,75
8,50,4,1792,896047,89
8,50,4,1793,896547,54
8,50,4,1794,897047,59
8,50,4,1795,897547,56
8,50,4,1796,898047,86
8,50,4,1797,898547,54
8,50,4,1798,899047,63
8,50,4,1799,899547,48
8,50,4,1800,900047,87
8,50,4,1801,900547,107
8,50,4,1802,901047,39
8,50,4,1803,901547,84
8,50,4,1804,902047,62
8,50,4,1805,902547,61
8,50,4,1806,903047,78
8,50,4,1807,903547,87
8,50,4,1808,904047,39
8,50,4,1809,904547,69
8,50,4,1810,905047,78
8,50,4,1811,905547,71
8,50,4,1812,906047,85
8,50,4,1813,906547,73
8,50,4,1814,907047,55
8,50,4,1815,907547,99
8,50,4,1816,908047,63
8,50,4,1817,908547,31
8,50,4,1818,909047,88
8,50,4,1819,909547,63
8,50,4,1820,910047,63
8,50,4,1821,910547,69
8,50,4,1822,911047,93
8,50,4,1823,911547,52
8,50,4,1824,912047,69
8,50,4,1825,912547,72
8,50,4,1826,913047,89
8,50,4,1827,913547,74
8,50,4,1828,914047,73
8,50,4,1829,914547,57
8,50,4,1830,915047,87
8,50,4,1831,915547,75
8,50,4,1832,916047,55
8,50,4,1833,916547,87
8,50,4,1834,917047,76
8,50,4,1835,917547,93
8,50,4,1836,918047,46
8,50,4,1837,918547,99
8,50,4,1838,919047,86
8,50,4,1839,919547,61
8,50,4,1840,920047,88
8,50,4,1841,920547,67
8,50,4,1842,921047,93
8,50,4,1843,921547,41
8,50,4,1844,922047,47
8,50,4,1845,922547,60
8,50,4,1846,923047,45
8,50,4,1847,923547,69
8,50,4,1848,924047,71
8,50,4,1849,924547,57
8,50,4,1850,925047,53
8,50,4,1851,925547,57
8,50,4,1852,926047,51
8,50,4,1853,926547,76
8,50,4,1854,927047,52
8,50,4,1855,927547,51
8,50,4,1856,928047,69
8,50,4,1857,928547,59
8,50,4,1858,929047,69
8,50,4,1859,929547,88
8,50,4,1860,930047,44
8,50,4,1861,930547,70
8,50,4,1862,931047,95
8,50,4,1863,931547,43
8,50,4,1864,932047,72
8,50,4,1865,932547,71
8,50,4,1866,933047,62
8,50,4,1867,933547,76
8,50,4,1868,934047,85
8,50,4,1869,934547,52
8,50,4,1870,935047,86
8,50,4,1871,935547,77
8,50,4,1872,936047,71
8,50,4,1873,936547,75
8,50,4,1874,937047,87
8,50,4,1875,937547,55
8,50,4,1876,938047,83
8,50,4,1877,938547,91
8,50,4,1878,939047,78
8,50,4,1879,939547,71
8,50,4,1880,940047,93
8,50,4,1881,940547,71
8,50,4,1882,941047,82
8,50,4,1883,941547,82
8,50,4,1884,942047,85
8,50,4,1885,942547,83
8,50,4,1886,943047,88
8,50,4,1887,943547,81
8,50,4,1888,944047,83
8,50,4,1889,944547,73
8,50,4,1890,945047,87
8,50,4,1891,945547,84
8,50,4,1892,946047,83
8,50,4,1893,946547,72
8,50,4,1894,947047,63
8,50,4,1895,947547,84
8,50,4,1896,948047,85
8,50,4,1897,948547,71
8,50,4,1898,949047,70
8,50,4,1899,949547,92
8,50,4,1900,950047,77
8,50,4,1901,950547,71
8,50,4,1902,951047,54
8,50,4,1903,951547,99
8,50,4,1904,952047,87
8,50,4,1905,952547,53
8,50,4,1906,953047,55
8,50,4,1907,953547,94
8,50,4,1908,954047,60
8,50,4,1909,954547,99
8,50,4,1910,955047,69
8,50,4,1911,955547,76
8,50,4,1912,956047,50
8,50,4,1913,956547,87
8,50,4,1914,957047,61
8,50,4,1915,957547,85
8,50,4,1916,958047,101
8,50,4,1917,958547,93
8,50,4,1918,959047,35
8,50,4,1919,959547,73
8,50,4,1920,960047,76
8,50,4,1921,960547,73
8,50,4,1922,961047,59
8,50,4,1923,961547,99
8,50,4,1924,962047,69
8,50,4,1925,962547,74
8,50,4,1926,963047,72
8,50,4,1927,963547,68
8,50,4,1928,964047,85
8,50,4,1929,964547,93
8,50,4,1930,965047,36
8,50,4,1931,965547,82
8,50,4,1932,966047,87
8,50,4,1933,966547,53
8,50,4,1934,967047,71
8,50,4,1935,967547,85
8,50,4,1936,968047,52
8,50,4,1937,968547,68
8,50,4,1938,969047,70
8,50,4,1939,969547,69
8,50,4,1940,970047,56
8,50,4,1941,970547,83
8,50,4,1942,971047,71
8,50,4,1943,971547,76
8,50,4,1944,972047,57
8,50,4,1945,972547,77
8,50,4,1946,973047,89
8,50,4,1947,973547,63
8,50,4,1948,974047,100
8,50,4,1949,974547,35
8,50,4,1950,975047,67
8,50,4,1951,975547,81
8,50,4,1952,976047,73
8,50,4,1953,976547,75
8,50,4,1954,977047,79
8,50,4,1955,977547,105
8,50,4,1956,978047,63
8,50,4,1957,978547,55
8,50,4,1958,979047,59
8,50,4,1959,979547,104
8,50,4,1960,980047,33
8,50,4,1961,980547,70
8,50,4,1962,981047,71
8,50,4,1963,981547,77
8,50,4,1964,982047,69
8,50,4,1965,982547,76
8,50,4,1966,983047,82
8,50,4,1967,983547,69
8,50,4,1968,984047,55
8,50,4,1969,984547,100
8,50,4,1970,985047,79
8,50,4,1971,985547,59
8,50,4,1972,986047,53
8,50,4,1973,986547,71
8,50,4,1974,987047,47
8,50,4,1975,987547,101
8,50,4,1976,988047,39
8,50,4,1977,988547,79
8,50,4,1978,989047,77
8,50,4,1979,989547,71
8,50,4,1980,990047,85
8,50,4,1981,990547,73
8,50,4,1982,991047,56
8,50,4,1983,991547,59
8,50,4,1984,992047,57
8,50,4,1985,992547,69
8,50,4,1986,993047,99
8,50,4,1987,993547,29
8,50,4,1988,994047,59
8,50,4,1989,994547,69
8,50,4,1990,995047,78
8,50,4,1991,995547,47
8,50,4,1992,996047,85
8,50,4,1993,996547,50
8,50,4,1994,997047,88
8,50,4,1995,997547,69
8,50,4,1996,998047,60
8,50,4,1997,998547,53
8,50,4,1998,999047,107
8,50,4,1999,999547,30
