run_id,valve_percent,window_id,sample_index,time_us,adc_raw
39,70,0,0,72,89
39,70,0,1,552,63
39,70,0,2,1047,69
39,70,0,3,1552,91
39,70,0,4,2047,69
39,70,0,5,2551,57
39,70,0,6,3047,85
39,70,0,7,3551,73
39,70,0,8,4048,63
39,70,0,9,4551,59
39,70,0,10,5048,95
39,70,0,11,5551,71
39,70,0,12,6048,69
39,70,0,13,6552,85
39,70,0,14,7047,83
39,70,0,15,7552,75
39,70,0,16,8047,64
39,70,0,17,8552,85
39,70,0,18,9047,95
39,70,0,19,9552,69
39,70,0,20,10047,79
39,70,0,21,10552,85
39,70,0,22,11047,87
39,70,0,23,11552,78
39,70,0,24,12047,93
39,70,0,25,12552,85
39,70,0,26,13047,74
39,70,0,27,13552,87
39,70,0,28,14047,108
39,70,0,29,14552,75
39,70,0,30,15047,73
39,70,0,31,15552,87
39,70,0,32,16047,64
39,70,0,33,16552,73
39,70,0,34,17047,89
39,70,0,35,17552,60
39,70,0,36,18047,61
39,70,0,37,18552,93
39,70,0,38,19047,69
39,70,0,39,19552,41
39,70,0,40,20047,71
39,70,0,41,20552,83
39,70,0,42,21047,54
39,70,0,43,21552,42
39,70,0,44,22047,58
39,70,0,45,22552,55
39,70,0,46,23047,47
39,70,0,47,23552,59
39,70,0,48,24047,56
39,70,0,49,24552,39
39,70,0,50,25047,46
39,70,0,51,25552,55
39,70,0,52,26047,55
39,70,0,53,26552,55
39,70,0,54,27047,53
39,70,0,55,27552,69
39,70,0,56,28047,63
39,70,0,57,28552,69
39,70,0,58,29047,77
39,70,0,59,29552,68
39,70,0,60,30047,71
39,70,0,61,30552,85
39,70,0,62,31047,88
39,70,0,63,31552,63
39,70,0,64,32047,63
39,70,0,65,32552,83
39,70,0,66,33047,62
39,70,0,67,33552,72
39,70,0,68,34047,83
39,70,0,69,34552,55
39,70,0,70,35047,63
39,70,0,71,35552,64
39,70,0,72,36047,53
39,70,0,73,36552,71
39,70,0,74,37047,59
39,70,0,75,37552,51
39,70,0,76,38047,55
39,70,0,77,38552,69
39,70,0,78,39047,55
39,70,0,79,39552,63
39,70,0,80,40047,79
39,70,0,81,40552,71
39,70,0,82,41047,52
39,70,0,83,41552,78
39,70,0,84,42047,77
39,70,0,85,42552,62
39,70,0,86,43047,73
39,70,0,87,43552,76
39,70,0,88,44047,71
39,70,0,89,44552,59
39,70,0,90,45047,69
39,70,0,91,45552,61
39,70,0,92,46047,64
39,70,0,93,46552,69
39,70,0,94,47047,47
39,70,0,95,47552,55
39,70,0,96,48047,63
39,70,0,97,48552,57
39,70,0,98,49047,47
39,70,0,99,49552,53
39,70,0,100,50047,73
39,70,0,101,50552,51
39,70,0,102,51047,54
39,70,0,103,51552,62
39,70,0,104,52047,61
39,70,0,105,52552,55
39,70,0,106,53047,56
39,70,0,107,53552,55
39,70,0,108,54047,58
39,70,0,109,54552,67
39,70,0,110,55047,85
39,70,0,111,55552,59
39,70,0,112,56047,70
39,70,0,113,56552,69
39,70,0,114,57047,55
39,70,0,115,57552,77
39,70,0,116,58047,71
39,70,0,117,58552,56
39,70,0,118,59047,57
39,70,0,119,59552,75
39,70,0,120,60047,61
39,70,0,121,60552,46
39,70,0,122,61047,47
39,70,0,123,61552,69
39,70,0,124,62047,56
39,70,0,125,62552,43
39,70,0,126,63047,68
39,70,0,127,63552,53
39,70,0,128,64047,27
39,70,0,129,64551,63
39,70,0,130,65047,75
39,70,0,131,65551,21
39,70,0,132,66048,55
39,70,0,133,66552,59
39,70,0,134,67048,83
39,70,0,135,67552,53
39,70,0,136,68047,45
39,70,0,137,68552,69
39,70,0,138,69047,55
39,70,0,139,69552,60
39,70,0,140,70047,61
39,70,0,141,70552,58
39,70,0,142,71047,55
39,70,0,143,71552,61
39,70,0,144,72047,57
39,70,0,145,72552,74
39,70,0,146,73047,60
39,70,0,147,73552,60
39,70,0,148,74047,47
39,70,0,149,74552,60
39,70,0,150,75047,70
39,70,0,151,75552,61
39,70,0,152,76047,59
39,70,0,153,76552,63
39,70,0,154,77047,77
39,70,0,155,77552,69
39,70,0,156,78047,63
39,70,0,157,78552,67
39,70,0,158,79047,77
39,70,0,159,79552,78
39,70,0,160,80047,76
39,70,0,161,80552,63
39,70,0,162,81047,71
39,70,0,163,81552,95
39,70,0,164,82047,67
39,70,0,165,82552,67
39,70,0,166,83047,55
39,70,0,167,83552,85
39,70,0,168,84047,79
39,70,0,169,84552,68
39,70,0,170,85047,59
39,70,0,171,85552,71
39,70,0,172,86047,86
39,70,0,173,86552,68
39,70,0,174,87047,61
39,70,0,175,87552,68
39,70,0,176,88047,47
39,70,0,177,88552,64
39,70,0,178,89047,84
39,70,0,179,89551,69
39,70,0,180,90047,57
39,70,0,181,90551,61
39,70,0,182,91048,75
39,70,0,183,91552,74
39,70,0,184,92048,63
39,70,0,185,92551,57
39,70,0,186,93048,62
39,70,0,187,93552,85
39,70,0,188,94047,62
39,70,0,189,94552,69
39,70,0,190,95047,59
39,70,0,191,95552,79
39,70,0,192,96047,69
39,70,0,193,96552,61
39,70,0,194,97047,75
39,70,0,195,97552,73
39,70,0,196,98047,79
39,70,0,197,98552,87
39,70,0,198,99047,61
39,70,0,199,99552,85
39,70,0,200,100047,76
39,70,0,201,100552,75
39,70,0,202,101047,83
39,70,0,203,101552,79
39,70,0,204,102047,71
39,70,0,205,102552,79
39,70,0,206,103047,79
39,70,0,207,103552,73
39,70,0,208,104047,71
39,70,0,209,104552,59
39,70,0,210,105047,68
39,70,0,211,105552,71
39,70,0,212,106047,69
39,70,0,213,106552,60
39,70,0,214,107047,62
39,70,0,215,107552,69
39,70,0,216,108047,63
39,70,0,217,108552,73
39,70,0,218,109047,93
39,70,0,219,109552,57
39,70,0,220,110047,77
39,70,0,221,110552,83
39,70,0,222,111047,78
39,70,0,223,111552,57
39,70,0,224,112047,54
39,70,0,225,112552,89
39,70,0,226,113047,71
39,70,0,227,113552,71
39,70,0,228,114047,71
39,70,0,229,114552,78
39,70,0,230,115047,62
39,70,0,231,115552,76
39,70,0,232,116047,73
39,70,0,233,116552,79
39,70,0,234,117047,75
39,70,0,235,117552,59
39,70,0,236,118047,58
39,70,0,237,118552,73
39,70,0,238,119047,75
39,70,0,239,119552,59
39,70,0,240,120047,57
39,70,0,241,120552,69
39,70,0,242,121047,73
39,70,0,243,121552,63
39,70,0,244,122047,71
39,70,0,245,122552,79
39,70,0,246,123047,75
39,70,0,247,123552,68
39,70,0,248,124047,59
39,70,0,249,124552,83
39,70,0,250,125047,63
39,70,0,251,125552,53
39,70,0,252,126047,69
39,70,0,253,126552,72
39,70,0,254,127047,67
39,70,0,255,127552,75
39,70,0,256,128047,75
39,70,0,257,128552,67
39,70,0,258,129047,85
39,70,0,259,129552,70
39,70,0,260,130047,61
39,70,0,261,130552,77
39,70,0,262,131047,77
39,70,0,263,131552,47
39,70,0,264,132047,58
39,70,0,265,132552,73
39,70,0,266,133047,69
39,70,0,267,133552,53
39,70,0,268,134047,46
39,70,0,269,134552,69
39,70,0,270,135047,69
39,70,0,271,135552,57
39,70,0,272,136047,47
39,70,0,273,136552,69
39,70,0,274,137047,57
39,70,0,275,137552,44
39,70,0,276,138047,63
39,70,0,277,138552,74
39,70,0,278,139047,59
39,70,0,279,139552,69
39,70,0,280,140047,53
39,70,0,281,140552,52
39,70,0,282,141047,84
39,70,0,283,141552,63
39,70,0,284,142047,61
39,70,0,285,142552,69
39,70,0,286,143047,74
39,70,0,287,143552,72
39,70,0,288,144047,75
39,70,0,289,144552,79
39,70,0,290,145047,68
39,70,0,291,145552,73
39,70,0,292,146047,84
39,70,0,293,146552,66
39,70,0,294,147047,77
39,70,0,295,147552,58
39,70,0,296,148047,71
39,70,0,297,148551,75
39,70,0,298,149047,56
39,70,0,299,149551,68
39,70,0,300,150048,80
39,70,0,301,150551,61
39,70,0,302,151048,55
39,70,0,303,151552,73
39,70,0,304,152047,75
39,70,0,305,152552,73
39,70,0,306,153047,59
39,70,0,307,153552,71
39,70,0,308,154047,63
39,70,0,309,154552,73
39,70,0,310,155047,59
39,70,0,311,155552,55
39,70,0,312,156047,83
39,70,0,313,156552,63
39,70,0,314,157047,41
39,70,0,315,157552,64
39,70,0,316,158047,78
39,70,0,317,158552,72
39,70,0,318,159047,57
39,70,0,319,159552,76
39,70,0,320,160047,63
39,70,0,321,160552,57
39,70,0,322,161047,77
39,70,0,323,161552,73
39,70,0,324,162047,59
39,70,0,325,162552,62
39,70,0,326,163047,60
39,70,0,327,163552,69
39,70,0,328,164047,61
39,70,0,329,164552,61
39,70,0,330,165047,61
39,70,0,331,165552,47
39,70,0,332,166047,60
39,70,0,333,166552,55
39,70,0,334,167047,48
39,70,0,335,167552,57
39,70,0,336,168047,37
39,70,0,337,168552,37
39,70,0,338,169047,55
39,70,0,339,169552,51
39,70,0,340,170047,25
39,70,0,341,170552,43
39,70,0,342,171047,53
39,70,0,343,171552,35
39,70,0,344,172047,37
39,70,0,345,172552,52
39,70,0,346,173047,43
39,70,0,347,173552,29
39,70,0,348,174047,40
39,70,0,349,174552,55
39,70,0,350,175047,44
39,70,0,351,175552,51
39,70,0,352,176047,47
39,70,0,353,176552,71
39,70,0,354,177047,61
39,70,0,355,177552,58
39,70,0,356,178047,63
39,70,0,357,178552,61
39,70,0,358,179047,42
39,70,0,359,179552,60
39,70,0,360,180047,60
39,70,0,361,180552,69
39,70,0,362,181047,71
39,70,0,363,181552,63
39,70,0,364,182047,64
39,70,0,365,182552,68
39,70,0,366,183047,70
39,70,0,367,183552,75
39,70,0,368,184047,60
39,70,0,369,184552,85
39,70,0,370,185047,84
39,70,0,371,185552,70
39,70,0,372,186047,79
39,70,0,373,186552,87
39,70,0,374,187047,84
39,70,0,375,187552,71
39,70,0,376,188047,75
39,70,0,377,188552,83
39,70,0,378,189047,84
39,70,0,379,189552,75
39,70,0,380,190047,60
39,70,0,381,190552,78
39,70,0,382,191047,82
39,70,0,383,191552,61
39,70,0,384,192047,45
39,70,0,385,192552,77
39,70,0,386,193047,73
39,70,0,387,193552,57
39,70,0,388,194047,54
39,70,0,389,194552,54
39,70,0,390,195047,69
39,70,0,391,195552,76
39,70,0,392,196047,55
39,70,0,393,196552,53
39,70,0,394,197047,70
39,70,0,395,197552,60
39,70,0,396,198047,64
39,70,0,397,198552,87
39,70,0,398,199047,61
39,70,0,399,199552,73
39,70,0,400,200047,87
39,70,0,401,200552,79
39,70,0,402,201047,87
39,70,0,403,201552,83
39,70,0,404,202047,72
39,70,0,405,202552,85
39,70,0,406,203047,101
39,70,0,407,203552,82
39,70,0,408,204047,84
39,70,0,409,204552,75
39,70,0,410,205047,82
39,70,0,411,205551,88
39,70,0,412,206047,84
39,70,0,413,206551,96
39,70,0,414,207047,88
39,70,0,415,207551,82
39,70,0,416,208048,75
39,70,0,417,208552,78
39,70,0,418,209048,85
39,70,0,419,209552,53
39,70,0,420,210048,70
39,70,0,421,210552,91
39,70,0,422,211047,77
39,70,0,423,211552,53
39,70,0,424,212047,67
39,70,0,425,212552,77
39,70,0,426,213047,74
39,70,0,427,213552,69
39,70,0,428,214047,54
39,70,0,429,214552,71
39,70,0,430,215047,81
39,70,0,431,215552,61
39,70,0,432,216047,60
39,70,0,433,216552,59
39,70,0,434,217047,61
39,70,0,435,217552,61
39,70,0,436,218047,58
39,70,0,437,218551,71
39,70,0,438,219048,56
39,70,0,439,219551,56
39,70,0,440,220048,75
39,70,0,441,220552,74
39,70,0,442,221047,51
39,70,0,443,221552,57
39,70,0,444,222047,83
39,70,0,445,222552,57
39,70,0,446,223047,48
39,70,0,447,223552,73
39,70,0,448,224047,61
39,70,0,449,224552,51
39,70,0,450,225047,68
39,70,0,451,225552,67
39,70,0,452,226047,56
39,70,0,453,226552,55
39,70,0,454,227047,61
39,70,0,455,227552,46
39,70,0,456,228047,70
39,70,0,457,228552,61
39,70,0,458,229047,59
39,70,0,459,229552,57
39,70,0,460,230047,52
39,70,0,461,230552,57
39,70,0,462,231047,62
39,70,0,463,231552,63
39,70,0,464,232047,57
39,70,0,465,232552,83
39,70,0,466,233047,85
39,70,0,467,233552,55
39,70,0,468,234047,71
39,70,0,469,234552,59
39,70,0,470,235047,69
39,70,0,471,235552,83
39,70,0,472,236047,69
39,70,0,473,236552,71
39,70,0,474,237047,71
39,70,0,475,237552,61
39,70,0,476,238047,87
39,70,0,477,238552,72
39,70,0,478,239047,63
39,70,0,479,239552,87
39,70,0,480,240047,74
39,70,0,481,240552,74
39,70,0,482,241047,84
39,70,0,483,241552,77
39,70,0,484,242047,79
39,70,0,485,242551,77
39,70,0,486,243047,84
39,70,0,487,243551,79
39,70,0,488,244047,63
39,70,0,489,244551,78
39,70,0,490,245047,83
39,70,0,491,245551,87
39,70,0,492,246047,85
39,70,0,493,246551,75
39,70,0,494,247048,97
39,70,0,495,247552,58
39,70,0,496,248048,71
39,70,0,497,248552,84
39,70,0,498,249047,74
39,70,0,499,249552,69
39,70,0,500,250047,55
39,70,0,501,250552,71
39,70,0,502,251047,80
39,70,0,503,251552,70
39,70,0,504,252047,46
39,70,0,505,252552,62
39,70,0,506,253047,75
39,70,0,507,253552,57
39,70,0,508,254047,50
39,70,0,509,254552,71
39,70,0,510,255047,76
39,70,0,511,255552,44
39,70,0,512,256047,68
39,70,0,513,256552,76
39,70,0,514,257047,61
39,70,0,515,257552,56
39,70,0,516,258047,75
39,70,0,517,258552,77
39,70,0,518,259047,73
39,70,0,519,259552,61
39,70,0,520,260047,72
39,70,0,521,260552,71
39,70,0,522,261047,73
39,70,0,523,261552,61
39,70,0,524,262047,75
39,70,0,525,262552,61
39,70,0,526,263047,62
39,70,0,527,263552,85
39,70,0,528,264047,56
39,70,0,529,264552,69
39,70,0,530,265047,70
39,70,0,531,265552,55
39,70,0,532,266047,56
39,70,0,533,266552,83
39,70,0,534,267047,59
39,70,0,535,267552,55
39,70,0,536,268047,71
39,70,0,537,268552,83
39,70,0,538,269047,57
39,70,0,539,269552,59
39,70,0,540,270047,58
39,70,0,541,270552,47
39,70,0,542,271047,60
39,70,0,543,271552,71
39,70,0,544,272047,71
39,70,0,545,272552,59
39,70,0,546,273047,71
39,70,0,547,273552,71
39,70,0,548,274047,59
39,70,0,549,274552,41
39,70,0,550,275047,73
39,70,0,551,275552,59
39,70,0,552,276047,35
39,70,0,553,276552,75
39,70,0,554,277047,69
39,70,0,555,277552,45
39,70,0,556,278047,67
39,70,0,557,278552,57
39,70,0,558,279047,38
39,70,0,559,279552,59
39,70,0,560,280047,59
39,70,0,561,280552,69
39,70,0,562,281047,61
39,70,0,563,281552,45
39,70,0,564,282047,78
39,70,0,565,282552,78
39,70,0,566,283047,51
39,70,0,567,283552,70
39,70,0,568,284047,69
39,70,0,569,284552,60
39,70,0,570,285047,69
39,70,0,571,285552,75
39,70,0,572,286047,63
39,70,0,573,286551,42
39,70,0,574,287047,85
39,70,0,575,287551,62
39,70,0,576,288047,44
39,70,0,577,288551,62
39,70,0,578,289047,85
39,70,0,579,289551,61
39,70,0,580,290047,57
39,70,0,581,290551,73
39,70,0,582,291048,86
39,70,0,583,291552,57
39,70,0,584,292048,77
39,70,0,585,292552,71
39,70,0,586,293047,72
39,70,0,587,293552,84
39,70,0,588,294047,75
39,70,0,589,294552,72
39,70,0,590,295047,77
39,70,0,591,295552,84
39,70,0,592,296047,63
39,70,0,593,296552,67
39,70,0,594,297048,67
39,70,0,595,297552,62
39,70,0,596,298047,77
39,70,0,597,298552,62
39,70,0,598,299047,68
39,70,0,599,299552,60
39,70,0,600,300047,55
39,70,0,601,300552,61
39,70,0,602,301047,55
39,70,0,603,301552,58
39,70,0,604,302047,62
39,70,0,605,302552,44
39,70,0,606,303047,56
39,70,0,607,303552,64
39,70,0,608,304047,56
39,70,0,609,304552,39
39,70,0,610,305047,41
39,70,0,611,305552,68
39,70,0,612,306047,58
39,70,0,613,306552,51
39,70,0,614,307047,47
39,70,0,615,307552,60
39,70,0,616,308047,71
39,70,0,617,308552,39
39,70,0,618,309047,57
39,70,0,619,309552,71
39,70,0,620,310047,63
39,70,0,621,310552,53
39,70,0,622,311047,82
39,70,0,623,311552,78
39,70,0,624,312047,60
39,70,0,625,312552,84
39,70,0,626,313047,87
39,70,0,627,313552,60
39,70,0,628,314047,78
39,70,0,629,314552,93
39,70,0,630,315047,61
39,70,0,631,315552,77
39,70,0,632,316047,88
39,70,0,633,316552,83
39,70,0,634,317047,76
39,70,0,635,317552,82
39,70,0,636,318047,79
39,70,0,637,318552,79
39,70,0,638,319047,82
39,70,0,639,319552,63
39,70,0,640,320047,73
39,70,0,641,320552,75
39,70,0,642,321047,79
39,70,0,643,321552,63
39,70,0,644,322047,69
39,70,0,645,322552,54
39,70,0,646,323047,63
39,70,0,647,323552,73
39,70,0,648,324047,63
39,70,0,649,324552,61
39,70,0,650,325047,51
39,70,0,651,325552,68
39,70,0,652,326047,73
39,70,0,653,326552,54
39,70,0,654,327047,59
39,70,0,655,327552,77
39,70,0,656,328047,63
39,70,0,657,328552,59
39,70,0,658,329047,63
39,70,0,659,329552,63
39,70,0,660,330047,61
39,70,0,661,330551,75
39,70,0,662,331047,71
39,70,0,663,331551,71
39,70,0,664,332047,69
39,70,0,665,332551,83
39,70,0,666,333048,75
39,70,0,667,333552,69
39,70,0,668,334048,74
39,70,0,669,334552,68
39,70,0,670,335047,63
39,70,0,671,335552,77
39,70,0,672,336047,60
39,70,0,673,336552,59
39,70,0,674,337047,75
39,70,0,675,337552,61
39,70,0,676,338047,61
39,70,0,677,338552,40
39,70,0,678,339047,70
39,70,0,679,339552,67
39,70,0,680,340047,36
39,70,0,681,340552,55
39,70,0,682,341047,53
39,70,0,683,341552,69
39,70,0,684,342047,48
39,70,0,685,342552,37
39,70,0,686,343047,47
39,70,0,687,343552,57
39,70,0,688,344047,45
39,70,0,689,344552,45
39,70,0,690,345047,59
39,70,0,691,345552,35
39,70,0,692,346047,67
39,70,0,693,346552,67
39,70,0,694,347047,55
39,70,0,695,347552,59
39,70,0,696,348047,59
39,70,0,697,348552,63
39,70,0,698,349047,43
39,70,0,699,349552,59
39,70,0,700,350047,76
39,70,0,701,350552,75
39,70,0,702,351047,43
39,70,0,703,351552,59
39,70,0,704,352047,83
39,70,0,705,352552,76
39,70,0,706,353047,64
39,70,0,707,353552,75
39,70,0,708,354047,75
39,70,0,709,354552,73
39,70,0,710,355047,73
39,70,0,711,355552,93
39,70,0,712,356047,73
39,70,0,713,356552,69
39,70,0,714,357047,86
39,70,0,715,357551,69
39,70,0,716,358048,77
39,70,0,717,358551,73
39,70,0,718,359048,60
39,70,0,719,359552,63
39,70,0,720,360047,83
39,70,0,721,360552,63
39,70,0,722,361047,61
39,70,0,723,361552,67
39,70,0,724,362047,74
39,70,0,725,362552,61
39,70,0,726,363047,61
39,70,0,727,363552,73
39,70,0,728,364047,51
39,70,0,729,364552,70
39,70,0,730,365047,69
39,70,0,731,365552,69
39,70,0,732,366047,78
39,70,0,733,366552,71
39,70,0,734,367047,73
39,70,0,735,367552,82
39,70,0,736,368047,56
39,70,0,737,368552,82
39,70,0,738,369047,63
39,70,0,739,369551,61
39,70,0,740,370048,79
39,70,0,741,370552,57
39,70,0,742,371048,63
39,70,0,743,371552,75
39,70,0,744,372047,79
39,70,0,745,372552,51
39,70,0,746,373047,63
39,70,0,747,373552,69
39,70,0,748,374047,62
39,70,0,749,374552,68
39,70,0,750,375047,63
39,70,0,751,375552,51
39,70,0,752,376047,63
39,70,0,753,376552,73
39,70,0,754,377047,71
39,70,0,755,377552,71
39,70,0,756,378048,71
39,70,0,757,378551,63
39,70,0,758,379048,63
39,70,0,759,379552,63
39,70,0,760,380047,54
39,70,0,761,380552,67
39,70,0,762,381047,75
39,70,0,763,381552,87
39,70,0,764,382047,55
39,70,0,765,382552,61
39,70,0,766,383047,73
39,70,0,767,383552,69
39,70,0,768,384047,77
39,70,0,769,384552,81
39,70,0,770,385047,71
39,70,0,771,385552,83
39,70,0,772,386047,85
39,70,0,773,386552,85
39,70,0,774,387047,68
39,70,0,775,387552,85
39,70,0,776,388047,83
39,70,0,777,388552,85
39,70,0,778,389047,79
39,70,0,779,389552,78
39,70,0,780,390047,87
39,70,0,781,390552,93
39,70,0,782,391047,81
39,70,0,783,391552,83
39,70,0,784,392047,79
39,70,0,785,392552,91
39,70,0,786,393047,103
39,70,0,787,393552,85
39,70,0,788,394047,77
39,70,0,789,394552,79
39,70,0,790,395047,82
39,70,0,791,395552,71
39,70,0,792,396047,74
39,70,0,793,396552,73
39,70,0,794,397047,54
39,70,0,795,397552,71
39,70,0,796,398047,70
39,70,0,797,398552,62
39,70,0,798,399047,73
39,70,0,799,399552,69
39,70,0,800,400047,77
39,70,0,801,400552,61
39,70,0,802,401047,61
39,70,0,803,401552,77
39,70,0,804,402047,55
39,70,0,805,402552,56
39,70,0,806,403047,67
39,70,0,807,403551,69
39,70,0,808,404047,71
39,70,0,809,404551,59
39,70,0,810,405047,47
39,70,0,811,405552,71
39,70,0,812,406048,69
39,70,0,813,406552,54
39,70,0,814,407048,55
39,70,0,815,407552,56
39,70,0,816,408047,69
39,70,0,817,408552,45
39,70,0,818,409047,64
39,70,0,819,409552,69
39,70,0,820,410047,56
39,70,0,821,410552,61
39,70,0,822,411047,69
39,70,0,823,411552,56
39,70,0,824,412047,53
39,70,0,825,412552,63
39,70,0,826,413047,63
39,70,0,827,413552,57
39,70,0,828,414047,59
39,70,0,829,414552,69
39,70,0,830,415047,57
39,70,0,831,415552,59
39,70,0,832,416047,55
39,70,0,833,416552,61
39,70,0,834,417047,60
39,70,0,835,417552,53
39,70,0,836,418047,63
39,70,0,837,418552,61
39,70,0,838,419047,62
39,70,0,839,419552,71
39,70,0,840,420047,58
39,70,0,841,420552,67
39,70,0,842,421047,71
39,70,0,843,421551,72
39,70,0,844,422047,73
39,70,0,845,422551,59
39,70,0,846,423047,53
39,70,0,847,423552,83
39,70,0,848,424048,61
39,70,0,849,424551,59
39,70,0,850,425048,61
39,70,0,851,425552,77
39,70,0,852,426047,63
39,70,0,853,426552,61
39,70,0,854,427047,75
39,70,0,855,427552,71
39,70,0,856,428047,55
39,70,0,857,428552,73
39,70,0,858,429047,73
39,70,0,859,429552,59
39,70,0,860,430047,63
39,70,0,861,430552,55
39,70,0,862,431047,72
39,70,0,863,431552,53
39,70,0,864,432047,61
39,70,0,865,432551,72
39,70,0,866,433048,59
39,70,0,867,433552,59
39,70,0,868,434048,59
39,70,0,869,434552,51
39,70,0,870,435047,60
39,70,0,871,435552,57
39,70,0,872,436047,54
39,70,0,873,436552,73
39,70,0,874,437047,53
39,70,0,875,437552,46
39,70,0,876,438047,61
39,70,0,877,438552,68
39,70,0,878,439047,59
39,70,0,879,439552,55
39,70,0,880,440047,61
39,70,0,881,440552,67
39,70,0,882,441047,70
39,70,0,883,441552,47
39,70,0,884,442047,58
39,70,0,885,442552,71
39,70,0,886,443047,56
39,70,0,887,443552,54
39,70,0,888,444047,61
39,70,0,889,444552,69
39,70,0,890,445047,57
39,70,0,891,445552,56
39,70,0,892,446047,75
39,70,0,893,446552,63
39,70,0,894,447047,43
39,70,0,895,447552,63
39,70,0,896,448047,75
39,70,0,897,448552,53
39,70,0,898,449047,47
39,70,0,899,449552,61
39,70,0,900,450047,57
39,70,0,901,450552,77
39,70,0,902,451047,55
39,70,0,903,451552,56
39,70,0,904,452047,88
39,70,0,905,452552,57
39,70,0,906,453047,64
39,70,0,907,453552,71
39,70,0,908,454047,77
39,70,0,909,454552,61
39,70,0,910,455047,61
39,70,0,911,455552,71
39,70,0,912,456047,101
39,70,0,913,456552,81
39,70,0,914,457047,71
39,70,0,915,457552,71
39,70,0,916,458047,71
39,70,0,917,458551,85
39,70,0,918,459047,87
39,70,0,919,459551,76
39,70,0,920,460048,84
39,70,0,921,460552,74
39,70,0,922,461048,89
39,70,0,923,461552,75
39,70,0,924,462047,75
39,70,0,925,462552,92
39,70,0,926,463047,71
39,70,0,927,463552,75
39,70,0,928,464047,75
39,70,0,929,464552,72
39,70,0,930,465047,71
39,70,0,931,465552,73
39,70,0,932,466047,55
39,70,0,933,466552,38
39,70,0,934,467047,51
39,70,0,935,467552,57
39,70,0,936,468047,72
39,70,0,937,468552,35
39,70,0,938,469047,47
39,70,0,939,469552,51
39,70,0,940,470047,44
39,70,0,941,470552,28
39,70,0,942,471047,30
39,70,0,943,471552,57
39,70,0,944,472047,55
39,70,0,945,472552,31
39,70,0,946,473047,52
39,70,0,947,473552,71
39,70,0,948,474047,51
39,70,0,949,474552,57
39,70,0,950,475047,59
39,70,0,951,475552,55
39,70,0,952,476047,48
39,70,0,953,476552,69
39,70,0,954,477047,53
39,70,0,955,477552,53
39,70,0,956,478047,61
39,70,0,957,478552,58
39,70,0,958,479047,45
39,70,0,959,479552,59
39,70,0,960,480047,77
39,70,0,961,480551,71
39,70,0,962,481047,45
39,70,0,963,481551,63
39,70,0,964,482047,77
39,70,0,965,482551,69
39,70,0,966,483047,68
39,70,0,967,483551,83
39,70,0,968,484048,75
39,70,0,969,484551,73
39,70,0,970,485048,75
39,70,0,971,485552,87
39,70,0,972,486048,77
39,70,0,973,486552,63
39,70,0,974,487047,77
39,70,0,975,487552,85
39,70,0,976,488047,84
39,70,0,977,488552,82
39,70,0,978,489047,83
39,70,0,979,489552,93
39,70,0,980,490047,101
39,70,0,981,490552,81
39,70,0,982,491047,72
39,70,0,983,491551,87
39,70,0,984,492047,86
39,70,0,985,492551,77
39,70,0,986,493048,87
39,70,0,987,493552,87
39,70,0,988,494047,81
39,70,0,989,494552,83
39,70,0,990,495047,92
39,70,0,991,495552,91
39,70,0,992,496047,72
39,70,0,993,496552,77
39,70,0,994,497047,82
39,70,0,995,497552,76
39,70,0,996,498047,77
39,70,0,997,498552,79
39,70,0,998,499047,57
39,70,0,999,499552,73
39,70,0,1000,500047,79
39,70,0,1001,500552,73
39,70,0,1002,501047,52
39,70,0,1003,501552,75
39,70,0,1004,502047,71
39,70,0,1005,502552,59
39,70,0,1006,503047,56
39,70,0,1007,503551,69
39,70,0,1008,504047,73
39,70,0,1009,504551,57
39,70,0,1010,505048,47
39,70,0,1011,505551,55
39,70,0,1012,506048,70
39,70,0,1013,506552,71
39,70,0,1014,507048,46
39,70,0,1015,507552,58
39,70,0,1016,508047,63
39,70,0,1017,508552,59
39,70,0,1018,509047,60
39,70,0,1019,509552,59
39,70,0,1020,510047,52
39,70,0,1021,510552,54
39,70,0,1022,511047,72
39,70,0,1023,511552,57
39,70,0,1024,512047,61
39,70,0,1025,512552,63
39,70,0,1026,513047,59
39,70,0,1027,513552,71
39,70,0,1028,514047,62
39,70,0,1029,514552,56
39,70,0,1030,515047,59
39,70,0,1031,515552,73
39,70,0,1032,516047,79
39,70,0,1033,516552,67
39,70,0,1034,517047,55
39,70,0,1035,517552,75
39,70,0,1036,518047,77
39,70,0,1037,518552,61
39,70,0,1038,519047,70
39,70,0,1039,519552,74
39,70,0,1040,520047,63
39,70,0,1041,520552,67
39,70,0,1042,521047,72
39,70,0,1043,521552,68
39,70,0,1044,522047,73
39,70,0,1045,522551,63
39,70,0,1046,523047,57
39,70,0,1047,523551,59
39,70,0,1048,524048,63
39,70,0,1049,524551,59
39,70,0,1050,525048,52
39,70,0,1051,525551,61
39,70,0,1052,526048,55
39,70,0,1053,526552,63
39,70,0,1054,527047,63
39,70,0,1055,527552,72
39,70,0,1056,528047,70
39,70,0,1057,528552,51
39,70,0,1058,529047,71
39,70,0,1059,529552,57
39,70,0,1060,530047,47
39,70,0,1061,530552,57
39,70,0,1062,531047,75
39,70,0,1063,531552,67
39,70,0,1064,532047,55
39,70,0,1065,532552,81
39,70,0,1066,533047,75
39,70,0,1067,533552,67
39,70,0,1068,534047,76
39,70,0,1069,534552,75
39,70,0,1070,535047,72
39,70,0,1071,535552,69
39,70,0,1072,536047,77
39,70,0,1073,536552,90
39,70,0,1074,537047,72
39,70,0,1075,537552,57
39,70,0,1076,538047,69
39,70,0,1077,538552,78
39,70,0,1078,539047,69
39,70,0,1079,539552,68
39,70,0,1080,540047,74
39,70,0,1081,540552,54
39,70,0,1082,541047,61
39,70,0,1083,541552,57
39,70,0,1084,542047,61
39,70,0,1085,542552,73
39,70,0,1086,543047,61
39,70,0,1087,543552,55
39,70,0,1088,544047,73
39,70,0,1089,544552,83
39,70,0,1090,545047,75
39,70,0,1091,545552,43
39,70,0,1092,546047,76
39,70,0,1093,546552,68
39,70,0,1094,547047,61
39,70,0,1095,547552,74
39,70,0,1096,548047,77
39,70,0,1097,548552,77
39,70,0,1098,549047,55
39,70,0,1099,549552,63
39,70,0,1100,550047,75
39,70,0,1101,550552,75
39,70,0,1102,551047,55
39,70,0,1103,551552,53
39,70,0,1104,552047,53
39,70,0,1105,552552,61
39,70,0,1106,553047,71
39,70,0,1107,553552,58
39,70,0,1108,554047,51
39,70,0,1109,554552,74
39,70,0,1110,555047,63
39,70,0,1111,555552,47
39,70,0,1112,556047,69
39,70,0,1113,556552,61
39,70,0,1114,557047,53
39,70,0,1115,557552,59
39,70,0,1116,558047,64
39,70,0,1117,558552,71
39,70,0,1118,559047,69
39,70,0,1119,559552,74
39,70,0,1120,560047,72
39,70,0,1121,560552,83
39,70,0,1122,561047,69
39,70,0,1123,561552,76
39,70,0,1124,562047,91
39,70,0,1125,562552,87
39,70,0,1126,563047,80
39,70,0,1127,563552,89
39,70,0,1128,564047,92
39,70,0,1129,564552,74
39,70,0,1130,565047,84
39,70,0,1131,565552,91
39,70,0,1132,566047,75
39,70,0,1133,566552,68
39,70,0,1134,567047,74
39,70,0,1135,567552,75
39,70,0,1136,568047,71
39,70,0,1137,568552,53
39,70,0,1138,569047,63
39,70,0,1139,569552,79
39,70,0,1140,570047,70
39,70,0,1141,570552,67
39,70,0,1142,571047,61
39,70,0,1143,571552,70
39,70,0,1144,572047,72
39,70,0,1145,572552,59
39,70,0,1146,573047,57
39,70,0,1147,573552,69
39,70,0,1148,574047,54
39,70,0,1149,574552,73
39,70,0,1150,575047,73
39,70,0,1151,575552,59
39,70,0,1152,576047,57
39,70,0,1153,576552,61
39,70,0,1154,577047,75
39,70,0,1155,577552,44
39,70,0,1156,578047,58
39,70,0,1157,578552,71
39,70,0,1158,579047,63
39,70,0,1159,579552,51
39,70,0,1160,580047,57
39,70,0,1161,580552,72
39,70,0,1162,581047,57
39,70,0,1163,581552,53
39,70,0,1164,582047,58
39,70,0,1165,582552,64
39,70,0,1166,583047,51
39,70,0,1167,583552,57
39,70,0,1168,584047,71
39,70,0,1169,584552,59
39,70,0,1170,585047,47
39,70,0,1171,585552,69
39,70,0,1172,586047,60
39,70,0,1173,586552,72
39,70,0,1174,587047,56
39,70,0,1175,587552,55
39,70,0,1176,588047,59
39,70,0,1177,588552,69
39,70,0,1178,589047,48
39,70,0,1179,589552,51
39,70,0,1180,590047,76
39,70,0,1181,590552,56
39,70,0,1182,591047,55
39,70,0,1183,591552,73
39,70,0,1184,592047,78
39,70,0,1185,592552,44
39,70,0,1186,593047,44
39,70,0,1187,593552,74
39,70,0,1188,594047,72
39,70,0,1189,594552,63
39,70,0,1190,595047,56
39,70,0,1191,595552,70
39,70,0,1192,596047,61
39,70,0,1193,596552,73
39,70,0,1194,597047,59
39,70,0,1195,597552,62
39,70,0,1196,598047,76
39,70,0,1197,598552,68
39,70,0,1198,599047,45
39,70,0,1199,599552,71
39,70,0,1200,600047,73
39,70,0,1201,600552,71
39,70,0,1202,601047,55
39,70,0,1203,601552,58
39,70,0,1204,602047,71
39,70,0,1205,602552,73
39,70,0,1206,603047,57
39,70,0,1207,603552,57
39,70,0,1208,604047,70
39,70,0,1209,604552,67
39,70,0,1210,605047,60
39,70,0,1211,605552,77
39,70,0,1212,606047,83
39,70,0,1213,606552,72
39,70,0,1214,607047,69
39,70,0,1215,607552,77
39,70,0,1216,608047,85
39,70,0,1217,608552,76
39,70,0,1218,609047,77
39,70,0,1219,609552,79
39,70,0,1220,610047,73
39,70,0,1221,610552,59
39,70,0,1222,611047,83
39,70,0,1223,611552,84
39,70,0,1224,612047,70
39,70,0,1225,612552,59
39,70,0,1226,613047,83
39,70,0,1227,613552,83
39,70,0,1228,614047,71
39,70,0,1229,614552,45
39,70,0,1230,615047,86
39,70,0,1231,615552,87
39,70,0,1232,616047,72
39,70,0,1233,616552,78
39,70,0,1234,617047,71
39,70,0,1235,617552,82
39,70,0,1236,618047,78
39,70,0,1237,618552,71
39,70,0,1238,619047,84
39,70,0,1239,619552,91
39,70,0,1240,620047,75
39,70,0,1241,620552,57
39,70,0,1242,621047,87
39,70,0,1243,621552,87
39,70,0,1244,622047,70
39,70,0,1245,622552,76
39,70,0,1246,623047,83
39,70,0,1247,623552,71
39,70,0,1248,624047,82
39,70,0,1249,624552,87
39,70,0,1250,625047,69
39,70,0,1251,625552,71
39,70,0,1252,626047,69
39,70,0,1253,626552,60
39,70,0,1254,627047,84
39,70,0,1255,627552,91
39,70,0,1256,628047,63
39,70,0,1257,628551,74
39,70,0,1258,629048,71
39,70,0,1259,629551,57
39,70,0,1260,630048,54
39,70,0,1261,630551,55
39,70,0,1262,631048,57
39,70,0,1263,631552,75
39,70,0,1264,632047,59
39,70,0,1265,632552,61
39,70,0,1266,633047,75
39,70,0,1267,633552,59
39,70,0,1268,634047,75
39,70,0,1269,634552,78
39,70,0,1270,635047,63
39,70,0,1271,635552,57
39,70,0,1272,636047,86
39,70,0,1273,636552,73
39,70,0,1274,637047,62
39,70,0,1275,637552,74
39,70,0,1276,638047,57
39,70,0,1277,638552,63
39,70,0,1278,639047,63
39,70,0,1279,639552,69
39,70,0,1280,640047,58
39,70,0,1281,640552,57
39,70,0,1282,641047,59
39,70,0,1283,641552,53
39,70,0,1284,642047,60
39,70,0,1285,642552,61
39,70,0,1286,643047,51
39,70,0,1287,643551,60
39,70,0,1288,644047,61
39,70,0,1289,644551,59
39,70,0,1290,645048,43
39,70,0,1291,645551,56
39,70,0,1292,646048,51
39,70,0,1293,646552,57
39,70,0,1294,647047,54
39,70,0,1295,647552,59
39,70,0,1296,648047,59
39,70,0,1297,648552,53
39,70,0,1298,649047,57
39,70,0,1299,649552,58
39,70,0,1300,650047,69
39,70,0,1301,650552,69
39,70,0,1302,651047,51
39,70,0,1303,651552,52
39,70,0,1304,652047,72
39,70,0,1305,652552,62
39,70,0,1306,653047,59
39,70,0,1307,653552,56
39,70,0,1308,654047,63
39,70,0,1309,654552,71
39,70,0,1310,655047,58
39,70,0,1311,655552,78
39,70,0,1312,656047,87
39,70,0,1313,656552,75
39,70,0,1314,657047,70
39,70,0,1315,657552,85
39,70,0,1316,658047,91
39,70,0,1317,658552,76
39,70,0,1318,659047,83
39,70,0,1319,659552,82
39,70,0,1320,660047,74
39,70,0,1321,660552,75
39,70,0,1322,661047,79
39,70,0,1323,661552,71
39,70,0,1324,662047,53
39,70,0,1325,662552,83
39,70,0,1326,663047,76
39,70,0,1327,663552,46
39,70,0,1328,664047,53
39,70,0,1329,664552,76
39,70,0,1330,665047,55
39,70,0,1331,665552,55
39,70,0,1332,666047,62
39,70,0,1333,666552,51
39,70,0,1334,667047,69
39,70,0,1335,667552,55
39,70,0,1336,668047,47
39,70,0,1337,668552,57
39,70,0,1338,669047,63
39,70,0,1339,669552,54
39,70,0,1340,670047,54
39,70,0,1341,670552,62
39,70,0,1342,671047,77
39,70,0,1343,671552,63
39,70,0,1344,672047,67
39,70,0,1345,672552,85
39,70,0,1346,673047,70
39,70,0,1347,673552,79
39,70,0,1348,674047,77
39,70,0,1349,674552,73
39,70,0,1350,675047,86
39,70,0,1351,675552,80
39,70,0,1352,676047,63
39,70,0,1353,676552,89
39,70,0,1354,677047,73
39,70,0,1355,677552,73
39,70,0,1356,678047,79
39,70,0,1357,678552,88
39,70,0,1358,679047,67
39,70,0,1359,679552,61
39,70,0,1360,680047,82
39,70,0,1361,680552,79
39,70,0,1362,681047,70
39,70,0,1363,681552,55
39,70,0,1364,682047,62
39,70,0,1365,682552,72
39,70,0,1366,683047,69
39,70,0,1367,683552,63
39,70,0,1368,684047,55
39,70,0,1369,684552,56
39,70,0,1370,685047,72
39,70,0,1371,685552,67
39,70,0,1372,686047,45
39,70,0,1373,686552,51
39,70,0,1374,687047,57
39,70,0,1375,687552,55
39,70,0,1376,688047,44
39,70,0,1377,688552,60
39,70,0,1378,689047,67
39,70,0,1379,689552,70
39,70,0,1380,690047,53
39,70,0,1381,690552,59
39,70,0,1382,691047,51
39,70,0,1383,691552,73
39,70,0,1384,692047,74
39,70,0,1385,692552,63
39,70,0,1386,693047,56
39,70,0,1387,693552,79
39,70,0,1388,694047,58
39,70,0,1389,694552,63
39,70,0,1390,695047,67
39,70,0,1391,695552,51
39,70,0,1392,696047,62
39,70,0,1393,696552,68
39,70,0,1394,697047,53
39,70,0,1395,697552,62
39,70,0,1396,698047,68
39,70,0,1397,698552,78
39,70,0,1398,699047,60
39,70,0,1399,699552,75
39,70,0,1400,700047,56
39,70,0,1401,700552,71
39,70,0,1402,701047,69
39,70,0,1403,701552,76
39,70,0,1404,702047,71
39,70,0,1405,702552,61
39,70,0,1406,703047,61
39,70,0,1407,703552,87
39,70,0,1408,704047,60
39,70,0,1409,704552,57
39,70,0,1410,705047,63
39,70,0,1411,705552,77
39,70,0,1412,706047,53
39,70,0,1413,706552,53
39,70,0,1414,707047,73
39,70,0,1415,707552,61
39,70,0,1416,708047,51
39,70,0,1417,708552,47
39,70,0,1418,709047,59
39,70,0,1419,709552,47
39,70,0,1420,710047,47
39,70,0,1421,710552,57
39,70,0,1422,711047,57
39,70,0,1423,711552,43
39,70,0,1424,712047,57
39,70,0,1425,712552,67
39,70,0,1426,713047,52
39,70,0,1427,713552,44
39,70,0,1428,714047,71
39,70,0,1429,714552,69
39,70,0,1430,715047,82
39,70,0,1431,715552,47
39,70,0,1432,716047,71
39,70,0,1433,716552,79
39,70,0,1434,717047,63
39,70,0,1435,717552,55
39,70,0,1436,718047,59
39,70,0,1437,718552,74
39,70,0,1438,719047,59
39,70,0,1439,719552,78
39,70,0,1440,720047,73
39,70,0,1441,720552,71
39,70,0,1442,721047,79
39,70,0,1443,721552,74
39,70,0,1444,722047,71
39,70,0,1445,722552,59
39,70,0,1446,723047,62
39,70,0,1447,723552,86
39,70,0,1448,724047,77
39,70,0,1449,724552,61
39,70,0,1450,725047,77
39,70,0,1451,725552,87
39,70,0,1452,726047,77
39,70,0,1453,726552,73
39,70,0,1454,727047,71
39,70,0,1455,727552,84
39,70,0,1456,728047,95
39,70,0,1457,728552,53
39,70,0,1458,729047,78
39,70,0,1459,729552,88
39,70,0,1460,730047,62
39,70,0,1461,730552,62
39,70,0,1462,731047,68
39,70,0,1463,731552,71
39,70,0,1464,732047,61
39,70,0,1465,732552,60
39,70,0,1466,733047,53
39,70,0,1467,733552,74
39,70,0,1468,734047,57
39,70,0,1469,734552,63
39,70,0,1470,735047,69
39,70,0,1471,735552,61
39,70,0,1472,736047,61
39,70,0,1473,736552,75
39,70,0,1474,737047,85
39,70,0,1475,737552,63
39,70,0,1476,738047,71
39,70,0,1477,738552,87
39,70,0,1478,739047,89
39,70,0,1479,739552,77
39,70,0,1480,740047,71
39,70,0,1481,740552,74
39,70,0,1482,741047,87
39,70,0,1483,741552,94
39,70,0,1484,742047,91
39,70,0,1485,742552,75
39,70,0,1486,743047,89
39,70,0,1487,743552,114
39,70,0,1488,744047,83
39,70,0,1489,744552,73
39,70,0,1490,745047,89
39,70,0,1491,745552,89
39,70,0,1492,746047,72
39,70,0,1493,746552,59
39,70,0,1494,747047,89
39,70,0,1495,747552,77
39,70,0,1496,748047,74
39,70,0,1497,748552,77
39,70,0,1498,749047,71
39,70,0,1499,749552,60
39,70,0,1500,750047,57
39,70,0,1501,750552,87
39,70,0,1502,751047,71
39,70,0,1503,751552,52
39,70,0,1504,752047,75
39,70,0,1505,752552,71
39,70,0,1506,753047,75
39,70,0,1507,753552,61
39,70,0,1508,754047,61
39,70,0,1509,754552,74
39,70,0,1510,755047,58
39,70,0,1511,755552,62
39,70,0,1512,756047,77
39,70,0,1513,756552,63
39,70,0,1514,757047,61
39,70,0,1515,757552,75
39,70,0,1516,758047,70
39,70,0,1517,758552,53
39,70,0,1518,759047,71
39,70,0,1519,759552,72
39,70,0,1520,760047,57
39,70,0,1521,760552,67
39,70,0,1522,761047,61
39,70,0,1523,761552,54
39,70,0,1524,762047,71
39,70,0,1525,762552,71
39,70,0,1526,763047,54
39,70,0,1527,763552,60
39,70,0,1528,764047,75
39,70,0,1529,764552,72
39,70,0,1530,765047,61
39,70,0,1531,765552,69
39,70,0,1532,766047,70
39,70,0,1533,766552,75
39,70,0,1534,767047,63
39,70,0,1535,767552,55
39,70,0,1536,768047,76
39,70,0,1537,768552,67
39,70,0,1538,769047,74
39,70,0,1539,769552,61
39,70,0,1540,770047,61
39,70,0,1541,770552,61
39,70,0,1542,771047,69
39,70,0,1543,771552,63
39,70,0,1544,772047,54
39,70,0,1545,772552,77
39,70,0,1546,773047,71
39,70,0,1547,773552,43
39,70,0,1548,774047,70
39,70,0,1549,774552,72
39,70,0,1550,775047,54
39,70,0,1551,775552,53
39,70,0,1552,776047,71
39,70,0,1553,776552,58
39,70,0,1554,777047,55
39,70,0,1555,777552,61
39,70,0,1556,778047,81
39,70,0,1557,778552,52
39,70,0,1558,779047,71
39,70,0,1559,779552,78
39,70,0,1560,780047,71
39,70,0,1561,780552,71
39,70,0,1562,781047,69
39,70,0,1563,781552,55
39,70,0,1564,782047,85
39,70,0,1565,782552,77
39,70,0,1566,783047,63
39,70,0,1567,783552,71
39,70,0,1568,784047,75
39,70,0,1569,784552,83
39,70,0,1570,785047,77
39,70,0,1571,785552,61
39,70,0,1572,786047,83
39,70,0,1573,786552,77
39,70,0,1574,787047,62
39,70,0,1575,787552,61
39,70,0,1576,788047,83
39,70,0,1577,788552,60
39,70,0,1578,789047,55
39,70,0,1579,789552,75
39,70,0,1580,790047,69
39,70,0,1581,790552,59
39,70,0,1582,791047,71
39,70,0,1583,791552,63
39,70,0,1584,792047,43
39,70,0,1585,792552,81
39,70,0,1586,793048,73
39,70,0,1587,793552,57
39,70,0,1588,794047,57
39,70,0,1589,794552,43
39,70,0,1590,795047,59
39,70,0,1591,795552,69
39,70,0,1592,796047,61
39,70,0,1593,796552,63
39,70,0,1594,797047,62
39,70,0,1595,797552,55
39,70,0,1596,798047,56
39,70,0,1597,798552,71
39,70,0,1598,799047,52
39,70,0,1599,799552,54
39,70,0,1600,800047,75
39,70,0,1601,800552,52
39,70,0,1602,801047,52
39,70,0,1603,801552,71
39,70,0,1604,802047,71
39,70,0,1605,802552,56
39,70,0,1606,803047,46
39,70,0,1607,803552,63
39,70,0,1608,804047,73
39,70,0,1609,804552,69
39,70,0,1610,805047,36
39,70,0,1611,805552,59
39,70,0,1612,806047,79
39,70,0,1613,806552,59
39,70,0,1614,807047,46
39,70,0,1615,807552,63
39,70,0,1616,808047,72
39,70,0,1617,808552,53
39,70,0,1618,809047,46
39,70,0,1619,809552,58
39,70,0,1620,810047,71
39,70,0,1621,810552,55
39,70,0,1622,811047,69
39,70,0,1623,811552,71
39,70,0,1624,812047,59
39,70,0,1625,812552,63
39,70,0,1626,813047,77
39,70,0,1627,813552,57
39,70,0,1628,814047,57
39,70,0,1629,814552,71
39,70,0,1630,815047,61
39,70,0,1631,815552,57
39,70,0,1632,816047,62
39,70,0,1633,816552,61
39,70,0,1634,817047,70
39,70,0,1635,817552,54
39,70,0,1636,818047,69
39,70,0,1637,818552,57
39,70,0,1638,819047,61
39,70,0,1639,819552,74
39,70,0,1640,820047,63
39,70,0,1641,820552,55
39,70,0,1642,821047,59
39,70,0,1643,821552,73
39,70,0,1644,822047,63
39,70,0,1645,822552,68
39,70,0,1646,823047,55
39,70,0,1647,823552,76
39,70,0,1648,824047,86
39,70,0,1649,824552,51
39,70,0,1650,825047,73
39,70,0,1651,825552,89
39,70,0,1652,826047,57
39,70,0,1653,826552,72
39,70,0,1654,827047,79
39,70,0,1655,827552,79
39,70,0,1656,828047,61
39,70,0,1657,828552,87
39,70,0,1658,829047,79
39,70,0,1659,829552,71
39,70,0,1660,830047,87
39,70,0,1661,830552,95
39,70,0,1662,831047,73
39,70,0,1663,831552,77
39,70,0,1664,832047,91
39,70,0,1665,832552,82
39,70,0,1666,833047,87
39,70,0,1667,833552,77
39,70,0,1668,834047,83
39,70,0,1669,834552,83
39,70,0,1670,835047,85
39,70,0,1671,835552,104
39,70,0,1672,836047,77
39,70,0,1673,836552,70
39,70,0,1674,837047,95
39,70,0,1675,837552,83
39,70,0,1676,838047,55
39,70,0,1677,838552,71
39,70,0,1678,839047,73
39,70,0,1679,839552,59
39,70,0,1680,840047,78
39,70,0,1681,840552,74
39,70,0,1682,841047,63
39,70,0,1683,841552,61
39,70,0,1684,842047,67
39,70,0,1685,842552,69
39,70,0,1686,843047,35
39,70,0,1687,843552,59
39,70,0,1688,844047,58
39,70,0,1689,844552,69
39,70,0,1690,845047,62
39,70,0,1691,845552,60
39,70,0,1692,846047,63
39,70,0,1693,846552,46
39,70,0,1694,847047,51
39,70,0,1695,847552,69
39,70,0,1696,848047,47
39,70,0,1697,848552,51
39,70,0,1698,849047,53
39,70,0,1699,849552,41
39,70,0,1700,850047,51
39,70,0,1701,850552,63
39,70,0,1702,851047,61
39,70,0,1703,851552,57
39,70,0,1704,852047,47
39,70,0,1705,852552,57
39,70,0,1706,853047,78
39,70,0,1707,853552,59
39,70,0,1708,854047,57
39,70,0,1709,854552,52
39,70,0,1710,855047,61
39,70,0,1711,855552,67
39,70,0,1712,856047,55
39,70,0,1713,856552,71
39,70,0,1714,857047,60
39,70,0,1715,857552,50
39,70,0,1716,858047,58
39,70,0,1717,858552,60
39,70,0,1718,859047,59
39,70,0,1719,859552,72
39,70,0,1720,860047,53
39,70,0,1721,860552,55
39,70,0,1722,861047,79
39,70,0,1723,861552,63
39,70,0,1724,862047,66
39,70,0,1725,862552,73
39,70,0,1726,863047,69
39,70,0,1727,863552,61
39,70,0,1728,864047,77
39,70,0,1729,864552,67
39,70,0,1730,865047,72
39,70,0,1731,865552,79
39,70,0,1732,866047,75
39,70,0,1733,866552,72
39,70,0,1734,867047,69
39,70,0,1735,867552,70
39,70,0,1736,868047,69
39,70,0,1737,868552,70
39,70,0,1738,869047,67
39,70,0,1739,869552,63
39,70,0,1740,870047,56
39,70,0,1741,870552,55
39,70,0,1742,871047,53
39,70,0,1743,871552,69
39,70,0,1744,872047,59
39,70,0,1745,872552,45
39,70,0,1746,873047,55
39,70,0,1747,873552,69
39,70,0,1748,874047,47
39,70,0,1749,874552,48
39,70,0,1750,875047,57
39,70,0,1751,875552,52
39,70,0,1752,876047,47
39,70,0,1753,876552,58
39,70,0,1754,877047,41
39,70,0,1755,877552,56
39,70,0,1756,878047,75
39,70,0,1757,878552,59
39,70,0,1758,879047,57
39,70,0,1759,879552,55
39,70,0,1760,880047,59
39,70,0,1761,880552,71
39,70,0,1762,881047,73
39,70,0,1763,881552,73
39,70,0,1764,882047,53
39,70,0,1765,882552,79
39,70,0,1766,883047,83
39,70,0,1767,883552,69
39,70,0,1768,884047,77
39,70,0,1769,884552,59
39,70,0,1770,885047,79
39,70,0,1771,885552,74
39,70,0,1772,886047,56
39,70,0,1773,886552,77
39,70,0,1774,887047,75
39,70,0,1775,887552,71
39,70,0,1776,888047,92
39,70,0,1777,888552,70
39,70,0,1778,889047,79
39,70,0,1779,889552,72
39,70,0,1780,890047,73
39,70,0,1781,890552,85
39,70,0,1782,891047,87
39,70,0,1783,891552,48
39,70,0,1784,892047,75
39,70,0,1785,892552,85
39,70,0,1786,893047,89
39,70,0,1787,893552,69
39,70,0,1788,894047,73
39,70,0,1789,894552,87
39,70,0,1790,895047,83
39,70,0,1791,895552,67
39,70,0,1792,896047,75
39,70,0,1793,896552,73
39,70,0,1794,897047,72
39,70,0,1795,897552,69
39,70,0,1796,898047,72
39,70,0,1797,898552,69
39,70,0,1798,899047,73
39,70,0,1799,899552,75
39,70,0,1800,900047,56
39,70,0,1801,900552,63
39,70,0,1802,901047,59
39,70,0,1803,901552,69
39,70,0,1804,902047,58
39,70,0,1805,902552,70
39,70,0,1806,903047,53
39,70,0,1807,903552,53
39,70,0,1808,904047,59
39,70,0,1809,904551,57
39,70,0,1810,905047,47
39,70,0,1811,905551,48
39,70,0,1812,906048,51
39,70,0,1813,906551,57
39,70,0,1814,907048,41
39,70,0,1815,907552,51
39,70,0,1816,908048,53
39,70,0,1817,908552,57
39,70,0,1818,909047,43
39,70,0,1819,909552,44
39,70,0,1820,910047,56
39,70,0,1821,910552,55
39,70,0,1822,911047,50
39,70,0,1823,911552,61
39,70,0,1824,912048,52
39,70,0,1825,912552,51
39,70,0,1826,913047,71
39,70,0,1827,913552,61
39,70,0,1828,914047,69
39,70,0,1829,914552,77
39,70,0,1830,915047,75
39,70,0,1831,915552,76
39,70,0,1832,916047,90
39,70,0,1833,916551,88
39,70,0,1834,917047,91
39,70,0,1835,917551,93
39,70,0,1836,918047,101
39,70,0,1837,918551,89
39,70,0,1838,919047,93
39,70,0,1839,919551,93
39,70,0,1840,920047,95
39,70,0,1841,920551,101
39,70,0,1842,921047,95
39,70,0,1843,921551,93
39,70,0,1844,922048,87
39,70,0,1845,922552,83
39,70,0,1846,923048,94
39,70,0,1847,923552,71
39,70,0,1848,924047,86
39,70,0,1849,924552,101
39,70,0,1850,925047,54
39,70,0,1851,925552,77
39,70,0,1852,926047,79
39,70,0,1853,926552,71
39,70,0,1854,927047,70
39,70,0,1855,927552,47
39,70,0,1856,928047,71
39,70,0,1857,928552,83
39,70,0,1858,929047,47
39,70,0,1859,929552,47
39,70,0,1860,930047,74
39,70,0,1861,930552,61
39,70,0,1862,931047,58
39,70,0,1863,931552,64
39,70,0,1864,932047,55
39,70,0,1865,932552,68
39,70,0,1866,933047,71
39,70,0,1867,933552,58
39,70,0,1868,934047,63
39,70,0,1869,934552,63
39,70,0,1870,935047,42
39,70,0,1871,935552,69
39,70,0,1872,936047,92
39,70,0,1873,936552,56
39,70,0,1874,937047,55
39,70,0,1875,937552,85
39,70,0,1876,938047,71
39,70,0,1877,938552,58
39,70,0,1878,939047,78
39,70,0,1879,939552,69
39,70,0,1880,940047,70
39,70,0,1881,940552,69
39,70,0,1882,941047,68
39,70,0,1883,941552,67
39,70,0,1884,942047,75
39,70,0,1885,942552,59
39,70,0,1886,943047,69
39,70,0,1887,943552,77
39,70,0,1888,944047,59
39,70,0,1889,944552,62
39,70,0,1890,945047,73
39,70,0,1891,945552,72
39,70,0,1892,946047,62
39,70,0,1893,946552,59
39,70,0,1894,947047,70
39,70,0,1895,947552,74
39,70,0,1896,948047,67
39,70,0,1897,948552,53
39,70,0,1898,949047,76
39,70,0,1899,949552,78
39,70,0,1900,950047,47
39,70,0,1901,950552,60
39,70,0,1902,951047,87
39,70,0,1903,951551,51
39,70,0,1904,952047,59
39,70,0,1905,952551,76
39,70,0,1906,953048,57
39,70,0,1907,953552,55
39,70,0,1908,954048,75
39,70,0,1909,954552,71
39,70,0,1910,955047,55
39,70,0,1911,955552,60
39,70,0,1912,956047,71
39,70,0,1913,956552,59
39,70,0,1914,957047,75
39,70,0,1915,957552,61
39,70,0,1916,958047,63
39,70,0,1917,958552,79
39,70,0,1918,959047,75
39,70,0,1919,959552,75
39,70,0,1920,960047,71
39,70,0,1921,960551,73
39,70,0,1922,961048,77
39,70,0,1923,961551,83
39,70,0,1924,962048,69
39,70,0,1925,962552,67
39,70,0,1926,963047,78
39,70,0,1927,963552,55
39,70,0,1928,964047,89
39,70,0,1929,964552,77
39,70,0,1930,965047,59
39,70,0,1931,965552,63
39,70,0,1932,966047,61
39,70,0,1933,966552,75
39,70,0,1934,967047,75
39,70,0,1935,967552,61
39,70,0,1936,968047,57
39,70,0,1937,968552,63
39,70,0,1938,969047,73
39,70,0,1939,969552,62
39,70,0,1940,970047,51
39,70,0,1941,970552,73
39,70,0,1942,971047,51
39,70,0,1943,971552,61
39,70,0,1944,972047,63
39,70,0,1945,972552,55
39,70,0,1946,973047,53
39,70,0,1947,973552,61
39,70,0,1948,974047,51
39,70,0,1949,974552,60
39,70,0,1950,975047,59
39,70,0,1951,975552,53
39,70,0,1952,976047,83
39,70,0,1953,976552,74
39,70,0,1954,977047,53
39,70,0,1955,977552,87
39,70,0,1956,978047,73
39,70,0,1957,978552,75
39,70,0,1958,979047,68
39,70,0,1959,979552,85
39,70,0,1960,980047,87
39,70,0,1961,980552,77
39,70,0,1962,981047,59
39,70,0,1963,981552,75
39,70,0,1964,982047,88
39,70,0,1965,982552,79
39,70,0,1966,983047,60
39,70,0,1967,983552,91
39,70,0,1968,984047,85
39,70,0,1969,984552,63
39,70,0,1970,985047,75
39,70,0,1971,985552,69
39,70,0,1972,986047,76
39,70,0,1973,986552,41
39,70,0,1974,987047,56
39,70,0,1975,987552,75
39,70,0,1976,988047,57
39,70,0,1977,988552,71
39,70,0,1978,989047,73
39,70,0,1979,989552,51
39,70,0,1980,990047,53
39,70,0,1981,990552,69
39,70,0,1982,991047,73
39,70,0,1983,991552,43
39,70,0,1984,992047,59
39,70,0,1985,992552,60
39,70,0,1986,993047,47
39,70,0,1987,993552,71
39,70,0,1988,994047,57
39,70,0,1989,994552,51
39,70,0,1990,995047,61
39,70,0,1991,995552,76
39,70,0,1992,996047,40
39,70,0,1993,996552,45
39,70,0,1994,997047,63
39,70,0,1995,997552,59
39,70,0,1996,998047,45
39,70,0,1997,998552,55
39,70,0,1998,999047,39
39,70,0,1999,999552,71
39,70,1,0,48,72
39,70,1,1,547,88
39,70,1,2,1047,69
39,70,1,3,1547,79
39,70,1,4,2047,84
39,70,1,5,2547,61
39,70,1,6,3047,73
39,70,1,7,3547,99
39,70,1,8,4047,71
39,70,1,9,4547,63
39,70,1,10,5047,83
39,70,1,11,5547,75
39,70,1,12,6047,72
39,70,1,13,6547,73
39,70,1,14,7047,60
39,70,1,15,7547,77
39,70,1,16,8047,74
39,70,1,17,8547,59
39,70,1,18,9047,73
39,70,1,19,9547,46
39,70,1,20,10047,75
39,70,1,21,10547,85
39,70,1,22,11047,59
39,70,1,23,11547,47
39,70,1,24,12047,77
39,70,1,25,12547,75
39,70,1,26,13047,59
39,70,1,27,13547,81
39,70,1,28,14047,56
39,70,1,29,14547,47
39,70,1,30,15047,83
39,70,1,31,15547,75
39,70,1,32,16047,39
39,70,1,33,16547,43
39,70,1,34,17047,77
39,70,1,35,17547,53
39,70,1,36,18047,60
39,70,1,37,18547,69
39,70,1,38,19047,57
39,70,1,39,19547,73
39,70,1,40,20047,61
39,70,1,41,20547,55
39,70,1,42,21047,71
39,70,1,43,21547,42
39,70,1,44,22047,45
39,70,1,45,22547,62
39,70,1,46,23047,61
39,70,1,47,23547,58
39,70,1,48,24047,55
39,70,1,49,24547,41
39,70,1,50,25047,55
39,70,1,51,25547,40
39,70,1,52,26047,57
39,70,1,53,26547,57
39,70,1,54,27047,39
39,70,1,55,27547,43
39,70,1,56,28047,47
39,70,1,57,28547,56
39,70,1,58,29047,54
39,70,1,59,29547,40
39,70,1,60,30048,28
39,70,1,61,30547,48
39,70,1,62,31047,59
39,70,1,63,31547,44
39,70,1,64,32047,43
39,70,1,65,32547,57
39,70,1,66,33047,62
39,70,1,67,33547,57
39,70,1,68,34047,71
39,70,1,69,34547,61
39,70,1,70,35047,60
39,70,1,71,35547,73
39,70,1,72,36047,81
39,70,1,73,36547,73
39,70,1,74,37047,69
39,70,1,75,37547,77
39,70,1,76,38047,86
39,70,1,77,38547,79
39,70,1,78,39047,72
39,70,1,79,39547,83
39,70,1,80,40047,87
39,70,1,81,40547,83
39,70,1,82,41047,101
39,70,1,83,41547,86
39,70,1,84,42047,85
39,70,1,85,42547,90
39,70,1,86,43047,85
39,70,1,87,43547,79
39,70,1,88,44047,80
39,70,1,89,44547,95
39,70,1,90,45047,63
39,70,1,91,45547,75
39,70,1,92,46047,93
39,70,1,93,46547,86
39,70,1,94,47047,72
39,70,1,95,47547,87
39,70,1,96,48047,83
39,70,1,97,48547,89
39,70,1,98,49047,95
39,70,1,99,49547,77
39,70,1,100,50047,87
39,70,1,101,50547,83
39,70,1,102,51047,83
39,70,1,103,51547,64
39,70,1,104,52047,90
39,70,1,105,52547,83
39,70,1,106,53047,69
39,70,1,107,53547,73
39,70,1,108,54047,77
39,70,1,109,54547,79
39,70,1,110,55047,69
39,70,1,111,55547,61
39,70,1,112,56047,72
39,70,1,113,56547,76
39,70,1,114,57047,61
39,70,1,115,57547,57
39,70,1,116,58047,59
39,70,1,117,58547,73
39,70,1,118,59047,51
39,70,1,119,59547,51
39,70,1,120,60047,62
39,70,1,121,60547,56
39,70,1,122,61047,53
39,70,1,123,61547,57
39,70,1,124,62047,52
39,70,1,125,62547,61
39,70,1,126,63047,50
39,70,1,127,63547,53
39,70,1,128,64047,57
39,70,1,129,64547,59
39,70,1,130,65047,52
39,70,1,131,65547,56
39,70,1,132,66047,63
39,70,1,133,66547,57
39,70,1,134,67047,63
39,70,1,135,67547,67
39,70,1,136,68047,71
39,70,1,137,68547,71
39,70,1,138,69047,55
39,70,1,139,69547,74
39,70,1,140,70047,71
39,70,1,141,70547,55
39,70,1,142,71047,61
39,70,1,143,71547,67
39,70,1,144,72047,74
39,70,1,145,72547,60
39,70,1,146,73047,63
39,70,1,147,73547,74
39,70,1,148,74047,71
39,70,1,149,74547,68
39,70,1,150,75047,61
39,70,1,151,75547,79
39,70,1,152,76047,63
39,70,1,153,76547,61
39,70,1,154,77047,79
39,70,1,155,77547,53
39,70,1,156,78047,57
39,70,1,157,78547,79
39,70,1,158,79047,57
39,70,1,159,79547,59
39,70,1,160,80047,63
39,70,1,161,80547,77
39,70,1,162,81047,55
39,70,1,163,81547,63
39,70,1,164,82047,61
39,70,1,165,82547,55
39,70,1,166,83047,63
39,70,1,167,83547,59
39,70,1,168,84047,52
39,70,1,169,84547,73
39,70,1,170,85047,43
39,70,1,171,85547,51
39,70,1,172,86047,76
39,70,1,173,86547,59
39,70,1,174,87047,45
39,70,1,175,87547,45
39,70,1,176,88047,67
39,70,1,177,88547,71
39,70,1,178,89047,50
39,70,1,179,89547,45
39,70,1,180,90047,72
39,70,1,181,90547,59
39,70,1,182,91047,57
39,70,1,183,91547,55
39,70,1,184,92047,61
39,70,1,185,92547,71
39,70,1,186,93047,69
39,70,1,187,93547,68
39,70,1,188,94047,54
39,70,1,189,94547,75
39,70,1,190,95047,63
39,70,1,191,95547,61
39,70,1,192,96047,81
39,70,1,193,96547,73
39,70,1,194,97047,67
39,70,1,195,97547,76
39,70,1,196,98047,70
39,70,1,197,98547,69
39,70,1,198,99047,71
39,70,1,199,99547,67
39,70,1,200,100047,75
39,70,1,201,100547,83
39,70,1,202,101047,63
39,70,1,203,101547,84
39,70,1,204,102047,81
39,70,1,205,102547,83
39,70,1,206,103047,83
39,70,1,207,103547,76
39,70,1,208,104047,81
39,70,1,209,104547,83
39,70,1,210,105047,89
39,70,1,211,105547,85
39,70,1,212,106047,61
39,70,1,213,106547,85
39,70,1,214,107047,83
39,70,1,215,107547,72
39,70,1,216,108047,71
39,70,1,217,108547,63
39,70,1,218,109047,72
39,70,1,219,109547,68
39,70,1,220,110047,63
39,70,1,221,110547,86
39,70,1,222,111047,59
39,70,1,223,111547,54
39,70,1,224,112047,73
39,70,1,225,112547,67
39,70,1,226,113047,57
39,70,1,227,113547,57
39,70,1,228,114047,62
39,70,1,229,114547,56
39,70,1,230,115047,56
39,70,1,231,115547,59
39,70,1,232,116047,55
39,70,1,233,116547,61
39,70,1,234,117047,61
39,70,1,235,117547,55
39,70,1,236,118047,55
39,70,1,237,118547,60
39,70,1,238,119047,59
39,70,1,239,119547,71
39,70,1,240,120047,67
39,70,1,241,120547,57
39,70,1,242,121047,71
39,70,1,243,121547,70
39,70,1,244,122047,47
39,70,1,245,122547,73
39,70,1,246,123047,69
39,70,1,247,123547,53
39,70,1,248,124047,62
39,70,1,249,124547,89
39,70,1,250,125047,43
39,70,1,251,125547,61
39,70,1,252,126047,75
39,70,1,253,126547,71
39,70,1,254,127047,54
39,70,1,255,127547,57
39,70,1,256,128047,47
39,70,1,257,128547,53
39,70,1,258,129047,55
39,70,1,259,129547,73
39,70,1,260,130047,69
39,70,1,261,130547,51
39,70,1,262,131047,61
39,70,1,263,131547,58
39,70,1,264,132047,70
39,70,1,265,132547,51
39,70,1,266,133047,39
39,70,1,267,133547,69
39,70,1,268,134047,56
39,70,1,269,134547,57
39,70,1,270,135047,71
39,70,1,271,135547,71
39,70,1,272,136047,47
39,70,1,273,136547,69
39,70,1,274,137047,64
39,70,1,275,137547,62
39,70,1,276,138047,71
39,70,1,277,138547,72
39,70,1,278,139047,48
39,70,1,279,139547,76
39,70,1,280,140047,85
39,70,1,281,140547,77
39,70,1,282,141047,73
39,70,1,283,141547,73
39,70,1,284,142047,81
39,70,1,285,142547,79
39,70,1,286,143047,75
39,70,1,287,143547,80
39,70,1,288,144047,83
39,70,1,289,144547,75
39,70,1,290,145047,78
39,70,1,291,145547,87
39,70,1,292,146047,79
39,70,1,293,146547,71
39,70,1,294,147047,67
39,70,1,295,147547,87
39,70,1,296,148047,87
39,70,1,297,148547,77
39,70,1,298,149047,77
39,70,1,299,149547,75
39,70,1,300,150047,71
39,70,1,301,150547,76
39,70,1,302,151047,85
39,70,1,303,151547,71
39,70,1,304,152047,69
39,70,1,305,152547,75
39,70,1,306,153047,73
39,70,1,307,153547,91
39,70,1,308,154047,63
39,70,1,309,154547,60
39,70,1,310,155047,61
39,70,1,311,155547,62
39,70,1,312,156047,46
39,70,1,313,156547,51
39,70,1,314,157047,57
39,70,1,315,157547,43
39,70,1,316,158047,47
39,70,1,317,158547,53
39,70,1,318,159047,63
39,70,1,319,159547,24
39,70,1,320,160047,47
39,70,1,321,160547,73
39,70,1,322,161047,47
39,70,1,323,161547,50
39,70,1,324,162047,68
39,70,1,325,162547,74
39,70,1,326,163047,45
39,70,1,327,163547,47
39,70,1,328,164047,83
39,70,1,329,164547,73
39,70,1,330,165047,51
39,70,1,331,165547,57
39,70,1,332,166047,76
39,70,1,333,166547,87
39,70,1,334,167047,75
39,70,1,335,167547,71
39,70,1,336,168047,72
39,70,1,337,168547,75
39,70,1,338,169047,88
39,70,1,339,169547,77
39,70,1,340,170047,63
39,70,1,341,170547,79
39,70,1,342,171047,71
39,70,1,343,171547,85
39,70,1,344,172047,91
39,70,1,345,172547,75
39,70,1,346,173047,75
39,70,1,347,173547,95
39,70,1,348,174047,95
39,70,1,349,174547,72
39,70,1,350,175047,87
39,70,1,351,175547,92
39,70,1,352,176047,83
39,70,1,353,176547,75
39,70,1,354,177047,77
39,70,1,355,177547,78
39,70,1,356,178047,81
39,70,1,357,178547,76
39,70,1,358,179047,67
39,70,1,359,179547,75
39,70,1,360,180047,87
39,70,1,361,180547,43
39,70,1,362,181047,58
39,70,1,363,181547,59
39,70,1,364,182047,60
39,70,1,365,182547,67
39,70,1,366,183047,56
39,70,1,367,183547,71
39,70,1,368,184047,74
39,70,1,369,184547,69
39,70,1,370,185047,72
39,70,1,371,185547,55
39,70,1,372,186047,43
39,70,1,373,186547,69
39,70,1,374,187047,77
39,70,1,375,187547,52
39,70,1,376,188047,56
39,70,1,377,188547,72
39,70,1,378,189047,75
39,70,1,379,189547,57
39,70,1,380,190047,73
39,70,1,381,190547,82
39,70,1,382,191047,59
39,70,1,383,191547,57
39,70,1,384,192047,75
39,70,1,385,192547,73
39,70,1,386,193047,73
39,70,1,387,193547,67
39,70,1,388,194047,55
39,70,1,389,194547,81
39,70,1,390,195047,63
39,70,1,391,195547,60
39,70,1,392,196047,69
39,70,1,393,196547,75
39,70,1,394,197047,75
39,70,1,395,197547,47
39,70,1,396,198047,73
39,70,1,397,198547,79
39,70,1,398,199047,62
39,70,1,399,199547,68
39,70,1,400,200047,59
39,70,1,401,200547,61
39,70,1,402,201047,68
39,70,1,403,201547,71
39,70,1,404,202047,71
39,70,1,405,202547,47
39,70,1,406,203047,75
39,70,1,407,203547,63
39,70,1,408,204047,57
39,70,1,409,204547,72
39,70,1,410,205047,72
39,70,1,411,205547,73
39,70,1,412,206047,77
39,70,1,413,206547,63
39,70,1,414,207047,63
39,70,1,415,207547,85
39,70,1,416,208047,69
39,70,1,417,208547,77
39,70,1,418,209047,83
39,70,1,419,209547,63
39,70,1,420,210047,81
39,70,1,421,210547,107
39,70,1,422,211047,56
39,70,1,423,211547,90
39,70,1,424,212047,87
39,70,1,425,212547,85
39,70,1,426,213047,73
39,70,1,427,213547,91
39,70,1,428,214047,77
39,70,1,429,214547,69
39,70,1,430,215047,74
39,70,1,431,215547,91
39,70,1,432,216047,87
39,70,1,433,216547,54
39,70,1,434,217047,69
39,70,1,435,217547,73
39,70,1,436,218047,59
39,70,1,437,218547,47
39,70,1,438,219047,69
39,70,1,439,219547,55
39,70,1,440,220047,57
39,70,1,441,220547,47
39,70,1,442,221047,42
39,70,1,443,221547,47
39,70,1,444,222047,55
39,70,1,445,222547,57
39,70,1,446,223047,44
39,70,1,447,223547,58
39,70,1,448,224047,70
39,70,1,449,224547,47
39,70,1,450,225047,56
39,70,1,451,225547,76
39,70,1,452,226047,69
39,70,1,453,226547,57
39,70,1,454,227047,70
39,70,1,455,227547,77
39,70,1,456,228047,67
39,70,1,457,228547,69
39,70,1,458,229047,82
39,70,1,459,229547,68
39,70,1,460,230047,58
39,70,1,461,230547,73
39,70,1,462,231047,75
39,70,1,463,231547,61
39,70,1,464,232047,67
39,70,1,465,232547,75
39,70,1,466,233047,55
39,70,1,467,233547,67
39,70,1,468,234047,68
39,70,1,469,234547,71
39,70,1,470,235047,63
39,70,1,471,235547,51
39,70,1,472,236047,56
39,70,1,473,236547,64
39,70,1,474,237047,69
39,70,1,475,237547,60
39,70,1,476,238047,61
39,70,1,477,238547,79
39,70,1,478,239047,54
39,70,1,479,239547,55
39,70,1,480,240047,74
39,70,1,481,240547,73
39,70,1,482,241047,63
39,70,1,483,241547,57
39,70,1,484,242047,70
39,70,1,485,242547,70
39,70,1,486,243047,59
39,70,1,487,243547,70
39,70,1,488,244047,72
39,70,1,489,244547,44
39,70,1,490,245047,69
39,70,1,491,245547,71
39,70,1,492,246047,59
39,70,1,493,246547,67
39,70,1,494,247047,53
39,70,1,495,247547,55
39,70,1,496,248047,73
39,70,1,497,248547,60
39,70,1,498,249047,72
39,70,1,499,249547,59
39,70,1,500,250047,61
39,70,1,501,250547,61
39,70,1,502,251047,69
39,70,1,503,251547,47
39,70,1,504,252047,79
39,70,1,505,252547,59
39,70,1,506,253047,63
39,70,1,507,253547,53
39,70,1,508,254047,73
39,70,1,509,254547,75
39,70,1,510,255047,72
39,70,1,511,255547,61
39,70,1,512,256047,71
39,70,1,513,256547,59
39,70,1,514,257047,69
39,70,1,515,257547,62
39,70,1,516,258047,59
39,70,1,517,258547,68
39,70,1,518,259047,59
39,70,1,519,259547,59
39,70,1,520,260047,63
39,70,1,521,260547,69
39,70,1,522,261047,58
39,70,1,523,261547,55
39,70,1,524,262047,69
39,70,1,525,262547,73
39,70,1,526,263047,69
39,70,1,527,263547,61
39,70,1,528,264047,78
39,70,1,529,264547,78
39,70,1,530,265047,73
39,70,1,531,265547,86
39,70,1,532,266047,63
39,70,1,533,266547,69
39,70,1,534,267047,91
39,70,1,535,267547,54
39,70,1,536,268047,71
39,70,1,537,268547,87
39,70,1,538,269047,64
39,70,1,539,269547,74
39,70,1,540,270047,87
39,70,1,541,270547,63
39,70,1,542,271047,72
39,70,1,543,271547,76
39,70,1,544,272047,86
39,70,1,545,272547,76
39,70,1,546,273047,69
39,70,1,547,273547,77
39,70,1,548,274047,73
39,70,1,549,274547,82
39,70,1,550,275047,92
39,70,1,551,275547,79
39,70,1,552,276047,85
39,70,1,553,276547,78
39,70,1,554,277047,84
39,70,1,555,277547,75
39,70,1,556,278047,73
39,70,1,557,278547,78
39,70,1,558,279047,63
39,70,1,559,279547,59
39,70,1,560,280047,71
39,70,1,561,280547,59
39,70,1,562,281047,77
39,70,1,563,281547,56
39,70,1,564,282047,57
39,70,1,565,282547,60
39,70,1,566,283047,45
39,70,1,567,283547,57
39,70,1,568,284047,56
39,70,1,569,284547,23
39,70,1,570,285047,71
39,70,1,571,285547,53
39,70,1,572,286047,42
39,70,1,573,286547,47
39,70,1,574,287047,54
39,70,1,575,287547,51
39,70,1,576,288047,39
39,70,1,577,288547,63
39,70,1,578,289047,59
39,70,1,579,289547,42
39,70,1,580,290047,59
39,70,1,581,290547,75
39,70,1,582,291047,57
39,70,1,583,291547,59
39,70,1,584,292047,68
39,70,1,585,292547,67
39,70,1,586,293047,76
39,70,1,587,293547,83
39,70,1,588,294047,71
39,70,1,589,294547,79
39,70,1,590,295047,83
39,70,1,591,295547,78
39,70,1,592,296047,88
39,70,1,593,296547,92
39,70,1,594,297047,71
39,70,1,595,297547,79
39,70,1,596,298047,85
39,70,1,597,298547,69
39,70,1,598,299047,92
39,70,1,599,299547,69
39,70,1,600,300047,52
39,70,1,601,300547,91
39,70,1,602,301047,77
39,70,1,603,301547,58
39,70,1,604,302047,73
39,70,1,605,302547,59
39,70,1,606,303047,69
39,70,1,607,303547,85
39,70,1,608,304047,76
39,70,1,609,304547,58
39,70,1,610,305047,74
39,70,1,611,305547,75
39,70,1,612,306047,59
39,70,1,613,306547,71
39,70,1,614,307047,61
39,70,1,615,307547,69
39,70,1,616,308047,75
39,70,1,617,308547,85
39,70,1,618,309047,73
39,70,1,619,309547,59
39,70,1,620,310047,71
39,70,1,621,310547,73
39,70,1,622,311047,70
39,70,1,623,311547,63
39,70,1,624,312047,67
39,70,1,625,312547,70
39,70,1,626,313047,82
39,70,1,627,313547,74
39,70,1,628,314047,55
39,70,1,629,314547,75
39,70,1,630,315047,70
39,70,1,631,315547,71
39,70,1,632,316047,63
39,70,1,633,316547,77
39,70,1,634,317047,61
39,70,1,635,317547,67
39,70,1,636,318047,70
39,70,1,637,318547,69
39,70,1,638,319047,63
39,70,1,639,319547,62
39,70,1,640,320047,71
39,70,1,641,320547,54
39,70,1,642,321047,68
39,70,1,643,321547,56
39,70,1,644,322047,61
39,70,1,645,322547,61
39,70,1,646,323047,47
39,70,1,647,323547,57
39,70,1,648,324047,51
39,70,1,649,324547,59
39,70,1,650,325047,39
39,70,1,651,325547,41
39,70,1,652,326047,62
39,70,1,653,326547,31
39,70,1,654,327047,37
39,70,1,655,327547,47
39,70,1,656,328047,45
39,70,1,657,328547,36
39,70,1,658,329047,39
39,70,1,659,329547,55
39,70,1,660,330047,47
39,70,1,661,330547,41
39,70,1,662,331047,62
39,70,1,663,331547,46
39,70,1,664,332047,42
39,70,1,665,332547,63
39,70,1,666,333047,72
39,70,1,667,333547,51
39,70,1,668,334047,69
39,70,1,669,334547,63
39,70,1,670,335047,61
39,70,1,671,335547,78
39,70,1,672,336047,61
39,70,1,673,336547,82
39,70,1,674,337047,71
39,70,1,675,337547,83
39,70,1,676,338047,79
39,70,1,677,338547,87
39,70,1,678,339047,77
39,70,1,679,339547,74
39,70,1,680,340047,73
39,70,1,681,340547,87
39,70,1,682,341047,78
39,70,1,683,341547,91
39,70,1,684,342047,76
39,70,1,685,342547,75
39,70,1,686,343047,89
39,70,1,687,343547,87
39,70,1,688,344047,73
39,70,1,689,344547,73
39,70,1,690,345047,75
39,70,1,691,345547,83
39,70,1,692,346047,76
39,70,1,693,346547,77
39,70,1,694,347047,79
39,70,1,695,347547,73
39,70,1,696,348047,78
39,70,1,697,348547,75
39,70,1,698,349047,63
39,70,1,699,349547,63
39,70,1,700,350047,63
39,70,1,701,350547,56
39,70,1,702,351047,69
39,70,1,703,351547,68
39,70,1,704,352047,43
39,70,1,705,352547,61
39,70,1,706,353047,71
39,70,1,707,353547,56
39,70,1,708,354047,51
39,70,1,709,354547,69
39,70,1,710,355047,59
39,70,1,711,355547,57
39,70,1,712,356047,61
39,70,1,713,356547,85
39,70,1,714,357047,61
39,70,1,715,357547,58
39,70,1,716,358047,70
39,70,1,717,358547,74
39,70,1,718,359047,71
39,70,1,719,359547,75
39,70,1,720,360047,87
39,70,1,721,360547,73
39,70,1,722,361047,83
39,70,1,723,361547,75
39,70,1,724,362047,86
39,70,1,725,362547,89
39,70,1,726,363047,94
39,70,1,727,363547,59
39,70,1,728,364047,85
39,70,1,729,364547,115
39,70,1,730,365047,97
39,70,1,731,365547,67
39,70,1,732,366047,91
39,70,1,733,366547,95
39,70,1,734,367047,74
39,70,1,735,367547,73
39,70,1,736,368047,77
39,70,1,737,368547,71
39,70,1,738,369047,56
39,70,1,739,369547,69
39,70,1,740,370047,73
39,70,1,741,370547,55
39,70,1,742,371047,74
39,70,1,743,371547,61
39,70,1,744,372047,53
39,70,1,745,372547,62
39,70,1,746,373047,59
39,70,1,747,373547,61
39,70,1,748,374047,63
39,70,1,749,374547,45
39,70,1,750,375047,56
39,70,1,751,375547,57
39,70,1,752,376047,63
39,70,1,753,376547,59
39,70,1,754,377047,55
39,70,1,755,377547,63
39,70,1,756,378047,59
39,70,1,757,378547,75
39,70,1,758,379047,59
39,70,1,759,379547,71
39,70,1,760,380047,79
39,70,1,761,380547,73
39,70,1,762,381047,55
39,70,1,763,381547,74
39,70,1,764,382047,85
39,70,1,765,382547,72
39,70,1,766,383047,87
39,70,1,767,383547,78
39,70,1,768,384047,85
39,70,1,769,384547,71
39,70,1,770,385048,75
39,70,1,771,385547,67
39,70,1,772,386047,86
39,70,1,773,386547,70
39,70,1,774,387047,69
39,70,1,775,387547,71
39,70,1,776,388047,75
39,70,1,777,388547,82
39,70,1,778,389047,59
39,70,1,779,389547,52
39,70,1,780,390047,75
39,70,1,781,390547,63
39,70,1,782,391047,55
39,70,1,783,391547,83
39,70,1,784,392047,72
39,70,1,785,392547,56
39,70,1,786,393047,71
39,70,1,787,393547,61
39,70,1,788,394047,47
39,70,1,789,394547,63
39,70,1,790,395047,57
39,70,1,791,395547,45
39,70,1,792,396047,61
39,70,1,793,396547,56
39,70,1,794,397047,51
39,70,1,795,397547,61
39,70,1,796,398047,69
39,70,1,797,398547,47
39,70,1,798,399047,57
39,70,1,799,399547,57
39,70,1,800,400047,47
39,70,1,801,400547,53
39,70,1,802,401047,69
39,70,1,803,401547,52
39,70,1,804,402047,52
39,70,1,805,402547,59
39,70,1,806,403047,71
39,70,1,807,403547,61
39,70,1,808,404047,71
39,70,1,809,404547,57
39,70,1,810,405047,85
39,70,1,811,405547,76
39,70,1,812,406047,59
39,70,1,813,406547,77
39,70,1,814,407047,83
39,70,1,815,407547,52
39,70,1,816,408047,87
39,70,1,817,408547,77
39,70,1,818,409047,75
39,70,1,819,409547,87
39,70,1,820,410047,98
39,70,1,821,410547,82
39,70,1,822,411047,75
39,70,1,823,411547,93
39,70,1,824,412047,77
39,70,1,825,412547,85
39,70,1,826,413047,85
39,70,1,827,413547,77
39,70,1,828,414047,87
39,70,1,829,414547,75
39,70,1,830,415047,76
39,70,1,831,415547,76
39,70,1,832,416047,84
39,70,1,833,416547,86
39,70,1,834,417047,79
39,70,1,835,417547,87
39,70,1,836,418047,67
39,70,1,837,418547,75
39,70,1,838,419047,87
39,70,1,839,419547,71
39,70,1,840,420047,79
39,70,1,841,420547,62
39,70,1,842,421047,67
39,70,1,843,421547,64
39,70,1,844,422047,64
39,70,1,845,422547,77
39,70,1,846,423047,54
39,70,1,847,423547,54
39,70,1,848,424047,75
39,70,1,849,424547,55
39,70,1,850,425047,53
39,70,1,851,425547,55
39,70,1,852,426047,59
39,70,1,853,426547,46
39,70,1,854,427047,47
39,70,1,855,427547,61
39,70,1,856,428047,38
39,70,1,857,428547,59
39,70,1,858,429047,55
39,70,1,859,429547,53
39,70,1,860,430047,55
39,70,1,861,430547,59
39,70,1,862,431047,45
39,70,1,863,431547,44
39,70,1,864,432047,63
39,70,1,865,432547,53
39,70,1,866,433047,31
39,70,1,867,433547,60
39,70,1,868,434047,57
39,70,1,869,434547,39
39,70,1,870,435047,47
39,70,1,871,435547,57
39,70,1,872,436047,44
39,70,1,873,436547,45
39,70,1,874,437047,59
39,70,1,875,437547,47
39,70,1,876,438047,36
39,70,1,877,438547,59
39,70,1,878,439047,60
39,70,1,879,439547,51
39,70,1,880,440047,43
39,70,1,881,440547,61
39,70,1,882,441047,68
39,70,1,883,441547,61
39,70,1,884,442047,62
39,70,1,885,442547,56
39,70,1,886,443047,70
39,70,1,887,443547,83
39,70,1,888,444047,63
39,70,1,889,444547,79
39,70,1,890,445047,92
39,70,1,891,445547,71
39,70,1,892,446047,73
39,70,1,893,446547,95
39,70,1,894,447047,87
39,70,1,895,447547,63
39,70,1,896,448047,87
39,70,1,897,448547,77
39,70,1,898,449047,73
39,70,1,899,449547,85
39,70,1,900,450047,85
39,70,1,901,450547,79
39,70,1,902,451047,73
39,70,1,903,451547,75
39,70,1,904,452047,84
39,70,1,905,452547,83
39,70,1,906,453047,76
39,70,1,907,453547,55
39,70,1,908,454047,69
39,70,1,909,454547,75
39,70,1,910,455047,63
39,70,1,911,455547,55
39,70,1,912,456047,55
39,70,1,913,456547,75
39,70,1,914,457047,53
39,70,1,915,457547,47
39,70,1,916,458047,67
39,70,1,917,458547,63
39,70,1,918,459047,57
39,70,1,919,459547,43
39,70,1,920,460047,52
39,70,1,921,460547,60
39,70,1,922,461047,59
39,70,1,923,461547,59
39,70,1,924,462047,57
39,70,1,925,462547,52
39,70,1,926,463047,73
39,70,1,927,463547,73
39,70,1,928,464047,61
39,70,1,929,464547,61
39,70,1,930,465047,75
39,70,1,931,465547,63
39,70,1,932,466047,61
39,70,1,933,466547,79
39,70,1,934,467047,79
39,70,1,935,467547,72
39,70,1,936,468047,72
39,70,1,937,468547,62
39,70,1,938,469047,75
39,70,1,939,469547,79
39,70,1,940,470047,77
39,70,1,941,470547,57
39,70,1,942,471047,57
39,70,1,943,471547,83
39,70,1,944,472047,73
39,70,1,945,472547,52
39,70,1,946,473047,70
39,70,1,947,473547,79
39,70,1,948,474047,61
39,70,1,949,474547,47
39,70,1,950,475047,69
39,70,1,951,475547,73
39,70,1,952,476047,59
39,70,1,953,476547,57
39,70,1,954,477047,73
39,70,1,955,477547,79
39,70,1,956,478047,61
39,70,1,957,478547,69
39,70,1,958,479047,67
39,70,1,959,479547,69
39,70,1,960,480047,71
39,70,1,961,480547,61
39,70,1,962,481047,59
39,70,1,963,481547,55
39,70,1,964,482047,63
39,70,1,965,482547,68
39,70,1,966,483047,62
39,70,1,967,483547,47
39,70,1,968,484047,55
39,70,1,969,484547,58
39,70,1,970,485047,54
39,70,1,971,485547,60
39,70,1,972,486047,42
39,70,1,973,486547,47
39,70,1,974,487047,67
39,70,1,975,487547,55
39,70,1,976,488047,60
39,70,1,977,488547,59
39,70,1,978,489047,55
39,70,1,979,489547,69
39,70,1,980,490047,61
39,70,1,981,490547,57
39,70,1,982,491047,69
39,70,1,983,491547,78
39,70,1,984,492047,71
39,70,1,985,492547,70
39,70,1,986,493047,73
39,70,1,987,493547,79
39,70,1,988,494047,74
39,70,1,989,494547,86
39,70,1,990,495047,79
39,70,1,991,495547,77
39,70,1,992,496047,77
39,70,1,993,496547,74
39,70,1,994,497047,89
39,70,1,995,497547,69
39,70,1,996,498047,63
39,70,1,997,498547,70
39,70,1,998,499047,76
39,70,1,999,499547,59
39,70,1,1000,500047,59
39,70,1,1001,500547,69
39,70,1,1002,501047,71
39,70,1,1003,501547,53
39,70,1,1004,502047,63
39,70,1,1005,502547,78
39,70,1,1006,503047,55
39,70,1,1007,503547,57
39,70,1,1008,504047,59
39,70,1,1009,504547,69
39,70,1,1010,505047,63
39,70,1,1011,505547,61
39,70,1,1012,506047,76
39,70,1,1013,506547,79
39,70,1,1014,507047,75
39,70,1,1015,507547,73
39,70,1,1016,508047,85
39,70,1,1017,508547,89
39,70,1,1018,509047,77
39,70,1,1019,509547,77
39,70,1,1020,510047,87
39,70,1,1021,510547,85
39,70,1,1022,511047,79
39,70,1,1023,511547,86
39,70,1,1024,512047,89
39,70,1,1025,512547,74
39,70,1,1026,513047,73
39,70,1,1027,513547,83
39,70,1,1028,514047,78
39,70,1,1029,514547,61
39,70,1,1030,515047,59
39,70,1,1031,515547,83
39,70,1,1032,516047,59
39,70,1,1033,516547,57
39,70,1,1034,517047,78
39,70,1,1035,517547,63
39,70,1,1036,518047,71
39,70,1,1037,518547,57
39,70,1,1038,519047,55
39,70,1,1039,519547,39
39,70,1,1040,520047,61
39,70,1,1041,520547,60
39,70,1,1042,521047,45
39,70,1,1043,521547,31
39,70,1,1044,522047,60
39,70,1,1045,522547,43
39,70,1,1046,523047,55
39,70,1,1047,523547,46
39,70,1,1048,524047,43
39,70,1,1049,524547,43
39,70,1,1050,525047,60
39,70,1,1051,525547,41
39,70,1,1052,526047,55
39,70,1,1053,526547,54
39,70,1,1054,527048,44
39,70,1,1055,527547,47
39,70,1,1056,528047,72
39,70,1,1057,528547,45
39,70,1,1058,529047,59
39,70,1,1059,529547,69
39,70,1,1060,530047,53
39,70,1,1061,530547,70
39,70,1,1062,531047,69
39,70,1,1063,531547,77
39,70,1,1064,532047,82
39,70,1,1065,532547,70
39,70,1,1066,533047,87
39,70,1,1067,533547,103
39,70,1,1068,534047,73
39,70,1,1069,534547,88
39,70,1,1070,535047,91
39,70,1,1071,535547,89
39,70,1,1072,536047,87
39,70,1,1073,536547,91
39,70,1,1074,537047,87
39,70,1,1075,537547,93
39,70,1,1076,538047,92
39,70,1,1077,538547,86
39,70,1,1078,539047,89
39,70,1,1079,539547,73
39,70,1,1080,540047,84
39,70,1,1081,540547,71
39,70,1,1082,541047,83
39,70,1,1083,541547,62
39,70,1,1084,542047,72
39,70,1,1085,542547,70
39,70,1,1086,543047,61
39,70,1,1087,543547,53
39,70,1,1088,544047,73
39,70,1,1089,544547,61
39,70,1,1090,545047,51
39,70,1,1091,545547,61
39,70,1,1092,546047,72
39,70,1,1093,546547,59
39,70,1,1094,547047,55
39,70,1,1095,547547,63
39,70,1,1096,548047,71
39,70,1,1097,548547,50
39,70,1,1098,549047,57
39,70,1,1099,549547,71
39,70,1,1100,550047,62
39,70,1,1101,550547,56
39,70,1,1102,551047,79
39,70,1,1103,551547,63
39,70,1,1104,552047,61
39,70,1,1105,552547,75
39,70,1,1106,553047,73
39,70,1,1107,553547,77
39,70,1,1108,554047,72
39,70,1,1109,554547,63
39,70,1,1110,555047,78
39,70,1,1111,555547,72
39,70,1,1112,556047,76
39,70,1,1113,556547,85
39,70,1,1114,557047,64
39,70,1,1115,557547,61
39,70,1,1116,558047,78
39,70,1,1117,558547,70
39,70,1,1118,559047,77
39,70,1,1119,559547,75
39,70,1,1120,560047,51
39,70,1,1121,560547,68
39,70,1,1122,561047,71
39,70,1,1123,561547,60
39,70,1,1124,562047,55
39,70,1,1125,562547,59
39,70,1,1126,563047,61
39,70,1,1127,563547,55
39,70,1,1128,564047,58
39,70,1,1129,564547,71
39,70,1,1130,565047,62
39,70,1,1131,565547,59
39,70,1,1132,566047,62
39,70,1,1133,566547,71
39,70,1,1134,567047,56
39,70,1,1135,567547,53
39,70,1,1136,568047,53
39,70,1,1137,568547,60
39,70,1,1138,569047,55
39,70,1,1139,569547,57
39,70,1,1140,570047,55
39,70,1,1141,570547,69
39,70,1,1142,571047,47
39,70,1,1143,571547,51
39,70,1,1144,572047,82
39,70,1,1145,572547,47
39,70,1,1146,573047,73
39,70,1,1147,573547,56
39,70,1,1148,574047,68
39,70,1,1149,574547,85
39,70,1,1150,575047,61
39,70,1,1151,575547,69
39,70,1,1152,576047,74
39,70,1,1153,576547,75
39,70,1,1154,577047,71
39,70,1,1155,577547,71
39,70,1,1156,578047,74
39,70,1,1157,578547,57
39,70,1,1158,579047,68
39,70,1,1159,579547,78
39,70,1,1160,580047,72
39,70,1,1161,580547,63
39,70,1,1162,581047,62
39,70,1,1163,581547,73
39,70,1,1164,582047,61
39,70,1,1165,582547,71
39,70,1,1166,583047,87
39,70,1,1167,583547,57
39,70,1,1168,584047,73
39,70,1,1169,584547,83
39,70,1,1170,585047,87
39,70,1,1171,585547,57
39,70,1,1172,586047,75
39,70,1,1173,586547,91
39,70,1,1174,587047,84
39,70,1,1175,587547,78
39,70,1,1176,588047,91
39,70,1,1177,588547,75
39,70,1,1178,589047,79
39,70,1,1179,589547,93
39,70,1,1180,590047,89
39,70,1,1181,590547,72
39,70,1,1182,591047,83
39,70,1,1183,591547,78
39,70,1,1184,592047,76
39,70,1,1185,592547,73
39,70,1,1186,593047,71
39,70,1,1187,593547,63
39,70,1,1188,594047,73
39,70,1,1189,594547,82
39,70,1,1190,595047,51
39,70,1,1191,595547,59
39,70,1,1192,596047,75
39,70,1,1193,596547,63
39,70,1,1194,597047,70
39,70,1,1195,597547,69
39,70,1,1196,598047,71
39,70,1,1197,598547,75
39,70,1,1198,599047,75
39,70,1,1199,599547,73
39,70,1,1200,600047,61
39,70,1,1201,600547,69
39,70,1,1202,601047,79
39,70,1,1203,601547,73
39,70,1,1204,602047,61
39,70,1,1205,602547,59
39,70,1,1206,603047,85
39,70,1,1207,603547,75
39,70,1,1208,604047,43
39,70,1,1209,604547,68
39,70,1,1210,605047,64
39,70,1,1211,605547,62
39,70,1,1212,606047,56
39,70,1,1213,606547,57
39,70,1,1214,607047,61
39,70,1,1215,607547,63
39,70,1,1216,608047,55
39,70,1,1217,608547,61
39,70,1,1218,609047,59
39,70,1,1219,609547,61
39,70,1,1220,610047,67
39,70,1,1221,610547,59
39,70,1,1222,611047,58
39,70,1,1223,611547,55
39,70,1,1224,612047,57
39,70,1,1225,612547,55
39,70,1,1226,613047,69
39,70,1,1227,613547,63
39,70,1,1228,614047,55
39,70,1,1229,614547,71
39,70,1,1230,615047,67
39,70,1,1231,615547,45
39,70,1,1232,616047,55
39,70,1,1233,616547,62
39,70,1,1234,617047,64
39,70,1,1235,617547,77
39,70,1,1236,618047,69
39,70,1,1237,618547,63
39,70,1,1238,619047,72
39,70,1,1239,619547,72
39,70,1,1240,620047,71
39,70,1,1241,620547,72
39,70,1,1242,621047,54
39,70,1,1243,621547,68
39,70,1,1244,622047,85
39,70,1,1245,622547,69
39,70,1,1246,623047,54
39,70,1,1247,623547,75
39,70,1,1248,624047,62
39,70,1,1249,624547,56
39,70,1,1250,625047,63
39,70,1,1251,625547,60
39,70,1,1252,626047,59
39,70,1,1253,626547,57
39,70,1,1254,627047,72
39,70,1,1255,627547,35
39,70,1,1256,628047,60
39,70,1,1257,628547,37
39,70,1,1258,629047,51
39,70,1,1259,629547,61
39,70,1,1260,630047,47
39,70,1,1261,630547,41
39,70,1,1262,631047,54
39,70,1,1263,631547,71
39,70,1,1264,632047,55
39,70,1,1265,632547,52
39,70,1,1266,633047,59
39,70,1,1267,633547,62
39,70,1,1268,634047,63
39,70,1,1269,634547,61
39,70,1,1270,635047,59
39,70,1,1271,635547,83
39,70,1,1272,636047,57
39,70,1,1273,636547,56
39,70,1,1274,637047,69
39,70,1,1275,637547,73
39,70,1,1276,638047,74
39,70,1,1277,638547,78
39,70,1,1278,639047,81
39,70,1,1279,639547,73
39,70,1,1280,640047,79
39,70,1,1281,640547,90
39,70,1,1282,641047,71
39,70,1,1283,641547,79
39,70,1,1284,642047,73
39,70,1,1285,642547,69
39,70,1,1286,643047,79
39,70,1,1287,643547,90
39,70,1,1288,644047,59
39,70,1,1289,644547,61
39,70,1,1290,645047,77
39,70,1,1291,645547,75
39,70,1,1292,646047,61
39,70,1,1293,646547,60
39,70,1,1294,647047,71
39,70,1,1295,647547,70
39,70,1,1296,648047,52
39,70,1,1297,648547,67
39,70,1,1298,649047,76
39,70,1,1299,649547,69
39,70,1,1300,650047,59
39,70,1,1301,650547,74
39,70,1,1302,651047,61
39,70,1,1303,651547,71
39,70,1,1304,652047,64
39,70,1,1305,652547,79
39,70,1,1306,653047,77
39,70,1,1307,653547,47
39,70,1,1308,654047,73
39,70,1,1309,654547,79
39,70,1,1310,655047,76
39,70,1,1311,655547,77
39,70,1,1312,656047,73
39,70,1,1313,656547,61
39,70,1,1314,657047,73
39,70,1,1315,657547,73
39,70,1,1316,658047,69
39,70,1,1317,658547,68
39,70,1,1318,659047,69
39,70,1,1319,659547,59
39,70,1,1320,660047,71
39,70,1,1321,660547,55
39,70,1,1322,661047,72
39,70,1,1323,661547,72
39,70,1,1324,662047,74
39,70,1,1325,662547,60
39,70,1,1326,663047,57
39,70,1,1327,663547,56
39,70,1,1328,664047,59
39,70,1,1329,664547,73
39,70,1,1330,665047,45
39,70,1,1331,665547,41
39,70,1,1332,666047,61
39,70,1,1333,666547,70
39,70,1,1334,667047,26
39,70,1,1335,667547,69
39,70,1,1336,668047,69
39,70,1,1337,668547,51
39,70,1,1338,669047,52
39,70,1,1339,669547,53
39,70,1,1340,670047,51
39,70,1,1341,670547,74
39,70,1,1342,671047,59
39,70,1,1343,671547,53
39,70,1,1344,672047,56
39,70,1,1345,672547,79
39,70,1,1346,673047,59
39,70,1,1347,673547,69
39,70,1,1348,674047,77
39,70,1,1349,674547,73
39,70,1,1350,675047,59
39,70,1,1351,675547,69
39,70,1,1352,676047,74
39,70,1,1353,676547,85
39,70,1,1354,677047,91
39,70,1,1355,677547,92
39,70,1,1356,678047,77
39,70,1,1357,678547,75
39,70,1,1358,679047,87
39,70,1,1359,679547,99
39,70,1,1360,680047,78
39,70,1,1361,680547,77
39,70,1,1362,681047,89
39,70,1,1363,681547,90
39,70,1,1364,682047,105
39,70,1,1365,682547,87
39,70,1,1366,683047,75
39,70,1,1367,683547,82
39,70,1,1368,684047,94
39,70,1,1369,684547,87
39,70,1,1370,685047,59
39,70,1,1371,685547,69
39,70,1,1372,686047,85
39,70,1,1373,686547,78
39,70,1,1374,687047,58
39,70,1,1375,687547,60
39,70,1,1376,688047,89
39,70,1,1377,688547,73
39,70,1,1378,689047,69
39,70,1,1379,689547,68
39,70,1,1380,690047,67
39,70,1,1381,690547,79
39,70,1,1382,691047,61
39,70,1,1383,691547,91
39,70,1,1384,692047,41
39,70,1,1385,692547,58
39,70,1,1386,693047,93
39,70,1,1387,693547,67
39,70,1,1388,694047,79
39,70,1,1389,694547,59
39,70,1,1390,695047,73
39,70,1,1391,695547,80
39,70,1,1392,696047,59
39,70,1,1393,696547,57
39,70,1,1394,697047,73
39,70,1,1395,697547,72
39,70,1,1396,698047,73
39,70,1,1397,698547,57
39,70,1,1398,699047,59
39,70,1,1399,699547,57
39,70,1,1400,700047,71
39,70,1,1401,700547,67
39,70,1,1402,701047,31
39,70,1,1403,701547,53
39,70,1,1404,702047,71
39,70,1,1405,702547,36
39,70,1,1406,703047,41
39,70,1,1407,703547,56
39,70,1,1408,704047,73
39,70,1,1409,704547,58
39,70,1,1410,705047,44
39,70,1,1411,705547,54
39,70,1,1412,706047,53
39,70,1,1413,706547,56
39,70,1,1414,707047,47
39,70,1,1415,707547,35
39,70,1,1416,708047,53
39,70,1,1417,708547,56
39,70,1,1418,709047,76
39,70,1,1419,709547,31
39,70,1,1420,710047,63
39,70,1,1421,710547,70
39,70,1,1422,711047,61
39,70,1,1423,711547,51
39,70,1,1424,712047,74
39,70,1,1425,712547,71
39,70,1,1426,713047,71
39,70,1,1427,713547,57
39,70,1,1428,714047,73
39,70,1,1429,714547,77
39,70,1,1430,715047,73
39,70,1,1431,715547,69
39,70,1,1432,716047,75
39,70,1,1433,716547,68
39,70,1,1434,717047,89
39,70,1,1435,717547,77
39,70,1,1436,718047,56
39,70,1,1437,718547,72
39,70,1,1438,719047,79
39,70,1,1439,719547,55
39,70,1,1440,720047,53
39,70,1,1441,720547,83
39,70,1,1442,721047,59
39,70,1,1443,721547,61
39,70,1,1444,722047,89
39,70,1,1445,722547,57
39,70,1,1446,723047,61
39,70,1,1447,723547,75
39,70,1,1448,724047,71
39,70,1,1449,724547,73
39,70,1,1450,725047,78
39,70,1,1451,725547,61
39,70,1,1452,726047,73
39,70,1,1453,726547,88
39,70,1,1454,727047,94
39,70,1,1455,727547,73
39,70,1,1456,728047,83
39,70,1,1457,728547,71
39,70,1,1458,729047,71
39,70,1,1459,729547,105
39,70,1,1460,730047,73
39,70,1,1461,730547,87
39,70,1,1462,731047,91
39,70,1,1463,731547,73
39,70,1,1464,732047,72
39,70,1,1465,732547,73
39,70,1,1466,733047,75
39,70,1,1467,733547,86
39,70,1,1468,734047,73
39,70,1,1469,734547,72
39,70,1,1470,735047,83
39,70,1,1471,735547,85
39,70,1,1472,736047,75
39,70,1,1473,736547,73
39,70,1,1474,737047,59
39,70,1,1475,737547,75
39,70,1,1476,738047,73
39,70,1,1477,738547,75
39,70,1,1478,739047,53
39,70,1,1479,739547,56
39,70,1,1480,740047,79
39,70,1,1481,740547,59
39,70,1,1482,741047,61
39,70,1,1483,741547,77
39,70,1,1484,742047,54
39,70,1,1485,742547,58
39,70,1,1486,743047,73
39,70,1,1487,743547,55
39,70,1,1488,744047,57
39,70,1,1489,744547,69
39,70,1,1490,745047,67
39,70,1,1491,745547,31
39,70,1,1492,746047,61
39,70,1,1493,746547,62
39,70,1,1494,747047,55
39,70,1,1495,747547,74
39,70,1,1496,748047,67
39,70,1,1497,748547,49
39,70,1,1498,749047,86
39,70,1,1499,749547,85
39,70,1,1500,750047,53
39,70,1,1501,750547,63
39,70,1,1502,751047,82
39,70,1,1503,751547,74
39,70,1,1504,752047,60
39,70,1,1505,752547,69
39,70,1,1506,753047,71
39,70,1,1507,753547,71
39,70,1,1508,754047,53
39,70,1,1509,754547,72
39,70,1,1510,755047,57
39,70,1,1511,755547,59
39,70,1,1512,756047,72
39,70,1,1513,756547,70
39,70,1,1514,757047,53
39,70,1,1515,757547,61
39,70,1,1516,758047,76
39,70,1,1517,758547,57
39,70,1,1518,759047,57
39,70,1,1519,759547,75
39,70,1,1520,760047,75
39,70,1,1521,760547,53
39,70,1,1522,761047,85
39,70,1,1523,761547,75
39,70,1,1524,762047,72
39,70,1,1525,762547,69
39,70,1,1526,763047,69
39,70,1,1527,763547,78
39,70,1,1528,764047,71
39,70,1,1529,764547,59
39,70,1,1530,765047,73
39,70,1,1531,765547,69
39,70,1,1532,766047,62
39,70,1,1533,766547,69
39,70,1,1534,767047,45
39,70,1,1535,767547,67
39,70,1,1536,768047,58
39,70,1,1537,768547,59
39,70,1,1538,769047,67
39,70,1,1539,769547,55
39,70,1,1540,770047,38
39,70,1,1541,770547,58
39,70,1,1542,771047,71
39,70,1,1543,771547,45
39,70,1,1544,772047,45
39,70,1,1545,772547,55
39,70,1,1546,773047,35
39,70,1,1547,773547,26
39,70,1,1548,774047,51
39,70,1,1549,774547,52
39,70,1,1550,775047,51
39,70,1,1551,775547,57
39,70,1,1552,776047,39
39,70,1,1553,776547,61
39,70,1,1554,777047,55
39,70,1,1555,777547,45
39,70,1,1556,778047,69
39,70,1,1557,778547,75
39,70,1,1558,779047,53
39,70,1,1559,779547,56
39,70,1,1560,780047,61
39,70,1,1561,780547,87
39,70,1,1562,781047,74
39,70,1,1563,781547,55
39,70,1,1564,782047,71
39,70,1,1565,782547,79
39,70,1,1566,783047,77
39,70,1,1567,783547,63
39,70,1,1568,784047,50
39,70,1,1569,784547,85
39,70,1,1570,785047,69
39,70,1,1571,785547,51
39,70,1,1572,786047,73
39,70,1,1573,786547,69
39,70,1,1574,787047,59
39,70,1,1575,787547,53
39,70,1,1576,788047,57
39,70,1,1577,788547,55
39,70,1,1578,789047,49
39,70,1,1579,789547,47
39,70,1,1580,790047,67
39,70,1,1581,790547,39
39,70,1,1582,791047,59
39,70,1,1583,791547,79
39,70,1,1584,792047,41
39,70,1,1585,792547,58
39,70,1,1586,793047,63
39,70,1,1587,793547,62
39,70,1,1588,794047,63
39,70,1,1589,794547,60
39,70,1,1590,795047,61
39,70,1,1591,795547,71
39,70,1,1592,796047,83
39,70,1,1593,796547,57
39,70,1,1594,797047,63
39,70,1,1595,797547,93
39,70,1,1596,798047,71
39,70,1,1597,798547,61
39,70,1,1598,799047,57
39,70,1,1599,799547,73
39,70,1,1600,800047,60
39,70,1,1601,800547,58
39,70,1,1602,801047,55
39,70,1,1603,801547,67
39,70,1,1604,802047,71
39,70,1,1605,802547,45
39,70,1,1606,803047,63
39,70,1,1607,803547,63
39,70,1,1608,804047,55
39,70,1,1609,804547,59
39,70,1,1610,805047,54
39,70,1,1611,805547,71
39,70,1,1612,806047,75
39,70,1,1613,806547,57
39,70,1,1614,807047,57
39,70,1,1615,807547,71
39,70,1,1616,808047,70
39,70,1,1617,808547,72
39,70,1,1618,809047,62
39,70,1,1619,809547,77
39,70,1,1620,810047,63
39,70,1,1621,810547,77
39,70,1,1622,811047,88
39,70,1,1623,811547,67
39,70,1,1624,812047,67
39,70,1,1625,812547,79
39,70,1,1626,813047,76
39,70,1,1627,813547,59
39,70,1,1628,814047,71
39,70,1,1629,814547,77
39,70,1,1630,815047,76
39,70,1,1631,815547,55
39,70,1,1632,816047,70
39,70,1,1633,816547,85
39,70,1,1634,817047,55
39,70,1,1635,817547,59
39,70,1,1636,818047,79
39,70,1,1637,818547,69
39,70,1,1638,819047,71
39,70,1,1639,819547,79
39,70,1,1640,820047,83
39,70,1,1641,820547,59
39,70,1,1642,821047,69
39,70,1,1643,821547,69
39,70,1,1644,822047,76
39,70,1,1645,822547,79
39,70,1,1646,823047,71
39,70,1,1647,823547,59
39,70,1,1648,824047,73
39,70,1,1649,824547,77
39,70,1,1650,825047,75
39,70,1,1651,825547,55
39,70,1,1652,826047,73
39,70,1,1653,826547,74
39,70,1,1654,827047,73
39,70,1,1655,827547,79
39,70,1,1656,828047,72
39,70,1,1657,828547,45
39,70,1,1658,829047,57
39,70,1,1659,829547,69
39,70,1,1660,830047,69
39,70,1,1661,830547,57
39,70,1,1662,831047,41
39,70,1,1663,831547,59
39,70,1,1664,832047,75
39,70,1,1665,832547,54
39,70,1,1666,833047,56
39,70,1,1667,833547,79
39,70,1,1668,834047,59
39,70,1,1669,834547,73
39,70,1,1670,835047,93
39,70,1,1671,835547,50
39,70,1,1672,836047,61
39,70,1,1673,836547,75
39,70,1,1674,837047,85
39,70,1,1675,837547,53
39,70,1,1676,838047,63
39,70,1,1677,838547,79
39,70,1,1678,839047,59
39,70,1,1679,839547,77
39,70,1,1680,840047,105
39,70,1,1681,840547,53
39,70,1,1682,841047,75
39,70,1,1683,841547,95
39,70,1,1684,842047,61
39,70,1,1685,842547,54
39,70,1,1686,843047,85
39,70,1,1687,843547,79
39,70,1,1688,844047,69
39,70,1,1689,844547,72
39,70,1,1690,845047,69
39,70,1,1691,845547,77
39,70,1,1692,846047,83
39,70,1,1693,846547,63
39,70,1,1694,847047,71
39,70,1,1695,847547,73
39,70,1,1696,848047,71
39,70,1,1697,848547,84
39,70,1,1698,849047,71
39,70,1,1699,849547,78
39,70,1,1700,850047,79
39,70,1,1701,850547,74
39,70,1,1702,851047,71
39,70,1,1703,851547,86
39,70,1,1704,852047,71
39,70,1,1705,852547,57
39,70,1,1706,853047,86
39,70,1,1707,853547,73
39,70,1,1708,854047,73
39,70,1,1709,854547,76
39,70,1,1710,855047,77
39,70,1,1711,855547,72
39,70,1,1712,856047,81
39,70,1,1713,856547,85
39,70,1,1714,857047,81
39,70,1,1715,857547,59
39,70,1,1716,858047,77
39,70,1,1717,858547,87
39,70,1,1718,859047,71
39,70,1,1719,859547,79
39,70,1,1720,860047,88
39,70,1,1721,860547,75
39,70,1,1722,861047,71
39,70,1,1723,861547,89
39,70,1,1724,862047,83
39,70,1,1725,862547,83
39,70,1,1726,863047,82
39,70,1,1727,863547,60
39,70,1,1728,864047,75
39,70,1,1729,864547,84
39,70,1,1730,865047,61
39,70,1,1731,865547,67
39,70,1,1732,866047,73
39,70,1,1733,866547,64
39,70,1,1734,867047,51
39,70,1,1735,867547,70
39,70,1,1736,868047,84
39,70,1,1737,868547,55
39,70,1,1738,869047,45
39,70,1,1739,869547,63
39,70,1,1740,870047,72
39,70,1,1741,870547,45
39,70,1,1742,871047,63
39,70,1,1743,871547,77
39,70,1,1744,872047,63
39,70,1,1745,872547,47
39,70,1,1746,873047,69
39,70,1,1747,873547,71
39,70,1,1748,874047,63
39,70,1,1749,874547,73
39,70,1,1750,875047,57
39,70,1,1751,875547,73
39,70,1,1752,876047,77
39,70,1,1753,876547,56
39,70,1,1754,877047,47
39,70,1,1755,877547,64
39,70,1,1756,878047,77
39,70,1,1757,878547,56
39,70,1,1758,879047,61
39,70,1,1759,879547,71
39,70,1,1760,880047,61
39,70,1,1761,880547,56
39,70,1,1762,881047,79
39,70,1,1763,881547,82
39,70,1,1764,882047,41
39,70,1,1765,882547,63
39,70,1,1766,883047,73
39,70,1,1767,883547,57
39,70,1,1768,884047,59
39,70,1,1769,884547,75
39,70,1,1770,885047,53
39,70,1,1771,885547,53
39,70,1,1772,886047,73
39,70,1,1773,886547,69
39,70,1,1774,887047,58
39,70,1,1775,887547,74
39,70,1,1776,888047,74
39,70,1,1777,888547,73
39,70,1,1778,889047,57
39,70,1,1779,889547,83
39,70,1,1780,890047,87
39,70,1,1781,890547,63
39,70,1,1782,891047,76
39,70,1,1783,891547,83
39,70,1,1784,892047,73
39,70,1,1785,892547,83
39,70,1,1786,893047,73
39,70,1,1787,893547,73
39,70,1,1788,894047,89
39,70,1,1789,894547,57
39,70,1,1790,895047,72
39,70,1,1791,895547,77
39,70,1,1792,896047,68
39,70,1,1793,896547,60
39,70,1,1794,897047,61
39,70,1,1795,897547,73
39,70,1,1796,898047,73
39,70,1,1797,898547,45
39,70,1,1798,899047,61
39,70,1,1799,899547,77
39,70,1,1800,900047,55
39,70,1,1801,900547,55
39,70,1,1802,901047,71
39,70,1,1803,901547,63
39,70,1,1804,902047,57
39,70,1,1805,902547,63
39,70,1,1806,903047,57
39,70,1,1807,903547,61
39,70,1,1808,904047,56
39,70,1,1809,904547,59
39,70,1,1810,905047,70
39,70,1,1811,905547,55
39,70,1,1812,906047,45
39,70,1,1813,906547,69
39,70,1,1814,907047,63
39,70,1,1815,907547,47
39,70,1,1816,908047,57
39,70,1,1817,908547,67
39,70,1,1818,909047,61
39,70,1,1819,909547,45
39,70,1,1820,910047,63
39,70,1,1821,910547,83
39,70,1,1822,911047,57
39,70,1,1823,911547,59
39,70,1,1824,912047,59
39,70,1,1825,912547,77
39,70,1,1826,913047,73
39,70,1,1827,913547,63
39,70,1,1828,914047,81
39,70,1,1829,914547,61
39,70,1,1830,915047,69
39,70,1,1831,915547,77
39,70,1,1832,916047,69
39,70,1,1833,916547,75
39,70,1,1834,917047,73
39,70,1,1835,917547,61
39,70,1,1836,918047,75
39,70,1,1837,918547,83
39,70,1,1838,919047,75
39,70,1,1839,919547,73
39,70,1,1840,920047,56
39,70,1,1841,920547,89
39,70,1,1842,921047,83
39,70,1,1843,921547,60
39,70,1,1844,922047,75
39,70,1,1845,922547,73
39,70,1,1846,923047,71
39,70,1,1847,923547,71
39,70,1,1848,924047,75
39,70,1,1849,924547,64
39,70,1,1850,925047,71
39,70,1,1851,925547,79
39,70,1,1852,926047,61
39,70,1,1853,926547,56
39,70,1,1854,927047,88
39,70,1,1855,927547,69
39,70,1,1856,928047,49
39,70,1,1857,928547,63
39,70,1,1858,929047,77
39,70,1,1859,929547,70
39,70,1,1860,930047,57
39,70,1,1861,930547,53
39,70,1,1862,931047,69
39,70,1,1863,931547,61
39,70,1,1864,932047,69
39,70,1,1865,932547,71
39,70,1,1866,933047,52
39,70,1,1867,933547,59
39,70,1,1868,934047,72
39,70,1,1869,934547,75
39,70,1,1870,935047,54
39,70,1,1871,935547,47
39,70,1,1872,936047,89
39,70,1,1873,936547,79
39,70,1,1874,937047,73
39,70,1,1875,937547,63
39,70,1,1876,938047,88
39,70,1,1877,938547,60
39,70,1,1878,939047,75
39,70,1,1879,939547,81
39,70,1,1880,940047,72
39,70,1,1881,940547,76
39,70,1,1882,941047,77
39,70,1,1883,941547,59
39,70,1,1884,942047,71
39,70,1,1885,942547,89
39,70,1,1886,943047,59
39,70,1,1887,943547,57
39,70,1,1888,944047,82
39,70,1,1889,944547,61
39,70,1,1890,945047,53
39,70,1,1891,945547,75
39,70,1,1892,946047,68
39,70,1,1893,946547,61
39,70,1,1894,947047,61
39,70,1,1895,947547,75
39,70,1,1896,948047,57
39,70,1,1897,948547,63
39,70,1,1898,949047,75
39,70,1,1899,949547,56
39,70,1,1900,950047,63
39,70,1,1901,950547,73
39,70,1,1902,951047,75
39,70,1,1903,951547,70
39,70,1,1904,952047,70
39,70,1,1905,952547,60
39,70,1,1906,953047,79
39,70,1,1907,953547,76
39,70,1,1908,954047,84
39,70,1,1909,954547,77
39,70,1,1910,955047,70
39,70,1,1911,955547,76
39,70,1,1912,956047,84
39,70,1,1913,956547,76
39,70,1,1914,957047,83
39,70,1,1915,957547,75
39,70,1,1916,958047,74
39,70,1,1917,958547,57
39,70,1,1918,959047,74
39,70,1,1919,959547,75
39,70,1,1920,960047,71
39,70,1,1921,960547,59
39,70,1,1922,961047,59
39,70,1,1923,961547,63
39,70,1,1924,962047,63
39,70,1,1925,962547,73
39,70,1,1926,963047,74
39,70,1,1927,963547,61
39,70,1,1928,964047,51
39,70,1,1929,964547,57
39,70,1,1930,965047,67
39,70,1,1931,965547,55
39,70,1,1932,966047,71
39,70,1,1933,966547,48
39,70,1,1934,967047,57
39,70,1,1935,967547,69
39,70,1,1936,968047,55
39,70,1,1937,968547,75
39,70,1,1938,969047,59
39,70,1,1939,969547,51
39,70,1,1940,970047,71
39,70,1,1941,970547,62
39,70,1,1942,971047,45
39,70,1,1943,971547,61
39,70,1,1944,972047,71
39,70,1,1945,972547,55
39,70,1,1946,973047,55
39,70,1,1947,973547,63
39,70,1,1948,974047,83
39,70,1,1949,974547,68
39,70,1,1950,975047,63
39,70,1,1951,975547,59
39,70,1,1952,976047,72
39,70,1,1953,976547,62
39,70,1,1954,977047,69
39,70,1,1955,977547,75
39,70,1,1956,978047,73
39,70,1,1957,978547,55
39,70,1,1958,979047,75
39,70,1,1959,979547,83
39,70,1,1960,980048,74
39,70,1,1961,980547,52
39,70,1,1962,981047,72
39,70,1,1963,981547,75
39,70,1,1964,982047,61
39,70,1,1965,982547,55
39,70,1,1966,983047,73
39,70,1,1967,983547,59
39,70,1,1968,984047,70
39,70,1,1969,984547,67
39,70,1,1970,985047,63
39,70,1,1971,985547,61
39,70,1,1972,986047,55
39,70,1,1973,986547,68
39,70,1,1974,987047,71
39,70,1,1975,987547,44
39,70,1,1976,988047,62
39,70,1,1977,988547,61
39,70,1,1978,989047,61
39,70,1,1979,989547,75
39,70,1,1980,990047,52
39,70,1,1981,990547,59
39,70,1,1982,991047,77
39,70,1,1983,991547,68
39,70,1,1984,992047,74
39,70,1,1985,992547,55
39,70,1,1986,993047,79
39,70,1,1987,993547,88
39,70,1,1988,994047,61
39,70,1,1989,994547,63
39,70,1,1990,995047,75
39,70,1,1991,995547,72
39,70,1,1992,996047,71
39,70,1,1993,996547,74
39,70,1,1994,997047,59
39,70,1,1995,997547,69
39,70,1,1996,998047,75
39,70,1,1997,998547,58
39,70,1,1998,999047,61
39,70,1,1999,999547,61
39,70,2,0,48,62
39,70,2,1,547,52
39,70,2,2,1047,58
39,70,2,3,1547,69
39,70,2,4,2047,55
39,70,2,5,2547,59
39,70,2,6,3047,61
39,70,2,7,3547,57
39,70,2,8,4047,55
39,70,2,9,4547,69
39,70,2,10,5047,69
39,70,2,11,5547,73
39,70,2,12,6047,46
39,70,2,13,6547,71
39,70,2,14,7047,69
39,70,2,15,7547,55
39,70,2,16,8047,59
39,70,2,17,8547,63
39,70,2,18,9047,63
39,70,2,19,9547,51
39,70,2,20,10047,62
39,70,2,21,10547,67
39,70,2,22,11047,47
39,70,2,23,11547,71
39,70,2,24,12047,62
39,70,2,25,12547,55
39,70,2,26,13047,57
39,70,2,27,13547,75
39,70,2,28,14047,69
39,70,2,29,14547,62
39,70,2,30,15047,68
39,70,2,31,15547,67
39,70,2,32,16047,79
39,70,2,33,16547,73
39,70,2,34,17047,69
39,70,2,35,17547,70
39,70,2,36,18047,73
39,70,2,37,18547,69
39,70,2,38,19047,71
39,70,2,39,19547,79
39,70,2,40,20047,49
39,70,2,41,20547,71
39,70,2,42,21047,79
39,70,2,43,21547,63
39,70,2,44,22047,70
39,70,2,45,22547,73
39,70,2,46,23047,58
39,70,2,47,23547,77
39,70,2,48,24047,72
39,70,2,49,24547,59
39,70,2,50,25047,43
39,70,2,51,25547,53
39,70,2,52,26047,61
39,70,2,53,26547,55
39,70,2,54,27047,45
39,70,2,55,27547,57
39,70,2,56,28047,55
39,70,2,57,28547,53
39,70,2,58,29047,57
39,70,2,59,29547,58
39,70,2,60,30047,53
39,70,2,61,30547,69
39,70,2,62,31047,59
39,70,2,63,31547,70
39,70,2,64,32047,59
39,70,2,65,32547,69
39,70,2,66,33047,85
39,70,2,67,33547,61
39,70,2,68,34047,61
39,70,2,69,34547,83
39,70,2,70,35047,73
39,70,2,71,35547,60
39,70,2,72,36047,89
39,70,2,73,36547,85
39,70,2,74,37047,57
39,70,2,75,37547,89
39,70,2,76,38047,91
39,70,2,77,38547,45
39,70,2,78,39047,107
39,70,2,79,39547,89
39,70,2,80,40047,69
39,70,2,81,40547,75
39,70,2,82,41047,87
39,70,2,83,41547,89
39,70,2,84,42047,73
39,70,2,85,42547,59
39,70,2,86,43047,79
39,70,2,87,43547,87
39,70,2,88,44047,53
39,70,2,89,44547,61
39,70,2,90,45047,83
39,70,2,91,45547,69
39,70,2,92,46047,53
39,70,2,93,46547,73
39,70,2,94,47047,63
39,70,2,95,47547,55
39,70,2,96,48047,74
39,70,2,97,48547,53
39,70,2,98,49047,56
39,70,2,99,49547,79
39,70,2,100,50047,57
39,70,2,101,50547,51
39,70,2,102,51047,58
39,70,2,103,51547,63
39,70,2,104,52047,54
39,70,2,105,52547,56
39,70,2,106,53047,67
39,70,2,107,53547,63
39,70,2,108,54047,40
39,70,2,109,54547,71
39,70,2,110,55047,63
39,70,2,111,55547,54
39,70,2,112,56047,71
39,70,2,113,56547,73
39,70,2,114,57047,75
39,70,2,115,57547,59
39,70,2,116,58047,74
39,70,2,117,58547,73
39,70,2,118,59047,69
39,70,2,119,59547,75
39,70,2,120,60047,77
39,70,2,121,60547,79
39,70,2,122,61047,61
39,70,2,123,61547,81
39,70,2,124,62047,88
39,70,2,125,62547,86
39,70,2,126,63047,89
39,70,2,127,63547,69
39,70,2,128,64047,78
39,70,2,129,64547,85
39,70,2,130,65047,82
39,70,2,131,65547,75
39,70,2,132,66047,61
39,70,2,133,66547,79
39,70,2,134,67047,78
39,70,2,135,67547,74
39,70,2,136,68047,68
39,70,2,137,68547,74
39,70,2,138,69047,61
39,70,2,139,69547,62
39,70,2,140,70047,85
39,70,2,141,70547,47
39,70,2,142,71047,55
39,70,2,143,71547,71
39,70,2,144,72047,71
39,70,2,145,72547,51
39,70,2,146,73047,53
39,70,2,147,73547,58
39,70,2,148,74047,74
39,70,2,149,74547,77
39,70,2,150,75047,53
39,70,2,151,75547,60
39,70,2,152,76047,71
39,70,2,153,76547,75
39,70,2,154,77047,72
39,70,2,155,77547,71
39,70,2,156,78047,62
39,70,2,157,78547,79
39,70,2,158,79047,77
39,70,2,159,79547,63
39,70,2,160,80047,63
39,70,2,161,80547,63
39,70,2,162,81047,77
39,70,2,163,81547,74
39,70,2,164,82047,84
39,70,2,165,82547,57
39,70,2,166,83047,71
39,70,2,167,83547,57
39,70,2,168,84047,61
39,70,2,169,84547,57
39,70,2,170,85047,51
39,70,2,171,85547,63
39,70,2,172,86047,67
39,70,2,173,86547,47
39,70,2,174,87047,45
39,70,2,175,87547,56
39,70,2,176,88047,57
39,70,2,177,88547,55
39,70,2,178,89047,68
39,70,2,179,89547,61
39,70,2,180,90047,60
39,70,2,181,90547,73
39,70,2,182,91047,60
39,70,2,183,91547,63
39,70,2,184,92047,67
39,70,2,185,92547,71
39,70,2,186,93047,75
39,70,2,187,93547,63
39,70,2,188,94047,73
39,70,2,189,94547,83
39,70,2,190,95047,72
39,70,2,191,95547,81
39,70,2,192,96047,72
39,70,2,193,96547,75
39,70,2,194,97047,77
39,70,2,195,97547,73
39,70,2,196,98047,84
39,70,2,197,98547,99
39,70,2,198,99047,75
39,70,2,199,99547,63
39,70,2,200,100047,76
39,70,2,201,100547,89
39,70,2,202,101047,83
39,70,2,203,101547,83
39,70,2,204,102047,87
39,70,2,205,102547,78
39,70,2,206,103047,75
39,70,2,207,103547,75
39,70,2,208,104047,89
39,70,2,209,104547,71
39,70,2,210,105047,59
39,70,2,211,105547,69
39,70,2,212,106047,77
39,70,2,213,106547,77
39,70,2,214,107047,53
39,70,2,215,107547,73
39,70,2,216,108047,78
39,70,2,217,108547,57
39,70,2,218,109047,59
39,70,2,219,109547,52
39,70,2,220,110047,61
39,70,2,221,110547,59
39,70,2,222,111047,50
39,70,2,223,111547,52
39,70,2,224,112047,55
39,70,2,225,112547,22
39,70,2,226,113047,45
39,70,2,227,113547,59
39,70,2,228,114047,41
39,70,2,229,114547,29
39,70,2,230,115047,39
39,70,2,231,115547,46
39,70,2,232,116047,46
39,70,2,233,116547,58
39,70,2,234,117047,27
39,70,2,235,117547,39
39,70,2,236,118047,57
39,70,2,237,118547,59
39,70,2,238,119047,41
39,70,2,239,119547,51
39,70,2,240,120047,77
39,70,2,241,120547,47
39,70,2,242,121047,57
39,70,2,243,121547,79
39,70,2,244,122047,63
39,70,2,245,122547,60
39,70,2,246,123047,84
39,70,2,247,123547,83
39,70,2,248,124047,83
39,70,2,249,124547,76
39,70,2,250,125047,78
39,70,2,251,125547,87
39,70,2,252,126047,71
39,70,2,253,126547,77
39,70,2,254,127047,107
39,70,2,255,127547,73
39,70,2,256,128047,59
39,70,2,257,128547,77
39,70,2,258,129047,62
39,70,2,259,129547,71
39,70,2,260,130047,75
39,70,2,261,130547,53
39,70,2,262,131047,69
39,70,2,263,131547,69
39,70,2,264,132047,62
39,70,2,265,132547,37
39,70,2,266,133047,55
39,70,2,267,133547,61
39,70,2,268,134047,51
39,70,2,269,134547,62
39,70,2,270,135047,53
39,70,2,271,135547,43
39,70,2,272,136047,71
39,70,2,273,136547,74
39,70,2,274,137047,59
39,70,2,275,137547,47
39,70,2,276,138047,71
39,70,2,277,138547,83
39,70,2,278,139047,68
39,70,2,279,139547,43
39,70,2,280,140047,71
39,70,2,281,140547,73
39,70,2,282,141047,74
39,70,2,283,141547,71
39,70,2,284,142047,74
39,70,2,285,142547,78
39,70,2,286,143047,78
39,70,2,287,143547,78
39,70,2,288,144047,73
39,70,2,289,144547,79
39,70,2,290,145047,82
39,70,2,291,145547,72
39,70,2,292,146047,62
39,70,2,293,146547,75
39,70,2,294,147047,77
39,70,2,295,147547,77
39,70,2,296,148047,75
39,70,2,297,148547,61
39,70,2,298,149047,73
39,70,2,299,149547,93
39,70,2,300,150047,69
39,70,2,301,150547,53
39,70,2,302,151047,89
39,70,2,303,151547,87
39,70,2,304,152047,70
39,70,2,305,152547,77
39,70,2,306,153047,71
39,70,2,307,153547,77
39,70,2,308,154047,77
39,70,2,309,154547,71
39,70,2,310,155047,73
39,70,2,311,155547,53
39,70,2,312,156047,59
39,70,2,313,156547,77
39,70,2,314,157047,77
39,70,2,315,157547,68
39,70,2,316,158047,68
39,70,2,317,158547,89
39,70,2,318,159047,61
39,70,2,319,159547,61
39,70,2,320,160047,76
39,70,2,321,160547,79
39,70,2,322,161047,71
39,70,2,323,161547,68
39,70,2,324,162047,59
39,70,2,325,162547,87
39,70,2,326,163047,86
39,70,2,327,163547,59
39,70,2,328,164047,75
39,70,2,329,164547,83
39,70,2,330,165047,61
39,70,2,331,165547,67
39,70,2,332,166047,93
39,70,2,333,166547,81
39,70,2,334,167047,67
39,70,2,335,167547,83
39,70,2,336,168047,75
39,70,2,337,168547,77
39,70,2,338,169047,79
39,70,2,339,169547,81
39,70,2,340,170047,76
39,70,2,341,170547,82
39,70,2,342,171047,73
39,70,2,343,171547,82
39,70,2,344,172047,77
39,70,2,345,172547,77
39,70,2,346,173047,71
39,70,2,347,173547,75
39,70,2,348,174047,61
39,70,2,349,174547,55
39,70,2,350,175047,57
39,70,2,351,175547,59
39,70,2,352,176047,57
39,70,2,353,176547,53
39,70,2,354,177047,53
39,70,2,355,177547,58
39,70,2,356,178047,57
39,70,2,357,178547,46
39,70,2,358,179047,58
39,70,2,359,179547,69
39,70,2,360,180047,41
39,70,2,361,180547,48
39,70,2,362,181047,75
39,70,2,363,181547,61
39,70,2,364,182047,50
39,70,2,365,182547,74
39,70,2,366,183047,76
39,70,2,367,183547,69
39,70,2,368,184047,56
39,70,2,369,184547,70
39,70,2,370,185047,76
39,70,2,371,185547,63
39,70,2,372,186047,82
39,70,2,373,186547,61
39,70,2,374,187047,71
39,70,2,375,187547,61
39,70,2,376,188047,61
39,70,2,377,188547,70
39,70,2,378,189047,71
39,70,2,379,189547,57
39,70,2,380,190047,69
39,70,2,381,190547,61
39,70,2,382,191047,46
39,70,2,383,191547,75
39,70,2,384,192047,55
39,70,2,385,192547,51
39,70,2,386,193047,56
39,70,2,387,193547,62
39,70,2,388,194047,59
39,70,2,389,194547,56
39,70,2,390,195047,58
39,70,2,391,195547,46
39,70,2,392,196047,69
39,70,2,393,196547,73
39,70,2,394,197047,58
39,70,2,395,197547,61
39,70,2,396,198047,53
39,70,2,397,198547,58
39,70,2,398,199047,72
39,70,2,399,199547,73
39,70,2,400,200047,61
39,70,2,401,200547,59
39,70,2,402,201047,78
39,70,2,403,201547,59
39,70,2,404,202047,62
39,70,2,405,202547,86
39,70,2,406,203047,61
39,70,2,407,203547,61
39,70,2,408,204047,76
39,70,2,409,204547,76
39,70,2,410,205047,70
39,70,2,411,205547,61
39,70,2,412,206047,78
39,70,2,413,206547,70
39,70,2,414,207047,67
39,70,2,415,207547,68
39,70,2,416,208047,75
39,70,2,417,208547,62
39,70,2,418,209047,61
39,70,2,419,209547,75
39,70,2,420,210047,72
39,70,2,421,210547,63
39,70,2,422,211047,69
39,70,2,423,211547,68
39,70,2,424,212047,75
39,70,2,425,212547,69
39,70,2,426,213047,59
39,70,2,427,213547,69
39,70,2,428,214047,63
39,70,2,429,214547,53
39,70,2,430,215047,59
39,70,2,431,215547,63
39,70,2,432,216047,56
39,70,2,433,216547,62
39,70,2,434,217047,53
39,70,2,435,217547,69
39,70,2,436,218047,71
39,70,2,437,218547,61
39,70,2,438,219047,53
39,70,2,439,219547,60
39,70,2,440,220047,70
39,70,2,441,220547,59
39,70,2,442,221047,59
39,70,2,443,221547,59
39,70,2,444,222047,48
39,70,2,445,222547,47
39,70,2,446,223047,77
39,70,2,447,223547,60
39,70,2,448,224047,59
39,70,2,449,224547,66
39,70,2,450,225047,67
39,70,2,451,225547,57
39,70,2,452,226047,63
39,70,2,453,226547,53
39,70,2,454,227047,69
39,70,2,455,227547,83
39,70,2,456,228047,51
39,70,2,457,228547,69
39,70,2,458,229047,85
39,70,2,459,229547,71
39,70,2,460,230047,59
39,70,2,461,230547,87
39,70,2,462,231047,92
39,70,2,463,231547,59
39,70,2,464,232047,73
39,70,2,465,232547,93
39,70,2,466,233047,77
39,70,2,467,233547,89
39,70,2,468,234047,77
39,70,2,469,234547,77
39,70,2,470,235047,90
39,70,2,471,235547,101
39,70,2,472,236047,57
39,70,2,473,236547,77
39,70,2,474,237047,84
39,70,2,475,237547,83
39,70,2,476,238047,73
39,70,2,477,238547,53
39,70,2,478,239047,79
39,70,2,479,239547,67
39,70,2,480,240047,63
39,70,2,481,240547,67
39,70,2,482,241047,47
39,70,2,483,241547,68
39,70,2,484,242047,73
39,70,2,485,242547,54
39,70,2,486,243047,47
39,70,2,487,243547,54
39,70,2,488,244047,63
39,70,2,489,244547,56
39,70,2,490,245047,43
39,70,2,491,245547,51
39,70,2,492,246047,53
39,70,2,493,246547,73
39,70,2,494,247047,69
39,70,2,495,247547,31
39,70,2,496,248047,61
39,70,2,497,248547,75
39,70,2,498,249047,59
39,70,2,499,249547,61
39,70,2,500,250047,51
39,70,2,501,250547,73
39,70,2,502,251047,81
39,70,2,503,251547,52
39,70,2,504,252047,71
39,70,2,505,252547,82
39,70,2,506,253047,69
39,70,2,507,253547,83
39,70,2,508,254047,77
39,70,2,509,254547,67
39,70,2,510,255047,63
39,70,2,511,255547,103
39,70,2,512,256047,77
39,70,2,513,256547,71
39,70,2,514,257047,59
39,70,2,515,257547,71
39,70,2,516,258047,68
39,70,2,517,258547,77
39,70,2,518,259047,70
39,70,2,519,259547,63
39,70,2,520,260047,70
39,70,2,521,260547,78
39,70,2,522,261047,76
39,70,2,523,261547,78
39,70,2,524,262047,54
39,70,2,525,262547,79
39,70,2,526,263047,83
39,70,2,527,263547,52
39,70,2,528,264047,74
39,70,2,529,264547,83
39,70,2,530,265047,73
39,70,2,531,265547,81
39,70,2,532,266047,71
39,70,2,533,266547,75
39,70,2,534,267047,84
39,70,2,535,267547,79
39,70,2,536,268047,55
39,70,2,537,268547,74
39,70,2,538,269047,63
39,70,2,539,269547,61
39,70,2,540,270047,67
39,70,2,541,270547,53
39,70,2,542,271047,61
39,70,2,543,271547,71
39,70,2,544,272047,59
39,70,2,545,272547,51
39,70,2,546,273047,72
39,70,2,547,273547,77
39,70,2,548,274047,52
39,70,2,549,274547,86
39,70,2,550,275047,69
39,70,2,551,275547,73
39,70,2,552,276047,79
39,70,2,553,276547,69
39,70,2,554,277047,79
39,70,2,555,277547,78
39,70,2,556,278047,73
39,70,2,557,278547,72
39,70,2,558,279047,69
39,70,2,559,279547,76
39,70,2,560,280047,61
39,70,2,561,280547,75
39,70,2,562,281047,77
39,70,2,563,281547,72
39,70,2,564,282047,63
39,70,2,565,282547,71
39,70,2,566,283047,57
39,70,2,567,283547,56
39,70,2,568,284047,63
39,70,2,569,284547,51
39,70,2,570,285047,61
39,70,2,571,285547,59
39,70,2,572,286047,53
39,70,2,573,286547,61
39,70,2,574,287047,59
39,70,2,575,287547,39
39,70,2,576,288047,55
39,70,2,577,288547,57
39,70,2,578,289047,52
39,70,2,579,289547,51
39,70,2,580,290047,57
39,70,2,581,290547,59
39,70,2,582,291047,52
39,70,2,583,291547,73
39,70,2,584,292047,68
39,70,2,585,292547,47
39,70,2,586,293047,54
39,70,2,587,293547,62
39,70,2,588,294047,61
39,70,2,589,294547,61
39,70,2,590,295047,61
39,70,2,591,295547,60
39,70,2,592,296047,73
39,70,2,593,296547,57
39,70,2,594,297047,87
39,70,2,595,297547,79
39,70,2,596,298047,56
39,70,2,597,298547,83
39,70,2,598,299047,75
39,70,2,599,299547,69
39,70,2,600,300047,67
39,70,2,601,300547,75
39,70,2,602,301047,69
39,70,2,603,301547,57
39,70,2,604,302047,63
39,70,2,605,302547,72
39,70,2,606,303047,70
39,70,2,607,303547,73
39,70,2,608,304047,44
39,70,2,609,304547,76
39,70,2,610,305047,79
39,70,2,611,305547,71
39,70,2,612,306047,55
39,70,2,613,306547,73
39,70,2,614,307047,91
39,70,2,615,307547,78
39,70,2,616,308047,55
39,70,2,617,308547,89
39,70,2,618,309047,68
39,70,2,619,309547,55
39,70,2,620,310047,75
39,70,2,621,310547,95
39,70,2,622,311047,69
39,70,2,623,311547,74
39,70,2,624,312047,83
39,70,2,625,312547,74
39,70,2,626,313047,61
39,70,2,627,313547,82
39,70,2,628,314047,67
39,70,2,629,314547,71
39,70,2,630,315047,76
39,70,2,631,315547,79
39,70,2,632,316047,61
39,70,2,633,316547,71
39,70,2,634,317047,69
39,70,2,635,317547,53
39,70,2,636,318047,63
39,70,2,637,318547,85
39,70,2,638,319047,55
39,70,2,639,319547,52
39,70,2,640,320047,71
39,70,2,641,320547,62
39,70,2,642,321047,54
39,70,2,643,321547,49
39,70,2,644,322047,56
39,70,2,645,322547,51
39,70,2,646,323047,47
39,70,2,647,323547,53
39,70,2,648,324047,60
39,70,2,649,324547,59
39,70,2,650,325047,56
39,70,2,651,325547,69
39,70,2,652,326047,58
39,70,2,653,326547,59
39,70,2,654,327047,72
39,70,2,655,327547,61
39,70,2,656,328047,57
39,70,2,657,328547,60
39,70,2,658,329047,69
39,70,2,659,329547,61
39,70,2,660,330047,82
39,70,2,661,330547,70
39,70,2,662,331047,58
39,70,2,663,331547,88
39,70,2,664,332047,75
39,70,2,665,332547,63
39,70,2,666,333047,94
39,70,2,667,333547,77
39,70,2,668,334047,75
39,70,2,669,334547,75
39,70,2,670,335047,79
39,70,2,671,335547,83
39,70,2,672,336047,77
39,70,2,673,336547,69
39,70,2,674,337047,74
39,70,2,675,337547,73
39,70,2,676,338047,76
39,70,2,677,338547,71
39,70,2,678,339047,78
39,70,2,679,339547,75
39,70,2,680,340047,63
39,70,2,681,340547,79
39,70,2,682,341047,77
39,70,2,683,341547,71
39,70,2,684,342047,69
39,70,2,685,342547,75
39,70,2,686,343047,69
39,70,2,687,343547,69
39,70,2,688,344047,60
39,70,2,689,344547,75
39,70,2,690,345047,67
39,70,2,691,345547,61
39,70,2,692,346047,75
39,70,2,693,346547,69
39,70,2,694,347047,72
39,70,2,695,347547,67
39,70,2,696,348047,72
39,70,2,697,348547,69
39,70,2,698,349047,60
39,70,2,699,349547,75
39,70,2,700,350047,71
39,70,2,701,350547,62
39,70,2,702,351047,57
39,70,2,703,351547,71
39,70,2,704,352047,72
39,70,2,705,352547,61
39,70,2,706,353047,57
39,70,2,707,353547,73
39,70,2,708,354047,52
39,70,2,709,354547,55
39,70,2,710,355047,59
39,70,2,711,355547,68
39,70,2,712,356047,77
39,70,2,713,356547,46
39,70,2,714,357047,77
39,70,2,715,357547,62
39,70,2,716,358047,55
39,70,2,717,358547,63
39,70,2,718,359047,53
39,70,2,719,359547,73
39,70,2,720,360047,62
39,70,2,721,360547,71
39,70,2,722,361047,57
39,70,2,723,361547,58
39,70,2,724,362047,69
39,70,2,725,362547,54
39,70,2,726,363047,62
39,70,2,727,363547,63
39,70,2,728,364047,41
39,70,2,729,364547,69
39,70,2,730,365047,76
39,70,2,731,365547,71
39,70,2,732,366047,53
39,70,2,733,366547,61
39,70,2,734,367047,71
39,70,2,735,367547,55
39,70,2,736,368047,61
39,70,2,737,368547,59
39,70,2,738,369047,76
39,70,2,739,369547,83
39,70,2,740,370047,79
39,70,2,741,370547,75
39,70,2,742,371047,86
39,70,2,743,371547,85
39,70,2,744,372047,73
39,70,2,745,372547,83
39,70,2,746,373047,91
39,70,2,747,373547,87
39,70,2,748,374047,93
39,70,2,749,374547,77
39,70,2,750,375047,71
39,70,2,751,375547,93
39,70,2,752,376047,87
39,70,2,753,376547,75
39,70,2,754,377047,85
39,70,2,755,377547,92
39,70,2,756,378047,84
39,70,2,757,378547,69
39,70,2,758,379047,78
39,70,2,759,379547,91
39,70,2,760,380047,48
39,70,2,761,380547,68
39,70,2,762,381047,87
39,70,2,763,381547,75
39,70,2,764,382047,55
39,70,2,765,382547,76
39,70,2,766,383047,75
39,70,2,767,383547,46
39,70,2,768,384047,59
39,70,2,769,384547,63
39,70,2,770,385047,51
39,70,2,771,385547,57
39,70,2,772,386047,69
39,70,2,773,386547,45
39,70,2,774,387047,53
39,70,2,775,387547,61
39,70,2,776,388047,54
39,70,2,777,388547,55
39,70,2,778,389047,53
39,70,2,779,389547,54
39,70,2,780,390047,45
39,70,2,781,390547,59
39,70,2,782,391047,55
39,70,2,783,391547,43
39,70,2,784,392047,51
39,70,2,785,392547,60
39,70,2,786,393047,45
39,70,2,787,393547,54
39,70,2,788,394047,57
39,70,2,789,394547,53
39,70,2,790,395047,63
39,70,2,791,395547,51
39,70,2,792,396047,57
39,70,2,793,396547,55
39,70,2,794,397047,61
39,70,2,795,397547,73
39,70,2,796,398047,55
39,70,2,797,398547,62
39,70,2,798,399047,71
39,70,2,799,399547,59
39,70,2,800,400047,77
39,70,2,801,400547,73
39,70,2,802,401047,60
39,70,2,803,401547,63
39,70,2,804,402047,77
39,70,2,805,402547,75
39,70,2,806,403047,54
39,70,2,807,403547,79
39,70,2,808,404047,71
39,70,2,809,404547,51
39,70,2,810,405047,79
39,70,2,811,405547,55
39,70,2,812,406047,61
39,70,2,813,406547,58
39,70,2,814,407047,54
39,70,2,815,407547,55
39,70,2,816,408047,61
39,70,2,817,408547,51
39,70,2,818,409047,47
39,70,2,819,409547,53
39,70,2,820,410047,72
39,70,2,821,410547,46
39,70,2,822,411047,45
39,70,2,823,411547,71
39,70,2,824,412047,60
39,70,2,825,412547,58
39,70,2,826,413047,57
39,70,2,827,413547,58
39,70,2,828,414047,57
39,70,2,829,414547,58
39,70,2,830,415047,68
39,70,2,831,415547,75
39,70,2,832,416047,61
39,70,2,833,416547,73
39,70,2,834,417047,53
39,70,2,835,417547,63
39,70,2,836,418047,84
39,70,2,837,418547,70
39,70,2,838,419047,71
39,70,2,839,419547,71
39,70,2,840,420047,71
39,70,2,841,420547,58
39,70,2,842,421047,69
39,70,2,843,421547,75
39,70,2,844,422047,59
39,70,2,845,422547,69
39,70,2,846,423047,90
39,70,2,847,423547,73
39,70,2,848,424047,70
39,70,2,849,424547,62
39,70,2,850,425047,71
39,70,2,851,425547,71
39,70,2,852,426047,73
39,70,2,853,426547,68
39,70,2,854,427047,54
39,70,2,855,427547,58
39,70,2,856,428047,73
39,70,2,857,428547,55
39,70,2,858,429047,71
39,70,2,859,429547,76
39,70,2,860,430047,55
39,70,2,861,430547,59
39,70,2,862,431047,87
39,70,2,863,431547,57
39,70,2,864,432047,53
39,70,2,865,432547,75
39,70,2,866,433047,72
39,70,2,867,433547,63
39,70,2,868,434047,63
39,70,2,869,434547,78
39,70,2,870,435047,70
39,70,2,871,435547,63
39,70,2,872,436047,61
39,70,2,873,436547,87
39,70,2,874,437047,77
39,70,2,875,437547,72
39,70,2,876,438047,83
39,70,2,877,438547,92
39,70,2,878,439047,75
39,70,2,879,439547,83
39,70,2,880,440047,89
39,70,2,881,440547,77
39,70,2,882,441047,91
39,70,2,883,441547,89
39,70,2,884,442047,71
39,70,2,885,442547,78
39,70,2,886,443047,97
39,70,2,887,443547,71
39,70,2,888,444047,76
39,70,2,889,444547,91
39,70,2,890,445047,59
39,70,2,891,445547,75
39,70,2,892,446047,85
39,70,2,893,446547,75
39,70,2,894,447047,75
39,70,2,895,447547,77
39,70,2,896,448047,71
39,70,2,897,448547,45
39,70,2,898,449047,73
39,70,2,899,449547,83
39,70,2,900,450047,59
39,70,2,901,450547,46
39,70,2,902,451047,75
39,70,2,903,451547,85
39,70,2,904,452047,56
39,70,2,905,452547,59
39,70,2,906,453047,76
39,70,2,907,453547,59
39,70,2,908,454047,67
39,70,2,909,454547,71
39,70,2,910,455047,59
39,70,2,911,455547,51
39,70,2,912,456047,62
39,70,2,913,456547,69
39,70,2,914,457047,71
39,70,2,915,457547,48
39,70,2,916,458047,57
39,70,2,917,458547,57
39,70,2,918,459047,75
39,70,2,919,459547,61
39,70,2,920,460047,54
39,70,2,921,460547,74
39,70,2,922,461047,71
39,70,2,923,461547,59
39,70,2,924,462047,62
39,70,2,925,462547,79
39,70,2,926,463047,60
39,70,2,927,463547,75
39,70,2,928,464047,87
39,70,2,929,464547,79
39,70,2,930,465047,67
39,70,2,931,465547,67
39,70,2,932,466047,88
39,70,2,933,466547,79
39,70,2,934,467047,73
39,70,2,935,467547,75
39,70,2,936,468047,94
39,70,2,937,468547,83
39,70,2,938,469047,73
39,70,2,939,469547,76
39,70,2,940,470047,89
39,70,2,941,470547,75
39,70,2,942,471047,69
39,70,2,943,471547,72
39,70,2,944,472047,91
39,70,2,945,472547,88
39,70,2,946,473047,79
39,70,2,947,473547,83
39,70,2,948,474047,78
39,70,2,949,474547,79
39,70,2,950,475047,91
39,70,2,951,475547,85
39,70,2,952,476047,72
39,70,2,953,476547,81
39,70,2,954,477047,77
39,70,2,955,477547,77
39,70,2,956,478047,85
39,70,2,957,478547,77
39,70,2,958,479047,74
39,70,2,959,479547,75
39,70,2,960,480047,89
39,70,2,961,480547,59
39,70,2,962,481047,72
39,70,2,963,481547,94
39,70,2,964,482047,61
39,70,2,965,482547,63
39,70,2,966,483047,75
39,70,2,967,483547,83
39,70,2,968,484047,63
39,70,2,969,484547,82
39,70,2,970,485047,59
39,70,2,971,485547,71
39,70,2,972,486047,78
39,70,2,973,486547,57
39,70,2,974,487047,69
39,70,2,975,487547,75
39,70,2,976,488047,57
39,70,2,977,488547,41
39,70,2,978,489047,71
39,70,2,979,489547,75
39,70,2,980,490047,71
39,70,2,981,490547,45
39,70,2,982,491047,61
39,70,2,983,491547,61
39,70,2,984,492047,71
39,70,2,985,492547,68
39,70,2,986,493047,61
39,70,2,987,493547,57
39,70,2,988,494047,63
39,70,2,989,494547,69
39,70,2,990,495047,61
39,70,2,991,495547,51
39,70,2,992,496047,73
39,70,2,993,496547,79
39,70,2,994,497047,39
39,70,2,995,497547,68
39,70,2,996,498047,73
39,70,2,997,498547,57
39,70,2,998,499047,83
39,70,2,999,499547,60
39,70,2,1000,500047,63
39,70,2,1001,500547,60
39,70,2,1002,501047,69
39,70,2,1003,501547,63
39,70,2,1004,502047,61
39,70,2,1005,502547,77
39,70,2,1006,503047,75
39,70,2,1007,503547,48
39,70,2,1008,504047,47
39,70,2,1009,504547,60
39,70,2,1010,505047,67
39,70,2,1011,505547,53
39,70,2,1012,506047,41
39,70,2,1013,506547,55
39,70,2,1014,507047,52
39,70,2,1015,507547,53
39,70,2,1016,508047,43
39,70,2,1017,508547,28
39,70,2,1018,509047,55
39,70,2,1019,509547,39
39,70,2,1020,510047,36
39,70,2,1021,510547,46
39,70,2,1022,511047,31
39,70,2,1023,511547,45
39,70,2,1024,512047,43
39,70,2,1025,512547,51
39,70,2,1026,513047,60
39,70,2,1027,513547,41
39,70,2,1028,514047,45
39,70,2,1029,514547,59
39,70,2,1030,515047,56
39,70,2,1031,515547,57
39,70,2,1032,516047,55
39,70,2,1033,516547,62
39,70,2,1034,517047,54
39,70,2,1035,517547,62
39,70,2,1036,518047,74
39,70,2,1037,518547,73
39,70,2,1038,519047,62
39,70,2,1039,519547,60
39,70,2,1040,520047,72
39,70,2,1041,520547,72
39,70,2,1042,521047,75
39,70,2,1043,521547,84
39,70,2,1044,522047,85
39,70,2,1045,522547,71
39,70,2,1046,523047,93
39,70,2,1047,523547,88
39,70,2,1048,524047,90
39,70,2,1049,524547,90
39,70,2,1050,525047,77
39,70,2,1051,525547,91
39,70,2,1052,526047,95
39,70,2,1053,526547,72
39,70,2,1054,527047,91
39,70,2,1055,527547,101
39,70,2,1056,528047,85
39,70,2,1057,528547,63
39,70,2,1058,529047,87
39,70,2,1059,529547,87
39,70,2,1060,530047,87
39,70,2,1061,530547,60
39,70,2,1062,531047,77
39,70,2,1063,531547,72
39,70,2,1064,532047,61
39,70,2,1065,532547,61
39,70,2,1066,533047,59
39,70,2,1067,533547,54
39,70,2,1068,534047,53
39,70,2,1069,534547,51
39,70,2,1070,535047,59
39,70,2,1071,535547,59
39,70,2,1072,536047,55
39,70,2,1073,536547,45
39,70,2,1074,537047,52
39,70,2,1075,537547,55
39,70,2,1076,538047,47
39,70,2,1077,538547,60
39,70,2,1078,539047,61
39,70,2,1079,539547,45
39,70,2,1080,540047,63
39,70,2,1081,540547,72
39,70,2,1082,541047,69
39,70,2,1083,541547,60
39,70,2,1084,542047,56
39,70,2,1085,542547,69
39,70,2,1086,543047,58
39,70,2,1087,543547,77
39,70,2,1088,544047,75
39,70,2,1089,544547,69
39,70,2,1090,545047,77
39,70,2,1091,545547,77
39,70,2,1092,546047,72
39,70,2,1093,546547,79
39,70,2,1094,547047,73
39,70,2,1095,547547,79
39,70,2,1096,548047,87
39,70,2,1097,548547,75
39,70,2,1098,549047,82
39,70,2,1099,549547,99
39,70,2,1100,550047,73
39,70,2,1101,550547,76
39,70,2,1102,551047,101
39,70,2,1103,551547,82
39,70,2,1104,552047,85
39,70,2,1105,552547,71
39,70,2,1106,553047,77
39,70,2,1107,553547,91
39,70,2,1108,554047,71
39,70,2,1109,554547,61
39,70,2,1110,555047,74
39,70,2,1111,555547,78
39,70,2,1112,556047,71
39,70,2,1113,556547,69
39,70,2,1114,557047,70
39,70,2,1115,557547,59
39,70,2,1116,558047,62
39,70,2,1117,558547,54
39,70,2,1118,559047,74
39,70,2,1119,559547,56
39,70,2,1120,560047,61
39,70,2,1121,560547,63
39,70,2,1122,561047,71
39,70,2,1123,561547,57
39,70,2,1124,562047,59
39,70,2,1125,562547,84
39,70,2,1126,563047,61
39,70,2,1127,563547,51
39,70,2,1128,564047,63
39,70,2,1129,564547,85
39,70,2,1130,565047,72
39,70,2,1131,565547,59
39,70,2,1132,566047,86
39,70,2,1133,566547,76
39,70,2,1134,567047,69
39,70,2,1135,567547,83
39,70,2,1136,568047,83
39,70,2,1137,568547,72
39,70,2,1138,569047,71
39,70,2,1139,569547,77
39,70,2,1140,570047,69
39,70,2,1141,570547,59
39,70,2,1142,571047,73
39,70,2,1143,571547,75
39,70,2,1144,572047,73
39,70,2,1145,572547,69
39,70,2,1146,573047,73
39,70,2,1147,573547,59
39,70,2,1148,574047,76
39,70,2,1149,574547,84
39,70,2,1150,575047,59
39,70,2,1151,575547,59
39,70,2,1152,576047,75
39,70,2,1153,576547,51
39,70,2,1154,577047,62
39,70,2,1155,577547,79
39,70,2,1156,578047,68
39,70,2,1157,578547,56
39,70,2,1158,579047,69
39,70,2,1159,579547,67
39,70,2,1160,580047,68
39,70,2,1161,580547,58
39,70,2,1162,581047,58
39,70,2,1163,581547,67
39,70,2,1164,582047,61
39,70,2,1165,582547,56
39,70,2,1166,583047,55
39,70,2,1167,583547,69
39,70,2,1168,584047,58
39,70,2,1169,584547,61
39,70,2,1170,585047,77
39,70,2,1171,585547,56
39,70,2,1172,586047,51
39,70,2,1173,586547,69
39,70,2,1174,587047,70
39,70,2,1175,587547,47
39,70,2,1176,588047,57
39,70,2,1177,588547,67
39,70,2,1178,589047,59
39,70,2,1179,589547,69
39,70,2,1180,590047,61
39,70,2,1181,590547,61
39,70,2,1182,591047,67
39,70,2,1183,591547,69
39,70,2,1184,592047,72
39,70,2,1185,592547,63
39,70,2,1186,593047,57
39,70,2,1187,593547,84
39,70,2,1188,594047,75
39,70,2,1189,594547,72
39,70,2,1190,595047,95
39,70,2,1191,595547,82
39,70,2,1192,596047,76
39,70,2,1193,596547,79
39,70,2,1194,597047,87
39,70,2,1195,597547,57
39,70,2,1196,598047,73
39,70,2,1197,598547,87
39,70,2,1198,599047,63
39,70,2,1199,599547,59
39,70,2,1200,600047,69
39,70,2,1201,600547,75
39,70,2,1202,601047,73
39,70,2,1203,601547,61
39,70,2,1204,602047,63
39,70,2,1205,602547,61
39,70,2,1206,603047,63
39,70,2,1207,603547,59
39,70,2,1208,604047,72
39,70,2,1209,604547,55
39,70,2,1210,605047,69
39,70,2,1211,605547,53
39,70,2,1212,606047,47
39,70,2,1213,606547,61
39,70,2,1214,607047,54
39,70,2,1215,607547,61
39,70,2,1216,608047,81
39,70,2,1217,608547,48
39,70,2,1218,609047,53
39,70,2,1219,609547,70
39,70,2,1220,610047,78
39,70,2,1221,610547,43
39,70,2,1222,611047,61
39,70,2,1223,611547,61
39,70,2,1224,612047,55
39,70,2,1225,612547,55
39,70,2,1226,613047,59
39,70,2,1227,613547,60
39,70,2,1228,614047,53
39,70,2,1229,614547,57
39,70,2,1230,615047,62
39,70,2,1231,615547,41
39,70,2,1232,616047,69
39,70,2,1233,616547,67
39,70,2,1234,617047,75
39,70,2,1235,617547,57
39,70,2,1236,618047,51
39,70,2,1237,618547,55
39,70,2,1238,619047,69
39,70,2,1239,619547,47
39,70,2,1240,620047,71
39,70,2,1241,620547,59
39,70,2,1242,621047,59
39,70,2,1243,621547,72
39,70,2,1244,622047,56
39,70,2,1245,622547,63
39,70,2,1246,623047,72
39,70,2,1247,623547,93
39,70,2,1248,624047,60
39,70,2,1249,624547,67
39,70,2,1250,625047,87
39,70,2,1251,625547,55
39,70,2,1252,626047,69
39,70,2,1253,626547,77
39,70,2,1254,627047,75
39,70,2,1255,627547,69
39,70,2,1256,628047,69
39,70,2,1257,628547,76
39,70,2,1258,629047,71
39,70,2,1259,629547,77
39,70,2,1260,630047,72
39,70,2,1261,630547,57
39,70,2,1262,631047,77
39,70,2,1263,631547,67
39,70,2,1264,632047,53
39,70,2,1265,632547,67
39,70,2,1266,633047,73
39,70,2,1267,633547,45
39,70,2,1268,634047,55
39,70,2,1269,634547,59
39,70,2,1270,635047,59
39,70,2,1271,635547,60
39,70,2,1272,636047,61
39,70,2,1273,636547,51
39,70,2,1274,637047,71
39,70,2,1275,637547,47
39,70,2,1276,638047,73
39,70,2,1277,638547,75
39,70,2,1278,639047,53
39,70,2,1279,639547,59
39,70,2,1280,640047,61
39,70,2,1281,640547,62
39,70,2,1282,641047,57
39,70,2,1283,641547,69
39,70,2,1284,642047,75
39,70,2,1285,642547,59
39,70,2,1286,643047,51
39,70,2,1287,643547,69
39,70,2,1288,644047,73
39,70,2,1289,644547,59
39,70,2,1290,645047,59
39,70,2,1291,645547,60
39,70,2,1292,646047,71
39,70,2,1293,646547,69
39,70,2,1294,647047,73
39,70,2,1295,647547,63
39,70,2,1296,648047,76
39,70,2,1297,648547,61
39,70,2,1298,649047,63
39,70,2,1299,649547,72
39,70,2,1300,650047,63
39,70,2,1301,650547,69
39,70,2,1302,651047,59
39,70,2,1303,651547,58
39,70,2,1304,652047,84
39,70,2,1305,652547,75
39,70,2,1306,653047,73
39,70,2,1307,653547,55
39,70,2,1308,654047,43
39,70,2,1309,654547,69
39,70,2,1310,655047,62
39,70,2,1311,655547,68
39,70,2,1312,656047,68
39,70,2,1313,656547,46
39,70,2,1314,657047,89
39,70,2,1315,657547,63
39,70,2,1316,658047,71
39,70,2,1317,658547,89
39,70,2,1318,659047,71
39,70,2,1319,659547,67
39,70,2,1320,660047,75
39,70,2,1321,660547,83
39,70,2,1322,661047,69
39,70,2,1323,661547,73
39,70,2,1324,662047,82
39,70,2,1325,662547,75
39,70,2,1326,663047,69
39,70,2,1327,663547,89
39,70,2,1328,664047,88
39,70,2,1329,664547,79
39,70,2,1330,665047,63
39,70,2,1331,665547,98
39,70,2,1332,666047,82
39,70,2,1333,666547,83
39,70,2,1334,667047,84
39,70,2,1335,667547,68
39,70,2,1336,668047,83
39,70,2,1337,668547,85
39,70,2,1338,669047,75
39,70,2,1339,669547,87
39,70,2,1340,670047,67
39,70,2,1341,670547,74
39,70,2,1342,671047,77
39,70,2,1343,671547,61
39,70,2,1344,672047,83
39,70,2,1345,672547,71
39,70,2,1346,673047,67
39,70,2,1347,673547,73
39,70,2,1348,674047,51
39,70,2,1349,674547,60
39,70,2,1350,675047,56
39,70,2,1351,675547,60
39,70,2,1352,676047,72
39,70,2,1353,676547,59
39,70,2,1354,677047,59
39,70,2,1355,677547,61
39,70,2,1356,678047,76
39,70,2,1357,678547,71
39,70,2,1358,679047,73
39,70,2,1359,679547,56
39,70,2,1360,680047,73
39,70,2,1361,680547,69
39,70,2,1362,681047,77
39,70,2,1363,681547,57
39,70,2,1364,682047,60
39,70,2,1365,682547,70
39,70,2,1366,683047,73
39,70,2,1367,683547,63
39,70,2,1368,684047,68
39,70,2,1369,684547,50
39,70,2,1370,685047,71
39,70,2,1371,685547,69
39,70,2,1372,686047,55
39,70,2,1373,686547,71
39,70,2,1374,687047,63
39,70,2,1375,687547,57
39,70,2,1376,688047,60
39,70,2,1377,688547,59
39,70,2,1378,689047,63
39,70,2,1379,689547,67
39,70,2,1380,690047,53
39,70,2,1381,690547,63
39,70,2,1382,691047,57
39,70,2,1383,691547,55
39,70,2,1384,692047,76
39,70,2,1385,692547,58
39,70,2,1386,693047,61
39,70,2,1387,693547,74
39,70,2,1388,694047,63
39,70,2,1389,694547,72
39,70,2,1390,695047,72
39,70,2,1391,695547,83
39,70,2,1392,696047,61
39,70,2,1393,696547,69
39,70,2,1394,697047,85
39,70,2,1395,697547,72
39,70,2,1396,698047,74
39,70,2,1397,698547,67
39,70,2,1398,699047,51
39,70,2,1399,699547,67
39,70,2,1400,700047,82
39,70,2,1401,700547,70
39,70,2,1402,701047,62
39,70,2,1403,701547,71
39,70,2,1404,702047,73
39,70,2,1405,702547,73
39,70,2,1406,703047,59
39,70,2,1407,703547,69
39,70,2,1408,704047,61
39,70,2,1409,704547,71
39,70,2,1410,705047,55
39,70,2,1411,705547,73
39,70,2,1412,706047,60
39,70,2,1413,706547,68
39,70,2,1414,707047,71
39,70,2,1415,707547,57
39,70,2,1416,708047,42
39,70,2,1417,708547,78
39,70,2,1418,709047,75
39,70,2,1419,709547,53
39,70,2,1420,710047,62
39,70,2,1421,710547,68
39,70,2,1422,711047,51
39,70,2,1423,711547,59
39,70,2,1424,712047,71
39,70,2,1425,712547,37
39,70,2,1426,713047,59
39,70,2,1427,713547,55
39,70,2,1428,714047,58
39,70,2,1429,714547,53
39,70,2,1430,715047,63
39,70,2,1431,715547,62
39,70,2,1432,716047,55
39,70,2,1433,716547,55
39,70,2,1434,717047,63
39,70,2,1435,717547,62
39,70,2,1436,718047,69
39,70,2,1437,718547,67
39,70,2,1438,719047,73
39,70,2,1439,719547,81
39,70,2,1440,720047,73
39,70,2,1441,720547,79
39,70,2,1442,721047,77
39,70,2,1443,721547,77
39,70,2,1444,722047,73
39,70,2,1445,722547,75
39,70,2,1446,723047,75
39,70,2,1447,723547,83
39,70,2,1448,724047,69
39,70,2,1449,724547,72
39,70,2,1450,725047,77
39,70,2,1451,725547,88
39,70,2,1452,726047,51
39,70,2,1453,726547,47
39,70,2,1454,727047,81
39,70,2,1455,727547,55
39,70,2,1456,728047,69
39,70,2,1457,728547,61
39,70,2,1458,729047,51
39,70,2,1459,729547,59
39,70,2,1460,730047,71
39,70,2,1461,730547,53
39,70,2,1462,731047,46
39,70,2,1463,731547,76
39,70,2,1464,732047,55
39,70,2,1465,732547,50
39,70,2,1466,733047,63
39,70,2,1467,733547,79
39,70,2,1468,734047,61
39,70,2,1469,734547,51
39,70,2,1470,735047,75
39,70,2,1471,735547,84
39,70,2,1472,736047,57
39,70,2,1473,736547,63
39,70,2,1474,737047,75
39,70,2,1475,737547,75
39,70,2,1476,738047,63
39,70,2,1477,738547,77
39,70,2,1478,739047,69
39,70,2,1479,739547,51
39,70,2,1480,740047,73
39,70,2,1481,740547,79
39,70,2,1482,741047,60
39,70,2,1483,741547,62
39,70,2,1484,742047,59
39,70,2,1485,742547,59
39,70,2,1486,743047,83
39,70,2,1487,743547,61
39,70,2,1488,744047,61
39,70,2,1489,744547,79
39,70,2,1490,745047,73
39,70,2,1491,745547,69
39,70,2,1492,746047,69
39,70,2,1493,746547,72
39,70,2,1494,747047,85
39,70,2,1495,747547,77
39,70,2,1496,748047,64
39,70,2,1497,748547,74
39,70,2,1498,749047,83
39,70,2,1499,749547,55
39,70,2,1500,750047,67
39,70,2,1501,750547,85
39,70,2,1502,751047,63
39,70,2,1503,751547,54
39,70,2,1504,752047,88
39,70,2,1505,752547,77
39,70,2,1506,753047,68
39,70,2,1507,753547,55
39,70,2,1508,754047,70
39,70,2,1509,754547,85
39,70,2,1510,755047,61
39,70,2,1511,755547,59
39,70,2,1512,756047,71
39,70,2,1513,756547,77
39,70,2,1514,757047,69
39,70,2,1515,757547,69
39,70,2,1516,758047,75
39,70,2,1517,758547,69
39,70,2,1518,759047,73
39,70,2,1519,759547,55
39,70,2,1520,760047,63
39,70,2,1521,760547,77
39,70,2,1522,761047,77
39,70,2,1523,761547,59
39,70,2,1524,762047,77
39,70,2,1525,762547,73
39,70,2,1526,763047,58
39,70,2,1527,763547,70
39,70,2,1528,764047,67
39,70,2,1529,764547,60
39,70,2,1530,765047,68
39,70,2,1531,765547,75
39,70,2,1532,766047,73
39,70,2,1533,766547,59
39,70,2,1534,767047,59
39,70,2,1535,767547,73
39,70,2,1536,768047,75
39,70,2,1537,768547,57
39,70,2,1538,769047,59
39,70,2,1539,769547,57
39,70,2,1540,770047,51
39,70,2,1541,770547,73
39,70,2,1542,771047,70
39,70,2,1543,771547,43
39,70,2,1544,772047,55
39,70,2,1545,772547,57
39,70,2,1546,773047,52
39,70,2,1547,773547,37
39,70,2,1548,774047,58
39,70,2,1549,774547,61
39,70,2,1550,775047,46
39,70,2,1551,775547,55
39,70,2,1552,776047,56
39,70,2,1553,776547,73
39,70,2,1554,777048,59
39,70,2,1555,777547,72
39,70,2,1556,778047,83
39,70,2,1557,778547,68
39,70,2,1558,779047,63
39,70,2,1559,779547,87
39,70,2,1560,780047,83
39,70,2,1561,780547,55
39,70,2,1562,781047,83
39,70,2,1563,781547,73
39,70,2,1564,782047,62
39,70,2,1565,782547,77
39,70,2,1566,783047,71
39,70,2,1567,783547,71
39,70,2,1568,784047,75
39,70,2,1569,784547,69
39,70,2,1570,785047,72
39,70,2,1571,785547,71
39,70,2,1572,786047,69
39,70,2,1573,786547,77
39,70,2,1574,787047,71
39,70,2,1575,787547,69
39,70,2,1576,788047,69
39,70,2,1577,788547,76
39,70,2,1578,789047,89
39,70,2,1579,789547,75
39,70,2,1580,790047,69
39,70,2,1581,790547,87
39,70,2,1582,791047,101
39,70,2,1583,791547,103
39,70,2,1584,792047,81
39,70,2,1585,792547,89
39,70,2,1586,793047,77
39,70,2,1587,793547,99
39,70,2,1588,794047,85
39,70,2,1589,794547,76
39,70,2,1590,795047,88
39,70,2,1591,795547,83
39,70,2,1592,796047,87
39,70,2,1593,796547,79
39,70,2,1594,797047,72
39,70,2,1595,797547,59
39,70,2,1596,798047,75
39,70,2,1597,798547,77
39,70,2,1598,799047,58
39,70,2,1599,799547,57
39,70,2,1600,800047,69
39,70,2,1601,800547,71
39,70,2,1602,801047,56
39,70,2,1603,801547,62
39,70,2,1604,802047,69
39,70,2,1605,802547,53
39,70,2,1606,803047,47
39,70,2,1607,803547,60
39,70,2,1608,804047,54
39,70,2,1609,804547,57
39,70,2,1610,805047,57
39,70,2,1611,805547,46
39,70,2,1612,806047,47
39,70,2,1613,806547,77
39,70,2,1614,807047,55
39,70,2,1615,807547,48
39,70,2,1616,808047,57
39,70,2,1617,808547,51
39,70,2,1618,809047,59
39,70,2,1619,809547,59
39,70,2,1620,810047,47
39,70,2,1621,810547,38
39,70,2,1622,811047,61
39,70,2,1623,811547,71
39,70,2,1624,812047,60
39,70,2,1625,812547,55
39,70,2,1626,813047,68
39,70,2,1627,813547,69
39,70,2,1628,814047,64
39,70,2,1629,814547,74
39,70,2,1630,815047,60
39,70,2,1631,815547,60
39,70,2,1632,816047,69
39,70,2,1633,816547,73
39,70,2,1634,817047,71
39,70,2,1635,817547,63
39,70,2,1636,818047,68
39,70,2,1637,818547,71
39,70,2,1638,819047,78
39,70,2,1639,819547,73
39,70,2,1640,820047,70
39,70,2,1641,820547,99
39,70,2,1642,821047,83
39,70,2,1643,821547,77
39,70,2,1644,822047,87
39,70,2,1645,822547,84
39,70,2,1646,823047,79
39,70,2,1647,823547,73
39,70,2,1648,824047,67
39,70,2,1649,824547,87
39,70,2,1650,825047,88
39,70,2,1651,825547,56
39,70,2,1652,826047,70
39,70,2,1653,826547,85
39,70,2,1654,827047,77
39,70,2,1655,827547,59
39,70,2,1656,828047,63
39,70,2,1657,828547,88
39,70,2,1658,829047,72
39,70,2,1659,829547,55
39,70,2,1660,830047,71
39,70,2,1661,830547,55
39,70,2,1662,831047,57
39,70,2,1663,831547,57
39,70,2,1664,832047,55
39,70,2,1665,832547,56
39,70,2,1666,833047,59
39,70,2,1667,833547,63
39,70,2,1668,834047,54
39,70,2,1669,834547,46
39,70,2,1670,835047,69
39,70,2,1671,835547,53
39,70,2,1672,836047,41
39,70,2,1673,836547,69
39,70,2,1674,837047,57
39,70,2,1675,837547,37
39,70,2,1676,838047,59
39,70,2,1677,838547,73
39,70,2,1678,839047,44
39,70,2,1679,839547,44
39,70,2,1680,840047,72
39,70,2,1681,840547,71
39,70,2,1682,841047,55
39,70,2,1683,841547,69
39,70,2,1684,842047,79
39,70,2,1685,842547,59
39,70,2,1686,843047,72
39,70,2,1687,843547,76
39,70,2,1688,844047,63
39,70,2,1689,844547,61
39,70,2,1690,845047,73
39,70,2,1691,845547,55
39,70,2,1692,846047,73
39,70,2,1693,846547,79
39,70,2,1694,847047,71
39,70,2,1695,847547,61
39,70,2,1696,848047,62
39,70,2,1697,848547,57
39,70,2,1698,849047,56
39,70,2,1699,849547,71
39,70,2,1700,850047,69
39,70,2,1701,850547,40
39,70,2,1702,851047,69
39,70,2,1703,851547,71
39,70,2,1704,852047,58
39,70,2,1705,852547,56
39,70,2,1706,853047,67
39,70,2,1707,853547,56
39,70,2,1708,854047,57
39,70,2,1709,854547,61
39,70,2,1710,855047,42
39,70,2,1711,855547,61
39,70,2,1712,856047,69
39,70,2,1713,856547,59
39,70,2,1714,857047,57
39,70,2,1715,857547,52
39,70,2,1716,858047,63
39,70,2,1717,858547,61
39,70,2,1718,859047,59
39,70,2,1719,859547,55
39,70,2,1720,860047,45
39,70,2,1721,860547,72
39,70,2,1722,861047,61
39,70,2,1723,861547,61
39,70,2,1724,862047,53
39,70,2,1725,862547,63
39,70,2,1726,863047,77
39,70,2,1727,863547,57
39,70,2,1728,864047,55
39,70,2,1729,864547,74
39,70,2,1730,865047,63
39,70,2,1731,865547,67
39,70,2,1732,866047,60
39,70,2,1733,866547,53
39,70,2,1734,867047,67
39,70,2,1735,867547,71
39,70,2,1736,868047,68
39,70,2,1737,868547,59
39,70,2,1738,869047,60
39,70,2,1739,869547,63
39,70,2,1740,870047,71
39,70,2,1741,870547,60
39,70,2,1742,871047,63
39,70,2,1743,871547,53
39,70,2,1744,872047,77
39,70,2,1745,872547,85
39,70,2,1746,873047,61
39,70,2,1747,873547,68
39,70,2,1748,874047,71
39,70,2,1749,874547,81
39,70,2,1750,875047,93
39,70,2,1751,875547,75
39,70,2,1752,876047,83
39,70,2,1753,876547,110
39,70,2,1754,877047,61
39,70,2,1755,877547,83
39,70,2,1756,878047,87
39,70,2,1757,878547,88
39,70,2,1758,879047,85
39,70,2,1759,879547,69
39,70,2,1760,880047,77
39,70,2,1761,880547,84
39,70,2,1762,881047,79
39,70,2,1763,881547,87
39,70,2,1764,882047,71
39,70,2,1765,882547,71
39,70,2,1766,883047,70
39,70,2,1767,883547,70
39,70,2,1768,884047,77
39,70,2,1769,884547,58
39,70,2,1770,885047,61
39,70,2,1771,885547,52
39,70,2,1772,886047,59
39,70,2,1773,886547,61
39,70,2,1774,887047,55
39,70,2,1775,887547,58
39,70,2,1776,888047,53
39,70,2,1777,888547,54
39,70,2,1778,889047,56
39,70,2,1779,889547,47
39,70,2,1780,890047,55
39,70,2,1781,890547,55
39,70,2,1782,891047,51
39,70,2,1783,891547,50
39,70,2,1784,892047,56
39,70,2,1785,892547,57
39,70,2,1786,893047,69
39,70,2,1787,893547,73
39,70,2,1788,894047,60
39,70,2,1789,894547,55
39,70,2,1790,895047,76
39,70,2,1791,895547,76
39,70,2,1792,896047,76
39,70,2,1793,896547,73
39,70,2,1794,897047,88
39,70,2,1795,897547,73
39,70,2,1796,898047,85
39,70,2,1797,898547,83
39,70,2,1798,899047,87
39,70,2,1799,899547,94
39,70,2,1800,900047,84
39,70,2,1801,900547,75
39,70,2,1802,901047,89
39,70,2,1803,901547,85
39,70,2,1804,902047,86
39,70,2,1805,902547,87
39,70,2,1806,903047,83
39,70,2,1807,903547,90
39,70,2,1808,904047,85
39,70,2,1809,904547,71
39,70,2,1810,905047,95
39,70,2,1811,905547,80
39,70,2,1812,906047,61
39,70,2,1813,906547,90
39,70,2,1814,907047,69
39,70,2,1815,907547,60
39,70,2,1816,908047,89
39,70,2,1817,908547,74
39,70,2,1818,909047,73
39,70,2,1819,909547,75
39,70,2,1820,910047,70
39,70,2,1821,910547,75
39,70,2,1822,911047,74
39,70,2,1823,911547,54
39,70,2,1824,912047,59
39,70,2,1825,912547,69
39,70,2,1826,913047,72
39,70,2,1827,913547,55
39,70,2,1828,914047,55
39,70,2,1829,914547,71
39,70,2,1830,915047,75
39,70,2,1831,915547,57
39,70,2,1832,916047,44
39,70,2,1833,916547,67
39,70,2,1834,917047,75
39,70,2,1835,917547,47
39,70,2,1836,918047,55
39,70,2,1837,918547,69
39,70,2,1838,919047,50
39,70,2,1839,919547,63
39,70,2,1840,920047,61
39,70,2,1841,920547,61
39,70,2,1842,921047,53
39,70,2,1843,921547,59
39,70,2,1844,922047,83
39,70,2,1845,922547,73
39,70,2,1846,923047,55
39,70,2,1847,923547,67
39,70,2,1848,924047,75
39,70,2,1849,924547,63
39,70,2,1850,925047,77
39,70,2,1851,925547,71
39,70,2,1852,926047,59
39,70,2,1853,926547,79
39,70,2,1854,927047,73
39,70,2,1855,927547,63
39,70,2,1856,928047,75
39,70,2,1857,928547,72
39,70,2,1858,929047,59
39,70,2,1859,929547,83
39,70,2,1860,930047,67
39,70,2,1861,930547,60
39,70,2,1862,931047,77
39,70,2,1863,931547,75
39,70,2,1864,932047,37
39,70,2,1865,932547,73
39,70,2,1866,933047,79
39,70,2,1867,933547,57
39,70,2,1868,934047,58
39,70,2,1869,934547,61
39,70,2,1870,935047,77
39,70,2,1871,935547,57
39,70,2,1872,936047,51
39,70,2,1873,936547,79
39,70,2,1874,937047,87
39,70,2,1875,937547,53
39,70,2,1876,938047,73
39,70,2,1877,938547,88
39,70,2,1878,939047,73
39,70,2,1879,939547,79
39,70,2,1880,940047,79
39,70,2,1881,940547,77
39,70,2,1882,941047,69
39,70,2,1883,941547,85
39,70,2,1884,942047,74
39,70,2,1885,942547,77
39,70,2,1886,943047,54
39,70,2,1887,943547,75
39,70,2,1888,944047,75
39,70,2,1889,944547,71
39,70,2,1890,945047,61
39,70,2,1891,945547,83
39,70,2,1892,946047,71
39,70,2,1893,946547,74
39,70,2,1894,947047,74
39,70,2,1895,947547,62
39,70,2,1896,948047,60
39,70,2,1897,948547,71
39,70,2,1898,949047,83
39,70,2,1899,949547,73
39,70,2,1900,950047,55
39,70,2,1901,950547,81
39,70,2,1902,951047,71
39,70,2,1903,951547,67
39,70,2,1904,952047,76
39,70,2,1905,952547,81
39,70,2,1906,953047,59
39,70,2,1907,953547,67
39,70,2,1908,954047,83
39,70,2,1909,954547,83
39,70,2,1910,955047,63
39,70,2,1911,955547,61
39,70,2,1912,956047,74
39,70,2,1913,956547,75
39,70,2,1914,957047,91
39,70,2,1915,957547,55
39,70,2,1916,958047,75
39,70,2,1917,958547,76
39,70,2,1918,959047,75
39,70,2,1919,959547,69
39,70,2,1920,960047,73
39,70,2,1921,960547,87
39,70,2,1922,961047,71
39,70,2,1923,961547,69
39,70,2,1924,962047,75
39,70,2,1925,962547,69
39,70,2,1926,963047,71
39,70,2,1927,963547,69
39,70,2,1928,964047,59
39,70,2,1929,964547,77
39,70,2,1930,965047,73
39,70,2,1931,965547,55
39,70,2,1932,966047,74
39,70,2,1933,966547,55
39,70,2,1934,967047,53
39,70,2,1935,967547,75
39,70,2,1936,968047,78
39,70,2,1937,968547,47
39,70,2,1938,969047,57
39,70,2,1939,969547,63
39,70,2,1940,970047,74
39,70,2,1941,970547,55
39,70,2,1942,971047,59
39,70,2,1943,971547,74
39,70,2,1944,972047,69
39,70,2,1945,972547,63
39,70,2,1946,973047,90
39,70,2,1947,973547,75
39,70,2,1948,974047,83
39,70,2,1949,974547,75
39,70,2,1950,975047,73
39,70,2,1951,975547,77
39,70,2,1952,976047,79
39,70,2,1953,976547,61
39,70,2,1954,977047,79
39,70,2,1955,977547,87
39,70,2,1956,978047,72
39,70,2,1957,978547,69
39,70,2,1958,979047,75
39,70,2,1959,979547,69
39,70,2,1960,980047,76
39,70,2,1961,980547,68
39,70,2,1962,981047,63
39,70,2,1963,981547,75
39,70,2,1964,982047,45
39,70,2,1965,982547,61
39,70,2,1966,983047,69
39,70,2,1967,983547,53
39,70,2,1968,984047,59
39,70,2,1969,984547,50
39,70,2,1970,985047,41
39,70,2,1971,985547,61
39,70,2,1972,986047,68
39,70,2,1973,986547,57
39,70,2,1974,987047,59
39,70,2,1975,987547,76
39,70,2,1976,988047,75
39,70,2,1977,988547,55
39,70,2,1978,989047,73
39,70,2,1979,989547,89
39,70,2,1980,990047,89
39,70,2,1981,990547,70
39,70,2,1982,991047,99
39,70,2,1983,991547,88
39,70,2,1984,992047,86
39,70,2,1985,992547,75
39,70,2,1986,993047,92
39,70,2,1987,993547,70
39,70,2,1988,994047,78
39,70,2,1989,994547,93
39,70,2,1990,995047,79
39,70,2,1991,995547,69
39,70,2,1992,996047,85
39,70,2,1993,996547,59
39,70,2,1994,997047,62
39,70,2,1995,997547,75
39,70,2,1996,998047,55
39,70,2,1997,998547,61
39,70,2,1998,999047,47
39,70,2,1999,999547,49
39,70,3,0,48,73
39,70,3,1,547,45
39,70,3,2,1047,57
39,70,3,3,1547,61
39,70,3,4,2047,58
39,70,3,5,2547,52
39,70,3,6,3047,71
39,70,3,7,3547,58
39,70,3,8,4047,47
39,70,3,9,4547,81
39,70,3,10,5047,77
39,70,3,11,5547,44
39,70,3,12,6047,70
39,70,3,13,6547,77
39,70,3,14,7047,60
39,70,3,15,7547,70
39,70,3,16,8047,71
39,70,3,17,8547,73
39,70,3,18,9047,82
39,70,3,19,9547,77
39,70,3,20,10047,69
39,70,3,21,10547,62
39,70,3,22,11047,81
39,70,3,23,11547,85
39,70,3,24,12047,41
39,70,3,25,12547,77
39,70,3,26,13047,82
39,70,3,27,13547,45
39,70,3,28,14047,57
39,70,3,29,14547,81
39,70,3,30,15047,73
39,70,3,31,15547,63
39,70,3,32,16047,59
39,70,3,33,16547,57
39,70,3,34,17047,83
39,70,3,35,17547,75
39,70,3,36,18047,71
39,70,3,37,18547,56
39,70,3,38,19047,73
39,70,3,39,19547,57
39,70,3,40,20047,54
39,70,3,41,20547,69
39,70,3,42,21047,48
39,70,3,43,21547,53
39,70,3,44,22047,63
39,70,3,45,22547,61
39,70,3,46,23047,43
39,70,3,47,23547,57
39,70,3,48,24047,67
39,70,3,49,24547,69
39,70,3,50,25047,52
39,70,3,51,25547,53
39,70,3,52,26047,56
39,70,3,53,26547,71
39,70,3,54,27047,51
39,70,3,55,27547,58
39,70,3,56,28047,71
39,70,3,57,28547,46
39,70,3,58,29047,60
39,70,3,59,29547,75
39,70,3,60,30047,55
39,70,3,61,30547,69
39,70,3,62,31047,63
39,70,3,63,31547,69
39,70,3,64,32047,68
39,70,3,65,32547,71
39,70,3,66,33047,75
39,70,3,67,33547,46
39,70,3,68,34047,76
39,70,3,69,34547,91
39,70,3,70,35047,61
39,70,3,71,35547,69
39,70,3,72,36047,82
39,70,3,73,36547,71
39,70,3,74,37047,71
39,70,3,75,37547,68
39,70,3,76,38047,77
39,70,3,77,38547,79
39,70,3,78,39047,79
39,70,3,79,39547,75
39,70,3,80,40047,61
39,70,3,81,40547,79
39,70,3,82,41047,72
39,70,3,83,41547,69
39,70,3,84,42047,81
39,70,3,85,42547,77
39,70,3,86,43047,62
39,70,3,87,43547,67
39,70,3,88,44047,89
39,70,3,89,44547,77
39,70,3,90,45047,47
39,70,3,91,45547,79
39,70,3,92,46047,79
39,70,3,93,46547,70
39,70,3,94,47047,61
39,70,3,95,47547,69
39,70,3,96,48047,73
39,70,3,97,48547,62
39,70,3,98,49047,57
39,70,3,99,49547,59
39,70,3,100,50047,57
39,70,3,101,50547,42
39,70,3,102,51047,51
39,70,3,103,51547,55
39,70,3,104,52047,56
39,70,3,105,52547,57
39,70,3,106,53047,54
39,70,3,107,53547,57
39,70,3,108,54047,63
39,70,3,109,54547,55
39,70,3,110,55047,72
39,70,3,111,55547,55
39,70,3,112,56047,71
39,70,3,113,56547,83
39,70,3,114,57047,67
39,70,3,115,57547,63
39,70,3,116,58047,68
39,70,3,117,58547,87
39,70,3,118,59047,62
39,70,3,119,59547,61
39,70,3,120,60047,87
39,70,3,121,60547,79
39,70,3,122,61047,73
39,70,3,123,61547,87
39,70,3,124,62047,73
39,70,3,125,62547,73
39,70,3,126,63047,83
39,70,3,127,63547,61
39,70,3,128,64047,73
39,70,3,129,64547,87
39,70,3,130,65047,59
39,70,3,131,65547,47
39,70,3,132,66047,87
39,70,3,133,66547,74
39,70,3,134,67047,53
39,70,3,135,67547,63
39,70,3,136,68047,70
39,70,3,137,68547,57
39,70,3,138,69047,61
39,70,3,139,69547,75
39,70,3,140,70047,37
39,70,3,141,70547,53
39,70,3,142,71047,69
39,70,3,143,71547,55
39,70,3,144,72047,31
39,70,3,145,72547,39
39,70,3,146,73047,62
39,70,3,147,73547,53
39,70,3,148,74047,51
39,70,3,149,74547,53
39,70,3,150,75047,58
39,70,3,151,75547,57
39,70,3,152,76047,74
39,70,3,153,76547,46
39,70,3,154,77047,60
39,70,3,155,77547,57
39,70,3,156,78047,55
39,70,3,157,78547,70
39,70,3,158,79047,85
39,70,3,159,79547,63
39,70,3,160,80047,71
39,70,3,161,80547,78
39,70,3,162,81047,87
39,70,3,163,81547,75
39,70,3,164,82047,73
39,70,3,165,82547,71
39,70,3,166,83047,88
39,70,3,167,83547,89
39,70,3,168,84047,73
39,70,3,169,84547,75
39,70,3,170,85047,93
39,70,3,171,85547,77
39,70,3,172,86047,85
39,70,3,173,86547,93
39,70,3,174,87047,79
39,70,3,175,87547,82
39,70,3,176,88047,82
39,70,3,177,88547,81
39,70,3,178,89047,91
39,70,3,179,89547,75
39,70,3,180,90047,83
39,70,3,181,90547,89
39,70,3,182,91047,77
39,70,3,183,91547,77
39,70,3,184,92047,87
39,70,3,185,92547,79
39,70,3,186,93047,75
39,70,3,187,93547,83
39,70,3,188,94047,67
39,70,3,189,94547,61
39,70,3,190,95047,91
39,70,3,191,95547,84
39,70,3,192,96047,61
39,70,3,193,96547,73
39,70,3,194,97047,71
39,70,3,195,97547,81
39,70,3,196,98047,72
39,70,3,197,98547,58
39,70,3,198,99047,68
39,70,3,199,99547,75
39,70,3,200,100047,69
39,70,3,201,100547,57
39,70,3,202,101047,61
39,70,3,203,101547,51
39,70,3,204,102047,54
39,70,3,205,102547,76
39,70,3,206,103047,75
39,70,3,207,103547,45
39,70,3,208,104047,60
39,70,3,209,104547,61
39,70,3,210,105047,60
39,70,3,211,105547,73
39,70,3,212,106047,59
39,70,3,213,106547,57
39,70,3,214,107047,75
39,70,3,215,107547,75
39,70,3,216,108047,55
39,70,3,217,108547,37
39,70,3,218,109047,74
39,70,3,219,109547,69
39,70,3,220,110047,51
39,70,3,221,110547,73
39,70,3,222,111047,61
39,70,3,223,111547,57
39,70,3,224,112047,74
39,70,3,225,112547,90
39,70,3,226,113047,60
39,70,3,227,113547,79
39,70,3,228,114047,79
39,70,3,229,114547,55
39,70,3,230,115047,62
39,70,3,231,115547,75
39,70,3,232,116047,67
39,70,3,233,116547,52
39,70,3,234,117047,73
39,70,3,235,117547,61
39,70,3,236,118047,41
39,70,3,237,118547,71
39,70,3,238,119047,70
39,70,3,239,119547,41
39,70,3,240,120047,67
39,70,3,241,120547,55
39,70,3,242,121047,59
39,70,3,243,121547,60
39,70,3,244,122047,59
39,70,3,245,122547,69
39,70,3,246,123047,61
39,70,3,247,123547,59
39,70,3,248,124047,73
39,70,3,249,124547,37
39,70,3,250,125047,73
39,70,3,251,125547,89
39,70,3,252,126047,59
39,70,3,253,126547,47
39,70,3,254,127047,79
39,70,3,255,127547,78
39,70,3,256,128047,55
39,70,3,257,128547,69
39,70,3,258,129047,81
39,70,3,259,129547,75
39,70,3,260,130047,57
39,70,3,261,130547,79
39,70,3,262,131047,63
39,70,3,263,131547,69
39,70,3,264,132047,78
39,70,3,265,132547,63
39,70,3,266,133047,70
39,70,3,267,133547,99
39,70,3,268,134047,77
39,70,3,269,134547,70
39,70,3,270,135047,77
39,70,3,271,135547,76
39,70,3,272,136047,82
39,70,3,273,136547,79
39,70,3,274,137047,69
39,70,3,275,137547,59
39,70,3,276,138047,73
39,70,3,277,138547,70
39,70,3,278,139047,69
39,70,3,279,139547,60
39,70,3,280,140047,59
39,70,3,281,140547,75
39,70,3,282,141047,57
39,70,3,283,141547,51
39,70,3,284,142047,55
39,70,3,285,142547,72
39,70,3,286,143047,55
39,70,3,287,143547,41
39,70,3,288,144047,55
39,70,3,289,144547,47
39,70,3,290,145047,46
39,70,3,291,145547,47
39,70,3,292,146047,53
39,70,3,293,146547,55
39,70,3,294,147047,60
39,70,3,295,147547,47
39,70,3,296,148047,59
39,70,3,297,148547,75
39,70,3,298,149047,61
39,70,3,299,149547,61
39,70,3,300,150047,74
39,70,3,301,150547,72
39,70,3,302,151047,69
39,70,3,303,151547,77
39,70,3,304,152047,69
39,70,3,305,152547,72
39,70,3,306,153047,75
39,70,3,307,153547,71
39,70,3,308,154047,70
39,70,3,309,154547,87
39,70,3,310,155047,77
39,70,3,311,155547,69
39,70,3,312,156047,71
39,70,3,313,156547,74
39,70,3,314,157047,78
39,70,3,315,157547,75
39,70,3,316,158047,60
39,70,3,317,158547,70
39,70,3,318,159047,85
39,70,3,319,159547,73
39,70,3,320,160047,63
39,70,3,321,160547,86
39,70,3,322,161047,85
39,70,3,323,161547,73
39,70,3,324,162047,55
39,70,3,325,162547,75
39,70,3,326,163047,69
39,70,3,327,163547,59
39,70,3,328,164047,91
39,70,3,329,164547,69
39,70,3,330,165047,63
39,70,3,331,165547,53
39,70,3,332,166047,72
39,70,3,333,166547,75
39,70,3,334,167047,56
39,70,3,335,167547,45
39,70,3,336,168047,73
39,70,3,337,168547,69
39,70,3,338,169047,61
39,70,3,339,169547,45
39,70,3,340,170047,75
39,70,3,341,170547,83
39,70,3,342,171047,56
39,70,3,343,171547,53
39,70,3,344,172047,77
39,70,3,345,172547,73
39,70,3,346,173047,77
39,70,3,347,173547,67
39,70,3,348,174047,79
39,70,3,349,174547,75
39,70,3,350,175047,78
39,70,3,351,175547,83
39,70,3,352,176047,71
39,70,3,353,176547,77
39,70,3,354,177047,73
39,70,3,355,177547,61
39,70,3,356,178047,79
39,70,3,357,178547,82
39,70,3,358,179047,77
39,70,3,359,179547,77
39,70,3,360,180047,59
39,70,3,361,180547,81
39,70,3,362,181047,83
39,70,3,363,181547,54
39,70,3,364,182047,56
39,70,3,365,182547,71
39,70,3,366,183047,77
39,70,3,367,183547,84
39,70,3,368,184047,54
39,70,3,369,184547,54
39,70,3,370,185047,78
39,70,3,371,185547,72
39,70,3,372,186047,54
39,70,3,373,186547,68
39,70,3,374,187047,63
39,70,3,375,187547,57
39,70,3,376,188047,61
39,70,3,377,188547,61
39,70,3,378,189047,59
39,70,3,379,189547,59
39,70,3,380,190047,91
39,70,3,381,190547,61
39,70,3,382,191047,57
39,70,3,383,191547,76
39,70,3,384,192047,69
39,70,3,385,192547,57
39,70,3,386,193047,83
39,70,3,387,193547,71
39,70,3,388,194047,60
39,70,3,389,194547,95
39,70,3,390,195047,75
39,70,3,391,195547,71
39,70,3,392,196047,78
39,70,3,393,196547,79
39,70,3,394,197047,75
39,70,3,395,197547,73
39,70,3,396,198047,71
39,70,3,397,198547,79
39,70,3,398,199047,61
39,70,3,399,199547,61
39,70,3,400,200047,70
39,70,3,401,200547,69
39,70,3,402,201047,63
39,70,3,403,201547,52
39,70,3,404,202047,69
39,70,3,405,202547,74
39,70,3,406,203047,56
39,70,3,407,203547,59
39,70,3,408,204047,51
39,70,3,409,204547,59
39,70,3,410,205047,58
39,70,3,411,205547,60
39,70,3,412,206047,63
39,70,3,413,206547,55
39,70,3,414,207047,53
39,70,3,415,207547,70
39,70,3,416,208047,69
39,70,3,417,208547,59
39,70,3,418,209047,69
39,70,3,419,209547,59
39,70,3,420,210047,59
39,70,3,421,210547,62
39,70,3,422,211047,75
39,70,3,423,211547,64
39,70,3,424,212047,71
39,70,3,425,212547,69
39,70,3,426,213047,61
39,70,3,427,213547,71
39,70,3,428,214047,78
39,70,3,429,214547,58
39,70,3,430,215047,67
39,70,3,431,215547,69
39,70,3,432,216047,57
39,70,3,433,216547,73
39,70,3,434,217047,84
39,70,3,435,217547,77
39,70,3,436,218047,55
39,70,3,437,218547,72
39,70,3,438,219047,74
39,70,3,439,219547,71
39,70,3,440,220047,56
39,70,3,441,220547,75
39,70,3,442,221047,73
39,70,3,443,221547,69
39,70,3,444,222047,47
39,70,3,445,222547,75
39,70,3,446,223047,73
39,70,3,447,223547,73
39,70,3,448,224047,69
39,70,3,449,224547,69
39,70,3,450,225047,79
39,70,3,451,225547,60
39,70,3,452,226047,71
39,70,3,453,226547,85
39,70,3,454,227047,63
39,70,3,455,227547,56
39,70,3,456,228047,72
39,70,3,457,228547,71
39,70,3,458,229047,61
39,70,3,459,229547,53
39,70,3,460,230047,62
39,70,3,461,230547,56
39,70,3,462,231047,51
39,70,3,463,231547,57
39,70,3,464,232047,64
39,70,3,465,232547,57
39,70,3,466,233047,50
39,70,3,467,233547,55
39,70,3,468,234047,61
39,70,3,469,234547,59
39,70,3,470,235047,63
39,70,3,471,235547,69
39,70,3,472,236047,38
39,70,3,473,236547,61
39,70,3,474,237047,72
39,70,3,475,237547,68
39,70,3,476,238047,61
39,70,3,477,238547,71
39,70,3,478,239047,83
39,70,3,479,239547,73
39,70,3,480,240047,72
39,70,3,481,240547,59
39,70,3,482,241047,76
39,70,3,483,241547,76
39,70,3,484,242047,61
39,70,3,485,242547,47
39,70,3,486,243047,77
39,70,3,487,243547,58
39,70,3,488,244047,53
39,70,3,489,244547,67
39,70,3,490,245047,55
39,70,3,491,245547,46
39,70,3,492,246047,76
39,70,3,493,246547,57
39,70,3,494,247047,53
39,70,3,495,247547,75
39,70,3,496,248047,87
39,70,3,497,248547,59
39,70,3,498,249047,61
39,70,3,499,249547,41
39,70,3,500,250047,69
39,70,3,501,250547,79
39,70,3,502,251047,48
39,70,3,503,251547,39
39,70,3,504,252047,67
39,70,3,505,252547,77
39,70,3,506,253047,52
39,70,3,507,253547,47
39,70,3,508,254047,73
39,70,3,509,254547,55
39,70,3,510,255047,47
39,70,3,511,255547,59
39,70,3,512,256047,57
39,70,3,513,256547,59
39,70,3,514,257047,47
39,70,3,515,257547,59
39,70,3,516,258047,61
39,70,3,517,258547,44
39,70,3,518,259047,61
39,70,3,519,259547,67
39,70,3,520,260047,69
39,70,3,521,260547,30
39,70,3,522,261047,51
39,70,3,523,261547,85
39,70,3,524,262047,69
39,70,3,525,262547,54
39,70,3,526,263047,88
39,70,3,527,263547,87
39,70,3,528,264047,75
39,70,3,529,264547,53
39,70,3,530,265047,63
39,70,3,531,265547,87
39,70,3,532,266047,77
39,70,3,533,266547,61
39,70,3,534,267047,89
39,70,3,535,267547,77
39,70,3,536,268047,73
39,70,3,537,268547,91
39,70,3,538,269047,78
39,70,3,539,269547,83
39,70,3,540,270047,75
39,70,3,541,270547,58
39,70,3,542,271047,77
39,70,3,543,271547,81
39,70,3,544,272047,73
39,70,3,545,272547,71
39,70,3,546,273047,63
39,70,3,547,273547,61
39,70,3,548,274047,77
39,70,3,549,274547,77
39,70,3,550,275047,59
39,70,3,551,275547,79
39,70,3,552,276047,82
39,70,3,553,276547,75
39,70,3,554,277047,62
39,70,3,555,277547,73
39,70,3,556,278047,73
39,70,3,557,278547,62
39,70,3,558,279047,51
39,70,3,559,279547,69
39,70,3,560,280047,69
39,70,3,561,280547,57
39,70,3,562,281047,71
39,70,3,563,281547,69
39,70,3,564,282047,57
39,70,3,565,282547,63
39,70,3,566,283047,71
39,70,3,567,283547,63
39,70,3,568,284047,71
39,70,3,569,284547,61
39,70,3,570,285047,61
39,70,3,571,285547,57
39,70,3,572,286047,79
39,70,3,573,286547,87
39,70,3,574,287047,53
39,70,3,575,287547,71
39,70,3,576,288047,82
39,70,3,577,288547,85
39,70,3,578,289047,79
39,70,3,579,289547,63
39,70,3,580,290047,83
39,70,3,581,290547,89
39,70,3,582,291047,77
39,70,3,583,291547,77
39,70,3,584,292047,85
39,70,3,585,292547,77
39,70,3,586,293047,76
39,70,3,587,293547,93
39,70,3,588,294047,75
39,70,3,589,294547,70
39,70,3,590,295047,81
39,70,3,591,295547,76
39,70,3,592,296047,63
39,70,3,593,296547,79
39,70,3,594,297047,76
39,70,3,595,297547,77
39,70,3,596,298047,73
39,70,3,597,298547,71
39,70,3,598,299047,70
39,70,3,599,299547,59
39,70,3,600,300047,57
39,70,3,601,300547,61
39,70,3,602,301047,70
39,70,3,603,301547,47
39,70,3,604,302047,46
39,70,3,605,302547,62
39,70,3,606,303047,59
39,70,3,607,303547,58
39,70,3,608,304047,45
39,70,3,609,304547,57
39,70,3,610,305047,55
39,70,3,611,305547,61
39,70,3,612,306047,77
39,70,3,613,306547,62
39,70,3,614,307047,69
39,70,3,615,307547,47
39,70,3,616,308047,64
39,70,3,617,308547,79
39,70,3,618,309047,72
39,70,3,619,309547,61
39,70,3,620,310047,75
39,70,3,621,310547,59
39,70,3,622,311047,75
39,70,3,623,311547,76
39,70,3,624,312047,76
39,70,3,625,312547,83
39,70,3,626,313047,69
39,70,3,627,313547,69
39,70,3,628,314047,78
39,70,3,629,314547,86
39,70,3,630,315047,62
39,70,3,631,315547,71
39,70,3,632,316047,62
39,70,3,633,316547,87
39,70,3,634,317047,61
39,70,3,635,317547,85
39,70,3,636,318047,70
39,70,3,637,318547,75
39,70,3,638,319047,73
39,70,3,639,319547,73
39,70,3,640,320047,63
39,70,3,641,320547,85
39,70,3,642,321047,60
39,70,3,643,321547,71
39,70,3,644,322047,58
39,70,3,645,322547,61
39,70,3,646,323047,69
39,70,3,647,323547,63
39,70,3,648,324047,53
39,70,3,649,324547,53
39,70,3,650,325047,73
39,70,3,651,325547,63
39,70,3,652,326047,39
39,70,3,653,326547,61
39,70,3,654,327047,54
39,70,3,655,327547,47
39,70,3,656,328047,57
39,70,3,657,328547,43
39,70,3,658,329047,60
39,70,3,659,329547,45
39,70,3,660,330047,48
39,70,3,661,330547,72
39,70,3,662,331047,53
39,70,3,663,331547,43
39,70,3,664,332047,46
39,70,3,665,332547,75
39,70,3,666,333047,76
39,70,3,667,333547,45
39,70,3,668,334047,73
39,70,3,669,334547,86
39,70,3,670,335047,63
39,70,3,671,335547,61
39,70,3,672,336047,84
39,70,3,673,336547,77
39,70,3,674,337047,58
39,70,3,675,337547,75
39,70,3,676,338047,85
39,70,3,677,338547,53
39,70,3,678,339047,61
39,70,3,679,339547,63
39,70,3,680,340047,59
39,70,3,681,340547,55
39,70,3,682,341047,74
39,70,3,683,341547,67
39,70,3,684,342047,72
39,70,3,685,342547,55
39,70,3,686,343047,61
39,70,3,687,343547,71
39,70,3,688,344047,67
39,70,3,689,344547,59
39,70,3,690,345047,56
39,70,3,691,345547,67
39,70,3,692,346047,69
39,70,3,693,346547,69
39,70,3,694,347047,69
39,70,3,695,347547,53
39,70,3,696,348047,75
39,70,3,697,348547,69
39,70,3,698,349047,63
39,70,3,699,349547,61
39,70,3,700,350047,67
39,70,3,701,350547,69
39,70,3,702,351047,61
39,70,3,703,351547,73
39,70,3,704,352047,63
39,70,3,705,352547,59
39,70,3,706,353047,76
39,70,3,707,353547,55
39,70,3,708,354047,69
39,70,3,709,354547,73
39,70,3,710,355047,55
39,70,3,711,355547,71
39,70,3,712,356047,79
39,70,3,713,356547,78
39,70,3,714,357047,67
39,70,3,715,357547,73
39,70,3,716,358047,77
39,70,3,717,358547,73
39,70,3,718,359047,78
39,70,3,719,359547,84
39,70,3,720,360047,85
39,70,3,721,360547,79
39,70,3,722,361047,71
39,70,3,723,361547,85
39,70,3,724,362047,81
39,70,3,725,362547,77
39,70,3,726,363047,92
39,70,3,727,363547,77
39,70,3,728,364047,75
39,70,3,729,364547,89
39,70,3,730,365047,69
39,70,3,731,365547,83
39,70,3,732,366047,89
39,70,3,733,366547,59
39,70,3,734,367047,60
39,70,3,735,367547,87
39,70,3,736,368047,89
39,70,3,737,368547,63
39,70,3,738,369047,71
39,70,3,739,369547,71
39,70,3,740,370047,71
39,70,3,741,370547,61
39,70,3,742,371047,59
39,70,3,743,371547,62
39,70,3,744,372047,69
39,70,3,745,372547,52
39,70,3,746,373047,69
39,70,3,747,373547,61
39,70,3,748,374047,47
39,70,3,749,374547,67
39,70,3,750,375047,67
39,70,3,751,375547,59
39,70,3,752,376047,55
39,70,3,753,376547,50
39,70,3,754,377047,69
39,70,3,755,377547,71
39,70,3,756,378047,59
39,70,3,757,378547,43
39,70,3,758,379047,56
39,70,3,759,379547,74
39,70,3,760,380047,69
39,70,3,761,380547,59
39,70,3,762,381047,61
39,70,3,763,381547,53
39,70,3,764,382047,69
39,70,3,765,382547,59
39,70,3,766,383047,69
39,70,3,767,383547,61
39,70,3,768,384047,67
39,70,3,769,384547,75
39,70,3,770,385047,63
39,70,3,771,385547,58
39,70,3,772,386047,73
39,70,3,773,386547,72
39,70,3,774,387047,67
39,70,3,775,387547,55
39,70,3,776,388047,47
39,70,3,777,388547,69
39,70,3,778,389047,61
39,70,3,779,389547,58
39,70,3,780,390047,52
39,70,3,781,390547,60
39,70,3,782,391047,73
39,70,3,783,391547,53
39,70,3,784,392047,55
39,70,3,785,392547,76
39,70,3,786,393047,59
39,70,3,787,393547,46
39,70,3,788,394047,72
39,70,3,789,394547,73
39,70,3,790,395047,61
39,70,3,791,395547,73
39,70,3,792,396047,68
39,70,3,793,396547,87
39,70,3,794,397047,78
39,70,3,795,397547,70
39,70,3,796,398047,90
39,70,3,797,398547,101
39,70,3,798,399047,87
39,70,3,799,399547,83
39,70,3,800,400047,103
39,70,3,801,400547,89
39,70,3,802,401047,83
39,70,3,803,401547,91
39,70,3,804,402047,89
39,70,3,805,402547,85
39,70,3,806,403047,89
39,70,3,807,403547,83
39,70,3,808,404047,99
39,70,3,809,404547,77
39,70,3,810,405047,85
39,70,3,811,405547,92
39,70,3,812,406047,79
39,70,3,813,406547,82
39,70,3,814,407047,67
39,70,3,815,407547,77
39,70,3,816,408047,89
39,70,3,817,408547,77
39,70,3,818,409047,53
39,70,3,819,409547,53
39,70,3,820,410047,76
39,70,3,821,410547,69
39,70,3,822,411047,67
39,70,3,823,411547,58
39,70,3,824,412047,72
39,70,3,825,412547,47
39,70,3,826,413047,63
39,70,3,827,413547,77
39,70,3,828,414047,59
39,70,3,829,414547,44
39,70,3,830,415047,55
39,70,3,831,415547,62
39,70,3,832,416047,59
39,70,3,833,416547,56
39,70,3,834,417047,67
39,70,3,835,417547,61
39,70,3,836,418047,57
39,70,3,837,418547,71
39,70,3,838,419047,61
39,70,3,839,419547,52
39,70,3,840,420047,58
39,70,3,841,420547,60
39,70,3,842,421047,55
39,70,3,843,421547,61
39,70,3,844,422047,58
39,70,3,845,422547,62
39,70,3,846,423047,51
39,70,3,847,423547,71
39,70,3,848,424047,60
39,70,3,849,424547,59
39,70,3,850,425047,62
39,70,3,851,425547,50
39,70,3,852,426047,43
39,70,3,853,426547,81
39,70,3,854,427047,55
39,70,3,855,427547,61
39,70,3,856,428047,82
39,70,3,857,428547,59
39,70,3,858,429047,47
39,70,3,859,429547,72
39,70,3,860,430047,69
39,70,3,861,430547,56
39,70,3,862,431047,57
39,70,3,863,431547,73
39,70,3,864,432047,67
39,70,3,865,432547,59
39,70,3,866,433047,73
39,70,3,867,433547,82
39,70,3,868,434047,72
39,70,3,869,434547,46
39,70,3,870,435047,73
39,70,3,871,435547,87
39,70,3,872,436047,75
39,70,3,873,436547,62
39,70,3,874,437047,63
39,70,3,875,437547,77
39,70,3,876,438047,76
39,70,3,877,438547,71
39,70,3,878,439047,61
39,70,3,879,439547,72
39,70,3,880,440047,77
39,70,3,881,440547,53
39,70,3,882,441047,73
39,70,3,883,441547,75
39,70,3,884,442047,61
39,70,3,885,442547,63
39,70,3,886,443047,78
39,70,3,887,443547,48
39,70,3,888,444047,61
39,70,3,889,444547,71
39,70,3,890,445047,68
39,70,3,891,445547,62
39,70,3,892,446047,58
39,70,3,893,446547,59
39,70,3,894,447047,72
39,70,3,895,447547,63
39,70,3,896,448047,55
39,70,3,897,448547,75
39,70,3,898,449047,57
39,70,3,899,449547,59
39,70,3,900,450047,63
39,70,3,901,450547,61
39,70,3,902,451047,59
39,70,3,903,451547,60
39,70,3,904,452047,41
39,70,3,905,452547,67
39,70,3,906,453047,53
39,70,3,907,453547,51
39,70,3,908,454047,48
39,70,3,909,454547,55
39,70,3,910,455047,61
39,70,3,911,455547,43
39,70,3,912,456047,52
39,70,3,913,456547,47
39,70,3,914,457047,55
39,70,3,915,457547,63
39,70,3,916,458047,57
39,70,3,917,458547,51
39,70,3,918,459047,58
39,70,3,919,459547,45
39,70,3,920,460047,67
39,70,3,921,460547,61
39,70,3,922,461047,69
39,70,3,923,461547,55
39,70,3,924,462047,57
39,70,3,925,462547,61
39,70,3,926,463047,71
39,70,3,927,463547,67
39,70,3,928,464047,58
39,70,3,929,464547,61
39,70,3,930,465047,75
39,70,3,931,465547,59
39,70,3,932,466047,69
39,70,3,933,466547,87
39,70,3,934,467047,53
39,70,3,935,467547,71
39,70,3,936,468047,75
39,70,3,937,468547,57
39,70,3,938,469047,63
39,70,3,939,469547,71
39,70,3,940,470047,76
39,70,3,941,470547,51
39,70,3,942,471047,53
39,70,3,943,471547,67
39,70,3,944,472047,70
39,70,3,945,472547,85
39,70,3,946,473047,60
39,70,3,947,473547,53
39,70,3,948,474047,75
39,70,3,949,474547,70
39,70,3,950,475047,53
39,70,3,951,475547,70
39,70,3,952,476047,71
39,70,3,953,476547,63
39,70,3,954,477047,57
39,70,3,955,477547,56
39,70,3,956,478047,84
39,70,3,957,478547,57
39,70,3,958,479047,61
39,70,3,959,479547,59
39,70,3,960,480047,43
39,70,3,961,480547,57
39,70,3,962,481047,69
39,70,3,963,481547,53
39,70,3,964,482047,60
39,70,3,965,482547,54
39,70,3,966,483047,55
39,70,3,967,483547,73
39,70,3,968,484047,91
39,70,3,969,484547,55
39,70,3,970,485047,55
39,70,3,971,485547,76
39,70,3,972,486047,76
39,70,3,973,486547,63
39,70,3,974,487047,69
39,70,3,975,487547,79
39,70,3,976,488047,85
39,70,3,977,488547,83
39,70,3,978,489047,78
39,70,3,979,489547,62
39,70,3,980,490047,91
39,70,3,981,490547,75
39,70,3,982,491047,73
39,70,3,983,491547,77
39,70,3,984,492047,71
39,70,3,985,492547,75
39,70,3,986,493047,91
39,70,3,987,493547,77
39,70,3,988,494047,70
39,70,3,989,494547,79
39,70,3,990,495047,77
39,70,3,991,495547,70
39,70,3,992,496047,77
39,70,3,993,496547,69
39,70,3,994,497047,71
39,70,3,995,497547,87
39,70,3,996,498047,74
39,70,3,997,498547,69
39,70,3,998,499047,79
39,70,3,999,499547,88
39,70,3,1000,500047,53
39,70,3,1001,500547,78
39,70,3,1002,501047,99
39,70,3,1003,501547,77
39,70,3,1004,502047,61
39,70,3,1005,502547,73
39,70,3,1006,503047,75
39,70,3,1007,503547,75
39,70,3,1008,504047,71
39,70,3,1009,504547,77
39,70,3,1010,505047,51
39,70,3,1011,505547,59
39,70,3,1012,506047,83
39,70,3,1013,506547,63
39,70,3,1014,507047,57
39,70,3,1015,507547,69
39,70,3,1016,508047,58
39,70,3,1017,508547,51
39,70,3,1018,509047,71
39,70,3,1019,509547,63
39,70,3,1020,510047,59
39,70,3,1021,510547,69
39,70,3,1022,511047,44
39,70,3,1023,511547,29
39,70,3,1024,512047,73
39,70,3,1025,512547,59
39,70,3,1026,513047,53
39,70,3,1027,513547,58
39,70,3,1028,514047,53
39,70,3,1029,514547,75
39,70,3,1030,515047,54
39,70,3,1031,515547,59
39,70,3,1032,516047,79
39,70,3,1033,516547,53
39,70,3,1034,517047,61
39,70,3,1035,517547,78
39,70,3,1036,518047,57
39,70,3,1037,518547,56
39,70,3,1038,519047,76
39,70,3,1039,519547,78
39,70,3,1040,520047,69
39,70,3,1041,520547,53
39,70,3,1042,521047,81
39,70,3,1043,521547,78
39,70,3,1044,522047,63
39,70,3,1045,522547,60
39,70,3,1046,523047,79
39,70,3,1047,523547,74
39,70,3,1048,524047,62
39,70,3,1049,524547,77
39,70,3,1050,525047,73
39,70,3,1051,525547,57
39,70,3,1052,526047,61
39,70,3,1053,526547,89
39,70,3,1054,527047,36
39,70,3,1055,527547,77
39,70,3,1056,528047,79
39,70,3,1057,528547,62
39,70,3,1058,529047,75
39,70,3,1059,529547,82
39,70,3,1060,530047,77
39,70,3,1061,530547,75
39,70,3,1062,531047,71
39,70,3,1063,531547,79
39,70,3,1064,532047,69
39,70,3,1065,532547,76
39,70,3,1066,533047,91
39,70,3,1067,533547,57
39,70,3,1068,534047,73
39,70,3,1069,534547,83
39,70,3,1070,535047,85
39,70,3,1071,535547,74
39,70,3,1072,536047,63
39,70,3,1073,536547,69
39,70,3,1074,537047,75
39,70,3,1075,537547,94
39,70,3,1076,538047,52
39,70,3,1077,538547,57
39,70,3,1078,539047,79
39,70,3,1079,539547,61
39,70,3,1080,540047,53
39,70,3,1081,540547,71
39,70,3,1082,541047,79
39,70,3,1083,541547,57
39,70,3,1084,542047,55
39,70,3,1085,542547,72
39,70,3,1086,543047,60
39,70,3,1087,543547,68
39,70,3,1088,544047,58
39,70,3,1089,544547,51
39,70,3,1090,545047,76
39,70,3,1091,545547,72
39,70,3,1092,546047,45
39,70,3,1093,546547,59
39,70,3,1094,547047,83
39,70,3,1095,547547,71
39,70,3,1096,548047,55
39,70,3,1097,548547,62
39,70,3,1098,549047,77
39,70,3,1099,549547,77
39,70,3,1100,550047,61
39,70,3,1101,550547,73
39,70,3,1102,551047,83
39,70,3,1103,551547,73
39,70,3,1104,552047,70
39,70,3,1105,552547,75
39,70,3,1106,553047,83
39,70,3,1107,553547,75
39,70,3,1108,554047,75
39,70,3,1109,554547,71
39,70,3,1110,555047,69
39,70,3,1111,555547,84
39,70,3,1112,556047,73
39,70,3,1113,556547,74
39,70,3,1114,557047,60
39,70,3,1115,557547,58
39,70,3,1116,558047,73
39,70,3,1117,558547,59
39,70,3,1118,559047,73
39,70,3,1119,559547,45
39,70,3,1120,560047,51
39,70,3,1121,560547,63
39,70,3,1122,561047,40
39,70,3,1123,561547,58
39,70,3,1124,562047,56
39,70,3,1125,562547,41
39,70,3,1126,563047,48
39,70,3,1127,563547,70
39,70,3,1128,564047,44
39,70,3,1129,564547,60
39,70,3,1130,565047,59
39,70,3,1131,565547,52
39,70,3,1132,566047,53
39,70,3,1133,566547,69
39,70,3,1134,567047,77
39,70,3,1135,567547,45
39,70,3,1136,568047,83
39,70,3,1137,568547,77
39,70,3,1138,569047,75
39,70,3,1139,569547,60
39,70,3,1140,570047,59
39,70,3,1141,570547,61
39,70,3,1142,571047,58
39,70,3,1143,571547,75
39,70,3,1144,572047,69
39,70,3,1145,572547,75
39,70,3,1146,573047,71
39,70,3,1147,573547,72
39,70,3,1148,574047,63
39,70,3,1149,574547,68
39,70,3,1150,575047,77
39,70,3,1151,575547,75
39,70,3,1152,576047,55
39,70,3,1153,576547,74
39,70,3,1154,577047,79
39,70,3,1155,577547,79
39,70,3,1156,578047,63
39,70,3,1157,578547,73
39,70,3,1158,579047,78
39,70,3,1159,579547,71
39,70,3,1160,580047,75
39,70,3,1161,580547,73
39,70,3,1162,581047,103
39,70,3,1163,581547,78
39,70,3,1164,582047,75
39,70,3,1165,582547,69
39,70,3,1166,583047,73
39,70,3,1167,583547,77
39,70,3,1168,584047,75
39,70,3,1169,584547,74
39,70,3,1170,585047,72
39,70,3,1171,585547,62
39,70,3,1172,586047,75
39,70,3,1173,586547,89
39,70,3,1174,587047,61
39,70,3,1175,587547,72
39,70,3,1176,588047,73
39,70,3,1177,588547,81
39,70,3,1178,589047,57
39,70,3,1179,589547,72
39,70,3,1180,590047,75
39,70,3,1181,590547,61
39,70,3,1182,591047,57
39,70,3,1183,591547,52
39,70,3,1184,592047,73
39,70,3,1185,592547,76
39,70,3,1186,593047,45
39,70,3,1187,593547,43
39,70,3,1188,594047,69
39,70,3,1189,594547,71
39,70,3,1190,595047,59
39,70,3,1191,595547,69
39,70,3,1192,596047,47
39,70,3,1193,596547,53
39,70,3,1194,597047,53
39,70,3,1195,597547,59
39,70,3,1196,598047,61
39,70,3,1197,598547,45
39,70,3,1198,599047,72
39,70,3,1199,599547,63
39,70,3,1200,600047,63
39,70,3,1201,600547,71
39,70,3,1202,601047,49
39,70,3,1203,601547,73
39,70,3,1204,602047,87
39,70,3,1205,602547,60
39,70,3,1206,603047,57
39,70,3,1207,603547,91
39,70,3,1208,604047,83
39,70,3,1209,604547,60
39,70,3,1210,605047,73
39,70,3,1211,605547,91
39,70,3,1212,606047,70
39,70,3,1213,606547,54
39,70,3,1214,607047,76
39,70,3,1215,607547,75
39,70,3,1216,608047,69
39,70,3,1217,608547,57
39,70,3,1218,609047,58
39,70,3,1219,609547,77
39,70,3,1220,610047,69
39,70,3,1221,610547,35
39,70,3,1222,611047,61
39,70,3,1223,611547,73
39,70,3,1224,612047,49
39,70,3,1225,612547,45
39,70,3,1226,613047,57
39,70,3,1227,613547,59
39,70,3,1228,614047,75
39,70,3,1229,614547,43
39,70,3,1230,615047,56
39,70,3,1231,615547,71
39,70,3,1232,616047,68
39,70,3,1233,616547,63
39,70,3,1234,617047,93
39,70,3,1235,617547,75
39,70,3,1236,618047,63
39,70,3,1237,618547,89
39,70,3,1238,619047,93
39,70,3,1239,619547,74
39,70,3,1240,620047,85
39,70,3,1241,620547,89
39,70,3,1242,621047,89
39,70,3,1243,621547,91
39,70,3,1244,622047,78
39,70,3,1245,622547,86
39,70,3,1246,623047,79
39,70,3,1247,623547,73
39,70,3,1248,624047,73
39,70,3,1249,624547,71
39,70,3,1250,625047,85
39,70,3,1251,625547,76
39,70,3,1252,626047,75
39,70,3,1253,626547,76
39,70,3,1254,627047,77
39,70,3,1255,627547,61
39,70,3,1256,628047,61
39,70,3,1257,628547,58
39,70,3,1258,629047,76
39,70,3,1259,629547,67
39,70,3,1260,630047,55
39,70,3,1261,630547,57
39,70,3,1262,631047,57
39,70,3,1263,631547,72
39,70,3,1264,632047,63
39,70,3,1265,632547,54
39,70,3,1266,633047,55
39,70,3,1267,633547,53
39,70,3,1268,634047,53
39,70,3,1269,634547,51
39,70,3,1270,635047,59
39,70,3,1271,635547,57
39,70,3,1272,636047,45
39,70,3,1273,636547,44
39,70,3,1274,637047,51
39,70,3,1275,637547,55
39,70,3,1276,638047,51
39,70,3,1277,638547,51
39,70,3,1278,639047,48
39,70,3,1279,639547,59
39,70,3,1280,640047,55
39,70,3,1281,640547,75
39,70,3,1282,641047,83
39,70,3,1283,641547,59
39,70,3,1284,642047,71
39,70,3,1285,642547,73
39,70,3,1286,643047,59
39,70,3,1287,643547,69
39,70,3,1288,644047,74
39,70,3,1289,644547,79
39,70,3,1290,645047,87
39,70,3,1291,645547,75
39,70,3,1292,646047,67
39,70,3,1293,646547,83
39,70,3,1294,647047,79
39,70,3,1295,647547,73
39,70,3,1296,648047,81
39,70,3,1297,648547,82
39,70,3,1298,649047,85
39,70,3,1299,649547,67
39,70,3,1300,650047,58
39,70,3,1301,650547,73
39,70,3,1302,651047,85
39,70,3,1303,651547,70
39,70,3,1304,652047,71
39,70,3,1305,652547,73
39,70,3,1306,653047,57
39,70,3,1307,653548,70
39,70,3,1308,654047,77
39,70,3,1309,654547,69
39,70,3,1310,655047,71
39,70,3,1311,655547,57
39,70,3,1312,656047,71
39,70,3,1313,656547,45
39,70,3,1314,657047,56
39,70,3,1315,657547,71
39,70,3,1316,658047,47
39,70,3,1317,658547,57
39,70,3,1318,659047,63
39,70,3,1319,659547,31
39,70,3,1320,660047,69
39,70,3,1321,660547,69
39,70,3,1322,661047,40
39,70,3,1323,661547,49
39,70,3,1324,662047,59
39,70,3,1325,662547,55
39,70,3,1326,663047,55
39,70,3,1327,663547,57
39,70,3,1328,664047,43
39,70,3,1329,664547,52
39,70,3,1330,665047,61
39,70,3,1331,665547,54
39,70,3,1332,666047,39
39,70,3,1333,666547,63
39,70,3,1334,667047,76
39,70,3,1335,667547,51
39,70,3,1336,668047,62
39,70,3,1337,668547,87
39,70,3,1338,669047,74
39,70,3,1339,669547,79
39,70,3,1340,670047,61
39,70,3,1341,670547,79
39,70,3,1342,671047,91
39,70,3,1343,671547,81
39,70,3,1344,672047,75
39,70,3,1345,672547,91
39,70,3,1346,673047,85
39,70,3,1347,673547,88
39,70,3,1348,674047,79
39,70,3,1349,674547,86
39,70,3,1350,675047,95
39,70,3,1351,675547,77
39,70,3,1352,676047,73
39,70,3,1353,676547,78
39,70,3,1354,677047,87
39,70,3,1355,677547,85
39,70,3,1356,678047,73
39,70,3,1357,678547,61
39,70,3,1358,679047,75
39,70,3,1359,679547,68
39,70,3,1360,680047,83
39,70,3,1361,680547,75
39,70,3,1362,681047,50
39,70,3,1363,681547,57
39,70,3,1364,682047,78
39,70,3,1365,682547,71
39,70,3,1366,683047,54
39,70,3,1367,683547,70
39,70,3,1368,684047,79
39,70,3,1369,684547,55
39,70,3,1370,685047,69
39,70,3,1371,685547,83
39,70,3,1372,686047,69
39,70,3,1373,686547,57
39,70,3,1374,687047,74
39,70,3,1375,687547,73
39,70,3,1376,688047,60
39,70,3,1377,688547,61
39,70,3,1378,689047,51
39,70,3,1379,689547,72
39,70,3,1380,690047,77
39,70,3,1381,690547,57
39,70,3,1382,691047,74
39,70,3,1383,691547,68
39,70,3,1384,692047,62
39,70,3,1385,692547,69
39,70,3,1386,693047,55
39,70,3,1387,693547,53
39,70,3,1388,694047,48
39,70,3,1389,694547,54
39,70,3,1390,695047,59
39,70,3,1391,695547,55
39,70,3,1392,696047,60
39,70,3,1393,696547,47
39,70,3,1394,697047,61
39,70,3,1395,697547,59
39,70,3,1396,698047,52
39,70,3,1397,698547,55
39,70,3,1398,699047,61
39,70,3,1399,699547,55
39,70,3,1400,700047,73
39,70,3,1401,700547,60
39,70,3,1402,701047,55
39,70,3,1403,701547,63
39,70,3,1404,702047,79
39,70,3,1405,702547,63
39,70,3,1406,703047,69
39,70,3,1407,703547,77
39,70,3,1408,704047,73
39,70,3,1409,704547,87
39,70,3,1410,705047,83
39,70,3,1411,705547,75
39,70,3,1412,706047,76
39,70,3,1413,706547,59
39,70,3,1414,707047,63
39,70,3,1415,707547,85
39,70,3,1416,708047,53
39,70,3,1417,708547,57
39,70,3,1418,709047,79
39,70,3,1419,709547,53
39,70,3,1420,710047,44
39,70,3,1421,710547,77
39,70,3,1422,711047,71
39,70,3,1423,711547,55
39,70,3,1424,712047,61
39,70,3,1425,712547,67
39,70,3,1426,713047,69
39,70,3,1427,713547,71
39,70,3,1428,714047,59
39,70,3,1429,714547,68
39,70,3,1430,715047,69
39,70,3,1431,715547,68
39,70,3,1432,716047,71
39,70,3,1433,716547,73
39,70,3,1434,717047,75
39,70,3,1435,717547,77
39,70,3,1436,718047,85
39,70,3,1437,718547,77
39,70,3,1438,719047,83
39,70,3,1439,719547,87
39,70,3,1440,720047,84
39,70,3,1441,720547,73
39,70,3,1442,721047,73
39,70,3,1443,721547,83
39,70,3,1444,722047,91
39,70,3,1445,722547,87
39,70,3,1446,723047,53
39,70,3,1447,723547,69
39,70,3,1448,724047,99
39,70,3,1449,724547,69
39,70,3,1450,725047,59
39,70,3,1451,725547,90
39,70,3,1452,726047,83
39,70,3,1453,726547,57
39,70,3,1454,727047,71
39,70,3,1455,727547,73
39,70,3,1456,728047,77
39,70,3,1457,728547,75
39,70,3,1458,729047,60
39,70,3,1459,729547,71
39,70,3,1460,730047,70
39,70,3,1461,730547,77
39,70,3,1462,731047,74
39,70,3,1463,731547,75
39,70,3,1464,732047,57
39,70,3,1465,732547,61
39,70,3,1466,733047,82
39,70,3,1467,733547,71
39,70,3,1468,734047,63
39,70,3,1469,734547,73
39,70,3,1470,735047,61
39,70,3,1471,735547,71
39,70,3,1472,736047,71
39,70,3,1473,736547,55
39,70,3,1474,737047,61
39,70,3,1475,737547,63
39,70,3,1476,738047,54
39,70,3,1477,738547,43
39,70,3,1478,739047,56
39,70,3,1479,739547,55
39,70,3,1480,740047,53
39,70,3,1481,740547,69
39,70,3,1482,741047,59
39,70,3,1483,741547,43
39,70,3,1484,742047,63
39,70,3,1485,742547,68
39,70,3,1486,743047,51
39,70,3,1487,743547,63
39,70,3,1488,744047,71
39,70,3,1489,744547,54
39,70,3,1490,745047,60
39,70,3,1491,745547,71
39,70,3,1492,746047,73
39,70,3,1493,746547,76
39,70,3,1494,747047,55
39,70,3,1495,747547,69
39,70,3,1496,748047,77
39,70,3,1497,748547,79
39,70,3,1498,749047,85
39,70,3,1499,749547,75
39,70,3,1500,750047,59
39,70,3,1501,750547,62
39,70,3,1502,751047,77
39,70,3,1503,751547,61
39,70,3,1504,752047,61
39,70,3,1505,752547,69
39,70,3,1506,753047,59
39,70,3,1507,753547,53
39,70,3,1508,754047,72
39,70,3,1509,754547,81
39,70,3,1510,755047,56
39,70,3,1511,755547,57
39,70,3,1512,756047,68
39,70,3,1513,756547,61
39,70,3,1514,757047,71
39,70,3,1515,757547,55
39,70,3,1516,758047,61
39,70,3,1517,758547,73
39,70,3,1518,759047,57
39,70,3,1519,759547,57
39,70,3,1520,760047,75
39,70,3,1521,760547,75
39,70,3,1522,761047,51
39,70,3,1523,761547,56
39,70,3,1524,762047,61
39,70,3,1525,762547,60
39,70,3,1526,763047,67
39,70,3,1527,763547,71
39,70,3,1528,764047,53
39,70,3,1529,764547,58
39,70,3,1530,765047,71
39,70,3,1531,765547,71
39,70,3,1532,766047,57
39,70,3,1533,766547,53
39,70,3,1534,767047,59
39,70,3,1535,767547,71
39,70,3,1536,768047,63
39,70,3,1537,768547,55
39,70,3,1538,769047,55
39,70,3,1539,769547,59
39,70,3,1540,770047,56
39,70,3,1541,770547,57
39,70,3,1542,771047,46
39,70,3,1543,771547,59
39,70,3,1544,772047,71
39,70,3,1545,772547,39
39,70,3,1546,773047,57
39,70,3,1547,773547,57
39,70,3,1548,774047,56
39,70,3,1549,774547,46
39,70,3,1550,775047,55
39,70,3,1551,775547,55
39,70,3,1552,776047,47
39,70,3,1553,776547,61
39,70,3,1554,777047,67
39,70,3,1555,777547,37
39,70,3,1556,778047,74
39,70,3,1557,778547,71
39,70,3,1558,779047,56
39,70,3,1559,779547,62
39,70,3,1560,780047,78
39,70,3,1561,780547,63
39,70,3,1562,781047,73
39,70,3,1563,781547,61
39,70,3,1564,782047,69
39,70,3,1565,782547,75
39,70,3,1566,783047,52
39,70,3,1567,783547,70
39,70,3,1568,784047,83
39,70,3,1569,784547,57
39,70,3,1570,785047,62
39,70,3,1571,785547,84
39,70,3,1572,786047,85
39,70,3,1573,786547,75
39,70,3,1574,787047,84
39,70,3,1575,787547,85
39,70,3,1576,788047,68
39,70,3,1577,788547,71
39,70,3,1578,789047,90
39,70,3,1579,789547,83
39,70,3,1580,790047,59
39,70,3,1581,790547,75
39,70,3,1582,791047,87
39,70,3,1583,791547,55
39,70,3,1584,792047,67
39,70,3,1585,792547,91
39,70,3,1586,793047,69
39,70,3,1587,793547,68
39,70,3,1588,794047,74
39,70,3,1589,794547,71
39,70,3,1590,795047,47
39,70,3,1591,795547,74
39,70,3,1592,796047,75
39,70,3,1593,796547,51
39,70,3,1594,797047,63
39,70,3,1595,797547,75
39,70,3,1596,798047,61
39,70,3,1597,798547,71
39,70,3,1598,799047,63
39,70,3,1599,799547,73
39,70,3,1600,800047,68
39,70,3,1601,800547,53
39,70,3,1602,801047,91
39,70,3,1603,801547,56
39,70,3,1604,802047,70
39,70,3,1605,802547,89
39,70,3,1606,803047,61
39,70,3,1607,803547,57
39,70,3,1608,804047,77
39,70,3,1609,804547,55
39,70,3,1610,805047,54
39,70,3,1611,805547,77
39,70,3,1612,806047,75
39,70,3,1613,806547,56
39,70,3,1614,807047,76
39,70,3,1615,807547,69
39,70,3,1616,808047,70
39,70,3,1617,808547,47
39,70,3,1618,809047,58
39,70,3,1619,809547,59
39,70,3,1620,810047,63
39,70,3,1621,810547,51
39,70,3,1622,811047,43
39,70,3,1623,811547,73
39,70,3,1624,812047,75
39,70,3,1625,812547,45
39,70,3,1626,813047,62
39,70,3,1627,813547,63
39,70,3,1628,814047,75
39,70,3,1629,814547,74
39,70,3,1630,815047,58
39,70,3,1631,815547,72
39,70,3,1632,816047,68
39,70,3,1633,816547,73
39,70,3,1634,817047,73
39,70,3,1635,817547,73
39,70,3,1636,818047,73
39,70,3,1637,818547,71
39,70,3,1638,819047,63
39,70,3,1639,819547,55
39,70,3,1640,820047,73
39,70,3,1641,820547,71
39,70,3,1642,821047,79
39,70,3,1643,821547,73
39,70,3,1644,822047,73
39,70,3,1645,822547,67
39,70,3,1646,823047,75
39,70,3,1647,823547,75
39,70,3,1648,824047,67
39,70,3,1649,824547,69
39,70,3,1650,825047,72
39,70,3,1651,825547,59
39,70,3,1652,826047,67
39,70,3,1653,826547,58
39,70,3,1654,827047,61
39,70,3,1655,827547,51
39,70,3,1656,828047,57
39,70,3,1657,828547,59
39,70,3,1658,829047,47
39,70,3,1659,829547,70
39,70,3,1660,830047,71
39,70,3,1661,830547,61
39,70,3,1662,831047,47
39,70,3,1663,831547,72
39,70,3,1664,832047,73
39,70,3,1665,832547,72
39,70,3,1666,833047,69
39,70,3,1667,833547,77
39,70,3,1668,834047,61
39,70,3,1669,834547,61
39,70,3,1670,835047,85
39,70,3,1671,835547,75
39,70,3,1672,836047,75
39,70,3,1673,836547,69
39,70,3,1674,837047,55
39,70,3,1675,837547,88
39,70,3,1676,838047,87
39,70,3,1677,838547,59
39,70,3,1678,839047,48
39,70,3,1679,839547,91
39,70,3,1680,840047,77
39,70,3,1681,840547,64
39,70,3,1682,841047,62
39,70,3,1683,841547,89
39,70,3,1684,842047,60
39,70,3,1685,842547,68
39,70,3,1686,843047,61
39,70,3,1687,843547,71
39,70,3,1688,844047,63
39,70,3,1689,844547,69
39,70,3,1690,845047,73
39,70,3,1691,845547,47
39,70,3,1692,846047,71
39,70,3,1693,846547,79
39,70,3,1694,847047,63
39,70,3,1695,847547,63
39,70,3,1696,848047,61
39,70,3,1697,848547,75
39,70,3,1698,849047,79
39,70,3,1699,849547,77
39,70,3,1700,850047,73
39,70,3,1701,850547,76
39,70,3,1702,851047,93
39,70,3,1703,851547,75
39,70,3,1704,852047,77
39,70,3,1705,852547,83
39,70,3,1706,853047,79
39,70,3,1707,853547,73
39,70,3,1708,854047,82
39,70,3,1709,854547,85
39,70,3,1710,855047,72
39,70,3,1711,855547,79
39,70,3,1712,856047,71
39,70,3,1713,856547,73
39,70,3,1714,857047,57
39,70,3,1715,857547,56
39,70,3,1716,858047,75
39,70,3,1717,858547,73
39,70,3,1718,859047,51
39,70,3,1719,859547,60
39,70,3,1720,860047,61
39,70,3,1721,860547,71
39,70,3,1722,861047,64
39,70,3,1723,861547,53
39,70,3,1724,862047,61
39,70,3,1725,862547,61
39,70,3,1726,863047,73
39,70,3,1727,863547,47
39,70,3,1728,864047,57
39,70,3,1729,864547,71
39,70,3,1730,865047,60
39,70,3,1731,865547,63
39,70,3,1732,866047,51
39,70,3,1733,866547,52
39,70,3,1734,867047,73
39,70,3,1735,867547,72
39,70,3,1736,868047,51
39,70,3,1737,868547,75
39,70,3,1738,869047,63
39,70,3,1739,869547,59
39,70,3,1740,870047,61
39,70,3,1741,870547,71
39,70,3,1742,871047,68
39,70,3,1743,871547,61
39,70,3,1744,872047,51
39,70,3,1745,872547,59
39,70,3,1746,873047,85
39,70,3,1747,873547,79
39,70,3,1748,874047,53
39,70,3,1749,874547,57
39,70,3,1750,875047,79
39,70,3,1751,875547,85
39,70,3,1752,876047,58
39,70,3,1753,876547,73
39,70,3,1754,877047,61
39,70,3,1755,877547,75
39,70,3,1756,878047,46
39,70,3,1757,878547,59
39,70,3,1758,879047,77
39,70,3,1759,879547,79
39,70,3,1760,880047,57
39,70,3,1761,880547,59
39,70,3,1762,881047,63
39,70,3,1763,881547,63
39,70,3,1764,882047,70
39,70,3,1765,882547,69
39,70,3,1766,883047,70
39,70,3,1767,883547,55
39,70,3,1768,884047,71
39,70,3,1769,884547,73
39,70,3,1770,885047,59
39,70,3,1771,885547,53
39,70,3,1772,886047,70
39,70,3,1773,886547,71
39,70,3,1774,887047,71
39,70,3,1775,887547,74
39,70,3,1776,888047,71
39,70,3,1777,888547,71
39,70,3,1778,889047,57
39,70,3,1779,889547,79
39,70,3,1780,890047,80
39,70,3,1781,890547,77
39,70,3,1782,891047,69
39,70,3,1783,891547,77
39,70,3,1784,892047,83
39,70,3,1785,892547,77
39,70,3,1786,893047,84
39,70,3,1787,893547,95
39,70,3,1788,894047,71
39,70,3,1789,894547,72
39,70,3,1790,895047,77
39,70,3,1791,895547,71
39,70,3,1792,896047,73
39,70,3,1793,896547,81
39,70,3,1794,897047,61
39,70,3,1795,897547,64
39,70,3,1796,898047,71
39,70,3,1797,898547,62
39,70,3,1798,899047,71
39,70,3,1799,899547,63
39,70,3,1800,900047,45
39,70,3,1801,900547,60
39,70,3,1802,901047,59
39,70,3,1803,901547,67
39,70,3,1804,902047,53
39,70,3,1805,902547,61
39,70,3,1806,903047,53
39,70,3,1807,903547,40
39,70,3,1808,904047,46
39,70,3,1809,904547,61
39,70,3,1810,905047,43
39,70,3,1811,905547,62
39,70,3,1812,906047,46
39,70,3,1813,906547,46
39,70,3,1814,907047,59
39,70,3,1815,907547,74
39,70,3,1816,908047,67
39,70,3,1817,908547,47
39,70,3,1818,909047,68
39,70,3,1819,909547,71
39,70,3,1820,910047,61
39,70,3,1821,910547,69
39,70,3,1822,911047,79
39,70,3,1823,911547,55
39,70,3,1824,912047,77
39,70,3,1825,912547,79
39,70,3,1826,913047,101
39,70,3,1827,913547,83
39,70,3,1828,914047,83
39,70,3,1829,914547,87
39,70,3,1830,915047,87
39,70,3,1831,915547,87
39,70,3,1832,916047,90
39,70,3,1833,916547,81
39,70,3,1834,917047,93
39,70,3,1835,917547,103
39,70,3,1836,918047,87
39,70,3,1837,918547,60
39,70,3,1838,919047,89
39,70,3,1839,919547,101
39,70,3,1840,920047,83
39,70,3,1841,920547,75
39,70,3,1842,921047,88
39,70,3,1843,921547,76
39,70,3,1844,922047,71
39,70,3,1845,922547,89
39,70,3,1846,923047,71
39,70,3,1847,923547,57
39,70,3,1848,924047,55
39,70,3,1849,924547,69
39,70,3,1850,925047,59
39,70,3,1851,925547,57
39,70,3,1852,926047,53
39,70,3,1853,926547,55
39,70,3,1854,927047,55
39,70,3,1855,927547,59
39,70,3,1856,928047,69
39,70,3,1857,928547,51
39,70,3,1858,929047,47
39,70,3,1859,929547,63
39,70,3,1860,930047,47
39,70,3,1861,930547,42
39,70,3,1862,931047,59
39,70,3,1863,931547,53
39,70,3,1864,932047,41
39,70,3,1865,932547,74
39,70,3,1866,933047,74
39,70,3,1867,933547,43
39,70,3,1868,934047,63
39,70,3,1869,934547,67
39,70,3,1870,935047,71
39,70,3,1871,935547,55
39,70,3,1872,936047,67
39,70,3,1873,936547,73
39,70,3,1874,937047,61
39,70,3,1875,937547,59
39,70,3,1876,938047,58
39,70,3,1877,938547,61
39,70,3,1878,939047,55
39,70,3,1879,939547,72
39,70,3,1880,940047,73
39,70,3,1881,940547,67
39,70,3,1882,941047,47
39,70,3,1883,941547,59
39,70,3,1884,942047,71
39,70,3,1885,942547,63
39,70,3,1886,943047,51
39,70,3,1887,943547,64
39,70,3,1888,944047,73
39,70,3,1889,944547,59
39,70,3,1890,945047,58
39,70,3,1891,945547,77
39,70,3,1892,946047,69
39,70,3,1893,946547,67
39,70,3,1894,947047,61
39,70,3,1895,947547,73
39,70,3,1896,948047,59
39,70,3,1897,948547,77
39,70,3,1898,949047,77
39,70,3,1899,949547,71
39,70,3,1900,950047,69
39,70,3,1901,950547,62
39,70,3,1902,951047,75
39,70,3,1903,951547,75
39,70,3,1904,952047,79
39,70,3,1905,952547,67
39,70,3,1906,953047,72
39,70,3,1907,953547,57
39,70,3,1908,954047,62
39,70,3,1909,954547,75
39,70,3,1910,955047,61
39,70,3,1911,955547,63
39,70,3,1912,956047,57
39,70,3,1913,956547,74
39,70,3,1914,957047,75
39,70,3,1915,957547,41
39,70,3,1916,958047,75
39,70,3,1917,958547,61
39,70,3,1918,959047,48
39,70,3,1919,959547,68
39,70,3,1920,960047,63
39,70,3,1921,960547,53
39,70,3,1922,961047,69
39,70,3,1923,961547,57
39,70,3,1924,962047,57
39,70,3,1925,962547,69
39,70,3,1926,963047,43
39,70,3,1927,963547,56
39,70,3,1928,964047,69
39,70,3,1929,964547,63
39,70,3,1930,965047,61
39,70,3,1931,965547,53
39,70,3,1932,966047,71
39,70,3,1933,966547,76
39,70,3,1934,967047,53
39,70,3,1935,967547,53
39,70,3,1936,968047,69
39,70,3,1937,968547,64
39,70,3,1938,969047,47
39,70,3,1939,969547,71
39,70,3,1940,970047,75
39,70,3,1941,970547,59
39,70,3,1942,971047,51
39,70,3,1943,971547,73
39,70,3,1944,972047,59
39,70,3,1945,972547,63
39,70,3,1946,973047,70
39,70,3,1947,973547,70
39,70,3,1948,974047,61
39,70,3,1949,974547,57
39,70,3,1950,975047,69
39,70,3,1951,975547,69
39,70,3,1952,976047,45
39,70,3,1953,976547,63
39,70,3,1954,977047,63
39,70,3,1955,977547,57
39,70,3,1956,978047,70
39,70,3,1957,978547,62
39,70,3,1958,979047,37
39,70,3,1959,979547,75
39,70,3,1960,980047,55
39,70,3,1961,980547,53
39,70,3,1962,981047,73
39,70,3,1963,981547,58
39,70,3,1964,982047,55
39,70,3,1965,982547,69
39,70,3,1966,983047,62
39,70,3,1967,983547,63
39,70,3,1968,984047,73
39,70,3,1969,984547,59
39,70,3,1970,985047,69
39,70,3,1971,985547,83
39,70,3,1972,986047,68
39,70,3,1973,986547,79
39,70,3,1974,987047,75
39,70,3,1975,987547,85
39,70,3,1976,988047,63
39,70,3,1977,988547,74
39,70,3,1978,989047,87
39,70,3,1979,989547,83
39,70,3,1980,990047,79
39,70,3,1981,990547,89
39,70,3,1982,991047,75
39,70,3,1983,991547,85
39,70,3,1984,992047,71
39,70,3,1985,992547,72
39,70,3,1986,993047,83
39,70,3,1987,993547,73
39,70,3,1988,994047,85
39,70,3,1989,994547,89
39,70,3,1990,995047,77
39,70,3,1991,995547,83
39,70,3,1992,996047,83
39,70,3,1993,996547,63
39,70,3,1994,997047,82
39,70,3,1995,997547,94
39,70,3,1996,998047,70
39,70,3,1997,998547,67
39,70,3,1998,999047,87
39,70,3,1999,999547,75
39,70,4,0,48,85
39,70,4,1,547,69
39,70,4,2,1047,63
39,70,4,3,1547,69
39,70,4,4,2047,83
39,70,4,5,2547,63
39,70,4,6,3047,69
39,70,4,7,3547,83
39,70,4,8,4047,76
39,70,4,9,4547,59
39,70,4,10,5047,76
39,70,4,11,5547,73
39,70,4,12,6047,68
39,70,4,13,6547,79
39,70,4,14,7047,77
39,70,4,15,7547,67
39,70,4,16,8047,77
39,70,4,17,8547,84
39,70,4,18,9047,73
39,70,4,19,9547,81
39,70,4,20,10047,74
39,70,4,21,10547,79
39,70,4,22,11047,81
39,70,4,23,11547,77
39,70,4,24,12047,83
39,70,4,25,12547,82
39,70,4,26,13047,74
39,70,4,27,13547,87
39,70,4,28,14047,85
39,70,4,29,14547,71
39,70,4,30,15047,70
39,70,4,31,15547,95
39,70,4,32,16047,90
39,70,4,33,16547,79
39,70,4,34,17047,83
39,70,4,35,17547,88
39,70,4,36,18047,87
39,70,4,37,18547,93
39,70,4,38,19047,77
39,70,4,39,19547,69
39,70,4,40,20047,83
39,70,4,41,20547,75
39,70,4,42,21047,72
39,70,4,43,21547,55
39,70,4,44,22047,73
39,70,4,45,22547,77
39,70,4,46,23047,63
39,70,4,47,23547,52
39,70,4,48,24047,73
39,70,4,49,24547,61
39,70,4,50,25047,45
39,70,4,51,25547,62
39,70,4,52,26047,57
39,70,4,53,26547,42
39,70,4,54,27047,59
39,70,4,55,27547,56
39,70,4,56,28047,51
39,70,4,57,28547,42
39,70,4,58,29047,60
39,70,4,59,29547,55
39,70,4,60,30047,49
39,70,4,61,30547,50
39,70,4,62,31047,59
39,70,4,63,31547,45
39,70,4,64,32047,61
39,70,4,65,32547,55
39,70,4,66,33047,60
39,70,4,67,33547,59
39,70,4,68,34047,51
39,70,4,69,34547,72
39,70,4,70,35047,63
39,70,4,71,35547,63
39,70,4,72,36047,71
39,70,4,73,36547,79
39,70,4,74,37047,60
39,70,4,75,37547,73
39,70,4,76,38047,87
39,70,4,77,38547,73
39,70,4,78,39047,85
39,70,4,79,39547,77
39,70,4,80,40047,76
39,70,4,81,40547,87
39,70,4,82,41047,99
39,70,4,83,41547,69
39,70,4,84,42047,73
39,70,4,85,42547,99
39,70,4,86,43047,89
39,70,4,87,43547,72
39,70,4,88,44047,91
39,70,4,89,44547,84
39,70,4,90,45047,83
39,70,4,91,45547,77
39,70,4,92,46047,85
39,70,4,93,46547,77
39,70,4,94,47047,77
39,70,4,95,47547,68
39,70,4,96,48047,89
39,70,4,97,48547,75
39,70,4,98,49047,61
39,70,4,99,49547,75
39,70,4,100,50047,73
39,70,4,101,50547,55
39,70,4,102,51047,75
39,70,4,103,51547,69
39,70,4,104,52047,74
39,70,4,105,52547,63
39,70,4,106,53047,59
39,70,4,107,53547,71
39,70,4,108,54047,71
39,70,4,109,54547,73
39,70,4,110,55047,63
39,70,4,111,55547,57
39,70,4,112,56047,67
39,70,4,113,56547,69
39,70,4,114,57047,45
39,70,4,115,57547,76
39,70,4,116,58047,61
39,70,4,117,58547,43
39,70,4,118,59047,60
39,70,4,119,59547,59
39,70,4,120,60047,63
39,70,4,121,60547,53
39,70,4,122,61047,61
39,70,4,123,61547,53
39,70,4,124,62047,61
39,70,4,125,62547,55
39,70,4,126,63047,48
39,70,4,127,63547,71
39,70,4,128,64047,69
39,70,4,129,64547,55
39,70,4,130,65047,64
39,70,4,131,65547,67
39,70,4,132,66047,76
39,70,4,133,66547,69
39,70,4,134,67047,54
39,70,4,135,67547,82
39,70,4,136,68047,89
39,70,4,137,68547,57
39,70,4,138,69047,74
39,70,4,139,69547,79
39,70,4,140,70047,75
39,70,4,141,70547,84
39,70,4,142,71047,83
39,70,4,143,71547,79
39,70,4,144,72047,91
39,70,4,145,72547,75
39,70,4,146,73047,72
39,70,4,147,73547,85
39,70,4,148,74047,68
39,70,4,149,74547,77
39,70,4,150,75047,77
39,70,4,151,75547,69
39,70,4,152,76047,75
39,70,4,153,76547,75
39,70,4,154,77047,76
39,70,4,155,77547,57
39,70,4,156,78047,60
39,70,4,157,78547,75
39,70,4,158,79047,69
39,70,4,159,79547,51
39,70,4,160,80047,74
39,70,4,161,80547,76
39,70,4,162,81047,57
39,70,4,163,81547,51
39,70,4,164,82047,75
39,70,4,165,82547,61
39,70,4,166,83047,53
39,70,4,167,83547,55
39,70,4,168,84047,90
39,70,4,169,84547,45
39,70,4,170,85047,58
39,70,4,171,85547,62
39,70,4,172,86047,56
39,70,4,173,86547,61
39,70,4,174,87047,61
39,70,4,175,87547,55
39,70,4,176,88047,63
39,70,4,177,88547,75
39,70,4,178,89047,70
39,70,4,179,89547,57
39,70,4,180,90047,57
39,70,4,181,90547,70
39,70,4,182,91047,71
39,70,4,183,91547,70
39,70,4,184,92047,62
39,70,4,185,92547,78
39,70,4,186,93047,71
39,70,4,187,93547,74
39,70,4,188,94047,71
39,70,4,189,94547,62
39,70,4,190,95047,51
39,70,4,191,95547,73
39,70,4,192,96047,61
39,70,4,193,96547,63
39,70,4,194,97047,55
39,70,4,195,97547,55
39,70,4,196,98047,56
39,70,4,197,98547,57
39,70,4,198,99047,61
39,70,4,199,99547,56
39,70,4,200,100047,43
39,70,4,201,100547,55
39,70,4,202,101047,63
39,70,4,203,101547,47
39,70,4,204,102047,67
39,70,4,205,102547,69
39,70,4,206,103047,47
39,70,4,207,103547,55
39,70,4,208,104047,71
39,70,4,209,104547,61
39,70,4,210,105047,47
39,70,4,211,105547,55
39,70,4,212,106047,77
39,70,4,213,106547,83
39,70,4,214,107047,78
39,70,4,215,107547,59
39,70,4,216,108047,85
39,70,4,217,108547,91
39,70,4,218,109047,73
39,70,4,219,109547,71
39,70,4,220,110047,79
39,70,4,221,110547,91
39,70,4,222,111047,79
39,70,4,223,111547,70
39,70,4,224,112047,89
39,70,4,225,112547,78
39,70,4,226,113047,83
39,70,4,227,113547,72
39,70,4,228,114047,69
39,70,4,229,114547,70
39,70,4,230,115047,69
39,70,4,231,115547,75
39,70,4,232,116047,73
39,70,4,233,116547,61
39,70,4,234,117047,71
39,70,4,235,117547,70
39,70,4,236,118047,57
39,70,4,237,118547,63
39,70,4,238,119047,63
39,70,4,239,119547,59
39,70,4,240,120047,67
39,70,4,241,120547,63
39,70,4,242,121047,55
39,70,4,243,121547,43
39,70,4,244,122047,70
39,70,4,245,122547,60
39,70,4,246,123047,47
39,70,4,247,123547,57
39,70,4,248,124047,75
39,70,4,249,124547,83
39,70,4,250,125047,55
39,70,4,251,125547,71
39,70,4,252,126047,74
39,70,4,253,126547,73
39,70,4,254,127047,79
39,70,4,255,127547,61
39,70,4,256,128047,57
39,70,4,257,128547,63
39,70,4,258,129047,73
39,70,4,259,129547,58
39,70,4,260,130047,63
39,70,4,261,130547,57
39,70,4,262,131047,39
39,70,4,263,131547,69
39,70,4,264,132047,72
39,70,4,265,132547,42
39,70,4,266,133047,61
39,70,4,267,133547,60
39,70,4,268,134047,41
39,70,4,269,134547,61
39,70,4,270,135047,60
39,70,4,271,135547,58
39,70,4,272,136047,55
39,70,4,273,136547,57
39,70,4,274,137047,48
39,70,4,275,137547,62
39,70,4,276,138047,69
39,70,4,277,138547,55
39,70,4,278,139047,69
39,70,4,279,139547,44
39,70,4,280,140047,59
39,70,4,281,140547,56
39,70,4,282,141047,61
39,70,4,283,141547,75
39,70,4,284,142047,57
39,70,4,285,142547,41
39,70,4,286,143047,67
39,70,4,287,143547,71
39,70,4,288,144047,79
39,70,4,289,144547,61
39,70,4,290,145047,75
39,70,4,291,145547,69
39,70,4,292,146047,73
39,70,4,293,146547,77
39,70,4,294,147047,73
39,70,4,295,147547,68
39,70,4,296,148047,75
39,70,4,297,148547,85
39,70,4,298,149047,61
39,70,4,299,149547,55
39,70,4,300,150047,103
39,70,4,301,150547,91
39,70,4,302,151047,59
39,70,4,303,151547,73
39,70,4,304,152047,73
39,70,4,305,152547,75
39,70,4,306,153047,69
39,70,4,307,153547,73
39,70,4,308,154047,73
39,70,4,309,154547,71
39,70,4,310,155047,71
39,70,4,311,155547,69
39,70,4,312,156047,76
39,70,4,313,156547,77
39,70,4,314,157047,68
39,70,4,315,157547,73
39,70,4,316,158047,71
39,70,4,317,158547,79
39,70,4,318,159047,61
39,70,4,319,159547,61
39,70,4,320,160047,77
39,70,4,321,160547,72
39,70,4,322,161047,59
39,70,4,323,161547,88
39,70,4,324,162047,71
39,70,4,325,162547,71
39,70,4,326,163047,63
39,70,4,327,163547,78
39,70,4,328,164047,77
39,70,4,329,164547,71
39,70,4,330,165047,59
39,70,4,331,165547,79
39,70,4,332,166047,69
39,70,4,333,166547,69
39,70,4,334,167047,91
39,70,4,335,167547,71
39,70,4,336,168047,69
39,70,4,337,168547,79
39,70,4,338,169047,61
39,70,4,339,169547,63
39,70,4,340,170047,75
39,70,4,341,170547,61
39,70,4,342,171047,58
39,70,4,343,171547,77
39,70,4,344,172047,44
39,70,4,345,172547,47
39,70,4,346,173047,47
39,70,4,347,173547,77
39,70,4,348,174047,55
39,70,4,349,174547,39
39,70,4,350,175047,83
39,70,4,351,175547,60
39,70,4,352,176047,55
39,70,4,353,176547,57
39,70,4,354,177047,55
39,70,4,355,177547,50
39,70,4,356,178047,46
39,70,4,357,178547,62
39,70,4,358,179047,58
39,70,4,359,179547,51
39,70,4,360,180047,69
39,70,4,361,180547,81
39,70,4,362,181047,75
39,70,4,363,181547,63
39,70,4,364,182047,71
39,70,4,365,182547,76
39,70,4,366,183047,71
39,70,4,367,183547,71
39,70,4,368,184047,61
39,70,4,369,184547,57
39,70,4,370,185047,72
39,70,4,371,185547,68
39,70,4,372,186047,59
39,70,4,373,186547,55
39,70,4,374,187047,63
39,70,4,375,187547,51
39,70,4,376,188047,74
39,70,4,377,188547,58
39,70,4,378,189047,62
39,70,4,379,189547,59
39,70,4,380,190047,62
39,70,4,381,190547,77
39,70,4,382,191047,71
39,70,4,383,191547,61
39,70,4,384,192047,75
39,70,4,385,192547,69
39,70,4,386,193047,67
39,70,4,387,193547,63
39,70,4,388,194047,75
39,70,4,389,194547,73
39,70,4,390,195047,53
39,70,4,391,195547,86
39,70,4,392,196047,74
39,70,4,393,196547,75
39,70,4,394,197047,89
39,70,4,395,197547,77
39,70,4,396,198047,85
39,70,4,397,198547,75
39,70,4,398,199047,71
39,70,4,399,199547,83
39,70,4,400,200047,82
39,70,4,401,200547,73
39,70,4,402,201047,75
39,70,4,403,201547,42
39,70,4,404,202047,77
39,70,4,405,202547,73
39,70,4,406,203047,71
39,70,4,407,203547,73
39,70,4,408,204047,75
39,70,4,409,204547,59
39,70,4,410,205047,63
39,70,4,411,205547,58
39,70,4,412,206047,43
39,70,4,413,206547,55
39,70,4,414,207047,57
39,70,4,415,207547,50
39,70,4,416,208047,56
39,70,4,417,208547,56
39,70,4,418,209047,61
39,70,4,419,209547,68
39,70,4,420,210047,53
39,70,4,421,210547,59
39,70,4,422,211047,72
39,70,4,423,211547,61
39,70,4,424,212047,73
39,70,4,425,212547,59
39,70,4,426,213047,69
39,70,4,427,213547,61
39,70,4,428,214047,69
39,70,4,429,214547,73
39,70,4,430,215047,57
39,70,4,431,215547,69
39,70,4,432,216047,84
39,70,4,433,216547,75
39,70,4,434,217047,70
39,70,4,435,217547,74
39,70,4,436,218047,88
39,70,4,437,218547,67
39,70,4,438,219047,71
39,70,4,439,219547,84
39,70,4,440,220047,69
39,70,4,441,220547,67
39,70,4,442,221047,75
39,70,4,443,221547,55
39,70,4,444,222047,68
39,70,4,445,222547,70
39,70,4,446,223047,60
39,70,4,447,223547,69
39,70,4,448,224047,47
39,70,4,449,224547,74
39,70,4,450,225047,77
39,70,4,451,225547,58
39,70,4,452,226047,58
39,70,4,453,226547,60
39,70,4,454,227047,62
39,70,4,455,227547,59
39,70,4,456,228047,63
39,70,4,457,228547,62
39,70,4,458,229047,71
39,70,4,459,229547,47
39,70,4,460,230047,55
39,70,4,461,230547,67
39,70,4,462,231047,60
39,70,4,463,231547,61
39,70,4,464,232047,46
39,70,4,465,232547,53
39,70,4,466,233047,71
39,70,4,467,233547,57
39,70,4,468,234047,51
39,70,4,469,234547,61
39,70,4,470,235047,59
39,70,4,471,235547,55
39,70,4,472,236047,59
39,70,4,473,236547,75
39,70,4,474,237047,73
39,70,4,475,237547,55
39,70,4,476,238047,57
39,70,4,477,238547,84
39,70,4,478,239047,74
39,70,4,479,239547,61
39,70,4,480,240047,70
39,70,4,481,240547,91
39,70,4,482,241047,73
39,70,4,483,241547,74
39,70,4,484,242047,69
39,70,4,485,242547,74
39,70,4,486,243047,73
39,70,4,487,243547,73
39,70,4,488,244047,75
39,70,4,489,244547,75
39,70,4,490,245047,62
39,70,4,491,245547,67
39,70,4,492,246047,76
39,70,4,493,246547,72
39,70,4,494,247047,62
39,70,4,495,247547,64
39,70,4,496,248047,73
39,70,4,497,248547,62
39,70,4,498,249047,51
39,70,4,499,249547,71
39,70,4,500,250047,68
39,70,4,501,250547,67
39,70,4,502,251047,59
39,70,4,503,251547,58
39,70,4,504,252047,69
39,70,4,505,252547,72
39,70,4,506,253047,54
39,70,4,507,253547,62
39,70,4,508,254047,69
39,70,4,509,254547,61
39,70,4,510,255047,59
39,70,4,511,255547,69
39,70,4,512,256047,55
39,70,4,513,256547,59
39,70,4,514,257047,61
39,70,4,515,257547,61
39,70,4,516,258047,69
39,70,4,517,258547,50
39,70,4,518,259047,69
39,70,4,519,259547,79
39,70,4,520,260047,45
39,70,4,521,260547,69
39,70,4,522,261047,71
39,70,4,523,261547,77
39,70,4,524,262047,60
39,70,4,525,262547,67
39,70,4,526,263047,84
39,70,4,527,263547,79
39,70,4,528,264047,76
39,70,4,529,264547,73
39,70,4,530,265047,62
39,70,4,531,265547,84
39,70,4,532,266047,79
39,70,4,533,266547,68
39,70,4,534,267047,76
39,70,4,535,267547,84
39,70,4,536,268047,75
39,70,4,537,268547,53
39,70,4,538,269047,61
39,70,4,539,269547,74
39,70,4,540,270047,77
39,70,4,541,270547,51
39,70,4,542,271047,63
39,70,4,543,271547,57
39,70,4,544,272047,59
39,70,4,545,272547,56
39,70,4,546,273047,63
39,70,4,547,273547,59
39,70,4,548,274047,56
39,70,4,549,274547,61
39,70,4,550,275047,70
39,70,4,551,275547,71
39,70,4,552,276047,60
39,70,4,553,276547,53
39,70,4,554,277047,69
39,70,4,555,277547,63
39,70,4,556,278047,67
39,70,4,557,278547,63
39,70,4,558,279047,85
39,70,4,559,279547,75
39,70,4,560,280047,74
39,70,4,561,280547,60
39,70,4,562,281047,83
39,70,4,563,281547,87
39,70,4,564,282047,74
39,70,4,565,282547,61
39,70,4,566,283047,83
39,70,4,567,283547,73
39,70,4,568,284047,78
39,70,4,569,284547,93
39,70,4,570,285047,88
39,70,4,571,285547,71
39,70,4,572,286047,82
39,70,4,573,286547,79
39,70,4,574,287047,73
39,70,4,575,287547,85
39,70,4,576,288047,71
39,70,4,577,288547,63
39,70,4,578,289047,69
39,70,4,579,289547,73
39,70,4,580,290047,58
39,70,4,581,290547,54
39,70,4,582,291047,56
39,70,4,583,291547,61
39,70,4,584,292047,61
39,70,4,585,292547,53
39,70,4,586,293047,41
39,70,4,587,293547,71
39,70,4,588,294047,59
39,70,4,589,294547,47
39,70,4,590,295047,55
39,70,4,591,295547,55
39,70,4,592,296047,40
39,70,4,593,296547,59
39,70,4,594,297047,57
39,70,4,595,297547,59
39,70,4,596,298047,57
39,70,4,597,298547,58
39,70,4,598,299047,61
39,70,4,599,299547,50
39,70,4,600,300047,69
39,70,4,601,300547,53
39,70,4,602,301047,71
39,70,4,603,301547,61
39,70,4,604,302047,53
39,70,4,605,302547,79
39,70,4,606,303047,87
39,70,4,607,303547,59
39,70,4,608,304047,62
39,70,4,609,304547,84
39,70,4,610,305047,71
39,70,4,611,305547,63
39,70,4,612,306047,85
39,70,4,613,306547,75
39,70,4,614,307047,76
39,70,4,615,307547,87
39,70,4,616,308047,72
39,70,4,617,308547,62
39,70,4,618,309047,87
39,70,4,619,309547,77
39,70,4,620,310047,69
39,70,4,621,310547,73
39,70,4,622,311047,82
39,70,4,623,311547,60
39,70,4,624,312047,79
39,70,4,625,312547,79
39,70,4,626,313047,72
39,70,4,627,313547,71
39,70,4,628,314047,73
39,70,4,629,314547,59
39,70,4,630,315047,75
39,70,4,631,315547,72
39,70,4,632,316047,75
39,70,4,633,316547,73
39,70,4,634,317047,71
39,70,4,635,317547,69
39,70,4,636,318047,83
39,70,4,637,318547,63
39,70,4,638,319047,53
39,70,4,639,319547,103
39,70,4,640,320047,67
39,70,4,641,320547,45
39,70,4,642,321047,69
39,70,4,643,321547,76
39,70,4,644,322047,55
39,70,4,645,322547,69
39,70,4,646,323047,78
39,70,4,647,323547,61
39,70,4,648,324047,69
39,70,4,649,324547,52
39,70,4,650,325047,59
39,70,4,651,325547,63
39,70,4,652,326047,61
39,70,4,653,326547,54
39,70,4,654,327047,59
39,70,4,655,327547,57
39,70,4,656,328047,43
39,70,4,657,328547,43
39,70,4,658,329047,75
39,70,4,659,329547,63
39,70,4,660,330047,56
39,70,4,661,330547,62
39,70,4,662,331047,79
39,70,4,663,331547,79
39,70,4,664,332047,63
39,70,4,665,332547,77
39,70,4,666,333047,77
39,70,4,667,333547,80
39,70,4,668,334047,75
39,70,4,669,334547,69
39,70,4,670,335047,62
39,70,4,671,335547,76
39,70,4,672,336047,91
39,70,4,673,336547,85
39,70,4,674,337047,83
39,70,4,675,337547,85
39,70,4,676,338047,86
39,70,4,677,338547,75
39,70,4,678,339047,83
39,70,4,679,339547,85
39,70,4,680,340047,67
39,70,4,681,340547,83
39,70,4,682,341047,75
39,70,4,683,341547,59
39,70,4,684,342047,68
39,70,4,685,342547,78
39,70,4,686,343047,68
39,70,4,687,343547,70
39,70,4,688,344047,57
39,70,4,689,344547,71
39,70,4,690,345047,74
39,70,4,691,345547,50
39,70,4,692,346047,57
39,70,4,693,346547,69
39,70,4,694,347047,46
39,70,4,695,347547,42
39,70,4,696,348047,58
39,70,4,697,348547,54
39,70,4,698,349047,35
39,70,4,699,349547,38
39,70,4,700,350047,59
39,70,4,701,350547,58
39,70,4,702,351047,45
39,70,4,703,351547,43
39,70,4,704,352047,47
39,70,4,705,352547,58
39,70,4,706,353047,56
39,70,4,707,353547,59
39,70,4,708,354047,57
39,70,4,709,354547,47
39,70,4,710,355047,56
39,70,4,711,355547,56
39,70,4,712,356047,60
39,70,4,713,356547,57
39,70,4,714,357047,59
39,70,4,715,357547,55
39,70,4,716,358047,60
39,70,4,717,358547,68
39,70,4,718,359047,71
39,70,4,719,359547,72
39,70,4,720,360047,68
39,70,4,721,360547,71
39,70,4,722,361047,95
39,70,4,723,361547,81
39,70,4,724,362047,83
39,70,4,725,362547,61
39,70,4,726,363047,104
39,70,4,727,363547,77
39,70,4,728,364047,73
39,70,4,729,364547,91
39,70,4,730,365047,87
39,70,4,731,365547,90
39,70,4,732,366047,92
39,70,4,733,366547,88
39,70,4,734,367047,77
39,70,4,735,367547,87
39,70,4,736,368047,101
39,70,4,737,368547,75
39,70,4,738,369047,82
39,70,4,739,369547,103
39,70,4,740,370047,87
39,70,4,741,370547,68
39,70,4,742,371047,89
39,70,4,743,371547,94
39,70,4,744,372047,53
39,70,4,745,372547,75
39,70,4,746,373047,88
39,70,4,747,373547,55
39,70,4,748,374047,60
39,70,4,749,374547,71
39,70,4,750,375047,87
39,70,4,751,375547,72
39,70,4,752,376047,53
39,70,4,753,376547,75
39,70,4,754,377047,73
39,70,4,755,377547,39
39,70,4,756,378047,70
39,70,4,757,378547,71
39,70,4,758,379047,57
39,70,4,759,379547,49
39,70,4,760,380047,57
39,70,4,761,380547,71
39,70,4,762,381047,79
39,70,4,763,381547,59
39,70,4,764,382047,47
39,70,4,765,382547,78
39,70,4,766,383047,71
39,70,4,767,383547,52
39,70,4,768,384047,63
39,70,4,769,384547,73
39,70,4,770,385047,56
39,70,4,771,385547,61
39,70,4,772,386047,77
39,70,4,773,386547,69
39,70,4,774,387047,51
39,70,4,775,387547,59
39,70,4,776,388047,47
39,70,4,777,388547,69
39,70,4,778,389047,68
39,70,4,779,389547,61
39,70,4,780,390047,55
39,70,4,781,390547,76
39,70,4,782,391047,45
39,70,4,783,391547,61
39,70,4,784,392047,75
39,70,4,785,392547,44
39,70,4,786,393047,55
39,70,4,787,393547,57
39,70,4,788,394047,57
39,70,4,789,394547,60
39,70,4,790,395047,81
39,70,4,791,395547,58
39,70,4,792,396047,53
39,70,4,793,396547,61
39,70,4,794,397047,60
39,70,4,795,397547,57
39,70,4,796,398047,67
39,70,4,797,398547,45
39,70,4,798,399047,56
39,70,4,799,399547,59
39,70,4,800,400047,51
39,70,4,801,400547,53
39,70,4,802,401047,59
39,70,4,803,401547,61
39,70,4,804,402047,53
39,70,4,805,402547,55
39,70,4,806,403047,60
39,70,4,807,403547,67
39,70,4,808,404047,46
39,70,4,809,404547,51
39,70,4,810,405047,72
39,70,4,811,405547,57
39,70,4,812,406047,54
39,70,4,813,406547,52
39,70,4,814,407047,53
39,70,4,815,407547,72
39,70,4,816,408047,62
39,70,4,817,408547,61
39,70,4,818,409047,63
39,70,4,819,409547,61
39,70,4,820,410047,61
39,70,4,821,410547,77
39,70,4,822,411047,72
39,70,4,823,411547,73
39,70,4,824,412047,63
39,70,4,825,412547,89
39,70,4,826,413047,89
39,70,4,827,413547,54
39,70,4,828,414047,86
39,70,4,829,414547,89
39,70,4,830,415047,85
39,70,4,831,415547,83
39,70,4,832,416047,75
39,70,4,833,416547,90
39,70,4,834,417047,87
39,70,4,835,417547,83
39,70,4,836,418047,97
39,70,4,837,418547,88
39,70,4,838,419047,85
39,70,4,839,419547,75
39,70,4,840,420047,71
39,70,4,841,420547,83
39,70,4,842,421047,85
39,70,4,843,421547,71
39,70,4,844,422047,59
39,70,4,845,422547,72
39,70,4,846,423047,85
39,70,4,847,423547,91
39,70,4,848,424047,61
39,70,4,849,424547,51
39,70,4,850,425047,43
39,70,4,851,425547,53
39,70,4,852,426047,47
39,70,4,853,426547,57
39,70,4,854,427047,63
39,70,4,855,427547,68
39,70,4,856,428047,51
39,70,4,857,428547,71
39,70,4,858,429047,72
39,70,4,859,429547,40
39,70,4,860,430047,57
39,70,4,861,430547,74
39,70,4,862,431047,61
39,70,4,863,431547,43
39,70,4,864,432047,63
39,70,4,865,432547,70
39,70,4,866,433047,63
39,70,4,867,433547,75
39,70,4,868,434047,75
39,70,4,869,434547,51
39,70,4,870,435047,57
39,70,4,871,435547,83
39,70,4,872,436047,59
39,70,4,873,436547,52
39,70,4,874,437047,71
39,70,4,875,437547,61
39,70,4,876,438047,51
39,70,4,877,438547,74
39,70,4,878,439047,73
39,70,4,879,439547,57
39,70,4,880,440047,74
39,70,4,881,440547,71
39,70,4,882,441047,48
39,70,4,883,441547,71
39,70,4,884,442047,74
39,70,4,885,442547,53
39,70,4,886,443047,46
39,70,4,887,443547,72
39,70,4,888,444047,59
39,70,4,889,444547,56
39,70,4,890,445047,71
39,70,4,891,445547,56
39,70,4,892,446047,46
39,70,4,893,446547,62
39,70,4,894,447047,59
39,70,4,895,447547,61
39,70,4,896,448047,44
39,70,4,897,448547,45
39,70,4,898,449047,55
39,70,4,899,449547,78
39,70,4,900,450047,37
39,70,4,901,450547,43
39,70,4,902,451047,70
39,70,4,903,451547,55
39,70,4,904,452047,46
39,70,4,905,452547,53
39,70,4,906,453047,61
39,70,4,907,453547,47
39,70,4,908,454047,59
39,70,4,909,454547,77
39,70,4,910,455047,62
39,70,4,911,455547,69
39,70,4,912,456047,73
39,70,4,913,456547,72
39,70,4,914,457047,62
39,70,4,915,457547,73
39,70,4,916,458047,83
39,70,4,917,458547,76
39,70,4,918,459047,83
39,70,4,919,459547,77
39,70,4,920,460047,70
39,70,4,921,460547,83
39,70,4,922,461047,88
39,70,4,923,461547,76
39,70,4,924,462047,71
39,70,4,925,462547,72
39,70,4,926,463047,76
39,70,4,927,463547,55
39,70,4,928,464047,61
39,70,4,929,464547,73
39,70,4,930,465047,57
39,70,4,931,465547,55
39,70,4,932,466047,77
39,70,4,933,466547,51
39,70,4,934,467047,59
39,70,4,935,467547,85
39,70,4,936,468047,73
39,70,4,937,468547,61
39,70,4,938,469047,67
39,70,4,939,469547,84
39,70,4,940,470047,70
39,70,4,941,470547,101
39,70,4,942,471047,85
39,70,4,943,471547,54
39,70,4,944,472047,73
39,70,4,945,472547,87
39,70,4,946,473047,71
39,70,4,947,473547,71
39,70,4,948,474047,73
39,70,4,949,474547,79
39,70,4,950,475047,74
39,70,4,951,475547,77
39,70,4,952,476047,78
39,70,4,953,476547,74
39,70,4,954,477047,75
39,70,4,955,477547,74
39,70,4,956,478047,68
39,70,4,957,478547,77
39,70,4,958,479047,53
39,70,4,959,479547,61
39,70,4,960,480047,74
39,70,4,961,480547,59
39,70,4,962,481047,55
39,70,4,963,481547,72
39,70,4,964,482047,63
39,70,4,965,482547,56
39,70,4,966,483047,74
39,70,4,967,483547,63
39,70,4,968,484047,57
39,70,4,969,484547,59
39,70,4,970,485047,68
39,70,4,971,485547,70
39,70,4,972,486047,51
39,70,4,973,486547,70
39,70,4,974,487047,57
39,70,4,975,487547,56
39,70,4,976,488047,62
39,70,4,977,488547,42
39,70,4,978,489047,55
39,70,4,979,489547,71
39,70,4,980,490047,55
39,70,4,981,490547,63
39,70,4,982,491047,67
39,70,4,983,491547,54
39,70,4,984,492047,53
39,70,4,985,492547,67
39,70,4,986,493047,71
39,70,4,987,493547,57
39,70,4,988,494047,61
39,70,4,989,494547,63
39,70,4,990,495047,72
39,70,4,991,495547,62
39,70,4,992,496047,71
39,70,4,993,496547,76
39,70,4,994,497047,63
39,70,4,995,497547,53
39,70,4,996,498047,77
39,70,4,997,498547,80
39,70,4,998,499047,43
39,70,4,999,499547,72
39,70,4,1000,500047,73
39,70,4,1001,500547,71
39,70,4,1002,501047,59
39,70,4,1003,501547,75
39,70,4,1004,502047,75
39,70,4,1005,502547,47
39,70,4,1006,503047,53
39,70,4,1007,503547,71
39,70,4,1008,504047,71
39,70,4,1009,504547,61
39,70,4,1010,505047,68
39,70,4,1011,505547,59
39,70,4,1012,506047,73
39,70,4,1013,506547,69
39,70,4,1014,507047,69
39,70,4,1015,507547,57
39,70,4,1016,508047,59
39,70,4,1017,508547,59
39,70,4,1018,509047,73
39,70,4,1019,509547,61
39,70,4,1020,510047,57
39,70,4,1021,510547,71
39,70,4,1022,511047,68
39,70,4,1023,511547,63
39,70,4,1024,512047,76
39,70,4,1025,512547,77
39,70,4,1026,513047,49
39,70,4,1027,513547,89
39,70,4,1028,514047,87
39,70,4,1029,514547,72
39,70,4,1030,515047,77
39,70,4,1031,515547,82
39,70,4,1032,516047,72
39,70,4,1033,516547,74
39,70,4,1034,517047,83
39,70,4,1035,517547,79
39,70,4,1036,518047,79
39,70,4,1037,518547,71
39,70,4,1038,519047,68
39,70,4,1039,519547,83
39,70,4,1040,520047,87
39,70,4,1041,520547,79
39,70,4,1042,521047,68
39,70,4,1043,521547,85
39,70,4,1044,522047,86
39,70,4,1045,522547,91
39,70,4,1046,523047,83
39,70,4,1047,523547,77
39,70,4,1048,524047,91
39,70,4,1049,524547,75
39,70,4,1050,525047,61
39,70,4,1051,525547,89
39,70,4,1052,526047,83
39,70,4,1053,526547,63
39,70,4,1054,527047,69
39,70,4,1055,527547,75
39,70,4,1056,528047,73
39,70,4,1057,528547,72
39,70,4,1058,529047,71
39,70,4,1059,529547,41
39,70,4,1060,530047,57
39,70,4,1061,530547,60
39,70,4,1062,531047,61
39,70,4,1063,531547,57
39,70,4,1064,532047,60
39,70,4,1065,532547,59
39,70,4,1066,533047,53
39,70,4,1067,533547,45
39,70,4,1068,534047,55
39,70,4,1069,534547,57
39,70,4,1070,535047,59
39,70,4,1071,535547,63
39,70,4,1072,536047,71
39,70,4,1073,536547,53
39,70,4,1074,537047,69
39,70,4,1075,537547,71
39,70,4,1076,538047,71
39,70,4,1077,538547,71
39,70,4,1078,539047,57
39,70,4,1079,539547,75
39,70,4,1080,540047,61
39,70,4,1081,540547,76
39,70,4,1082,541047,79
39,70,4,1083,541547,73
39,70,4,1084,542047,67
39,70,4,1085,542547,61
39,70,4,1086,543047,71
39,70,4,1087,543547,78
39,70,4,1088,544047,68
39,70,4,1089,544547,71
39,70,4,1090,545047,78
39,70,4,1091,545547,79
39,70,4,1092,546047,57
39,70,4,1093,546547,76
39,70,4,1094,547047,74
39,70,4,1095,547547,61
39,70,4,1096,548047,83
39,70,4,1097,548547,75
39,70,4,1098,549047,71
39,70,4,1099,549547,95
39,70,4,1100,550047,87
39,70,4,1101,550547,70
39,70,4,1102,551047,85
39,70,4,1103,551547,77
39,70,4,1104,552047,74
39,70,4,1105,552547,59
39,70,4,1106,553047,76
39,70,4,1107,553547,90
39,70,4,1108,554047,73
39,70,4,1109,554547,61
39,70,4,1110,555047,91
39,70,4,1111,555547,67
39,70,4,1112,556047,59
39,70,4,1113,556547,85
39,70,4,1114,557047,73
39,70,4,1115,557547,52
39,70,4,1116,558047,68
39,70,4,1117,558547,61
39,70,4,1118,559047,59
39,70,4,1119,559547,69
39,70,4,1120,560047,60
39,70,4,1121,560547,68
39,70,4,1122,561047,68
39,70,4,1123,561547,55
39,70,4,1124,562047,57
39,70,4,1125,562547,61
39,70,4,1126,563047,57
39,70,4,1127,563547,61
39,70,4,1128,564047,59
39,70,4,1129,564547,61
39,70,4,1130,565047,61
39,70,4,1131,565547,63
39,70,4,1132,566047,71
39,70,4,1133,566547,57
39,70,4,1134,567047,60
39,70,4,1135,567547,60
39,70,4,1136,568047,61
39,70,4,1137,568547,55
39,70,4,1138,569047,57
39,70,4,1139,569547,61
39,70,4,1140,570047,53
39,70,4,1141,570547,61
39,70,4,1142,571047,61
39,70,4,1143,571547,60
39,70,4,1144,572047,55
39,70,4,1145,572547,54
39,70,4,1146,573047,64
39,70,4,1147,573547,71
39,70,4,1148,574047,56
39,70,4,1149,574547,72
39,70,4,1150,575047,55
39,70,4,1151,575547,53
39,70,4,1152,576047,73
39,70,4,1153,576547,59
39,70,4,1154,577047,51
39,70,4,1155,577547,70
39,70,4,1156,578047,61
39,70,4,1157,578547,71
39,70,4,1158,579047,61
39,70,4,1159,579547,81
39,70,4,1160,580047,79
39,70,4,1161,580547,67
39,70,4,1162,581047,69
39,70,4,1163,581547,75
39,70,4,1164,582047,57
39,70,4,1165,582547,81
39,70,4,1166,583047,77
39,70,4,1167,583547,71
39,70,4,1168,584047,70
39,70,4,1169,584547,87
39,70,4,1170,585047,62
39,70,4,1171,585547,60
39,70,4,1172,586047,89
39,70,4,1173,586547,84
39,70,4,1174,587047,61
39,70,4,1175,587547,60
39,70,4,1176,588047,77
39,70,4,1177,588547,71
39,70,4,1178,589047,75
39,70,4,1179,589547,77
39,70,4,1180,590047,46
39,70,4,1181,590547,69
39,70,4,1182,591047,77
39,70,4,1183,591547,53
39,70,4,1184,592047,57
39,70,4,1185,592547,55
39,70,4,1186,593047,55
39,70,4,1187,593547,54
39,70,4,1188,594047,71
39,70,4,1189,594547,58
39,70,4,1190,595047,57
39,70,4,1191,595547,56
39,70,4,1192,596047,79
39,70,4,1193,596547,54
39,70,4,1194,597047,57
39,70,4,1195,597547,72
39,70,4,1196,598047,75
39,70,4,1197,598547,57
39,70,4,1198,599047,62
39,70,4,1199,599547,74
39,70,4,1200,600047,61
39,70,4,1201,600547,69
39,70,4,1202,601047,67
39,70,4,1203,601547,73
39,70,4,1204,602047,72
39,70,4,1205,602547,69
39,70,4,1206,603047,61
39,70,4,1207,603547,73
39,70,4,1208,604047,61
39,70,4,1209,604547,70
39,70,4,1210,605047,59
39,70,4,1211,605547,69
39,70,4,1212,606047,71
39,70,4,1213,606547,51
39,70,4,1214,607047,76
39,70,4,1215,607547,75
39,70,4,1216,608047,59
39,70,4,1217,608547,61
39,70,4,1218,609047,68
39,70,4,1219,609547,75
39,70,4,1220,610047,75
39,70,4,1221,610547,62
39,70,4,1222,611047,58
39,70,4,1223,611547,76
39,70,4,1224,612047,63
39,70,4,1225,612547,93
39,70,4,1226,613047,83
39,70,4,1227,613547,43
39,70,4,1228,614047,58
39,70,4,1229,614547,77
39,70,4,1230,615047,56
39,70,4,1231,615547,57
39,70,4,1232,616047,71
39,70,4,1233,616547,68
39,70,4,1234,617047,63
39,70,4,1235,617547,54
39,70,4,1236,618047,53
39,70,4,1237,618547,60
39,70,4,1238,619047,69
39,70,4,1239,619547,53
39,70,4,1240,620047,56
39,70,4,1241,620547,68
39,70,4,1242,621047,58
39,70,4,1243,621547,61
39,70,4,1244,622047,81
39,70,4,1245,622547,74
39,70,4,1246,623047,55
39,70,4,1247,623547,72
39,70,4,1248,624047,82
39,70,4,1249,624547,77
39,70,4,1250,625047,61
39,70,4,1251,625547,69
39,70,4,1252,626047,99
39,70,4,1253,626547,69
39,70,4,1254,627047,55
39,70,4,1255,627547,91
39,70,4,1256,628047,83
39,70,4,1257,628547,59
39,70,4,1258,629047,75
39,70,4,1259,629547,83
39,70,4,1260,630047,99
39,70,4,1261,630547,75
39,70,4,1262,631047,59
39,70,4,1263,631547,88
39,70,4,1264,632047,93
39,70,4,1265,632547,61
39,70,4,1266,633047,68
39,70,4,1267,633547,90
39,70,4,1268,634047,88
39,70,4,1269,634547,60
39,70,4,1270,635047,73
39,70,4,1271,635547,87
39,70,4,1272,636047,63
39,70,4,1273,636547,86
39,70,4,1274,637047,87
39,70,4,1275,637547,54
39,70,4,1276,638047,67
39,70,4,1277,638547,83
39,70,4,1278,639047,71
39,70,4,1279,639547,75
39,70,4,1280,640047,71
39,70,4,1281,640547,70
39,70,4,1282,641047,71
39,70,4,1283,641547,71
39,70,4,1284,642047,73
39,70,4,1285,642547,71
39,70,4,1286,643047,84
39,70,4,1287,643547,44
39,70,4,1288,644047,56
39,70,4,1289,644547,75
39,70,4,1290,645047,75
39,70,4,1291,645547,51
39,70,4,1292,646047,57
39,70,4,1293,646547,71
39,70,4,1294,647047,72
39,70,4,1295,647547,39
39,70,4,1296,648047,47
39,70,4,1297,648547,73
39,70,4,1298,649047,59
39,70,4,1299,649547,59
39,70,4,1300,650047,44
39,70,4,1301,650547,61
39,70,4,1302,651047,63
39,70,4,1303,651547,51
39,70,4,1304,652047,58
39,70,4,1305,652547,51
39,70,4,1306,653047,46
39,70,4,1307,653547,68
39,70,4,1308,654047,71
39,70,4,1309,654547,43
39,70,4,1310,655047,74
39,70,4,1311,655547,77
39,70,4,1312,656047,43
39,70,4,1313,656547,79
39,70,4,1314,657047,71
39,70,4,1315,657547,69
39,70,4,1316,658047,63
39,70,4,1317,658547,75
39,70,4,1318,659047,59
39,70,4,1319,659547,79
39,70,4,1320,660047,73
39,70,4,1321,660547,72
39,70,4,1322,661047,81
39,70,4,1323,661547,80
39,70,4,1324,662047,73
39,70,4,1325,662547,64
39,70,4,1326,663047,89
39,70,4,1327,663547,71
39,70,4,1328,664047,75
39,70,4,1329,664547,74
39,70,4,1330,665047,57
39,70,4,1331,665547,73
39,70,4,1332,666047,61
39,70,4,1333,666547,72
39,70,4,1334,667047,82
39,70,4,1335,667547,71
39,70,4,1336,668047,59
39,70,4,1337,668547,47
39,70,4,1338,669047,83
39,70,4,1339,669547,79
39,70,4,1340,670047,52
39,70,4,1341,670547,69
39,70,4,1342,671047,60
39,70,4,1343,671547,70
39,70,4,1344,672047,75
39,70,4,1345,672547,76
39,70,4,1346,673047,53
39,70,4,1347,673547,60
39,70,4,1348,674047,69
39,70,4,1349,674547,74
39,70,4,1350,675047,59
39,70,4,1351,675547,58
39,70,4,1352,676047,75
39,70,4,1353,676547,57
39,70,4,1354,677047,60
39,70,4,1355,677547,87
39,70,4,1356,678047,61
39,70,4,1357,678547,60
39,70,4,1358,679047,83
39,70,4,1359,679547,75
39,70,4,1360,680047,47
39,70,4,1361,680547,72
39,70,4,1362,681047,79
39,70,4,1363,681547,61
39,70,4,1364,682047,63
39,70,4,1365,682547,77
39,70,4,1366,683047,68
39,70,4,1367,683547,76
39,70,4,1368,684047,67
39,70,4,1369,684547,58
39,70,4,1370,685047,52
39,70,4,1371,685547,61
39,70,4,1372,686047,55
39,70,4,1373,686547,40
39,70,4,1374,687047,59
39,70,4,1375,687547,61
39,70,4,1376,688047,39
39,70,4,1377,688547,33
39,70,4,1378,689047,57
39,70,4,1379,689547,57
39,70,4,1380,690047,42
39,70,4,1381,690547,41
39,70,4,1382,691047,55
39,70,4,1383,691547,53
39,70,4,1384,692047,53
39,70,4,1385,692547,71
39,70,4,1386,693047,43
39,70,4,1387,693547,59
39,70,4,1388,694047,61
39,70,4,1389,694547,59
39,70,4,1390,695047,71
39,70,4,1391,695547,73
39,70,4,1392,696047,71
39,70,4,1393,696547,62
39,70,4,1394,697047,75
39,70,4,1395,697547,83
39,70,4,1396,698047,61
39,70,4,1397,698547,69
39,70,4,1398,699047,91
39,70,4,1399,699547,73
39,70,4,1400,700047,52
39,70,4,1401,700547,62
39,70,4,1402,701047,91
39,70,4,1403,701547,61
39,70,4,1404,702047,67
39,70,4,1405,702547,82
39,70,4,1406,703047,83
39,70,4,1407,703547,61
39,70,4,1408,704047,77
39,70,4,1409,704547,78
39,70,4,1410,705047,75
39,70,4,1411,705547,61
39,70,4,1412,706047,72
39,70,4,1413,706547,73
39,70,4,1414,707047,57
39,70,4,1415,707547,79
39,70,4,1416,708047,53
39,70,4,1417,708547,63
39,70,4,1418,709047,63
39,70,4,1419,709547,46
39,70,4,1420,710047,59
39,70,4,1421,710547,61
39,70,4,1422,711047,53
39,70,4,1423,711547,61
39,70,4,1424,712047,51
39,70,4,1425,712547,51
39,70,4,1426,713047,57
39,70,4,1427,713547,53
39,70,4,1428,714047,61
39,70,4,1429,714547,55
39,70,4,1430,715047,51
39,70,4,1431,715547,58
39,70,4,1432,716047,61
39,70,4,1433,716547,72
39,70,4,1434,717047,61
39,70,4,1435,717547,61
39,70,4,1436,718047,75
39,70,4,1437,718547,77
39,70,4,1438,719047,53
39,70,4,1439,719547,75
39,70,4,1440,720047,78
39,70,4,1441,720547,61
39,70,4,1442,721047,73
39,70,4,1443,721547,77
39,70,4,1444,722047,64
39,70,4,1445,722547,55
39,70,4,1446,723047,83
39,70,4,1447,723547,84
39,70,4,1448,724047,57
39,70,4,1449,724547,55
39,70,4,1450,725047,77
39,70,4,1451,725547,75
39,70,4,1452,726047,68
39,70,4,1453,726547,59
39,70,4,1454,727047,89
39,70,4,1455,727547,51
39,70,4,1456,728047,71
39,70,4,1457,728547,75
39,70,4,1458,729047,61
39,70,4,1459,729547,63
39,70,4,1460,730047,73
39,70,4,1461,730547,74
39,70,4,1462,731047,60
39,70,4,1463,731547,68
39,70,4,1464,732047,77
39,70,4,1465,732547,72
39,70,4,1466,733047,84
39,70,4,1467,733547,77
39,70,4,1468,734047,62
39,70,4,1469,734547,76
39,70,4,1470,735047,76
39,70,4,1471,735547,69
39,70,4,1472,736047,87
39,70,4,1473,736547,77
39,70,4,1474,737047,71
39,70,4,1475,737547,82
39,70,4,1476,738047,82
39,70,4,1477,738547,75
39,70,4,1478,739047,75
39,70,4,1479,739547,91
39,70,4,1480,740047,76
39,70,4,1481,740547,75
39,70,4,1482,741047,94
39,70,4,1483,741547,99
39,70,4,1484,742047,63
39,70,4,1485,742547,79
39,70,4,1486,743047,88
39,70,4,1487,743547,83
39,70,4,1488,744047,67
39,70,4,1489,744547,79
39,70,4,1490,745047,95
39,70,4,1491,745547,72
39,70,4,1492,746047,51
39,70,4,1493,746547,85
39,70,4,1494,747047,77
39,70,4,1495,747547,61
39,70,4,1496,748047,59
39,70,4,1497,748547,74
39,70,4,1498,749047,61
39,70,4,1499,749547,47
39,70,4,1500,750047,72
39,70,4,1501,750547,72
39,70,4,1502,751047,46
39,70,4,1503,751547,60
39,70,4,1504,752047,59
39,70,4,1505,752547,71
39,70,4,1506,753047,53
39,70,4,1507,753547,51
39,70,4,1508,754047,56
39,70,4,1509,754547,61
39,70,4,1510,755047,59
39,70,4,1511,755547,63
39,70,4,1512,756047,71
39,70,4,1513,756547,71
39,70,4,1514,757047,57
39,70,4,1515,757547,55
39,70,4,1516,758047,73
39,70,4,1517,758547,58
39,70,4,1518,759047,60
39,70,4,1519,759547,61
39,70,4,1520,760047,62
39,70,4,1521,760547,59
39,70,4,1522,761047,55
39,70,4,1523,761547,69
39,70,4,1524,762047,74
39,70,4,1525,762547,69
39,70,4,1526,763047,42
39,70,4,1527,763547,77
39,70,4,1528,764047,79
39,70,4,1529,764547,59
39,70,4,1530,765047,59
39,70,4,1531,765547,83
39,70,4,1532,766047,69
39,70,4,1533,766547,63
39,70,4,1534,767047,63
39,70,4,1535,767547,73
39,70,4,1536,768047,76
39,70,4,1537,768547,69
39,70,4,1538,769047,62
39,70,4,1539,769547,61
39,70,4,1540,770047,74
39,70,4,1541,770547,78
39,70,4,1542,771047,45
39,70,4,1543,771547,47
39,70,4,1544,772047,74
39,70,4,1545,772547,73
39,70,4,1546,773047,61
39,70,4,1547,773547,58
39,70,4,1548,774047,61
39,70,4,1549,774547,59
39,70,4,1550,775047,68
39,70,4,1551,775547,55
39,70,4,1552,776047,55
39,70,4,1553,776547,78
39,70,4,1554,777047,29
39,70,4,1555,777547,69
39,70,4,1556,778047,75
39,70,4,1557,778547,60
39,70,4,1558,779047,56
39,70,4,1559,779547,79
39,70,4,1560,780047,63
39,70,4,1561,780547,55
39,70,4,1562,781047,83
39,70,4,1563,781547,79
39,70,4,1564,782047,45
39,70,4,1565,782547,59
39,70,4,1566,783047,58
39,70,4,1567,783547,79
39,70,4,1568,784047,63
39,70,4,1569,784547,74
39,70,4,1570,785047,84
39,70,4,1571,785547,75
39,70,4,1572,786047,60
39,70,4,1573,786547,77
39,70,4,1574,787047,77
39,70,4,1575,787547,71
39,70,4,1576,788047,73
39,70,4,1577,788547,57
39,70,4,1578,789047,69
39,70,4,1579,789547,74
39,70,4,1580,790047,71
39,70,4,1581,790547,39
39,70,4,1582,791047,63
39,70,4,1583,791547,69
39,70,4,1584,792047,45
39,70,4,1585,792547,61
39,70,4,1586,793047,75
39,70,4,1587,793547,57
39,70,4,1588,794047,45
39,70,4,1589,794547,60
39,70,4,1590,795047,73
39,70,4,1591,795547,53
39,70,4,1592,796047,51
39,70,4,1593,796547,69
39,70,4,1594,797047,59
39,70,4,1595,797547,56
39,70,4,1596,798047,60
39,70,4,1597,798547,63
39,70,4,1598,799047,69
39,70,4,1599,799547,60
39,70,4,1600,800047,55
39,70,4,1601,800547,72
39,70,4,1602,801047,71
39,70,4,1603,801547,58
39,70,4,1604,802047,55
39,70,4,1605,802547,67
39,70,4,1606,803047,75
39,70,4,1607,803547,57
39,70,4,1608,804047,55
39,70,4,1609,804547,71
39,70,4,1610,805047,74
39,70,4,1611,805547,60
39,70,4,1612,806047,72
39,70,4,1613,806547,69
39,70,4,1614,807047,68
39,70,4,1615,807547,71
39,70,4,1616,808047,71
39,70,4,1617,808547,69
39,70,4,1618,809047,52
39,70,4,1619,809547,63
39,70,4,1620,810047,68
39,70,4,1621,810547,59
39,70,4,1622,811047,59
39,70,4,1623,811547,53
39,70,4,1624,812047,55
39,70,4,1625,812547,60
39,70,4,1626,813047,59
39,70,4,1627,813547,58
39,70,4,1628,814047,52
39,70,4,1629,814547,53
39,70,4,1630,815047,53
39,70,4,1631,815547,57
39,70,4,1632,816047,41
39,70,4,1633,816547,53
39,70,4,1634,817047,53
39,70,4,1635,817547,35
39,70,4,1636,818047,47
39,70,4,1637,818547,47
39,70,4,1638,819047,51
39,70,4,1639,819547,53
39,70,4,1640,820047,55
39,70,4,1641,820547,62
39,70,4,1642,821047,61
39,70,4,1643,821547,59
39,70,4,1644,822047,75
39,70,4,1645,822547,55
39,70,4,1646,823047,61
39,70,4,1647,823547,68
39,70,4,1648,824047,71
39,70,4,1649,824547,73
39,70,4,1650,825047,73
39,70,4,1651,825547,61
39,70,4,1652,826047,81
39,70,4,1653,826547,88
39,70,4,1654,827047,76
39,70,4,1655,827547,86
39,70,4,1656,828047,76
39,70,4,1657,828547,89
39,70,4,1658,829047,89
39,70,4,1659,829547,89
39,70,4,1660,830047,87
39,70,4,1661,830547,79
39,70,4,1662,831047,84
39,70,4,1663,831547,84
39,70,4,1664,832047,90
39,70,4,1665,832547,85
39,70,4,1666,833047,77
39,70,4,1667,833547,76
39,70,4,1668,834047,83
39,70,4,1669,834547,73
39,70,4,1670,835047,86
39,70,4,1671,835547,73
39,70,4,1672,836047,68
39,70,4,1673,836547,83
39,70,4,1674,837047,75
39,70,4,1675,837547,72
39,70,4,1676,838047,69
39,70,4,1677,838547,69
39,70,4,1678,839047,77
39,70,4,1679,839547,54
39,70,4,1680,840047,63
39,70,4,1681,840547,70
39,70,4,1682,841047,54
39,70,4,1683,841547,62
39,70,4,1684,842047,61
39,70,4,1685,842547,60
39,70,4,1686,843047,70
39,70,4,1687,843547,55
39,70,4,1688,844047,56
39,70,4,1689,844547,69
39,70,4,1690,845047,57
39,70,4,1691,845547,53
39,70,4,1692,846047,73
39,70,4,1693,846547,61
39,70,4,1694,847047,71
39,70,4,1695,847547,55
39,70,4,1696,848047,59
39,70,4,1697,848547,75
39,70,4,1698,849047,71
39,70,4,1699,849547,52
39,70,4,1700,850047,69
39,70,4,1701,850547,76
39,70,4,1702,851047,68
39,70,4,1703,851547,59
39,70,4,1704,852047,74
39,70,4,1705,852547,51
39,70,4,1706,853047,61
39,70,4,1707,853547,75
39,70,4,1708,854047,55
39,70,4,1709,854547,59
39,70,4,1710,855047,57
39,70,4,1711,855547,60
39,70,4,1712,856047,70
39,70,4,1713,856547,63
39,70,4,1714,857047,55
39,70,4,1715,857547,53
39,70,4,1716,858047,75
39,70,4,1717,858547,55
39,70,4,1718,859047,61
39,70,4,1719,859547,61
39,70,4,1720,860047,68
39,70,4,1721,860547,72
39,70,4,1722,861047,77
39,70,4,1723,861547,69
39,70,4,1724,862047,59
39,70,4,1725,862547,79
39,70,4,1726,863047,83
39,70,4,1727,863547,85
39,70,4,1728,864047,69
39,70,4,1729,864547,73
39,70,4,1730,865047,79
39,70,4,1731,865547,89
39,70,4,1732,866047,87
39,70,4,1733,866547,61
39,70,4,1734,867047,69
39,70,4,1735,867547,91
39,70,4,1736,868047,86
39,70,4,1737,868547,61
39,70,4,1738,869047,83
39,70,4,1739,869547,81
39,70,4,1740,870047,63
39,70,4,1741,870547,71
39,70,4,1742,871047,72
39,70,4,1743,871547,63
39,70,4,1744,872047,62
39,70,4,1745,872547,77
39,70,4,1746,873047,57
39,70,4,1747,873547,68
39,70,4,1748,874047,79
39,70,4,1749,874547,59
39,70,4,1750,875047,55
39,70,4,1751,875547,69
39,70,4,1752,876047,70
39,70,4,1753,876547,59
39,70,4,1754,877047,47
39,70,4,1755,877547,74
39,70,4,1756,878047,69
39,70,4,1757,878547,61
39,70,4,1758,879047,76
39,70,4,1759,879547,75
39,70,4,1760,880047,61
39,70,4,1761,880547,85
39,70,4,1762,881047,78
39,70,4,1763,881547,79
39,70,4,1764,882047,77
39,70,4,1765,882547,77
39,70,4,1766,883047,71
39,70,4,1767,883547,91
39,70,4,1768,884047,99
39,70,4,1769,884547,73
39,70,4,1770,885047,61
39,70,4,1771,885547,86
39,70,4,1772,886047,85
39,70,4,1773,886547,60
39,70,4,1774,887047,74
39,70,4,1775,887547,69
39,70,4,1776,888047,89
39,70,4,1777,888547,77
39,70,4,1778,889047,56
39,70,4,1779,889547,61
39,70,4,1780,890047,75
39,70,4,1781,890547,55
39,70,4,1782,891047,58
39,70,4,1783,891547,56
39,70,4,1784,892047,61
39,70,4,1785,892547,63
39,70,4,1786,893047,67
39,70,4,1787,893547,55
39,70,4,1788,894047,57
39,70,4,1789,894547,74
39,70,4,1790,895047,73
39,70,4,1791,895547,55
39,70,4,1792,896047,53
39,70,4,1793,896547,79
39,70,4,1794,897047,79
39,70,4,1795,897547,55
39,70,4,1796,898047,67
39,70,4,1797,898547,75
39,70,4,1798,899047,59
39,70,4,1799,899547,55
39,70,4,1800,900047,73
39,70,4,1801,900547,56
39,70,4,1802,901047,55
39,70,4,1803,901547,72
39,70,4,1804,902047,73
39,70,4,1805,902547,45
39,70,4,1806,903047,56
39,70,4,1807,903547,83
39,70,4,1808,904047,57
39,70,4,1809,904547,71
39,70,4,1810,905047,57
39,70,4,1811,905547,59
39,70,4,1812,906047,63
39,70,4,1813,906547,61
39,70,4,1814,907047,75
39,70,4,1815,907547,83
39,70,4,1816,908047,69
39,70,4,1817,908547,75
39,70,4,1818,909047,89
39,70,4,1819,909547,73
39,70,4,1820,910047,74
39,70,4,1821,910547,82
39,70,4,1822,911047,71
39,70,4,1823,911547,73
39,70,4,1824,912047,82
39,70,4,1825,912547,63
39,70,4,1826,913047,60
39,70,4,1827,913547,77
39,70,4,1828,914047,63
39,70,4,1829,914547,45
39,70,4,1830,915047,71
39,70,4,1831,915547,71
39,70,4,1832,916047,55
39,70,4,1833,916547,57
39,70,4,1834,917047,55
39,70,4,1835,917547,71
39,70,4,1836,918047,47
39,70,4,1837,918547,55
39,70,4,1838,919047,68
39,70,4,1839,919547,53
39,70,4,1840,920047,51
39,70,4,1841,920547,71
39,70,4,1842,921047,61
39,70,4,1843,921547,48
39,70,4,1844,922047,61
39,70,4,1845,922547,69
39,70,4,1846,923047,55
39,70,4,1847,923547,67
39,70,4,1848,924047,73
39,70,4,1849,924547,59
39,70,4,1850,925047,51
39,70,4,1851,925547,84
39,70,4,1852,926047,75
39,70,4,1853,926547,74
39,70,4,1854,927047,75
39,70,4,1855,927547,60
39,70,4,1856,928047,63
39,70,4,1857,928547,76
39,70,4,1858,929047,79
39,70,4,1859,929547,67
39,70,4,1860,930047,53
39,70,4,1861,930547,75
39,70,4,1862,931047,77
39,70,4,1863,931547,55
39,70,4,1864,932047,63
39,70,4,1865,932547,59
39,70,4,1866,933047,76
39,70,4,1867,933547,69
39,70,4,1868,934047,55
39,70,4,1869,934547,71
39,70,4,1870,935047,75
39,70,4,1871,935547,67
39,70,4,1872,936047,55
39,70,4,1873,936547,58
39,70,4,1874,937047,71
39,70,4,1875,937547,47
39,70,4,1876,938047,63
39,70,4,1877,938547,59
39,70,4,1878,939047,41
39,70,4,1879,939547,59
39,70,4,1880,940047,59
39,70,4,1881,940547,55
39,70,4,1882,941047,55
39,70,4,1883,941547,47
39,70,4,1884,942047,52
39,70,4,1885,942547,72
39,70,4,1886,943047,43
39,70,4,1887,943547,52
39,70,4,1888,944047,61
39,70,4,1889,944547,54
39,70,4,1890,945047,53
39,70,4,1891,945547,52
39,70,4,1892,946047,55
39,70,4,1893,946547,55
39,70,4,1894,947048,59
39,70,4,1895,947547,48
39,70,4,1896,948047,42
39,70,4,1897,948547,58
39,70,4,1898,949047,55
39,70,4,1899,949547,57
39,70,4,1900,950047,55
39,70,4,1901,950547,55
39,70,4,1902,951047,53
39,70,4,1903,951547,61
39,70,4,1904,952047,55
39,70,4,1905,952547,57
39,70,4,1906,953047,89
39,70,4,1907,953547,58
39,70,4,1908,954047,60
39,70,4,1909,954547,75
39,70,4,1910,955047,71
39,70,4,1911,955547,73
39,70,4,1912,956047,89
39,70,4,1913,956547,81
39,70,4,1914,957047,73
39,70,4,1915,957547,83
39,70,4,1916,958047,83
39,70,4,1917,958547,83
39,70,4,1918,959047,89
39,70,4,1919,959547,87
39,70,4,1920,960047,78
39,70,4,1921,960547,86
39,70,4,1922,961047,73
39,70,4,1923,961547,93
39,70,4,1924,962047,77
39,70,4,1925,962547,83
39,70,4,1926,963047,83
39,70,4,1927,963547,81
39,70,4,1928,964047,73
39,70,4,1929,964547,76
39,70,4,1930,965047,78
39,70,4,1931,965547,72
39,70,4,1932,966047,61
39,70,4,1933,966547,69
39,70,4,1934,967047,74
39,70,4,1935,967547,71
39,70,4,1936,968047,70
39,70,4,1937,968547,61
39,70,4,1938,969047,75
39,70,4,1939,969547,68
39,70,4,1940,970047,59
39,70,4,1941,970547,55
39,70,4,1942,971047,62
39,70,4,1943,971547,55
39,70,4,1944,972047,43
39,70,4,1945,972547,76
39,70,4,1946,973047,71
39,70,4,1947,973547,46
39,70,4,1948,974047,63
39,70,4,1949,974547,59
39,70,4,1950,975047,61
39,70,4,1951,975547,31
39,70,4,1952,976047,51
39,70,4,1953,976547,69
39,70,4,1954,977047,54
39,70,4,1955,977547,40
39,70,4,1956,978047,71
39,70,4,1957,978547,70
39,70,4,1958,979047,55
39,70,4,1959,979547,55
39,70,4,1960,980047,71
39,70,4,1961,980547,69
39,70,4,1962,981047,62
39,70,4,1963,981547,68
39,70,4,1964,982047,70
39,70,4,1965,982547,74
39,70,4,1966,983047,59
39,70,4,1967,983547,77
39,70,4,1968,984047,83
39,70,4,1969,984547,74
39,70,4,1970,985047,69
39,70,4,1971,985547,77
39,70,4,1972,986047,94
39,70,4,1973,986547,87
39,70,4,1974,987047,79
39,70,4,1975,987547,89
39,70,4,1976,988047,87
39,70,4,1977,988547,85
39,70,4,1978,989047,99
39,70,4,1979,989547,85
39,70,4,1980,990047,74
39,70,4,1981,990547,89
39,70,4,1982,991047,91
39,70,4,1983,991547,75
39,70,4,1984,992047,83
39,70,4,1985,992547,73
39,70,4,1986,993047,79
39,70,4,1987,993547,69
39,70,4,1988,994047,75
39,70,4,1989,994547,72
39,70,4,1990,995047,69
39,70,4,1991,995547,59
39,70,4,1992,996047,59
39,70,4,1993,996547,61
39,70,4,1994,997047,61
39,70,4,1995,997547,59
39,70,4,1996,998047,56
39,70,4,1997,998547,53
39,70,4,1998,999047,69
39,70,4,1999,999547,59
