run_id,valve_percent,window_id,sample_index,time_us,adc_raw
3,50,0,0,75,73
3,50,0,1,552,63
3,50,0,2,1047,71
3,50,0,3,1552,73
3,50,0,4,2048,70
3,50,0,5,2551,68
3,50,0,6,3048,69
3,50,0,7,3551,71
3,50,0,8,4047,71
3,50,0,9,4551,73
3,50,0,10,5047,71
3,50,0,11,5551,69
3,50,0,12,6047,73
3,50,0,13,6551,71
3,50,0,14,7047,70
3,50,0,15,7551,70
3,50,0,16,8047,73
3,50,0,17,8551,71
3,50,0,18,9047,69
3,50,0,19,9551,71
3,50,0,20,10047,70
3,50,0,21,10551,73
3,50,0,22,11047,69
3,50,0,23,11551,70
3,50,0,24,12047,71
3,50,0,25,12551,71
3,50,0,26,13047,69
3,50,0,27,13551,67
3,50,0,28,14047,73
3,50,0,29,14552,69
3,50,0,30,15047,71
3,50,0,31,15552,71
3,50,0,32,16047,73
3,50,0,33,16552,75
3,50,0,34,17047,70
3,50,0,35,17552,72
3,50,0,36,18047,68
3,50,0,37,18552,73
3,50,0,38,19047,68
3,50,0,39,19552,74
3,50,0,40,20047,73
3,50,0,41,20552,72
3,50,0,42,21047,72
3,50,0,43,21552,69
3,50,0,44,22047,69
3,50,0,45,22552,70
3,50,0,46,23047,69
3,50,0,47,23552,71
3,50,0,48,24047,71
3,50,0,49,24552,69
3,50,0,50,25047,63
3,50,0,51,25552,71
3,50,0,52,26047,69
3,50,0,53,26552,71
3,50,0,54,27047,71
3,50,0,55,27552,69
3,50,0,56,28047,71
3,50,0,57,28552,68
3,50,0,58,29047,71
3,50,0,59,29552,72
3,50,0,60,30047,71
3,50,0,61,30552,69
3,50,0,62,31047,74
3,50,0,63,31552,57
3,50,0,64,32047,69
3,50,0,65,32552,74
3,50,0,66,33047,69
3,50,0,67,33552,69
3,50,0,68,34047,73
3,50,0,69,34552,70
3,50,0,70,35047,69
3,50,0,71,35552,63
3,50,0,72,36047,75
3,50,0,73,36552,71
3,50,0,74,37047,68
3,50,0,75,37552,73
3,50,0,76,38047,63
3,50,0,77,38552,73
3,50,0,78,39047,69
3,50,0,79,39552,68
3,50,0,80,40047,73
3,50,0,81,40552,71
3,50,0,82,41047,70
3,50,0,83,41552,69
3,50,0,84,42047,69
3,50,0,85,42552,75
3,50,0,86,43047,63
3,50,0,87,43552,63
3,50,0,88,44047,72
3,50,0,89,44552,71
3,50,0,90,45047,73
3,50,0,91,45552,69
3,50,0,92,46047,63
3,50,0,93,46552,63
3,50,0,94,47047,71
3,50,0,95,47552,71
3,50,0,96,48047,70
3,50,0,97,48552,72
3,50,0,98,49047,71
3,50,0,99,49552,72
3,50,0,100,50047,69
3,50,0,101,50552,77
3,50,0,102,51047,71
3,50,0,103,51552,74
3,50,0,104,52047,74
3,50,0,105,52551,71
3,50,0,106,53048,74
3,50,0,107,53551,70
3,50,0,108,54047,69
3,50,0,109,54551,70
3,50,0,110,55047,71
3,50,0,111,55551,67
3,50,0,112,56047,69
3,50,0,113,56551,69
3,50,0,114,57047,68
3,50,0,115,57551,69
3,50,0,116,58047,70
3,50,0,117,58551,71
3,50,0,118,59047,69
3,50,0,119,59551,69
3,50,0,120,60047,69
3,50,0,121,60551,67
3,50,0,122,61047,68
3,50,0,123,61551,70
3,50,0,124,62047,69
3,50,0,125,62551,67
3,50,0,126,63047,71
3,50,0,127,63551,73
3,50,0,128,64047,69
3,50,0,129,64551,69
3,50,0,130,65047,71
3,50,0,131,65551,69
3,50,0,132,66047,69
3,50,0,133,66551,73
3,50,0,134,67047,63
3,50,0,135,67551,69
3,50,0,136,68047,67
3,50,0,137,68551,71
3,50,0,138,69047,68
3,50,0,139,69551,71
3,50,0,140,70047,72
3,50,0,141,70551,69
3,50,0,142,71047,72
3,50,0,143,71551,68
3,50,0,144,72047,70
3,50,0,145,72551,67
3,50,0,146,73047,71
3,50,0,147,73551,68
3,50,0,148,74047,69
3,50,0,149,74551,69
3,50,0,150,75047,69
3,50,0,151,75551,63
3,50,0,152,76047,61
3,50,0,153,76551,71
3,50,0,154,77047,68
3,50,0,155,77551,70
3,50,0,156,78047,71
3,50,0,157,78551,68
3,50,0,158,79047,71
3,50,0,159,79551,71
3,50,0,160,80047,69
3,50,0,161,80551,69
3,50,0,162,81047,71
3,50,0,163,81551,71
3,50,0,164,82047,61
3,50,0,165,82551,70
3,50,0,166,83047,71
3,50,0,167,83551,71
3,50,0,168,84047,63
3,50,0,169,84551,71
3,50,0,170,85047,72
3,50,0,171,85551,61
3,50,0,172,86047,71
3,50,0,173,86551,73
3,50,0,174,87047,71
3,50,0,175,87551,63
3,50,0,176,88047,61
3,50,0,177,88551,73
3,50,0,178,89047,73
3,50,0,179,89551,69
3,50,0,180,90047,69
3,50,0,181,90551,69
3,50,0,182,91047,69
3,50,0,183,91551,71
3,50,0,184,92047,69
3,50,0,185,92551,71
3,50,0,186,93047,70
3,50,0,187,93551,71
3,50,0,188,94047,71
3,50,0,189,94551,69
3,50,0,190,95047,70
3,50,0,191,95551,69
3,50,0,192,96047,67
3,50,0,193,96551,62
3,50,0,194,97047,71
3,50,0,195,97551,69
3,50,0,196,98047,69
3,50,0,197,98551,71
3,50,0,198,99047,72
3,50,0,199,99551,72
3,50,0,200,100047,71
3,50,0,201,100551,63
3,50,0,202,101047,69
3,50,0,203,101551,71
3,50,0,204,102047,70
3,50,0,205,102551,69
3,50,0,206,103047,73
3,50,0,207,103551,71
3,50,0,208,104047,71
3,50,0,209,104551,72
3,50,0,210,105047,71
3,50,0,211,105551,73
3,50,0,212,106047,70
3,50,0,213,106551,73
3,50,0,214,107047,69
3,50,0,215,107551,73
3,50,0,216,108047,73
3,50,0,217,108551,69
3,50,0,218,109047,69
3,50,0,219,109551,74
3,50,0,220,110047,75
3,50,0,221,110551,71
3,50,0,222,111047,71
3,50,0,223,111551,75
3,50,0,224,112047,72
3,50,0,225,112551,73
3,50,0,226,113047,71
3,50,0,227,113551,69
3,50,0,228,114047,73
3,50,0,229,114551,67
3,50,0,230,115047,72
3,50,0,231,115551,69
3,50,0,232,116047,69
3,50,0,233,116551,69
3,50,0,234,117047,71
3,50,0,235,117551,71
3,50,0,236,118047,71
3,50,0,237,118551,75
3,50,0,238,119047,67
3,50,0,239,119551,67
3,50,0,240,120047,73
3,50,0,241,120551,71
3,50,0,242,121047,71
3,50,0,243,121551,69
3,50,0,244,122047,73
3,50,0,245,122551,71
3,50,0,246,123047,71
3,50,0,247,123551,68
3,50,0,248,124047,73
3,50,0,249,124551,72
3,50,0,250,125047,71
3,50,0,251,125551,73
3,50,0,252,126047,71
3,50,0,253,126551,73
3,50,0,254,127047,73
3,50,0,255,127551,69
3,50,0,256,128047,72
3,50,0,257,128551,75
3,50,0,258,129047,74
3,50,0,259,129551,75
3,50,0,260,130047,74
3,50,0,261,130551,73
3,50,0,262,131047,76
3,50,0,263,131551,73
3,50,0,264,132047,73
3,50,0,265,132551,77
3,50,0,266,133047,73
3,50,0,267,133551,75
3,50,0,268,134047,74
3,50,0,269,134551,71
3,50,0,270,135047,75
3,50,0,271,135551,70
3,50,0,272,136047,74
3,50,0,273,136551,73
3,50,0,274,137047,73
3,50,0,275,137551,73
3,50,0,276,138047,72
3,50,0,277,138551,75
3,50,0,278,139047,72
3,50,0,279,139551,71
3,50,0,280,140047,73
3,50,0,281,140551,70
3,50,0,282,141047,71
3,50,0,283,141551,73
3,50,0,284,142047,69
3,50,0,285,142551,70
3,50,0,286,143047,71
3,50,0,287,143551,78
3,50,0,288,144047,70
3,50,0,289,144551,73
3,50,0,290,145047,75
3,50,0,291,145551,74
3,50,0,292,146047,73
3,50,0,293,146551,71
3,50,0,294,147047,71
3,50,0,295,147551,73
3,50,0,296,148047,72
3,50,0,297,148551,67
3,50,0,298,149047,72
3,50,0,299,149551,69
3,50,0,300,150047,71
3,50,0,301,150551,72
3,50,0,302,151047,72
3,50,0,303,151551,75
3,50,0,304,152047,73
3,50,0,305,152551,71
3,50,0,306,153047,69
3,50,0,307,153551,72
3,50,0,308,154047,63
3,50,0,309,154551,71
3,50,0,310,155047,62
3,50,0,311,155551,73
3,50,0,312,156047,69
3,50,0,313,156551,69
3,50,0,314,157047,71
3,50,0,315,157551,71
3,50,0,316,158047,69
3,50,0,317,158551,71
3,50,0,318,159047,72
3,50,0,319,159551,69
3,50,0,320,160047,62
3,50,0,321,160551,72
3,50,0,322,161047,74
3,50,0,323,161551,68
3,50,0,324,162047,71
3,50,0,325,162551,69
3,50,0,326,163047,69
3,50,0,327,163551,73
3,50,0,328,164047,71
3,50,0,329,164551,69
3,50,0,330,165047,63
3,50,0,331,165551,69
3,50,0,332,166047,73
3,50,0,333,166551,71
3,50,0,334,167047,73
3,50,0,335,167551,75
3,50,0,336,168047,71
3,50,0,337,168551,69
3,50,0,338,169047,70
3,50,0,339,169551,75
3,50,0,340,170047,71
3,50,0,341,170551,69
3,50,0,342,171047,73
3,50,0,343,171551,73
3,50,0,344,172047,69
3,50,0,345,172551,73
3,50,0,346,173047,71
3,50,0,347,173551,72
3,50,0,348,174047,69
3,50,0,349,174551,71
3,50,0,350,175047,69
3,50,0,351,175551,70
3,50,0,352,176047,70
3,50,0,353,176551,72
3,50,0,354,177047,71
3,50,0,355,177551,72
3,50,0,356,178047,70
3,50,0,357,178551,63
3,50,0,358,179047,72
3,50,0,359,179551,71
3,50,0,360,180047,71
3,50,0,361,180551,75
3,50,0,362,181047,70
3,50,0,363,181551,63
3,50,0,364,182047,63
3,50,0,365,182551,61
3,50,0,366,183047,69
3,50,0,367,183551,73
3,50,0,368,184047,63
3,50,0,369,184551,71
3,50,0,370,185047,68
3,50,0,371,185551,68
3,50,0,372,186047,61
3,50,0,373,186551,63
3,50,0,374,187047,69
3,50,0,375,187551,71
3,50,0,376,188047,69
3,50,0,377,188551,73
3,50,0,378,189047,67
3,50,0,379,189551,71
3,50,0,380,190047,73
3,50,0,381,190551,68
3,50,0,382,191047,68
3,50,0,383,191551,71
3,50,0,384,192047,73
3,50,0,385,192551,68
3,50,0,386,193047,72
3,50,0,387,193551,71
3,50,0,388,194047,70
3,50,0,389,194551,69
3,50,0,390,195047,77
3,50,0,391,195551,72
3,50,0,392,196047,71
3,50,0,393,196551,73
3,50,0,394,197047,74
3,50,0,395,197551,63
3,50,0,396,198047,71
3,50,0,397,198551,77
3,50,0,398,199047,77
3,50,0,399,199551,73
3,50,0,400,200047,71
3,50,0,401,200551,75
3,50,0,402,201047,72
3,50,0,403,201551,75
3,50,0,404,202047,74
3,50,0,405,202551,74
3,50,0,406,203047,73
3,50,0,407,203551,76
3,50,0,408,204047,75
3,50,0,409,204551,71
3,50,0,410,205047,69
3,50,0,411,205551,73
3,50,0,412,206047,75
3,50,0,413,206551,71
3,50,0,414,207047,69
3,50,0,415,207551,74
3,50,0,416,208047,74
3,50,0,417,208551,71
3,50,0,418,209047,72
3,50,0,419,209551,71
3,50,0,420,210047,71
3,50,0,421,210551,72
3,50,0,422,211047,69
3,50,0,423,211551,73
3,50,0,424,212047,69
3,50,0,425,212551,74
3,50,0,426,213047,73
3,50,0,427,213551,73
3,50,0,428,214047,73
3,50,0,429,214551,73
3,50,0,430,215047,71
3,50,0,431,215551,71
3,50,0,432,216047,71
3,50,0,433,216551,74
3,50,0,434,217047,70
3,50,0,435,217551,71
3,50,0,436,218047,71
3,50,0,437,218551,73
3,50,0,438,219047,71
3,50,0,439,219551,71
3,50,0,440,220047,74
3,50,0,441,220551,71
3,50,0,442,221047,67
3,50,0,443,221551,69
3,50,0,444,222047,71
3,50,0,445,222551,71
3,50,0,446,223047,68
3,50,0,447,223551,70
3,50,0,448,224047,69
3,50,0,449,224551,71
3,50,0,450,225047,71
3,50,0,451,225551,71
3,50,0,452,226047,70
3,50,0,453,226551,69
3,50,0,454,227047,71
3,50,0,455,227551,71
3,50,0,456,228047,70
3,50,0,457,228551,67
3,50,0,458,229047,71
3,50,0,459,229551,69
3,50,0,460,230047,63
3,50,0,461,230551,69
3,50,0,462,231047,73
3,50,0,463,231551,71
3,50,0,464,232047,71
3,50,0,465,232551,73
3,50,0,466,233047,71
3,50,0,467,233551,72
3,50,0,468,234047,70
3,50,0,469,234551,69
3,50,0,470,235047,71
3,50,0,471,235551,77
3,50,0,472,236047,71
3,50,0,473,236551,68
3,50,0,474,237047,71
3,50,0,475,237551,74
3,50,0,476,238047,71
3,50,0,477,238551,73
3,50,0,478,239047,70
3,50,0,479,239551,69
3,50,0,480,240047,72
3,50,0,481,240551,72
3,50,0,482,241047,71
3,50,0,483,241551,71
3,50,0,484,242047,69
3,50,0,485,242551,71
3,50,0,486,243047,69
3,50,0,487,243551,71
3,50,0,488,244047,71
3,50,0,489,244551,69
3,50,0,490,245047,71
3,50,0,491,245551,71
3,50,0,492,246047,69
3,50,0,493,246551,73
3,50,0,494,247047,73
3,50,0,495,247551,75
3,50,0,496,248047,68
3,50,0,497,248551,71
3,50,0,498,249047,71
3,50,0,499,249551,71
3,50,0,500,250047,71
3,50,0,501,250551,72
3,50,0,502,251047,71
3,50,0,503,251551,71
3,50,0,504,252047,70
3,50,0,505,252551,73
3,50,0,506,253047,74
3,50,0,507,253551,69
3,50,0,508,254047,71
3,50,0,509,254551,69
3,50,0,510,255047,70
3,50,0,511,255551,74
3,50,0,512,256047,69
3,50,0,513,256551,72
3,50,0,514,257047,69
3,50,0,515,257551,72
3,50,0,516,258047,69
3,50,0,517,258551,71
3,50,0,518,259047,73
3,50,0,519,259551,73
3,50,0,520,260047,71
3,50,0,521,260551,75
3,50,0,522,261047,75
3,50,0,523,261551,77
3,50,0,524,262047,75
3,50,0,525,262551,71
3,50,0,526,263047,71
3,50,0,527,263551,74
3,50,0,528,264047,73
3,50,0,529,264551,73
3,50,0,530,265047,73
3,50,0,531,265551,75
3,50,0,532,266047,74
3,50,0,533,266551,72
3,50,0,534,267047,69
3,50,0,535,267551,72
3,50,0,536,268047,75
3,50,0,537,268551,73
3,50,0,538,269047,73
3,50,0,539,269551,74
3,50,0,540,270047,72
3,50,0,541,270551,64
3,50,0,542,271047,71
3,50,0,543,271551,74
3,50,0,544,272047,68
3,50,0,545,272551,76
3,50,0,546,273047,73
3,50,0,547,273551,71
3,50,0,548,274047,73
3,50,0,549,274551,75
3,50,0,550,275047,71
3,50,0,551,275551,67
3,50,0,552,276047,69
3,50,0,553,276551,74
3,50,0,554,277047,67
3,50,0,555,277551,79
3,50,0,556,278047,67
3,50,0,557,278551,69
3,50,0,558,279047,70
3,50,0,559,279551,72
3,50,0,560,280047,68
3,50,0,561,280551,70
3,50,0,562,281047,73
3,50,0,563,281551,69
3,50,0,564,282047,63
3,50,0,565,282551,70
3,50,0,566,283047,69
3,50,0,567,283551,71
3,50,0,568,284047,67
3,50,0,569,284551,69
3,50,0,570,285047,70
3,50,0,571,285551,73
3,50,0,572,286047,71
3,50,0,573,286551,71
3,50,0,574,287047,72
3,50,0,575,287551,69
3,50,0,576,288047,69
3,50,0,577,288551,73
3,50,0,578,289047,76
3,50,0,579,289551,72
3,50,0,580,290047,76
3,50,0,581,290551,71
3,50,0,582,291047,73
3,50,0,583,291551,76
3,50,0,584,292047,71
3,50,0,585,292551,69
3,50,0,586,293047,76
3,50,0,587,293551,76
3,50,0,588,294047,73
3,50,0,589,294551,73
3,50,0,590,295047,75
3,50,0,591,295551,71
3,50,0,592,296047,71
3,50,0,593,296551,71
3,50,0,594,297047,73
3,50,0,595,297551,73
3,50,0,596,298047,71
3,50,0,597,298551,75
3,50,0,598,299047,71
3,50,0,599,299551,73
3,50,0,600,300047,73
3,50,0,601,300551,73
3,50,0,602,301047,72
3,50,0,603,301551,75
3,50,0,604,302047,74
3,50,0,605,302551,73
3,50,0,606,303047,73
3,50,0,607,303551,74
3,50,0,608,304047,73
3,50,0,609,304551,73
3,50,0,610,305047,71
3,50,0,611,305551,69
3,50,0,612,306047,73
3,50,0,613,306551,74
3,50,0,614,307047,71
3,50,0,615,307551,71
3,50,0,616,308047,73
3,50,0,617,308551,73
3,50,0,618,309047,71
3,50,0,619,309551,68
3,50,0,620,310047,75
3,50,0,621,310551,72
3,50,0,622,311047,70
3,50,0,623,311551,71
3,50,0,624,312047,69
3,50,0,625,312551,69
3,50,0,626,313047,63
3,50,0,627,313551,71
3,50,0,628,314047,68
3,50,0,629,314551,73
3,50,0,630,315047,67
3,50,0,631,315551,71
3,50,0,632,316047,70
3,50,0,633,316551,71
3,50,0,634,317047,67
3,50,0,635,317551,71
3,50,0,636,318047,67
3,50,0,637,318551,72
3,50,0,638,319047,71
3,50,0,639,319551,71
3,50,0,640,320047,63
3,50,0,641,320551,69
3,50,0,642,321047,73
3,50,0,643,321551,69
3,50,0,644,322047,69
3,50,0,645,322551,71
3,50,0,646,323047,73
3,50,0,647,323551,70
3,50,0,648,324047,76
3,50,0,649,324551,73
3,50,0,650,325047,73
3,50,0,651,325551,69
3,50,0,652,326047,73
3,50,0,653,326551,69
3,50,0,654,327047,71
3,50,0,655,327551,69
3,50,0,656,328047,69
3,50,0,657,328551,77
3,50,0,658,329047,72
3,50,0,659,329551,69
3,50,0,660,330047,71
3,50,0,661,330551,71
3,50,0,662,331047,70
3,50,0,663,331551,69
3,50,0,664,332047,73
3,50,0,665,332551,70
3,50,0,666,333047,71
3,50,0,667,333551,71
3,50,0,668,334047,69
3,50,0,669,334551,68
3,50,0,670,335047,73
3,50,0,671,335551,67
3,50,0,672,336047,73
3,50,0,673,336551,70
3,50,0,674,337047,63
3,50,0,675,337551,69
3,50,0,676,338047,69
3,50,0,677,338551,71
3,50,0,678,339047,69
3,50,0,679,339551,69
3,50,0,680,340047,71
3,50,0,681,340551,70
3,50,0,682,341047,67
3,50,0,683,341551,73
3,50,0,684,342047,71
3,50,0,685,342551,69
3,50,0,686,343047,71
3,50,0,687,343551,70
3,50,0,688,344047,71
3,50,0,689,344551,71
3,50,0,690,345047,69
3,50,0,691,345551,71
3,50,0,692,346047,59
3,50,0,693,346551,74
3,50,0,694,347047,67
3,50,0,695,347551,73
3,50,0,696,348047,69
3,50,0,697,348551,70
3,50,0,698,349047,67
3,50,0,699,349551,75
3,50,0,700,350047,71
3,50,0,701,350551,68
3,50,0,702,351047,71
3,50,0,703,351551,73
3,50,0,704,352047,70
3,50,0,705,352551,71
3,50,0,706,353047,71
3,50,0,707,353551,71
3,50,0,708,354047,69
3,50,0,709,354551,71
3,50,0,710,355047,71
3,50,0,711,355551,73
3,50,0,712,356047,70
3,50,0,713,356551,63
3,50,0,714,357047,70
3,50,0,715,357551,69
3,50,0,716,358047,71
3,50,0,717,358551,71
3,50,0,718,359047,71
3,50,0,719,359551,73
3,50,0,720,360047,68
3,50,0,721,360551,61
3,50,0,722,361047,73
3,50,0,723,361551,68
3,50,0,724,362047,67
3,50,0,725,362551,71
3,50,0,726,363047,72
3,50,0,727,363551,67
3,50,0,728,364047,69
3,50,0,729,364551,73
3,50,0,730,365047,76
3,50,0,731,365551,71
3,50,0,732,366047,70
3,50,0,733,366551,71
3,50,0,734,367047,69
3,50,0,735,367551,71
3,50,0,736,368047,71
3,50,0,737,368551,73
3,50,0,738,369047,67
3,50,0,739,369551,73
3,50,0,740,370047,64
3,50,0,741,370551,71
3,50,0,742,371047,71
3,50,0,743,371551,75
3,50,0,744,372047,72
3,50,0,745,372551,73
3,50,0,746,373047,73
3,50,0,747,373551,73
3,50,0,748,374047,71
3,50,0,749,374551,72
3,50,0,750,375047,73
3,50,0,751,375551,73
3,50,0,752,376047,71
3,50,0,753,376551,77
3,50,0,754,377047,70
3,50,0,755,377551,72
3,50,0,756,378047,71
3,50,0,757,378551,70
3,50,0,758,379047,71
3,50,0,759,379551,70
3,50,0,760,380047,73
3,50,0,761,380551,71
3,50,0,762,381047,69
3,50,0,763,381551,72
3,50,0,764,382047,71
3,50,0,765,382551,72
3,50,0,766,383047,67
3,50,0,767,383551,71
3,50,0,768,384047,73
3,50,0,769,384551,68
3,50,0,770,385047,70
3,50,0,771,385551,75
3,50,0,772,386047,69
3,50,0,773,386551,73
3,50,0,774,387047,71
3,50,0,775,387551,71
3,50,0,776,388047,73
3,50,0,777,388551,74
3,50,0,778,389047,64
3,50,0,779,389551,73
3,50,0,780,390047,69
3,50,0,781,390551,71
3,50,0,782,391047,72
3,50,0,783,391551,69
3,50,0,784,392047,73
3,50,0,785,392551,73
3,50,0,786,393047,69
3,50,0,787,393551,73
3,50,0,788,394047,71
3,50,0,789,394551,72
3,50,0,790,395047,69
3,50,0,791,395551,70
3,50,0,792,396047,69
3,50,0,793,396551,70
3,50,0,794,397047,73
3,50,0,795,397551,71
3,50,0,796,398047,69
3,50,0,797,398551,63
3,50,0,798,399047,71
3,50,0,799,399551,73
3,50,0,800,400047,63
3,50,0,801,400551,71
3,50,0,802,401047,73
3,50,0,803,401551,72
3,50,0,804,402047,73
3,50,0,805,402551,72
3,50,0,806,403047,71
3,50,0,807,403551,69
3,50,0,808,404047,73
3,50,0,809,404551,71
3,50,0,810,405047,75
3,50,0,811,405551,71
3,50,0,812,406047,72
3,50,0,813,406551,74
3,50,0,814,407047,72
3,50,0,815,407551,72
3,50,0,816,408047,75
3,50,0,817,408551,70
3,50,0,818,409047,76
3,50,0,819,409551,69
3,50,0,820,410047,73
3,50,0,821,410551,69
3,50,0,822,411047,75
3,50,0,823,411551,71
3,50,0,824,412047,71
3,50,0,825,412551,73
3,50,0,826,413047,70
3,50,0,827,413551,71
3,50,0,828,414047,71
3,50,0,829,414551,73
3,50,0,830,415047,69
3,50,0,831,415551,73
3,50,0,832,416047,73
3,50,0,833,416551,71
3,50,0,834,417048,69
3,50,0,835,417551,71
3,50,0,836,418047,73
3,50,0,837,418551,70
3,50,0,838,419047,71
3,50,0,839,419551,71
3,50,0,840,420047,71
3,50,0,841,420551,71
3,50,0,842,421047,69
3,50,0,843,421551,72
3,50,0,844,422047,76
3,50,0,845,422551,71
3,50,0,846,423047,69
3,50,0,847,423551,72
3,50,0,848,424047,72
3,50,0,849,424551,72
3,50,0,850,425047,73
3,50,0,851,425551,71
3,50,0,852,426047,72
3,50,0,853,426551,72
3,50,0,854,427047,69
3,50,0,855,427551,69
3,50,0,856,428047,70
3,50,0,857,428551,69
3,50,0,858,429047,69
3,50,0,859,429551,69
3,50,0,860,430047,69
3,50,0,861,430551,69
3,50,0,862,431047,71
3,50,0,863,431551,68
3,50,0,864,432047,72
3,50,0,865,432551,71
3,50,0,866,433047,69
3,50,0,867,433551,69
3,50,0,868,434047,61
3,50,0,869,434551,69
3,50,0,870,435047,72
3,50,0,871,435551,73
3,50,0,872,436047,69
3,50,0,873,436551,63
3,50,0,874,437047,73
3,50,0,875,437551,72
3,50,0,876,438047,61
3,50,0,877,438551,73
3,50,0,878,439047,71
3,50,0,879,439551,68
3,50,0,880,440047,70
3,50,0,881,440551,68
3,50,0,882,441047,71
3,50,0,883,441551,71
3,50,0,884,442047,72
3,50,0,885,442551,71
3,50,0,886,443047,69
3,50,0,887,443551,69
3,50,0,888,444047,62
3,50,0,889,444551,69
3,50,0,890,445047,67
3,50,0,891,445551,71
3,50,0,892,446047,71
3,50,0,893,446551,69
3,50,0,894,447047,69
3,50,0,895,447551,62
3,50,0,896,448047,71
3,50,0,897,448551,69
3,50,0,898,449047,67
3,50,0,899,449551,61
3,50,0,900,450047,69
3,50,0,901,450551,61
3,50,0,902,451047,68
3,50,0,903,451551,73
3,50,0,904,452047,62
3,50,0,905,452551,59
3,50,0,906,453047,63
3,50,0,907,453551,69
3,50,0,908,454047,69
3,50,0,909,454551,71
3,50,0,910,455047,70
3,50,0,911,455551,71
3,50,0,912,456047,67
3,50,0,913,456551,63
3,50,0,914,457047,68
3,50,0,915,457551,69
3,50,0,916,458047,69
3,50,0,917,458551,68
3,50,0,918,459047,71
3,50,0,919,459551,69
3,50,0,920,460047,63
3,50,0,921,460551,63
3,50,0,922,461047,69
3,50,0,923,461551,69
3,50,0,924,462047,68
3,50,0,925,462551,71
3,50,0,926,463047,63
3,50,0,927,463551,71
3,50,0,928,464047,71
3,50,0,929,464551,73
3,50,0,930,465047,69
3,50,0,931,465551,70
3,50,0,932,466047,71
3,50,0,933,466551,69
3,50,0,934,467047,69
3,50,0,935,467551,70
3,50,0,936,468047,77
3,50,0,937,468551,69
3,50,0,938,469047,71
3,50,0,939,469551,71
3,50,0,940,470047,68
3,50,0,941,470551,69
3,50,0,942,471047,73
3,50,0,943,471551,71
3,50,0,944,472047,69
3,50,0,945,472551,69
3,50,0,946,473047,71
3,50,0,947,473551,75
3,50,0,948,474047,63
3,50,0,949,474551,69
3,50,0,950,475047,71
3,50,0,951,475551,71
3,50,0,952,476047,73
3,50,0,953,476551,63
3,50,0,954,477047,72
3,50,0,955,477551,71
3,50,0,956,478047,69
3,50,0,957,478551,72
3,50,0,958,479047,75
3,50,0,959,479551,71
3,50,0,960,480047,73
3,50,0,961,480551,70
3,50,0,962,481047,71
3,50,0,963,481551,74
3,50,0,964,482047,71
3,50,0,965,482551,73
3,50,0,966,483047,69
3,50,0,967,483551,71
3,50,0,968,484047,73
3,50,0,969,484551,68
3,50,0,970,485047,67
3,50,0,971,485551,73
3,50,0,972,486047,71
3,50,0,973,486551,69
3,50,0,974,487047,71
3,50,0,975,487551,73
3,50,0,976,488047,69
3,50,0,977,488551,76
3,50,0,978,489047,69
3,50,0,979,489551,70
3,50,0,980,490047,73
3,50,0,981,490551,71
3,50,0,982,491047,73
3,50,0,983,491551,71
3,50,0,984,492047,71
3,50,0,985,492551,69
3,50,0,986,493047,70
3,50,0,987,493551,71
3,50,0,988,494047,70
3,50,0,989,494551,71
3,50,0,990,495047,73
3,50,0,991,495551,71
3,50,0,992,496047,70
3,50,0,993,496551,69
3,50,0,994,497047,71
3,50,0,995,497551,69
3,50,0,996,498047,69
3,50,0,997,498551,71
3,50,0,998,499047,68
3,50,0,999,499551,67
3,50,0,1000,500047,70
3,50,0,1001,500551,71
3,50,0,1002,501047,69
3,50,0,1003,501551,71
3,50,0,1004,502047,70
3,50,0,1005,502551,69
3,50,0,1006,503047,71
3,50,0,1007,503551,64
3,50,0,1008,504047,69
3,50,0,1009,504551,71
3,50,0,1010,505047,75
3,50,0,1011,505551,69
3,50,0,1012,506047,63
3,50,0,1013,506551,69
3,50,0,1014,507047,72
3,50,0,1015,507551,63
3,50,0,1016,508047,69
3,50,0,1017,508551,67
3,50,0,1018,509047,69
3,50,0,1019,509551,63
3,50,0,1020,510047,68
3,50,0,1021,510551,63
3,50,0,1022,511047,75
3,50,0,1023,511551,74
3,50,0,1024,512047,68
3,50,0,1025,512551,70
3,50,0,1026,513047,71
3,50,0,1027,513551,68
3,50,0,1028,514047,61
3,50,0,1029,514551,75
3,50,0,1030,515047,72
3,50,0,1031,515551,63
3,50,0,1032,516047,67
3,50,0,1033,516551,73
3,50,0,1034,517047,77
3,50,0,1035,517551,69
3,50,0,1036,518047,71
3,50,0,1037,518551,73
3,50,0,1038,519047,71
3,50,0,1039,519551,74
3,50,0,1040,520047,73
3,50,0,1041,520551,75
3,50,0,1042,521047,73
3,50,0,1043,521551,72
3,50,0,1044,522047,71
3,50,0,1045,522551,70
3,50,0,1046,523047,70
3,50,0,1047,523551,71
3,50,0,1048,524047,74
3,50,0,1049,524551,73
3,50,0,1050,525047,69
3,50,0,1051,525551,69
3,50,0,1052,526047,73
3,50,0,1053,526551,75
3,50,0,1054,527047,69
3,50,0,1055,527551,74
3,50,0,1056,528047,75
3,50,0,1057,528551,70
3,50,0,1058,529047,72
3,50,0,1059,529551,72
3,50,0,1060,530047,63
3,50,0,1061,530551,69
3,50,0,1062,531047,68
3,50,0,1063,531551,73
3,50,0,1064,532047,73
3,50,0,1065,532551,72
3,50,0,1066,533047,73
3,50,0,1067,533551,72
3,50,0,1068,534047,72
3,50,0,1069,534551,73
3,50,0,1070,535047,72
3,50,0,1071,535551,73
3,50,0,1072,536047,75
3,50,0,1073,536551,76
3,50,0,1074,537047,73
3,50,0,1075,537551,76
3,50,0,1076,538047,70
3,50,0,1077,538551,71
3,50,0,1078,539047,77
3,50,0,1079,539551,75
3,50,0,1080,540047,77
3,50,0,1081,540551,74
3,50,0,1082,541047,75
3,50,0,1083,541551,74
3,50,0,1084,542047,75
3,50,0,1085,542551,71
3,50,0,1086,543048,73
3,50,0,1087,543551,75
3,50,0,1088,544048,77
3,50,0,1089,544551,73
3,50,0,1090,545047,77
3,50,0,1091,545551,75
3,50,0,1092,546047,75
3,50,0,1093,546551,75
3,50,0,1094,547047,72
3,50,0,1095,547551,72
3,50,0,1096,548047,71
3,50,0,1097,548551,73
3,50,0,1098,549047,75
3,50,0,1099,549551,73
3,50,0,1100,550047,75
3,50,0,1101,550551,73
3,50,0,1102,551047,69
3,50,0,1103,551551,73
3,50,0,1104,552047,71
3,50,0,1105,552551,72
3,50,0,1106,553047,71
3,50,0,1107,553551,71
3,50,0,1108,554047,76
3,50,0,1109,554551,61
3,50,0,1110,555047,71
3,50,0,1111,555551,71
3,50,0,1112,556047,75
3,50,0,1113,556551,72
3,50,0,1114,557047,70
3,50,0,1115,557551,71
3,50,0,1116,558047,68
3,50,0,1117,558551,73
3,50,0,1118,559047,71
3,50,0,1119,559551,71
3,50,0,1120,560047,72
3,50,0,1121,560551,75
3,50,0,1122,561047,73
3,50,0,1123,561551,63
3,50,0,1124,562047,71
3,50,0,1125,562551,67
3,50,0,1126,563047,61
3,50,0,1127,563551,73
3,50,0,1128,564047,69
3,50,0,1129,564551,69
3,50,0,1130,565047,64
3,50,0,1131,565551,73
3,50,0,1132,566047,71
3,50,0,1133,566551,71
3,50,0,1134,567047,73
3,50,0,1135,567551,71
3,50,0,1136,568047,72
3,50,0,1137,568551,74
3,50,0,1138,569047,63
3,50,0,1139,569551,70
3,50,0,1140,570047,69
3,50,0,1141,570551,74
3,50,0,1142,571047,71
3,50,0,1143,571551,67
3,50,0,1144,572047,72
3,50,0,1145,572551,71
3,50,0,1146,573047,71
3,50,0,1147,573551,73
3,50,0,1148,574047,72
3,50,0,1149,574551,69
3,50,0,1150,575047,73
3,50,0,1151,575551,62
3,50,0,1152,576047,72
3,50,0,1153,576551,69
3,50,0,1154,577047,69
3,50,0,1155,577551,68
3,50,0,1156,578047,72
3,50,0,1157,578551,70
3,50,0,1158,579047,67
3,50,0,1159,579551,71
3,50,0,1160,580047,72
3,50,0,1161,580551,71
3,50,0,1162,581047,73
3,50,0,1163,581551,72
3,50,0,1164,582047,73
3,50,0,1165,582551,73
3,50,0,1166,583047,70
3,50,0,1167,583551,67
3,50,0,1168,584047,71
3,50,0,1169,584551,73
3,50,0,1170,585047,63
3,50,0,1171,585551,69
3,50,0,1172,586047,68
3,50,0,1173,586551,71
3,50,0,1174,587047,69
3,50,0,1175,587551,69
3,50,0,1176,588047,72
3,50,0,1177,588551,72
3,50,0,1178,589047,69
3,50,0,1179,589551,71
3,50,0,1180,590047,69
3,50,0,1181,590551,71
3,50,0,1182,591047,70
3,50,0,1183,591551,69
3,50,0,1184,592047,70
3,50,0,1185,592551,73
3,50,0,1186,593047,71
3,50,0,1187,593551,63
3,50,0,1188,594047,70
3,50,0,1189,594551,71
3,50,0,1190,595047,68
3,50,0,1191,595551,69
3,50,0,1192,596047,63
3,50,0,1193,596551,63
3,50,0,1194,597047,74
3,50,0,1195,597551,71
3,50,0,1196,598047,73
3,50,0,1197,598551,63
3,50,0,1198,599047,75
3,50,0,1199,599551,73
3,50,0,1200,600047,71
3,50,0,1201,600551,71
3,50,0,1202,601047,71
3,50,0,1203,601551,71
3,50,0,1204,602047,72
3,50,0,1205,602551,70
3,50,0,1206,603047,69
3,50,0,1207,603551,70
3,50,0,1208,604047,71
3,50,0,1209,604551,71
3,50,0,1210,605047,71
3,50,0,1211,605551,70
3,50,0,1212,606047,69
3,50,0,1213,606551,69
3,50,0,1214,607047,73
3,50,0,1215,607551,71
3,50,0,1216,608047,69
3,50,0,1217,608551,70
3,50,0,1218,609047,71
3,50,0,1219,609551,73
3,50,0,1220,610047,69
3,50,0,1221,610551,71
3,50,0,1222,611047,71
3,50,0,1223,611551,69
3,50,0,1224,612047,69
3,50,0,1225,612551,72
3,50,0,1226,613047,71
3,50,0,1227,613551,72
3,50,0,1228,614047,71
3,50,0,1229,614551,71
3,50,0,1230,615047,71
3,50,0,1231,615551,72
3,50,0,1232,616047,71
3,50,0,1233,616551,76
3,50,0,1234,617047,59
3,50,0,1235,617551,72
3,50,0,1236,618047,72
3,50,0,1237,618551,68
3,50,0,1238,619047,69
3,50,0,1239,619551,72
3,50,0,1240,620047,69
3,50,0,1241,620551,73
3,50,0,1242,621047,70
3,50,0,1243,621551,74
3,50,0,1244,622047,71
3,50,0,1245,622551,73
3,50,0,1246,623047,71
3,50,0,1247,623551,73
3,50,0,1248,624047,72
3,50,0,1249,624551,74
3,50,0,1250,625047,72
3,50,0,1251,625551,73
3,50,0,1252,626047,75
3,50,0,1253,626551,76
3,50,0,1254,627047,73
3,50,0,1255,627551,77
3,50,0,1256,628047,73
3,50,0,1257,628551,76
3,50,0,1258,629047,75
3,50,0,1259,629551,73
3,50,0,1260,630047,74
3,50,0,1261,630551,76
3,50,0,1262,631047,71
3,50,0,1263,631551,71
3,50,0,1264,632047,75
3,50,0,1265,632551,72
3,50,0,1266,633047,71
3,50,0,1267,633551,73
3,50,0,1268,634047,75
3,50,0,1269,634551,73
3,50,0,1270,635047,75
3,50,0,1271,635551,71
3,50,0,1272,636047,76
3,50,0,1273,636551,73
3,50,0,1274,637047,71
3,50,0,1275,637551,71
3,50,0,1276,638047,68
3,50,0,1277,638551,70
3,50,0,1278,639047,75
3,50,0,1279,639551,74
3,50,0,1280,640047,75
3,50,0,1281,640551,69
3,50,0,1282,641047,73
3,50,0,1283,641551,77
3,50,0,1284,642047,76
3,50,0,1285,642551,71
3,50,0,1286,643047,72
3,50,0,1287,643551,75
3,50,0,1288,644047,69
3,50,0,1289,644551,69
3,50,0,1290,645047,68
3,50,0,1291,645551,69
3,50,0,1292,646047,69
3,50,0,1293,646551,75
3,50,0,1294,647047,75
3,50,0,1295,647551,68
3,50,0,1296,648047,73
3,50,0,1297,648551,72
3,50,0,1298,649047,72
3,50,0,1299,649551,71
3,50,0,1300,650047,69
3,50,0,1301,650551,62
3,50,0,1302,651047,71
3,50,0,1303,651551,72
3,50,0,1304,652047,69
3,50,0,1305,652551,72
3,50,0,1306,653047,71
3,50,0,1307,653551,72
3,50,0,1308,654047,67
3,50,0,1309,654551,70
3,50,0,1310,655047,69
3,50,0,1311,655551,77
3,50,0,1312,656047,70
3,50,0,1313,656551,69
3,50,0,1314,657047,74
3,50,0,1315,657551,70
3,50,0,1316,658047,70
3,50,0,1317,658551,75
3,50,0,1318,659047,73
3,50,0,1319,659551,73
3,50,0,1320,660047,71
3,50,0,1321,660551,69
3,50,0,1322,661047,72
3,50,0,1323,661551,71
3,50,0,1324,662047,69
3,50,0,1325,662551,71
3,50,0,1326,663047,63
3,50,0,1327,663551,72
3,50,0,1328,664047,73
3,50,0,1329,664551,72
3,50,0,1330,665047,71
3,50,0,1331,665551,71
3,50,0,1332,666047,70
3,50,0,1333,666551,70
3,50,0,1334,667047,73
3,50,0,1335,667551,71
3,50,0,1336,668047,70
3,50,0,1337,668551,73
3,50,0,1338,669047,70
3,50,0,1339,669551,69
3,50,0,1340,670047,71
3,50,0,1341,670551,68
3,50,0,1342,671047,69
3,50,0,1343,671551,69
3,50,0,1344,672047,62
3,50,0,1345,672551,69
3,50,0,1346,673047,72
3,50,0,1347,673551,67
3,50,0,1348,674047,71
3,50,0,1349,674551,71
3,50,0,1350,675047,70
3,50,0,1351,675551,71
3,50,0,1352,676047,63
3,50,0,1353,676551,63
3,50,0,1354,677047,72
3,50,0,1355,677551,63
3,50,0,1356,678047,71
3,50,0,1357,678551,73
3,50,0,1358,679047,67
3,50,0,1359,679551,71
3,50,0,1360,680047,69
3,50,0,1361,680551,69
3,50,0,1362,681047,63
3,50,0,1363,681551,69
3,50,0,1364,682047,70
3,50,0,1365,682551,67
3,50,0,1366,683047,70
3,50,0,1367,683551,71
3,50,0,1368,684047,71
3,50,0,1369,684551,69
3,50,0,1370,685047,71
3,50,0,1371,685551,70
3,50,0,1372,686047,69
3,50,0,1373,686551,75
3,50,0,1374,687047,71
3,50,0,1375,687551,73
3,50,0,1376,688047,73
3,50,0,1377,688551,69
3,50,0,1378,689047,73
3,50,0,1379,689551,71
3,50,0,1380,690047,72
3,50,0,1381,690551,73
3,50,0,1382,691047,73
3,50,0,1383,691551,69
3,50,0,1384,692047,71
3,50,0,1385,692551,75
3,50,0,1386,693047,75
3,50,0,1387,693551,69
3,50,0,1388,694047,62
3,50,0,1389,694551,75
3,50,0,1390,695047,76
3,50,0,1391,695551,73
3,50,0,1392,696048,68
3,50,0,1393,696551,71
3,50,0,1394,697047,69
3,50,0,1395,697551,73
3,50,0,1396,698047,71
3,50,0,1397,698551,72
3,50,0,1398,699047,74
3,50,0,1399,699551,77
3,50,0,1400,700047,75
3,50,0,1401,700551,70
3,50,0,1402,701047,77
3,50,0,1403,701551,71
3,50,0,1404,702047,72
3,50,0,1405,702551,71
3,50,0,1406,703047,67
3,50,0,1407,703551,75
3,50,0,1408,704047,72
3,50,0,1409,704551,69
3,50,0,1410,705047,73
3,50,0,1411,705551,73
3,50,0,1412,706047,70
3,50,0,1413,706551,69
3,50,0,1414,707047,73
3,50,0,1415,707551,74
3,50,0,1416,708047,72
3,50,0,1417,708551,73
3,50,0,1418,709047,69
3,50,0,1419,709551,71
3,50,0,1420,710047,75
3,50,0,1421,710551,69
3,50,0,1422,711047,69
3,50,0,1423,711551,75
3,50,0,1424,712047,72
3,50,0,1425,712551,79
3,50,0,1426,713047,70
3,50,0,1427,713551,75
3,50,0,1428,714047,76
3,50,0,1429,714551,69
3,50,0,1430,715047,71
3,50,0,1431,715551,71
3,50,0,1432,716047,72
3,50,0,1433,716551,73
3,50,0,1434,717047,73
3,50,0,1435,717551,72
3,50,0,1436,718047,75
3,50,0,1437,718551,72
3,50,0,1438,719047,71
3,50,0,1439,719551,73
3,50,0,1440,720047,71
3,50,0,1441,720551,73
3,50,0,1442,721047,70
3,50,0,1443,721551,71
3,50,0,1444,722047,75
3,50,0,1445,722551,73
3,50,0,1446,723047,72
3,50,0,1447,723551,70
3,50,0,1448,724047,72
3,50,0,1449,724551,70
3,50,0,1450,725047,71
3,50,0,1451,725551,70
3,50,0,1452,726047,68
3,50,0,1453,726551,67
3,50,0,1454,727047,71
3,50,0,1455,727551,71
3,50,0,1456,728047,63
3,50,0,1457,728551,71
3,50,0,1458,729047,71
3,50,0,1459,729551,69
3,50,0,1460,730047,71
3,50,0,1461,730551,69
3,50,0,1462,731047,67
3,50,0,1463,731551,77
3,50,0,1464,732048,70
3,50,0,1465,732551,68
3,50,0,1466,733047,73
3,50,0,1467,733551,75
3,50,0,1468,734047,69
3,50,0,1469,734551,75
3,50,0,1470,735047,71
3,50,0,1471,735551,70
3,50,0,1472,736047,69
3,50,0,1473,736551,69
3,50,0,1474,737047,70
3,50,0,1475,737551,70
3,50,0,1476,738047,71
3,50,0,1477,738551,73
3,50,0,1478,739047,70
3,50,0,1479,739551,63
3,50,0,1480,740047,71
3,50,0,1481,740551,74
3,50,0,1482,741047,75
3,50,0,1483,741551,71
3,50,0,1484,742047,73
3,50,0,1485,742551,73
3,50,0,1486,743047,71
3,50,0,1487,743551,75
3,50,0,1488,744047,69
3,50,0,1489,744551,72
3,50,0,1490,745047,71
3,50,0,1491,745551,73
3,50,0,1492,746047,67
3,50,0,1493,746551,69
3,50,0,1494,747047,74
3,50,0,1495,747551,69
3,50,0,1496,748047,69
3,50,0,1497,748551,73
3,50,0,1498,749047,73
3,50,0,1499,749551,73
3,50,0,1500,750047,69
3,50,0,1501,750551,71
3,50,0,1502,751047,71
3,50,0,1503,751551,72
3,50,0,1504,752047,69
3,50,0,1505,752551,67
3,50,0,1506,753047,77
3,50,0,1507,753551,74
3,50,0,1508,754047,69
3,50,0,1509,754551,75
3,50,0,1510,755047,73
3,50,0,1511,755551,71
3,50,0,1512,756047,74
3,50,0,1513,756551,70
3,50,0,1514,757047,71
3,50,0,1515,757551,75
3,50,0,1516,758047,73
3,50,0,1517,758551,62
3,50,0,1518,759047,73
3,50,0,1519,759551,75
3,50,0,1520,760047,69
3,50,0,1521,760551,63
3,50,0,1522,761047,74
3,50,0,1523,761551,71
3,50,0,1524,762047,70
3,50,0,1525,762551,71
3,50,0,1526,763047,75
3,50,0,1527,763551,69
3,50,0,1528,764047,71
3,50,0,1529,764551,75
3,50,0,1530,765047,69
3,50,0,1531,765551,62
3,50,0,1532,766047,71
3,50,0,1533,766551,70
3,50,0,1534,767047,69
3,50,0,1535,767551,73
3,50,0,1536,768047,68
3,50,0,1537,768551,71
3,50,0,1538,769047,70
3,50,0,1539,769551,72
3,50,0,1540,770047,73
3,50,0,1541,770551,71
3,50,0,1542,771047,69
3,50,0,1543,771551,71
3,50,0,1544,772047,72
3,50,0,1545,772551,67
3,50,0,1546,773047,76
3,50,0,1547,773551,71
3,50,0,1548,774047,73
3,50,0,1549,774551,73
3,50,0,1550,775047,73
3,50,0,1551,775551,69
3,50,0,1552,776047,73
3,50,0,1553,776551,70
3,50,0,1554,777047,72
3,50,0,1555,777551,69
3,50,0,1556,778047,74
3,50,0,1557,778551,69
3,50,0,1558,779047,73
3,50,0,1559,779551,73
3,50,0,1560,780047,71
3,50,0,1561,780551,75
3,50,0,1562,781047,73
3,50,0,1563,781551,71
3,50,0,1564,782047,75
3,50,0,1565,782551,71
3,50,0,1566,783047,73
3,50,0,1567,783551,72
3,50,0,1568,784047,73
3,50,0,1569,784551,71
3,50,0,1570,785047,70
3,50,0,1571,785551,77
3,50,0,1572,786047,71
3,50,0,1573,786551,71
3,50,0,1574,787047,75
3,50,0,1575,787551,72
3,50,0,1576,788047,71
3,50,0,1577,788551,71
3,50,0,1578,789047,71
3,50,0,1579,789551,71
3,50,0,1580,790047,70
3,50,0,1581,790551,71
3,50,0,1582,791048,70
3,50,0,1583,791551,72
3,50,0,1584,792047,71
3,50,0,1585,792551,74
3,50,0,1586,793047,71
3,50,0,1587,793551,75
3,50,0,1588,794047,76
3,50,0,1589,794551,73
3,50,0,1590,795047,71
3,50,0,1591,795551,71
3,50,0,1592,796047,61
3,50,0,1593,796551,71
3,50,0,1594,797047,70
3,50,0,1595,797551,72
3,50,0,1596,798047,71
3,50,0,1597,798551,72
3,50,0,1598,799047,75
3,50,0,1599,799551,71
3,50,0,1600,800047,74
3,50,0,1601,800551,75
3,50,0,1602,801047,74
3,50,0,1603,801551,75
3,50,0,1604,802047,73
3,50,0,1605,802551,71
3,50,0,1606,803047,71
3,50,0,1607,803551,71
3,50,0,1608,804047,72
3,50,0,1609,804551,73
3,50,0,1610,805047,75
3,50,0,1611,805551,78
3,50,0,1612,806047,67
3,50,0,1613,806551,79
3,50,0,1614,807047,71
3,50,0,1615,807551,77
3,50,0,1616,808047,71
3,50,0,1617,808551,71
3,50,0,1618,809047,71
3,50,0,1619,809551,73
3,50,0,1620,810047,73
3,50,0,1621,810551,73
3,50,0,1622,811047,71
3,50,0,1623,811551,71
3,50,0,1624,812047,73
3,50,0,1625,812551,73
3,50,0,1626,813047,70
3,50,0,1627,813551,69
3,50,0,1628,814047,73
3,50,0,1629,814551,69
3,50,0,1630,815047,70
3,50,0,1631,815551,72
3,50,0,1632,816047,74
3,50,0,1633,816551,71
3,50,0,1634,817047,71
3,50,0,1635,817551,69
3,50,0,1636,818047,73
3,50,0,1637,818551,70
3,50,0,1638,819047,72
3,50,0,1639,819551,72
3,50,0,1640,820047,74
3,50,0,1641,820551,72
3,50,0,1642,821047,63
3,50,0,1643,821551,69
3,50,0,1644,822047,71
3,50,0,1645,822551,75
3,50,0,1646,823047,71
3,50,0,1647,823551,59
3,50,0,1648,824047,71
3,50,0,1649,824551,69
3,50,0,1650,825047,63
3,50,0,1651,825551,71
3,50,0,1652,826047,72
3,50,0,1653,826551,70
3,50,0,1654,827047,72
3,50,0,1655,827551,69
3,50,0,1656,828047,64
3,50,0,1657,828551,71
3,50,0,1658,829047,69
3,50,0,1659,829551,71
3,50,0,1660,830047,73
3,50,0,1661,830551,71
3,50,0,1662,831047,75
3,50,0,1663,831551,73
3,50,0,1664,832047,69
3,50,0,1665,832551,69
3,50,0,1666,833047,73
3,50,0,1667,833551,68
3,50,0,1668,834047,70
3,50,0,1669,834551,73
3,50,0,1670,835047,73
3,50,0,1671,835551,71
3,50,0,1672,836047,69
3,50,0,1673,836551,70
3,50,0,1674,837047,63
3,50,0,1675,837551,70
3,50,0,1676,838047,69
3,50,0,1677,838551,69
3,50,0,1678,839047,75
3,50,0,1679,839551,68
3,50,0,1680,840047,71
3,50,0,1681,840551,75
3,50,0,1682,841047,69
3,50,0,1683,841551,69
3,50,0,1684,842047,74
3,50,0,1685,842551,69
3,50,0,1686,843047,70
3,50,0,1687,843551,69
3,50,0,1688,844047,68
3,50,0,1689,844551,69
3,50,0,1690,845047,69
3,50,0,1691,845551,69
3,50,0,1692,846047,70
3,50,0,1693,846551,73
3,50,0,1694,847047,70
3,50,0,1695,847551,71
3,50,0,1696,848047,71
3,50,0,1697,848551,71
3,50,0,1698,849047,70
3,50,0,1699,849551,69
3,50,0,1700,850047,63
3,50,0,1701,850551,69
3,50,0,1702,851047,64
3,50,0,1703,851551,71
3,50,0,1704,852047,69
3,50,0,1705,852551,71
3,50,0,1706,853047,72
3,50,0,1707,853551,69
3,50,0,1708,854047,69
3,50,0,1709,854551,76
3,50,0,1710,855047,61
3,50,0,1711,855551,71
3,50,0,1712,856047,71
3,50,0,1713,856551,70
3,50,0,1714,857047,69
3,50,0,1715,857551,59
3,50,0,1716,858047,69
3,50,0,1717,858551,75
3,50,0,1718,859047,72
3,50,0,1719,859551,71
3,50,0,1720,860047,69
3,50,0,1721,860551,69
3,50,0,1722,861047,69
3,50,0,1723,861551,72
3,50,0,1724,862047,71
3,50,0,1725,862551,70
3,50,0,1726,863047,69
3,50,0,1727,863551,63
3,50,0,1728,864047,63
3,50,0,1729,864551,69
3,50,0,1730,865047,61
3,50,0,1731,865551,71
3,50,0,1732,866047,73
3,50,0,1733,866551,63
3,50,0,1734,867047,72
3,50,0,1735,867551,74
3,50,0,1736,868047,71
3,50,0,1737,868551,71
3,50,0,1738,869047,70
3,50,0,1739,869551,75
3,50,0,1740,870047,72
3,50,0,1741,870551,67
3,50,0,1742,871047,73
3,50,0,1743,871551,72
3,50,0,1744,872047,68
3,50,0,1745,872551,73
3,50,0,1746,873047,73
3,50,0,1747,873551,71
3,50,0,1748,874047,72
3,50,0,1749,874551,72
3,50,0,1750,875047,72
3,50,0,1751,875551,69
3,50,0,1752,876047,70
3,50,0,1753,876551,73
3,50,0,1754,877047,75
3,50,0,1755,877551,73
3,50,0,1756,878047,69
3,50,0,1757,878551,77
3,50,0,1758,879047,76
3,50,0,1759,879551,73
3,50,0,1760,880047,67
3,50,0,1761,880551,66
3,50,0,1762,881047,73
3,50,0,1763,881551,68
3,50,0,1764,882047,70
3,50,0,1765,882551,74
3,50,0,1766,883047,69
3,50,0,1767,883551,63
3,50,0,1768,884047,69
3,50,0,1769,884551,72
3,50,0,1770,885047,71
3,50,0,1771,885551,72
3,50,0,1772,886047,73
3,50,0,1773,886551,71
3,50,0,1774,887047,71
3,50,0,1775,887551,72
3,50,0,1776,888047,69
3,50,0,1777,888551,71
3,50,0,1778,889047,72
3,50,0,1779,889551,73
3,50,0,1780,890047,67
3,50,0,1781,890551,71
3,50,0,1782,891047,73
3,50,0,1783,891551,68
3,50,0,1784,892048,70
3,50,0,1785,892551,73
3,50,0,1786,893048,69
3,50,0,1787,893551,77
3,50,0,1788,894047,71
3,50,0,1789,894551,70
3,50,0,1790,895047,70
3,50,0,1791,895551,73
3,50,0,1792,896047,69
3,50,0,1793,896551,70
3,50,0,1794,897047,71
3,50,0,1795,897551,73
3,50,0,1796,898047,72
3,50,0,1797,898551,69
3,50,0,1798,899047,72
3,50,0,1799,899551,73
3,50,0,1800,900047,71
3,50,0,1801,900551,76
3,50,0,1802,901047,69
3,50,0,1803,901551,69
3,50,0,1804,902047,73
3,50,0,1805,902551,73
3,50,0,1806,903047,69
3,50,0,1807,903551,71
3,50,0,1808,904047,72
3,50,0,1809,904551,69
3,50,0,1810,905047,71
3,50,0,1811,905551,71
3,50,0,1812,906047,69
3,50,0,1813,906551,71
3,50,0,1814,907047,68
3,50,0,1815,907551,71
3,50,0,1816,908047,71
3,50,0,1817,908551,69
3,50,0,1818,909047,75
3,50,0,1819,909551,67
3,50,0,1820,910047,69
3,50,0,1821,910551,63
3,50,0,1822,911047,69
3,50,0,1823,911551,73
3,50,0,1824,912047,61
3,50,0,1825,912551,71
3,50,0,1826,913047,63
3,50,0,1827,913551,69
3,50,0,1828,914047,71
3,50,0,1829,914551,69
3,50,0,1830,915047,69
3,50,0,1831,915551,69
3,50,0,1832,916047,69
3,50,0,1833,916551,69
3,50,0,1834,917047,71
3,50,0,1835,917551,67
3,50,0,1836,918047,68
3,50,0,1837,918551,70
3,50,0,1838,919047,69
3,50,0,1839,919551,68
3,50,0,1840,920047,70
3,50,0,1841,920551,71
3,50,0,1842,921047,70
3,50,0,1843,921551,67
3,50,0,1844,922047,71
3,50,0,1845,922551,68
3,50,0,1846,923047,75
3,50,0,1847,923551,71
3,50,0,1848,924047,61
3,50,0,1849,924551,73
3,50,0,1850,925047,73
3,50,0,1851,925551,69
3,50,0,1852,926047,75
3,50,0,1853,926551,71
3,50,0,1854,927047,71
3,50,0,1855,927551,63
3,50,0,1856,928047,69
3,50,0,1857,928551,71
3,50,0,1858,929047,69
3,50,0,1859,929551,73
3,50,0,1860,930047,71
3,50,0,1861,930551,70
3,50,0,1862,931047,71
3,50,0,1863,931551,69
3,50,0,1864,932047,72
3,50,0,1865,932551,67
3,50,0,1866,933047,71
3,50,0,1867,933551,70
3,50,0,1868,934047,70
3,50,0,1869,934551,71
3,50,0,1870,935047,73
3,50,0,1871,935551,73
3,50,0,1872,936047,73
3,50,0,1873,936551,75
3,50,0,1874,937047,70
3,50,0,1875,937551,71
3,50,0,1876,938047,67
3,50,0,1877,938551,69
3,50,0,1878,939047,72
3,50,0,1879,939551,72
3,50,0,1880,940047,73
3,50,0,1881,940551,71
3,50,0,1882,941047,62
3,50,0,1883,941551,71
3,50,0,1884,942047,73
3,50,0,1885,942551,69
3,50,0,1886,943047,71
3,50,0,1887,943551,73
3,50,0,1888,944047,73
3,50,0,1889,944551,73
3,50,0,1890,945047,73
3,50,0,1891,945551,73
3,50,0,1892,946047,71
3,50,0,1893,946551,71
3,50,0,1894,947047,72
3,50,0,1895,947551,68
3,50,0,1896,948047,70
3,50,0,1897,948551,69
3,50,0,1898,949047,71
3,50,0,1899,949551,71
3,50,0,1900,950047,71
3,50,0,1901,950551,69
3,50,0,1902,951047,73
3,50,0,1903,951551,75
3,50,0,1904,952047,71
3,50,0,1905,952551,71
3,50,0,1906,953047,71
3,50,0,1907,953551,72
3,50,0,1908,954047,71
3,50,0,1909,954551,69
3,50,0,1910,955047,72
3,50,0,1911,955551,71
3,50,0,1912,956047,70
3,50,0,1913,956551,72
3,50,0,1914,957047,73
3,50,0,1915,957551,74
3,50,0,1916,958047,77
3,50,0,1917,958551,71
3,50,0,1918,959047,72
3,50,0,1919,959551,74
3,50,0,1920,960047,72
3,50,0,1921,960551,73
3,50,0,1922,961047,74
3,50,0,1923,961551,75
3,50,0,1924,962047,73
3,50,0,1925,962551,74
3,50,0,1926,963047,71
3,50,0,1927,963551,72
3,50,0,1928,964047,71
3,50,0,1929,964551,73
3,50,0,1930,965047,72
3,50,0,1931,965551,73
3,50,0,1932,966047,75
3,50,0,1933,966551,73
3,50,0,1934,967047,69
3,50,0,1935,967551,74
3,50,0,1936,968047,71
3,50,0,1937,968551,70
3,50,0,1938,969047,74
3,50,0,1939,969551,72
3,50,0,1940,970047,72
3,50,0,1941,970551,72
3,50,0,1942,971047,71
3,50,0,1943,971551,71
3,50,0,1944,972047,74
3,50,0,1945,972551,73
3,50,0,1946,973047,71
3,50,0,1947,973551,73
3,50,0,1948,974047,73
3,50,0,1949,974551,70
3,50,0,1950,975047,71
3,50,0,1951,975551,70
3,50,0,1952,976047,72
3,50,0,1953,976551,77
3,50,0,1954,977047,71
3,50,0,1955,977551,73
3,50,0,1956,978047,75
3,50,0,1957,978551,70
3,50,0,1958,979047,73
3,50,0,1959,979551,81
3,50,0,1960,980047,69
3,50,0,1961,980551,71
3,50,0,1962,981047,69
3,50,0,1963,981551,73
3,50,0,1964,982047,73
3,50,0,1965,982551,73
3,50,0,1966,983047,71
3,50,0,1967,983551,73
3,50,0,1968,984047,73
3,50,0,1969,984551,70
3,50,0,1970,985047,79
3,50,0,1971,985551,72
3,50,0,1972,986047,69
3,50,0,1973,986551,69
3,50,0,1974,987047,73
3,50,0,1975,987551,75
3,50,0,1976,988047,73
3,50,0,1977,988551,71
3,50,0,1978,989047,71
3,50,0,1979,989551,73
3,50,0,1980,990047,73
3,50,0,1981,990551,72
3,50,0,1982,991047,74
3,50,0,1983,991551,75
3,50,0,1984,992047,71
3,50,0,1985,992551,75
3,50,0,1986,993047,75
3,50,0,1987,993551,70
3,50,0,1988,994047,75
3,50,0,1989,994551,73
3,50,0,1990,995047,74
3,50,0,1991,995551,71
3,50,0,1992,996047,68
3,50,0,1993,996551,63
3,50,0,1994,997047,63
3,50,0,1995,997551,70
3,50,0,1996,998047,74
3,50,0,1997,998551,72
3,50,0,1998,999047,70
3,50,0,1999,999551,71
3,50,1,0,48,76
3,50,1,1,547,69
3,50,1,2,1047,73
3,50,1,3,1547,69
3,50,1,4,2047,71
3,50,1,5,2547,69
3,50,1,6,3047,72
3,50,1,7,3547,69
3,50,1,8,4047,70
3,50,1,9,4547,71
3,50,1,10,5047,62
3,50,1,11,5547,75
3,50,1,12,6047,73
3,50,1,13,6547,70
3,50,1,14,7047,70
3,50,1,15,7547,75
3,50,1,16,8047,73
3,50,1,17,8547,71
3,50,1,18,9047,71
3,50,1,19,9547,75
3,50,1,20,10047,74
3,50,1,21,10547,77
3,50,1,22,11047,73
3,50,1,23,11547,75
3,50,1,24,12047,73
3,50,1,25,12547,71
3,50,1,26,13047,73
3,50,1,27,13547,75
3,50,1,28,14047,73
3,50,1,29,14547,73
3,50,1,30,15047,73
3,50,1,31,15547,75
3,50,1,32,16047,73
3,50,1,33,16547,72
3,50,1,34,17047,75
3,50,1,35,17547,71
3,50,1,36,18047,68
3,50,1,37,18547,75
3,50,1,38,19047,73
3,50,1,39,19547,69
3,50,1,40,20047,71
3,50,1,41,20547,72
3,50,1,42,21047,62
3,50,1,43,21547,71
3,50,1,44,22047,62
3,50,1,45,22547,69
3,50,1,46,23047,71
3,50,1,47,23547,73
3,50,1,48,24047,73
3,50,1,49,24547,71
3,50,1,50,25047,69
3,50,1,51,25547,63
3,50,1,52,26047,71
3,50,1,53,26547,71
3,50,1,54,27047,78
3,50,1,55,27547,71
3,50,1,56,28047,73
3,50,1,57,28547,71
3,50,1,58,29047,71
3,50,1,59,29547,67
3,50,1,60,30047,69
3,50,1,61,30547,70
3,50,1,62,31047,67
3,50,1,63,31547,69
3,50,1,64,32047,72
3,50,1,65,32547,69
3,50,1,66,33047,69
3,50,1,67,33547,73
3,50,1,68,34047,71
3,50,1,69,34547,69
3,50,1,70,35047,63
3,50,1,71,35547,72
3,50,1,72,36047,69
3,50,1,73,36547,72
3,50,1,74,37047,71
3,50,1,75,37547,68
3,50,1,76,38047,71
3,50,1,77,38547,71
3,50,1,78,39047,69
3,50,1,79,39547,63
3,50,1,80,40047,69
3,50,1,81,40547,62
3,50,1,82,41047,68
3,50,1,83,41547,79
3,50,1,84,42047,71
3,50,1,85,42547,69
3,50,1,86,43047,71
3,50,1,87,43547,74
3,50,1,88,44047,73
3,50,1,89,44547,70
3,50,1,90,45047,73
3,50,1,91,45547,73
3,50,1,92,46047,69
3,50,1,93,46547,69
3,50,1,94,47047,68
3,50,1,95,47547,72
3,50,1,96,48047,68
3,50,1,97,48547,71
3,50,1,98,49047,69
3,50,1,99,49547,69
3,50,1,100,50047,72
3,50,1,101,50547,69
3,50,1,102,51047,68
3,50,1,103,51547,73
3,50,1,104,52047,73
3,50,1,105,52547,63
3,50,1,106,53047,73
3,50,1,107,53547,72
3,50,1,108,54047,67
3,50,1,109,54547,72
3,50,1,110,55047,69
3,50,1,111,55547,71
3,50,1,112,56047,69
3,50,1,113,56547,62
3,50,1,114,57047,68
3,50,1,115,57547,73
3,50,1,116,58047,71
3,50,1,117,58547,61
3,50,1,118,59047,72
3,50,1,119,59547,72
3,50,1,120,60047,71
3,50,1,121,60547,61
3,50,1,122,61047,69
3,50,1,123,61547,70
3,50,1,124,62047,69
3,50,1,125,62547,68
3,50,1,126,63047,69
3,50,1,127,63547,71
3,50,1,128,64047,69
3,50,1,129,64547,67
3,50,1,130,65047,71
3,50,1,131,65547,67
3,50,1,132,66047,63
3,50,1,133,66547,63
3,50,1,134,67047,72
3,50,1,135,67547,63
3,50,1,136,68047,71
3,50,1,137,68547,69
3,50,1,138,69047,67
3,50,1,139,69547,67
3,50,1,140,70047,69
3,50,1,141,70547,69
3,50,1,142,71047,71
3,50,1,143,71547,69
3,50,1,144,72047,71
3,50,1,145,72547,59
3,50,1,146,73047,63
3,50,1,147,73547,71
3,50,1,148,74047,70
3,50,1,149,74547,63
3,50,1,150,75047,71
3,50,1,151,75547,61
3,50,1,152,76047,69
3,50,1,153,76547,70
3,50,1,154,77047,69
3,50,1,155,77547,63
3,50,1,156,78047,63
3,50,1,157,78547,63
3,50,1,158,79047,62
3,50,1,159,79547,68
3,50,1,160,80047,71
3,50,1,161,80547,73
3,50,1,162,81047,71
3,50,1,163,81547,68
3,50,1,164,82047,67
3,50,1,165,82547,72
3,50,1,166,83047,68
3,50,1,167,83547,75
3,50,1,168,84047,69
3,50,1,169,84547,71
3,50,1,170,85047,71
3,50,1,171,85547,63
3,50,1,172,86047,70
3,50,1,173,86547,74
3,50,1,174,87047,69
3,50,1,175,87547,71
3,50,1,176,88047,69
3,50,1,177,88547,69
3,50,1,178,89047,67
3,50,1,179,89547,71
3,50,1,180,90047,73
3,50,1,181,90547,72
3,50,1,182,91047,71
3,50,1,183,91547,72
3,50,1,184,92047,71
3,50,1,185,92547,71
3,50,1,186,93047,69
3,50,1,187,93547,71
3,50,1,188,94047,69
3,50,1,189,94547,74
3,50,1,190,95047,69
3,50,1,191,95547,71
3,50,1,192,96047,71
3,50,1,193,96547,70
3,50,1,194,97047,67
3,50,1,195,97547,69
3,50,1,196,98047,68
3,50,1,197,98547,75
3,50,1,198,99047,69
3,50,1,199,99547,64
3,50,1,200,100047,75
3,50,1,201,100547,71
3,50,1,202,101047,63
3,50,1,203,101547,69
3,50,1,204,102047,71
3,50,1,205,102547,73
3,50,1,206,103047,70
3,50,1,207,103547,72
3,50,1,208,104047,71
3,50,1,209,104547,73
3,50,1,210,105047,74
3,50,1,211,105547,69
3,50,1,212,106047,61
3,50,1,213,106547,71
3,50,1,214,107047,72
3,50,1,215,107547,63
3,50,1,216,108047,73
3,50,1,217,108547,85
3,50,1,218,109047,70
3,50,1,219,109547,69
3,50,1,220,110047,71
3,50,1,221,110547,69
3,50,1,222,111047,63
3,50,1,223,111547,71
3,50,1,224,112047,71
3,50,1,225,112547,77
3,50,1,226,113047,72
3,50,1,227,113547,73
3,50,1,228,114047,73
3,50,1,229,114547,72
3,50,1,230,115047,71
3,50,1,231,115547,73
3,50,1,232,116047,74
3,50,1,233,116547,70
3,50,1,234,117047,77
3,50,1,235,117547,73
3,50,1,236,118047,73
3,50,1,237,118547,71
3,50,1,238,119047,71
3,50,1,239,119547,75
3,50,1,240,120047,71
3,50,1,241,120547,75
3,50,1,242,121047,78
3,50,1,243,121547,61
3,50,1,244,122047,71
3,50,1,245,122547,71
3,50,1,246,123047,77
3,50,1,247,123547,73
3,50,1,248,124047,71
3,50,1,249,124547,71
3,50,1,250,125047,73
3,50,1,251,125547,74
3,50,1,252,126047,73
3,50,1,253,126547,73
3,50,1,254,127047,73
3,50,1,255,127547,71
3,50,1,256,128047,75
3,50,1,257,128547,75
3,50,1,258,129047,71
3,50,1,259,129547,72
3,50,1,260,130047,75
3,50,1,261,130547,70
3,50,1,262,131047,68
3,50,1,263,131547,72
3,50,1,264,132047,75
3,50,1,265,132547,73
3,50,1,266,133047,81
3,50,1,267,133547,73
3,50,1,268,134047,72
3,50,1,269,134547,70
3,50,1,270,135047,71
3,50,1,271,135547,73
3,50,1,272,136047,69
3,50,1,273,136547,72
3,50,1,274,137047,71
3,50,1,275,137547,73
3,50,1,276,138047,73
3,50,1,277,138547,69
3,50,1,278,139047,72
3,50,1,279,139547,71
3,50,1,280,140047,71
3,50,1,281,140547,71
3,50,1,282,141047,63
3,50,1,283,141547,73
3,50,1,284,142047,68
3,50,1,285,142547,72
3,50,1,286,143047,69
3,50,1,287,143547,73
3,50,1,288,144047,69
3,50,1,289,144547,71
3,50,1,290,145047,71
3,50,1,291,145547,71
3,50,1,292,146047,62
3,50,1,293,146547,59
3,50,1,294,147047,71
3,50,1,295,147547,72
3,50,1,296,148047,67
3,50,1,297,148547,69
3,50,1,298,149047,71
3,50,1,299,149547,69
3,50,1,300,150047,69
3,50,1,301,150547,72
3,50,1,302,151047,70
3,50,1,303,151547,69
3,50,1,304,152047,63
3,50,1,305,152547,73
3,50,1,306,153047,68
3,50,1,307,153547,68
3,50,1,308,154047,69
3,50,1,309,154547,71
3,50,1,310,155047,75
3,50,1,311,155547,70
3,50,1,312,156047,71
3,50,1,313,156547,73
3,50,1,314,157047,73
3,50,1,315,157547,73
3,50,1,316,158047,71
3,50,1,317,158547,74
3,50,1,318,159047,72
3,50,1,319,159547,73
3,50,1,320,160047,79
3,50,1,321,160547,71
3,50,1,322,161047,73
3,50,1,323,161547,69
3,50,1,324,162047,72
3,50,1,325,162547,72
3,50,1,326,163047,69
3,50,1,327,163547,71
3,50,1,328,164047,70
3,50,1,329,164547,64
3,50,1,330,165047,69
3,50,1,331,165547,71
3,50,1,332,166047,73
3,50,1,333,166547,71
3,50,1,334,167047,75
3,50,1,335,167547,73
3,50,1,336,168047,63
3,50,1,337,168547,70
3,50,1,338,169047,73
3,50,1,339,169547,71
3,50,1,340,170047,68
3,50,1,341,170547,69
3,50,1,342,171047,73
3,50,1,343,171547,75
3,50,1,344,172047,73
3,50,1,345,172547,72
3,50,1,346,173047,71
3,50,1,347,173547,72
3,50,1,348,174047,73
3,50,1,349,174547,70
3,50,1,350,175047,71
3,50,1,351,175547,74
3,50,1,352,176047,73
3,50,1,353,176547,71
3,50,1,354,177047,75
3,50,1,355,177547,72
3,50,1,356,178047,71
3,50,1,357,178547,71
3,50,1,358,179047,75
3,50,1,359,179547,69
3,50,1,360,180047,71
3,50,1,361,180547,76
3,50,1,362,181047,75
3,50,1,363,181547,73
3,50,1,364,182047,71
3,50,1,365,182547,73
3,50,1,366,183047,63
3,50,1,367,183547,71
3,50,1,368,184047,71
3,50,1,369,184547,73
3,50,1,370,185047,72
3,50,1,371,185547,75
3,50,1,372,186047,73
3,50,1,373,186547,68
3,50,1,374,187047,69
3,50,1,375,187547,77
3,50,1,376,188047,71
3,50,1,377,188547,71
3,50,1,378,189047,71
3,50,1,379,189547,72
3,50,1,380,190047,73
3,50,1,381,190547,71
3,50,1,382,191047,69
3,50,1,383,191547,73
3,50,1,384,192047,75
3,50,1,385,192547,73
3,50,1,386,193047,72
3,50,1,387,193547,73
3,50,1,388,194047,74
3,50,1,389,194547,71
3,50,1,390,195047,71
3,50,1,391,195547,71
3,50,1,392,196047,71
3,50,1,393,196547,70
3,50,1,394,197047,72
3,50,1,395,197547,73
3,50,1,396,198047,75
3,50,1,397,198547,71
3,50,1,398,199047,77
3,50,1,399,199547,75
3,50,1,400,200047,73
3,50,1,401,200547,63
3,50,1,402,201047,71
3,50,1,403,201547,73
3,50,1,404,202047,63
3,50,1,405,202547,73
3,50,1,406,203047,72
3,50,1,407,203547,69
3,50,1,408,204047,69
3,50,1,409,204547,72
3,50,1,410,205047,73
3,50,1,411,205547,69
3,50,1,412,206047,71
3,50,1,413,206547,70
3,50,1,414,207047,71
3,50,1,415,207547,69
3,50,1,416,208047,70
3,50,1,417,208547,71
3,50,1,418,209047,69
3,50,1,419,209547,64
3,50,1,420,210047,72
3,50,1,421,210547,71
3,50,1,422,211047,71
3,50,1,423,211547,71
3,50,1,424,212047,69
3,50,1,425,212547,70
3,50,1,426,213047,70
3,50,1,427,213547,73
3,50,1,428,214047,71
3,50,1,429,214547,67
3,50,1,430,215047,69
3,50,1,431,215547,69
3,50,1,432,216047,71
3,50,1,433,216547,63
3,50,1,434,217047,70
3,50,1,435,217547,60
3,50,1,436,218047,59
3,50,1,437,218547,77
3,50,1,438,219047,67
3,50,1,439,219547,68
3,50,1,440,220047,69
3,50,1,441,220547,67
3,50,1,442,221047,71
3,50,1,443,221547,76
3,50,1,444,222047,67
3,50,1,445,222547,64
3,50,1,446,223047,74
3,50,1,447,223547,67
3,50,1,448,224047,63
3,50,1,449,224547,74
3,50,1,450,225047,63
3,50,1,451,225547,63
3,50,1,452,226047,62
3,50,1,453,226547,69
3,50,1,454,227047,69
3,50,1,455,227547,63
3,50,1,456,228047,75
3,50,1,457,228547,73
3,50,1,458,229047,71
3,50,1,459,229547,70
3,50,1,460,230047,75
3,50,1,461,230547,71
3,50,1,462,231047,73
3,50,1,463,231547,71
3,50,1,464,232047,71
3,50,1,465,232547,71
3,50,1,466,233047,72
3,50,1,467,233547,64
3,50,1,468,234047,69
3,50,1,469,234547,69
3,50,1,470,235047,73
3,50,1,471,235547,71
3,50,1,472,236047,71
3,50,1,473,236547,71
3,50,1,474,237047,74
3,50,1,475,237547,75
3,50,1,476,238047,69
3,50,1,477,238547,70
3,50,1,478,239047,73
3,50,1,479,239547,71
3,50,1,480,240047,70
3,50,1,481,240547,71
3,50,1,482,241047,71
3,50,1,483,241547,72
3,50,1,484,242047,69
3,50,1,485,242547,71
3,50,1,486,243047,73
3,50,1,487,243547,67
3,50,1,488,244047,74
3,50,1,489,244547,71
3,50,1,490,245047,74
3,50,1,491,245547,71
3,50,1,492,246047,72
3,50,1,493,246547,75
3,50,1,494,247047,71
3,50,1,495,247547,75
3,50,1,496,248047,72
3,50,1,497,248547,74
3,50,1,498,249047,73
3,50,1,499,249547,70
3,50,1,500,250047,77
3,50,1,501,250547,73
3,50,1,502,251047,71
3,50,1,503,251547,74
3,50,1,504,252047,71
3,50,1,505,252547,71
3,50,1,506,253047,69
3,50,1,507,253547,73
3,50,1,508,254047,75
3,50,1,509,254547,67
3,50,1,510,255047,69
3,50,1,511,255547,71
3,50,1,512,256047,71
3,50,1,513,256547,71
3,50,1,514,257047,71
3,50,1,515,257547,71
3,50,1,516,258047,72
3,50,1,517,258547,72
3,50,1,518,259047,71
3,50,1,519,259547,67
3,50,1,520,260047,70
3,50,1,521,260547,72
3,50,1,522,261047,71
3,50,1,523,261547,69
3,50,1,524,262047,69
3,50,1,525,262547,71
3,50,1,526,263047,73
3,50,1,527,263547,72
3,50,1,528,264047,71
3,50,1,529,264547,71
3,50,1,530,265047,71
3,50,1,531,265547,71
3,50,1,532,266047,73
3,50,1,533,266547,69
3,50,1,534,267047,75
3,50,1,535,267547,75
3,50,1,536,268047,69
3,50,1,537,268547,69
3,50,1,538,269047,70
3,50,1,539,269547,69
3,50,1,540,270047,71
3,50,1,541,270547,73
3,50,1,542,271047,72
3,50,1,543,271547,69
3,50,1,544,272047,71
3,50,1,545,272547,71
3,50,1,546,273047,71
3,50,1,547,273547,73
3,50,1,548,274047,71
3,50,1,549,274547,71
3,50,1,550,275047,67
3,50,1,551,275547,69
3,50,1,552,276047,63
3,50,1,553,276547,71
3,50,1,554,277047,69
3,50,1,555,277547,69
3,50,1,556,278047,70
3,50,1,557,278547,71
3,50,1,558,279047,69
3,50,1,559,279547,71
3,50,1,560,280047,68
3,50,1,561,280547,69
3,50,1,562,281047,69
3,50,1,563,281547,63
3,50,1,564,282047,68
3,50,1,565,282547,68
3,50,1,566,283047,72
3,50,1,567,283547,69
3,50,1,568,284047,69
3,50,1,569,284547,69
3,50,1,570,285047,70
3,50,1,571,285547,73
3,50,1,572,286047,75
3,50,1,573,286547,70
3,50,1,574,287047,68
3,50,1,575,287547,67
3,50,1,576,288047,70
3,50,1,577,288547,63
3,50,1,578,289047,71
3,50,1,579,289547,72
3,50,1,580,290047,69
3,50,1,581,290547,69
3,50,1,582,291047,72
3,50,1,583,291547,73
3,50,1,584,292047,69
3,50,1,585,292547,69
3,50,1,586,293047,71
3,50,1,587,293547,71
3,50,1,588,294047,71
3,50,1,589,294547,70
3,50,1,590,295047,71
3,50,1,591,295547,71
3,50,1,592,296047,67
3,50,1,593,296547,68
3,50,1,594,297047,63
3,50,1,595,297547,69
3,50,1,596,298047,67
3,50,1,597,298547,73
3,50,1,598,299047,62
3,50,1,599,299547,68
3,50,1,600,300047,75
3,50,1,601,300547,70
3,50,1,602,301047,69
3,50,1,603,301547,74
3,50,1,604,302047,73
3,50,1,605,302547,69
3,50,1,606,303047,69
3,50,1,607,303547,71
3,50,1,608,304047,71
3,50,1,609,304547,73
3,50,1,610,305047,70
3,50,1,611,305547,71
3,50,1,612,306047,71
3,50,1,613,306547,75
3,50,1,614,307047,69
3,50,1,615,307547,75
3,50,1,616,308047,69
3,50,1,617,308547,69
3,50,1,618,309047,71
3,50,1,619,309547,71
3,50,1,620,310047,71
3,50,1,621,310547,68
3,50,1,622,311047,67
3,50,1,623,311547,69
3,50,1,624,312047,63
3,50,1,625,312547,71
3,50,1,626,313047,73
3,50,1,627,313547,71
3,50,1,628,314047,69
3,50,1,629,314547,73
3,50,1,630,315047,67
3,50,1,631,315547,63
3,50,1,632,316047,64
3,50,1,633,316547,67
3,50,1,634,317047,69
3,50,1,635,317547,70
3,50,1,636,318047,63
3,50,1,637,318547,62
3,50,1,638,319047,75
3,50,1,639,319547,69
3,50,1,640,320047,61
3,50,1,641,320547,63
3,50,1,642,321047,71
3,50,1,643,321547,70
3,50,1,644,322047,69
3,50,1,645,322547,62
3,50,1,646,323047,61
3,50,1,647,323547,69
3,50,1,648,324047,71
3,50,1,649,324547,71
3,50,1,650,325047,71
3,50,1,651,325547,69
3,50,1,652,326047,71
3,50,1,653,326547,73
3,50,1,654,327047,71
3,50,1,655,327547,71
3,50,1,656,328047,71
3,50,1,657,328547,71
3,50,1,658,329047,71
3,50,1,659,329547,69
3,50,1,660,330047,72
3,50,1,661,330547,71
3,50,1,662,331047,59
3,50,1,663,331547,69
3,50,1,664,332047,71
3,50,1,665,332547,69
3,50,1,666,333047,73
3,50,1,667,333547,71
3,50,1,668,334047,71
3,50,1,669,334547,72
3,50,1,670,335047,73
3,50,1,671,335547,71
3,50,1,672,336047,71
3,50,1,673,336547,69
3,50,1,674,337047,71
3,50,1,675,337547,72
3,50,1,676,338047,72
3,50,1,677,338547,73
3,50,1,678,339047,71
3,50,1,679,339547,70
3,50,1,680,340047,75
3,50,1,681,340547,68
3,50,1,682,341047,70
3,50,1,683,341547,72
3,50,1,684,342047,73
3,50,1,685,342547,73
3,50,1,686,343047,73
3,50,1,687,343547,69
3,50,1,688,344047,72
3,50,1,689,344547,71
3,50,1,690,345047,73
3,50,1,691,345547,73
3,50,1,692,346047,70
3,50,1,693,346547,71
3,50,1,694,347047,75
3,50,1,695,347547,72
3,50,1,696,348047,69
3,50,1,697,348547,75
3,50,1,698,349047,63
3,50,1,699,349547,71
3,50,1,700,350047,71
3,50,1,701,350547,74
3,50,1,702,351047,69
3,50,1,703,351547,79
3,50,1,704,352047,71
3,50,1,705,352547,69
3,50,1,706,353047,68
3,50,1,707,353547,69
3,50,1,708,354047,75
3,50,1,709,354547,69
3,50,1,710,355047,71
3,50,1,711,355547,69
3,50,1,712,356047,61
3,50,1,713,356547,72
3,50,1,714,357047,71
3,50,1,715,357547,69
3,50,1,716,358047,73
3,50,1,717,358547,72
3,50,1,718,359047,70
3,50,1,719,359547,69
3,50,1,720,360047,75
3,50,1,721,360547,75
3,50,1,722,361047,73
3,50,1,723,361547,77
3,50,1,724,362047,71
3,50,1,725,362547,71
3,50,1,726,363047,69
3,50,1,727,363547,71
3,50,1,728,364047,72
3,50,1,729,364547,75
3,50,1,730,365047,76
3,50,1,731,365547,73
3,50,1,732,366047,71
3,50,1,733,366547,76
3,50,1,734,367047,76
3,50,1,735,367547,71
3,50,1,736,368047,73
3,50,1,737,368547,73
3,50,1,738,369047,70
3,50,1,739,369547,69
3,50,1,740,370047,73
3,50,1,741,370547,73
3,50,1,742,371047,69
3,50,1,743,371547,71
3,50,1,744,372047,71
3,50,1,745,372547,73
3,50,1,746,373047,71
3,50,1,747,373547,72
3,50,1,748,374047,69
3,50,1,749,374547,68
3,50,1,750,375047,69
3,50,1,751,375547,73
3,50,1,752,376047,63
3,50,1,753,376547,73
3,50,1,754,377047,70
3,50,1,755,377547,71
3,50,1,756,378047,71
3,50,1,757,378547,69
3,50,1,758,379047,70
3,50,1,759,379547,71
3,50,1,760,380047,71
3,50,1,761,380547,68
3,50,1,762,381047,63
3,50,1,763,381547,68
3,50,1,764,382047,70
3,50,1,765,382547,69
3,50,1,766,383047,71
3,50,1,767,383547,63
3,50,1,768,384047,70
3,50,1,769,384547,73
3,50,1,770,385047,68
3,50,1,771,385547,73
3,50,1,772,386047,71
3,50,1,773,386547,72
3,50,1,774,387047,73
3,50,1,775,387547,67
3,50,1,776,388047,71
3,50,1,777,388547,70
3,50,1,778,389047,69
3,50,1,779,389547,69
3,50,1,780,390047,69
3,50,1,781,390547,69
3,50,1,782,391047,73
3,50,1,783,391547,75
3,50,1,784,392047,69
3,50,1,785,392547,69
3,50,1,786,393047,75
3,50,1,787,393547,69
3,50,1,788,394047,67
3,50,1,789,394547,69
3,50,1,790,395047,61
3,50,1,791,395547,69
3,50,1,792,396047,69
3,50,1,793,396547,73
3,50,1,794,397047,73
3,50,1,795,397547,71
3,50,1,796,398047,75
3,50,1,797,398547,69
3,50,1,798,399047,69
3,50,1,799,399547,71
3,50,1,800,400047,67
3,50,1,801,400547,72
3,50,1,802,401047,70
3,50,1,803,401547,67
3,50,1,804,402047,73
3,50,1,805,402547,71
3,50,1,806,403047,71
3,50,1,807,403547,70
3,50,1,808,404047,69
3,50,1,809,404547,69
3,50,1,810,405047,71
3,50,1,811,405547,73
3,50,1,812,406047,69
3,50,1,813,406547,71
3,50,1,814,407047,73
3,50,1,815,407547,75
3,50,1,816,408047,69
3,50,1,817,408547,73
3,50,1,818,409047,73
3,50,1,819,409547,67
3,50,1,820,410047,73
3,50,1,821,410547,67
3,50,1,822,411047,75
3,50,1,823,411547,72
3,50,1,824,412047,74
3,50,1,825,412547,75
3,50,1,826,413047,70
3,50,1,827,413547,79
3,50,1,828,414047,74
3,50,1,829,414547,71
3,50,1,830,415047,67
3,50,1,831,415547,71
3,50,1,832,416047,73
3,50,1,833,416547,72
3,50,1,834,417047,71
3,50,1,835,417547,73
3,50,1,836,418047,73
3,50,1,837,418547,73
3,50,1,838,419047,72
3,50,1,839,419547,73
3,50,1,840,420047,71
3,50,1,841,420547,73
3,50,1,842,421047,69
3,50,1,843,421547,71
3,50,1,844,422047,63
3,50,1,845,422547,70
3,50,1,846,423047,71
3,50,1,847,423547,70
3,50,1,848,424047,69
3,50,1,849,424547,69
3,50,1,850,425047,70
3,50,1,851,425547,71
3,50,1,852,426047,71
3,50,1,853,426547,71
3,50,1,854,427047,74
3,50,1,855,427547,70
3,50,1,856,428047,70
3,50,1,857,428547,63
3,50,1,858,429047,71
3,50,1,859,429547,71
3,50,1,860,430047,73
3,50,1,861,430547,74
3,50,1,862,431047,71
3,50,1,863,431547,70
3,50,1,864,432047,71
3,50,1,865,432547,72
3,50,1,866,433047,72
3,50,1,867,433547,69
3,50,1,868,434047,71
3,50,1,869,434547,75
3,50,1,870,435047,73
3,50,1,871,435547,73
3,50,1,872,436047,71
3,50,1,873,436547,73
3,50,1,874,437047,75
3,50,1,875,437547,77
3,50,1,876,438047,67
3,50,1,877,438547,70
3,50,1,878,439047,77
3,50,1,879,439547,72
3,50,1,880,440047,71
3,50,1,881,440547,69
3,50,1,882,441047,69
3,50,1,883,441547,69
3,50,1,884,442047,68
3,50,1,885,442547,75
3,50,1,886,443047,72
3,50,1,887,443547,72
3,50,1,888,444047,71
3,50,1,889,444547,72
3,50,1,890,445047,71
3,50,1,891,445547,68
3,50,1,892,446047,68
3,50,1,893,446547,72
3,50,1,894,447047,71
3,50,1,895,447547,72
3,50,1,896,448047,70
3,50,1,897,448547,71
3,50,1,898,449047,59
3,50,1,899,449547,75
3,50,1,900,450047,70
3,50,1,901,450547,70
3,50,1,902,451047,69
3,50,1,903,451547,71
3,50,1,904,452047,72
3,50,1,905,452547,73
3,50,1,906,453047,72
3,50,1,907,453547,77
3,50,1,908,454047,71
3,50,1,909,454547,72
3,50,1,910,455047,69
3,50,1,911,455547,71
3,50,1,912,456047,73
3,50,1,913,456547,71
3,50,1,914,457047,71
3,50,1,915,457547,71
3,50,1,916,458047,71
3,50,1,917,458547,73
3,50,1,918,459047,72
3,50,1,919,459547,73
3,50,1,920,460047,68
3,50,1,921,460547,63
3,50,1,922,461047,70
3,50,1,923,461547,73
3,50,1,924,462047,71
3,50,1,925,462547,67
3,50,1,926,463047,71
3,50,1,927,463547,71
3,50,1,928,464047,71
3,50,1,929,464547,71
3,50,1,930,465047,63
3,50,1,931,465547,64
3,50,1,932,466047,69
3,50,1,933,466547,70
3,50,1,934,467047,71
3,50,1,935,467547,70
3,50,1,936,468047,63
3,50,1,937,468547,71
3,50,1,938,469047,64
3,50,1,939,469547,62
3,50,1,940,470047,71
3,50,1,941,470547,61
3,50,1,942,471047,60
3,50,1,943,471547,71
3,50,1,944,472047,71
3,50,1,945,472547,69
3,50,1,946,473047,63
3,50,1,947,473547,71
3,50,1,948,474047,73
3,50,1,949,474547,70
3,50,1,950,475047,63
3,50,1,951,475547,72
3,50,1,952,476047,70
3,50,1,953,476547,67
3,50,1,954,477047,59
3,50,1,955,477547,69
3,50,1,956,478047,71
3,50,1,957,478547,63
3,50,1,958,479047,61
3,50,1,959,479547,71
3,50,1,960,480047,63
3,50,1,961,480547,69
3,50,1,962,481047,71
3,50,1,963,481547,62
3,50,1,964,482047,59
3,50,1,965,482547,63
3,50,1,966,483047,69
3,50,1,967,483547,63
3,50,1,968,484047,59
3,50,1,969,484547,61
3,50,1,970,485047,70
3,50,1,971,485547,60
3,50,1,972,486047,62
3,50,1,973,486547,61
3,50,1,974,487047,69
3,50,1,975,487547,68
3,50,1,976,488047,62
3,50,1,977,488547,71
3,50,1,978,489047,69
3,50,1,979,489547,64
3,50,1,980,490047,71
3,50,1,981,490547,70
3,50,1,982,491047,67
3,50,1,983,491547,69
3,50,1,984,492047,71
3,50,1,985,492547,68
3,50,1,986,493047,69
3,50,1,987,493547,71
3,50,1,988,494047,72
3,50,1,989,494547,69
3,50,1,990,495047,71
3,50,1,991,495547,72
3,50,1,992,496047,71
3,50,1,993,496547,71
3,50,1,994,497047,71
3,50,1,995,497547,71
3,50,1,996,498047,68
3,50,1,997,498547,72
3,50,1,998,499047,73
3,50,1,999,499547,70
3,50,1,1000,500047,64
3,50,1,1001,500547,74
3,50,1,1002,501047,71
3,50,1,1003,501547,69
3,50,1,1004,502047,73
3,50,1,1005,502547,72
3,50,1,1006,503047,69
3,50,1,1007,503547,71
3,50,1,1008,504047,71
3,50,1,1009,504547,69
3,50,1,1010,505047,71
3,50,1,1011,505547,73
3,50,1,1012,506047,71
3,50,1,1013,506547,71
3,50,1,1014,507047,68
3,50,1,1015,507547,69
3,50,1,1016,508047,63
3,50,1,1017,508547,73
3,50,1,1018,509047,73
3,50,1,1019,509547,72
3,50,1,1020,510047,69
3,50,1,1021,510547,71
3,50,1,1022,511047,73
3,50,1,1023,511547,71
3,50,1,1024,512047,69
3,50,1,1025,512547,70
3,50,1,1026,513047,74
3,50,1,1027,513547,72
3,50,1,1028,514047,71
3,50,1,1029,514547,72
3,50,1,1030,515047,75
3,50,1,1031,515547,69
3,50,1,1032,516047,72
3,50,1,1033,516547,73
3,50,1,1034,517047,69
3,50,1,1035,517547,73
3,50,1,1036,518047,67
3,50,1,1037,518547,71
3,50,1,1038,519047,68
3,50,1,1039,519547,72
3,50,1,1040,520047,71
3,50,1,1041,520547,71
3,50,1,1042,521047,70
3,50,1,1043,521547,73
3,50,1,1044,522047,75
3,50,1,1045,522547,71
3,50,1,1046,523047,73
3,50,1,1047,523547,76
3,50,1,1048,524047,72
3,50,1,1049,524547,71
3,50,1,1050,525047,67
3,50,1,1051,525547,71
3,50,1,1052,526047,67
3,50,1,1053,526547,63
3,50,1,1054,527047,62
3,50,1,1055,527547,72
3,50,1,1056,528047,71
3,50,1,1057,528547,71
3,50,1,1058,529047,72
3,50,1,1059,529547,71
3,50,1,1060,530047,71
3,50,1,1061,530547,73
3,50,1,1062,531047,73
3,50,1,1063,531547,71
3,50,1,1064,532047,73
3,50,1,1065,532547,74
3,50,1,1066,533047,73
3,50,1,1067,533547,73
3,50,1,1068,534047,72
3,50,1,1069,534547,71
3,50,1,1070,535047,73
3,50,1,1071,535547,73
3,50,1,1072,536047,71
3,50,1,1073,536547,71
3,50,1,1074,537047,70
3,50,1,1075,537547,73
3,50,1,1076,538047,69
3,50,1,1077,538547,68
3,50,1,1078,539047,71
3,50,1,1079,539547,71
3,50,1,1080,540047,75
3,50,1,1081,540547,75
3,50,1,1082,541047,67
3,50,1,1083,541547,69
3,50,1,1084,542047,63
3,50,1,1085,542547,73
3,50,1,1086,543047,73
3,50,1,1087,543547,77
3,50,1,1088,544047,71
3,50,1,1089,544547,76
3,50,1,1090,545047,75
3,50,1,1091,545547,77
3,50,1,1092,546047,74
3,50,1,1093,546547,75
3,50,1,1094,547047,83
3,50,1,1095,547547,74
3,50,1,1096,548047,75
3,50,1,1097,548547,79
3,50,1,1098,549047,74
3,50,1,1099,549547,74
3,50,1,1100,550047,73
3,50,1,1101,550547,74
3,50,1,1102,551047,72
3,50,1,1103,551547,73
3,50,1,1104,552047,75
3,50,1,1105,552547,76
3,50,1,1106,553047,74
3,50,1,1107,553547,75
3,50,1,1108,554047,76
3,50,1,1109,554547,73
3,50,1,1110,555047,77
3,50,1,1111,555547,74
3,50,1,1112,556047,72
3,50,1,1113,556547,77
3,50,1,1114,557047,71
3,50,1,1115,557547,74
3,50,1,1116,558047,71
3,50,1,1117,558547,75
3,50,1,1118,559047,69
3,50,1,1119,559547,79
3,50,1,1120,560047,69
3,50,1,1121,560547,63
3,50,1,1122,561047,77
3,50,1,1123,561547,71
3,50,1,1124,562047,75
3,50,1,1125,562547,73
3,50,1,1126,563047,77
3,50,1,1127,563547,77
3,50,1,1128,564047,71
3,50,1,1129,564547,72
3,50,1,1130,565047,73
3,50,1,1131,565547,73
3,50,1,1132,566047,70
3,50,1,1133,566547,75
3,50,1,1134,567047,75
3,50,1,1135,567547,71
3,50,1,1136,568047,75
3,50,1,1137,568547,73
3,50,1,1138,569047,69
3,50,1,1139,569547,73
3,50,1,1140,570047,71
3,50,1,1141,570547,77
3,50,1,1142,571047,73
3,50,1,1143,571547,73
3,50,1,1144,572047,71
3,50,1,1145,572547,72
3,50,1,1146,573047,72
3,50,1,1147,573547,71
3,50,1,1148,574047,71
3,50,1,1149,574547,73
3,50,1,1150,575047,70
3,50,1,1151,575547,70
3,50,1,1152,576047,71
3,50,1,1153,576547,70
3,50,1,1154,577047,69
3,50,1,1155,577547,73
3,50,1,1156,578047,69
3,50,1,1157,578547,68
3,50,1,1158,579047,70
3,50,1,1159,579547,69
3,50,1,1160,580047,69
3,50,1,1161,580547,69
3,50,1,1162,581047,71
3,50,1,1163,581547,69
3,50,1,1164,582047,71
3,50,1,1165,582547,71
3,50,1,1166,583047,71
3,50,1,1167,583547,69
3,50,1,1168,584047,71
3,50,1,1169,584547,69
3,50,1,1170,585047,69
3,50,1,1171,585547,70
3,50,1,1172,586047,63
3,50,1,1173,586547,71
3,50,1,1174,587047,71
3,50,1,1175,587547,69
3,50,1,1176,588047,71
3,50,1,1177,588547,68
3,50,1,1178,589047,67
3,50,1,1179,589547,71
3,50,1,1180,590047,69
3,50,1,1181,590547,69
3,50,1,1182,591047,72
3,50,1,1183,591547,68
3,50,1,1184,592047,71
3,50,1,1185,592547,64
3,50,1,1186,593047,72
3,50,1,1187,593547,63
3,50,1,1188,594047,71
3,50,1,1189,594547,67
3,50,1,1190,595047,69
3,50,1,1191,595547,75
3,50,1,1192,596047,70
3,50,1,1193,596547,73
3,50,1,1194,597047,71
3,50,1,1195,597547,71
3,50,1,1196,598047,73
3,50,1,1197,598547,69
3,50,1,1198,599047,70
3,50,1,1199,599547,70
3,50,1,1200,600047,71
3,50,1,1201,600547,71
3,50,1,1202,601047,72
3,50,1,1203,601547,61
3,50,1,1204,602047,73
3,50,1,1205,602547,70
3,50,1,1206,603047,71
3,50,1,1207,603547,70
3,50,1,1208,604047,71
3,50,1,1209,604547,70
3,50,1,1210,605047,70
3,50,1,1211,605547,70
3,50,1,1212,606047,72
3,50,1,1213,606547,68
3,50,1,1214,607047,69
3,50,1,1215,607547,69
3,50,1,1216,608047,69
3,50,1,1217,608547,62
3,50,1,1218,609047,69
3,50,1,1219,609547,71
3,50,1,1220,610047,73
3,50,1,1221,610547,72
3,50,1,1222,611047,73
3,50,1,1223,611547,74
3,50,1,1224,612047,70
3,50,1,1225,612547,59
3,50,1,1226,613047,71
3,50,1,1227,613547,71
3,50,1,1228,614047,64
3,50,1,1229,614547,71
3,50,1,1230,615047,69
3,50,1,1231,615547,73
3,50,1,1232,616047,71
3,50,1,1233,616547,69
3,50,1,1234,617047,71
3,50,1,1235,617547,71
3,50,1,1236,618047,68
3,50,1,1237,618547,69
3,50,1,1238,619047,71
3,50,1,1239,619547,67
3,50,1,1240,620047,73
3,50,1,1241,620547,71
3,50,1,1242,621047,61
3,50,1,1243,621547,69
3,50,1,1244,622047,63
3,50,1,1245,622547,69
3,50,1,1246,623047,71
3,50,1,1247,623547,69
3,50,1,1248,624047,70
3,50,1,1249,624547,69
3,50,1,1250,625047,63
3,50,1,1251,625547,69
3,50,1,1252,626047,69
3,50,1,1253,626547,71
3,50,1,1254,627047,63
3,50,1,1255,627547,69
3,50,1,1256,628047,71
3,50,1,1257,628547,63
3,50,1,1258,629047,67
3,50,1,1259,629547,71
3,50,1,1260,630047,71
3,50,1,1261,630547,59
3,50,1,1262,631047,68
3,50,1,1263,631547,72
3,50,1,1264,632047,67
3,50,1,1265,632547,63
3,50,1,1266,633047,68
3,50,1,1267,633547,71
3,50,1,1268,634047,69
3,50,1,1269,634547,73
3,50,1,1270,635047,69
3,50,1,1271,635547,68
3,50,1,1272,636047,63
3,50,1,1273,636547,72
3,50,1,1274,637047,64
3,50,1,1275,637547,63
3,50,1,1276,638047,71
3,50,1,1277,638547,71
3,50,1,1278,639047,71
3,50,1,1279,639547,74
3,50,1,1280,640047,71
3,50,1,1281,640547,69
3,50,1,1282,641047,72
3,50,1,1283,641547,70
3,50,1,1284,642047,70
3,50,1,1285,642547,71
3,50,1,1286,643047,69
3,50,1,1287,643547,71
3,50,1,1288,644047,71
3,50,1,1289,644547,73
3,50,1,1290,645047,72
3,50,1,1291,645547,71
3,50,1,1292,646047,71
3,50,1,1293,646547,69
3,50,1,1294,647047,71
3,50,1,1295,647547,71
3,50,1,1296,648047,69
3,50,1,1297,648547,69
3,50,1,1298,649047,69
3,50,1,1299,649547,67
3,50,1,1300,650047,69
3,50,1,1301,650547,77
3,50,1,1302,651047,69
3,50,1,1303,651547,71
3,50,1,1304,652047,75
3,50,1,1305,652547,68
3,50,1,1306,653047,73
3,50,1,1307,653547,69
3,50,1,1308,654047,69
3,50,1,1309,654547,71
3,50,1,1310,655047,71
3,50,1,1311,655547,69
3,50,1,1312,656047,63
3,50,1,1313,656547,73
3,50,1,1314,657047,73
3,50,1,1315,657547,69
3,50,1,1316,658047,71
3,50,1,1317,658547,73
3,50,1,1318,659047,70
3,50,1,1319,659547,74
3,50,1,1320,660047,70
3,50,1,1321,660547,71
3,50,1,1322,661047,75
3,50,1,1323,661547,69
3,50,1,1324,662047,72
3,50,1,1325,662547,71
3,50,1,1326,663047,73
3,50,1,1327,663547,74
3,50,1,1328,664047,76
3,50,1,1329,664547,75
3,50,1,1330,665047,73
3,50,1,1331,665547,71
3,50,1,1332,666047,73
3,50,1,1333,666547,69
3,50,1,1334,667047,69
3,50,1,1335,667547,71
3,50,1,1336,668047,75
3,50,1,1337,668547,68
3,50,1,1338,669047,69
3,50,1,1339,669547,75
3,50,1,1340,670047,71
3,50,1,1341,670547,70
3,50,1,1342,671047,73
3,50,1,1343,671547,75
3,50,1,1344,672047,74
3,50,1,1345,672547,73
3,50,1,1346,673047,71
3,50,1,1347,673547,70
3,50,1,1348,674047,71
3,50,1,1349,674547,72
3,50,1,1350,675047,71
3,50,1,1351,675547,72
3,50,1,1352,676047,73
3,50,1,1353,676547,74
3,50,1,1354,677047,72
3,50,1,1355,677547,71
3,50,1,1356,678047,73
3,50,1,1357,678547,72
3,50,1,1358,679047,68
3,50,1,1359,679547,69
3,50,1,1360,680047,71
3,50,1,1361,680547,69
3,50,1,1362,681047,75
3,50,1,1363,681547,69
3,50,1,1364,682047,73
3,50,1,1365,682547,69
3,50,1,1366,683047,75
3,50,1,1367,683547,71
3,50,1,1368,684047,75
3,50,1,1369,684547,71
3,50,1,1370,685047,72
3,50,1,1371,685547,71
3,50,1,1372,686047,73
3,50,1,1373,686547,71
3,50,1,1374,687047,71
3,50,1,1375,687547,69
3,50,1,1376,688047,70
3,50,1,1377,688547,71
3,50,1,1378,689047,67
3,50,1,1379,689547,74
3,50,1,1380,690047,72
3,50,1,1381,690547,73
3,50,1,1382,691047,74
3,50,1,1383,691547,71
3,50,1,1384,692047,72
3,50,1,1385,692547,72
3,50,1,1386,693047,73
3,50,1,1387,693547,69
3,50,1,1388,694047,72
3,50,1,1389,694547,69
3,50,1,1390,695047,71
3,50,1,1391,695547,72
3,50,1,1392,696047,69
3,50,1,1393,696547,71
3,50,1,1394,697047,73
3,50,1,1395,697547,71
3,50,1,1396,698047,71
3,50,1,1397,698547,71
3,50,1,1398,699047,69
3,50,1,1399,699547,69
3,50,1,1400,700047,69
3,50,1,1401,700547,74
3,50,1,1402,701047,69
3,50,1,1403,701547,73
3,50,1,1404,702047,72
3,50,1,1405,702547,71
3,50,1,1406,703047,67
3,50,1,1407,703547,69
3,50,1,1408,704047,71
3,50,1,1409,704547,71
3,50,1,1410,705047,71
3,50,1,1411,705547,68
3,50,1,1412,706047,69
3,50,1,1413,706547,72
3,50,1,1414,707047,70
3,50,1,1415,707547,73
3,50,1,1416,708047,63
3,50,1,1417,708547,69
3,50,1,1418,709047,73
3,50,1,1419,709547,61
3,50,1,1420,710047,71
3,50,1,1421,710547,71
3,50,1,1422,711047,68
3,50,1,1423,711547,69
3,50,1,1424,712047,71
3,50,1,1425,712547,72
3,50,1,1426,713047,61
3,50,1,1427,713547,71
3,50,1,1428,714047,69
3,50,1,1429,714547,71
3,50,1,1430,715047,69
3,50,1,1431,715547,71
3,50,1,1432,716047,72
3,50,1,1433,716547,70
3,50,1,1434,717047,61
3,50,1,1435,717547,69
3,50,1,1436,718047,67
3,50,1,1437,718547,69
3,50,1,1438,719047,71
3,50,1,1439,719547,69
3,50,1,1440,720047,69
3,50,1,1441,720547,69
3,50,1,1442,721047,68
3,50,1,1443,721547,69
3,50,1,1444,722047,71
3,50,1,1445,722547,63
3,50,1,1446,723047,69
3,50,1,1447,723547,58
3,50,1,1448,724047,69
3,50,1,1449,724547,70
3,50,1,1450,725047,71
3,50,1,1451,725547,71
3,50,1,1452,726047,73
3,50,1,1453,726547,63
3,50,1,1454,727047,72
3,50,1,1455,727547,73
3,50,1,1456,728047,71
3,50,1,1457,728547,71
3,50,1,1458,729047,75
3,50,1,1459,729547,73
3,50,1,1460,730047,73
3,50,1,1461,730547,69
3,50,1,1462,731047,71
3,50,1,1463,731547,70
3,50,1,1464,732047,68
3,50,1,1465,732547,73
3,50,1,1466,733047,69
3,50,1,1467,733547,73
3,50,1,1468,734047,70
3,50,1,1469,734547,74
3,50,1,1470,735047,69
3,50,1,1471,735547,74
3,50,1,1472,736047,71
3,50,1,1473,736547,71
3,50,1,1474,737047,68
3,50,1,1475,737547,72
3,50,1,1476,738047,68
3,50,1,1477,738547,71
3,50,1,1478,739047,71
3,50,1,1479,739547,70
3,50,1,1480,740047,68
3,50,1,1481,740547,73
3,50,1,1482,741047,69
3,50,1,1483,741547,69
3,50,1,1484,742047,68
3,50,1,1485,742547,71
3,50,1,1486,743047,71
3,50,1,1487,743547,72
3,50,1,1488,744047,71
3,50,1,1489,744547,74
3,50,1,1490,745047,73
3,50,1,1491,745547,75
3,50,1,1492,746047,62
3,50,1,1493,746547,71
3,50,1,1494,747047,72
3,50,1,1495,747547,70
3,50,1,1496,748047,69
3,50,1,1497,748547,73
3,50,1,1498,749047,76
3,50,1,1499,749547,71
3,50,1,1500,750047,72
3,50,1,1501,750547,69
3,50,1,1502,751047,70
3,50,1,1503,751547,71
3,50,1,1504,752047,73
3,50,1,1505,752547,63
3,50,1,1506,753047,73
3,50,1,1507,753547,69
3,50,1,1508,754047,67
3,50,1,1509,754547,69
3,50,1,1510,755047,71
3,50,1,1511,755547,69
3,50,1,1512,756047,72
3,50,1,1513,756547,71
3,50,1,1514,757047,71
3,50,1,1515,757547,75
3,50,1,1516,758047,72
3,50,1,1517,758547,74
3,50,1,1518,759047,73
3,50,1,1519,759547,71
3,50,1,1520,760047,73
3,50,1,1521,760547,74
3,50,1,1522,761047,73
3,50,1,1523,761547,71
3,50,1,1524,762047,71
3,50,1,1525,762547,75
3,50,1,1526,763047,71
3,50,1,1527,763547,74
3,50,1,1528,764047,73
3,50,1,1529,764547,73
3,50,1,1530,765047,74
3,50,1,1531,765547,69
3,50,1,1532,766047,70
3,50,1,1533,766547,73
3,50,1,1534,767047,69
3,50,1,1535,767547,74
3,50,1,1536,768047,71
3,50,1,1537,768547,71
3,50,1,1538,769047,76
3,50,1,1539,769547,78
3,50,1,1540,770047,71
3,50,1,1541,770547,70
3,50,1,1542,771047,75
3,50,1,1543,771547,71
3,50,1,1544,772047,71
3,50,1,1545,772547,73
3,50,1,1546,773047,74
3,50,1,1547,773547,68
3,50,1,1548,774047,72
3,50,1,1549,774547,72
3,50,1,1550,775047,75
3,50,1,1551,775547,69
3,50,1,1552,776047,71
3,50,1,1553,776547,73
3,50,1,1554,777047,74
3,50,1,1555,777547,70
3,50,1,1556,778047,69
3,50,1,1557,778547,71
3,50,1,1558,779047,72
3,50,1,1559,779547,73
3,50,1,1560,780047,74
3,50,1,1561,780547,71
3,50,1,1562,781047,73
3,50,1,1563,781547,71
3,50,1,1564,782047,75
3,50,1,1565,782547,71
3,50,1,1566,783047,71
3,50,1,1567,783547,71
3,50,1,1568,784047,71
3,50,1,1569,784547,69
3,50,1,1570,785047,69
3,50,1,1571,785547,72
3,50,1,1572,786047,69
3,50,1,1573,786547,67
3,50,1,1574,787047,71
3,50,1,1575,787547,72
3,50,1,1576,788047,72
3,50,1,1577,788547,73
3,50,1,1578,789047,71
3,50,1,1579,789547,69
3,50,1,1580,790047,72
3,50,1,1581,790547,69
3,50,1,1582,791047,73
3,50,1,1583,791547,69
3,50,1,1584,792047,73
3,50,1,1585,792547,69
3,50,1,1586,793047,71
3,50,1,1587,793547,70
3,50,1,1588,794047,69
3,50,1,1589,794547,69
3,50,1,1590,795047,71
3,50,1,1591,795547,74
3,50,1,1592,796047,73
3,50,1,1593,796547,69
3,50,1,1594,797047,74
3,50,1,1595,797547,74
3,50,1,1596,798047,72
3,50,1,1597,798547,73
3,50,1,1598,799047,71
3,50,1,1599,799547,71
3,50,1,1600,800047,75
3,50,1,1601,800547,71
3,50,1,1602,801047,73
3,50,1,1603,801547,71
3,50,1,1604,802047,74
3,50,1,1605,802547,75
3,50,1,1606,803047,73
3,50,1,1607,803547,73
3,50,1,1608,804047,73
3,50,1,1609,804547,74
3,50,1,1610,805047,75
3,50,1,1611,805547,73
3,50,1,1612,806047,71
3,50,1,1613,806547,75
3,50,1,1614,807047,71
3,50,1,1615,807547,73
3,50,1,1616,808047,75
3,50,1,1617,808547,73
3,50,1,1618,809047,73
3,50,1,1619,809547,71
3,50,1,1620,810047,73
3,50,1,1621,810547,73
3,50,1,1622,811047,74
3,50,1,1623,811547,71
3,50,1,1624,812047,72
3,50,1,1625,812547,71
3,50,1,1626,813047,72
3,50,1,1627,813547,75
3,50,1,1628,814047,71
3,50,1,1629,814547,72
3,50,1,1630,815047,71
3,50,1,1631,815547,69
3,50,1,1632,816047,75
3,50,1,1633,816547,69
3,50,1,1634,817047,71
3,50,1,1635,817547,71
3,50,1,1636,818047,74
3,50,1,1637,818547,69
3,50,1,1638,819047,73
3,50,1,1639,819547,76
3,50,1,1640,820047,72
3,50,1,1641,820547,68
3,50,1,1642,821047,72
3,50,1,1643,821547,69
3,50,1,1644,822047,70
3,50,1,1645,822547,73
3,50,1,1646,823047,69
3,50,1,1647,823547,71
3,50,1,1648,824047,63
3,50,1,1649,824547,70
3,50,1,1650,825047,61
3,50,1,1651,825547,62
3,50,1,1652,826047,70
3,50,1,1653,826547,69
3,50,1,1654,827047,71
3,50,1,1655,827547,71
3,50,1,1656,828047,61
3,50,1,1657,828547,71
3,50,1,1658,829047,70
3,50,1,1659,829547,71
3,50,1,1660,830047,69
3,50,1,1661,830547,70
3,50,1,1662,831047,71
3,50,1,1663,831547,71
3,50,1,1664,832047,73
3,50,1,1665,832547,69
3,50,1,1666,833047,69
3,50,1,1667,833547,72
3,50,1,1668,834047,68
3,50,1,1669,834547,71
3,50,1,1670,835047,71
3,50,1,1671,835547,71
3,50,1,1672,836047,69
3,50,1,1673,836547,71
3,50,1,1674,837047,71
3,50,1,1675,837547,72
3,50,1,1676,838047,67
3,50,1,1677,838547,70
3,50,1,1678,839047,70
3,50,1,1679,839547,70
3,50,1,1680,840047,73
3,50,1,1681,840547,67
3,50,1,1682,841047,69
3,50,1,1683,841547,73
3,50,1,1684,842047,73
3,50,1,1685,842547,70
3,50,1,1686,843047,69
3,50,1,1687,843547,73
3,50,1,1688,844047,71
3,50,1,1689,844547,69
3,50,1,1690,845047,72
3,50,1,1691,845547,71
3,50,1,1692,846047,71
3,50,1,1693,846547,73
3,50,1,1694,847047,71
3,50,1,1695,847547,69
3,50,1,1696,848047,74
3,50,1,1697,848547,73
3,50,1,1698,849047,73
3,50,1,1699,849547,73
3,50,1,1700,850047,77
3,50,1,1701,850547,73
3,50,1,1702,851047,72
3,50,1,1703,851547,75
3,50,1,1704,852047,71
3,50,1,1705,852547,71
3,50,1,1706,853047,77
3,50,1,1707,853547,73
3,50,1,1708,854047,71
3,50,1,1709,854547,76
3,50,1,1710,855047,73
3,50,1,1711,855547,75
3,50,1,1712,856047,75
3,50,1,1713,856547,72
3,50,1,1714,857047,72
3,50,1,1715,857547,71
3,50,1,1716,858047,68
3,50,1,1717,858547,72
3,50,1,1718,859047,72
3,50,1,1719,859547,71
3,50,1,1720,860047,69
3,50,1,1721,860547,71
3,50,1,1722,861047,71
3,50,1,1723,861547,75
3,50,1,1724,862047,71
3,50,1,1725,862547,69
3,50,1,1726,863047,69
3,50,1,1727,863547,73
3,50,1,1728,864047,73
3,50,1,1729,864547,71
3,50,1,1730,865047,75
3,50,1,1731,865547,71
3,50,1,1732,866047,71
3,50,1,1733,866547,70
3,50,1,1734,867047,71
3,50,1,1735,867547,74
3,50,1,1736,868047,70
3,50,1,1737,868547,70
3,50,1,1738,869047,71
3,50,1,1739,869547,70
3,50,1,1740,870047,71
3,50,1,1741,870547,73
3,50,1,1742,871047,61
3,50,1,1743,871547,67
3,50,1,1744,872047,69
3,50,1,1745,872547,69
3,50,1,1746,873047,71
3,50,1,1747,873547,71
3,50,1,1748,874047,69
3,50,1,1749,874547,72
3,50,1,1750,875047,63
3,50,1,1751,875547,71
3,50,1,1752,876047,70
3,50,1,1753,876547,70
3,50,1,1754,877047,69
3,50,1,1755,877547,73
3,50,1,1756,878047,69
3,50,1,1757,878547,73
3,50,1,1758,879047,73
3,50,1,1759,879547,70
3,50,1,1760,880047,72
3,50,1,1761,880547,77
3,50,1,1762,881047,63
3,50,1,1763,881547,76
3,50,1,1764,882047,69
3,50,1,1765,882547,71
3,50,1,1766,883047,73
3,50,1,1767,883547,71
3,50,1,1768,884047,71
3,50,1,1769,884547,73
3,50,1,1770,885047,73
3,50,1,1771,885547,69
3,50,1,1772,886047,73
3,50,1,1773,886547,72
3,50,1,1774,887047,72
3,50,1,1775,887547,71
3,50,1,1776,888047,61
3,50,1,1777,888547,71
3,50,1,1778,889047,73
3,50,1,1779,889547,69
3,50,1,1780,890047,69
3,50,1,1781,890547,73
3,50,1,1782,891047,69
3,50,1,1783,891547,72
3,50,1,1784,892047,71
3,50,1,1785,892547,71
3,50,1,1786,893047,72
3,50,1,1787,893547,74
3,50,1,1788,894047,71
3,50,1,1789,894547,73
3,50,1,1790,895047,67
3,50,1,1791,895547,74
3,50,1,1792,896047,69
3,50,1,1793,896547,71
3,50,1,1794,897047,69
3,50,1,1795,897547,68
3,50,1,1796,898047,72
3,50,1,1797,898547,73
3,50,1,1798,899047,78
3,50,1,1799,899547,68
3,50,1,1800,900047,73
3,50,1,1801,900547,73
3,50,1,1802,901047,69
3,50,1,1803,901547,72
3,50,1,1804,902047,72
3,50,1,1805,902547,71
3,50,1,1806,903047,71
3,50,1,1807,903547,75
3,50,1,1808,904047,66
3,50,1,1809,904547,69
3,50,1,1810,905047,69
3,50,1,1811,905547,73
3,50,1,1812,906047,71
3,50,1,1813,906547,73
3,50,1,1814,907047,71
3,50,1,1815,907547,71
3,50,1,1816,908047,73
3,50,1,1817,908547,73
3,50,1,1818,909047,73
3,50,1,1819,909547,71
3,50,1,1820,910047,71
3,50,1,1821,910547,74
3,50,1,1822,911047,68
3,50,1,1823,911547,69
3,50,1,1824,912047,68
3,50,1,1825,912547,69
3,50,1,1826,913047,73
3,50,1,1827,913547,75
3,50,1,1828,914047,71
3,50,1,1829,914547,69
3,50,1,1830,915047,67
3,50,1,1831,915547,73
3,50,1,1832,916047,70
3,50,1,1833,916547,71
3,50,1,1834,917047,68
3,50,1,1835,917547,71
3,50,1,1836,918047,73
3,50,1,1837,918547,72
3,50,1,1838,919047,72
3,50,1,1839,919547,72
3,50,1,1840,920047,71
3,50,1,1841,920547,71
3,50,1,1842,921047,75
3,50,1,1843,921547,69
3,50,1,1844,922047,70
3,50,1,1845,922547,73
3,50,1,1846,923047,74
3,50,1,1847,923547,71
3,50,1,1848,924047,74
3,50,1,1849,924547,72
3,50,1,1850,925047,74
3,50,1,1851,925547,72
3,50,1,1852,926047,71
3,50,1,1853,926547,75
3,50,1,1854,927047,71
3,50,1,1855,927547,71
3,50,1,1856,928047,71
3,50,1,1857,928547,75
3,50,1,1858,929047,72
3,50,1,1859,929547,69
3,50,1,1860,930047,73
3,50,1,1861,930547,74
3,50,1,1862,931047,70
3,50,1,1863,931547,74
3,50,1,1864,932047,75
3,50,1,1865,932547,74
3,50,1,1866,933047,72
3,50,1,1867,933547,73
3,50,1,1868,934047,73
3,50,1,1869,934547,73
3,50,1,1870,935047,72
3,50,1,1871,935547,71
3,50,1,1872,936047,69
3,50,1,1873,936547,70
3,50,1,1874,937047,73
3,50,1,1875,937547,73
3,50,1,1876,938047,71
3,50,1,1877,938547,72
3,50,1,1878,939047,63
3,50,1,1879,939547,75
3,50,1,1880,940047,73
3,50,1,1881,940547,75
3,50,1,1882,941047,71
3,50,1,1883,941547,70
3,50,1,1884,942047,69
3,50,1,1885,942547,69
3,50,1,1886,943047,69
3,50,1,1887,943547,69
3,50,1,1888,944047,61
3,50,1,1889,944547,69
3,50,1,1890,945047,71
3,50,1,1891,945547,75
3,50,1,1892,946047,71
3,50,1,1893,946547,74
3,50,1,1894,947047,71
3,50,1,1895,947547,71
3,50,1,1896,948047,73
3,50,1,1897,948547,63
3,50,1,1898,949047,73
3,50,1,1899,949547,69
3,50,1,1900,950047,73
3,50,1,1901,950547,71
3,50,1,1902,951047,71
3,50,1,1903,951547,72
3,50,1,1904,952047,71
3,50,1,1905,952547,72
3,50,1,1906,953047,73
3,50,1,1907,953547,71
3,50,1,1908,954047,71
3,50,1,1909,954547,72
3,50,1,1910,955047,75
3,50,1,1911,955547,76
3,50,1,1912,956047,74
3,50,1,1913,956547,75
3,50,1,1914,957047,71
3,50,1,1915,957547,63
3,50,1,1916,958047,73
3,50,1,1917,958547,74
3,50,1,1918,959047,73
3,50,1,1919,959547,70
3,50,1,1920,960047,75
3,50,1,1921,960547,73
3,50,1,1922,961047,82
3,50,1,1923,961547,75
3,50,1,1924,962047,69
3,50,1,1925,962547,72
3,50,1,1926,963047,74
3,50,1,1927,963547,71
3,50,1,1928,964047,74
3,50,1,1929,964547,69
3,50,1,1930,965047,75
3,50,1,1931,965547,72
3,50,1,1932,966047,71
3,50,1,1933,966547,70
3,50,1,1934,967047,78
3,50,1,1935,967547,72
3,50,1,1936,968047,71
3,50,1,1937,968547,73
3,50,1,1938,969047,69
3,50,1,1939,969547,69
3,50,1,1940,970047,73
3,50,1,1941,970547,73
3,50,1,1942,971047,75
3,50,1,1943,971547,72
3,50,1,1944,972047,72
3,50,1,1945,972547,69
3,50,1,1946,973047,71
3,50,1,1947,973547,71
3,50,1,1948,974047,71
3,50,1,1949,974547,73
3,50,1,1950,975047,71
3,50,1,1951,975547,62
3,50,1,1952,976047,69
3,50,1,1953,976547,71
3,50,1,1954,977047,71
3,50,1,1955,977547,69
3,50,1,1956,978047,69
3,50,1,1957,978547,72
3,50,1,1958,979047,69
3,50,1,1959,979547,67
3,50,1,1960,980047,69
3,50,1,1961,980547,63
3,50,1,1962,981047,68
3,50,1,1963,981547,61
3,50,1,1964,982047,61
3,50,1,1965,982547,68
3,50,1,1966,983047,69
3,50,1,1967,983547,76
3,50,1,1968,984047,61
3,50,1,1969,984547,62
3,50,1,1970,985047,69
3,50,1,1971,985547,71
3,50,1,1972,986047,68
3,50,1,1973,986547,70
3,50,1,1974,987047,70
3,50,1,1975,987547,64
3,50,1,1976,988047,67
3,50,1,1977,988547,71
3,50,1,1978,989047,69
3,50,1,1979,989547,70
3,50,1,1980,990047,74
3,50,1,1981,990547,73
3,50,1,1982,991047,70
3,50,1,1983,991547,71
3,50,1,1984,992047,71
3,50,1,1985,992547,73
3,50,1,1986,993047,69
3,50,1,1987,993547,69
3,50,1,1988,994047,73
3,50,1,1989,994547,71
3,50,1,1990,995047,68
3,50,1,1991,995547,72
3,50,1,1992,996047,71
3,50,1,1993,996547,72
3,50,1,1994,997047,69
3,50,1,1995,997547,68
3,50,1,1996,998047,71
3,50,1,1997,998547,69
3,50,1,1998,999047,69
3,50,1,1999,999547,71
3,50,2,0,48,71
3,50,2,1,547,71
3,50,2,2,1047,63
3,50,2,3,1547,71
3,50,2,4,2047,68
3,50,2,5,2547,75
3,50,2,6,3047,69
3,50,2,7,3547,71
3,50,2,8,4047,71
3,50,2,9,4547,71
3,50,2,10,5047,70
3,50,2,11,5547,74
3,50,2,12,6047,71
3,50,2,13,6547,69
3,50,2,14,7047,73
3,50,2,15,7547,71
3,50,2,16,8047,69
3,50,2,17,8547,74
3,50,2,18,9047,69
3,50,2,19,9547,69
3,50,2,20,10047,70
3,50,2,21,10547,71
3,50,2,22,11047,73
3,50,2,23,11547,71
3,50,2,24,12047,69
3,50,2,25,12547,73
3,50,2,26,13047,69
3,50,2,27,13547,72
3,50,2,28,14047,71
3,50,2,29,14547,71
3,50,2,30,15047,71
3,50,2,31,15547,72
3,50,2,32,16047,71
3,50,2,33,16547,70
3,50,2,34,17047,71
3,50,2,35,17547,70
3,50,2,36,18047,69
3,50,2,37,18547,74
3,50,2,38,19047,71
3,50,2,39,19547,74
3,50,2,40,20047,72
3,50,2,41,20547,71
3,50,2,42,21047,68
3,50,2,43,21547,75
3,50,2,44,22047,70
3,50,2,45,22547,69
3,50,2,46,23047,71
3,50,2,47,23547,71
3,50,2,48,24047,74
3,50,2,49,24547,70
3,50,2,50,25047,71
3,50,2,51,25547,70
3,50,2,52,26047,69
3,50,2,53,26547,71
3,50,2,54,27047,71
3,50,2,55,27547,69
3,50,2,56,28047,70
3,50,2,57,28547,72
3,50,2,58,29047,71
3,50,2,59,29547,73
3,50,2,60,30047,69
3,50,2,61,30547,63
3,50,2,62,31047,73
3,50,2,63,31547,71
3,50,2,64,32047,69
3,50,2,65,32547,69
3,50,2,66,33047,73
3,50,2,67,33547,71
3,50,2,68,34047,71
3,50,2,69,34547,72
3,50,2,70,35047,69
3,50,2,71,35547,70
3,50,2,72,36047,72
3,50,2,73,36547,71
3,50,2,74,37047,71
3,50,2,75,37547,71
3,50,2,76,38047,71
3,50,2,77,38547,69
3,50,2,78,39047,73
3,50,2,79,39547,63
3,50,2,80,40047,70
3,50,2,81,40547,73
3,50,2,82,41047,68
3,50,2,83,41547,61
3,50,2,84,42047,73
3,50,2,85,42547,72
3,50,2,86,43047,71
3,50,2,87,43547,74
3,50,2,88,44047,71
3,50,2,89,44547,71
3,50,2,90,45047,69
3,50,2,91,45547,71
3,50,2,92,46047,71
3,50,2,93,46547,71
3,50,2,94,47047,70
3,50,2,95,47547,73
3,50,2,96,48047,71
3,50,2,97,48547,76
3,50,2,98,49047,70
3,50,2,99,49547,73
3,50,2,100,50047,72
3,50,2,101,50547,75
3,50,2,102,51047,72
3,50,2,103,51547,75
3,50,2,104,52047,71
3,50,2,105,52547,72
3,50,2,106,53047,71
3,50,2,107,53547,71
3,50,2,108,54047,75
3,50,2,109,54547,75
3,50,2,110,55047,73
3,50,2,111,55547,73
3,50,2,112,56047,73
3,50,2,113,56547,69
3,50,2,114,57047,72
3,50,2,115,57547,73
3,50,2,116,58047,67
3,50,2,117,58547,73
3,50,2,118,59047,72
3,50,2,119,59547,73
3,50,2,120,60047,71
3,50,2,121,60547,69
3,50,2,122,61047,71
3,50,2,123,61547,69
3,50,2,124,62047,69
3,50,2,125,62547,73
3,50,2,126,63047,71
3,50,2,127,63547,76
3,50,2,128,64047,73
3,50,2,129,64547,71
3,50,2,130,65047,74
3,50,2,131,65547,71
3,50,2,132,66047,73
3,50,2,133,66547,73
3,50,2,134,67047,71
3,50,2,135,67547,71
3,50,2,136,68047,71
3,50,2,137,68547,69
3,50,2,138,69047,73
3,50,2,139,69547,71
3,50,2,140,70047,73
3,50,2,141,70547,71
3,50,2,142,71047,71
3,50,2,143,71547,72
3,50,2,144,72047,69
3,50,2,145,72547,70
3,50,2,146,73047,63
3,50,2,147,73547,74
3,50,2,148,74047,69
3,50,2,149,74547,73
3,50,2,150,75047,73
3,50,2,151,75547,61
3,50,2,152,76047,72
3,50,2,153,76547,75
3,50,2,154,77047,71
3,50,2,155,77547,71
3,50,2,156,78047,71
3,50,2,157,78547,69
3,50,2,158,79047,73
3,50,2,159,79547,71
3,50,2,160,80047,71
3,50,2,161,80547,69
3,50,2,162,81047,73
3,50,2,163,81547,76
3,50,2,164,82047,63
3,50,2,165,82547,73
3,50,2,166,83047,73
3,50,2,167,83547,75
3,50,2,168,84047,69
3,50,2,169,84547,71
3,50,2,170,85047,76
3,50,2,171,85547,71
3,50,2,172,86047,72
3,50,2,173,86547,72
3,50,2,174,87047,72
3,50,2,175,87547,69
3,50,2,176,88047,75
3,50,2,177,88547,71
3,50,2,178,89047,73
3,50,2,179,89547,73
3,50,2,180,90047,73
3,50,2,181,90547,72
3,50,2,182,91047,69
3,50,2,183,91547,73
3,50,2,184,92047,71
3,50,2,185,92547,72
3,50,2,186,93047,72
3,50,2,187,93547,75
3,50,2,188,94047,69
3,50,2,189,94547,73
3,50,2,190,95047,75
3,50,2,191,95547,78
3,50,2,192,96047,71
3,50,2,193,96547,73
3,50,2,194,97047,72
3,50,2,195,97547,69
3,50,2,196,98047,67
3,50,2,197,98547,71
3,50,2,198,99047,69
3,50,2,199,99547,75
3,50,2,200,100047,71
3,50,2,201,100547,67
3,50,2,202,101047,75
3,50,2,203,101547,71
3,50,2,204,102047,73
3,50,2,205,102547,72
3,50,2,206,103047,71
3,50,2,207,103547,73
3,50,2,208,104047,72
3,50,2,209,104547,77
3,50,2,210,105047,74
3,50,2,211,105547,70
3,50,2,212,106047,73
3,50,2,213,106547,73
3,50,2,214,107047,75
3,50,2,215,107547,69
3,50,2,216,108047,71
3,50,2,217,108547,77
3,50,2,218,109047,69
3,50,2,219,109547,71
3,50,2,220,110047,73
3,50,2,221,110547,72
3,50,2,222,111047,71
3,50,2,223,111547,76
3,50,2,224,112047,72
3,50,2,225,112547,79
3,50,2,226,113047,73
3,50,2,227,113547,71
3,50,2,228,114047,73
3,50,2,229,114547,73
3,50,2,230,115047,71
3,50,2,231,115547,73
3,50,2,232,116047,73
3,50,2,233,116547,73
3,50,2,234,117047,76
3,50,2,235,117547,69
3,50,2,236,118047,71
3,50,2,237,118547,71
3,50,2,238,119047,71
3,50,2,239,119547,69
3,50,2,240,120047,72
3,50,2,241,120547,72
3,50,2,242,121047,72
3,50,2,243,121547,73
3,50,2,244,122047,72
3,50,2,245,122547,72
3,50,2,246,123047,75
3,50,2,247,123547,73
3,50,2,248,124047,72
3,50,2,249,124547,73
3,50,2,250,125047,72
3,50,2,251,125547,75
3,50,2,252,126047,74
3,50,2,253,126547,76
3,50,2,254,127047,73
3,50,2,255,127547,71
3,50,2,256,128047,75
3,50,2,257,128547,71
3,50,2,258,129047,71
3,50,2,259,129547,73
3,50,2,260,130047,73
3,50,2,261,130547,73
3,50,2,262,131047,73
3,50,2,263,131547,76
3,50,2,264,132047,69
3,50,2,265,132547,69
3,50,2,266,133047,75
3,50,2,267,133547,77
3,50,2,268,134047,73
3,50,2,269,134547,75
3,50,2,270,135047,83
3,50,2,271,135547,73
3,50,2,272,136047,77
3,50,2,273,136547,70
3,50,2,274,137047,73
3,50,2,275,137547,73
3,50,2,276,138047,75
3,50,2,277,138547,73
3,50,2,278,139047,76
3,50,2,279,139547,72
3,50,2,280,140047,75
3,50,2,281,140547,75
3,50,2,282,141047,75
3,50,2,283,141547,73
3,50,2,284,142047,81
3,50,2,285,142547,75
3,50,2,286,143047,77
3,50,2,287,143547,75
3,50,2,288,144047,75
3,50,2,289,144547,78
3,50,2,290,145047,75
3,50,2,291,145547,75
3,50,2,292,146047,77
3,50,2,293,146547,73
3,50,2,294,147047,78
3,50,2,295,147547,76
3,50,2,296,148047,74
3,50,2,297,148547,79
3,50,2,298,149047,75
3,50,2,299,149547,77
3,50,2,300,150047,76
3,50,2,301,150547,77
3,50,2,302,151047,73
3,50,2,303,151547,77
3,50,2,304,152047,76
3,50,2,305,152547,75
3,50,2,306,153047,75
3,50,2,307,153547,80
3,50,2,308,154047,77
3,50,2,309,154547,75
3,50,2,310,155047,82
3,50,2,311,155547,83
3,50,2,312,156047,79
3,50,2,313,156547,79
3,50,2,314,157047,83
3,50,2,315,157547,74
3,50,2,316,158047,75
3,50,2,317,158547,83
3,50,2,318,159047,81
3,50,2,319,159547,74
3,50,2,320,160047,83
3,50,2,321,160547,85
3,50,2,322,161047,83
3,50,2,323,161547,87
3,50,2,324,162047,85
3,50,2,325,162547,83
3,50,2,326,163047,90
3,50,2,327,163547,86
3,50,2,328,164047,91
3,50,2,329,164547,77
3,50,2,330,165047,85
3,50,2,331,165547,88
3,50,2,332,166047,89
3,50,2,333,166547,87
3,50,2,334,167047,101
3,50,2,335,167547,91
3,50,2,336,168047,95
3,50,2,337,168547,93
3,50,2,338,169047,101
3,50,2,339,169547,94
3,50,2,340,170047,100
3,50,2,341,170547,93
3,50,2,342,171047,108
3,50,2,343,171547,95
3,50,2,344,172047,104
3,50,2,345,172547,99
3,50,2,346,173047,99
3,50,2,347,173547,99
3,50,2,348,174047,102
3,50,2,349,174547,103
3,50,2,350,175047,105
3,50,2,351,175547,101
3,50,2,352,176047,104
3,50,2,353,176547,104
3,50,2,354,177047,104
3,50,2,355,177547,103
3,50,2,356,178047,109
3,50,2,357,178547,103
3,50,2,358,179047,103
3,50,2,359,179547,107
3,50,2,360,180047,103
3,50,2,361,180547,105
3,50,2,362,181047,104
3,50,2,363,181547,103
3,50,2,364,182047,104
3,50,2,365,182547,106
3,50,2,366,183047,105
3,50,2,367,183547,105
3,50,2,368,184047,100
3,50,2,369,184547,111
3,50,2,370,185047,103
3,50,2,371,185547,105
3,50,2,372,186047,107
3,50,2,373,186547,108
3,50,2,374,187047,101
3,50,2,375,187547,104
3,50,2,376,188047,103
3,50,2,377,188547,104
3,50,2,378,189047,104
3,50,2,379,189547,100
3,50,2,380,190047,107
3,50,2,381,190547,103
3,50,2,382,191047,103
3,50,2,383,191547,103
3,50,2,384,192047,109
3,50,2,385,192547,103
3,50,2,386,193047,101
3,50,2,387,193547,103
3,50,2,388,194047,101
3,50,2,389,194547,99
3,50,2,390,195047,107
3,50,2,391,195547,103
3,50,2,392,196047,101
3,50,2,393,196547,103
3,50,2,394,197047,99
3,50,2,395,197547,109
3,50,2,396,198047,103
3,50,2,397,198547,95
3,50,2,398,199047,105
3,50,2,399,199547,103
3,50,2,400,200047,99
3,50,2,401,200547,105
3,50,2,402,201047,101
3,50,2,403,201547,105
3,50,2,404,202047,107
3,50,2,405,202547,103
3,50,2,406,203047,95
3,50,2,407,203547,107
3,50,2,408,204047,107
3,50,2,409,204547,104
3,50,2,410,205047,107
3,50,2,411,205547,108
3,50,2,412,206047,105
3,50,2,413,206547,112
3,50,2,414,207047,111
3,50,2,415,207547,103
3,50,2,416,208047,105
3,50,2,417,208547,107
3,50,2,418,209047,107
3,50,2,419,209547,107
3,50,2,420,210047,105
3,50,2,421,210547,108
3,50,2,422,211047,109
3,50,2,423,211547,105
3,50,2,424,212047,104
3,50,2,425,212547,107
3,50,2,426,213047,109
3,50,2,427,213547,111
3,50,2,428,214047,105
3,50,2,429,214547,107
3,50,2,430,215047,106
3,50,2,431,215547,106
3,50,2,432,216047,106
3,50,2,433,216547,106
3,50,2,434,217047,105
3,50,2,435,217547,104
3,50,2,436,218047,108
3,50,2,437,218547,111
3,50,2,438,219047,101
3,50,2,439,219547,107
3,50,2,440,220047,107
3,50,2,441,220547,109
3,50,2,442,221047,110
3,50,2,443,221547,109
3,50,2,444,222047,106
3,50,2,445,222547,107
3,50,2,446,223047,107
3,50,2,447,223547,99
3,50,2,448,224047,111
3,50,2,449,224547,109
3,50,2,450,225047,110
3,50,2,451,225547,105
3,50,2,452,226047,109
3,50,2,453,226547,105
3,50,2,454,227047,110
3,50,2,455,227547,109
3,50,2,456,228047,105
3,50,2,457,228547,117
3,50,2,458,229047,109
3,50,2,459,229547,110
3,50,2,460,230047,111
3,50,2,461,230547,117
3,50,2,462,231047,111
3,50,2,463,231547,118
3,50,2,464,232047,121
3,50,2,465,232547,120
3,50,2,466,233047,121
3,50,2,467,233547,120
3,50,2,468,234047,121
3,50,2,469,234547,119
3,50,2,470,235047,120
3,50,2,471,235547,120
3,50,2,472,236047,119
3,50,2,473,236547,117
3,50,2,474,237047,121
3,50,2,475,237547,123
3,50,2,476,238047,121
3,50,2,477,238547,117
3,50,2,478,239047,120
3,50,2,479,239547,117
3,50,2,480,240047,126
3,50,2,481,240547,116
3,50,2,482,241047,116
3,50,2,483,241547,118
3,50,2,484,242047,117
3,50,2,485,242547,120
3,50,2,486,243047,111
3,50,2,487,243547,118
3,50,2,488,244047,111
3,50,2,489,244547,119
3,50,2,490,245047,119
3,50,2,491,245547,117
3,50,2,492,246047,109
3,50,2,493,246547,117
3,50,2,494,247047,112
3,50,2,495,247547,117
3,50,2,496,248047,109
3,50,2,497,248547,117
3,50,2,498,249047,111
3,50,2,499,249547,111
3,50,2,500,250047,114
3,50,2,501,250547,105
3,50,2,502,251047,108
3,50,2,503,251547,116
3,50,2,504,252047,110
3,50,2,505,252547,108
3,50,2,506,253047,107
3,50,2,507,253547,107
3,50,2,508,254047,108
3,50,2,509,254547,105
3,50,2,510,255047,107
3,50,2,511,255547,108
3,50,2,512,256047,104
3,50,2,513,256547,104
3,50,2,514,257047,100
3,50,2,515,257547,98
3,50,2,516,258047,105
3,50,2,517,258547,102
3,50,2,518,259047,103
3,50,2,519,259547,101
3,50,2,520,260047,99
3,50,2,521,260547,105
3,50,2,522,261047,100
3,50,2,523,261547,100
3,50,2,524,262047,103
3,50,2,525,262547,105
3,50,2,526,263047,103
3,50,2,527,263547,101
3,50,2,528,264047,106
3,50,2,529,264547,103
3,50,2,530,265047,103
3,50,2,531,265547,105
3,50,2,532,266047,103
3,50,2,533,266547,108
3,50,2,534,267047,100
3,50,2,535,267547,103
3,50,2,536,268047,115
3,50,2,537,268547,102
3,50,2,538,269047,100
3,50,2,539,269547,101
3,50,2,540,270047,101
3,50,2,541,270547,101
3,50,2,542,271047,103
3,50,2,543,271547,100
3,50,2,544,272047,98
3,50,2,545,272547,95
3,50,2,546,273047,95
3,50,2,547,273547,101
3,50,2,548,274047,101
3,50,2,549,274547,99
3,50,2,550,275047,99
3,50,2,551,275547,101
3,50,2,552,276047,106
3,50,2,553,276547,99
3,50,2,554,277047,93
3,50,2,555,277547,101
3,50,2,556,278047,97
3,50,2,557,278547,98
3,50,2,558,279047,95
3,50,2,559,279547,100
3,50,2,560,280047,95
3,50,2,561,280547,101
3,50,2,562,281047,95
3,50,2,563,281547,102
3,50,2,564,282047,95
3,50,2,565,282547,94
3,50,2,566,283047,93
3,50,2,567,283547,95
3,50,2,568,284047,97
3,50,2,569,284547,93
3,50,2,570,285047,97
3,50,2,571,285547,92
3,50,2,572,286047,93
3,50,2,573,286547,99
3,50,2,574,287047,91
3,50,2,575,287547,91
3,50,2,576,288047,101
3,50,2,577,288547,99
3,50,2,578,289047,94
3,50,2,579,289547,100
3,50,2,580,290047,93
3,50,2,581,290547,99
3,50,2,582,291047,95
3,50,2,583,291547,94
3,50,2,584,292047,92
3,50,2,585,292547,95
3,50,2,586,293047,95
3,50,2,587,293547,94
3,50,2,588,294047,97
3,50,2,589,294547,99
3,50,2,590,295047,95
3,50,2,591,295547,91
3,50,2,592,296047,95
3,50,2,593,296547,101
3,50,2,594,297047,99
3,50,2,595,297547,101
3,50,2,596,298047,100
3,50,2,597,298547,100
3,50,2,598,299047,104
3,50,2,599,299547,99
3,50,2,600,300047,93
3,50,2,601,300547,103
3,50,2,602,301047,99
3,50,2,603,301547,94
3,50,2,604,302047,105
3,50,2,605,302547,101
3,50,2,606,303047,91
3,50,2,607,303547,93
3,50,2,608,304047,102
3,50,2,609,304547,93
3,50,2,610,305047,96
3,50,2,611,305547,101
3,50,2,612,306047,90
3,50,2,613,306547,93
3,50,2,614,307047,99
3,50,2,615,307547,92
3,50,2,616,308047,95
3,50,2,617,308547,93
3,50,2,618,309047,89
3,50,2,619,309547,91
3,50,2,620,310047,94
3,50,2,621,310547,91
3,50,2,622,311047,93
3,50,2,623,311547,99
3,50,2,624,312047,92
3,50,2,625,312547,93
3,50,2,626,313047,95
3,50,2,627,313547,93
3,50,2,628,314047,93
3,50,2,629,314547,93
3,50,2,630,315047,100
3,50,2,631,315547,94
3,50,2,632,316047,93
3,50,2,633,316547,101
3,50,2,634,317047,101
3,50,2,635,317547,102
3,50,2,636,318047,91
3,50,2,637,318547,95
3,50,2,638,319047,102
3,50,2,639,319547,99
3,50,2,640,320047,97
3,50,2,641,320547,99
3,50,2,642,321047,92
3,50,2,643,321547,95
3,50,2,644,322047,99
3,50,2,645,322547,94
3,50,2,646,323047,99
3,50,2,647,323547,100
3,50,2,648,324047,93
3,50,2,649,324547,95
3,50,2,650,325047,98
3,50,2,651,325547,97
3,50,2,652,326047,100
3,50,2,653,326547,99
3,50,2,654,327047,93
3,50,2,655,327547,97
3,50,2,656,328047,100
3,50,2,657,328547,99
3,50,2,658,329047,103
3,50,2,659,329547,94
3,50,2,660,330047,99
3,50,2,661,330547,99
3,50,2,662,331047,101
3,50,2,663,331547,95
3,50,2,664,332047,99
3,50,2,665,332547,99
3,50,2,666,333047,98
3,50,2,667,333547,103
3,50,2,668,334047,96
3,50,2,669,334547,99
3,50,2,670,335047,96
3,50,2,671,335547,95
3,50,2,672,336047,103
3,50,2,673,336547,94
3,50,2,674,337047,94
3,50,2,675,337547,97
3,50,2,676,338047,93
3,50,2,677,338547,90
3,50,2,678,339047,92
3,50,2,679,339547,99
3,50,2,680,340047,91
3,50,2,681,340547,87
3,50,2,682,341047,91
3,50,2,683,341547,95
3,50,2,684,342047,97
3,50,2,685,342547,91
3,50,2,686,343047,91
3,50,2,687,343547,91
3,50,2,688,344047,93
3,50,2,689,344547,93
3,50,2,690,345047,93
3,50,2,691,345547,95
3,50,2,692,346047,95
3,50,2,693,346547,93
3,50,2,694,347047,98
3,50,2,695,347547,95
3,50,2,696,348047,90
3,50,2,697,348547,95
3,50,2,698,349047,90
3,50,2,699,349547,93
3,50,2,700,350047,100
3,50,2,701,350547,98
3,50,2,702,351047,91
3,50,2,703,351547,95
3,50,2,704,352047,93
3,50,2,705,352547,99
3,50,2,706,353047,89
3,50,2,707,353547,92
3,50,2,708,354047,93
3,50,2,709,354547,93
3,50,2,710,355047,94
3,50,2,711,355547,95
3,50,2,712,356047,93
3,50,2,713,356547,92
3,50,2,714,357047,91
3,50,2,715,357547,93
3,50,2,716,358047,93
3,50,2,717,358547,98
3,50,2,718,359047,92
3,50,2,719,359547,91
3,50,2,720,360047,89
3,50,2,721,360547,94
3,50,2,722,361047,94
3,50,2,723,361547,99
3,50,2,724,362047,94
3,50,2,725,362547,102
3,50,2,726,363047,92
3,50,2,727,363547,92
3,50,2,728,364047,91
3,50,2,729,364547,93
3,50,2,730,365047,91
3,50,2,731,365547,93
3,50,2,732,366047,93
3,50,2,733,366547,95
3,50,2,734,367047,101
3,50,2,735,367547,93
3,50,2,736,368047,95
3,50,2,737,368547,93
3,50,2,738,369047,91
3,50,2,739,369547,93
3,50,2,740,370047,95
3,50,2,741,370547,91
3,50,2,742,371047,91
3,50,2,743,371547,93
3,50,2,744,372047,93
3,50,2,745,372547,92
3,50,2,746,373047,91
3,50,2,747,373547,90
3,50,2,748,374047,93
3,50,2,749,374547,91
3,50,2,750,375047,89
3,50,2,751,375547,90
3,50,2,752,376047,92
3,50,2,753,376547,89
3,50,2,754,377047,91
3,50,2,755,377547,93
3,50,2,756,378047,90
3,50,2,757,378547,92
3,50,2,758,379047,94
3,50,2,759,379547,91
3,50,2,760,380047,97
3,50,2,761,380547,93
3,50,2,762,381047,91
3,50,2,763,381547,89
3,50,2,764,382047,91
3,50,2,765,382547,97
3,50,2,766,383047,85
3,50,2,767,383547,91
3,50,2,768,384047,88
3,50,2,769,384547,99
3,50,2,770,385047,95
3,50,2,771,385547,103
3,50,2,772,386047,93
3,50,2,773,386547,87
3,50,2,774,387047,93
3,50,2,775,387547,90
3,50,2,776,388047,88
3,50,2,777,388547,91
3,50,2,778,389047,89
3,50,2,779,389547,92
3,50,2,780,390047,91
3,50,2,781,390547,88
3,50,2,782,391047,94
3,50,2,783,391547,99
3,50,2,784,392047,85
3,50,2,785,392547,87
3,50,2,786,393047,89
3,50,2,787,393547,87
3,50,2,788,394047,92
3,50,2,789,394547,87
3,50,2,790,395047,90
3,50,2,791,395547,87
3,50,2,792,396047,91
3,50,2,793,396547,89
3,50,2,794,397047,87
3,50,2,795,397547,89
3,50,2,796,398047,86
3,50,2,797,398547,89
3,50,2,798,399047,89
3,50,2,799,399547,89
3,50,2,800,400047,89
3,50,2,801,400547,91
3,50,2,802,401047,91
3,50,2,803,401547,91
3,50,2,804,402047,91
3,50,2,805,402547,91
3,50,2,806,403047,93
3,50,2,807,403547,89
3,50,2,808,404047,99
3,50,2,809,404547,91
3,50,2,810,405047,91
3,50,2,811,405547,93
3,50,2,812,406047,87
3,50,2,813,406547,98
3,50,2,814,407047,95
3,50,2,815,407547,93
3,50,2,816,408047,91
3,50,2,817,408547,85
3,50,2,818,409047,93
3,50,2,819,409547,93
3,50,2,820,410047,93
3,50,2,821,410547,92
3,50,2,822,411047,93
3,50,2,823,411547,92
3,50,2,824,412047,93
3,50,2,825,412547,85
3,50,2,826,413047,89
3,50,2,827,413547,89
3,50,2,828,414047,89
3,50,2,829,414547,88
3,50,2,830,415047,95
3,50,2,831,415547,86
3,50,2,832,416047,91
3,50,2,833,416547,88
3,50,2,834,417047,95
3,50,2,835,417547,91
3,50,2,836,418047,90
3,50,2,837,418547,88
3,50,2,838,419047,91
3,50,2,839,419547,91
3,50,2,840,420047,87
3,50,2,841,420547,89
3,50,2,842,421047,87
3,50,2,843,421547,88
3,50,2,844,422047,87
3,50,2,845,422547,87
3,50,2,846,423047,89
3,50,2,847,423547,91
3,50,2,848,424047,87
3,50,2,849,424547,88
3,50,2,850,425047,94
3,50,2,851,425547,88
3,50,2,852,426047,87
3,50,2,853,426547,93
3,50,2,854,427047,95
3,50,2,855,427547,85
3,50,2,856,428047,89
3,50,2,857,428547,98
3,50,2,858,429047,91
3,50,2,859,429547,89
3,50,2,860,430047,91
3,50,2,861,430547,91
3,50,2,862,431047,88
3,50,2,863,431547,93
3,50,2,864,432047,86
3,50,2,865,432547,92
3,50,2,866,433047,91
3,50,2,867,433547,95
3,50,2,868,434047,91
3,50,2,869,434547,95
3,50,2,870,435047,93
3,50,2,871,435547,93
3,50,2,872,436047,99
3,50,2,873,436547,92
3,50,2,874,437047,98
3,50,2,875,437547,101
3,50,2,876,438047,93
3,50,2,877,438547,92
3,50,2,878,439047,99
3,50,2,879,439547,100
3,50,2,880,440047,101
3,50,2,881,440547,98
3,50,2,882,441047,97
3,50,2,883,441547,102
3,50,2,884,442047,91
3,50,2,885,442547,97
3,50,2,886,443047,107
3,50,2,887,443547,99
3,50,2,888,444047,93
3,50,2,889,444547,93
3,50,2,890,445047,100
3,50,2,891,445547,95
3,50,2,892,446047,101
3,50,2,893,446547,104
3,50,2,894,447047,93
3,50,2,895,447547,104
3,50,2,896,448047,99
3,50,2,897,448547,94
3,50,2,898,449047,104
3,50,2,899,449547,101
3,50,2,900,450047,99
3,50,2,901,450547,93
3,50,2,902,451047,99
3,50,2,903,451547,91
3,50,2,904,452047,91
3,50,2,905,452547,92
3,50,2,906,453047,90
3,50,2,907,453547,91
3,50,2,908,454047,98
3,50,2,909,454547,93
3,50,2,910,455047,90
3,50,2,911,455547,94
3,50,2,912,456047,93
3,50,2,913,456547,95
3,50,2,914,457047,89
3,50,2,915,457547,92
3,50,2,916,458047,87
3,50,2,917,458547,95
3,50,2,918,459047,91
3,50,2,919,459547,91
3,50,2,920,460047,93
3,50,2,921,460547,93
3,50,2,922,461047,92
3,50,2,923,461547,91
3,50,2,924,462047,99
3,50,2,925,462547,91
3,50,2,926,463047,87
3,50,2,927,463547,90
3,50,2,928,464047,93
3,50,2,929,464547,89
3,50,2,930,465047,92
3,50,2,931,465547,99
3,50,2,932,466047,89
3,50,2,933,466547,91
3,50,2,934,467047,87
3,50,2,935,467547,95
3,50,2,936,468047,90
3,50,2,937,468547,87
3,50,2,938,469047,87
3,50,2,939,469547,89
3,50,2,940,470047,91
3,50,2,941,470547,90
3,50,2,942,471047,86
3,50,2,943,471547,91
3,50,2,944,472047,91
3,50,2,945,472547,91
3,50,2,946,473047,88
3,50,2,947,473547,91
3,50,2,948,474047,95
3,50,2,949,474547,93
3,50,2,950,475047,99
3,50,2,951,475547,98
3,50,2,952,476047,99
3,50,2,953,476547,91
3,50,2,954,477047,93
3,50,2,955,477547,94
3,50,2,956,478047,93
3,50,2,957,478547,97
3,50,2,958,479047,92
3,50,2,959,479547,93
3,50,2,960,480047,99
3,50,2,961,480547,94
3,50,2,962,481047,100
3,50,2,963,481547,93
3,50,2,964,482047,88
3,50,2,965,482547,93
3,50,2,966,483047,91
3,50,2,967,483547,95
3,50,2,968,484047,95
3,50,2,969,484547,93
3,50,2,970,485047,87
3,50,2,971,485547,99
3,50,2,972,486047,95
3,50,2,973,486547,93
3,50,2,974,487047,88
3,50,2,975,487547,93
3,50,2,976,488047,86
3,50,2,977,488547,98
3,50,2,978,489047,91
3,50,2,979,489547,93
3,50,2,980,490047,91
3,50,2,981,490547,87
3,50,2,982,491047,91
3,50,2,983,491547,89
3,50,2,984,492047,91
3,50,2,985,492547,91
3,50,2,986,493047,89
3,50,2,987,493547,91
3,50,2,988,494047,91
3,50,2,989,494547,91
3,50,2,990,495047,89
3,50,2,991,495547,89
3,50,2,992,496047,91
3,50,2,993,496547,89
3,50,2,994,497047,89
3,50,2,995,497547,90
3,50,2,996,498047,87
3,50,2,997,498547,91
3,50,2,998,499047,87
3,50,2,999,499547,85
3,50,2,1000,500047,83
3,50,2,1001,500547,87
3,50,2,1002,501047,86
3,50,2,1003,501547,85
3,50,2,1004,502047,87
3,50,2,1005,502547,85
3,50,2,1006,503047,86
3,50,2,1007,503547,83
3,50,2,1008,504047,89
3,50,2,1009,504547,91
3,50,2,1010,505047,88
3,50,2,1011,505547,85
3,50,2,1012,506047,89
3,50,2,1013,506547,93
3,50,2,1014,507047,91
3,50,2,1015,507547,89
3,50,2,1016,508047,91
3,50,2,1017,508547,91
3,50,2,1018,509047,90
3,50,2,1019,509547,89
3,50,2,1020,510047,92
3,50,2,1021,510547,88
3,50,2,1022,511047,93
3,50,2,1023,511547,92
3,50,2,1024,512047,89
3,50,2,1025,512547,89
3,50,2,1026,513047,91
3,50,2,1027,513547,93
3,50,2,1028,514047,89
3,50,2,1029,514547,91
3,50,2,1030,515047,89
3,50,2,1031,515547,90
3,50,2,1032,516047,91
3,50,2,1033,516547,86
3,50,2,1034,517047,89
3,50,2,1035,517547,93
3,50,2,1036,518047,86
3,50,2,1037,518547,87
3,50,2,1038,519047,87
3,50,2,1039,519547,88
3,50,2,1040,520047,86
3,50,2,1041,520547,91
3,50,2,1042,521047,87
3,50,2,1043,521547,90
3,50,2,1044,522047,89
3,50,2,1045,522547,91
3,50,2,1046,523047,91
3,50,2,1047,523547,85
3,50,2,1048,524047,87
3,50,2,1049,524547,87
3,50,2,1050,525047,86
3,50,2,1051,525547,84
3,50,2,1052,526047,89
3,50,2,1053,526547,85
3,50,2,1054,527047,90
3,50,2,1055,527547,86
3,50,2,1056,528047,79
3,50,2,1057,528547,85
3,50,2,1058,529047,89
3,50,2,1059,529547,89
3,50,2,1060,530047,79
3,50,2,1061,530547,85
3,50,2,1062,531047,89
3,50,2,1063,531547,83
3,50,2,1064,532047,88
3,50,2,1065,532547,84
3,50,2,1066,533047,87
3,50,2,1067,533547,85
3,50,2,1068,534047,91
3,50,2,1069,534547,85
3,50,2,1070,535047,82
3,50,2,1071,535547,77
3,50,2,1072,536047,89
3,50,2,1073,536547,83
3,50,2,1074,537047,87
3,50,2,1075,537547,91
3,50,2,1076,538047,85
3,50,2,1077,538547,87
3,50,2,1078,539047,89
3,50,2,1079,539547,86
3,50,2,1080,540047,87
3,50,2,1081,540547,89
3,50,2,1082,541047,87
3,50,2,1083,541547,89
3,50,2,1084,542047,93
3,50,2,1085,542547,90
3,50,2,1086,543047,91
3,50,2,1087,543547,93
3,50,2,1088,544047,88
3,50,2,1089,544547,91
3,50,2,1090,545047,93
3,50,2,1091,545547,95
3,50,2,1092,546047,95
3,50,2,1093,546547,94
3,50,2,1094,547047,89
3,50,2,1095,547547,93
3,50,2,1096,548047,89
3,50,2,1097,548547,89
3,50,2,1098,549047,89
3,50,2,1099,549547,91
3,50,2,1100,550047,88
3,50,2,1101,550547,88
3,50,2,1102,551047,89
3,50,2,1103,551547,93
3,50,2,1104,552047,87
3,50,2,1105,552547,87
3,50,2,1106,553047,89
3,50,2,1107,553547,89
3,50,2,1108,554047,91
3,50,2,1109,554547,87
3,50,2,1110,555047,87
3,50,2,1111,555547,87
3,50,2,1112,556047,89
3,50,2,1113,556547,87
3,50,2,1114,557047,87
3,50,2,1115,557547,89
3,50,2,1116,558047,89
3,50,2,1117,558547,90
3,50,2,1118,559047,91
3,50,2,1119,559547,85
3,50,2,1120,560047,88
3,50,2,1121,560547,92
3,50,2,1122,561047,89
3,50,2,1123,561547,86
3,50,2,1124,562047,87
3,50,2,1125,562547,87
3,50,2,1126,563047,91
3,50,2,1127,563547,89
3,50,2,1128,564047,87
3,50,2,1129,564547,88
3,50,2,1130,565047,84
3,50,2,1131,565547,91
3,50,2,1132,566047,87
3,50,2,1133,566547,92
3,50,2,1134,567047,89
3,50,2,1135,567547,91
3,50,2,1136,568047,89
3,50,2,1137,568547,83
3,50,2,1138,569047,95
3,50,2,1139,569547,93
3,50,2,1140,570047,89
3,50,2,1141,570547,99
3,50,2,1142,571047,90
3,50,2,1143,571547,91
3,50,2,1144,572047,95
3,50,2,1145,572547,95
3,50,2,1146,573047,92
3,50,2,1147,573547,91
3,50,2,1148,574047,90
3,50,2,1149,574547,93
3,50,2,1150,575047,93
3,50,2,1151,575547,98
3,50,2,1152,576047,94
3,50,2,1153,576547,91
3,50,2,1154,577047,98
3,50,2,1155,577547,90
3,50,2,1156,578047,93
3,50,2,1157,578547,99
3,50,2,1158,579047,93
3,50,2,1159,579547,98
3,50,2,1160,580047,95
3,50,2,1161,580547,95
3,50,2,1162,581047,96
3,50,2,1163,581547,100
3,50,2,1164,582047,95
3,50,2,1165,582547,92
3,50,2,1166,583047,95
3,50,2,1167,583547,93
3,50,2,1168,584047,94
3,50,2,1169,584547,95
3,50,2,1170,585047,91
3,50,2,1171,585547,101
3,50,2,1172,586047,98
3,50,2,1173,586547,87
3,50,2,1174,587047,89
3,50,2,1175,587547,92
3,50,2,1176,588047,92
3,50,2,1177,588547,91
3,50,2,1178,589047,95
3,50,2,1179,589547,87
3,50,2,1180,590047,90
3,50,2,1181,590547,87
3,50,2,1182,591047,89
3,50,2,1183,591547,87
3,50,2,1184,592047,91
3,50,2,1185,592547,93
3,50,2,1186,593047,89
3,50,2,1187,593547,91
3,50,2,1188,594047,89
3,50,2,1189,594547,87
3,50,2,1190,595047,91
3,50,2,1191,595547,85
3,50,2,1192,596047,89
3,50,2,1193,596547,90
3,50,2,1194,597047,88
3,50,2,1195,597547,88
3,50,2,1196,598047,86
3,50,2,1197,598547,89
3,50,2,1198,599047,87
3,50,2,1199,599547,87
3,50,2,1200,600047,87
3,50,2,1201,600547,90
3,50,2,1202,601047,88
3,50,2,1203,601547,87
3,50,2,1204,602047,87
3,50,2,1205,602547,85
3,50,2,1206,603047,83
3,50,2,1207,603547,83
3,50,2,1208,604047,87
3,50,2,1209,604547,83
3,50,2,1210,605047,88
3,50,2,1211,605547,84
3,50,2,1212,606047,83
3,50,2,1213,606547,83
3,50,2,1214,607047,85
3,50,2,1215,607547,85
3,50,2,1216,608047,83
3,50,2,1217,608547,79
3,50,2,1218,609047,83
3,50,2,1219,609547,83
3,50,2,1220,610047,83
3,50,2,1221,610547,79
3,50,2,1222,611047,81
3,50,2,1223,611547,79
3,50,2,1224,612047,83
3,50,2,1225,612547,86
3,50,2,1226,613047,79
3,50,2,1227,613547,77
3,50,2,1228,614047,79
3,50,2,1229,614547,85
3,50,2,1230,615047,75
3,50,2,1231,615547,79
3,50,2,1232,616047,85
3,50,2,1233,616547,83
3,50,2,1234,617047,85
3,50,2,1235,617547,83
3,50,2,1236,618047,84
3,50,2,1237,618547,86
3,50,2,1238,619047,87
3,50,2,1239,619547,85
3,50,2,1240,620047,85
3,50,2,1241,620547,85
3,50,2,1242,621047,84
3,50,2,1243,621547,85
3,50,2,1244,622047,87
3,50,2,1245,622547,87
3,50,2,1246,623047,88
3,50,2,1247,623547,85
3,50,2,1248,624047,87
3,50,2,1249,624547,87
3,50,2,1250,625047,88
3,50,2,1251,625547,87
3,50,2,1252,626047,77
3,50,2,1253,626547,83
3,50,2,1254,627047,83
3,50,2,1255,627547,85
3,50,2,1256,628047,85
3,50,2,1257,628547,87
3,50,2,1258,629047,87
3,50,2,1259,629547,87
3,50,2,1260,630047,93
3,50,2,1261,630547,85
3,50,2,1262,631047,79
3,50,2,1263,631547,87
3,50,2,1264,632047,85
3,50,2,1265,632547,84
3,50,2,1266,633047,85
3,50,2,1267,633547,89
3,50,2,1268,634047,94
3,50,2,1269,634547,87
3,50,2,1270,635047,86
3,50,2,1271,635547,91
3,50,2,1272,636047,85
3,50,2,1273,636547,89
3,50,2,1274,637047,89
3,50,2,1275,637547,90
3,50,2,1276,638047,89
3,50,2,1277,638547,89
3,50,2,1278,639047,89
3,50,2,1279,639547,91
3,50,2,1280,640047,90
3,50,2,1281,640547,87
3,50,2,1282,641047,88
3,50,2,1283,641547,91
3,50,2,1284,642047,93
3,50,2,1285,642547,89
3,50,2,1286,643047,97
3,50,2,1287,643547,88
3,50,2,1288,644047,87
3,50,2,1289,644547,88
3,50,2,1290,645047,92
3,50,2,1291,645547,89
3,50,2,1292,646047,85
3,50,2,1293,646547,90
3,50,2,1294,647047,89
3,50,2,1295,647547,87
3,50,2,1296,648047,91
3,50,2,1297,648547,85
3,50,2,1298,649047,89
3,50,2,1299,649547,88
3,50,2,1300,650047,90
3,50,2,1301,650547,87
3,50,2,1302,651047,89
3,50,2,1303,651547,89
3,50,2,1304,652047,87
3,50,2,1305,652547,87
3,50,2,1306,653047,86
3,50,2,1307,653547,89
3,50,2,1308,654047,89
3,50,2,1309,654547,90
3,50,2,1310,655047,89
3,50,2,1311,655547,95
3,50,2,1312,656047,89
3,50,2,1313,656547,89
3,50,2,1314,657047,91
3,50,2,1315,657547,91
3,50,2,1316,658047,89
3,50,2,1317,658547,91
3,50,2,1318,659047,91
3,50,2,1319,659547,91
3,50,2,1320,660047,91
3,50,2,1321,660547,91
3,50,2,1322,661047,92
3,50,2,1323,661547,89
3,50,2,1324,662047,91
3,50,2,1325,662547,99
3,50,2,1326,663047,88
3,50,2,1327,663547,87
3,50,2,1328,664047,89
3,50,2,1329,664547,91
3,50,2,1330,665047,89
3,50,2,1331,665547,93
3,50,2,1332,666047,90
3,50,2,1333,666547,89
3,50,2,1334,667047,88
3,50,2,1335,667547,95
3,50,2,1336,668047,91
3,50,2,1337,668547,91
3,50,2,1338,669047,90
3,50,2,1339,669547,89
3,50,2,1340,670047,87
3,50,2,1341,670547,90
3,50,2,1342,671047,87
3,50,2,1343,671547,93
3,50,2,1344,672047,93
3,50,2,1345,672547,85
3,50,2,1346,673047,92
3,50,2,1347,673547,89
3,50,2,1348,674047,89
3,50,2,1349,674547,91
3,50,2,1350,675047,92
3,50,2,1351,675547,90
3,50,2,1352,676047,88
3,50,2,1353,676547,87
3,50,2,1354,677047,89
3,50,2,1355,677547,94
3,50,2,1356,678047,85
3,50,2,1357,678547,91
3,50,2,1358,679047,87
3,50,2,1359,679547,87
3,50,2,1360,680047,88
3,50,2,1361,680547,89
3,50,2,1362,681047,89
3,50,2,1363,681547,92
3,50,2,1364,682047,91
3,50,2,1365,682547,89
3,50,2,1366,683047,89
3,50,2,1367,683547,91
3,50,2,1368,684047,91
3,50,2,1369,684547,91
3,50,2,1370,685047,87
3,50,2,1371,685547,90
3,50,2,1372,686047,95
3,50,2,1373,686547,87
3,50,2,1374,687047,79
3,50,2,1375,687547,89
3,50,2,1376,688047,89
3,50,2,1377,688547,89
3,50,2,1378,689047,101
3,50,2,1379,689547,91
3,50,2,1380,690047,91
3,50,2,1381,690547,91
3,50,2,1382,691047,91
3,50,2,1383,691547,93
3,50,2,1384,692047,94
3,50,2,1385,692547,95
3,50,2,1386,693047,85
3,50,2,1387,693547,91
3,50,2,1388,694047,91
3,50,2,1389,694547,90
3,50,2,1390,695047,87
3,50,2,1391,695547,88
3,50,2,1392,696047,88
3,50,2,1393,696547,90
3,50,2,1394,697047,89
3,50,2,1395,697547,89
3,50,2,1396,698047,88
3,50,2,1397,698547,87
3,50,2,1398,699047,87
3,50,2,1399,699547,85
3,50,2,1400,700047,85
3,50,2,1401,700547,85
3,50,2,1402,701047,87
3,50,2,1403,701547,85
3,50,2,1404,702047,89
3,50,2,1405,702547,90
3,50,2,1406,703047,85
3,50,2,1407,703547,86
3,50,2,1408,704047,91
3,50,2,1409,704547,85
3,50,2,1410,705047,85
3,50,2,1411,705547,84
3,50,2,1412,706047,92
3,50,2,1413,706547,84
3,50,2,1414,707047,92
3,50,2,1415,707547,91
3,50,2,1416,708047,89
3,50,2,1417,708547,89
3,50,2,1418,709047,91
3,50,2,1419,709547,89
3,50,2,1420,710047,89
3,50,2,1421,710547,85
3,50,2,1422,711047,89
3,50,2,1423,711547,83
3,50,2,1424,712047,87
3,50,2,1425,712547,90
3,50,2,1426,713047,85
3,50,2,1427,713547,89
3,50,2,1428,714047,86
3,50,2,1429,714547,88
3,50,2,1430,715047,89
3,50,2,1431,715547,91
3,50,2,1432,716047,89
3,50,2,1433,716547,89
3,50,2,1434,717047,88
3,50,2,1435,717547,91
3,50,2,1436,718047,85
3,50,2,1437,718547,87
3,50,2,1438,719047,88
3,50,2,1439,719547,88
3,50,2,1440,720047,83
3,50,2,1441,720547,85
3,50,2,1442,721047,85
3,50,2,1443,721547,89
3,50,2,1444,722047,85
3,50,2,1445,722547,91
3,50,2,1446,723047,84
3,50,2,1447,723547,89
3,50,2,1448,724047,87
3,50,2,1449,724547,94
3,50,2,1450,725047,79
3,50,2,1451,725547,88
3,50,2,1452,726047,91
3,50,2,1453,726547,87
3,50,2,1454,727047,86
3,50,2,1455,727547,84
3,50,2,1456,728047,85
3,50,2,1457,728547,89
3,50,2,1458,729047,87
3,50,2,1459,729547,87
3,50,2,1460,730047,87
3,50,2,1461,730547,85
3,50,2,1462,731047,91
3,50,2,1463,731547,89
3,50,2,1464,732047,87
3,50,2,1465,732547,83
3,50,2,1466,733047,87
3,50,2,1467,733547,85
3,50,2,1468,734047,93
3,50,2,1469,734547,86
3,50,2,1470,735047,85
3,50,2,1471,735547,88
3,50,2,1472,736047,84
3,50,2,1473,736547,85
3,50,2,1474,737047,84
3,50,2,1475,737547,87
3,50,2,1476,738047,84
3,50,2,1477,738547,83
3,50,2,1478,739047,90
3,50,2,1479,739547,93
3,50,2,1480,740047,89
3,50,2,1481,740547,89
3,50,2,1482,741047,87
3,50,2,1483,741547,89
3,50,2,1484,742047,89
3,50,2,1485,742547,93
3,50,2,1486,743047,88
3,50,2,1487,743547,87
3,50,2,1488,744047,89
3,50,2,1489,744547,89
3,50,2,1490,745047,91
3,50,2,1491,745547,90
3,50,2,1492,746047,87
3,50,2,1493,746547,93
3,50,2,1494,747047,91
3,50,2,1495,747547,90
3,50,2,1496,748047,89
3,50,2,1497,748547,100
3,50,2,1498,749047,89
3,50,2,1499,749547,91
3,50,2,1500,750047,87
3,50,2,1501,750547,92
3,50,2,1502,751047,87
3,50,2,1503,751547,87
3,50,2,1504,752047,88
3,50,2,1505,752547,89
3,50,2,1506,753047,87
3,50,2,1507,753547,87
3,50,2,1508,754047,85
3,50,2,1509,754547,91
3,50,2,1510,755047,88
3,50,2,1511,755547,87
3,50,2,1512,756047,86
3,50,2,1513,756547,88
3,50,2,1514,757047,85
3,50,2,1515,757547,89
3,50,2,1516,758047,85
3,50,2,1517,758547,86
3,50,2,1518,759047,86
3,50,2,1519,759547,85
3,50,2,1520,760047,86
3,50,2,1521,760547,89
3,50,2,1522,761047,85
3,50,2,1523,761547,88
3,50,2,1524,762047,87
3,50,2,1525,762547,85
3,50,2,1526,763047,83
3,50,2,1527,763547,84
3,50,2,1528,764047,85
3,50,2,1529,764547,84
3,50,2,1530,765047,82
3,50,2,1531,765547,84
3,50,2,1532,766047,85
3,50,2,1533,766547,85
3,50,2,1534,767047,85
3,50,2,1535,767547,87
3,50,2,1536,768047,83
3,50,2,1537,768547,91
3,50,2,1538,769047,83
3,50,2,1539,769547,85
3,50,2,1540,770047,84
3,50,2,1541,770547,86
3,50,2,1542,771047,85
3,50,2,1543,771547,87
3,50,2,1544,772047,87
3,50,2,1545,772547,89
3,50,2,1546,773047,86
3,50,2,1547,773547,89
3,50,2,1548,774047,87
3,50,2,1549,774547,88
3,50,2,1550,775047,88
3,50,2,1551,775547,89
3,50,2,1552,776047,89
3,50,2,1553,776547,85
3,50,2,1554,777047,89
3,50,2,1555,777547,90
3,50,2,1556,778047,87
3,50,2,1557,778547,88
3,50,2,1558,779047,87
3,50,2,1559,779547,91
3,50,2,1560,780047,88
3,50,2,1561,780547,89
3,50,2,1562,781047,88
3,50,2,1563,781547,91
3,50,2,1564,782047,89
3,50,2,1565,782547,87
3,50,2,1566,783047,89
3,50,2,1567,783547,89
3,50,2,1568,784047,88
3,50,2,1569,784547,87
3,50,2,1570,785047,88
3,50,2,1571,785547,91
3,50,2,1572,786047,91
3,50,2,1573,786547,87
3,50,2,1574,787047,89
3,50,2,1575,787547,85
3,50,2,1576,788047,100
3,50,2,1577,788547,91
3,50,2,1578,789047,93
3,50,2,1579,789547,91
3,50,2,1580,790047,88
3,50,2,1581,790547,93
3,50,2,1582,791047,83
3,50,2,1583,791547,83
3,50,2,1584,792047,89
3,50,2,1585,792547,88
3,50,2,1586,793047,82
3,50,2,1587,793547,91
3,50,2,1588,794047,87
3,50,2,1589,794547,84
3,50,2,1590,795047,83
3,50,2,1591,795547,85
3,50,2,1592,796047,93
3,50,2,1593,796547,85
3,50,2,1594,797047,89
3,50,2,1595,797547,89
3,50,2,1596,798047,85
3,50,2,1597,798547,85
3,50,2,1598,799047,85
3,50,2,1599,799547,83
3,50,2,1600,800047,84
3,50,2,1601,800547,87
3,50,2,1602,801047,83
3,50,2,1603,801547,85
3,50,2,1604,802047,86
3,50,2,1605,802547,87
3,50,2,1606,803047,85
3,50,2,1607,803547,85
3,50,2,1608,804047,84
3,50,2,1609,804547,88
3,50,2,1610,805047,89
3,50,2,1611,805547,85
3,50,2,1612,806047,88
3,50,2,1613,806547,83
3,50,2,1614,807047,85
3,50,2,1615,807547,87
3,50,2,1616,808047,83
3,50,2,1617,808547,88
3,50,2,1618,809047,87
3,50,2,1619,809547,84
3,50,2,1620,810047,86
3,50,2,1621,810547,89
3,50,2,1622,811047,88
3,50,2,1623,811547,86
3,50,2,1624,812047,87
3,50,2,1625,812547,89
3,50,2,1626,813047,93
3,50,2,1627,813547,85
3,50,2,1628,814047,83
3,50,2,1629,814547,85
3,50,2,1630,815047,89
3,50,2,1631,815547,91
3,50,2,1632,816047,89
3,50,2,1633,816547,90
3,50,2,1634,817047,91
3,50,2,1635,817547,88
3,50,2,1636,818047,89
3,50,2,1637,818547,88
3,50,2,1638,819047,91
3,50,2,1639,819547,85
3,50,2,1640,820047,91
3,50,2,1641,820547,85
3,50,2,1642,821047,93
3,50,2,1643,821547,92
3,50,2,1644,822047,83
3,50,2,1645,822547,87
3,50,2,1646,823047,88
3,50,2,1647,823547,91
3,50,2,1648,824047,83
3,50,2,1649,824547,91
3,50,2,1650,825047,84
3,50,2,1651,825547,89
3,50,2,1652,826047,87
3,50,2,1653,826547,87
3,50,2,1654,827047,89
3,50,2,1655,827547,88
3,50,2,1656,828047,87
3,50,2,1657,828547,91
3,50,2,1658,829047,85
3,50,2,1659,829547,87
3,50,2,1660,830047,89
3,50,2,1661,830547,91
3,50,2,1662,831047,87
3,50,2,1663,831547,85
3,50,2,1664,832047,87
3,50,2,1665,832547,87
3,50,2,1666,833047,91
3,50,2,1667,833547,93
3,50,2,1668,834047,87
3,50,2,1669,834547,85
3,50,2,1670,835047,89
3,50,2,1671,835547,87
3,50,2,1672,836047,87
3,50,2,1673,836547,89
3,50,2,1674,837047,89
3,50,2,1675,837547,86
3,50,2,1676,838047,89
3,50,2,1677,838547,84
3,50,2,1678,839047,87
3,50,2,1679,839547,85
3,50,2,1680,840047,89
3,50,2,1681,840547,88
3,50,2,1682,841047,79
3,50,2,1683,841547,91
3,50,2,1684,842047,87
3,50,2,1685,842547,84
3,50,2,1686,843047,89
3,50,2,1687,843547,87
3,50,2,1688,844047,88
3,50,2,1689,844547,87
3,50,2,1690,845047,88
3,50,2,1691,845547,82
3,50,2,1692,846047,79
3,50,2,1693,846547,89
3,50,2,1694,847047,79
3,50,2,1695,847547,84
3,50,2,1696,848047,83
3,50,2,1697,848547,83
3,50,2,1698,849047,84
3,50,2,1699,849547,88
3,50,2,1700,850047,85
3,50,2,1701,850547,83
3,50,2,1702,851047,84
3,50,2,1703,851547,87
3,50,2,1704,852047,85
3,50,2,1705,852547,84
3,50,2,1706,853047,85
3,50,2,1707,853547,88
3,50,2,1708,854047,88
3,50,2,1709,854547,86
3,50,2,1710,855047,91
3,50,2,1711,855547,87
3,50,2,1712,856047,87
3,50,2,1713,856547,87
3,50,2,1714,857047,88
3,50,2,1715,857547,85
3,50,2,1716,858047,89
3,50,2,1717,858547,86
3,50,2,1718,859047,87
3,50,2,1719,859547,85
3,50,2,1720,860047,83
3,50,2,1721,860547,87
3,50,2,1722,861047,91
3,50,2,1723,861547,87
3,50,2,1724,862047,85
3,50,2,1725,862547,85
3,50,2,1726,863047,83
3,50,2,1727,863547,85
3,50,2,1728,864047,85
3,50,2,1729,864547,83
3,50,2,1730,865047,87
3,50,2,1731,865547,89
3,50,2,1732,866047,80
3,50,2,1733,866547,85
3,50,2,1734,867047,87
3,50,2,1735,867547,89
3,50,2,1736,868047,86
3,50,2,1737,868547,87
3,50,2,1738,869047,87
3,50,2,1739,869547,88
3,50,2,1740,870047,86
3,50,2,1741,870547,88
3,50,2,1742,871047,88
3,50,2,1743,871547,91
3,50,2,1744,872047,89
3,50,2,1745,872547,88
3,50,2,1746,873047,85
3,50,2,1747,873547,91
3,50,2,1748,874047,89
3,50,2,1749,874547,87
3,50,2,1750,875047,89
3,50,2,1751,875547,89
3,50,2,1752,876047,85
3,50,2,1753,876547,87
3,50,2,1754,877047,88
3,50,2,1755,877547,85
3,50,2,1756,878047,91
3,50,2,1757,878547,89
3,50,2,1758,879047,86
3,50,2,1759,879547,87
3,50,2,1760,880047,90
3,50,2,1761,880547,92
3,50,2,1762,881047,89
3,50,2,1763,881547,91
3,50,2,1764,882047,89
3,50,2,1765,882547,93
3,50,2,1766,883047,95
3,50,2,1767,883547,91
3,50,2,1768,884047,90
3,50,2,1769,884547,89
3,50,2,1770,885047,91
3,50,2,1771,885547,93
3,50,2,1772,886047,93
3,50,2,1773,886547,91
3,50,2,1774,887047,85
3,50,2,1775,887547,93
3,50,2,1776,888047,88
3,50,2,1777,888547,101
3,50,2,1778,889047,91
3,50,2,1779,889547,88
3,50,2,1780,890047,91
3,50,2,1781,890547,87
3,50,2,1782,891047,91
3,50,2,1783,891547,89
3,50,2,1784,892047,90
3,50,2,1785,892547,91
3,50,2,1786,893047,90
3,50,2,1787,893547,88
3,50,2,1788,894047,92
3,50,2,1789,894547,87
3,50,2,1790,895047,89
3,50,2,1791,895547,90
3,50,2,1792,896047,85
3,50,2,1793,896547,89
3,50,2,1794,897047,90
3,50,2,1795,897547,88
3,50,2,1796,898047,85
3,50,2,1797,898547,89
3,50,2,1798,899047,91
3,50,2,1799,899547,89
3,50,2,1800,900047,91
3,50,2,1801,900547,91
3,50,2,1802,901047,91
3,50,2,1803,901547,90
3,50,2,1804,902047,85
3,50,2,1805,902547,91
3,50,2,1806,903047,93
3,50,2,1807,903547,87
3,50,2,1808,904047,87
3,50,2,1809,904547,89
3,50,2,1810,905047,90
3,50,2,1811,905547,89
3,50,2,1812,906047,88
3,50,2,1813,906547,87
3,50,2,1814,907047,87
3,50,2,1815,907547,91
3,50,2,1816,908047,87
3,50,2,1817,908547,85
3,50,2,1818,909047,87
3,50,2,1819,909547,89
3,50,2,1820,910047,84
3,50,2,1821,910547,88
3,50,2,1822,911047,91
3,50,2,1823,911547,91
3,50,2,1824,912047,87
3,50,2,1825,912547,89
3,50,2,1826,913047,91
3,50,2,1827,913547,89
3,50,2,1828,914047,86
3,50,2,1829,914547,85
3,50,2,1830,915047,89
3,50,2,1831,915547,87
3,50,2,1832,916047,88
3,50,2,1833,916547,83
3,50,2,1834,917047,85
3,50,2,1835,917547,85
3,50,2,1836,918047,89
3,50,2,1837,918547,85
3,50,2,1838,919047,87
3,50,2,1839,919547,86
3,50,2,1840,920047,87
3,50,2,1841,920547,85
3,50,2,1842,921047,89
3,50,2,1843,921547,85
3,50,2,1844,922047,85
3,50,2,1845,922547,87
3,50,2,1846,923047,84
3,50,2,1847,923547,91
3,50,2,1848,924047,86
3,50,2,1849,924547,83
3,50,2,1850,925047,85
3,50,2,1851,925547,89
3,50,2,1852,926047,87
3,50,2,1853,926547,87
3,50,2,1854,927047,87
3,50,2,1855,927547,84
3,50,2,1856,928047,83
3,50,2,1857,928547,88
3,50,2,1858,929047,87
3,50,2,1859,929547,82
3,50,2,1860,930047,83
3,50,2,1861,930547,87
3,50,2,1862,931047,84
3,50,2,1863,931547,83
3,50,2,1864,932047,89
3,50,2,1865,932547,85
3,50,2,1866,933047,91
3,50,2,1867,933547,85
3,50,2,1868,934047,86
3,50,2,1869,934547,87
3,50,2,1870,935047,85
3,50,2,1871,935547,89
3,50,2,1872,936047,84
3,50,2,1873,936547,84
3,50,2,1874,937047,87
3,50,2,1875,937547,89
3,50,2,1876,938047,87
3,50,2,1877,938547,85
3,50,2,1878,939047,79
3,50,2,1879,939547,87
3,50,2,1880,940047,85
3,50,2,1881,940547,87
3,50,2,1882,941047,83
3,50,2,1883,941547,85
3,50,2,1884,942047,78
3,50,2,1885,942547,89
3,50,2,1886,943047,87
3,50,2,1887,943547,78
3,50,2,1888,944047,87
3,50,2,1889,944547,83
3,50,2,1890,945047,85
3,50,2,1891,945547,82
3,50,2,1892,946047,85
3,50,2,1893,946547,91
3,50,2,1894,947047,87
3,50,2,1895,947547,77
3,50,2,1896,948047,86
3,50,2,1897,948547,83
3,50,2,1898,949047,89
3,50,2,1899,949547,85
3,50,2,1900,950047,83
3,50,2,1901,950547,88
3,50,2,1902,951047,88
3,50,2,1903,951547,83
3,50,2,1904,952047,85
3,50,2,1905,952547,85
3,50,2,1906,953047,87
3,50,2,1907,953547,88
3,50,2,1908,954047,83
3,50,2,1909,954547,87
3,50,2,1910,955047,84
3,50,2,1911,955547,85
3,50,2,1912,956047,86
3,50,2,1913,956547,87
3,50,2,1914,957047,83
3,50,2,1915,957547,83
3,50,2,1916,958047,83
3,50,2,1917,958547,85
3,50,2,1918,959047,85
3,50,2,1919,959547,77
3,50,2,1920,960047,84
3,50,2,1921,960547,83
3,50,2,1922,961047,83
3,50,2,1923,961547,88
3,50,2,1924,962047,84
3,50,2,1925,962547,81
3,50,2,1926,963047,87
3,50,2,1927,963547,84
3,50,2,1928,964047,83
3,50,2,1929,964547,79
3,50,2,1930,965047,83
3,50,2,1931,965547,85
3,50,2,1932,966047,83
3,50,2,1933,966547,79
3,50,2,1934,967047,80
3,50,2,1935,967547,89
3,50,2,1936,968047,85
3,50,2,1937,968547,87
3,50,2,1938,969047,86
3,50,2,1939,969547,89
3,50,2,1940,970047,89
3,50,2,1941,970547,87
3,50,2,1942,971047,77
3,50,2,1943,971547,90
3,50,2,1944,972047,83
3,50,2,1945,972547,87
3,50,2,1946,973047,85
3,50,2,1947,973547,86
3,50,2,1948,974047,89
3,50,2,1949,974547,91
3,50,2,1950,975047,87
3,50,2,1951,975547,87
3,50,2,1952,976047,91
3,50,2,1953,976547,85
3,50,2,1954,977047,87
3,50,2,1955,977547,89
3,50,2,1956,978047,93
3,50,2,1957,978547,85
3,50,2,1958,979047,88
3,50,2,1959,979547,86
3,50,2,1960,980047,86
3,50,2,1961,980547,85
3,50,2,1962,981047,93
3,50,2,1963,981547,79
3,50,2,1964,982047,79
3,50,2,1965,982547,87
3,50,2,1966,983047,86
3,50,2,1967,983547,88
3,50,2,1968,984047,88
3,50,2,1969,984547,87
3,50,2,1970,985047,85
3,50,2,1971,985547,89
3,50,2,1972,986047,89
3,50,2,1973,986547,91
3,50,2,1974,987047,91
3,50,2,1975,987547,91
3,50,2,1976,988047,91
3,50,2,1977,988547,90
3,50,2,1978,989047,89
3,50,2,1979,989547,89
3,50,2,1980,990047,87
3,50,2,1981,990547,88
3,50,2,1982,991047,88
3,50,2,1983,991547,85
3,50,2,1984,992047,88
3,50,2,1985,992547,88
3,50,2,1986,993047,86
3,50,2,1987,993547,91
3,50,2,1988,994047,87
3,50,2,1989,994547,85
3,50,2,1990,995047,91
3,50,2,1991,995547,87
3,50,2,1992,996047,87
3,50,2,1993,996547,89
3,50,2,1994,997047,87
3,50,2,1995,997547,85
3,50,2,1996,998047,89
3,50,2,1997,998547,88
3,50,2,1998,999047,87
3,50,2,1999,999547,93
3,50,3,0,48,86
3,50,3,1,547,85
3,50,3,2,1047,79
3,50,3,3,1547,87
3,50,3,4,2047,77
3,50,3,5,2547,83
3,50,3,6,3047,79
3,50,3,7,3547,79
3,50,3,8,4047,77
3,50,3,9,4547,84
3,50,3,10,5047,83
3,50,3,11,5547,79
3,50,3,12,6047,81
3,50,3,13,6547,82
3,50,3,14,7047,84
3,50,3,15,7547,83
3,50,3,16,8047,84
3,50,3,17,8547,77
3,50,3,18,9047,79
3,50,3,19,9547,85
3,50,3,20,10047,75
3,50,3,21,10547,83
3,50,3,22,11047,85
3,50,3,23,11547,83
3,50,3,24,12047,79
3,50,3,25,12547,85
3,50,3,26,13047,80
3,50,3,27,13547,81
3,50,3,28,14047,83
3,50,3,29,14547,84
3,50,3,30,15047,83
3,50,3,31,15547,85
3,50,3,32,16047,85
3,50,3,33,16547,85
3,50,3,34,17047,84
3,50,3,35,17547,85
3,50,3,36,18047,89
3,50,3,37,18547,82
3,50,3,38,19047,82
3,50,3,39,19547,85
3,50,3,40,20047,84
3,50,3,41,20547,87
3,50,3,42,21047,78
3,50,3,43,21547,79
3,50,3,44,22047,85
3,50,3,45,22547,79
3,50,3,46,23047,89
3,50,3,47,23547,87
3,50,3,48,24047,88
3,50,3,49,24547,77
3,50,3,50,25047,83
3,50,3,51,25547,84
3,50,3,52,26047,83
3,50,3,53,26547,82
3,50,3,54,27047,83
3,50,3,55,27547,83
3,50,3,56,28047,79
3,50,3,57,28547,85
3,50,3,58,29047,78
3,50,3,59,29547,83
3,50,3,60,30047,83
3,50,3,61,30547,86
3,50,3,62,31047,83
3,50,3,63,31547,79
3,50,3,64,32047,79
3,50,3,65,32547,83
3,50,3,66,33047,79
3,50,3,67,33547,84
3,50,3,68,34047,78
3,50,3,69,34547,78
3,50,3,70,35047,83
3,50,3,71,35547,83
3,50,3,72,36047,79
3,50,3,73,36547,79
3,50,3,74,37047,82
3,50,3,75,37547,79
3,50,3,76,38047,87
3,50,3,77,38547,88
3,50,3,78,39047,87
3,50,3,79,39547,83
3,50,3,80,40047,89
3,50,3,81,40547,87
3,50,3,82,41047,88
3,50,3,83,41547,78
3,50,3,84,42047,87
3,50,3,85,42547,84
3,50,3,86,43047,91
3,50,3,87,43547,85
3,50,3,88,44047,84
3,50,3,89,44547,83
3,50,3,90,45047,85
3,50,3,91,45547,87
3,50,3,92,46047,87
3,50,3,93,46547,90
3,50,3,94,47047,85
3,50,3,95,47547,91
3,50,3,96,48047,85
3,50,3,97,48547,87
3,50,3,98,49047,86
3,50,3,99,49547,89
3,50,3,100,50047,87
3,50,3,101,50547,89
3,50,3,102,51047,85
3,50,3,103,51547,87
3,50,3,104,52047,83
3,50,3,105,52547,89
3,50,3,106,53047,86
3,50,3,107,53547,83
3,50,3,108,54047,83
3,50,3,109,54547,81
3,50,3,110,55047,89
3,50,3,111,55547,85
3,50,3,112,56047,85
3,50,3,113,56547,81
3,50,3,114,57047,86
3,50,3,115,57547,84
3,50,3,116,58047,85
3,50,3,117,58547,85
3,50,3,118,59047,83
3,50,3,119,59547,79
3,50,3,120,60047,85
3,50,3,121,60547,85
3,50,3,122,61047,87
3,50,3,123,61547,83
3,50,3,124,62047,82
3,50,3,125,62547,83
3,50,3,126,63047,84
3,50,3,127,63547,79
3,50,3,128,64047,83
3,50,3,129,64547,77
3,50,3,130,65047,84
3,50,3,131,65547,82
3,50,3,132,66047,87
3,50,3,133,66547,82
3,50,3,134,67047,79
3,50,3,135,67547,75
3,50,3,136,68047,76
3,50,3,137,68547,78
3,50,3,138,69047,83
3,50,3,139,69547,79
3,50,3,140,70047,85
3,50,3,141,70547,83
3,50,3,142,71047,79
3,50,3,143,71547,79
3,50,3,144,72047,82
3,50,3,145,72547,85
3,50,3,146,73047,82
3,50,3,147,73547,83
3,50,3,148,74047,85
3,50,3,149,74547,76
3,50,3,150,75047,81
3,50,3,151,75547,85
3,50,3,152,76047,77
3,50,3,153,76547,83
3,50,3,154,77047,87
3,50,3,155,77547,89
3,50,3,156,78047,77
3,50,3,157,78547,83
3,50,3,158,79047,86
3,50,3,159,79547,86
3,50,3,160,80047,85
3,50,3,161,80547,79
3,50,3,162,81047,83
3,50,3,163,81547,91
3,50,3,164,82047,81
3,50,3,165,82547,87
3,50,3,166,83047,84
3,50,3,167,83547,89
3,50,3,168,84047,86
3,50,3,169,84547,84
3,50,3,170,85047,85
3,50,3,171,85547,87
3,50,3,172,86047,88
3,50,3,173,86547,89
3,50,3,174,87047,83
3,50,3,175,87547,87
3,50,3,176,88047,93
3,50,3,177,88547,89
3,50,3,178,89047,86
3,50,3,179,89547,91
3,50,3,180,90047,91
3,50,3,181,90547,87
3,50,3,182,91047,87
3,50,3,183,91547,87
3,50,3,184,92047,87
3,50,3,185,92547,86
3,50,3,186,93047,89
3,50,3,187,93547,85
3,50,3,188,94047,91
3,50,3,189,94547,87
3,50,3,190,95047,83
3,50,3,191,95547,92
3,50,3,192,96047,90
3,50,3,193,96547,86
3,50,3,194,97047,92
3,50,3,195,97547,85
3,50,3,196,98047,86
3,50,3,197,98547,88
3,50,3,198,99047,87
3,50,3,199,99547,89
3,50,3,200,100047,91
3,50,3,201,100547,81
3,50,3,202,101047,85
3,50,3,203,101547,87
3,50,3,204,102047,86
3,50,3,205,102547,87
3,50,3,206,103047,83
3,50,3,207,103547,88
3,50,3,208,104047,85
3,50,3,209,104547,85
3,50,3,210,105047,87
3,50,3,211,105547,83
3,50,3,212,106047,83
3,50,3,213,106547,83
3,50,3,214,107047,87
3,50,3,215,107547,85
3,50,3,216,108047,85
3,50,3,217,108547,87
3,50,3,218,109047,85
3,50,3,219,109547,82
3,50,3,220,110047,81
3,50,3,221,110547,85
3,50,3,222,111047,83
3,50,3,223,111547,85
3,50,3,224,112047,79
3,50,3,225,112547,83
3,50,3,226,113047,85
3,50,3,227,113547,87
3,50,3,228,114047,77
3,50,3,229,114547,76
3,50,3,230,115047,85
3,50,3,231,115547,83
3,50,3,232,116047,87
3,50,3,233,116547,86
3,50,3,234,117047,91
3,50,3,235,117547,84
3,50,3,236,118047,83
3,50,3,237,118547,87
3,50,3,238,119047,83
3,50,3,239,119547,83
3,50,3,240,120047,83
3,50,3,241,120547,89
3,50,3,242,121047,88
3,50,3,243,121547,85
3,50,3,244,122047,85
3,50,3,245,122547,88
3,50,3,246,123047,83
3,50,3,247,123547,83
3,50,3,248,124047,87
3,50,3,249,124547,83
3,50,3,250,125047,85
3,50,3,251,125547,82
3,50,3,252,126047,87
3,50,3,253,126547,85
3,50,3,254,127047,86
3,50,3,255,127547,83
3,50,3,256,128047,85
3,50,3,257,128547,77
3,50,3,258,129047,89
3,50,3,259,129547,82
3,50,3,260,130047,86
3,50,3,261,130547,87
3,50,3,262,131047,83
3,50,3,263,131547,87
3,50,3,264,132047,87
3,50,3,265,132547,83
3,50,3,266,133047,87
3,50,3,267,133547,87
3,50,3,268,134047,88
3,50,3,269,134547,85
3,50,3,270,135047,83
3,50,3,271,135547,89
3,50,3,272,136047,83
3,50,3,273,136547,89
3,50,3,274,137047,85
3,50,3,275,137547,87
3,50,3,276,138047,83
3,50,3,277,138547,83
3,50,3,278,139047,86
3,50,3,279,139547,83
3,50,3,280,140047,83
3,50,3,281,140547,87
3,50,3,282,141047,77
3,50,3,283,141547,83
3,50,3,284,142047,92
3,50,3,285,142547,87
3,50,3,286,143047,86
3,50,3,287,143547,81
3,50,3,288,144047,77
3,50,3,289,144547,85
3,50,3,290,145047,85
3,50,3,291,145547,83
3,50,3,292,146047,87
3,50,3,293,146547,88
3,50,3,294,147047,77
3,50,3,295,147547,85
3,50,3,296,148047,87
3,50,3,297,148547,84
3,50,3,298,149047,77
3,50,3,299,149547,83
3,50,3,300,150047,89
3,50,3,301,150547,85
3,50,3,302,151047,83
3,50,3,303,151547,86
3,50,3,304,152047,85
3,50,3,305,152547,84
3,50,3,306,153047,89
3,50,3,307,153547,79
3,50,3,308,154047,83
3,50,3,309,154547,83
3,50,3,310,155047,88
3,50,3,311,155547,85
3,50,3,312,156047,79
3,50,3,313,156547,85
3,50,3,314,157047,85
3,50,3,315,157547,84
3,50,3,316,158047,84
3,50,3,317,158547,83
3,50,3,318,159047,87
3,50,3,319,159547,85
3,50,3,320,160047,85
3,50,3,321,160547,85
3,50,3,322,161047,88
3,50,3,323,161547,83
3,50,3,324,162047,83
3,50,3,325,162547,83
3,50,3,326,163047,85
3,50,3,327,163547,77
3,50,3,328,164047,84
3,50,3,329,164547,76
3,50,3,330,165047,85
3,50,3,331,165547,85
3,50,3,332,166047,83
3,50,3,333,166547,83
3,50,3,334,167047,83
3,50,3,335,167547,81
3,50,3,336,168047,79
3,50,3,337,168547,87
3,50,3,338,169047,89
3,50,3,339,169547,82
3,50,3,340,170047,90
3,50,3,341,170547,87
3,50,3,342,171047,87
3,50,3,343,171547,83
3,50,3,344,172047,87
3,50,3,345,172547,84
3,50,3,346,173047,83
3,50,3,347,173547,84
3,50,3,348,174047,85
3,50,3,349,174547,87
3,50,3,350,175047,85
3,50,3,351,175547,89
3,50,3,352,176047,89
3,50,3,353,176547,87
3,50,3,354,177047,85
3,50,3,355,177547,86
3,50,3,356,178047,88
3,50,3,357,178547,87
3,50,3,358,179047,89
3,50,3,359,179547,89
3,50,3,360,180047,89
3,50,3,361,180547,91
3,50,3,362,181047,89
3,50,3,363,181547,91
3,50,3,364,182047,85
3,50,3,365,182547,87
3,50,3,366,183047,85
3,50,3,367,183547,91
3,50,3,368,184047,83
3,50,3,369,184547,89
3,50,3,370,185047,92
3,50,3,371,185547,88
3,50,3,372,186047,90
3,50,3,373,186547,87
3,50,3,374,187047,87
3,50,3,375,187547,88
3,50,3,376,188047,86
3,50,3,377,188547,87
3,50,3,378,189047,85
3,50,3,379,189547,85
3,50,3,380,190047,83
3,50,3,381,190547,87
3,50,3,382,191047,88
3,50,3,383,191547,77
3,50,3,384,192047,87
3,50,3,385,192547,86
3,50,3,386,193047,85
3,50,3,387,193547,83
3,50,3,388,194047,87
3,50,3,389,194547,81
3,50,3,390,195047,83
3,50,3,391,195547,82
3,50,3,392,196047,84
3,50,3,393,196547,87
3,50,3,394,197047,87
3,50,3,395,197547,91
3,50,3,396,198047,83
3,50,3,397,198547,85
3,50,3,398,199047,89
3,50,3,399,199547,82
3,50,3,400,200047,84
3,50,3,401,200547,88
3,50,3,402,201047,82
3,50,3,403,201547,79
3,50,3,404,202047,87
3,50,3,405,202547,91
3,50,3,406,203047,83
3,50,3,407,203547,87
3,50,3,408,204047,83
3,50,3,409,204547,89
3,50,3,410,205047,88
3,50,3,411,205547,78
3,50,3,412,206047,85
3,50,3,413,206547,85
3,50,3,414,207047,79
3,50,3,415,207547,89
3,50,3,416,208047,85
3,50,3,417,208547,78
3,50,3,418,209047,83
3,50,3,419,209547,87
3,50,3,420,210047,84
3,50,3,421,210547,87
3,50,3,422,211047,90
3,50,3,423,211547,91
3,50,3,424,212047,85
3,50,3,425,212547,87
3,50,3,426,213047,86
3,50,3,427,213547,89
3,50,3,428,214047,91
3,50,3,429,214547,85
3,50,3,430,215047,87
3,50,3,431,215547,91
3,50,3,432,216047,89
3,50,3,433,216547,91
3,50,3,434,217047,85
3,50,3,435,217547,87
3,50,3,436,218047,89
3,50,3,437,218547,84
3,50,3,438,219047,85
3,50,3,439,219547,87
3,50,3,440,220047,88
3,50,3,441,220547,84
3,50,3,442,221047,85
3,50,3,443,221547,87
3,50,3,444,222047,84
3,50,3,445,222547,89
3,50,3,446,223047,83
3,50,3,447,223547,83
3,50,3,448,224047,87
3,50,3,449,224547,84
3,50,3,450,225047,79
3,50,3,451,225547,78
3,50,3,452,226047,82
3,50,3,453,226547,85
3,50,3,454,227047,81
3,50,3,455,227547,77
3,50,3,456,228047,82
3,50,3,457,228547,87
3,50,3,458,229047,85
3,50,3,459,229547,88
3,50,3,460,230047,79
3,50,3,461,230547,79
3,50,3,462,231047,85
3,50,3,463,231547,84
3,50,3,464,232047,83
3,50,3,465,232547,85
3,50,3,466,233047,86
3,50,3,467,233547,84
3,50,3,468,234047,83
3,50,3,469,234547,85
3,50,3,470,235047,86
3,50,3,471,235547,83
3,50,3,472,236047,99
3,50,3,473,236547,73
3,50,3,474,237047,91
3,50,3,475,237547,86
3,50,3,476,238047,79
3,50,3,477,238547,83
3,50,3,478,239047,89
3,50,3,479,239547,85
3,50,3,480,240047,87
3,50,3,481,240547,86
3,50,3,482,241047,83
3,50,3,483,241547,87
3,50,3,484,242047,87
3,50,3,485,242547,82
3,50,3,486,243047,85
3,50,3,487,243547,83
3,50,3,488,244047,85
3,50,3,489,244547,78
3,50,3,490,245047,85
3,50,3,491,245547,85
3,50,3,492,246047,83
3,50,3,493,246547,94
3,50,3,494,247047,75
3,50,3,495,247547,81
3,50,3,496,248047,85
3,50,3,497,248547,88
3,50,3,498,249047,84
3,50,3,499,249547,82
3,50,3,500,250047,82
3,50,3,501,250547,87
3,50,3,502,251047,91
3,50,3,503,251547,83
3,50,3,504,252047,78
3,50,3,505,252547,88
3,50,3,506,253047,83
3,50,3,507,253547,83
3,50,3,508,254047,82
3,50,3,509,254547,77
3,50,3,510,255047,83
3,50,3,511,255547,83
3,50,3,512,256047,83
3,50,3,513,256547,83
3,50,3,514,257047,85
3,50,3,515,257547,83
3,50,3,516,258047,77
3,50,3,517,258547,83
3,50,3,518,259047,88
3,50,3,519,259547,77
3,50,3,520,260047,75
3,50,3,521,260547,85
3,50,3,522,261047,77
3,50,3,523,261547,77
3,50,3,524,262047,83
3,50,3,525,262547,83
3,50,3,526,263047,82
3,50,3,527,263547,77
3,50,3,528,264047,75
3,50,3,529,264547,82
3,50,3,530,265047,75
3,50,3,531,265547,85
3,50,3,532,266047,85
3,50,3,533,266547,79
3,50,3,534,267047,80
3,50,3,535,267547,85
3,50,3,536,268047,78
3,50,3,537,268547,77
3,50,3,538,269047,83
3,50,3,539,269547,83
3,50,3,540,270047,85
3,50,3,541,270547,82
3,50,3,542,271047,78
3,50,3,543,271547,83
3,50,3,544,272047,83
3,50,3,545,272547,83
3,50,3,546,273047,84
3,50,3,547,273547,82
3,50,3,548,274047,83
3,50,3,549,274547,83
3,50,3,550,275047,85
3,50,3,551,275547,79
3,50,3,552,276047,82
3,50,3,553,276547,85
3,50,3,554,277047,83
3,50,3,555,277547,83
3,50,3,556,278047,85
3,50,3,557,278547,83
3,50,3,558,279047,83
3,50,3,559,279547,86
3,50,3,560,280047,83
3,50,3,561,280547,81
3,50,3,562,281047,86
3,50,3,563,281547,86
3,50,3,564,282047,84
3,50,3,565,282547,83
3,50,3,566,283047,84
3,50,3,567,283547,84
3,50,3,568,284047,85
3,50,3,569,284547,78
3,50,3,570,285047,83
3,50,3,571,285547,83
3,50,3,572,286047,79
3,50,3,573,286547,85
3,50,3,574,287047,87
3,50,3,575,287547,84
3,50,3,576,288047,85
3,50,3,577,288547,84
3,50,3,578,289047,83
3,50,3,579,289547,84
3,50,3,580,290047,83
3,50,3,581,290547,85
3,50,3,582,291047,83
3,50,3,583,291547,84
3,50,3,584,292047,88
3,50,3,585,292547,79
3,50,3,586,293047,77
3,50,3,587,293547,91
3,50,3,588,294047,88
3,50,3,589,294547,83
3,50,3,590,295047,86
3,50,3,591,295547,85
3,50,3,592,296047,85
3,50,3,593,296547,83
3,50,3,594,297047,87
3,50,3,595,297547,87
3,50,3,596,298047,86
3,50,3,597,298547,89
3,50,3,598,299047,87
3,50,3,599,299547,83
3,50,3,600,300047,93
3,50,3,601,300547,89
3,50,3,602,301047,91
3,50,3,603,301547,87
3,50,3,604,302047,86
3,50,3,605,302547,89
3,50,3,606,303047,89
3,50,3,607,303547,91
3,50,3,608,304047,89
3,50,3,609,304547,89
3,50,3,610,305047,91
3,50,3,611,305547,87
3,50,3,612,306047,89
3,50,3,613,306547,93
3,50,3,614,307047,93
3,50,3,615,307547,87
3,50,3,616,308047,87
3,50,3,617,308547,89
3,50,3,618,309047,89
3,50,3,619,309547,89
3,50,3,620,310047,91
3,50,3,621,310547,89
3,50,3,622,311047,91
3,50,3,623,311547,90
3,50,3,624,312047,88
3,50,3,625,312547,89
3,50,3,626,313047,86
3,50,3,627,313547,89
3,50,3,628,314047,87
3,50,3,629,314547,89
3,50,3,630,315047,83
3,50,3,631,315547,88
3,50,3,632,316047,88
3,50,3,633,316547,85
3,50,3,634,317047,88
3,50,3,635,317547,84
3,50,3,636,318047,86
3,50,3,637,318547,88
3,50,3,638,319047,85
3,50,3,639,319547,89
3,50,3,640,320047,87
3,50,3,641,320547,90
3,50,3,642,321047,89
3,50,3,643,321547,89
3,50,3,644,322047,88
3,50,3,645,322547,89
3,50,3,646,323047,89
3,50,3,647,323547,87
3,50,3,648,324047,89
3,50,3,649,324547,87
3,50,3,650,325047,85
3,50,3,651,325547,86
3,50,3,652,326047,87
3,50,3,653,326547,89
3,50,3,654,327047,87
3,50,3,655,327547,89
3,50,3,656,328047,91
3,50,3,657,328547,87
3,50,3,658,329047,84
3,50,3,659,329547,89
3,50,3,660,330047,87
3,50,3,661,330547,87
3,50,3,662,331047,87
3,50,3,663,331547,87
3,50,3,664,332047,83
3,50,3,665,332547,91
3,50,3,666,333047,88
3,50,3,667,333547,88
3,50,3,668,334047,87
3,50,3,669,334547,83
3,50,3,670,335047,84
3,50,3,671,335547,82
3,50,3,672,336047,85
3,50,3,673,336547,86
3,50,3,674,337047,86
3,50,3,675,337547,84
3,50,3,676,338047,79
3,50,3,677,338547,83
3,50,3,678,339047,85
3,50,3,679,339547,85
3,50,3,680,340047,84
3,50,3,681,340547,83
3,50,3,682,341047,87
3,50,3,683,341547,85
3,50,3,684,342047,77
3,50,3,685,342547,83
3,50,3,686,343047,85
3,50,3,687,343547,79
3,50,3,688,344047,79
3,50,3,689,344547,87
3,50,3,690,345047,79
3,50,3,691,345547,82
3,50,3,692,346047,77
3,50,3,693,346547,83
3,50,3,694,347047,75
3,50,3,695,347547,77
3,50,3,696,348047,77
3,50,3,697,348547,79
3,50,3,698,349047,77
3,50,3,699,349547,77
3,50,3,700,350047,83
3,50,3,701,350547,82
3,50,3,702,351047,79
3,50,3,703,351547,81
3,50,3,704,352047,79
3,50,3,705,352547,89
3,50,3,706,353047,83
3,50,3,707,353547,83
3,50,3,708,354047,83
3,50,3,709,354547,84
3,50,3,710,355047,81
3,50,3,711,355547,85
3,50,3,712,356047,87
3,50,3,713,356547,79
3,50,3,714,357047,83
3,50,3,715,357547,84
3,50,3,716,358047,85
3,50,3,717,358547,83
3,50,3,718,359047,87
3,50,3,719,359547,83
3,50,3,720,360047,87
3,50,3,721,360547,77
3,50,3,722,361047,87
3,50,3,723,361547,84
3,50,3,724,362047,87
3,50,3,725,362547,85
3,50,3,726,363047,86
3,50,3,727,363547,85
3,50,3,728,364047,88
3,50,3,729,364547,76
3,50,3,730,365047,83
3,50,3,731,365547,89
3,50,3,732,366047,85
3,50,3,733,366547,85
3,50,3,734,367047,85
3,50,3,735,367547,83
3,50,3,736,368047,83
3,50,3,737,368547,83
3,50,3,738,369047,87
3,50,3,739,369547,83
3,50,3,740,370047,86
3,50,3,741,370547,83
3,50,3,742,371047,84
3,50,3,743,371547,85
3,50,3,744,372047,85
3,50,3,745,372547,83
3,50,3,746,373047,84
3,50,3,747,373547,77
3,50,3,748,374047,87
3,50,3,749,374547,85
3,50,3,750,375047,83
3,50,3,751,375547,78
3,50,3,752,376047,81
3,50,3,753,376547,83
3,50,3,754,377047,83
3,50,3,755,377547,87
3,50,3,756,378047,79
3,50,3,757,378547,83
3,50,3,758,379047,77
3,50,3,759,379547,85
3,50,3,760,380047,86
3,50,3,761,380547,83
3,50,3,762,381047,78
3,50,3,763,381547,87
3,50,3,764,382047,87
3,50,3,765,382547,87
3,50,3,766,383047,79
3,50,3,767,383547,85
3,50,3,768,384047,83
3,50,3,769,384547,83
3,50,3,770,385047,85
3,50,3,771,385547,85
3,50,3,772,386047,86
3,50,3,773,386547,87
3,50,3,774,387047,89
3,50,3,775,387547,90
3,50,3,776,388047,84
3,50,3,777,388547,85
3,50,3,778,389047,83
3,50,3,779,389547,91
3,50,3,780,390047,84
3,50,3,781,390547,85
3,50,3,782,391047,87
3,50,3,783,391547,84
3,50,3,784,392047,86
3,50,3,785,392547,85
3,50,3,786,393047,81
3,50,3,787,393547,87
3,50,3,788,394047,88
3,50,3,789,394547,87
3,50,3,790,395047,88
3,50,3,791,395547,91
3,50,3,792,396047,87
3,50,3,793,396547,87
3,50,3,794,397047,89
3,50,3,795,397547,88
3,50,3,796,398047,83
3,50,3,797,398547,84
3,50,3,798,399047,83
3,50,3,799,399547,85
3,50,3,800,400047,85
3,50,3,801,400547,86
3,50,3,802,401047,86
3,50,3,803,401547,84
3,50,3,804,402047,87
3,50,3,805,402547,84
3,50,3,806,403047,85
3,50,3,807,403547,91
3,50,3,808,404047,93
3,50,3,809,404547,84
3,50,3,810,405047,87
3,50,3,811,405547,85
3,50,3,812,406047,82
3,50,3,813,406547,86
3,50,3,814,407047,84
3,50,3,815,407547,89
3,50,3,816,408047,90
3,50,3,817,408547,85
3,50,3,818,409047,86
3,50,3,819,409547,83
3,50,3,820,410047,83
3,50,3,821,410547,87
3,50,3,822,411047,85
3,50,3,823,411547,84
3,50,3,824,412047,83
3,50,3,825,412547,83
3,50,3,826,413047,86
3,50,3,827,413547,82
3,50,3,828,414047,87
3,50,3,829,414547,82
3,50,3,830,415047,85
3,50,3,831,415547,79
3,50,3,832,416047,85
3,50,3,833,416547,83
3,50,3,834,417047,82
3,50,3,835,417547,81
3,50,3,836,418047,85
3,50,3,837,418547,79
3,50,3,838,419047,82
3,50,3,839,419547,86
3,50,3,840,420047,85
3,50,3,841,420547,79
3,50,3,842,421047,84
3,50,3,843,421547,84
3,50,3,844,422047,83
3,50,3,845,422547,83
3,50,3,846,423047,77
3,50,3,847,423547,85
3,50,3,848,424047,87
3,50,3,849,424547,82
3,50,3,850,425047,78
3,50,3,851,425547,85
3,50,3,852,426047,89
3,50,3,853,426547,84
3,50,3,854,427047,85
3,50,3,855,427547,83
3,50,3,856,428047,77
3,50,3,857,428547,87
3,50,3,858,429047,87
3,50,3,859,429547,79
3,50,3,860,430047,84
3,50,3,861,430547,83
3,50,3,862,431047,84
3,50,3,863,431547,83
3,50,3,864,432047,79
3,50,3,865,432547,85
3,50,3,866,433047,82
3,50,3,867,433547,83
3,50,3,868,434047,79
3,50,3,869,434547,79
3,50,3,870,435047,77
3,50,3,871,435547,83
3,50,3,872,436047,76
3,50,3,873,436547,77
3,50,3,874,437047,81
3,50,3,875,437547,85
3,50,3,876,438047,87
3,50,3,877,438547,82
3,50,3,878,439047,83
3,50,3,879,439547,87
3,50,3,880,440047,85
3,50,3,881,440547,79
3,50,3,882,441047,87
3,50,3,883,441547,82
3,50,3,884,442047,82
3,50,3,885,442547,82
3,50,3,886,443047,85
3,50,3,887,443547,75
3,50,3,888,444047,85
3,50,3,889,444547,83
3,50,3,890,445047,77
3,50,3,891,445547,83
3,50,3,892,446047,85
3,50,3,893,446547,79
3,50,3,894,447047,79
3,50,3,895,447547,77
3,50,3,896,448047,85
3,50,3,897,448547,79
3,50,3,898,449047,75
3,50,3,899,449547,86
3,50,3,900,450047,87
3,50,3,901,450547,79
3,50,3,902,451047,75
3,50,3,903,451547,88
3,50,3,904,452047,82
3,50,3,905,452547,77
3,50,3,906,453047,78
3,50,3,907,453547,85
3,50,3,908,454047,75
3,50,3,909,454547,77
3,50,3,910,455047,79
3,50,3,911,455547,83
3,50,3,912,456047,85
3,50,3,913,456547,75
3,50,3,914,457047,77
3,50,3,915,457547,85
3,50,3,916,458047,84
3,50,3,917,458547,79
3,50,3,918,459047,87
3,50,3,919,459547,86
3,50,3,920,460047,83
3,50,3,921,460547,91
3,50,3,922,461047,89
3,50,3,923,461547,79
3,50,3,924,462047,89
3,50,3,925,462547,87
3,50,3,926,463047,86
3,50,3,927,463547,87
3,50,3,928,464047,91
3,50,3,929,464547,87
3,50,3,930,465047,85
3,50,3,931,465547,87
3,50,3,932,466047,78
3,50,3,933,466547,89
3,50,3,934,467047,91
3,50,3,935,467547,85
3,50,3,936,468047,88
3,50,3,937,468547,87
3,50,3,938,469047,88
3,50,3,939,469547,87
3,50,3,940,470047,87
3,50,3,941,470547,89
3,50,3,942,471047,88
3,50,3,943,471547,87
3,50,3,944,472047,89
3,50,3,945,472547,91
3,50,3,946,473047,85
3,50,3,947,473547,93
3,50,3,948,474047,85
3,50,3,949,474547,90
3,50,3,950,475047,86
3,50,3,951,475547,93
3,50,3,952,476047,87
3,50,3,953,476547,89
3,50,3,954,477047,85
3,50,3,955,477547,89
3,50,3,956,478047,91
3,50,3,957,478547,92
3,50,3,958,479047,88
3,50,3,959,479547,87
3,50,3,960,480047,90
3,50,3,961,480547,90
3,50,3,962,481047,90
3,50,3,963,481547,85
3,50,3,964,482047,85
3,50,3,965,482547,86
3,50,3,966,483047,95
3,50,3,967,483547,85
3,50,3,968,484047,89
3,50,3,969,484547,87
3,50,3,970,485047,87
3,50,3,971,485547,90
3,50,3,972,486047,88
3,50,3,973,486547,87
3,50,3,974,487047,87
3,50,3,975,487547,91
3,50,3,976,488047,89
3,50,3,977,488547,84
3,50,3,978,489047,83
3,50,3,979,489547,85
3,50,3,980,490047,87
3,50,3,981,490547,88
3,50,3,982,491047,89
3,50,3,983,491547,83
3,50,3,984,492047,84
3,50,3,985,492547,85
3,50,3,986,493047,90
3,50,3,987,493547,85
3,50,3,988,494047,87
3,50,3,989,494547,87
3,50,3,990,495047,91
3,50,3,991,495547,88
3,50,3,992,496047,87
3,50,3,993,496547,86
3,50,3,994,497047,83
3,50,3,995,497547,91
3,50,3,996,498047,83
3,50,3,997,498547,99
3,50,3,998,499047,85
3,50,3,999,499547,89
3,50,3,1000,500047,85
3,50,3,1001,500547,88
3,50,3,1002,501047,87
3,50,3,1003,501547,89
3,50,3,1004,502047,91
3,50,3,1005,502547,87
3,50,3,1006,503047,85
3,50,3,1007,503547,93
3,50,3,1008,504047,79
3,50,3,1009,504547,88
3,50,3,1010,505047,90
3,50,3,1011,505547,87
3,50,3,1012,506047,87
3,50,3,1013,506547,84
3,50,3,1014,507047,85
3,50,3,1015,507547,87
3,50,3,1016,508047,89
3,50,3,1017,508547,83
3,50,3,1018,509047,83
3,50,3,1019,509547,86
3,50,3,1020,510047,88
3,50,3,1021,510547,88
3,50,3,1022,511047,87
3,50,3,1023,511547,87
3,50,3,1024,512047,83
3,50,3,1025,512547,85
3,50,3,1026,513047,87
3,50,3,1027,513547,85
3,50,3,1028,514047,81
3,50,3,1029,514547,87
3,50,3,1030,515047,87
3,50,3,1031,515547,83
3,50,3,1032,516047,83
3,50,3,1033,516547,79
3,50,3,1034,517047,82
3,50,3,1035,517547,84
3,50,3,1036,518047,79
3,50,3,1037,518547,85
3,50,3,1038,519047,79
3,50,3,1039,519547,83
3,50,3,1040,520047,86
3,50,3,1041,520547,83
3,50,3,1042,521047,79
3,50,3,1043,521547,87
3,50,3,1044,522047,87
3,50,3,1045,522547,83
3,50,3,1046,523047,87
3,50,3,1047,523547,83
3,50,3,1048,524047,79
3,50,3,1049,524547,84
3,50,3,1050,525047,88
3,50,3,1051,525547,88
3,50,3,1052,526047,83
3,50,3,1053,526547,83
3,50,3,1054,527047,81
3,50,3,1055,527547,79
3,50,3,1056,528047,83
3,50,3,1057,528547,87
3,50,3,1058,529047,79
3,50,3,1059,529547,83
3,50,3,1060,530047,83
3,50,3,1061,530547,77
3,50,3,1062,531047,78
3,50,3,1063,531547,81
3,50,3,1064,532047,77
3,50,3,1065,532547,83
3,50,3,1066,533047,85
3,50,3,1067,533547,79
3,50,3,1068,534047,81
3,50,3,1069,534547,83
3,50,3,1070,535047,82
3,50,3,1071,535547,83
3,50,3,1072,536047,79
3,50,3,1073,536547,81
3,50,3,1074,537047,83
3,50,3,1075,537547,77
3,50,3,1076,538047,86
3,50,3,1077,538547,83
3,50,3,1078,539047,81
3,50,3,1079,539547,78
3,50,3,1080,540047,85
3,50,3,1081,540547,82
3,50,3,1082,541047,79
3,50,3,1083,541547,75
3,50,3,1084,542047,79
3,50,3,1085,542547,83
3,50,3,1086,543047,87
3,50,3,1087,543547,77
3,50,3,1088,544047,82
3,50,3,1089,544547,81
3,50,3,1090,545047,79
3,50,3,1091,545547,81
3,50,3,1092,546047,85
3,50,3,1093,546547,79
3,50,3,1094,547047,78
3,50,3,1095,547547,75
3,50,3,1096,548047,87
3,50,3,1097,548547,78
3,50,3,1098,549047,75
3,50,3,1099,549547,78
3,50,3,1100,550047,85
3,50,3,1101,550547,73
3,50,3,1102,551047,76
3,50,3,1103,551547,83
3,50,3,1104,552047,85
3,50,3,1105,552547,82
3,50,3,1106,553047,78
3,50,3,1107,553547,83
3,50,3,1108,554047,79
3,50,3,1109,554547,84
3,50,3,1110,555047,79
3,50,3,1111,555547,79
3,50,3,1112,556047,86
3,50,3,1113,556547,79
3,50,3,1114,557047,85
3,50,3,1115,557547,84
3,50,3,1116,558047,86
3,50,3,1117,558547,86
3,50,3,1118,559047,85
3,50,3,1119,559547,79
3,50,3,1120,560047,83
3,50,3,1121,560547,84
3,50,3,1122,561047,83
3,50,3,1123,561547,84
3,50,3,1124,562047,87
3,50,3,1125,562547,84
3,50,3,1126,563047,79
3,50,3,1127,563547,86
3,50,3,1128,564047,84
3,50,3,1129,564547,83
3,50,3,1130,565047,86
3,50,3,1131,565547,85
3,50,3,1132,566047,83
3,50,3,1133,566547,85
3,50,3,1134,567047,87
3,50,3,1135,567547,83
3,50,3,1136,568047,84
3,50,3,1137,568547,83
3,50,3,1138,569047,85
3,50,3,1139,569547,85
3,50,3,1140,570047,87
3,50,3,1141,570547,85
3,50,3,1142,571047,91
3,50,3,1143,571547,83
3,50,3,1144,572047,87
3,50,3,1145,572547,87
3,50,3,1146,573047,87
3,50,3,1147,573547,91
3,50,3,1148,574047,91
3,50,3,1149,574547,85
3,50,3,1150,575047,88
3,50,3,1151,575547,91
3,50,3,1152,576047,89
3,50,3,1153,576547,87
3,50,3,1154,577047,87
3,50,3,1155,577547,86
3,50,3,1156,578047,84
3,50,3,1157,578547,88
3,50,3,1158,579047,88
3,50,3,1159,579547,87
3,50,3,1160,580047,88
3,50,3,1161,580547,83
3,50,3,1162,581047,87
3,50,3,1163,581547,91
3,50,3,1164,582047,89
3,50,3,1165,582547,83
3,50,3,1166,583047,87
3,50,3,1167,583547,91
3,50,3,1168,584047,89
3,50,3,1169,584547,85
3,50,3,1170,585047,84
3,50,3,1171,585547,85
3,50,3,1172,586047,81
3,50,3,1173,586547,83
3,50,3,1174,587047,87
3,50,3,1175,587547,79
3,50,3,1176,588047,83
3,50,3,1177,588547,85
3,50,3,1178,589047,85
3,50,3,1179,589547,85
3,50,3,1180,590047,87
3,50,3,1181,590547,84
3,50,3,1182,591047,84
3,50,3,1183,591547,87
3,50,3,1184,592047,85
3,50,3,1185,592547,85
3,50,3,1186,593047,89
3,50,3,1187,593547,83
3,50,3,1188,594047,84
3,50,3,1189,594547,86
3,50,3,1190,595047,88
3,50,3,1191,595547,87
3,50,3,1192,596047,87
3,50,3,1193,596547,85
3,50,3,1194,597047,91
3,50,3,1195,597547,81
3,50,3,1196,598047,84
3,50,3,1197,598547,87
3,50,3,1198,599047,85
3,50,3,1199,599547,79
3,50,3,1200,600047,81
3,50,3,1201,600547,84
3,50,3,1202,601047,79
3,50,3,1203,601547,85
3,50,3,1204,602047,87
3,50,3,1205,602547,83
3,50,3,1206,603047,83
3,50,3,1207,603547,83
3,50,3,1208,604047,83
3,50,3,1209,604547,79
3,50,3,1210,605047,84
3,50,3,1211,605547,79
3,50,3,1212,606047,83
3,50,3,1213,606547,84
3,50,3,1214,607047,83
3,50,3,1215,607547,83
3,50,3,1216,608047,85
3,50,3,1217,608547,85
3,50,3,1218,609047,82
3,50,3,1219,609547,83
3,50,3,1220,610047,84
3,50,3,1221,610547,87
3,50,3,1222,611047,83
3,50,3,1223,611547,79
3,50,3,1224,612047,83
3,50,3,1225,612547,85
3,50,3,1226,613047,84
3,50,3,1227,613547,83
3,50,3,1228,614047,84
3,50,3,1229,614547,82
3,50,3,1230,615047,85
3,50,3,1231,615547,79
3,50,3,1232,616047,79
3,50,3,1233,616547,83
3,50,3,1234,617047,82
3,50,3,1235,617547,83
3,50,3,1236,618047,76
3,50,3,1237,618547,83
3,50,3,1238,619047,75
3,50,3,1239,619547,77
3,50,3,1240,620047,82
3,50,3,1241,620547,77
3,50,3,1242,621047,77
3,50,3,1243,621547,77
3,50,3,1244,622047,82
3,50,3,1245,622547,77
3,50,3,1246,623047,83
3,50,3,1247,623547,77
3,50,3,1248,624047,81
3,50,3,1249,624547,75
3,50,3,1250,625047,79
3,50,3,1251,625547,83
3,50,3,1252,626047,84
3,50,3,1253,626547,79
3,50,3,1254,627047,79
3,50,3,1255,627547,83
3,50,3,1256,628047,85
3,50,3,1257,628547,84
3,50,3,1258,629047,79
3,50,3,1259,629547,89
3,50,3,1260,630047,86
3,50,3,1261,630547,81
3,50,3,1262,631047,72
3,50,3,1263,631547,85
3,50,3,1264,632047,84
3,50,3,1265,632547,86
3,50,3,1266,633047,87
3,50,3,1267,633547,85
3,50,3,1268,634047,85
3,50,3,1269,634547,87
3,50,3,1270,635047,88
3,50,3,1271,635547,84
3,50,3,1272,636047,91
3,50,3,1273,636547,83
3,50,3,1274,637047,87
3,50,3,1275,637547,91
3,50,3,1276,638047,87
3,50,3,1277,638547,85
3,50,3,1278,639047,94
3,50,3,1279,639547,87
3,50,3,1280,640047,87
3,50,3,1281,640547,87
3,50,3,1282,641047,89
3,50,3,1283,641547,87
3,50,3,1284,642047,90
3,50,3,1285,642547,85
3,50,3,1286,643047,85
3,50,3,1287,643547,91
3,50,3,1288,644047,85
3,50,3,1289,644547,88
3,50,3,1290,645047,84
3,50,3,1291,645547,85
3,50,3,1292,646047,90
3,50,3,1293,646547,88
3,50,3,1294,647047,85
3,50,3,1295,647547,85
3,50,3,1296,648047,88
3,50,3,1297,648547,84
3,50,3,1298,649047,85
3,50,3,1299,649547,89
3,50,3,1300,650047,85
3,50,3,1301,650547,83
3,50,3,1302,651047,89
3,50,3,1303,651547,87
3,50,3,1304,652047,83
3,50,3,1305,652547,86
3,50,3,1306,653047,87
3,50,3,1307,653547,87
3,50,3,1308,654047,84
3,50,3,1309,654547,84
3,50,3,1310,655047,84
3,50,3,1311,655547,84
3,50,3,1312,656047,85
3,50,3,1313,656547,85
3,50,3,1314,657047,85
3,50,3,1315,657547,85
3,50,3,1316,658047,83
3,50,3,1317,658547,85
3,50,3,1318,659047,77
3,50,3,1319,659547,85
3,50,3,1320,660047,79
3,50,3,1321,660547,79
3,50,3,1322,661047,85
3,50,3,1323,661547,77
3,50,3,1324,662047,83
3,50,3,1325,662547,85
3,50,3,1326,663047,81
3,50,3,1327,663547,83
3,50,3,1328,664047,87
3,50,3,1329,664547,85
3,50,3,1330,665047,84
3,50,3,1331,665547,85
3,50,3,1332,666047,83
3,50,3,1333,666547,85
3,50,3,1334,667047,84
3,50,3,1335,667547,83
3,50,3,1336,668047,81
3,50,3,1337,668547,82
3,50,3,1338,669047,84
3,50,3,1339,669547,83
3,50,3,1340,670047,86
3,50,3,1341,670547,79
3,50,3,1342,671047,77
3,50,3,1343,671547,84
3,50,3,1344,672047,83
3,50,3,1345,672547,83
3,50,3,1346,673047,83
3,50,3,1347,673547,85
3,50,3,1348,674047,83
3,50,3,1349,674547,87
3,50,3,1350,675047,87
3,50,3,1351,675547,85
3,50,3,1352,676047,85
3,50,3,1353,676547,79
3,50,3,1354,677047,83
3,50,3,1355,677547,83
3,50,3,1356,678047,88
3,50,3,1357,678547,87
3,50,3,1358,679047,79
3,50,3,1359,679547,85
3,50,3,1360,680047,83
3,50,3,1361,680547,83
3,50,3,1362,681047,84
3,50,3,1363,681547,83
3,50,3,1364,682047,85
3,50,3,1365,682547,84
3,50,3,1366,683047,79
3,50,3,1367,683547,84
3,50,3,1368,684047,83
3,50,3,1369,684547,87
3,50,3,1370,685047,84
3,50,3,1371,685547,78
3,50,3,1372,686047,77
3,50,3,1373,686547,89
3,50,3,1374,687047,78
3,50,3,1375,687547,85
3,50,3,1376,688047,85
3,50,3,1377,688547,85
3,50,3,1378,689047,78
3,50,3,1379,689547,85
3,50,3,1380,690047,85
3,50,3,1381,690547,77
3,50,3,1382,691047,85
3,50,3,1383,691547,85
3,50,3,1384,692047,85
3,50,3,1385,692547,85
3,50,3,1386,693047,83
3,50,3,1387,693547,87
3,50,3,1388,694047,85
3,50,3,1389,694547,85
3,50,3,1390,695047,87
3,50,3,1391,695547,86
3,50,3,1392,696047,85
3,50,3,1393,696547,85
3,50,3,1394,697047,87
3,50,3,1395,697547,85
3,50,3,1396,698047,78
3,50,3,1397,698547,87
3,50,3,1398,699047,89
3,50,3,1399,699547,83
3,50,3,1400,700047,79
3,50,3,1401,700547,87
3,50,3,1402,701047,78
3,50,3,1403,701547,87
3,50,3,1404,702047,85
3,50,3,1405,702547,85
3,50,3,1406,703047,93
3,50,3,1407,703547,83
3,50,3,1408,704047,87
3,50,3,1409,704547,89
3,50,3,1410,705047,88
3,50,3,1411,705547,87
3,50,3,1412,706047,83
3,50,3,1413,706547,89
3,50,3,1414,707047,83
3,50,3,1415,707547,83
3,50,3,1416,708047,87
3,50,3,1417,708547,87
3,50,3,1418,709047,85
3,50,3,1419,709547,79
3,50,3,1420,710047,79
3,50,3,1421,710547,86
3,50,3,1422,711047,85
3,50,3,1423,711547,82
3,50,3,1424,712047,85
3,50,3,1425,712547,85
3,50,3,1426,713047,83
3,50,3,1427,713547,83
3,50,3,1428,714047,83
3,50,3,1429,714547,85
3,50,3,1430,715047,81
3,50,3,1431,715547,86
3,50,3,1432,716047,83
3,50,3,1433,716547,79
3,50,3,1434,717047,84
3,50,3,1435,717547,75
3,50,3,1436,718047,85
3,50,3,1437,718547,83
3,50,3,1438,719047,79
3,50,3,1439,719547,89
3,50,3,1440,720047,85
3,50,3,1441,720547,75
3,50,3,1442,721047,87
3,50,3,1443,721547,85
3,50,3,1444,722047,85
3,50,3,1445,722547,85
3,50,3,1446,723047,88
3,50,3,1447,723547,87
3,50,3,1448,724047,82
3,50,3,1449,724547,85
3,50,3,1450,725047,85
3,50,3,1451,725547,87
3,50,3,1452,726047,87
3,50,3,1453,726547,78
3,50,3,1454,727047,85
3,50,3,1455,727547,87
3,50,3,1456,728047,86
3,50,3,1457,728547,90
3,50,3,1458,729047,83
3,50,3,1459,729547,83
3,50,3,1460,730047,83
3,50,3,1461,730547,83
3,50,3,1462,731047,76
3,50,3,1463,731547,85
3,50,3,1464,732047,84
3,50,3,1465,732547,84
3,50,3,1466,733047,83
3,50,3,1467,733547,85
3,50,3,1468,734047,83
3,50,3,1469,734547,84
3,50,3,1470,735047,82
3,50,3,1471,735547,83
3,50,3,1472,736047,79
3,50,3,1473,736547,85
3,50,3,1474,737047,84
3,50,3,1475,737547,83
3,50,3,1476,738047,84
3,50,3,1477,738547,79
3,50,3,1478,739047,83
3,50,3,1479,739547,85
3,50,3,1480,740047,83
3,50,3,1481,740547,76
3,50,3,1482,741047,77
3,50,3,1483,741547,85
3,50,3,1484,742047,87
3,50,3,1485,742547,79
3,50,3,1486,743047,84
3,50,3,1487,743547,82
3,50,3,1488,744047,81
3,50,3,1489,744547,76
3,50,3,1490,745047,83
3,50,3,1491,745547,83
3,50,3,1492,746047,79
3,50,3,1493,746547,85
3,50,3,1494,747047,83
3,50,3,1495,747547,78
3,50,3,1496,748047,84
3,50,3,1497,748547,83
3,50,3,1498,749047,83
3,50,3,1499,749547,79
3,50,3,1500,750047,87
3,50,3,1501,750547,77
3,50,3,1502,751047,83
3,50,3,1503,751547,85
3,50,3,1504,752047,83
3,50,3,1505,752547,85
3,50,3,1506,753047,81
3,50,3,1507,753547,79
3,50,3,1508,754047,82
3,50,3,1509,754547,79
3,50,3,1510,755047,78
3,50,3,1511,755547,79
3,50,3,1512,756047,86
3,50,3,1513,756547,79
3,50,3,1514,757047,78
3,50,3,1515,757547,77
3,50,3,1516,758047,75
3,50,3,1517,758547,79
3,50,3,1518,759047,83
3,50,3,1519,759547,75
3,50,3,1520,760047,79
3,50,3,1521,760547,79
3,50,3,1522,761047,77
3,50,3,1523,761547,84
3,50,3,1524,762047,76
3,50,3,1525,762547,82
3,50,3,1526,763047,83
3,50,3,1527,763547,78
3,50,3,1528,764047,77
3,50,3,1529,764547,87
3,50,3,1530,765047,85
3,50,3,1531,765547,81
3,50,3,1532,766047,83
3,50,3,1533,766547,85
3,50,3,1534,767047,85
3,50,3,1535,767547,81
3,50,3,1536,768047,87
3,50,3,1537,768547,85
3,50,3,1538,769047,84
3,50,3,1539,769547,91
3,50,3,1540,770047,85
3,50,3,1541,770547,85
3,50,3,1542,771047,88
3,50,3,1543,771547,87
3,50,3,1544,772047,89
3,50,3,1545,772547,89
3,50,3,1546,773047,89
3,50,3,1547,773547,91
3,50,3,1548,774047,87
3,50,3,1549,774547,83
3,50,3,1550,775047,89
3,50,3,1551,775547,87
3,50,3,1552,776047,87
3,50,3,1553,776547,85
3,50,3,1554,777047,87
3,50,3,1555,777547,87
3,50,3,1556,778047,90
3,50,3,1557,778547,89
3,50,3,1558,779047,89
3,50,3,1559,779547,87
3,50,3,1560,780047,85
3,50,3,1561,780547,89
3,50,3,1562,781047,89
3,50,3,1563,781547,87
3,50,3,1564,782047,87
3,50,3,1565,782547,93
3,50,3,1566,783047,88
3,50,3,1567,783547,92
3,50,3,1568,784047,86
3,50,3,1569,784547,87
3,50,3,1570,785047,88
3,50,3,1571,785547,88
3,50,3,1572,786047,89
3,50,3,1573,786547,84
3,50,3,1574,787047,87
3,50,3,1575,787547,83
3,50,3,1576,788047,85
3,50,3,1577,788547,86
3,50,3,1578,789047,84
3,50,3,1579,789547,87
3,50,3,1580,790047,87
3,50,3,1581,790547,86
3,50,3,1582,791047,79
3,50,3,1583,791547,79
3,50,3,1584,792047,88
3,50,3,1585,792547,83
3,50,3,1586,793047,78
3,50,3,1587,793547,87
3,50,3,1588,794047,93
3,50,3,1589,794547,87
3,50,3,1590,795047,83
3,50,3,1591,795547,87
3,50,3,1592,796047,85
3,50,3,1593,796547,85
3,50,3,1594,797047,79
3,50,3,1595,797547,82
3,50,3,1596,798047,84
3,50,3,1597,798547,87
3,50,3,1598,799047,85
3,50,3,1599,799547,87
3,50,3,1600,800047,84
3,50,3,1601,800547,85
3,50,3,1602,801047,87
3,50,3,1603,801547,79
3,50,3,1604,802047,85
3,50,3,1605,802547,88
3,50,3,1606,803047,79
3,50,3,1607,803547,85
3,50,3,1608,804047,85
3,50,3,1609,804547,82
3,50,3,1610,805047,81
3,50,3,1611,805547,87
3,50,3,1612,806047,78
3,50,3,1613,806547,79
3,50,3,1614,807047,83
3,50,3,1615,807547,84
3,50,3,1616,808047,87
3,50,3,1617,808547,87
3,50,3,1618,809047,84
3,50,3,1619,809547,85
3,50,3,1620,810047,84
3,50,3,1621,810547,85
3,50,3,1622,811047,78
3,50,3,1623,811547,83
3,50,3,1624,812047,90
3,50,3,1625,812547,85
3,50,3,1626,813047,87
3,50,3,1627,813547,85
3,50,3,1628,814047,87
3,50,3,1629,814547,84
3,50,3,1630,815047,82
3,50,3,1631,815547,87
3,50,3,1632,816047,88
3,50,3,1633,816547,87
3,50,3,1634,817047,87
3,50,3,1635,817547,89
3,50,3,1636,818047,86
3,50,3,1637,818547,89
3,50,3,1638,819047,86
3,50,3,1639,819547,84
3,50,3,1640,820047,83
3,50,3,1641,820547,91
3,50,3,1642,821047,83
3,50,3,1643,821547,87
3,50,3,1644,822047,85
3,50,3,1645,822547,89
3,50,3,1646,823047,84
3,50,3,1647,823547,86
3,50,3,1648,824047,85
3,50,3,1649,824547,83
3,50,3,1650,825047,84
3,50,3,1651,825547,83
3,50,3,1652,826047,83
3,50,3,1653,826547,87
3,50,3,1654,827047,79
3,50,3,1655,827547,83
3,50,3,1656,828047,87
3,50,3,1657,828547,83
3,50,3,1658,829047,86
3,50,3,1659,829547,87
3,50,3,1660,830047,81
3,50,3,1661,830547,85
3,50,3,1662,831047,88
3,50,3,1663,831547,83
3,50,3,1664,832047,87
3,50,3,1665,832547,85
3,50,3,1666,833047,83
3,50,3,1667,833547,83
3,50,3,1668,834047,85
3,50,3,1669,834547,84
3,50,3,1670,835047,87
3,50,3,1671,835547,87
3,50,3,1672,836047,85
3,50,3,1673,836547,85
3,50,3,1674,837047,83
3,50,3,1675,837547,85
3,50,3,1676,838047,85
3,50,3,1677,838547,79
3,50,3,1678,839047,83
3,50,3,1679,839547,84
3,50,3,1680,840047,84
3,50,3,1681,840547,83
3,50,3,1682,841047,83
3,50,3,1683,841547,87
3,50,3,1684,842047,77
3,50,3,1685,842547,85
3,50,3,1686,843047,89
3,50,3,1687,843547,86
3,50,3,1688,844047,86
3,50,3,1689,844547,83
3,50,3,1690,845047,79
3,50,3,1691,845547,82
3,50,3,1692,846047,83
3,50,3,1693,846547,85
3,50,3,1694,847047,85
3,50,3,1695,847547,83
3,50,3,1696,848047,83
3,50,3,1697,848547,86
3,50,3,1698,849047,79
3,50,3,1699,849547,78
3,50,3,1700,850047,83
3,50,3,1701,850547,83
3,50,3,1702,851047,83
3,50,3,1703,851547,78
3,50,3,1704,852047,83
3,50,3,1705,852547,87
3,50,3,1706,853047,85
3,50,3,1707,853547,79
3,50,3,1708,854047,77
3,50,3,1709,854547,90
3,50,3,1710,855047,83
3,50,3,1711,855547,83
3,50,3,1712,856047,87
3,50,3,1713,856547,83
3,50,3,1714,857047,79
3,50,3,1715,857547,79
3,50,3,1716,858047,93
3,50,3,1717,858547,85
3,50,3,1718,859047,84
3,50,3,1719,859547,86
3,50,3,1720,860047,85
3,50,3,1721,860547,87
3,50,3,1722,861047,87
3,50,3,1723,861547,83
3,50,3,1724,862047,84
3,50,3,1725,862547,83
3,50,3,1726,863047,86
3,50,3,1727,863547,83
3,50,3,1728,864047,84
3,50,3,1729,864547,83
3,50,3,1730,865047,88
3,50,3,1731,865547,79
3,50,3,1732,866047,87
3,50,3,1733,866547,85
3,50,3,1734,867047,82
3,50,3,1735,867547,83
3,50,3,1736,868047,83
3,50,3,1737,868547,87
3,50,3,1738,869047,85
3,50,3,1739,869547,82
3,50,3,1740,870047,83
3,50,3,1741,870547,85
3,50,3,1742,871047,85
3,50,3,1743,871547,83
3,50,3,1744,872047,83
3,50,3,1745,872547,83
3,50,3,1746,873047,83
3,50,3,1747,873547,87
3,50,3,1748,874047,79
3,50,3,1749,874547,77
3,50,3,1750,875047,86
3,50,3,1751,875547,83
3,50,3,1752,876047,82
3,50,3,1753,876547,79
3,50,3,1754,877047,84
3,50,3,1755,877547,84
3,50,3,1756,878047,85
3,50,3,1757,878547,79
3,50,3,1758,879047,83
3,50,3,1759,879547,87
3,50,3,1760,880047,85
3,50,3,1761,880547,85
3,50,3,1762,881047,78
3,50,3,1763,881547,79
3,50,3,1764,882047,85
3,50,3,1765,882547,77
3,50,3,1766,883047,87
3,50,3,1767,883547,79
3,50,3,1768,884047,79
3,50,3,1769,884547,84
3,50,3,1770,885047,83
3,50,3,1771,885547,86
3,50,3,1772,886047,83
3,50,3,1773,886547,85
3,50,3,1774,887047,84
3,50,3,1775,887547,82
3,50,3,1776,888047,83
3,50,3,1777,888547,87
3,50,3,1778,889047,79
3,50,3,1779,889547,83
3,50,3,1780,890047,77
3,50,3,1781,890547,87
3,50,3,1782,891047,87
3,50,3,1783,891547,88
3,50,3,1784,892047,86
3,50,3,1785,892547,84
3,50,3,1786,893047,85
3,50,3,1787,893547,88
3,50,3,1788,894047,86
3,50,3,1789,894547,85
3,50,3,1790,895047,87
3,50,3,1791,895547,88
3,50,3,1792,896047,85
3,50,3,1793,896547,85
3,50,3,1794,897047,89
3,50,3,1795,897547,91
3,50,3,1796,898047,89
3,50,3,1797,898547,85
3,50,3,1798,899047,90
3,50,3,1799,899547,91
3,50,3,1800,900047,85
3,50,3,1801,900547,86
3,50,3,1802,901047,89
3,50,3,1803,901547,84
3,50,3,1804,902047,91
3,50,3,1805,902547,91
3,50,3,1806,903047,87
3,50,3,1807,903547,91
3,50,3,1808,904047,90
3,50,3,1809,904547,89
3,50,3,1810,905047,87
3,50,3,1811,905547,85
3,50,3,1812,906047,89
3,50,3,1813,906547,89
3,50,3,1814,907047,79
3,50,3,1815,907547,85
3,50,3,1816,908047,85
3,50,3,1817,908547,85
3,50,3,1818,909047,85
3,50,3,1819,909547,88
3,50,3,1820,910047,85
3,50,3,1821,910547,89
3,50,3,1822,911047,91
3,50,3,1823,911547,87
3,50,3,1824,912047,82
3,50,3,1825,912547,87
3,50,3,1826,913047,87
3,50,3,1827,913547,88
3,50,3,1828,914047,77
3,50,3,1829,914547,83
3,50,3,1830,915047,88
3,50,3,1831,915547,83
3,50,3,1832,916047,78
3,50,3,1833,916547,83
3,50,3,1834,917047,83
3,50,3,1835,917547,81
3,50,3,1836,918047,84
3,50,3,1837,918547,83
3,50,3,1838,919047,83
3,50,3,1839,919547,83
3,50,3,1840,920047,83
3,50,3,1841,920547,83
3,50,3,1842,921047,77
3,50,3,1843,921547,82
3,50,3,1844,922047,83
3,50,3,1845,922547,74
3,50,3,1846,923047,81
3,50,3,1847,923547,83
3,50,3,1848,924047,77
3,50,3,1849,924547,79
3,50,3,1850,925047,83
3,50,3,1851,925547,82
3,50,3,1852,926047,79
3,50,3,1853,926547,78
3,50,3,1854,927047,79
3,50,3,1855,927547,83
3,50,3,1856,928047,83
3,50,3,1857,928547,84
3,50,3,1858,929047,85
3,50,3,1859,929547,85
3,50,3,1860,930047,81
3,50,3,1861,930547,84
3,50,3,1862,931047,84
3,50,3,1863,931547,83
3,50,3,1864,932047,86
3,50,3,1865,932547,81
3,50,3,1866,933047,80
3,50,3,1867,933547,82
3,50,3,1868,934047,77
3,50,3,1869,934547,80
3,50,3,1870,935047,85
3,50,3,1871,935547,81
3,50,3,1872,936047,86
3,50,3,1873,936547,89
3,50,3,1874,937047,83
3,50,3,1875,937547,87
3,50,3,1876,938047,88
3,50,3,1877,938547,89
3,50,3,1878,939047,85
3,50,3,1879,939547,88
3,50,3,1880,940047,85
3,50,3,1881,940547,87
3,50,3,1882,941047,85
3,50,3,1883,941547,85
3,50,3,1884,942047,87
3,50,3,1885,942547,87
3,50,3,1886,943047,83
3,50,3,1887,943547,87
3,50,3,1888,944047,88
3,50,3,1889,944547,83
3,50,3,1890,945047,91
3,50,3,1891,945547,84
3,50,3,1892,946047,79
3,50,3,1893,946547,84
3,50,3,1894,947047,85
3,50,3,1895,947547,84
3,50,3,1896,948047,85
3,50,3,1897,948547,83
3,50,3,1898,949047,83
3,50,3,1899,949547,85
3,50,3,1900,950047,82
3,50,3,1901,950547,83
3,50,3,1902,951047,83
3,50,3,1903,951547,83
3,50,3,1904,952047,83
3,50,3,1905,952547,82
3,50,3,1906,953047,81
3,50,3,1907,953547,79
3,50,3,1908,954047,81
3,50,3,1909,954547,83
3,50,3,1910,955047,87
3,50,3,1911,955547,82
3,50,3,1912,956047,77
3,50,3,1913,956547,79
3,50,3,1914,957047,77
3,50,3,1915,957547,83
3,50,3,1916,958047,75
3,50,3,1917,958547,83
3,50,3,1918,959047,78
3,50,3,1919,959547,77
3,50,3,1920,960047,77
3,50,3,1921,960547,83
3,50,3,1922,961047,77
3,50,3,1923,961547,75
3,50,3,1924,962047,79
3,50,3,1925,962547,83
3,50,3,1926,963047,79
3,50,3,1927,963547,77
3,50,3,1928,964047,78
3,50,3,1929,964547,87
3,50,3,1930,965047,79
3,50,3,1931,965547,77
3,50,3,1932,966047,78
3,50,3,1933,966547,85
3,50,3,1934,967047,83
3,50,3,1935,967547,79
3,50,3,1936,968047,83
3,50,3,1937,968547,83
3,50,3,1938,969047,77
3,50,3,1939,969547,84
3,50,3,1940,970047,84
3,50,3,1941,970547,77
3,50,3,1942,971047,78
3,50,3,1943,971547,85
3,50,3,1944,972047,79
3,50,3,1945,972547,85
3,50,3,1946,973047,81
3,50,3,1947,973547,79
3,50,3,1948,974047,83
3,50,3,1949,974547,84
3,50,3,1950,975047,77
3,50,3,1951,975547,79
3,50,3,1952,976047,78
3,50,3,1953,976547,83
3,50,3,1954,977047,85
3,50,3,1955,977547,82
3,50,3,1956,978047,85
3,50,3,1957,978547,77
3,50,3,1958,979047,84
3,50,3,1959,979547,85
3,50,3,1960,980047,83
3,50,3,1961,980547,83
3,50,3,1962,981047,81
3,50,3,1963,981547,86
3,50,3,1964,982047,80
3,50,3,1965,982547,89
3,50,3,1966,983047,83
3,50,3,1967,983547,85
3,50,3,1968,984047,84
3,50,3,1969,984547,83
3,50,3,1970,985047,85
3,50,3,1971,985547,88
3,50,3,1972,986047,84
3,50,3,1973,986547,83
3,50,3,1974,987047,83
3,50,3,1975,987547,89
3,50,3,1976,988047,87
3,50,3,1977,988547,84
3,50,3,1978,989047,85
3,50,3,1979,989547,83
3,50,3,1980,990047,85
3,50,3,1981,990547,89
3,50,3,1982,991047,87
3,50,3,1983,991547,89
3,50,3,1984,992047,85
3,50,3,1985,992547,89
3,50,3,1986,993047,88
3,50,3,1987,993547,84
3,50,3,1988,994047,83
3,50,3,1989,994547,87
3,50,3,1990,995047,87
3,50,3,1991,995547,85
3,50,3,1992,996047,85
3,50,3,1993,996547,92
3,50,3,1994,997047,84
3,50,3,1995,997547,89
3,50,3,1996,998047,89
3,50,3,1997,998547,89
3,50,3,1998,999047,85
3,50,3,1999,999547,91
3,50,4,0,48,85
3,50,4,1,547,77
3,50,4,2,1047,85
3,50,4,3,1547,79
3,50,4,4,2047,77
3,50,4,5,2547,78
3,50,4,6,3047,77
3,50,4,7,3547,78
3,50,4,8,4047,77
3,50,4,9,4547,73
3,50,4,10,5047,79
3,50,4,11,5547,79
3,50,4,12,6047,83
3,50,4,13,6547,79
3,50,4,14,7047,77
3,50,4,15,7547,77
3,50,4,16,8047,85
3,50,4,17,8547,78
3,50,4,18,9047,77
3,50,4,19,9547,79
3,50,4,20,10047,75
3,50,4,21,10547,79
3,50,4,22,11047,79
3,50,4,23,11547,76
3,50,4,24,12047,78
3,50,4,25,12547,83
3,50,4,26,13047,79
3,50,4,27,13547,83
3,50,4,28,14047,83
3,50,4,29,14547,84
3,50,4,30,15047,84
3,50,4,31,15547,82
3,50,4,32,16047,82
3,50,4,33,16547,85
3,50,4,34,17047,87
3,50,4,35,17547,79
3,50,4,36,18047,79
3,50,4,37,18547,79
3,50,4,38,19047,86
3,50,4,39,19547,83
3,50,4,40,20047,82
3,50,4,41,20547,83
3,50,4,42,21047,83
3,50,4,43,21547,83
3,50,4,44,22047,85
3,50,4,45,22547,83
3,50,4,46,23047,85
3,50,4,47,23547,84
3,50,4,48,24047,77
3,50,4,49,24547,91
3,50,4,50,25047,85
3,50,4,51,25547,89
3,50,4,52,26047,85
3,50,4,53,26547,81
3,50,4,54,27047,84
3,50,4,55,27547,87
3,50,4,56,28047,83
3,50,4,57,28547,87
3,50,4,58,29047,84
3,50,4,59,29547,85
3,50,4,60,30047,83
3,50,4,61,30547,86
3,50,4,62,31047,86
3,50,4,63,31547,85
3,50,4,64,32047,81
3,50,4,65,32547,83
3,50,4,66,33047,85
3,50,4,67,33547,85
3,50,4,68,34047,79
3,50,4,69,34547,88
3,50,4,70,35047,84
3,50,4,71,35547,85
3,50,4,72,36047,85
3,50,4,73,36547,87
3,50,4,74,37047,83
3,50,4,75,37547,85
3,50,4,76,38047,79
3,50,4,77,38547,79
3,50,4,78,39047,77
3,50,4,79,39547,85
3,50,4,80,40047,77
3,50,4,81,40547,79
3,50,4,82,41047,84
3,50,4,83,41547,84
3,50,4,84,42047,85
3,50,4,85,42547,83
3,50,4,86,43047,79
3,50,4,87,43547,83
3,50,4,88,44047,85
3,50,4,89,44547,87
3,50,4,90,45047,85
3,50,4,91,45547,84
3,50,4,92,46047,85
3,50,4,93,46547,83
3,50,4,94,47047,85
3,50,4,95,47547,83
3,50,4,96,48047,85
3,50,4,97,48547,86
3,50,4,98,49047,83
3,50,4,99,49547,84
3,50,4,100,50047,87
3,50,4,101,50547,87
3,50,4,102,51047,86
3,50,4,103,51547,85
3,50,4,104,52047,85
3,50,4,105,52547,79
3,50,4,106,53047,77
3,50,4,107,53547,85
3,50,4,108,54047,87
3,50,4,109,54547,83
3,50,4,110,55047,77
3,50,4,111,55547,96
3,50,4,112,56047,82
3,50,4,113,56547,81
3,50,4,114,57047,85
3,50,4,115,57547,87
3,50,4,116,58047,79
3,50,4,117,58547,86
3,50,4,118,59047,89
3,50,4,119,59547,82
3,50,4,120,60047,78
3,50,4,121,60547,87
3,50,4,122,61047,89
3,50,4,123,61547,87
3,50,4,124,62047,84
3,50,4,125,62547,83
3,50,4,126,63047,83
3,50,4,127,63547,81
3,50,4,128,64047,83
3,50,4,129,64547,85
3,50,4,130,65047,91
3,50,4,131,65547,79
3,50,4,132,66047,78
3,50,4,133,66547,79
3,50,4,134,67047,82
3,50,4,135,67547,85
3,50,4,136,68047,85
3,50,4,137,68547,79
3,50,4,138,69047,79
3,50,4,139,69547,85
3,50,4,140,70047,85
3,50,4,141,70547,84
3,50,4,142,71047,74
3,50,4,143,71547,87
3,50,4,144,72047,87
3,50,4,145,72547,85
3,50,4,146,73047,75
3,50,4,147,73547,79
3,50,4,148,74047,84
3,50,4,149,74547,87
3,50,4,150,75047,79
3,50,4,151,75547,79
3,50,4,152,76047,79
3,50,4,153,76547,83
3,50,4,154,77047,83
3,50,4,155,77547,79
3,50,4,156,78047,79
3,50,4,157,78547,78
3,50,4,158,79047,85
3,50,4,159,79547,85
3,50,4,160,80047,77
3,50,4,161,80547,85
3,50,4,162,81047,83
3,50,4,163,81547,83
3,50,4,164,82047,83
3,50,4,165,82547,83
3,50,4,166,83047,84
3,50,4,167,83547,82
3,50,4,168,84047,82
3,50,4,169,84547,85
3,50,4,170,85047,85
3,50,4,171,85547,83
3,50,4,172,86047,79
3,50,4,173,86547,86
3,50,4,174,87047,87
3,50,4,175,87547,85
3,50,4,176,88047,85
3,50,4,177,88547,78
3,50,4,178,89047,85
3,50,4,179,89547,84
3,50,4,180,90047,77
3,50,4,181,90547,84
3,50,4,182,91047,89
3,50,4,183,91547,79
3,50,4,184,92047,83
3,50,4,185,92547,85
3,50,4,186,93047,84
3,50,4,187,93547,85
3,50,4,188,94047,83
3,50,4,189,94547,83
3,50,4,190,95047,84
3,50,4,191,95547,85
3,50,4,192,96047,79
3,50,4,193,96547,83
3,50,4,194,97047,84
3,50,4,195,97547,83
3,50,4,196,98047,79
3,50,4,197,98547,79
3,50,4,198,99047,85
3,50,4,199,99547,87
3,50,4,200,100047,81
3,50,4,201,100547,83
3,50,4,202,101047,81
3,50,4,203,101547,73
3,50,4,204,102047,77
3,50,4,205,102547,76
3,50,4,206,103047,75
3,50,4,207,103547,75
3,50,4,208,104047,85
3,50,4,209,104547,81
3,50,4,210,105047,85
3,50,4,211,105547,79
3,50,4,212,106047,82
3,50,4,213,106547,77
3,50,4,214,107047,80
3,50,4,215,107547,81
3,50,4,216,108047,79
3,50,4,217,108547,77
3,50,4,218,109047,77
3,50,4,219,109547,79
3,50,4,220,110047,85
3,50,4,221,110547,77
3,50,4,222,111047,83
3,50,4,223,111547,88
3,50,4,224,112047,87
3,50,4,225,112547,83
3,50,4,226,113047,85
3,50,4,227,113547,83
3,50,4,228,114047,83
3,50,4,229,114547,82
3,50,4,230,115047,91
3,50,4,231,115547,81
3,50,4,232,116047,75
3,50,4,233,116547,88
3,50,4,234,117047,85
3,50,4,235,117547,79
3,50,4,236,118047,79
3,50,4,237,118547,89
3,50,4,238,119047,87
3,50,4,239,119547,83
3,50,4,240,120047,76
3,50,4,241,120547,79
3,50,4,242,121047,81
3,50,4,243,121547,85
3,50,4,244,122047,87
3,50,4,245,122547,79
3,50,4,246,123047,77
3,50,4,247,123547,84
3,50,4,248,124047,85
3,50,4,249,124547,86
3,50,4,250,125047,83
3,50,4,251,125547,88
3,50,4,252,126047,77
3,50,4,253,126547,84
3,50,4,254,127047,83
3,50,4,255,127547,89
3,50,4,256,128047,77
3,50,4,257,128547,80
3,50,4,258,129047,82
3,50,4,259,129547,85
3,50,4,260,130047,83
3,50,4,261,130547,83
3,50,4,262,131047,76
3,50,4,263,131547,83
3,50,4,264,132047,74
3,50,4,265,132547,79
3,50,4,266,133047,89
3,50,4,267,133547,85
3,50,4,268,134047,85
3,50,4,269,134547,78
3,50,4,270,135047,86
3,50,4,271,135547,85
3,50,4,272,136047,85
3,50,4,273,136547,83
3,50,4,274,137047,79
3,50,4,275,137547,79
3,50,4,276,138047,73
3,50,4,277,138547,79
3,50,4,278,139047,79
3,50,4,279,139547,81
3,50,4,280,140047,82
3,50,4,281,140547,76
3,50,4,282,141047,77
3,50,4,283,141547,82
3,50,4,284,142047,78
3,50,4,285,142547,84
3,50,4,286,143047,79
3,50,4,287,143547,74
3,50,4,288,144047,78
3,50,4,289,144547,77
3,50,4,290,145047,77
3,50,4,291,145547,75
3,50,4,292,146047,77
3,50,4,293,146547,83
3,50,4,294,147047,79
3,50,4,295,147547,73
3,50,4,296,148047,77
3,50,4,297,148547,83
3,50,4,298,149047,79
3,50,4,299,149547,77
3,50,4,300,150047,84
3,50,4,301,150547,77
3,50,4,302,151047,83
3,50,4,303,151547,81
3,50,4,304,152047,75
3,50,4,305,152547,77
3,50,4,306,153047,79
3,50,4,307,153547,83
3,50,4,308,154047,84
3,50,4,309,154547,83
3,50,4,310,155047,73
3,50,4,311,155547,85
3,50,4,312,156047,78
3,50,4,313,156547,77
3,50,4,314,157047,77
3,50,4,315,157547,78
3,50,4,316,158047,78
3,50,4,317,158547,78
3,50,4,318,159047,82
3,50,4,319,159547,85
3,50,4,320,160047,79
3,50,4,321,160547,81
3,50,4,322,161047,82
3,50,4,323,161547,82
3,50,4,324,162047,82
3,50,4,325,162547,83
3,50,4,326,163047,77
3,50,4,327,163547,83
3,50,4,328,164047,78
3,50,4,329,164547,83
3,50,4,330,165047,79
3,50,4,331,165547,83
3,50,4,332,166047,83
3,50,4,333,166547,85
3,50,4,334,167047,83
3,50,4,335,167547,82
3,50,4,336,168047,87
3,50,4,337,168547,89
3,50,4,338,169047,77
3,50,4,339,169547,87
3,50,4,340,170047,83
3,50,4,341,170547,83
3,50,4,342,171047,85
3,50,4,343,171547,84
3,50,4,344,172047,89
3,50,4,345,172547,91
3,50,4,346,173047,83
3,50,4,347,173547,88
3,50,4,348,174047,85
3,50,4,349,174547,89
3,50,4,350,175047,87
3,50,4,351,175547,84
3,50,4,352,176047,87
3,50,4,353,176547,89
3,50,4,354,177047,84
3,50,4,355,177547,85
3,50,4,356,178047,90
3,50,4,357,178547,89
3,50,4,358,179047,77
3,50,4,359,179547,89
3,50,4,360,180047,95
3,50,4,361,180547,89
3,50,4,362,181047,82
3,50,4,363,181547,87
3,50,4,364,182047,88
3,50,4,365,182547,84
3,50,4,366,183047,83
3,50,4,367,183547,91
3,50,4,368,184047,89
3,50,4,369,184547,87
3,50,4,370,185047,85
3,50,4,371,185547,83
3,50,4,372,186047,83
3,50,4,373,186547,85
3,50,4,374,187047,83
3,50,4,375,187547,83
3,50,4,376,188047,85
3,50,4,377,188547,85
3,50,4,378,189047,87
3,50,4,379,189547,79
3,50,4,380,190047,91
3,50,4,381,190547,87
3,50,4,382,191047,85
3,50,4,383,191547,86
3,50,4,384,192047,89
3,50,4,385,192547,86
3,50,4,386,193047,83
3,50,4,387,193547,88
3,50,4,388,194047,85
3,50,4,389,194547,87
3,50,4,390,195047,86
3,50,4,391,195547,84
3,50,4,392,196047,85
3,50,4,393,196547,87
3,50,4,394,197047,79
3,50,4,395,197547,85
3,50,4,396,198047,85
3,50,4,397,198547,81
3,50,4,398,199047,83
3,50,4,399,199547,83
3,50,4,400,200047,87
3,50,4,401,200547,87
3,50,4,402,201047,87
3,50,4,403,201547,85
3,50,4,404,202047,84
3,50,4,405,202547,82
3,50,4,406,203047,85
3,50,4,407,203547,87
3,50,4,408,204047,79
3,50,4,409,204547,85
3,50,4,410,205047,83
3,50,4,411,205547,77
3,50,4,412,206047,81
3,50,4,413,206547,77
3,50,4,414,207047,83
3,50,4,415,207547,82
3,50,4,416,208047,81
3,50,4,417,208547,80
3,50,4,418,209047,84
3,50,4,419,209547,79
3,50,4,420,210047,83
3,50,4,421,210547,79
3,50,4,422,211047,87
3,50,4,423,211547,82
3,50,4,424,212047,75
3,50,4,425,212547,85
3,50,4,426,213047,83
3,50,4,427,213547,71
3,50,4,428,214047,83
3,50,4,429,214547,85
3,50,4,430,215047,83
3,50,4,431,215547,82
3,50,4,432,216047,85
3,50,4,433,216547,83
3,50,4,434,217047,82
3,50,4,435,217547,86
3,50,4,436,218047,82
3,50,4,437,218547,79
3,50,4,438,219047,77
3,50,4,439,219547,81
3,50,4,440,220047,85
3,50,4,441,220547,81
3,50,4,442,221047,79
3,50,4,443,221547,78
3,50,4,444,222047,83
3,50,4,445,222547,77
3,50,4,446,223047,77
3,50,4,447,223547,77
3,50,4,448,224047,82
3,50,4,449,224547,75
3,50,4,450,225047,75
3,50,4,451,225547,82
3,50,4,452,226047,76
3,50,4,453,226547,77
3,50,4,454,227047,79
3,50,4,455,227547,79
3,50,4,456,228047,77
3,50,4,457,228547,85
3,50,4,458,229047,77
3,50,4,459,229547,79
3,50,4,460,230047,83
3,50,4,461,230547,79
3,50,4,462,231047,77
3,50,4,463,231547,79
3,50,4,464,232047,79
3,50,4,465,232547,78
3,50,4,466,233047,79
3,50,4,467,233547,75
3,50,4,468,234047,79
3,50,4,469,234547,79
3,50,4,470,235047,84
3,50,4,471,235547,77
3,50,4,472,236047,78
3,50,4,473,236547,78
3,50,4,474,237047,79
3,50,4,475,237547,77
3,50,4,476,238047,75
3,50,4,477,238547,83
3,50,4,478,239047,77
3,50,4,479,239547,78
3,50,4,480,240047,73
3,50,4,481,240547,81
3,50,4,482,241047,85
3,50,4,483,241547,75
3,50,4,484,242047,88
3,50,4,485,242547,77
3,50,4,486,243047,83
3,50,4,487,243547,78
3,50,4,488,244047,84
3,50,4,489,244547,83
3,50,4,490,245047,77
3,50,4,491,245547,81
3,50,4,492,246047,81
3,50,4,493,246547,82
3,50,4,494,247047,84
3,50,4,495,247547,83
3,50,4,496,248047,78
3,50,4,497,248547,85
3,50,4,498,249047,83
3,50,4,499,249547,78
3,50,4,500,250047,85
3,50,4,501,250547,83
3,50,4,502,251047,79
3,50,4,503,251547,79
3,50,4,504,252047,83
3,50,4,505,252547,83
3,50,4,506,253047,83
3,50,4,507,253547,85
3,50,4,508,254047,83
3,50,4,509,254547,85
3,50,4,510,255047,79
3,50,4,511,255547,83
3,50,4,512,256047,77
3,50,4,513,256547,82
3,50,4,514,257047,85
3,50,4,515,257547,85
3,50,4,516,258047,83
3,50,4,517,258547,83
3,50,4,518,259047,85
3,50,4,519,259547,83
3,50,4,520,260047,87
3,50,4,521,260547,83
3,50,4,522,261047,83
3,50,4,523,261547,84
3,50,4,524,262047,85
3,50,4,525,262547,79
3,50,4,526,263047,85
3,50,4,527,263547,85
3,50,4,528,264047,79
3,50,4,529,264547,82
3,50,4,530,265047,87
3,50,4,531,265547,83
3,50,4,532,266047,85
3,50,4,533,266547,89
3,50,4,534,267047,87
3,50,4,535,267547,85
3,50,4,536,268047,88
3,50,4,537,268547,86
3,50,4,538,269047,87
3,50,4,539,269547,85
3,50,4,540,270047,87
3,50,4,541,270547,83
3,50,4,542,271047,88
3,50,4,543,271547,85
3,50,4,544,272047,83
3,50,4,545,272547,85
3,50,4,546,273047,81
3,50,4,547,273547,85
3,50,4,548,274047,79
3,50,4,549,274547,84
3,50,4,550,275047,89
3,50,4,551,275547,84
3,50,4,552,276047,84
3,50,4,553,276547,85
3,50,4,554,277047,86
3,50,4,555,277547,85
3,50,4,556,278047,81
3,50,4,557,278547,86
3,50,4,558,279047,78
3,50,4,559,279547,89
3,50,4,560,280047,83
3,50,4,561,280547,85
3,50,4,562,281047,81
3,50,4,563,281547,79
3,50,4,564,282047,87
3,50,4,565,282547,85
3,50,4,566,283047,85
3,50,4,567,283547,84
3,50,4,568,284047,77
3,50,4,569,284547,84
3,50,4,570,285047,86
3,50,4,571,285547,85
3,50,4,572,286047,77
3,50,4,573,286547,83
3,50,4,574,287047,85
3,50,4,575,287547,85
3,50,4,576,288047,77
3,50,4,577,288547,87
3,50,4,578,289047,84
3,50,4,579,289547,80
3,50,4,580,290047,83
3,50,4,581,290547,87
3,50,4,582,291047,82
3,50,4,583,291547,79
3,50,4,584,292047,83
3,50,4,585,292547,78
3,50,4,586,293047,77
3,50,4,587,293547,85
3,50,4,588,294047,83
3,50,4,589,294547,83
3,50,4,590,295047,81
3,50,4,591,295547,83
3,50,4,592,296047,87
3,50,4,593,296547,83
3,50,4,594,297047,77
3,50,4,595,297547,83
3,50,4,596,298047,84
3,50,4,597,298547,79
3,50,4,598,299047,79
3,50,4,599,299547,83
3,50,4,600,300047,79
3,50,4,601,300547,84
3,50,4,602,301047,84
3,50,4,603,301547,85
3,50,4,604,302047,78
3,50,4,605,302547,83
3,50,4,606,303047,81
3,50,4,607,303547,79
3,50,4,608,304047,83
3,50,4,609,304547,82
3,50,4,610,305047,77
3,50,4,611,305547,87
3,50,4,612,306047,83
3,50,4,613,306547,82
3,50,4,614,307047,87
3,50,4,615,307547,85
3,50,4,616,308047,79
3,50,4,617,308547,84
3,50,4,618,309047,85
3,50,4,619,309547,79
3,50,4,620,310047,83
3,50,4,621,310547,82
3,50,4,622,311047,89
3,50,4,623,311547,83
3,50,4,624,312047,79
3,50,4,625,312547,83
3,50,4,626,313047,83
3,50,4,627,313547,82
3,50,4,628,314047,83
3,50,4,629,314547,78
3,50,4,630,315047,85
3,50,4,631,315547,77
3,50,4,632,316047,84
3,50,4,633,316547,89
3,50,4,634,317047,83
3,50,4,635,317547,83
3,50,4,636,318047,83
3,50,4,637,318547,82
3,50,4,638,319047,83
3,50,4,639,319547,83
3,50,4,640,320047,83
3,50,4,641,320547,79
3,50,4,642,321047,83
3,50,4,643,321547,83
3,50,4,644,322047,78
3,50,4,645,322547,77
3,50,4,646,323047,79
3,50,4,647,323547,84
3,50,4,648,324047,81
3,50,4,649,324547,79
3,50,4,650,325047,83
3,50,4,651,325547,82
3,50,4,652,326047,83
3,50,4,653,326547,82
3,50,4,654,327047,79
3,50,4,655,327547,83
3,50,4,656,328047,83
3,50,4,657,328547,81
3,50,4,658,329047,79
3,50,4,659,329547,81
3,50,4,660,330047,85
3,50,4,661,330547,77
3,50,4,662,331047,82
3,50,4,663,331547,85
3,50,4,664,332047,74
3,50,4,665,332547,85
3,50,4,666,333047,85
3,50,4,667,333547,75
3,50,4,668,334047,79
3,50,4,669,334547,78
3,50,4,670,335047,78
3,50,4,671,335547,83
3,50,4,672,336047,85
3,50,4,673,336547,85
3,50,4,674,337047,87
3,50,4,675,337547,88
3,50,4,676,338047,77
3,50,4,677,338547,83
3,50,4,678,339047,85
3,50,4,679,339547,83
3,50,4,680,340047,83
3,50,4,681,340547,87
3,50,4,682,341047,85
3,50,4,683,341547,89
3,50,4,684,342047,75
3,50,4,685,342547,85
3,50,4,686,343047,85
3,50,4,687,343547,83
3,50,4,688,344047,83
3,50,4,689,344547,87
3,50,4,690,345047,89
3,50,4,691,345547,89
3,50,4,692,346047,79
3,50,4,693,346547,87
3,50,4,694,347047,82
3,50,4,695,347547,89
3,50,4,696,348047,79
3,50,4,697,348547,87
3,50,4,698,349047,83
3,50,4,699,349547,80
3,50,4,700,350047,83
3,50,4,701,350547,87
3,50,4,702,351047,83
3,50,4,703,351547,85
3,50,4,704,352047,89
3,50,4,705,352547,91
3,50,4,706,353047,81
3,50,4,707,353547,78
3,50,4,708,354047,89
3,50,4,709,354547,83
3,50,4,710,355047,85
3,50,4,711,355547,89
3,50,4,712,356047,86
3,50,4,713,356547,87
3,50,4,714,357047,87
3,50,4,715,357547,84
3,50,4,716,358047,87
3,50,4,717,358547,81
3,50,4,718,359047,88
3,50,4,719,359547,85
3,50,4,720,360047,79
3,50,4,721,360547,85
3,50,4,722,361047,87
3,50,4,723,361547,82
3,50,4,724,362047,85
3,50,4,725,362547,84
3,50,4,726,363047,83
3,50,4,727,363547,83
3,50,4,728,364047,83
3,50,4,729,364547,85
3,50,4,730,365047,87
3,50,4,731,365547,87
3,50,4,732,366047,77
3,50,4,733,366547,90
3,50,4,734,367047,84
3,50,4,735,367547,79
3,50,4,736,368047,86
3,50,4,737,368547,88
3,50,4,738,369047,83
3,50,4,739,369547,87
3,50,4,740,370047,87
3,50,4,741,370547,83
3,50,4,742,371047,79
3,50,4,743,371547,83
3,50,4,744,372047,88
3,50,4,745,372547,81
3,50,4,746,373047,77
3,50,4,747,373547,84
3,50,4,748,374047,83
3,50,4,749,374547,83
3,50,4,750,375047,89
3,50,4,751,375547,83
3,50,4,752,376047,85
3,50,4,753,376547,89
3,50,4,754,377047,84
3,50,4,755,377547,83
3,50,4,756,378047,79
3,50,4,757,378547,93
3,50,4,758,379047,87
3,50,4,759,379547,80
3,50,4,760,380047,85
3,50,4,761,380547,86
3,50,4,762,381047,86
3,50,4,763,381547,85
3,50,4,764,382047,84
3,50,4,765,382547,85
3,50,4,766,383047,87
3,50,4,767,383547,83
3,50,4,768,384047,87
3,50,4,769,384547,85
3,50,4,770,385047,85
3,50,4,771,385547,83
3,50,4,772,386047,87
3,50,4,773,386547,77
3,50,4,774,387047,84
3,50,4,775,387547,85
3,50,4,776,388047,79
3,50,4,777,388547,81
3,50,4,778,389047,86
3,50,4,779,389547,83
3,50,4,780,390047,83
3,50,4,781,390547,77
3,50,4,782,391047,79
3,50,4,783,391547,85
3,50,4,784,392047,83
3,50,4,785,392547,79
3,50,4,786,393047,85
3,50,4,787,393547,82
3,50,4,788,394047,80
3,50,4,789,394547,81
3,50,4,790,395047,78
3,50,4,791,395547,79
3,50,4,792,396047,83
3,50,4,793,396547,82
3,50,4,794,397047,77
3,50,4,795,397547,79
3,50,4,796,398047,77
3,50,4,797,398547,83
3,50,4,798,399047,85
3,50,4,799,399547,80
3,50,4,800,400047,83
3,50,4,801,400547,85
3,50,4,802,401047,83
3,50,4,803,401547,83
3,50,4,804,402047,83
3,50,4,805,402547,85
3,50,4,806,403047,83
3,50,4,807,403547,79
3,50,4,808,404047,87
3,50,4,809,404547,85
3,50,4,810,405047,87
3,50,4,811,405547,83
3,50,4,812,406047,83
3,50,4,813,406547,79
3,50,4,814,407047,87
3,50,4,815,407547,85
3,50,4,816,408047,83
3,50,4,817,408547,83
3,50,4,818,409047,88
3,50,4,819,409547,85
3,50,4,820,410047,81
3,50,4,821,410547,85
3,50,4,822,411047,78
3,50,4,823,411547,79
3,50,4,824,412047,84
3,50,4,825,412547,77
3,50,4,826,413047,76
3,50,4,827,413547,79
3,50,4,828,414047,83
3,50,4,829,414547,84
3,50,4,830,415047,84
3,50,4,831,415547,85
3,50,4,832,416047,85
3,50,4,833,416547,85
3,50,4,834,417047,87
3,50,4,835,417547,85
3,50,4,836,418047,85
3,50,4,837,418547,90
3,50,4,838,419047,85
3,50,4,839,419547,90
3,50,4,840,420047,89
3,50,4,841,420547,87
3,50,4,842,421047,87
3,50,4,843,421547,87
3,50,4,844,422047,84
3,50,4,845,422547,89
3,50,4,846,423047,93
3,50,4,847,423547,82
3,50,4,848,424047,85
3,50,4,849,424547,90
3,50,4,850,425047,87
3,50,4,851,425547,81
3,50,4,852,426047,85
3,50,4,853,426547,83
3,50,4,854,427047,88
3,50,4,855,427547,85
3,50,4,856,428047,79
3,50,4,857,428547,85
3,50,4,858,429047,79
3,50,4,859,429547,84
3,50,4,860,430047,83
3,50,4,861,430547,77
3,50,4,862,431047,85
3,50,4,863,431547,79
3,50,4,864,432047,73
3,50,4,865,432547,82
3,50,4,866,433047,77
3,50,4,867,433547,73
3,50,4,868,434047,75
3,50,4,869,434547,79
3,50,4,870,435047,82
3,50,4,871,435547,75
3,50,4,872,436047,75
3,50,4,873,436547,75
3,50,4,874,437047,73
3,50,4,875,437547,76
3,50,4,876,438047,79
3,50,4,877,438547,74
3,50,4,878,439047,75
3,50,4,879,439547,75
3,50,4,880,440047,81
3,50,4,881,440547,82
3,50,4,882,441047,77
3,50,4,883,441547,77
3,50,4,884,442047,77
3,50,4,885,442547,77
3,50,4,886,443047,77
3,50,4,887,443547,79
3,50,4,888,444047,77
3,50,4,889,444547,77
3,50,4,890,445047,79
3,50,4,891,445547,76
3,50,4,892,446047,83
3,50,4,893,446547,77
3,50,4,894,447047,77
3,50,4,895,447547,79
3,50,4,896,448047,84
3,50,4,897,448547,83
3,50,4,898,449047,77
3,50,4,899,449547,84
3,50,4,900,450047,85
3,50,4,901,450547,79
3,50,4,902,451047,79
3,50,4,903,451547,79
3,50,4,904,452047,85
3,50,4,905,452547,83
3,50,4,906,453047,81
3,50,4,907,453547,79
3,50,4,908,454047,77
3,50,4,909,454547,75
3,50,4,910,455047,83
3,50,4,911,455547,83
3,50,4,912,456047,78
3,50,4,913,456547,83
3,50,4,914,457047,77
3,50,4,915,457547,79
3,50,4,916,458047,85
3,50,4,917,458547,82
3,50,4,918,459047,83
3,50,4,919,459547,84
3,50,4,920,460047,84
3,50,4,921,460547,86
3,50,4,922,461047,85
3,50,4,923,461547,82
3,50,4,924,462047,79
3,50,4,925,462547,84
3,50,4,926,463047,79
3,50,4,927,463547,73
3,50,4,928,464047,85
3,50,4,929,464547,84
3,50,4,930,465047,89
3,50,4,931,465547,77
3,50,4,932,466047,84
3,50,4,933,466547,88
3,50,4,934,467047,83
3,50,4,935,467547,85
3,50,4,936,468047,83
3,50,4,937,468547,82
3,50,4,938,469047,85
3,50,4,939,469547,83
3,50,4,940,470047,86
3,50,4,941,470547,82
3,50,4,942,471047,88
3,50,4,943,471547,86
3,50,4,944,472047,86
3,50,4,945,472547,75
3,50,4,946,473047,77
3,50,4,947,473547,88
3,50,4,948,474047,86
3,50,4,949,474547,85
3,50,4,950,475047,85
3,50,4,951,475547,87
3,50,4,952,476047,81
3,50,4,953,476547,87
3,50,4,954,477047,85
3,50,4,955,477547,93
3,50,4,956,478047,86
3,50,4,957,478547,83
3,50,4,958,479047,85
3,50,4,959,479547,87
3,50,4,960,480047,83
3,50,4,961,480547,89
3,50,4,962,481047,87
3,50,4,963,481547,83
3,50,4,964,482047,89
3,50,4,965,482547,86
3,50,4,966,483047,84
3,50,4,967,483547,91
3,50,4,968,484047,83
3,50,4,969,484547,83
3,50,4,970,485047,87
3,50,4,971,485547,91
3,50,4,972,486047,87
3,50,4,973,486547,85
3,50,4,974,487047,87
3,50,4,975,487547,89
3,50,4,976,488047,85
3,50,4,977,488547,84
3,50,4,978,489047,88
3,50,4,979,489547,87
3,50,4,980,490047,85
3,50,4,981,490547,87
3,50,4,982,491047,86
3,50,4,983,491547,85
3,50,4,984,492047,85
3,50,4,985,492547,83
3,50,4,986,493047,89
3,50,4,987,493547,85
3,50,4,988,494047,79
3,50,4,989,494547,84
3,50,4,990,495047,82
3,50,4,991,495547,85
3,50,4,992,496047,77
3,50,4,993,496547,86
3,50,4,994,497047,79
3,50,4,995,497547,85
3,50,4,996,498047,86
3,50,4,997,498547,81
3,50,4,998,499047,83
3,50,4,999,499547,77
3,50,4,1000,500047,84
3,50,4,1001,500547,77
3,50,4,1002,501047,81
3,50,4,1003,501547,76
3,50,4,1004,502047,89
3,50,4,1005,502547,75
3,50,4,1006,503047,73
3,50,4,1007,503547,83
3,50,4,1008,504047,77
3,50,4,1009,504547,83
3,50,4,1010,505047,85
3,50,4,1011,505547,77
3,50,4,1012,506047,77
3,50,4,1013,506547,83
3,50,4,1014,507047,87
3,50,4,1015,507547,79
3,50,4,1016,508047,81
3,50,4,1017,508547,84
3,50,4,1018,509047,83
3,50,4,1019,509547,86
3,50,4,1020,510047,75
3,50,4,1021,510547,87
3,50,4,1022,511047,85
3,50,4,1023,511547,85
3,50,4,1024,512047,80
3,50,4,1025,512547,83
3,50,4,1026,513047,83
3,50,4,1027,513547,89
3,50,4,1028,514047,79
3,50,4,1029,514547,84
3,50,4,1030,515047,87
3,50,4,1031,515547,85
3,50,4,1032,516047,83
3,50,4,1033,516547,83
3,50,4,1034,517047,79
3,50,4,1035,517547,82
3,50,4,1036,518047,83
3,50,4,1037,518547,83
3,50,4,1038,519047,79
3,50,4,1039,519547,79
3,50,4,1040,520047,85
3,50,4,1041,520547,85
3,50,4,1042,521047,82
3,50,4,1043,521547,87
3,50,4,1044,522047,85
3,50,4,1045,522547,79
3,50,4,1046,523047,82
3,50,4,1047,523547,83
3,50,4,1048,524047,81
3,50,4,1049,524547,83
3,50,4,1050,525047,79
3,50,4,1051,525547,83
3,50,4,1052,526047,85
3,50,4,1053,526547,81
3,50,4,1054,527047,77
3,50,4,1055,527547,85
3,50,4,1056,528047,83
3,50,4,1057,528547,81
3,50,4,1058,529047,81
3,50,4,1059,529547,77
3,50,4,1060,530047,83
3,50,4,1061,530547,82
3,50,4,1062,531047,83
3,50,4,1063,531547,77
3,50,4,1064,532047,75
3,50,4,1065,532547,83
3,50,4,1066,533047,79
3,50,4,1067,533547,77
3,50,4,1068,534047,77
3,50,4,1069,534547,77
3,50,4,1070,535047,77
3,50,4,1071,535547,79
3,50,4,1072,536047,76
3,50,4,1073,536547,83
3,50,4,1074,537047,83
3,50,4,1075,537547,83
3,50,4,1076,538047,77
3,50,4,1077,538547,85
3,50,4,1078,539047,87
3,50,4,1079,539547,78
3,50,4,1080,540047,79
3,50,4,1081,540547,83
3,50,4,1082,541047,84
3,50,4,1083,541547,85
3,50,4,1084,542047,85
3,50,4,1085,542547,83
3,50,4,1086,543047,85
3,50,4,1087,543547,87
3,50,4,1088,544047,82
3,50,4,1089,544547,89
3,50,4,1090,545047,87
3,50,4,1091,545547,88
3,50,4,1092,546047,87
3,50,4,1093,546547,89
3,50,4,1094,547047,88
3,50,4,1095,547547,91
3,50,4,1096,548047,87
3,50,4,1097,548547,87
3,50,4,1098,549047,89
3,50,4,1099,549547,89
3,50,4,1100,550047,87
3,50,4,1101,550547,89
3,50,4,1102,551047,89
3,50,4,1103,551547,83
3,50,4,1104,552047,78
3,50,4,1105,552547,87
3,50,4,1106,553047,87
3,50,4,1107,553547,87
3,50,4,1108,554047,91
3,50,4,1109,554547,83
3,50,4,1110,555047,75
3,50,4,1111,555547,83
3,50,4,1112,556047,85
3,50,4,1113,556547,77
3,50,4,1114,557047,77
3,50,4,1115,557547,77
3,50,4,1116,558047,84
3,50,4,1117,558547,84
3,50,4,1118,559047,86
3,50,4,1119,559547,77
3,50,4,1120,560047,83
3,50,4,1121,560547,85
3,50,4,1122,561047,85
3,50,4,1123,561547,83
3,50,4,1124,562047,83
3,50,4,1125,562547,80
3,50,4,1126,563047,83
3,50,4,1127,563547,77
3,50,4,1128,564047,83
3,50,4,1129,564547,85
3,50,4,1130,565047,89
3,50,4,1131,565547,86
3,50,4,1132,566047,85
3,50,4,1133,566547,82
3,50,4,1134,567047,85
3,50,4,1135,567547,83
3,50,4,1136,568047,83
3,50,4,1137,568547,85
3,50,4,1138,569047,79
3,50,4,1139,569547,83
3,50,4,1140,570047,87
3,50,4,1141,570547,83
3,50,4,1142,571047,79
3,50,4,1143,571547,78
3,50,4,1144,572047,84
3,50,4,1145,572547,87
3,50,4,1146,573047,78
3,50,4,1147,573547,83
3,50,4,1148,574047,79
3,50,4,1149,574547,78
3,50,4,1150,575047,79
3,50,4,1151,575547,85
3,50,4,1152,576047,83
3,50,4,1153,576547,77
3,50,4,1154,577047,75
3,50,4,1155,577547,81
3,50,4,1156,578047,77
3,50,4,1157,578547,88
3,50,4,1158,579047,82
3,50,4,1159,579547,77
3,50,4,1160,580047,79
3,50,4,1161,580547,77
3,50,4,1162,581047,75
3,50,4,1163,581547,82
3,50,4,1164,582047,79
3,50,4,1165,582547,87
3,50,4,1166,583047,83
3,50,4,1167,583547,77
3,50,4,1168,584047,84
3,50,4,1169,584547,83
3,50,4,1170,585047,75
3,50,4,1171,585547,85
3,50,4,1172,586047,83
3,50,4,1173,586547,74
3,50,4,1174,587047,85
3,50,4,1175,587547,83
3,50,4,1176,588047,74
3,50,4,1177,588547,77
3,50,4,1178,589047,82
3,50,4,1179,589547,77
3,50,4,1180,590047,77
3,50,4,1181,590547,75
3,50,4,1182,591047,77
3,50,4,1183,591547,79
3,50,4,1184,592047,75
3,50,4,1185,592547,75
3,50,4,1186,593047,73
3,50,4,1187,593547,79
3,50,4,1188,594047,79
3,50,4,1189,594547,78
3,50,4,1190,595047,82
3,50,4,1191,595547,73
3,50,4,1192,596047,83
3,50,4,1193,596547,85
3,50,4,1194,597047,82
3,50,4,1195,597547,84
3,50,4,1196,598047,83
3,50,4,1197,598547,85
3,50,4,1198,599047,87
3,50,4,1199,599547,84
3,50,4,1200,600047,77
3,50,4,1201,600547,89
3,50,4,1202,601047,83
3,50,4,1203,601547,82
3,50,4,1204,602047,87
3,50,4,1205,602547,83
3,50,4,1206,603047,85
3,50,4,1207,603547,89
3,50,4,1208,604047,87
3,50,4,1209,604547,85
3,50,4,1210,605047,85
3,50,4,1211,605547,84
3,50,4,1212,606047,87
3,50,4,1213,606547,85
3,50,4,1214,607047,85
3,50,4,1215,607547,85
3,50,4,1216,608047,86
3,50,4,1217,608547,87
3,50,4,1218,609047,88
3,50,4,1219,609547,79
3,50,4,1220,610047,83
3,50,4,1221,610547,85
3,50,4,1222,611047,83
3,50,4,1223,611547,85
3,50,4,1224,612047,88
3,50,4,1225,612547,84
3,50,4,1226,613047,83
3,50,4,1227,613547,85
3,50,4,1228,614047,83
3,50,4,1229,614547,84
3,50,4,1230,615047,85
3,50,4,1231,615547,83
3,50,4,1232,616047,85
3,50,4,1233,616547,84
3,50,4,1234,617047,83
3,50,4,1235,617547,86
3,50,4,1236,618047,83
3,50,4,1237,618547,85
3,50,4,1238,619047,77
3,50,4,1239,619547,85
3,50,4,1240,620047,88
3,50,4,1241,620547,85
3,50,4,1242,621047,79
3,50,4,1243,621547,83
3,50,4,1244,622047,86
3,50,4,1245,622547,87
3,50,4,1246,623047,88
3,50,4,1247,623547,99
3,50,4,1248,624047,83
3,50,4,1249,624547,84
3,50,4,1250,625047,87
3,50,4,1251,625547,85
3,50,4,1252,626047,84
3,50,4,1253,626547,79
3,50,4,1254,627047,85
3,50,4,1255,627547,85
3,50,4,1256,628047,85
3,50,4,1257,628547,83
3,50,4,1258,629047,87
3,50,4,1259,629547,85
3,50,4,1260,630047,84
3,50,4,1261,630547,83
3,50,4,1262,631047,86
3,50,4,1263,631547,85
3,50,4,1264,632047,83
3,50,4,1265,632547,78
3,50,4,1266,633047,83
3,50,4,1267,633547,85
3,50,4,1268,634047,77
3,50,4,1269,634547,82
3,50,4,1270,635047,83
3,50,4,1271,635547,82
3,50,4,1272,636047,83
3,50,4,1273,636547,83
3,50,4,1274,637047,83
3,50,4,1275,637547,79
3,50,4,1276,638047,78
3,50,4,1277,638547,83
3,50,4,1278,639047,83
3,50,4,1279,639547,84
3,50,4,1280,640047,83
3,50,4,1281,640547,79
3,50,4,1282,641047,85
3,50,4,1283,641547,83
3,50,4,1284,642047,77
3,50,4,1285,642547,85
3,50,4,1286,643047,83
3,50,4,1287,643547,83
3,50,4,1288,644047,79
3,50,4,1289,644547,79
3,50,4,1290,645047,78
3,50,4,1291,645547,83
3,50,4,1292,646047,82
3,50,4,1293,646547,83
3,50,4,1294,647047,83
3,50,4,1295,647547,79
3,50,4,1296,648047,73
3,50,4,1297,648547,75
3,50,4,1298,649047,73
3,50,4,1299,649547,74
3,50,4,1300,650047,77
3,50,4,1301,650547,82
3,50,4,1302,651047,77
3,50,4,1303,651547,76
3,50,4,1304,652047,74
3,50,4,1305,652547,77
3,50,4,1306,653047,86
3,50,4,1307,653547,78
3,50,4,1308,654047,77
3,50,4,1309,654547,77
3,50,4,1310,655047,77
3,50,4,1311,655547,83
3,50,4,1312,656047,87
3,50,4,1313,656547,83
3,50,4,1314,657047,85
3,50,4,1315,657547,83
3,50,4,1316,658047,83
3,50,4,1317,658547,87
3,50,4,1318,659047,87
3,50,4,1319,659547,83
3,50,4,1320,660047,85
3,50,4,1321,660547,83
3,50,4,1322,661047,87
3,50,4,1323,661547,90
3,50,4,1324,662047,86
3,50,4,1325,662547,83
3,50,4,1326,663047,87
3,50,4,1327,663547,88
3,50,4,1328,664047,86
3,50,4,1329,664547,84
3,50,4,1330,665047,85
3,50,4,1331,665547,85
3,50,4,1332,666047,87
3,50,4,1333,666547,88
3,50,4,1334,667047,87
3,50,4,1335,667547,89
3,50,4,1336,668047,89
3,50,4,1337,668547,85
3,50,4,1338,669047,87
3,50,4,1339,669547,88
3,50,4,1340,670047,83
3,50,4,1341,670547,83
3,50,4,1342,671047,87
3,50,4,1343,671547,83
3,50,4,1344,672047,82
3,50,4,1345,672547,87
3,50,4,1346,673047,83
3,50,4,1347,673547,83
3,50,4,1348,674047,83
3,50,4,1349,674547,85
3,50,4,1350,675047,82
3,50,4,1351,675547,78
3,50,4,1352,676047,83
3,50,4,1353,676547,85
3,50,4,1354,677047,79
3,50,4,1355,677547,77
3,50,4,1356,678047,85
3,50,4,1357,678547,73
3,50,4,1358,679047,78
3,50,4,1359,679547,83
3,50,4,1360,680047,85
3,50,4,1361,680547,78
3,50,4,1362,681047,83
3,50,4,1363,681547,79
3,50,4,1364,682047,85
3,50,4,1365,682547,84
3,50,4,1366,683047,79
3,50,4,1367,683547,83
3,50,4,1368,684047,86
3,50,4,1369,684547,83
3,50,4,1370,685047,78
3,50,4,1371,685547,85
3,50,4,1372,686047,87
3,50,4,1373,686547,83
3,50,4,1374,687047,75
3,50,4,1375,687547,77
3,50,4,1376,688047,84
3,50,4,1377,688547,75
3,50,4,1378,689047,85
3,50,4,1379,689547,87
3,50,4,1380,690047,88
3,50,4,1381,690547,84
3,50,4,1382,691047,78
3,50,4,1383,691547,85
3,50,4,1384,692047,79
3,50,4,1385,692547,83
3,50,4,1386,693047,77
3,50,4,1387,693547,81
3,50,4,1388,694047,83
3,50,4,1389,694547,85
3,50,4,1390,695047,84
3,50,4,1391,695547,82
3,50,4,1392,696047,86
3,50,4,1393,696547,83
3,50,4,1394,697047,83
3,50,4,1395,697547,85
3,50,4,1396,698047,89
3,50,4,1397,698547,86
3,50,4,1398,699047,85
3,50,4,1399,699547,87
3,50,4,1400,700047,85
3,50,4,1401,700547,90
3,50,4,1402,701047,88
3,50,4,1403,701547,83
3,50,4,1404,702047,89
3,50,4,1405,702547,89
3,50,4,1406,703047,83
3,50,4,1407,703547,87
3,50,4,1408,704047,93
3,50,4,1409,704547,83
3,50,4,1410,705047,83
3,50,4,1411,705547,85
3,50,4,1412,706047,86
3,50,4,1413,706547,87
3,50,4,1414,707047,83
3,50,4,1415,707547,83
3,50,4,1416,708047,89
3,50,4,1417,708547,84
3,50,4,1418,709047,85
3,50,4,1419,709547,82
3,50,4,1420,710047,78
3,50,4,1421,710547,88
3,50,4,1422,711047,85
3,50,4,1423,711547,79
3,50,4,1424,712047,84
3,50,4,1425,712547,79
3,50,4,1426,713047,84
3,50,4,1427,713547,83
3,50,4,1428,714047,83
3,50,4,1429,714547,85
3,50,4,1430,715047,90
3,50,4,1431,715547,86
3,50,4,1432,716047,86
3,50,4,1433,716547,82
3,50,4,1434,717047,79
3,50,4,1435,717547,85
3,50,4,1436,718047,82
3,50,4,1437,718547,85
3,50,4,1438,719047,85
3,50,4,1439,719547,82
3,50,4,1440,720047,83
3,50,4,1441,720547,83
3,50,4,1442,721047,79
3,50,4,1443,721547,83
3,50,4,1444,722047,85
3,50,4,1445,722547,84
3,50,4,1446,723047,79
3,50,4,1447,723547,85
3,50,4,1448,724047,87
3,50,4,1449,724547,82
3,50,4,1450,725047,83
3,50,4,1451,725547,83
3,50,4,1452,726047,79
3,50,4,1453,726547,77
3,50,4,1454,727047,78
3,50,4,1455,727547,82
3,50,4,1456,728047,83
3,50,4,1457,728547,79
3,50,4,1458,729047,77
3,50,4,1459,729547,75
3,50,4,1460,730047,78
3,50,4,1461,730547,79
3,50,4,1462,731047,83
3,50,4,1463,731547,79
3,50,4,1464,732047,81
3,50,4,1465,732547,81
3,50,4,1466,733047,77
3,50,4,1467,733547,79
3,50,4,1468,734047,79
3,50,4,1469,734547,73
3,50,4,1470,735047,79
3,50,4,1471,735547,84
3,50,4,1472,736047,78
3,50,4,1473,736547,78
3,50,4,1474,737047,82
3,50,4,1475,737547,87
3,50,4,1476,738047,76
3,50,4,1477,738547,77
3,50,4,1478,739047,83
3,50,4,1479,739547,83
3,50,4,1480,740047,84
3,50,4,1481,740547,77
3,50,4,1482,741047,79
3,50,4,1483,741547,84
3,50,4,1484,742047,89
3,50,4,1485,742547,76
3,50,4,1486,743047,83
3,50,4,1487,743547,85
3,50,4,1488,744047,83
3,50,4,1489,744547,79
3,50,4,1490,745047,86
3,50,4,1491,745547,83
3,50,4,1492,746047,87
3,50,4,1493,746547,85
3,50,4,1494,747047,79
3,50,4,1495,747547,87
3,50,4,1496,748047,83
3,50,4,1497,748547,83
3,50,4,1498,749047,83
3,50,4,1499,749547,88
3,50,4,1500,750047,87
3,50,4,1501,750547,85
3,50,4,1502,751047,85
3,50,4,1503,751547,83
3,50,4,1504,752047,85
3,50,4,1505,752547,85
3,50,4,1506,753047,86
3,50,4,1507,753547,88
3,50,4,1508,754047,87
3,50,4,1509,754547,85
3,50,4,1510,755047,85
3,50,4,1511,755547,86
3,50,4,1512,756047,89
3,50,4,1513,756547,89
3,50,4,1514,757047,87
3,50,4,1515,757547,89
3,50,4,1516,758047,91
3,50,4,1517,758547,90
3,50,4,1518,759047,83
3,50,4,1519,759547,85
3,50,4,1520,760047,88
3,50,4,1521,760547,86
3,50,4,1522,761047,87
3,50,4,1523,761547,85
3,50,4,1524,762047,85
3,50,4,1525,762547,86
3,50,4,1526,763047,87
3,50,4,1527,763547,85
3,50,4,1528,764047,85
3,50,4,1529,764547,85
3,50,4,1530,765047,84
3,50,4,1531,765547,81
3,50,4,1532,766047,87
3,50,4,1533,766547,81
3,50,4,1534,767047,83
3,50,4,1535,767547,85
3,50,4,1536,768047,87
3,50,4,1537,768547,85
3,50,4,1538,769047,83
3,50,4,1539,769547,85
3,50,4,1540,770047,79
3,50,4,1541,770547,87
3,50,4,1542,771047,85
3,50,4,1543,771547,81
3,50,4,1544,772047,83
3,50,4,1545,772547,85
3,50,4,1546,773047,77
3,50,4,1547,773547,83
3,50,4,1548,774047,85
3,50,4,1549,774547,88
3,50,4,1550,775047,84
3,50,4,1551,775547,78
3,50,4,1552,776047,87
3,50,4,1553,776547,79
3,50,4,1554,777047,83
3,50,4,1555,777547,83
3,50,4,1556,778047,84
3,50,4,1557,778547,82
3,50,4,1558,779047,77
3,50,4,1559,779547,85
3,50,4,1560,780047,83
3,50,4,1561,780547,82
3,50,4,1562,781047,81
3,50,4,1563,781547,83
3,50,4,1564,782047,81
3,50,4,1565,782547,84
3,50,4,1566,783047,86
3,50,4,1567,783547,85
3,50,4,1568,784047,87
3,50,4,1569,784547,88
3,50,4,1570,785047,86
3,50,4,1571,785547,81
3,50,4,1572,786047,83
3,50,4,1573,786547,85
3,50,4,1574,787047,83
3,50,4,1575,787547,87
3,50,4,1576,788047,83
3,50,4,1577,788547,77
3,50,4,1578,789047,85
3,50,4,1579,789547,88
3,50,4,1580,790047,78
3,50,4,1581,790547,78
3,50,4,1582,791047,83
3,50,4,1583,791547,83
3,50,4,1584,792047,79
3,50,4,1585,792547,85
3,50,4,1586,793047,80
3,50,4,1587,793547,84
3,50,4,1588,794047,85
3,50,4,1589,794547,85
3,50,4,1590,795047,85
3,50,4,1591,795547,87
3,50,4,1592,796047,77
3,50,4,1593,796547,85
3,50,4,1594,797047,83
3,50,4,1595,797547,83
3,50,4,1596,798047,77
3,50,4,1597,798547,87
3,50,4,1598,799047,77
3,50,4,1599,799547,85
3,50,4,1600,800047,78
3,50,4,1601,800547,86
3,50,4,1602,801047,85
3,50,4,1603,801547,77
3,50,4,1604,802047,85
3,50,4,1605,802547,85
3,50,4,1606,803047,85
3,50,4,1607,803547,75
3,50,4,1608,804047,83
3,50,4,1609,804547,86
3,50,4,1610,805047,84
3,50,4,1611,805547,85
3,50,4,1612,806047,82
3,50,4,1613,806547,85
3,50,4,1614,807047,83
3,50,4,1615,807547,83
3,50,4,1616,808047,78
3,50,4,1617,808547,82
3,50,4,1618,809047,80
3,50,4,1619,809547,81
3,50,4,1620,810047,87
3,50,4,1621,810547,79
3,50,4,1622,811047,73
3,50,4,1623,811547,76
3,50,4,1624,812047,76
3,50,4,1625,812547,86
3,50,4,1626,813047,78
3,50,4,1627,813547,75
3,50,4,1628,814047,79
3,50,4,1629,814547,77
3,50,4,1630,815047,77
3,50,4,1631,815547,78
3,50,4,1632,816047,79
3,50,4,1633,816547,71
3,50,4,1634,817047,83
3,50,4,1635,817547,75
3,50,4,1636,818047,85
3,50,4,1637,818547,85
3,50,4,1638,819047,79
3,50,4,1639,819547,84
3,50,4,1640,820047,88
3,50,4,1641,820547,78
3,50,4,1642,821047,77
3,50,4,1643,821547,82
3,50,4,1644,822047,77
3,50,4,1645,822547,85
3,50,4,1646,823047,79
3,50,4,1647,823547,84
3,50,4,1648,824047,77
3,50,4,1649,824547,75
3,50,4,1650,825047,83
3,50,4,1651,825547,83
3,50,4,1652,826047,79
3,50,4,1653,826547,79
3,50,4,1654,827047,83
3,50,4,1655,827547,85
3,50,4,1656,828047,76
3,50,4,1657,828547,83
3,50,4,1658,829047,79
3,50,4,1659,829547,83
3,50,4,1660,830047,83
3,50,4,1661,830547,77
3,50,4,1662,831047,83
3,50,4,1663,831547,82
3,50,4,1664,832047,79
3,50,4,1665,832547,75
3,50,4,1666,833047,87
3,50,4,1667,833547,83
3,50,4,1668,834047,81
3,50,4,1669,834547,77
3,50,4,1670,835047,78
3,50,4,1671,835547,81
3,50,4,1672,836047,83
3,50,4,1673,836547,84
3,50,4,1674,837047,85
3,50,4,1675,837547,87
3,50,4,1676,838047,83
3,50,4,1677,838547,85
3,50,4,1678,839047,84
3,50,4,1679,839547,85
3,50,4,1680,840047,82
3,50,4,1681,840547,79
3,50,4,1682,841047,85
3,50,4,1683,841547,84
3,50,4,1684,842047,91
3,50,4,1685,842547,85
3,50,4,1686,843047,85
3,50,4,1687,843547,83
3,50,4,1688,844047,83
3,50,4,1689,844547,85
3,50,4,1690,845047,83
3,50,4,1691,845547,84
3,50,4,1692,846047,85
3,50,4,1693,846547,83
3,50,4,1694,847047,85
3,50,4,1695,847547,86
3,50,4,1696,848047,77
3,50,4,1697,848547,83
3,50,4,1698,849047,89
3,50,4,1699,849547,86
3,50,4,1700,850047,82
3,50,4,1701,850547,82
3,50,4,1702,851047,79
3,50,4,1703,851547,83
3,50,4,1704,852047,79
3,50,4,1705,852547,83
3,50,4,1706,853047,79
3,50,4,1707,853547,83
3,50,4,1708,854047,85
3,50,4,1709,854547,83
3,50,4,1710,855047,79
3,50,4,1711,855547,87
3,50,4,1712,856047,84
3,50,4,1713,856547,82
3,50,4,1714,857047,83
3,50,4,1715,857547,83
3,50,4,1716,858047,93
3,50,4,1717,858547,87
3,50,4,1718,859047,82
3,50,4,1719,859547,83
3,50,4,1720,860047,87
3,50,4,1721,860547,79
3,50,4,1722,861047,83
3,50,4,1723,861547,83
3,50,4,1724,862047,77
3,50,4,1725,862547,86
3,50,4,1726,863047,77
3,50,4,1727,863547,79
3,50,4,1728,864047,80
3,50,4,1729,864547,85
3,50,4,1730,865047,84
3,50,4,1731,865547,81
3,50,4,1732,866047,84
3,50,4,1733,866547,77
3,50,4,1734,867047,79
3,50,4,1735,867547,83
3,50,4,1736,868047,82
3,50,4,1737,868547,76
3,50,4,1738,869047,79
3,50,4,1739,869547,80
3,50,4,1740,870047,75
3,50,4,1741,870547,77
3,50,4,1742,871047,77
3,50,4,1743,871547,91
3,50,4,1744,872047,83
3,50,4,1745,872547,85
3,50,4,1746,873047,83
3,50,4,1747,873547,86
3,50,4,1748,874047,85
3,50,4,1749,874547,83
3,50,4,1750,875047,79
3,50,4,1751,875547,87
3,50,4,1752,876047,85
3,50,4,1753,876547,84
3,50,4,1754,877047,87
3,50,4,1755,877547,79
3,50,4,1756,878047,83
3,50,4,1757,878547,89
3,50,4,1758,879047,83
3,50,4,1759,879547,85
3,50,4,1760,880047,82
3,50,4,1761,880547,83
3,50,4,1762,881047,79
3,50,4,1763,881547,76
3,50,4,1764,882047,89
3,50,4,1765,882547,83
3,50,4,1766,883047,77
3,50,4,1767,883547,85
3,50,4,1768,884047,85
3,50,4,1769,884547,77
3,50,4,1770,885047,83
3,50,4,1771,885547,83
3,50,4,1772,886047,86
3,50,4,1773,886547,79
3,50,4,1774,887047,85
3,50,4,1775,887547,81
3,50,4,1776,888047,83
3,50,4,1777,888547,85
3,50,4,1778,889047,79
3,50,4,1779,889547,79
3,50,4,1780,890047,83
3,50,4,1781,890547,82
3,50,4,1782,891047,83
3,50,4,1783,891547,85
3,50,4,1784,892047,83
3,50,4,1785,892547,77
3,50,4,1786,893047,83
3,50,4,1787,893547,83
3,50,4,1788,894047,84
3,50,4,1789,894547,82
3,50,4,1790,895047,78
3,50,4,1791,895547,85
3,50,4,1792,896047,87
3,50,4,1793,896547,77
3,50,4,1794,897047,81
3,50,4,1795,897547,87
3,50,4,1796,898047,83
3,50,4,1797,898547,81
3,50,4,1798,899047,80
3,50,4,1799,899547,79
3,50,4,1800,900047,83
3,50,4,1801,900547,87
3,50,4,1802,901047,77
3,50,4,1803,901547,81
3,50,4,1804,902047,79
3,50,4,1805,902547,88
3,50,4,1806,903047,79
3,50,4,1807,903547,87
3,50,4,1808,904047,82
3,50,4,1809,904547,79
3,50,4,1810,905047,87
3,50,4,1811,905547,80
3,50,4,1812,906047,75
3,50,4,1813,906547,79
3,50,4,1814,907047,88
3,50,4,1815,907547,85
3,50,4,1816,908047,79
3,50,4,1817,908547,85
3,50,4,1818,909047,81
3,50,4,1819,909547,84
3,50,4,1820,910047,83
3,50,4,1821,910547,78
3,50,4,1822,911047,88
3,50,4,1823,911547,81
3,50,4,1824,912047,85
3,50,4,1825,912547,83
3,50,4,1826,913047,85
3,50,4,1827,913547,87
3,50,4,1828,914047,81
3,50,4,1829,914547,88
3,50,4,1830,915047,87
3,50,4,1831,915547,82
3,50,4,1832,916047,89
3,50,4,1833,916547,86
3,50,4,1834,917047,87
3,50,4,1835,917547,89
3,50,4,1836,918047,84
3,50,4,1837,918547,86
3,50,4,1838,919047,86
3,50,4,1839,919547,83
3,50,4,1840,920047,83
3,50,4,1841,920547,85
3,50,4,1842,921047,87
3,50,4,1843,921547,83
3,50,4,1844,922047,77
3,50,4,1845,922547,87
3,50,4,1846,923047,84
3,50,4,1847,923547,83
3,50,4,1848,924047,81
3,50,4,1849,924547,83
3,50,4,1850,925047,83
3,50,4,1851,925547,75
3,50,4,1852,926047,81
3,50,4,1853,926547,79
3,50,4,1854,927047,77
3,50,4,1855,927547,85
3,50,4,1856,928047,82
3,50,4,1857,928547,82
3,50,4,1858,929047,79
3,50,4,1859,929547,82
3,50,4,1860,930047,79
3,50,4,1861,930547,85
3,50,4,1862,931047,85
3,50,4,1863,931547,78
3,50,4,1864,932047,83
3,50,4,1865,932547,78
3,50,4,1866,933047,83
3,50,4,1867,933547,83
3,50,4,1868,934047,85
3,50,4,1869,934547,84
3,50,4,1870,935047,79
3,50,4,1871,935547,81
3,50,4,1872,936047,84
3,50,4,1873,936547,82
3,50,4,1874,937047,79
3,50,4,1875,937547,79
3,50,4,1876,938047,79
3,50,4,1877,938547,83
3,50,4,1878,939047,81
3,50,4,1879,939547,84
3,50,4,1880,940047,79
3,50,4,1881,940547,79
3,50,4,1882,941047,82
3,50,4,1883,941547,84
3,50,4,1884,942047,82
3,50,4,1885,942547,83
3,50,4,1886,943047,79
3,50,4,1887,943547,84
3,50,4,1888,944047,80
3,50,4,1889,944547,85
3,50,4,1890,945047,83
3,50,4,1891,945547,79
3,50,4,1892,946047,85
3,50,4,1893,946547,83
3,50,4,1894,947047,83
3,50,4,1895,947547,83
3,50,4,1896,948047,84
3,50,4,1897,948547,82
3,50,4,1898,949047,83
3,50,4,1899,949547,81
3,50,4,1900,950047,77
3,50,4,1901,950547,77
3,50,4,1902,951047,79
3,50,4,1903,951547,83
3,50,4,1904,952047,81
3,50,4,1905,952547,85
3,50,4,1906,953047,86
3,50,4,1907,953547,87
3,50,4,1908,954047,83
3,50,4,1909,954547,74
3,50,4,1910,955047,79
3,50,4,1911,955547,85
3,50,4,1912,956047,89
3,50,4,1913,956547,83
3,50,4,1914,957047,82
3,50,4,1915,957547,83
3,50,4,1916,958047,83
3,50,4,1917,958547,79
3,50,4,1918,959047,87
3,50,4,1919,959547,87
3,50,4,1920,960047,85
3,50,4,1921,960547,77
3,50,4,1922,961047,83
3,50,4,1923,961547,82
3,50,4,1924,962047,83
3,50,4,1925,962547,79
3,50,4,1926,963047,81
3,50,4,1927,963547,85
3,50,4,1928,964047,77
3,50,4,1929,964547,84
3,50,4,1930,965047,85
3,50,4,1931,965547,83
3,50,4,1932,966047,87
3,50,4,1933,966547,87
3,50,4,1934,967047,87
3,50,4,1935,967547,89
3,50,4,1936,968047,83
3,50,4,1937,968547,89
3,50,4,1938,969047,87
3,50,4,1939,969547,79
3,50,4,1940,970047,85
3,50,4,1941,970547,89
3,50,4,1942,971047,86
3,50,4,1943,971547,83
3,50,4,1944,972047,77
3,50,4,1945,972547,84
3,50,4,1946,973047,83
3,50,4,1947,973547,85
3,50,4,1948,974047,83
3,50,4,1949,974547,85
3,50,4,1950,975047,83
3,50,4,1951,975547,84
3,50,4,1952,976047,78
3,50,4,1953,976547,85
3,50,4,1954,977047,83
3,50,4,1955,977547,84
3,50,4,1956,978047,79
3,50,4,1957,978547,85
3,50,4,1958,979047,77
3,50,4,1959,979547,82
3,50,4,1960,980047,83
3,50,4,1961,980547,81
3,50,4,1962,981047,77
3,50,4,1963,981547,83
3,50,4,1964,982047,85
3,50,4,1965,982547,81
3,50,4,1966,983047,83
3,50,4,1967,983547,81
3,50,4,1968,984047,87
3,50,4,1969,984547,85
3,50,4,1970,985047,85
3,50,4,1971,985547,83
3,50,4,1972,986047,83
3,50,4,1973,986547,87
3,50,4,1974,987047,84
3,50,4,1975,987547,85
3,50,4,1976,988047,86
3,50,4,1977,988547,79
3,50,4,1978,989047,82
3,50,4,1979,989547,85
3,50,4,1980,990047,77
3,50,4,1981,990547,84
3,50,4,1982,991047,85
3,50,4,1983,991547,83
3,50,4,1984,992047,86
3,50,4,1985,992547,86
3,50,4,1986,993047,85
3,50,4,1987,993547,81
3,50,4,1988,994047,87
3,50,4,1989,994547,83
3,50,4,1990,995047,86
3,50,4,1991,995547,88
3,50,4,1992,996047,87
3,50,4,1993,996547,83
3,50,4,1994,997047,83
3,50,4,1995,997547,86
3,50,4,1996,998047,85
3,50,4,1997,998547,88
3,50,4,1998,999047,79
3,50,4,1999,999547,85
