run_id,valve_percent,window_id,sample_index,time_us,adc_raw
10,70,0,0,66,55
10,70,0,1,551,123
10,70,0,2,1047,43
10,70,0,3,1551,85
10,70,0,4,2048,75
10,70,0,5,2551,57
10,70,0,6,3048,88
10,70,0,7,3552,73
10,70,0,8,4047,47
10,70,0,9,4552,71
10,70,0,10,5047,63
10,70,0,11,5552,77
10,70,0,12,6047,67
10,70,0,13,6552,79
10,70,0,14,7047,81
10,70,0,15,7552,59
10,70,0,16,8047,62
10,70,0,17,8552,76
10,70,0,18,9047,73
10,70,0,19,9552,78
10,70,0,20,10047,85
10,70,0,21,10552,69
10,70,0,22,11047,74
10,70,0,23,11552,61
10,70,0,24,12047,53
10,70,0,25,12552,60
10,70,0,26,13047,106
10,70,0,27,13551,47
10,70,0,28,14048,75
10,70,0,29,14551,69
10,70,0,30,15048,75
10,70,0,31,15551,69
10,70,0,32,16048,55
10,70,0,33,16552,47
10,70,0,34,17047,51
10,70,0,35,17552,127
10,70,0,36,18047,48
10,70,0,37,18552,85
10,70,0,38,19047,23
10,70,0,39,19552,82
10,70,0,40,20047,59
10,70,0,41,20552,52
10,70,0,42,21047,70
10,70,0,43,21552,79
10,70,0,44,22047,36
10,70,0,45,22551,59
10,70,0,46,23047,57
10,70,0,47,23551,36
10,70,0,48,24047,71
10,70,0,49,24551,45
10,70,0,50,25047,51
10,70,0,51,25551,69
10,70,0,52,26047,82
10,70,0,53,26551,56
10,70,0,54,27047,83
10,70,0,55,27551,82
10,70,0,56,28048,57
10,70,0,57,28551,71
10,70,0,58,29048,75
10,70,0,59,29552,77
10,70,0,60,30048,67
10,70,0,61,30552,89
10,70,0,62,31047,56
10,70,0,63,31552,86
10,70,0,64,32047,59
10,70,0,65,32552,59
10,70,0,66,33047,95
10,70,0,67,33552,64
10,70,0,68,34047,74
10,70,0,69,34552,69
10,70,0,70,35047,91
10,70,0,71,35552,59
10,70,0,72,36047,73
10,70,0,73,36552,77
10,70,0,74,37047,103
10,70,0,75,37552,73
10,70,0,76,38047,71
10,70,0,77,38552,60
10,70,0,78,39047,83
10,70,0,79,39551,91
10,70,0,80,40047,83
10,70,0,81,40551,55
10,70,0,82,41048,41
10,70,0,83,41551,97
10,70,0,84,42048,78
10,70,0,85,42551,57
10,70,0,86,43048,47
10,70,0,87,43552,69
10,70,0,88,44047,47
10,70,0,89,44552,71
10,70,0,90,45047,41
10,70,0,91,45552,89
10,70,0,92,46047,73
10,70,0,93,46552,51
10,70,0,94,47047,57
10,70,0,95,47552,99
10,70,0,96,48047,51
10,70,0,97,48552,99
10,70,0,98,49047,72
10,70,0,99,49551,75
10,70,0,100,50047,77
10,70,0,101,50552,113
10,70,0,102,51047,67
10,70,0,103,51552,53
10,70,0,104,52047,88
10,70,0,105,52552,73
10,70,0,106,53047,89
10,70,0,107,53552,79
10,70,0,108,54047,77
10,70,0,109,54552,105
10,70,0,110,55047,48
10,70,0,111,55552,48
10,70,0,112,56047,155
10,70,0,113,56552,55
10,70,0,114,57047,43
10,70,0,115,57552,80
10,70,0,116,58047,87
10,70,0,117,58552,63
10,70,0,118,59047,55
10,70,0,119,59552,57
10,70,0,120,60047,118
10,70,0,121,60552,69
10,70,0,122,61047,23
10,70,0,123,61551,91
10,70,0,124,62047,79
10,70,0,125,62551,47
10,70,0,126,63048,82
10,70,0,127,63551,52
10,70,0,128,64047,99
10,70,0,129,64551,83
10,70,0,130,65048,51
10,70,0,131,65552,74
10,70,0,132,66048,73
10,70,0,133,66552,87
10,70,0,134,67047,51
10,70,0,135,67552,71
10,70,0,136,68047,103
10,70,0,137,68552,45
10,70,0,138,69047,109
10,70,0,139,69552,63
10,70,0,140,70047,62
10,70,0,141,70552,91
10,70,0,142,71047,87
10,70,0,143,71552,62
10,70,0,144,72047,54
10,70,0,145,72552,77
10,70,0,146,73047,88
10,70,0,147,73552,40
10,70,0,148,74047,75
10,70,0,149,74552,85
10,70,0,150,75047,45
10,70,0,151,75552,101
10,70,0,152,76047,51
10,70,0,153,76552,45
10,70,0,154,77047,53
10,70,0,155,77552,71
10,70,0,156,78047,54
10,70,0,157,78552,43
10,70,0,158,79047,57
10,70,0,159,79552,61
10,70,0,160,80047,62
10,70,0,161,80552,45
10,70,0,162,81047,48
10,70,0,163,81552,87
10,70,0,164,82047,55
10,70,0,165,82552,61
10,70,0,166,83047,53
10,70,0,167,83551,59
10,70,0,168,84048,83
10,70,0,169,84552,48
10,70,0,170,85048,61
10,70,0,171,85552,69
10,70,0,172,86047,57
10,70,0,173,86552,77
10,70,0,174,87047,69
10,70,0,175,87552,55
10,70,0,176,88047,72
10,70,0,177,88552,69
10,70,0,178,89047,80
10,70,0,179,89552,80
10,70,0,180,90047,61
10,70,0,181,90552,57
10,70,0,182,91047,69
10,70,0,183,91552,67
10,70,0,184,92047,83
10,70,0,185,92552,69
10,70,0,186,93047,60
10,70,0,187,93552,79
10,70,0,188,94047,72
10,70,0,189,94552,75
10,70,0,190,95047,84
10,70,0,191,95552,67
10,70,0,192,96047,75
10,70,0,193,96551,79
10,70,0,194,97048,74
10,70,0,195,97551,43
10,70,0,196,98048,73
10,70,0,197,98551,61
10,70,0,198,99048,105
10,70,0,199,99552,30
10,70,0,200,100047,85
10,70,0,201,100552,69
10,70,0,202,101047,79
10,70,0,203,101552,63
10,70,0,204,102047,57
10,70,0,205,102552,71
10,70,0,206,103047,87
10,70,0,207,103552,39
10,70,0,208,104047,59
10,70,0,209,104552,57
10,70,0,210,105047,69
10,70,0,211,105552,75
10,70,0,212,106047,57
10,70,0,213,106552,44
10,70,0,214,107047,95
10,70,0,215,107551,45
10,70,0,216,108047,56
10,70,0,217,108551,48
10,70,0,218,109047,79
10,70,0,219,109551,78
10,70,0,220,110048,48
10,70,0,221,110551,43
10,70,0,222,111048,69
10,70,0,223,111551,63
10,70,0,224,112048,46
10,70,0,225,112551,41
10,70,0,226,113048,58
10,70,0,227,113551,53
10,70,0,228,114048,77
10,70,0,229,114552,47
10,70,0,230,115047,47
10,70,0,231,115552,22
10,70,0,232,116047,73
10,70,0,233,116552,56
10,70,0,234,117047,55
10,70,0,235,117552,61
10,70,0,236,118047,63
10,70,0,237,118552,57
10,70,0,238,119047,41
10,70,0,239,119552,57
10,70,0,240,120047,60
10,70,0,241,120552,47
10,70,0,242,121047,71
10,70,0,243,121551,39
10,70,0,244,122047,120
10,70,0,245,122551,44
10,70,0,246,123048,75
10,70,0,247,123551,91
10,70,0,248,124048,55
10,70,0,249,124551,60
10,70,0,250,125048,77
10,70,0,251,125551,77
10,70,0,252,126048,73
10,70,0,253,126552,69
10,70,0,254,127047,97
10,70,0,255,127552,91
10,70,0,256,128047,36
10,70,0,257,128552,91
10,70,0,258,129047,106
10,70,0,259,129552,43
10,70,0,260,130047,85
10,70,0,261,130551,94
10,70,0,262,131048,37
10,70,0,263,131551,93
10,70,0,264,132048,77
10,70,0,265,132552,77
10,70,0,266,133047,53
10,70,0,267,133552,85
10,70,0,268,134047,63
10,70,0,269,134552,77
10,70,0,270,135047,89
10,70,0,271,135552,67
10,70,0,272,136047,99
10,70,0,273,136552,73
10,70,0,274,137047,59
10,70,0,275,137552,59
10,70,0,276,138047,103
10,70,0,277,138551,57
10,70,0,278,139047,61
10,70,0,279,139551,78
10,70,0,280,140047,48
10,70,0,281,140551,85
10,70,0,282,141047,74
10,70,0,283,141551,55
10,70,0,284,142048,69
10,70,0,285,142552,44
10,70,0,286,143048,77
10,70,0,287,143552,68
10,70,0,288,144047,54
10,70,0,289,144552,53
10,70,0,290,145047,61
10,70,0,291,145552,47
10,70,0,292,146047,69
10,70,0,293,146552,43
10,70,0,294,147047,87
10,70,0,295,147552,48
10,70,0,296,148047,47
10,70,0,297,148552,104
10,70,0,298,149047,39
10,70,0,299,149551,59
10,70,0,300,150048,73
10,70,0,301,150552,75
10,70,0,302,151048,59
10,70,0,303,151552,79
10,70,0,304,152047,72
10,70,0,305,152552,83
10,70,0,306,153047,72
10,70,0,307,153552,81
10,70,0,308,154047,61
10,70,0,309,154551,69
10,70,0,310,155047,59
10,70,0,311,155551,83
10,70,0,312,156047,79
10,70,0,313,156551,75
10,70,0,314,157048,71
10,70,0,315,157552,51
10,70,0,316,158047,79
10,70,0,317,158552,56
10,70,0,318,159047,111
10,70,0,319,159552,43
10,70,0,320,160047,53
10,70,0,321,160552,84
10,70,0,322,161047,61
10,70,0,323,161552,51
10,70,0,324,162047,69
10,70,0,325,162551,83
10,70,0,326,163047,43
10,70,0,327,163551,59
10,70,0,328,164047,59
10,70,0,329,164551,71
10,70,0,330,165047,77
10,70,0,331,165551,46
10,70,0,332,166048,92
10,70,0,333,166552,71
10,70,0,334,167048,57
10,70,0,335,167552,91
10,70,0,336,168047,61
10,70,0,337,168552,83
10,70,0,338,169047,72
10,70,0,339,169552,72
10,70,0,340,170047,123
10,70,0,341,170552,69
10,70,0,342,171047,75
10,70,0,343,171552,71
10,70,0,344,172047,94
10,70,0,345,172551,56
10,70,0,346,173048,73
10,70,0,347,173551,83
10,70,0,348,174048,63
10,70,0,349,174552,61
10,70,0,350,175048,79
10,70,0,351,175552,69
10,70,0,352,176047,89
10,70,0,353,176552,51
10,70,0,354,177047,70
10,70,0,355,177552,58
10,70,0,356,178047,69
10,70,0,357,178552,88
10,70,0,358,179047,61
10,70,0,359,179552,40
10,70,0,360,180047,73
10,70,0,361,180552,72
10,70,0,362,181047,61
10,70,0,363,181552,57
10,70,0,364,182047,59
10,70,0,365,182552,67
10,70,0,366,183047,75
10,70,0,367,183551,51
10,70,0,368,184047,87
10,70,0,369,184551,51
10,70,0,370,185047,85
10,70,0,371,185551,57
10,70,0,372,186048,73
10,70,0,373,186551,82
10,70,0,374,187048,89
10,70,0,375,187552,55
10,70,0,376,188047,89
10,70,0,377,188552,69
10,70,0,378,189047,73
10,70,0,379,189552,81
10,70,0,380,190047,63
10,70,0,381,190552,77
10,70,0,382,191047,88
10,70,0,383,191552,60
10,70,0,384,192047,69
10,70,0,385,192551,75
10,70,0,386,193047,73
10,70,0,387,193552,101
10,70,0,388,194047,52
10,70,0,389,194552,68
10,70,0,390,195047,98
10,70,0,391,195552,100
10,70,0,392,196047,55
10,70,0,393,196551,43
10,70,0,394,197048,99
10,70,0,395,197552,57
10,70,0,396,198047,75
10,70,0,397,198552,56
10,70,0,398,199047,103
10,70,0,399,199552,50
10,70,0,400,200047,57
10,70,0,401,200552,88
10,70,0,402,201047,74
10,70,0,403,201552,74
10,70,0,404,202047,55
10,70,0,405,202552,75
10,70,0,406,203047,75
10,70,0,407,203552,75
10,70,0,408,204047,70
10,70,0,409,204551,41
10,70,0,410,205047,76
10,70,0,411,205551,71
10,70,0,412,206048,60
10,70,0,413,206551,55
10,70,0,414,207048,85
10,70,0,415,207552,59
10,70,0,416,208047,59
10,70,0,417,208552,73
10,70,0,418,209047,75
10,70,0,419,209552,53
10,70,0,420,210047,57
10,70,0,421,210552,45
10,70,0,422,211047,110
10,70,0,423,211552,21
10,70,0,424,212047,68
10,70,0,425,212552,53
10,70,0,426,213047,95
10,70,0,427,213552,69
10,70,0,428,214047,29
10,70,0,429,214551,57
10,70,0,430,215047,60
10,70,0,431,215551,74
10,70,0,432,216048,55
10,70,0,433,216551,71
10,70,0,434,217048,58
10,70,0,435,217552,71
10,70,0,436,218047,55
10,70,0,437,218552,69
10,70,0,438,219047,72
10,70,0,439,219552,52
10,70,0,440,220047,86
10,70,0,441,220552,61
10,70,0,442,221047,74
10,70,0,443,221552,69
10,70,0,444,222047,59
10,70,0,445,222551,72
10,70,0,446,223047,63
10,70,0,447,223551,91
10,70,0,448,224048,73
10,70,0,449,224551,63
10,70,0,450,225048,87
10,70,0,451,225552,61
10,70,0,452,226047,83
10,70,0,453,226552,99
10,70,0,454,227047,69
10,70,0,455,227552,70
10,70,0,456,228047,92
10,70,0,457,228552,77
10,70,0,458,229047,91
10,70,0,459,229552,70
10,70,0,460,230047,92
10,70,0,461,230552,83
10,70,0,462,231047,75
10,70,0,463,231552,85
10,70,0,464,232047,74
10,70,0,465,232552,79
10,70,0,466,233047,77
10,70,0,467,233552,75
10,70,0,468,234047,75
10,70,0,469,234552,85
10,70,0,470,235047,91
10,70,0,471,235552,77
10,70,0,472,236047,75
10,70,0,473,236552,47
10,70,0,474,237047,93
10,70,0,475,237552,63
10,70,0,476,238047,43
10,70,0,477,238551,73
10,70,0,478,239047,56
10,70,0,479,239551,45
10,70,0,480,240047,87
10,70,0,481,240551,55
10,70,0,482,241047,53
10,70,0,483,241551,53
10,70,0,484,242048,57
10,70,0,485,242551,63
10,70,0,486,243048,45
10,70,0,487,243552,58
10,70,0,488,244047,69
10,70,0,489,244552,54
10,70,0,490,245047,51
10,70,0,491,245552,47
10,70,0,492,246047,61
10,70,0,493,246552,55
10,70,0,494,247047,31
10,70,0,495,247552,61
10,70,0,496,248047,39
10,70,0,497,248552,47
10,70,0,498,249047,63
10,70,0,499,249552,79
10,70,0,500,250047,43
10,70,0,501,250552,45
10,70,0,502,251047,55
10,70,0,503,251552,69
10,70,0,504,252047,67
10,70,0,505,252552,40
10,70,0,506,253047,85
10,70,0,507,253551,36
10,70,0,508,254048,105
10,70,0,509,254551,79
10,70,0,510,255048,21
10,70,0,511,255552,61
10,70,0,512,256048,63
10,70,0,513,256552,46
10,70,0,514,257047,48
10,70,0,515,257552,68
10,70,0,516,258047,47
10,70,0,517,258552,70
10,70,0,518,259047,63
10,70,0,519,259552,60
10,70,0,520,260047,72
10,70,0,521,260552,71
10,70,0,522,261047,88
10,70,0,523,261551,59
10,70,0,524,262047,85
10,70,0,525,262551,60
10,70,0,526,263048,71
10,70,0,527,263552,59
10,70,0,528,264047,61
10,70,0,529,264552,87
10,70,0,530,265047,28
10,70,0,531,265552,69
10,70,0,532,266047,77
10,70,0,533,266552,85
10,70,0,534,267047,60
10,70,0,535,267552,89
10,70,0,536,268047,87
10,70,0,537,268552,71
10,70,0,538,269047,72
10,70,0,539,269552,69
10,70,0,540,270047,57
10,70,0,541,270551,91
10,70,0,542,271047,71
10,70,0,543,271551,77
10,70,0,544,272048,63
10,70,0,545,272552,73
10,70,0,546,273048,86
10,70,0,547,273552,87
10,70,0,548,274048,57
10,70,0,549,274552,75
10,70,0,550,275047,85
10,70,0,551,275552,85
10,70,0,552,276047,83
10,70,0,553,276552,69
10,70,0,554,277047,88
10,70,0,555,277552,71
10,70,0,556,278047,73
10,70,0,557,278552,88
10,70,0,558,279047,78
10,70,0,559,279552,60
10,70,0,560,280047,88
10,70,0,561,280552,77
10,70,0,562,281047,89
10,70,0,563,281551,70
10,70,0,564,282048,75
10,70,0,565,282551,73
10,70,0,566,283048,77
10,70,0,567,283552,73
10,70,0,568,284048,78
10,70,0,569,284552,44
10,70,0,570,285047,71
10,70,0,571,285552,89
10,70,0,572,286047,58
10,70,0,573,286552,59
10,70,0,574,287047,47
10,70,0,575,287552,69
10,70,0,576,288047,46
10,70,0,577,288552,70
10,70,0,578,289047,63
10,70,0,579,289552,90
10,70,0,580,290047,41
10,70,0,581,290551,67
10,70,0,582,291047,57
10,70,0,583,291551,71
10,70,0,584,292047,47
10,70,0,585,292551,56
10,70,0,586,293048,62
10,70,0,587,293552,47
10,70,0,588,294048,76
10,70,0,589,294552,59
10,70,0,590,295047,58
10,70,0,591,295552,71
10,70,0,592,296047,99
10,70,0,593,296552,91
10,70,0,594,297047,55
10,70,0,595,297552,92
10,70,0,596,298047,90
10,70,0,597,298552,59
10,70,0,598,299047,104
10,70,0,599,299552,56
10,70,0,600,300047,56
10,70,0,601,300552,57
10,70,0,602,301047,54
10,70,0,603,301552,87
10,70,0,604,302047,43
10,70,0,605,302551,77
10,70,0,606,303047,71
10,70,0,607,303551,47
10,70,0,608,304048,135
10,70,0,609,304552,44
10,70,0,610,305047,90
10,70,0,611,305552,23
10,70,0,612,306047,61
10,70,0,613,306552,73
10,70,0,614,307047,71
10,70,0,615,307552,43
10,70,0,616,308047,59
10,70,0,617,308552,67
10,70,0,618,309047,53
10,70,0,619,309552,92
10,70,0,620,310047,51
10,70,0,621,310552,73
10,70,0,622,311047,71
10,70,0,623,311551,63
10,70,0,624,312047,71
10,70,0,625,312551,69
10,70,0,626,313048,70
10,70,0,627,313551,68
10,70,0,628,314048,93
10,70,0,629,314551,60
10,70,0,630,315048,86
10,70,0,631,315551,81
10,70,0,632,316048,72
10,70,0,633,316552,89
10,70,0,634,317048,75
10,70,0,635,317552,76
10,70,0,636,318047,90
10,70,0,637,318552,91
10,70,0,638,319047,50
10,70,0,639,319552,95
10,70,0,640,320047,76
10,70,0,641,320552,69
10,70,0,642,321047,75
10,70,0,643,321552,77
10,70,0,644,322047,89
10,70,0,645,322552,89
10,70,0,646,323047,73
10,70,0,647,323552,93
10,70,0,648,324047,63
10,70,0,649,324552,84
10,70,0,650,325047,74
10,70,0,651,325552,59
10,70,0,652,326047,105
10,70,0,653,326552,78
10,70,0,654,327047,59
10,70,0,655,327552,56
10,70,0,656,328047,87
10,70,0,657,328551,69
10,70,0,658,329048,84
10,70,0,659,329552,57
10,70,0,660,330048,61
10,70,0,661,330552,118
10,70,0,662,331047,46
10,70,0,663,331552,61
10,70,0,664,332047,75
10,70,0,665,332552,71
10,70,0,666,333047,74
10,70,0,667,333552,59
10,70,0,668,334047,71
10,70,0,669,334552,57
10,70,0,670,335047,56
10,70,0,671,335552,73
10,70,0,672,336047,67
10,70,0,673,336551,73
10,70,0,674,337048,99
10,70,0,675,337552,45
10,70,0,676,338048,42
10,70,0,677,338552,79
10,70,0,678,339047,81
10,70,0,679,339552,43
10,70,0,680,340047,47
10,70,0,681,340552,88
10,70,0,682,341047,51
10,70,0,683,341552,41
10,70,0,684,342047,81
10,70,0,685,342552,21
10,70,0,686,343047,61
10,70,0,687,343552,35
10,70,0,688,344047,55
10,70,0,689,344552,73
10,70,0,690,345047,67
10,70,0,691,345552,35
10,70,0,692,346047,54
10,70,0,693,346552,45
10,70,0,694,347047,57
10,70,0,695,347551,47
10,70,0,696,348047,53
10,70,0,697,348552,57
10,70,0,698,349048,55
10,70,0,699,349552,51
10,70,0,700,350047,63
10,70,0,701,350552,43
10,70,0,702,351047,47
10,70,0,703,351552,70
10,70,0,704,352047,27
10,70,0,705,352552,95
10,70,0,706,353047,28
10,70,0,707,353552,68
10,70,0,708,354047,59
10,70,0,709,354552,59
10,70,0,710,355047,61
10,70,0,711,355552,93
10,70,0,712,356047,50
10,70,0,713,356552,61
10,70,0,714,357047,77
10,70,0,715,357552,36
10,70,0,716,358047,103
10,70,0,717,358551,51
10,70,0,718,359048,55
10,70,0,719,359551,87
10,70,0,720,360048,73
10,70,0,721,360551,72
10,70,0,722,361048,47
10,70,0,723,361551,69
10,70,0,724,362048,86
10,70,0,725,362552,53
10,70,0,726,363047,85
10,70,0,727,363552,57
10,70,0,728,364047,79
10,70,0,729,364552,62
10,70,0,730,365047,69
10,70,0,731,365552,69
10,70,0,732,366047,89
10,70,0,733,366552,55
10,70,0,734,367047,75
10,70,0,735,367552,55
10,70,0,736,368047,48
10,70,0,737,368551,89
10,70,0,738,369047,67
10,70,0,739,369551,57
10,70,0,740,370048,88
10,70,0,741,370551,47
10,70,0,742,371048,103
10,70,0,743,371552,51
10,70,0,744,372048,71
10,70,0,745,372552,73
10,70,0,746,373047,75
10,70,0,747,373552,93
10,70,0,748,374047,61
10,70,0,749,374552,59
10,70,0,750,375047,57
10,70,0,751,375552,69
10,70,0,752,376047,57
10,70,0,753,376551,69
10,70,0,754,377048,61
10,70,0,755,377552,77
10,70,0,756,378048,55
10,70,0,757,378552,51
10,70,0,758,379047,79
10,70,0,759,379552,54
10,70,0,760,380047,73
10,70,0,761,380552,61
10,70,0,762,381047,73
10,70,0,763,381552,45
10,70,0,764,382047,101
10,70,0,765,382551,37
10,70,0,766,383047,95
10,70,0,767,383551,44
10,70,0,768,384048,58
10,70,0,769,384551,68
10,70,0,770,385048,86
10,70,0,771,385552,55
10,70,0,772,386048,58
10,70,0,773,386552,51
10,70,0,774,387047,86
10,70,0,775,387552,55
10,70,0,776,388047,53
10,70,0,777,388552,86
10,70,0,778,389047,61
10,70,0,779,389552,62
10,70,0,780,390047,90
10,70,0,781,390552,39
10,70,0,782,391047,79
10,70,0,783,391552,61
10,70,0,784,392047,59
10,70,0,785,392552,88
10,70,0,786,393047,72
10,70,0,787,393552,55
10,70,0,788,394047,60
10,70,0,789,394552,107
10,70,0,790,395047,61
10,70,0,791,395551,60
10,70,0,792,396047,62
10,70,0,793,396551,61
10,70,0,794,397047,77
10,70,0,795,397551,63
10,70,0,796,398048,60
10,70,0,797,398552,53
10,70,0,798,399047,76
10,70,0,799,399552,57
10,70,0,800,400047,75
10,70,0,801,400552,61
10,70,0,802,401047,51
10,70,0,803,401552,59
10,70,0,804,402047,57
10,70,0,805,402551,99
10,70,0,806,403048,41
10,70,0,807,403551,55
10,70,0,808,404048,69
10,70,0,809,404552,69
10,70,0,810,405047,93
10,70,0,811,405552,69
10,70,0,812,406047,67
10,70,0,813,406552,76
10,70,0,814,407047,60
10,70,0,815,407552,51
10,70,0,816,408047,74
10,70,0,817,408552,73
10,70,0,818,409047,59
10,70,0,819,409552,63
10,70,0,820,410047,71
10,70,0,821,410552,53
10,70,0,822,411047,61
10,70,0,823,411552,99
10,70,0,824,412047,45
10,70,0,825,412551,93
10,70,0,826,413048,75
10,70,0,827,413552,25
10,70,0,828,414047,73
10,70,0,829,414552,69
10,70,0,830,415047,74
10,70,0,831,415552,73
10,70,0,832,416047,77
10,70,0,833,416552,72
10,70,0,834,417047,84
10,70,0,835,417552,59
10,70,0,836,418047,68
10,70,0,837,418552,79
10,70,0,838,419047,58
10,70,0,839,419552,69
10,70,0,840,420047,63
10,70,0,841,420552,57
10,70,0,842,421047,60
10,70,0,843,421551,63
10,70,0,844,422048,89
10,70,0,845,422551,42
10,70,0,846,423048,77
10,70,0,847,423551,55
10,70,0,848,424048,83
10,70,0,849,424552,57
10,70,0,850,425047,59
10,70,0,851,425552,35
10,70,0,852,426047,100
10,70,0,853,426552,29
10,70,0,854,427047,105
10,70,0,855,427552,58
10,70,0,856,428047,26
10,70,0,857,428552,83
10,70,0,858,429047,89
10,70,0,859,429552,51
10,70,0,860,430047,41
10,70,0,861,430552,74
10,70,0,862,431047,70
10,70,0,863,431552,74
10,70,0,864,432047,58
10,70,0,865,432551,67
10,70,0,866,433048,75
10,70,0,867,433551,43
10,70,0,868,434048,124
10,70,0,869,434552,52
10,70,0,870,435048,85
10,70,0,871,435552,69
10,70,0,872,436047,93
10,70,0,873,436552,56
10,70,0,874,437047,63
10,70,0,875,437552,93
10,70,0,876,438047,91
10,70,0,877,438552,47
10,70,0,878,439047,84
10,70,0,879,439552,72
10,70,0,880,440047,61
10,70,0,881,440552,116
10,70,0,882,441047,57
10,70,0,883,441552,77
10,70,0,884,442047,72
10,70,0,885,442551,80
10,70,0,886,443047,57
10,70,0,887,443551,77
10,70,0,888,444048,58
10,70,0,889,444552,78
10,70,0,890,445048,57
10,70,0,891,445552,58
10,70,0,892,446047,55
10,70,0,893,446552,71
10,70,0,894,447047,72
10,70,0,895,447552,51
10,70,0,896,448047,82
10,70,0,897,448552,57
10,70,0,898,449047,59
10,70,0,899,449552,55
10,70,0,900,450047,74
10,70,0,901,450552,42
10,70,0,902,451047,115
10,70,0,903,451552,41
10,70,0,904,452047,67
10,70,0,905,452552,62
10,70,0,906,453047,49
10,70,0,907,453551,69
10,70,0,908,454047,68
10,70,0,909,454551,47
10,70,0,910,455048,79
10,70,0,911,455552,84
10,70,0,912,456047,55
10,70,0,913,456552,73
10,70,0,914,457047,69
10,70,0,915,457551,62
10,70,0,916,458048,75
10,70,0,917,458552,87
10,70,0,918,459047,61
10,70,0,919,459552,100
10,70,0,920,460047,76
10,70,0,921,460552,63
10,70,0,922,461047,61
10,70,0,923,461552,73
10,70,0,924,462047,86
10,70,0,925,462552,63
10,70,0,926,463047,61
10,70,0,927,463552,75
10,70,0,928,464047,94
10,70,0,929,464552,77
10,70,0,930,465047,77
10,70,0,931,465551,61
10,70,0,932,466047,109
10,70,0,933,466551,63
10,70,0,934,467047,59
10,70,0,935,467551,102
10,70,0,936,468048,102
10,70,0,937,468552,57
10,70,0,938,469047,67
10,70,0,939,469552,93
10,70,0,940,470047,71
10,70,0,941,470552,43
10,70,0,942,471047,91
10,70,0,943,471552,40
10,70,0,944,472047,141
10,70,0,945,472552,48
10,70,0,946,473047,83
10,70,0,947,473552,71
10,70,0,948,474047,61
10,70,0,949,474551,72
10,70,0,950,475047,41
10,70,0,951,475551,73
10,70,0,952,476048,73
10,70,0,953,476551,53
10,70,0,954,477048,70
10,70,0,955,477552,57
10,70,0,956,478047,40
10,70,0,957,478552,77
10,70,0,958,479047,37
10,70,0,959,479552,71
10,70,0,960,480047,83
10,70,0,961,480552,39
10,70,0,962,481047,91
10,70,0,963,481552,71
10,70,0,964,482047,40
10,70,0,965,482552,73
10,70,0,966,483047,77
10,70,0,967,483552,69
10,70,0,968,484047,43
10,70,0,969,484552,115
10,70,0,970,485047,51
10,70,0,971,485552,47
10,70,0,972,486047,101
10,70,0,973,486552,47
10,70,0,974,487047,85
10,70,0,975,487552,53
10,70,0,976,488047,83
10,70,0,977,488551,63
10,70,0,978,489048,74
10,70,0,979,489552,42
10,70,0,980,490047,87
10,70,0,981,490552,71
10,70,0,982,491047,83
10,70,0,983,491552,36
10,70,0,984,492047,109
10,70,0,985,492552,39
10,70,0,986,493047,56
10,70,0,987,493552,71
10,70,0,988,494047,39
10,70,0,989,494552,61
10,70,0,990,495047,75
10,70,0,991,495552,40
10,70,0,992,496047,62
10,70,0,993,496551,53
10,70,0,994,497047,58
10,70,0,995,497551,56
10,70,0,996,498048,57
10,70,0,997,498552,46
10,70,0,998,499047,82
10,70,0,999,499552,56
10,70,0,1000,500047,54
10,70,0,1001,500552,60
10,70,0,1002,501047,58
10,70,0,1003,501552,75
10,70,0,1004,502047,69
10,70,0,1005,502551,55
10,70,0,1006,503048,70
10,70,0,1007,503552,59
10,70,0,1008,504047,95
10,70,0,1009,504552,70
10,70,0,1010,505047,60
10,70,0,1011,505552,99
10,70,0,1012,506047,72
10,70,0,1013,506552,73
10,70,0,1014,507047,54
10,70,0,1015,507552,72
10,70,0,1016,508047,85
10,70,0,1017,508552,61
10,70,0,1018,509047,69
10,70,0,1019,509552,51
10,70,0,1020,510047,61
10,70,0,1021,510552,77
10,70,0,1022,511047,55
10,70,0,1023,511551,73
10,70,0,1024,512047,53
10,70,0,1025,512552,61
10,70,0,1026,513047,59
10,70,0,1027,513552,47
10,70,0,1028,514047,39
10,70,0,1029,514552,55
10,70,0,1030,515047,54
10,70,0,1031,515552,44
10,70,0,1032,516047,29
10,70,0,1033,516552,58
10,70,0,1034,517047,45
10,70,0,1035,517552,47
10,70,0,1036,518047,54
10,70,0,1037,518552,51
10,70,0,1038,519047,47
10,70,0,1039,519552,69
10,70,0,1040,520047,47
10,70,0,1041,520552,56
10,70,0,1042,521047,70
10,70,0,1043,521552,48
10,70,0,1044,522047,38
10,70,0,1045,522552,89
10,70,0,1046,523047,63
10,70,0,1047,523552,47
10,70,0,1048,524047,63
10,70,0,1049,524552,70
10,70,0,1050,525047,51
10,70,0,1051,525552,67
10,70,0,1052,526047,74
10,70,0,1053,526552,75
10,70,0,1054,527047,47
10,70,0,1055,527552,73
10,70,0,1056,528047,75
10,70,0,1057,528551,73
10,70,0,1058,529047,55
10,70,0,1059,529551,69
10,70,0,1060,530047,57
10,70,0,1061,530551,71
10,70,0,1062,531048,63
10,70,0,1063,531552,57
10,70,0,1064,532048,72
10,70,0,1065,532552,67
10,70,0,1066,533047,69
10,70,0,1067,533552,75
10,70,0,1068,534047,75
10,70,0,1069,534552,103
10,70,0,1070,535047,52
10,70,0,1071,535552,61
10,70,0,1072,536047,61
10,70,0,1073,536551,73
10,70,0,1074,537048,91
10,70,0,1075,537551,90
10,70,0,1076,538048,83
10,70,0,1077,538552,71
10,70,0,1078,539047,86
10,70,0,1079,539552,87
10,70,0,1080,540047,91
10,70,0,1081,540552,86
10,70,0,1082,541047,100
10,70,0,1083,541552,63
10,70,0,1084,542047,89
10,70,0,1085,542552,102
10,70,0,1086,543047,71
10,70,0,1087,543552,87
10,70,0,1088,544047,127
10,70,0,1089,544552,61
10,70,0,1090,545047,72
10,70,0,1091,545552,71
10,70,0,1092,546047,69
10,70,0,1093,546551,89
10,70,0,1094,547047,61
10,70,0,1095,547551,59
10,70,0,1096,548048,59
10,70,0,1097,548551,62
10,70,0,1098,549048,57
10,70,0,1099,549551,60
10,70,0,1100,550048,52
10,70,0,1101,550551,75
10,70,0,1102,551048,43
10,70,0,1103,551552,45
10,70,0,1104,552048,56
10,70,0,1105,552552,57
10,70,0,1106,553047,69
10,70,0,1107,553552,43
10,70,0,1108,554047,62
10,70,0,1109,554552,45
10,70,0,1110,555047,75
10,70,0,1111,555552,57
10,70,0,1112,556047,83
10,70,0,1113,556552,53
10,70,0,1114,557047,87
10,70,0,1115,557552,61
10,70,0,1116,558047,87
10,70,0,1117,558552,74
10,70,0,1118,559047,54
10,70,0,1119,559552,84
10,70,0,1120,560048,78
10,70,0,1121,560551,68
10,70,0,1122,561048,61
10,70,0,1123,561551,71
10,70,0,1124,562048,73
10,70,0,1125,562552,76
10,70,0,1126,563048,89
10,70,0,1127,563552,79
10,70,0,1128,564047,47
10,70,0,1129,564552,79
10,70,0,1130,565047,58
10,70,0,1131,565552,85
10,70,0,1132,566047,95
10,70,0,1133,566552,56
10,70,0,1134,567047,75
10,70,0,1135,567552,82
10,70,0,1136,568047,95
10,70,0,1137,568552,52
10,70,0,1138,569047,111
10,70,0,1139,569551,51
10,70,0,1140,570047,59
10,70,0,1141,570551,83
10,70,0,1142,571048,83
10,70,0,1143,571552,93
10,70,0,1144,572048,63
10,70,0,1145,572552,56
10,70,0,1146,573047,78
10,70,0,1147,573552,82
10,70,0,1148,574047,53
10,70,0,1149,574552,62
10,70,0,1150,575047,95
10,70,0,1151,575552,53
10,70,0,1152,576047,70
10,70,0,1153,576552,83
10,70,0,1154,577047,82
10,70,0,1155,577552,57
10,70,0,1156,578047,95
10,70,0,1157,578552,35
10,70,0,1158,579047,85
10,70,0,1159,579552,29
10,70,0,1160,580047,109
10,70,0,1161,580552,62
10,70,0,1162,581047,25
10,70,0,1163,581552,79
10,70,0,1164,582047,43
10,70,0,1165,582552,45
10,70,0,1166,583047,83
10,70,0,1167,583551,59
10,70,0,1168,584048,63
10,70,0,1169,584551,78
10,70,0,1170,585048,74
10,70,0,1171,585552,85
10,70,0,1172,586047,51
10,70,0,1173,586552,55
10,70,0,1174,587047,86
10,70,0,1175,587552,62
10,70,0,1176,588047,59
10,70,0,1177,588552,104
10,70,0,1178,589047,54
10,70,0,1179,589552,61
10,70,0,1180,590047,89
10,70,0,1181,590552,75
10,70,0,1182,591047,74
10,70,0,1183,591552,71
10,70,0,1184,592047,72
10,70,0,1185,592552,68
10,70,0,1186,593047,61
10,70,0,1187,593552,69
10,70,0,1188,594047,63
10,70,0,1189,594552,82
10,70,0,1190,595047,61
10,70,0,1191,595552,63
10,70,0,1192,596047,78
10,70,0,1193,596552,71
10,70,0,1194,597047,88
10,70,0,1195,597552,71
10,70,0,1196,598047,101
10,70,0,1197,598552,83
10,70,0,1198,599047,71
10,70,0,1199,599551,73
10,70,0,1200,600048,77
10,70,0,1201,600551,76
10,70,0,1202,601048,77
10,70,0,1203,601552,111
10,70,0,1204,602047,63
10,70,0,1205,602552,79
10,70,0,1206,603047,71
10,70,0,1207,603552,91
10,70,0,1208,604047,45
10,70,0,1209,604552,105
10,70,0,1210,605047,59
10,70,0,1211,605552,77
10,70,0,1212,606047,70
10,70,0,1213,606551,87
10,70,0,1214,607047,71
10,70,0,1215,607551,51
10,70,0,1216,608047,63
10,70,0,1217,608551,39
10,70,0,1218,609048,64
10,70,0,1219,609551,45
10,70,0,1220,610048,43
10,70,0,1221,610552,45
10,70,0,1222,611048,45
10,70,0,1223,611552,87
10,70,0,1224,612047,31
10,70,0,1225,612552,55
10,70,0,1226,613047,48
10,70,0,1227,613552,41
10,70,0,1228,614047,63
10,70,0,1229,614552,48
10,70,0,1230,615047,43
10,70,0,1231,615552,67
10,70,0,1232,616047,83
10,70,0,1233,616551,55
10,70,0,1234,617047,43
10,70,0,1235,617551,55
10,70,0,1236,618048,72
10,70,0,1237,618551,47
10,70,0,1238,619048,79
10,70,0,1239,619551,71
10,70,0,1240,620048,63
10,70,0,1241,620552,72
10,70,0,1242,621048,90
10,70,0,1243,621552,42
10,70,0,1244,622047,73
10,70,0,1245,622552,36
10,70,0,1246,623048,141
10,70,0,1247,623552,77
10,70,0,1248,624047,20
10,70,0,1249,624552,103
10,70,0,1250,625047,104
10,70,0,1251,625552,42
10,70,0,1252,626047,77
10,70,0,1253,626552,79
10,70,0,1254,627047,57
10,70,0,1255,627552,71
10,70,0,1256,628047,85
10,70,0,1257,628551,70
10,70,0,1258,629047,69
10,70,0,1259,629551,85
10,70,0,1260,630047,42
10,70,0,1261,630551,89
10,70,0,1262,631047,60
10,70,0,1263,631551,69
10,70,0,1264,632048,64
10,70,0,1265,632552,42
10,70,0,1266,633048,75
10,70,0,1267,633551,72
10,70,0,1268,634048,59
10,70,0,1269,634552,52
10,70,0,1270,635047,61
10,70,0,1271,635552,71
10,70,0,1272,636047,60
10,70,0,1273,636552,75
10,70,0,1274,637047,69
10,70,0,1275,637552,89
10,70,0,1276,638047,59
10,70,0,1277,638552,57
10,70,0,1278,639047,59
10,70,0,1279,639551,90
10,70,0,1280,640047,47
10,70,0,1281,640551,73
10,70,0,1282,641048,63
10,70,0,1283,641551,77
10,70,0,1284,642048,59
10,70,0,1285,642552,83
10,70,0,1286,643047,73
10,70,0,1287,643552,58
10,70,0,1288,644047,111
10,70,0,1289,644552,52
10,70,0,1290,645047,78
10,70,0,1291,645552,88
10,70,0,1292,646047,51
10,70,0,1293,646552,72
10,70,0,1294,647047,79
10,70,0,1295,647552,53
10,70,0,1296,648047,55
10,70,0,1297,648551,59
10,70,0,1298,649047,55
10,70,0,1299,649551,73
10,70,0,1300,650048,53
10,70,0,1301,650551,59
10,70,0,1302,651048,69
10,70,0,1303,651552,73
10,70,0,1304,652048,63
10,70,0,1305,652552,57
10,70,0,1306,653047,55
10,70,0,1307,653552,87
10,70,0,1308,654047,59
10,70,0,1309,654552,81
10,70,0,1310,655047,62
10,70,0,1311,655552,79
10,70,0,1312,656047,72
10,70,0,1313,656552,57
10,70,0,1314,657047,69
10,70,0,1315,657551,101
10,70,0,1316,658047,44
10,70,0,1317,658551,121
10,70,0,1318,659047,43
10,70,0,1319,659551,77
10,70,0,1320,660048,71
10,70,0,1321,660552,107
10,70,0,1322,661047,41
10,70,0,1323,661552,78
10,70,0,1324,662047,85
10,70,0,1325,662552,69
10,70,0,1326,663047,79
10,70,0,1327,663552,69
10,70,0,1328,664047,75
10,70,0,1329,664552,77
10,70,0,1330,665047,62
10,70,0,1331,665552,71
10,70,0,1332,666047,59
10,70,0,1333,666552,58
10,70,0,1334,667047,104
10,70,0,1335,667551,31
10,70,0,1336,668047,70
10,70,0,1337,668551,79
10,70,0,1338,669047,81
10,70,0,1339,669551,54
10,70,0,1340,670048,69
10,70,0,1341,670552,63
10,70,0,1342,671048,77
10,70,0,1343,671552,71
10,70,0,1344,672047,50
10,70,0,1345,672552,63
10,70,0,1346,673047,47
10,70,0,1347,673552,87
10,70,0,1348,674047,61
10,70,0,1349,674552,55
10,70,0,1350,675047,63
10,70,0,1351,675552,72
10,70,0,1352,676047,71
10,70,0,1353,676552,83
10,70,0,1354,677047,37
10,70,0,1355,677551,103
10,70,0,1356,678048,60
10,70,0,1357,678552,43
10,70,0,1358,679047,91
10,70,0,1359,679552,73
10,70,0,1360,680047,47
10,70,0,1361,680552,56
10,70,0,1362,681047,79
10,70,0,1363,681552,53
10,70,0,1364,682047,59
10,70,0,1365,682552,91
10,70,0,1366,683047,47
10,70,0,1367,683552,28
10,70,0,1368,684047,95
10,70,0,1369,684552,37
10,70,0,1370,685047,55
10,70,0,1371,685551,59
10,70,0,1372,686047,68
10,70,0,1373,686551,39
10,70,0,1374,687048,58
10,70,0,1375,687552,61
10,70,0,1376,688047,58
10,70,0,1377,688552,63
10,70,0,1378,689047,59
10,70,0,1379,689552,73
10,70,0,1380,690047,57
10,70,0,1381,690552,77
10,70,0,1382,691047,64
10,70,0,1383,691552,75
10,70,0,1384,692047,59
10,70,0,1385,692552,71
10,70,0,1386,693047,71
10,70,0,1387,693552,92
10,70,0,1388,694047,73
10,70,0,1389,694551,79
10,70,0,1390,695048,79
10,70,0,1391,695551,83
10,70,0,1392,696048,85
10,70,0,1393,696552,92
10,70,0,1394,697048,79
10,70,0,1395,697552,77
10,70,0,1396,698047,77
10,70,0,1397,698552,85
10,70,0,1398,699047,62
10,70,0,1399,699552,68
10,70,0,1400,700047,74
10,70,0,1401,700552,69
10,70,0,1402,701047,58
10,70,0,1403,701552,55
10,70,0,1404,702047,75
10,70,0,1405,702551,47
10,70,0,1406,703047,37
10,70,0,1407,703551,55
10,70,0,1408,704047,55
10,70,0,1409,704552,45
10,70,0,1410,705048,72
10,70,0,1411,705552,47
10,70,0,1412,706047,58
10,70,0,1413,706552,51
10,70,0,1414,707047,52
10,70,0,1415,707552,36
10,70,0,1416,708047,45
10,70,0,1417,708552,75
10,70,0,1418,709047,40
10,70,0,1419,709552,55
10,70,0,1420,710047,83
10,70,0,1421,710552,77
10,70,0,1422,711047,44
10,70,0,1423,711552,59
10,70,0,1424,712047,67
10,70,0,1425,712552,88
10,70,0,1426,713047,83
10,70,0,1427,713552,53
10,70,0,1428,714047,71
10,70,0,1429,714552,79
10,70,0,1430,715047,67
10,70,0,1431,715552,67
10,70,0,1432,716047,77
10,70,0,1433,716552,48
10,70,0,1434,717047,83
10,70,0,1435,717552,53
10,70,0,1436,718047,89
10,70,0,1437,718551,58
10,70,0,1438,719047,73
10,70,0,1439,719552,83
10,70,0,1440,720047,61
10,70,0,1441,720552,77
10,70,0,1442,721047,47
10,70,0,1443,721552,89
10,70,0,1444,722047,75
10,70,0,1445,722552,68
10,70,0,1446,723047,72
10,70,0,1447,723551,77
10,70,0,1448,724048,52
10,70,0,1449,724551,95
10,70,0,1450,725048,79
10,70,0,1451,725551,71
10,70,0,1452,726048,60
10,70,0,1453,726551,81
10,70,0,1454,727048,87
10,70,0,1455,727551,73
10,70,0,1456,728048,55
10,70,0,1457,728552,79
10,70,0,1458,729047,84
10,70,0,1459,729552,77
10,70,0,1460,730047,54
10,70,0,1461,730552,91
10,70,0,1462,731047,63
10,70,0,1463,731552,57
10,70,0,1464,732047,54
10,70,0,1465,732552,109
10,70,0,1466,733047,44
10,70,0,1467,733552,95
10,70,0,1468,734047,72
10,70,0,1469,734552,55
10,70,0,1470,735047,75
10,70,0,1471,735552,60
10,70,0,1472,736047,69
10,70,0,1473,736552,79
10,70,0,1474,737047,73
10,70,0,1475,737552,77
10,70,0,1476,738047,75
10,70,0,1477,738552,57
10,70,0,1478,739047,57
10,70,0,1479,739552,51
10,70,0,1480,740047,91
10,70,0,1481,740552,61
10,70,0,1482,741047,48
10,70,0,1483,741552,48
10,70,0,1484,742047,86
10,70,0,1485,742552,61
10,70,0,1486,743047,41
10,70,0,1487,743551,99
10,70,0,1488,744048,117
10,70,0,1489,744551,39
10,70,0,1490,745048,60
10,70,0,1491,745551,109
10,70,0,1492,746048,35
10,70,0,1493,746552,73
10,70,0,1494,747047,75
10,70,0,1495,747552,88
10,70,0,1496,748047,94
10,70,0,1497,748552,61
10,70,0,1498,749047,76
10,70,0,1499,749552,84
10,70,0,1500,750047,43
10,70,0,1501,750552,89
10,70,0,1502,751047,72
10,70,0,1503,751552,82
10,70,0,1504,752047,69
10,70,0,1505,752552,56
10,70,0,1506,753047,93
10,70,0,1507,753552,70
10,70,0,1508,754047,89
10,70,0,1509,754552,68
10,70,0,1510,755047,68
10,70,0,1511,755552,79
10,70,0,1512,756047,85
10,70,0,1513,756552,55
10,70,0,1514,757047,83
10,70,0,1515,757551,60
10,70,0,1516,758047,100
10,70,0,1517,758551,59
10,70,0,1518,759047,69
10,70,0,1519,759551,57
10,70,0,1520,760048,56
10,70,0,1521,760551,69
10,70,0,1522,761048,30
10,70,0,1523,761551,83
10,70,0,1524,762048,29
10,70,0,1525,762552,61
10,70,0,1526,763047,63
10,70,0,1527,763552,43
10,70,0,1528,764047,53
10,70,0,1529,764552,83
10,70,0,1530,765047,25
10,70,0,1531,765552,99
10,70,0,1532,766047,29
10,70,0,1533,766552,59
10,70,0,1534,767047,52
10,70,0,1535,767552,107
10,70,0,1536,768047,37
10,70,0,1537,768552,69
10,70,0,1538,769047,73
10,70,0,1539,769552,85
10,70,0,1540,770047,61
10,70,0,1541,770552,50
10,70,0,1542,771047,87
10,70,0,1543,771552,73
10,70,0,1544,772047,71
10,70,0,1545,772551,85
10,70,0,1546,773047,51
10,70,0,1547,773551,117
10,70,0,1548,774048,58
10,70,0,1549,774552,82
10,70,0,1550,775047,76
10,70,0,1551,775552,62
10,70,0,1552,776047,77
10,70,0,1553,776552,74
10,70,0,1554,777047,69
10,70,0,1555,777552,83
10,70,0,1556,778047,61
10,70,0,1557,778552,67
10,70,0,1558,779047,55
10,70,0,1559,779551,88
10,70,0,1560,780047,61
10,70,0,1561,780551,79
10,70,0,1562,781047,79
10,70,0,1563,781551,90
10,70,0,1564,782048,61
10,70,0,1565,782551,54
10,70,0,1566,783048,89
10,70,0,1567,783552,70
10,70,0,1568,784048,59
10,70,0,1569,784551,71
10,70,0,1570,785048,75
10,70,0,1571,785552,73
10,70,0,1572,786047,75
10,70,0,1573,786552,72
10,70,0,1574,787047,55
10,70,0,1575,787552,77
10,70,0,1576,788047,71
10,70,0,1577,788551,69
10,70,0,1578,789047,63
10,70,0,1579,789551,62
10,70,0,1580,790047,98
10,70,0,1581,790551,43
10,70,0,1582,791048,73
10,70,0,1583,791552,73
10,70,0,1584,792047,86
10,70,0,1585,792552,93
10,70,0,1586,793047,89
10,70,0,1587,793552,59
10,70,0,1588,794047,89
10,70,0,1589,794552,39
10,70,0,1590,795047,87
10,70,0,1591,795552,27
10,70,0,1592,796047,88
10,70,0,1593,796551,58
10,70,0,1594,797047,93
10,70,0,1595,797551,85
10,70,0,1596,798047,61
10,70,0,1597,798551,69
10,70,0,1598,799047,77
10,70,0,1599,799551,71
10,70,0,1600,800048,76
10,70,0,1601,800551,43
10,70,0,1602,801048,125
10,70,0,1603,801552,75
10,70,0,1604,802048,68
10,70,0,1605,802552,85
10,70,0,1606,803048,85
10,70,0,1607,803552,77
10,70,0,1608,804047,89
10,70,0,1609,804552,61
10,70,0,1610,805047,77
10,70,0,1611,805552,75
10,70,0,1612,806047,90
10,70,0,1613,806552,83
10,70,0,1614,807047,51
10,70,0,1615,807552,89
10,70,0,1616,808047,55
10,70,0,1617,808552,52
10,70,0,1618,809047,61
10,70,0,1619,809552,57
10,70,0,1620,810047,72
10,70,0,1621,810552,45
10,70,0,1622,811047,83
10,70,0,1623,811552,54
10,70,0,1624,812047,23
10,70,0,1625,812552,76
10,70,0,1626,813047,71
10,70,0,1627,813552,39
10,70,0,1628,814047,44
10,70,0,1629,814552,71
10,70,0,1630,815047,31
10,70,0,1631,815552,91
10,70,0,1632,816047,26
10,70,0,1633,816551,46
10,70,0,1634,817048,43
10,70,0,1635,817551,63
10,70,0,1636,818048,72
10,70,0,1637,818552,51
10,70,0,1638,819048,57
10,70,0,1639,819552,62
10,70,0,1640,820047,63
10,70,0,1641,820552,70
10,70,0,1642,821047,58
10,70,0,1643,821552,69
10,70,0,1644,822047,86
10,70,0,1645,822552,57
10,70,0,1646,823047,103
10,70,0,1647,823552,39
10,70,0,1648,824047,77
10,70,0,1649,824552,75
10,70,0,1650,825047,85
10,70,0,1651,825552,61
10,70,0,1652,826047,103
10,70,0,1653,826552,74
10,70,0,1654,827047,45
10,70,0,1655,827552,73
10,70,0,1656,828047,61
10,70,0,1657,828551,51
10,70,0,1658,829047,89
10,70,0,1659,829551,57
10,70,0,1660,830048,58
10,70,0,1661,830551,60
10,70,0,1662,831048,95
10,70,0,1663,831552,61
10,70,0,1664,832047,74
10,70,0,1665,832552,60
10,70,0,1666,833047,73
10,70,0,1667,833552,83
10,70,0,1668,834047,59
10,70,0,1669,834552,75
10,70,0,1670,835047,81
10,70,0,1671,835552,61
10,70,0,1672,836047,53
10,70,0,1673,836552,77
10,70,0,1674,837047,83
10,70,0,1675,837552,73
10,70,0,1676,838047,61
10,70,0,1677,838552,89
10,70,0,1678,839047,79
10,70,0,1679,839552,78
10,70,0,1680,840047,78
10,70,0,1681,840552,69
10,70,0,1682,841047,53
10,70,0,1683,841551,100
10,70,0,1684,842048,37
10,70,0,1685,842551,54
10,70,0,1686,843048,75
10,70,0,1687,843552,82
10,70,0,1688,844047,52
10,70,0,1689,844552,91
10,70,0,1690,845047,70
10,70,0,1691,845552,55
10,70,0,1692,846047,102
10,70,0,1693,846552,69
10,70,0,1694,847047,51
10,70,0,1695,847552,62
10,70,0,1696,848047,71
10,70,0,1697,848552,53
10,70,0,1698,849047,69
10,70,0,1699,849552,51
10,70,0,1700,850047,45
10,70,0,1701,850551,73
10,70,0,1702,851048,100
10,70,0,1703,851551,20
10,70,0,1704,852048,63
10,70,0,1705,852551,63
10,70,0,1706,853048,61
10,70,0,1707,853552,44
10,70,0,1708,854047,73
10,70,0,1709,854552,47
10,70,0,1710,855047,83
10,70,0,1711,855552,43
10,70,0,1712,856047,53
10,70,0,1713,856552,56
10,70,0,1714,857047,89
10,70,0,1715,857552,59
10,70,0,1716,858047,44
10,70,0,1717,858552,62
10,70,0,1718,859047,61
10,70,0,1719,859552,95
10,70,0,1720,860047,61
10,70,0,1721,860552,40
10,70,0,1722,861047,68
10,70,0,1723,861551,55
10,70,0,1724,862048,77
10,70,0,1725,862552,51
10,70,0,1726,863048,83
10,70,0,1727,863552,69
10,70,0,1728,864047,77
10,70,0,1729,864552,57
10,70,0,1730,865047,41
10,70,0,1731,865552,43
10,70,0,1732,866047,101
10,70,0,1733,866552,57
10,70,0,1734,867047,71
10,70,0,1735,867552,39
10,70,0,1736,868047,42
10,70,0,1737,868551,69
10,70,0,1738,869047,55
10,70,0,1739,869551,56
10,70,0,1740,870047,59
10,70,0,1741,870551,87
10,70,0,1742,871048,69
10,70,0,1743,871552,57
10,70,0,1744,872047,58
10,70,0,1745,872552,56
10,70,0,1746,873048,102
10,70,0,1747,873552,47
10,70,0,1748,874047,73
10,70,0,1749,874552,87
10,70,0,1750,875047,103
10,70,0,1751,875552,53
10,70,0,1752,876047,82
10,70,0,1753,876551,83
10,70,0,1754,877048,45
10,70,0,1755,877551,111
10,70,0,1756,878047,51
10,70,0,1757,878551,75
10,70,0,1758,879048,77
10,70,0,1759,879552,83
10,70,0,1760,880047,69
10,70,0,1761,880552,79
10,70,0,1762,881047,88
10,70,0,1763,881552,47
10,70,0,1764,882047,119
10,70,0,1765,882552,63
10,70,0,1766,883047,61
10,70,0,1767,883552,71
10,70,0,1768,884047,61
10,70,0,1769,884552,73
10,70,0,1770,885047,71
10,70,0,1771,885551,45
10,70,0,1772,886047,85
10,70,0,1773,886552,69
10,70,0,1774,887047,74
10,70,0,1775,887552,57
10,70,0,1776,888047,83
10,70,0,1777,888552,69
10,70,0,1778,889047,67
10,70,0,1779,889552,75
10,70,0,1780,890047,69
10,70,0,1781,890552,52
10,70,0,1782,891047,75
10,70,0,1783,891552,79
10,70,0,1784,892047,59
10,70,0,1785,892552,72
10,70,0,1786,893047,69
10,70,0,1787,893552,60
10,70,0,1788,894047,90
10,70,0,1789,894551,43
10,70,0,1790,895047,63
10,70,0,1791,895552,87
10,70,0,1792,896047,27
10,70,0,1793,896552,89
10,70,0,1794,897047,60
10,70,0,1795,897552,45
10,70,0,1796,898047,76
10,70,0,1797,898552,69
10,70,0,1798,899047,53
10,70,0,1799,899552,72
10,70,0,1800,900047,48
10,70,0,1801,900552,90
10,70,0,1802,901047,69
10,70,0,1803,901551,48
10,70,0,1804,902048,73
10,70,0,1805,902551,71
10,70,0,1806,903048,75
10,70,0,1807,903552,58
10,70,0,1808,904048,75
10,70,0,1809,904552,69
10,70,0,1810,905047,63
10,70,0,1811,905552,99
10,70,0,1812,906047,61
10,70,0,1813,906552,53
10,70,0,1814,907047,85
10,70,0,1815,907552,59
10,70,0,1816,908047,89
10,70,0,1817,908551,71
10,70,0,1818,909048,60
10,70,0,1819,909552,87
10,70,0,1820,910048,71
10,70,0,1821,910552,58
10,70,0,1822,911048,77
10,70,0,1823,911552,77
10,70,0,1824,912047,71
10,70,0,1825,912552,69
10,70,0,1826,913047,79
10,70,0,1827,913552,86
10,70,0,1828,914047,69
10,70,0,1829,914552,76
10,70,0,1830,915047,83
10,70,0,1831,915551,78
10,70,0,1832,916048,57
10,70,0,1833,916551,61
10,70,0,1834,917048,72
10,70,0,1835,917552,84
10,70,0,1836,918047,31
10,70,0,1837,918552,97
10,70,0,1838,919047,56
10,70,0,1839,919552,70
10,70,0,1840,920047,83
10,70,0,1841,920552,73
10,70,0,1842,921047,55
10,70,0,1843,921552,84
10,70,0,1844,922047,29
10,70,0,1845,922552,83
10,70,0,1846,923047,72
10,70,0,1847,923552,53
10,70,0,1848,924047,47
10,70,0,1849,924552,73
10,70,0,1850,925047,57
10,70,0,1851,925552,59
10,70,0,1852,926047,61
10,70,0,1853,926551,50
10,70,0,1854,927047,52
10,70,0,1855,927551,53
10,70,0,1856,928047,60
10,70,0,1857,928551,58
10,70,0,1858,929048,57
10,70,0,1859,929552,55
10,70,0,1860,930048,45
10,70,0,1861,930552,57
10,70,0,1862,931047,41
10,70,0,1863,931552,61
10,70,0,1864,932047,51
10,70,0,1865,932552,91
10,70,0,1866,933047,39
10,70,0,1867,933552,55
10,70,0,1868,934047,95
10,70,0,1869,934552,85
10,70,0,1870,935047,51
10,70,0,1871,935552,85
10,70,0,1872,936047,73
10,70,0,1873,936552,55
10,70,0,1874,937047,95
10,70,0,1875,937551,51
10,70,0,1876,938047,57
10,70,0,1877,938551,57
10,70,0,1878,939047,121
10,70,0,1879,939551,40
10,70,0,1880,940047,63
10,70,0,1881,940551,83
10,70,0,1882,941048,48
10,70,0,1883,941552,83
10,70,0,1884,942047,73
10,70,0,1885,942552,67
10,70,0,1886,943047,79
10,70,0,1887,943552,63
10,70,0,1888,944047,57
10,70,0,1889,944552,57
10,70,0,1890,945047,88
10,70,0,1891,945552,63
10,70,0,1892,946047,57
10,70,0,1893,946552,73
10,70,0,1894,947047,48
10,70,0,1895,947552,52
10,70,0,1896,948047,69
10,70,0,1897,948551,68
10,70,0,1898,949047,87
10,70,0,1899,949551,57
10,70,0,1900,950047,36
10,70,0,1901,950551,107
10,70,0,1902,951048,71
10,70,0,1903,951551,21
10,70,0,1904,952048,95
10,70,0,1905,952551,67
10,70,0,1906,953048,47
10,70,0,1907,953551,67
10,70,0,1908,954047,73
10,70,0,1909,954551,77
10,70,0,1910,955048,71
10,70,0,1911,955552,83
10,70,0,1912,956048,61
10,70,0,1913,956552,73
10,70,0,1914,957047,71
10,70,0,1915,957552,79
10,70,0,1916,958047,42
10,70,0,1917,958552,88
10,70,0,1918,959047,83
10,70,0,1919,959552,73
10,70,0,1920,960047,77
10,70,0,1921,960552,93
10,70,0,1922,961047,84
10,70,0,1923,961552,73
10,70,0,1924,962047,87
10,70,0,1925,962552,59
10,70,0,1926,963047,87
10,70,0,1927,963552,99
10,70,0,1928,964047,55
10,70,0,1929,964552,55
10,70,0,1930,965047,91
10,70,0,1931,965551,70
10,70,0,1932,966047,70
10,70,0,1933,966551,59
10,70,0,1934,967048,75
10,70,0,1935,967552,58
10,70,0,1936,968048,78
10,70,0,1937,968552,57
10,70,0,1938,969047,99
10,70,0,1939,969552,61
10,70,0,1940,970047,77
10,70,0,1941,970552,75
10,70,0,1942,971047,61
10,70,0,1943,971552,99
10,70,0,1944,972047,83
10,70,0,1945,972552,71
10,70,0,1946,973047,74
10,70,0,1947,973552,87
10,70,0,1948,974047,77
10,70,0,1949,974552,87
10,70,0,1950,975047,75
10,70,0,1951,975552,70
10,70,0,1952,976047,91
10,70,0,1953,976551,69
10,70,0,1954,977047,59
10,70,0,1955,977551,53
10,70,0,1956,978048,82
10,70,0,1957,978552,87
10,70,0,1958,979048,57
10,70,0,1959,979552,47
10,70,0,1960,980047,63
10,70,0,1961,980552,55
10,70,0,1962,981047,73
10,70,0,1963,981552,57
10,70,0,1964,982047,55
10,70,0,1965,982552,74
10,70,0,1966,983047,63
10,70,0,1967,983552,63
10,70,0,1968,984047,61
10,70,0,1969,984552,57
10,70,0,1970,985047,77
10,70,0,1971,985552,53
10,70,0,1972,986047,61
10,70,0,1973,986552,89
10,70,0,1974,987047,46
10,70,0,1975,987551,89
10,70,0,1976,988047,61
10,70,0,1977,988551,53
10,70,0,1978,989047,51
10,70,0,1979,989551,75
10,70,0,1980,990047,55
10,70,0,1981,990551,63
10,70,0,1982,991047,46
10,70,0,1983,991552,53
10,70,0,1984,992048,105
10,70,0,1985,992551,63
10,70,0,1986,993048,37
10,70,0,1987,993552,61
10,70,0,1988,994047,75
10,70,0,1989,994552,73
10,70,0,1990,995047,55
10,70,0,1991,995552,51
10,70,0,1992,996047,63
10,70,0,1993,996552,61
10,70,0,1994,997047,67
10,70,0,1995,997552,40
10,70,0,1996,998047,81
10,70,0,1997,998552,72
10,70,0,1998,999047,43
10,70,0,1999,999551,69
10,70,1,0,48,62
10,70,1,1,547,56
10,70,1,2,1047,55
10,70,1,3,1547,52
10,70,1,4,2047,55
10,70,1,5,2547,45
10,70,1,6,3047,45
10,70,1,7,3547,55
10,70,1,8,4047,57
10,70,1,9,4547,45
10,70,1,10,5047,47
10,70,1,11,5547,71
10,70,1,12,6047,41
10,70,1,13,6547,38
10,70,1,14,7047,41
10,70,1,15,7547,87
10,70,1,16,8047,37
10,70,1,17,8547,54
10,70,1,18,9047,83
10,70,1,19,9547,26
10,70,1,20,10047,67
10,70,1,21,10547,61
10,70,1,22,11047,47
10,70,1,23,11547,85
10,70,1,24,12047,41
10,70,1,25,12547,55
10,70,1,26,13047,73
10,70,1,27,13547,53
10,70,1,28,14047,71
10,70,1,29,14547,73
10,70,1,30,15047,59
10,70,1,31,15547,41
10,70,1,32,16047,61
10,70,1,33,16547,76
10,70,1,34,17047,61
10,70,1,35,17547,91
10,70,1,36,18047,64
10,70,1,37,18547,87
10,70,1,38,19047,47
10,70,1,39,19547,87
10,70,1,40,20047,88
10,70,1,41,20547,61
10,70,1,42,21047,44
10,70,1,43,21547,77
10,70,1,44,22047,56
10,70,1,45,22547,56
10,70,1,46,23047,72
10,70,1,47,23547,73
10,70,1,48,24047,108
10,70,1,49,24547,47
10,70,1,50,25047,91
10,70,1,51,25547,69
10,70,1,52,26047,73
10,70,1,53,26547,93
10,70,1,54,27047,83
10,70,1,55,27547,61
10,70,1,56,28047,88
10,70,1,57,28547,69
10,70,1,58,29047,58
10,70,1,59,29547,82
10,70,1,60,30047,89
10,70,1,61,30547,59
10,70,1,62,31047,61
10,70,1,63,31547,74
10,70,1,64,32047,76
10,70,1,65,32547,83
10,70,1,66,33047,73
10,70,1,67,33547,75
10,70,1,68,34047,57
10,70,1,69,34547,89
10,70,1,70,35047,60
10,70,1,71,35547,63
10,70,1,72,36047,87
10,70,1,73,36547,59
10,70,1,74,37047,71
10,70,1,75,37547,73
10,70,1,76,38047,91
10,70,1,77,38547,61
10,70,1,78,39047,89
10,70,1,79,39547,91
10,70,1,80,40047,74
10,70,1,81,40547,49
10,70,1,82,41047,89
10,70,1,83,41547,61
10,70,1,84,42047,95
10,70,1,85,42547,59
10,70,1,86,43047,109
10,70,1,87,43547,77
10,70,1,88,44047,60
10,70,1,89,44547,135
10,70,1,90,45047,45
10,70,1,91,45547,87
10,70,1,92,46047,95
10,70,1,93,46547,74
10,70,1,94,47047,111
10,70,1,95,47547,74
10,70,1,96,48047,63
10,70,1,97,48547,82
10,70,1,98,49047,70
10,70,1,99,49547,60
10,70,1,100,50047,75
10,70,1,101,50547,84
10,70,1,102,51047,63
10,70,1,103,51547,62
10,70,1,104,52047,71
10,70,1,105,52547,51
10,70,1,106,53047,94
10,70,1,107,53547,99
10,70,1,108,54047,48
10,70,1,109,54547,61
10,70,1,110,55047,88
10,70,1,111,55547,53
10,70,1,112,56047,63
10,70,1,113,56547,54
10,70,1,114,57047,51
10,70,1,115,57547,71
10,70,1,116,58047,95
10,70,1,117,58547,30
10,70,1,118,59047,59
10,70,1,119,59547,82
10,70,1,120,60047,57
10,70,1,121,60547,69
10,70,1,122,61047,33
10,70,1,123,61547,86
10,70,1,124,62047,68
10,70,1,125,62547,79
10,70,1,126,63047,35
10,70,1,127,63547,76
10,70,1,128,64047,91
10,70,1,129,64547,31
10,70,1,130,65047,125
10,70,1,131,65547,45
10,70,1,132,66047,61
10,70,1,133,66547,83
10,70,1,134,67047,73
10,70,1,135,67547,93
10,70,1,136,68047,47
10,70,1,137,68547,77
10,70,1,138,69047,31
10,70,1,139,69547,79
10,70,1,140,70047,62
10,70,1,141,70547,78
10,70,1,142,71047,84
10,70,1,143,71547,74
10,70,1,144,72047,54
10,70,1,145,72547,46
10,70,1,146,73047,77
10,70,1,147,73547,91
10,70,1,148,74047,68
10,70,1,149,74547,71
10,70,1,150,75047,70
10,70,1,151,75547,68
10,70,1,152,76047,76
10,70,1,153,76547,98
10,70,1,154,77047,59
10,70,1,155,77547,55
10,70,1,156,78047,93
10,70,1,157,78547,84
10,70,1,158,79047,71
10,70,1,159,79547,89
10,70,1,160,80047,81
10,70,1,161,80547,63
10,70,1,162,81047,108
10,70,1,163,81547,61
10,70,1,164,82047,70
10,70,1,165,82547,69
10,70,1,166,83047,141
10,70,1,167,83547,69
10,70,1,168,84047,60
10,70,1,169,84547,89
10,70,1,170,85047,92
10,70,1,171,85547,85
10,70,1,172,86047,53
10,70,1,173,86547,99
10,70,1,174,87047,57
10,70,1,175,87548,57
10,70,1,176,88047,55
10,70,1,177,88547,61
10,70,1,178,89048,46
10,70,1,179,89547,75
10,70,1,180,90047,40
10,70,1,181,90547,89
10,70,1,182,91047,38
10,70,1,183,91547,39
10,70,1,184,92047,85
10,70,1,185,92547,41
10,70,1,186,93047,58
10,70,1,187,93547,38
10,70,1,188,94047,40
10,70,1,189,94547,91
10,70,1,190,95047,44
10,70,1,191,95547,57
10,70,1,192,96047,55
10,70,1,193,96547,73
10,70,1,194,97047,57
10,70,1,195,97547,56
10,70,1,196,98047,74
10,70,1,197,98547,53
10,70,1,198,99047,91
10,70,1,199,99547,83
10,70,1,200,100047,67
10,70,1,201,100547,69
10,70,1,202,101047,74
10,70,1,203,101547,75
10,70,1,204,102047,86
10,70,1,205,102547,79
10,70,1,206,103047,73
10,70,1,207,103547,92
10,70,1,208,104047,55
10,70,1,209,104547,78
10,70,1,210,105047,74
10,70,1,211,105547,61
10,70,1,212,106047,78
10,70,1,213,106547,75
10,70,1,214,107047,83
10,70,1,215,107547,71
10,70,1,216,108047,70
10,70,1,217,108547,71
10,70,1,218,109047,57
10,70,1,219,109547,63
10,70,1,220,110047,71
10,70,1,221,110547,55
10,70,1,222,111047,47
10,70,1,223,111547,79
10,70,1,224,112047,67
10,70,1,225,112547,35
10,70,1,226,113047,57
10,70,1,227,113547,53
10,70,1,228,114047,71
10,70,1,229,114547,61
10,70,1,230,115047,87
10,70,1,231,115547,55
10,70,1,232,116047,73
10,70,1,233,116547,67
10,70,1,234,117047,55
10,70,1,235,117547,67
10,70,1,236,118047,67
10,70,1,237,118547,62
10,70,1,238,119047,39
10,70,1,239,119547,78
10,70,1,240,120047,57
10,70,1,241,120547,75
10,70,1,242,121047,43
10,70,1,243,121547,84
10,70,1,244,122047,51
10,70,1,245,122547,53
10,70,1,246,123047,61
10,70,1,247,123547,22
10,70,1,248,124047,90
10,70,1,249,124547,27
10,70,1,250,125047,83
10,70,1,251,125547,60
10,70,1,252,126047,72
10,70,1,253,126547,82
10,70,1,254,127047,50
10,70,1,255,127547,87
10,70,1,256,128047,67
10,70,1,257,128547,53
10,70,1,258,129047,69
10,70,1,259,129547,83
10,70,1,260,130047,71
10,70,1,261,130547,47
10,70,1,262,131047,51
10,70,1,263,131547,91
10,70,1,264,132047,75
10,70,1,265,132547,89
10,70,1,266,133047,67
10,70,1,267,133547,75
10,70,1,268,134047,95
10,70,1,269,134547,71
10,70,1,270,135047,77
10,70,1,271,135547,77
10,70,1,272,136047,76
10,70,1,273,136547,57
10,70,1,274,137047,85
10,70,1,275,137547,59
10,70,1,276,138047,53
10,70,1,277,138547,85
10,70,1,278,139047,44
10,70,1,279,139547,69
10,70,1,280,140047,76
10,70,1,281,140547,83
10,70,1,282,141047,63
10,70,1,283,141547,69
10,70,1,284,142047,59
10,70,1,285,142547,85
10,70,1,286,143047,75
10,70,1,287,143547,60
10,70,1,288,144047,56
10,70,1,289,144547,83
10,70,1,290,145047,41
10,70,1,291,145547,56
10,70,1,292,146047,122
10,70,1,293,146547,41
10,70,1,294,147047,51
10,70,1,295,147547,83
10,70,1,296,148047,71
10,70,1,297,148547,47
10,70,1,298,149047,69
10,70,1,299,149547,63
10,70,1,300,150047,63
10,70,1,301,150547,43
10,70,1,302,151048,76
10,70,1,303,151547,61
10,70,1,304,152047,45
10,70,1,305,152547,76
10,70,1,306,153047,79
10,70,1,307,153547,43
10,70,1,308,154047,63
10,70,1,309,154547,70
10,70,1,310,155047,33
10,70,1,311,155547,58
10,70,1,312,156047,51
10,70,1,313,156547,87
10,70,1,314,157047,43
10,70,1,315,157547,56
10,70,1,316,158047,81
10,70,1,317,158547,69
10,70,1,318,159047,48
10,70,1,319,159547,89
10,70,1,320,160047,73
10,70,1,321,160547,82
10,70,1,322,161047,55
10,70,1,323,161547,101
10,70,1,324,162047,30
10,70,1,325,162547,93
10,70,1,326,163047,75
10,70,1,327,163547,57
10,70,1,328,164047,94
10,70,1,329,164547,69
10,70,1,330,165047,47
10,70,1,331,165547,101
10,70,1,332,166047,44
10,70,1,333,166547,83
10,70,1,334,167047,53
10,70,1,335,167547,71
10,70,1,336,168047,56
10,70,1,337,168547,28
10,70,1,338,169047,69
10,70,1,339,169547,55
10,70,1,340,170047,93
10,70,1,341,170547,30
10,70,1,342,171047,67
10,70,1,343,171547,69
10,70,1,344,172047,59
10,70,1,345,172547,39
10,70,1,346,173047,109
10,70,1,347,173547,41
10,70,1,348,174047,93
10,70,1,349,174547,69
10,70,1,350,175047,44
10,70,1,351,175547,57
10,70,1,352,176047,75
10,70,1,353,176547,75
10,70,1,354,177047,71
10,70,1,355,177547,69
10,70,1,356,178047,95
10,70,1,357,178547,59
10,70,1,358,179047,72
10,70,1,359,179547,71
10,70,1,360,180047,63
10,70,1,361,180547,69
10,70,1,362,181047,88
10,70,1,363,181547,70
10,70,1,364,182047,75
10,70,1,365,182547,86
10,70,1,366,183047,79
10,70,1,367,183548,75
10,70,1,368,184047,73
10,70,1,369,184547,64
10,70,1,370,185047,69
10,70,1,371,185547,73
10,70,1,372,186047,56
10,70,1,373,186547,69
10,70,1,374,187047,71
10,70,1,375,187547,53
10,70,1,376,188047,53
10,70,1,377,188547,87
10,70,1,378,189047,60
10,70,1,379,189547,76
10,70,1,380,190047,77
10,70,1,381,190547,62
10,70,1,382,191047,68
10,70,1,383,191547,87
10,70,1,384,192047,47
10,70,1,385,192547,89
10,70,1,386,193048,61
10,70,1,387,193547,85
10,70,1,388,194047,72
10,70,1,389,194547,72
10,70,1,390,195047,75
10,70,1,391,195547,84
10,70,1,392,196047,57
10,70,1,393,196547,75
10,70,1,394,197047,77
10,70,1,395,197547,60
10,70,1,396,198047,85
10,70,1,397,198547,61
10,70,1,398,199047,45
10,70,1,399,199547,100
10,70,1,400,200047,71
10,70,1,401,200547,36
10,70,1,402,201047,69
10,70,1,403,201547,54
10,70,1,404,202047,83
10,70,1,405,202547,55
10,70,1,406,203047,61
10,70,1,407,203547,68
10,70,1,408,204047,57
10,70,1,409,204547,83
10,70,1,410,205047,55
10,70,1,411,205547,78
10,70,1,412,206047,71
10,70,1,413,206547,42
10,70,1,414,207047,57
10,70,1,415,207547,72
10,70,1,416,208047,76
10,70,1,417,208547,59
10,70,1,418,209047,71
10,70,1,419,209547,63
10,70,1,420,210047,56
10,70,1,421,210547,63
10,70,1,422,211047,63
10,70,1,423,211547,61
10,70,1,424,212047,75
10,70,1,425,212547,39
10,70,1,426,213047,107
10,70,1,427,213547,36
10,70,1,428,214047,79
10,70,1,429,214547,61
10,70,1,430,215047,77
10,70,1,431,215547,57
10,70,1,432,216047,79
10,70,1,433,216547,69
10,70,1,434,217047,91
10,70,1,435,217547,51
10,70,1,436,218047,77
10,70,1,437,218547,85
10,70,1,438,219047,62
10,70,1,439,219547,59
10,70,1,440,220047,75
10,70,1,441,220547,59
10,70,1,442,221047,71
10,70,1,443,221547,63
10,70,1,444,222047,85
10,70,1,445,222547,46
10,70,1,446,223047,83
10,70,1,447,223547,69
10,70,1,448,224047,47
10,70,1,449,224547,73
10,70,1,450,225047,68
10,70,1,451,225547,47
10,70,1,452,226047,71
10,70,1,453,226547,77
10,70,1,454,227047,25
10,70,1,455,227547,75
10,70,1,456,228047,59
10,70,1,457,228547,59
10,70,1,458,229047,58
10,70,1,459,229547,48
10,70,1,460,230047,54
10,70,1,461,230547,69
10,70,1,462,231047,62
10,70,1,463,231547,80
10,70,1,464,232047,74
10,70,1,465,232547,57
10,70,1,466,233047,60
10,70,1,467,233547,107
10,70,1,468,234047,55
10,70,1,469,234547,75
10,70,1,470,235047,58
10,70,1,471,235547,103
10,70,1,472,236047,94
10,70,1,473,236547,55
10,70,1,474,237047,83
10,70,1,475,237547,57
10,70,1,476,238047,87
10,70,1,477,238547,77
10,70,1,478,239047,71
10,70,1,479,239547,85
10,70,1,480,240047,71
10,70,1,481,240547,55
10,70,1,482,241047,79
10,70,1,483,241547,63
10,70,1,484,242047,88
10,70,1,485,242547,77
10,70,1,486,243047,71
10,70,1,487,243547,69
10,70,1,488,244047,84
10,70,1,489,244547,74
10,70,1,490,245047,73
10,70,1,491,245547,85
10,70,1,492,246047,77
10,70,1,493,246547,69
10,70,1,494,247047,76
10,70,1,495,247547,69
10,70,1,496,248047,77
10,70,1,497,248547,75
10,70,1,498,249047,95
10,70,1,499,249547,51
10,70,1,500,250047,36
10,70,1,501,250547,69
10,70,1,502,251047,57
10,70,1,503,251547,57
10,70,1,504,252047,54
10,70,1,505,252547,69
10,70,1,506,253047,64
10,70,1,507,253547,51
10,70,1,508,254047,83
10,70,1,509,254547,55
10,70,1,510,255047,51
10,70,1,511,255547,63
10,70,1,512,256047,72
10,70,1,513,256547,40
10,70,1,514,257047,63
10,70,1,515,257547,73
10,70,1,516,258047,55
10,70,1,517,258547,69
10,70,1,518,259047,69
10,70,1,519,259547,59
10,70,1,520,260047,43
10,70,1,521,260547,79
10,70,1,522,261047,53
10,70,1,523,261547,79
10,70,1,524,262047,61
10,70,1,525,262547,63
10,70,1,526,263047,69
10,70,1,527,263547,63
10,70,1,528,264047,63
10,70,1,529,264547,84
10,70,1,530,265047,61
10,70,1,531,265547,71
10,70,1,532,266047,51
10,70,1,533,266547,93
10,70,1,534,267047,75
10,70,1,535,267547,53
10,70,1,536,268047,70
10,70,1,537,268547,68
10,70,1,538,269047,71
10,70,1,539,269547,53
10,70,1,540,270047,69
10,70,1,541,270547,85
10,70,1,542,271047,59
10,70,1,543,271547,48
10,70,1,544,272047,83
10,70,1,545,272547,43
10,70,1,546,273047,93
10,70,1,547,273547,47
10,70,1,548,274047,44
10,70,1,549,274547,91
10,70,1,550,275047,63
10,70,1,551,275547,61
10,70,1,552,276047,84
10,70,1,553,276547,79
10,70,1,554,277047,63
10,70,1,555,277547,67
10,70,1,556,278047,88
10,70,1,557,278547,71
10,70,1,558,279047,69
10,70,1,559,279547,53
10,70,1,560,280047,121
10,70,1,561,280547,55
10,70,1,562,281047,73
10,70,1,563,281547,74
10,70,1,564,282047,51
10,70,1,565,282547,77
10,70,1,566,283047,69
10,70,1,567,283547,81
10,70,1,568,284047,85
10,70,1,569,284547,39
10,70,1,570,285047,74
10,70,1,571,285547,33
10,70,1,572,286047,49
10,70,1,573,286547,59
10,70,1,574,287047,48
10,70,1,575,287547,79
10,70,1,576,288047,55
10,70,1,577,288547,59
10,70,1,578,289047,76
10,70,1,579,289547,61
10,70,1,580,290047,90
10,70,1,581,290547,37
10,70,1,582,291047,74
10,70,1,583,291547,45
10,70,1,584,292047,70
10,70,1,585,292547,46
10,70,1,586,293047,71
10,70,1,587,293547,56
10,70,1,588,294047,33
10,70,1,589,294547,71
10,70,1,590,295047,51
10,70,1,591,295547,87
10,70,1,592,296047,33
10,70,1,593,296547,57
10,70,1,594,297047,75
10,70,1,595,297547,46
10,70,1,596,298047,69
10,70,1,597,298547,72
10,70,1,598,299047,67
10,70,1,599,299547,56
10,70,1,600,300047,79
10,70,1,601,300547,93
10,70,1,602,301047,53
10,70,1,603,301547,70
10,70,1,604,302047,71
10,70,1,605,302547,55
10,70,1,606,303047,107
10,70,1,607,303547,72
10,70,1,608,304047,89
10,70,1,609,304547,79
10,70,1,610,305047,89
10,70,1,611,305547,62
10,70,1,612,306047,88
10,70,1,613,306547,69
10,70,1,614,307047,99
10,70,1,615,307547,61
10,70,1,616,308047,105
10,70,1,617,308547,61
10,70,1,618,309047,91
10,70,1,619,309547,116
10,70,1,620,310047,63
10,70,1,621,310547,77
10,70,1,622,311047,83
10,70,1,623,311547,87
10,70,1,624,312047,82
10,70,1,625,312547,83
10,70,1,626,313047,79
10,70,1,627,313547,73
10,70,1,628,314047,76
10,70,1,629,314547,60
10,70,1,630,315047,87
10,70,1,631,315547,93
10,70,1,632,316047,73
10,70,1,633,316547,63
10,70,1,634,317047,72
10,70,1,635,317547,71
10,70,1,636,318047,91
10,70,1,637,318547,74
10,70,1,638,319047,54
10,70,1,639,319547,77
10,70,1,640,320047,71
10,70,1,641,320547,69
10,70,1,642,321047,61
10,70,1,643,321547,54
10,70,1,644,322047,71
10,70,1,645,322547,59
10,70,1,646,323047,36
10,70,1,647,323547,73
10,70,1,648,324047,43
10,70,1,649,324547,57
10,70,1,650,325047,18
10,70,1,651,325547,91
10,70,1,652,326047,25
10,70,1,653,326547,60
10,70,1,654,327047,57
10,70,1,655,327547,57
10,70,1,656,328047,63
10,70,1,657,328547,56
10,70,1,658,329047,68
10,70,1,659,329547,68
10,70,1,660,330047,68
10,70,1,661,330547,91
10,70,1,662,331047,87
10,70,1,663,331547,53
10,70,1,664,332047,92
10,70,1,665,332547,58
10,70,1,666,333047,83
10,70,1,667,333547,72
10,70,1,668,334047,61
10,70,1,669,334547,117
10,70,1,670,335047,41
10,70,1,671,335547,73
10,70,1,672,336047,71
10,70,1,673,336547,75
10,70,1,674,337047,69
10,70,1,675,337547,59
10,70,1,676,338047,25
10,70,1,677,338547,89
10,70,1,678,339047,48
10,70,1,679,339547,29
10,70,1,680,340047,92
10,70,1,681,340547,59
10,70,1,682,341047,70
10,70,1,683,341547,57
10,70,1,684,342047,69
10,70,1,685,342547,63
10,70,1,686,343047,47
10,70,1,687,343547,63
10,70,1,688,344047,61
10,70,1,689,344547,74
10,70,1,690,345047,53
10,70,1,691,345547,61
10,70,1,692,346047,75
10,70,1,693,346547,63
10,70,1,694,347047,88
10,70,1,695,347547,71
10,70,1,696,348047,72
10,70,1,697,348547,89
10,70,1,698,349047,58
10,70,1,699,349547,141
10,70,1,700,350047,53
10,70,1,701,350547,77
10,70,1,702,351047,77
10,70,1,703,351547,84
10,70,1,704,352047,63
10,70,1,705,352547,78
10,70,1,706,353047,83
10,70,1,707,353547,85
10,70,1,708,354047,59
10,70,1,709,354547,62
10,70,1,710,355047,71
10,70,1,711,355547,87
10,70,1,712,356047,59
10,70,1,713,356547,69
10,70,1,714,357047,98
10,70,1,715,357547,54
10,70,1,716,358047,83
10,70,1,717,358547,75
10,70,1,718,359047,111
10,70,1,719,359547,53
10,70,1,720,360047,52
10,70,1,721,360547,103
10,70,1,722,361047,71
10,70,1,723,361547,55
10,70,1,724,362047,88
10,70,1,725,362547,69
10,70,1,726,363047,41
10,70,1,727,363547,109
10,70,1,728,364047,56
10,70,1,729,364547,60
10,70,1,730,365047,69
10,70,1,731,365547,45
10,70,1,732,366047,71
10,70,1,733,366547,86
10,70,1,734,367047,23
10,70,1,735,367547,74
10,70,1,736,368047,60
10,70,1,737,368547,55
10,70,1,738,369047,84
10,70,1,739,369547,41
10,70,1,740,370047,52
10,70,1,741,370547,67
10,70,1,742,371047,23
10,70,1,743,371547,44
10,70,1,744,372047,40
10,70,1,745,372547,55
10,70,1,746,373047,41
10,70,1,747,373547,68
10,70,1,748,374047,59
10,70,1,749,374547,55
10,70,1,750,375047,45
10,70,1,751,375547,70
10,70,1,752,376047,43
10,70,1,753,376547,64
10,70,1,754,377047,44
10,70,1,755,377547,79
10,70,1,756,378047,53
10,70,1,757,378547,69
10,70,1,758,379047,54
10,70,1,759,379547,75
10,70,1,760,380047,77
10,70,1,761,380547,73
10,70,1,762,381047,61
10,70,1,763,381547,55
10,70,1,764,382047,68
10,70,1,765,382547,58
10,70,1,766,383047,45
10,70,1,767,383547,47
10,70,1,768,384047,90
10,70,1,769,384547,59
10,70,1,770,385047,75
10,70,1,771,385547,70
10,70,1,772,386047,71
10,70,1,773,386547,60
10,70,1,774,387047,47
10,70,1,775,387547,87
10,70,1,776,388047,58
10,70,1,777,388547,45
10,70,1,778,389047,90
10,70,1,779,389547,77
10,70,1,780,390047,69
10,70,1,781,390547,71
10,70,1,782,391047,73
10,70,1,783,391547,59
10,70,1,784,392047,53
10,70,1,785,392547,72
10,70,1,786,393047,79
10,70,1,787,393547,56
10,70,1,788,394047,93
10,70,1,789,394547,51
10,70,1,790,395047,59
10,70,1,791,395547,83
10,70,1,792,396047,89
10,70,1,793,396547,59
10,70,1,794,397047,73
10,70,1,795,397547,47
10,70,1,796,398047,100
10,70,1,797,398547,71
10,70,1,798,399047,53
10,70,1,799,399547,57
10,70,1,800,400047,77
10,70,1,801,400547,69
10,70,1,802,401047,93
10,70,1,803,401547,41
10,70,1,804,402047,60
10,70,1,805,402547,72
10,70,1,806,403047,87
10,70,1,807,403547,61
10,70,1,808,404047,77
10,70,1,809,404547,74
10,70,1,810,405047,61
10,70,1,811,405547,95
10,70,1,812,406047,73
10,70,1,813,406547,91
10,70,1,814,407047,91
10,70,1,815,407547,41
10,70,1,816,408047,69
10,70,1,817,408547,93
10,70,1,818,409047,63
10,70,1,819,409547,70
10,70,1,820,410047,84
10,70,1,821,410547,66
10,70,1,822,411047,44
10,70,1,823,411547,109
10,70,1,824,412047,47
10,70,1,825,412547,59
10,70,1,826,413047,61
10,70,1,827,413547,75
10,70,1,828,414047,56
10,70,1,829,414547,58
10,70,1,830,415047,59
10,70,1,831,415547,83
10,70,1,832,416047,45
10,70,1,833,416547,37
10,70,1,834,417047,47
10,70,1,835,417547,68
10,70,1,836,418047,60
10,70,1,837,418547,61
10,70,1,838,419047,57
10,70,1,839,419547,58
10,70,1,840,420047,72
10,70,1,841,420547,57
10,70,1,842,421047,57
10,70,1,843,421547,40
10,70,1,844,422047,85
10,70,1,845,422547,31
10,70,1,846,423047,119
10,70,1,847,423547,63
10,70,1,848,424047,45
10,70,1,849,424547,67
10,70,1,850,425047,89
10,70,1,851,425547,47
10,70,1,852,426047,69
10,70,1,853,426547,63
10,70,1,854,427047,73
10,70,1,855,427547,83
10,70,1,856,428047,59
10,70,1,857,428547,77
10,70,1,858,429047,63
10,70,1,859,429547,57
10,70,1,860,430047,72
10,70,1,861,430547,63
10,70,1,862,431047,83
10,70,1,863,431547,71
10,70,1,864,432047,61
10,70,1,865,432547,87
10,70,1,866,433047,55
10,70,1,867,433547,103
10,70,1,868,434047,73
10,70,1,869,434547,61
10,70,1,870,435047,89
10,70,1,871,435547,45
10,70,1,872,436047,57
10,70,1,873,436547,115
10,70,1,874,437047,66
10,70,1,875,437547,57
10,70,1,876,438047,102
10,70,1,877,438547,71
10,70,1,878,439047,57
10,70,1,879,439547,55
10,70,1,880,440047,73
10,70,1,881,440547,79
10,70,1,882,441047,52
10,70,1,883,441547,62
10,70,1,884,442047,83
10,70,1,885,442547,62
10,70,1,886,443047,62
10,70,1,887,443547,73
10,70,1,888,444047,73
10,70,1,889,444547,59
10,70,1,890,445047,75
10,70,1,891,445547,61
10,70,1,892,446047,86
10,70,1,893,446547,68
10,70,1,894,447047,60
10,70,1,895,447547,63
10,70,1,896,448047,99
10,70,1,897,448547,56
10,70,1,898,449047,55
10,70,1,899,449547,91
10,70,1,900,450047,59
10,70,1,901,450547,75
10,70,1,902,451047,76
10,70,1,903,451547,93
10,70,1,904,452047,71
10,70,1,905,452547,53
10,70,1,906,453047,88
10,70,1,907,453547,75
10,70,1,908,454047,71
10,70,1,909,454547,60
10,70,1,910,455047,75
10,70,1,911,455547,69
10,70,1,912,456047,101
10,70,1,913,456547,57
10,70,1,914,457047,58
10,70,1,915,457547,79
10,70,1,916,458047,61
10,70,1,917,458547,76
10,70,1,918,459047,87
10,70,1,919,459547,60
10,70,1,920,460047,59
10,70,1,921,460547,53
10,70,1,922,461047,77
10,70,1,923,461547,67
10,70,1,924,462047,43
10,70,1,925,462547,53
10,70,1,926,463047,59
10,70,1,927,463547,55
10,70,1,928,464047,40
10,70,1,929,464547,71
10,70,1,930,465047,51
10,70,1,931,465547,47
10,70,1,932,466047,72
10,70,1,933,466547,46
10,70,1,934,467047,56
10,70,1,935,467547,71
10,70,1,936,468047,54
10,70,1,937,468547,71
10,70,1,938,469047,57
10,70,1,939,469547,57
10,70,1,940,470047,43
10,70,1,941,470547,45
10,70,1,942,471047,87
10,70,1,943,471547,41
10,70,1,944,472047,71
10,70,1,945,472547,37
10,70,1,946,473047,91
10,70,1,947,473547,26
10,70,1,948,474047,53
10,70,1,949,474547,73
10,70,1,950,475047,61
10,70,1,951,475547,21
10,70,1,952,476047,69
10,70,1,953,476547,73
10,70,1,954,477047,27
10,70,1,955,477548,47
10,70,1,956,478047,79
10,70,1,957,478547,73
10,70,1,958,479047,43
10,70,1,959,479547,55
10,70,1,960,480047,74
10,70,1,961,480547,61
10,70,1,962,481047,59
10,70,1,963,481547,72
10,70,1,964,482047,53
10,70,1,965,482547,71
10,70,1,966,483047,86
10,70,1,967,483547,63
10,70,1,968,484047,81
10,70,1,969,484547,60
10,70,1,970,485047,89
10,70,1,971,485547,85
10,70,1,972,486047,59
10,70,1,973,486547,85
10,70,1,974,487047,90
10,70,1,975,487547,54
10,70,1,976,488047,93
10,70,1,977,488547,64
10,70,1,978,489047,78
10,70,1,979,489547,83
10,70,1,980,490047,67
10,70,1,981,490547,61
10,70,1,982,491047,61
10,70,1,983,491547,55
10,70,1,984,492047,59
10,70,1,985,492547,83
10,70,1,986,493047,76
10,70,1,987,493547,57
10,70,1,988,494047,75
10,70,1,989,494547,64
10,70,1,990,495047,63
10,70,1,991,495547,61
10,70,1,992,496047,71
10,70,1,993,496547,74
10,70,1,994,497047,77
10,70,1,995,497547,61
10,70,1,996,498047,60
10,70,1,997,498547,60
10,70,1,998,499047,75
10,70,1,999,499547,72
10,70,1,1000,500047,70
10,70,1,1001,500547,55
10,70,1,1002,501047,57
10,70,1,1003,501547,101
10,70,1,1004,502047,75
10,70,1,1005,502547,52
10,70,1,1006,503047,79
10,70,1,1007,503547,61
10,70,1,1008,504047,59
10,70,1,1009,504547,77
10,70,1,1010,505047,73
10,70,1,1011,505547,68
10,70,1,1012,506047,73
10,70,1,1013,506547,59
10,70,1,1014,507047,71
10,70,1,1015,507547,71
10,70,1,1016,508047,78
10,70,1,1017,508547,57
10,70,1,1018,509047,82
10,70,1,1019,509547,73
10,70,1,1020,510047,63
10,70,1,1021,510547,79
10,70,1,1022,511047,61
10,70,1,1023,511547,57
10,70,1,1024,512047,67
10,70,1,1025,512547,70
10,70,1,1026,513047,78
10,70,1,1027,513547,71
10,70,1,1028,514047,78
10,70,1,1029,514547,72
10,70,1,1030,515047,71
10,70,1,1031,515547,82
10,70,1,1032,516047,74
10,70,1,1033,516547,60
10,70,1,1034,517047,51
10,70,1,1035,517547,111
10,70,1,1036,518047,47
10,70,1,1037,518547,79
10,70,1,1038,519047,107
10,70,1,1039,519547,48
10,70,1,1040,520047,89
10,70,1,1041,520547,83
10,70,1,1042,521047,101
10,70,1,1043,521547,39
10,70,1,1044,522047,63
10,70,1,1045,522547,95
10,70,1,1046,523047,51
10,70,1,1047,523547,63
10,70,1,1048,524047,98
10,70,1,1049,524547,53
10,70,1,1050,525047,57
10,70,1,1051,525547,69
10,70,1,1052,526047,108
10,70,1,1053,526547,59
10,70,1,1054,527047,31
10,70,1,1055,527547,102
10,70,1,1056,528047,69
10,70,1,1057,528547,61
10,70,1,1058,529047,77
10,70,1,1059,529547,70
10,70,1,1060,530047,72
10,70,1,1061,530547,83
10,70,1,1062,531047,83
10,70,1,1063,531547,92
10,70,1,1064,532047,71
10,70,1,1065,532547,72
10,70,1,1066,533047,99
10,70,1,1067,533547,30
10,70,1,1068,534047,83
10,70,1,1069,534547,61
10,70,1,1070,535047,83
10,70,1,1071,535547,89
10,70,1,1072,536047,81
10,70,1,1073,536547,47
10,70,1,1074,537047,137
10,70,1,1075,537547,57
10,70,1,1076,538047,59
10,70,1,1077,538547,59
10,70,1,1078,539047,71
10,70,1,1079,539547,53
10,70,1,1080,540047,85
10,70,1,1081,540547,37
10,70,1,1082,541047,55
10,70,1,1083,541547,55
10,70,1,1084,542047,73
10,70,1,1085,542547,47
10,70,1,1086,543047,52
10,70,1,1087,543547,61
10,70,1,1088,544047,59
10,70,1,1089,544547,123
10,70,1,1090,545047,51
10,70,1,1091,545547,63
10,70,1,1092,546047,57
10,70,1,1093,546547,45
10,70,1,1094,547047,77
10,70,1,1095,547547,88
10,70,1,1096,548047,47
10,70,1,1097,548547,69
10,70,1,1098,549047,91
10,70,1,1099,549547,27
10,70,1,1100,550047,73
10,70,1,1101,550547,60
10,70,1,1102,551047,71
10,70,1,1103,551547,77
10,70,1,1104,552047,59
10,70,1,1105,552547,55
10,70,1,1106,553047,91
10,70,1,1107,553547,42
10,70,1,1108,554047,93
10,70,1,1109,554547,47
10,70,1,1110,555047,99
10,70,1,1111,555547,45
10,70,1,1112,556047,56
10,70,1,1113,556547,79
10,70,1,1114,557047,88
10,70,1,1115,557547,59
10,70,1,1116,558047,67
10,70,1,1117,558547,62
10,70,1,1118,559047,57
10,70,1,1119,559547,79
10,70,1,1120,560047,69
10,70,1,1121,560547,60
10,70,1,1122,561047,39
10,70,1,1123,561547,57
10,70,1,1124,562047,71
10,70,1,1125,562547,69
10,70,1,1126,563047,74
10,70,1,1127,563547,79
10,70,1,1128,564047,57
10,70,1,1129,564547,60
10,70,1,1130,565047,71
10,70,1,1131,565547,92
10,70,1,1132,566047,45
10,70,1,1133,566547,71
10,70,1,1134,567047,91
10,70,1,1135,567547,29
10,70,1,1136,568047,87
10,70,1,1137,568547,47
10,70,1,1138,569047,68
10,70,1,1139,569547,63
10,70,1,1140,570047,73
10,70,1,1141,570547,55
10,70,1,1142,571047,60
10,70,1,1143,571547,69
10,70,1,1144,572047,71
10,70,1,1145,572547,59
10,70,1,1146,573047,83
10,70,1,1147,573547,79
10,70,1,1148,574047,59
10,70,1,1149,574547,59
10,70,1,1150,575047,91
10,70,1,1151,575547,79
10,70,1,1152,576047,77
10,70,1,1153,576547,82
10,70,1,1154,577047,69
10,70,1,1155,577547,59
10,70,1,1156,578047,88
10,70,1,1157,578547,63
10,70,1,1158,579047,52
10,70,1,1159,579547,86
10,70,1,1160,580047,75
10,70,1,1161,580547,45
10,70,1,1162,581047,68
10,70,1,1163,581547,76
10,70,1,1164,582047,61
10,70,1,1165,582547,90
10,70,1,1166,583047,46
10,70,1,1167,583547,63
10,70,1,1168,584047,77
10,70,1,1169,584547,55
10,70,1,1170,585047,77
10,70,1,1171,585547,56
10,70,1,1172,586047,55
10,70,1,1173,586547,73
10,70,1,1174,587047,75
10,70,1,1175,587547,62
10,70,1,1176,588047,47
10,70,1,1177,588547,82
10,70,1,1178,589047,69
10,70,1,1179,589547,55
10,70,1,1180,590047,77
10,70,1,1181,590547,79
10,70,1,1182,591047,59
10,70,1,1183,591547,81
10,70,1,1184,592047,71
10,70,1,1185,592547,79
10,70,1,1186,593047,57
10,70,1,1187,593547,61
10,70,1,1188,594047,53
10,70,1,1189,594547,73
10,70,1,1190,595047,59
10,70,1,1191,595547,67
10,70,1,1192,596047,77
10,70,1,1193,596547,55
10,70,1,1194,597047,87
10,70,1,1195,597547,69
10,70,1,1196,598047,63
10,70,1,1197,598547,75
10,70,1,1198,599047,75
10,70,1,1199,599547,95
10,70,1,1200,600047,50
10,70,1,1201,600547,55
10,70,1,1202,601047,74
10,70,1,1203,601547,42
10,70,1,1204,602047,135
10,70,1,1205,602547,47
10,70,1,1206,603047,29
10,70,1,1207,603547,61
10,70,1,1208,604047,85
10,70,1,1209,604547,70
10,70,1,1210,605047,57
10,70,1,1211,605547,20
10,70,1,1212,606047,74
10,70,1,1213,606547,67
10,70,1,1214,607047,39
10,70,1,1215,607547,60
10,70,1,1216,608047,43
10,70,1,1217,608547,70
10,70,1,1218,609047,45
10,70,1,1219,609547,51
10,70,1,1220,610047,54
10,70,1,1221,610547,49
10,70,1,1222,611047,58
10,70,1,1223,611547,47
10,70,1,1224,612047,89
10,70,1,1225,612547,67
10,70,1,1226,613047,31
10,70,1,1227,613547,76
10,70,1,1228,614047,85
10,70,1,1229,614547,25
10,70,1,1230,615047,48
10,70,1,1231,615547,85
10,70,1,1232,616047,63
10,70,1,1233,616547,37
10,70,1,1234,617047,63
10,70,1,1235,617547,56
10,70,1,1236,618047,45
10,70,1,1237,618547,63
10,70,1,1238,619047,73
10,70,1,1239,619547,41
10,70,1,1240,620047,91
10,70,1,1241,620547,47
10,70,1,1242,621047,69
10,70,1,1243,621547,78
10,70,1,1244,622047,56
10,70,1,1245,622547,89
10,70,1,1246,623047,69
10,70,1,1247,623547,72
10,70,1,1248,624047,78
10,70,1,1249,624547,67
10,70,1,1250,625047,71
10,70,1,1251,625547,74
10,70,1,1252,626047,109
10,70,1,1253,626547,61
10,70,1,1254,627047,53
10,70,1,1255,627547,87
10,70,1,1256,628047,57
10,70,1,1257,628547,75
10,70,1,1258,629047,61
10,70,1,1259,629547,69
10,70,1,1260,630047,47
10,70,1,1261,630547,75
10,70,1,1262,631047,43
10,70,1,1263,631547,85
10,70,1,1264,632047,77
10,70,1,1265,632547,68
10,70,1,1266,633047,51
10,70,1,1267,633547,70
10,70,1,1268,634047,84
10,70,1,1269,634547,68
10,70,1,1270,635047,61
10,70,1,1271,635547,63
10,70,1,1272,636047,73
10,70,1,1273,636547,54
10,70,1,1274,637047,68
10,70,1,1275,637547,87
10,70,1,1276,638047,69
10,70,1,1277,638547,91
10,70,1,1278,639047,47
10,70,1,1279,639547,77
10,70,1,1280,640047,57
10,70,1,1281,640547,76
10,70,1,1282,641047,73
10,70,1,1283,641547,77
10,70,1,1284,642047,70
10,70,1,1285,642547,69
10,70,1,1286,643047,71
10,70,1,1287,643547,69
10,70,1,1288,644047,75
10,70,1,1289,644547,56
10,70,1,1290,645047,44
10,70,1,1291,645547,105
10,70,1,1292,646047,31
10,70,1,1293,646547,79
10,70,1,1294,647047,67
10,70,1,1295,647547,89
10,70,1,1296,648047,45
10,70,1,1297,648547,61
10,70,1,1298,649047,81
10,70,1,1299,649547,93
10,70,1,1300,650047,41
10,70,1,1301,650547,93
10,70,1,1302,651047,35
10,70,1,1303,651547,77
10,70,1,1304,652047,77
10,70,1,1305,652547,71
10,70,1,1306,653047,59
10,70,1,1307,653547,82
10,70,1,1308,654047,58
10,70,1,1309,654547,73
10,70,1,1310,655047,71
10,70,1,1311,655547,87
10,70,1,1312,656047,58
10,70,1,1313,656547,53
10,70,1,1314,657047,79
10,70,1,1315,657547,75
10,70,1,1316,658047,59
10,70,1,1317,658547,83
10,70,1,1318,659047,71
10,70,1,1319,659547,77
10,70,1,1320,660047,84
10,70,1,1321,660547,71
10,70,1,1322,661047,109
10,70,1,1323,661547,53
10,70,1,1324,662047,85
10,70,1,1325,662547,63
10,70,1,1326,663047,63
10,70,1,1327,663547,73
10,70,1,1328,664047,61
10,70,1,1329,664547,61
10,70,1,1330,665047,71
10,70,1,1331,665547,72
10,70,1,1332,666047,69
10,70,1,1333,666547,41
10,70,1,1334,667047,83
10,70,1,1335,667547,77
10,70,1,1336,668047,69
10,70,1,1337,668547,60
10,70,1,1338,669047,58
10,70,1,1339,669547,72
10,70,1,1340,670047,91
10,70,1,1341,670547,28
10,70,1,1342,671047,75
10,70,1,1343,671547,67
10,70,1,1344,672047,47
10,70,1,1345,672547,73
10,70,1,1346,673047,73
10,70,1,1347,673547,58
10,70,1,1348,674047,63
10,70,1,1349,674547,59
10,70,1,1350,675047,108
10,70,1,1351,675547,45
10,70,1,1352,676047,77
10,70,1,1353,676547,37
10,70,1,1354,677047,109
10,70,1,1355,677547,39
10,70,1,1356,678047,87
10,70,1,1357,678547,93
10,70,1,1358,679047,75
10,70,1,1359,679547,91
10,70,1,1360,680047,63
10,70,1,1361,680547,77
10,70,1,1362,681047,57
10,70,1,1363,681547,109
10,70,1,1364,682047,48
10,70,1,1365,682547,75
10,70,1,1366,683047,63
10,70,1,1367,683547,111
10,70,1,1368,684047,63
10,70,1,1369,684547,73
10,70,1,1370,685047,93
10,70,1,1371,685547,93
10,70,1,1372,686047,68
10,70,1,1373,686547,51
10,70,1,1374,687047,91
10,70,1,1375,687547,83
10,70,1,1376,688047,73
10,70,1,1377,688547,69
10,70,1,1378,689047,105
10,70,1,1379,689547,71
10,70,1,1380,690047,104
10,70,1,1381,690547,63
10,70,1,1382,691047,78
10,70,1,1383,691547,75
10,70,1,1384,692047,103
10,70,1,1385,692547,38
10,70,1,1386,693047,107
10,70,1,1387,693547,87
10,70,1,1388,694047,53
10,70,1,1389,694547,83
10,70,1,1390,695047,79
10,70,1,1391,695547,69
10,70,1,1392,696047,87
10,70,1,1393,696547,53
10,70,1,1394,697047,99
10,70,1,1395,697547,70
10,70,1,1396,698047,57
10,70,1,1397,698547,54
10,70,1,1398,699047,68
10,70,1,1399,699547,63
10,70,1,1400,700047,69
10,70,1,1401,700547,47
10,70,1,1402,701047,70
10,70,1,1403,701547,47
10,70,1,1404,702047,40
10,70,1,1405,702547,104
10,70,1,1406,703047,45
10,70,1,1407,703547,43
10,70,1,1408,704047,61
10,70,1,1409,704547,73
10,70,1,1410,705047,55
10,70,1,1411,705547,60
10,70,1,1412,706047,47
10,70,1,1413,706547,76
10,70,1,1414,707047,71
10,70,1,1415,707547,57
10,70,1,1416,708047,79
10,70,1,1417,708547,53
10,70,1,1418,709047,60
10,70,1,1419,709547,77
10,70,1,1420,710047,72
10,70,1,1421,710547,93
10,70,1,1422,711047,63
10,70,1,1423,711548,71
10,70,1,1424,712047,82
10,70,1,1425,712547,71
10,70,1,1426,713047,70
10,70,1,1427,713547,76
10,70,1,1428,714047,63
10,70,1,1429,714547,75
10,70,1,1430,715047,46
10,70,1,1431,715547,58
10,70,1,1432,716047,83
10,70,1,1433,716547,51
10,70,1,1434,717047,57
10,70,1,1435,717547,56
10,70,1,1436,718047,82
10,70,1,1437,718547,76
10,70,1,1438,719047,69
10,70,1,1439,719547,61
10,70,1,1440,720047,55
10,70,1,1441,720547,89
10,70,1,1442,721047,68
10,70,1,1443,721547,63
10,70,1,1444,722047,63
10,70,1,1445,722547,74
10,70,1,1446,723047,69
10,70,1,1447,723547,74
10,70,1,1448,724047,45
10,70,1,1449,724547,99
10,70,1,1450,725047,52
10,70,1,1451,725547,70
10,70,1,1452,726047,77
10,70,1,1453,726547,76
10,70,1,1454,727047,47
10,70,1,1455,727547,97
10,70,1,1456,728047,72
10,70,1,1457,728547,55
10,70,1,1458,729047,62
10,70,1,1459,729547,91
10,70,1,1460,730047,47
10,70,1,1461,730547,71
10,70,1,1462,731047,64
10,70,1,1463,731547,69
10,70,1,1464,732047,60
10,70,1,1465,732547,57
10,70,1,1466,733047,55
10,70,1,1467,733547,71
10,70,1,1468,734047,68
10,70,1,1469,734547,46
10,70,1,1470,735047,42
10,70,1,1471,735547,46
10,70,1,1472,736047,69
10,70,1,1473,736547,39
10,70,1,1474,737047,59
10,70,1,1475,737547,58
10,70,1,1476,738047,41
10,70,1,1477,738547,79
10,70,1,1478,739047,55
10,70,1,1479,739547,45
10,70,1,1480,740047,69
10,70,1,1481,740547,53
10,70,1,1482,741047,56
10,70,1,1483,741547,68
10,70,1,1484,742047,55
10,70,1,1485,742547,45
10,70,1,1486,743047,55
10,70,1,1487,743547,83
10,70,1,1488,744047,56
10,70,1,1489,744547,71
10,70,1,1490,745047,59
10,70,1,1491,745547,73
10,70,1,1492,746047,57
10,70,1,1493,746547,73
10,70,1,1494,747047,69
10,70,1,1495,747547,69
10,70,1,1496,748047,71
10,70,1,1497,748547,53
10,70,1,1498,749047,84
10,70,1,1499,749547,69
10,70,1,1500,750047,53
10,70,1,1501,750547,87
10,70,1,1502,751047,46
10,70,1,1503,751547,75
10,70,1,1504,752047,72
10,70,1,1505,752547,43
10,70,1,1506,753047,107
10,70,1,1507,753547,72
10,70,1,1508,754047,68
10,70,1,1509,754547,101
10,70,1,1510,755047,101
10,70,1,1511,755547,63
10,70,1,1512,756047,82
10,70,1,1513,756547,73
10,70,1,1514,757047,112
10,70,1,1515,757547,63
10,70,1,1516,758047,85
10,70,1,1517,758547,77
10,70,1,1518,759047,85
10,70,1,1519,759547,85
10,70,1,1520,760047,73
10,70,1,1521,760547,75
10,70,1,1522,761047,77
10,70,1,1523,761547,82
10,70,1,1524,762047,77
10,70,1,1525,762547,67
10,70,1,1526,763047,60
10,70,1,1527,763547,61
10,70,1,1528,764047,90
10,70,1,1529,764547,54
10,70,1,1530,765047,73
10,70,1,1531,765547,77
10,70,1,1532,766047,57
10,70,1,1533,766547,99
10,70,1,1534,767047,26
10,70,1,1535,767547,77
10,70,1,1536,768047,57
10,70,1,1537,768547,57
10,70,1,1538,769047,55
10,70,1,1539,769547,77
10,70,1,1540,770047,75
10,70,1,1541,770547,40
10,70,1,1542,771047,54
10,70,1,1543,771547,89
10,70,1,1544,772047,79
10,70,1,1545,772547,61
10,70,1,1546,773047,78
10,70,1,1547,773547,45
10,70,1,1548,774047,105
10,70,1,1549,774547,39
10,70,1,1550,775047,47
10,70,1,1551,775547,101
10,70,1,1552,776047,47
10,70,1,1553,776547,59
10,70,1,1554,777047,61
10,70,1,1555,777547,43
10,70,1,1556,778047,74
10,70,1,1557,778547,51
10,70,1,1558,779047,53
10,70,1,1559,779547,99
10,70,1,1560,780047,61
10,70,1,1561,780547,36
10,70,1,1562,781047,83
10,70,1,1563,781547,71
10,70,1,1564,782047,55
10,70,1,1565,782547,73
10,70,1,1566,783047,101
10,70,1,1567,783547,80
10,70,1,1568,784047,52
10,70,1,1569,784547,64
10,70,1,1570,785047,73
10,70,1,1571,785547,71
10,70,1,1572,786047,63
10,70,1,1573,786547,88
10,70,1,1574,787047,51
10,70,1,1575,787547,77
10,70,1,1576,788047,68
10,70,1,1577,788547,101
10,70,1,1578,789047,70
10,70,1,1579,789547,60
10,70,1,1580,790047,58
10,70,1,1581,790547,87
10,70,1,1582,791047,39
10,70,1,1583,791547,73
10,70,1,1584,792047,83
10,70,1,1585,792547,61
10,70,1,1586,793047,71
10,70,1,1587,793547,58
10,70,1,1588,794047,58
10,70,1,1589,794547,87
10,70,1,1590,795047,67
10,70,1,1591,795547,59
10,70,1,1592,796047,72
10,70,1,1593,796547,71
10,70,1,1594,797047,86
10,70,1,1595,797547,59
10,70,1,1596,798047,67
10,70,1,1597,798547,69
10,70,1,1598,799047,59
10,70,1,1599,799547,55
10,70,1,1600,800047,69
10,70,1,1601,800547,82
10,70,1,1602,801047,52
10,70,1,1603,801547,82
10,70,1,1604,802047,76
10,70,1,1605,802547,63
10,70,1,1606,803047,87
10,70,1,1607,803547,71
10,70,1,1608,804047,63
10,70,1,1609,804547,83
10,70,1,1610,805047,61
10,70,1,1611,805547,109
10,70,1,1612,806047,63
10,70,1,1613,806547,56
10,70,1,1614,807047,91
10,70,1,1615,807547,74
10,70,1,1616,808047,87
10,70,1,1617,808547,73
10,70,1,1618,809047,60
10,70,1,1619,809547,83
10,70,1,1620,810047,69
10,70,1,1621,810547,69
10,70,1,1622,811047,89
10,70,1,1623,811547,56
10,70,1,1624,812047,45
10,70,1,1625,812547,101
10,70,1,1626,813047,62
10,70,1,1627,813547,61
10,70,1,1628,814047,77
10,70,1,1629,814547,45
10,70,1,1630,815047,75
10,70,1,1631,815547,52
10,70,1,1632,816047,117
10,70,1,1633,816547,37
10,70,1,1634,817047,68
10,70,1,1635,817547,63
10,70,1,1636,818047,41
10,70,1,1637,818547,119
10,70,1,1638,819047,63
10,70,1,1639,819547,19
10,70,1,1640,820047,51
10,70,1,1641,820547,109
10,70,1,1642,821047,29
10,70,1,1643,821547,51
10,70,1,1644,822047,95
10,70,1,1645,822547,61
10,70,1,1646,823047,31
10,70,1,1647,823547,56
10,70,1,1648,824047,89
10,70,1,1649,824547,83
10,70,1,1650,825047,27
10,70,1,1651,825547,77
10,70,1,1652,826047,71
10,70,1,1653,826547,51
10,70,1,1654,827047,29
10,70,1,1655,827547,75
10,70,1,1656,828047,43
10,70,1,1657,828547,64
10,70,1,1658,829047,61
10,70,1,1659,829547,47
10,70,1,1660,830047,69
10,70,1,1661,830547,35
10,70,1,1662,831047,55
10,70,1,1663,831547,61
10,70,1,1664,832047,51
10,70,1,1665,832547,58
10,70,1,1666,833047,73
10,70,1,1667,833547,35
10,70,1,1668,834047,59
10,70,1,1669,834547,72
10,70,1,1670,835047,35
10,70,1,1671,835547,69
10,70,1,1672,836047,57
10,70,1,1673,836547,55
10,70,1,1674,837047,75
10,70,1,1675,837547,20
10,70,1,1676,838047,56
10,70,1,1677,838547,55
10,70,1,1678,839047,43
10,70,1,1679,839547,93
10,70,1,1680,840047,28
10,70,1,1681,840547,58
10,70,1,1682,841047,63
10,70,1,1683,841547,63
10,70,1,1684,842047,40
10,70,1,1685,842547,77
10,70,1,1686,843047,59
10,70,1,1687,843547,93
10,70,1,1688,844047,50
10,70,1,1689,844547,76
10,70,1,1690,845047,77
10,70,1,1691,845547,86
10,70,1,1692,846047,74
10,70,1,1693,846547,59
10,70,1,1694,847047,112
10,70,1,1695,847547,43
10,70,1,1696,848047,104
10,70,1,1697,848547,77
10,70,1,1698,849047,85
10,70,1,1699,849547,83
10,70,1,1700,850047,82
10,70,1,1701,850547,75
10,70,1,1702,851047,104
10,70,1,1703,851547,63
10,70,1,1704,852047,74
10,70,1,1705,852547,74
10,70,1,1706,853047,71
10,70,1,1707,853547,69
10,70,1,1708,854047,93
10,70,1,1709,854547,76
10,70,1,1710,855047,54
10,70,1,1711,855547,72
10,70,1,1712,856047,57
10,70,1,1713,856547,73
10,70,1,1714,857047,53
10,70,1,1715,857547,57
10,70,1,1716,858047,125
10,70,1,1717,858547,41
10,70,1,1718,859047,77
10,70,1,1719,859547,79
10,70,1,1720,860047,77
10,70,1,1721,860547,85
10,70,1,1722,861047,59
10,70,1,1723,861547,69
10,70,1,1724,862047,89
10,70,1,1725,862547,77
10,70,1,1726,863047,93
10,70,1,1727,863547,85
10,70,1,1728,864047,63
10,70,1,1729,864547,104
10,70,1,1730,865047,47
10,70,1,1731,865547,115
10,70,1,1732,866047,45
10,70,1,1733,866547,82
10,70,1,1734,867047,117
10,70,1,1735,867547,52
10,70,1,1736,868047,85
10,70,1,1737,868547,107
10,70,1,1738,869047,76
10,70,1,1739,869547,59
10,70,1,1740,870047,83
10,70,1,1741,870547,85
10,70,1,1742,871047,77
10,70,1,1743,871547,58
10,70,1,1744,872047,75
10,70,1,1745,872547,73
10,70,1,1746,873047,61
10,70,1,1747,873547,101
10,70,1,1748,874047,55
10,70,1,1749,874547,59
10,70,1,1750,875047,99
10,70,1,1751,875547,67
10,70,1,1752,876047,85
10,70,1,1753,876547,56
10,70,1,1754,877047,72
10,70,1,1755,877547,47
10,70,1,1756,878047,74
10,70,1,1757,878547,43
10,70,1,1758,879047,92
10,70,1,1759,879547,36
10,70,1,1760,880047,92
10,70,1,1761,880547,48
10,70,1,1762,881047,55
10,70,1,1763,881547,53
10,70,1,1764,882047,87
10,70,1,1765,882547,71
10,70,1,1766,883047,51
10,70,1,1767,883547,86
10,70,1,1768,884047,69
10,70,1,1769,884547,37
10,70,1,1770,885047,71
10,70,1,1771,885547,63
10,70,1,1772,886047,63
10,70,1,1773,886547,39
10,70,1,1774,887047,61
10,70,1,1775,887547,83
10,70,1,1776,888047,52
10,70,1,1777,888547,70
10,70,1,1778,889047,47
10,70,1,1779,889547,77
10,70,1,1780,890047,73
10,70,1,1781,890547,24
10,70,1,1782,891047,107
10,70,1,1783,891547,73
10,70,1,1784,892047,16
10,70,1,1785,892547,73
10,70,1,1786,893047,61
10,70,1,1787,893547,71
10,70,1,1788,894047,56
10,70,1,1789,894547,56
10,70,1,1790,895047,69
10,70,1,1791,895547,69
10,70,1,1792,896047,51
10,70,1,1793,896547,63
10,70,1,1794,897047,60
10,70,1,1795,897547,69
10,70,1,1796,898047,63
10,70,1,1797,898547,57
10,70,1,1798,899047,61
10,70,1,1799,899547,61
10,70,1,1800,900047,77
10,70,1,1801,900547,72
10,70,1,1802,901047,82
10,70,1,1803,901547,59
10,70,1,1804,902047,71
10,70,1,1805,902547,77
10,70,1,1806,903047,89
10,70,1,1807,903547,75
10,70,1,1808,904047,78
10,70,1,1809,904547,63
10,70,1,1810,905047,101
10,70,1,1811,905547,85
10,70,1,1812,906047,76
10,70,1,1813,906547,75
10,70,1,1814,907047,99
10,70,1,1815,907547,93
10,70,1,1816,908047,89
10,70,1,1817,908547,73
10,70,1,1818,909047,79
10,70,1,1819,909547,71
10,70,1,1820,910047,85
10,70,1,1821,910547,74
10,70,1,1822,911047,57
10,70,1,1823,911547,91
10,70,1,1824,912047,51
10,70,1,1825,912547,57
10,70,1,1826,913047,88
10,70,1,1827,913547,59
10,70,1,1828,914047,58
10,70,1,1829,914547,57
10,70,1,1830,915047,83
10,70,1,1831,915547,83
10,70,1,1832,916047,45
10,70,1,1833,916547,77
10,70,1,1834,917047,75
10,70,1,1835,917547,21
10,70,1,1836,918047,76
10,70,1,1837,918547,38
10,70,1,1838,919047,69
10,70,1,1839,919547,43
10,70,1,1840,920047,40
10,70,1,1841,920547,72
10,70,1,1842,921047,45
10,70,1,1843,921547,37
10,70,1,1844,922047,75
10,70,1,1845,922547,48
10,70,1,1846,923047,42
10,70,1,1847,923547,54
10,70,1,1848,924047,53
10,70,1,1849,924547,61
10,70,1,1850,925047,42
10,70,1,1851,925547,74
10,70,1,1852,926047,27
10,70,1,1853,926547,67
10,70,1,1854,927047,57
10,70,1,1855,927547,59
10,70,1,1856,928047,46
10,70,1,1857,928547,56
10,70,1,1858,929047,69
10,70,1,1859,929547,59
10,70,1,1860,930047,70
10,70,1,1861,930547,53
10,70,1,1862,931047,67
10,70,1,1863,931547,69
10,70,1,1864,932047,52
10,70,1,1865,932547,61
10,70,1,1866,933047,56
10,70,1,1867,933547,55
10,70,1,1868,934047,69
10,70,1,1869,934547,59
10,70,1,1870,935047,35
10,70,1,1871,935547,75
10,70,1,1872,936047,57
10,70,1,1873,936547,60
10,70,1,1874,937047,59
10,70,1,1875,937547,77
10,70,1,1876,938047,53
10,70,1,1877,938547,73
10,70,1,1878,939047,59
10,70,1,1879,939547,53
10,70,1,1880,940047,51
10,70,1,1881,940547,71
10,70,1,1882,941047,70
10,70,1,1883,941547,28
10,70,1,1884,942047,99
10,70,1,1885,942547,77
10,70,1,1886,943047,84
10,70,1,1887,943547,83
10,70,1,1888,944047,71
10,70,1,1889,944547,47
10,70,1,1890,945047,75
10,70,1,1891,945547,57
10,70,1,1892,946047,91
10,70,1,1893,946547,55
10,70,1,1894,947047,78
10,70,1,1895,947547,84
10,70,1,1896,948047,77
10,70,1,1897,948547,69
10,70,1,1898,949047,73
10,70,1,1899,949547,44
10,70,1,1900,950047,88
10,70,1,1901,950547,74
10,70,1,1902,951047,77
10,70,1,1903,951547,55
10,70,1,1904,952047,95
10,70,1,1905,952547,43
10,70,1,1906,953047,52
10,70,1,1907,953547,71
10,70,1,1908,954047,73
10,70,1,1909,954547,47
10,70,1,1910,955047,63
10,70,1,1911,955547,55
10,70,1,1912,956047,59
10,70,1,1913,956547,77
10,70,1,1914,957047,61
10,70,1,1915,957547,57
10,70,1,1916,958047,74
10,70,1,1917,958547,77
10,70,1,1918,959047,71
10,70,1,1919,959547,52
10,70,1,1920,960047,52
10,70,1,1921,960547,93
10,70,1,1922,961047,68
10,70,1,1923,961547,55
10,70,1,1924,962047,91
10,70,1,1925,962547,55
10,70,1,1926,963047,101
10,70,1,1927,963547,79
10,70,1,1928,964047,45
10,70,1,1929,964547,93
10,70,1,1930,965047,51
10,70,1,1931,965547,75
10,70,1,1932,966047,69
10,70,1,1933,966547,91
10,70,1,1934,967047,61
10,70,1,1935,967547,55
10,70,1,1936,968047,116
10,70,1,1937,968547,39
10,70,1,1938,969047,75
10,70,1,1939,969547,71
10,70,1,1940,970047,69
10,70,1,1941,970547,52
10,70,1,1942,971047,91
10,70,1,1943,971547,57
10,70,1,1944,972047,51
10,70,1,1945,972547,59
10,70,1,1946,973047,68
10,70,1,1947,973547,77
10,70,1,1948,974047,41
10,70,1,1949,974547,73
10,70,1,1950,975047,73
10,70,1,1951,975547,52
10,70,1,1952,976047,115
10,70,1,1953,976547,47
10,70,1,1954,977047,68
10,70,1,1955,977547,55
10,70,1,1956,978047,59
10,70,1,1957,978547,88
10,70,1,1958,979047,48
10,70,1,1959,979547,75
10,70,1,1960,980047,59
10,70,1,1961,980547,104
10,70,1,1962,981047,30
10,70,1,1963,981547,75
10,70,1,1964,982047,76
10,70,1,1965,982547,79
10,70,1,1966,983047,72
10,70,1,1967,983547,73
10,70,1,1968,984047,79
10,70,1,1969,984547,91
10,70,1,1970,985047,72
10,70,1,1971,985547,73
10,70,1,1972,986047,101
10,70,1,1973,986547,71
10,70,1,1974,987047,43
10,70,1,1975,987547,127
10,70,1,1976,988047,77
10,70,1,1977,988547,21
10,70,1,1978,989047,90
10,70,1,1979,989547,71
10,70,1,1980,990047,63
10,70,1,1981,990547,59
10,70,1,1982,991047,88
10,70,1,1983,991547,82
10,70,1,1984,992047,53
10,70,1,1985,992547,57
10,70,1,1986,993047,47
10,70,1,1987,993547,61
10,70,1,1988,994047,53
10,70,1,1989,994547,84
10,70,1,1990,995047,53
10,70,1,1991,995547,51
10,70,1,1992,996047,57
10,70,1,1993,996547,45
10,70,1,1994,997047,105
10,70,1,1995,997547,37
10,70,1,1996,998047,55
10,70,1,1997,998547,59
10,70,1,1998,999047,70
10,70,1,1999,999547,63
10,70,2,0,48,70
10,70,2,1,547,93
10,70,2,2,1047,45
10,70,2,3,1547,59
10,70,2,4,2047,107
10,70,2,5,2547,57
10,70,2,6,3047,43
10,70,2,7,3547,59
10,70,2,8,4047,83
10,70,2,9,4547,46
10,70,2,10,5047,56
10,70,2,11,5547,58
10,70,2,12,6047,63
10,70,2,13,6547,59
10,70,2,14,7047,37
10,70,2,15,7547,89
10,70,2,16,8047,57
10,70,2,17,8547,55
10,70,2,18,9047,51
10,70,2,19,9547,87
10,70,2,20,10047,45
10,70,2,21,10547,51
10,70,2,22,11047,61
10,70,2,23,11547,81
10,70,2,24,12047,55
10,70,2,25,12547,53
10,70,2,26,13047,73
10,70,2,27,13547,68
10,70,2,28,14047,89
10,70,2,29,14547,35
10,70,2,30,15047,72
10,70,2,31,15547,83
10,70,2,32,16047,57
10,70,2,33,16547,45
10,70,2,34,17047,70
10,70,2,35,17547,41
10,70,2,36,18047,59
10,70,2,37,18547,53
10,70,2,38,19047,57
10,70,2,39,19547,75
10,70,2,40,20047,51
10,70,2,41,20547,75
10,70,2,42,21047,31
10,70,2,43,21547,51
10,70,2,44,22047,137
10,70,2,45,22547,51
10,70,2,46,23047,50
10,70,2,47,23547,59
10,70,2,48,24047,63
10,70,2,49,24547,60
10,70,2,50,25047,61
10,70,2,51,25547,73
10,70,2,52,26047,63
10,70,2,53,26547,76
10,70,2,54,27047,87
10,70,2,55,27547,53
10,70,2,56,28047,87
10,70,2,57,28547,59
10,70,2,58,29047,85
10,70,2,59,29547,78
10,70,2,60,30047,57
10,70,2,61,30547,77
10,70,2,62,31047,89
10,70,2,63,31547,76
10,70,2,64,32047,59
10,70,2,65,32547,103
10,70,2,66,33047,74
10,70,2,67,33547,61
10,70,2,68,34047,82
10,70,2,69,34547,89
10,70,2,70,35047,71
10,70,2,71,35547,74
10,70,2,72,36047,138
10,70,2,73,36547,45
10,70,2,74,37047,71
10,70,2,75,37547,89
10,70,2,76,38047,95
10,70,2,77,38547,73
10,70,2,78,39047,83
10,70,2,79,39547,74
10,70,2,80,40047,102
10,70,2,81,40547,75
10,70,2,82,41047,69
10,70,2,83,41547,69
10,70,2,84,42047,57
10,70,2,85,42547,74
10,70,2,86,43047,88
10,70,2,87,43547,48
10,70,2,88,44047,63
10,70,2,89,44547,79
10,70,2,90,45047,78
10,70,2,91,45547,47
10,70,2,92,46047,83
10,70,2,93,46547,73
10,70,2,94,47047,69
10,70,2,95,47547,84
10,70,2,96,48047,43
10,70,2,97,48547,71
10,70,2,98,49047,73
10,70,2,99,49547,47
10,70,2,100,50047,41
10,70,2,101,50547,88
10,70,2,102,51047,25
10,70,2,103,51547,47
10,70,2,104,52047,91
10,70,2,105,52547,57
10,70,2,106,53047,53
10,70,2,107,53547,67
10,70,2,108,54047,105
10,70,2,109,54547,44
10,70,2,110,55047,47
10,70,2,111,55547,61
10,70,2,112,56047,73
10,70,2,113,56547,75
10,70,2,114,57047,53
10,70,2,115,57547,57
10,70,2,116,58047,77
10,70,2,117,58547,57
10,70,2,118,59047,79
10,70,2,119,59547,91
10,70,2,120,60047,87
10,70,2,121,60547,73
10,70,2,122,61047,59
10,70,2,123,61547,77
10,70,2,124,62047,74
10,70,2,125,62547,61
10,70,2,126,63047,59
10,70,2,127,63547,63
10,70,2,128,64047,91
10,70,2,129,64547,63
10,70,2,130,65047,47
10,70,2,131,65547,121
10,70,2,132,66047,59
10,70,2,133,66547,68
10,70,2,134,67047,73
10,70,2,135,67547,60
10,70,2,136,68047,60
10,70,2,137,68547,61
10,70,2,138,69047,53
10,70,2,139,69547,52
10,70,2,140,70047,85
10,70,2,141,70547,59
10,70,2,142,71047,63
10,70,2,143,71547,54
10,70,2,144,72047,60
10,70,2,145,72547,73
10,70,2,146,73047,55
10,70,2,147,73547,56
10,70,2,148,74047,77
10,70,2,149,74547,55
10,70,2,150,75047,55
10,70,2,151,75547,61
10,70,2,152,76047,84
10,70,2,153,76547,45
10,70,2,154,77047,78
10,70,2,155,77547,79
10,70,2,156,78047,53
10,70,2,157,78547,73
10,70,2,158,79047,48
10,70,2,159,79547,69
10,70,2,160,80047,69
10,70,2,161,80547,73
10,70,2,162,81047,60
10,70,2,163,81547,45
10,70,2,164,82047,91
10,70,2,165,82547,47
10,70,2,166,83047,83
10,70,2,167,83547,60
10,70,2,168,84047,59
10,70,2,169,84547,77
10,70,2,170,85047,71
10,70,2,171,85547,93
10,70,2,172,86047,89
10,70,2,173,86547,76
10,70,2,174,87047,55
10,70,2,175,87547,87
10,70,2,176,88047,55
10,70,2,177,88547,75
10,70,2,178,89047,43
10,70,2,179,89547,94
10,70,2,180,90047,55
10,70,2,181,90547,83
10,70,2,182,91047,59
10,70,2,183,91547,47
10,70,2,184,92047,85
10,70,2,185,92547,87
10,70,2,186,93047,55
10,70,2,187,93547,46
10,70,2,188,94047,67
10,70,2,189,94547,107
10,70,2,190,95047,41
10,70,2,191,95547,37
10,70,2,192,96047,115
10,70,2,193,96547,69
10,70,2,194,97047,47
10,70,2,195,97547,75
10,70,2,196,98047,61
10,70,2,197,98547,123
10,70,2,198,99047,59
10,70,2,199,99547,67
10,70,2,200,100047,53
10,70,2,201,100547,107
10,70,2,202,101047,69
10,70,2,203,101547,61
10,70,2,204,102047,87
10,70,2,205,102547,86
10,70,2,206,103047,69
10,70,2,207,103547,83
10,70,2,208,104047,71
10,70,2,209,104547,77
10,70,2,210,105047,69
10,70,2,211,105547,84
10,70,2,212,106047,74
10,70,2,213,106547,61
10,70,2,214,107047,73
10,70,2,215,107547,89
10,70,2,216,108047,57
10,70,2,217,108547,67
10,70,2,218,109047,83
10,70,2,219,109547,75
10,70,2,220,110047,74
10,70,2,221,110547,67
10,70,2,222,111047,55
10,70,2,223,111547,74
10,70,2,224,112047,75
10,70,2,225,112547,83
10,70,2,226,113047,56
10,70,2,227,113547,71
10,70,2,228,114047,68
10,70,2,229,114547,68
10,70,2,230,115047,83
10,70,2,231,115547,53
10,70,2,232,116047,55
10,70,2,233,116547,69
10,70,2,234,117047,85
10,70,2,235,117547,63
10,70,2,236,118047,62
10,70,2,237,118547,71
10,70,2,238,119047,55
10,70,2,239,119547,57
10,70,2,240,120047,59
10,70,2,241,120547,60
10,70,2,242,121047,43
10,70,2,243,121547,58
10,70,2,244,122047,40
10,70,2,245,122547,61
10,70,2,246,123047,57
10,70,2,247,123547,24
10,70,2,248,124047,91
10,70,2,249,124547,17
10,70,2,250,125047,43
10,70,2,251,125547,46
10,70,2,252,126047,71
10,70,2,253,126547,45
10,70,2,254,127047,31
10,70,2,255,127547,41
10,70,2,256,128047,72
10,70,2,257,128547,27
10,70,2,258,129047,31
10,70,2,259,129547,61
10,70,2,260,130047,39
10,70,2,261,130547,37
10,70,2,262,131047,60
10,70,2,263,131547,69
10,70,2,264,132047,18
10,70,2,265,132547,69
10,70,2,266,133047,75
10,70,2,267,133547,47
10,70,2,268,134047,71
10,70,2,269,134547,47
10,70,2,270,135047,72
10,70,2,271,135547,67
10,70,2,272,136047,51
10,70,2,273,136547,61
10,70,2,274,137047,56
10,70,2,275,137547,77
10,70,2,276,138047,62
10,70,2,277,138547,59
10,70,2,278,139047,77
10,70,2,279,139547,69
10,70,2,280,140047,83
10,70,2,281,140547,72
10,70,2,282,141047,61
10,70,2,283,141547,81
10,70,2,284,142047,50
10,70,2,285,142547,76
10,70,2,286,143047,69
10,70,2,287,143547,75
10,70,2,288,144047,78
10,70,2,289,144547,86
10,70,2,290,145047,71
10,70,2,291,145547,95
10,70,2,292,146047,79
10,70,2,293,146547,72
10,70,2,294,147047,83
10,70,2,295,147547,110
10,70,2,296,148047,84
10,70,2,297,148547,61
10,70,2,298,149047,88
10,70,2,299,149547,107
10,70,2,300,150047,73
10,70,2,301,150547,91
10,70,2,302,151047,102
10,70,2,303,151547,83
10,70,2,304,152047,84
10,70,2,305,152547,73
10,70,2,306,153047,107
10,70,2,307,153547,73
10,70,2,308,154047,93
10,70,2,309,154547,70
10,70,2,310,155047,69
10,70,2,311,155547,93
10,70,2,312,156047,77
10,70,2,313,156547,57
10,70,2,314,157047,83
10,70,2,315,157547,94
10,70,2,316,158047,57
10,70,2,317,158547,52
10,70,2,318,159047,71
10,70,2,319,159547,61
10,70,2,320,160047,47
10,70,2,321,160547,59
10,70,2,322,161047,42
10,70,2,323,161547,58
10,70,2,324,162047,56
10,70,2,325,162547,73
10,70,2,326,163047,41
10,70,2,327,163547,59
10,70,2,328,164047,75
10,70,2,329,164547,71
10,70,2,330,165047,40
10,70,2,331,165547,51
10,70,2,332,166047,68
10,70,2,333,166547,46
10,70,2,334,167047,37
10,70,2,335,167547,82
10,70,2,336,168047,43
10,70,2,337,168547,68
10,70,2,338,169047,61
10,70,2,339,169547,71
10,70,2,340,170047,73
10,70,2,341,170547,60
10,70,2,342,171047,57
10,70,2,343,171547,83
10,70,2,344,172047,61
10,70,2,345,172547,59
10,70,2,346,173047,75
10,70,2,347,173547,71
10,70,2,348,174047,63
10,70,2,349,174547,77
10,70,2,350,175047,55
10,70,2,351,175547,77
10,70,2,352,176047,72
10,70,2,353,176547,101
10,70,2,354,177047,63
10,70,2,355,177547,61
10,70,2,356,178047,103
10,70,2,357,178547,57
10,70,2,358,179047,84
10,70,2,359,179547,74
10,70,2,360,180047,60
10,70,2,361,180547,103
10,70,2,362,181047,68
10,70,2,363,181547,86
10,70,2,364,182047,73
10,70,2,365,182547,63
10,70,2,366,183047,69
10,70,2,367,183547,75
10,70,2,368,184047,37
10,70,2,369,184547,85
10,70,2,370,185047,41
10,70,2,371,185547,44
10,70,2,372,186047,87
10,70,2,373,186547,62
10,70,2,374,187047,77
10,70,2,375,187547,69
10,70,2,376,188047,83
10,70,2,377,188547,69
10,70,2,378,189047,73
10,70,2,379,189547,73
10,70,2,380,190047,31
10,70,2,381,190547,74
10,70,2,382,191047,101
10,70,2,383,191547,41
10,70,2,384,192047,61
10,70,2,385,192547,99
10,70,2,386,193047,29
10,70,2,387,193547,99
10,70,2,388,194047,45
10,70,2,389,194547,99
10,70,2,390,195047,53
10,70,2,391,195547,56
10,70,2,392,196047,58
10,70,2,393,196547,77
10,70,2,394,197047,51
10,70,2,395,197547,57
10,70,2,396,198047,54
10,70,2,397,198547,61
10,70,2,398,199047,45
10,70,2,399,199547,71
10,70,2,400,200047,51
10,70,2,401,200547,62
10,70,2,402,201047,61
10,70,2,403,201547,87
10,70,2,404,202047,43
10,70,2,405,202547,53
10,70,2,406,203047,61
10,70,2,407,203547,67
10,70,2,408,204047,55
10,70,2,409,204547,71
10,70,2,410,205047,69
10,70,2,411,205547,60
10,70,2,412,206047,59
10,70,2,413,206547,71
10,70,2,414,207047,56
10,70,2,415,207547,73
10,70,2,416,208047,55
10,70,2,417,208547,60
10,70,2,418,209047,59
10,70,2,419,209547,61
10,70,2,420,210047,77
10,70,2,421,210547,40
10,70,2,422,211047,83
10,70,2,423,211547,55
10,70,2,424,212047,33
10,70,2,425,212547,59
10,70,2,426,213047,54
10,70,2,427,213547,77
10,70,2,428,214047,54
10,70,2,429,214547,72
10,70,2,430,215047,41
10,70,2,431,215547,42
10,70,2,432,216047,78
10,70,2,433,216547,63
10,70,2,434,217047,21
10,70,2,435,217547,74
10,70,2,436,218047,51
10,70,2,437,218547,53
10,70,2,438,219047,124
10,70,2,439,219547,59
10,70,2,440,220047,77
10,70,2,441,220547,45
10,70,2,442,221047,85
10,70,2,443,221547,25
10,70,2,444,222047,91
10,70,2,445,222547,40
10,70,2,446,223047,83
10,70,2,447,223547,61
10,70,2,448,224047,87
10,70,2,449,224547,63
10,70,2,450,225047,77
10,70,2,451,225547,72
10,70,2,452,226047,69
10,70,2,453,226547,77
10,70,2,454,227047,71
10,70,2,455,227547,87
10,70,2,456,228047,63
10,70,2,457,228547,61
10,70,2,458,229047,63
10,70,2,459,229547,58
10,70,2,460,230047,75
10,70,2,461,230547,59
10,70,2,462,231047,63
10,70,2,463,231547,78
10,70,2,464,232047,71
10,70,2,465,232547,60
10,70,2,466,233047,72
10,70,2,467,233547,83
10,70,2,468,234047,47
10,70,2,469,234547,47
10,70,2,470,235047,59
10,70,2,471,235547,69
10,70,2,472,236047,83
10,70,2,473,236547,43
10,70,2,474,237047,88
10,70,2,475,237547,88
10,70,2,476,238047,27
10,70,2,477,238547,73
10,70,2,478,239047,36
10,70,2,479,239547,77
10,70,2,480,240047,46
10,70,2,481,240547,91
10,70,2,482,241047,73
10,70,2,483,241547,55
10,70,2,484,242047,57
10,70,2,485,242547,59
10,70,2,486,243047,53
10,70,2,487,243547,87
10,70,2,488,244047,45
10,70,2,489,244547,73
10,70,2,490,245047,74
10,70,2,491,245547,78
10,70,2,492,246047,69
10,70,2,493,246547,63
10,70,2,494,247047,79
10,70,2,495,247547,61
10,70,2,496,248047,46
10,70,2,497,248547,59
10,70,2,498,249047,71
10,70,2,499,249547,53
10,70,2,500,250047,73
10,70,2,501,250547,73
10,70,2,502,251047,63
10,70,2,503,251547,76
10,70,2,504,252047,91
10,70,2,505,252547,76
10,70,2,506,253047,55
10,70,2,507,253547,51
10,70,2,508,254047,85
10,70,2,509,254547,71
10,70,2,510,255047,55
10,70,2,511,255547,60
10,70,2,512,256047,85
10,70,2,513,256547,93
10,70,2,514,257047,51
10,70,2,515,257547,90
10,70,2,516,258047,77
10,70,2,517,258547,69
10,70,2,518,259047,107
10,70,2,519,259547,82
10,70,2,520,260047,71
10,70,2,521,260547,91
10,70,2,522,261047,107
10,70,2,523,261547,45
10,70,2,524,262047,83
10,70,2,525,262547,78
10,70,2,526,263047,84
10,70,2,527,263547,86
10,70,2,528,264047,68
10,70,2,529,264547,72
10,70,2,530,265047,85
10,70,2,531,265547,73
10,70,2,532,266047,90
10,70,2,533,266547,61
10,70,2,534,267047,71
10,70,2,535,267547,94
10,70,2,536,268047,87
10,70,2,537,268547,69
10,70,2,538,269047,73
10,70,2,539,269547,88
10,70,2,540,270047,73
10,70,2,541,270547,103
10,70,2,542,271047,63
10,70,2,543,271547,89
10,70,2,544,272047,61
10,70,2,545,272547,74
10,70,2,546,273047,73
10,70,2,547,273547,89
10,70,2,548,274047,72
10,70,2,549,274547,72
10,70,2,550,275047,63
10,70,2,551,275547,73
10,70,2,552,276047,40
10,70,2,553,276547,69
10,70,2,554,277047,83
10,70,2,555,277547,43
10,70,2,556,278047,57
10,70,2,557,278547,72
10,70,2,558,279047,83
10,70,2,559,279547,71
10,70,2,560,280047,42
10,70,2,561,280547,63
10,70,2,562,281047,53
10,70,2,563,281547,100
10,70,2,564,282047,40
10,70,2,565,282547,99
10,70,2,566,283047,63
10,70,2,567,283547,86
10,70,2,568,284047,59
10,70,2,569,284547,87
10,70,2,570,285047,77
10,70,2,571,285547,71
10,70,2,572,286047,71
10,70,2,573,286547,62
10,70,2,574,287047,67
10,70,2,575,287547,53
10,70,2,576,288047,89
10,70,2,577,288547,71
10,70,2,578,289047,42
10,70,2,579,289547,105
10,70,2,580,290047,74
10,70,2,581,290547,55
10,70,2,582,291047,101
10,70,2,583,291547,54
10,70,2,584,292047,69
10,70,2,585,292547,51
10,70,2,586,293047,105
10,70,2,587,293547,57
10,70,2,588,294047,51
10,70,2,589,294547,89
10,70,2,590,295047,40
10,70,2,591,295547,75
10,70,2,592,296047,93
10,70,2,593,296547,47
10,70,2,594,297047,57
10,70,2,595,297547,89
10,70,2,596,298047,35
10,70,2,597,298547,87
10,70,2,598,299047,45
10,70,2,599,299547,68
10,70,2,600,300047,61
10,70,2,601,300547,51
10,70,2,602,301047,57
10,70,2,603,301547,45
10,70,2,604,302047,57
10,70,2,605,302547,82
10,70,2,606,303047,53
10,70,2,607,303547,56
10,70,2,608,304047,69
10,70,2,609,304547,86
10,70,2,610,305047,61
10,70,2,611,305547,71
10,70,2,612,306047,75
10,70,2,613,306547,42
10,70,2,614,307047,69
10,70,2,615,307547,61
10,70,2,616,308047,89
10,70,2,617,308547,71
10,70,2,618,309047,103
10,70,2,619,309547,61
10,70,2,620,310047,125
10,70,2,621,310547,39
10,70,2,622,311047,91
10,70,2,623,311547,81
10,70,2,624,312047,105
10,70,2,625,312547,71
10,70,2,626,313047,91
10,70,2,627,313547,60
10,70,2,628,314047,83
10,70,2,629,314547,75
10,70,2,630,315047,77
10,70,2,631,315547,88
10,70,2,632,316047,61
10,70,2,633,316547,83
10,70,2,634,317047,55
10,70,2,635,317547,71
10,70,2,636,318047,83
10,70,2,637,318547,47
10,70,2,638,319047,63
10,70,2,639,319547,83
10,70,2,640,320047,61
10,70,2,641,320547,70
10,70,2,642,321047,53
10,70,2,643,321547,54
10,70,2,644,322047,67
10,70,2,645,322547,71
10,70,2,646,323047,31
10,70,2,647,323547,77
10,70,2,648,324047,59
10,70,2,649,324547,51
10,70,2,650,325047,47
10,70,2,651,325547,54
10,70,2,652,326047,87
10,70,2,653,326547,47
10,70,2,654,327047,48
10,70,2,655,327547,56
10,70,2,656,328047,85
10,70,2,657,328547,51
10,70,2,658,329047,47
10,70,2,659,329547,59
10,70,2,660,330047,81
10,70,2,661,330547,61
10,70,2,662,331047,53
10,70,2,663,331547,93
10,70,2,664,332047,59
10,70,2,665,332547,69
10,70,2,666,333047,57
10,70,2,667,333547,87
10,70,2,668,334047,53
10,70,2,669,334547,56
10,70,2,670,335047,69
10,70,2,671,335547,41
10,70,2,672,336047,95
10,70,2,673,336547,46
10,70,2,674,337047,56
10,70,2,675,337547,105
10,70,2,676,338047,39
10,70,2,677,338547,89
10,70,2,678,339047,71
10,70,2,679,339547,71
10,70,2,680,340047,78
10,70,2,681,340547,27
10,70,2,682,341047,90
10,70,2,683,341547,27
10,70,2,684,342047,71
10,70,2,685,342547,91
10,70,2,686,343047,79
10,70,2,687,343547,93
10,70,2,688,344047,67
10,70,2,689,344547,66
10,70,2,690,345047,93
10,70,2,691,345547,40
10,70,2,692,346047,117
10,70,2,693,346547,51
10,70,2,694,347047,53
10,70,2,695,347547,93
10,70,2,696,348047,69
10,70,2,697,348547,37
10,70,2,698,349047,92
10,70,2,699,349547,89
10,70,2,700,350047,106
10,70,2,701,350547,78
10,70,2,702,351047,43
10,70,2,703,351547,101
10,70,2,704,352047,55
10,70,2,705,352547,57
10,70,2,706,353047,57
10,70,2,707,353547,115
10,70,2,708,354047,52
10,70,2,709,354547,41
10,70,2,710,355047,69
10,70,2,711,355547,85
10,70,2,712,356047,35
10,70,2,713,356547,95
10,70,2,714,357047,76
10,70,2,715,357547,26
10,70,2,716,358047,71
10,70,2,717,358547,72
10,70,2,718,359047,44
10,70,2,719,359547,55
10,70,2,720,360047,52
10,70,2,721,360547,59
10,70,2,722,361047,71
10,70,2,723,361547,53
10,70,2,724,362047,69
10,70,2,725,362547,53
10,70,2,726,363047,40
10,70,2,727,363547,99
10,70,2,728,364047,35
10,70,2,729,364547,71
10,70,2,730,365047,52
10,70,2,731,365547,48
10,70,2,732,366047,92
10,70,2,733,366547,45
10,70,2,734,367047,53
10,70,2,735,367547,52
10,70,2,736,368047,59
10,70,2,737,368547,69
10,70,2,738,369047,62
10,70,2,739,369547,56
10,70,2,740,370047,60
10,70,2,741,370547,57
10,70,2,742,371047,87
10,70,2,743,371547,73
10,70,2,744,372047,57
10,70,2,745,372547,51
10,70,2,746,373047,79
10,70,2,747,373547,55
10,70,2,748,374047,70
10,70,2,749,374547,67
10,70,2,750,375047,75
10,70,2,751,375547,70
10,70,2,752,376047,56
10,70,2,753,376547,51
10,70,2,754,377047,43
10,70,2,755,377547,89
10,70,2,756,378047,35
10,70,2,757,378547,41
10,70,2,758,379047,79
10,70,2,759,379547,70
10,70,2,760,380047,75
10,70,2,761,380547,57
10,70,2,762,381047,63
10,70,2,763,381547,87
10,70,2,764,382047,61
10,70,2,765,382547,72
10,70,2,766,383047,63
10,70,2,767,383547,75
10,70,2,768,384047,86
10,70,2,769,384547,73
10,70,2,770,385047,70
10,70,2,771,385547,77
10,70,2,772,386047,84
10,70,2,773,386547,55
10,70,2,774,387047,74
10,70,2,775,387547,92
10,70,2,776,388047,60
10,70,2,777,388547,87
10,70,2,778,389047,60
10,70,2,779,389547,62
10,70,2,780,390047,75
10,70,2,781,390547,87
10,70,2,782,391047,71
10,70,2,783,391547,61
10,70,2,784,392047,68
10,70,2,785,392547,61
10,70,2,786,393047,61
10,70,2,787,393547,75
10,70,2,788,394047,45
10,70,2,789,394547,54
10,70,2,790,395047,61
10,70,2,791,395547,62
10,70,2,792,396047,61
10,70,2,793,396547,55
10,70,2,794,397047,83
10,70,2,795,397547,43
10,70,2,796,398047,73
10,70,2,797,398547,55
10,70,2,798,399047,68
10,70,2,799,399547,59
10,70,2,800,400047,43
10,70,2,801,400547,70
10,70,2,802,401047,54
10,70,2,803,401547,61
10,70,2,804,402047,69
10,70,2,805,402547,77
10,70,2,806,403047,57
10,70,2,807,403547,42
10,70,2,808,404047,80
10,70,2,809,404547,62
10,70,2,810,405047,57
10,70,2,811,405547,61
10,70,2,812,406047,61
10,70,2,813,406547,61
10,70,2,814,407047,75
10,70,2,815,407547,59
10,70,2,816,408047,73
10,70,2,817,408547,59
10,70,2,818,409047,78
10,70,2,819,409547,110
10,70,2,820,410047,51
10,70,2,821,410547,72
10,70,2,822,411047,77
10,70,2,823,411547,68
10,70,2,824,412047,59
10,70,2,825,412547,63
10,70,2,826,413047,56
10,70,2,827,413547,79
10,70,2,828,414047,89
10,70,2,829,414547,47
10,70,2,830,415047,75
10,70,2,831,415547,67
10,70,2,832,416047,57
10,70,2,833,416547,57
10,70,2,834,417047,52
10,70,2,835,417547,79
10,70,2,836,418047,56
10,70,2,837,418547,69
10,70,2,838,419047,79
10,70,2,839,419547,47
10,70,2,840,420047,91
10,70,2,841,420547,36
10,70,2,842,421047,85
10,70,2,843,421547,55
10,70,2,844,422047,74
10,70,2,845,422547,64
10,70,2,846,423047,73
10,70,2,847,423547,43
10,70,2,848,424047,77
10,70,2,849,424547,46
10,70,2,850,425047,79
10,70,2,851,425547,77
10,70,2,852,426047,62
10,70,2,853,426547,59
10,70,2,854,427047,76
10,70,2,855,427547,87
10,70,2,856,428047,79
10,70,2,857,428547,61
10,70,2,858,429047,71
10,70,2,859,429547,83
10,70,2,860,430047,86
10,70,2,861,430547,59
10,70,2,862,431047,83
10,70,2,863,431547,84
10,70,2,864,432047,59
10,70,2,865,432547,91
10,70,2,866,433047,73
10,70,2,867,433547,88
10,70,2,868,434047,83
10,70,2,869,434547,69
10,70,2,870,435047,88
10,70,2,871,435547,77
10,70,2,872,436047,80
10,70,2,873,436547,71
10,70,2,874,437047,69
10,70,2,875,437547,74
10,70,2,876,438047,75
10,70,2,877,438547,71
10,70,2,878,439047,83
10,70,2,879,439547,77
10,70,2,880,440047,39
10,70,2,881,440547,138
10,70,2,882,441047,61
10,70,2,883,441547,54
10,70,2,884,442047,83
10,70,2,885,442547,82
10,70,2,886,443047,67
10,70,2,887,443547,95
10,70,2,888,444047,72
10,70,2,889,444547,78
10,70,2,890,445047,71
10,70,2,891,445547,83
10,70,2,892,446047,71
10,70,2,893,446547,58
10,70,2,894,447047,69
10,70,2,895,447547,79
10,70,2,896,448047,69
10,70,2,897,448547,47
10,70,2,898,449047,79
10,70,2,899,449547,47
10,70,2,900,450047,55
10,70,2,901,450547,36
10,70,2,902,451047,87
10,70,2,903,451547,59
10,70,2,904,452047,57
10,70,2,905,452547,71
10,70,2,906,453047,40
10,70,2,907,453547,73
10,70,2,908,454047,69
10,70,2,909,454547,71
10,70,2,910,455047,45
10,70,2,911,455547,91
10,70,2,912,456047,56
10,70,2,913,456547,75
10,70,2,914,457047,72
10,70,2,915,457547,68
10,70,2,916,458047,91
10,70,2,917,458547,77
10,70,2,918,459047,59
10,70,2,919,459547,84
10,70,2,920,460047,59
10,70,2,921,460547,54
10,70,2,922,461047,77
10,70,2,923,461547,68
10,70,2,924,462047,73
10,70,2,925,462547,73
10,70,2,926,463047,87
10,70,2,927,463547,79
10,70,2,928,464047,54
10,70,2,929,464547,87
10,70,2,930,465047,57
10,70,2,931,465547,61
10,70,2,932,466047,67
10,70,2,933,466547,107
10,70,2,934,467047,37
10,70,2,935,467547,71
10,70,2,936,468047,69
10,70,2,937,468547,89
10,70,2,938,469047,55
10,70,2,939,469547,79
10,70,2,940,470047,77
10,70,2,941,470547,69
10,70,2,942,471047,82
10,70,2,943,471547,45
10,70,2,944,472047,79
10,70,2,945,472547,55
10,70,2,946,473047,57
10,70,2,947,473547,69
10,70,2,948,474047,77
10,70,2,949,474547,71
10,70,2,950,475047,53
10,70,2,951,475547,57
10,70,2,952,476047,61
10,70,2,953,476547,47
10,70,2,954,477047,43
10,70,2,955,477547,61
10,70,2,956,478047,72
10,70,2,957,478547,61
10,70,2,958,479047,36
10,70,2,959,479547,47
10,70,2,960,480047,45
10,70,2,961,480547,55
10,70,2,962,481047,57
10,70,2,963,481547,55
10,70,2,964,482047,71
10,70,2,965,482547,60
10,70,2,966,483047,41
10,70,2,967,483547,59
10,70,2,968,484047,51
10,70,2,969,484547,67
10,70,2,970,485047,41
10,70,2,971,485547,55
10,70,2,972,486047,43
10,70,2,973,486547,71
10,70,2,974,487047,59
10,70,2,975,487547,70
10,70,2,976,488047,35
10,70,2,977,488547,79
10,70,2,978,489047,40
10,70,2,979,489547,87
10,70,2,980,490047,43
10,70,2,981,490547,53
10,70,2,982,491047,55
10,70,2,983,491547,54
10,70,2,984,492047,75
10,70,2,985,492547,51
10,70,2,986,493047,83
10,70,2,987,493547,71
10,70,2,988,494047,60
10,70,2,989,494547,87
10,70,2,990,495047,59
10,70,2,991,495547,87
10,70,2,992,496047,52
10,70,2,993,496547,72
10,70,2,994,497047,107
10,70,2,995,497547,41
10,70,2,996,498047,85
10,70,2,997,498547,79
10,70,2,998,499047,76
10,70,2,999,499547,79
10,70,2,1000,500047,86
10,70,2,1001,500547,77
10,70,2,1002,501047,87
10,70,2,1003,501547,107
10,70,2,1004,502047,55
10,70,2,1005,502547,71
10,70,2,1006,503047,107
10,70,2,1007,503547,63
10,70,2,1008,504047,93
10,70,2,1009,504547,71
10,70,2,1010,505047,87
10,70,2,1011,505547,59
10,70,2,1012,506047,103
10,70,2,1013,506547,73
10,70,2,1014,507047,69
10,70,2,1015,507547,91
10,70,2,1016,508047,86
10,70,2,1017,508547,71
10,70,2,1018,509047,90
10,70,2,1019,509547,79
10,70,2,1020,510047,98
10,70,2,1021,510547,71
10,70,2,1022,511047,45
10,70,2,1023,511547,76
10,70,2,1024,512047,70
10,70,2,1025,512547,85
10,70,2,1026,513047,73
10,70,2,1027,513547,59
10,70,2,1028,514047,89
10,70,2,1029,514547,73
10,70,2,1030,515047,55
10,70,2,1031,515547,60
10,70,2,1032,516047,53
10,70,2,1033,516547,58
10,70,2,1034,517047,41
10,70,2,1035,517547,79
10,70,2,1036,518048,59
10,70,2,1037,518547,43
10,70,2,1038,519047,61
10,70,2,1039,519547,59
10,70,2,1040,520047,55
10,70,2,1041,520547,36
10,70,2,1042,521047,89
10,70,2,1043,521547,45
10,70,2,1044,522047,47
10,70,2,1045,522547,61
10,70,2,1046,523047,62
10,70,2,1047,523547,62
10,70,2,1048,524047,52
10,70,2,1049,524547,47
10,70,2,1050,525047,75
10,70,2,1051,525547,41
10,70,2,1052,526047,47
10,70,2,1053,526547,71
10,70,2,1054,527047,59
10,70,2,1055,527547,57
10,70,2,1056,528047,47
10,70,2,1057,528547,88
10,70,2,1058,529047,43
10,70,2,1059,529547,60
10,70,2,1060,530047,71
10,70,2,1061,530547,39
10,70,2,1062,531047,101
10,70,2,1063,531547,53
10,70,2,1064,532047,60
10,70,2,1065,532547,91
10,70,2,1066,533047,54
10,70,2,1067,533547,42
10,70,2,1068,534047,87
10,70,2,1069,534547,103
10,70,2,1070,535047,35
10,70,2,1071,535547,69
10,70,2,1072,536048,75
10,70,2,1073,536547,63
10,70,2,1074,537047,68
10,70,2,1075,537547,77
10,70,2,1076,538047,94
10,70,2,1077,538547,59
10,70,2,1078,539047,77
10,70,2,1079,539547,99
10,70,2,1080,540047,68
10,70,2,1081,540547,61
10,70,2,1082,541047,93
10,70,2,1083,541547,71
10,70,2,1084,542047,79
10,70,2,1085,542547,71
10,70,2,1086,543047,83
10,70,2,1087,543547,63
10,70,2,1088,544047,83
10,70,2,1089,544547,85
10,70,2,1090,545047,47
10,70,2,1091,545547,74
10,70,2,1092,546047,81
10,70,2,1093,546547,62
10,70,2,1094,547047,79
10,70,2,1095,547547,73
10,70,2,1096,548047,71
10,70,2,1097,548547,76
10,70,2,1098,549047,89
10,70,2,1099,549547,55
10,70,2,1100,550047,86
10,70,2,1101,550547,59
10,70,2,1102,551047,70
10,70,2,1103,551547,77
10,70,2,1104,552047,30
10,70,2,1105,552547,94
10,70,2,1106,553047,63
10,70,2,1107,553547,38
10,70,2,1108,554047,53
10,70,2,1109,554547,87
10,70,2,1110,555047,37
10,70,2,1111,555547,72
10,70,2,1112,556047,74
10,70,2,1113,556547,63
10,70,2,1114,557047,61
10,70,2,1115,557547,75
10,70,2,1116,558047,61
10,70,2,1117,558547,41
10,70,2,1118,559047,70
10,70,2,1119,559547,62
10,70,2,1120,560047,83
10,70,2,1121,560547,63
10,70,2,1122,561047,83
10,70,2,1123,561547,87
10,70,2,1124,562047,92
10,70,2,1125,562547,62
10,70,2,1126,563047,75
10,70,2,1127,563547,74
10,70,2,1128,564047,98
10,70,2,1129,564547,87
10,70,2,1130,565047,77
10,70,2,1131,565547,71
10,70,2,1132,566047,71
10,70,2,1133,566547,105
10,70,2,1134,567047,78
10,70,2,1135,567547,73
10,70,2,1136,568047,87
10,70,2,1137,568547,83
10,70,2,1138,569047,93
10,70,2,1139,569547,53
10,70,2,1140,570047,99
10,70,2,1141,570547,91
10,70,2,1142,571047,43
10,70,2,1143,571547,108
10,70,2,1144,572047,51
10,70,2,1145,572547,75
10,70,2,1146,573047,57
10,70,2,1147,573547,70
10,70,2,1148,574047,63
10,70,2,1149,574547,83
10,70,2,1150,575047,48
10,70,2,1151,575547,99
10,70,2,1152,576047,59
10,70,2,1153,576547,57
10,70,2,1154,577047,85
10,70,2,1155,577547,72
10,70,2,1156,578047,53
10,70,2,1157,578547,78
10,70,2,1158,579047,55
10,70,2,1159,579547,93
10,70,2,1160,580047,51
10,70,2,1161,580547,69
10,70,2,1162,581047,83
10,70,2,1163,581547,68
10,70,2,1164,582047,46
10,70,2,1165,582547,74
10,70,2,1166,583047,58
10,70,2,1167,583547,54
10,70,2,1168,584047,63
10,70,2,1169,584547,77
10,70,2,1170,585047,75
10,70,2,1171,585547,57
10,70,2,1172,586047,77
10,70,2,1173,586547,99
10,70,2,1174,587047,72
10,70,2,1175,587547,11
10,70,2,1176,588047,104
10,70,2,1177,588547,55
10,70,2,1178,589047,57
10,70,2,1179,589547,61
10,70,2,1180,590047,89
10,70,2,1181,590547,69
10,70,2,1182,591047,37
10,70,2,1183,591548,68
10,70,2,1184,592047,62
10,70,2,1185,592547,55
10,70,2,1186,593047,62
10,70,2,1187,593547,46
10,70,2,1188,594047,105
10,70,2,1189,594547,64
10,70,2,1190,595047,35
10,70,2,1191,595548,71
10,70,2,1192,596047,77
10,70,2,1193,596547,72
10,70,2,1194,597047,59
10,70,2,1195,597547,61
10,70,2,1196,598047,57
10,70,2,1197,598547,123
10,70,2,1198,599047,75
10,70,2,1199,599547,38
10,70,2,1200,600047,85
10,70,2,1201,600547,63
10,70,2,1202,601047,58
10,70,2,1203,601547,53
10,70,2,1204,602047,101
10,70,2,1205,602547,45
10,70,2,1206,603047,54
10,70,2,1207,603547,41
10,70,2,1208,604047,68
10,70,2,1209,604547,79
10,70,2,1210,605047,55
10,70,2,1211,605547,53
10,70,2,1212,606047,85
10,70,2,1213,606547,57
10,70,2,1214,607047,67
10,70,2,1215,607547,61
10,70,2,1216,608047,69
10,70,2,1217,608547,56
10,70,2,1218,609047,93
10,70,2,1219,609547,33
10,70,2,1220,610047,59
10,70,2,1221,610547,71
10,70,2,1222,611047,62
10,70,2,1223,611547,71
10,70,2,1224,612047,72
10,70,2,1225,612547,85
10,70,2,1226,613047,69
10,70,2,1227,613547,75
10,70,2,1228,614047,61
10,70,2,1229,614547,53
10,70,2,1230,615047,86
10,70,2,1231,615547,57
10,70,2,1232,616047,59
10,70,2,1233,616547,79
10,70,2,1234,617047,73
10,70,2,1235,617547,61
10,70,2,1236,618047,63
10,70,2,1237,618547,83
10,70,2,1238,619047,53
10,70,2,1239,619547,67
10,70,2,1240,620047,73
10,70,2,1241,620547,57
10,70,2,1242,621047,107
10,70,2,1243,621547,72
10,70,2,1244,622047,61
10,70,2,1245,622547,72
10,70,2,1246,623047,60
10,70,2,1247,623547,83
10,70,2,1248,624047,43
10,70,2,1249,624547,59
10,70,2,1250,625047,75
10,70,2,1251,625547,71
10,70,2,1252,626047,62
10,70,2,1253,626547,70
10,70,2,1254,627047,63
10,70,2,1255,627547,55
10,70,2,1256,628047,61
10,70,2,1257,628547,53
10,70,2,1258,629047,73
10,70,2,1259,629547,61
10,70,2,1260,630047,69
10,70,2,1261,630547,60
10,70,2,1262,631047,43
10,70,2,1263,631547,85
10,70,2,1264,632047,29
10,70,2,1265,632547,55
10,70,2,1266,633047,69
10,70,2,1267,633547,59
10,70,2,1268,634047,73
10,70,2,1269,634547,44
10,70,2,1270,635047,121
10,70,2,1271,635547,51
10,70,2,1272,636047,84
10,70,2,1273,636547,52
10,70,2,1274,637047,70
10,70,2,1275,637547,77
10,70,2,1276,638047,55
10,70,2,1277,638547,109
10,70,2,1278,639047,41
10,70,2,1279,639547,101
10,70,2,1280,640047,61
10,70,2,1281,640547,59
10,70,2,1282,641047,105
10,70,2,1283,641547,36
10,70,2,1284,642047,60
10,70,2,1285,642547,116
10,70,2,1286,643047,41
10,70,2,1287,643547,60
10,70,2,1288,644047,147
10,70,2,1289,644547,59
10,70,2,1290,645047,83
10,70,2,1291,645547,69
10,70,2,1292,646047,77
10,70,2,1293,646547,71
10,70,2,1294,647047,89
10,70,2,1295,647547,69
10,70,2,1296,648047,53
10,70,2,1297,648547,59
10,70,2,1298,649047,74
10,70,2,1299,649547,77
10,70,2,1300,650047,57
10,70,2,1301,650547,61
10,70,2,1302,651047,61
10,70,2,1303,651547,105
10,70,2,1304,652047,43
10,70,2,1305,652547,93
10,70,2,1306,653047,30
10,70,2,1307,653547,57
10,70,2,1308,654047,99
10,70,2,1309,654547,57
10,70,2,1310,655047,77
10,70,2,1311,655547,87
10,70,2,1312,656047,87
10,70,2,1313,656547,77
10,70,2,1314,657047,85
10,70,2,1315,657547,75
10,70,2,1316,658047,45
10,70,2,1317,658547,100
10,70,2,1318,659047,51
10,70,2,1319,659547,84
10,70,2,1320,660047,73
10,70,2,1321,660547,55
10,70,2,1322,661047,71
10,70,2,1323,661547,58
10,70,2,1324,662047,71
10,70,2,1325,662547,37
10,70,2,1326,663047,55
10,70,2,1327,663547,61
10,70,2,1328,664047,53
10,70,2,1329,664547,56
10,70,2,1330,665047,58
10,70,2,1331,665547,62
10,70,2,1332,666047,56
10,70,2,1333,666547,73
10,70,2,1334,667047,47
10,70,2,1335,667547,57
10,70,2,1336,668047,59
10,70,2,1337,668547,59
10,70,2,1338,669047,68
10,70,2,1339,669547,33
10,70,2,1340,670047,54
10,70,2,1341,670547,75
10,70,2,1342,671047,44
10,70,2,1343,671547,87
10,70,2,1344,672047,40
10,70,2,1345,672547,94
10,70,2,1346,673047,74
10,70,2,1347,673547,60
10,70,2,1348,674047,79
10,70,2,1349,674547,61
10,70,2,1350,675047,81
10,70,2,1351,675547,60
10,70,2,1352,676048,82
10,70,2,1353,676547,84
10,70,2,1354,677047,73
10,70,2,1355,677547,69
10,70,2,1356,678047,71
10,70,2,1357,678547,77
10,70,2,1358,679047,89
10,70,2,1359,679547,73
10,70,2,1360,680047,69
10,70,2,1361,680547,99
10,70,2,1362,681047,72
10,70,2,1363,681547,79
10,70,2,1364,682047,82
10,70,2,1365,682547,101
10,70,2,1366,683047,77
10,70,2,1367,683547,77
10,70,2,1368,684047,106
10,70,2,1369,684547,75
10,70,2,1370,685047,71
10,70,2,1371,685547,79
10,70,2,1372,686047,73
10,70,2,1373,686547,76
10,70,2,1374,687047,61
10,70,2,1375,687547,67
10,70,2,1376,688047,74
10,70,2,1377,688547,67
10,70,2,1378,689047,63
10,70,2,1379,689547,61
10,70,2,1380,690047,61
10,70,2,1381,690547,47
10,70,2,1382,691047,57
10,70,2,1383,691547,75
10,70,2,1384,692047,59
10,70,2,1385,692547,89
10,70,2,1386,693047,55
10,70,2,1387,693547,45
10,70,2,1388,694048,83
10,70,2,1389,694547,64
10,70,2,1390,695047,51
10,70,2,1391,695547,87
10,70,2,1392,696047,39
10,70,2,1393,696547,55
10,70,2,1394,697047,63
10,70,2,1395,697547,53
10,70,2,1396,698047,68
10,70,2,1397,698547,62
10,70,2,1398,699047,51
10,70,2,1399,699547,59
10,70,2,1400,700047,51
10,70,2,1401,700547,35
10,70,2,1402,701047,71
10,70,2,1403,701547,43
10,70,2,1404,702047,59
10,70,2,1405,702547,46
10,70,2,1406,703047,47
10,70,2,1407,703547,53
10,70,2,1408,704047,46
10,70,2,1409,704547,67
10,70,2,1410,705047,83
10,70,2,1411,705547,61
10,70,2,1412,706047,71
10,70,2,1413,706547,41
10,70,2,1414,707047,62
10,70,2,1415,707547,57
10,70,2,1416,708047,55
10,70,2,1417,708547,43
10,70,2,1418,709047,115
10,70,2,1419,709547,69
10,70,2,1420,710047,55
10,70,2,1421,710547,69
10,70,2,1422,711047,92
10,70,2,1423,711547,75
10,70,2,1424,712047,67
10,70,2,1425,712547,80
10,70,2,1426,713047,85
10,70,2,1427,713547,60
10,70,2,1428,714047,69
10,70,2,1429,714547,99
10,70,2,1430,715047,53
10,70,2,1431,715547,57
10,70,2,1432,716047,109
10,70,2,1433,716547,53
10,70,2,1434,717047,71
10,70,2,1435,717547,63
10,70,2,1436,718047,73
10,70,2,1437,718547,57
10,70,2,1438,719047,73
10,70,2,1439,719547,78
10,70,2,1440,720047,75
10,70,2,1441,720547,91
10,70,2,1442,721047,69
10,70,2,1443,721547,71
10,70,2,1444,722047,83
10,70,2,1445,722547,60
10,70,2,1446,723047,103
10,70,2,1447,723547,43
10,70,2,1448,724047,75
10,70,2,1449,724547,71
10,70,2,1450,725047,87
10,70,2,1451,725547,73
10,70,2,1452,726047,90
10,70,2,1453,726547,71
10,70,2,1454,727047,85
10,70,2,1455,727547,53
10,70,2,1456,728047,83
10,70,2,1457,728547,75
10,70,2,1458,729047,85
10,70,2,1459,729547,81
10,70,2,1460,730047,75
10,70,2,1461,730547,103
10,70,2,1462,731047,61
10,70,2,1463,731547,84
10,70,2,1464,732047,57
10,70,2,1465,732547,103
10,70,2,1466,733047,36
10,70,2,1467,733547,90
10,70,2,1468,734047,53
10,70,2,1469,734547,96
10,70,2,1470,735047,72
10,70,2,1471,735547,59
10,70,2,1472,736047,61
10,70,2,1473,736547,103
10,70,2,1474,737047,59
10,70,2,1475,737547,99
10,70,2,1476,738047,47
10,70,2,1477,738547,90
10,70,2,1478,739047,59
10,70,2,1479,739547,77
10,70,2,1480,740047,69
10,70,2,1481,740547,73
10,70,2,1482,741047,69
10,70,2,1483,741547,87
10,70,2,1484,742047,51
10,70,2,1485,742547,56
10,70,2,1486,743047,87
10,70,2,1487,743547,40
10,70,2,1488,744047,62
10,70,2,1489,744547,89
10,70,2,1490,745047,55
10,70,2,1491,745547,51
10,70,2,1492,746047,63
10,70,2,1493,746547,73
10,70,2,1494,747047,36
10,70,2,1495,747547,69
10,70,2,1496,748047,39
10,70,2,1497,748547,68
10,70,2,1498,749047,53
10,70,2,1499,749547,42
10,70,2,1500,750047,58
10,70,2,1501,750547,51
10,70,2,1502,751047,56
10,70,2,1503,751547,69
10,70,2,1504,752047,54
10,70,2,1505,752547,53
10,70,2,1506,753047,85
10,70,2,1507,753547,57
10,70,2,1508,754047,55
10,70,2,1509,754547,56
10,70,2,1510,755047,71
10,70,2,1511,755547,46
10,70,2,1512,756047,87
10,70,2,1513,756547,57
10,70,2,1514,757047,44
10,70,2,1515,757547,77
10,70,2,1516,758047,46
10,70,2,1517,758547,53
10,70,2,1518,759047,59
10,70,2,1519,759547,57
10,70,2,1520,760047,63
10,70,2,1521,760547,45
10,70,2,1522,761047,37
10,70,2,1523,761547,63
10,70,2,1524,762047,47
10,70,2,1525,762547,63
10,70,2,1526,763047,63
10,70,2,1527,763547,36
10,70,2,1528,764047,103
10,70,2,1529,764547,39
10,70,2,1530,765047,56
10,70,2,1531,765547,47
10,70,2,1532,766047,68
10,70,2,1533,766547,61
10,70,2,1534,767047,56
10,70,2,1535,767547,44
10,70,2,1536,768047,76
10,70,2,1537,768547,62
10,70,2,1538,769047,62
10,70,2,1539,769547,63
10,70,2,1540,770047,73
10,70,2,1541,770547,93
10,70,2,1542,771047,67
10,70,2,1543,771547,59
10,70,2,1544,772047,77
10,70,2,1545,772547,85
10,70,2,1546,773047,69
10,70,2,1547,773547,59
10,70,2,1548,774047,78
10,70,2,1549,774547,63
10,70,2,1550,775047,115
10,70,2,1551,775547,67
10,70,2,1552,776047,61
10,70,2,1553,776547,43
10,70,2,1554,777047,76
10,70,2,1555,777547,102
10,70,2,1556,778047,85
10,70,2,1557,778547,81
10,70,2,1558,779047,83
10,70,2,1559,779547,98
10,70,2,1560,780047,55
10,70,2,1561,780547,77
10,70,2,1562,781047,75
10,70,2,1563,781547,63
10,70,2,1564,782047,63
10,70,2,1565,782547,68
10,70,2,1566,783047,61
10,70,2,1567,783547,84
10,70,2,1568,784047,89
10,70,2,1569,784547,47
10,70,2,1570,785047,53
10,70,2,1571,785547,55
10,70,2,1572,786047,75
10,70,2,1573,786547,29
10,70,2,1574,787047,73
10,70,2,1575,787547,63
10,70,2,1576,788047,39
10,70,2,1577,788547,74
10,70,2,1578,789047,45
10,70,2,1579,789547,61
10,70,2,1580,790047,52
10,70,2,1581,790547,47
10,70,2,1582,791047,79
10,70,2,1583,791547,36
10,70,2,1584,792047,51
10,70,2,1585,792547,60
10,70,2,1586,793047,47
10,70,2,1587,793547,43
10,70,2,1588,794047,107
10,70,2,1589,794547,39
10,70,2,1590,795047,29
10,70,2,1591,795547,83
10,70,2,1592,796047,69
10,70,2,1593,796547,44
10,70,2,1594,797047,61
10,70,2,1595,797547,56
10,70,2,1596,798047,89
10,70,2,1597,798547,47
10,70,2,1598,799047,75
10,70,2,1599,799547,57
10,70,2,1600,800047,67
10,70,2,1601,800547,79
10,70,2,1602,801047,52
10,70,2,1603,801547,81
10,70,2,1604,802047,58
10,70,2,1605,802547,83
10,70,2,1606,803047,83
10,70,2,1607,803547,51
10,70,2,1608,804047,79
10,70,2,1609,804547,72
10,70,2,1610,805047,78
10,70,2,1611,805547,69
10,70,2,1612,806047,79
10,70,2,1613,806547,83
10,70,2,1614,807047,86
10,70,2,1615,807547,67
10,70,2,1616,808047,105
10,70,2,1617,808547,114
10,70,2,1618,809047,63
10,70,2,1619,809547,87
10,70,2,1620,810047,87
10,70,2,1621,810547,102
10,70,2,1622,811047,73
10,70,2,1623,811547,77
10,70,2,1624,812047,91
10,70,2,1625,812547,79
10,70,2,1626,813047,115
10,70,2,1627,813547,69
10,70,2,1628,814047,94
10,70,2,1629,814547,92
10,70,2,1630,815047,68
10,70,2,1631,815547,92
10,70,2,1632,816047,75
10,70,2,1633,816547,71
10,70,2,1634,817047,85
10,70,2,1635,817547,83
10,70,2,1636,818047,57
10,70,2,1637,818547,69
10,70,2,1638,819047,90
10,70,2,1639,819547,71
10,70,2,1640,820047,90
10,70,2,1641,820547,53
10,70,2,1642,821047,89
10,70,2,1643,821547,82
10,70,2,1644,822047,83
10,70,2,1645,822547,59
10,70,2,1646,823047,73
10,70,2,1647,823547,74
10,70,2,1648,824047,79
10,70,2,1649,824547,57
10,70,2,1650,825047,70
10,70,2,1651,825547,42
10,70,2,1652,826047,135
10,70,2,1653,826547,45
10,70,2,1654,827047,71
10,70,2,1655,827547,46
10,70,2,1656,828047,76
10,70,2,1657,828547,72
10,70,2,1658,829047,61
10,70,2,1659,829547,70
10,70,2,1660,830047,71
10,70,2,1661,830547,68
10,70,2,1662,831047,56
10,70,2,1663,831547,85
10,70,2,1664,832047,55
10,70,2,1665,832547,71
10,70,2,1666,833047,68
10,70,2,1667,833547,59
10,70,2,1668,834047,67
10,70,2,1669,834547,57
10,70,2,1670,835047,82
10,70,2,1671,835547,62
10,70,2,1672,836047,55
10,70,2,1673,836547,69
10,70,2,1674,837047,55
10,70,2,1675,837547,46
10,70,2,1676,838047,83
10,70,2,1677,838547,62
10,70,2,1678,839047,61
10,70,2,1679,839547,68
10,70,2,1680,840047,72
10,70,2,1681,840547,77
10,70,2,1682,841047,63
10,70,2,1683,841547,55
10,70,2,1684,842047,59
10,70,2,1685,842547,55
10,70,2,1686,843047,71
10,70,2,1687,843547,51
10,70,2,1688,844047,74
10,70,2,1689,844547,63
10,70,2,1690,845047,121
10,70,2,1691,845547,60
10,70,2,1692,846047,71
10,70,2,1693,846547,109
10,70,2,1694,847047,52
10,70,2,1695,847547,85
10,70,2,1696,848047,72
10,70,2,1697,848547,85
10,70,2,1698,849047,73
10,70,2,1699,849547,44
10,70,2,1700,850047,59
10,70,2,1701,850547,69
10,70,2,1702,851047,58
10,70,2,1703,851547,45
10,70,2,1704,852047,59
10,70,2,1705,852547,69
10,70,2,1706,853047,59
10,70,2,1707,853547,57
10,70,2,1708,854047,59
10,70,2,1709,854547,61
10,70,2,1710,855047,77
10,70,2,1711,855547,53
10,70,2,1712,856047,59
10,70,2,1713,856547,47
10,70,2,1714,857047,69
10,70,2,1715,857547,63
10,70,2,1716,858047,54
10,70,2,1717,858547,59
10,70,2,1718,859047,73
10,70,2,1719,859547,43
10,70,2,1720,860047,71
10,70,2,1721,860547,61
10,70,2,1722,861047,59
10,70,2,1723,861547,73
10,70,2,1724,862047,87
10,70,2,1725,862547,57
10,70,2,1726,863047,74
10,70,2,1727,863547,69
10,70,2,1728,864047,103
10,70,2,1729,864547,59
10,70,2,1730,865047,63
10,70,2,1731,865547,73
10,70,2,1732,866047,93
10,70,2,1733,866547,73
10,70,2,1734,867047,87
10,70,2,1735,867547,79
10,70,2,1736,868047,77
10,70,2,1737,868547,84
10,70,2,1738,869047,101
10,70,2,1739,869547,71
10,70,2,1740,870047,85
10,70,2,1741,870547,118
10,70,2,1742,871047,43
10,70,2,1743,871547,82
10,70,2,1744,872047,75
10,70,2,1745,872547,105
10,70,2,1746,873047,55
10,70,2,1747,873547,79
10,70,2,1748,874047,82
10,70,2,1749,874547,84
10,70,2,1750,875047,74
10,70,2,1751,875547,58
10,70,2,1752,876047,57
10,70,2,1753,876547,74
10,70,2,1754,877047,69
10,70,2,1755,877547,53
10,70,2,1756,878047,77
10,70,2,1757,878547,37
10,70,2,1758,879047,93
10,70,2,1759,879547,53
10,70,2,1760,880047,59
10,70,2,1761,880547,47
10,70,2,1762,881047,90
10,70,2,1763,881547,44
10,70,2,1764,882047,58
10,70,2,1765,882547,47
10,70,2,1766,883047,50
10,70,2,1767,883547,91
10,70,2,1768,884047,75
10,70,2,1769,884547,61
10,70,2,1770,885047,44
10,70,2,1771,885547,85
10,70,2,1772,886047,61
10,70,2,1773,886547,71
10,70,2,1774,887047,57
10,70,2,1775,887547,87
10,70,2,1776,888047,44
10,70,2,1777,888547,80
10,70,2,1778,889047,61
10,70,2,1779,889547,76
10,70,2,1780,890047,51
10,70,2,1781,890547,63
10,70,2,1782,891047,69
10,70,2,1783,891547,54
10,70,2,1784,892047,60
10,70,2,1785,892547,51
10,70,2,1786,893047,75
10,70,2,1787,893547,68
10,70,2,1788,894047,73
10,70,2,1789,894547,56
10,70,2,1790,895047,73
10,70,2,1791,895547,87
10,70,2,1792,896047,63
10,70,2,1793,896547,75
10,70,2,1794,897047,61
10,70,2,1795,897547,105
10,70,2,1796,898047,43
10,70,2,1797,898547,75
10,70,2,1798,899047,56
10,70,2,1799,899547,59
10,70,2,1800,900047,91
10,70,2,1801,900547,72
10,70,2,1802,901047,51
10,70,2,1803,901547,83
10,70,2,1804,902047,55
10,70,2,1805,902547,73
10,70,2,1806,903047,53
10,70,2,1807,903547,110
10,70,2,1808,904047,62
10,70,2,1809,904547,59
10,70,2,1810,905047,74
10,70,2,1811,905547,61
10,70,2,1812,906047,73
10,70,2,1813,906547,75
10,70,2,1814,907047,47
10,70,2,1815,907547,79
10,70,2,1816,908047,53
10,70,2,1817,908547,43
10,70,2,1818,909047,63
10,70,2,1819,909547,75
10,70,2,1820,910047,63
10,70,2,1821,910547,55
10,70,2,1822,911047,58
10,70,2,1823,911547,53
10,70,2,1824,912047,67
10,70,2,1825,912547,63
10,70,2,1826,913047,48
10,70,2,1827,913547,87
10,70,2,1828,914047,62
10,70,2,1829,914547,60
10,70,2,1830,915047,59
10,70,2,1831,915547,59
10,70,2,1832,916047,69
10,70,2,1833,916547,53
10,70,2,1834,917047,84
10,70,2,1835,917547,42
10,70,2,1836,918048,86
10,70,2,1837,918547,71
10,70,2,1838,919047,53
10,70,2,1839,919547,71
10,70,2,1840,920047,76
10,70,2,1841,920547,84
10,70,2,1842,921047,69
10,70,2,1843,921547,61
10,70,2,1844,922047,61
10,70,2,1845,922547,55
10,70,2,1846,923047,78
10,70,2,1847,923547,75
10,70,2,1848,924047,55
10,70,2,1849,924547,60
10,70,2,1850,925048,93
10,70,2,1851,925547,48
10,70,2,1852,926047,63
10,70,2,1853,926547,72
10,70,2,1854,927047,69
10,70,2,1855,927547,62
10,70,2,1856,928047,61
10,70,2,1857,928547,59
10,70,2,1858,929047,57
10,70,2,1859,929547,62
10,70,2,1860,930047,47
10,70,2,1861,930547,56
10,70,2,1862,931047,51
10,70,2,1863,931547,75
10,70,2,1864,932047,53
10,70,2,1865,932547,59
10,70,2,1866,933047,59
10,70,2,1867,933547,56
10,70,2,1868,934047,52
10,70,2,1869,934547,72
10,70,2,1870,935047,55
10,70,2,1871,935547,83
10,70,2,1872,936047,59
10,70,2,1873,936547,63
10,70,2,1874,937047,48
10,70,2,1875,937547,93
10,70,2,1876,938047,71
10,70,2,1877,938547,86
10,70,2,1878,939047,71
10,70,2,1879,939547,76
10,70,2,1880,940047,102
10,70,2,1881,940547,53
10,70,2,1882,941047,90
10,70,2,1883,941547,105
10,70,2,1884,942047,53
10,70,2,1885,942547,87
10,70,2,1886,943047,95
10,70,2,1887,943547,60
10,70,2,1888,944047,101
10,70,2,1889,944547,43
10,70,2,1890,945047,63
10,70,2,1891,945547,75
10,70,2,1892,946047,73
10,70,2,1893,946547,56
10,70,2,1894,947047,75
10,70,2,1895,947547,82
10,70,2,1896,948047,95
10,70,2,1897,948547,47
10,70,2,1898,949047,59
10,70,2,1899,949547,56
10,70,2,1900,950047,75
10,70,2,1901,950547,61
10,70,2,1902,951047,56
10,70,2,1903,951547,57
10,70,2,1904,952047,61
10,70,2,1905,952547,61
10,70,2,1906,953047,82
10,70,2,1907,953547,37
10,70,2,1908,954047,59
10,70,2,1909,954547,77
10,70,2,1910,955047,60
10,70,2,1911,955547,23
10,70,2,1912,956047,45
10,70,2,1913,956547,59
10,70,2,1914,957047,43
10,70,2,1915,957547,69
10,70,2,1916,958047,55
10,70,2,1917,958547,71
10,70,2,1918,959047,87
10,70,2,1919,959547,72
10,70,2,1920,960047,84
10,70,2,1921,960547,61
10,70,2,1922,961047,59
10,70,2,1923,961547,79
10,70,2,1924,962047,110
10,70,2,1925,962547,51
10,70,2,1926,963047,103
10,70,2,1927,963547,56
10,70,2,1928,964047,73
10,70,2,1929,964547,73
10,70,2,1930,965047,75
10,70,2,1931,965547,55
10,70,2,1932,966047,98
10,70,2,1933,966547,79
10,70,2,1934,967047,50
10,70,2,1935,967547,55
10,70,2,1936,968047,87
10,70,2,1937,968547,85
10,70,2,1938,969047,57
10,70,2,1939,969547,83
10,70,2,1940,970047,73
10,70,2,1941,970547,61
10,70,2,1942,971047,75
10,70,2,1943,971547,55
10,70,2,1944,972047,71
10,70,2,1945,972547,71
10,70,2,1946,973047,63
10,70,2,1947,973547,86
10,70,2,1948,974047,84
10,70,2,1949,974547,75
10,70,2,1950,975047,91
10,70,2,1951,975547,101
10,70,2,1952,976047,77
10,70,2,1953,976547,73
10,70,2,1954,977047,77
10,70,2,1955,977547,90
10,70,2,1956,978047,69
10,70,2,1957,978547,85
10,70,2,1958,979047,76
10,70,2,1959,979547,85
10,70,2,1960,980047,76
10,70,2,1961,980547,59
10,70,2,1962,981047,89
10,70,2,1963,981547,63
10,70,2,1964,982047,72
10,70,2,1965,982547,90
10,70,2,1966,983047,72
10,70,2,1967,983547,61
10,70,2,1968,984047,89
10,70,2,1969,984547,70
10,70,2,1970,985047,51
10,70,2,1971,985547,77
10,70,2,1972,986047,62
10,70,2,1973,986547,59
10,70,2,1974,987047,69
10,70,2,1975,987547,75
10,70,2,1976,988047,62
10,70,2,1977,988547,52
10,70,2,1978,989047,43
10,70,2,1979,989547,53
10,70,2,1980,990047,63
10,70,2,1981,990547,72
10,70,2,1982,991047,51
10,70,2,1983,991547,69
10,70,2,1984,992047,51
10,70,2,1985,992547,43
10,70,2,1986,993047,52
10,70,2,1987,993547,50
10,70,2,1988,994047,93
10,70,2,1989,994547,27
10,70,2,1990,995047,56
10,70,2,1991,995547,61
10,70,2,1992,996047,77
10,70,2,1993,996547,38
10,70,2,1994,997047,72
10,70,2,1995,997547,30
10,70,2,1996,998047,81
10,70,2,1997,998547,87
10,70,2,1998,999047,27
10,70,2,1999,999547,77
10,70,3,0,48,64
10,70,3,1,547,59
10,70,3,2,1047,70
10,70,3,3,1547,71
10,70,3,4,2047,90
10,70,3,5,2547,27
10,70,3,6,3047,99
10,70,3,7,3547,83
10,70,3,8,4047,57
10,70,3,9,4547,70
10,70,3,10,5047,81
10,70,3,11,5547,73
10,70,3,12,6047,59
10,70,3,13,6547,106
10,70,3,14,7047,53
10,70,3,15,7547,72
10,70,3,16,8047,85
10,70,3,17,8547,61
10,70,3,18,9047,121
10,70,3,19,9547,53
10,70,3,20,10047,98
10,70,3,21,10547,59
10,70,3,22,11047,78
10,70,3,23,11547,75
10,70,3,24,12047,76
10,70,3,25,12547,79
10,70,3,26,13047,59
10,70,3,27,13547,101
10,70,3,28,14047,60
10,70,3,29,14547,59
10,70,3,30,15047,77
10,70,3,31,15547,67
10,70,3,32,16047,47
10,70,3,33,16547,57
10,70,3,34,17047,25
10,70,3,35,17547,63
10,70,3,36,18047,55
10,70,3,37,18547,54
10,70,3,38,19047,59
10,70,3,39,19547,82
10,70,3,40,20047,74
10,70,3,41,20547,42
10,70,3,42,21047,70
10,70,3,43,21547,83
10,70,3,44,22047,57
10,70,3,45,22547,55
10,70,3,46,23047,31
10,70,3,47,23547,117
10,70,3,48,24047,47
10,70,3,49,24547,69
10,70,3,50,25047,59
10,70,3,51,25547,69
10,70,3,52,26047,45
10,70,3,53,26547,69
10,70,3,54,27047,87
10,70,3,55,27547,88
10,70,3,56,28047,21
10,70,3,57,28547,61
10,70,3,58,29047,72
10,70,3,59,29547,91
10,70,3,60,30047,45
10,70,3,61,30547,67
10,70,3,62,31047,74
10,70,3,63,31547,40
10,70,3,64,32047,84
10,70,3,65,32547,46
10,70,3,66,33047,76
10,70,3,67,33547,56
10,70,3,68,34047,81
10,70,3,69,34547,63
10,70,3,70,35047,75
10,70,3,71,35547,79
10,70,3,72,36047,59
10,70,3,73,36547,61
10,70,3,74,37047,86
10,70,3,75,37547,61
10,70,3,76,38047,77
10,70,3,77,38547,45
10,70,3,78,39047,67
10,70,3,79,39547,41
10,70,3,80,40047,87
10,70,3,81,40547,57
10,70,3,82,41047,64
10,70,3,83,41547,79
10,70,3,84,42047,57
10,70,3,85,42547,79
10,70,3,86,43047,75
10,70,3,87,43547,44
10,70,3,88,44047,67
10,70,3,89,44547,71
10,70,3,90,45047,59
10,70,3,91,45547,52
10,70,3,92,46047,64
10,70,3,93,46547,61
10,70,3,94,47047,63
10,70,3,95,47547,77
10,70,3,96,48047,70
10,70,3,97,48547,94
10,70,3,98,49047,59
10,70,3,99,49547,77
10,70,3,100,50047,60
10,70,3,101,50547,100
10,70,3,102,51047,57
10,70,3,103,51547,85
10,70,3,104,52047,57
10,70,3,105,52547,76
10,70,3,106,53047,59
10,70,3,107,53547,101
10,70,3,108,54047,59
10,70,3,109,54547,55
10,70,3,110,55047,83
10,70,3,111,55547,53
10,70,3,112,56047,93
10,70,3,113,56547,56
10,70,3,114,57047,71
10,70,3,115,57547,71
10,70,3,116,58047,53
10,70,3,117,58547,95
10,70,3,118,59047,75
10,70,3,119,59547,59
10,70,3,120,60047,73
10,70,3,121,60547,94
10,70,3,122,61047,72
10,70,3,123,61547,74
10,70,3,124,62047,91
10,70,3,125,62547,39
10,70,3,126,63047,111
10,70,3,127,63547,61
10,70,3,128,64047,71
10,70,3,129,64547,83
10,70,3,130,65047,79
10,70,3,131,65547,99
10,70,3,132,66047,81
10,70,3,133,66547,59
10,70,3,134,67047,93
10,70,3,135,67547,77
10,70,3,136,68047,61
10,70,3,137,68547,75
10,70,3,138,69047,111
10,70,3,139,69547,41
10,70,3,140,70047,71
10,70,3,141,70547,103
10,70,3,142,71047,52
10,70,3,143,71547,51
10,70,3,144,72047,59
10,70,3,145,72547,86
10,70,3,146,73047,77
10,70,3,147,73547,78
10,70,3,148,74047,135
10,70,3,149,74547,55
10,70,3,150,75047,44
10,70,3,151,75547,71
10,70,3,152,76047,75
10,70,3,153,76547,75
10,70,3,154,77047,45
10,70,3,155,77547,74
10,70,3,156,78047,94
10,70,3,157,78547,57
10,70,3,158,79047,44
10,70,3,159,79547,81
10,70,3,160,80047,85
10,70,3,161,80547,57
10,70,3,162,81047,69
10,70,3,163,81547,74
10,70,3,164,82047,37
10,70,3,165,82547,74
10,70,3,166,83047,40
10,70,3,167,83547,67
10,70,3,168,84047,92
10,70,3,169,84547,59
10,70,3,170,85047,47
10,70,3,171,85547,91
10,70,3,172,86047,67
10,70,3,173,86547,43
10,70,3,174,87047,83
10,70,3,175,87547,53
10,70,3,176,88047,61
10,70,3,177,88547,54
10,70,3,178,89047,61
10,70,3,179,89547,63
10,70,3,180,90047,57
10,70,3,181,90547,52
10,70,3,182,91047,76
10,70,3,183,91547,68
10,70,3,184,92047,53
10,70,3,185,92547,55
10,70,3,186,93047,63
10,70,3,187,93547,71
10,70,3,188,94047,63
10,70,3,189,94547,83
10,70,3,190,95047,59
10,70,3,191,95547,51
10,70,3,192,96047,61
10,70,3,193,96547,69
10,70,3,194,97047,20
10,70,3,195,97547,63
10,70,3,196,98047,41
10,70,3,197,98547,73
10,70,3,198,99047,38
10,70,3,199,99547,63
10,70,3,200,100047,53
10,70,3,201,100547,41
10,70,3,202,101047,57
10,70,3,203,101547,77
10,70,3,204,102047,28
10,70,3,205,102547,47
10,70,3,206,103047,52
10,70,3,207,103547,63
10,70,3,208,104047,64
10,70,3,209,104547,60
10,70,3,210,105047,68
10,70,3,211,105547,53
10,70,3,212,106047,68
10,70,3,213,106547,107
10,70,3,214,107047,33
10,70,3,215,107547,110
10,70,3,216,108047,99
10,70,3,217,108547,59
10,70,3,218,109047,64
10,70,3,219,109547,109
10,70,3,220,110047,71
10,70,3,221,110547,69
10,70,3,222,111047,73
10,70,3,223,111547,70
10,70,3,224,112047,77
10,70,3,225,112547,87
10,70,3,226,113047,67
10,70,3,227,113547,71
10,70,3,228,114047,71
10,70,3,229,114547,87
10,70,3,230,115047,59
10,70,3,231,115547,63
10,70,3,232,116047,79
10,70,3,233,116547,69
10,70,3,234,117047,83
10,70,3,235,117547,53
10,70,3,236,118047,73
10,70,3,237,118547,55
10,70,3,238,119047,63
10,70,3,239,119547,62
10,70,3,240,120047,47
10,70,3,241,120547,53
10,70,3,242,121047,81
10,70,3,243,121547,69
10,70,3,244,122047,59
10,70,3,245,122547,55
10,70,3,246,123047,83
10,70,3,247,123547,75
10,70,3,248,124047,39
10,70,3,249,124548,62
10,70,3,250,125047,95
10,70,3,251,125547,55
10,70,3,252,126047,37
10,70,3,253,126547,77
10,70,3,254,127047,57
10,70,3,255,127547,71
10,70,3,256,128047,69
10,70,3,257,128547,61
10,70,3,258,129047,79
10,70,3,259,129547,44
10,70,3,260,130047,46
10,70,3,261,130547,76
10,70,3,262,131047,51
10,70,3,263,131547,84
10,70,3,264,132047,46
10,70,3,265,132547,73
10,70,3,266,133047,55
10,70,3,267,133547,40
10,70,3,268,134047,57
10,70,3,269,134547,53
10,70,3,270,135047,47
10,70,3,271,135547,47
10,70,3,272,136047,57
10,70,3,273,136547,59
10,70,3,274,137047,86
10,70,3,275,137547,41
10,70,3,276,138047,71
10,70,3,277,138547,67
10,70,3,278,139047,93
10,70,3,279,139547,61
10,70,3,280,140047,63
10,70,3,281,140547,87
10,70,3,282,141047,61
10,70,3,283,141547,93
10,70,3,284,142047,70
10,70,3,285,142547,63
10,70,3,286,143047,105
10,70,3,287,143547,104
10,70,3,288,144047,73
10,70,3,289,144547,75
10,70,3,290,145047,102
10,70,3,291,145547,71
10,70,3,292,146047,93
10,70,3,293,146547,63
10,70,3,294,147047,47
10,70,3,295,147547,71
10,70,3,296,148047,87
10,70,3,297,148547,73
10,70,3,298,149047,41
10,70,3,299,149547,76
10,70,3,300,150047,70
10,70,3,301,150547,47
10,70,3,302,151047,43
10,70,3,303,151547,55
10,70,3,304,152047,45
10,70,3,305,152547,48
10,70,3,306,153047,54
10,70,3,307,153547,37
10,70,3,308,154047,77
10,70,3,309,154547,41
10,70,3,310,155047,25
10,70,3,311,155547,89
10,70,3,312,156047,25
10,70,3,313,156547,54
10,70,3,314,157047,55
10,70,3,315,157547,52
10,70,3,316,158047,51
10,70,3,317,158547,52
10,70,3,318,159047,79
10,70,3,319,159547,48
10,70,3,320,160047,62
10,70,3,321,160547,51
10,70,3,322,161047,47
10,70,3,323,161547,99
10,70,3,324,162047,43
10,70,3,325,162547,58
10,70,3,326,163047,51
10,70,3,327,163547,55
10,70,3,328,164047,59
10,70,3,329,164547,55
10,70,3,330,165047,75
10,70,3,331,165547,69
10,70,3,332,166047,82
10,70,3,333,166547,71
10,70,3,334,167047,93
10,70,3,335,167547,27
10,70,3,336,168047,78
10,70,3,337,168547,77
10,70,3,338,169047,88
10,70,3,339,169547,47
10,70,3,340,170047,63
10,70,3,341,170547,87
10,70,3,342,171047,41
10,70,3,343,171547,105
10,70,3,344,172047,43
10,70,3,345,172547,73
10,70,3,346,173047,71
10,70,3,347,173547,79
10,70,3,348,174047,73
10,70,3,349,174547,61
10,70,3,350,175047,75
10,70,3,351,175547,59
10,70,3,352,176047,58
10,70,3,353,176547,73
10,70,3,354,177047,74
10,70,3,355,177547,93
10,70,3,356,178047,77
10,70,3,357,178547,54
10,70,3,358,179047,75
10,70,3,359,179547,99
10,70,3,360,180047,81
10,70,3,361,180547,53
10,70,3,362,181047,85
10,70,3,363,181547,101
10,70,3,364,182047,67
10,70,3,365,182547,75
10,70,3,366,183047,83
10,70,3,367,183547,72
10,70,3,368,184047,73
10,70,3,369,184547,83
10,70,3,370,185047,73
10,70,3,371,185547,44
10,70,3,372,186047,107
10,70,3,373,186547,60
10,70,3,374,187047,47
10,70,3,375,187547,85
10,70,3,376,188047,55
10,70,3,377,188547,69
10,70,3,378,189047,95
10,70,3,379,189547,63
10,70,3,380,190047,57
10,70,3,381,190547,61
10,70,3,382,191047,75
10,70,3,383,191547,73
10,70,3,384,192047,47
10,70,3,385,192547,47
10,70,3,386,193047,71
10,70,3,387,193547,58
10,70,3,388,194047,39
10,70,3,389,194547,93
10,70,3,390,195047,47
10,70,3,391,195547,39
10,70,3,392,196047,76
10,70,3,393,196547,57
10,70,3,394,197047,55
10,70,3,395,197547,42
10,70,3,396,198047,71
10,70,3,397,198547,53
10,70,3,398,199047,61
10,70,3,399,199547,87
10,70,3,400,200047,73
10,70,3,401,200547,23
10,70,3,402,201047,91
10,70,3,403,201547,69
10,70,3,404,202047,45
10,70,3,405,202547,63
10,70,3,406,203047,64
10,70,3,407,203547,69
10,70,3,408,204047,43
10,70,3,409,204547,72
10,70,3,410,205047,61
10,70,3,411,205547,57
10,70,3,412,206047,69
10,70,3,413,206547,73
10,70,3,414,207047,52
10,70,3,415,207547,56
10,70,3,416,208047,95
10,70,3,417,208547,29
10,70,3,418,209047,69
10,70,3,419,209547,73
10,70,3,420,210047,53
10,70,3,421,210547,60
10,70,3,422,211047,69
10,70,3,423,211547,41
10,70,3,424,212047,55
10,70,3,425,212547,51
10,70,3,426,213047,63
10,70,3,427,213547,70
10,70,3,428,214047,53
10,70,3,429,214547,74
10,70,3,430,215047,85
10,70,3,431,215547,42
10,70,3,432,216047,40
10,70,3,433,216547,74
10,70,3,434,217047,77
10,70,3,435,217547,43
10,70,3,436,218047,71
10,70,3,437,218547,43
10,70,3,438,219047,81
10,70,3,439,219547,56
10,70,3,440,220047,53
10,70,3,441,220547,85
10,70,3,442,221047,58
10,70,3,443,221547,40
10,70,3,444,222047,63
10,70,3,445,222547,74
10,70,3,446,223047,71
10,70,3,447,223547,48
10,70,3,448,224047,53
10,70,3,449,224547,91
10,70,3,450,225047,61
10,70,3,451,225547,58
10,70,3,452,226047,79
10,70,3,453,226547,71
10,70,3,454,227047,70
10,70,3,455,227547,62
10,70,3,456,228047,53
10,70,3,457,228547,86
10,70,3,458,229047,57
10,70,3,459,229547,63
10,70,3,460,230047,53
10,70,3,461,230547,83
10,70,3,462,231047,50
10,70,3,463,231547,59
10,70,3,464,232047,58
10,70,3,465,232547,63
10,70,3,466,233047,71
10,70,3,467,233547,59
10,70,3,468,234047,39
10,70,3,469,234547,71
10,70,3,470,235047,61
10,70,3,471,235547,45
10,70,3,472,236047,54
10,70,3,473,236547,40
10,70,3,474,237047,79
10,70,3,475,237547,43
10,70,3,476,238047,71
10,70,3,477,238547,87
10,70,3,478,239047,51
10,70,3,479,239547,103
10,70,3,480,240047,33
10,70,3,481,240547,89
10,70,3,482,241047,75
10,70,3,483,241547,77
10,70,3,484,242047,78
10,70,3,485,242547,79
10,70,3,486,243047,84
10,70,3,487,243547,71
10,70,3,488,244047,103
10,70,3,489,244547,87
10,70,3,490,245047,61
10,70,3,491,245547,101
10,70,3,492,246047,77
10,70,3,493,246547,85
10,70,3,494,247047,69
10,70,3,495,247547,83
10,70,3,496,248047,62
10,70,3,497,248547,107
10,70,3,498,249047,76
10,70,3,499,249547,71
10,70,3,500,250047,72
10,70,3,501,250547,91
10,70,3,502,251047,57
10,70,3,503,251547,56
10,70,3,504,252047,89
10,70,3,505,252547,69
10,70,3,506,253047,41
10,70,3,507,253547,45
10,70,3,508,254047,85
10,70,3,509,254547,61
10,70,3,510,255047,87
10,70,3,511,255547,61
10,70,3,512,256047,59
10,70,3,513,256547,81
10,70,3,514,257047,55
10,70,3,515,257547,53
10,70,3,516,258047,75
10,70,3,517,258547,84
10,70,3,518,259047,69
10,70,3,519,259547,79
10,70,3,520,260047,69
10,70,3,521,260547,83
10,70,3,522,261047,69
10,70,3,523,261547,108
10,70,3,524,262047,75
10,70,3,525,262547,57
10,70,3,526,263047,76
10,70,3,527,263547,77
10,70,3,528,264047,77
10,70,3,529,264547,101
10,70,3,530,265047,73
10,70,3,531,265548,59
10,70,3,532,266047,73
10,70,3,533,266547,93
10,70,3,534,267047,88
10,70,3,535,267547,53
10,70,3,536,268047,79
10,70,3,537,268547,72
10,70,3,538,269047,93
10,70,3,539,269547,75
10,70,3,540,270047,77
10,70,3,541,270547,78
10,70,3,542,271047,77
10,70,3,543,271547,88
10,70,3,544,272047,71
10,70,3,545,272547,59
10,70,3,546,273047,75
10,70,3,547,273547,89
10,70,3,548,274047,69
10,70,3,549,274547,45
10,70,3,550,275047,69
10,70,3,551,275547,76
10,70,3,552,276047,77
10,70,3,553,276547,57
10,70,3,554,277047,59
10,70,3,555,277547,71
10,70,3,556,278047,41
10,70,3,557,278547,41
10,70,3,558,279047,52
10,70,3,559,279547,61
10,70,3,560,280047,23
10,70,3,561,280547,59
10,70,3,562,281047,37
10,70,3,563,281547,57
10,70,3,564,282047,55
10,70,3,565,282547,51
10,70,3,566,283047,59
10,70,3,567,283547,57
10,70,3,568,284047,69
10,70,3,569,284547,55
10,70,3,570,285047,51
10,70,3,571,285547,63
10,70,3,572,286047,77
10,70,3,573,286547,49
10,70,3,574,287047,71
10,70,3,575,287547,59
10,70,3,576,288047,62
10,70,3,577,288547,59
10,70,3,578,289047,59
10,70,3,579,289547,59
10,70,3,580,290047,68
10,70,3,581,290547,79
10,70,3,582,291047,73
10,70,3,583,291547,59
10,70,3,584,292047,89
10,70,3,585,292547,77
10,70,3,586,293047,39
10,70,3,587,293547,52
10,70,3,588,294047,103
10,70,3,589,294547,74
10,70,3,590,295047,63
10,70,3,591,295547,53
10,70,3,592,296047,117
10,70,3,593,296547,46
10,70,3,594,297047,87
10,70,3,595,297547,88
10,70,3,596,298047,89
10,70,3,597,298547,50
10,70,3,598,299047,95
10,70,3,599,299547,57
10,70,3,600,300047,82
10,70,3,601,300547,71
10,70,3,602,301047,107
10,70,3,603,301547,57
10,70,3,604,302047,95
10,70,3,605,302547,62
10,70,3,606,303047,69
10,70,3,607,303547,79
10,70,3,608,304047,68
10,70,3,609,304547,55
10,70,3,610,305047,73
10,70,3,611,305547,51
10,70,3,612,306047,83
10,70,3,613,306547,59
10,70,3,614,307047,44
10,70,3,615,307547,77
10,70,3,616,308047,63
10,70,3,617,308547,63
10,70,3,618,309047,35
10,70,3,619,309547,47
10,70,3,620,310047,83
10,70,3,621,310547,63
10,70,3,622,311047,51
10,70,3,623,311547,71
10,70,3,624,312047,45
10,70,3,625,312547,85
10,70,3,626,313047,52
10,70,3,627,313547,55
10,70,3,628,314047,53
10,70,3,629,314547,86
10,70,3,630,315047,98
10,70,3,631,315547,55
10,70,3,632,316047,94
10,70,3,633,316547,61
10,70,3,634,317047,71
10,70,3,635,317547,55
10,70,3,636,318047,57
10,70,3,637,318547,87
10,70,3,638,319047,51
10,70,3,639,319547,63
10,70,3,640,320047,53
10,70,3,641,320547,60
10,70,3,642,321047,51
10,70,3,643,321547,72
10,70,3,644,322047,58
10,70,3,645,322547,76
10,70,3,646,323047,40
10,70,3,647,323547,58
10,70,3,648,324047,57
10,70,3,649,324547,63
10,70,3,650,325047,45
10,70,3,651,325547,79
10,70,3,652,326047,53
10,70,3,653,326547,56
10,70,3,654,327047,68
10,70,3,655,327547,54
10,70,3,656,328047,73
10,70,3,657,328547,39
10,70,3,658,329047,53
10,70,3,659,329547,71
10,70,3,660,330047,59
10,70,3,661,330547,60
10,70,3,662,331047,59
10,70,3,663,331547,59
10,70,3,664,332047,72
10,70,3,665,332547,53
10,70,3,666,333047,73
10,70,3,667,333547,85
10,70,3,668,334047,61
10,70,3,669,334547,77
10,70,3,670,335047,71
10,70,3,671,335547,75
10,70,3,672,336047,68
10,70,3,673,336547,71
10,70,3,674,337047,78
10,70,3,675,337547,100
10,70,3,676,338047,63
10,70,3,677,338547,85
10,70,3,678,339047,58
10,70,3,679,339547,83
10,70,3,680,340047,71
10,70,3,681,340547,63
10,70,3,682,341047,79
10,70,3,683,341547,59
10,70,3,684,342047,69
10,70,3,685,342547,63
10,70,3,686,343047,55
10,70,3,687,343547,92
10,70,3,688,344047,37
10,70,3,689,344547,110
10,70,3,690,345047,59
10,70,3,691,345547,69
10,70,3,692,346047,83
10,70,3,693,346547,61
10,70,3,694,347047,83
10,70,3,695,347547,42
10,70,3,696,348047,137
10,70,3,697,348547,59
10,70,3,698,349047,23
10,70,3,699,349547,133
10,70,3,700,350047,78
10,70,3,701,350547,69
10,70,3,702,351047,83
10,70,3,703,351547,73
10,70,3,704,352047,128
10,70,3,705,352547,42
10,70,3,706,353047,103
10,70,3,707,353547,83
10,70,3,708,354047,62
10,70,3,709,354547,77
10,70,3,710,355047,95
10,70,3,711,355547,69
10,70,3,712,356047,72
10,70,3,713,356547,85
10,70,3,714,357047,61
10,70,3,715,357547,60
10,70,3,716,358047,87
10,70,3,717,358547,45
10,70,3,718,359047,71
10,70,3,719,359547,69
10,70,3,720,360047,39
10,70,3,721,360547,56
10,70,3,722,361047,45
10,70,3,723,361547,53
10,70,3,724,362047,44
10,70,3,725,362547,87
10,70,3,726,363047,33
10,70,3,727,363547,35
10,70,3,728,364047,99
10,70,3,729,364547,55
10,70,3,730,365047,68
10,70,3,731,365547,81
10,70,3,732,366047,58
10,70,3,733,366547,53
10,70,3,734,367047,79
10,70,3,735,367547,75
10,70,3,736,368047,83
10,70,3,737,368547,53
10,70,3,738,369047,93
10,70,3,739,369547,83
10,70,3,740,370047,47
10,70,3,741,370547,83
10,70,3,742,371047,99
10,70,3,743,371547,81
10,70,3,744,372047,77
10,70,3,745,372547,61
10,70,3,746,373047,89
10,70,3,747,373547,75
10,70,3,748,374047,79
10,70,3,749,374547,85
10,70,3,750,375048,63
10,70,3,751,375547,75
10,70,3,752,376047,85
10,70,3,753,376547,83
10,70,3,754,377047,39
10,70,3,755,377547,63
10,70,3,756,378047,99
10,70,3,757,378547,51
10,70,3,758,379047,91
10,70,3,759,379547,72
10,70,3,760,380047,95
10,70,3,761,380547,55
10,70,3,762,381047,93
10,70,3,763,381547,71
10,70,3,764,382047,81
10,70,3,765,382547,61
10,70,3,766,383047,85
10,70,3,767,383547,75
10,70,3,768,384047,83
10,70,3,769,384547,89
10,70,3,770,385047,61
10,70,3,771,385547,79
10,70,3,772,386047,86
10,70,3,773,386547,80
10,70,3,774,387047,76
10,70,3,775,387547,92
10,70,3,776,388047,78
10,70,3,777,388547,73
10,70,3,778,389047,89
10,70,3,779,389547,69
10,70,3,780,390047,77
10,70,3,781,390547,64
10,70,3,782,391047,76
10,70,3,783,391547,75
10,70,3,784,392047,60
10,70,3,785,392547,73
10,70,3,786,393047,95
10,70,3,787,393547,55
10,70,3,788,394047,75
10,70,3,789,394547,95
10,70,3,790,395047,69
10,70,3,791,395547,44
10,70,3,792,396047,82
10,70,3,793,396547,73
10,70,3,794,397047,57
10,70,3,795,397547,85
10,70,3,796,398047,77
10,70,3,797,398547,54
10,70,3,798,399047,53
10,70,3,799,399547,57
10,70,3,800,400047,68
10,70,3,801,400547,51
10,70,3,802,401047,67
10,70,3,803,401547,57
10,70,3,804,402047,59
10,70,3,805,402547,58
10,70,3,806,403047,79
10,70,3,807,403547,55
10,70,3,808,404047,78
10,70,3,809,404547,51
10,70,3,810,405047,73
10,70,3,811,405547,84
10,70,3,812,406047,39
10,70,3,813,406547,79
10,70,3,814,407047,67
10,70,3,815,407547,43
10,70,3,816,408047,69
10,70,3,817,408547,62
10,70,3,818,409047,59
10,70,3,819,409547,91
10,70,3,820,410047,69
10,70,3,821,410547,45
10,70,3,822,411047,57
10,70,3,823,411547,75
10,70,3,824,412047,73
10,70,3,825,412547,59
10,70,3,826,413047,77
10,70,3,827,413547,63
10,70,3,828,414047,63
10,70,3,829,414547,61
10,70,3,830,415047,53
10,70,3,831,415547,71
10,70,3,832,416047,43
10,70,3,833,416547,91
10,70,3,834,417047,59
10,70,3,835,417547,52
10,70,3,836,418047,75
10,70,3,837,418547,85
10,70,3,838,419047,51
10,70,3,839,419547,59
10,70,3,840,420047,57
10,70,3,841,420547,73
10,70,3,842,421047,41
10,70,3,843,421547,71
10,70,3,844,422047,73
10,70,3,845,422547,56
10,70,3,846,423047,69
10,70,3,847,423547,51
10,70,3,848,424047,70
10,70,3,849,424547,63
10,70,3,850,425047,48
10,70,3,851,425547,63
10,70,3,852,426047,83
10,70,3,853,426547,53
10,70,3,854,427047,57
10,70,3,855,427547,63
10,70,3,856,428047,43
10,70,3,857,428547,89
10,70,3,858,429047,57
10,70,3,859,429547,69
10,70,3,860,430047,71
10,70,3,861,430547,99
10,70,3,862,431047,57
10,70,3,863,431547,83
10,70,3,864,432047,77
10,70,3,865,432547,77
10,70,3,866,433047,85
10,70,3,867,433547,79
10,70,3,868,434047,61
10,70,3,869,434547,83
10,70,3,870,435047,59
10,70,3,871,435547,91
10,70,3,872,436047,62
10,70,3,873,436547,57
10,70,3,874,437047,121
10,70,3,875,437547,73
10,70,3,876,438047,59
10,70,3,877,438547,93
10,70,3,878,439047,101
10,70,3,879,439547,83
10,70,3,880,440047,39
10,70,3,881,440547,79
10,70,3,882,441047,75
10,70,3,883,441547,55
10,70,3,884,442047,94
10,70,3,885,442547,73
10,70,3,886,443047,41
10,70,3,887,443547,82
10,70,3,888,444047,71
10,70,3,889,444547,70
10,70,3,890,445047,43
10,70,3,891,445547,91
10,70,3,892,446047,54
10,70,3,893,446547,41
10,70,3,894,447047,44
10,70,3,895,447547,68
10,70,3,896,448047,69
10,70,3,897,448547,30
10,70,3,898,449047,83
10,70,3,899,449547,39
10,70,3,900,450047,53
10,70,3,901,450547,41
10,70,3,902,451047,33
10,70,3,903,451547,70
10,70,3,904,452047,51
10,70,3,905,452547,63
10,70,3,906,453047,51
10,70,3,907,453547,49
10,70,3,908,454047,35
10,70,3,909,454547,63
10,70,3,910,455047,41
10,70,3,911,455547,59
10,70,3,912,456047,39
10,70,3,913,456547,85
10,70,3,914,457047,13
10,70,3,915,457547,54
10,70,3,916,458047,87
10,70,3,917,458547,34
10,70,3,918,459047,82
10,70,3,919,459547,67
10,70,3,920,460047,83
10,70,3,921,460547,61
10,70,3,922,461047,87
10,70,3,923,461547,83
10,70,3,924,462047,74
10,70,3,925,462547,73
10,70,3,926,463047,78
10,70,3,927,463547,111
10,70,3,928,464047,39
10,70,3,929,464547,93
10,70,3,930,465047,59
10,70,3,931,465547,61
10,70,3,932,466047,69
10,70,3,933,466547,59
10,70,3,934,467047,69
10,70,3,935,467547,47
10,70,3,936,468047,92
10,70,3,937,468547,83
10,70,3,938,469047,45
10,70,3,939,469547,72
10,70,3,940,470047,57
10,70,3,941,470547,93
10,70,3,942,471047,47
10,70,3,943,471547,67
10,70,3,944,472047,87
10,70,3,945,472547,83
10,70,3,946,473047,61
10,70,3,947,473547,77
10,70,3,948,474047,88
10,70,3,949,474547,106
10,70,3,950,475047,79
10,70,3,951,475547,79
10,70,3,952,476047,77
10,70,3,953,476547,87
10,70,3,954,477047,83
10,70,3,955,477547,78
10,70,3,956,478047,91
10,70,3,957,478547,31
10,70,3,958,479047,88
10,70,3,959,479547,89
10,70,3,960,480047,102
10,70,3,961,480547,39
10,70,3,962,481047,79
10,70,3,963,481547,70
10,70,3,964,482047,53
10,70,3,965,482547,67
10,70,3,966,483047,68
10,70,3,967,483547,55
10,70,3,968,484047,69
10,70,3,969,484547,51
10,70,3,970,485047,40
10,70,3,971,485547,104
10,70,3,972,486047,53
10,70,3,973,486547,45
10,70,3,974,487047,70
10,70,3,975,487547,51
10,70,3,976,488047,63
10,70,3,977,488547,63
10,70,3,978,489047,61
10,70,3,979,489547,47
10,70,3,980,490047,52
10,70,3,981,490547,74
10,70,3,982,491047,63
10,70,3,983,491547,47
10,70,3,984,492047,41
10,70,3,985,492547,99
10,70,3,986,493047,47
10,70,3,987,493547,55
10,70,3,988,494047,95
10,70,3,989,494547,69
10,70,3,990,495047,93
10,70,3,991,495547,91
10,70,3,992,496047,86
10,70,3,993,496547,59
10,70,3,994,497047,93
10,70,3,995,497547,88
10,70,3,996,498047,88
10,70,3,997,498547,74
10,70,3,998,499047,85
10,70,3,999,499547,93
10,70,3,1000,500047,69
10,70,3,1001,500547,75
10,70,3,1002,501047,100
10,70,3,1003,501547,91
10,70,3,1004,502047,87
10,70,3,1005,502547,83
10,70,3,1006,503047,92
10,70,3,1007,503547,73
10,70,3,1008,504047,62
10,70,3,1009,504547,105
10,70,3,1010,505047,71
10,70,3,1011,505547,69
10,70,3,1012,506047,78
10,70,3,1013,506547,81
10,70,3,1014,507047,79
10,70,3,1015,507547,79
10,70,3,1016,508047,57
10,70,3,1017,508547,83
10,70,3,1018,509047,71
10,70,3,1019,509547,41
10,70,3,1020,510047,77
10,70,3,1021,510547,83
10,70,3,1022,511047,74
10,70,3,1023,511547,55
10,70,3,1024,512047,53
10,70,3,1025,512547,73
10,70,3,1026,513047,47
10,70,3,1027,513547,58
10,70,3,1028,514047,82
10,70,3,1029,514547,55
10,70,3,1030,515047,79
10,70,3,1031,515547,69
10,70,3,1032,516047,45
10,70,3,1033,516547,71
10,70,3,1034,517047,70
10,70,3,1035,517547,58
10,70,3,1036,518047,52
10,70,3,1037,518547,71
10,70,3,1038,519047,36
10,70,3,1039,519547,30
10,70,3,1040,520047,38
10,70,3,1041,520547,63
10,70,3,1042,521047,40
10,70,3,1043,521547,47
10,70,3,1044,522047,71
10,70,3,1045,522547,43
10,70,3,1046,523047,75
10,70,3,1047,523547,75
10,70,3,1048,524047,45
10,70,3,1049,524547,64
10,70,3,1050,525047,41
10,70,3,1051,525547,72
10,70,3,1052,526047,74
10,70,3,1053,526547,61
10,70,3,1054,527047,71
10,70,3,1055,527547,43
10,70,3,1056,528047,74
10,70,3,1057,528547,108
10,70,3,1058,529047,55
10,70,3,1059,529547,78
10,70,3,1060,530047,75
10,70,3,1061,530547,73
10,70,3,1062,531047,69
10,70,3,1063,531547,90
10,70,3,1064,532047,53
10,70,3,1065,532547,81
10,70,3,1066,533047,69
10,70,3,1067,533547,52
10,70,3,1068,534047,122
10,70,3,1069,534547,44
10,70,3,1070,535047,69
10,70,3,1071,535547,69
10,70,3,1072,536047,75
10,70,3,1073,536547,69
10,70,3,1074,537047,75
10,70,3,1075,537547,51
10,70,3,1076,538047,103
10,70,3,1077,538547,41
10,70,3,1078,539047,37
10,70,3,1079,539547,99
10,70,3,1080,540047,63
10,70,3,1081,540547,57
10,70,3,1082,541047,47
10,70,3,1083,541547,59
10,70,3,1084,542047,85
10,70,3,1085,542547,59
10,70,3,1086,543047,47
10,70,3,1087,543547,75
10,70,3,1088,544047,91
10,70,3,1089,544547,37
10,70,3,1090,545047,60
10,70,3,1091,545547,53
10,70,3,1092,546047,73
10,70,3,1093,546547,71
10,70,3,1094,547047,25
10,70,3,1095,547547,45
10,70,3,1096,548047,73
10,70,3,1097,548547,53
10,70,3,1098,549047,104
10,70,3,1099,549547,57
10,70,3,1100,550047,61
10,70,3,1101,550547,95
10,70,3,1102,551047,73
10,70,3,1103,551547,63
10,70,3,1104,552047,74
10,70,3,1105,552547,52
10,70,3,1106,553047,79
10,70,3,1107,553547,76
10,70,3,1108,554047,71
10,70,3,1109,554547,45
10,70,3,1110,555047,81
10,70,3,1111,555547,53
10,70,3,1112,556047,73
10,70,3,1113,556547,59
10,70,3,1114,557047,83
10,70,3,1115,557547,98
10,70,3,1116,558047,36
10,70,3,1117,558547,83
10,70,3,1118,559047,55
10,70,3,1119,559547,53
10,70,3,1120,560047,53
10,70,3,1121,560547,59
10,70,3,1122,561047,68
10,70,3,1123,561547,43
10,70,3,1124,562047,45
10,70,3,1125,562547,99
10,70,3,1126,563047,30
10,70,3,1127,563547,51
10,70,3,1128,564047,99
10,70,3,1129,564547,41
10,70,3,1130,565047,46
10,70,3,1131,565547,63
10,70,3,1132,566047,55
10,70,3,1133,566547,76
10,70,3,1134,567047,57
10,70,3,1135,567547,41
10,70,3,1136,568047,103
10,70,3,1137,568547,61
10,70,3,1138,569047,59
10,70,3,1139,569547,91
10,70,3,1140,570047,43
10,70,3,1141,570547,92
10,70,3,1142,571047,63
10,70,3,1143,571547,59
10,70,3,1144,572047,111
10,70,3,1145,572547,52
10,70,3,1146,573047,71
10,70,3,1147,573547,93
10,70,3,1148,574047,56
10,70,3,1149,574547,42
10,70,3,1150,575047,108
10,70,3,1151,575547,79
10,70,3,1152,576047,39
10,70,3,1153,576547,94
10,70,3,1154,577047,103
10,70,3,1155,577547,50
10,70,3,1156,578047,89
10,70,3,1157,578547,73
10,70,3,1158,579047,85
10,70,3,1159,579547,68
10,70,3,1160,580047,75
10,70,3,1161,580547,88
10,70,3,1162,581047,91
10,70,3,1163,581547,55
10,70,3,1164,582047,82
10,70,3,1165,582547,105
10,70,3,1166,583047,44
10,70,3,1167,583547,105
10,70,3,1168,584047,103
10,70,3,1169,584547,70
10,70,3,1170,585047,88
10,70,3,1171,585547,91
10,70,3,1172,586047,55
10,70,3,1173,586547,68
10,70,3,1174,587047,77
10,70,3,1175,587547,83
10,70,3,1176,588047,81
10,70,3,1177,588547,55
10,70,3,1178,589047,77
10,70,3,1179,589547,87
10,70,3,1180,590047,76
10,70,3,1181,590547,69
10,70,3,1182,591047,44
10,70,3,1183,591547,89
10,70,3,1184,592047,59
10,70,3,1185,592547,77
10,70,3,1186,593047,73
10,70,3,1187,593547,76
10,70,3,1188,594047,57
10,70,3,1189,594547,87
10,70,3,1190,595047,48
10,70,3,1191,595547,87
10,70,3,1192,596047,59
10,70,3,1193,596547,38
10,70,3,1194,597047,99
10,70,3,1195,597547,53
10,70,3,1196,598047,76
10,70,3,1197,598547,67
10,70,3,1198,599047,85
10,70,3,1199,599547,55
10,70,3,1200,600047,63
10,70,3,1201,600547,63
10,70,3,1202,601047,61
10,70,3,1203,601547,61
10,70,3,1204,602047,61
10,70,3,1205,602547,75
10,70,3,1206,603047,55
10,70,3,1207,603547,59
10,70,3,1208,604047,78
10,70,3,1209,604547,58
10,70,3,1210,605047,59
10,70,3,1211,605547,62
10,70,3,1212,606047,55
10,70,3,1213,606547,62
10,70,3,1214,607047,71
10,70,3,1215,607547,54
10,70,3,1216,608047,59
10,70,3,1217,608547,54
10,70,3,1218,609047,73
10,70,3,1219,609547,71
10,70,3,1220,610047,52
10,70,3,1221,610547,53
10,70,3,1222,611047,69
10,70,3,1223,611547,53
10,70,3,1224,612047,59
10,70,3,1225,612547,61
10,70,3,1226,613047,57
10,70,3,1227,613547,46
10,70,3,1228,614047,48
10,70,3,1229,614547,77
10,70,3,1230,615047,55
10,70,3,1231,615547,53
10,70,3,1232,616047,55
10,70,3,1233,616547,77
10,70,3,1234,617047,73
10,70,3,1235,617547,63
10,70,3,1236,618047,55
10,70,3,1237,618547,55
10,70,3,1238,619047,104
10,70,3,1239,619547,57
10,70,3,1240,620047,74
10,70,3,1241,620547,93
10,70,3,1242,621047,63
10,70,3,1243,621547,77
10,70,3,1244,622047,57
10,70,3,1245,622547,71
10,70,3,1246,623047,91
10,70,3,1247,623547,71
10,70,3,1248,624047,77
10,70,3,1249,624547,75
10,70,3,1250,625047,61
10,70,3,1251,625547,75
10,70,3,1252,626047,99
10,70,3,1253,626547,77
10,70,3,1254,627047,76
10,70,3,1255,627547,75
10,70,3,1256,628047,67
10,70,3,1257,628547,83
10,70,3,1258,629047,78
10,70,3,1259,629547,77
10,70,3,1260,630047,58
10,70,3,1261,630547,75
10,70,3,1262,631047,99
10,70,3,1263,631547,61
10,70,3,1264,632047,64
10,70,3,1265,632547,77
10,70,3,1266,633047,74
10,70,3,1267,633547,79
10,70,3,1268,634047,75
10,70,3,1269,634547,51
10,70,3,1270,635047,83
10,70,3,1271,635547,87
10,70,3,1272,636047,69
10,70,3,1273,636547,61
10,70,3,1274,637047,89
10,70,3,1275,637547,51
10,70,3,1276,638047,83
10,70,3,1277,638547,80
10,70,3,1278,639047,56
10,70,3,1279,639547,69
10,70,3,1280,640047,64
10,70,3,1281,640547,84
10,70,3,1282,641047,75
10,70,3,1283,641547,49
10,70,3,1284,642048,83
10,70,3,1285,642547,79
10,70,3,1286,643047,75
10,70,3,1287,643547,57
10,70,3,1288,644047,94
10,70,3,1289,644547,59
10,70,3,1290,645047,51
10,70,3,1291,645547,55
10,70,3,1292,646047,69
10,70,3,1293,646547,45
10,70,3,1294,647047,57
10,70,3,1295,647547,85
10,70,3,1296,648047,83
10,70,3,1297,648547,26
10,70,3,1298,649047,90
10,70,3,1299,649547,61
10,70,3,1300,650047,45
10,70,3,1301,650547,81
10,70,3,1302,651047,53
10,70,3,1303,651547,72
10,70,3,1304,652047,63
10,70,3,1305,652547,58
10,70,3,1306,653047,67
10,70,3,1307,653547,70
10,70,3,1308,654047,54
10,70,3,1309,654547,61
10,70,3,1310,655047,87
10,70,3,1311,655547,41
10,70,3,1312,656047,55
10,70,3,1313,656547,103
10,70,3,1314,657047,59
10,70,3,1315,657547,62
10,70,3,1316,658047,61
10,70,3,1317,658547,56
10,70,3,1318,659047,89
10,70,3,1319,659547,60
10,70,3,1320,660047,99
10,70,3,1321,660547,45
10,70,3,1322,661047,75
10,70,3,1323,661547,71
10,70,3,1324,662047,77
10,70,3,1325,662547,57
10,70,3,1326,663047,69
10,70,3,1327,663547,103
10,70,3,1328,664047,61
10,70,3,1329,664547,70
10,70,3,1330,665047,79
10,70,3,1331,665547,54
10,70,3,1332,666047,118
10,70,3,1333,666547,42
10,70,3,1334,667047,59
10,70,3,1335,667547,78
10,70,3,1336,668047,43
10,70,3,1337,668547,87
10,70,3,1338,669047,77
10,70,3,1339,669547,56
10,70,3,1340,670047,69
10,70,3,1341,670547,71
10,70,3,1342,671047,55
10,70,3,1343,671547,57
10,70,3,1344,672047,70
10,70,3,1345,672547,67
10,70,3,1346,673047,42
10,70,3,1347,673547,73
10,70,3,1348,674047,77
10,70,3,1349,674547,46
10,70,3,1350,675047,83
10,70,3,1351,675547,61
10,70,3,1352,676047,73
10,70,3,1353,676547,55
10,70,3,1354,677047,87
10,70,3,1355,677547,69
10,70,3,1356,678047,91
10,70,3,1357,678547,56
10,70,3,1358,679047,73
10,70,3,1359,679547,57
10,70,3,1360,680047,83
10,70,3,1361,680547,63
10,70,3,1362,681047,76
10,70,3,1363,681547,86
10,70,3,1364,682047,77
10,70,3,1365,682547,75
10,70,3,1366,683047,83
10,70,3,1367,683547,52
10,70,3,1368,684047,69
10,70,3,1369,684547,83
10,70,3,1370,685047,73
10,70,3,1371,685547,60
10,70,3,1372,686047,87
10,70,3,1373,686547,101
10,70,3,1374,687047,60
10,70,3,1375,687547,70
10,70,3,1376,688047,75
10,70,3,1377,688547,61
10,70,3,1378,689047,47
10,70,3,1379,689547,105
10,70,3,1380,690047,47
10,70,3,1381,690547,61
10,70,3,1382,691047,91
10,70,3,1383,691547,71
10,70,3,1384,692047,75
10,70,3,1385,692547,85
10,70,3,1386,693047,55
10,70,3,1387,693547,55
10,70,3,1388,694047,83
10,70,3,1389,694547,71
10,70,3,1390,695047,57
10,70,3,1391,695547,75
10,70,3,1392,696048,77
10,70,3,1393,696547,71
10,70,3,1394,697047,95
10,70,3,1395,697547,55
10,70,3,1396,698047,83
10,70,3,1397,698547,82
10,70,3,1398,699047,53
10,70,3,1399,699547,72
10,70,3,1400,700047,55
10,70,3,1401,700547,73
10,70,3,1402,701047,111
10,70,3,1403,701547,73
10,70,3,1404,702047,55
10,70,3,1405,702547,52
10,70,3,1406,703047,95
10,70,3,1407,703547,55
10,70,3,1408,704047,41
10,70,3,1409,704547,73
10,70,3,1410,705047,91
10,70,3,1411,705547,75
10,70,3,1412,706047,41
10,70,3,1413,706547,71
10,70,3,1414,707047,73
10,70,3,1415,707547,55
10,70,3,1416,708047,45
10,70,3,1417,708547,51
10,70,3,1418,709047,72
10,70,3,1419,709547,44
10,70,3,1420,710047,57
10,70,3,1421,710547,61
10,70,3,1422,711047,47
10,70,3,1423,711547,60
10,70,3,1424,712047,36
10,70,3,1425,712547,94
10,70,3,1426,713047,45
10,70,3,1427,713547,45
10,70,3,1428,714047,91
10,70,3,1429,714547,77
10,70,3,1430,715047,61
10,70,3,1431,715547,67
10,70,3,1432,716047,47
10,70,3,1433,716547,77
10,70,3,1434,717047,89
10,70,3,1435,717547,41
10,70,3,1436,718047,73
10,70,3,1437,718547,57
10,70,3,1438,719047,63
10,70,3,1439,719547,71
10,70,3,1440,720047,73
10,70,3,1441,720547,67
10,70,3,1442,721047,56
10,70,3,1443,721547,107
10,70,3,1444,722047,46
10,70,3,1445,722547,94
10,70,3,1446,723047,82
10,70,3,1447,723547,67
10,70,3,1448,724047,75
10,70,3,1449,724547,83
10,70,3,1450,725047,47
10,70,3,1451,725547,95
10,70,3,1452,726047,58
10,70,3,1453,726547,52
10,70,3,1454,727048,71
10,70,3,1455,727547,51
10,70,3,1456,728047,79
10,70,3,1457,728547,75
10,70,3,1458,729047,71
10,70,3,1459,729547,72
10,70,3,1460,730047,87
10,70,3,1461,730547,77
10,70,3,1462,731047,62
10,70,3,1463,731547,61
10,70,3,1464,732047,77
10,70,3,1465,732547,51
10,70,3,1466,733047,111
10,70,3,1467,733547,39
10,70,3,1468,734047,69
10,70,3,1469,734547,61
10,70,3,1470,735047,77
10,70,3,1471,735547,71
10,70,3,1472,736047,70
10,70,3,1473,736547,55
10,70,3,1474,737047,61
10,70,3,1475,737547,82
10,70,3,1476,738047,57
10,70,3,1477,738547,37
10,70,3,1478,739047,79
10,70,3,1479,739547,53
10,70,3,1480,740047,61
10,70,3,1481,740547,53
10,70,3,1482,741047,87
10,70,3,1483,741547,55
10,70,3,1484,742047,73
10,70,3,1485,742547,61
10,70,3,1486,743047,68
10,70,3,1487,743547,28
10,70,3,1488,744047,109
10,70,3,1489,744547,71
10,70,3,1490,745047,39
10,70,3,1491,745547,61
10,70,3,1492,746047,76
10,70,3,1493,746547,77
10,70,3,1494,747047,59
10,70,3,1495,747547,61
10,70,3,1496,748047,99
10,70,3,1497,748547,45
10,70,3,1498,749047,68
10,70,3,1499,749547,61
10,70,3,1500,750047,127
10,70,3,1501,750547,41
10,70,3,1502,751047,98
10,70,3,1503,751547,47
10,70,3,1504,752047,63
10,70,3,1505,752547,78
10,70,3,1506,753047,60
10,70,3,1507,753547,53
10,70,3,1508,754047,73
10,70,3,1509,754547,57
10,70,3,1510,755047,59
10,70,3,1511,755547,71
10,70,3,1512,756047,59
10,70,3,1513,756547,103
10,70,3,1514,757047,43
10,70,3,1515,757547,43
10,70,3,1516,758047,70
10,70,3,1517,758547,82
10,70,3,1518,759047,45
10,70,3,1519,759547,71
10,70,3,1520,760047,47
10,70,3,1521,760547,86
10,70,3,1522,761047,77
10,70,3,1523,761547,72
10,70,3,1524,762047,76
10,70,3,1525,762547,77
10,70,3,1526,763047,59
10,70,3,1527,763547,69
10,70,3,1528,764047,83
10,70,3,1529,764547,71
10,70,3,1530,765047,83
10,70,3,1531,765547,84
10,70,3,1532,766047,63
10,70,3,1533,766547,61
10,70,3,1534,767047,73
10,70,3,1535,767547,57
10,70,3,1536,768047,87
10,70,3,1537,768547,55
10,70,3,1538,769047,69
10,70,3,1539,769547,71
10,70,3,1540,770047,63
10,70,3,1541,770547,72
10,70,3,1542,771047,47
10,70,3,1543,771547,48
10,70,3,1544,772047,69
10,70,3,1545,772547,62
10,70,3,1546,773047,69
10,70,3,1547,773547,85
10,70,3,1548,774047,26
10,70,3,1549,774547,69
10,70,3,1550,775047,75
10,70,3,1551,775547,59
10,70,3,1552,776047,50
10,70,3,1553,776547,85
10,70,3,1554,777047,59
10,70,3,1555,777547,98
10,70,3,1556,778047,43
10,70,3,1557,778547,74
10,70,3,1558,779047,59
10,70,3,1559,779547,86
10,70,3,1560,780047,53
10,70,3,1561,780547,45
10,70,3,1562,781047,63
10,70,3,1563,781547,55
10,70,3,1564,782047,114
10,70,3,1565,782547,39
10,70,3,1566,783047,73
10,70,3,1567,783547,67
10,70,3,1568,784047,30
10,70,3,1569,784547,63
10,70,3,1570,785047,90
10,70,3,1571,785547,27
10,70,3,1572,786047,107
10,70,3,1573,786547,37
10,70,3,1574,787047,95
10,70,3,1575,787547,51
10,70,3,1576,788047,89
10,70,3,1577,788547,87
10,70,3,1578,789047,59
10,70,3,1579,789547,60
10,70,3,1580,790047,79
10,70,3,1581,790547,61
10,70,3,1582,791047,73
10,70,3,1583,791547,55
10,70,3,1584,792047,92
10,70,3,1585,792547,76
10,70,3,1586,793047,57
10,70,3,1587,793547,76
10,70,3,1588,794047,101
10,70,3,1589,794547,91
10,70,3,1590,795047,76
10,70,3,1591,795547,63
10,70,3,1592,796047,79
10,70,3,1593,796547,81
10,70,3,1594,797047,98
10,70,3,1595,797547,41
10,70,3,1596,798047,82
10,70,3,1597,798547,69
10,70,3,1598,799047,51
10,70,3,1599,799547,83
10,70,3,1600,800047,60
10,70,3,1601,800547,79
10,70,3,1602,801047,51
10,70,3,1603,801547,77
10,70,3,1604,802047,79
10,70,3,1605,802547,43
10,70,3,1606,803047,71
10,70,3,1607,803547,70
10,70,3,1608,804047,55
10,70,3,1609,804547,70
10,70,3,1610,805047,43
10,70,3,1611,805547,71
10,70,3,1612,806047,69
10,70,3,1613,806547,57
10,70,3,1614,807047,73
10,70,3,1615,807547,75
10,70,3,1616,808047,43
10,70,3,1617,808547,61
10,70,3,1618,809047,61
10,70,3,1619,809547,51
10,70,3,1620,810047,69
10,70,3,1621,810547,89
10,70,3,1622,811047,44
10,70,3,1623,811547,75
10,70,3,1624,812047,60
10,70,3,1625,812547,72
10,70,3,1626,813047,91
10,70,3,1627,813547,47
10,70,3,1628,814047,84
10,70,3,1629,814547,43
10,70,3,1630,815047,95
10,70,3,1631,815547,57
10,70,3,1632,816047,53
10,70,3,1633,816547,76
10,70,3,1634,817047,53
10,70,3,1635,817547,101
10,70,3,1636,818047,46
10,70,3,1637,818547,71
10,70,3,1638,819047,58
10,70,3,1639,819547,37
10,70,3,1640,820047,103
10,70,3,1641,820547,29
10,70,3,1642,821047,93
10,70,3,1643,821547,51
10,70,3,1644,822047,47
10,70,3,1645,822547,61
10,70,3,1646,823047,63
10,70,3,1647,823547,71
10,70,3,1648,824047,51
10,70,3,1649,824547,60
10,70,3,1650,825047,61
10,70,3,1651,825547,43
10,70,3,1652,826047,70
10,70,3,1653,826547,55
10,70,3,1654,827047,85
10,70,3,1655,827547,45
10,70,3,1656,828047,53
10,70,3,1657,828547,90
10,70,3,1658,829047,87
10,70,3,1659,829547,71
10,70,3,1660,830047,19
10,70,3,1661,830547,103
10,70,3,1662,831047,73
10,70,3,1663,831547,57
10,70,3,1664,832047,75
10,70,3,1665,832547,83
10,70,3,1666,833047,103
10,70,3,1667,833547,35
10,70,3,1668,834047,103
10,70,3,1669,834547,81
10,70,3,1670,835047,45
10,70,3,1671,835547,100
10,70,3,1672,836047,93
10,70,3,1673,836547,94
10,70,3,1674,837047,83
10,70,3,1675,837547,105
10,70,3,1676,838047,75
10,70,3,1677,838547,94
10,70,3,1678,839047,68
10,70,3,1679,839547,123
10,70,3,1680,840047,68
10,70,3,1681,840547,107
10,70,3,1682,841047,87
10,70,3,1683,841547,41
10,70,3,1684,842047,141
10,70,3,1685,842547,51
10,70,3,1686,843047,51
10,70,3,1687,843547,88
10,70,3,1688,844047,68
10,70,3,1689,844547,73
10,70,3,1690,845047,63
10,70,3,1691,845547,59
10,70,3,1692,846047,91
10,70,3,1693,846547,31
10,70,3,1694,847047,62
10,70,3,1695,847547,68
10,70,3,1696,848047,52
10,70,3,1697,848547,69
10,70,3,1698,849047,71
10,70,3,1699,849547,17
10,70,3,1700,850047,74
10,70,3,1701,850547,68
10,70,3,1702,851047,83
10,70,3,1703,851547,47
10,70,3,1704,852047,101
10,70,3,1705,852547,57
10,70,3,1706,853047,62
10,70,3,1707,853547,72
10,70,3,1708,854047,99
10,70,3,1709,854547,53
10,70,3,1710,855047,57
10,70,3,1711,855547,63
10,70,3,1712,856047,103
10,70,3,1713,856547,41
10,70,3,1714,857047,61
10,70,3,1715,857547,63
10,70,3,1716,858047,55
10,70,3,1717,858547,125
10,70,3,1718,859047,59
10,70,3,1719,859547,17
10,70,3,1720,860047,94
10,70,3,1721,860547,57
10,70,3,1722,861047,67
10,70,3,1723,861547,76
10,70,3,1724,862047,71
10,70,3,1725,862547,62
10,70,3,1726,863047,79
10,70,3,1727,863547,62
10,70,3,1728,864047,75
10,70,3,1729,864547,51
10,70,3,1730,865047,67
10,70,3,1731,865547,77
10,70,3,1732,866047,93
10,70,3,1733,866547,53
10,70,3,1734,867047,69
10,70,3,1735,867547,69
10,70,3,1736,868047,87
10,70,3,1737,868547,58
10,70,3,1738,869047,63
10,70,3,1739,869547,72
10,70,3,1740,870047,85
10,70,3,1741,870548,37
10,70,3,1742,871047,139
10,70,3,1743,871547,43
10,70,3,1744,872047,71
10,70,3,1745,872547,110
10,70,3,1746,873047,73
10,70,3,1747,873547,55
10,70,3,1748,874047,73
10,70,3,1749,874547,77
10,70,3,1750,875047,79
10,70,3,1751,875547,49
10,70,3,1752,876047,82
10,70,3,1753,876547,70
10,70,3,1754,877047,54
10,70,3,1755,877547,52
10,70,3,1756,878047,72
10,70,3,1757,878547,53
10,70,3,1758,879047,56
10,70,3,1759,879547,63
10,70,3,1760,880047,62
10,70,3,1761,880547,30
10,70,3,1762,881047,80
10,70,3,1763,881547,59
10,70,3,1764,882047,55
10,70,3,1765,882547,69
10,70,3,1766,883047,46
10,70,3,1767,883547,26
10,70,3,1768,884047,81
10,70,3,1769,884547,47
10,70,3,1770,885047,45
10,70,3,1771,885547,69
10,70,3,1772,886047,69
10,70,3,1773,886547,61
10,70,3,1774,887047,77
10,70,3,1775,887547,41
10,70,3,1776,888047,75
10,70,3,1777,888547,47
10,70,3,1778,889047,73
10,70,3,1779,889547,41
10,70,3,1780,890047,93
10,70,3,1781,890547,45
10,70,3,1782,891047,59
10,70,3,1783,891547,103
10,70,3,1784,892047,35
10,70,3,1785,892547,73
10,70,3,1786,893047,57
10,70,3,1787,893547,72
10,70,3,1788,894047,75
10,70,3,1789,894547,51
10,70,3,1790,895047,77
10,70,3,1791,895547,59
10,70,3,1792,896047,59
10,70,3,1793,896547,62
10,70,3,1794,897047,58
10,70,3,1795,897547,61
10,70,3,1796,898047,85
10,70,3,1797,898547,30
10,70,3,1798,899047,70
10,70,3,1799,899547,71
10,70,3,1800,900047,56
10,70,3,1801,900547,87
10,70,3,1802,901047,60
10,70,3,1803,901547,52
10,70,3,1804,902047,44
10,70,3,1805,902547,75
10,70,3,1806,903047,57
10,70,3,1807,903547,56
10,70,3,1808,904047,45
10,70,3,1809,904547,53
10,70,3,1810,905047,55
10,70,3,1811,905547,53
10,70,3,1812,906047,39
10,70,3,1813,906547,58
10,70,3,1814,907047,71
10,70,3,1815,907547,69
10,70,3,1816,908047,51
10,70,3,1817,908547,63
10,70,3,1818,909047,73
10,70,3,1819,909547,44
10,70,3,1820,910047,107
10,70,3,1821,910547,55
10,70,3,1822,911047,57
10,70,3,1823,911547,77
10,70,3,1824,912047,61
10,70,3,1825,912547,71
10,70,3,1826,913047,75
10,70,3,1827,913547,48
10,70,3,1828,914047,91
10,70,3,1829,914547,51
10,70,3,1830,915047,67
10,70,3,1831,915547,59
10,70,3,1832,916047,75
10,70,3,1833,916547,61
10,70,3,1834,917047,47
10,70,3,1835,917547,82
10,70,3,1836,918047,61
10,70,3,1837,918547,61
10,70,3,1838,919047,87
10,70,3,1839,919547,61
10,70,3,1840,920047,74
10,70,3,1841,920547,57
10,70,3,1842,921047,60
10,70,3,1843,921547,71
10,70,3,1844,922047,55
10,70,3,1845,922547,72
10,70,3,1846,923047,56
10,70,3,1847,923547,92
10,70,3,1848,924047,50
10,70,3,1849,924547,83
10,70,3,1850,925047,45
10,70,3,1851,925547,110
10,70,3,1852,926047,73
10,70,3,1853,926547,53
10,70,3,1854,927047,75
10,70,3,1855,927547,75
10,70,3,1856,928047,83
10,70,3,1857,928547,71
10,70,3,1858,929047,82
10,70,3,1859,929547,83
10,70,3,1860,930047,72
10,70,3,1861,930547,75
10,70,3,1862,931047,83
10,70,3,1863,931547,71
10,70,3,1864,932047,78
10,70,3,1865,932547,83
10,70,3,1866,933047,45
10,70,3,1867,933547,87
10,70,3,1868,934047,47
10,70,3,1869,934547,89
10,70,3,1870,935047,69
10,70,3,1871,935547,61
10,70,3,1872,936047,79
10,70,3,1873,936547,51
10,70,3,1874,937047,75
10,70,3,1875,937547,73
10,70,3,1876,938047,57
10,70,3,1877,938547,77
10,70,3,1878,939047,67
10,70,3,1879,939547,85
10,70,3,1880,940047,72
10,70,3,1881,940547,94
10,70,3,1882,941047,89
10,70,3,1883,941547,71
10,70,3,1884,942047,85
10,70,3,1885,942547,94
10,70,3,1886,943047,77
10,70,3,1887,943547,107
10,70,3,1888,944048,105
10,70,3,1889,944547,102
10,70,3,1890,945047,109
10,70,3,1891,945547,69
10,70,3,1892,946047,90
10,70,3,1893,946547,89
10,70,3,1894,947047,79
10,70,3,1895,947547,94
10,70,3,1896,948047,93
10,70,3,1897,948547,75
10,70,3,1898,949047,87
10,70,3,1899,949547,62
10,70,3,1900,950047,103
10,70,3,1901,950547,92
10,70,3,1902,951047,72
10,70,3,1903,951547,83
10,70,3,1904,952047,98
10,70,3,1905,952547,68
10,70,3,1906,953047,99
10,70,3,1907,953547,63
10,70,3,1908,954047,75
10,70,3,1909,954547,106
10,70,3,1910,955047,73
10,70,3,1911,955547,69
10,70,3,1912,956047,82
10,70,3,1913,956547,79
10,70,3,1914,957047,83
10,70,3,1915,957547,88
10,70,3,1916,958047,68
10,70,3,1917,958547,70
10,70,3,1918,959047,69
10,70,3,1919,959547,61
10,70,3,1920,960047,73
10,70,3,1921,960547,73
10,70,3,1922,961047,61
10,70,3,1923,961547,55
10,70,3,1924,962047,47
10,70,3,1925,962547,105
10,70,3,1926,963047,42
10,70,3,1927,963547,68
10,70,3,1928,964047,72
10,70,3,1929,964547,68
10,70,3,1930,965047,44
10,70,3,1931,965547,87
10,70,3,1932,966047,48
10,70,3,1933,966547,73
10,70,3,1934,967047,89
10,70,3,1935,967547,29
10,70,3,1936,968047,79
10,70,3,1937,968547,60
10,70,3,1938,969047,76
10,70,3,1939,969547,59
10,70,3,1940,970047,53
10,70,3,1941,970547,75
10,70,3,1942,971047,59
10,70,3,1943,971547,75
10,70,3,1944,972047,83
10,70,3,1945,972547,61
10,70,3,1946,973047,78
10,70,3,1947,973547,63
10,70,3,1948,974047,77
10,70,3,1949,974547,69
10,70,3,1950,975047,55
10,70,3,1951,975547,45
10,70,3,1952,976047,69
10,70,3,1953,976547,71
10,70,3,1954,977047,43
10,70,3,1955,977547,75
10,70,3,1956,978047,53
10,70,3,1957,978547,69
10,70,3,1958,979047,30
10,70,3,1959,979547,55
10,70,3,1960,980047,71
10,70,3,1961,980547,57
10,70,3,1962,981047,69
10,70,3,1963,981547,33
10,70,3,1964,982047,61
10,70,3,1965,982547,77
10,70,3,1966,983047,33
10,70,3,1967,983547,71
10,70,3,1968,984047,61
10,70,3,1969,984547,57
10,70,3,1970,985047,53
10,70,3,1971,985547,62
10,70,3,1972,986047,58
10,70,3,1973,986547,58
10,70,3,1974,987047,59
10,70,3,1975,987547,75
10,70,3,1976,988047,45
10,70,3,1977,988547,56
10,70,3,1978,989047,59
10,70,3,1979,989547,43
10,70,3,1980,990047,44
10,70,3,1981,990547,78
10,70,3,1982,991047,75
10,70,3,1983,991547,67
10,70,3,1984,992047,85
10,70,3,1985,992547,54
10,70,3,1986,993047,79
10,70,3,1987,993547,69
10,70,3,1988,994047,70
10,70,3,1989,994547,71
10,70,3,1990,995047,84
10,70,3,1991,995547,71
10,70,3,1992,996047,51
10,70,3,1993,996547,91
10,70,3,1994,997047,75
10,70,3,1995,997547,71
10,70,3,1996,998047,73
10,70,3,1997,998547,101
10,70,3,1998,999047,55
10,70,3,1999,999547,91
10,70,4,0,48,61
10,70,4,1,547,45
10,70,4,2,1047,56
10,70,4,3,1547,63
10,70,4,4,2047,55
10,70,4,5,2547,60
10,70,4,6,3047,61
10,70,4,7,3547,41
10,70,4,8,4047,101
10,70,4,9,4547,45
10,70,4,10,5047,38
10,70,4,11,5547,62
10,70,4,12,6047,25
10,70,4,13,6547,59
10,70,4,14,7047,56
10,70,4,15,7547,67
10,70,4,16,8047,59
10,70,4,17,8547,53
10,70,4,18,9047,98
10,70,4,19,9547,51
10,70,4,20,10047,47
10,70,4,21,10547,90
10,70,4,22,11047,73
10,70,4,23,11547,53
10,70,4,24,12047,39
10,70,4,25,12547,69
10,70,4,26,13047,79
10,70,4,27,13547,52
10,70,4,28,14047,37
10,70,4,29,14547,72
10,70,4,30,15047,56
10,70,4,31,15547,56
10,70,4,32,16047,62
10,70,4,33,16547,89
10,70,4,34,17047,47
10,70,4,35,17547,46
10,70,4,36,18047,78
10,70,4,37,18547,88
10,70,4,38,19047,40
10,70,4,39,19547,77
10,70,4,40,20047,72
10,70,4,41,20547,53
10,70,4,42,21047,71
10,70,4,43,21547,57
10,70,4,44,22047,46
10,70,4,45,22547,63
10,70,4,46,23047,47
10,70,4,47,23547,45
10,70,4,48,24047,106
10,70,4,49,24547,51
10,70,4,50,25047,51
10,70,4,51,25547,57
10,70,4,52,26047,62
10,70,4,53,26547,40
10,70,4,54,27047,47
10,70,4,55,27547,63
10,70,4,56,28047,43
10,70,4,57,28547,67
10,70,4,58,29047,47
10,70,4,59,29547,45
10,70,4,60,30047,52
10,70,4,61,30548,52
10,70,4,62,31047,74
10,70,4,63,31547,57
10,70,4,64,32047,23
10,70,4,65,32547,59
10,70,4,66,33047,26
10,70,4,67,33547,47
10,70,4,68,34047,43
10,70,4,69,34547,48
10,70,4,70,35047,39
10,70,4,71,35547,75
10,70,4,72,36047,40
10,70,4,73,36547,33
10,70,4,74,37047,81
10,70,4,75,37547,77
10,70,4,76,38047,57
10,70,4,77,38547,75
10,70,4,78,39047,57
10,70,4,79,39547,61
10,70,4,80,40047,71
10,70,4,81,40547,85
10,70,4,82,41047,72
10,70,4,83,41547,69
10,70,4,84,42047,61
10,70,4,85,42547,104
10,70,4,86,43047,87
10,70,4,87,43547,83
10,70,4,88,44047,95
10,70,4,89,44547,92
10,70,4,90,45047,98
10,70,4,91,45547,72
10,70,4,92,46047,91
10,70,4,93,46547,105
10,70,4,94,47047,92
10,70,4,95,47547,47
10,70,4,96,48047,107
10,70,4,97,48547,85
10,70,4,98,49047,92
10,70,4,99,49547,83
10,70,4,100,50047,87
10,70,4,101,50547,83
10,70,4,102,51047,83
10,70,4,103,51547,106
10,70,4,104,52047,101
10,70,4,105,52547,91
10,70,4,106,53047,85
10,70,4,107,53547,87
10,70,4,108,54047,69
10,70,4,109,54547,95
10,70,4,110,55047,74
10,70,4,111,55547,30
10,70,4,112,56047,76
10,70,4,113,56547,89
10,70,4,114,57047,56
10,70,4,115,57547,67
10,70,4,116,58047,87
10,70,4,117,58547,73
10,70,4,118,59047,59
10,70,4,119,59547,63
10,70,4,120,60047,63
10,70,4,121,60547,61
10,70,4,122,61047,64
10,70,4,123,61547,69
10,70,4,124,62047,91
10,70,4,125,62547,53
10,70,4,126,63047,73
10,70,4,127,63547,59
10,70,4,128,64047,79
10,70,4,129,64547,74
10,70,4,130,65047,53
10,70,4,131,65547,63
10,70,4,132,66047,72
10,70,4,133,66547,62
10,70,4,134,67047,73
10,70,4,135,67547,59
10,70,4,136,68047,69
10,70,4,137,68547,61
10,70,4,138,69047,47
10,70,4,139,69547,92
10,70,4,140,70047,88
10,70,4,141,70547,71
10,70,4,142,71047,26
10,70,4,143,71547,53
10,70,4,144,72047,75
10,70,4,145,72547,41
10,70,4,146,73047,69
10,70,4,147,73547,71
10,70,4,148,74047,47
10,70,4,149,74547,85
10,70,4,150,75047,45
10,70,4,151,75547,71
10,70,4,152,76047,57
10,70,4,153,76547,79
10,70,4,154,77047,62
10,70,4,155,77547,40
10,70,4,156,78047,77
10,70,4,157,78547,90
10,70,4,158,79047,41
10,70,4,159,79547,79
10,70,4,160,80047,55
10,70,4,161,80547,85
10,70,4,162,81047,43
10,70,4,163,81547,74
10,70,4,164,82047,63
10,70,4,165,82547,69
10,70,4,166,83047,75
10,70,4,167,83547,41
10,70,4,168,84047,83
10,70,4,169,84547,68
10,70,4,170,85047,71
10,70,4,171,85547,84
10,70,4,172,86047,59
10,70,4,173,86547,85
10,70,4,174,87047,53
10,70,4,175,87547,87
10,70,4,176,88047,74
10,70,4,177,88547,58
10,70,4,178,89047,73
10,70,4,179,89547,61
10,70,4,180,90047,87
10,70,4,181,90548,46
10,70,4,182,91047,82
10,70,4,183,91547,61
10,70,4,184,92047,63
10,70,4,185,92547,57
10,70,4,186,93047,90
10,70,4,187,93547,61
10,70,4,188,94047,41
10,70,4,189,94547,109
10,70,4,190,95047,36
10,70,4,191,95547,83
10,70,4,192,96047,109
10,70,4,193,96547,53
10,70,4,194,97047,57
10,70,4,195,97547,116
10,70,4,196,98047,71
10,70,4,197,98547,74
10,70,4,198,99047,100
10,70,4,199,99547,61
10,70,4,200,100047,77
10,70,4,201,100547,100
10,70,4,202,101047,76
10,70,4,203,101547,71
10,70,4,204,102047,55
10,70,4,205,102547,87
10,70,4,206,103047,73
10,70,4,207,103547,52
10,70,4,208,104047,85
10,70,4,209,104547,69
10,70,4,210,105047,69
10,70,4,211,105547,77
10,70,4,212,106047,53
10,70,4,213,106547,73
10,70,4,214,107047,63
10,70,4,215,107547,63
10,70,4,216,108047,53
10,70,4,217,108547,53
10,70,4,218,109047,43
10,70,4,219,109547,71
10,70,4,220,110047,29
10,70,4,221,110547,39
10,70,4,222,111047,47
10,70,4,223,111547,23
10,70,4,224,112047,57
10,70,4,225,112547,14
10,70,4,226,113047,43
10,70,4,227,113547,47
10,70,4,228,114047,31
10,70,4,229,114547,63
10,70,4,230,115047,59
10,70,4,231,115547,9
10,70,4,232,116047,68
10,70,4,233,116547,39
10,70,4,234,117047,45
10,70,4,235,117547,69
10,70,4,236,118047,45
10,70,4,237,118547,69
10,70,4,238,119047,87
10,70,4,239,119547,54
10,70,4,240,120047,87
10,70,4,241,120547,47
10,70,4,242,121047,107
10,70,4,243,121547,77
10,70,4,244,122047,51
10,70,4,245,122547,98
10,70,4,246,123047,61
10,70,4,247,123547,99
10,70,4,248,124047,95
10,70,4,249,124547,30
10,70,4,250,125047,61
10,70,4,251,125547,93
10,70,4,252,126047,100
10,70,4,253,126547,73
10,70,4,254,127047,58
10,70,4,255,127547,99
10,70,4,256,128047,79
10,70,4,257,128547,85
10,70,4,258,129047,83
10,70,4,259,129547,103
10,70,4,260,130047,58
10,70,4,261,130547,72
10,70,4,262,131047,99
10,70,4,263,131547,67
10,70,4,264,132047,93
10,70,4,265,132547,84
10,70,4,266,133047,78
10,70,4,267,133547,69
10,70,4,268,134047,72
10,70,4,269,134547,87
10,70,4,270,135047,77
10,70,4,271,135547,75
10,70,4,272,136047,107
10,70,4,273,136547,69
10,70,4,274,137047,99
10,70,4,275,137547,58
10,70,4,276,138047,97
10,70,4,277,138547,69
10,70,4,278,139047,55
10,70,4,279,139547,91
10,70,4,280,140047,64
10,70,4,281,140547,62
10,70,4,282,141047,71
10,70,4,283,141547,61
10,70,4,284,142047,73
10,70,4,285,142547,53
10,70,4,286,143047,57
10,70,4,287,143547,69
10,70,4,288,144047,55
10,70,4,289,144547,61
10,70,4,290,145047,61
10,70,4,291,145547,56
10,70,4,292,146047,57
10,70,4,293,146547,72
10,70,4,294,147047,46
10,70,4,295,147547,63
10,70,4,296,148047,41
10,70,4,297,148547,41
10,70,4,298,149047,71
10,70,4,299,149547,31
10,70,4,300,150047,42
10,70,4,301,150547,45
10,70,4,302,151047,55
10,70,4,303,151547,39
10,70,4,304,152047,45
10,70,4,305,152547,45
10,70,4,306,153047,41
10,70,4,307,153547,34
10,70,4,308,154047,43
10,70,4,309,154547,55
10,70,4,310,155047,53
10,70,4,311,155547,45
10,70,4,312,156047,67
10,70,4,313,156547,67
10,70,4,314,157047,70
10,70,4,315,157547,45
10,70,4,316,158047,73
10,70,4,317,158547,69
10,70,4,318,159047,84
10,70,4,319,159547,57
10,70,4,320,160047,70
10,70,4,321,160547,76
10,70,4,322,161047,78
10,70,4,323,161547,68
10,70,4,324,162047,86
10,70,4,325,162547,101
10,70,4,326,163047,71
10,70,4,327,163547,60
10,70,4,328,164047,85
10,70,4,329,164547,101
10,70,4,330,165047,95
10,70,4,331,165547,68
10,70,4,332,166047,109
10,70,4,333,166547,81
10,70,4,334,167047,115
10,70,4,335,167547,94
10,70,4,336,168047,87
10,70,4,337,168547,83
10,70,4,338,169047,74
10,70,4,339,169547,109
10,70,4,340,170047,103
10,70,4,341,170547,87
10,70,4,342,171047,100
10,70,4,343,171547,88
10,70,4,344,172047,61
10,70,4,345,172547,77
10,70,4,346,173047,83
10,70,4,347,173547,71
10,70,4,348,174047,93
10,70,4,349,174547,54
10,70,4,350,175047,83
10,70,4,351,175547,83
10,70,4,352,176047,47
10,70,4,353,176547,99
10,70,4,354,177047,55
10,70,4,355,177547,77
10,70,4,356,178047,53
10,70,4,357,178547,52
10,70,4,358,179047,58
10,70,4,359,179547,62
10,70,4,360,180047,31
10,70,4,361,180547,95
10,70,4,362,181047,41
10,70,4,363,181547,27
10,70,4,364,182047,31
10,70,4,365,182547,53
10,70,4,366,183047,103
10,70,4,367,183547,37
10,70,4,368,184047,63
10,70,4,369,184547,26
10,70,4,370,185047,87
10,70,4,371,185547,47
10,70,4,372,186047,70
10,70,4,373,186547,73
10,70,4,374,187047,69
10,70,4,375,187547,51
10,70,4,376,188047,62
10,70,4,377,188547,83
10,70,4,378,189047,37
10,70,4,379,189547,99
10,70,4,380,190047,55
10,70,4,381,190547,62
10,70,4,382,191047,61
10,70,4,383,191547,54
10,70,4,384,192047,72
10,70,4,385,192547,61
10,70,4,386,193047,63
10,70,4,387,193547,59
10,70,4,388,194047,43
10,70,4,389,194547,91
10,70,4,390,195047,53
10,70,4,391,195547,71
10,70,4,392,196047,72
10,70,4,393,196547,59
10,70,4,394,197047,59
10,70,4,395,197547,103
10,70,4,396,198047,43
10,70,4,397,198547,73
10,70,4,398,199047,87
10,70,4,399,199547,45
10,70,4,400,200047,69
10,70,4,401,200547,101
10,70,4,402,201047,38
10,70,4,403,201547,91
10,70,4,404,202047,73
10,70,4,405,202547,59
10,70,4,406,203047,89
10,70,4,407,203547,99
10,70,4,408,204047,45
10,70,4,409,204547,109
10,70,4,410,205047,28
10,70,4,411,205547,93
10,70,4,412,206047,78
10,70,4,413,206547,73
10,70,4,414,207047,135
10,70,4,415,207547,47
10,70,4,416,208047,90
10,70,4,417,208547,77
10,70,4,418,209047,85
10,70,4,419,209547,53
10,70,4,420,210047,116
10,70,4,421,210547,62
10,70,4,422,211047,77
10,70,4,423,211547,76
10,70,4,424,212047,72
10,70,4,425,212547,102
10,70,4,426,213047,57
10,70,4,427,213547,71
10,70,4,428,214047,76
10,70,4,429,214547,59
10,70,4,430,215047,63
10,70,4,431,215547,63
10,70,4,432,216047,63
10,70,4,433,216547,62
10,70,4,434,217047,61
10,70,4,435,217547,48
10,70,4,436,218047,69
10,70,4,437,218547,69
10,70,4,438,219047,57
10,70,4,439,219547,81
10,70,4,440,220047,59
10,70,4,441,220547,61
10,70,4,442,221047,53
10,70,4,443,221547,33
10,70,4,444,222047,75
10,70,4,445,222547,57
10,70,4,446,223047,45
10,70,4,447,223547,60
10,70,4,448,224047,85
10,70,4,449,224547,53
10,70,4,450,225047,61
10,70,4,451,225547,105
10,70,4,452,226047,60
10,70,4,453,226547,77
10,70,4,454,227047,56
10,70,4,455,227547,69
10,70,4,456,228047,53
10,70,4,457,228547,87
10,70,4,458,229047,71
10,70,4,459,229547,57
10,70,4,460,230047,60
10,70,4,461,230547,69
10,70,4,462,231047,59
10,70,4,463,231547,78
10,70,4,464,232047,71
10,70,4,465,232547,55
10,70,4,466,233047,56
10,70,4,467,233547,67
10,70,4,468,234047,71
10,70,4,469,234547,76
10,70,4,470,235047,55
10,70,4,471,235547,68
10,70,4,472,236047,57
10,70,4,473,236547,73
10,70,4,474,237047,61
10,70,4,475,237547,90
10,70,4,476,238047,61
10,70,4,477,238547,61
10,70,4,478,239047,95
10,70,4,479,239547,57
10,70,4,480,240047,91
10,70,4,481,240547,82
10,70,4,482,241047,37
10,70,4,483,241547,83
10,70,4,484,242047,85
10,70,4,485,242547,48
10,70,4,486,243047,57
10,70,4,487,243547,69
10,70,4,488,244047,62
10,70,4,489,244547,92
10,70,4,490,245047,47
10,70,4,491,245547,89
10,70,4,492,246048,69
10,70,4,493,246547,91
10,70,4,494,247047,61
10,70,4,495,247547,46
10,70,4,496,248047,79
10,70,4,497,248547,39
10,70,4,498,249047,75
10,70,4,499,249547,137
10,70,4,500,250047,56
10,70,4,501,250547,43
10,70,4,502,251047,81
10,70,4,503,251547,74
10,70,4,504,252047,75
10,70,4,505,252547,57
10,70,4,506,253047,84
10,70,4,507,253547,79
10,70,4,508,254047,63
10,70,4,509,254547,79
10,70,4,510,255047,69
10,70,4,511,255547,84
10,70,4,512,256047,74
10,70,4,513,256547,77
10,70,4,514,257047,37
10,70,4,515,257547,85
10,70,4,516,258047,69
10,70,4,517,258547,56
10,70,4,518,259047,57
10,70,4,519,259547,74
10,70,4,520,260047,69
10,70,4,521,260547,47
10,70,4,522,261047,61
10,70,4,523,261547,52
10,70,4,524,262047,61
10,70,4,525,262547,56
10,70,4,526,263047,76
10,70,4,527,263547,74
10,70,4,528,264047,69
10,70,4,529,264547,79
10,70,4,530,265047,77
10,70,4,531,265547,83
10,70,4,532,266047,61
10,70,4,533,266547,79
10,70,4,534,267047,79
10,70,4,535,267547,85
10,70,4,536,268047,71
10,70,4,537,268547,48
10,70,4,538,269047,91
10,70,4,539,269547,57
10,70,4,540,270047,55
10,70,4,541,270547,77
10,70,4,542,271047,67
10,70,4,543,271547,61
10,70,4,544,272047,63
10,70,4,545,272547,85
10,70,4,546,273047,41
10,70,4,547,273547,58
10,70,4,548,274047,43
10,70,4,549,274547,74
10,70,4,550,275047,55
10,70,4,551,275547,39
10,70,4,552,276047,41
10,70,4,553,276547,79
10,70,4,554,277047,55
10,70,4,555,277547,62
10,70,4,556,278047,54
10,70,4,557,278547,31
10,70,4,558,279047,73
10,70,4,559,279547,43
10,70,4,560,280047,79
10,70,4,561,280547,31
10,70,4,562,281047,44
10,70,4,563,281547,77
10,70,4,564,282047,45
10,70,4,565,282547,39
10,70,4,566,283047,57
10,70,4,567,283547,87
10,70,4,568,284047,53
10,70,4,569,284547,41
10,70,4,570,285047,79
10,70,4,571,285547,43
10,70,4,572,286047,59
10,70,4,573,286547,71
10,70,4,574,287047,75
10,70,4,575,287547,77
10,70,4,576,288047,69
10,70,4,577,288547,90
10,70,4,578,289047,81
10,70,4,579,289547,24
10,70,4,580,290047,121
10,70,4,581,290547,70
10,70,4,582,291047,91
10,70,4,583,291547,59
10,70,4,584,292047,63
10,70,4,585,292547,75
10,70,4,586,293047,95
10,70,4,587,293547,85
10,70,4,588,294047,73
10,70,4,589,294547,71
10,70,4,590,295047,94
10,70,4,591,295547,63
10,70,4,592,296047,88
10,70,4,593,296547,67
10,70,4,594,297047,79
10,70,4,595,297547,75
10,70,4,596,298047,71
10,70,4,597,298547,83
10,70,4,598,299047,63
10,70,4,599,299547,60
10,70,4,600,300047,70
10,70,4,601,300547,69
10,70,4,602,301047,56
10,70,4,603,301547,70
10,70,4,604,302047,71
10,70,4,605,302547,61
10,70,4,606,303047,71
10,70,4,607,303547,59
10,70,4,608,304047,78
10,70,4,609,304547,73
10,70,4,610,305047,59
10,70,4,611,305547,59
10,70,4,612,306047,77
10,70,4,613,306547,73
10,70,4,614,307047,57
10,70,4,615,307547,73
10,70,4,616,308047,74
10,70,4,617,308547,87
10,70,4,618,309047,46
10,70,4,619,309547,73
10,70,4,620,310047,51
10,70,4,621,310547,73
10,70,4,622,311047,57
10,70,4,623,311547,76
10,70,4,624,312047,44
10,70,4,625,312547,61
10,70,4,626,313047,43
10,70,4,627,313547,69
10,70,4,628,314047,61
10,70,4,629,314547,59
10,70,4,630,315047,50
10,70,4,631,315547,68
10,70,4,632,316047,69
10,70,4,633,316547,72
10,70,4,634,317047,61
10,70,4,635,317547,66
10,70,4,636,318047,56
10,70,4,637,318547,59
10,70,4,638,319047,75
10,70,4,639,319547,73
10,70,4,640,320047,55
10,70,4,641,320547,69
10,70,4,642,321047,77
10,70,4,643,321547,40
10,70,4,644,322047,60
10,70,4,645,322547,67
10,70,4,646,323047,76
10,70,4,647,323547,69
10,70,4,648,324047,56
10,70,4,649,324547,67
10,70,4,650,325047,57
10,70,4,651,325547,63
10,70,4,652,326047,63
10,70,4,653,326547,63
10,70,4,654,327047,91
10,70,4,655,327547,43
10,70,4,656,328047,71
10,70,4,657,328547,69
10,70,4,658,329047,73
10,70,4,659,329547,31
10,70,4,660,330047,67
10,70,4,661,330547,103
10,70,4,662,331047,41
10,70,4,663,331547,61
10,70,4,664,332047,55
10,70,4,665,332547,74
10,70,4,666,333047,69
10,70,4,667,333547,71
10,70,4,668,334047,76
10,70,4,669,334547,85
10,70,4,670,335047,57
10,70,4,671,335547,117
10,70,4,672,336047,55
10,70,4,673,336547,81
10,70,4,674,337047,72
10,70,4,675,337547,99
10,70,4,676,338047,74
10,70,4,677,338547,57
10,70,4,678,339047,89
10,70,4,679,339547,85
10,70,4,680,340047,56
10,70,4,681,340547,77
10,70,4,682,341047,71
10,70,4,683,341547,79
10,70,4,684,342047,81
10,70,4,685,342547,51
10,70,4,686,343047,87
10,70,4,687,343547,70
10,70,4,688,344047,69
10,70,4,689,344547,71
10,70,4,690,345047,61
10,70,4,691,345547,105
10,70,4,692,346047,55
10,70,4,693,346547,91
10,70,4,694,347047,79
10,70,4,695,347547,71
10,70,4,696,348047,84
10,70,4,697,348547,94
10,70,4,698,349047,81
10,70,4,699,349547,93
10,70,4,700,350047,109
10,70,4,701,350547,69
10,70,4,702,351047,73
10,70,4,703,351547,56
10,70,4,704,352047,91
10,70,4,705,352547,93
10,70,4,706,353047,75
10,70,4,707,353547,71
10,70,4,708,354047,69
10,70,4,709,354547,101
10,70,4,710,355047,78
10,70,4,711,355547,73
10,70,4,712,356047,54
10,70,4,713,356547,81
10,70,4,714,357047,83
10,70,4,715,357547,70
10,70,4,716,358047,74
10,70,4,717,358547,56
10,70,4,718,359047,102
10,70,4,719,359547,71
10,70,4,720,360047,67
10,70,4,721,360547,51
10,70,4,722,361047,73
10,70,4,723,361547,63
10,70,4,724,362047,107
10,70,4,725,362547,24
10,70,4,726,363047,48
10,70,4,727,363547,61
10,70,4,728,364047,83
10,70,4,729,364547,51
10,70,4,730,365047,76
10,70,4,731,365547,46
10,70,4,732,366047,76
10,70,4,733,366547,61
10,70,4,734,367047,37
10,70,4,735,367547,57
10,70,4,736,368047,41
10,70,4,737,368547,59
10,70,4,738,369047,81
10,70,4,739,369547,28
10,70,4,740,370047,47
10,70,4,741,370547,59
10,70,4,742,371047,55
10,70,4,743,371547,53
10,70,4,744,372047,68
10,70,4,745,372547,59
10,70,4,746,373047,61
10,70,4,747,373547,45
10,70,4,748,374047,87
10,70,4,749,374547,53
10,70,4,750,375047,58
10,70,4,751,375547,107
10,70,4,752,376047,45
10,70,4,753,376547,59
10,70,4,754,377047,87
10,70,4,755,377547,86
10,70,4,756,378047,63
10,70,4,757,378547,67
10,70,4,758,379047,79
10,70,4,759,379547,83
10,70,4,760,380047,81
10,70,4,761,380547,55
10,70,4,762,381047,85
10,70,4,763,381547,86
10,70,4,764,382047,39
10,70,4,765,382547,93
10,70,4,766,383047,70
10,70,4,767,383547,85
10,70,4,768,384047,115
10,70,4,769,384547,44
10,70,4,770,385047,72
10,70,4,771,385547,75
10,70,4,772,386047,73
10,70,4,773,386547,63
10,70,4,774,387047,72
10,70,4,775,387547,59
10,70,4,776,388047,57
10,70,4,777,388547,85
10,70,4,778,389047,59
10,70,4,779,389547,55
10,70,4,780,390047,71
10,70,4,781,390547,62
10,70,4,782,391047,76
10,70,4,783,391547,77
10,70,4,784,392047,57
10,70,4,785,392547,86
10,70,4,786,393047,75
10,70,4,787,393547,51
10,70,4,788,394047,73
10,70,4,789,394547,77
10,70,4,790,395047,58
10,70,4,791,395547,63
10,70,4,792,396047,93
10,70,4,793,396547,61
10,70,4,794,397047,71
10,70,4,795,397547,85
10,70,4,796,398047,48
10,70,4,797,398547,89
10,70,4,798,399047,119
10,70,4,799,399547,78
10,70,4,800,400047,71
10,70,4,801,400547,93
10,70,4,802,401047,79
10,70,4,803,401547,62
10,70,4,804,402047,75
10,70,4,805,402547,69
10,70,4,806,403047,83
10,70,4,807,403547,62
10,70,4,808,404047,71
10,70,4,809,404547,68
10,70,4,810,405047,92
10,70,4,811,405547,45
10,70,4,812,406047,67
10,70,4,813,406547,43
10,70,4,814,407047,73
10,70,4,815,407547,47
10,70,4,816,408047,59
10,70,4,817,408547,69
10,70,4,818,409047,85
10,70,4,819,409547,53
10,70,4,820,410047,52
10,70,4,821,410547,82
10,70,4,822,411047,53
10,70,4,823,411547,77
10,70,4,824,412047,59
10,70,4,825,412547,51
10,70,4,826,413047,62
10,70,4,827,413547,86
10,70,4,828,414047,37
10,70,4,829,414547,84
10,70,4,830,415047,44
10,70,4,831,415547,71
10,70,4,832,416047,95
10,70,4,833,416547,28
10,70,4,834,417047,55
10,70,4,835,417547,53
10,70,4,836,418047,58
10,70,4,837,418547,76
10,70,4,838,419047,53
10,70,4,839,419547,45
10,70,4,840,420047,83
10,70,4,841,420547,51
10,70,4,842,421047,61
10,70,4,843,421547,83
10,70,4,844,422047,73
10,70,4,845,422547,41
10,70,4,846,423047,54
10,70,4,847,423547,91
10,70,4,848,424047,29
10,70,4,849,424547,57
10,70,4,850,425047,69
10,70,4,851,425547,77
10,70,4,852,426047,44
10,70,4,853,426547,51
10,70,4,854,427047,92
10,70,4,855,427547,59
10,70,4,856,428047,59
10,70,4,857,428547,71
10,70,4,858,429047,67
10,70,4,859,429547,68
10,70,4,860,430047,48
10,70,4,861,430547,88
10,70,4,862,431047,58
10,70,4,863,431547,51
10,70,4,864,432047,79
10,70,4,865,432547,73
10,70,4,866,433047,51
10,70,4,867,433547,73
10,70,4,868,434047,39
10,70,4,869,434547,110
10,70,4,870,435047,47
10,70,4,871,435547,45
10,70,4,872,436047,126
10,70,4,873,436547,51
10,70,4,874,437047,73
10,70,4,875,437547,75
10,70,4,876,438047,76
10,70,4,877,438547,103
10,70,4,878,439047,69
10,70,4,879,439547,58
10,70,4,880,440047,77
10,70,4,881,440547,69
10,70,4,882,441047,79
10,70,4,883,441547,77
10,70,4,884,442047,46
10,70,4,885,442547,53
10,70,4,886,443047,82
10,70,4,887,443547,64
10,70,4,888,444047,58
10,70,4,889,444547,71
10,70,4,890,445047,83
10,70,4,891,445547,45
10,70,4,892,446047,73
10,70,4,893,446547,47
10,70,4,894,447047,77
10,70,4,895,447547,50
10,70,4,896,448047,71
10,70,4,897,448547,56
10,70,4,898,449047,83
10,70,4,899,449547,91
10,70,4,900,450047,51
10,70,4,901,450547,136
10,70,4,902,451047,72
10,70,4,903,451547,83
10,70,4,904,452047,60
10,70,4,905,452547,69
10,70,4,906,453047,73
10,70,4,907,453547,71
10,70,4,908,454047,74
10,70,4,909,454547,105
10,70,4,910,455047,51
10,70,4,911,455547,71
10,70,4,912,456047,91
10,70,4,913,456547,63
10,70,4,914,457047,55
10,70,4,915,457547,53
10,70,4,916,458047,75
10,70,4,917,458547,60
10,70,4,918,459047,48
10,70,4,919,459547,63
10,70,4,920,460047,71
10,70,4,921,460547,57
10,70,4,922,461047,52
10,70,4,923,461547,71
10,70,4,924,462047,75
10,70,4,925,462547,54
10,70,4,926,463047,59
10,70,4,927,463547,85
10,70,4,928,464047,73
10,70,4,929,464547,37
10,70,4,930,465047,93
10,70,4,931,465547,38
10,70,4,932,466047,83
10,70,4,933,466547,55
10,70,4,934,467047,141
10,70,4,935,467547,53
10,70,4,936,468047,83
10,70,4,937,468547,73
10,70,4,938,469047,30
10,70,4,939,469547,83
10,70,4,940,470047,69
10,70,4,941,470547,87
10,70,4,942,471047,57
10,70,4,943,471547,64
10,70,4,944,472047,69
10,70,4,945,472547,59
10,70,4,946,473047,77
10,70,4,947,473547,55
10,70,4,948,474047,64
10,70,4,949,474547,102
10,70,4,950,475047,47
10,70,4,951,475547,51
10,70,4,952,476047,149
10,70,4,953,476547,59
10,70,4,954,477047,51
10,70,4,955,477547,103
10,70,4,956,478047,71
10,70,4,957,478547,53
10,70,4,958,479047,71
10,70,4,959,479547,86
10,70,4,960,480047,41
10,70,4,961,480547,79
10,70,4,962,481047,74
10,70,4,963,481547,105
10,70,4,964,482047,62
10,70,4,965,482547,67
10,70,4,966,483047,72
10,70,4,967,483547,61
10,70,4,968,484047,61
10,70,4,969,484547,73
10,70,4,970,485047,74
10,70,4,971,485547,57
10,70,4,972,486047,67
10,70,4,973,486547,71
10,70,4,974,487047,89
10,70,4,975,487547,38
10,70,4,976,488047,55
10,70,4,977,488547,53
10,70,4,978,489047,73
10,70,4,979,489547,81
10,70,4,980,490047,42
10,70,4,981,490547,63
10,70,4,982,491047,81
10,70,4,983,491547,77
10,70,4,984,492047,43
10,70,4,985,492547,101
10,70,4,986,493047,61
10,70,4,987,493547,56
10,70,4,988,494047,88
10,70,4,989,494547,77
10,70,4,990,495047,60
10,70,4,991,495547,83
10,70,4,992,496047,73
10,70,4,993,496547,83
10,70,4,994,497047,83
10,70,4,995,497547,71
10,70,4,996,498047,87
10,70,4,997,498547,73
10,70,4,998,499047,117
10,70,4,999,499547,35
10,70,4,1000,500047,87
10,70,4,1001,500547,51
10,70,4,1002,501047,72
10,70,4,1003,501547,68
10,70,4,1004,502047,75
10,70,4,1005,502547,79
10,70,4,1006,503047,75
10,70,4,1007,503547,57
10,70,4,1008,504047,71
10,70,4,1009,504547,76
10,70,4,1010,505047,78
10,70,4,1011,505547,63
10,70,4,1012,506047,53
10,70,4,1013,506547,57
10,70,4,1014,507047,84
10,70,4,1015,507547,63
10,70,4,1016,508047,77
10,70,4,1017,508547,87
10,70,4,1018,509047,57
10,70,4,1019,509547,91
10,70,4,1020,510047,53
10,70,4,1021,510547,85
10,70,4,1022,511047,57
10,70,4,1023,511547,83
10,70,4,1024,512047,61
10,70,4,1025,512547,71
10,70,4,1026,513047,59
10,70,4,1027,513547,79
10,70,4,1028,514047,63
10,70,4,1029,514547,68
10,70,4,1030,515047,68
10,70,4,1031,515547,75
10,70,4,1032,516047,47
10,70,4,1033,516547,101
10,70,4,1034,517047,57
10,70,4,1035,517547,51
10,70,4,1036,518047,103
10,70,4,1037,518547,61
10,70,4,1038,519047,78
10,70,4,1039,519547,55
10,70,4,1040,520047,45
10,70,4,1041,520547,85
10,70,4,1042,521047,55
10,70,4,1043,521547,59
10,70,4,1044,522047,61
10,70,4,1045,522547,61
10,70,4,1046,523047,68
10,70,4,1047,523547,62
10,70,4,1048,524047,94
10,70,4,1049,524547,29
10,70,4,1050,525047,103
10,70,4,1051,525547,41
10,70,4,1052,526047,85
10,70,4,1053,526547,63
10,70,4,1054,527047,44
10,70,4,1055,527547,37
10,70,4,1056,528047,74
10,70,4,1057,528547,73
10,70,4,1058,529047,51
10,70,4,1059,529547,71
10,70,4,1060,530047,60
10,70,4,1061,530547,73
10,70,4,1062,531047,75
10,70,4,1063,531547,31
10,70,4,1064,532047,84
10,70,4,1065,532547,91
10,70,4,1066,533047,43
10,70,4,1067,533547,61
10,70,4,1068,534047,73
10,70,4,1069,534547,45
10,70,4,1070,535047,93
10,70,4,1071,535547,60
10,70,4,1072,536047,72
10,70,4,1073,536547,53
10,70,4,1074,537047,104
10,70,4,1075,537547,57
10,70,4,1076,538047,57
10,70,4,1077,538547,99
10,70,4,1078,539047,82
10,70,4,1079,539547,83
10,70,4,1080,540047,85
10,70,4,1081,540547,57
10,70,4,1082,541047,73
10,70,4,1083,541547,75
10,70,4,1084,542047,71
10,70,4,1085,542547,53
10,70,4,1086,543047,76
10,70,4,1087,543547,73
10,70,4,1088,544047,51
10,70,4,1089,544547,73
10,70,4,1090,545047,83
10,70,4,1091,545547,72
10,70,4,1092,546047,55
10,70,4,1093,546547,77
10,70,4,1094,547047,61
10,70,4,1095,547547,71
10,70,4,1096,548047,69
10,70,4,1097,548547,67
10,70,4,1098,549047,53
10,70,4,1099,549547,69
10,70,4,1100,550047,47
10,70,4,1101,550547,60
10,70,4,1102,551047,45
10,70,4,1103,551547,57
10,70,4,1104,552047,71
10,70,4,1105,552547,69
10,70,4,1106,553047,23
10,70,4,1107,553547,61
10,70,4,1108,554047,59
10,70,4,1109,554547,59
10,70,4,1110,555047,51
10,70,4,1111,555547,75
10,70,4,1112,556047,43
10,70,4,1113,556547,46
10,70,4,1114,557047,73
10,70,4,1115,557547,62
10,70,4,1116,558047,53
10,70,4,1117,558547,53
10,70,4,1118,559047,41
10,70,4,1119,559547,47
10,70,4,1120,560047,77
10,70,4,1121,560547,37
10,70,4,1122,561047,67
10,70,4,1123,561547,57
10,70,4,1124,562047,56
10,70,4,1125,562547,69
10,70,4,1126,563047,55
10,70,4,1127,563547,57
10,70,4,1128,564047,55
10,70,4,1129,564547,77
10,70,4,1130,565047,58
10,70,4,1131,565547,63
10,70,4,1132,566047,59
10,70,4,1133,566547,73
10,70,4,1134,567047,85
10,70,4,1135,567547,61
10,70,4,1136,568047,104
10,70,4,1137,568547,71
10,70,4,1138,569047,71
10,70,4,1139,569547,61
10,70,4,1140,570047,109
10,70,4,1141,570547,57
10,70,4,1142,571047,90
10,70,4,1143,571547,79
10,70,4,1144,572047,88
10,70,4,1145,572547,75
10,70,4,1146,573047,75
10,70,4,1147,573547,37
10,70,4,1148,574047,119
10,70,4,1149,574547,47
10,70,4,1150,575047,77
10,70,4,1151,575547,74
10,70,4,1152,576047,45
10,70,4,1153,576547,75
10,70,4,1154,577047,67
10,70,4,1155,577547,40
10,70,4,1156,578047,75
10,70,4,1157,578547,16
10,70,4,1158,579047,101
10,70,4,1159,579547,59
10,70,4,1160,580047,104
10,70,4,1161,580547,47
10,70,4,1162,581047,69
10,70,4,1163,581547,72
10,70,4,1164,582047,76
10,70,4,1165,582547,75
10,70,4,1166,583047,88
10,70,4,1167,583547,89
10,70,4,1168,584047,52
10,70,4,1169,584547,59
10,70,4,1170,585047,75
10,70,4,1171,585547,54
10,70,4,1172,586047,105
10,70,4,1173,586547,61
10,70,4,1174,587047,68
10,70,4,1175,587547,75
10,70,4,1176,588047,73
10,70,4,1177,588547,60
10,70,4,1178,589047,79
10,70,4,1179,589547,74
10,70,4,1180,590047,55
10,70,4,1181,590547,75
10,70,4,1182,591047,61
10,70,4,1183,591547,74
10,70,4,1184,592047,73
10,70,4,1185,592547,57
10,70,4,1186,593047,63
10,70,4,1187,593547,53
10,70,4,1188,594047,71
10,70,4,1189,594547,56
10,70,4,1190,595047,72
10,70,4,1191,595547,47
10,70,4,1192,596047,122
10,70,4,1193,596547,53
10,70,4,1194,597047,61
10,70,4,1195,597547,74
10,70,4,1196,598047,51
10,70,4,1197,598547,77
10,70,4,1198,599047,91
10,70,4,1199,599547,71
10,70,4,1200,600047,60
10,70,4,1201,600547,61
10,70,4,1202,601047,75
10,70,4,1203,601547,73
10,70,4,1204,602047,48
10,70,4,1205,602547,73
10,70,4,1206,603047,53
10,70,4,1207,603547,51
10,70,4,1208,604047,53
10,70,4,1209,604547,59
10,70,4,1210,605047,83
10,70,4,1211,605547,60
10,70,4,1212,606047,89
10,70,4,1213,606547,57
10,70,4,1214,607047,73
10,70,4,1215,607547,57
10,70,4,1216,608047,73
10,70,4,1217,608547,71
10,70,4,1218,609047,71
10,70,4,1219,609547,85
10,70,4,1220,610047,68
10,70,4,1221,610547,52
10,70,4,1222,611047,83
10,70,4,1223,611547,69
10,70,4,1224,612047,63
10,70,4,1225,612547,92
10,70,4,1226,613047,86
10,70,4,1227,613547,51
10,70,4,1228,614047,71
10,70,4,1229,614547,61
10,70,4,1230,615048,71
10,70,4,1231,615547,85
10,70,4,1232,616047,69
10,70,4,1233,616547,74
10,70,4,1234,617047,62
10,70,4,1235,617547,91
10,70,4,1236,618047,73
10,70,4,1237,618547,71
10,70,4,1238,619047,68
10,70,4,1239,619547,84
10,70,4,1240,620047,75
10,70,4,1241,620547,75
10,70,4,1242,621047,87
10,70,4,1243,621547,75
10,70,4,1244,622047,100
10,70,4,1245,622547,91
10,70,4,1246,623047,71
10,70,4,1247,623547,56
10,70,4,1248,624047,75
10,70,4,1249,624547,73
10,70,4,1250,625047,75
10,70,4,1251,625547,71
10,70,4,1252,626047,56
10,70,4,1253,626547,77
10,70,4,1254,627047,74
10,70,4,1255,627547,46
10,70,4,1256,628047,62
10,70,4,1257,628547,73
10,70,4,1258,629047,61
10,70,4,1259,629547,38
10,70,4,1260,630047,68
10,70,4,1261,630547,89
10,70,4,1262,631047,43
10,70,4,1263,631547,58
10,70,4,1264,632047,53
10,70,4,1265,632547,62
10,70,4,1266,633047,45
10,70,4,1267,633547,51
10,70,4,1268,634047,59
10,70,4,1269,634547,39
10,70,4,1270,635047,89
10,70,4,1271,635547,48
10,70,4,1272,636047,51
10,70,4,1273,636547,75
10,70,4,1274,637047,38
10,70,4,1275,637547,75
10,70,4,1276,638047,63
10,70,4,1277,638547,45
10,70,4,1278,639047,75
10,70,4,1279,639547,55
10,70,4,1280,640047,59
10,70,4,1281,640547,60
10,70,4,1282,641047,45
10,70,4,1283,641547,63
10,70,4,1284,642047,77
10,70,4,1285,642547,48
10,70,4,1286,643047,63
10,70,4,1287,643547,47
10,70,4,1288,644047,63
10,70,4,1289,644547,73
10,70,4,1290,645047,85
10,70,4,1291,645547,30
10,70,4,1292,646047,55
10,70,4,1293,646547,55
10,70,4,1294,647047,83
10,70,4,1295,647547,60
10,70,4,1296,648047,76
10,70,4,1297,648547,41
10,70,4,1298,649047,84
10,70,4,1299,649547,69
10,70,4,1300,650047,47
10,70,4,1301,650547,86
10,70,4,1302,651047,46
10,70,4,1303,651547,104
10,70,4,1304,652047,35
10,70,4,1305,652547,69
10,70,4,1306,653047,73
10,70,4,1307,653547,58
10,70,4,1308,654047,56
10,70,4,1309,654547,61
10,70,4,1310,655047,61
10,70,4,1311,655547,51
10,70,4,1312,656047,46
10,70,4,1313,656547,54
10,70,4,1314,657047,55
10,70,4,1315,657547,57
10,70,4,1316,658047,59
10,70,4,1317,658547,53
10,70,4,1318,659047,62
10,70,4,1319,659547,75
10,70,4,1320,660047,57
10,70,4,1321,660547,69
10,70,4,1322,661047,61
10,70,4,1323,661547,84
10,70,4,1324,662047,53
10,70,4,1325,662547,83
10,70,4,1326,663047,77
10,70,4,1327,663547,63
10,70,4,1328,664047,85
10,70,4,1329,664547,84
10,70,4,1330,665047,73
10,70,4,1331,665547,57
10,70,4,1332,666047,82
10,70,4,1333,666547,91
10,70,4,1334,667047,59
10,70,4,1335,667547,71
10,70,4,1336,668047,92
10,70,4,1337,668547,57
10,70,4,1338,669047,69
10,70,4,1339,669547,85
10,70,4,1340,670047,85
10,70,4,1341,670547,61
10,70,4,1342,671047,71
10,70,4,1343,671547,62
10,70,4,1344,672047,83
10,70,4,1345,672547,47
10,70,4,1346,673047,74
10,70,4,1347,673547,85
10,70,4,1348,674047,77
10,70,4,1349,674547,59
10,70,4,1350,675047,83
10,70,4,1351,675547,59
10,70,4,1352,676047,78
10,70,4,1353,676547,53
10,70,4,1354,677047,75
10,70,4,1355,677547,86
10,70,4,1356,678047,67
10,70,4,1357,678547,71
10,70,4,1358,679047,63
10,70,4,1359,679547,71
10,70,4,1360,680047,70
10,70,4,1361,680547,61
10,70,4,1362,681047,53
10,70,4,1363,681547,83
10,70,4,1364,682047,55
10,70,4,1365,682547,55
10,70,4,1366,683047,102
10,70,4,1367,683547,43
10,70,4,1368,684047,77
10,70,4,1369,684547,51
10,70,4,1370,685047,95
10,70,4,1371,685547,76
10,70,4,1372,686047,61
10,70,4,1373,686547,61
10,70,4,1374,687047,51
10,70,4,1375,687547,75
10,70,4,1376,688047,47
10,70,4,1377,688547,45
10,70,4,1378,689047,57
10,70,4,1379,689547,59
10,70,4,1380,690047,53
10,70,4,1381,690547,55
10,70,4,1382,691047,45
10,70,4,1383,691547,73
10,70,4,1384,692047,63
10,70,4,1385,692547,63
10,70,4,1386,693047,45
10,70,4,1387,693547,47
10,70,4,1388,694047,51
10,70,4,1389,694547,61
10,70,4,1390,695047,47
10,70,4,1391,695547,40
10,70,4,1392,696047,59
10,70,4,1393,696547,73
10,70,4,1394,697047,46
10,70,4,1395,697547,68
10,70,4,1396,698047,69
10,70,4,1397,698547,68
10,70,4,1398,699047,63
10,70,4,1399,699547,37
10,70,4,1400,700047,77
10,70,4,1401,700547,45
10,70,4,1402,701047,61
10,70,4,1403,701547,51
10,70,4,1404,702047,72
10,70,4,1405,702547,61
10,70,4,1406,703047,63
10,70,4,1407,703547,61
10,70,4,1408,704047,63
10,70,4,1409,704547,62
10,70,4,1410,705047,87
10,70,4,1411,705547,51
10,70,4,1412,706047,51
10,70,4,1413,706547,75
10,70,4,1414,707047,73
10,70,4,1415,707547,42
10,70,4,1416,708047,76
10,70,4,1417,708547,57
10,70,4,1418,709047,83
10,70,4,1419,709547,59
10,70,4,1420,710047,47
10,70,4,1421,710547,90
10,70,4,1422,711047,57
10,70,4,1423,711547,62
10,70,4,1424,712047,67
10,70,4,1425,712547,72
10,70,4,1426,713047,71
10,70,4,1427,713547,80
10,70,4,1428,714047,63
10,70,4,1429,714547,90
10,70,4,1430,715047,89
10,70,4,1431,715547,67
10,70,4,1432,716047,101
10,70,4,1433,716547,47
10,70,4,1434,717047,108
10,70,4,1435,717547,57
10,70,4,1436,718047,79
10,70,4,1437,718547,91
10,70,4,1438,719047,85
10,70,4,1439,719547,103
10,70,4,1440,720047,62
10,70,4,1441,720547,82
10,70,4,1442,721047,77
10,70,4,1443,721547,89
10,70,4,1444,722047,91
10,70,4,1445,722547,69
10,70,4,1446,723047,89
10,70,4,1447,723547,93
10,70,4,1448,724047,87
10,70,4,1449,724547,59
10,70,4,1450,725047,73
10,70,4,1451,725547,73
10,70,4,1452,726047,62
10,70,4,1453,726547,84
10,70,4,1454,727047,73
10,70,4,1455,727547,47
10,70,4,1456,728047,83
10,70,4,1457,728547,71
10,70,4,1458,729047,47
10,70,4,1459,729547,85
10,70,4,1460,730047,42
10,70,4,1461,730547,57
10,70,4,1462,731047,61
10,70,4,1463,731547,79
10,70,4,1464,732047,31
10,70,4,1465,732547,74
10,70,4,1466,733047,21
10,70,4,1467,733547,83
10,70,4,1468,734047,57
10,70,4,1469,734547,70
10,70,4,1470,735047,75
10,70,4,1471,735547,53
10,70,4,1472,736047,74
10,70,4,1473,736547,37
10,70,4,1474,737047,87
10,70,4,1475,737547,60
10,70,4,1476,738047,85
10,70,4,1477,738547,45
10,70,4,1478,739047,48
10,70,4,1479,739547,63
10,70,4,1480,740047,96
10,70,4,1481,740547,69
10,70,4,1482,741047,62
10,70,4,1483,741547,59
10,70,4,1484,742047,103
10,70,4,1485,742547,86
10,70,4,1486,743047,64
10,70,4,1487,743547,45
10,70,4,1488,744047,87
10,70,4,1489,744547,53
10,70,4,1490,745047,73
10,70,4,1491,745547,61
10,70,4,1492,746047,72
10,70,4,1493,746547,78
10,70,4,1494,747047,57
10,70,4,1495,747547,83
10,70,4,1496,748047,41
10,70,4,1497,748547,74
10,70,4,1498,749047,53
10,70,4,1499,749547,74
10,70,4,1500,750047,44
10,70,4,1501,750547,57
10,70,4,1502,751047,57
10,70,4,1503,751547,63
10,70,4,1504,752047,48
10,70,4,1505,752547,55
10,70,4,1506,753047,71
10,70,4,1507,753547,49
10,70,4,1508,754047,39
10,70,4,1509,754547,60
10,70,4,1510,755047,83
10,70,4,1511,755547,56
10,70,4,1512,756047,58
10,70,4,1513,756547,52
10,70,4,1514,757047,71
10,70,4,1515,757547,52
10,70,4,1516,758047,63
10,70,4,1517,758547,41
10,70,4,1518,759047,69
10,70,4,1519,759547,47
10,70,4,1520,760047,59
10,70,4,1521,760547,56
10,70,4,1522,761047,71
10,70,4,1523,761547,69
10,70,4,1524,762047,53
10,70,4,1525,762547,75
10,70,4,1526,763047,103
10,70,4,1527,763547,52
10,70,4,1528,764047,29
10,70,4,1529,764547,87
10,70,4,1530,765047,74
10,70,4,1531,765547,78
10,70,4,1532,766047,87
10,70,4,1533,766547,51
10,70,4,1534,767047,116
10,70,4,1535,767547,76
10,70,4,1536,768047,69
10,70,4,1537,768547,73
10,70,4,1538,769047,72
10,70,4,1539,769547,70
10,70,4,1540,770047,79
10,70,4,1541,770547,92
10,70,4,1542,771047,55
10,70,4,1543,771547,93
10,70,4,1544,772047,91
10,70,4,1545,772547,109
10,70,4,1546,773047,79
10,70,4,1547,773547,64
10,70,4,1548,774047,119
10,70,4,1549,774547,89
10,70,4,1550,775047,45
10,70,4,1551,775547,94
10,70,4,1552,776047,83
10,70,4,1553,776547,85
10,70,4,1554,777047,61
10,70,4,1555,777547,74
10,70,4,1556,778047,85
10,70,4,1557,778547,75
10,70,4,1558,779047,105
10,70,4,1559,779547,51
10,70,4,1560,780047,79
10,70,4,1561,780547,67
10,70,4,1562,781047,87
10,70,4,1563,781547,68
10,70,4,1564,782047,59
10,70,4,1565,782547,53
10,70,4,1566,783047,69
10,70,4,1567,783547,60
10,70,4,1568,784047,88
10,70,4,1569,784547,53
10,70,4,1570,785047,67
10,70,4,1571,785547,71
10,70,4,1572,786047,60
10,70,4,1573,786547,101
10,70,4,1574,787047,35
10,70,4,1575,787547,59
10,70,4,1576,788047,57
10,70,4,1577,788547,70
10,70,4,1578,789047,69
10,70,4,1579,789547,63
10,70,4,1580,790047,43
10,70,4,1581,790547,93
10,70,4,1582,791047,73
10,70,4,1583,791547,69
10,70,4,1584,792047,79
10,70,4,1585,792547,75
10,70,4,1586,793047,57
10,70,4,1587,793547,69
10,70,4,1588,794047,90
10,70,4,1589,794547,53
10,70,4,1590,795047,57
10,70,4,1591,795547,95
10,70,4,1592,796047,55
10,70,4,1593,796547,69
10,70,4,1594,797047,63
10,70,4,1595,797547,59
10,70,4,1596,798047,45
10,70,4,1597,798547,72
10,70,4,1598,799047,73
10,70,4,1599,799547,53
10,70,4,1600,800047,51
10,70,4,1601,800547,56
10,70,4,1602,801047,81
10,70,4,1603,801547,39
10,70,4,1604,802047,73
10,70,4,1605,802547,63
10,70,4,1606,803047,44
10,70,4,1607,803547,79
10,70,4,1608,804047,71
10,70,4,1609,804547,51
10,70,4,1610,805047,76
10,70,4,1611,805547,57
10,70,4,1612,806047,57
10,70,4,1613,806547,81
10,70,4,1614,807047,83
10,70,4,1615,807547,60
10,70,4,1616,808047,79
10,70,4,1617,808547,62
10,70,4,1618,809047,77
10,70,4,1619,809547,83
10,70,4,1620,810047,56
10,70,4,1621,810547,71
10,70,4,1622,811047,76
10,70,4,1623,811547,63
10,70,4,1624,812047,79
10,70,4,1625,812547,59
10,70,4,1626,813047,83
10,70,4,1627,813547,69
10,70,4,1628,814047,57
10,70,4,1629,814547,84
10,70,4,1630,815047,57
10,70,4,1631,815547,83
10,70,4,1632,816047,77
10,70,4,1633,816547,73
10,70,4,1634,817047,60
10,70,4,1635,817547,76
10,70,4,1636,818047,71
10,70,4,1637,818547,43
10,70,4,1638,819047,77
10,70,4,1639,819547,47
10,70,4,1640,820047,105
10,70,4,1641,820547,31
10,70,4,1642,821047,51
10,70,4,1643,821547,69
10,70,4,1644,822047,71
10,70,4,1645,822547,67
10,70,4,1646,823047,57
10,70,4,1647,823547,99
10,70,4,1648,824047,43
10,70,4,1649,824547,47
10,70,4,1650,825047,77
10,70,4,1651,825547,83
10,70,4,1652,826047,41
10,70,4,1653,826547,69
10,70,4,1654,827047,63
10,70,4,1655,827547,73
10,70,4,1656,828047,61
10,70,4,1657,828547,73
10,70,4,1658,829047,59
10,70,4,1659,829547,73
10,70,4,1660,830047,109
10,70,4,1661,830547,61
10,70,4,1662,831047,68
10,70,4,1663,831547,79
10,70,4,1664,832047,121
10,70,4,1665,832547,71
10,70,4,1666,833047,63
10,70,4,1667,833547,79
10,70,4,1668,834047,110
10,70,4,1669,834547,67
10,70,4,1670,835047,57
10,70,4,1671,835547,83
10,70,4,1672,836047,70
10,70,4,1673,836547,57
10,70,4,1674,837047,70
10,70,4,1675,837547,78
10,70,4,1676,838047,71
10,70,4,1677,838547,69
10,70,4,1678,839047,138
10,70,4,1679,839547,55
10,70,4,1680,840047,72
10,70,4,1681,840547,57
10,70,4,1682,841047,93
10,70,4,1683,841547,45
10,70,4,1684,842047,58
10,70,4,1685,842547,82
10,70,4,1686,843047,48
10,70,4,1687,843547,73
10,70,4,1688,844047,52
10,70,4,1689,844547,69
10,70,4,1690,845047,60
10,70,4,1691,845547,61
10,70,4,1692,846047,57
10,70,4,1693,846547,45
10,70,4,1694,847047,44
10,70,4,1695,847547,72
10,70,4,1696,848047,75
10,70,4,1697,848547,58
10,70,4,1698,849047,87
10,70,4,1699,849547,70
10,70,4,1700,850047,52
10,70,4,1701,850547,71
10,70,4,1702,851047,71
10,70,4,1703,851547,56
10,70,4,1704,852047,79
10,70,4,1705,852547,50
10,70,4,1706,853047,79
10,70,4,1707,853547,67
10,70,4,1708,854047,51
10,70,4,1709,854547,70
10,70,4,1710,855047,47
10,70,4,1711,855547,69
10,70,4,1712,856047,55
10,70,4,1713,856547,58
10,70,4,1714,857047,67
10,70,4,1715,857547,72
10,70,4,1716,858047,43
10,70,4,1717,858547,103
10,70,4,1718,859047,72
10,70,4,1719,859547,55
10,70,4,1720,860047,89
10,70,4,1721,860547,59
10,70,4,1722,861047,60
10,70,4,1723,861547,77
10,70,4,1724,862047,84
10,70,4,1725,862547,79
10,70,4,1726,863047,62
10,70,4,1727,863547,115
10,70,4,1728,864047,109
10,70,4,1729,864547,43
10,70,4,1730,865047,95
10,70,4,1731,865547,115
10,70,4,1732,866047,40
10,70,4,1733,866547,115
10,70,4,1734,867047,100
10,70,4,1735,867547,57
10,70,4,1736,868047,91
10,70,4,1737,868547,73
10,70,4,1738,869047,59
10,70,4,1739,869547,88
10,70,4,1740,870047,91
10,70,4,1741,870547,99
10,70,4,1742,871047,75
10,70,4,1743,871547,63
10,70,4,1744,872047,61
10,70,4,1745,872547,57
10,70,4,1746,873047,71
10,70,4,1747,873547,71
10,70,4,1748,874047,77
10,70,4,1749,874547,53
10,70,4,1750,875047,62
10,70,4,1751,875547,59
10,70,4,1752,876047,85
10,70,4,1753,876547,61
10,70,4,1754,877047,56
10,70,4,1755,877547,61
10,70,4,1756,878047,93
10,70,4,1757,878547,29
10,70,4,1758,879047,52
10,70,4,1759,879547,82
10,70,4,1760,880047,35
10,70,4,1761,880547,69
10,70,4,1762,881047,57
10,70,4,1763,881547,81
10,70,4,1764,882047,61
10,70,4,1765,882547,44
10,70,4,1766,883047,59
10,70,4,1767,883547,79
10,70,4,1768,884047,56
10,70,4,1769,884547,102
10,70,4,1770,885047,53
10,70,4,1771,885547,79
10,70,4,1772,886047,85
10,70,4,1773,886547,56
10,70,4,1774,887047,73
10,70,4,1775,887547,68
10,70,4,1776,888047,77
10,70,4,1777,888547,40
10,70,4,1778,889047,63
10,70,4,1779,889547,91
10,70,4,1780,890047,75
10,70,4,1781,890547,85
10,70,4,1782,891047,58
10,70,4,1783,891547,101
10,70,4,1784,892047,47
10,70,4,1785,892548,79
10,70,4,1786,893047,59
10,70,4,1787,893547,63
10,70,4,1788,894047,61
10,70,4,1789,894547,59
10,70,4,1790,895047,69
10,70,4,1791,895547,98
10,70,4,1792,896047,77
10,70,4,1793,896547,91
10,70,4,1794,897048,85
10,70,4,1795,897547,61
10,70,4,1796,898047,55
10,70,4,1797,898547,77
10,70,4,1798,899047,89
10,70,4,1799,899547,55
10,70,4,1800,900047,63
10,70,4,1801,900547,59
10,70,4,1802,901047,70
10,70,4,1803,901547,60
10,70,4,1804,902047,71
10,70,4,1805,902547,62
10,70,4,1806,903047,56
10,70,4,1807,903547,81
10,70,4,1808,904047,57
10,70,4,1809,904547,58
10,70,4,1810,905047,63
10,70,4,1811,905547,75
10,70,4,1812,906047,55
10,70,4,1813,906547,63
10,70,4,1814,907047,45
10,70,4,1815,907547,61
10,70,4,1816,908047,83
10,70,4,1817,908547,40
10,70,4,1818,909047,40
10,70,4,1819,909547,57
10,70,4,1820,910047,71
10,70,4,1821,910547,30
10,70,4,1822,911047,91
10,70,4,1823,911547,39
10,70,4,1824,912047,73
10,70,4,1825,912547,53
10,70,4,1826,913047,40
10,70,4,1827,913547,84
10,70,4,1828,914047,60
10,70,4,1829,914547,53
10,70,4,1830,915047,71
10,70,4,1831,915547,21
10,70,4,1832,916047,79
10,70,4,1833,916547,33
10,70,4,1834,917047,73
10,70,4,1835,917547,57
10,70,4,1836,918047,45
10,70,4,1837,918547,58
10,70,4,1838,919047,55
10,70,4,1839,919547,51
10,70,4,1840,920047,87
10,70,4,1841,920547,59
10,70,4,1842,921047,57
10,70,4,1843,921547,61
10,70,4,1844,922047,74
10,70,4,1845,922547,39
10,70,4,1846,923047,104
10,70,4,1847,923547,57
10,70,4,1848,924047,57
10,70,4,1849,924547,71
10,70,4,1850,925047,57
10,70,4,1851,925547,52
10,70,4,1852,926047,69
10,70,4,1853,926547,75
10,70,4,1854,927047,63
10,70,4,1855,927547,63
10,70,4,1856,928047,55
10,70,4,1857,928547,52
10,70,4,1858,929047,105
10,70,4,1859,929547,54
10,70,4,1860,930047,58
10,70,4,1861,930547,81
10,70,4,1862,931047,99
10,70,4,1863,931547,61
10,70,4,1864,932047,92
10,70,4,1865,932547,77
10,70,4,1866,933047,98
10,70,4,1867,933547,75
10,70,4,1868,934047,105
10,70,4,1869,934547,71
10,70,4,1870,935047,91
10,70,4,1871,935547,77
10,70,4,1872,936047,63
10,70,4,1873,936547,109
10,70,4,1874,937047,77
10,70,4,1875,937547,85
10,70,4,1876,938047,73
10,70,4,1877,938547,75
10,70,4,1878,939047,73
10,70,4,1879,939547,91
10,70,4,1880,940047,59
10,70,4,1881,940547,91
10,70,4,1882,941047,70
10,70,4,1883,941547,57
10,70,4,1884,942047,57
10,70,4,1885,942547,87
10,70,4,1886,943047,51
10,70,4,1887,943547,56
10,70,4,1888,944047,61
10,70,4,1889,944547,61
10,70,4,1890,945047,57
10,70,4,1891,945547,59
10,70,4,1892,946047,59
10,70,4,1893,946547,55
10,70,4,1894,947047,59
10,70,4,1895,947547,62
10,70,4,1896,948047,57
10,70,4,1897,948547,87
10,70,4,1898,949047,59
10,70,4,1899,949547,71
10,70,4,1900,950047,61
10,70,4,1901,950547,69
10,70,4,1902,951047,71
10,70,4,1903,951547,56
10,70,4,1904,952047,83
10,70,4,1905,952547,75
10,70,4,1906,953047,47
10,70,4,1907,953547,75
10,70,4,1908,954047,76
10,70,4,1909,954547,68
10,70,4,1910,955047,57
10,70,4,1911,955547,77
10,70,4,1912,956047,79
10,70,4,1913,956548,58
10,70,4,1914,957047,73
10,70,4,1915,957547,43
10,70,4,1916,958047,67
10,70,4,1917,958547,73
10,70,4,1918,959047,53
10,70,4,1919,959547,72
10,70,4,1920,960047,36
10,70,4,1921,960547,93
10,70,4,1922,961047,71
10,70,4,1923,961547,73
10,70,4,1924,962047,41
10,70,4,1925,962547,69
10,70,4,1926,963047,81
10,70,4,1927,963547,41
10,70,4,1928,964047,55
10,70,4,1929,964547,73
10,70,4,1930,965047,107
10,70,4,1931,965547,36
10,70,4,1932,966047,74
10,70,4,1933,966547,61
10,70,4,1934,967047,69
10,70,4,1935,967547,77
10,70,4,1936,968047,104
10,70,4,1937,968547,72
10,70,4,1938,969047,57
10,70,4,1939,969547,100
10,70,4,1940,970047,82
10,70,4,1941,970547,83
10,70,4,1942,971047,73
10,70,4,1943,971547,101
10,70,4,1944,972047,59
10,70,4,1945,972547,71
10,70,4,1946,973047,75
10,70,4,1947,973547,99
10,70,4,1948,974047,83
10,70,4,1949,974547,48
10,70,4,1950,975047,93
10,70,4,1951,975547,89
10,70,4,1952,976047,89
10,70,4,1953,976547,75
10,70,4,1954,977047,82
10,70,4,1955,977547,84
10,70,4,1956,978047,90
10,70,4,1957,978547,69
10,70,4,1958,979047,98
10,70,4,1959,979547,88
10,70,4,1960,980047,60
10,70,4,1961,980547,72
10,70,4,1962,981047,73
10,70,4,1963,981547,69
10,70,4,1964,982047,60
10,70,4,1965,982547,76
10,70,4,1966,983047,51
10,70,4,1967,983547,43
10,70,4,1968,984047,77
10,70,4,1969,984547,59
10,70,4,1970,985047,59
10,70,4,1971,985547,57
10,70,4,1972,986047,40
10,70,4,1973,986547,75
10,70,4,1974,987047,38
10,70,4,1975,987547,29
10,70,4,1976,988047,51
10,70,4,1977,988547,47
10,70,4,1978,989047,55
10,70,4,1979,989547,99
10,70,4,1980,990047,27
10,70,4,1981,990547,72
10,70,4,1982,991047,69
10,70,4,1983,991547,59
10,70,4,1984,992047,55
10,70,4,1985,992547,69
10,70,4,1986,993047,33
10,70,4,1987,993547,73
10,70,4,1988,994047,53
10,70,4,1989,994547,51
10,70,4,1990,995047,71
10,70,4,1991,995547,56
10,70,4,1992,996047,43
10,70,4,1993,996547,107
10,70,4,1994,997047,47
10,70,4,1995,997547,59
10,70,4,1996,998047,69
10,70,4,1997,998547,57
10,70,4,1998,999047,52
10,70,4,1999,999547,73
