run_id,leak_condition,window_id,sample_index,time_us,adc_raw
10,no_leak,0,0,81,25
10,no_leak,0,1,551,0
10,no_leak,0,2,1048,0
10,no_leak,0,3,1551,0
10,no_leak,0,4,2048,17
10,no_leak,0,5,2552,37
10,no_leak,0,6,3048,61
10,no_leak,0,7,3552,93
10,no_leak,0,8,4047,87
10,no_leak,0,9,4552,75
10,no_leak,0,10,5047,56
10,no_leak,0,11,5552,11
10,no_leak,0,12,6048,0
10,no_leak,0,13,6551,35
10,no_leak,0,14,7048,70
10,no_leak,0,15,7552,72
10,no_leak,0,16,8047,77
10,no_leak,0,17,8552,101
10,no_leak,0,18,9047,118
10,no_leak,0,19,9552,132
10,no_leak,0,20,10047,109
10,no_leak,0,21,10551,95
10,no_leak,0,22,11048,78
10,no_leak,0,23,11551,99
10,no_leak,0,24,12048,89
10,no_leak,0,25,12552,133
10,no_leak,0,26,13048,133
10,no_leak,0,27,13552,135
10,no_leak,0,28,14047,117
10,no_leak,0,29,14552,105
10,no_leak,0,30,15047,86
10,no_leak,0,31,15551,89
10,no_leak,0,32,16048,83
10,no_leak,0,33,16551,58
10,no_leak,0,34,17048,111
10,no_leak,0,35,17552,107
10,no_leak,0,36,18047,120
10,no_leak,0,37,18552,102
10,no_leak,0,38,19047,68
10,no_leak,0,39,19552,87
10,no_leak,0,40,20047,75
10,no_leak,0,41,20551,87
10,no_leak,0,42,21048,74
10,no_leak,0,43,21552,92
10,no_leak,0,44,22047,72
10,no_leak,0,45,22552,73
10,no_leak,0,46,23047,45
10,no_leak,0,47,23552,12
10,no_leak,0,48,24047,21
10,no_leak,0,49,24551,2
10,no_leak,0,50,25048,7
10,no_leak,0,51,25551,3
10,no_leak,0,52,26048,0
10,no_leak,0,53,26552,0
10,no_leak,0,54,27047,24
10,no_leak,0,55,27552,44
10,no_leak,0,56,28047,75
10,no_leak,0,57,28552,83
10,no_leak,0,58,29047,86
10,no_leak,0,59,29552,85
10,no_leak,0,60,30047,95
10,no_leak,0,61,30551,96
10,no_leak,0,62,31048,106
10,no_leak,0,63,31552,123
10,no_leak,0,64,32047,139
10,no_leak,0,65,32552,123
10,no_leak,0,66,33047,91
10,no_leak,0,67,33552,109
10,no_leak,0,68,34047,89
10,no_leak,0,69,34552,61
10,no_leak,0,70,35047,43
10,no_leak,0,71,35551,4
10,no_leak,0,72,36048,0
10,no_leak,0,73,36552,0
10,no_leak,0,74,37047,1
10,no_leak,0,75,37552,16
10,no_leak,0,76,38047,0
10,no_leak,0,77,38552,13
10,no_leak,0,78,39047,0
10,no_leak,0,79,39552,0
10,no_leak,0,80,40048,0
10,no_leak,0,81,40551,13
10,no_leak,0,82,41048,38
10,no_leak,0,83,41552,53
10,no_leak,0,84,42047,25
10,no_leak,0,85,42552,18
10,no_leak,0,86,43047,88
10,no_leak,0,87,43552,107
10,no_leak,0,88,44047,93
10,no_leak,0,89,44551,91
10,no_leak,0,90,45048,63
10,no_leak,0,91,45552,17
10,no_leak,0,92,46048,39
10,no_leak,0,93,46552,24
10,no_leak,0,94,47047,46
10,no_leak,0,95,47552,56
10,no_leak,0,96,48047,92
10,no_leak,0,97,48552,110
10,no_leak,0,98,49048,88
10,no_leak,0,99,49552,89
10,no_leak,0,100,50048,93
10,no_leak,0,101,50552,99
10,no_leak,0,102,51047,99
10,no_leak,0,103,51552,141
10,no_leak,0,104,52047,110
10,no_leak,0,105,52552,62
10,no_leak,0,106,53047,119
10,no_leak,0,107,53551,119
10,no_leak,0,108,54048,84
10,no_leak,0,109,54551,73
10,no_leak,0,110,55048,139
10,no_leak,0,111,55552,155
10,no_leak,0,112,56047,123
10,no_leak,0,113,56552,87
10,no_leak,0,114,57047,117
10,no_leak,0,115,57552,139
10,no_leak,0,116,58047,120
10,no_leak,0,117,58551,99
10,no_leak,0,118,59048,57
10,no_leak,0,119,59552,53
10,no_leak,0,120,60047,75
10,no_leak,0,121,60552,123
10,no_leak,0,122,61047,135
10,no_leak,0,123,61552,115
10,no_leak,0,124,62047,103
10,no_leak,0,125,62552,45
10,no_leak,0,126,63048,73
10,no_leak,0,127,63551,119
10,no_leak,0,128,64048,127
10,no_leak,0,129,64552,106
10,no_leak,0,130,65047,57
10,no_leak,0,131,65552,27
10,no_leak,0,132,66047,52
10,no_leak,0,133,66552,118
10,no_leak,0,134,67047,155
10,no_leak,0,135,67551,153
10,no_leak,0,136,68048,141
10,no_leak,0,137,68552,103
10,no_leak,0,138,69047,51
10,no_leak,0,139,69552,87
10,no_leak,0,140,70047,47
10,no_leak,0,141,70552,61
10,no_leak,0,142,71048,71
10,no_leak,0,143,71551,59
10,no_leak,0,144,72048,55
10,no_leak,0,145,72552,9
10,no_leak,0,146,73047,0
10,no_leak,0,147,73552,0
10,no_leak,0,148,74047,0
10,no_leak,0,149,74552,0
10,no_leak,0,150,75047,31
10,no_leak,0,151,75551,36
10,no_leak,0,152,76048,3
10,no_leak,0,153,76552,0
10,no_leak,0,154,77047,0
10,no_leak,0,155,77552,0
10,no_leak,0,156,78047,0
10,no_leak,0,157,78552,0
10,no_leak,0,158,79047,7
10,no_leak,0,159,79551,0
10,no_leak,0,160,80048,0
10,no_leak,0,161,80552,0
10,no_leak,0,162,81048,0
10,no_leak,0,163,81552,0
10,no_leak,0,164,82047,0
10,no_leak,0,165,82552,41
10,no_leak,0,166,83047,37
10,no_leak,0,167,83551,23
10,no_leak,0,168,84048,9
10,no_leak,0,169,84552,0
10,no_leak,0,170,85048,0
10,no_leak,0,171,85552,0
10,no_leak,0,172,86047,0
10,no_leak,0,173,86552,37
10,no_leak,0,174,87047,71
10,no_leak,0,175,87552,79
10,no_leak,0,176,88047,43
10,no_leak,0,177,88551,53
10,no_leak,0,178,89048,55
10,no_leak,0,179,89551,69
10,no_leak,0,180,90048,59
10,no_leak,0,181,90552,47
10,no_leak,0,182,91047,25
10,no_leak,0,183,91552,3
10,no_leak,0,184,92047,14
10,no_leak,0,185,92552,61
10,no_leak,0,186,93047,77
10,no_leak,0,187,93551,59
10,no_leak,0,188,94048,52
10,no_leak,0,189,94552,28
10,no_leak,0,190,95047,41
10,no_leak,0,191,95552,90
10,no_leak,0,192,96047,104
10,no_leak,0,193,96552,94
10,no_leak,0,194,97048,83
10,no_leak,0,195,97552,21
10,no_leak,0,196,98047,55
10,no_leak,0,197,98552,73
10,no_leak,0,198,99047,79
10,no_leak,0,199,99552,63
10,no_leak,0,200,100047,55
10,no_leak,0,201,100551,38
10,no_leak,0,202,101048,71
10,no_leak,0,203,101551,93
10,no_leak,0,204,102048,83
10,no_leak,0,205,102552,83
10,no_leak,0,206,103048,63
10,no_leak,0,207,103552,50
10,no_leak,0,208,104048,37
10,no_leak,0,209,104552,22
10,no_leak,0,210,105047,11
10,no_leak,0,211,105552,9
10,no_leak,0,212,106047,47
10,no_leak,0,213,106552,53
10,no_leak,0,214,107048,35
10,no_leak,0,215,107552,99
10,no_leak,0,216,108048,102
10,no_leak,0,217,108552,107
10,no_leak,0,218,109047,107
10,no_leak,0,219,109552,102
10,no_leak,0,220,110047,79
10,no_leak,0,221,110552,89
10,no_leak,0,222,111047,88
10,no_leak,0,223,111551,78
10,no_leak,0,224,112048,111
10,no_leak,0,225,112551,107
10,no_leak,0,226,113048,88
10,no_leak,0,227,113552,54
10,no_leak,0,228,114048,57
10,no_leak,0,229,114552,55
10,no_leak,0,230,115047,69
10,no_leak,0,231,115552,105
10,no_leak,0,232,116047,71
10,no_leak,0,233,116552,52
10,no_leak,0,234,117047,21
10,no_leak,0,235,117552,30
10,no_leak,0,236,118048,39
10,no_leak,0,237,118551,55
10,no_leak,0,238,119048,55
10,no_leak,0,239,119552,19
10,no_leak,0,240,120047,0
10,no_leak,0,241,120552,0
10,no_leak,0,242,121047,8
10,no_leak,0,243,121552,0
10,no_leak,0,244,122047,0
10,no_leak,0,245,122551,0
10,no_leak,0,246,123048,12
10,no_leak,0,247,123552,36
10,no_leak,0,248,124047,12
10,no_leak,0,249,124552,0
10,no_leak,0,250,125047,0
10,no_leak,0,251,125552,0
10,no_leak,0,252,126047,0
10,no_leak,0,253,126552,40
10,no_leak,0,254,127047,61
10,no_leak,0,255,127551,55
10,no_leak,0,256,128048,56
10,no_leak,0,257,128552,33
10,no_leak,0,258,129047,1
10,no_leak,0,259,129552,19
10,no_leak,0,260,130047,27
10,no_leak,0,261,130552,45
10,no_leak,0,262,131047,53
10,no_leak,0,263,131551,75
10,no_leak,0,264,132048,75
10,no_leak,0,265,132552,55
10,no_leak,0,266,133047,24
10,no_leak,0,267,133552,0
10,no_leak,0,268,134047,0
10,no_leak,0,269,134552,0
10,no_leak,0,270,135047,37
10,no_leak,0,271,135551,51
10,no_leak,0,272,136048,29
10,no_leak,0,273,136552,26
10,no_leak,0,274,137047,0
10,no_leak,0,275,137552,0
10,no_leak,0,276,138047,0
10,no_leak,0,277,138552,36
10,no_leak,0,278,139047,48
10,no_leak,0,279,139552,103
10,no_leak,0,280,140048,123
10,no_leak,0,281,140551,111
10,no_leak,0,282,141048,109
10,no_leak,0,283,141552,105
10,no_leak,0,284,142048,41
10,no_leak,0,285,142552,76
10,no_leak,0,286,143047,85
10,no_leak,0,287,143552,93
10,no_leak,0,288,144047,93
10,no_leak,0,289,144552,93
10,no_leak,0,290,145047,89
10,no_leak,0,291,145551,63
10,no_leak,0,292,146048,35
10,no_leak,0,293,146551,43
10,no_leak,0,294,147048,95
10,no_leak,0,295,147552,127
10,no_leak,0,296,148047,137
10,no_leak,0,297,148552,156
10,no_leak,0,298,149047,155
10,no_leak,0,299,149552,139
10,no_leak,0,300,150047,125
10,no_leak,0,301,150551,111
10,no_leak,0,302,151048,125
10,no_leak,0,303,151551,147
10,no_leak,0,304,152048,157
10,no_leak,0,305,152552,184
10,no_leak,0,306,153047,179
10,no_leak,0,307,153552,149
10,no_leak,0,308,154047,133
10,no_leak,0,309,154552,89
10,no_leak,0,310,155047,79
10,no_leak,0,311,155551,137
10,no_leak,0,312,156048,137
10,no_leak,0,313,156551,143
10,no_leak,0,314,157048,116
10,no_leak,0,315,157551,75
10,no_leak,0,316,158048,64
10,no_leak,0,317,158552,57
10,no_leak,0,318,159047,87
10,no_leak,0,319,159552,103
10,no_leak,0,320,160047,75
10,no_leak,0,321,160552,38
10,no_leak,0,322,161048,1
10,no_leak,0,323,161551,11
10,no_leak,0,324,162048,9
10,no_leak,0,325,162551,11
10,no_leak,0,326,163048,9
10,no_leak,0,327,163552,0
10,no_leak,0,328,164047,0
10,no_leak,0,329,164552,0
10,no_leak,0,330,165047,41
10,no_leak,0,331,165552,59
10,no_leak,0,332,166048,46
10,no_leak,0,333,166551,45
10,no_leak,0,334,167048,7
10,no_leak,0,335,167552,0
10,no_leak,0,336,168048,17
10,no_leak,0,337,168552,26
10,no_leak,0,338,169047,62
10,no_leak,0,339,169552,71
10,no_leak,0,340,170047,43
10,no_leak,0,341,170552,9
10,no_leak,0,342,171048,0
10,no_leak,0,343,171551,0
10,no_leak,0,344,172048,46
10,no_leak,0,345,172552,52
10,no_leak,0,346,173047,45
10,no_leak,0,347,173552,41
10,no_leak,0,348,174047,21
10,no_leak,0,349,174552,3
10,no_leak,0,350,175047,0
10,no_leak,0,351,175551,0
10,no_leak,0,352,176048,0
10,no_leak,0,353,176551,9
10,no_leak,0,354,177048,0
10,no_leak,0,355,177552,0
10,no_leak,0,356,178047,0
10,no_leak,0,357,178552,0
10,no_leak,0,358,179047,11
10,no_leak,0,359,179552,11
10,no_leak,0,360,180048,19
10,no_leak,0,361,180551,18
10,no_leak,0,362,181048,0
10,no_leak,0,363,181552,19
10,no_leak,0,364,182048,37
10,no_leak,0,365,182552,75
10,no_leak,0,366,183047,93
10,no_leak,0,367,183552,89
10,no_leak,0,368,184047,116
10,no_leak,0,369,184551,141
10,no_leak,0,370,185048,103
10,no_leak,0,371,185552,109
10,no_leak,0,372,186047,30
10,no_leak,0,373,186552,77
10,no_leak,0,374,187047,61
10,no_leak,0,375,187552,109
10,no_leak,0,376,188048,121
10,no_leak,0,377,188552,79
10,no_leak,0,378,189048,47
10,no_leak,0,379,189552,121
10,no_leak,0,380,190047,135
10,no_leak,0,381,190552,137
10,no_leak,0,382,191047,91
10,no_leak,0,383,191552,57
10,no_leak,0,384,192048,79
10,no_leak,0,385,192551,63
10,no_leak,0,386,193048,108
10,no_leak,0,387,193552,134
10,no_leak,0,388,194047,135
10,no_leak,0,389,194552,115
10,no_leak,0,390,195047,101
10,no_leak,0,391,195552,89
10,no_leak,0,392,196048,99
10,no_leak,0,393,196551,77
10,no_leak,0,394,197048,76
10,no_leak,0,395,197551,110
10,no_leak,0,396,198048,85
10,no_leak,0,397,198552,61
10,no_leak,0,398,199047,29
10,no_leak,0,399,199552,0
10,no_leak,0,400,200047,0
10,no_leak,0,401,200552,27
10,no_leak,0,402,201047,37
10,no_leak,0,403,201551,13
10,no_leak,0,404,202048,10
10,no_leak,0,405,202552,0
10,no_leak,0,406,203048,0
10,no_leak,0,407,203552,19
10,no_leak,0,408,204047,52
10,no_leak,0,409,204552,71
10,no_leak,0,410,205047,109
10,no_leak,0,411,205552,115
10,no_leak,0,412,206048,94
10,no_leak,0,413,206552,117
10,no_leak,0,414,207048,125
10,no_leak,0,415,207552,136
10,no_leak,0,416,208047,143
10,no_leak,0,417,208552,163
10,no_leak,0,418,209047,143
10,no_leak,0,419,209552,125
10,no_leak,0,420,210048,108
10,no_leak,0,421,210551,117
10,no_leak,0,422,211048,125
10,no_leak,0,423,211552,153
10,no_leak,0,424,212047,157
10,no_leak,0,425,212552,117
10,no_leak,0,426,213047,107
10,no_leak,0,427,213552,171
10,no_leak,0,428,214048,203
10,no_leak,0,429,214552,199
10,no_leak,0,430,215047,188
10,no_leak,0,431,215552,175
10,no_leak,0,432,216047,134
10,no_leak,0,433,216552,119
10,no_leak,0,434,217048,115
10,no_leak,0,435,217551,84
10,no_leak,0,436,218048,62
10,no_leak,0,437,218552,63
10,no_leak,0,438,219047,40
10,no_leak,0,439,219552,17
10,no_leak,0,440,220047,0
10,no_leak,0,441,220551,0
10,no_leak,0,442,221048,4
10,no_leak,0,443,221552,9
10,no_leak,0,444,222047,17
10,no_leak,0,445,222552,0
10,no_leak,0,446,223047,0
10,no_leak,0,447,223552,0
10,no_leak,0,448,224048,0
10,no_leak,0,449,224552,0
10,no_leak,0,450,225048,0
10,no_leak,0,451,225552,0
10,no_leak,0,452,226047,9
10,no_leak,0,453,226552,39
10,no_leak,0,454,227047,42
10,no_leak,0,455,227552,47
10,no_leak,0,456,228048,17
10,no_leak,0,457,228552,0
10,no_leak,0,458,229047,0
10,no_leak,0,459,229552,0
10,no_leak,0,460,230047,0
10,no_leak,0,461,230552,0
10,no_leak,0,462,231048,0
10,no_leak,0,463,231552,0
10,no_leak,0,464,232047,0
10,no_leak,0,465,232552,0
10,no_leak,0,466,233047,0
10,no_leak,0,467,233552,0
10,no_leak,0,468,234047,0
10,no_leak,0,469,234551,0
10,no_leak,0,470,235048,0
10,no_leak,0,471,235552,0
10,no_leak,0,472,236048,0
10,no_leak,0,473,236552,0
10,no_leak,0,474,237047,19
10,no_leak,0,475,237552,26
10,no_leak,0,476,238047,41
10,no_leak,0,477,238552,25
10,no_leak,0,478,239048,29
10,no_leak,0,479,239551,13
10,no_leak,0,480,240048,41
10,no_leak,0,481,240552,85
10,no_leak,0,482,241048,109
10,no_leak,0,483,241552,99
10,no_leak,0,484,242047,93
10,no_leak,0,485,242552,103
10,no_leak,0,486,243047,51
10,no_leak,0,487,243552,88
10,no_leak,0,488,244047,165
10,no_leak,0,489,244551,143
10,no_leak,0,490,245048,123
10,no_leak,0,491,245551,91
10,no_leak,0,492,246048,37
10,no_leak,0,493,246552,1
10,no_leak,0,494,247047,7
10,no_leak,0,495,247552,60
10,no_leak,0,496,248047,86
10,no_leak,0,497,248552,122
10,no_leak,0,498,249047,110
10,no_leak,0,499,249551,77
10,no_leak,0,500,250048,89
10,no_leak,0,501,250552,51
10,no_leak,0,502,251047,17
10,no_leak,0,503,251552,51
10,no_leak,0,504,252047,83
10,no_leak,0,505,252552,119
10,no_leak,0,506,253047,109
10,no_leak,0,507,253552,101
10,no_leak,0,508,254048,89
10,no_leak,0,509,254551,103
10,no_leak,0,510,255048,87
10,no_leak,0,511,255552,74
10,no_leak,0,512,256047,45
10,no_leak,0,513,256552,8
10,no_leak,0,514,257047,39
10,no_leak,0,515,257551,6
10,no_leak,0,516,258048,59
10,no_leak,0,517,258552,72
10,no_leak,0,518,259047,59
10,no_leak,0,519,259552,68
10,no_leak,0,520,260047,38
10,no_leak,0,521,260552,72
10,no_leak,0,522,261047,88
10,no_leak,0,523,261551,86
10,no_leak,0,524,262048,94
10,no_leak,0,525,262551,135
10,no_leak,0,526,263048,139
10,no_leak,0,527,263552,115
10,no_leak,0,528,264048,123
10,no_leak,0,529,264552,116
10,no_leak,0,530,265047,52
10,no_leak,0,531,265552,68
10,no_leak,0,532,266047,53
10,no_leak,0,533,266552,103
10,no_leak,0,534,267047,91
10,no_leak,0,535,267551,61
10,no_leak,0,536,268048,24
10,no_leak,0,537,268551,45
10,no_leak,0,538,269048,51
10,no_leak,0,539,269552,42
10,no_leak,0,540,270047,59
10,no_leak,0,541,270552,35
10,no_leak,0,542,271047,59
10,no_leak,0,543,271552,37
10,no_leak,0,544,272048,21
10,no_leak,0,545,272551,37
10,no_leak,0,546,273048,23
10,no_leak,0,547,273552,92
10,no_leak,0,548,274047,91
10,no_leak,0,549,274552,87
10,no_leak,0,550,275047,60
10,no_leak,0,551,275552,21
10,no_leak,0,552,276048,19
10,no_leak,0,553,276551,29
10,no_leak,0,554,277048,47
10,no_leak,0,555,277552,118
10,no_leak,0,556,278048,111
10,no_leak,0,557,278552,84
10,no_leak,0,558,279047,67
10,no_leak,0,559,279552,40
10,no_leak,0,560,280047,58
10,no_leak,0,561,280552,60
10,no_leak,0,562,281048,79
10,no_leak,0,563,281551,137
10,no_leak,0,564,282048,167
10,no_leak,0,565,282551,169
10,no_leak,0,566,283048,157
10,no_leak,0,567,283552,120
10,no_leak,0,568,284047,75
10,no_leak,0,569,284552,77
10,no_leak,0,570,285047,117
10,no_leak,0,571,285551,124
10,no_leak,0,572,286048,88
10,no_leak,0,573,286552,91
10,no_leak,0,574,287047,72
10,no_leak,0,575,287552,51
10,no_leak,0,576,288047,43
10,no_leak,0,577,288552,13
10,no_leak,0,578,289048,26
10,no_leak,0,579,289552,39
10,no_leak,0,580,290047,19
10,no_leak,0,581,290552,53
10,no_leak,0,582,291047,54
10,no_leak,0,583,291552,94
10,no_leak,0,584,292048,83
10,no_leak,0,585,292551,79
10,no_leak,0,586,293048,52
10,no_leak,0,587,293551,73
10,no_leak,0,588,294048,91
10,no_leak,0,589,294551,75
10,no_leak,0,590,295048,53
10,no_leak,0,591,295552,35
10,no_leak,0,592,296047,43
10,no_leak,0,593,296552,69
10,no_leak,0,594,297047,60
10,no_leak,0,595,297552,59
10,no_leak,0,596,298047,87
10,no_leak,0,597,298551,93
10,no_leak,0,598,299048,101
10,no_leak,0,599,299552,133
10,no_leak,0,600,300048,146
10,no_leak,0,601,300552,117
10,no_leak,0,602,301047,71
10,no_leak,0,603,301552,99
10,no_leak,0,604,302047,59
10,no_leak,0,605,302551,69
10,no_leak,0,606,303048,102
10,no_leak,0,607,303551,108
10,no_leak,0,608,304048,79
10,no_leak,0,609,304552,72
10,no_leak,0,610,305047,63
10,no_leak,0,611,305552,60
10,no_leak,0,612,306047,33
10,no_leak,0,613,306552,17
10,no_leak,0,614,307047,21
10,no_leak,0,615,307551,47
10,no_leak,0,616,308048,36
10,no_leak,0,617,308552,59
10,no_leak,0,618,309047,55
10,no_leak,0,619,309552,59
10,no_leak,0,620,310047,87
10,no_leak,0,621,310552,87
10,no_leak,0,622,311048,71
10,no_leak,0,623,311551,53
10,no_leak,0,624,312048,35
10,no_leak,0,625,312552,27
10,no_leak,0,626,313047,1
10,no_leak,0,627,313552,7
10,no_leak,0,628,314047,5
10,no_leak,0,629,314552,5
10,no_leak,0,630,315048,28
10,no_leak,0,631,315552,10
10,no_leak,0,632,316048,0
10,no_leak,0,633,316552,23
10,no_leak,0,634,317047,57
10,no_leak,0,635,317552,43
10,no_leak,0,636,318047,37
10,no_leak,0,637,318552,19
10,no_leak,0,638,319047,48
10,no_leak,0,639,319551,55
10,no_leak,0,640,320048,91
10,no_leak,0,641,320552,103
10,no_leak,0,642,321047,87
10,no_leak,0,643,321552,75
10,no_leak,0,644,322047,71
10,no_leak,0,645,322552,83
10,no_leak,0,646,323047,91
10,no_leak,0,647,323551,79
10,no_leak,0,648,324048,83
10,no_leak,0,649,324551,71
10,no_leak,0,650,325048,51
10,no_leak,0,651,325552,59
10,no_leak,0,652,326047,64
10,no_leak,0,653,326552,55
10,no_leak,0,654,327047,82
10,no_leak,0,655,327552,69
10,no_leak,0,656,328048,85
10,no_leak,0,657,328551,119
10,no_leak,0,658,329048,87
10,no_leak,0,659,329552,79
10,no_leak,0,660,330048,44
10,no_leak,0,661,330552,91
10,no_leak,0,662,331047,85
10,no_leak,0,663,331552,71
10,no_leak,0,664,332047,53
10,no_leak,0,665,332552,54
10,no_leak,0,666,333047,63
10,no_leak,0,667,333551,41
10,no_leak,0,668,334048,16
10,no_leak,0,669,334552,0
10,no_leak,0,670,335047,0
10,no_leak,0,671,335552,8
10,no_leak,0,672,336047,0
10,no_leak,0,673,336552,1
10,no_leak,0,674,337047,18
10,no_leak,0,675,337552,21
10,no_leak,0,676,338048,55
10,no_leak,0,677,338552,71
10,no_leak,0,678,339048,75
10,no_leak,0,679,339552,88
10,no_leak,0,680,340048,85
10,no_leak,0,681,340552,83
10,no_leak,0,682,341047,79
10,no_leak,0,683,341552,37
10,no_leak,0,684,342047,23
10,no_leak,0,685,342552,71
10,no_leak,0,686,343048,75
10,no_leak,0,687,343551,55
10,no_leak,0,688,344048,16
10,no_leak,0,689,344552,0
10,no_leak,0,690,345048,0
10,no_leak,0,691,345552,0
10,no_leak,0,692,346047,7
10,no_leak,0,693,346552,31
10,no_leak,0,694,347047,43
10,no_leak,0,695,347552,31
10,no_leak,0,696,348047,13
10,no_leak,0,697,348552,0
10,no_leak,0,698,349048,0
10,no_leak,0,699,349552,37
10,no_leak,0,700,350047,76
10,no_leak,0,701,350552,86
10,no_leak,0,702,351047,79
10,no_leak,0,703,351552,53
10,no_leak,0,704,352048,19
10,no_leak,0,705,352552,0
10,no_leak,0,706,353047,31
10,no_leak,0,707,353552,61
10,no_leak,0,708,354047,111
10,no_leak,0,709,354552,106
10,no_leak,0,710,355048,85
10,no_leak,0,711,355551,51
10,no_leak,0,712,356048,35
10,no_leak,0,713,356552,12
10,no_leak,0,714,357047,8
10,no_leak,0,715,357552,31
10,no_leak,0,716,358047,61
10,no_leak,0,717,358552,75
10,no_leak,0,718,359047,76
10,no_leak,0,719,359552,61
10,no_leak,0,720,360048,43
10,no_leak,0,721,360551,21
10,no_leak,0,722,361048,43
10,no_leak,0,723,361551,89
10,no_leak,0,724,362048,89
10,no_leak,0,725,362552,121
10,no_leak,0,726,363047,109
10,no_leak,0,727,363552,87
10,no_leak,0,728,364047,67
10,no_leak,0,729,364552,17
10,no_leak,0,730,365047,37
10,no_leak,0,731,365551,59
10,no_leak,0,732,366048,101
10,no_leak,0,733,366552,76
10,no_leak,0,734,367047,41
10,no_leak,0,735,367552,28
10,no_leak,0,736,368047,0
10,no_leak,0,737,368552,15
10,no_leak,0,738,369047,23
10,no_leak,0,739,369551,18
10,no_leak,0,740,370048,0
10,no_leak,0,741,370552,0
10,no_leak,0,742,371047,0
10,no_leak,0,743,371552,0
10,no_leak,0,744,372047,0
10,no_leak,0,745,372551,0
10,no_leak,0,746,373048,0
10,no_leak,0,747,373551,0
10,no_leak,0,748,374048,37
10,no_leak,0,749,374552,88
10,no_leak,0,750,375047,59
10,no_leak,0,751,375552,39
10,no_leak,0,752,376047,57
10,no_leak,0,753,376551,26
10,no_leak,0,754,377048,41
10,no_leak,0,755,377552,103
10,no_leak,0,756,378047,119
10,no_leak,0,757,378552,61
10,no_leak,0,758,379047,57
10,no_leak,0,759,379552,33
10,no_leak,0,760,380047,7
10,no_leak,0,761,380551,21
10,no_leak,0,762,381048,22
10,no_leak,0,763,381551,19
10,no_leak,0,764,382048,62
10,no_leak,0,765,382552,77
10,no_leak,0,766,383047,57
10,no_leak,0,767,383552,60
10,no_leak,0,768,384047,73
10,no_leak,0,769,384552,71
10,no_leak,0,770,385047,105
10,no_leak,0,771,385551,182
10,no_leak,0,772,386048,207
10,no_leak,0,773,386552,184
10,no_leak,0,774,387047,169
10,no_leak,0,775,387552,151
10,no_leak,0,776,388047,143
10,no_leak,0,777,388551,117
10,no_leak,0,778,389048,143
10,no_leak,0,779,389551,147
10,no_leak,0,780,390048,153
10,no_leak,0,781,390552,171
10,no_leak,0,782,391048,151
10,no_leak,0,783,391552,135
10,no_leak,0,784,392047,111
10,no_leak,0,785,392552,74
10,no_leak,0,786,393047,44
10,no_leak,0,787,393552,47
10,no_leak,0,788,394047,41
10,no_leak,0,789,394551,37
10,no_leak,0,790,395048,45
10,no_leak,0,791,395552,47
10,no_leak,0,792,396047,53
10,no_leak,0,793,396552,28
10,no_leak,0,794,397047,7
10,no_leak,0,795,397552,55
10,no_leak,0,796,398048,57
10,no_leak,0,797,398552,73
10,no_leak,0,798,399048,79
10,no_leak,0,799,399552,47
10,no_leak,0,800,400047,71
10,no_leak,0,801,400552,94
10,no_leak,0,802,401047,95
10,no_leak,0,803,401552,73
10,no_leak,0,804,402048,37
10,no_leak,0,805,402552,60
10,no_leak,0,806,403048,81
10,no_leak,0,807,403552,86
10,no_leak,0,808,404047,109
10,no_leak,0,809,404552,122
10,no_leak,0,810,405047,111
10,no_leak,0,811,405552,89
10,no_leak,0,812,406048,45
10,no_leak,0,813,406552,54
10,no_leak,0,814,407048,35
10,no_leak,0,815,407552,9
10,no_leak,0,816,408047,46
10,no_leak,0,817,408552,31
10,no_leak,0,818,409047,12
10,no_leak,0,819,409552,0
10,no_leak,0,820,410048,0
10,no_leak,0,821,410552,1
10,no_leak,0,822,411048,29
10,no_leak,0,823,411552,37
10,no_leak,0,824,412047,19
10,no_leak,0,825,412552,11
10,no_leak,0,826,413047,0
10,no_leak,0,827,413552,22
10,no_leak,0,828,414047,53
10,no_leak,0,829,414551,39
10,no_leak,0,830,415048,43
10,no_leak,0,831,415552,12
10,no_leak,0,832,416048,25
10,no_leak,0,833,416552,53
10,no_leak,0,834,417048,60
10,no_leak,0,835,417552,57
10,no_leak,0,836,418047,21
10,no_leak,0,837,418552,3
10,no_leak,0,838,419047,46
10,no_leak,0,839,419551,62
10,no_leak,0,840,420048,74
10,no_leak,0,841,420552,78
10,no_leak,0,842,421047,89
10,no_leak,0,843,421552,73
10,no_leak,0,844,422047,73
10,no_leak,0,845,422552,53
10,no_leak,0,846,423047,18
10,no_leak,0,847,423551,13
10,no_leak,0,848,424048,21
10,no_leak,0,849,424552,41
10,no_leak,0,850,425047,70
10,no_leak,0,851,425552,75
10,no_leak,0,852,426047,61
10,no_leak,0,853,426552,53
10,no_leak,0,854,427047,27
10,no_leak,0,855,427552,61
10,no_leak,0,856,428048,76
10,no_leak,0,857,428552,87
10,no_leak,0,858,429048,106
10,no_leak,0,859,429552,99
10,no_leak,0,860,430048,88
10,no_leak,0,861,430552,59
10,no_leak,0,862,431047,84
10,no_leak,0,863,431552,82
10,no_leak,0,864,432047,134
10,no_leak,0,865,432552,157
10,no_leak,0,866,433048,145
10,no_leak,0,867,433552,121
10,no_leak,0,868,434048,99
10,no_leak,0,869,434552,104
10,no_leak,0,870,435047,101
10,no_leak,0,871,435552,101
10,no_leak,0,872,436047,100
10,no_leak,0,873,436552,35
10,no_leak,0,874,437048,78
10,no_leak,0,875,437552,61
10,no_leak,0,876,438048,41
10,no_leak,0,877,438552,3
10,no_leak,0,878,439047,0
10,no_leak,0,879,439552,0
10,no_leak,0,880,440047,0
10,no_leak,0,881,440552,17
10,no_leak,0,882,441047,13
10,no_leak,0,883,441551,9
10,no_leak,0,884,442048,43
10,no_leak,0,885,442552,85
10,no_leak,0,886,443048,83
10,no_leak,0,887,443552,62
10,no_leak,0,888,444047,27
10,no_leak,0,889,444552,58
10,no_leak,0,890,445047,75
10,no_leak,0,891,445552,104
10,no_leak,0,892,446047,159
10,no_leak,0,893,446551,175
10,no_leak,0,894,447048,135
10,no_leak,0,895,447552,103
10,no_leak,0,896,448048,86
10,no_leak,0,897,448552,109
10,no_leak,0,898,449047,109
10,no_leak,0,899,449552,121
10,no_leak,0,900,450047,99
10,no_leak,0,901,450551,91
10,no_leak,0,902,451048,73
10,no_leak,0,903,451551,51
10,no_leak,0,904,452048,55
10,no_leak,0,905,452552,29
10,no_leak,0,906,453048,22
10,no_leak,0,907,453552,40
10,no_leak,0,908,454047,28
10,no_leak,0,909,454552,3
10,no_leak,0,910,455047,0
10,no_leak,0,911,455552,0
10,no_leak,0,912,456047,0
10,no_leak,0,913,456551,12
10,no_leak,0,914,457048,11
10,no_leak,0,915,457552,0
10,no_leak,0,916,458047,23
10,no_leak,0,917,458552,52
10,no_leak,0,918,459047,69
10,no_leak,0,919,459551,78
10,no_leak,0,920,460048,59
10,no_leak,0,921,460552,85
10,no_leak,0,922,461048,135
10,no_leak,0,923,461552,123
10,no_leak,0,924,462047,93
10,no_leak,0,925,462552,62
10,no_leak,0,926,463047,103
10,no_leak,0,927,463552,93
10,no_leak,0,928,464048,47
10,no_leak,0,929,464551,20
10,no_leak,0,930,465048,29
10,no_leak,0,931,465552,17
10,no_leak,0,932,466047,1
10,no_leak,0,933,466552,0
10,no_leak,0,934,467047,0
10,no_leak,0,935,467552,0
10,no_leak,0,936,468047,8
10,no_leak,0,937,468552,21
10,no_leak,0,938,469047,21
10,no_leak,0,939,469551,0
10,no_leak,0,940,470048,26
10,no_leak,0,941,470552,87
10,no_leak,0,942,471048,67
10,no_leak,0,943,471552,57
10,no_leak,0,944,472047,99
10,no_leak,0,945,472552,149
10,no_leak,0,946,473047,147
10,no_leak,0,947,473552,149
10,no_leak,0,948,474048,139
10,no_leak,0,949,474551,111
10,no_leak,0,950,475048,99
10,no_leak,0,951,475552,105
10,no_leak,0,952,476048,97
10,no_leak,0,953,476552,123
10,no_leak,0,954,477047,102
10,no_leak,0,955,477552,71
10,no_leak,0,956,478047,41
10,no_leak,0,957,478552,5
10,no_leak,0,958,479047,13
10,no_leak,0,959,479551,38
10,no_leak,0,960,480048,57
10,no_leak,0,961,480551,39
10,no_leak,0,962,481048,21
10,no_leak,0,963,481552,35
10,no_leak,0,964,482048,24
10,no_leak,0,965,482552,53
10,no_leak,0,966,483047,100
10,no_leak,0,967,483552,109
10,no_leak,0,968,484047,103
10,no_leak,0,969,484552,73
10,no_leak,0,970,485048,39
10,no_leak,0,971,485551,56
10,no_leak,0,972,486048,45
10,no_leak,0,973,486552,57
10,no_leak,0,974,487047,75
10,no_leak,0,975,487552,67
10,no_leak,0,976,488047,87
10,no_leak,0,977,488552,87
10,no_leak,0,978,489048,60
10,no_leak,0,979,489552,61
10,no_leak,0,980,490048,19
10,no_leak,0,981,490552,71
10,no_leak,0,982,491048,83
10,no_leak,0,983,491552,91
10,no_leak,0,984,492048,79
10,no_leak,0,985,492552,22
10,no_leak,0,986,493047,0
10,no_leak,0,987,493552,47
10,no_leak,0,988,494047,59
10,no_leak,0,989,494552,69
10,no_leak,0,990,495047,43
10,no_leak,0,991,495551,11
10,no_leak,0,992,496048,22
10,no_leak,0,993,496552,43
10,no_leak,0,994,497047,55
10,no_leak,0,995,497552,87
10,no_leak,0,996,498047,92
10,no_leak,0,997,498552,56
10,no_leak,0,998,499047,8
10,no_leak,0,999,499551,16
10,no_leak,0,1000,500048,40
10,no_leak,0,1001,500552,18
10,no_leak,0,1002,501047,0
10,no_leak,0,1003,501552,0
10,no_leak,0,1004,502047,0
10,no_leak,0,1005,502552,0
10,no_leak,0,1006,503047,45
10,no_leak,0,1007,503551,13
10,no_leak,0,1008,504048,20
10,no_leak,0,1009,504552,7
10,no_leak,0,1010,505047,0
10,no_leak,0,1011,505552,27
10,no_leak,0,1012,506047,73
10,no_leak,0,1013,506552,112
10,no_leak,0,1014,507047,135
10,no_leak,0,1015,507552,137
10,no_leak,0,1016,508048,119
10,no_leak,0,1017,508552,103
10,no_leak,0,1018,509047,77
10,no_leak,0,1019,509552,68
10,no_leak,0,1020,510047,85
10,no_leak,0,1021,510552,126
10,no_leak,0,1022,511047,143
10,no_leak,0,1023,511551,125
10,no_leak,0,1024,512048,111
10,no_leak,0,1025,512552,75
10,no_leak,0,1026,513047,37
10,no_leak,0,1027,513552,58
10,no_leak,0,1028,514047,77
10,no_leak,0,1029,514552,103
10,no_leak,0,1030,515048,117
10,no_leak,0,1031,515552,126
10,no_leak,0,1032,516047,107
10,no_leak,0,1033,516552,105
10,no_leak,0,1034,517047,73
10,no_leak,0,1035,517552,72
10,no_leak,0,1036,518047,21
10,no_leak,0,1037,518552,41
10,no_leak,0,1038,519048,52
10,no_leak,0,1039,519552,44
10,no_leak,0,1040,520048,73
10,no_leak,0,1041,520552,69
10,no_leak,0,1042,521048,13
10,no_leak,0,1043,521552,0
10,no_leak,0,1044,522047,29
10,no_leak,0,1045,522552,40
10,no_leak,0,1046,523047,43
10,no_leak,0,1047,523552,12
10,no_leak,0,1048,524047,0
10,no_leak,0,1049,524551,0
10,no_leak,0,1050,525048,55
10,no_leak,0,1051,525552,47
10,no_leak,0,1052,526047,44
10,no_leak,0,1053,526552,36
10,no_leak,0,1054,527047,27
10,no_leak,0,1055,527552,59
10,no_leak,0,1056,528047,109
10,no_leak,0,1057,528552,105
10,no_leak,0,1058,529048,83
10,no_leak,0,1059,529552,55
10,no_leak,0,1060,530047,23
10,no_leak,0,1061,530552,11
10,no_leak,0,1062,531047,12
10,no_leak,0,1063,531551,18
10,no_leak,0,1064,532048,62
10,no_leak,0,1065,532551,87
10,no_leak,0,1066,533048,69
10,no_leak,0,1067,533552,57
10,no_leak,0,1068,534047,25
10,no_leak,0,1069,534552,54
10,no_leak,0,1070,535047,93
10,no_leak,0,1071,535552,111
10,no_leak,0,1072,536048,119
10,no_leak,0,1073,536551,107
10,no_leak,0,1074,537048,99
10,no_leak,0,1075,537552,83
10,no_leak,0,1076,538047,63
10,no_leak,0,1077,538552,94
10,no_leak,0,1078,539047,93
10,no_leak,0,1079,539552,111
10,no_leak,0,1080,540047,109
10,no_leak,0,1081,540552,87
10,no_leak,0,1082,541048,35
10,no_leak,0,1083,541552,61
10,no_leak,0,1084,542048,79
10,no_leak,0,1085,542552,98
10,no_leak,0,1086,543047,71
10,no_leak,0,1087,543552,28
10,no_leak,0,1088,544047,55
10,no_leak,0,1089,544551,85
10,no_leak,0,1090,545048,89
10,no_leak,0,1091,545551,59
10,no_leak,0,1092,546048,62
10,no_leak,0,1093,546551,51
10,no_leak,0,1094,547048,12
10,no_leak,0,1095,547551,11
10,no_leak,0,1096,548048,39
10,no_leak,0,1097,548552,44
10,no_leak,0,1098,549048,37
10,no_leak,0,1099,549552,29
10,no_leak,0,1100,550047,0
10,no_leak,0,1101,550552,0
10,no_leak,0,1102,551047,0
10,no_leak,0,1103,551552,8
10,no_leak,0,1104,552047,4
10,no_leak,0,1105,552551,0
10,no_leak,0,1106,553048,0
10,no_leak,0,1107,553552,0
10,no_leak,0,1108,554048,21
10,no_leak,0,1109,554552,45
10,no_leak,0,1110,555047,45
10,no_leak,0,1111,555552,29
10,no_leak,0,1112,556047,0
10,no_leak,0,1113,556552,12
10,no_leak,0,1114,557047,72
10,no_leak,0,1115,557551,99
10,no_leak,0,1116,558048,77
10,no_leak,0,1117,558552,83
10,no_leak,0,1118,559048,86
10,no_leak,0,1119,559552,73
10,no_leak,0,1120,560048,91
10,no_leak,0,1121,560552,83
10,no_leak,0,1122,561047,30
10,no_leak,0,1123,561552,47
10,no_leak,0,1124,562047,101
10,no_leak,0,1125,562552,82
10,no_leak,0,1126,563048,77
10,no_leak,0,1127,563551,58
10,no_leak,0,1128,564048,9
10,no_leak,0,1129,564552,56
10,no_leak,0,1130,565047,79
10,no_leak,0,1131,565552,73
10,no_leak,0,1132,566047,41
10,no_leak,0,1133,566552,3
10,no_leak,0,1134,567048,74
10,no_leak,0,1135,567551,93
10,no_leak,0,1136,568048,101
10,no_leak,0,1137,568552,105
10,no_leak,0,1138,569047,84
10,no_leak,0,1139,569552,37
10,no_leak,0,1140,570047,31
10,no_leak,0,1141,570552,61
10,no_leak,0,1142,571048,43
10,no_leak,0,1143,571552,109
10,no_leak,0,1144,572047,109
10,no_leak,0,1145,572552,89
10,no_leak,0,1146,573047,78
10,no_leak,0,1147,573552,51
10,no_leak,0,1148,574047,22
10,no_leak,0,1149,574552,12
10,no_leak,0,1150,575048,70
10,no_leak,0,1151,575552,72
10,no_leak,0,1152,576048,95
10,no_leak,0,1153,576552,103
10,no_leak,0,1154,577047,107
10,no_leak,0,1155,577552,152
10,no_leak,0,1156,578047,115
10,no_leak,0,1157,578552,107
10,no_leak,0,1158,579047,89
10,no_leak,0,1159,579551,89
10,no_leak,0,1160,580048,30
10,no_leak,0,1161,580552,37
10,no_leak,0,1162,581048,59
10,no_leak,0,1163,581552,10
10,no_leak,0,1164,582047,43
10,no_leak,0,1165,582552,51
10,no_leak,0,1166,583047,24
10,no_leak,0,1167,583551,7
10,no_leak,0,1168,584048,0
10,no_leak,0,1169,584551,0
10,no_leak,0,1170,585048,0
10,no_leak,0,1171,585552,4
10,no_leak,0,1172,586047,0
10,no_leak,0,1173,586552,0
10,no_leak,0,1174,587047,0
10,no_leak,0,1175,587552,0
10,no_leak,0,1176,588048,0
10,no_leak,0,1177,588552,37
10,no_leak,0,1178,589048,63
10,no_leak,0,1179,589552,83
10,no_leak,0,1180,590047,82
10,no_leak,0,1181,590552,60
10,no_leak,0,1182,591047,18
10,no_leak,0,1183,591552,71
10,no_leak,0,1184,592047,57
10,no_leak,0,1185,592552,116
10,no_leak,0,1186,593047,117
10,no_leak,0,1187,593551,115
10,no_leak,0,1188,594048,118
10,no_leak,0,1189,594552,59
10,no_leak,0,1190,595047,16
10,no_leak,0,1191,595552,40
10,no_leak,0,1192,596047,61
10,no_leak,0,1193,596552,91
10,no_leak,0,1194,597047,121
10,no_leak,0,1195,597551,99
10,no_leak,0,1196,598048,74
10,no_leak,0,1197,598552,53
10,no_leak,0,1198,599048,5
10,no_leak,0,1199,599552,0
10,no_leak,0,1200,600047,0
10,no_leak,0,1201,600552,3
10,no_leak,0,1202,601047,41
10,no_leak,0,1203,601552,51
10,no_leak,0,1204,602047,33
10,no_leak,0,1205,602551,31
10,no_leak,0,1206,603048,24
10,no_leak,0,1207,603552,22
10,no_leak,0,1208,604047,7
10,no_leak,0,1209,604552,0
10,no_leak,0,1210,605047,0
10,no_leak,0,1211,605552,43
10,no_leak,0,1212,606048,40
10,no_leak,0,1213,606551,99
10,no_leak,0,1214,607048,121
10,no_leak,0,1215,607552,121
10,no_leak,0,1216,608048,114
10,no_leak,0,1217,608552,93
10,no_leak,0,1218,609047,93
10,no_leak,0,1219,609552,73
10,no_leak,0,1220,610047,77
10,no_leak,0,1221,610552,99
10,no_leak,0,1222,611047,169
10,no_leak,0,1223,611551,165
10,no_leak,0,1224,612048,141
10,no_leak,0,1225,612552,119
10,no_leak,0,1226,613047,87
10,no_leak,0,1227,613552,45
10,no_leak,0,1228,614047,30
10,no_leak,0,1229,614552,42
10,no_leak,0,1230,615047,36
10,no_leak,0,1231,615551,29
10,no_leak,0,1232,616048,45
10,no_leak,0,1233,616552,61
10,no_leak,0,1234,617047,63
10,no_leak,0,1235,617552,55
10,no_leak,0,1236,618047,36
10,no_leak,0,1237,618552,30
10,no_leak,0,1238,619048,41
10,no_leak,0,1239,619552,75
10,no_leak,0,1240,620047,144
10,no_leak,0,1241,620552,168
10,no_leak,0,1242,621047,175
10,no_leak,0,1243,621552,185
10,no_leak,0,1244,622047,174
10,no_leak,0,1245,622551,170
10,no_leak,0,1246,623048,141
10,no_leak,0,1247,623551,101
10,no_leak,0,1248,624048,79
10,no_leak,0,1249,624552,56
10,no_leak,0,1250,625047,55
10,no_leak,0,1251,625552,77
10,no_leak,0,1252,626047,135
10,no_leak,0,1253,626551,155
10,no_leak,0,1254,627048,149
10,no_leak,0,1255,627551,141
10,no_leak,0,1256,628048,115
10,no_leak,0,1257,628552,123
10,no_leak,0,1258,629048,87
10,no_leak,0,1259,629552,42
10,no_leak,0,1260,630047,2
10,no_leak,0,1261,630552,0
10,no_leak,0,1262,631047,18
10,no_leak,0,1263,631552,73
10,no_leak,0,1264,632047,85
10,no_leak,0,1265,632552,79
10,no_leak,0,1266,633048,51
10,no_leak,0,1267,633552,24
10,no_leak,0,1268,634048,0
10,no_leak,0,1269,634551,0
10,no_leak,0,1270,635048,0
10,no_leak,0,1271,635552,0
10,no_leak,0,1272,636047,0
10,no_leak,0,1273,636552,33
10,no_leak,0,1274,637047,40
10,no_leak,0,1275,637551,37
10,no_leak,0,1276,638048,31
10,no_leak,0,1277,638552,22
10,no_leak,0,1278,639047,13
10,no_leak,0,1279,639552,0
10,no_leak,0,1280,640047,0
10,no_leak,0,1281,640552,0
10,no_leak,0,1282,641048,25
10,no_leak,0,1283,641552,71
10,no_leak,0,1284,642047,57
10,no_leak,0,1285,642552,69
10,no_leak,0,1286,643047,46
10,no_leak,0,1287,643552,33
10,no_leak,0,1288,644048,7
10,no_leak,0,1289,644551,5
10,no_leak,0,1290,645048,5
10,no_leak,0,1291,645552,25
10,no_leak,0,1292,646047,40
10,no_leak,0,1293,646552,58
10,no_leak,0,1294,647047,43
10,no_leak,0,1295,647551,30
10,no_leak,0,1296,648048,5
10,no_leak,0,1297,648551,35
10,no_leak,0,1298,649048,48
10,no_leak,0,1299,649552,77
10,no_leak,0,1300,650048,75
10,no_leak,0,1301,650552,38
10,no_leak,0,1302,651047,37
10,no_leak,0,1303,651552,51
10,no_leak,0,1304,652047,72
10,no_leak,0,1305,652551,102
10,no_leak,0,1306,653048,101
10,no_leak,0,1307,653552,84
10,no_leak,0,1308,654048,60
10,no_leak,0,1309,654552,47
10,no_leak,0,1310,655047,25
10,no_leak,0,1311,655552,67
10,no_leak,0,1312,656047,104
10,no_leak,0,1313,656552,112
10,no_leak,0,1314,657047,121
10,no_leak,0,1315,657552,123
10,no_leak,0,1316,658048,103
10,no_leak,0,1317,658552,63
10,no_leak,0,1318,659048,69
10,no_leak,0,1319,659552,104
10,no_leak,0,1320,660047,101
10,no_leak,0,1321,660552,107
10,no_leak,0,1322,661047,147
10,no_leak,0,1323,661552,149
10,no_leak,0,1324,662047,121
10,no_leak,0,1325,662552,92
10,no_leak,0,1326,663048,59
10,no_leak,0,1327,663552,58
10,no_leak,0,1328,664048,63
10,no_leak,0,1329,664552,101
10,no_leak,0,1330,665047,125
10,no_leak,0,1331,665552,125
10,no_leak,0,1332,666047,121
10,no_leak,0,1333,666551,111
10,no_leak,0,1334,667048,63
10,no_leak,0,1335,667552,91
10,no_leak,0,1336,668047,87
10,no_leak,0,1337,668552,145
10,no_leak,0,1338,669047,136
10,no_leak,0,1339,669552,115
10,no_leak,0,1340,670047,61
10,no_leak,0,1341,670551,29
10,no_leak,0,1342,671048,1
10,no_leak,0,1343,671552,19
10,no_leak,0,1344,672048,112
10,no_leak,0,1345,672552,136
10,no_leak,0,1346,673048,146
10,no_leak,0,1347,673552,167
10,no_leak,0,1348,674047,158
10,no_leak,0,1349,674552,133
10,no_leak,0,1350,675047,56
10,no_leak,0,1351,675551,39
10,no_leak,0,1352,676048,31
10,no_leak,0,1353,676552,108
10,no_leak,0,1354,677048,115
10,no_leak,0,1355,677552,104
10,no_leak,0,1356,678047,91
10,no_leak,0,1357,678552,87
10,no_leak,0,1358,679047,75
10,no_leak,0,1359,679552,59
10,no_leak,0,1360,680047,48
10,no_leak,0,1361,680551,17
10,no_leak,0,1362,681048,0
10,no_leak,0,1363,681551,0
10,no_leak,0,1364,682048,0
10,no_leak,0,1365,682552,0
10,no_leak,0,1366,683047,13
10,no_leak,0,1367,683552,59
10,no_leak,0,1368,684047,44
10,no_leak,0,1369,684551,55
10,no_leak,0,1370,685048,51
10,no_leak,0,1371,685552,55
10,no_leak,0,1372,686048,41
10,no_leak,0,1373,686552,4
10,no_leak,0,1374,687047,0
10,no_leak,0,1375,687552,0
10,no_leak,0,1376,688047,0
10,no_leak,0,1377,688552,30
10,no_leak,0,1378,689048,57
10,no_leak,0,1379,689552,59
10,no_leak,0,1380,690048,53
10,no_leak,0,1381,690552,40
10,no_leak,0,1382,691047,19
10,no_leak,0,1383,691552,0
10,no_leak,0,1384,692047,0
10,no_leak,0,1385,692552,0
10,no_leak,0,1386,693048,0
10,no_leak,0,1387,693552,81
10,no_leak,0,1388,694048,75
10,no_leak,0,1389,694552,75
10,no_leak,0,1390,695047,85
10,no_leak,0,1391,695552,83
10,no_leak,0,1392,696047,83
10,no_leak,0,1393,696552,77
10,no_leak,0,1394,697048,71
10,no_leak,0,1395,697552,39
10,no_leak,0,1396,698047,1
10,no_leak,0,1397,698552,0
10,no_leak,0,1398,699047,0
10,no_leak,0,1399,699552,0
10,no_leak,0,1400,700048,0
10,no_leak,0,1401,700552,0
10,no_leak,0,1402,701048,0
10,no_leak,0,1403,701552,0
10,no_leak,0,1404,702048,0
10,no_leak,0,1405,702552,0
10,no_leak,0,1406,703047,0
10,no_leak,0,1407,703552,0
10,no_leak,0,1408,704047,0
10,no_leak,0,1409,704552,0
10,no_leak,0,1410,705047,77
10,no_leak,0,1411,705552,90
10,no_leak,0,1412,706048,105
10,no_leak,0,1413,706551,119
10,no_leak,0,1414,707048,115
10,no_leak,0,1415,707552,122
10,no_leak,0,1416,708048,110
10,no_leak,0,1417,708552,118
10,no_leak,0,1418,709048,71
10,no_leak,0,1419,709552,76
10,no_leak,0,1420,710047,105
10,no_leak,0,1421,710552,149
10,no_leak,0,1422,711047,159
10,no_leak,0,1423,711552,151
10,no_leak,0,1424,712048,135
10,no_leak,0,1425,712551,119
10,no_leak,0,1426,713048,110
10,no_leak,0,1427,713552,85
10,no_leak,0,1428,714048,45
10,no_leak,0,1429,714552,45
10,no_leak,0,1430,715047,69
10,no_leak,0,1431,715552,105
10,no_leak,0,1432,716047,107
10,no_leak,0,1433,716552,51
10,no_leak,0,1434,717047,62
10,no_leak,0,1435,717552,110
10,no_leak,0,1436,718048,119
10,no_leak,0,1437,718551,124
10,no_leak,0,1438,719048,95
10,no_leak,0,1439,719552,83
10,no_leak,0,1440,720047,69
10,no_leak,0,1441,720552,42
10,no_leak,0,1442,721047,55
10,no_leak,0,1443,721552,89
10,no_leak,0,1444,722047,93
10,no_leak,0,1445,722551,87
10,no_leak,0,1446,723048,115
10,no_leak,0,1447,723552,142
10,no_leak,0,1448,724047,149
10,no_leak,0,1449,724552,165
10,no_leak,0,1450,725047,150
10,no_leak,0,1451,725552,143
10,no_leak,0,1452,726048,139
10,no_leak,0,1453,726551,116
10,no_leak,0,1454,727048,83
10,no_leak,0,1455,727552,63
10,no_leak,0,1456,728047,52
10,no_leak,0,1457,728552,47
10,no_leak,0,1458,729047,51
10,no_leak,0,1459,729552,26
10,no_leak,0,1460,730048,2
10,no_leak,0,1461,730552,0
10,no_leak,0,1462,731048,0
10,no_leak,0,1463,731552,0
10,no_leak,0,1464,732047,0
10,no_leak,0,1465,732552,0
10,no_leak,0,1466,733047,0
10,no_leak,0,1467,733552,0
10,no_leak,0,1468,734047,0
10,no_leak,0,1469,734551,0
10,no_leak,0,1470,735048,7
10,no_leak,0,1471,735551,3
10,no_leak,0,1472,736048,0
10,no_leak,0,1473,736552,0
10,no_leak,0,1474,737048,0
10,no_leak,0,1475,737552,18
10,no_leak,0,1476,738047,12
10,no_leak,0,1477,738552,75
10,no_leak,0,1478,739047,73
10,no_leak,0,1479,739551,64
10,no_leak,0,1480,740048,50
10,no_leak,0,1481,740552,12
10,no_leak,0,1482,741048,11
10,no_leak,0,1483,741552,36
10,no_leak,0,1484,742047,56
10,no_leak,0,1485,742552,103
10,no_leak,0,1486,743047,68
10,no_leak,0,1487,743552,42
10,no_leak,0,1488,744048,40
10,no_leak,0,1489,744552,1
10,no_leak,0,1490,745047,37
10,no_leak,0,1491,745552,78
10,no_leak,0,1492,746047,83
10,no_leak,0,1493,746552,109
10,no_leak,0,1494,747047,85
10,no_leak,0,1495,747551,56
10,no_leak,0,1496,748048,20
10,no_leak,0,1497,748552,0
10,no_leak,0,1498,749048,0
10,no_leak,0,1499,749552,35
10,no_leak,0,1500,750047,47
10,no_leak,0,1501,750552,72
10,no_leak,0,1502,751047,74
10,no_leak,0,1503,751551,75
10,no_leak,0,1504,752048,63
10,no_leak,0,1505,752552,67
10,no_leak,0,1506,753048,38
10,no_leak,0,1507,753552,36
10,no_leak,0,1508,754047,21
10,no_leak,0,1509,754552,33
10,no_leak,0,1510,755047,69
10,no_leak,0,1511,755552,72
10,no_leak,0,1512,756047,91
10,no_leak,0,1513,756551,81
10,no_leak,0,1514,757048,43
10,no_leak,0,1515,757552,41
10,no_leak,0,1516,758047,22
10,no_leak,0,1517,758552,13
10,no_leak,0,1518,759047,47
10,no_leak,0,1519,759552,92
10,no_leak,0,1520,760047,91
10,no_leak,0,1521,760551,73
10,no_leak,0,1522,761048,51
10,no_leak,0,1523,761552,31
10,no_leak,0,1524,762047,41
10,no_leak,0,1525,762552,55
10,no_leak,0,1526,763047,102
10,no_leak,0,1527,763552,121
10,no_leak,0,1528,764047,103
10,no_leak,0,1529,764552,105
10,no_leak,0,1530,765048,90
10,no_leak,0,1531,765552,59
10,no_leak,0,1532,766048,78
10,no_leak,0,1533,766552,73
10,no_leak,0,1534,767048,75
10,no_leak,0,1535,767552,91
10,no_leak,0,1536,768047,105
10,no_leak,0,1537,768552,107
10,no_leak,0,1538,769047,85
10,no_leak,0,1539,769551,36
10,no_leak,0,1540,770048,72
10,no_leak,0,1541,770552,137
10,no_leak,0,1542,771047,143
10,no_leak,0,1543,771552,125
10,no_leak,0,1544,772047,171
10,no_leak,0,1545,772552,173
10,no_leak,0,1546,773047,155
10,no_leak,0,1547,773551,147
10,no_leak,0,1548,774048,137
10,no_leak,0,1549,774552,135
10,no_leak,0,1550,775047,107
10,no_leak,0,1551,775552,145
10,no_leak,0,1552,776047,142
10,no_leak,0,1553,776552,94
10,no_leak,0,1554,777047,141
10,no_leak,0,1555,777552,156
10,no_leak,0,1556,778048,139
10,no_leak,0,1557,778551,117
10,no_leak,0,1558,779048,105
10,no_leak,0,1559,779552,67
10,no_leak,0,1560,780048,57
10,no_leak,0,1561,780552,91
10,no_leak,0,1562,781047,87
10,no_leak,0,1563,781552,115
10,no_leak,0,1564,782047,91
10,no_leak,0,1565,782552,52
10,no_leak,0,1566,783048,37
10,no_leak,0,1567,783551,1
10,no_leak,0,1568,784048,3
10,no_leak,0,1569,784552,25
10,no_leak,0,1570,785048,25
10,no_leak,0,1571,785552,6
10,no_leak,0,1572,786048,0
10,no_leak,0,1573,786552,0
10,no_leak,0,1574,787047,0
10,no_leak,0,1575,787552,27
10,no_leak,0,1576,788047,26
10,no_leak,0,1577,788552,38
10,no_leak,0,1578,789047,6
10,no_leak,0,1579,789551,0
10,no_leak,0,1580,790048,0
10,no_leak,0,1581,790551,0
10,no_leak,0,1582,791048,25
10,no_leak,0,1583,791552,41
10,no_leak,0,1584,792047,39
10,no_leak,0,1585,792552,29
10,no_leak,0,1586,793047,10
10,no_leak,0,1587,793552,0
10,no_leak,0,1588,794048,0
10,no_leak,0,1589,794552,0
10,no_leak,0,1590,795048,4
10,no_leak,0,1591,795552,29
10,no_leak,0,1592,796047,31
10,no_leak,0,1593,796552,11
10,no_leak,0,1594,797047,0
10,no_leak,0,1595,797552,0
10,no_leak,0,1596,798048,54
10,no_leak,0,1597,798552,75
10,no_leak,0,1598,799047,55
10,no_leak,0,1599,799552,27
10,no_leak,0,1600,800047,24
10,no_leak,0,1601,800552,83
10,no_leak,0,1602,801048,127
10,no_leak,0,1603,801551,149
10,no_leak,0,1604,802048,140
10,no_leak,0,1605,802552,108
10,no_leak,0,1606,803047,76
10,no_leak,0,1607,803552,71
10,no_leak,0,1608,804047,103
10,no_leak,0,1609,804552,138
10,no_leak,0,1610,805047,79
10,no_leak,0,1611,805551,72
10,no_leak,0,1612,806048,82
10,no_leak,0,1613,806552,76
10,no_leak,0,1614,807048,45
10,no_leak,0,1615,807552,21
10,no_leak,0,1616,808047,3
10,no_leak,0,1617,808552,41
10,no_leak,0,1618,809047,63
10,no_leak,0,1619,809552,116
10,no_leak,0,1620,810048,133
10,no_leak,0,1621,810552,125
10,no_leak,0,1622,811047,87
10,no_leak,0,1623,811552,39
10,no_leak,0,1624,812047,28
10,no_leak,0,1625,812552,35
10,no_leak,0,1626,813048,92
10,no_leak,0,1627,813552,103
10,no_leak,0,1628,814047,89
10,no_leak,0,1629,814552,73
10,no_leak,0,1630,815047,59
10,no_leak,0,1631,815552,43
10,no_leak,0,1632,816047,3
10,no_leak,0,1633,816551,0
10,no_leak,0,1634,817048,0
10,no_leak,0,1635,817552,13
10,no_leak,0,1636,818047,5
10,no_leak,0,1637,818552,6
10,no_leak,0,1638,819047,1
10,no_leak,0,1639,819552,23
10,no_leak,0,1640,820048,0
10,no_leak,0,1641,820551,0
10,no_leak,0,1642,821048,0
10,no_leak,0,1643,821551,0
10,no_leak,0,1644,822048,16
10,no_leak,0,1645,822551,12
10,no_leak,0,1646,823048,8
10,no_leak,0,1647,823552,3
10,no_leak,0,1648,824048,0
10,no_leak,0,1649,824552,0
10,no_leak,0,1650,825047,46
10,no_leak,0,1651,825552,71
10,no_leak,0,1652,826047,89
10,no_leak,0,1653,826552,110
10,no_leak,0,1654,827047,109
10,no_leak,0,1655,827552,85
10,no_leak,0,1656,828047,51
10,no_leak,0,1657,828551,11
10,no_leak,0,1658,829048,1
10,no_leak,0,1659,829552,33
10,no_leak,0,1660,830047,51
10,no_leak,0,1661,830552,63
10,no_leak,0,1662,831047,73
10,no_leak,0,1663,831552,72
10,no_leak,0,1664,832047,47
10,no_leak,0,1665,832551,35
10,no_leak,0,1666,833048,8
10,no_leak,0,1667,833551,0
10,no_leak,0,1668,834048,0
10,no_leak,0,1669,834552,0
10,no_leak,0,1670,835048,1
10,no_leak,0,1671,835551,3
10,no_leak,0,1672,836048,0
10,no_leak,0,1673,836552,0
10,no_leak,0,1674,837048,0
10,no_leak,0,1675,837552,0
10,no_leak,0,1676,838047,0
10,no_leak,0,1677,838552,37
10,no_leak,0,1678,839047,61
10,no_leak,0,1679,839552,59
10,no_leak,0,1680,840048,40
10,no_leak,0,1681,840552,22
10,no_leak,0,1682,841047,57
10,no_leak,0,1683,841552,111
10,no_leak,0,1684,842047,109
10,no_leak,0,1685,842552,139
10,no_leak,0,1686,843047,128
10,no_leak,0,1687,843551,105
10,no_leak,0,1688,844048,165
10,no_leak,0,1689,844552,173
10,no_leak,0,1690,845048,180
10,no_leak,0,1691,845552,174
10,no_leak,0,1692,846047,168
10,no_leak,0,1693,846552,135
10,no_leak,0,1694,847047,149
10,no_leak,0,1695,847551,175
10,no_leak,0,1696,848048,189
10,no_leak,0,1697,848552,153
10,no_leak,0,1698,849048,103
10,no_leak,0,1699,849552,140
10,no_leak,0,1700,850047,141
10,no_leak,0,1701,850552,123
10,no_leak,0,1702,851047,86
10,no_leak,0,1703,851551,119
10,no_leak,0,1704,852048,122
10,no_leak,0,1705,852551,99
10,no_leak,0,1706,853048,46
10,no_leak,0,1707,853552,53
10,no_leak,0,1708,854047,41
10,no_leak,0,1709,854552,82
10,no_leak,0,1710,855047,103
10,no_leak,0,1711,855552,87
10,no_leak,0,1712,856047,59
10,no_leak,0,1713,856552,33
10,no_leak,0,1714,857048,63
10,no_leak,0,1715,857551,58
10,no_leak,0,1716,858048,79
10,no_leak,0,1717,858552,75
10,no_leak,0,1718,859048,51
10,no_leak,0,1719,859552,57
10,no_leak,0,1720,860048,63
10,no_leak,0,1721,860552,49
10,no_leak,0,1722,861047,28
10,no_leak,0,1723,861552,39
10,no_leak,0,1724,862047,40
10,no_leak,0,1725,862551,43
10,no_leak,0,1726,863048,29
10,no_leak,0,1727,863552,21
10,no_leak,0,1728,864048,28
10,no_leak,0,1729,864552,26
10,no_leak,0,1730,865047,11
10,no_leak,0,1731,865552,22
10,no_leak,0,1732,866047,51
10,no_leak,0,1733,866552,55
10,no_leak,0,1734,867048,51
10,no_leak,0,1735,867551,86
10,no_leak,0,1736,868048,60
10,no_leak,0,1737,868552,43
10,no_leak,0,1738,869047,22
10,no_leak,0,1739,869552,33
10,no_leak,0,1740,870047,17
10,no_leak,0,1741,870552,17
10,no_leak,0,1742,871048,1
10,no_leak,0,1743,871552,12
10,no_leak,0,1744,872048,0
10,no_leak,0,1745,872552,0
10,no_leak,0,1746,873048,0
10,no_leak,0,1747,873552,0
10,no_leak,0,1748,874047,0
10,no_leak,0,1749,874552,17
10,no_leak,0,1750,875047,31
10,no_leak,0,1751,875551,29
10,no_leak,0,1752,876048,26
10,no_leak,0,1753,876552,43
10,no_leak,0,1754,877047,37
10,no_leak,0,1755,877552,17
10,no_leak,0,1756,878047,1
10,no_leak,0,1757,878552,85
10,no_leak,0,1758,879047,60
10,no_leak,0,1759,879551,86
10,no_leak,0,1760,880048,63
10,no_leak,0,1761,880551,37
10,no_leak,0,1762,881048,73
10,no_leak,0,1763,881552,85
10,no_leak,0,1764,882048,117
10,no_leak,0,1765,882552,139
10,no_leak,0,1766,883047,93
10,no_leak,0,1767,883552,57
10,no_leak,0,1768,884047,141
10,no_leak,0,1769,884552,168
10,no_leak,0,1770,885048,136
10,no_leak,0,1771,885551,107
10,no_leak,0,1772,886048,93
10,no_leak,0,1773,886552,111
10,no_leak,0,1774,887047,152
10,no_leak,0,1775,887552,172
10,no_leak,0,1776,888047,157
10,no_leak,0,1777,888552,123
10,no_leak,0,1778,889048,87
10,no_leak,0,1779,889551,41
10,no_leak,0,1780,890048,25
10,no_leak,0,1781,890552,12
10,no_leak,0,1782,891047,51
10,no_leak,0,1783,891552,74
10,no_leak,0,1784,892047,59
10,no_leak,0,1785,892552,27
10,no_leak,0,1786,893048,4
10,no_leak,0,1787,893552,38
10,no_leak,0,1788,894047,52
10,no_leak,0,1789,894552,55
10,no_leak,0,1790,895047,55
10,no_leak,0,1791,895552,45
10,no_leak,0,1792,896047,40
10,no_leak,0,1793,896551,5
10,no_leak,0,1794,897048,37
10,no_leak,0,1795,897552,39
10,no_leak,0,1796,898048,27
10,no_leak,0,1797,898552,77
10,no_leak,0,1798,899047,59
10,no_leak,0,1799,899552,39
10,no_leak,0,1800,900047,16
10,no_leak,0,1801,900552,35
10,no_leak,0,1802,901048,60
10,no_leak,0,1803,901551,73
10,no_leak,0,1804,902048,83
10,no_leak,0,1805,902552,77
10,no_leak,0,1806,903048,53
10,no_leak,0,1807,903552,57
10,no_leak,0,1808,904047,43
10,no_leak,0,1809,904552,54
10,no_leak,0,1810,905047,109
10,no_leak,0,1811,905551,103
10,no_leak,0,1812,906048,85
10,no_leak,0,1813,906552,47
10,no_leak,0,1814,907047,43
10,no_leak,0,1815,907552,3
10,no_leak,0,1816,908047,0
10,no_leak,0,1817,908552,1
10,no_leak,0,1818,909048,0
10,no_leak,0,1819,909552,0
10,no_leak,0,1820,910048,0
10,no_leak,0,1821,910552,0
10,no_leak,0,1822,911048,0
10,no_leak,0,1823,911552,0
10,no_leak,0,1824,912047,0
10,no_leak,0,1825,912552,0
10,no_leak,0,1826,913047,9
10,no_leak,0,1827,913552,9
10,no_leak,0,1828,914047,10
10,no_leak,0,1829,914551,63
10,no_leak,0,1830,915048,109
10,no_leak,0,1831,915552,149
10,no_leak,0,1832,916047,127
10,no_leak,0,1833,916552,103
10,no_leak,0,1834,917047,123
10,no_leak,0,1835,917552,154
10,no_leak,0,1836,918048,171
10,no_leak,0,1837,918552,169
10,no_leak,0,1838,919047,171
10,no_leak,0,1839,919552,145
10,no_leak,0,1840,920047,99
10,no_leak,0,1841,920552,87
10,no_leak,0,1842,921047,157
10,no_leak,0,1843,921551,151
10,no_leak,0,1844,922048,155
10,no_leak,0,1845,922552,121
10,no_leak,0,1846,923048,77
10,no_leak,0,1847,923552,81
10,no_leak,0,1848,924048,109
10,no_leak,0,1849,924552,105
10,no_leak,0,1850,925047,103
10,no_leak,0,1851,925552,111
10,no_leak,0,1852,926047,91
10,no_leak,0,1853,926551,30
10,no_leak,0,1854,927048,13
10,no_leak,0,1855,927552,44
10,no_leak,0,1856,928047,62
10,no_leak,0,1857,928552,61
10,no_leak,0,1858,929047,62
10,no_leak,0,1859,929552,69
10,no_leak,0,1860,930047,47
10,no_leak,0,1861,930551,24
10,no_leak,0,1862,931047,0
10,no_leak,0,1863,931551,0
10,no_leak,0,1864,932048,41
10,no_leak,0,1865,932552,86
10,no_leak,0,1866,933048,69
10,no_leak,0,1867,933552,59
10,no_leak,0,1868,934047,48
10,no_leak,0,1869,934552,19
10,no_leak,0,1870,935047,1
10,no_leak,0,1871,935552,45
10,no_leak,0,1872,936047,53
10,no_leak,0,1873,936551,64
10,no_leak,0,1874,937048,86
10,no_leak,0,1875,937552,69
10,no_leak,0,1876,938048,23
10,no_leak,0,1877,938552,37
10,no_leak,0,1878,939047,61
10,no_leak,0,1879,939552,69
10,no_leak,0,1880,940047,35
10,no_leak,0,1881,940552,3
10,no_leak,0,1882,941047,0
10,no_leak,0,1883,941551,16
10,no_leak,0,1884,942048,41
10,no_leak,0,1885,942552,57
10,no_leak,0,1886,943048,40
10,no_leak,0,1887,943552,41
10,no_leak,0,1888,944047,90
10,no_leak,0,1889,944552,63
10,no_leak,0,1890,945047,42
10,no_leak,0,1891,945551,2
10,no_leak,0,1892,946048,58
10,no_leak,0,1893,946552,87
10,no_leak,0,1894,947048,77
10,no_leak,0,1895,947552,71
10,no_leak,0,1896,948047,63
10,no_leak,0,1897,948552,16
10,no_leak,0,1898,949047,35
10,no_leak,0,1899,949552,55
10,no_leak,0,1900,950048,53
10,no_leak,0,1901,950552,35
10,no_leak,0,1902,951048,7
10,no_leak,0,1903,951552,0
10,no_leak,0,1904,952047,43
10,no_leak,0,1905,952552,35
10,no_leak,0,1906,953047,31
10,no_leak,0,1907,953552,25
10,no_leak,0,1908,954047,11
10,no_leak,0,1909,954551,0
10,no_leak,0,1910,955048,0
10,no_leak,0,1911,955551,0
10,no_leak,0,1912,956048,0
10,no_leak,0,1913,956552,0
10,no_leak,0,1914,957047,0
10,no_leak,0,1915,957552,11
10,no_leak,0,1916,958047,0
10,no_leak,0,1917,958552,13
10,no_leak,0,1918,959047,31
10,no_leak,0,1919,959551,30
10,no_leak,0,1920,960048,27
10,no_leak,0,1921,960552,16
10,no_leak,0,1922,961047,11
10,no_leak,0,1923,961552,40
10,no_leak,0,1924,962047,25
10,no_leak,0,1925,962552,28
10,no_leak,0,1926,963048,23
10,no_leak,0,1927,963552,67
10,no_leak,0,1928,964047,70
10,no_leak,0,1929,964552,55
10,no_leak,0,1930,965047,39
10,no_leak,0,1931,965551,53
10,no_leak,0,1932,966048,69
10,no_leak,0,1933,966552,47
10,no_leak,0,1934,967048,91
10,no_leak,0,1935,967552,133
10,no_leak,0,1936,968047,118
10,no_leak,0,1937,968552,118
10,no_leak,0,1938,969047,93
10,no_leak,0,1939,969552,75
10,no_leak,0,1940,970047,87
10,no_leak,0,1941,970552,77
10,no_leak,0,1942,971047,77
10,no_leak,0,1943,971552,91
10,no_leak,0,1944,972048,91
10,no_leak,0,1945,972552,61
10,no_leak,0,1946,973047,39
10,no_leak,0,1947,973552,89
10,no_leak,0,1948,974047,115
10,no_leak,0,1949,974552,123
10,no_leak,0,1950,975047,117
10,no_leak,0,1951,975551,109
10,no_leak,0,1952,976048,104
10,no_leak,0,1953,976552,118
10,no_leak,0,1954,977048,117
10,no_leak,0,1955,977552,102
10,no_leak,0,1956,978047,117
10,no_leak,0,1957,978552,146
10,no_leak,0,1958,979047,109
10,no_leak,0,1959,979552,120
10,no_leak,0,1960,980047,92
10,no_leak,0,1961,980551,77
10,no_leak,0,1962,981048,88
10,no_leak,0,1963,981552,89
10,no_leak,0,1964,982047,59
10,no_leak,0,1965,982552,38
10,no_leak,0,1966,983047,37
10,no_leak,0,1967,983552,28
10,no_leak,0,1968,984047,44
10,no_leak,0,1969,984551,23
10,no_leak,0,1970,985048,25
10,no_leak,0,1971,985551,47
10,no_leak,0,1972,986048,39
10,no_leak,0,1973,986551,53
10,no_leak,0,1974,987048,21
10,no_leak,0,1975,987552,6
10,no_leak,0,1976,988047,12
10,no_leak,0,1977,988552,67
10,no_leak,0,1978,989047,79
10,no_leak,0,1979,989552,77
10,no_leak,0,1980,990048,42
10,no_leak,0,1981,990552,55
10,no_leak,0,1982,991047,103
10,no_leak,0,1983,991552,147
10,no_leak,0,1984,992047,167
10,no_leak,0,1985,992552,171
10,no_leak,0,1986,993047,151
10,no_leak,0,1987,993551,89
10,no_leak,0,1988,994048,74
10,no_leak,0,1989,994552,99
10,no_leak,0,1990,995047,123
10,no_leak,0,1991,995552,153
10,no_leak,0,1992,996047,151
10,no_leak,0,1993,996552,117
10,no_leak,0,1994,997047,69
10,no_leak,0,1995,997551,71
10,no_leak,0,1996,998048,79
10,no_leak,0,1997,998552,104
10,no_leak,0,1998,999048,92
10,no_leak,0,1999,999552,147
10,no_leak,1,0,49,0
10,no_leak,1,1,547,0
10,no_leak,1,2,1047,0
10,no_leak,1,3,1547,45
10,no_leak,1,4,2047,41
10,no_leak,1,5,2547,28
10,no_leak,1,6,3047,11
10,no_leak,1,7,3547,0
10,no_leak,1,8,4047,39
10,no_leak,1,9,4547,83
10,no_leak,1,10,5047,132
10,no_leak,1,11,5547,133
10,no_leak,1,12,6047,117
10,no_leak,1,13,6547,87
10,no_leak,1,14,7047,74
10,no_leak,1,15,7547,42
10,no_leak,1,16,8047,26
10,no_leak,1,17,8547,57
10,no_leak,1,18,9047,55
10,no_leak,1,19,9547,57
10,no_leak,1,20,10047,47
10,no_leak,1,21,10547,63
10,no_leak,1,22,11047,47
10,no_leak,1,23,11547,17
10,no_leak,1,24,12047,11
10,no_leak,1,25,12547,25
10,no_leak,1,26,13047,53
10,no_leak,1,27,13547,41
10,no_leak,1,28,14047,44
10,no_leak,1,29,14547,60
10,no_leak,1,30,15047,115
10,no_leak,1,31,15547,114
10,no_leak,1,32,16047,83
10,no_leak,1,33,16547,73
10,no_leak,1,34,17047,109
10,no_leak,1,35,17547,147
10,no_leak,1,36,18047,149
10,no_leak,1,37,18547,140
10,no_leak,1,38,19047,76
10,no_leak,1,39,19547,78
10,no_leak,1,40,20047,132
10,no_leak,1,41,20547,156
10,no_leak,1,42,21047,153
10,no_leak,1,43,21547,124
10,no_leak,1,44,22047,71
10,no_leak,1,45,22547,71
10,no_leak,1,46,23047,83
10,no_leak,1,47,23547,147
10,no_leak,1,48,24047,139
10,no_leak,1,49,24547,151
10,no_leak,1,50,25047,173
10,no_leak,1,51,25547,167
10,no_leak,1,52,26047,125
10,no_leak,1,53,26547,148
10,no_leak,1,54,27047,171
10,no_leak,1,55,27547,149
10,no_leak,1,56,28047,157
10,no_leak,1,57,28547,143
10,no_leak,1,58,29047,137
10,no_leak,1,59,29547,122
10,no_leak,1,60,30047,124
10,no_leak,1,61,30547,89
10,no_leak,1,62,31047,53
10,no_leak,1,63,31547,77
10,no_leak,1,64,32047,55
10,no_leak,1,65,32547,75
10,no_leak,1,66,33047,109
10,no_leak,1,67,33547,102
10,no_leak,1,68,34047,95
10,no_leak,1,69,34547,67
10,no_leak,1,70,35047,87
10,no_leak,1,71,35547,37
10,no_leak,1,72,36047,35
10,no_leak,1,73,36547,11
10,no_leak,1,74,37047,40
10,no_leak,1,75,37547,54
10,no_leak,1,76,38047,76
10,no_leak,1,77,38548,91
10,no_leak,1,78,39047,60
10,no_leak,1,79,39547,61
10,no_leak,1,80,40047,19
10,no_leak,1,81,40547,1
10,no_leak,1,82,41047,0
10,no_leak,1,83,41547,19
10,no_leak,1,84,42047,51
10,no_leak,1,85,42547,45
10,no_leak,1,86,43047,22
10,no_leak,1,87,43547,5
10,no_leak,1,88,44047,0
10,no_leak,1,89,44547,0
10,no_leak,1,90,45047,0
10,no_leak,1,91,45547,0
10,no_leak,1,92,46047,0
10,no_leak,1,93,46547,1
10,no_leak,1,94,47047,0
10,no_leak,1,95,47547,0
10,no_leak,1,96,48047,0
10,no_leak,1,97,48547,0
10,no_leak,1,98,49047,0
10,no_leak,1,99,49547,0
10,no_leak,1,100,50047,17
10,no_leak,1,101,50547,53
10,no_leak,1,102,51047,51
10,no_leak,1,103,51547,27
10,no_leak,1,104,52047,9
10,no_leak,1,105,52547,0
10,no_leak,1,106,53047,0
10,no_leak,1,107,53547,0
10,no_leak,1,108,54047,70
10,no_leak,1,109,54547,59
10,no_leak,1,110,55047,58
10,no_leak,1,111,55547,73
10,no_leak,1,112,56047,77
10,no_leak,1,113,56547,69
10,no_leak,1,114,57047,45
10,no_leak,1,115,57547,23
10,no_leak,1,116,58047,41
10,no_leak,1,117,58547,85
10,no_leak,1,118,59047,140
10,no_leak,1,119,59547,133
10,no_leak,1,120,60047,116
10,no_leak,1,121,60547,99
10,no_leak,1,122,61047,69
10,no_leak,1,123,61547,53
10,no_leak,1,124,62047,19
10,no_leak,1,125,62547,38
10,no_leak,1,126,63047,85
10,no_leak,1,127,63547,88
10,no_leak,1,128,64047,93
10,no_leak,1,129,64547,119
10,no_leak,1,130,65047,139
10,no_leak,1,131,65547,137
10,no_leak,1,132,66047,150
10,no_leak,1,133,66547,125
10,no_leak,1,134,67047,111
10,no_leak,1,135,67547,93
10,no_leak,1,136,68047,138
10,no_leak,1,137,68547,115
10,no_leak,1,138,69047,150
10,no_leak,1,139,69547,137
10,no_leak,1,140,70047,120
10,no_leak,1,141,70547,102
10,no_leak,1,142,71047,72
10,no_leak,1,143,71547,91
10,no_leak,1,144,72047,77
10,no_leak,1,145,72547,40
10,no_leak,1,146,73047,56
10,no_leak,1,147,73547,78
10,no_leak,1,148,74047,77
10,no_leak,1,149,74547,61
10,no_leak,1,150,75047,47
10,no_leak,1,151,75547,45
10,no_leak,1,152,76047,61
10,no_leak,1,153,76547,75
10,no_leak,1,154,77047,83
10,no_leak,1,155,77547,85
10,no_leak,1,156,78047,119
10,no_leak,1,157,78547,106
10,no_leak,1,158,79047,83
10,no_leak,1,159,79547,44
10,no_leak,1,160,80047,4
10,no_leak,1,161,80547,0
10,no_leak,1,162,81047,0
10,no_leak,1,163,81547,0
10,no_leak,1,164,82047,19
10,no_leak,1,165,82547,3
10,no_leak,1,166,83047,1
10,no_leak,1,167,83547,0
10,no_leak,1,168,84047,0
10,no_leak,1,169,84547,0
10,no_leak,1,170,85047,0
10,no_leak,1,171,85547,8
10,no_leak,1,172,86047,20
10,no_leak,1,173,86547,74
10,no_leak,1,174,87047,59
10,no_leak,1,175,87547,62
10,no_leak,1,176,88047,58
10,no_leak,1,177,88547,37
10,no_leak,1,178,89047,11
10,no_leak,1,179,89547,0
10,no_leak,1,180,90047,0
10,no_leak,1,181,90547,0
10,no_leak,1,182,91047,23
10,no_leak,1,183,91547,23
10,no_leak,1,184,92047,12
10,no_leak,1,185,92547,6
10,no_leak,1,186,93047,0
10,no_leak,1,187,93547,0
10,no_leak,1,188,94047,0
10,no_leak,1,189,94547,0
10,no_leak,1,190,95047,37
10,no_leak,1,191,95547,45
10,no_leak,1,192,96047,40
10,no_leak,1,193,96547,20
10,no_leak,1,194,97047,0
10,no_leak,1,195,97547,0
10,no_leak,1,196,98047,0
10,no_leak,1,197,98547,8
10,no_leak,1,198,99047,25
10,no_leak,1,199,99547,78
10,no_leak,1,200,100047,77
10,no_leak,1,201,100547,75
10,no_leak,1,202,101047,84
10,no_leak,1,203,101547,63
10,no_leak,1,204,102047,60
10,no_leak,1,205,102547,39
10,no_leak,1,206,103047,38
10,no_leak,1,207,103547,25
10,no_leak,1,208,104047,62
10,no_leak,1,209,104547,59
10,no_leak,1,210,105047,93
10,no_leak,1,211,105547,93
10,no_leak,1,212,106047,95
10,no_leak,1,213,106547,95
10,no_leak,1,214,107047,63
10,no_leak,1,215,107547,19
10,no_leak,1,216,108047,21
10,no_leak,1,217,108547,42
10,no_leak,1,218,109047,69
10,no_leak,1,219,109547,98
10,no_leak,1,220,110047,89
10,no_leak,1,221,110547,71
10,no_leak,1,222,111047,58
10,no_leak,1,223,111547,47
10,no_leak,1,224,112047,8
10,no_leak,1,225,112547,30
10,no_leak,1,226,113047,3
10,no_leak,1,227,113547,12
10,no_leak,1,228,114047,47
10,no_leak,1,229,114547,31
10,no_leak,1,230,115047,20
10,no_leak,1,231,115547,17
10,no_leak,1,232,116047,35
10,no_leak,1,233,116547,44
10,no_leak,1,234,117047,43
10,no_leak,1,235,117547,45
10,no_leak,1,236,118047,52
10,no_leak,1,237,118547,53
10,no_leak,1,238,119047,71
10,no_leak,1,239,119547,91
10,no_leak,1,240,120047,101
10,no_leak,1,241,120547,87
10,no_leak,1,242,121047,58
10,no_leak,1,243,121547,53
10,no_leak,1,244,122047,76
10,no_leak,1,245,122547,55
10,no_leak,1,246,123047,83
10,no_leak,1,247,123547,89
10,no_leak,1,248,124047,100
10,no_leak,1,249,124547,97
10,no_leak,1,250,125047,93
10,no_leak,1,251,125547,134
10,no_leak,1,252,126047,139
10,no_leak,1,253,126547,111
10,no_leak,1,254,127047,91
10,no_leak,1,255,127547,147
10,no_leak,1,256,128047,157
10,no_leak,1,257,128547,150
10,no_leak,1,258,129047,101
10,no_leak,1,259,129547,98
10,no_leak,1,260,130047,103
10,no_leak,1,261,130547,104
10,no_leak,1,262,131047,90
10,no_leak,1,263,131547,37
10,no_leak,1,264,132047,29
10,no_leak,1,265,132547,75
10,no_leak,1,266,133047,58
10,no_leak,1,267,133547,52
10,no_leak,1,268,134047,18
10,no_leak,1,269,134547,0
10,no_leak,1,270,135047,2
10,no_leak,1,271,135547,46
10,no_leak,1,272,136047,59
10,no_leak,1,273,136547,63
10,no_leak,1,274,137047,69
10,no_leak,1,275,137547,43
10,no_leak,1,276,138047,21
10,no_leak,1,277,138547,39
10,no_leak,1,278,139047,53
10,no_leak,1,279,139547,17
10,no_leak,1,280,140047,0
10,no_leak,1,281,140547,42
10,no_leak,1,282,141047,74
10,no_leak,1,283,141547,61
10,no_leak,1,284,142047,61
10,no_leak,1,285,142547,30
10,no_leak,1,286,143047,5
10,no_leak,1,287,143547,0
10,no_leak,1,288,144047,0
10,no_leak,1,289,144547,0
10,no_leak,1,290,145047,0
10,no_leak,1,291,145547,12
10,no_leak,1,292,146047,4
10,no_leak,1,293,146547,0
10,no_leak,1,294,147047,0
10,no_leak,1,295,147547,0
10,no_leak,1,296,148047,0
10,no_leak,1,297,148547,0
10,no_leak,1,298,149047,0
10,no_leak,1,299,149547,56
10,no_leak,1,300,150047,72
10,no_leak,1,301,150547,75
10,no_leak,1,302,151047,70
10,no_leak,1,303,151547,68
10,no_leak,1,304,152047,51
10,no_leak,1,305,152547,39
10,no_leak,1,306,153047,51
10,no_leak,1,307,153547,53
10,no_leak,1,308,154047,95
10,no_leak,1,309,154547,115
10,no_leak,1,310,155047,124
10,no_leak,1,311,155547,105
10,no_leak,1,312,156047,91
10,no_leak,1,313,156547,64
10,no_leak,1,314,157047,53
10,no_leak,1,315,157547,91
10,no_leak,1,316,158047,148
10,no_leak,1,317,158547,143
10,no_leak,1,318,159047,141
10,no_leak,1,319,159547,126
10,no_leak,1,320,160047,94
10,no_leak,1,321,160547,59
10,no_leak,1,322,161047,21
10,no_leak,1,323,161547,26
10,no_leak,1,324,162047,53
10,no_leak,1,325,162547,75
10,no_leak,1,326,163047,51
10,no_leak,1,327,163547,36
10,no_leak,1,328,164047,1
10,no_leak,1,329,164547,0
10,no_leak,1,330,165047,0
10,no_leak,1,331,165547,59
10,no_leak,1,332,166047,57
10,no_leak,1,333,166547,75
10,no_leak,1,334,167047,79
10,no_leak,1,335,167547,31
10,no_leak,1,336,168047,0
10,no_leak,1,337,168547,0
10,no_leak,1,338,169047,60
10,no_leak,1,339,169547,98
10,no_leak,1,340,170047,141
10,no_leak,1,341,170547,159
10,no_leak,1,342,171047,141
10,no_leak,1,343,171547,94
10,no_leak,1,344,172047,73
10,no_leak,1,345,172547,36
10,no_leak,1,346,173047,35
10,no_leak,1,347,173547,91
10,no_leak,1,348,174047,111
10,no_leak,1,349,174547,105
10,no_leak,1,350,175047,93
10,no_leak,1,351,175548,55
10,no_leak,1,352,176047,36
10,no_leak,1,353,176547,1
10,no_leak,1,354,177047,0
10,no_leak,1,355,177547,16
10,no_leak,1,356,178047,31
10,no_leak,1,357,178547,27
10,no_leak,1,358,179047,10
10,no_leak,1,359,179547,0
10,no_leak,1,360,180047,0
10,no_leak,1,361,180547,0
10,no_leak,1,362,181047,0
10,no_leak,1,363,181547,13
10,no_leak,1,364,182047,21
10,no_leak,1,365,182547,8
10,no_leak,1,366,183047,0
10,no_leak,1,367,183547,0
10,no_leak,1,368,184047,0
10,no_leak,1,369,184547,0
10,no_leak,1,370,185047,29
10,no_leak,1,371,185547,43
10,no_leak,1,372,186047,46
10,no_leak,1,373,186547,58
10,no_leak,1,374,187047,63
10,no_leak,1,375,187547,25
10,no_leak,1,376,188047,36
10,no_leak,1,377,188547,54
10,no_leak,1,378,189047,154
10,no_leak,1,379,189547,163
10,no_leak,1,380,190047,164
10,no_leak,1,381,190547,142
10,no_leak,1,382,191047,117
10,no_leak,1,383,191547,109
10,no_leak,1,384,192047,103
10,no_leak,1,385,192547,122
10,no_leak,1,386,193047,152
10,no_leak,1,387,193547,152
10,no_leak,1,388,194047,142
10,no_leak,1,389,194547,123
10,no_leak,1,390,195047,70
10,no_leak,1,391,195547,101
10,no_leak,1,392,196047,115
10,no_leak,1,393,196547,125
10,no_leak,1,394,197047,117
10,no_leak,1,395,197547,85
10,no_leak,1,396,198047,93
10,no_leak,1,397,198547,88
10,no_leak,1,398,199047,46
10,no_leak,1,399,199547,85
10,no_leak,1,400,200047,81
10,no_leak,1,401,200547,99
10,no_leak,1,402,201047,101
10,no_leak,1,403,201547,133
10,no_leak,1,404,202047,87
10,no_leak,1,405,202547,93
10,no_leak,1,406,203047,69
10,no_leak,1,407,203547,105
10,no_leak,1,408,204047,87
10,no_leak,1,409,204547,124
10,no_leak,1,410,205047,179
10,no_leak,1,411,205547,181
10,no_leak,1,412,206047,167
10,no_leak,1,413,206547,149
10,no_leak,1,414,207047,120
10,no_leak,1,415,207547,95
10,no_leak,1,416,208047,99
10,no_leak,1,417,208547,199
10,no_leak,1,418,209047,173
10,no_leak,1,419,209547,148
10,no_leak,1,420,210048,121
10,no_leak,1,421,210547,63
10,no_leak,1,422,211047,17
10,no_leak,1,423,211547,9
10,no_leak,1,424,212047,9
10,no_leak,1,425,212547,28
10,no_leak,1,426,213047,38
10,no_leak,1,427,213547,58
10,no_leak,1,428,214047,31
10,no_leak,1,429,214547,10
10,no_leak,1,430,215047,0
10,no_leak,1,431,215547,0
10,no_leak,1,432,216047,21
10,no_leak,1,433,216547,60
10,no_leak,1,434,217047,57
10,no_leak,1,435,217547,53
10,no_leak,1,436,218047,16
10,no_leak,1,437,218547,0
10,no_leak,1,438,219047,0
10,no_leak,1,439,219547,44
10,no_leak,1,440,220047,26
10,no_leak,1,441,220547,68
10,no_leak,1,442,221047,59
10,no_leak,1,443,221547,37
10,no_leak,1,444,222047,20
10,no_leak,1,445,222547,0
10,no_leak,1,446,223047,0
10,no_leak,1,447,223547,0
10,no_leak,1,448,224047,0
10,no_leak,1,449,224547,9
10,no_leak,1,450,225047,0
10,no_leak,1,451,225547,0
10,no_leak,1,452,226047,0
10,no_leak,1,453,226547,0
10,no_leak,1,454,227047,0
10,no_leak,1,455,227547,0
10,no_leak,1,456,228047,25
10,no_leak,1,457,228547,24
10,no_leak,1,458,229047,3
10,no_leak,1,459,229547,0
10,no_leak,1,460,230047,0
10,no_leak,1,461,230547,5
10,no_leak,1,462,231047,53
10,no_leak,1,463,231547,90
10,no_leak,1,464,232047,107
10,no_leak,1,465,232547,121
10,no_leak,1,466,233047,109
10,no_leak,1,467,233547,98
10,no_leak,1,468,234047,76
10,no_leak,1,469,234547,35
10,no_leak,1,470,235047,36
10,no_leak,1,471,235547,68
10,no_leak,1,472,236047,132
10,no_leak,1,473,236547,137
10,no_leak,1,474,237047,148
10,no_leak,1,475,237547,154
10,no_leak,1,476,238047,99
10,no_leak,1,477,238547,119
10,no_leak,1,478,239047,167
10,no_leak,1,479,239547,143
10,no_leak,1,480,240047,110
10,no_leak,1,481,240547,71
10,no_leak,1,482,241047,72
10,no_leak,1,483,241547,91
10,no_leak,1,484,242047,83
10,no_leak,1,485,242547,73
10,no_leak,1,486,243047,16
10,no_leak,1,487,243547,59
10,no_leak,1,488,244047,107
10,no_leak,1,489,244547,103
10,no_leak,1,490,245047,105
10,no_leak,1,491,245547,37
10,no_leak,1,492,246047,59
10,no_leak,1,493,246547,98
10,no_leak,1,494,247047,101
10,no_leak,1,495,247547,135
10,no_leak,1,496,248047,135
10,no_leak,1,497,248547,115
10,no_leak,1,498,249047,93
10,no_leak,1,499,249547,55
10,no_leak,1,500,250047,35
10,no_leak,1,501,250547,29
10,no_leak,1,502,251047,45
10,no_leak,1,503,251547,99
10,no_leak,1,504,252047,112
10,no_leak,1,505,252547,111
10,no_leak,1,506,253047,106
10,no_leak,1,507,253547,69
10,no_leak,1,508,254047,13
10,no_leak,1,509,254547,55
10,no_leak,1,510,255047,90
10,no_leak,1,511,255547,95
10,no_leak,1,512,256047,121
10,no_leak,1,513,256547,138
10,no_leak,1,514,257047,142
10,no_leak,1,515,257547,127
10,no_leak,1,516,258047,108
10,no_leak,1,517,258547,87
10,no_leak,1,518,259047,112
10,no_leak,1,519,259547,142
10,no_leak,1,520,260047,146
10,no_leak,1,521,260547,167
10,no_leak,1,522,261047,147
10,no_leak,1,523,261547,141
10,no_leak,1,524,262047,137
10,no_leak,1,525,262547,87
10,no_leak,1,526,263047,40
10,no_leak,1,527,263547,7
10,no_leak,1,528,264047,0
10,no_leak,1,529,264547,0
10,no_leak,1,530,265047,0
10,no_leak,1,531,265547,0
10,no_leak,1,532,266047,0
10,no_leak,1,533,266547,0
10,no_leak,1,534,267047,0
10,no_leak,1,535,267547,0
10,no_leak,1,536,268047,0
10,no_leak,1,537,268547,0
10,no_leak,1,538,269047,0
10,no_leak,1,539,269547,0
10,no_leak,1,540,270047,0
10,no_leak,1,541,270547,0
10,no_leak,1,542,271047,0
10,no_leak,1,543,271547,0
10,no_leak,1,544,272047,12
10,no_leak,1,545,272547,47
10,no_leak,1,546,273047,39
10,no_leak,1,547,273547,76
10,no_leak,1,548,274047,77
10,no_leak,1,549,274547,48
10,no_leak,1,550,275047,26
10,no_leak,1,551,275547,38
10,no_leak,1,552,276047,61
10,no_leak,1,553,276547,121
10,no_leak,1,554,277047,116
10,no_leak,1,555,277547,165
10,no_leak,1,556,278047,143
10,no_leak,1,557,278547,150
10,no_leak,1,558,279047,115
10,no_leak,1,559,279547,101
10,no_leak,1,560,280047,83
10,no_leak,1,561,280547,84
10,no_leak,1,562,281047,99
10,no_leak,1,563,281547,61
10,no_leak,1,564,282047,127
10,no_leak,1,565,282547,102
10,no_leak,1,566,283047,73
10,no_leak,1,567,283547,41
10,no_leak,1,568,284047,47
10,no_leak,1,569,284547,98
10,no_leak,1,570,285047,123
10,no_leak,1,571,285547,135
10,no_leak,1,572,286047,119
10,no_leak,1,573,286547,77
10,no_leak,1,574,287047,38
10,no_leak,1,575,287547,42
10,no_leak,1,576,288047,77
10,no_leak,1,577,288548,57
10,no_leak,1,578,289047,45
10,no_leak,1,579,289547,74
10,no_leak,1,580,290047,41
10,no_leak,1,581,290547,24
10,no_leak,1,582,291047,45
10,no_leak,1,583,291547,44
10,no_leak,1,584,292047,40
10,no_leak,1,585,292547,41
10,no_leak,1,586,293047,12
10,no_leak,1,587,293547,31
10,no_leak,1,588,294047,54
10,no_leak,1,589,294547,92
10,no_leak,1,590,295047,83
10,no_leak,1,591,295547,87
10,no_leak,1,592,296047,87
10,no_leak,1,593,296547,63
10,no_leak,1,594,297047,73
10,no_leak,1,595,297547,98
10,no_leak,1,596,298047,73
10,no_leak,1,597,298547,51
10,no_leak,1,598,299047,13
10,no_leak,1,599,299547,16
10,no_leak,1,600,300047,53
10,no_leak,1,601,300547,77
10,no_leak,1,602,301047,61
10,no_leak,1,603,301547,51
10,no_leak,1,604,302047,38
10,no_leak,1,605,302547,21
10,no_leak,1,606,303047,33
10,no_leak,1,607,303547,43
10,no_leak,1,608,304047,123
10,no_leak,1,609,304547,133
10,no_leak,1,610,305047,119
10,no_leak,1,611,305547,110
10,no_leak,1,612,306047,82
10,no_leak,1,613,306547,54
10,no_leak,1,614,307047,25
10,no_leak,1,615,307547,41
10,no_leak,1,616,308047,88
10,no_leak,1,617,308547,120
10,no_leak,1,618,309047,115
10,no_leak,1,619,309547,109
10,no_leak,1,620,310047,110
10,no_leak,1,621,310547,109
10,no_leak,1,622,311047,93
10,no_leak,1,623,311547,102
10,no_leak,1,624,312047,137
10,no_leak,1,625,312547,183
10,no_leak,1,626,313047,175
10,no_leak,1,627,313547,163
10,no_leak,1,628,314047,131
10,no_leak,1,629,314547,84
10,no_leak,1,630,315047,59
10,no_leak,1,631,315547,63
10,no_leak,1,632,316047,74
10,no_leak,1,633,316547,51
10,no_leak,1,634,317047,61
10,no_leak,1,635,317547,60
10,no_leak,1,636,318047,39
10,no_leak,1,637,318547,5
10,no_leak,1,638,319047,0
10,no_leak,1,639,319547,0
10,no_leak,1,640,320047,13
10,no_leak,1,641,320547,45
10,no_leak,1,642,321047,55
10,no_leak,1,643,321547,43
10,no_leak,1,644,322047,9
10,no_leak,1,645,322547,0
10,no_leak,1,646,323047,0
10,no_leak,1,647,323547,18
10,no_leak,1,648,324047,10
10,no_leak,1,649,324547,8
10,no_leak,1,650,325047,0
10,no_leak,1,651,325547,0
10,no_leak,1,652,326047,0
10,no_leak,1,653,326547,0
10,no_leak,1,654,327047,0
10,no_leak,1,655,327547,22
10,no_leak,1,656,328047,13
10,no_leak,1,657,328547,1
10,no_leak,1,658,329047,0
10,no_leak,1,659,329547,0
10,no_leak,1,660,330047,0
10,no_leak,1,661,330547,4
10,no_leak,1,662,331047,22
10,no_leak,1,663,331547,43
10,no_leak,1,664,332047,46
10,no_leak,1,665,332547,41
10,no_leak,1,666,333047,28
10,no_leak,1,667,333547,3
10,no_leak,1,668,334047,0
10,no_leak,1,669,334547,0
10,no_leak,1,670,335047,0
10,no_leak,1,671,335547,0
10,no_leak,1,672,336047,21
10,no_leak,1,673,336547,61
10,no_leak,1,674,337047,92
10,no_leak,1,675,337547,88
10,no_leak,1,676,338047,46
10,no_leak,1,677,338547,40
10,no_leak,1,678,339047,57
10,no_leak,1,679,339547,95
10,no_leak,1,680,340047,93
10,no_leak,1,681,340547,91
10,no_leak,1,682,341047,69
10,no_leak,1,683,341547,31
10,no_leak,1,684,342047,0
10,no_leak,1,685,342547,39
10,no_leak,1,686,343047,51
10,no_leak,1,687,343547,45
10,no_leak,1,688,344047,37
10,no_leak,1,689,344547,20
10,no_leak,1,690,345047,0
10,no_leak,1,691,345547,0
10,no_leak,1,692,346047,0
10,no_leak,1,693,346547,0
10,no_leak,1,694,347047,48
10,no_leak,1,695,347547,55
10,no_leak,1,696,348047,59
10,no_leak,1,697,348547,25
10,no_leak,1,698,349047,0
10,no_leak,1,699,349547,0
10,no_leak,1,700,350047,0
10,no_leak,1,701,350547,0
10,no_leak,1,702,351047,0
10,no_leak,1,703,351547,0
10,no_leak,1,704,352047,0
10,no_leak,1,705,352547,1
10,no_leak,1,706,353047,0
10,no_leak,1,707,353547,0
10,no_leak,1,708,354047,0
10,no_leak,1,709,354547,0
10,no_leak,1,710,355047,1
10,no_leak,1,711,355547,5
10,no_leak,1,712,356047,39
10,no_leak,1,713,356547,69
10,no_leak,1,714,357047,82
10,no_leak,1,715,357547,71
10,no_leak,1,716,358047,43
10,no_leak,1,717,358547,29
10,no_leak,1,718,359047,0
10,no_leak,1,719,359547,6
10,no_leak,1,720,360047,13
10,no_leak,1,721,360547,46
10,no_leak,1,722,361047,59
10,no_leak,1,723,361547,61
10,no_leak,1,724,362047,69
10,no_leak,1,725,362547,77
10,no_leak,1,726,363047,67
10,no_leak,1,727,363547,77
10,no_leak,1,728,364047,117
10,no_leak,1,729,364547,126
10,no_leak,1,730,365047,157
10,no_leak,1,731,365547,165
10,no_leak,1,732,366047,143
10,no_leak,1,733,366547,117
10,no_leak,1,734,367047,102
10,no_leak,1,735,367547,73
10,no_leak,1,736,368047,83
10,no_leak,1,737,368547,91
10,no_leak,1,738,369047,91
10,no_leak,1,739,369547,89
10,no_leak,1,740,370047,48
10,no_leak,1,741,370547,24
10,no_leak,1,742,371047,28
10,no_leak,1,743,371547,51
10,no_leak,1,744,372047,59
10,no_leak,1,745,372547,67
10,no_leak,1,746,373047,56
10,no_leak,1,747,373547,39
10,no_leak,1,748,374047,22
10,no_leak,1,749,374547,37
10,no_leak,1,750,375047,71
10,no_leak,1,751,375547,71
10,no_leak,1,752,376047,61
10,no_leak,1,753,376547,30
10,no_leak,1,754,377047,57
10,no_leak,1,755,377547,68
10,no_leak,1,756,378047,61
10,no_leak,1,757,378547,69
10,no_leak,1,758,379047,25
10,no_leak,1,759,379547,93
10,no_leak,1,760,380047,78
10,no_leak,1,761,380547,53
10,no_leak,1,762,381047,43
10,no_leak,1,763,381547,21
10,no_leak,1,764,382047,22
10,no_leak,1,765,382547,31
10,no_leak,1,766,383047,68
10,no_leak,1,767,383547,61
10,no_leak,1,768,384047,74
10,no_leak,1,769,384547,55
10,no_leak,1,770,385047,27
10,no_leak,1,771,385547,10
10,no_leak,1,772,386047,0
10,no_leak,1,773,386547,0
10,no_leak,1,774,387047,0
10,no_leak,1,775,387547,0
10,no_leak,1,776,388047,21
10,no_leak,1,777,388547,39
10,no_leak,1,778,389047,74
10,no_leak,1,779,389547,87
10,no_leak,1,780,390047,102
10,no_leak,1,781,390547,117
10,no_leak,1,782,391047,108
10,no_leak,1,783,391547,103
10,no_leak,1,784,392047,126
10,no_leak,1,785,392547,124
10,no_leak,1,786,393047,124
10,no_leak,1,787,393547,91
10,no_leak,1,788,394047,147
10,no_leak,1,789,394547,134
10,no_leak,1,790,395047,93
10,no_leak,1,791,395547,40
10,no_leak,1,792,396047,41
10,no_leak,1,793,396547,89
10,no_leak,1,794,397047,101
10,no_leak,1,795,397547,83
10,no_leak,1,796,398047,76
10,no_leak,1,797,398547,72
10,no_leak,1,798,399047,62
10,no_leak,1,799,399547,45
10,no_leak,1,800,400047,29
10,no_leak,1,801,400547,51
10,no_leak,1,802,401047,47
10,no_leak,1,803,401547,64
10,no_leak,1,804,402047,61
10,no_leak,1,805,402547,75
10,no_leak,1,806,403047,89
10,no_leak,1,807,403547,120
10,no_leak,1,808,404047,147
10,no_leak,1,809,404547,153
10,no_leak,1,810,405047,141
10,no_leak,1,811,405547,120
10,no_leak,1,812,406047,77
10,no_leak,1,813,406547,82
10,no_leak,1,814,407047,89
10,no_leak,1,815,407547,122
10,no_leak,1,816,408047,142
10,no_leak,1,817,408547,122
10,no_leak,1,818,409047,103
10,no_leak,1,819,409547,95
10,no_leak,1,820,410047,92
10,no_leak,1,821,410547,107
10,no_leak,1,822,411047,107
10,no_leak,1,823,411547,79
10,no_leak,1,824,412047,71
10,no_leak,1,825,412547,69
10,no_leak,1,826,413047,59
10,no_leak,1,827,413547,87
10,no_leak,1,828,414047,101
10,no_leak,1,829,414547,83
10,no_leak,1,830,415047,61
10,no_leak,1,831,415547,76
10,no_leak,1,832,416047,91
10,no_leak,1,833,416547,85
10,no_leak,1,834,417047,137
10,no_leak,1,835,417547,135
10,no_leak,1,836,418047,93
10,no_leak,1,837,418547,63
10,no_leak,1,838,419047,77
10,no_leak,1,839,419547,85
10,no_leak,1,840,420047,59
10,no_leak,1,841,420547,91
10,no_leak,1,842,421047,100
10,no_leak,1,843,421547,73
10,no_leak,1,844,422047,42
10,no_leak,1,845,422547,28
10,no_leak,1,846,423047,20
10,no_leak,1,847,423547,16
10,no_leak,1,848,424047,7
10,no_leak,1,849,424547,0
10,no_leak,1,850,425047,0
10,no_leak,1,851,425547,0
10,no_leak,1,852,426047,0
10,no_leak,1,853,426547,0
10,no_leak,1,854,427047,0
10,no_leak,1,855,427547,0
10,no_leak,1,856,428047,0
10,no_leak,1,857,428547,5
10,no_leak,1,858,429047,37
10,no_leak,1,859,429547,17
10,no_leak,1,860,430047,2
10,no_leak,1,861,430547,26
10,no_leak,1,862,431047,43
10,no_leak,1,863,431547,38
10,no_leak,1,864,432047,53
10,no_leak,1,865,432547,63
10,no_leak,1,866,433047,19
10,no_leak,1,867,433547,9
10,no_leak,1,868,434047,9
10,no_leak,1,869,434547,29
10,no_leak,1,870,435047,47
10,no_leak,1,871,435547,87
10,no_leak,1,872,436047,73
10,no_leak,1,873,436547,50
10,no_leak,1,874,437047,22
10,no_leak,1,875,437547,29
10,no_leak,1,876,438047,13
10,no_leak,1,877,438547,75
10,no_leak,1,878,439047,78
10,no_leak,1,879,439547,57
10,no_leak,1,880,440047,60
10,no_leak,1,881,440547,13
10,no_leak,1,882,441047,29
10,no_leak,1,883,441547,31
10,no_leak,1,884,442047,83
10,no_leak,1,885,442547,73
10,no_leak,1,886,443047,52
10,no_leak,1,887,443547,41
10,no_leak,1,888,444047,3
10,no_leak,1,889,444547,0
10,no_leak,1,890,445047,55
10,no_leak,1,891,445547,83
10,no_leak,1,892,446047,91
10,no_leak,1,893,446547,82
10,no_leak,1,894,447047,55
10,no_leak,1,895,447547,27
10,no_leak,1,896,448047,0
10,no_leak,1,897,448548,23
10,no_leak,1,898,449047,41
10,no_leak,1,899,449547,90
10,no_leak,1,900,450047,79
10,no_leak,1,901,450547,88
10,no_leak,1,902,451047,67
10,no_leak,1,903,451547,50
10,no_leak,1,904,452047,41
10,no_leak,1,905,452547,4
10,no_leak,1,906,453047,40
10,no_leak,1,907,453547,61
10,no_leak,1,908,454047,93
10,no_leak,1,909,454547,111
10,no_leak,1,910,455047,101
10,no_leak,1,911,455547,85
10,no_leak,1,912,456047,29
10,no_leak,1,913,456547,43
10,no_leak,1,914,457047,102
10,no_leak,1,915,457547,84
10,no_leak,1,916,458047,77
10,no_leak,1,917,458547,77
10,no_leak,1,918,459047,73
10,no_leak,1,919,459547,45
10,no_leak,1,920,460047,7
10,no_leak,1,921,460547,0
10,no_leak,1,922,461047,18
10,no_leak,1,923,461547,7
10,no_leak,1,924,462047,50
10,no_leak,1,925,462547,58
10,no_leak,1,926,463047,48
10,no_leak,1,927,463547,24
10,no_leak,1,928,464047,43
10,no_leak,1,929,464547,69
10,no_leak,1,930,465047,108
10,no_leak,1,931,465547,122
10,no_leak,1,932,466047,119
10,no_leak,1,933,466547,83
10,no_leak,1,934,467047,27
10,no_leak,1,935,467547,41
10,no_leak,1,936,468047,39
10,no_leak,1,937,468547,116
10,no_leak,1,938,469047,123
10,no_leak,1,939,469547,104
10,no_leak,1,940,470047,103
10,no_leak,1,941,470547,73
10,no_leak,1,942,471047,58
10,no_leak,1,943,471547,9
10,no_leak,1,944,472047,26
10,no_leak,1,945,472547,40
10,no_leak,1,946,473047,69
10,no_leak,1,947,473547,91
10,no_leak,1,948,474047,115
10,no_leak,1,949,474547,119
10,no_leak,1,950,475047,119
10,no_leak,1,951,475547,119
10,no_leak,1,952,476047,78
10,no_leak,1,953,476547,45
10,no_leak,1,954,477047,60
10,no_leak,1,955,477547,25
10,no_leak,1,956,478047,3
10,no_leak,1,957,478547,0
10,no_leak,1,958,479047,0
10,no_leak,1,959,479547,0
10,no_leak,1,960,480047,38
10,no_leak,1,961,480547,39
10,no_leak,1,962,481047,18
10,no_leak,1,963,481547,21
10,no_leak,1,964,482047,11
10,no_leak,1,965,482547,40
10,no_leak,1,966,483047,57
10,no_leak,1,967,483547,77
10,no_leak,1,968,484047,73
10,no_leak,1,969,484547,87
10,no_leak,1,970,485047,99
10,no_leak,1,971,485547,88
10,no_leak,1,972,486047,67
10,no_leak,1,973,486547,28
10,no_leak,1,974,487047,47
10,no_leak,1,975,487547,62
10,no_leak,1,976,488047,51
10,no_leak,1,977,488547,94
10,no_leak,1,978,489047,120
10,no_leak,1,979,489548,83
10,no_leak,1,980,490047,79
10,no_leak,1,981,490547,113
10,no_leak,1,982,491047,125
10,no_leak,1,983,491547,100
10,no_leak,1,984,492047,71
10,no_leak,1,985,492547,95
10,no_leak,1,986,493047,85
10,no_leak,1,987,493547,95
10,no_leak,1,988,494047,106
10,no_leak,1,989,494547,71
10,no_leak,1,990,495047,22
10,no_leak,1,991,495547,18
10,no_leak,1,992,496047,13
10,no_leak,1,993,496547,0
10,no_leak,1,994,497047,9
10,no_leak,1,995,497547,0
10,no_leak,1,996,498047,0
10,no_leak,1,997,498547,0
10,no_leak,1,998,499047,0
10,no_leak,1,999,499547,0
10,no_leak,1,1000,500047,0
10,no_leak,1,1001,500547,0
10,no_leak,1,1002,501047,0
10,no_leak,1,1003,501547,0
10,no_leak,1,1004,502047,0
10,no_leak,1,1005,502547,29
10,no_leak,1,1006,503047,43
10,no_leak,1,1007,503547,76
10,no_leak,1,1008,504047,79
10,no_leak,1,1009,504547,55
10,no_leak,1,1010,505047,55
10,no_leak,1,1011,505547,83
10,no_leak,1,1012,506047,149
10,no_leak,1,1013,506547,139
10,no_leak,1,1014,507047,125
10,no_leak,1,1015,507547,61
10,no_leak,1,1016,508047,53
10,no_leak,1,1017,508547,119
10,no_leak,1,1018,509047,126
10,no_leak,1,1019,509547,165
10,no_leak,1,1020,510047,111
10,no_leak,1,1021,510547,93
10,no_leak,1,1022,511047,101
10,no_leak,1,1023,511547,103
10,no_leak,1,1024,512047,151
10,no_leak,1,1025,512547,165
10,no_leak,1,1026,513047,157
10,no_leak,1,1027,513547,140
10,no_leak,1,1028,514047,179
10,no_leak,1,1029,514547,189
10,no_leak,1,1030,515047,160
10,no_leak,1,1031,515547,136
10,no_leak,1,1032,516047,97
10,no_leak,1,1033,516547,110
10,no_leak,1,1034,517047,75
10,no_leak,1,1035,517547,39
10,no_leak,1,1036,518047,77
10,no_leak,1,1037,518547,19
10,no_leak,1,1038,519047,31
10,no_leak,1,1039,519547,31
10,no_leak,1,1040,520047,27
10,no_leak,1,1041,520547,51
10,no_leak,1,1042,521047,61
10,no_leak,1,1043,521547,75
10,no_leak,1,1044,522047,86
10,no_leak,1,1045,522547,70
10,no_leak,1,1046,523047,94
10,no_leak,1,1047,523547,84
10,no_leak,1,1048,524047,77
10,no_leak,1,1049,524547,85
10,no_leak,1,1050,525047,83
10,no_leak,1,1051,525547,47
10,no_leak,1,1052,526047,20
10,no_leak,1,1053,526547,4
10,no_leak,1,1054,527047,22
10,no_leak,1,1055,527547,59
10,no_leak,1,1056,528047,87
10,no_leak,1,1057,528547,55
10,no_leak,1,1058,529047,38
10,no_leak,1,1059,529547,55
10,no_leak,1,1060,530047,47
10,no_leak,1,1061,530547,48
10,no_leak,1,1062,531047,77
10,no_leak,1,1063,531547,79
10,no_leak,1,1064,532047,138
10,no_leak,1,1065,532547,158
10,no_leak,1,1066,533047,137
10,no_leak,1,1067,533547,106
10,no_leak,1,1068,534047,55
10,no_leak,1,1069,534547,8
10,no_leak,1,1070,535047,30
10,no_leak,1,1071,535547,73
10,no_leak,1,1072,536047,101
10,no_leak,1,1073,536547,107
10,no_leak,1,1074,537047,84
10,no_leak,1,1075,537547,53
10,no_leak,1,1076,538047,37
10,no_leak,1,1077,538547,7
10,no_leak,1,1078,539047,0
10,no_leak,1,1079,539547,0
10,no_leak,1,1080,540047,0
10,no_leak,1,1081,540547,22
10,no_leak,1,1082,541047,25
10,no_leak,1,1083,541547,11
10,no_leak,1,1084,542047,3
10,no_leak,1,1085,542547,0
10,no_leak,1,1086,543047,0
10,no_leak,1,1087,543547,0
10,no_leak,1,1088,544047,0
10,no_leak,1,1089,544547,9
10,no_leak,1,1090,545047,3
10,no_leak,1,1091,545547,9
10,no_leak,1,1092,546047,0
10,no_leak,1,1093,546548,0
10,no_leak,1,1094,547047,0
10,no_leak,1,1095,547547,0
10,no_leak,1,1096,548047,0
10,no_leak,1,1097,548547,0
10,no_leak,1,1098,549047,9
10,no_leak,1,1099,549547,83
10,no_leak,1,1100,550047,107
10,no_leak,1,1101,550547,99
10,no_leak,1,1102,551047,137
10,no_leak,1,1103,551547,119
10,no_leak,1,1104,552047,76
10,no_leak,1,1105,552547,89
10,no_leak,1,1106,553047,125
10,no_leak,1,1107,553547,133
10,no_leak,1,1108,554047,157
10,no_leak,1,1109,554547,148
10,no_leak,1,1110,555047,118
10,no_leak,1,1111,555547,68
10,no_leak,1,1112,556047,58
10,no_leak,1,1113,556547,98
10,no_leak,1,1114,557047,105
10,no_leak,1,1115,557547,84
10,no_leak,1,1116,558047,77
10,no_leak,1,1117,558547,37
10,no_leak,1,1118,559048,6
10,no_leak,1,1119,559547,0
10,no_leak,1,1120,560047,0
10,no_leak,1,1121,560547,5
10,no_leak,1,1122,561047,69
10,no_leak,1,1123,561547,81
10,no_leak,1,1124,562047,57
10,no_leak,1,1125,562547,61
10,no_leak,1,1126,563047,38
10,no_leak,1,1127,563547,5
10,no_leak,1,1128,564047,39
10,no_leak,1,1129,564547,53
10,no_leak,1,1130,565047,105
10,no_leak,1,1131,565547,111
10,no_leak,1,1132,566047,112
10,no_leak,1,1133,566547,71
10,no_leak,1,1134,567047,53
10,no_leak,1,1135,567547,45
10,no_leak,1,1136,568047,59
10,no_leak,1,1137,568547,95
10,no_leak,1,1138,569047,95
10,no_leak,1,1139,569547,107
10,no_leak,1,1140,570047,91
10,no_leak,1,1141,570547,53
10,no_leak,1,1142,571047,12
10,no_leak,1,1143,571547,31
10,no_leak,1,1144,572047,57
10,no_leak,1,1145,572547,91
10,no_leak,1,1146,573047,100
10,no_leak,1,1147,573547,59
10,no_leak,1,1148,574047,29
10,no_leak,1,1149,574547,0
10,no_leak,1,1150,575047,0
10,no_leak,1,1151,575547,0
10,no_leak,1,1152,576047,0
10,no_leak,1,1153,576547,17
10,no_leak,1,1154,577047,13
10,no_leak,1,1155,577547,4
10,no_leak,1,1156,578047,0
10,no_leak,1,1157,578547,0
10,no_leak,1,1158,579047,0
10,no_leak,1,1159,579547,0
10,no_leak,1,1160,580047,35
10,no_leak,1,1161,580547,43
10,no_leak,1,1162,581047,37
10,no_leak,1,1163,581547,39
10,no_leak,1,1164,582047,26
10,no_leak,1,1165,582547,24
10,no_leak,1,1166,583047,31
10,no_leak,1,1167,583547,59
10,no_leak,1,1168,584047,60
10,no_leak,1,1169,584547,99
10,no_leak,1,1170,585047,107
10,no_leak,1,1171,585547,103
10,no_leak,1,1172,586047,107
10,no_leak,1,1173,586547,69
10,no_leak,1,1174,587047,119
10,no_leak,1,1175,587547,181
10,no_leak,1,1176,588047,189
10,no_leak,1,1177,588547,141
10,no_leak,1,1178,589047,121
10,no_leak,1,1179,589547,101
10,no_leak,1,1180,590047,62
10,no_leak,1,1181,590547,77
10,no_leak,1,1182,591047,79
10,no_leak,1,1183,591547,39
10,no_leak,1,1184,592047,75
10,no_leak,1,1185,592547,42
10,no_leak,1,1186,593047,23
10,no_leak,1,1187,593547,27
10,no_leak,1,1188,594047,35
10,no_leak,1,1189,594547,57
10,no_leak,1,1190,595047,43
10,no_leak,1,1191,595547,34
10,no_leak,1,1192,596047,24
10,no_leak,1,1193,596547,43
10,no_leak,1,1194,597047,30
10,no_leak,1,1195,597547,67
10,no_leak,1,1196,598047,57
10,no_leak,1,1197,598547,79
10,no_leak,1,1198,599047,88
10,no_leak,1,1199,599547,61
10,no_leak,1,1200,600047,101
10,no_leak,1,1201,600547,133
10,no_leak,1,1202,601047,126
10,no_leak,1,1203,601547,111
10,no_leak,1,1204,602047,117
10,no_leak,1,1205,602547,141
10,no_leak,1,1206,603047,115
10,no_leak,1,1207,603547,93
10,no_leak,1,1208,604047,63
10,no_leak,1,1209,604547,51
10,no_leak,1,1210,605047,36
10,no_leak,1,1211,605547,75
10,no_leak,1,1212,606047,73
10,no_leak,1,1213,606547,47
10,no_leak,1,1214,607047,31
10,no_leak,1,1215,607547,33
10,no_leak,1,1216,608047,41
10,no_leak,1,1217,608547,99
10,no_leak,1,1218,609047,105
10,no_leak,1,1219,609547,71
10,no_leak,1,1220,610047,47
10,no_leak,1,1221,610547,61
10,no_leak,1,1222,611047,54
10,no_leak,1,1223,611547,83
10,no_leak,1,1224,612047,88
10,no_leak,1,1225,612547,51
10,no_leak,1,1226,613047,47
10,no_leak,1,1227,613547,51
10,no_leak,1,1228,614047,89
10,no_leak,1,1229,614547,111
10,no_leak,1,1230,615047,103
10,no_leak,1,1231,615547,75
10,no_leak,1,1232,616047,58
10,no_leak,1,1233,616547,78
10,no_leak,1,1234,617047,94
10,no_leak,1,1235,617547,82
10,no_leak,1,1236,618047,57
10,no_leak,1,1237,618547,13
10,no_leak,1,1238,619047,37
10,no_leak,1,1239,619547,10
10,no_leak,1,1240,620047,9
10,no_leak,1,1241,620547,7
10,no_leak,1,1242,621047,0
10,no_leak,1,1243,621547,0
10,no_leak,1,1244,622047,0
10,no_leak,1,1245,622547,0
10,no_leak,1,1246,623047,0
10,no_leak,1,1247,623547,0
10,no_leak,1,1248,624047,0
10,no_leak,1,1249,624547,0
10,no_leak,1,1250,625047,0
10,no_leak,1,1251,625547,0
10,no_leak,1,1252,626047,38
10,no_leak,1,1253,626547,51
10,no_leak,1,1254,627047,29
10,no_leak,1,1255,627547,20
10,no_leak,1,1256,628047,31
10,no_leak,1,1257,628547,39
10,no_leak,1,1258,629047,78
10,no_leak,1,1259,629547,57
10,no_leak,1,1260,630047,53
10,no_leak,1,1261,630547,68
10,no_leak,1,1262,631047,55
10,no_leak,1,1263,631547,18
10,no_leak,1,1264,632047,51
10,no_leak,1,1265,632547,47
10,no_leak,1,1266,633047,59
10,no_leak,1,1267,633547,56
10,no_leak,1,1268,634047,25
10,no_leak,1,1269,634547,0
10,no_leak,1,1270,635047,23
10,no_leak,1,1271,635547,45
10,no_leak,1,1272,636047,55
10,no_leak,1,1273,636547,66
10,no_leak,1,1274,637047,61
10,no_leak,1,1275,637547,51
10,no_leak,1,1276,638047,21
10,no_leak,1,1277,638548,25
10,no_leak,1,1278,639047,100
10,no_leak,1,1279,639547,135
10,no_leak,1,1280,640047,176
10,no_leak,1,1281,640547,168
10,no_leak,1,1282,641047,173
10,no_leak,1,1283,641547,156
10,no_leak,1,1284,642047,105
10,no_leak,1,1285,642547,77
10,no_leak,1,1286,643047,61
10,no_leak,1,1287,643547,119
10,no_leak,1,1288,644047,140
10,no_leak,1,1289,644547,164
10,no_leak,1,1290,645047,149
10,no_leak,1,1291,645547,125
10,no_leak,1,1292,646047,125
10,no_leak,1,1293,646547,104
10,no_leak,1,1294,647047,52
10,no_leak,1,1295,647547,44
10,no_leak,1,1296,648047,36
10,no_leak,1,1297,648547,23
10,no_leak,1,1298,649047,51
10,no_leak,1,1299,649547,43
10,no_leak,1,1300,650047,37
10,no_leak,1,1301,650547,22
10,no_leak,1,1302,651047,16
10,no_leak,1,1303,651547,0
10,no_leak,1,1304,652047,3
10,no_leak,1,1305,652547,17
10,no_leak,1,1306,653047,35
10,no_leak,1,1307,653547,55
10,no_leak,1,1308,654047,94
10,no_leak,1,1309,654547,107
10,no_leak,1,1310,655047,105
10,no_leak,1,1311,655547,88
10,no_leak,1,1312,656047,67
10,no_leak,1,1313,656547,67
10,no_leak,1,1314,657047,71
10,no_leak,1,1315,657547,85
10,no_leak,1,1316,658047,107
10,no_leak,1,1317,658547,103
10,no_leak,1,1318,659047,95
10,no_leak,1,1319,659547,62
10,no_leak,1,1320,660047,73
10,no_leak,1,1321,660547,85
10,no_leak,1,1322,661047,73
10,no_leak,1,1323,661547,91
10,no_leak,1,1324,662047,87
10,no_leak,1,1325,662547,50
10,no_leak,1,1326,663047,27
10,no_leak,1,1327,663547,0
10,no_leak,1,1328,664047,12
10,no_leak,1,1329,664547,23
10,no_leak,1,1330,665047,43
10,no_leak,1,1331,665547,17
10,no_leak,1,1332,666047,0
10,no_leak,1,1333,666547,0
10,no_leak,1,1334,667047,0
10,no_leak,1,1335,667547,29
10,no_leak,1,1336,668047,25
10,no_leak,1,1337,668547,16
10,no_leak,1,1338,669047,2
10,no_leak,1,1339,669547,0
10,no_leak,1,1340,670047,33
10,no_leak,1,1341,670547,72
10,no_leak,1,1342,671047,69
10,no_leak,1,1343,671547,53
10,no_leak,1,1344,672047,9
10,no_leak,1,1345,672547,39
10,no_leak,1,1346,673047,93
10,no_leak,1,1347,673547,121
10,no_leak,1,1348,674047,111
10,no_leak,1,1349,674547,53
10,no_leak,1,1350,675047,17
10,no_leak,1,1351,675547,0
10,no_leak,1,1352,676047,43
10,no_leak,1,1353,676547,70
10,no_leak,1,1354,677047,63
10,no_leak,1,1355,677547,54
10,no_leak,1,1356,678047,77
10,no_leak,1,1357,678547,112
10,no_leak,1,1358,679047,106
10,no_leak,1,1359,679547,107
10,no_leak,1,1360,680047,93
10,no_leak,1,1361,680547,61
10,no_leak,1,1362,681047,45
10,no_leak,1,1363,681547,26
10,no_leak,1,1364,682047,28
10,no_leak,1,1365,682547,18
10,no_leak,1,1366,683047,17
10,no_leak,1,1367,683547,53
10,no_leak,1,1368,684047,75
10,no_leak,1,1369,684547,41
10,no_leak,1,1370,685047,3
10,no_leak,1,1371,685547,0
10,no_leak,1,1372,686047,0
10,no_leak,1,1373,686547,41
10,no_leak,1,1374,687047,45
10,no_leak,1,1375,687547,33
10,no_leak,1,1376,688047,19
10,no_leak,1,1377,688547,0
10,no_leak,1,1378,689047,0
10,no_leak,1,1379,689547,0
10,no_leak,1,1380,690047,0
10,no_leak,1,1381,690547,0
10,no_leak,1,1382,691047,0
10,no_leak,1,1383,691547,0
10,no_leak,1,1384,692047,13
10,no_leak,1,1385,692547,5
10,no_leak,1,1386,693047,8
10,no_leak,1,1387,693547,5
10,no_leak,1,1388,694047,2
10,no_leak,1,1389,694547,0
10,no_leak,1,1390,695047,13
10,no_leak,1,1391,695547,21
10,no_leak,1,1392,696047,44
10,no_leak,1,1393,696547,53
10,no_leak,1,1394,697047,53
10,no_leak,1,1395,697547,95
10,no_leak,1,1396,698047,110
10,no_leak,1,1397,698547,119
10,no_leak,1,1398,699047,102
10,no_leak,1,1399,699547,83
10,no_leak,1,1400,700047,99
10,no_leak,1,1401,700547,165
10,no_leak,1,1402,701047,175
10,no_leak,1,1403,701547,207
10,no_leak,1,1404,702047,172
10,no_leak,1,1405,702547,157
10,no_leak,1,1406,703047,154
10,no_leak,1,1407,703547,157
10,no_leak,1,1408,704047,169
10,no_leak,1,1409,704547,190
10,no_leak,1,1410,705047,171
10,no_leak,1,1411,705547,115
10,no_leak,1,1412,706047,69
10,no_leak,1,1413,706547,83
10,no_leak,1,1414,707047,119
10,no_leak,1,1415,707547,116
10,no_leak,1,1416,708047,95
10,no_leak,1,1417,708547,73
10,no_leak,1,1418,709047,33
10,no_leak,1,1419,709547,1
10,no_leak,1,1420,710047,19
10,no_leak,1,1421,710547,21
10,no_leak,1,1422,711047,55
10,no_leak,1,1423,711547,94
10,no_leak,1,1424,712047,103
10,no_leak,1,1425,712547,68
10,no_leak,1,1426,713047,42
10,no_leak,1,1427,713547,6
10,no_leak,1,1428,714047,43
10,no_leak,1,1429,714547,85
10,no_leak,1,1430,715047,139
10,no_leak,1,1431,715547,119
10,no_leak,1,1432,716047,103
10,no_leak,1,1433,716547,85
10,no_leak,1,1434,717047,45
10,no_leak,1,1435,717547,27
10,no_leak,1,1436,718047,35
10,no_leak,1,1437,718547,40
10,no_leak,1,1438,719047,59
10,no_leak,1,1439,719547,87
10,no_leak,1,1440,720047,69
10,no_leak,1,1441,720547,84
10,no_leak,1,1442,721047,75
10,no_leak,1,1443,721547,41
10,no_leak,1,1444,722047,41
10,no_leak,1,1445,722547,51
10,no_leak,1,1446,723047,77
10,no_leak,1,1447,723547,92
10,no_leak,1,1448,724047,123
10,no_leak,1,1449,724547,135
10,no_leak,1,1450,725047,123
10,no_leak,1,1451,725547,117
10,no_leak,1,1452,726047,119
10,no_leak,1,1453,726547,120
10,no_leak,1,1454,727047,151
10,no_leak,1,1455,727547,139
10,no_leak,1,1456,728047,140
10,no_leak,1,1457,728547,191
10,no_leak,1,1458,729047,169
10,no_leak,1,1459,729547,147
10,no_leak,1,1460,730047,109
10,no_leak,1,1461,730547,78
10,no_leak,1,1462,731047,84
10,no_leak,1,1463,731547,78
10,no_leak,1,1464,732047,101
10,no_leak,1,1465,732547,85
10,no_leak,1,1466,733047,47
10,no_leak,1,1467,733547,29
10,no_leak,1,1468,734047,0
10,no_leak,1,1469,734547,4
10,no_leak,1,1470,735047,1
10,no_leak,1,1471,735547,0
10,no_leak,1,1472,736047,0
10,no_leak,1,1473,736547,0
10,no_leak,1,1474,737047,0
10,no_leak,1,1475,737547,0
10,no_leak,1,1476,738047,0
10,no_leak,1,1477,738547,0
10,no_leak,1,1478,739047,0
10,no_leak,1,1479,739547,0
10,no_leak,1,1480,740047,0
10,no_leak,1,1481,740547,0
10,no_leak,1,1482,741048,0
10,no_leak,1,1483,741547,0
10,no_leak,1,1484,742047,0
10,no_leak,1,1485,742547,0
10,no_leak,1,1486,743047,0
10,no_leak,1,1487,743547,0
10,no_leak,1,1488,744047,0
10,no_leak,1,1489,744547,43
10,no_leak,1,1490,745047,47
10,no_leak,1,1491,745547,41
10,no_leak,1,1492,746047,52
10,no_leak,1,1493,746547,47
10,no_leak,1,1494,747047,57
10,no_leak,1,1495,747547,84
10,no_leak,1,1496,748047,69
10,no_leak,1,1497,748547,85
10,no_leak,1,1498,749047,57
10,no_leak,1,1499,749547,104
10,no_leak,1,1500,750047,136
10,no_leak,1,1501,750547,123
10,no_leak,1,1502,751047,115
10,no_leak,1,1503,751547,88
10,no_leak,1,1504,752047,121
10,no_leak,1,1505,752547,135
10,no_leak,1,1506,753047,127
10,no_leak,1,1507,753547,128
10,no_leak,1,1508,754047,125
10,no_leak,1,1509,754547,125
10,no_leak,1,1510,755047,188
10,no_leak,1,1511,755547,174
10,no_leak,1,1512,756047,151
10,no_leak,1,1513,756547,117
10,no_leak,1,1514,757047,111
10,no_leak,1,1515,757547,122
10,no_leak,1,1516,758047,136
10,no_leak,1,1517,758547,141
10,no_leak,1,1518,759047,135
10,no_leak,1,1519,759547,100
10,no_leak,1,1520,760047,56
10,no_leak,1,1521,760547,60
10,no_leak,1,1522,761047,27
10,no_leak,1,1523,761547,69
10,no_leak,1,1524,762047,75
10,no_leak,1,1525,762547,63
10,no_leak,1,1526,763047,24
10,no_leak,1,1527,763547,0
10,no_leak,1,1528,764047,0
10,no_leak,1,1529,764547,0
10,no_leak,1,1530,765047,25
10,no_leak,1,1531,765547,53
10,no_leak,1,1532,766047,79
10,no_leak,1,1533,766547,78
10,no_leak,1,1534,767047,68
10,no_leak,1,1535,767547,37
10,no_leak,1,1536,768047,40
10,no_leak,1,1537,768547,82
10,no_leak,1,1538,769047,121
10,no_leak,1,1539,769547,147
10,no_leak,1,1540,770047,151
10,no_leak,1,1541,770547,135
10,no_leak,1,1542,771047,109
10,no_leak,1,1543,771547,47
10,no_leak,1,1544,772047,39
10,no_leak,1,1545,772547,61
10,no_leak,1,1546,773047,73
10,no_leak,1,1547,773547,81
10,no_leak,1,1548,774047,62
10,no_leak,1,1549,774547,61
10,no_leak,1,1550,775047,22
10,no_leak,1,1551,775547,1
10,no_leak,1,1552,776047,0
10,no_leak,1,1553,776547,0
10,no_leak,1,1554,777047,25
10,no_leak,1,1555,777547,33
10,no_leak,1,1556,778047,35
10,no_leak,1,1557,778547,36
10,no_leak,1,1558,779047,20
10,no_leak,1,1559,779547,0
10,no_leak,1,1560,780047,0
10,no_leak,1,1561,780547,0
10,no_leak,1,1562,781047,0
10,no_leak,1,1563,781547,0
10,no_leak,1,1564,782047,0
10,no_leak,1,1565,782547,27
10,no_leak,1,1566,783047,34
10,no_leak,1,1567,783547,26
10,no_leak,1,1568,784047,13
10,no_leak,1,1569,784547,0
10,no_leak,1,1570,785047,0
10,no_leak,1,1571,785547,45
10,no_leak,1,1572,786047,75
10,no_leak,1,1573,786547,71
10,no_leak,1,1574,787047,86
10,no_leak,1,1575,787547,77
10,no_leak,1,1576,788047,45
10,no_leak,1,1577,788547,23
10,no_leak,1,1578,789047,41
10,no_leak,1,1579,789547,48
10,no_leak,1,1580,790047,23
10,no_leak,1,1581,790547,61
10,no_leak,1,1582,791047,55
10,no_leak,1,1583,791547,24
10,no_leak,1,1584,792047,21
10,no_leak,1,1585,792547,28
10,no_leak,1,1586,793047,27
10,no_leak,1,1587,793547,59
10,no_leak,1,1588,794047,43
10,no_leak,1,1589,794547,7
10,no_leak,1,1590,795047,0
10,no_leak,1,1591,795547,0
10,no_leak,1,1592,796047,0
10,no_leak,1,1593,796547,30
10,no_leak,1,1594,797047,55
10,no_leak,1,1595,797547,51
10,no_leak,1,1596,798047,67
10,no_leak,1,1597,798547,41
10,no_leak,1,1598,799047,22
10,no_leak,1,1599,799547,4
10,no_leak,1,1600,800047,21
10,no_leak,1,1601,800547,89
10,no_leak,1,1602,801047,95
10,no_leak,1,1603,801547,85
10,no_leak,1,1604,802047,59
10,no_leak,1,1605,802547,13
10,no_leak,1,1606,803047,41
10,no_leak,1,1607,803547,64
10,no_leak,1,1608,804047,125
10,no_leak,1,1609,804547,125
10,no_leak,1,1610,805047,137
10,no_leak,1,1611,805547,123
10,no_leak,1,1612,806047,91
10,no_leak,1,1613,806547,36
10,no_leak,1,1614,807047,39
10,no_leak,1,1615,807547,39
10,no_leak,1,1616,808047,72
10,no_leak,1,1617,808547,101
10,no_leak,1,1618,809047,119
10,no_leak,1,1619,809547,115
10,no_leak,1,1620,810047,77
10,no_leak,1,1621,810547,29
10,no_leak,1,1622,811047,18
10,no_leak,1,1623,811547,75
10,no_leak,1,1624,812047,91
10,no_leak,1,1625,812547,93
10,no_leak,1,1626,813047,83
10,no_leak,1,1627,813547,61
10,no_leak,1,1628,814047,45
10,no_leak,1,1629,814547,33
10,no_leak,1,1630,815047,1
10,no_leak,1,1631,815547,23
10,no_leak,1,1632,816047,45
10,no_leak,1,1633,816547,55
10,no_leak,1,1634,817047,103
10,no_leak,1,1635,817547,126
10,no_leak,1,1636,818047,112
10,no_leak,1,1637,818547,115
10,no_leak,1,1638,819047,89
10,no_leak,1,1639,819547,41
10,no_leak,1,1640,820047,13
10,no_leak,1,1641,820547,56
10,no_leak,1,1642,821047,107
10,no_leak,1,1643,821547,109
10,no_leak,1,1644,822047,95
10,no_leak,1,1645,822547,85
10,no_leak,1,1646,823047,68
10,no_leak,1,1647,823547,37
10,no_leak,1,1648,824047,1
10,no_leak,1,1649,824547,0
10,no_leak,1,1650,825047,43
10,no_leak,1,1651,825547,69
10,no_leak,1,1652,826047,79
10,no_leak,1,1653,826547,99
10,no_leak,1,1654,827047,89
10,no_leak,1,1655,827547,76
10,no_leak,1,1656,828047,44
10,no_leak,1,1657,828547,47
10,no_leak,1,1658,829047,85
10,no_leak,1,1659,829547,91
10,no_leak,1,1660,830047,137
10,no_leak,1,1661,830547,143
10,no_leak,1,1662,831047,139
10,no_leak,1,1663,831547,117
10,no_leak,1,1664,832047,99
10,no_leak,1,1665,832547,44
10,no_leak,1,1666,833047,33
10,no_leak,1,1667,833547,77
10,no_leak,1,1668,834047,107
10,no_leak,1,1669,834547,109
10,no_leak,1,1670,835047,112
10,no_leak,1,1671,835547,94
10,no_leak,1,1672,836047,75
10,no_leak,1,1673,836547,71
10,no_leak,1,1674,837047,48
10,no_leak,1,1675,837547,22
10,no_leak,1,1676,838047,7
10,no_leak,1,1677,838547,21
10,no_leak,1,1678,839047,21
10,no_leak,1,1679,839547,72
10,no_leak,1,1680,840047,63
10,no_leak,1,1681,840547,63
10,no_leak,1,1682,841047,51
10,no_leak,1,1683,841547,26
10,no_leak,1,1684,842047,0
10,no_leak,1,1685,842547,21
10,no_leak,1,1686,843047,61
10,no_leak,1,1687,843547,83
10,no_leak,1,1688,844047,78
10,no_leak,1,1689,844547,63
10,no_leak,1,1690,845047,47
10,no_leak,1,1691,845547,22
10,no_leak,1,1692,846047,0
10,no_leak,1,1693,846547,31
10,no_leak,1,1694,847047,59
10,no_leak,1,1695,847547,61
10,no_leak,1,1696,848047,93
10,no_leak,1,1697,848547,99
10,no_leak,1,1698,849047,77
10,no_leak,1,1699,849547,47
10,no_leak,1,1700,850047,26
10,no_leak,1,1701,850547,0
10,no_leak,1,1702,851047,11
10,no_leak,1,1703,851547,35
10,no_leak,1,1704,852047,80
10,no_leak,1,1705,852547,74
10,no_leak,1,1706,853047,55
10,no_leak,1,1707,853547,36
10,no_leak,1,1708,854047,20
10,no_leak,1,1709,854547,19
10,no_leak,1,1710,855047,47
10,no_leak,1,1711,855547,94
10,no_leak,1,1712,856047,105
10,no_leak,1,1713,856547,103
10,no_leak,1,1714,857047,111
10,no_leak,1,1715,857547,56
10,no_leak,1,1716,858047,55
10,no_leak,1,1717,858547,94
10,no_leak,1,1718,859047,99
10,no_leak,1,1719,859547,143
10,no_leak,1,1720,860047,123
10,no_leak,1,1721,860547,105
10,no_leak,1,1722,861047,45
10,no_leak,1,1723,861547,4
10,no_leak,1,1724,862047,0
10,no_leak,1,1725,862547,5
10,no_leak,1,1726,863047,74
10,no_leak,1,1727,863547,76
10,no_leak,1,1728,864047,69
10,no_leak,1,1729,864547,69
10,no_leak,1,1730,865047,53
10,no_leak,1,1731,865547,10
10,no_leak,1,1732,866047,25
10,no_leak,1,1733,866547,85
10,no_leak,1,1734,867047,121
10,no_leak,1,1735,867547,112
10,no_leak,1,1736,868047,121
10,no_leak,1,1737,868547,121
10,no_leak,1,1738,869047,112
10,no_leak,1,1739,869547,79
10,no_leak,1,1740,870047,39
10,no_leak,1,1741,870547,2
10,no_leak,1,1742,871047,13
10,no_leak,1,1743,871547,51
10,no_leak,1,1744,872047,61
10,no_leak,1,1745,872547,89
10,no_leak,1,1746,873047,103
10,no_leak,1,1747,873547,57
10,no_leak,1,1748,874047,29
10,no_leak,1,1749,874547,0
10,no_leak,1,1750,875047,16
10,no_leak,1,1751,875547,51
10,no_leak,1,1752,876047,73
10,no_leak,1,1753,876547,73
10,no_leak,1,1754,877047,69
10,no_leak,1,1755,877547,57
10,no_leak,1,1756,878047,51
10,no_leak,1,1757,878547,53
10,no_leak,1,1758,879047,13
10,no_leak,1,1759,879547,0
10,no_leak,1,1760,880047,0
10,no_leak,1,1761,880547,0
10,no_leak,1,1762,881047,0
10,no_leak,1,1763,881547,0
10,no_leak,1,1764,882047,0
10,no_leak,1,1765,882547,0
10,no_leak,1,1766,883047,0
10,no_leak,1,1767,883547,0
10,no_leak,1,1768,884047,0
10,no_leak,1,1769,884547,31
10,no_leak,1,1770,885047,45
10,no_leak,1,1771,885547,29
10,no_leak,1,1772,886047,17
10,no_leak,1,1773,886547,37
10,no_leak,1,1774,887047,61
10,no_leak,1,1775,887547,80
10,no_leak,1,1776,888047,63
10,no_leak,1,1777,888547,61
10,no_leak,1,1778,889047,44
10,no_leak,1,1779,889547,9
10,no_leak,1,1780,890047,55
10,no_leak,1,1781,890547,85
10,no_leak,1,1782,891047,92
10,no_leak,1,1783,891547,88
10,no_leak,1,1784,892047,89
10,no_leak,1,1785,892547,91
10,no_leak,1,1786,893047,122
10,no_leak,1,1787,893547,147
10,no_leak,1,1788,894047,169
10,no_leak,1,1789,894547,167
10,no_leak,1,1790,895047,155
10,no_leak,1,1791,895547,117
10,no_leak,1,1792,896047,95
10,no_leak,1,1793,896547,103
10,no_leak,1,1794,897047,112
10,no_leak,1,1795,897547,104
10,no_leak,1,1796,898047,119
10,no_leak,1,1797,898547,123
10,no_leak,1,1798,899047,109
10,no_leak,1,1799,899547,86
10,no_leak,1,1800,900047,41
10,no_leak,1,1801,900547,12
10,no_leak,1,1802,901047,23
10,no_leak,1,1803,901547,41
10,no_leak,1,1804,902047,40
10,no_leak,1,1805,902547,73
10,no_leak,1,1806,903047,83
10,no_leak,1,1807,903547,79
10,no_leak,1,1808,904047,56
10,no_leak,1,1809,904547,27
10,no_leak,1,1810,905047,23
10,no_leak,1,1811,905547,37
10,no_leak,1,1812,906047,27
10,no_leak,1,1813,906547,41
10,no_leak,1,1814,907047,21
10,no_leak,1,1815,907547,9
10,no_leak,1,1816,908047,24
10,no_leak,1,1817,908547,59
10,no_leak,1,1818,909047,50
10,no_leak,1,1819,909547,28
10,no_leak,1,1820,910047,23
10,no_leak,1,1821,910547,1
10,no_leak,1,1822,911047,0
10,no_leak,1,1823,911547,67
10,no_leak,1,1824,912047,75
10,no_leak,1,1825,912547,53
10,no_leak,1,1826,913047,75
10,no_leak,1,1827,913547,53
10,no_leak,1,1828,914047,37
10,no_leak,1,1829,914547,18
10,no_leak,1,1830,915047,0
10,no_leak,1,1831,915547,0
10,no_leak,1,1832,916047,29
10,no_leak,1,1833,916547,54
10,no_leak,1,1834,917047,31
10,no_leak,1,1835,917547,12
10,no_leak,1,1836,918047,0
10,no_leak,1,1837,918547,0
10,no_leak,1,1838,919047,0
10,no_leak,1,1839,919547,0
10,no_leak,1,1840,920047,10
10,no_leak,1,1841,920547,1
10,no_leak,1,1842,921047,0
10,no_leak,1,1843,921547,0
10,no_leak,1,1844,922047,0
10,no_leak,1,1845,922547,0
10,no_leak,1,1846,923047,48
10,no_leak,1,1847,923547,57
10,no_leak,1,1848,924047,73
10,no_leak,1,1849,924547,47
10,no_leak,1,1850,925047,6
10,no_leak,1,1851,925547,0
10,no_leak,1,1852,926047,55
10,no_leak,1,1853,926547,106
10,no_leak,1,1854,927047,133
10,no_leak,1,1855,927547,139
10,no_leak,1,1856,928047,132
10,no_leak,1,1857,928547,109
10,no_leak,1,1858,929047,74
10,no_leak,1,1859,929547,74
10,no_leak,1,1860,930047,93
10,no_leak,1,1861,930547,90
10,no_leak,1,1862,931047,149
10,no_leak,1,1863,931547,149
10,no_leak,1,1864,932047,140
10,no_leak,1,1865,932547,106
10,no_leak,1,1866,933047,47
10,no_leak,1,1867,933547,20
10,no_leak,1,1868,934047,59
10,no_leak,1,1869,934547,79
10,no_leak,1,1870,935047,62
10,no_leak,1,1871,935547,102
10,no_leak,1,1872,936047,85
10,no_leak,1,1873,936547,45
10,no_leak,1,1874,937047,26
10,no_leak,1,1875,937547,87
10,no_leak,1,1876,938047,171
10,no_leak,1,1877,938547,182
10,no_leak,1,1878,939047,189
10,no_leak,1,1879,939547,147
10,no_leak,1,1880,940047,92
10,no_leak,1,1881,940547,56
10,no_leak,1,1882,941047,60
10,no_leak,1,1883,941547,118
10,no_leak,1,1884,942047,137
10,no_leak,1,1885,942547,146
10,no_leak,1,1886,943047,127
10,no_leak,1,1887,943547,123
10,no_leak,1,1888,944047,93
10,no_leak,1,1889,944547,69
10,no_leak,1,1890,945047,16
10,no_leak,1,1891,945547,0
10,no_leak,1,1892,946047,24
10,no_leak,1,1893,946547,77
10,no_leak,1,1894,947047,84
10,no_leak,1,1895,947547,77
10,no_leak,1,1896,948047,117
10,no_leak,1,1897,948547,117
10,no_leak,1,1898,949047,105
10,no_leak,1,1899,949547,73
10,no_leak,1,1900,950047,59
10,no_leak,1,1901,950547,69
10,no_leak,1,1902,951047,93
10,no_leak,1,1903,951547,108
10,no_leak,1,1904,952047,143
10,no_leak,1,1905,952547,151
10,no_leak,1,1906,953047,150
10,no_leak,1,1907,953547,123
10,no_leak,1,1908,954047,83
10,no_leak,1,1909,954547,93
10,no_leak,1,1910,955047,123
10,no_leak,1,1911,955547,123
10,no_leak,1,1912,956047,133
10,no_leak,1,1913,956547,140
10,no_leak,1,1914,957047,119
10,no_leak,1,1915,957547,105
10,no_leak,1,1916,958047,92
10,no_leak,1,1917,958547,59
10,no_leak,1,1918,959047,55
10,no_leak,1,1919,959547,64
10,no_leak,1,1920,960047,99
10,no_leak,1,1921,960547,99
10,no_leak,1,1922,961047,76
10,no_leak,1,1923,961547,62
10,no_leak,1,1924,962047,20
10,no_leak,1,1925,962547,0
10,no_leak,1,1926,963047,0
10,no_leak,1,1927,963547,0
10,no_leak,1,1928,964047,0
10,no_leak,1,1929,964547,39
10,no_leak,1,1930,965047,43
10,no_leak,1,1931,965547,16
10,no_leak,1,1932,966047,17
10,no_leak,1,1933,966547,0
10,no_leak,1,1934,967047,0
10,no_leak,1,1935,967547,0
10,no_leak,1,1936,968047,22
10,no_leak,1,1937,968547,36
10,no_leak,1,1938,969047,40
10,no_leak,1,1939,969547,17
10,no_leak,1,1940,970047,2
10,no_leak,1,1941,970547,0
10,no_leak,1,1942,971047,22
10,no_leak,1,1943,971547,58
10,no_leak,1,1944,972047,69
10,no_leak,1,1945,972547,73
10,no_leak,1,1946,973047,57
10,no_leak,1,1947,973547,17
10,no_leak,1,1948,974047,38
10,no_leak,1,1949,974547,51
10,no_leak,1,1950,975047,83
10,no_leak,1,1951,975547,107
10,no_leak,1,1952,976047,109
10,no_leak,1,1953,976547,103
10,no_leak,1,1954,977047,89
10,no_leak,1,1955,977547,47
10,no_leak,1,1956,978047,60
10,no_leak,1,1957,978547,69
10,no_leak,1,1958,979047,103
10,no_leak,1,1959,979547,118
10,no_leak,1,1960,980047,95
10,no_leak,1,1961,980547,56
10,no_leak,1,1962,981047,9
10,no_leak,1,1963,981547,0
10,no_leak,1,1964,982047,0
10,no_leak,1,1965,982547,0
10,no_leak,1,1966,983047,60
10,no_leak,1,1967,983547,105
10,no_leak,1,1968,984047,85
10,no_leak,1,1969,984547,87
10,no_leak,1,1970,985047,89
10,no_leak,1,1971,985547,91
10,no_leak,1,1972,986047,56
10,no_leak,1,1973,986547,59
10,no_leak,1,1974,987047,127
10,no_leak,1,1975,987547,60
10,no_leak,1,1976,988047,149
10,no_leak,1,1977,988547,167
10,no_leak,1,1978,989047,153
10,no_leak,1,1979,989547,149
10,no_leak,1,1980,990047,114
10,no_leak,1,1981,990547,57
10,no_leak,1,1982,991047,39
10,no_leak,1,1983,991547,40
10,no_leak,1,1984,992047,31
10,no_leak,1,1985,992547,43
10,no_leak,1,1986,993047,39
10,no_leak,1,1987,993547,36
10,no_leak,1,1988,994047,37
10,no_leak,1,1989,994547,13
10,no_leak,1,1990,995047,0
10,no_leak,1,1991,995547,0
10,no_leak,1,1992,996047,0
10,no_leak,1,1993,996547,0
10,no_leak,1,1994,997047,23
10,no_leak,1,1995,997547,22
10,no_leak,1,1996,998047,29
10,no_leak,1,1997,998547,41
10,no_leak,1,1998,999047,27
10,no_leak,1,1999,999547,7
10,no_leak,2,0,48,18
10,no_leak,2,1,547,17
10,no_leak,2,2,1047,2
10,no_leak,2,3,1547,10
10,no_leak,2,4,2047,46
10,no_leak,2,5,2547,107
10,no_leak,2,6,3047,147
10,no_leak,2,7,3547,139
10,no_leak,2,8,4047,133
10,no_leak,2,9,4547,93
10,no_leak,2,10,5047,117
10,no_leak,2,11,5547,121
10,no_leak,2,12,6047,124
10,no_leak,2,13,6547,186
10,no_leak,2,14,7047,184
10,no_leak,2,15,7547,144
10,no_leak,2,16,8047,125
10,no_leak,2,17,8547,67
10,no_leak,2,18,9047,73
10,no_leak,2,19,9547,110
10,no_leak,2,20,10047,120
10,no_leak,2,21,10547,127
10,no_leak,2,22,11047,117
10,no_leak,2,23,11547,91
10,no_leak,2,24,12047,77
10,no_leak,2,25,12547,95
10,no_leak,2,26,13047,133
10,no_leak,2,27,13547,104
10,no_leak,2,28,14047,62
10,no_leak,2,29,14547,24
10,no_leak,2,30,15047,29
10,no_leak,2,31,15547,74
10,no_leak,2,32,16047,79
10,no_leak,2,33,16547,85
10,no_leak,2,34,17047,73
10,no_leak,2,35,17547,60
10,no_leak,2,36,18047,47
10,no_leak,2,37,18547,91
10,no_leak,2,38,19047,117
10,no_leak,2,39,19547,165
10,no_leak,2,40,20047,182
10,no_leak,2,41,20547,171
10,no_leak,2,42,21047,151
10,no_leak,2,43,21547,107
10,no_leak,2,44,22047,126
10,no_leak,2,45,22547,99
10,no_leak,2,46,23047,103
10,no_leak,2,47,23547,116
10,no_leak,2,48,24047,73
10,no_leak,2,49,24547,41
10,no_leak,2,50,25047,13
10,no_leak,2,51,25547,26
10,no_leak,2,52,26047,21
10,no_leak,2,53,26547,25
10,no_leak,2,54,27047,21
10,no_leak,2,55,27547,3
10,no_leak,2,56,28047,63
10,no_leak,2,57,28547,75
10,no_leak,2,58,29047,84
10,no_leak,2,59,29547,74
10,no_leak,2,60,30047,54
10,no_leak,2,61,30547,6
10,no_leak,2,62,31047,7
10,no_leak,2,63,31547,9
10,no_leak,2,64,32047,74
10,no_leak,2,65,32547,73
10,no_leak,2,66,33047,78
10,no_leak,2,67,33547,63
10,no_leak,2,68,34047,51
10,no_leak,2,69,34547,43
10,no_leak,2,70,35047,48
10,no_leak,2,71,35547,47
10,no_leak,2,72,36047,19
10,no_leak,2,73,36547,22
10,no_leak,2,74,37047,10
10,no_leak,2,75,37547,5
10,no_leak,2,76,38047,0
10,no_leak,2,77,38547,0
10,no_leak,2,78,39047,18
10,no_leak,2,79,39547,21
10,no_leak,2,80,40047,14
10,no_leak,2,81,40547,7
10,no_leak,2,82,41047,24
10,no_leak,2,83,41547,31
10,no_leak,2,84,42047,93
10,no_leak,2,85,42547,105
10,no_leak,2,86,43047,83
10,no_leak,2,87,43547,139
10,no_leak,2,88,44047,183
10,no_leak,2,89,44547,192
10,no_leak,2,90,45047,189
10,no_leak,2,91,45547,171
10,no_leak,2,92,46047,119
10,no_leak,2,93,46547,99
10,no_leak,2,94,47047,63
10,no_leak,2,95,47547,85
10,no_leak,2,96,48047,77
10,no_leak,2,97,48547,39
10,no_leak,2,98,49047,39
10,no_leak,2,99,49547,79
10,no_leak,2,100,50047,72
10,no_leak,2,101,50547,73
10,no_leak,2,102,51047,115
10,no_leak,2,103,51547,135
10,no_leak,2,104,52047,140
10,no_leak,2,105,52547,89
10,no_leak,2,106,53047,81
10,no_leak,2,107,53547,103
10,no_leak,2,108,54047,89
10,no_leak,2,109,54547,111
10,no_leak,2,110,55047,87
10,no_leak,2,111,55547,55
10,no_leak,2,112,56047,98
10,no_leak,2,113,56547,90
10,no_leak,2,114,57047,57
10,no_leak,2,115,57547,44
10,no_leak,2,116,58047,53
10,no_leak,2,117,58547,71
10,no_leak,2,118,59047,77
10,no_leak,2,119,59547,58
10,no_leak,2,120,60047,13
10,no_leak,2,121,60547,42
10,no_leak,2,122,61047,31
10,no_leak,2,123,61547,19
10,no_leak,2,124,62047,0
10,no_leak,2,125,62547,43
10,no_leak,2,126,63047,10
10,no_leak,2,127,63547,0
10,no_leak,2,128,64047,9
10,no_leak,2,129,64547,0
10,no_leak,2,130,65047,0
10,no_leak,2,131,65547,0
10,no_leak,2,132,66047,0
10,no_leak,2,133,66547,0
10,no_leak,2,134,67047,17
10,no_leak,2,135,67547,42
10,no_leak,2,136,68047,39
10,no_leak,2,137,68547,43
10,no_leak,2,138,69047,6
10,no_leak,2,139,69547,45
10,no_leak,2,140,70047,47
10,no_leak,2,141,70547,77
10,no_leak,2,142,71047,51
10,no_leak,2,143,71547,23
10,no_leak,2,144,72047,1
10,no_leak,2,145,72547,36
10,no_leak,2,146,73047,44
10,no_leak,2,147,73547,41
10,no_leak,2,148,74047,29
10,no_leak,2,149,74547,11
10,no_leak,2,150,75047,0
10,no_leak,2,151,75547,0
10,no_leak,2,152,76047,0
10,no_leak,2,153,76547,25
10,no_leak,2,154,77047,45
10,no_leak,2,155,77547,62
10,no_leak,2,156,78047,69
10,no_leak,2,157,78547,56
10,no_leak,2,158,79047,31
10,no_leak,2,159,79547,29
10,no_leak,2,160,80047,75
10,no_leak,2,161,80547,89
10,no_leak,2,162,81047,141
10,no_leak,2,163,81547,133
10,no_leak,2,164,82047,93
10,no_leak,2,165,82547,73
10,no_leak,2,166,83047,23
10,no_leak,2,167,83547,24
10,no_leak,2,168,84047,35
10,no_leak,2,169,84547,77
10,no_leak,2,170,85047,107
10,no_leak,2,171,85547,119
10,no_leak,2,172,86047,99
10,no_leak,2,173,86547,46
10,no_leak,2,174,87047,5
10,no_leak,2,175,87547,8
10,no_leak,2,176,88047,83
10,no_leak,2,177,88547,125
10,no_leak,2,178,89047,121
10,no_leak,2,179,89547,118
10,no_leak,2,180,90047,99
10,no_leak,2,181,90547,79
10,no_leak,2,182,91047,67
10,no_leak,2,183,91547,55
10,no_leak,2,184,92047,59
10,no_leak,2,185,92547,62
10,no_leak,2,186,93047,61
10,no_leak,2,187,93547,93
10,no_leak,2,188,94047,103
10,no_leak,2,189,94547,109
10,no_leak,2,190,95047,103
10,no_leak,2,191,95547,63
10,no_leak,2,192,96047,60
10,no_leak,2,193,96547,35
10,no_leak,2,194,97047,25
10,no_leak,2,195,97547,9
10,no_leak,2,196,98047,6
10,no_leak,2,197,98547,0
10,no_leak,2,198,99047,0
10,no_leak,2,199,99547,0
10,no_leak,2,200,100047,0
10,no_leak,2,201,100547,0
10,no_leak,2,202,101047,0
10,no_leak,2,203,101547,0
10,no_leak,2,204,102047,0
10,no_leak,2,205,102547,18
10,no_leak,2,206,103047,51
10,no_leak,2,207,103547,68
10,no_leak,2,208,104047,54
10,no_leak,2,209,104547,25
10,no_leak,2,210,105047,0
10,no_leak,2,211,105547,0
10,no_leak,2,212,106047,0
10,no_leak,2,213,106547,51
10,no_leak,2,214,107047,51
10,no_leak,2,215,107547,72
10,no_leak,2,216,108047,60
10,no_leak,2,217,108547,31
10,no_leak,2,218,109047,4
10,no_leak,2,219,109547,0
10,no_leak,2,220,110047,0
10,no_leak,2,221,110547,11
10,no_leak,2,222,111047,26
10,no_leak,2,223,111547,43
10,no_leak,2,224,112047,27
10,no_leak,2,225,112547,31
10,no_leak,2,226,113047,35
10,no_leak,2,227,113547,11
10,no_leak,2,228,114047,39
10,no_leak,2,229,114547,61
10,no_leak,2,230,115047,79
10,no_leak,2,231,115547,76
10,no_leak,2,232,116047,47
10,no_leak,2,233,116547,37
10,no_leak,2,234,117047,57
10,no_leak,2,235,117547,47
10,no_leak,2,236,118047,70
10,no_leak,2,237,118547,45
10,no_leak,2,238,119047,9
10,no_leak,2,239,119547,0
10,no_leak,2,240,120047,0
10,no_leak,2,241,120547,11
10,no_leak,2,242,121047,7
10,no_leak,2,243,121547,0
10,no_leak,2,244,122047,0
10,no_leak,2,245,122547,0
10,no_leak,2,246,123047,41
10,no_leak,2,247,123547,41
10,no_leak,2,248,124047,27
10,no_leak,2,249,124547,10
10,no_leak,2,250,125047,0
10,no_leak,2,251,125547,0
10,no_leak,2,252,126047,0
10,no_leak,2,253,126547,46
10,no_leak,2,254,127047,53
10,no_leak,2,255,127547,75
10,no_leak,2,256,128047,47
10,no_leak,2,257,128547,10
10,no_leak,2,258,129047,53
10,no_leak,2,259,129547,87
10,no_leak,2,260,130047,122
10,no_leak,2,261,130547,139
10,no_leak,2,262,131047,135
10,no_leak,2,263,131547,118
10,no_leak,2,264,132047,87
10,no_leak,2,265,132547,55
10,no_leak,2,266,133047,65
10,no_leak,2,267,133547,36
10,no_leak,2,268,134047,5
10,no_leak,2,269,134547,31
10,no_leak,2,270,135047,17
10,no_leak,2,271,135547,20
10,no_leak,2,272,136047,17
10,no_leak,2,273,136547,16
10,no_leak,2,274,137047,0
10,no_leak,2,275,137547,29
10,no_leak,2,276,138047,59
10,no_leak,2,277,138547,77
10,no_leak,2,278,139047,115
10,no_leak,2,279,139547,107
10,no_leak,2,280,140047,119
10,no_leak,2,281,140547,118
10,no_leak,2,282,141047,111
10,no_leak,2,283,141547,93
10,no_leak,2,284,142047,99
10,no_leak,2,285,142547,99
10,no_leak,2,286,143047,100
10,no_leak,2,287,143547,73
10,no_leak,2,288,144047,110
10,no_leak,2,289,144547,106
10,no_leak,2,290,145047,77
10,no_leak,2,291,145547,121
10,no_leak,2,292,146047,101
10,no_leak,2,293,146547,85
10,no_leak,2,294,147047,167
10,no_leak,2,295,147547,185
10,no_leak,2,296,148047,183
10,no_leak,2,297,148547,172
10,no_leak,2,298,149047,122
10,no_leak,2,299,149547,79
10,no_leak,2,300,150047,87
10,no_leak,2,301,150547,89
10,no_leak,2,302,151047,102
10,no_leak,2,303,151547,91
10,no_leak,2,304,152047,57
10,no_leak,2,305,152547,15
10,no_leak,2,306,153047,29
10,no_leak,2,307,153547,42
10,no_leak,2,308,154047,45
10,no_leak,2,309,154547,28
10,no_leak,2,310,155047,0
10,no_leak,2,311,155547,0
10,no_leak,2,312,156047,0
10,no_leak,2,313,156547,28
10,no_leak,2,314,157047,27
10,no_leak,2,315,157547,37
10,no_leak,2,316,158047,27
10,no_leak,2,317,158547,12
10,no_leak,2,318,159047,0
10,no_leak,2,319,159547,45
10,no_leak,2,320,160047,83
10,no_leak,2,321,160547,91
10,no_leak,2,322,161047,87
10,no_leak,2,323,161547,59
10,no_leak,2,324,162047,16
10,no_leak,2,325,162547,0
10,no_leak,2,326,163047,42
10,no_leak,2,327,163547,53
10,no_leak,2,328,164047,54
10,no_leak,2,329,164547,44
10,no_leak,2,330,165047,13
10,no_leak,2,331,165547,0
10,no_leak,2,332,166047,0
10,no_leak,2,333,166547,0
10,no_leak,2,334,167047,0
10,no_leak,2,335,167547,79
10,no_leak,2,336,168047,99
10,no_leak,2,337,168547,90
10,no_leak,2,338,169047,61
10,no_leak,2,339,169547,27
10,no_leak,2,340,170047,55
10,no_leak,2,341,170547,77
10,no_leak,2,342,171047,118
10,no_leak,2,343,171547,143
10,no_leak,2,344,172047,121
10,no_leak,2,345,172547,85
10,no_leak,2,346,173047,29
10,no_leak,2,347,173547,0
10,no_leak,2,348,174047,0
10,no_leak,2,349,174547,0
10,no_leak,2,350,175047,17
10,no_leak,2,351,175547,36
10,no_leak,2,352,176047,63
10,no_leak,2,353,176547,68
10,no_leak,2,354,177047,83
10,no_leak,2,355,177547,82
10,no_leak,2,356,178047,83
10,no_leak,2,357,178547,73
10,no_leak,2,358,179047,75
10,no_leak,2,359,179547,78
10,no_leak,2,360,180047,109
10,no_leak,2,361,180547,75
10,no_leak,2,362,181047,69
10,no_leak,2,363,181547,43
10,no_leak,2,364,182047,76
10,no_leak,2,365,182547,93
10,no_leak,2,366,183047,77
10,no_leak,2,367,183547,53
10,no_leak,2,368,184047,28
10,no_leak,2,369,184547,27
10,no_leak,2,370,185047,59
10,no_leak,2,371,185547,53
10,no_leak,2,372,186047,84
10,no_leak,2,373,186547,67
10,no_leak,2,374,187047,27
10,no_leak,2,375,187547,0
10,no_leak,2,376,188047,0
10,no_leak,2,377,188547,0
10,no_leak,2,378,189047,0
10,no_leak,2,379,189547,18
10,no_leak,2,380,190047,30
10,no_leak,2,381,190547,20
10,no_leak,2,382,191047,0
10,no_leak,2,383,191547,0
10,no_leak,2,384,192047,0
10,no_leak,2,385,192547,43
10,no_leak,2,386,193047,75
10,no_leak,2,387,193547,87
10,no_leak,2,388,194047,119
10,no_leak,2,389,194547,103
10,no_leak,2,390,195047,73
10,no_leak,2,391,195547,44
10,no_leak,2,392,196047,85
10,no_leak,2,393,196547,141
10,no_leak,2,394,197047,150
10,no_leak,2,395,197547,149
10,no_leak,2,396,198047,136
10,no_leak,2,397,198547,68
10,no_leak,2,398,199047,61
10,no_leak,2,399,199547,100
10,no_leak,2,400,200047,111
10,no_leak,2,401,200547,107
10,no_leak,2,402,201047,77
10,no_leak,2,403,201547,39
10,no_leak,2,404,202047,13
10,no_leak,2,405,202547,13
10,no_leak,2,406,203047,54
10,no_leak,2,407,203547,99
10,no_leak,2,408,204047,117
10,no_leak,2,409,204547,103
10,no_leak,2,410,205047,83
10,no_leak,2,411,205547,52
10,no_leak,2,412,206047,36
10,no_leak,2,413,206547,20
10,no_leak,2,414,207047,73
10,no_leak,2,415,207547,47
10,no_leak,2,416,208047,13
10,no_leak,2,417,208547,0
10,no_leak,2,418,209047,53
10,no_leak,2,419,209547,69
10,no_leak,2,420,210047,58
10,no_leak,2,421,210547,22
10,no_leak,2,422,211047,0
10,no_leak,2,423,211547,0
10,no_leak,2,424,212047,42
10,no_leak,2,425,212547,103
10,no_leak,2,426,213047,111
10,no_leak,2,427,213547,99
10,no_leak,2,428,214047,116
10,no_leak,2,429,214547,93
10,no_leak,2,430,215047,77
10,no_leak,2,431,215547,68
10,no_leak,2,432,216047,76
10,no_leak,2,433,216547,73
10,no_leak,2,434,217047,103
10,no_leak,2,435,217547,90
10,no_leak,2,436,218047,47
10,no_leak,2,437,218547,25
10,no_leak,2,438,219047,70
10,no_leak,2,439,219547,59
10,no_leak,2,440,220047,31
10,no_leak,2,441,220547,0
10,no_leak,2,442,221047,0
10,no_leak,2,443,221547,13
10,no_leak,2,444,222047,95
10,no_leak,2,445,222547,109
10,no_leak,2,446,223047,109
10,no_leak,2,447,223547,87
10,no_leak,2,448,224047,61
10,no_leak,2,449,224547,47
10,no_leak,2,450,225047,57
10,no_leak,2,451,225547,69
10,no_leak,2,452,226047,112
10,no_leak,2,453,226547,91
10,no_leak,2,454,227047,102
10,no_leak,2,455,227547,110
10,no_leak,2,456,228047,93
10,no_leak,2,457,228547,85
10,no_leak,2,458,229047,75
10,no_leak,2,459,229547,55
10,no_leak,2,460,230047,79
10,no_leak,2,461,230547,88
10,no_leak,2,462,231047,126
10,no_leak,2,463,231547,125
10,no_leak,2,464,232047,105
10,no_leak,2,465,232547,100
10,no_leak,2,466,233047,143
10,no_leak,2,467,233547,112
10,no_leak,2,468,234047,68
10,no_leak,2,469,234547,71
10,no_leak,2,470,235047,67
10,no_leak,2,471,235547,103
10,no_leak,2,472,236047,120
10,no_leak,2,473,236547,102
10,no_leak,2,474,237047,77
10,no_leak,2,475,237547,60
10,no_leak,2,476,238047,19
10,no_leak,2,477,238547,9
10,no_leak,2,478,239047,0
10,no_leak,2,479,239547,27
10,no_leak,2,480,240047,41
10,no_leak,2,481,240547,58
10,no_leak,2,482,241047,70
10,no_leak,2,483,241547,73
10,no_leak,2,484,242047,68
10,no_leak,2,485,242547,27
10,no_leak,2,486,243047,9
10,no_leak,2,487,243547,42
10,no_leak,2,488,244047,62
10,no_leak,2,489,244547,59
10,no_leak,2,490,245047,78
10,no_leak,2,491,245547,83
10,no_leak,2,492,246047,84
10,no_leak,2,493,246547,63
10,no_leak,2,494,247047,31
10,no_leak,2,495,247547,69
10,no_leak,2,496,248047,79
10,no_leak,2,497,248547,78
10,no_leak,2,498,249047,135
10,no_leak,2,499,249547,100
10,no_leak,2,500,250047,92
10,no_leak,2,501,250547,78
10,no_leak,2,502,251047,61
10,no_leak,2,503,251547,24
10,no_leak,2,504,252047,40
10,no_leak,2,505,252547,79
10,no_leak,2,506,253047,68
10,no_leak,2,507,253547,59
10,no_leak,2,508,254047,75
10,no_leak,2,509,254547,48
10,no_leak,2,510,255047,38
10,no_leak,2,511,255547,71
10,no_leak,2,512,256047,71
10,no_leak,2,513,256547,71
10,no_leak,2,514,257047,57
10,no_leak,2,515,257547,24
10,no_leak,2,516,258047,43
10,no_leak,2,517,258547,45
10,no_leak,2,518,259047,59
10,no_leak,2,519,259547,87
10,no_leak,2,520,260047,126
10,no_leak,2,521,260547,103
10,no_leak,2,522,261047,89
10,no_leak,2,523,261547,57
10,no_leak,2,524,262047,83
10,no_leak,2,525,262547,89
10,no_leak,2,526,263047,112
10,no_leak,2,527,263547,121
10,no_leak,2,528,264047,106
10,no_leak,2,529,264547,55
10,no_leak,2,530,265047,69
10,no_leak,2,531,265547,97
10,no_leak,2,532,266047,110
10,no_leak,2,533,266547,85
10,no_leak,2,534,267047,60
10,no_leak,2,535,267547,9
10,no_leak,2,536,268047,0
10,no_leak,2,537,268547,0
10,no_leak,2,538,269047,0
10,no_leak,2,539,269547,23
10,no_leak,2,540,270047,19
10,no_leak,2,541,270547,6
10,no_leak,2,542,271047,0
10,no_leak,2,543,271547,3
10,no_leak,2,544,272047,5
10,no_leak,2,545,272547,54
10,no_leak,2,546,273047,61
10,no_leak,2,547,273547,58
10,no_leak,2,548,274047,57
10,no_leak,2,549,274547,30
10,no_leak,2,550,275047,0
10,no_leak,2,551,275547,0
10,no_leak,2,552,276047,7
10,no_leak,2,553,276547,9
10,no_leak,2,554,277047,62
10,no_leak,2,555,277547,89
10,no_leak,2,556,278047,90
10,no_leak,2,557,278547,91
10,no_leak,2,558,279047,107
10,no_leak,2,559,279547,107
10,no_leak,2,560,280047,91
10,no_leak,2,561,280547,79
10,no_leak,2,562,281047,87
10,no_leak,2,563,281547,136
10,no_leak,2,564,282047,124
10,no_leak,2,565,282547,107
10,no_leak,2,566,283047,101
10,no_leak,2,567,283547,85
10,no_leak,2,568,284047,47
10,no_leak,2,569,284547,29
10,no_leak,2,570,285047,22
10,no_leak,2,571,285547,47
10,no_leak,2,572,286047,63
10,no_leak,2,573,286547,79
10,no_leak,2,574,287047,60
10,no_leak,2,575,287547,20
10,no_leak,2,576,288047,9
10,no_leak,2,577,288547,93
10,no_leak,2,578,289047,123
10,no_leak,2,579,289547,169
10,no_leak,2,580,290047,185
10,no_leak,2,581,290547,197
10,no_leak,2,582,291047,185
10,no_leak,2,583,291547,134
10,no_leak,2,584,292047,143
10,no_leak,2,585,292547,164
10,no_leak,2,586,293047,157
10,no_leak,2,587,293547,215
10,no_leak,2,588,294047,176
10,no_leak,2,589,294547,141
10,no_leak,2,590,295047,93
10,no_leak,2,591,295547,127
10,no_leak,2,592,296047,119
10,no_leak,2,593,296547,92
10,no_leak,2,594,297047,63
10,no_leak,2,595,297547,13
10,no_leak,2,596,298047,0
10,no_leak,2,597,298547,22
10,no_leak,2,598,299047,53
10,no_leak,2,599,299547,31
10,no_leak,2,600,300047,21
10,no_leak,2,601,300547,0
10,no_leak,2,602,301047,0
10,no_leak,2,603,301547,0
10,no_leak,2,604,302047,21
10,no_leak,2,605,302547,48
10,no_leak,2,606,303047,43
10,no_leak,2,607,303547,23
10,no_leak,2,608,304047,1
10,no_leak,2,609,304547,0
10,no_leak,2,610,305047,0
10,no_leak,2,611,305547,0
10,no_leak,2,612,306047,11
10,no_leak,2,613,306547,43
10,no_leak,2,614,307047,79
10,no_leak,2,615,307547,72
10,no_leak,2,616,308047,47
10,no_leak,2,617,308547,23
10,no_leak,2,618,309047,0
10,no_leak,2,619,309547,0
10,no_leak,2,620,310047,0
10,no_leak,2,621,310547,37
10,no_leak,2,622,311047,59
10,no_leak,2,623,311547,71
10,no_leak,2,624,312047,70
10,no_leak,2,625,312547,73
10,no_leak,2,626,313047,83
10,no_leak,2,627,313547,68
10,no_leak,2,628,314047,57
10,no_leak,2,629,314547,53
10,no_leak,2,630,315047,99
10,no_leak,2,631,315547,110
10,no_leak,2,632,316047,111
10,no_leak,2,633,316547,81
10,no_leak,2,634,317047,84
10,no_leak,2,635,317547,109
10,no_leak,2,636,318047,147
10,no_leak,2,637,318547,119
10,no_leak,2,638,319047,79
10,no_leak,2,639,319547,51
10,no_leak,2,640,320047,6
10,no_leak,2,641,320547,7
10,no_leak,2,642,321047,9
10,no_leak,2,643,321547,20
10,no_leak,2,644,322047,76
10,no_leak,2,645,322547,57
10,no_leak,2,646,323047,30
10,no_leak,2,647,323547,21
10,no_leak,2,648,324047,0
10,no_leak,2,649,324547,0
10,no_leak,2,650,325047,0
10,no_leak,2,651,325547,5
10,no_leak,2,652,326047,17
10,no_leak,2,653,326547,19
10,no_leak,2,654,327047,11
10,no_leak,2,655,327547,0
10,no_leak,2,656,328047,0
10,no_leak,2,657,328547,8
10,no_leak,2,658,329047,53
10,no_leak,2,659,329547,43
10,no_leak,2,660,330047,26
10,no_leak,2,661,330547,37
10,no_leak,2,662,331047,52
10,no_leak,2,663,331547,44
10,no_leak,2,664,332047,63
10,no_leak,2,665,332547,25
10,no_leak,2,666,333047,69
10,no_leak,2,667,333547,54
10,no_leak,2,668,334047,59
10,no_leak,2,669,334547,59
10,no_leak,2,670,335047,25
10,no_leak,2,671,335547,41
10,no_leak,2,672,336047,36
10,no_leak,2,673,336547,54
10,no_leak,2,674,337047,47
10,no_leak,2,675,337547,44
10,no_leak,2,676,338047,7
10,no_leak,2,677,338547,29
10,no_leak,2,678,339047,63
10,no_leak,2,679,339547,76
10,no_leak,2,680,340047,79
10,no_leak,2,681,340547,148
10,no_leak,2,682,341047,119
10,no_leak,2,683,341547,122
10,no_leak,2,684,342047,119
10,no_leak,2,685,342547,107
10,no_leak,2,686,343047,141
10,no_leak,2,687,343547,141
10,no_leak,2,688,344047,154
10,no_leak,2,689,344547,143
10,no_leak,2,690,345047,127
10,no_leak,2,691,345547,83
10,no_leak,2,692,346047,101
10,no_leak,2,693,346547,133
10,no_leak,2,694,347047,147
10,no_leak,2,695,347547,146
10,no_leak,2,696,348047,116
10,no_leak,2,697,348547,72
10,no_leak,2,698,349047,75
10,no_leak,2,699,349548,120
10,no_leak,2,700,350047,94
10,no_leak,2,701,350547,88
10,no_leak,2,702,351047,59
10,no_leak,2,703,351547,77
10,no_leak,2,704,352047,89
10,no_leak,2,705,352547,84
10,no_leak,2,706,353047,82
10,no_leak,2,707,353547,43
10,no_leak,2,708,354047,68
10,no_leak,2,709,354547,55
10,no_leak,2,710,355047,99
10,no_leak,2,711,355547,90
10,no_leak,2,712,356047,63
10,no_leak,2,713,356547,28
10,no_leak,2,714,357047,37
10,no_leak,2,715,357547,67
10,no_leak,2,716,358047,77
10,no_leak,2,717,358547,69
10,no_leak,2,718,359047,42
10,no_leak,2,719,359547,12
10,no_leak,2,720,360047,0
10,no_leak,2,721,360547,37
10,no_leak,2,722,361047,51
10,no_leak,2,723,361547,69
10,no_leak,2,724,362047,53
10,no_leak,2,725,362547,57
10,no_leak,2,726,363047,9
10,no_leak,2,727,363547,0
10,no_leak,2,728,364047,0
10,no_leak,2,729,364547,0
10,no_leak,2,730,365047,0
10,no_leak,2,731,365547,0
10,no_leak,2,732,366047,0
10,no_leak,2,733,366547,0
10,no_leak,2,734,367047,0
10,no_leak,2,735,367547,0
10,no_leak,2,736,368047,0
10,no_leak,2,737,368547,0
10,no_leak,2,738,369047,0
10,no_leak,2,739,369547,0
10,no_leak,2,740,370047,0
10,no_leak,2,741,370547,22
10,no_leak,2,742,371047,28
10,no_leak,2,743,371547,43
10,no_leak,2,744,372047,37
10,no_leak,2,745,372547,21
10,no_leak,2,746,373047,17
10,no_leak,2,747,373547,0
10,no_leak,2,748,374047,10
10,no_leak,2,749,374547,0
10,no_leak,2,750,375047,7
10,no_leak,2,751,375547,18
10,no_leak,2,752,376047,75
10,no_leak,2,753,376547,103
10,no_leak,2,754,377047,70
10,no_leak,2,755,377547,105
10,no_leak,2,756,378047,87
10,no_leak,2,757,378547,125
10,no_leak,2,758,379047,117
10,no_leak,2,759,379547,138
10,no_leak,2,760,380047,147
10,no_leak,2,761,380547,182
10,no_leak,2,762,381047,170
10,no_leak,2,763,381547,143
10,no_leak,2,764,382047,101
10,no_leak,2,765,382547,88
10,no_leak,2,766,383047,121
10,no_leak,2,767,383547,136
10,no_leak,2,768,384047,118
10,no_leak,2,769,384547,110
10,no_leak,2,770,385047,71
10,no_leak,2,771,385547,26
10,no_leak,2,772,386047,27
10,no_leak,2,773,386547,70
10,no_leak,2,774,387047,94
10,no_leak,2,775,387547,115
10,no_leak,2,776,388047,137
10,no_leak,2,777,388547,133
10,no_leak,2,778,389047,107
10,no_leak,2,779,389547,89
10,no_leak,2,780,390047,108
10,no_leak,2,781,390547,111
10,no_leak,2,782,391047,137
10,no_leak,2,783,391547,167
10,no_leak,2,784,392047,169
10,no_leak,2,785,392547,155
10,no_leak,2,786,393047,135
10,no_leak,2,787,393547,99
10,no_leak,2,788,394047,109
10,no_leak,2,789,394547,151
10,no_leak,2,790,395047,199
10,no_leak,2,791,395547,199
10,no_leak,2,792,396047,155
10,no_leak,2,793,396547,133
10,no_leak,2,794,397047,107
10,no_leak,2,795,397547,93
10,no_leak,2,796,398047,141
10,no_leak,2,797,398547,171
10,no_leak,2,798,399047,181
10,no_leak,2,799,399547,123
10,no_leak,2,800,400047,69
10,no_leak,2,801,400547,13
10,no_leak,2,802,401047,0
10,no_leak,2,803,401547,0
10,no_leak,2,804,402047,7
10,no_leak,2,805,402547,23
10,no_leak,2,806,403047,3
10,no_leak,2,807,403547,0
10,no_leak,2,808,404047,4
10,no_leak,2,809,404547,0
10,no_leak,2,810,405047,0
10,no_leak,2,811,405547,0
10,no_leak,2,812,406047,0
10,no_leak,2,813,406547,0
10,no_leak,2,814,407047,0
10,no_leak,2,815,407547,0
10,no_leak,2,816,408047,0
10,no_leak,2,817,408547,0
10,no_leak,2,818,409047,0
10,no_leak,2,819,409547,0
10,no_leak,2,820,410047,10
10,no_leak,2,821,410547,17
10,no_leak,2,822,411047,21
10,no_leak,2,823,411547,22
10,no_leak,2,824,412047,44
10,no_leak,2,825,412547,87
10,no_leak,2,826,413047,92
10,no_leak,2,827,413547,123
10,no_leak,2,828,414047,111
10,no_leak,2,829,414547,85
10,no_leak,2,830,415047,46
10,no_leak,2,831,415547,13
10,no_leak,2,832,416047,7
10,no_leak,2,833,416547,9
10,no_leak,2,834,417047,53
10,no_leak,2,835,417547,63
10,no_leak,2,836,418047,47
10,no_leak,2,837,418547,60
10,no_leak,2,838,419047,58
10,no_leak,2,839,419547,12
10,no_leak,2,840,420047,25
10,no_leak,2,841,420547,62
10,no_leak,2,842,421047,86
10,no_leak,2,843,421547,135
10,no_leak,2,844,422047,121
10,no_leak,2,845,422547,92
10,no_leak,2,846,423047,69
10,no_leak,2,847,423547,29
10,no_leak,2,848,424047,0
10,no_leak,2,849,424547,0
10,no_leak,2,850,425047,20
10,no_leak,2,851,425547,74
10,no_leak,2,852,426047,67
10,no_leak,2,853,426547,63
10,no_leak,2,854,427047,56
10,no_leak,2,855,427547,37
10,no_leak,2,856,428047,9
10,no_leak,2,857,428547,0
10,no_leak,2,858,429047,0
10,no_leak,2,859,429547,9
10,no_leak,2,860,430047,38
10,no_leak,2,861,430547,37
10,no_leak,2,862,431047,56
10,no_leak,2,863,431547,43
10,no_leak,2,864,432047,52
10,no_leak,2,865,432547,57
10,no_leak,2,866,433047,58
10,no_leak,2,867,433547,41
10,no_leak,2,868,434047,44
10,no_leak,2,869,434547,59
10,no_leak,2,870,435047,72
10,no_leak,2,871,435547,76
10,no_leak,2,872,436047,61
10,no_leak,2,873,436547,99
10,no_leak,2,874,437047,115
10,no_leak,2,875,437547,97
10,no_leak,2,876,438047,75
10,no_leak,2,877,438547,38
10,no_leak,2,878,439047,25
10,no_leak,2,879,439547,46
10,no_leak,2,880,440047,63
10,no_leak,2,881,440547,98
10,no_leak,2,882,441047,78
10,no_leak,2,883,441547,58
10,no_leak,2,884,442047,39
10,no_leak,2,885,442547,9
10,no_leak,2,886,443047,0
10,no_leak,2,887,443547,4
10,no_leak,2,888,444047,45
10,no_leak,2,889,444547,59
10,no_leak,2,890,445047,87
10,no_leak,2,891,445547,79
10,no_leak,2,892,446047,74
10,no_leak,2,893,446547,53
10,no_leak,2,894,447047,10
10,no_leak,2,895,447547,30
10,no_leak,2,896,448047,59
10,no_leak,2,897,448547,61
10,no_leak,2,898,449047,58
10,no_leak,2,899,449547,72
10,no_leak,2,900,450047,27
10,no_leak,2,901,450547,47
10,no_leak,2,902,451047,82
10,no_leak,2,903,451547,76
10,no_leak,2,904,452047,61
10,no_leak,2,905,452547,37
10,no_leak,2,906,453047,43
10,no_leak,2,907,453547,54
10,no_leak,2,908,454047,67
10,no_leak,2,909,454547,55
10,no_leak,2,910,455047,22
10,no_leak,2,911,455547,22
10,no_leak,2,912,456047,42
10,no_leak,2,913,456547,47
10,no_leak,2,914,457047,23
10,no_leak,2,915,457547,7
10,no_leak,2,916,458047,0
10,no_leak,2,917,458547,0
10,no_leak,2,918,459047,23
10,no_leak,2,919,459547,3
10,no_leak,2,920,460047,0
10,no_leak,2,921,460547,0
10,no_leak,2,922,461047,0
10,no_leak,2,923,461547,0
10,no_leak,2,924,462047,0
10,no_leak,2,925,462547,5
10,no_leak,2,926,463047,1
10,no_leak,2,927,463547,0
10,no_leak,2,928,464047,54
10,no_leak,2,929,464547,63
10,no_leak,2,930,465047,41
10,no_leak,2,931,465547,37
10,no_leak,2,932,466047,91
10,no_leak,2,933,466547,93
10,no_leak,2,934,467047,83
10,no_leak,2,935,467547,95
10,no_leak,2,936,468047,99
10,no_leak,2,937,468547,111
10,no_leak,2,938,469047,154
10,no_leak,2,939,469547,175
10,no_leak,2,940,470047,159
10,no_leak,2,941,470547,132
10,no_leak,2,942,471047,174
10,no_leak,2,943,471547,167
10,no_leak,2,944,472047,105
10,no_leak,2,945,472547,70
10,no_leak,2,946,473047,87
10,no_leak,2,947,473547,104
10,no_leak,2,948,474047,107
10,no_leak,2,949,474547,101
10,no_leak,2,950,475047,87
10,no_leak,2,951,475547,63
10,no_leak,2,952,476047,20
10,no_leak,2,953,476547,24
10,no_leak,2,954,477047,50
10,no_leak,2,955,477547,43
10,no_leak,2,956,478047,85
10,no_leak,2,957,478547,87
10,no_leak,2,958,479047,95
10,no_leak,2,959,479547,74
10,no_leak,2,960,480047,53
10,no_leak,2,961,480547,73
10,no_leak,2,962,481047,73
10,no_leak,2,963,481547,74
10,no_leak,2,964,482047,81
10,no_leak,2,965,482547,67
10,no_leak,2,966,483047,22
10,no_leak,2,967,483547,21
10,no_leak,2,968,484047,69
10,no_leak,2,969,484547,61
10,no_leak,2,970,485047,60
10,no_leak,2,971,485547,43
10,no_leak,2,972,486047,27
10,no_leak,2,973,486547,0
10,no_leak,2,974,487047,29
10,no_leak,2,975,487547,51
10,no_leak,2,976,488047,55
10,no_leak,2,977,488547,89
10,no_leak,2,978,489047,83
10,no_leak,2,979,489547,58
10,no_leak,2,980,490047,10
10,no_leak,2,981,490547,46
10,no_leak,2,982,491047,55
10,no_leak,2,983,491547,74
10,no_leak,2,984,492047,109
10,no_leak,2,985,492547,135
10,no_leak,2,986,493047,126
10,no_leak,2,987,493547,111
10,no_leak,2,988,494047,94
10,no_leak,2,989,494547,73
10,no_leak,2,990,495047,60
10,no_leak,2,991,495547,51
10,no_leak,2,992,496047,45
10,no_leak,2,993,496547,83
10,no_leak,2,994,497047,67
10,no_leak,2,995,497547,28
10,no_leak,2,996,498048,0
10,no_leak,2,997,498547,0
10,no_leak,2,998,499047,0
10,no_leak,2,999,499547,9
10,no_leak,2,1000,500047,0
10,no_leak,2,1001,500547,0
10,no_leak,2,1002,501047,0
10,no_leak,2,1003,501547,0
10,no_leak,2,1004,502047,0
10,no_leak,2,1005,502547,0
10,no_leak,2,1006,503047,13
10,no_leak,2,1007,503547,26
10,no_leak,2,1008,504047,36
10,no_leak,2,1009,504547,41
10,no_leak,2,1010,505047,17
10,no_leak,2,1011,505547,0
10,no_leak,2,1012,506047,24
10,no_leak,2,1013,506547,87
10,no_leak,2,1014,507047,111
10,no_leak,2,1015,507547,107
10,no_leak,2,1016,508047,120
10,no_leak,2,1017,508547,111
10,no_leak,2,1018,509047,75
10,no_leak,2,1019,509547,45
10,no_leak,2,1020,510047,13
10,no_leak,2,1021,510548,0
10,no_leak,2,1022,511047,0
10,no_leak,2,1023,511547,45
10,no_leak,2,1024,512047,71
10,no_leak,2,1025,512547,63
10,no_leak,2,1026,513047,75
10,no_leak,2,1027,513547,75
10,no_leak,2,1028,514047,69
10,no_leak,2,1029,514547,52
10,no_leak,2,1030,515047,26
10,no_leak,2,1031,515547,51
10,no_leak,2,1032,516047,53
10,no_leak,2,1033,516547,55
10,no_leak,2,1034,517047,85
10,no_leak,2,1035,517547,87
10,no_leak,2,1036,518047,108
10,no_leak,2,1037,518547,78
10,no_leak,2,1038,519047,44
10,no_leak,2,1039,519547,6
10,no_leak,2,1040,520047,28
10,no_leak,2,1041,520547,76
10,no_leak,2,1042,521047,127
10,no_leak,2,1043,521547,137
10,no_leak,2,1044,522047,159
10,no_leak,2,1045,522547,153
10,no_leak,2,1046,523047,139
10,no_leak,2,1047,523547,137
10,no_leak,2,1048,524047,109
10,no_leak,2,1049,524547,62
10,no_leak,2,1050,525047,39
10,no_leak,2,1051,525547,17
10,no_leak,2,1052,526047,23
10,no_leak,2,1053,526547,53
10,no_leak,2,1054,527047,37
10,no_leak,2,1055,527547,24
10,no_leak,2,1056,528047,7
10,no_leak,2,1057,528547,0
10,no_leak,2,1058,529047,0
10,no_leak,2,1059,529547,43
10,no_leak,2,1060,530047,67
10,no_leak,2,1061,530547,76
10,no_leak,2,1062,531047,59
10,no_leak,2,1063,531547,31
10,no_leak,2,1064,532047,51
10,no_leak,2,1065,532547,83
10,no_leak,2,1066,533047,109
10,no_leak,2,1067,533547,99
10,no_leak,2,1068,534047,77
10,no_leak,2,1069,534547,31
10,no_leak,2,1070,535047,0
10,no_leak,2,1071,535547,0
10,no_leak,2,1072,536047,0
10,no_leak,2,1073,536547,73
10,no_leak,2,1074,537047,36
10,no_leak,2,1075,537547,55
10,no_leak,2,1076,538047,30
10,no_leak,2,1077,538547,0
10,no_leak,2,1078,539047,0
10,no_leak,2,1079,539547,0
10,no_leak,2,1080,540047,0
10,no_leak,2,1081,540547,0
10,no_leak,2,1082,541047,0
10,no_leak,2,1083,541547,0
10,no_leak,2,1084,542047,0
10,no_leak,2,1085,542547,0
10,no_leak,2,1086,543047,0
10,no_leak,2,1087,543547,0
10,no_leak,2,1088,544047,0
10,no_leak,2,1089,544547,0
10,no_leak,2,1090,545047,0
10,no_leak,2,1091,545547,0
10,no_leak,2,1092,546047,0
10,no_leak,2,1093,546547,53
10,no_leak,2,1094,547047,67
10,no_leak,2,1095,547547,97
10,no_leak,2,1096,548047,89
10,no_leak,2,1097,548547,63
10,no_leak,2,1098,549047,94
10,no_leak,2,1099,549547,136
10,no_leak,2,1100,550047,201
10,no_leak,2,1101,550547,203
10,no_leak,2,1102,551047,217
10,no_leak,2,1103,551547,201
10,no_leak,2,1104,552047,178
10,no_leak,2,1105,552547,160
10,no_leak,2,1106,553047,135
10,no_leak,2,1107,553547,116
10,no_leak,2,1108,554047,153
10,no_leak,2,1109,554547,151
10,no_leak,2,1110,555047,125
10,no_leak,2,1111,555547,79
10,no_leak,2,1112,556047,83
10,no_leak,2,1113,556547,107
10,no_leak,2,1114,557047,172
10,no_leak,2,1115,557547,183
10,no_leak,2,1116,558047,179
10,no_leak,2,1117,558547,127
10,no_leak,2,1118,559047,104
10,no_leak,2,1119,559547,121
10,no_leak,2,1120,560047,147
10,no_leak,2,1121,560547,165
10,no_leak,2,1122,561047,142
10,no_leak,2,1123,561547,105
10,no_leak,2,1124,562047,85
10,no_leak,2,1125,562547,59
10,no_leak,2,1126,563047,77
10,no_leak,2,1127,563547,101
10,no_leak,2,1128,564047,133
10,no_leak,2,1129,564547,165
10,no_leak,2,1130,565047,137
10,no_leak,2,1131,565547,134
10,no_leak,2,1132,566047,101
10,no_leak,2,1133,566547,75
10,no_leak,2,1134,567047,71
10,no_leak,2,1135,567547,63
10,no_leak,2,1136,568047,45
10,no_leak,2,1137,568547,52
10,no_leak,2,1138,569047,91
10,no_leak,2,1139,569547,101
10,no_leak,2,1140,570047,83
10,no_leak,2,1141,570547,72
10,no_leak,2,1142,571047,109
10,no_leak,2,1143,571547,117
10,no_leak,2,1144,572047,101
10,no_leak,2,1145,572547,68
10,no_leak,2,1146,573047,105
10,no_leak,2,1147,573547,103
10,no_leak,2,1148,574047,89
10,no_leak,2,1149,574547,99
10,no_leak,2,1150,575047,115
10,no_leak,2,1151,575547,74
10,no_leak,2,1152,576047,39
10,no_leak,2,1153,576547,45
10,no_leak,2,1154,577047,69
10,no_leak,2,1155,577547,70
10,no_leak,2,1156,578047,63
10,no_leak,2,1157,578547,31
10,no_leak,2,1158,579047,6
10,no_leak,2,1159,579547,41
10,no_leak,2,1160,580047,68
10,no_leak,2,1161,580547,77
10,no_leak,2,1162,581047,77
10,no_leak,2,1163,581547,61
10,no_leak,2,1164,582047,19
10,no_leak,2,1165,582547,35
10,no_leak,2,1166,583047,82
10,no_leak,2,1167,583547,93
10,no_leak,2,1168,584047,79
10,no_leak,2,1169,584547,73
10,no_leak,2,1170,585047,30
10,no_leak,2,1171,585547,0
10,no_leak,2,1172,586047,0
10,no_leak,2,1173,586547,53
10,no_leak,2,1174,587047,51
10,no_leak,2,1175,587547,37
10,no_leak,2,1176,588047,30
10,no_leak,2,1177,588547,3
10,no_leak,2,1178,589047,0
10,no_leak,2,1179,589547,0
10,no_leak,2,1180,590047,0
10,no_leak,2,1181,590547,1
10,no_leak,2,1182,591047,0
10,no_leak,2,1183,591547,0
10,no_leak,2,1184,592047,0
10,no_leak,2,1185,592547,0
10,no_leak,2,1186,593047,0
10,no_leak,2,1187,593547,0
10,no_leak,2,1188,594047,0
10,no_leak,2,1189,594547,0
10,no_leak,2,1190,595047,0
10,no_leak,2,1191,595547,0
10,no_leak,2,1192,596047,0
10,no_leak,2,1193,596547,0
10,no_leak,2,1194,597047,0
10,no_leak,2,1195,597547,0
10,no_leak,2,1196,598047,0
10,no_leak,2,1197,598547,0
10,no_leak,2,1198,599047,37
10,no_leak,2,1199,599547,55
10,no_leak,2,1200,600047,69
10,no_leak,2,1201,600547,43
10,no_leak,2,1202,601047,5
10,no_leak,2,1203,601547,0
10,no_leak,2,1204,602047,0
10,no_leak,2,1205,602547,71
10,no_leak,2,1206,603047,79
10,no_leak,2,1207,603547,74
10,no_leak,2,1208,604047,61
10,no_leak,2,1209,604547,45
10,no_leak,2,1210,605047,28
10,no_leak,2,1211,605547,3
10,no_leak,2,1212,606047,3
10,no_leak,2,1213,606547,23
10,no_leak,2,1214,607047,87
10,no_leak,2,1215,607547,78
10,no_leak,2,1216,608047,82
10,no_leak,2,1217,608547,99
10,no_leak,2,1218,609047,97
10,no_leak,2,1219,609547,85
10,no_leak,2,1220,610047,72
10,no_leak,2,1221,610547,84
10,no_leak,2,1222,611047,75
10,no_leak,2,1223,611547,92
10,no_leak,2,1224,612047,155
10,no_leak,2,1225,612547,159
10,no_leak,2,1226,613047,142
10,no_leak,2,1227,613547,122
10,no_leak,2,1228,614047,94
10,no_leak,2,1229,614547,69
10,no_leak,2,1230,615047,83
10,no_leak,2,1231,615547,123
10,no_leak,2,1232,616047,136
10,no_leak,2,1233,616547,117
10,no_leak,2,1234,617047,137
10,no_leak,2,1235,617547,125
10,no_leak,2,1236,618047,92
10,no_leak,2,1237,618547,51
10,no_leak,2,1238,619047,58
10,no_leak,2,1239,619547,61
10,no_leak,2,1240,620047,99
10,no_leak,2,1241,620547,108
10,no_leak,2,1242,621047,117
10,no_leak,2,1243,621547,139
10,no_leak,2,1244,622047,122
10,no_leak,2,1245,622547,83
10,no_leak,2,1246,623047,100
10,no_leak,2,1247,623547,154
10,no_leak,2,1248,624047,164
10,no_leak,2,1249,624547,149
10,no_leak,2,1250,625047,125
10,no_leak,2,1251,625547,74
10,no_leak,2,1252,626047,73
10,no_leak,2,1253,626547,60
10,no_leak,2,1254,627047,37
10,no_leak,2,1255,627547,74
10,no_leak,2,1256,628047,75
10,no_leak,2,1257,628547,43
10,no_leak,2,1258,629047,19
10,no_leak,2,1259,629547,0
10,no_leak,2,1260,630047,0
10,no_leak,2,1261,630547,13
10,no_leak,2,1262,631047,25
10,no_leak,2,1263,631547,48
10,no_leak,2,1264,632047,43
10,no_leak,2,1265,632547,31
10,no_leak,2,1266,633047,0
10,no_leak,2,1267,633547,0
10,no_leak,2,1268,634047,0
10,no_leak,2,1269,634547,0
10,no_leak,2,1270,635047,0
10,no_leak,2,1271,635547,7
10,no_leak,2,1272,636047,0
10,no_leak,2,1273,636547,0
10,no_leak,2,1274,637047,8
10,no_leak,2,1275,637547,0
10,no_leak,2,1276,638047,19
10,no_leak,2,1277,638547,31
10,no_leak,2,1278,639047,30
10,no_leak,2,1279,639547,37
10,no_leak,2,1280,640047,24
10,no_leak,2,1281,640547,0
10,no_leak,2,1282,641047,0
10,no_leak,2,1283,641547,12
10,no_leak,2,1284,642047,0
10,no_leak,2,1285,642547,0
10,no_leak,2,1286,643047,0
10,no_leak,2,1287,643547,11
10,no_leak,2,1288,644047,0
10,no_leak,2,1289,644547,0
10,no_leak,2,1290,645047,0
10,no_leak,2,1291,645547,0
10,no_leak,2,1292,646047,0
10,no_leak,2,1293,646547,0
10,no_leak,2,1294,647047,20
10,no_leak,2,1295,647547,17
10,no_leak,2,1296,648047,11
10,no_leak,2,1297,648547,0
10,no_leak,2,1298,649047,0
10,no_leak,2,1299,649547,75
10,no_leak,2,1300,650047,75
10,no_leak,2,1301,650547,111
10,no_leak,2,1302,651047,127
10,no_leak,2,1303,651547,91
10,no_leak,2,1304,652047,92
10,no_leak,2,1305,652547,105
10,no_leak,2,1306,653047,123
10,no_leak,2,1307,653547,143
10,no_leak,2,1308,654047,171
10,no_leak,2,1309,654547,169
10,no_leak,2,1310,655047,137
10,no_leak,2,1311,655547,152
10,no_leak,2,1312,656047,175
10,no_leak,2,1313,656547,197
10,no_leak,2,1314,657047,171
10,no_leak,2,1315,657547,133
10,no_leak,2,1316,658047,119
10,no_leak,2,1317,658547,133
10,no_leak,2,1318,659047,149
10,no_leak,2,1319,659547,151
10,no_leak,2,1320,660047,143
10,no_leak,2,1321,660547,123
10,no_leak,2,1322,661047,107
10,no_leak,2,1323,661547,136
10,no_leak,2,1324,662047,142
10,no_leak,2,1325,662547,109
10,no_leak,2,1326,663047,75
10,no_leak,2,1327,663547,83
10,no_leak,2,1328,664047,115
10,no_leak,2,1329,664547,88
10,no_leak,2,1330,665047,69
10,no_leak,2,1331,665547,11
10,no_leak,2,1332,666047,45
10,no_leak,2,1333,666547,68
10,no_leak,2,1334,667047,94
10,no_leak,2,1335,667547,91
10,no_leak,2,1336,668047,45
10,no_leak,2,1337,668547,9
10,no_leak,2,1338,669047,36
10,no_leak,2,1339,669547,85
10,no_leak,2,1340,670047,111
10,no_leak,2,1341,670547,104
10,no_leak,2,1342,671047,109
10,no_leak,2,1343,671547,104
10,no_leak,2,1344,672047,30
10,no_leak,2,1345,672547,22
10,no_leak,2,1346,673047,69
10,no_leak,2,1347,673547,55
10,no_leak,2,1348,674047,100
10,no_leak,2,1349,674547,99
10,no_leak,2,1350,675047,91
10,no_leak,2,1351,675547,57
10,no_leak,2,1352,676047,11
10,no_leak,2,1353,676547,17
10,no_leak,2,1354,677047,53
10,no_leak,2,1355,677547,75
10,no_leak,2,1356,678047,104
10,no_leak,2,1357,678547,107
10,no_leak,2,1358,679047,110
10,no_leak,2,1359,679547,88
10,no_leak,2,1360,680047,58
10,no_leak,2,1361,680547,40
10,no_leak,2,1362,681047,12
10,no_leak,2,1363,681547,0
10,no_leak,2,1364,682047,0
10,no_leak,2,1365,682547,0
10,no_leak,2,1366,683047,0
10,no_leak,2,1367,683547,29
10,no_leak,2,1368,684047,29
10,no_leak,2,1369,684547,27
10,no_leak,2,1370,685047,25
10,no_leak,2,1371,685547,4
10,no_leak,2,1372,686047,1
10,no_leak,2,1373,686547,47
10,no_leak,2,1374,687047,73
10,no_leak,2,1375,687547,110
10,no_leak,2,1376,688047,126
10,no_leak,2,1377,688547,137
10,no_leak,2,1378,689047,134
10,no_leak,2,1379,689547,147
10,no_leak,2,1380,690047,104
10,no_leak,2,1381,690547,46
10,no_leak,2,1382,691047,47
10,no_leak,2,1383,691547,83
10,no_leak,2,1384,692047,77
10,no_leak,2,1385,692547,85
10,no_leak,2,1386,693047,93
10,no_leak,2,1387,693547,89
10,no_leak,2,1388,694047,87
10,no_leak,2,1389,694547,85
10,no_leak,2,1390,695047,51
10,no_leak,2,1391,695547,13
10,no_leak,2,1392,696047,9
10,no_leak,2,1393,696548,12
10,no_leak,2,1394,697047,55
10,no_leak,2,1395,697547,38
10,no_leak,2,1396,698047,21
10,no_leak,2,1397,698547,13
10,no_leak,2,1398,699047,7
10,no_leak,2,1399,699547,0
10,no_leak,2,1400,700047,0
10,no_leak,2,1401,700547,19
10,no_leak,2,1402,701047,89
10,no_leak,2,1403,701547,99
10,no_leak,2,1404,702047,110
10,no_leak,2,1405,702547,119
10,no_leak,2,1406,703047,109
10,no_leak,2,1407,703547,105
10,no_leak,2,1408,704047,91
10,no_leak,2,1409,704547,94
10,no_leak,2,1410,705047,89
10,no_leak,2,1411,705547,125
10,no_leak,2,1412,706047,138
10,no_leak,2,1413,706547,159
10,no_leak,2,1414,707047,151
10,no_leak,2,1415,707547,140
10,no_leak,2,1416,708047,133
10,no_leak,2,1417,708547,103
10,no_leak,2,1418,709047,75
10,no_leak,2,1419,709547,45
10,no_leak,2,1420,710047,52
10,no_leak,2,1421,710547,71
10,no_leak,2,1422,711047,67
10,no_leak,2,1423,711547,43
10,no_leak,2,1424,712047,39
10,no_leak,2,1425,712547,2
10,no_leak,2,1426,713047,0
10,no_leak,2,1427,713547,0
10,no_leak,2,1428,714047,4
10,no_leak,2,1429,714547,1
10,no_leak,2,1430,715047,31
10,no_leak,2,1431,715547,37
10,no_leak,2,1432,716047,23
10,no_leak,2,1433,716547,18
10,no_leak,2,1434,717047,3
10,no_leak,2,1435,717547,0
10,no_leak,2,1436,718047,0
10,no_leak,2,1437,718547,10
10,no_leak,2,1438,719047,27
10,no_leak,2,1439,719547,26
10,no_leak,2,1440,720047,9
10,no_leak,2,1441,720547,10
10,no_leak,2,1442,721047,0
10,no_leak,2,1443,721547,0
10,no_leak,2,1444,722047,0
10,no_leak,2,1445,722547,35
10,no_leak,2,1446,723047,55
10,no_leak,2,1447,723547,88
10,no_leak,2,1448,724047,75
10,no_leak,2,1449,724547,68
10,no_leak,2,1450,725047,68
10,no_leak,2,1451,725547,28
10,no_leak,2,1452,726047,20
10,no_leak,2,1453,726547,59
10,no_leak,2,1454,727047,74
10,no_leak,2,1455,727547,77
10,no_leak,2,1456,728047,72
10,no_leak,2,1457,728547,81
10,no_leak,2,1458,729047,61
10,no_leak,2,1459,729547,73
10,no_leak,2,1460,730047,75
10,no_leak,2,1461,730547,80
10,no_leak,2,1462,731047,87
10,no_leak,2,1463,731547,89
10,no_leak,2,1464,732047,88
10,no_leak,2,1465,732547,106
10,no_leak,2,1466,733047,90
10,no_leak,2,1467,733547,57
10,no_leak,2,1468,734047,24
10,no_leak,2,1469,734547,9
10,no_leak,2,1470,735047,39
10,no_leak,2,1471,735547,55
10,no_leak,2,1472,736047,44
10,no_leak,2,1473,736547,30
10,no_leak,2,1474,737047,7
10,no_leak,2,1475,737547,0
10,no_leak,2,1476,738047,0
10,no_leak,2,1477,738547,0
10,no_leak,2,1478,739047,8
10,no_leak,2,1479,739547,6
10,no_leak,2,1480,740047,23
10,no_leak,2,1481,740547,0
10,no_leak,2,1482,741047,0
10,no_leak,2,1483,741547,0
10,no_leak,2,1484,742047,0
10,no_leak,2,1485,742547,0
10,no_leak,2,1486,743047,0
10,no_leak,2,1487,743547,0
10,no_leak,2,1488,744047,55
10,no_leak,2,1489,744547,67
10,no_leak,2,1490,745047,45
10,no_leak,2,1491,745547,17
10,no_leak,2,1492,746047,55
10,no_leak,2,1493,746547,124
10,no_leak,2,1494,747047,124
10,no_leak,2,1495,747547,123
10,no_leak,2,1496,748047,108
10,no_leak,2,1497,748547,95
10,no_leak,2,1498,749047,95
10,no_leak,2,1499,749547,153
10,no_leak,2,1500,750047,147
10,no_leak,2,1501,750547,121
10,no_leak,2,1502,751047,99
10,no_leak,2,1503,751547,101
10,no_leak,2,1504,752047,103
10,no_leak,2,1505,752547,143
10,no_leak,2,1506,753047,147
10,no_leak,2,1507,753547,101
10,no_leak,2,1508,754047,73
10,no_leak,2,1509,754547,103
10,no_leak,2,1510,755047,115
10,no_leak,2,1511,755547,141
10,no_leak,2,1512,756047,127
10,no_leak,2,1513,756547,115
10,no_leak,2,1514,757047,97
10,no_leak,2,1515,757547,55
10,no_leak,2,1516,758047,39
10,no_leak,2,1517,758547,61
10,no_leak,2,1518,759047,69
10,no_leak,2,1519,759547,75
10,no_leak,2,1520,760047,76
10,no_leak,2,1521,760547,31
10,no_leak,2,1522,761047,2
10,no_leak,2,1523,761547,0
10,no_leak,2,1524,762047,0
10,no_leak,2,1525,762547,37
10,no_leak,2,1526,763047,31
10,no_leak,2,1527,763547,36
10,no_leak,2,1528,764047,27
10,no_leak,2,1529,764547,0
10,no_leak,2,1530,765047,0
10,no_leak,2,1531,765547,0
10,no_leak,2,1532,766047,0
10,no_leak,2,1533,766547,17
10,no_leak,2,1534,767047,29
10,no_leak,2,1535,767547,39
10,no_leak,2,1536,768047,41
10,no_leak,2,1537,768547,67
10,no_leak,2,1538,769047,59
10,no_leak,2,1539,769547,30
10,no_leak,2,1540,770047,10
10,no_leak,2,1541,770547,0
10,no_leak,2,1542,771047,59
10,no_leak,2,1543,771547,84
10,no_leak,2,1544,772047,68
10,no_leak,2,1545,772547,89
10,no_leak,2,1546,773047,79
10,no_leak,2,1547,773547,70
10,no_leak,2,1548,774047,39
10,no_leak,2,1549,774547,44
10,no_leak,2,1550,775047,60
10,no_leak,2,1551,775547,90
10,no_leak,2,1552,776047,79
10,no_leak,2,1553,776547,75
10,no_leak,2,1554,777047,75
10,no_leak,2,1555,777547,30
10,no_leak,2,1556,778048,8
10,no_leak,2,1557,778547,7
10,no_leak,2,1558,779047,45
10,no_leak,2,1559,779547,68
10,no_leak,2,1560,780047,85
10,no_leak,2,1561,780547,68
10,no_leak,2,1562,781047,60
10,no_leak,2,1563,781547,53
10,no_leak,2,1564,782047,23
10,no_leak,2,1565,782547,0
10,no_leak,2,1566,783047,0
10,no_leak,2,1567,783547,0
10,no_leak,2,1568,784047,25
10,no_leak,2,1569,784547,23
10,no_leak,2,1570,785047,21
10,no_leak,2,1571,785547,2
10,no_leak,2,1572,786047,9
10,no_leak,2,1573,786547,55
10,no_leak,2,1574,787047,71
10,no_leak,2,1575,787547,71
10,no_leak,2,1576,788047,18
10,no_leak,2,1577,788547,9
10,no_leak,2,1578,789047,45
10,no_leak,2,1579,789547,73
10,no_leak,2,1580,790047,74
10,no_leak,2,1581,790547,69
10,no_leak,2,1582,791047,51
10,no_leak,2,1583,791547,85
10,no_leak,2,1584,792047,62
10,no_leak,2,1585,792547,47
10,no_leak,2,1586,793047,87
10,no_leak,2,1587,793547,81
10,no_leak,2,1588,794047,73
10,no_leak,2,1589,794547,51
10,no_leak,2,1590,795047,14
10,no_leak,2,1591,795547,0
10,no_leak,2,1592,796047,0
10,no_leak,2,1593,796547,0
10,no_leak,2,1594,797047,31
10,no_leak,2,1595,797547,46
10,no_leak,2,1596,798047,47
10,no_leak,2,1597,798547,10
10,no_leak,2,1598,799047,45
10,no_leak,2,1599,799547,57
10,no_leak,2,1600,800047,60
10,no_leak,2,1601,800547,82
10,no_leak,2,1602,801047,73
10,no_leak,2,1603,801547,47
10,no_leak,2,1604,802047,55
10,no_leak,2,1605,802547,39
10,no_leak,2,1606,803047,53
10,no_leak,2,1607,803547,37
10,no_leak,2,1608,804047,41
10,no_leak,2,1609,804547,89
10,no_leak,2,1610,805047,87
10,no_leak,2,1611,805547,85
10,no_leak,2,1612,806047,56
10,no_leak,2,1613,806547,28
10,no_leak,2,1614,807047,31
10,no_leak,2,1615,807547,29
10,no_leak,2,1616,808047,57
10,no_leak,2,1617,808547,86
10,no_leak,2,1618,809047,76
10,no_leak,2,1619,809547,47
10,no_leak,2,1620,810047,53
10,no_leak,2,1621,810547,82
10,no_leak,2,1622,811047,111
10,no_leak,2,1623,811547,122
10,no_leak,2,1624,812047,163
10,no_leak,2,1625,812547,153
10,no_leak,2,1626,813047,124
10,no_leak,2,1627,813547,67
10,no_leak,2,1628,814047,73
10,no_leak,2,1629,814547,41
10,no_leak,2,1630,815047,59
10,no_leak,2,1631,815547,18
10,no_leak,2,1632,816047,5
10,no_leak,2,1633,816547,0
10,no_leak,2,1634,817047,7
10,no_leak,2,1635,817548,0
10,no_leak,2,1636,818047,0
10,no_leak,2,1637,818547,0
10,no_leak,2,1638,819047,0
10,no_leak,2,1639,819547,0
10,no_leak,2,1640,820047,0
10,no_leak,2,1641,820547,43
10,no_leak,2,1642,821047,37
10,no_leak,2,1643,821547,17
10,no_leak,2,1644,822047,47
10,no_leak,2,1645,822547,67
10,no_leak,2,1646,823047,67
10,no_leak,2,1647,823547,11
10,no_leak,2,1648,824047,43
10,no_leak,2,1649,824547,58
10,no_leak,2,1650,825047,35
10,no_leak,2,1651,825547,12
10,no_leak,2,1652,826047,19
10,no_leak,2,1653,826547,0
10,no_leak,2,1654,827047,10
10,no_leak,2,1655,827547,37
10,no_leak,2,1656,828047,35
10,no_leak,2,1657,828547,31
10,no_leak,2,1658,829047,4
10,no_leak,2,1659,829547,19
10,no_leak,2,1660,830047,21
10,no_leak,2,1661,830547,3
10,no_leak,2,1662,831047,0
10,no_leak,2,1663,831547,0
10,no_leak,2,1664,832047,0
10,no_leak,2,1665,832547,12
10,no_leak,2,1666,833047,19
10,no_leak,2,1667,833547,29
10,no_leak,2,1668,834047,13
10,no_leak,2,1669,834547,0
10,no_leak,2,1670,835047,50
10,no_leak,2,1671,835547,43
10,no_leak,2,1672,836047,102
10,no_leak,2,1673,836547,149
10,no_leak,2,1674,837047,134
10,no_leak,2,1675,837547,101
10,no_leak,2,1676,838047,140
10,no_leak,2,1677,838547,160
10,no_leak,2,1678,839047,123
10,no_leak,2,1679,839547,100
10,no_leak,2,1680,840047,52
10,no_leak,2,1681,840547,8
10,no_leak,2,1682,841047,0
10,no_leak,2,1683,841547,0
10,no_leak,2,1684,842047,21
10,no_leak,2,1685,842547,20
10,no_leak,2,1686,843047,19
10,no_leak,2,1687,843547,25
10,no_leak,2,1688,844047,59
10,no_leak,2,1689,844547,79
10,no_leak,2,1690,845047,98
10,no_leak,2,1691,845547,123
10,no_leak,2,1692,846047,147
10,no_leak,2,1693,846547,133
10,no_leak,2,1694,847047,153
10,no_leak,2,1695,847547,155
10,no_leak,2,1696,848047,157
10,no_leak,2,1697,848547,151
10,no_leak,2,1698,849047,165
10,no_leak,2,1699,849547,187
10,no_leak,2,1700,850047,185
10,no_leak,2,1701,850547,169
10,no_leak,2,1702,851047,186
10,no_leak,2,1703,851547,203
10,no_leak,2,1704,852047,169
10,no_leak,2,1705,852547,120
10,no_leak,2,1706,853047,120
10,no_leak,2,1707,853547,149
10,no_leak,2,1708,854047,170
10,no_leak,2,1709,854547,175
10,no_leak,2,1710,855047,179
10,no_leak,2,1711,855547,156
10,no_leak,2,1712,856047,125
10,no_leak,2,1713,856547,90
10,no_leak,2,1714,857047,59
10,no_leak,2,1715,857547,5
10,no_leak,2,1716,858047,0
10,no_leak,2,1717,858547,0
10,no_leak,2,1718,859047,55
10,no_leak,2,1719,859547,61
10,no_leak,2,1720,860047,71
10,no_leak,2,1721,860547,58
10,no_leak,2,1722,861047,55
10,no_leak,2,1723,861547,25
10,no_leak,2,1724,862047,7
10,no_leak,2,1725,862547,31
10,no_leak,2,1726,863047,78
10,no_leak,2,1727,863547,108
10,no_leak,2,1728,864047,98
10,no_leak,2,1729,864548,71
10,no_leak,2,1730,865047,43
10,no_leak,2,1731,865547,5
10,no_leak,2,1732,866047,17
10,no_leak,2,1733,866547,83
10,no_leak,2,1734,867047,87
10,no_leak,2,1735,867547,71
10,no_leak,2,1736,868047,33
10,no_leak,2,1737,868547,24
10,no_leak,2,1738,869047,7
10,no_leak,2,1739,869547,0
10,no_leak,2,1740,870047,0
10,no_leak,2,1741,870547,0
10,no_leak,2,1742,871047,0
10,no_leak,2,1743,871547,9
10,no_leak,2,1744,872047,18
10,no_leak,2,1745,872547,37
10,no_leak,2,1746,873047,31
10,no_leak,2,1747,873547,61
10,no_leak,2,1748,874047,51
10,no_leak,2,1749,874547,26
10,no_leak,2,1750,875047,79
10,no_leak,2,1751,875547,109
10,no_leak,2,1752,876047,118
10,no_leak,2,1753,876547,124
10,no_leak,2,1754,877047,101
10,no_leak,2,1755,877547,73
10,no_leak,2,1756,878047,83
10,no_leak,2,1757,878547,75
10,no_leak,2,1758,879047,87
10,no_leak,2,1759,879547,99
10,no_leak,2,1760,880047,133
10,no_leak,2,1761,880547,117
10,no_leak,2,1762,881047,115
10,no_leak,2,1763,881547,91
10,no_leak,2,1764,882047,73
10,no_leak,2,1765,882547,75
10,no_leak,2,1766,883047,95
10,no_leak,2,1767,883547,109
10,no_leak,2,1768,884047,107
10,no_leak,2,1769,884547,123
10,no_leak,2,1770,885047,137
10,no_leak,2,1771,885547,147
10,no_leak,2,1772,886047,155
10,no_leak,2,1773,886547,86
10,no_leak,2,1774,887047,101
10,no_leak,2,1775,887547,115
10,no_leak,2,1776,888047,137
10,no_leak,2,1777,888547,143
10,no_leak,2,1778,889047,133
10,no_leak,2,1779,889547,107
10,no_leak,2,1780,890047,40
10,no_leak,2,1781,890547,61
10,no_leak,2,1782,891047,138
10,no_leak,2,1783,891547,133
10,no_leak,2,1784,892047,121
10,no_leak,2,1785,892547,68
10,no_leak,2,1786,893047,41
10,no_leak,2,1787,893547,61
10,no_leak,2,1788,894047,140
10,no_leak,2,1789,894547,165
10,no_leak,2,1790,895047,159
10,no_leak,2,1791,895547,134
10,no_leak,2,1792,896047,85
10,no_leak,2,1793,896547,37
10,no_leak,2,1794,897047,31
10,no_leak,2,1795,897547,73
10,no_leak,2,1796,898047,101
10,no_leak,2,1797,898547,109
10,no_leak,2,1798,899047,101
10,no_leak,2,1799,899547,87
10,no_leak,2,1800,900047,79
10,no_leak,2,1801,900547,69
10,no_leak,2,1802,901047,24
10,no_leak,2,1803,901547,26
10,no_leak,2,1804,902047,18
10,no_leak,2,1805,902547,57
10,no_leak,2,1806,903047,70
10,no_leak,2,1807,903547,96
10,no_leak,2,1808,904047,74
10,no_leak,2,1809,904547,59
10,no_leak,2,1810,905047,53
10,no_leak,2,1811,905547,40
10,no_leak,2,1812,906047,4
10,no_leak,2,1813,906547,7
10,no_leak,2,1814,907047,2
10,no_leak,2,1815,907547,1
10,no_leak,2,1816,908047,27
10,no_leak,2,1817,908547,7
10,no_leak,2,1818,909047,0
10,no_leak,2,1819,909547,0
10,no_leak,2,1820,910047,0
10,no_leak,2,1821,910547,0
10,no_leak,2,1822,911047,0
10,no_leak,2,1823,911547,0
10,no_leak,2,1824,912047,0
10,no_leak,2,1825,912547,0
10,no_leak,2,1826,913047,0
10,no_leak,2,1827,913547,0
10,no_leak,2,1828,914047,0
10,no_leak,2,1829,914547,1
10,no_leak,2,1830,915047,56
10,no_leak,2,1831,915547,61
10,no_leak,2,1832,916047,39
10,no_leak,2,1833,916547,22
10,no_leak,2,1834,917047,25
10,no_leak,2,1835,917547,29
10,no_leak,2,1836,918047,76
10,no_leak,2,1837,918547,91
10,no_leak,2,1838,919047,93
10,no_leak,2,1839,919547,83
10,no_leak,2,1840,920047,47
10,no_leak,2,1841,920547,91
10,no_leak,2,1842,921047,103
10,no_leak,2,1843,921547,125
10,no_leak,2,1844,922047,117
10,no_leak,2,1845,922547,79
10,no_leak,2,1846,923047,59
10,no_leak,2,1847,923547,75
10,no_leak,2,1848,924047,116
10,no_leak,2,1849,924547,127
10,no_leak,2,1850,925047,109
10,no_leak,2,1851,925547,75
10,no_leak,2,1852,926047,35
10,no_leak,2,1853,926547,3
10,no_leak,2,1854,927047,0
10,no_leak,2,1855,927547,0
10,no_leak,2,1856,928047,25
10,no_leak,2,1857,928547,45
10,no_leak,2,1858,929047,57
10,no_leak,2,1859,929547,71
10,no_leak,2,1860,930047,41
10,no_leak,2,1861,930547,17
10,no_leak,2,1862,931047,1
10,no_leak,2,1863,931547,17
10,no_leak,2,1864,932047,53
10,no_leak,2,1865,932547,77
10,no_leak,2,1866,933047,105
10,no_leak,2,1867,933547,95
10,no_leak,2,1868,934047,120
10,no_leak,2,1869,934547,99
10,no_leak,2,1870,935047,69
10,no_leak,2,1871,935547,47
10,no_leak,2,1872,936047,53
10,no_leak,2,1873,936547,73
10,no_leak,2,1874,937047,86
10,no_leak,2,1875,937547,75
10,no_leak,2,1876,938047,83
10,no_leak,2,1877,938547,78
10,no_leak,2,1878,939047,54
10,no_leak,2,1879,939547,23
10,no_leak,2,1880,940047,50
10,no_leak,2,1881,940547,84
10,no_leak,2,1882,941047,78
10,no_leak,2,1883,941547,91
10,no_leak,2,1884,942047,95
10,no_leak,2,1885,942547,95
10,no_leak,2,1886,943047,62
10,no_leak,2,1887,943547,41
10,no_leak,2,1888,944047,12
10,no_leak,2,1889,944547,30
10,no_leak,2,1890,945047,23
10,no_leak,2,1891,945547,40
10,no_leak,2,1892,946047,17
10,no_leak,2,1893,946547,0
10,no_leak,2,1894,947047,35
10,no_leak,2,1895,947547,28
10,no_leak,2,1896,948047,0
10,no_leak,2,1897,948547,0
10,no_leak,2,1898,949047,2
10,no_leak,2,1899,949547,9
10,no_leak,2,1900,950047,23
10,no_leak,2,1901,950547,43
10,no_leak,2,1902,951047,39
10,no_leak,2,1903,951547,9
10,no_leak,2,1904,952047,25
10,no_leak,2,1905,952547,63
10,no_leak,2,1906,953047,99
10,no_leak,2,1907,953547,79
10,no_leak,2,1908,954047,93
10,no_leak,2,1909,954547,73
10,no_leak,2,1910,955047,91
10,no_leak,2,1911,955547,69
10,no_leak,2,1912,956047,70
10,no_leak,2,1913,956547,46
10,no_leak,2,1914,957047,57
10,no_leak,2,1915,957547,24
10,no_leak,2,1916,958047,10
10,no_leak,2,1917,958547,57
10,no_leak,2,1918,959047,35
10,no_leak,2,1919,959547,5
10,no_leak,2,1920,960047,0
10,no_leak,2,1921,960548,22
10,no_leak,2,1922,961047,42
10,no_leak,2,1923,961547,26
10,no_leak,2,1924,962047,46
10,no_leak,2,1925,962547,29
10,no_leak,2,1926,963047,3
10,no_leak,2,1927,963547,31
10,no_leak,2,1928,964047,22
10,no_leak,2,1929,964547,41
10,no_leak,2,1930,965047,43
10,no_leak,2,1931,965547,68
10,no_leak,2,1932,966047,71
10,no_leak,2,1933,966547,72
10,no_leak,2,1934,967047,82
10,no_leak,2,1935,967547,86
10,no_leak,2,1936,968047,73
10,no_leak,2,1937,968547,98
10,no_leak,2,1938,969047,120
10,no_leak,2,1939,969547,107
10,no_leak,2,1940,970047,63
10,no_leak,2,1941,970547,36
10,no_leak,2,1942,971047,62
10,no_leak,2,1943,971547,112
10,no_leak,2,1944,972047,111
10,no_leak,2,1945,972547,104
10,no_leak,2,1946,973047,83
10,no_leak,2,1947,973547,29
10,no_leak,2,1948,974047,0
10,no_leak,2,1949,974547,42
10,no_leak,2,1950,975047,53
10,no_leak,2,1951,975547,85
10,no_leak,2,1952,976047,88
10,no_leak,2,1953,976547,88
10,no_leak,2,1954,977047,83
10,no_leak,2,1955,977547,24
10,no_leak,2,1956,978047,27
10,no_leak,2,1957,978547,87
10,no_leak,2,1958,979047,122
10,no_leak,2,1959,979547,139
10,no_leak,2,1960,980047,141
10,no_leak,2,1961,980547,104
10,no_leak,2,1962,981047,71
10,no_leak,2,1963,981547,55
10,no_leak,2,1964,982047,84
10,no_leak,2,1965,982547,102
10,no_leak,2,1966,983047,124
10,no_leak,2,1967,983547,152
10,no_leak,2,1968,984047,149
10,no_leak,2,1969,984547,133
10,no_leak,2,1970,985047,119
10,no_leak,2,1971,985547,79
10,no_leak,2,1972,986047,56
10,no_leak,2,1973,986547,71
10,no_leak,2,1974,987047,43
10,no_leak,2,1975,987547,57
10,no_leak,2,1976,988047,68
10,no_leak,2,1977,988547,68
10,no_leak,2,1978,989047,47
10,no_leak,2,1979,989547,31
10,no_leak,2,1980,990047,87
10,no_leak,2,1981,990547,88
10,no_leak,2,1982,991047,89
10,no_leak,2,1983,991547,41
10,no_leak,2,1984,992047,6
10,no_leak,2,1985,992547,29
10,no_leak,2,1986,993047,22
10,no_leak,2,1987,993547,29
10,no_leak,2,1988,994047,0
10,no_leak,2,1989,994547,0
10,no_leak,2,1990,995047,0
10,no_leak,2,1991,995547,4
10,no_leak,2,1992,996047,29
10,no_leak,2,1993,996547,23
10,no_leak,2,1994,997047,9
10,no_leak,2,1995,997547,0
10,no_leak,2,1996,998047,11
10,no_leak,2,1997,998547,30
10,no_leak,2,1998,999047,11
10,no_leak,2,1999,999547,3
10,no_leak,3,0,48,87
10,no_leak,3,1,547,69
10,no_leak,3,2,1047,54
10,no_leak,3,3,1547,11
10,no_leak,3,4,2047,25
10,no_leak,3,5,2547,43
10,no_leak,3,6,3047,71
10,no_leak,3,7,3547,117
10,no_leak,3,8,4047,139
10,no_leak,3,9,4547,116
10,no_leak,3,10,5047,92
10,no_leak,3,11,5547,73
10,no_leak,3,12,6047,36
10,no_leak,3,13,6547,45
10,no_leak,3,14,7047,63
10,no_leak,3,15,7547,85
10,no_leak,3,16,8047,126
10,no_leak,3,17,8547,135
10,no_leak,3,18,9047,120
10,no_leak,3,19,9547,103
10,no_leak,3,20,10047,77
10,no_leak,3,21,10547,41
10,no_leak,3,22,11047,53
10,no_leak,3,23,11547,43
10,no_leak,3,24,12047,77
10,no_leak,3,25,12547,98
10,no_leak,3,26,13047,95
10,no_leak,3,27,13547,92
10,no_leak,3,28,14047,85
10,no_leak,3,29,14547,59
10,no_leak,3,30,15047,37
10,no_leak,3,31,15547,44
10,no_leak,3,32,16047,57
10,no_leak,3,33,16547,72
10,no_leak,3,34,17047,77
10,no_leak,3,35,17547,53
10,no_leak,3,36,18047,45
10,no_leak,3,37,18547,5
10,no_leak,3,38,19047,0
10,no_leak,3,39,19547,0
10,no_leak,3,40,20047,31
10,no_leak,3,41,20547,45
10,no_leak,3,42,21047,53
10,no_leak,3,43,21547,54
10,no_leak,3,44,22047,53
10,no_leak,3,45,22547,26
10,no_leak,3,46,23047,10
10,no_leak,3,47,23547,31
10,no_leak,3,48,24047,68
10,no_leak,3,49,24547,93
10,no_leak,3,50,25047,94
10,no_leak,3,51,25547,69
10,no_leak,3,52,26047,27
10,no_leak,3,53,26547,3
10,no_leak,3,54,27047,53
10,no_leak,3,55,27547,57
10,no_leak,3,56,28047,51
10,no_leak,3,57,28547,51
10,no_leak,3,58,29047,11
10,no_leak,3,59,29547,0
10,no_leak,3,60,30047,0
10,no_leak,3,61,30547,8
10,no_leak,3,62,31047,27
10,no_leak,3,63,31547,52
10,no_leak,3,64,32047,45
10,no_leak,3,65,32547,31
10,no_leak,3,66,33047,21
10,no_leak,3,67,33547,52
10,no_leak,3,68,34047,61
10,no_leak,3,69,34547,87
10,no_leak,3,70,35047,93
10,no_leak,3,71,35548,47
10,no_leak,3,72,36047,13
10,no_leak,3,73,36547,47
10,no_leak,3,74,37047,43
10,no_leak,3,75,37547,27
10,no_leak,3,76,38047,43
10,no_leak,3,77,38547,23
10,no_leak,3,78,39047,5
10,no_leak,3,79,39547,0
10,no_leak,3,80,40048,0
10,no_leak,3,81,40547,10
10,no_leak,3,82,41047,0
10,no_leak,3,83,41547,38
10,no_leak,3,84,42047,20
10,no_leak,3,85,42547,35
10,no_leak,3,86,43047,43
10,no_leak,3,87,43547,41
10,no_leak,3,88,44047,57
10,no_leak,3,89,44547,74
10,no_leak,3,90,45047,52
10,no_leak,3,91,45547,12
10,no_leak,3,92,46047,83
10,no_leak,3,93,46547,83
10,no_leak,3,94,47047,92
10,no_leak,3,95,47547,69
10,no_leak,3,96,48047,13
10,no_leak,3,97,48547,8
10,no_leak,3,98,49047,40
10,no_leak,3,99,49547,78
10,no_leak,3,100,50047,61
10,no_leak,3,101,50547,118
10,no_leak,3,102,51047,83
10,no_leak,3,103,51547,43
10,no_leak,3,104,52047,29
10,no_leak,3,105,52547,6
10,no_leak,3,106,53047,26
10,no_leak,3,107,53547,87
10,no_leak,3,108,54047,87
10,no_leak,3,109,54547,92
10,no_leak,3,110,55047,79
10,no_leak,3,111,55547,31
10,no_leak,3,112,56047,0
10,no_leak,3,113,56547,0
10,no_leak,3,114,57047,61
10,no_leak,3,115,57547,74
10,no_leak,3,116,58047,105
10,no_leak,3,117,58547,135
10,no_leak,3,118,59047,116
10,no_leak,3,119,59547,93
10,no_leak,3,120,60047,76
10,no_leak,3,121,60547,27
10,no_leak,3,122,61047,11
10,no_leak,3,123,61547,29
10,no_leak,3,124,62047,45
10,no_leak,3,125,62547,61
10,no_leak,3,126,63047,48
10,no_leak,3,127,63547,18
10,no_leak,3,128,64047,0
10,no_leak,3,129,64547,0
10,no_leak,3,130,65047,0
10,no_leak,3,131,65548,0
10,no_leak,3,132,66047,0
10,no_leak,3,133,66547,10
10,no_leak,3,134,67047,42
10,no_leak,3,135,67547,72
10,no_leak,3,136,68047,85
10,no_leak,3,137,68547,40
10,no_leak,3,138,69047,85
10,no_leak,3,139,69547,156
10,no_leak,3,140,70047,180
10,no_leak,3,141,70547,180
10,no_leak,3,142,71047,140
10,no_leak,3,143,71547,89
10,no_leak,3,144,72047,68
10,no_leak,3,145,72547,69
10,no_leak,3,146,73047,108
10,no_leak,3,147,73547,136
10,no_leak,3,148,74047,143
10,no_leak,3,149,74547,139
10,no_leak,3,150,75047,95
10,no_leak,3,151,75547,48
10,no_leak,3,152,76047,51
10,no_leak,3,153,76547,61
10,no_leak,3,154,77047,73
10,no_leak,3,155,77547,110
10,no_leak,3,156,78047,137
10,no_leak,3,157,78547,125
10,no_leak,3,158,79047,118
10,no_leak,3,159,79547,109
10,no_leak,3,160,80047,72
10,no_leak,3,161,80547,103
10,no_leak,3,162,81047,117
10,no_leak,3,163,81547,143
10,no_leak,3,164,82047,140
10,no_leak,3,165,82547,165
10,no_leak,3,166,83047,175
10,no_leak,3,167,83547,153
10,no_leak,3,168,84047,127
10,no_leak,3,169,84547,98
10,no_leak,3,170,85047,83
10,no_leak,3,171,85547,99
10,no_leak,3,172,86047,72
10,no_leak,3,173,86547,88
10,no_leak,3,174,87047,103
10,no_leak,3,175,87547,99
10,no_leak,3,176,88047,93
10,no_leak,3,177,88547,30
10,no_leak,3,178,89047,55
10,no_leak,3,179,89547,69
10,no_leak,3,180,90047,71
10,no_leak,3,181,90547,108
10,no_leak,3,182,91047,101
10,no_leak,3,183,91547,98
10,no_leak,3,184,92047,101
10,no_leak,3,185,92547,98
10,no_leak,3,186,93047,57
10,no_leak,3,187,93547,68
10,no_leak,3,188,94047,93
10,no_leak,3,189,94547,101
10,no_leak,3,190,95047,119
10,no_leak,3,191,95547,136
10,no_leak,3,192,96047,120
10,no_leak,3,193,96547,101
10,no_leak,3,194,97047,83
10,no_leak,3,195,97547,53
10,no_leak,3,196,98047,31
10,no_leak,3,197,98547,27
10,no_leak,3,198,99047,19
10,no_leak,3,199,99547,0
10,no_leak,3,200,100047,13
10,no_leak,3,201,100547,0
10,no_leak,3,202,101047,13
10,no_leak,3,203,101547,9
10,no_leak,3,204,102047,0
10,no_leak,3,205,102547,0
10,no_leak,3,206,103047,0
10,no_leak,3,207,103548,0
10,no_leak,3,208,104047,0
10,no_leak,3,209,104547,13
10,no_leak,3,210,105047,12
10,no_leak,3,211,105547,13
10,no_leak,3,212,106047,0
10,no_leak,3,213,106547,40
10,no_leak,3,214,107047,75
10,no_leak,3,215,107547,77
10,no_leak,3,216,108047,59
10,no_leak,3,217,108548,88
10,no_leak,3,218,109047,81
10,no_leak,3,219,109547,73
10,no_leak,3,220,110047,101
10,no_leak,3,221,110547,77
10,no_leak,3,222,111047,67
10,no_leak,3,223,111547,21
10,no_leak,3,224,112047,26
10,no_leak,3,225,112547,19
10,no_leak,3,226,113047,45
10,no_leak,3,227,113547,41
10,no_leak,3,228,114047,28
10,no_leak,3,229,114547,3
10,no_leak,3,230,115047,0
10,no_leak,3,231,115547,0
10,no_leak,3,232,116047,0
10,no_leak,3,233,116547,0
10,no_leak,3,234,117047,24
10,no_leak,3,235,117547,28
10,no_leak,3,236,118047,44
10,no_leak,3,237,118547,47
10,no_leak,3,238,119047,47
10,no_leak,3,239,119547,79
10,no_leak,3,240,120047,83
10,no_leak,3,241,120547,73
10,no_leak,3,242,121047,16
10,no_leak,3,243,121547,3
10,no_leak,3,244,122047,31
10,no_leak,3,245,122547,71
10,no_leak,3,246,123047,76
10,no_leak,3,247,123547,41
10,no_leak,3,248,124047,11
10,no_leak,3,249,124547,0
10,no_leak,3,250,125047,21
10,no_leak,3,251,125547,63
10,no_leak,3,252,126047,75
10,no_leak,3,253,126547,45
10,no_leak,3,254,127047,21
10,no_leak,3,255,127547,0
10,no_leak,3,256,128047,0
10,no_leak,3,257,128547,51
10,no_leak,3,258,129047,47
10,no_leak,3,259,129547,46
10,no_leak,3,260,130047,30
10,no_leak,3,261,130547,10
10,no_leak,3,262,131047,0
10,no_leak,3,263,131547,0
10,no_leak,3,264,132047,0
10,no_leak,3,265,132547,0
10,no_leak,3,266,133047,0
10,no_leak,3,267,133547,33
10,no_leak,3,268,134047,74
10,no_leak,3,269,134547,57
10,no_leak,3,270,135047,63
10,no_leak,3,271,135547,96
10,no_leak,3,272,136047,56
10,no_leak,3,273,136547,22
10,no_leak,3,274,137047,13
10,no_leak,3,275,137547,13
10,no_leak,3,276,138047,26
10,no_leak,3,277,138547,41
10,no_leak,3,278,139047,41
10,no_leak,3,279,139547,44
10,no_leak,3,280,140047,27
10,no_leak,3,281,140547,0
10,no_leak,3,282,141047,19
10,no_leak,3,283,141547,58
10,no_leak,3,284,142047,95
10,no_leak,3,285,142547,104
10,no_leak,3,286,143047,87
10,no_leak,3,287,143547,62
10,no_leak,3,288,144047,67
10,no_leak,3,289,144547,141
10,no_leak,3,290,145047,136
10,no_leak,3,291,145547,165
10,no_leak,3,292,146047,165
10,no_leak,3,293,146547,135
10,no_leak,3,294,147047,86
10,no_leak,3,295,147547,116
10,no_leak,3,296,148047,147
10,no_leak,3,297,148547,170
10,no_leak,3,298,149047,151
10,no_leak,3,299,149547,107
10,no_leak,3,300,150047,72
10,no_leak,3,301,150547,47
10,no_leak,3,302,151047,103
10,no_leak,3,303,151547,108
10,no_leak,3,304,152047,122
10,no_leak,3,305,152547,134
10,no_leak,3,306,153047,117
10,no_leak,3,307,153547,101
10,no_leak,3,308,154047,63
10,no_leak,3,309,154547,33
10,no_leak,3,310,155047,52
10,no_leak,3,311,155547,87
10,no_leak,3,312,156047,104
10,no_leak,3,313,156547,95
10,no_leak,3,314,157047,86
10,no_leak,3,315,157547,37
10,no_leak,3,316,158047,8
10,no_leak,3,317,158547,0
10,no_leak,3,318,159047,0
10,no_leak,3,319,159547,10
10,no_leak,3,320,160047,53
10,no_leak,3,321,160547,79
10,no_leak,3,322,161047,74
10,no_leak,3,323,161547,83
10,no_leak,3,324,162047,99
10,no_leak,3,325,162547,103
10,no_leak,3,326,163047,99
10,no_leak,3,327,163547,117
10,no_leak,3,328,164047,127
10,no_leak,3,329,164547,138
10,no_leak,3,330,165047,151
10,no_leak,3,331,165547,103
10,no_leak,3,332,166047,126
10,no_leak,3,333,166547,172
10,no_leak,3,334,167047,184
10,no_leak,3,335,167547,160
10,no_leak,3,336,168047,125
10,no_leak,3,337,168547,98
10,no_leak,3,338,169047,105
10,no_leak,3,339,169547,103
10,no_leak,3,340,170047,103
10,no_leak,3,341,170547,158
10,no_leak,3,342,171047,167
10,no_leak,3,343,171547,160
10,no_leak,3,344,172047,123
10,no_leak,3,345,172547,76
10,no_leak,3,346,173047,69
10,no_leak,3,347,173547,73
10,no_leak,3,348,174047,93
10,no_leak,3,349,174547,93
10,no_leak,3,350,175047,116
10,no_leak,3,351,175547,69
10,no_leak,3,352,176047,37
10,no_leak,3,353,176547,1
10,no_leak,3,354,177047,46
10,no_leak,3,355,177547,51
10,no_leak,3,356,178047,41
10,no_leak,3,357,178547,2
10,no_leak,3,358,179047,27
10,no_leak,3,359,179547,11
10,no_leak,3,360,180047,0
10,no_leak,3,361,180547,23
10,no_leak,3,362,181047,6
10,no_leak,3,363,181547,0
10,no_leak,3,364,182047,0
10,no_leak,3,365,182547,0
10,no_leak,3,366,183047,0
10,no_leak,3,367,183547,7
10,no_leak,3,368,184047,17
10,no_leak,3,369,184547,23
10,no_leak,3,370,185047,0
10,no_leak,3,371,185547,54
10,no_leak,3,372,186047,38
10,no_leak,3,373,186547,21
10,no_leak,3,374,187047,0
10,no_leak,3,375,187547,0
10,no_leak,3,376,188047,0
10,no_leak,3,377,188547,25
10,no_leak,3,378,189047,26
10,no_leak,3,379,189547,36
10,no_leak,3,380,190047,16
10,no_leak,3,381,190547,0
10,no_leak,3,382,191047,0
10,no_leak,3,383,191547,0
10,no_leak,3,384,192047,0
10,no_leak,3,385,192547,0
10,no_leak,3,386,193047,0
10,no_leak,3,387,193547,0
10,no_leak,3,388,194047,0
10,no_leak,3,389,194547,0
10,no_leak,3,390,195047,0
10,no_leak,3,391,195547,0
10,no_leak,3,392,196047,0
10,no_leak,3,393,196547,0
10,no_leak,3,394,197047,6
10,no_leak,3,395,197547,37
10,no_leak,3,396,198047,47
10,no_leak,3,397,198547,84
10,no_leak,3,398,199047,87
10,no_leak,3,399,199547,59
10,no_leak,3,400,200047,91
10,no_leak,3,401,200547,121
10,no_leak,3,402,201047,150
10,no_leak,3,403,201547,139
10,no_leak,3,404,202047,133
10,no_leak,3,405,202547,93
10,no_leak,3,406,203047,139
10,no_leak,3,407,203547,157
10,no_leak,3,408,204047,120
10,no_leak,3,409,204547,95
10,no_leak,3,410,205047,142
10,no_leak,3,411,205547,147
10,no_leak,3,412,206047,151
10,no_leak,3,413,206547,139
10,no_leak,3,414,207047,87
10,no_leak,3,415,207547,31
10,no_leak,3,416,208047,59
10,no_leak,3,417,208547,111
10,no_leak,3,418,209047,109
10,no_leak,3,419,209547,106
10,no_leak,3,420,210047,69
10,no_leak,3,421,210547,56
10,no_leak,3,422,211047,57
10,no_leak,3,423,211547,89
10,no_leak,3,424,212047,101
10,no_leak,3,425,212547,88
10,no_leak,3,426,213047,46
10,no_leak,3,427,213547,7
10,no_leak,3,428,214047,0
10,no_leak,3,429,214547,59
10,no_leak,3,430,215047,70
10,no_leak,3,431,215547,63
10,no_leak,3,432,216047,47
10,no_leak,3,433,216547,28
10,no_leak,3,434,217047,53
10,no_leak,3,435,217547,37
10,no_leak,3,436,218047,51
10,no_leak,3,437,218547,91
10,no_leak,3,438,219047,84
10,no_leak,3,439,219547,59
10,no_leak,3,440,220047,25
10,no_leak,3,441,220547,39
10,no_leak,3,442,221047,37
10,no_leak,3,443,221547,36
10,no_leak,3,444,222047,46
10,no_leak,3,445,222547,17
10,no_leak,3,446,223047,0
10,no_leak,3,447,223547,39
10,no_leak,3,448,224047,27
10,no_leak,3,449,224547,4
10,no_leak,3,450,225047,12
10,no_leak,3,451,225547,5
10,no_leak,3,452,226047,43
10,no_leak,3,453,226547,19
10,no_leak,3,454,227047,6
10,no_leak,3,455,227547,42
10,no_leak,3,456,228047,21
10,no_leak,3,457,228547,9
10,no_leak,3,458,229047,23
10,no_leak,3,459,229547,41
10,no_leak,3,460,230047,21
10,no_leak,3,461,230547,0
10,no_leak,3,462,231047,0
10,no_leak,3,463,231547,17
10,no_leak,3,464,232047,70
10,no_leak,3,465,232547,75
10,no_leak,3,466,233047,59
10,no_leak,3,467,233547,51
10,no_leak,3,468,234047,41
10,no_leak,3,469,234547,11
10,no_leak,3,470,235047,4
10,no_leak,3,471,235547,0
10,no_leak,3,472,236047,0
10,no_leak,3,473,236547,6
10,no_leak,3,474,237047,63
10,no_leak,3,475,237547,75
10,no_leak,3,476,238047,73
10,no_leak,3,477,238547,71
10,no_leak,3,478,239047,47
10,no_leak,3,479,239547,55
10,no_leak,3,480,240047,86
10,no_leak,3,481,240547,123
10,no_leak,3,482,241047,127
10,no_leak,3,483,241547,149
10,no_leak,3,484,242047,183
10,no_leak,3,485,242547,158
10,no_leak,3,486,243047,147
10,no_leak,3,487,243547,127
10,no_leak,3,488,244047,114
10,no_leak,3,489,244547,72
10,no_leak,3,490,245047,78
10,no_leak,3,491,245547,53
10,no_leak,3,492,246047,33
10,no_leak,3,493,246547,52
10,no_leak,3,494,247047,25
10,no_leak,3,495,247547,3
10,no_leak,3,496,248047,16
10,no_leak,3,497,248547,56
10,no_leak,3,498,249047,52
10,no_leak,3,499,249547,36
10,no_leak,3,500,250047,6
10,no_leak,3,501,250547,7
10,no_leak,3,502,251047,51
10,no_leak,3,503,251547,119
10,no_leak,3,504,252047,105
10,no_leak,3,505,252547,83
10,no_leak,3,506,253047,37
10,no_leak,3,507,253547,31
10,no_leak,3,508,254047,41
10,no_leak,3,509,254547,105
10,no_leak,3,510,255047,95
10,no_leak,3,511,255547,73
10,no_leak,3,512,256047,40
10,no_leak,3,513,256547,2
10,no_leak,3,514,257047,0
10,no_leak,3,515,257547,18
10,no_leak,3,516,258047,36
10,no_leak,3,517,258547,17
10,no_leak,3,518,259047,61
10,no_leak,3,519,259547,63
10,no_leak,3,520,260047,47
10,no_leak,3,521,260547,21
10,no_leak,3,522,261047,1
10,no_leak,3,523,261547,0
10,no_leak,3,524,262047,0
10,no_leak,3,525,262547,0
10,no_leak,3,526,263047,41
10,no_leak,3,527,263547,53
10,no_leak,3,528,264047,59
10,no_leak,3,529,264547,35
10,no_leak,3,530,265047,20
10,no_leak,3,531,265547,10
10,no_leak,3,532,266047,3
10,no_leak,3,533,266547,30
10,no_leak,3,534,267047,61
10,no_leak,3,535,267547,124
10,no_leak,3,536,268047,153
10,no_leak,3,537,268547,163
10,no_leak,3,538,269047,153
10,no_leak,3,539,269547,87
10,no_leak,3,540,270047,84
10,no_leak,3,541,270547,89
10,no_leak,3,542,271047,137
10,no_leak,3,543,271547,140
10,no_leak,3,544,272047,118
10,no_leak,3,545,272547,86
10,no_leak,3,546,273047,23
10,no_leak,3,547,273547,17
10,no_leak,3,548,274047,61
10,no_leak,3,549,274547,80
10,no_leak,3,550,275047,119
10,no_leak,3,551,275547,111
10,no_leak,3,552,276047,77
10,no_leak,3,553,276547,69
10,no_leak,3,554,277047,95
10,no_leak,3,555,277547,155
10,no_leak,3,556,278047,157
10,no_leak,3,557,278547,181
10,no_leak,3,558,279047,181
10,no_leak,3,559,279547,157
10,no_leak,3,560,280047,103
10,no_leak,3,561,280547,77
10,no_leak,3,562,281047,71
10,no_leak,3,563,281547,99
10,no_leak,3,564,282047,141
10,no_leak,3,565,282547,125
10,no_leak,3,566,283047,124
10,no_leak,3,567,283547,85
10,no_leak,3,568,284047,30
10,no_leak,3,569,284547,1
10,no_leak,3,570,285047,0
10,no_leak,3,571,285547,67
10,no_leak,3,572,286047,89
10,no_leak,3,573,286547,79
10,no_leak,3,574,287047,75
10,no_leak,3,575,287547,60
10,no_leak,3,576,288047,77
10,no_leak,3,577,288547,83
10,no_leak,3,578,289047,75
10,no_leak,3,579,289547,87
10,no_leak,3,580,290047,79
10,no_leak,3,581,290547,121
10,no_leak,3,582,291047,123
10,no_leak,3,583,291547,101
10,no_leak,3,584,292047,117
10,no_leak,3,585,292547,120
10,no_leak,3,586,293047,95
10,no_leak,3,587,293547,47
10,no_leak,3,588,294047,88
10,no_leak,3,589,294547,72
10,no_leak,3,590,295047,53
10,no_leak,3,591,295547,21
10,no_leak,3,592,296047,21
10,no_leak,3,593,296548,3
10,no_leak,3,594,297047,23
10,no_leak,3,595,297547,50
10,no_leak,3,596,298047,55
10,no_leak,3,597,298547,23
10,no_leak,3,598,299047,13
10,no_leak,3,599,299547,85
10,no_leak,3,600,300047,85
10,no_leak,3,601,300547,62
10,no_leak,3,602,301047,51
10,no_leak,3,603,301547,69
10,no_leak,3,604,302047,55
10,no_leak,3,605,302547,61
10,no_leak,3,606,303047,48
10,no_leak,3,607,303547,30
10,no_leak,3,608,304047,55
10,no_leak,3,609,304547,38
10,no_leak,3,610,305047,3
10,no_leak,3,611,305547,0
10,no_leak,3,612,306047,0
10,no_leak,3,613,306547,0
10,no_leak,3,614,307047,41
10,no_leak,3,615,307547,47
10,no_leak,3,616,308047,39
10,no_leak,3,617,308547,21
10,no_leak,3,618,309047,0
10,no_leak,3,619,309547,0
10,no_leak,3,620,310047,19
10,no_leak,3,621,310547,71
10,no_leak,3,622,311047,63
10,no_leak,3,623,311547,69
10,no_leak,3,624,312047,56
10,no_leak,3,625,312547,33
10,no_leak,3,626,313047,3
10,no_leak,3,627,313547,0
10,no_leak,3,628,314047,0
10,no_leak,3,629,314547,40
10,no_leak,3,630,315047,57
10,no_leak,3,631,315547,79
10,no_leak,3,632,316047,73
10,no_leak,3,633,316547,78
10,no_leak,3,634,317047,59
10,no_leak,3,635,317547,10
10,no_leak,3,636,318047,23
10,no_leak,3,637,318547,55
10,no_leak,3,638,319047,121
10,no_leak,3,639,319547,135
10,no_leak,3,640,320047,104
10,no_leak,3,641,320547,91
10,no_leak,3,642,321047,47
10,no_leak,3,643,321547,37
10,no_leak,3,644,322047,77
10,no_leak,3,645,322547,165
10,no_leak,3,646,323048,149
10,no_leak,3,647,323547,136
10,no_leak,3,648,324047,151
10,no_leak,3,649,324547,136
10,no_leak,3,650,325047,105
10,no_leak,3,651,325547,63
10,no_leak,3,652,326047,77
10,no_leak,3,653,326547,86
10,no_leak,3,654,327047,115
10,no_leak,3,655,327547,173
10,no_leak,3,656,328047,167
10,no_leak,3,657,328547,149
10,no_leak,3,658,329047,127
10,no_leak,3,659,329547,84
10,no_leak,3,660,330047,47
10,no_leak,3,661,330547,5
10,no_leak,3,662,331047,38
10,no_leak,3,663,331547,37
10,no_leak,3,664,332047,51
10,no_leak,3,665,332547,43
10,no_leak,3,666,333047,47
10,no_leak,3,667,333547,33
10,no_leak,3,668,334047,11
10,no_leak,3,669,334547,0
10,no_leak,3,670,335047,0
10,no_leak,3,671,335547,45
10,no_leak,3,672,336047,74
10,no_leak,3,673,336547,77
10,no_leak,3,674,337047,75
10,no_leak,3,675,337547,69
10,no_leak,3,676,338047,45
10,no_leak,3,677,338547,13
10,no_leak,3,678,339047,10
10,no_leak,3,679,339547,45
10,no_leak,3,680,340047,53
10,no_leak,3,681,340547,89
10,no_leak,3,682,341047,124
10,no_leak,3,683,341547,117
10,no_leak,3,684,342047,91
10,no_leak,3,685,342547,77
10,no_leak,3,686,343047,72
10,no_leak,3,687,343547,29
10,no_leak,3,688,344047,1
10,no_leak,3,689,344547,0
10,no_leak,3,690,345047,10
10,no_leak,3,691,345547,7
10,no_leak,3,692,346047,12
10,no_leak,3,693,346547,55
10,no_leak,3,694,347047,35
10,no_leak,3,695,347547,36
10,no_leak,3,696,348047,44
10,no_leak,3,697,348547,37
10,no_leak,3,698,349047,17
10,no_leak,3,699,349547,0
10,no_leak,3,700,350047,0
10,no_leak,3,701,350547,7
10,no_leak,3,702,351047,68
10,no_leak,3,703,351547,105
10,no_leak,3,704,352047,105
10,no_leak,3,705,352547,87
10,no_leak,3,706,353047,67
10,no_leak,3,707,353547,27
10,no_leak,3,708,354047,37
10,no_leak,3,709,354547,75
10,no_leak,3,710,355047,103
10,no_leak,3,711,355547,105
10,no_leak,3,712,356047,136
10,no_leak,3,713,356547,143
10,no_leak,3,714,357047,127
10,no_leak,3,715,357547,89
10,no_leak,3,716,358047,79
10,no_leak,3,717,358547,121
10,no_leak,3,718,359047,123
10,no_leak,3,719,359547,91
10,no_leak,3,720,360047,90
10,no_leak,3,721,360547,77
10,no_leak,3,722,361047,59
10,no_leak,3,723,361547,39
10,no_leak,3,724,362047,89
10,no_leak,3,725,362547,51
10,no_leak,3,726,363047,20
10,no_leak,3,727,363547,0
10,no_leak,3,728,364047,55
10,no_leak,3,729,364547,71
10,no_leak,3,730,365047,59
10,no_leak,3,731,365547,22
10,no_leak,3,732,366047,7
10,no_leak,3,733,366547,0
10,no_leak,3,734,367047,0
10,no_leak,3,735,367547,59
10,no_leak,3,736,368047,71
10,no_leak,3,737,368547,48
10,no_leak,3,738,369047,9
10,no_leak,3,739,369547,0
10,no_leak,3,740,370047,0
10,no_leak,3,741,370547,3
10,no_leak,3,742,371047,43
10,no_leak,3,743,371547,43
10,no_leak,3,744,372047,41
10,no_leak,3,745,372547,19
10,no_leak,3,746,373047,0
10,no_leak,3,747,373547,0
10,no_leak,3,748,374047,0
10,no_leak,3,749,374547,43
10,no_leak,3,750,375047,71
10,no_leak,3,751,375547,85
10,no_leak,3,752,376047,75
10,no_leak,3,753,376547,79
10,no_leak,3,754,377047,59
10,no_leak,3,755,377547,25
10,no_leak,3,756,378047,0
10,no_leak,3,757,378547,0
10,no_leak,3,758,379047,0
10,no_leak,3,759,379547,0
10,no_leak,3,760,380047,54
10,no_leak,3,761,380547,87
10,no_leak,3,762,381047,87
10,no_leak,3,763,381547,83
10,no_leak,3,764,382047,77
10,no_leak,3,765,382547,67
10,no_leak,3,766,383047,25
10,no_leak,3,767,383547,31
10,no_leak,3,768,384047,43
10,no_leak,3,769,384547,61
10,no_leak,3,770,385047,133
10,no_leak,3,771,385547,141
10,no_leak,3,772,386047,126
10,no_leak,3,773,386547,125
10,no_leak,3,774,387047,92
10,no_leak,3,775,387547,55
10,no_leak,3,776,388047,26
10,no_leak,3,777,388547,39
10,no_leak,3,778,389047,41
10,no_leak,3,779,389547,46
10,no_leak,3,780,390047,101
10,no_leak,3,781,390547,93
10,no_leak,3,782,391047,81
10,no_leak,3,783,391547,71
10,no_leak,3,784,392047,40
10,no_leak,3,785,392547,7
10,no_leak,3,786,393047,11
10,no_leak,3,787,393547,41
10,no_leak,3,788,394047,26
10,no_leak,3,789,394547,93
10,no_leak,3,790,395047,105
10,no_leak,3,791,395547,107
10,no_leak,3,792,396047,103
10,no_leak,3,793,396547,89
10,no_leak,3,794,397047,69
10,no_leak,3,795,397547,30
10,no_leak,3,796,398047,2
10,no_leak,3,797,398547,10
10,no_leak,3,798,399047,44
10,no_leak,3,799,399547,85
10,no_leak,3,800,400047,110
10,no_leak,3,801,400547,107
10,no_leak,3,802,401047,107
10,no_leak,3,803,401547,100
10,no_leak,3,804,402047,82
10,no_leak,3,805,402547,47
10,no_leak,3,806,403047,12
10,no_leak,3,807,403547,21
10,no_leak,3,808,404047,92
10,no_leak,3,809,404547,135
10,no_leak,3,810,405047,139
10,no_leak,3,811,405547,147
10,no_leak,3,812,406047,111
10,no_leak,3,813,406547,77
10,no_leak,3,814,407047,23
10,no_leak,3,815,407547,7
10,no_leak,3,816,408047,28
10,no_leak,3,817,408547,47
10,no_leak,3,818,409047,39
10,no_leak,3,819,409547,23
10,no_leak,3,820,410047,5
10,no_leak,3,821,410547,83
10,no_leak,3,822,411047,94
10,no_leak,3,823,411547,95
10,no_leak,3,824,412047,83
10,no_leak,3,825,412547,41
10,no_leak,3,826,413047,12
10,no_leak,3,827,413547,37
10,no_leak,3,828,414047,89
10,no_leak,3,829,414547,100
10,no_leak,3,830,415047,93
10,no_leak,3,831,415547,76
10,no_leak,3,832,416047,50
10,no_leak,3,833,416547,12
10,no_leak,3,834,417047,0
10,no_leak,3,835,417547,0
10,no_leak,3,836,418047,0
10,no_leak,3,837,418547,53
10,no_leak,3,838,419047,93
10,no_leak,3,839,419547,103
10,no_leak,3,840,420047,100
10,no_leak,3,841,420547,93
10,no_leak,3,842,421047,75
10,no_leak,3,843,421547,75
10,no_leak,3,844,422047,39
10,no_leak,3,845,422547,41
10,no_leak,3,846,423047,51
10,no_leak,3,847,423547,28
10,no_leak,3,848,424047,59
10,no_leak,3,849,424547,78
10,no_leak,3,850,425047,91
10,no_leak,3,851,425547,75
10,no_leak,3,852,426047,61
10,no_leak,3,853,426547,68
10,no_leak,3,854,427047,21
10,no_leak,3,855,427547,4
10,no_leak,3,856,428047,21
10,no_leak,3,857,428547,48
10,no_leak,3,858,429047,86
10,no_leak,3,859,429547,89
10,no_leak,3,860,430047,85
10,no_leak,3,861,430547,43
10,no_leak,3,862,431047,39
10,no_leak,3,863,431547,78
10,no_leak,3,864,432047,56
10,no_leak,3,865,432547,42
10,no_leak,3,866,433047,24
10,no_leak,3,867,433547,74
10,no_leak,3,868,434047,70
10,no_leak,3,869,434547,57
10,no_leak,3,870,435047,51
10,no_leak,3,871,435547,36
10,no_leak,3,872,436047,59
10,no_leak,3,873,436547,87
10,no_leak,3,874,437047,83
10,no_leak,3,875,437547,71
10,no_leak,3,876,438047,17
10,no_leak,3,877,438547,5
10,no_leak,3,878,439047,43
10,no_leak,3,879,439547,62
10,no_leak,3,880,440047,69
10,no_leak,3,881,440547,50
10,no_leak,3,882,441047,25
10,no_leak,3,883,441547,0
10,no_leak,3,884,442047,0
10,no_leak,3,885,442547,5
10,no_leak,3,886,443047,6
10,no_leak,3,887,443547,25
10,no_leak,3,888,444047,23
10,no_leak,3,889,444547,3
10,no_leak,3,890,445047,0
10,no_leak,3,891,445547,0
10,no_leak,3,892,446047,0
10,no_leak,3,893,446547,7
10,no_leak,3,894,447047,54
10,no_leak,3,895,447547,57
10,no_leak,3,896,448047,53
10,no_leak,3,897,448547,29
10,no_leak,3,898,449047,7
10,no_leak,3,899,449547,0
10,no_leak,3,900,450047,0
10,no_leak,3,901,450547,6
10,no_leak,3,902,451047,13
10,no_leak,3,903,451547,45
10,no_leak,3,904,452047,53
10,no_leak,3,905,452547,39
10,no_leak,3,906,453047,7
10,no_leak,3,907,453547,0
10,no_leak,3,908,454047,0
10,no_leak,3,909,454547,0
10,no_leak,3,910,455047,0
10,no_leak,3,911,455547,20
10,no_leak,3,912,456047,26
10,no_leak,3,913,456547,9
10,no_leak,3,914,457047,0
10,no_leak,3,915,457547,26
10,no_leak,3,916,458047,77
10,no_leak,3,917,458547,84
10,no_leak,3,918,459047,75
10,no_leak,3,919,459547,44
10,no_leak,3,920,460047,77
10,no_leak,3,921,460547,111
10,no_leak,3,922,461047,109
10,no_leak,3,923,461547,151
10,no_leak,3,924,462047,159
10,no_leak,3,925,462547,153
10,no_leak,3,926,463047,140
10,no_leak,3,927,463547,169
10,no_leak,3,928,464047,199
10,no_leak,3,929,464547,235
10,no_leak,3,930,465047,233
10,no_leak,3,931,465547,203
10,no_leak,3,932,466047,171
10,no_leak,3,933,466547,197
10,no_leak,3,934,467047,203
10,no_leak,3,935,467547,204
10,no_leak,3,936,468047,205
10,no_leak,3,937,468547,171
10,no_leak,3,938,469047,149
10,no_leak,3,939,469547,142
10,no_leak,3,940,470047,136
10,no_leak,3,941,470547,151
10,no_leak,3,942,471047,116
10,no_leak,3,943,471547,46
10,no_leak,3,944,472047,29
10,no_leak,3,945,472547,48
10,no_leak,3,946,473047,75
10,no_leak,3,947,473547,77
10,no_leak,3,948,474047,82
10,no_leak,3,949,474547,23
10,no_leak,3,950,475047,61
10,no_leak,3,951,475547,75
10,no_leak,3,952,476047,60
10,no_leak,3,953,476547,39
10,no_leak,3,954,477047,55
10,no_leak,3,955,477548,79
10,no_leak,3,956,478047,89
10,no_leak,3,957,478547,91
10,no_leak,3,958,479047,68
10,no_leak,3,959,479547,58
10,no_leak,3,960,480047,103
10,no_leak,3,961,480547,93
10,no_leak,3,962,481047,61
10,no_leak,3,963,481547,10
10,no_leak,3,964,482047,0
10,no_leak,3,965,482547,79
10,no_leak,3,966,483047,46
10,no_leak,3,967,483547,30
10,no_leak,3,968,484047,18
10,no_leak,3,969,484547,0
10,no_leak,3,970,485047,0
10,no_leak,3,971,485547,0
10,no_leak,3,972,486047,4
10,no_leak,3,973,486547,22
10,no_leak,3,974,487047,7
10,no_leak,3,975,487547,24
10,no_leak,3,976,488047,0
10,no_leak,3,977,488547,0
10,no_leak,3,978,489047,51
10,no_leak,3,979,489547,59
10,no_leak,3,980,490047,39
10,no_leak,3,981,490547,21
10,no_leak,3,982,491047,31
10,no_leak,3,983,491547,0
10,no_leak,3,984,492047,72
10,no_leak,3,985,492547,90
10,no_leak,3,986,493047,70
10,no_leak,3,987,493547,48
10,no_leak,3,988,494047,21
10,no_leak,3,989,494547,30
10,no_leak,3,990,495047,13
10,no_leak,3,991,495547,30
10,no_leak,3,992,496047,91
10,no_leak,3,993,496547,111
10,no_leak,3,994,497047,119
10,no_leak,3,995,497547,107
10,no_leak,3,996,498047,87
10,no_leak,3,997,498547,39
10,no_leak,3,998,499047,72
10,no_leak,3,999,499547,83
10,no_leak,3,1000,500047,85
10,no_leak,3,1001,500547,83
10,no_leak,3,1002,501047,71
10,no_leak,3,1003,501547,31
10,no_leak,3,1004,502047,0
10,no_leak,3,1005,502547,26
10,no_leak,3,1006,503047,63
10,no_leak,3,1007,503547,53
10,no_leak,3,1008,504047,45
10,no_leak,3,1009,504547,17
10,no_leak,3,1010,505047,0
10,no_leak,3,1011,505547,19
10,no_leak,3,1012,506047,57
10,no_leak,3,1013,506547,78
10,no_leak,3,1014,507047,51
10,no_leak,3,1015,507547,29
10,no_leak,3,1016,508047,17
10,no_leak,3,1017,508547,56
10,no_leak,3,1018,509047,101
10,no_leak,3,1019,509547,119
10,no_leak,3,1020,510047,86
10,no_leak,3,1021,510547,31
10,no_leak,3,1022,511047,45
10,no_leak,3,1023,511547,45
10,no_leak,3,1024,512047,58
10,no_leak,3,1025,512547,57
10,no_leak,3,1026,513047,89
10,no_leak,3,1027,513547,82
10,no_leak,3,1028,514047,63
10,no_leak,3,1029,514547,51
10,no_leak,3,1030,515047,19
10,no_leak,3,1031,515547,20
10,no_leak,3,1032,516047,45
10,no_leak,3,1033,516547,69
10,no_leak,3,1034,517047,99
10,no_leak,3,1035,517547,99
10,no_leak,3,1036,518047,77
10,no_leak,3,1037,518547,51
10,no_leak,3,1038,519047,51
10,no_leak,3,1039,519547,61
10,no_leak,3,1040,520047,91
10,no_leak,3,1041,520547,123
10,no_leak,3,1042,521047,115
10,no_leak,3,1043,521547,101
10,no_leak,3,1044,522047,40
10,no_leak,3,1045,522547,5
10,no_leak,3,1046,523047,5
10,no_leak,3,1047,523547,63
10,no_leak,3,1048,524047,93
10,no_leak,3,1049,524547,95
10,no_leak,3,1050,525047,87
10,no_leak,3,1051,525547,59
10,no_leak,3,1052,526047,11
10,no_leak,3,1053,526547,0
10,no_leak,3,1054,527047,0
10,no_leak,3,1055,527547,0
10,no_leak,3,1056,528047,77
10,no_leak,3,1057,528547,111
10,no_leak,3,1058,529047,111
10,no_leak,3,1059,529547,105
10,no_leak,3,1060,530047,89
10,no_leak,3,1061,530547,91
10,no_leak,3,1062,531047,53
10,no_leak,3,1063,531547,52
10,no_leak,3,1064,532047,60
10,no_leak,3,1065,532547,105
10,no_leak,3,1066,533047,151
10,no_leak,3,1067,533547,172
10,no_leak,3,1068,534047,163
10,no_leak,3,1069,534547,151
10,no_leak,3,1070,535047,101
10,no_leak,3,1071,535547,41
10,no_leak,3,1072,536047,2
10,no_leak,3,1073,536547,0
10,no_leak,3,1074,537047,0
10,no_leak,3,1075,537547,27
10,no_leak,3,1076,538047,45
10,no_leak,3,1077,538547,40
10,no_leak,3,1078,539047,29
10,no_leak,3,1079,539547,35
10,no_leak,3,1080,540047,3
10,no_leak,3,1081,540547,0
10,no_leak,3,1082,541047,0
10,no_leak,3,1083,541547,0
10,no_leak,3,1084,542047,0
10,no_leak,3,1085,542547,57
10,no_leak,3,1086,543047,105
10,no_leak,3,1087,543547,107
10,no_leak,3,1088,544047,139
10,no_leak,3,1089,544547,140
10,no_leak,3,1090,545047,122
10,no_leak,3,1091,545547,102
10,no_leak,3,1092,546047,40
10,no_leak,3,1093,546547,21
10,no_leak,3,1094,547047,22
10,no_leak,3,1095,547547,71
10,no_leak,3,1096,548047,103
10,no_leak,3,1097,548547,119
10,no_leak,3,1098,549047,123
10,no_leak,3,1099,549547,94
10,no_leak,3,1100,550047,83
10,no_leak,3,1101,550547,70
10,no_leak,3,1102,551047,54
10,no_leak,3,1103,551547,24
10,no_leak,3,1104,552047,0
10,no_leak,3,1105,552547,0
10,no_leak,3,1106,553047,0
10,no_leak,3,1107,553547,0
10,no_leak,3,1108,554047,101
10,no_leak,3,1109,554547,117
10,no_leak,3,1110,555047,123
10,no_leak,3,1111,555547,127
10,no_leak,3,1112,556047,127
10,no_leak,3,1113,556547,141
10,no_leak,3,1114,557047,104
10,no_leak,3,1115,557547,76
10,no_leak,3,1116,558047,101
10,no_leak,3,1117,558547,123
10,no_leak,3,1118,559047,147
10,no_leak,3,1119,559547,185
10,no_leak,3,1120,560047,206
10,no_leak,3,1121,560547,182
10,no_leak,3,1122,561047,153
10,no_leak,3,1123,561547,106
10,no_leak,3,1124,562047,45
10,no_leak,3,1125,562547,5
10,no_leak,3,1126,563047,0
10,no_leak,3,1127,563548,0
10,no_leak,3,1128,564047,0
10,no_leak,3,1129,564547,47
10,no_leak,3,1130,565047,42
10,no_leak,3,1131,565547,40
10,no_leak,3,1132,566047,37
10,no_leak,3,1133,566547,30
10,no_leak,3,1134,567047,1
10,no_leak,3,1135,567547,0
10,no_leak,3,1136,568047,0
10,no_leak,3,1137,568547,63
10,no_leak,3,1138,569047,119
10,no_leak,3,1139,569547,148
10,no_leak,3,1140,570047,143
10,no_leak,3,1141,570547,127
10,no_leak,3,1142,571047,111
10,no_leak,3,1143,571547,83
10,no_leak,3,1144,572047,55
10,no_leak,3,1145,572547,57
10,no_leak,3,1146,573047,75
10,no_leak,3,1147,573547,113
10,no_leak,3,1148,574047,117
10,no_leak,3,1149,574547,99
10,no_leak,3,1150,575047,87
10,no_leak,3,1151,575547,85
10,no_leak,3,1152,576047,71
10,no_leak,3,1153,576547,45
10,no_leak,3,1154,577047,8
10,no_leak,3,1155,577547,0
10,no_leak,3,1156,578047,0
10,no_leak,3,1157,578547,0
10,no_leak,3,1158,579047,3
10,no_leak,3,1159,579547,0
10,no_leak,3,1160,580047,0
10,no_leak,3,1161,580547,11
10,no_leak,3,1162,581047,8
10,no_leak,3,1163,581547,20
10,no_leak,3,1164,582047,4
10,no_leak,3,1165,582547,0
10,no_leak,3,1166,583047,0
10,no_leak,3,1167,583547,0
10,no_leak,3,1168,584047,0
10,no_leak,3,1169,584547,40
10,no_leak,3,1170,585047,22
10,no_leak,3,1171,585547,18
10,no_leak,3,1172,586047,4
10,no_leak,3,1173,586547,0
10,no_leak,3,1174,587047,0
10,no_leak,3,1175,587547,0
10,no_leak,3,1176,588047,0
10,no_leak,3,1177,588547,0
10,no_leak,3,1178,589047,2
10,no_leak,3,1179,589547,0
10,no_leak,3,1180,590047,0
10,no_leak,3,1181,590547,0
10,no_leak,3,1182,591047,0
10,no_leak,3,1183,591547,0
10,no_leak,3,1184,592047,0
10,no_leak,3,1185,592547,41
10,no_leak,3,1186,593047,21
10,no_leak,3,1187,593547,7
10,no_leak,3,1188,594047,25
10,no_leak,3,1189,594547,45
10,no_leak,3,1190,595047,72
10,no_leak,3,1191,595547,91
10,no_leak,3,1192,596047,95
10,no_leak,3,1193,596547,115
10,no_leak,3,1194,597047,95
10,no_leak,3,1195,597547,99
10,no_leak,3,1196,598047,125
10,no_leak,3,1197,598547,91
10,no_leak,3,1198,599047,119
10,no_leak,3,1199,599547,154
10,no_leak,3,1200,600047,119
10,no_leak,3,1201,600547,94
10,no_leak,3,1202,601047,135
10,no_leak,3,1203,601547,99
10,no_leak,3,1204,602047,119
10,no_leak,3,1205,602547,127
10,no_leak,3,1206,603047,101
10,no_leak,3,1207,603547,106
10,no_leak,3,1208,604047,137
10,no_leak,3,1209,604547,169
10,no_leak,3,1210,605047,155
10,no_leak,3,1211,605547,120
10,no_leak,3,1212,606047,79
10,no_leak,3,1213,606547,44
10,no_leak,3,1214,607047,54
10,no_leak,3,1215,607547,103
10,no_leak,3,1216,608047,118
10,no_leak,3,1217,608547,147
10,no_leak,3,1218,609047,163
10,no_leak,3,1219,609547,163
10,no_leak,3,1220,610047,147
10,no_leak,3,1221,610547,131
10,no_leak,3,1222,611047,119
10,no_leak,3,1223,611547,115
10,no_leak,3,1224,612047,102
10,no_leak,3,1225,612547,105
10,no_leak,3,1226,613047,133
10,no_leak,3,1227,613547,105
10,no_leak,3,1228,614047,51
10,no_leak,3,1229,614547,45
10,no_leak,3,1230,615048,82
10,no_leak,3,1231,615547,101
10,no_leak,3,1232,616047,85
10,no_leak,3,1233,616547,45
10,no_leak,3,1234,617047,5
10,no_leak,3,1235,617547,0
10,no_leak,3,1236,618047,0
10,no_leak,3,1237,618547,0
10,no_leak,3,1238,619047,0
10,no_leak,3,1239,619547,4
10,no_leak,3,1240,620047,0
10,no_leak,3,1241,620547,0
10,no_leak,3,1242,621047,9
10,no_leak,3,1243,621547,21
10,no_leak,3,1244,622047,27
10,no_leak,3,1245,622547,29
10,no_leak,3,1246,623047,12
10,no_leak,3,1247,623547,27
10,no_leak,3,1248,624047,63
10,no_leak,3,1249,624547,63
10,no_leak,3,1250,625047,87
10,no_leak,3,1251,625547,87
10,no_leak,3,1252,626047,56
10,no_leak,3,1253,626547,29
10,no_leak,3,1254,627047,0
10,no_leak,3,1255,627547,24
10,no_leak,3,1256,628047,53
10,no_leak,3,1257,628547,45
10,no_leak,3,1258,629047,22
10,no_leak,3,1259,629547,0
10,no_leak,3,1260,630047,0
10,no_leak,3,1261,630547,0
10,no_leak,3,1262,631047,0
10,no_leak,3,1263,631547,24
10,no_leak,3,1264,632047,27
10,no_leak,3,1265,632547,19
10,no_leak,3,1266,633047,5
10,no_leak,3,1267,633547,0
10,no_leak,3,1268,634047,0
10,no_leak,3,1269,634547,0
10,no_leak,3,1270,635047,0
10,no_leak,3,1271,635547,46
10,no_leak,3,1272,636047,69
10,no_leak,3,1273,636547,98
10,no_leak,3,1274,637047,88
10,no_leak,3,1275,637547,36
10,no_leak,3,1276,638047,57
10,no_leak,3,1277,638547,79
10,no_leak,3,1278,639047,92
10,no_leak,3,1279,639547,133
10,no_leak,3,1280,640047,135
10,no_leak,3,1281,640547,120
10,no_leak,3,1282,641047,95
10,no_leak,3,1283,641547,41
10,no_leak,3,1284,642047,90
10,no_leak,3,1285,642547,153
10,no_leak,3,1286,643047,133
10,no_leak,3,1287,643547,133
10,no_leak,3,1288,644047,117
10,no_leak,3,1289,644547,31
10,no_leak,3,1290,645047,37
10,no_leak,3,1291,645547,73
10,no_leak,3,1292,646047,95
10,no_leak,3,1293,646547,108
10,no_leak,3,1294,647047,107
10,no_leak,3,1295,647547,77
10,no_leak,3,1296,648047,41
10,no_leak,3,1297,648547,10
10,no_leak,3,1298,649047,22
10,no_leak,3,1299,649547,73
10,no_leak,3,1300,650047,102
10,no_leak,3,1301,650547,125
10,no_leak,3,1302,651047,127
10,no_leak,3,1303,651547,117
10,no_leak,3,1304,652047,89
10,no_leak,3,1305,652547,43
10,no_leak,3,1306,653047,77
10,no_leak,3,1307,653547,101
10,no_leak,3,1308,654047,93
10,no_leak,3,1309,654547,148
10,no_leak,3,1310,655047,131
10,no_leak,3,1311,655547,124
10,no_leak,3,1312,656047,103
10,no_leak,3,1313,656547,47
10,no_leak,3,1314,657047,47
10,no_leak,3,1315,657547,92
10,no_leak,3,1316,658047,109
10,no_leak,3,1317,658547,91
10,no_leak,3,1318,659047,89
10,no_leak,3,1319,659547,91
10,no_leak,3,1320,660047,28
10,no_leak,3,1321,660547,55
10,no_leak,3,1322,661047,93
10,no_leak,3,1323,661547,111
10,no_leak,3,1324,662047,110
10,no_leak,3,1325,662547,109
10,no_leak,3,1326,663047,95
10,no_leak,3,1327,663547,51
10,no_leak,3,1328,664047,59
10,no_leak,3,1329,664547,71
10,no_leak,3,1330,665047,42
10,no_leak,3,1331,665547,45
10,no_leak,3,1332,666047,33
10,no_leak,3,1333,666547,18
10,no_leak,3,1334,667047,20
10,no_leak,3,1335,667547,0
10,no_leak,3,1336,668047,0
10,no_leak,3,1337,668547,0
10,no_leak,3,1338,669047,2
10,no_leak,3,1339,669547,41
10,no_leak,3,1340,670047,13
10,no_leak,3,1341,670547,0
10,no_leak,3,1342,671047,0
10,no_leak,3,1343,671547,0
10,no_leak,3,1344,672047,51
10,no_leak,3,1345,672547,61
10,no_leak,3,1346,673047,52
10,no_leak,3,1347,673547,31
10,no_leak,3,1348,674047,3
10,no_leak,3,1349,674547,37
10,no_leak,3,1350,675047,47
10,no_leak,3,1351,675547,26
10,no_leak,3,1352,676047,35
10,no_leak,3,1353,676547,55
10,no_leak,3,1354,677047,50
10,no_leak,3,1355,677547,24
10,no_leak,3,1356,678047,54
10,no_leak,3,1357,678547,89
10,no_leak,3,1358,679047,87
10,no_leak,3,1359,679547,79
10,no_leak,3,1360,680047,71
10,no_leak,3,1361,680547,133
10,no_leak,3,1362,681047,151
10,no_leak,3,1363,681547,147
10,no_leak,3,1364,682047,107
10,no_leak,3,1365,682547,71
10,no_leak,3,1366,683047,30
10,no_leak,3,1367,683547,48
10,no_leak,3,1368,684047,54
10,no_leak,3,1369,684547,41
10,no_leak,3,1370,685047,47
10,no_leak,3,1371,685547,76
10,no_leak,3,1372,686047,73
10,no_leak,3,1373,686547,69
10,no_leak,3,1374,687047,55
10,no_leak,3,1375,687547,45
10,no_leak,3,1376,688047,46
10,no_leak,3,1377,688547,55
10,no_leak,3,1378,689047,99
10,no_leak,3,1379,689547,77
10,no_leak,3,1380,690047,67
10,no_leak,3,1381,690547,35
10,no_leak,3,1382,691047,13
10,no_leak,3,1383,691547,24
10,no_leak,3,1384,692047,28
10,no_leak,3,1385,692547,28
10,no_leak,3,1386,693047,27
10,no_leak,3,1387,693547,19
10,no_leak,3,1388,694047,11
10,no_leak,3,1389,694547,0
10,no_leak,3,1390,695047,0
10,no_leak,3,1391,695547,0
10,no_leak,3,1392,696047,0
10,no_leak,3,1393,696547,0
10,no_leak,3,1394,697047,0
10,no_leak,3,1395,697547,0
10,no_leak,3,1396,698047,0
10,no_leak,3,1397,698547,0
10,no_leak,3,1398,699047,29
10,no_leak,3,1399,699547,40
10,no_leak,3,1400,700047,25
10,no_leak,3,1401,700547,25
10,no_leak,3,1402,701047,105
10,no_leak,3,1403,701547,124
10,no_leak,3,1404,702047,104
10,no_leak,3,1405,702547,52
10,no_leak,3,1406,703047,29
10,no_leak,3,1407,703547,76
10,no_leak,3,1408,704047,90
10,no_leak,3,1409,704547,72
10,no_leak,3,1410,705047,41
10,no_leak,3,1411,705547,22
10,no_leak,3,1412,706047,0
10,no_leak,3,1413,706547,0
10,no_leak,3,1414,707047,0
10,no_leak,3,1415,707547,0
10,no_leak,3,1416,708047,0
10,no_leak,3,1417,708547,0
10,no_leak,3,1418,709047,40
10,no_leak,3,1419,709547,36
10,no_leak,3,1420,710047,27
10,no_leak,3,1421,710547,1
10,no_leak,3,1422,711047,4
10,no_leak,3,1423,711547,47
10,no_leak,3,1424,712047,75
10,no_leak,3,1425,712547,100
10,no_leak,3,1426,713047,85
10,no_leak,3,1427,713547,51
10,no_leak,3,1428,714047,73
10,no_leak,3,1429,714547,133
10,no_leak,3,1430,715047,127
10,no_leak,3,1431,715547,106
10,no_leak,3,1432,716047,67
10,no_leak,3,1433,716547,53
10,no_leak,3,1434,717047,93
10,no_leak,3,1435,717547,107
10,no_leak,3,1436,718047,85
10,no_leak,3,1437,718547,45
10,no_leak,3,1438,719047,11
10,no_leak,3,1439,719547,30
10,no_leak,3,1440,720047,95
10,no_leak,3,1441,720547,99
10,no_leak,3,1442,721047,56
10,no_leak,3,1443,721547,17
10,no_leak,3,1444,722047,37
10,no_leak,3,1445,722547,98
10,no_leak,3,1446,723047,87
10,no_leak,3,1447,723547,71
10,no_leak,3,1448,724047,44
10,no_leak,3,1449,724547,7
10,no_leak,3,1450,725047,0
10,no_leak,3,1451,725547,63
10,no_leak,3,1452,726047,70
10,no_leak,3,1453,726547,37
10,no_leak,3,1454,727047,26
10,no_leak,3,1455,727547,0
10,no_leak,3,1456,728047,0
10,no_leak,3,1457,728547,0
10,no_leak,3,1458,729047,0
10,no_leak,3,1459,729547,36
10,no_leak,3,1460,730047,30
10,no_leak,3,1461,730547,29
10,no_leak,3,1462,731047,3
10,no_leak,3,1463,731547,0
10,no_leak,3,1464,732047,0
10,no_leak,3,1465,732547,0
10,no_leak,3,1466,733047,26
10,no_leak,3,1467,733547,39
10,no_leak,3,1468,734047,95
10,no_leak,3,1469,734547,124
10,no_leak,3,1470,735047,101
10,no_leak,3,1471,735547,99
10,no_leak,3,1472,736047,102
10,no_leak,3,1473,736547,115
10,no_leak,3,1474,737047,95
10,no_leak,3,1475,737547,70
10,no_leak,3,1476,738047,43
10,no_leak,3,1477,738547,40
10,no_leak,3,1478,739047,77
10,no_leak,3,1479,739547,91
10,no_leak,3,1480,740047,100
10,no_leak,3,1481,740547,107
10,no_leak,3,1482,741047,99
10,no_leak,3,1483,741547,68
10,no_leak,3,1484,742047,35
10,no_leak,3,1485,742547,17
10,no_leak,3,1486,743047,30
10,no_leak,3,1487,743547,43
10,no_leak,3,1488,744047,69
10,no_leak,3,1489,744547,77
10,no_leak,3,1490,745047,101
10,no_leak,3,1491,745547,133
10,no_leak,3,1492,746047,156
10,no_leak,3,1493,746547,165
10,no_leak,3,1494,747047,150
10,no_leak,3,1495,747547,107
10,no_leak,3,1496,748047,124
10,no_leak,3,1497,748547,115
10,no_leak,3,1498,749047,117
10,no_leak,3,1499,749547,123
10,no_leak,3,1500,750047,95
10,no_leak,3,1501,750547,30
10,no_leak,3,1502,751047,57
10,no_leak,3,1503,751547,99
10,no_leak,3,1504,752047,89
10,no_leak,3,1505,752547,82
10,no_leak,3,1506,753047,61
10,no_leak,3,1507,753547,29
10,no_leak,3,1508,754047,3
10,no_leak,3,1509,754547,39
10,no_leak,3,1510,755047,40
10,no_leak,3,1511,755547,58
10,no_leak,3,1512,756047,69
10,no_leak,3,1513,756547,59
10,no_leak,3,1514,757047,105
10,no_leak,3,1515,757547,107
10,no_leak,3,1516,758047,120
10,no_leak,3,1517,758547,122
10,no_leak,3,1518,759047,93
10,no_leak,3,1519,759547,29
10,no_leak,3,1520,760047,22
10,no_leak,3,1521,760547,37
10,no_leak,3,1522,761047,111
10,no_leak,3,1523,761547,152
10,no_leak,3,1524,762047,122
10,no_leak,3,1525,762547,102
10,no_leak,3,1526,763047,59
10,no_leak,3,1527,763547,63
10,no_leak,3,1528,764047,90
10,no_leak,3,1529,764547,72
10,no_leak,3,1530,765047,61
10,no_leak,3,1531,765547,42
10,no_leak,3,1532,766047,21
10,no_leak,3,1533,766547,37
10,no_leak,3,1534,767047,43
10,no_leak,3,1535,767547,54
10,no_leak,3,1536,768047,51
10,no_leak,3,1537,768547,27
10,no_leak,3,1538,769047,43
10,no_leak,3,1539,769547,56
10,no_leak,3,1540,770047,114
10,no_leak,3,1541,770547,124
10,no_leak,3,1542,771047,125
10,no_leak,3,1543,771547,121
10,no_leak,3,1544,772047,79
10,no_leak,3,1545,772547,75
10,no_leak,3,1546,773047,79
10,no_leak,3,1547,773547,71
10,no_leak,3,1548,774047,88
10,no_leak,3,1549,774547,99
10,no_leak,3,1550,775047,100
10,no_leak,3,1551,775547,93
10,no_leak,3,1552,776047,71
10,no_leak,3,1553,776547,38
10,no_leak,3,1554,777047,31
10,no_leak,3,1555,777547,13
10,no_leak,3,1556,778047,0
10,no_leak,3,1557,778547,0
10,no_leak,3,1558,779047,0
10,no_leak,3,1559,779547,10
10,no_leak,3,1560,780047,9
10,no_leak,3,1561,780547,40
10,no_leak,3,1562,781047,35
10,no_leak,3,1563,781547,38
10,no_leak,3,1564,782047,21
10,no_leak,3,1565,782547,17
10,no_leak,3,1566,783047,0
10,no_leak,3,1567,783547,7
10,no_leak,3,1568,784047,17
10,no_leak,3,1569,784547,13
10,no_leak,3,1570,785047,0
10,no_leak,3,1571,785547,0
10,no_leak,3,1572,786047,0
10,no_leak,3,1573,786547,0
10,no_leak,3,1574,787047,0
10,no_leak,3,1575,787547,0
10,no_leak,3,1576,788047,0
10,no_leak,3,1577,788547,0
10,no_leak,3,1578,789047,0
10,no_leak,3,1579,789547,17
10,no_leak,3,1580,790047,21
10,no_leak,3,1581,790547,9
10,no_leak,3,1582,791047,0
10,no_leak,3,1583,791547,11
10,no_leak,3,1584,792047,77
10,no_leak,3,1585,792547,59
10,no_leak,3,1586,793047,110
10,no_leak,3,1587,793547,124
10,no_leak,3,1588,794047,113
10,no_leak,3,1589,794547,135
10,no_leak,3,1590,795047,125
10,no_leak,3,1591,795547,77
10,no_leak,3,1592,796047,73
10,no_leak,3,1593,796548,57
10,no_leak,3,1594,797047,49
10,no_leak,3,1595,797547,40
10,no_leak,3,1596,798047,86
10,no_leak,3,1597,798547,86
10,no_leak,3,1598,799047,93
10,no_leak,3,1599,799547,102
10,no_leak,3,1600,800047,183
10,no_leak,3,1601,800547,160
10,no_leak,3,1602,801047,123
10,no_leak,3,1603,801547,109
10,no_leak,3,1604,802047,122
10,no_leak,3,1605,802547,167
10,no_leak,3,1606,803047,141
10,no_leak,3,1607,803547,95
10,no_leak,3,1608,804047,95
10,no_leak,3,1609,804547,118
10,no_leak,3,1610,805047,123
10,no_leak,3,1611,805547,147
10,no_leak,3,1612,806047,152
10,no_leak,3,1613,806547,139
10,no_leak,3,1614,807047,151
10,no_leak,3,1615,807547,166
10,no_leak,3,1616,808047,158
10,no_leak,3,1617,808547,125
10,no_leak,3,1618,809047,142
10,no_leak,3,1619,809547,155
10,no_leak,3,1620,810047,137
10,no_leak,3,1621,810547,102
10,no_leak,3,1622,811047,109
10,no_leak,3,1623,811547,120
10,no_leak,3,1624,812047,107
10,no_leak,3,1625,812547,87
10,no_leak,3,1626,813047,55
10,no_leak,3,1627,813547,101
10,no_leak,3,1628,814047,79
10,no_leak,3,1629,814547,77
10,no_leak,3,1630,815047,59
10,no_leak,3,1631,815547,73
10,no_leak,3,1632,816047,31
10,no_leak,3,1633,816547,3
10,no_leak,3,1634,817047,10
10,no_leak,3,1635,817547,39
10,no_leak,3,1636,818047,37
10,no_leak,3,1637,818547,0
10,no_leak,3,1638,819047,0
10,no_leak,3,1639,819547,0
10,no_leak,3,1640,820047,0
10,no_leak,3,1641,820547,0
10,no_leak,3,1642,821047,12
10,no_leak,3,1643,821547,0
10,no_leak,3,1644,822047,0
10,no_leak,3,1645,822547,0
10,no_leak,3,1646,823047,0
10,no_leak,3,1647,823547,0
10,no_leak,3,1648,824047,62
10,no_leak,3,1649,824547,85
10,no_leak,3,1650,825047,114
10,no_leak,3,1651,825547,78
10,no_leak,3,1652,826047,38
10,no_leak,3,1653,826547,30
10,no_leak,3,1654,827047,51
10,no_leak,3,1655,827547,101
10,no_leak,3,1656,828047,109
10,no_leak,3,1657,828547,118
10,no_leak,3,1658,829047,91
10,no_leak,3,1659,829547,82
10,no_leak,3,1660,830047,56
10,no_leak,3,1661,830547,21
10,no_leak,3,1662,831047,11
10,no_leak,3,1663,831547,26
10,no_leak,3,1664,832047,45
10,no_leak,3,1665,832547,51
10,no_leak,3,1666,833047,48
10,no_leak,3,1667,833547,27
10,no_leak,3,1668,834047,29
10,no_leak,3,1669,834547,0
10,no_leak,3,1670,835047,0
10,no_leak,3,1671,835547,0
10,no_leak,3,1672,836047,5
10,no_leak,3,1673,836547,26
10,no_leak,3,1674,837047,7
10,no_leak,3,1675,837547,0
10,no_leak,3,1676,838047,0
10,no_leak,3,1677,838547,0
10,no_leak,3,1678,839047,0
10,no_leak,3,1679,839547,29
10,no_leak,3,1680,840047,75
10,no_leak,3,1681,840547,105
10,no_leak,3,1682,841047,137
10,no_leak,3,1683,841547,151
10,no_leak,3,1684,842047,103
10,no_leak,3,1685,842547,117
10,no_leak,3,1686,843047,178
10,no_leak,3,1687,843547,191
10,no_leak,3,1688,844047,215
10,no_leak,3,1689,844547,227
10,no_leak,3,1690,845047,191
10,no_leak,3,1691,845547,142
10,no_leak,3,1692,846047,72
10,no_leak,3,1693,846547,40
10,no_leak,3,1694,847047,107
10,no_leak,3,1695,847547,94
10,no_leak,3,1696,848047,76
10,no_leak,3,1697,848547,104
10,no_leak,3,1698,849047,72
10,no_leak,3,1699,849547,23
10,no_leak,3,1700,850047,0
10,no_leak,3,1701,850547,0
10,no_leak,3,1702,851047,0
10,no_leak,3,1703,851547,0
10,no_leak,3,1704,852047,8
10,no_leak,3,1705,852547,0
10,no_leak,3,1706,853047,0
10,no_leak,3,1707,853547,0
10,no_leak,3,1708,854047,0
10,no_leak,3,1709,854547,0
10,no_leak,3,1710,855047,0
10,no_leak,3,1711,855547,0
10,no_leak,3,1712,856047,0
10,no_leak,3,1713,856547,0
10,no_leak,3,1714,857047,0
10,no_leak,3,1715,857547,18
10,no_leak,3,1716,858047,0
10,no_leak,3,1717,858547,0
10,no_leak,3,1718,859047,0
10,no_leak,3,1719,859547,31
10,no_leak,3,1720,860047,89
10,no_leak,3,1721,860547,123
10,no_leak,3,1722,861047,138
10,no_leak,3,1723,861547,121
10,no_leak,3,1724,862047,69
10,no_leak,3,1725,862547,104
10,no_leak,3,1726,863047,159
10,no_leak,3,1727,863547,191
10,no_leak,3,1728,864047,191
10,no_leak,3,1729,864547,217
10,no_leak,3,1730,865047,175
10,no_leak,3,1731,865547,159
10,no_leak,3,1732,866047,123
10,no_leak,3,1733,866547,84
10,no_leak,3,1734,867047,109
10,no_leak,3,1735,867547,123
10,no_leak,3,1736,868047,155
10,no_leak,3,1737,868547,127
10,no_leak,3,1738,869047,141
10,no_leak,3,1739,869547,127
10,no_leak,3,1740,870047,87
10,no_leak,3,1741,870547,60
10,no_leak,3,1742,871047,8
10,no_leak,3,1743,871547,0
10,no_leak,3,1744,872047,60
10,no_leak,3,1745,872547,89
10,no_leak,3,1746,873047,88
10,no_leak,3,1747,873547,82
10,no_leak,3,1748,874047,75
10,no_leak,3,1749,874547,67
10,no_leak,3,1750,875047,39
10,no_leak,3,1751,875547,35
10,no_leak,3,1752,876047,30
10,no_leak,3,1753,876547,69
10,no_leak,3,1754,877047,40
10,no_leak,3,1755,877547,55
10,no_leak,3,1756,878047,39
10,no_leak,3,1757,878547,13
10,no_leak,3,1758,879047,46
10,no_leak,3,1759,879547,22
10,no_leak,3,1760,880047,21
10,no_leak,3,1761,880547,9
10,no_leak,3,1762,881047,56
10,no_leak,3,1763,881547,83
10,no_leak,3,1764,882047,70
10,no_leak,3,1765,882547,41
10,no_leak,3,1766,883047,13
10,no_leak,3,1767,883547,11
10,no_leak,3,1768,884047,63
10,no_leak,3,1769,884547,77
10,no_leak,3,1770,885047,76
10,no_leak,3,1771,885547,79
10,no_leak,3,1772,886047,133
10,no_leak,3,1773,886547,117
10,no_leak,3,1774,887047,91
10,no_leak,3,1775,887547,39
10,no_leak,3,1776,888047,21
10,no_leak,3,1777,888547,52
10,no_leak,3,1778,889047,17
10,no_leak,3,1779,889547,12
10,no_leak,3,1780,890047,21
10,no_leak,3,1781,890547,47
10,no_leak,3,1782,891047,55
10,no_leak,3,1783,891547,59
10,no_leak,3,1784,892047,53
10,no_leak,3,1785,892547,26
10,no_leak,3,1786,893047,3
10,no_leak,3,1787,893547,0
10,no_leak,3,1788,894047,2
10,no_leak,3,1789,894547,0
10,no_leak,3,1790,895047,75
10,no_leak,3,1791,895547,101
10,no_leak,3,1792,896047,104
10,no_leak,3,1793,896547,93
10,no_leak,3,1794,897047,89
10,no_leak,3,1795,897547,76
10,no_leak,3,1796,898047,75
10,no_leak,3,1797,898547,71
10,no_leak,3,1798,899047,87
10,no_leak,3,1799,899547,93
10,no_leak,3,1800,900047,119
10,no_leak,3,1801,900547,107
10,no_leak,3,1802,901047,89
10,no_leak,3,1803,901547,59
10,no_leak,3,1804,902047,21
10,no_leak,3,1805,902547,0
10,no_leak,3,1806,903047,7
10,no_leak,3,1807,903547,22
10,no_leak,3,1808,904047,71
10,no_leak,3,1809,904547,53
10,no_leak,3,1810,905047,37
10,no_leak,3,1811,905547,28
10,no_leak,3,1812,906047,1
10,no_leak,3,1813,906547,14
10,no_leak,3,1814,907047,5
10,no_leak,3,1815,907547,42
10,no_leak,3,1816,908047,47
10,no_leak,3,1817,908547,42
10,no_leak,3,1818,909047,14
10,no_leak,3,1819,909547,4
10,no_leak,3,1820,910047,0
10,no_leak,3,1821,910547,0
10,no_leak,3,1822,911047,0
10,no_leak,3,1823,911547,9
10,no_leak,3,1824,912047,33
10,no_leak,3,1825,912547,21
10,no_leak,3,1826,913047,7
10,no_leak,3,1827,913547,0
10,no_leak,3,1828,914047,0
10,no_leak,3,1829,914547,0
10,no_leak,3,1830,915047,31
10,no_leak,3,1831,915547,60
10,no_leak,3,1832,916047,41
10,no_leak,3,1833,916547,13
10,no_leak,3,1834,917047,0
10,no_leak,3,1835,917547,0
10,no_leak,3,1836,918047,5
10,no_leak,3,1837,918547,29
10,no_leak,3,1838,919047,57
10,no_leak,3,1839,919547,69
10,no_leak,3,1840,920047,39
10,no_leak,3,1841,920547,23
10,no_leak,3,1842,921047,55
10,no_leak,3,1843,921547,88
10,no_leak,3,1844,922047,108
10,no_leak,3,1845,922547,120
10,no_leak,3,1846,923047,133
10,no_leak,3,1847,923547,97
10,no_leak,3,1848,924047,33
10,no_leak,3,1849,924547,52
10,no_leak,3,1850,925047,69
10,no_leak,3,1851,925547,52
10,no_leak,3,1852,926047,28
10,no_leak,3,1853,926547,31
10,no_leak,3,1854,927047,11
10,no_leak,3,1855,927547,0
10,no_leak,3,1856,928047,0
10,no_leak,3,1857,928547,55
10,no_leak,3,1858,929047,44
10,no_leak,3,1859,929547,117
10,no_leak,3,1860,930047,143
10,no_leak,3,1861,930547,157
10,no_leak,3,1862,931047,158
10,no_leak,3,1863,931547,157
10,no_leak,3,1864,932047,169
10,no_leak,3,1865,932547,165
10,no_leak,3,1866,933047,183
10,no_leak,3,1867,933547,169
10,no_leak,3,1868,934047,149
10,no_leak,3,1869,934547,75
10,no_leak,3,1870,935047,71
10,no_leak,3,1871,935547,61
10,no_leak,3,1872,936047,104
10,no_leak,3,1873,936547,125
10,no_leak,3,1874,937047,115
10,no_leak,3,1875,937547,77
10,no_leak,3,1876,938047,25
10,no_leak,3,1877,938547,0
10,no_leak,3,1878,939047,35
10,no_leak,3,1879,939547,89
10,no_leak,3,1880,940047,103
10,no_leak,3,1881,940547,95
10,no_leak,3,1882,941047,69
10,no_leak,3,1883,941547,35
10,no_leak,3,1884,942047,0
10,no_leak,3,1885,942547,0
10,no_leak,3,1886,943047,37
10,no_leak,3,1887,943547,41
10,no_leak,3,1888,944047,39
10,no_leak,3,1889,944547,11
10,no_leak,3,1890,945047,0
10,no_leak,3,1891,945547,0
10,no_leak,3,1892,946047,0
10,no_leak,3,1893,946547,0
10,no_leak,3,1894,947047,0
10,no_leak,3,1895,947547,3
10,no_leak,3,1896,948047,23
10,no_leak,3,1897,948547,5
10,no_leak,3,1898,949047,0
10,no_leak,3,1899,949547,0
10,no_leak,3,1900,950047,0
10,no_leak,3,1901,950547,44
10,no_leak,3,1902,951047,61
10,no_leak,3,1903,951547,75
10,no_leak,3,1904,952047,39
10,no_leak,3,1905,952547,12
10,no_leak,3,1906,953047,0
10,no_leak,3,1907,953547,58
10,no_leak,3,1908,954047,85
10,no_leak,3,1909,954547,83
10,no_leak,3,1910,955047,62
10,no_leak,3,1911,955547,12
10,no_leak,3,1912,956047,0
10,no_leak,3,1913,956547,0
10,no_leak,3,1914,957047,0
10,no_leak,3,1915,957547,9
10,no_leak,3,1916,958047,21
10,no_leak,3,1917,958547,0
10,no_leak,3,1918,959047,0
10,no_leak,3,1919,959547,0
10,no_leak,3,1920,960047,0
10,no_leak,3,1921,960547,4
10,no_leak,3,1922,961047,58
10,no_leak,3,1923,961547,77
10,no_leak,3,1924,962047,71
10,no_leak,3,1925,962547,53
10,no_leak,3,1926,963047,77
10,no_leak,3,1927,963547,79
10,no_leak,3,1928,964047,124
10,no_leak,3,1929,964547,150
10,no_leak,3,1930,965047,137
10,no_leak,3,1931,965547,98
10,no_leak,3,1932,966047,99
10,no_leak,3,1933,966547,167
10,no_leak,3,1934,967047,175
10,no_leak,3,1935,967547,157
10,no_leak,3,1936,968047,137
10,no_leak,3,1937,968547,57
10,no_leak,3,1938,969047,37
10,no_leak,3,1939,969547,31
10,no_leak,3,1940,970047,77
10,no_leak,3,1941,970547,77
10,no_leak,3,1942,971047,73
10,no_leak,3,1943,971547,73
10,no_leak,3,1944,972047,27
10,no_leak,3,1945,972547,0
10,no_leak,3,1946,973047,0
10,no_leak,3,1947,973547,0
10,no_leak,3,1948,974047,36
10,no_leak,3,1949,974547,50
10,no_leak,3,1950,975047,63
10,no_leak,3,1951,975547,43
10,no_leak,3,1952,976047,31
10,no_leak,3,1953,976547,0
10,no_leak,3,1954,977047,10
10,no_leak,3,1955,977547,58
10,no_leak,3,1956,978047,93
10,no_leak,3,1957,978548,112
10,no_leak,3,1958,979047,105
10,no_leak,3,1959,979547,64
10,no_leak,3,1960,980047,19
10,no_leak,3,1961,980547,44
10,no_leak,3,1962,981047,92
10,no_leak,3,1963,981547,135
10,no_leak,3,1964,982047,153
10,no_leak,3,1965,982547,149
10,no_leak,3,1966,983047,169
10,no_leak,3,1967,983547,143
10,no_leak,3,1968,984047,107
10,no_leak,3,1969,984547,92
10,no_leak,3,1970,985047,146
10,no_leak,3,1971,985547,135
10,no_leak,3,1972,986047,121
10,no_leak,3,1973,986547,173
10,no_leak,3,1974,987048,136
10,no_leak,3,1975,987547,105
10,no_leak,3,1976,988047,81
10,no_leak,3,1977,988547,51
10,no_leak,3,1978,989047,61
10,no_leak,3,1979,989547,83
10,no_leak,3,1980,990047,99
10,no_leak,3,1981,990547,111
10,no_leak,3,1982,991047,83
10,no_leak,3,1983,991547,51
10,no_leak,3,1984,992047,95
10,no_leak,3,1985,992547,91
10,no_leak,3,1986,993047,131
10,no_leak,3,1987,993547,112
10,no_leak,3,1988,994047,57
10,no_leak,3,1989,994547,28
10,no_leak,3,1990,995047,39
10,no_leak,3,1991,995547,47
10,no_leak,3,1992,996047,35
10,no_leak,3,1993,996547,29
10,no_leak,3,1994,997047,1
10,no_leak,3,1995,997547,20
10,no_leak,3,1996,998047,5
10,no_leak,3,1997,998547,0
10,no_leak,3,1998,999047,0
10,no_leak,3,1999,999547,36
10,no_leak,4,0,48,0
10,no_leak,4,1,547,0
10,no_leak,4,2,1047,0
10,no_leak,4,3,1547,1
10,no_leak,4,4,2047,7
10,no_leak,4,5,2547,0
10,no_leak,4,6,3047,0
10,no_leak,4,7,3547,0
10,no_leak,4,8,4047,0
10,no_leak,4,9,4547,0
10,no_leak,4,10,5047,11
10,no_leak,4,11,5547,0
10,no_leak,4,12,6047,0
10,no_leak,4,13,6547,0
10,no_leak,4,14,7047,0
10,no_leak,4,15,7547,60
10,no_leak,4,16,8047,57
10,no_leak,4,17,8547,59
10,no_leak,4,18,9047,43
10,no_leak,4,19,9547,36
10,no_leak,4,20,10047,2
10,no_leak,4,21,10547,0
10,no_leak,4,22,11047,0
10,no_leak,4,23,11547,42
10,no_leak,4,24,12047,108
10,no_leak,4,25,12547,93
10,no_leak,4,26,13047,77
10,no_leak,4,27,13547,23
10,no_leak,4,28,14047,0
10,no_leak,4,29,14547,0
10,no_leak,4,30,15047,0
10,no_leak,4,31,15547,23
10,no_leak,4,32,16047,69
10,no_leak,4,33,16547,63
10,no_leak,4,34,17047,51
10,no_leak,4,35,17547,27
10,no_leak,4,36,18047,5
10,no_leak,4,37,18547,0
10,no_leak,4,38,19047,0
10,no_leak,4,39,19547,42
10,no_leak,4,40,20047,71
10,no_leak,4,41,20547,82
10,no_leak,4,42,21047,91
10,no_leak,4,43,21547,70
10,no_leak,4,44,22047,43
10,no_leak,4,45,22547,3
10,no_leak,4,46,23047,69
10,no_leak,4,47,23547,95
10,no_leak,4,48,24047,111
10,no_leak,4,49,24547,109
10,no_leak,4,50,25047,107
10,no_leak,4,51,25547,91
10,no_leak,4,52,26047,77
10,no_leak,4,53,26547,63
10,no_leak,4,54,27047,86
10,no_leak,4,55,27547,109
10,no_leak,4,56,28047,152
10,no_leak,4,57,28547,151
10,no_leak,4,58,29047,109
10,no_leak,4,59,29547,86
10,no_leak,4,60,30047,53
10,no_leak,4,61,30547,67
10,no_leak,4,62,31047,93
10,no_leak,4,63,31547,109
10,no_leak,4,64,32047,112
10,no_leak,4,65,32547,85
10,no_leak,4,66,33047,25
10,no_leak,4,67,33547,0
10,no_leak,4,68,34047,41
10,no_leak,4,69,34547,87
10,no_leak,4,70,35047,76
10,no_leak,4,71,35547,90
10,no_leak,4,72,36047,91
10,no_leak,4,73,36547,57
10,no_leak,4,74,37047,73
10,no_leak,4,75,37547,88
10,no_leak,4,76,38047,122
10,no_leak,4,77,38547,166
10,no_leak,4,78,39047,192
10,no_leak,4,79,39547,255
10,no_leak,4,80,40047,243
10,no_leak,4,81,40547,191
10,no_leak,4,82,41047,135
10,no_leak,4,83,41547,175
10,no_leak,4,84,42047,175
10,no_leak,4,85,42547,165
10,no_leak,4,86,43047,163
10,no_leak,4,87,43547,141
10,no_leak,4,88,44047,159
10,no_leak,4,89,44547,125
10,no_leak,4,90,45047,112
10,no_leak,4,91,45547,102
10,no_leak,4,92,46047,105
10,no_leak,4,93,46547,89
10,no_leak,4,94,47047,75
10,no_leak,4,95,47547,39
10,no_leak,4,96,48047,55
10,no_leak,4,97,48547,57
10,no_leak,4,98,49047,24
10,no_leak,4,99,49547,0
10,no_leak,4,100,50047,0
10,no_leak,4,101,50547,0
10,no_leak,4,102,51047,0
10,no_leak,4,103,51547,31
10,no_leak,4,104,52047,35
10,no_leak,4,105,52547,7
10,no_leak,4,106,53047,0
10,no_leak,4,107,53547,0
10,no_leak,4,108,54047,0
10,no_leak,4,109,54547,7
10,no_leak,4,110,55047,0
10,no_leak,4,111,55547,0
10,no_leak,4,112,56047,0
10,no_leak,4,113,56547,0
10,no_leak,4,114,57047,0
10,no_leak,4,115,57547,0
10,no_leak,4,116,58047,12
10,no_leak,4,117,58547,0
10,no_leak,4,118,59047,0
10,no_leak,4,119,59547,0
10,no_leak,4,120,60047,0
10,no_leak,4,121,60547,0
10,no_leak,4,122,61047,18
10,no_leak,4,123,61547,37
10,no_leak,4,124,62047,39
10,no_leak,4,125,62547,6
10,no_leak,4,126,63047,0
10,no_leak,4,127,63547,0
10,no_leak,4,128,64047,0
10,no_leak,4,129,64547,0
10,no_leak,4,130,65047,22
10,no_leak,4,131,65547,35
10,no_leak,4,132,66047,36
10,no_leak,4,133,66547,18
10,no_leak,4,134,67047,0
10,no_leak,4,135,67547,0
10,no_leak,4,136,68047,77
10,no_leak,4,137,68547,102
10,no_leak,4,138,69047,117
10,no_leak,4,139,69547,111
10,no_leak,4,140,70047,120
10,no_leak,4,141,70547,79
10,no_leak,4,142,71047,85
10,no_leak,4,143,71547,93
10,no_leak,4,144,72047,139
10,no_leak,4,145,72547,155
10,no_leak,4,146,73047,139
10,no_leak,4,147,73547,167
10,no_leak,4,148,74047,151
10,no_leak,4,149,74547,111
10,no_leak,4,150,75047,83
10,no_leak,4,151,75547,100
10,no_leak,4,152,76047,87
10,no_leak,4,153,76547,125
10,no_leak,4,154,77047,115
10,no_leak,4,155,77547,109
10,no_leak,4,156,78047,60
10,no_leak,4,157,78547,55
10,no_leak,4,158,79047,103
10,no_leak,4,159,79547,86
10,no_leak,4,160,80047,93
10,no_leak,4,161,80547,86
10,no_leak,4,162,81047,62
10,no_leak,4,163,81547,36
10,no_leak,4,164,82047,55
10,no_leak,4,165,82547,50
10,no_leak,4,166,83047,55
10,no_leak,4,167,83547,48
10,no_leak,4,168,84047,26
10,no_leak,4,169,84547,63
10,no_leak,4,170,85047,43
10,no_leak,4,171,85547,18
10,no_leak,4,172,86047,6
10,no_leak,4,173,86547,37
10,no_leak,4,174,87047,83
10,no_leak,4,175,87547,82
10,no_leak,4,176,88047,85
10,no_leak,4,177,88547,40
10,no_leak,4,178,89047,40
10,no_leak,4,179,89547,67
10,no_leak,4,180,90047,157
10,no_leak,4,181,90547,167
10,no_leak,4,182,91047,141
10,no_leak,4,183,91547,111
10,no_leak,4,184,92047,69
10,no_leak,4,185,92547,54
10,no_leak,4,186,93047,73
10,no_leak,4,187,93547,31
10,no_leak,4,188,94047,59
10,no_leak,4,189,94547,39
10,no_leak,4,190,95047,23
10,no_leak,4,191,95547,5
10,no_leak,4,192,96047,0
10,no_leak,4,193,96547,0
10,no_leak,4,194,97047,41
10,no_leak,4,195,97547,71
10,no_leak,4,196,98047,99
10,no_leak,4,197,98548,92
10,no_leak,4,198,99047,71
10,no_leak,4,199,99547,105
10,no_leak,4,200,100047,173
10,no_leak,4,201,100547,175
10,no_leak,4,202,101047,175
10,no_leak,4,203,101547,123
10,no_leak,4,204,102047,102
10,no_leak,4,205,102547,105
10,no_leak,4,206,103047,91
10,no_leak,4,207,103547,82
10,no_leak,4,208,104047,79
10,no_leak,4,209,104547,99
10,no_leak,4,210,105047,75
10,no_leak,4,211,105547,45
10,no_leak,4,212,106047,21
10,no_leak,4,213,106547,1
10,no_leak,4,214,107047,9
10,no_leak,4,215,107547,39
10,no_leak,4,216,108047,61
10,no_leak,4,217,108547,99
10,no_leak,4,218,109047,116
10,no_leak,4,219,109547,104
10,no_leak,4,220,110047,86
10,no_leak,4,221,110547,61
10,no_leak,4,222,111047,78
10,no_leak,4,223,111547,83
10,no_leak,4,224,112047,83
10,no_leak,4,225,112547,56
10,no_leak,4,226,113047,41
10,no_leak,4,227,113547,13
10,no_leak,4,228,114047,0
10,no_leak,4,229,114547,0
10,no_leak,4,230,115047,0
10,no_leak,4,231,115547,0
10,no_leak,4,232,116047,13
10,no_leak,4,233,116547,6
10,no_leak,4,234,117047,0
10,no_leak,4,235,117547,0
10,no_leak,4,236,118047,0
10,no_leak,4,237,118547,20
10,no_leak,4,238,119047,40
10,no_leak,4,239,119547,79
10,no_leak,4,240,120047,93
10,no_leak,4,241,120547,55
10,no_leak,4,242,121047,17
10,no_leak,4,243,121547,58
10,no_leak,4,244,122047,69
10,no_leak,4,245,122547,102
10,no_leak,4,246,123047,104
10,no_leak,4,247,123547,103
10,no_leak,4,248,124047,83
10,no_leak,4,249,124547,47
10,no_leak,4,250,125047,74
10,no_leak,4,251,125547,119
10,no_leak,4,252,126047,103
10,no_leak,4,253,126547,75
10,no_leak,4,254,127047,23
10,no_leak,4,255,127547,11
10,no_leak,4,256,128047,43
10,no_leak,4,257,128547,87
10,no_leak,4,258,129047,88
10,no_leak,4,259,129547,73
10,no_leak,4,260,130047,33
10,no_leak,4,261,130547,2
10,no_leak,4,262,131047,0
10,no_leak,4,263,131547,0
10,no_leak,4,264,132047,0
10,no_leak,4,265,132547,44
10,no_leak,4,266,133047,5
10,no_leak,4,267,133547,0
10,no_leak,4,268,134047,0
10,no_leak,4,269,134547,0
10,no_leak,4,270,135047,0
10,no_leak,4,271,135547,0
10,no_leak,4,272,136047,0
10,no_leak,4,273,136547,0
10,no_leak,4,274,137047,0
10,no_leak,4,275,137547,0
10,no_leak,4,276,138047,0
10,no_leak,4,277,138547,0
10,no_leak,4,278,139047,0
10,no_leak,4,279,139547,0
10,no_leak,4,280,140047,0
10,no_leak,4,281,140547,71
10,no_leak,4,282,141047,73
10,no_leak,4,283,141547,75
10,no_leak,4,284,142047,71
10,no_leak,4,285,142547,53
10,no_leak,4,286,143047,21
10,no_leak,4,287,143547,51
10,no_leak,4,288,144047,119
10,no_leak,4,289,144547,157
10,no_leak,4,290,145047,154
10,no_leak,4,291,145547,134
10,no_leak,4,292,146047,107
10,no_leak,4,293,146547,100
10,no_leak,4,294,147047,85
10,no_leak,4,295,147547,62
10,no_leak,4,296,148047,63
10,no_leak,4,297,148547,11
10,no_leak,4,298,149047,0
10,no_leak,4,299,149547,0
10,no_leak,4,300,150047,1
10,no_leak,4,301,150547,67
10,no_leak,4,302,151047,57
10,no_leak,4,303,151547,56
10,no_leak,4,304,152047,55
10,no_leak,4,305,152547,71
10,no_leak,4,306,153047,73
10,no_leak,4,307,153547,120
10,no_leak,4,308,154047,125
10,no_leak,4,309,154547,87
10,no_leak,4,310,155047,84
10,no_leak,4,311,155547,143
10,no_leak,4,312,156047,140
10,no_leak,4,313,156547,121
10,no_leak,4,314,157047,101
10,no_leak,4,315,157547,117
10,no_leak,4,316,158047,155
10,no_leak,4,317,158547,145
10,no_leak,4,318,159047,135
10,no_leak,4,319,159547,155
10,no_leak,4,320,160047,175
10,no_leak,4,321,160547,167
10,no_leak,4,322,161047,147
10,no_leak,4,323,161547,100
10,no_leak,4,324,162047,79
10,no_leak,4,325,162547,89
10,no_leak,4,326,163047,92
10,no_leak,4,327,163547,99
10,no_leak,4,328,164047,71
10,no_leak,4,329,164547,40
10,no_leak,4,330,165047,10
10,no_leak,4,331,165547,43
10,no_leak,4,332,166047,71
10,no_leak,4,333,166547,85
10,no_leak,4,334,167047,52
10,no_leak,4,335,167547,79
10,no_leak,4,336,168047,62
10,no_leak,4,337,168547,51
10,no_leak,4,338,169047,53
10,no_leak,4,339,169547,36
10,no_leak,4,340,170047,31
10,no_leak,4,341,170547,37
10,no_leak,4,342,171047,52
10,no_leak,4,343,171547,35
10,no_leak,4,344,172047,26
10,no_leak,4,345,172547,0
10,no_leak,4,346,173047,0
10,no_leak,4,347,173547,0
10,no_leak,4,348,174047,47
10,no_leak,4,349,174547,71
10,no_leak,4,350,175047,88
10,no_leak,4,351,175547,87
10,no_leak,4,352,176047,36
10,no_leak,4,353,176547,47
10,no_leak,4,354,177047,103
10,no_leak,4,355,177547,111
10,no_leak,4,356,178047,117
10,no_leak,4,357,178547,125
10,no_leak,4,358,179047,103
10,no_leak,4,359,179547,72
10,no_leak,4,360,180047,61
10,no_leak,4,361,180547,73
10,no_leak,4,362,181047,93
10,no_leak,4,363,181547,142
10,no_leak,4,364,182047,141
10,no_leak,4,365,182547,136
10,no_leak,4,366,183047,116
10,no_leak,4,367,183547,70
10,no_leak,4,368,184047,89
10,no_leak,4,369,184547,91
10,no_leak,4,370,185047,126
10,no_leak,4,371,185547,152
10,no_leak,4,372,186047,125
10,no_leak,4,373,186547,117
10,no_leak,4,374,187047,93
10,no_leak,4,375,187547,71
10,no_leak,4,376,188047,68
10,no_leak,4,377,188547,47
10,no_leak,4,378,189047,47
10,no_leak,4,379,189547,7
10,no_leak,4,380,190047,10
10,no_leak,4,381,190547,18
10,no_leak,4,382,191047,0
10,no_leak,4,383,191547,0
10,no_leak,4,384,192047,14
10,no_leak,4,385,192547,44
10,no_leak,4,386,193047,45
10,no_leak,4,387,193547,47
10,no_leak,4,388,194047,24
10,no_leak,4,389,194547,9
10,no_leak,4,390,195047,3
10,no_leak,4,391,195547,37
10,no_leak,4,392,196047,31
10,no_leak,4,393,196547,75
10,no_leak,4,394,197047,74
10,no_leak,4,395,197547,44
10,no_leak,4,396,198047,31
10,no_leak,4,397,198547,51
10,no_leak,4,398,199047,47
10,no_leak,4,399,199547,37
10,no_leak,4,400,200047,25
10,no_leak,4,401,200547,0
10,no_leak,4,402,201047,31
10,no_leak,4,403,201547,35
10,no_leak,4,404,202047,55
10,no_leak,4,405,202547,61
10,no_leak,4,406,203047,59
10,no_leak,4,407,203547,61
10,no_leak,4,408,204047,30
10,no_leak,4,409,204547,61
10,no_leak,4,410,205047,61
10,no_leak,4,411,205547,79
10,no_leak,4,412,206047,90
10,no_leak,4,413,206547,55
10,no_leak,4,414,207047,41
10,no_leak,4,415,207547,69
10,no_leak,4,416,208047,69
10,no_leak,4,417,208547,67
10,no_leak,4,418,209047,55
10,no_leak,4,419,209547,26
10,no_leak,4,420,210047,5
10,no_leak,4,421,210547,18
10,no_leak,4,422,211047,53
10,no_leak,4,423,211547,69
10,no_leak,4,424,212047,53
10,no_leak,4,425,212547,38
10,no_leak,4,426,213047,7
10,no_leak,4,427,213547,0
10,no_leak,4,428,214047,0
10,no_leak,4,429,214547,0
10,no_leak,4,430,215047,11
10,no_leak,4,431,215547,23
10,no_leak,4,432,216047,29
10,no_leak,4,433,216547,27
10,no_leak,4,434,217047,25
10,no_leak,4,435,217547,5
10,no_leak,4,436,218047,39
10,no_leak,4,437,218547,63
10,no_leak,4,438,219047,100
10,no_leak,4,439,219547,109
10,no_leak,4,440,220047,127
10,no_leak,4,441,220547,117
10,no_leak,4,442,221047,108
10,no_leak,4,443,221547,101
10,no_leak,4,444,222047,59
10,no_leak,4,445,222547,77
10,no_leak,4,446,223047,93
10,no_leak,4,447,223547,94
10,no_leak,4,448,224047,124
10,no_leak,4,449,224547,120
10,no_leak,4,450,225047,111
10,no_leak,4,451,225547,93
10,no_leak,4,452,226047,64
10,no_leak,4,453,226547,88
10,no_leak,4,454,227047,121
10,no_leak,4,455,227547,93
10,no_leak,4,456,228047,121
10,no_leak,4,457,228547,117
10,no_leak,4,458,229047,89
10,no_leak,4,459,229547,55
10,no_leak,4,460,230047,23
10,no_leak,4,461,230547,17
10,no_leak,4,462,231047,17
10,no_leak,4,463,231547,37
10,no_leak,4,464,232047,39
10,no_leak,4,465,232547,21
10,no_leak,4,466,233047,0
10,no_leak,4,467,233547,0
10,no_leak,4,468,234047,0
10,no_leak,4,469,234547,0
10,no_leak,4,470,235047,0
10,no_leak,4,471,235547,0
10,no_leak,4,472,236047,4
10,no_leak,4,473,236547,0
10,no_leak,4,474,237047,0
10,no_leak,4,475,237547,0
10,no_leak,4,476,238047,0
10,no_leak,4,477,238547,0
10,no_leak,4,478,239047,3
10,no_leak,4,479,239547,62
10,no_leak,4,480,240047,59
10,no_leak,4,481,240547,56
10,no_leak,4,482,241047,45
10,no_leak,4,483,241547,36
10,no_leak,4,484,242047,31
10,no_leak,4,485,242547,43
10,no_leak,4,486,243047,57
10,no_leak,4,487,243547,31
10,no_leak,4,488,244047,17
10,no_leak,4,489,244547,0
10,no_leak,4,490,245047,0
10,no_leak,4,491,245547,0
10,no_leak,4,492,246047,0
10,no_leak,4,493,246547,0
10,no_leak,4,494,247047,0
10,no_leak,4,495,247547,0
10,no_leak,4,496,248047,0
10,no_leak,4,497,248547,0
10,no_leak,4,498,249047,0
10,no_leak,4,499,249547,0
10,no_leak,4,500,250047,0
10,no_leak,4,501,250547,0
10,no_leak,4,502,251047,0
10,no_leak,4,503,251547,0
10,no_leak,4,504,252047,0
10,no_leak,4,505,252547,46
10,no_leak,4,506,253047,70
10,no_leak,4,507,253547,72
10,no_leak,4,508,254047,41
10,no_leak,4,509,254547,2
10,no_leak,4,510,255047,25
10,no_leak,4,511,255547,88
10,no_leak,4,512,256047,91
10,no_leak,4,513,256547,91
10,no_leak,4,514,257047,89
10,no_leak,4,515,257547,89
10,no_leak,4,516,258047,27
10,no_leak,4,517,258547,17
10,no_leak,4,518,259047,10
10,no_leak,4,519,259547,42
10,no_leak,4,520,260047,67
10,no_leak,4,521,260547,85
10,no_leak,4,522,261047,147
10,no_leak,4,523,261547,141
10,no_leak,4,524,262047,118
10,no_leak,4,525,262547,119
10,no_leak,4,526,263047,111
10,no_leak,4,527,263547,89
10,no_leak,4,528,264047,73
10,no_leak,4,529,264547,62
10,no_leak,4,530,265047,85
10,no_leak,4,531,265547,139
10,no_leak,4,532,266047,137
10,no_leak,4,533,266547,115
10,no_leak,4,534,267047,110
10,no_leak,4,535,267547,75
10,no_leak,4,536,268047,55
10,no_leak,4,537,268547,29
10,no_leak,4,538,269047,47
10,no_leak,4,539,269547,45
10,no_leak,4,540,270047,111
10,no_leak,4,541,270547,133
10,no_leak,4,542,271047,155
10,no_leak,4,543,271547,149
10,no_leak,4,544,272047,154
10,no_leak,4,545,272547,117
10,no_leak,4,546,273047,76
10,no_leak,4,547,273547,34
10,no_leak,4,548,274047,27
10,no_leak,4,549,274547,31
10,no_leak,4,550,275047,20
10,no_leak,4,551,275547,29
10,no_leak,4,552,276047,6
10,no_leak,4,553,276547,0
10,no_leak,4,554,277047,0
10,no_leak,4,555,277547,0
10,no_leak,4,556,278047,0
10,no_leak,4,557,278547,0
10,no_leak,4,558,279047,0
10,no_leak,4,559,279547,40
10,no_leak,4,560,280047,41
10,no_leak,4,561,280547,23
10,no_leak,4,562,281048,3
10,no_leak,4,563,281547,0
10,no_leak,4,564,282047,0
10,no_leak,4,565,282547,17
10,no_leak,4,566,283047,43
10,no_leak,4,567,283547,47
10,no_leak,4,568,284047,56
10,no_leak,4,569,284547,61
10,no_leak,4,570,285047,55
10,no_leak,4,571,285547,63
10,no_leak,4,572,286047,75
10,no_leak,4,573,286547,51
10,no_leak,4,574,287047,70
10,no_leak,4,575,287547,91
10,no_leak,4,576,288047,121
10,no_leak,4,577,288547,124
10,no_leak,4,578,289047,125
10,no_leak,4,579,289547,107
10,no_leak,4,580,290047,55
10,no_leak,4,581,290547,63
10,no_leak,4,582,291047,56
10,no_leak,4,583,291547,98
10,no_leak,4,584,292047,121
10,no_leak,4,585,292547,102
10,no_leak,4,586,293047,76
10,no_leak,4,587,293547,47
10,no_leak,4,588,294047,5
10,no_leak,4,589,294547,4
10,no_leak,4,590,295047,57
10,no_leak,4,591,295547,77
10,no_leak,4,592,296047,125
10,no_leak,4,593,296547,117
10,no_leak,4,594,297047,93
10,no_leak,4,595,297547,103
10,no_leak,4,596,298047,88
10,no_leak,4,597,298547,75
10,no_leak,4,598,299047,72
10,no_leak,4,599,299547,71
10,no_leak,4,600,300047,71
10,no_leak,4,601,300547,68
10,no_leak,4,602,301047,105
10,no_leak,4,603,301547,111
10,no_leak,4,604,302047,92
10,no_leak,4,605,302547,55
10,no_leak,4,606,303047,104
10,no_leak,4,607,303547,107
10,no_leak,4,608,304047,105
10,no_leak,4,609,304547,102
10,no_leak,4,610,305047,77
10,no_leak,4,611,305547,75
10,no_leak,4,612,306047,78
10,no_leak,4,613,306547,123
10,no_leak,4,614,307047,143
10,no_leak,4,615,307547,147
10,no_leak,4,616,308047,147
10,no_leak,4,617,308547,101
10,no_leak,4,618,309047,127
10,no_leak,4,619,309547,111
10,no_leak,4,620,310047,101
10,no_leak,4,621,310547,133
10,no_leak,4,622,311047,140
10,no_leak,4,623,311547,143
10,no_leak,4,624,312047,137
10,no_leak,4,625,312547,115
10,no_leak,4,626,313047,75
10,no_leak,4,627,313547,77
10,no_leak,4,628,314047,112
10,no_leak,4,629,314547,127
10,no_leak,4,630,315047,122
10,no_leak,4,631,315547,101
10,no_leak,4,632,316047,60
10,no_leak,4,633,316547,94
10,no_leak,4,634,317047,91
10,no_leak,4,635,317547,60
10,no_leak,4,636,318047,29
10,no_leak,4,637,318547,5
10,no_leak,4,638,319047,0
10,no_leak,4,639,319547,0
10,no_leak,4,640,320047,21
10,no_leak,4,641,320547,11
10,no_leak,4,642,321047,22
10,no_leak,4,643,321547,7
10,no_leak,4,644,322047,0
10,no_leak,4,645,322547,0
10,no_leak,4,646,323047,0
10,no_leak,4,647,323547,0
10,no_leak,4,648,324047,29
10,no_leak,4,649,324547,28
10,no_leak,4,650,325047,53
10,no_leak,4,651,325547,54
10,no_leak,4,652,326047,39
10,no_leak,4,653,326547,9
10,no_leak,4,654,327047,4
10,no_leak,4,655,327547,27
10,no_leak,4,656,328047,59
10,no_leak,4,657,328547,82
10,no_leak,4,658,329047,120
10,no_leak,4,659,329547,116
10,no_leak,4,660,330047,101
10,no_leak,4,661,330547,68
10,no_leak,4,662,331047,26
10,no_leak,4,663,331547,19
10,no_leak,4,664,332047,39
10,no_leak,4,665,332547,54
10,no_leak,4,666,333047,81
10,no_leak,4,667,333547,53
10,no_leak,4,668,334047,25
10,no_leak,4,669,334547,0
10,no_leak,4,670,335047,0
10,no_leak,4,671,335547,0
10,no_leak,4,672,336047,0
10,no_leak,4,673,336547,0
10,no_leak,4,674,337047,3
10,no_leak,4,675,337547,1
10,no_leak,4,676,338047,0
10,no_leak,4,677,338547,0
10,no_leak,4,678,339047,0
10,no_leak,4,679,339547,47
10,no_leak,4,680,340047,100
10,no_leak,4,681,340547,117
10,no_leak,4,682,341047,119
10,no_leak,4,683,341547,103
10,no_leak,4,684,342047,58
10,no_leak,4,685,342547,47
10,no_leak,4,686,343047,119
10,no_leak,4,687,343547,135
10,no_leak,4,688,344047,90
10,no_leak,4,689,344547,93
10,no_leak,4,690,345047,87
10,no_leak,4,691,345547,46
10,no_leak,4,692,346047,53
10,no_leak,4,693,346547,29
10,no_leak,4,694,347047,20
10,no_leak,4,695,347547,8
10,no_leak,4,696,348047,43
10,no_leak,4,697,348547,103
10,no_leak,4,698,349047,93
10,no_leak,4,699,349547,78
10,no_leak,4,700,350047,82
10,no_leak,4,701,350547,48
10,no_leak,4,702,351047,39
10,no_leak,4,703,351547,17
10,no_leak,4,704,352047,0
10,no_leak,4,705,352547,0
10,no_leak,4,706,353047,0
10,no_leak,4,707,353547,0
10,no_leak,4,708,354047,0
10,no_leak,4,709,354547,0
10,no_leak,4,710,355047,57
10,no_leak,4,711,355547,53
10,no_leak,4,712,356047,71
10,no_leak,4,713,356547,83
10,no_leak,4,714,357047,69
10,no_leak,4,715,357547,41
10,no_leak,4,716,358047,21
10,no_leak,4,717,358547,5
10,no_leak,4,718,359047,57
10,no_leak,4,719,359547,99
10,no_leak,4,720,360047,135
10,no_leak,4,721,360547,115
10,no_leak,4,722,361047,110
10,no_leak,4,723,361547,108
10,no_leak,4,724,362047,90
10,no_leak,4,725,362547,115
10,no_leak,4,726,363047,133
10,no_leak,4,727,363547,154
10,no_leak,4,728,364047,179
10,no_leak,4,729,364547,163
10,no_leak,4,730,365047,140
10,no_leak,4,731,365547,133
10,no_leak,4,732,366047,148
10,no_leak,4,733,366547,112
10,no_leak,4,734,367047,108
10,no_leak,4,735,367547,153
10,no_leak,4,736,368047,127
10,no_leak,4,737,368547,125
10,no_leak,4,738,369047,118
10,no_leak,4,739,369547,109
10,no_leak,4,740,370047,159
10,no_leak,4,741,370547,150
10,no_leak,4,742,371047,135
10,no_leak,4,743,371547,116
10,no_leak,4,744,372047,93
10,no_leak,4,745,372547,54
10,no_leak,4,746,373047,74
10,no_leak,4,747,373547,61
10,no_leak,4,748,374047,55
10,no_leak,4,749,374547,31
10,no_leak,4,750,375047,2
10,no_leak,4,751,375547,43
10,no_leak,4,752,376047,84
10,no_leak,4,753,376547,93
10,no_leak,4,754,377047,95
10,no_leak,4,755,377547,101
10,no_leak,4,756,378047,115
10,no_leak,4,757,378547,105
10,no_leak,4,758,379047,109
10,no_leak,4,759,379547,164
10,no_leak,4,760,380047,152
10,no_leak,4,761,380547,147
10,no_leak,4,762,381047,104
10,no_leak,4,763,381547,85
10,no_leak,4,764,382047,91
10,no_leak,4,765,382547,109
10,no_leak,4,766,383047,105
10,no_leak,4,767,383547,90
10,no_leak,4,768,384047,59
10,no_leak,4,769,384547,31
10,no_leak,4,770,385047,3
10,no_leak,4,771,385547,23
10,no_leak,4,772,386047,7
10,no_leak,4,773,386547,60
10,no_leak,4,774,387047,38
10,no_leak,4,775,387547,39
10,no_leak,4,776,388047,26
10,no_leak,4,777,388547,0
10,no_leak,4,778,389047,23
10,no_leak,4,779,389547,44
10,no_leak,4,780,390047,63
10,no_leak,4,781,390547,68
10,no_leak,4,782,391047,27
10,no_leak,4,783,391547,121
10,no_leak,4,784,392047,123
10,no_leak,4,785,392547,115
10,no_leak,4,786,393047,109
10,no_leak,4,787,393547,61
10,no_leak,4,788,394047,78
10,no_leak,4,789,394547,55
10,no_leak,4,790,395047,69
10,no_leak,4,791,395547,110
10,no_leak,4,792,396047,120
10,no_leak,4,793,396547,94
10,no_leak,4,794,397047,61
10,no_leak,4,795,397547,30
10,no_leak,4,796,398047,0
10,no_leak,4,797,398547,0
10,no_leak,4,798,399047,0
10,no_leak,4,799,399547,21
10,no_leak,4,800,400047,19
10,no_leak,4,801,400547,21
10,no_leak,4,802,401047,8
10,no_leak,4,803,401547,0
10,no_leak,4,804,402047,0
10,no_leak,4,805,402547,0
10,no_leak,4,806,403047,3
10,no_leak,4,807,403547,24
10,no_leak,4,808,404047,60
10,no_leak,4,809,404547,67
10,no_leak,4,810,405047,51
10,no_leak,4,811,405547,87
10,no_leak,4,812,406047,150
10,no_leak,4,813,406547,165
10,no_leak,4,814,407047,157
10,no_leak,4,815,407547,119
10,no_leak,4,816,408047,134
10,no_leak,4,817,408547,142
10,no_leak,4,818,409047,115
10,no_leak,4,819,409547,103
10,no_leak,4,820,410047,36
10,no_leak,4,821,410547,63
10,no_leak,4,822,411047,81
10,no_leak,4,823,411547,45
10,no_leak,4,824,412047,17
10,no_leak,4,825,412547,0
10,no_leak,4,826,413047,0
10,no_leak,4,827,413547,0
10,no_leak,4,828,414048,0
10,no_leak,4,829,414547,0
10,no_leak,4,830,415047,0
10,no_leak,4,831,415547,0
10,no_leak,4,832,416047,0
10,no_leak,4,833,416547,0
10,no_leak,4,834,417047,0
10,no_leak,4,835,417547,0
10,no_leak,4,836,418047,0
10,no_leak,4,837,418547,0
10,no_leak,4,838,419047,18
10,no_leak,4,839,419547,20
10,no_leak,4,840,420047,11
10,no_leak,4,841,420547,0
10,no_leak,4,842,421047,7
10,no_leak,4,843,421547,9
10,no_leak,4,844,422047,43
10,no_leak,4,845,422547,37
10,no_leak,4,846,423047,41
10,no_leak,4,847,423547,48
10,no_leak,4,848,424047,37
10,no_leak,4,849,424547,9
10,no_leak,4,850,425047,12
10,no_leak,4,851,425547,25
10,no_leak,4,852,426047,21
10,no_leak,4,853,426547,46
10,no_leak,4,854,427047,43
10,no_leak,4,855,427547,31
10,no_leak,4,856,428047,2
10,no_leak,4,857,428547,55
10,no_leak,4,858,429047,69
10,no_leak,4,859,429547,70
10,no_leak,4,860,430047,53
10,no_leak,4,861,430547,19
10,no_leak,4,862,431047,57
10,no_leak,4,863,431547,89
10,no_leak,4,864,432047,99
10,no_leak,4,865,432547,75
10,no_leak,4,866,433047,59
10,no_leak,4,867,433547,84
10,no_leak,4,868,434047,90
10,no_leak,4,869,434547,95
10,no_leak,4,870,435047,101
10,no_leak,4,871,435547,57
10,no_leak,4,872,436047,53
10,no_leak,4,873,436547,107
10,no_leak,4,874,437047,98
10,no_leak,4,875,437547,92
10,no_leak,4,876,438047,93
10,no_leak,4,877,438547,67
10,no_leak,4,878,439047,77
10,no_leak,4,879,439547,103
10,no_leak,4,880,440047,121
10,no_leak,4,881,440547,135
10,no_leak,4,882,441047,92
10,no_leak,4,883,441547,91
10,no_leak,4,884,442047,101
10,no_leak,4,885,442547,120
10,no_leak,4,886,443047,151
10,no_leak,4,887,443547,155
10,no_leak,4,888,444047,156
10,no_leak,4,889,444547,126
10,no_leak,4,890,445047,119
10,no_leak,4,891,445547,98
10,no_leak,4,892,446047,72
10,no_leak,4,893,446547,69
10,no_leak,4,894,447047,89
10,no_leak,4,895,447547,89
10,no_leak,4,896,448047,108
10,no_leak,4,897,448547,99
10,no_leak,4,898,449047,93
10,no_leak,4,899,449547,89
10,no_leak,4,900,450047,71
10,no_leak,4,901,450547,52
10,no_leak,4,902,451047,61
10,no_leak,4,903,451547,64
10,no_leak,4,904,452047,70
10,no_leak,4,905,452547,72
10,no_leak,4,906,453047,38
10,no_leak,4,907,453547,47
10,no_leak,4,908,454047,60
10,no_leak,4,909,454547,46
10,no_leak,4,910,455047,36
10,no_leak,4,911,455547,29
10,no_leak,4,912,456047,40
10,no_leak,4,913,456547,16
10,no_leak,4,914,457047,2
10,no_leak,4,915,457547,63
10,no_leak,4,916,458047,70
10,no_leak,4,917,458547,18
10,no_leak,4,918,459047,3
10,no_leak,4,919,459547,4
10,no_leak,4,920,460047,43
10,no_leak,4,921,460547,56
10,no_leak,4,922,461047,62
10,no_leak,4,923,461547,43
10,no_leak,4,924,462047,19
10,no_leak,4,925,462547,0
10,no_leak,4,926,463047,0
10,no_leak,4,927,463547,37
10,no_leak,4,928,464047,44
10,no_leak,4,929,464547,55
10,no_leak,4,930,465047,73
10,no_leak,4,931,465547,48
10,no_leak,4,932,466047,28
10,no_leak,4,933,466547,0
10,no_leak,4,934,467047,0
10,no_leak,4,935,467547,0
10,no_leak,4,936,468047,30
10,no_leak,4,937,468547,21
10,no_leak,4,938,469047,45
10,no_leak,4,939,469547,26
10,no_leak,4,940,470047,0
10,no_leak,4,941,470547,0
10,no_leak,4,942,471047,0
10,no_leak,4,943,471547,0
10,no_leak,4,944,472047,0
10,no_leak,4,945,472547,45
10,no_leak,4,946,473047,56
10,no_leak,4,947,473547,59
10,no_leak,4,948,474047,46
10,no_leak,4,949,474547,23
10,no_leak,4,950,475047,0
10,no_leak,4,951,475547,0
10,no_leak,4,952,476047,0
10,no_leak,4,953,476547,23
10,no_leak,4,954,477047,45
10,no_leak,4,955,477547,74
10,no_leak,4,956,478047,102
10,no_leak,4,957,478547,99
10,no_leak,4,958,479047,93
10,no_leak,4,959,479547,112
10,no_leak,4,960,480047,115
10,no_leak,4,961,480547,124
10,no_leak,4,962,481047,111
10,no_leak,4,963,481547,141
10,no_leak,4,964,482047,165
10,no_leak,4,965,482547,206
10,no_leak,4,966,483047,213
10,no_leak,4,967,483547,180
10,no_leak,4,968,484047,159
10,no_leak,4,969,484547,105
10,no_leak,4,970,485047,121
10,no_leak,4,971,485547,170
10,no_leak,4,972,486047,159
10,no_leak,4,973,486547,139
10,no_leak,4,974,487047,135
10,no_leak,4,975,487547,87
10,no_leak,4,976,488047,37
10,no_leak,4,977,488547,29
10,no_leak,4,978,489047,42
10,no_leak,4,979,489547,62
10,no_leak,4,980,490047,103
10,no_leak,4,981,490547,107
10,no_leak,4,982,491047,90
10,no_leak,4,983,491547,61
10,no_leak,4,984,492047,37
10,no_leak,4,985,492547,6
10,no_leak,4,986,493047,0
10,no_leak,4,987,493547,18
10,no_leak,4,988,494047,74
10,no_leak,4,989,494547,109
10,no_leak,4,990,495047,85
10,no_leak,4,991,495547,83
10,no_leak,4,992,496047,99
10,no_leak,4,993,496547,75
10,no_leak,4,994,497047,71
10,no_leak,4,995,497547,74
10,no_leak,4,996,498047,76
10,no_leak,4,997,498547,101
10,no_leak,4,998,499047,111
10,no_leak,4,999,499547,123
10,no_leak,4,1000,500047,111
10,no_leak,4,1001,500547,87
10,no_leak,4,1002,501047,86
10,no_leak,4,1003,501547,39
10,no_leak,4,1004,502047,40
10,no_leak,4,1005,502547,39
10,no_leak,4,1006,503047,60
10,no_leak,4,1007,503547,47
10,no_leak,4,1008,504047,57
10,no_leak,4,1009,504547,29
10,no_leak,4,1010,505047,20
10,no_leak,4,1011,505547,0
10,no_leak,4,1012,506047,0
10,no_leak,4,1013,506547,43
10,no_leak,4,1014,507047,69
10,no_leak,4,1015,507547,93
10,no_leak,4,1016,508047,47
10,no_leak,4,1017,508547,11
10,no_leak,4,1018,509047,0
10,no_leak,4,1019,509547,37
10,no_leak,4,1020,510047,87
10,no_leak,4,1021,510547,68
10,no_leak,4,1022,511047,29
10,no_leak,4,1023,511547,0
10,no_leak,4,1024,512047,19
10,no_leak,4,1025,512547,51
10,no_leak,4,1026,513047,48
10,no_leak,4,1027,513547,29
10,no_leak,4,1028,514047,1
10,no_leak,4,1029,514547,0
10,no_leak,4,1030,515047,0
10,no_leak,4,1031,515547,39
10,no_leak,4,1032,516047,55
10,no_leak,4,1033,516547,89
10,no_leak,4,1034,517047,76
10,no_leak,4,1035,517547,53
10,no_leak,4,1036,518047,33
10,no_leak,4,1037,518547,16
10,no_leak,4,1038,519047,0
10,no_leak,4,1039,519547,0
10,no_leak,4,1040,520047,11
10,no_leak,4,1041,520547,17
10,no_leak,4,1042,521047,13
10,no_leak,4,1043,521547,67
10,no_leak,4,1044,522047,43
10,no_leak,4,1045,522547,22
10,no_leak,4,1046,523047,11
10,no_leak,4,1047,523547,0
10,no_leak,4,1048,524047,0
10,no_leak,4,1049,524547,27
10,no_leak,4,1050,525047,42
10,no_leak,4,1051,525547,63
10,no_leak,4,1052,526047,53
10,no_leak,4,1053,526547,21
10,no_leak,4,1054,527047,0
10,no_leak,4,1055,527547,0
10,no_leak,4,1056,528047,22
10,no_leak,4,1057,528547,52
10,no_leak,4,1058,529047,83
10,no_leak,4,1059,529547,105
10,no_leak,4,1060,530047,111
10,no_leak,4,1061,530547,91
10,no_leak,4,1062,531047,75
10,no_leak,4,1063,531547,77
10,no_leak,4,1064,532047,103
10,no_leak,4,1065,532547,109
10,no_leak,4,1066,533047,108
10,no_leak,4,1067,533547,63
10,no_leak,4,1068,534047,17
10,no_leak,4,1069,534547,26
10,no_leak,4,1070,535047,46
10,no_leak,4,1071,535547,45
10,no_leak,4,1072,536047,51
10,no_leak,4,1073,536547,53
10,no_leak,4,1074,537047,30
10,no_leak,4,1075,537547,27
10,no_leak,4,1076,538047,33
10,no_leak,4,1077,538547,21
10,no_leak,4,1078,539047,11
10,no_leak,4,1079,539547,42
10,no_leak,4,1080,540047,12
10,no_leak,4,1081,540547,60
10,no_leak,4,1082,541047,53
10,no_leak,4,1083,541547,87
10,no_leak,4,1084,542047,69
10,no_leak,4,1085,542547,47
10,no_leak,4,1086,543047,71
10,no_leak,4,1087,543547,41
10,no_leak,4,1088,544047,22
10,no_leak,4,1089,544547,59
10,no_leak,4,1090,545047,83
10,no_leak,4,1091,545547,19
10,no_leak,4,1092,546047,73
10,no_leak,4,1093,546547,69
10,no_leak,4,1094,547047,71
10,no_leak,4,1095,547547,19
10,no_leak,4,1096,548047,31
10,no_leak,4,1097,548547,57
10,no_leak,4,1098,549047,33
10,no_leak,4,1099,549547,1
10,no_leak,4,1100,550047,0
10,no_leak,4,1101,550547,0
10,no_leak,4,1102,551047,38
10,no_leak,4,1103,551547,47
10,no_leak,4,1104,552047,55
10,no_leak,4,1105,552547,26
10,no_leak,4,1106,553047,1
10,no_leak,4,1107,553547,0
10,no_leak,4,1108,554047,47
10,no_leak,4,1109,554547,71
10,no_leak,4,1110,555047,89
10,no_leak,4,1111,555547,107
10,no_leak,4,1112,556047,79
10,no_leak,4,1113,556547,19
10,no_leak,4,1114,557047,1
10,no_leak,4,1115,557547,62
10,no_leak,4,1116,558047,75
10,no_leak,4,1117,558547,77
10,no_leak,4,1118,559047,53
10,no_leak,4,1119,559547,13
10,no_leak,4,1120,560047,0
10,no_leak,4,1121,560547,0
10,no_leak,4,1122,561047,37
10,no_leak,4,1123,561547,69
10,no_leak,4,1124,562047,91
10,no_leak,4,1125,562547,75
10,no_leak,4,1126,563047,79
10,no_leak,4,1127,563547,51
10,no_leak,4,1128,564047,11
10,no_leak,4,1129,564547,0
10,no_leak,4,1130,565047,0
10,no_leak,4,1131,565547,83
10,no_leak,4,1132,566047,71
10,no_leak,4,1133,566547,83
10,no_leak,4,1134,567047,77
10,no_leak,4,1135,567547,69
10,no_leak,4,1136,568047,51
10,no_leak,4,1137,568547,23
10,no_leak,4,1138,569047,0
10,no_leak,4,1139,569547,37
10,no_leak,4,1140,570047,61
10,no_leak,4,1141,570547,101
10,no_leak,4,1142,571047,109
10,no_leak,4,1143,571547,99
10,no_leak,4,1144,572047,99
10,no_leak,4,1145,572547,51
10,no_leak,4,1146,573047,69
10,no_leak,4,1147,573547,105
10,no_leak,4,1148,574047,141
10,no_leak,4,1149,574547,137
10,no_leak,4,1150,575047,134
10,no_leak,4,1151,575547,138
10,no_leak,4,1152,576047,147
10,no_leak,4,1153,576547,133
10,no_leak,4,1154,577047,75
10,no_leak,4,1155,577547,79
10,no_leak,4,1156,578047,99
10,no_leak,4,1157,578547,171
10,no_leak,4,1158,579047,149
10,no_leak,4,1159,579547,103
10,no_leak,4,1160,580047,56
10,no_leak,4,1161,580547,39
10,no_leak,4,1162,581047,4
10,no_leak,4,1163,581547,51
10,no_leak,4,1164,582047,71
10,no_leak,4,1165,582547,87
10,no_leak,4,1166,583047,59
10,no_leak,4,1167,583547,24
10,no_leak,4,1168,584047,0
10,no_leak,4,1169,584547,0
10,no_leak,4,1170,585047,0
10,no_leak,4,1171,585547,44
10,no_leak,4,1172,586047,39
10,no_leak,4,1173,586547,88
10,no_leak,4,1174,587047,59
10,no_leak,4,1175,587547,53
10,no_leak,4,1176,588047,24
10,no_leak,4,1177,588547,23
10,no_leak,4,1178,589047,51
10,no_leak,4,1179,589547,83
10,no_leak,4,1180,590047,139
10,no_leak,4,1181,590547,115
10,no_leak,4,1182,591047,107
10,no_leak,4,1183,591547,76
10,no_leak,4,1184,592047,89
10,no_leak,4,1185,592547,117
10,no_leak,4,1186,593047,136
10,no_leak,4,1187,593547,124
10,no_leak,4,1188,594047,87
10,no_leak,4,1189,594547,60
10,no_leak,4,1190,595047,81
10,no_leak,4,1191,595547,97
10,no_leak,4,1192,596047,107
10,no_leak,4,1193,596547,101
10,no_leak,4,1194,597047,61
10,no_leak,4,1195,597547,26
10,no_leak,4,1196,598047,23
10,no_leak,4,1197,598547,50
10,no_leak,4,1198,599047,57
10,no_leak,4,1199,599547,36
10,no_leak,4,1200,600047,3
10,no_leak,4,1201,600547,0
10,no_leak,4,1202,601047,0
10,no_leak,4,1203,601547,21
10,no_leak,4,1204,602047,45
10,no_leak,4,1205,602547,27
10,no_leak,4,1206,603047,4
10,no_leak,4,1207,603547,0
10,no_leak,4,1208,604047,0
10,no_leak,4,1209,604547,0
10,no_leak,4,1210,605047,13
10,no_leak,4,1211,605547,11
10,no_leak,4,1212,606047,19
10,no_leak,4,1213,606547,0
10,no_leak,4,1214,607047,0
10,no_leak,4,1215,607547,0
10,no_leak,4,1216,608047,0
10,no_leak,4,1217,608547,0
10,no_leak,4,1218,609047,0
10,no_leak,4,1219,609547,45
10,no_leak,4,1220,610047,67
10,no_leak,4,1221,610547,56
10,no_leak,4,1222,611047,41
10,no_leak,4,1223,611547,27
10,no_leak,4,1224,612047,41
10,no_leak,4,1225,612547,70
10,no_leak,4,1226,613047,79
10,no_leak,4,1227,613547,67
10,no_leak,4,1228,614047,75
10,no_leak,4,1229,614547,45
10,no_leak,4,1230,615047,53
10,no_leak,4,1231,615547,62
10,no_leak,4,1232,616047,79
10,no_leak,4,1233,616547,83
10,no_leak,4,1234,617047,63
10,no_leak,4,1235,617547,133
10,no_leak,4,1236,618047,111
10,no_leak,4,1237,618547,100
10,no_leak,4,1238,619047,77
10,no_leak,4,1239,619547,47
10,no_leak,4,1240,620047,85
10,no_leak,4,1241,620547,103
10,no_leak,4,1242,621047,71
10,no_leak,4,1243,621547,75
10,no_leak,4,1244,622047,89
10,no_leak,4,1245,622547,87
10,no_leak,4,1246,623047,57
10,no_leak,4,1247,623547,73
10,no_leak,4,1248,624047,79
10,no_leak,4,1249,624547,29
10,no_leak,4,1250,625047,0
10,no_leak,4,1251,625547,63
10,no_leak,4,1252,626047,92
10,no_leak,4,1253,626547,85
10,no_leak,4,1254,627047,89
10,no_leak,4,1255,627547,76
10,no_leak,4,1256,628047,45
10,no_leak,4,1257,628547,29
10,no_leak,4,1258,629047,68
10,no_leak,4,1259,629547,89
10,no_leak,4,1260,630047,109
10,no_leak,4,1261,630547,107
10,no_leak,4,1262,631047,119
10,no_leak,4,1263,631547,63
10,no_leak,4,1264,632047,29
10,no_leak,4,1265,632547,13
10,no_leak,4,1266,633047,55
10,no_leak,4,1267,633547,85
10,no_leak,4,1268,634047,83
10,no_leak,4,1269,634547,70
10,no_leak,4,1270,635047,47
10,no_leak,4,1271,635547,8
10,no_leak,4,1272,636047,0
10,no_leak,4,1273,636547,33
10,no_leak,4,1274,637047,57
10,no_leak,4,1275,637547,58
10,no_leak,4,1276,638047,111
10,no_leak,4,1277,638547,133
10,no_leak,4,1278,639047,119
10,no_leak,4,1279,639547,107
10,no_leak,4,1280,640047,85
10,no_leak,4,1281,640547,73
10,no_leak,4,1282,641047,89
10,no_leak,4,1283,641547,117
10,no_leak,4,1284,642047,115
10,no_leak,4,1285,642547,103
10,no_leak,4,1286,643047,61
10,no_leak,4,1287,643547,22
10,no_leak,4,1288,644047,0
10,no_leak,4,1289,644547,41
10,no_leak,4,1290,645047,119
10,no_leak,4,1291,645547,121
10,no_leak,4,1292,646047,127
10,no_leak,4,1293,646547,121
10,no_leak,4,1294,647047,90
10,no_leak,4,1295,647547,76
10,no_leak,4,1296,648047,77
10,no_leak,4,1297,648547,109
10,no_leak,4,1298,649047,139
10,no_leak,4,1299,649547,143
10,no_leak,4,1300,650047,124
10,no_leak,4,1301,650547,89
10,no_leak,4,1302,651047,37
10,no_leak,4,1303,651547,35
10,no_leak,4,1304,652047,74
10,no_leak,4,1305,652547,115
10,no_leak,4,1306,653047,79
10,no_leak,4,1307,653547,101
10,no_leak,4,1308,654047,42
10,no_leak,4,1309,654547,14
10,no_leak,4,1310,655047,0
10,no_leak,4,1311,655547,25
10,no_leak,4,1312,656047,95
10,no_leak,4,1313,656547,116
10,no_leak,4,1314,657047,116
10,no_leak,4,1315,657547,93
10,no_leak,4,1316,658047,73
10,no_leak,4,1317,658547,42
10,no_leak,4,1318,659047,17
10,no_leak,4,1319,659547,0
10,no_leak,4,1320,660047,0
10,no_leak,4,1321,660547,12
10,no_leak,4,1322,661047,29
10,no_leak,4,1323,661547,21
10,no_leak,4,1324,662047,23
10,no_leak,4,1325,662547,0
10,no_leak,4,1326,663047,0
10,no_leak,4,1327,663547,0
10,no_leak,4,1328,664047,0
10,no_leak,4,1329,664548,0
10,no_leak,4,1330,665047,0
10,no_leak,4,1331,665547,8
10,no_leak,4,1332,666047,59
10,no_leak,4,1333,666547,68
10,no_leak,4,1334,667047,77
10,no_leak,4,1335,667547,35
10,no_leak,4,1336,668047,88
10,no_leak,4,1337,668547,153
10,no_leak,4,1338,669047,172
10,no_leak,4,1339,669547,179
10,no_leak,4,1340,670047,171
10,no_leak,4,1341,670547,144
10,no_leak,4,1342,671047,105
10,no_leak,4,1343,671547,79
10,no_leak,4,1344,672047,118
10,no_leak,4,1345,672547,101
10,no_leak,4,1346,673047,139
10,no_leak,4,1347,673547,111
10,no_leak,4,1348,674047,109
10,no_leak,4,1349,674547,77
10,no_leak,4,1350,675047,35
10,no_leak,4,1351,675547,12
10,no_leak,4,1352,676047,27
10,no_leak,4,1353,676547,57
10,no_leak,4,1354,677047,61
10,no_leak,4,1355,677547,53
10,no_leak,4,1356,678047,51
10,no_leak,4,1357,678547,21
10,no_leak,4,1358,679047,0
10,no_leak,4,1359,679547,0
10,no_leak,4,1360,680047,37
10,no_leak,4,1361,680547,73
10,no_leak,4,1362,681047,77
10,no_leak,4,1363,681547,56
10,no_leak,4,1364,682047,17
10,no_leak,4,1365,682547,47
10,no_leak,4,1366,683047,44
10,no_leak,4,1367,683547,99
10,no_leak,4,1368,684047,125
10,no_leak,4,1369,684547,133
10,no_leak,4,1370,685047,112
10,no_leak,4,1371,685547,72
10,no_leak,4,1372,686047,82
10,no_leak,4,1373,686547,104
10,no_leak,4,1374,687047,105
10,no_leak,4,1375,687547,127
10,no_leak,4,1376,688047,137
10,no_leak,4,1377,688547,117
10,no_leak,4,1378,689047,78
10,no_leak,4,1379,689547,25
10,no_leak,4,1380,690047,31
10,no_leak,4,1381,690547,89
10,no_leak,4,1382,691047,104
10,no_leak,4,1383,691547,85
10,no_leak,4,1384,692047,71
10,no_leak,4,1385,692547,18
10,no_leak,4,1386,693047,0
10,no_leak,4,1387,693547,44
10,no_leak,4,1388,694047,89
10,no_leak,4,1389,694547,106
10,no_leak,4,1390,695047,107
10,no_leak,4,1391,695547,70
10,no_leak,4,1392,696047,35
10,no_leak,4,1393,696547,0
10,no_leak,4,1394,697047,16
10,no_leak,4,1395,697547,19
10,no_leak,4,1396,698047,69
10,no_leak,4,1397,698547,75
10,no_leak,4,1398,699047,45
10,no_leak,4,1399,699547,22
10,no_leak,4,1400,700047,0
10,no_leak,4,1401,700547,0
10,no_leak,4,1402,701047,0
10,no_leak,4,1403,701547,7
10,no_leak,4,1404,702047,12
10,no_leak,4,1405,702547,9
10,no_leak,4,1406,703047,0
10,no_leak,4,1407,703547,0
10,no_leak,4,1408,704047,0
10,no_leak,4,1409,704547,4
10,no_leak,4,1410,705047,30
10,no_leak,4,1411,705547,83
10,no_leak,4,1412,706047,77
10,no_leak,4,1413,706547,83
10,no_leak,4,1414,707047,57
10,no_leak,4,1415,707547,73
10,no_leak,4,1416,708047,121
10,no_leak,4,1417,708547,111
10,no_leak,4,1418,709047,106
10,no_leak,4,1419,709547,148
10,no_leak,4,1420,710047,169
10,no_leak,4,1421,710547,139
10,no_leak,4,1422,711047,94
10,no_leak,4,1423,711547,75
10,no_leak,4,1424,712047,91
10,no_leak,4,1425,712547,125
10,no_leak,4,1426,713047,116
10,no_leak,4,1427,713547,135
10,no_leak,4,1428,714047,125
10,no_leak,4,1429,714547,103
10,no_leak,4,1430,715047,56
10,no_leak,4,1431,715547,12
10,no_leak,4,1432,716047,0
10,no_leak,4,1433,716547,9
10,no_leak,4,1434,717047,18
10,no_leak,4,1435,717547,17
10,no_leak,4,1436,718047,39
10,no_leak,4,1437,718547,31
10,no_leak,4,1438,719047,31
10,no_leak,4,1439,719547,17
10,no_leak,4,1440,720047,3
10,no_leak,4,1441,720547,0
10,no_leak,4,1442,721047,0
10,no_leak,4,1443,721547,29
10,no_leak,4,1444,722047,88
10,no_leak,4,1445,722547,73
10,no_leak,4,1446,723047,68
10,no_leak,4,1447,723547,77
10,no_leak,4,1448,724047,82
10,no_leak,4,1449,724547,119
10,no_leak,4,1450,725047,106
10,no_leak,4,1451,725547,85
10,no_leak,4,1452,726047,41
10,no_leak,4,1453,726547,3
10,no_leak,4,1454,727047,11
10,no_leak,4,1455,727547,26
10,no_leak,4,1456,728047,45
10,no_leak,4,1457,728547,57
10,no_leak,4,1458,729047,61
10,no_leak,4,1459,729547,39
10,no_leak,4,1460,730047,41
10,no_leak,4,1461,730547,59
10,no_leak,4,1462,731047,62
10,no_leak,4,1463,731547,59
10,no_leak,4,1464,732047,73
10,no_leak,4,1465,732547,69
10,no_leak,4,1466,733047,73
10,no_leak,4,1467,733547,45
10,no_leak,4,1468,734047,51
10,no_leak,4,1469,734547,55
10,no_leak,4,1470,735047,63
10,no_leak,4,1471,735547,31
10,no_leak,4,1472,736047,91
10,no_leak,4,1473,736547,71
10,no_leak,4,1474,737047,30
10,no_leak,4,1475,737547,11
10,no_leak,4,1476,738047,0
10,no_leak,4,1477,738547,0
10,no_leak,4,1478,739047,0
10,no_leak,4,1479,739547,0
10,no_leak,4,1480,740047,0
10,no_leak,4,1481,740547,5
10,no_leak,4,1482,741047,30
10,no_leak,4,1483,741547,10
10,no_leak,4,1484,742047,0
10,no_leak,4,1485,742547,0
10,no_leak,4,1486,743047,1
10,no_leak,4,1487,743547,40
10,no_leak,4,1488,744047,81
10,no_leak,4,1489,744547,87
10,no_leak,4,1490,745047,69
10,no_leak,4,1491,745547,47
10,no_leak,4,1492,746047,6
10,no_leak,4,1493,746547,0
10,no_leak,4,1494,747047,52
10,no_leak,4,1495,747547,93
10,no_leak,4,1496,748047,84
10,no_leak,4,1497,748547,67
10,no_leak,4,1498,749047,30
10,no_leak,4,1499,749547,0
10,no_leak,4,1500,750047,0
10,no_leak,4,1501,750547,31
10,no_leak,4,1502,751047,85
10,no_leak,4,1503,751547,101
10,no_leak,4,1504,752047,93
10,no_leak,4,1505,752547,77
10,no_leak,4,1506,753047,41
10,no_leak,4,1507,753547,5
10,no_leak,4,1508,754047,40
10,no_leak,4,1509,754547,37
10,no_leak,4,1510,755047,41
10,no_leak,4,1511,755547,92
10,no_leak,4,1512,756047,99
10,no_leak,4,1513,756547,94
10,no_leak,4,1514,757047,77
10,no_leak,4,1515,757547,74
10,no_leak,4,1516,758047,51
10,no_leak,4,1517,758547,74
10,no_leak,4,1518,759047,116
10,no_leak,4,1519,759547,156
10,no_leak,4,1520,760047,170
10,no_leak,4,1521,760548,165
10,no_leak,4,1522,761047,116
10,no_leak,4,1523,761547,99
10,no_leak,4,1524,762047,72
10,no_leak,4,1525,762547,60
10,no_leak,4,1526,763047,58
10,no_leak,4,1527,763547,71
10,no_leak,4,1528,764047,91
10,no_leak,4,1529,764547,55
10,no_leak,4,1530,765047,17
10,no_leak,4,1531,765547,0
10,no_leak,4,1532,766047,4
10,no_leak,4,1533,766547,41
10,no_leak,4,1534,767047,30
10,no_leak,4,1535,767547,21
10,no_leak,4,1536,768047,0
10,no_leak,4,1537,768547,0
10,no_leak,4,1538,769047,45
10,no_leak,4,1539,769547,33
10,no_leak,4,1540,770047,37
10,no_leak,4,1541,770547,63
10,no_leak,4,1542,771047,11
10,no_leak,4,1543,771547,43
10,no_leak,4,1544,772047,91
10,no_leak,4,1545,772547,85
10,no_leak,4,1546,773047,70
10,no_leak,4,1547,773547,46
10,no_leak,4,1548,774047,118
10,no_leak,4,1549,774547,155
10,no_leak,4,1550,775047,173
10,no_leak,4,1551,775547,173
10,no_leak,4,1552,776047,133
10,no_leak,4,1553,776547,155
10,no_leak,4,1554,777047,167
10,no_leak,4,1555,777547,135
10,no_leak,4,1556,778047,73
10,no_leak,4,1557,778547,99
10,no_leak,4,1558,779047,123
10,no_leak,4,1559,779547,111
10,no_leak,4,1560,780047,103
10,no_leak,4,1561,780547,77
10,no_leak,4,1562,781047,39
10,no_leak,4,1563,781547,53
10,no_leak,4,1564,782047,47
10,no_leak,4,1565,782547,40
10,no_leak,4,1566,783047,22
10,no_leak,4,1567,783547,31
10,no_leak,4,1568,784047,13
10,no_leak,4,1569,784547,0
10,no_leak,4,1570,785047,0
10,no_leak,4,1571,785548,12
10,no_leak,4,1572,786047,10
10,no_leak,4,1573,786547,2
10,no_leak,4,1574,787047,0
10,no_leak,4,1575,787547,0
10,no_leak,4,1576,788047,37
10,no_leak,4,1577,788547,26
10,no_leak,4,1578,789047,29
10,no_leak,4,1579,789547,1
10,no_leak,4,1580,790047,0
10,no_leak,4,1581,790547,0
10,no_leak,4,1582,791047,2
10,no_leak,4,1583,791547,26
10,no_leak,4,1584,792047,55
10,no_leak,4,1585,792547,19
10,no_leak,4,1586,793047,1
10,no_leak,4,1587,793547,22
10,no_leak,4,1588,794047,23
10,no_leak,4,1589,794547,61
10,no_leak,4,1590,795047,82
10,no_leak,4,1591,795547,57
10,no_leak,4,1592,796047,27
10,no_leak,4,1593,796547,0
10,no_leak,4,1594,797047,39
10,no_leak,4,1595,797547,68
10,no_leak,4,1596,798047,73
10,no_leak,4,1597,798547,74
10,no_leak,4,1598,799047,39
10,no_leak,4,1599,799547,25
10,no_leak,4,1600,800047,37
10,no_leak,4,1601,800547,57
10,no_leak,4,1602,801047,39
10,no_leak,4,1603,801547,41
10,no_leak,4,1604,802047,21
10,no_leak,4,1605,802547,6
10,no_leak,4,1606,803047,0
10,no_leak,4,1607,803547,0
10,no_leak,4,1608,804047,0
10,no_leak,4,1609,804547,0
10,no_leak,4,1610,805047,55
10,no_leak,4,1611,805547,56
10,no_leak,4,1612,806047,47
10,no_leak,4,1613,806547,25
10,no_leak,4,1614,807047,0
10,no_leak,4,1615,807547,0
10,no_leak,4,1616,808047,0
10,no_leak,4,1617,808547,87
10,no_leak,4,1618,809047,119
10,no_leak,4,1619,809547,137
10,no_leak,4,1620,810047,155
10,no_leak,4,1621,810547,149
10,no_leak,4,1622,811047,151
10,no_leak,4,1623,811547,142
10,no_leak,4,1624,812047,138
10,no_leak,4,1625,812547,116
10,no_leak,4,1626,813047,87
10,no_leak,4,1627,813547,44
10,no_leak,4,1628,814047,58
10,no_leak,4,1629,814547,115
10,no_leak,4,1630,815047,142
10,no_leak,4,1631,815547,151
10,no_leak,4,1632,816047,119
10,no_leak,4,1633,816547,105
10,no_leak,4,1634,817047,54
10,no_leak,4,1635,817547,38
10,no_leak,4,1636,818047,103
10,no_leak,4,1637,818547,107
10,no_leak,4,1638,819047,99
10,no_leak,4,1639,819547,157
10,no_leak,4,1640,820047,143
10,no_leak,4,1641,820547,123
10,no_leak,4,1642,821047,100
10,no_leak,4,1643,821547,56
10,no_leak,4,1644,822047,39
10,no_leak,4,1645,822547,33
10,no_leak,4,1646,823047,83
10,no_leak,4,1647,823547,79
10,no_leak,4,1648,824047,55
10,no_leak,4,1649,824547,21
10,no_leak,4,1650,825047,0
10,no_leak,4,1651,825547,0
10,no_leak,4,1652,826047,0
10,no_leak,4,1653,826547,30
10,no_leak,4,1654,827047,100
10,no_leak,4,1655,827547,103
10,no_leak,4,1656,828047,104
10,no_leak,4,1657,828547,83
10,no_leak,4,1658,829047,44
10,no_leak,4,1659,829547,9
10,no_leak,4,1660,830047,1
10,no_leak,4,1661,830547,31
10,no_leak,4,1662,831047,53
10,no_leak,4,1663,831547,95
10,no_leak,4,1664,832047,101
10,no_leak,4,1665,832547,105
10,no_leak,4,1666,833047,125
10,no_leak,4,1667,833548,149
10,no_leak,4,1668,834047,125
10,no_leak,4,1669,834547,111
10,no_leak,4,1670,835047,107
10,no_leak,4,1671,835547,84
10,no_leak,4,1672,836047,111
10,no_leak,4,1673,836547,93
10,no_leak,4,1674,837047,93
10,no_leak,4,1675,837547,89
10,no_leak,4,1676,838047,74
10,no_leak,4,1677,838547,52
10,no_leak,4,1678,839047,43
10,no_leak,4,1679,839547,6
10,no_leak,4,1680,840047,25
10,no_leak,4,1681,840547,39
10,no_leak,4,1682,841047,51
10,no_leak,4,1683,841547,89
10,no_leak,4,1684,842047,89
10,no_leak,4,1685,842547,43
10,no_leak,4,1686,843047,18
10,no_leak,4,1687,843547,52
10,no_leak,4,1688,844047,56
10,no_leak,4,1689,844547,56
10,no_leak,4,1690,845047,63
10,no_leak,4,1691,845547,46
10,no_leak,4,1692,846047,13
10,no_leak,4,1693,846547,26
10,no_leak,4,1694,847047,25
10,no_leak,4,1695,847547,79
10,no_leak,4,1696,848047,111
10,no_leak,4,1697,848547,102
10,no_leak,4,1698,849047,69
10,no_leak,4,1699,849547,31
10,no_leak,4,1700,850047,7
10,no_leak,4,1701,850547,21
10,no_leak,4,1702,851047,17
10,no_leak,4,1703,851547,6
10,no_leak,4,1704,852047,0
10,no_leak,4,1705,852547,0
10,no_leak,4,1706,853047,0
10,no_leak,4,1707,853547,0
10,no_leak,4,1708,854047,0
10,no_leak,4,1709,854547,0
10,no_leak,4,1710,855047,0
10,no_leak,4,1711,855547,0
10,no_leak,4,1712,856047,47
10,no_leak,4,1713,856547,21
10,no_leak,4,1714,857047,1
10,no_leak,4,1715,857547,23
10,no_leak,4,1716,858047,23
10,no_leak,4,1717,858547,12
10,no_leak,4,1718,859047,35
10,no_leak,4,1719,859547,35
10,no_leak,4,1720,860047,20
10,no_leak,4,1721,860547,9
10,no_leak,4,1722,861047,8
10,no_leak,4,1723,861547,41
10,no_leak,4,1724,862047,30
10,no_leak,4,1725,862547,45
10,no_leak,4,1726,863047,55
10,no_leak,4,1727,863547,59
10,no_leak,4,1728,864047,89
10,no_leak,4,1729,864547,115
10,no_leak,4,1730,865047,165
10,no_leak,4,1731,865547,180
10,no_leak,4,1732,866047,219
10,no_leak,4,1733,866547,237
10,no_leak,4,1734,867047,226
10,no_leak,4,1735,867547,187
10,no_leak,4,1736,868047,134
10,no_leak,4,1737,868547,141
10,no_leak,4,1738,869047,164
10,no_leak,4,1739,869547,149
10,no_leak,4,1740,870047,180
10,no_leak,4,1741,870547,148
10,no_leak,4,1742,871047,117
10,no_leak,4,1743,871547,82
10,no_leak,4,1744,872047,25
10,no_leak,4,1745,872547,29
10,no_leak,4,1746,873047,27
10,no_leak,4,1747,873547,35
10,no_leak,4,1748,874047,47
10,no_leak,4,1749,874547,59
10,no_leak,4,1750,875047,37
10,no_leak,4,1751,875547,19
10,no_leak,4,1752,876047,2
10,no_leak,4,1753,876547,0
10,no_leak,4,1754,877047,0
10,no_leak,4,1755,877547,54
10,no_leak,4,1756,878047,71
10,no_leak,4,1757,878547,59
10,no_leak,4,1758,879047,57
10,no_leak,4,1759,879547,51
10,no_leak,4,1760,880047,25
10,no_leak,4,1761,880547,2
10,no_leak,4,1762,881047,0
10,no_leak,4,1763,881547,0
10,no_leak,4,1764,882047,0
10,no_leak,4,1765,882547,0
10,no_leak,4,1766,883047,25
10,no_leak,4,1767,883547,23
10,no_leak,4,1768,884047,9
10,no_leak,4,1769,884547,0
10,no_leak,4,1770,885047,0
10,no_leak,4,1771,885547,0
10,no_leak,4,1772,886047,0
10,no_leak,4,1773,886547,23
10,no_leak,4,1774,887047,59
10,no_leak,4,1775,887547,73
10,no_leak,4,1776,888047,56
10,no_leak,4,1777,888547,31
10,no_leak,4,1778,889047,45
10,no_leak,4,1779,889547,47
10,no_leak,4,1780,890047,85
10,no_leak,4,1781,890547,63
10,no_leak,4,1782,891047,54
10,no_leak,4,1783,891547,83
10,no_leak,4,1784,892047,85
10,no_leak,4,1785,892547,87
10,no_leak,4,1786,893047,95
10,no_leak,4,1787,893547,89
10,no_leak,4,1788,894047,73
10,no_leak,4,1789,894547,46
10,no_leak,4,1790,895047,51
10,no_leak,4,1791,895547,42
10,no_leak,4,1792,896047,12
10,no_leak,4,1793,896547,0
10,no_leak,4,1794,897047,0
10,no_leak,4,1795,897547,0
10,no_leak,4,1796,898047,0
10,no_leak,4,1797,898547,3
10,no_leak,4,1798,899047,0
10,no_leak,4,1799,899547,31
10,no_leak,4,1800,900047,57
10,no_leak,4,1801,900547,53
10,no_leak,4,1802,901047,46
10,no_leak,4,1803,901547,12
10,no_leak,4,1804,902047,0
10,no_leak,4,1805,902547,16
10,no_leak,4,1806,903047,103
10,no_leak,4,1807,903547,107
10,no_leak,4,1808,904047,125
10,no_leak,4,1809,904547,121
10,no_leak,4,1810,905047,118
10,no_leak,4,1811,905547,91
10,no_leak,4,1812,906047,61
10,no_leak,4,1813,906547,74
10,no_leak,4,1814,907047,117
10,no_leak,4,1815,907547,141
10,no_leak,4,1816,908047,135
10,no_leak,4,1817,908547,124
10,no_leak,4,1818,909047,169
10,no_leak,4,1819,909547,169
10,no_leak,4,1820,910047,165
10,no_leak,4,1821,910547,147
10,no_leak,4,1822,911047,133
10,no_leak,4,1823,911547,114
10,no_leak,4,1824,912047,125
10,no_leak,4,1825,912547,187
10,no_leak,4,1826,913047,173
10,no_leak,4,1827,913547,157
10,no_leak,4,1828,914047,135
10,no_leak,4,1829,914547,76
10,no_leak,4,1830,915047,61
10,no_leak,4,1831,915547,86
10,no_leak,4,1832,916047,118
10,no_leak,4,1833,916547,117
10,no_leak,4,1834,917047,116
10,no_leak,4,1835,917547,95
10,no_leak,4,1836,918047,43
10,no_leak,4,1837,918547,5
10,no_leak,4,1838,919047,0
10,no_leak,4,1839,919547,18
10,no_leak,4,1840,920047,25
10,no_leak,4,1841,920547,44
10,no_leak,4,1842,921047,58
10,no_leak,4,1843,921547,47
10,no_leak,4,1844,922047,20
10,no_leak,4,1845,922547,4
10,no_leak,4,1846,923047,0
10,no_leak,4,1847,923547,20
10,no_leak,4,1848,924047,25
10,no_leak,4,1849,924547,39
10,no_leak,4,1850,925047,53
10,no_leak,4,1851,925547,29
10,no_leak,4,1852,926047,1
10,no_leak,4,1853,926547,0
10,no_leak,4,1854,927047,37
10,no_leak,4,1855,927547,43
10,no_leak,4,1856,928047,87
10,no_leak,4,1857,928547,91
10,no_leak,4,1858,929047,71
10,no_leak,4,1859,929547,42
10,no_leak,4,1860,930047,4
10,no_leak,4,1861,930547,7
10,no_leak,4,1862,931047,41
10,no_leak,4,1863,931547,73
10,no_leak,4,1864,932047,105
10,no_leak,4,1865,932547,95
10,no_leak,4,1866,933047,55
10,no_leak,4,1867,933547,13
10,no_leak,4,1868,934047,0
10,no_leak,4,1869,934547,0
10,no_leak,4,1870,935047,0
10,no_leak,4,1871,935547,28
10,no_leak,4,1872,936047,25
10,no_leak,4,1873,936547,25
10,no_leak,4,1874,937047,11
10,no_leak,4,1875,937547,0
10,no_leak,4,1876,938047,0
10,no_leak,4,1877,938547,0
10,no_leak,4,1878,939047,0
10,no_leak,4,1879,939547,0
10,no_leak,4,1880,940047,20
10,no_leak,4,1881,940547,28
10,no_leak,4,1882,941047,7
10,no_leak,4,1883,941547,0
10,no_leak,4,1884,942047,0
10,no_leak,4,1885,942547,28
10,no_leak,4,1886,943047,40
10,no_leak,4,1887,943547,51
10,no_leak,4,1888,944047,35
10,no_leak,4,1889,944547,16
10,no_leak,4,1890,945047,39
10,no_leak,4,1891,945547,43
10,no_leak,4,1892,946047,62
10,no_leak,4,1893,946547,39
10,no_leak,4,1894,947047,11
10,no_leak,4,1895,947547,39
10,no_leak,4,1896,948047,101
10,no_leak,4,1897,948547,91
10,no_leak,4,1898,949047,76
10,no_leak,4,1899,949547,68
10,no_leak,4,1900,950047,47
10,no_leak,4,1901,950547,63
10,no_leak,4,1902,951047,113
10,no_leak,4,1903,951547,125
10,no_leak,4,1904,952047,125
10,no_leak,4,1905,952547,127
10,no_leak,4,1906,953047,119
10,no_leak,4,1907,953547,137
10,no_leak,4,1908,954047,153
10,no_leak,4,1909,954547,181
10,no_leak,4,1910,955047,159
10,no_leak,4,1911,955547,112
10,no_leak,4,1912,956047,141
10,no_leak,4,1913,956547,141
10,no_leak,4,1914,957047,145
10,no_leak,4,1915,957547,117
10,no_leak,4,1916,958047,71
10,no_leak,4,1917,958547,44
10,no_leak,4,1918,959047,27
10,no_leak,4,1919,959547,45
10,no_leak,4,1920,960047,13
10,no_leak,4,1921,960547,21
10,no_leak,4,1922,961047,9
10,no_leak,4,1923,961547,0
10,no_leak,4,1924,962047,45
10,no_leak,4,1925,962547,30
10,no_leak,4,1926,963047,12
10,no_leak,4,1927,963547,0
10,no_leak,4,1928,964047,19
10,no_leak,4,1929,964547,63
10,no_leak,4,1930,965047,75
10,no_leak,4,1931,965547,61
10,no_leak,4,1932,966047,17
10,no_leak,4,1933,966547,21
10,no_leak,4,1934,967047,89
10,no_leak,4,1935,967547,117
10,no_leak,4,1936,968047,105
10,no_leak,4,1937,968547,91
10,no_leak,4,1938,969047,76
10,no_leak,4,1939,969547,52
10,no_leak,4,1940,970047,30
10,no_leak,4,1941,970547,29
10,no_leak,4,1942,971047,55
10,no_leak,4,1943,971547,59
10,no_leak,4,1944,972047,76
10,no_leak,4,1945,972547,51
10,no_leak,4,1946,973047,9
10,no_leak,4,1947,973547,29
10,no_leak,4,1948,974047,25
10,no_leak,4,1949,974547,29
10,no_leak,4,1950,975047,47
10,no_leak,4,1951,975547,44
10,no_leak,4,1952,976047,44
10,no_leak,4,1953,976547,69
10,no_leak,4,1954,977047,101
10,no_leak,4,1955,977547,115
10,no_leak,4,1956,978047,98
10,no_leak,4,1957,978547,88
10,no_leak,4,1958,979047,46
10,no_leak,4,1959,979547,45
10,no_leak,4,1960,980047,55
10,no_leak,4,1961,980547,111
10,no_leak,4,1962,981047,133
10,no_leak,4,1963,981547,133
10,no_leak,4,1964,982047,107
10,no_leak,4,1965,982547,73
10,no_leak,4,1966,983047,75
10,no_leak,4,1967,983547,76
10,no_leak,4,1968,984047,111
10,no_leak,4,1969,984547,111
10,no_leak,4,1970,985047,154
10,no_leak,4,1971,985547,151
10,no_leak,4,1972,986047,127
10,no_leak,4,1973,986547,116
10,no_leak,4,1974,987047,91
10,no_leak,4,1975,987547,92
10,no_leak,4,1976,988047,74
10,no_leak,4,1977,988547,109
10,no_leak,4,1978,989047,127
10,no_leak,4,1979,989547,89
10,no_leak,4,1980,990047,39
10,no_leak,4,1981,990547,20
10,no_leak,4,1982,991047,83
10,no_leak,4,1983,991547,121
10,no_leak,4,1984,992047,142
10,no_leak,4,1985,992547,159
10,no_leak,4,1986,993047,125
10,no_leak,4,1987,993547,73
10,no_leak,4,1988,994047,51
10,no_leak,4,1989,994547,73
10,no_leak,4,1990,995047,95
10,no_leak,4,1991,995547,91
10,no_leak,4,1992,996047,109
10,no_leak,4,1993,996547,93
10,no_leak,4,1994,997047,81
10,no_leak,4,1995,997547,39
10,no_leak,4,1996,998047,3
10,no_leak,4,1997,998547,0
10,no_leak,4,1998,999047,21
10,no_leak,4,1999,999547,29
