run_id,leak_condition,window_id,sample_index,time_us,adc_raw
40,large_leak,0,0,84,180
40,large_leak,0,1,552,191
40,large_leak,0,2,1047,197
40,large_leak,0,3,1552,235
40,large_leak,0,4,2047,219
40,large_leak,0,5,2552,215
40,large_leak,0,6,3047,201
40,large_leak,0,7,3551,214
40,large_leak,0,8,4048,207
40,large_leak,0,9,4552,184
40,large_leak,0,10,5047,155
40,large_leak,0,11,5552,143
40,large_leak,0,12,6047,121
40,large_leak,0,13,6551,101
40,large_leak,0,14,7048,69
40,large_leak,0,15,7552,35
40,large_leak,0,16,8047,23
40,large_leak,0,17,8552,31
40,large_leak,0,18,9047,28
40,large_leak,0,19,9552,28
40,large_leak,0,20,10047,29
40,large_leak,0,21,10551,47
40,large_leak,0,22,11048,61
40,large_leak,0,23,11552,77
40,large_leak,0,24,12047,77
40,large_leak,0,25,12552,40
40,large_leak,0,26,13047,12
40,large_leak,0,27,13552,26
40,large_leak,0,28,14048,19
40,large_leak,0,29,14551,3
40,large_leak,0,30,15048,11
40,large_leak,0,31,15552,21
40,large_leak,0,32,16047,19
40,large_leak,0,33,16552,19
40,large_leak,0,34,17047,13
40,large_leak,0,35,17552,5
40,large_leak,0,36,18047,0
40,large_leak,0,37,18551,0
40,large_leak,0,38,19048,0
40,large_leak,0,39,19552,3
40,large_leak,0,40,20047,7
40,large_leak,0,41,20552,9
40,large_leak,0,42,21047,0
40,large_leak,0,43,21551,0
40,large_leak,0,44,22048,0
40,large_leak,0,45,22551,0
40,large_leak,0,46,23048,0
40,large_leak,0,47,23552,2
40,large_leak,0,48,24047,22
40,large_leak,0,49,24552,29
40,large_leak,0,50,25047,51
40,large_leak,0,51,25552,79
40,large_leak,0,52,26047,99
40,large_leak,0,53,26551,119
40,large_leak,0,54,27047,121
40,large_leak,0,55,27551,111
40,large_leak,0,56,28048,115
40,large_leak,0,57,28552,121
40,large_leak,0,58,29047,118
40,large_leak,0,59,29552,92
40,large_leak,0,60,30047,85
40,large_leak,0,61,30552,100
40,large_leak,0,62,31047,102
40,large_leak,0,63,31551,111
40,large_leak,0,64,32048,117
40,large_leak,0,65,32551,123
40,large_leak,0,66,33048,131
40,large_leak,0,67,33552,142
40,large_leak,0,68,34047,141
40,large_leak,0,69,34552,151
40,large_leak,0,70,35047,153
40,large_leak,0,71,35551,141
40,large_leak,0,72,36048,135
40,large_leak,0,73,36552,138
40,large_leak,0,74,37048,131
40,large_leak,0,75,37552,117
40,large_leak,0,76,38047,95
40,large_leak,0,77,38552,88
40,large_leak,0,78,39047,84
40,large_leak,0,79,39552,79
40,large_leak,0,80,40047,60
40,large_leak,0,81,40551,41
40,large_leak,0,82,41048,29
40,large_leak,0,83,41552,37
40,large_leak,0,84,42047,59
40,large_leak,0,85,42552,87
40,large_leak,0,86,43047,90
40,large_leak,0,87,43552,137
40,large_leak,0,88,44047,165
40,large_leak,0,89,44551,187
40,large_leak,0,90,45048,199
40,large_leak,0,91,45552,199
40,large_leak,0,92,46047,173
40,large_leak,0,93,46552,143
40,large_leak,0,94,47047,117
40,large_leak,0,95,47552,79
40,large_leak,0,96,48047,45
40,large_leak,0,97,48551,21
40,large_leak,0,98,49048,12
40,large_leak,0,99,49552,9
40,large_leak,0,100,50047,7
40,large_leak,0,101,50552,8
40,large_leak,0,102,51047,10
40,large_leak,0,103,51552,5
40,large_leak,0,104,52047,0
40,large_leak,0,105,52551,0
40,large_leak,0,106,53048,0
40,large_leak,0,107,53552,0
40,large_leak,0,108,54047,10
40,large_leak,0,109,54552,37
40,large_leak,0,110,55047,71
40,large_leak,0,111,55552,106
40,large_leak,0,112,56048,135
40,large_leak,0,113,56551,169
40,large_leak,0,114,57048,201
40,large_leak,0,115,57552,231
40,large_leak,0,116,58047,239
40,large_leak,0,117,58552,231
40,large_leak,0,118,59047,217
40,large_leak,0,119,59551,204
40,large_leak,0,120,60048,179
40,large_leak,0,121,60552,155
40,large_leak,0,122,61047,105
40,large_leak,0,123,61552,43
40,large_leak,0,124,62047,5
40,large_leak,0,125,62552,0
40,large_leak,0,126,63047,0
40,large_leak,0,127,63551,0
40,large_leak,0,128,64048,0
40,large_leak,0,129,64552,0
40,large_leak,0,130,65047,0
40,large_leak,0,131,65552,0
40,large_leak,0,132,66047,0
40,large_leak,0,133,66552,63
40,large_leak,0,134,67047,69
40,large_leak,0,135,67551,94
40,large_leak,0,136,68048,137
40,large_leak,0,137,68551,139
40,large_leak,0,138,69048,147
40,large_leak,0,139,69552,135
40,large_leak,0,140,70047,96
40,large_leak,0,141,70552,89
40,large_leak,0,142,71047,89
40,large_leak,0,143,71552,73
40,large_leak,0,144,72047,55
40,large_leak,0,145,72551,49
40,large_leak,0,146,73048,27
40,large_leak,0,147,73552,4
40,large_leak,0,148,74047,0
40,large_leak,0,149,74552,0
40,large_leak,0,150,75047,0
40,large_leak,0,151,75552,0
40,large_leak,0,152,76047,0
40,large_leak,0,153,76551,0
40,large_leak,0,154,77048,0
40,large_leak,0,155,77552,61
40,large_leak,0,156,78047,99
40,large_leak,0,157,78552,134
40,large_leak,0,158,79047,148
40,large_leak,0,159,79552,143
40,large_leak,0,160,80047,137
40,large_leak,0,161,80551,125
40,large_leak,0,162,81048,99
40,large_leak,0,163,81552,89
40,large_leak,0,164,82047,86
40,large_leak,0,165,82552,89
40,large_leak,0,166,83047,79
40,large_leak,0,167,83552,59
40,large_leak,0,168,84047,41
40,large_leak,0,169,84551,24
40,large_leak,0,170,85048,7
40,large_leak,0,171,85552,9
40,large_leak,0,172,86047,31
40,large_leak,0,173,86552,77
40,large_leak,0,174,87047,109
40,large_leak,0,175,87551,136
40,large_leak,0,176,88048,159
40,large_leak,0,177,88552,178
40,large_leak,0,178,89047,185
40,large_leak,0,179,89552,196
40,large_leak,0,180,90047,188
40,large_leak,0,181,90552,190
40,large_leak,0,182,91047,180
40,large_leak,0,183,91552,153
40,large_leak,0,184,92048,133
40,large_leak,0,185,92552,115
40,large_leak,0,186,93047,99
40,large_leak,0,187,93552,69
40,large_leak,0,188,94047,37
40,large_leak,0,189,94552,11
40,large_leak,0,190,95047,0
40,large_leak,0,191,95551,0
40,large_leak,0,192,96048,0
40,large_leak,0,193,96552,0
40,large_leak,0,194,97047,0
40,large_leak,0,195,97552,0
40,large_leak,0,196,98047,0
40,large_leak,0,197,98552,0
40,large_leak,0,198,99047,21
40,large_leak,0,199,99551,61
40,large_leak,0,200,100048,101
40,large_leak,0,201,100551,127
40,large_leak,0,202,101048,159
40,large_leak,0,203,101552,183
40,large_leak,0,204,102047,183
40,large_leak,0,205,102552,165
40,large_leak,0,206,103047,125
40,large_leak,0,207,103552,97
40,large_leak,0,208,104047,75
40,large_leak,0,209,104551,61
40,large_leak,0,210,105048,51
40,large_leak,0,211,105552,55
40,large_leak,0,212,106047,85
40,large_leak,0,213,106552,105
40,large_leak,0,214,107047,115
40,large_leak,0,215,107552,101
40,large_leak,0,216,108047,73
40,large_leak,0,217,108551,44
40,large_leak,0,218,109048,29
40,large_leak,0,219,109552,13
40,large_leak,0,220,110047,7
40,large_leak,0,221,110552,19
40,large_leak,0,222,111047,47
40,large_leak,0,223,111552,58
40,large_leak,0,224,112048,86
40,large_leak,0,225,112551,118
40,large_leak,0,226,113048,123
40,large_leak,0,227,113552,100
40,large_leak,0,228,114047,69
40,large_leak,0,229,114552,21
40,large_leak,0,230,115047,0
40,large_leak,0,231,115552,0
40,large_leak,0,232,116047,0
40,large_leak,0,233,116551,0
40,large_leak,0,234,117047,0
40,large_leak,0,235,117551,0
40,large_leak,0,236,118048,21
40,large_leak,0,237,118552,71
40,large_leak,0,238,119047,123
40,large_leak,0,239,119552,139
40,large_leak,0,240,120047,135
40,large_leak,0,241,120551,150
40,large_leak,0,242,121048,149
40,large_leak,0,243,121552,139
40,large_leak,0,244,122047,138
40,large_leak,0,245,122552,121
40,large_leak,0,246,123047,115
40,large_leak,0,247,123552,117
40,large_leak,0,248,124047,125
40,large_leak,0,249,124551,150
40,large_leak,0,250,125048,160
40,large_leak,0,251,125552,181
40,large_leak,0,252,126047,186
40,large_leak,0,253,126552,197
40,large_leak,0,254,127047,213
40,large_leak,0,255,127552,219
40,large_leak,0,256,128047,251
40,large_leak,0,257,128551,251
40,large_leak,0,258,129048,249
40,large_leak,0,259,129552,226
40,large_leak,0,260,130047,186
40,large_leak,0,261,130552,143
40,large_leak,0,262,131047,117
40,large_leak,0,263,131552,96
40,large_leak,0,264,132048,81
40,large_leak,0,265,132552,73
40,large_leak,0,266,133048,59
40,large_leak,0,267,133552,79
40,large_leak,0,268,134047,102
40,large_leak,0,269,134552,109
40,large_leak,0,270,135047,117
40,large_leak,0,271,135551,157
40,large_leak,0,272,136047,183
40,large_leak,0,273,136551,211
40,large_leak,0,274,137048,223
40,large_leak,0,275,137552,227
40,large_leak,0,276,138047,209
40,large_leak,0,277,138552,201
40,large_leak,0,278,139047,191
40,large_leak,0,279,139551,174
40,large_leak,0,280,140048,159
40,large_leak,0,281,140551,152
40,large_leak,0,282,141048,147
40,large_leak,0,283,141552,167
40,large_leak,0,284,142047,171
40,large_leak,0,285,142552,170
40,large_leak,0,286,143047,186
40,large_leak,0,287,143551,206
40,large_leak,0,288,144048,207
40,large_leak,0,289,144552,189
40,large_leak,0,290,145047,164
40,large_leak,0,291,145552,143
40,large_leak,0,292,146047,136
40,large_leak,0,293,146551,140
40,large_leak,0,294,147048,121
40,large_leak,0,295,147552,100
40,large_leak,0,296,148047,63
40,large_leak,0,297,148552,41
40,large_leak,0,298,149047,7
40,large_leak,0,299,149552,27
40,large_leak,0,300,150048,44
40,large_leak,0,301,150552,59
40,large_leak,0,302,151047,85
40,large_leak,0,303,151552,93
40,large_leak,0,304,152047,115
40,large_leak,0,305,152551,150
40,large_leak,0,306,153048,164
40,large_leak,0,307,153552,165
40,large_leak,0,308,154047,167
40,large_leak,0,309,154552,148
40,large_leak,0,310,155047,141
40,large_leak,0,311,155551,147
40,large_leak,0,312,156048,146
40,large_leak,0,313,156552,134
40,large_leak,0,314,157047,117
40,large_leak,0,315,157552,101
40,large_leak,0,316,158047,89
40,large_leak,0,317,158551,71
40,large_leak,0,318,159048,57
40,large_leak,0,319,159551,53
40,large_leak,0,320,160048,28
40,large_leak,0,321,160552,21
40,large_leak,0,322,161047,42
40,large_leak,0,323,161552,75
40,large_leak,0,324,162047,69
40,large_leak,0,325,162551,67
40,large_leak,0,326,163048,42
40,large_leak,0,327,163552,73
40,large_leak,0,328,164047,94
40,large_leak,0,329,164552,115
40,large_leak,0,330,165047,117
40,large_leak,0,331,165552,99
40,large_leak,0,332,166047,79
40,large_leak,0,333,166551,96
40,large_leak,0,334,167048,98
40,large_leak,0,335,167552,83
40,large_leak,0,336,168048,77
40,large_leak,0,337,168552,95
40,large_leak,0,338,169047,115
40,large_leak,0,339,169552,122
40,large_leak,0,340,170047,111
40,large_leak,0,341,170552,99
40,large_leak,0,342,171047,109
40,large_leak,0,343,171551,121
40,large_leak,0,344,172048,125
40,large_leak,0,345,172552,138
40,large_leak,0,346,173047,135
40,large_leak,0,347,173552,102
40,large_leak,0,348,174047,71
40,large_leak,0,349,174551,58
40,large_leak,0,350,175048,51
40,large_leak,0,351,175552,53
40,large_leak,0,352,176047,69
40,large_leak,0,353,176552,79
40,large_leak,0,354,177047,75
40,large_leak,0,355,177552,68
40,large_leak,0,356,178047,73
40,large_leak,0,357,178552,79
40,large_leak,0,358,179048,88
40,large_leak,0,359,179551,100
40,large_leak,0,360,180048,95
40,large_leak,0,361,180552,104
40,large_leak,0,362,181047,121
40,large_leak,0,363,181552,149
40,large_leak,0,364,182047,164
40,large_leak,0,365,182551,181
40,large_leak,0,366,183048,183
40,large_leak,0,367,183552,167
40,large_leak,0,368,184047,149
40,large_leak,0,369,184552,135
40,large_leak,0,370,185047,109
40,large_leak,0,371,185551,89
40,large_leak,0,372,186048,85
40,large_leak,0,373,186552,78
40,large_leak,0,374,187047,73
40,large_leak,0,375,187552,77
40,large_leak,0,376,188047,75
40,large_leak,0,377,188551,69
40,large_leak,0,378,189048,77
40,large_leak,0,379,189552,70
40,large_leak,0,380,190047,77
40,large_leak,0,381,190552,118
40,large_leak,0,382,191047,125
40,large_leak,0,383,191552,149
40,large_leak,0,384,192047,173
40,large_leak,0,385,192551,189
40,large_leak,0,386,193048,213
40,large_leak,0,387,193552,233
40,large_leak,0,388,194047,245
40,large_leak,0,389,194552,248
40,large_leak,0,390,195047,251
40,large_leak,0,391,195551,249
40,large_leak,0,392,196048,217
40,large_leak,0,393,196552,171
40,large_leak,0,394,197047,133
40,large_leak,0,395,197552,95
40,large_leak,0,396,198047,61
40,large_leak,0,397,198551,41
40,large_leak,0,398,199048,16
40,large_leak,0,399,199552,0
40,large_leak,0,400,200047,0
40,large_leak,0,401,200552,1
40,large_leak,0,402,201047,10
40,large_leak,0,403,201551,20
40,large_leak,0,404,202048,18
40,large_leak,0,405,202552,21
40,large_leak,0,406,203047,22
40,large_leak,0,407,203552,18
40,large_leak,0,408,204047,23
40,large_leak,0,409,204552,23
40,large_leak,0,410,205047,27
40,large_leak,0,411,205551,29
40,large_leak,0,412,206048,29
40,large_leak,0,413,206552,41
40,large_leak,0,414,207047,76
40,large_leak,0,415,207552,95
40,large_leak,0,416,208047,87
40,large_leak,0,417,208552,81
40,large_leak,0,418,209048,70
40,large_leak,0,419,209552,60
40,large_leak,0,420,210048,43
40,large_leak,0,421,210552,94
40,large_leak,0,422,211047,99
40,large_leak,0,423,211552,90
40,large_leak,0,424,212047,85
40,large_leak,0,425,212551,70
40,large_leak,0,426,213048,71
40,large_leak,0,427,213552,91
40,large_leak,0,428,214047,92
40,large_leak,0,429,214552,115
40,large_leak,0,430,215047,119
40,large_leak,0,431,215552,121
40,large_leak,0,432,216048,142
40,large_leak,0,433,216552,127
40,large_leak,0,434,217047,123
40,large_leak,0,435,217552,99
40,large_leak,0,436,218047,52
40,large_leak,0,437,218552,13
40,large_leak,0,438,219047,7
40,large_leak,0,439,219551,0
40,large_leak,0,440,220048,0
40,large_leak,0,441,220552,0
40,large_leak,0,442,221047,0
40,large_leak,0,443,221552,0
40,large_leak,0,444,222047,0
40,large_leak,0,445,222552,21
40,large_leak,0,446,223047,30
40,large_leak,0,447,223551,53
40,large_leak,0,448,224048,85
40,large_leak,0,449,224552,99
40,large_leak,0,450,225047,111
40,large_leak,0,451,225552,136
40,large_leak,0,452,226047,141
40,large_leak,0,453,226552,149
40,large_leak,0,454,227047,141
40,large_leak,0,455,227551,137
40,large_leak,0,456,228048,127
40,large_leak,0,457,228552,123
40,large_leak,0,458,229047,104
40,large_leak,0,459,229552,99
40,large_leak,0,460,230047,101
40,large_leak,0,461,230551,105
40,large_leak,0,462,231048,111
40,large_leak,0,463,231552,135
40,large_leak,0,464,232047,149
40,large_leak,0,465,232552,167
40,large_leak,0,466,233047,189
40,large_leak,0,467,233552,189
40,large_leak,0,468,234048,199
40,large_leak,0,469,234551,205
40,large_leak,0,470,235048,187
40,large_leak,0,471,235552,173
40,large_leak,0,472,236047,166
40,large_leak,0,473,236552,143
40,large_leak,0,474,237047,120
40,large_leak,0,475,237552,109
40,large_leak,0,476,238047,93
40,large_leak,0,477,238551,58
40,large_leak,0,478,239048,18
40,large_leak,0,479,239552,4
40,large_leak,0,480,240047,10
40,large_leak,0,481,240552,27
40,large_leak,0,482,241047,67
40,large_leak,0,483,241552,79
40,large_leak,0,484,242047,95
40,large_leak,0,485,242551,118
40,large_leak,0,486,243048,143
40,large_leak,0,487,243552,165
40,large_leak,0,488,244047,176
40,large_leak,0,489,244552,185
40,large_leak,0,490,245047,203
40,large_leak,0,491,245551,211
40,large_leak,0,492,246048,207
40,large_leak,0,493,246552,190
40,large_leak,0,494,247047,171
40,large_leak,0,495,247552,168
40,large_leak,0,496,248047,173
40,large_leak,0,497,248552,169
40,large_leak,0,498,249047,158
40,large_leak,0,499,249551,149
40,large_leak,0,500,250048,123
40,large_leak,0,501,250552,105
40,large_leak,0,502,251047,93
40,large_leak,0,503,251552,103
40,large_leak,0,504,252047,73
40,large_leak,0,505,252552,54
40,large_leak,0,506,253047,59
40,large_leak,0,507,253551,59
40,large_leak,0,508,254048,68
40,large_leak,0,509,254552,55
40,large_leak,0,510,255048,41
40,large_leak,0,511,255552,29
40,large_leak,0,512,256047,25
40,large_leak,0,513,256552,9
40,large_leak,0,514,257047,0
40,large_leak,0,515,257552,0
40,large_leak,0,516,258047,0
40,large_leak,0,517,258551,0
40,large_leak,0,518,259048,0
40,large_leak,0,519,259552,0
40,large_leak,0,520,260047,0
40,large_leak,0,521,260552,21
40,large_leak,0,522,261047,43
40,large_leak,0,523,261552,55
40,large_leak,0,524,262047,57
40,large_leak,0,525,262551,75
40,large_leak,0,526,263048,88
40,large_leak,0,527,263552,91
40,large_leak,0,528,264047,76
40,large_leak,0,529,264552,56
40,large_leak,0,530,265047,29
40,large_leak,0,531,265552,6
40,large_leak,0,532,266048,0
40,large_leak,0,533,266552,0
40,large_leak,0,534,267048,0
40,large_leak,0,535,267552,0
40,large_leak,0,536,268047,0
40,large_leak,0,537,268552,0
40,large_leak,0,538,269047,3
40,large_leak,0,539,269551,40
40,large_leak,0,540,270048,61
40,large_leak,0,541,270552,90
40,large_leak,0,542,271047,111
40,large_leak,0,543,271552,137
40,large_leak,0,544,272047,141
40,large_leak,0,545,272551,147
40,large_leak,0,546,273048,141
40,large_leak,0,547,273552,110
40,large_leak,0,548,274048,100
40,large_leak,0,549,274552,86
40,large_leak,0,550,275047,71
40,large_leak,0,551,275552,45
40,large_leak,0,552,276047,26
40,large_leak,0,553,276552,10
40,large_leak,0,554,277048,17
40,large_leak,0,555,277552,37
40,large_leak,0,556,278047,39
40,large_leak,0,557,278552,29
40,large_leak,0,558,279047,41
40,large_leak,0,559,279552,51
40,large_leak,0,560,280047,61
40,large_leak,0,561,280551,79
40,large_leak,0,562,281048,93
40,large_leak,0,563,281552,99
40,large_leak,0,564,282047,93
40,large_leak,0,565,282552,90
40,large_leak,0,566,283047,73
40,large_leak,0,567,283552,42
40,large_leak,0,568,284047,21
40,large_leak,0,569,284551,1
40,large_leak,0,570,285048,0
40,large_leak,0,571,285552,0
40,large_leak,0,572,286047,0
40,large_leak,0,573,286552,0
40,large_leak,0,574,287047,0
40,large_leak,0,575,287552,0
40,large_leak,0,576,288047,0
40,large_leak,0,577,288551,25
40,large_leak,0,578,289048,33
40,large_leak,0,579,289552,57
40,large_leak,0,580,290047,63
40,large_leak,0,581,290552,90
40,large_leak,0,582,291047,109
40,large_leak,0,583,291552,109
40,large_leak,0,584,292047,116
40,large_leak,0,585,292551,137
40,large_leak,0,586,293048,143
40,large_leak,0,587,293552,137
40,large_leak,0,588,294047,148
40,large_leak,0,589,294552,127
40,large_leak,0,590,295047,117
40,large_leak,0,591,295551,108
40,large_leak,0,592,296048,75
40,large_leak,0,593,296552,44
40,large_leak,0,594,297047,21
40,large_leak,0,595,297552,9
40,large_leak,0,596,298047,0
40,large_leak,0,597,298552,0
40,large_leak,0,598,299048,0
40,large_leak,0,599,299552,0
40,large_leak,0,600,300048,0
40,large_leak,0,601,300552,0
40,large_leak,0,602,301047,11
40,large_leak,0,603,301552,21
40,large_leak,0,604,302047,23
40,large_leak,0,605,302552,19
40,large_leak,0,606,303047,4
40,large_leak,0,607,303551,0
40,large_leak,0,608,304048,0
40,large_leak,0,609,304552,0
40,large_leak,0,610,305047,0
40,large_leak,0,611,305552,0
40,large_leak,0,612,306047,0
40,large_leak,0,613,306551,30
40,large_leak,0,614,307048,59
40,large_leak,0,615,307551,105
40,large_leak,0,616,308048,166
40,large_leak,0,617,308552,197
40,large_leak,0,618,309047,207
40,large_leak,0,619,309552,231
40,large_leak,0,620,310047,228
40,large_leak,0,621,310551,217
40,large_leak,0,622,311048,185
40,large_leak,0,623,311552,125
40,large_leak,0,624,312047,61
40,large_leak,0,625,312552,45
40,large_leak,0,626,313047,40
40,large_leak,0,627,313552,31
40,large_leak,0,628,314047,6
40,large_leak,0,629,314551,0
40,large_leak,0,630,315048,0
40,large_leak,0,631,315552,0
40,large_leak,0,632,316047,0
40,large_leak,0,633,316552,0
40,large_leak,0,634,317047,0
40,large_leak,0,635,317551,0
40,large_leak,0,636,318048,25
40,large_leak,0,637,318552,41
40,large_leak,0,638,319048,54
40,large_leak,0,639,319552,69
40,large_leak,0,640,320047,67
40,large_leak,0,641,320552,63
40,large_leak,0,642,321047,57
40,large_leak,0,643,321551,53
40,large_leak,0,644,322048,55
40,large_leak,0,645,322552,56
40,large_leak,0,646,323047,41
40,large_leak,0,647,323552,23
40,large_leak,0,648,324047,1
40,large_leak,0,649,324552,0
40,large_leak,0,650,325047,11
40,large_leak,0,651,325551,36
40,large_leak,0,652,326048,43
40,large_leak,0,653,326552,40
40,large_leak,0,654,327047,47
40,large_leak,0,655,327552,69
40,large_leak,0,656,328047,79
40,large_leak,0,657,328551,95
40,large_leak,0,658,329048,91
40,large_leak,0,659,329552,98
40,large_leak,0,660,330047,119
40,large_leak,0,661,330552,119
40,large_leak,0,662,331047,105
40,large_leak,0,663,331552,103
40,large_leak,0,664,332047,106
40,large_leak,0,665,332551,105
40,large_leak,0,666,333048,101
40,large_leak,0,667,333551,115
40,large_leak,0,668,334048,93
40,large_leak,0,669,334552,95
40,large_leak,0,670,335047,83
40,large_leak,0,671,335552,84
40,large_leak,0,672,336047,58
40,large_leak,0,673,336552,53
40,large_leak,0,674,337047,39
40,large_leak,0,675,337551,44
40,large_leak,0,676,338048,36
40,large_leak,0,677,338552,41
40,large_leak,0,678,339047,53
40,large_leak,0,679,339552,76
40,large_leak,0,680,340047,93
40,large_leak,0,681,340552,111
40,large_leak,0,682,341047,101
40,large_leak,0,683,341551,105
40,large_leak,0,684,342048,109
40,large_leak,0,685,342552,110
40,large_leak,0,686,343047,121
40,large_leak,0,687,343552,139
40,large_leak,0,688,344047,125
40,large_leak,0,689,344551,115
40,large_leak,0,690,345048,93
40,large_leak,0,691,345552,73
40,large_leak,0,692,346047,57
40,large_leak,0,693,346552,64
40,large_leak,0,694,347047,79
40,large_leak,0,695,347551,105
40,large_leak,0,696,348048,125
40,large_leak,0,697,348552,140
40,large_leak,0,698,349047,149
40,large_leak,0,699,349552,157
40,large_leak,0,700,350047,149
40,large_leak,0,701,350552,143
40,large_leak,0,702,351047,135
40,large_leak,0,703,351551,69
40,large_leak,0,704,352048,95
40,large_leak,0,705,352551,101
40,large_leak,0,706,353048,120
40,large_leak,0,707,353552,135
40,large_leak,0,708,354047,103
40,large_leak,0,709,354552,99
40,large_leak,0,710,355047,104
40,large_leak,0,711,355551,136
40,large_leak,0,712,356048,134
40,large_leak,0,713,356552,126
40,large_leak,0,714,357047,113
40,large_leak,0,715,357552,96
40,large_leak,0,716,358047,59
40,large_leak,0,717,358552,33
40,large_leak,0,718,359048,13
40,large_leak,0,719,359551,0
40,large_leak,0,720,360048,0
40,large_leak,0,721,360552,0
40,large_leak,0,722,361047,0
40,large_leak,0,723,361552,0
40,large_leak,0,724,362047,0
40,large_leak,0,725,362551,0
40,large_leak,0,726,363048,22
40,large_leak,0,727,363551,29
40,large_leak,0,728,364048,24
40,large_leak,0,729,364552,28
40,large_leak,0,730,365047,28
40,large_leak,0,731,365552,26
40,large_leak,0,732,366047,25
40,large_leak,0,733,366552,19
40,large_leak,0,734,367047,9
40,large_leak,0,735,367551,10
40,large_leak,0,736,368048,4
40,large_leak,0,737,368552,9
40,large_leak,0,738,369047,17
40,large_leak,0,739,369552,29
40,large_leak,0,740,370047,42
40,large_leak,0,741,370552,56
40,large_leak,0,742,371047,59
40,large_leak,0,743,371551,71
40,large_leak,0,744,372048,63
40,large_leak,0,745,372552,53
40,large_leak,0,746,373047,41
40,large_leak,0,747,373552,36
40,large_leak,0,748,374047,31
40,large_leak,0,749,374552,37
40,large_leak,0,750,375047,39
40,large_leak,0,751,375551,59
40,large_leak,0,752,376048,63
40,large_leak,0,753,376552,25
40,large_leak,0,754,377047,31
40,large_leak,0,755,377552,68
40,large_leak,0,756,378047,55
40,large_leak,0,757,378552,61
40,large_leak,0,758,379047,35
40,large_leak,0,759,379551,5
40,large_leak,0,760,380048,0
40,large_leak,0,761,380551,0
40,large_leak,0,762,381048,0
40,large_leak,0,763,381552,0
40,large_leak,0,764,382047,0
40,large_leak,0,765,382552,0
40,large_leak,0,766,383047,27
40,large_leak,0,767,383551,35
40,large_leak,0,768,384047,47
40,large_leak,0,769,384551,81
40,large_leak,0,770,385048,107
40,large_leak,0,771,385552,136
40,large_leak,0,772,386047,153
40,large_leak,0,773,386552,173
40,large_leak,0,774,387047,175
40,large_leak,0,775,387551,165
40,large_leak,0,776,388048,151
40,large_leak,0,777,388552,122
40,large_leak,0,778,389048,111
40,large_leak,0,779,389552,111
40,large_leak,0,780,390047,87
40,large_leak,0,781,390552,76
40,large_leak,0,782,391047,82
40,large_leak,0,783,391551,100
40,large_leak,0,784,392048,121
40,large_leak,0,785,392551,146
40,large_leak,0,786,393048,149
40,large_leak,0,787,393552,149
40,large_leak,0,788,394047,150
40,large_leak,0,789,394552,155
40,large_leak,0,790,395047,149
40,large_leak,0,791,395552,138
40,large_leak,0,792,396048,117
40,large_leak,0,793,396552,101
40,large_leak,0,794,397047,95
40,large_leak,0,795,397552,109
40,large_leak,0,796,398047,126
40,large_leak,0,797,398552,146
40,large_leak,0,798,399047,116
40,large_leak,0,799,399551,134
40,large_leak,0,800,400048,151
40,large_leak,0,801,400552,146
40,large_leak,0,802,401047,151
40,large_leak,0,803,401552,134
40,large_leak,0,804,402047,107
40,large_leak,0,805,402551,111
40,large_leak,0,806,403048,79
40,large_leak,0,807,403552,45
40,large_leak,0,808,404048,59
40,large_leak,0,809,404552,91
40,large_leak,0,810,405047,125
40,large_leak,0,811,405552,136
40,large_leak,0,812,406047,135
40,large_leak,0,813,406552,123
40,large_leak,0,814,407047,137
40,large_leak,0,815,407551,135
40,large_leak,0,816,408048,131
40,large_leak,0,817,408552,126
40,large_leak,0,818,409047,119
40,large_leak,0,819,409552,119
40,large_leak,0,820,410047,103
40,large_leak,0,821,410552,77
40,large_leak,0,822,411047,51
40,large_leak,0,823,411551,48
40,large_leak,0,824,412048,31
40,large_leak,0,825,412552,14
40,large_leak,0,826,413047,26
40,large_leak,0,827,413552,17
40,large_leak,0,828,414047,22
40,large_leak,0,829,414552,27
40,large_leak,0,830,415047,31
40,large_leak,0,831,415551,47
40,large_leak,0,832,416048,54
40,large_leak,0,833,416552,56
40,large_leak,0,834,417047,59
40,large_leak,0,835,417552,61
40,large_leak,0,836,418047,61
40,large_leak,0,837,418551,71
40,large_leak,0,838,419048,53
40,large_leak,0,839,419552,39
40,large_leak,0,840,420047,27
40,large_leak,0,841,420552,19
40,large_leak,0,842,421047,23
40,large_leak,0,843,421552,31
40,large_leak,0,844,422047,13
40,large_leak,0,845,422551,13
40,large_leak,0,846,423048,27
40,large_leak,0,847,423552,31
40,large_leak,0,848,424047,39
40,large_leak,0,849,424552,46
40,large_leak,0,850,425047,63
40,large_leak,0,851,425552,75
40,large_leak,0,852,426048,76
40,large_leak,0,853,426551,75
40,large_leak,0,854,427048,77
40,large_leak,0,855,427552,73
40,large_leak,0,856,428047,38
40,large_leak,0,857,428552,26
40,large_leak,0,858,429047,33
40,large_leak,0,859,429551,35
40,large_leak,0,860,430048,37
40,large_leak,0,861,430552,37
40,large_leak,0,862,431047,47
40,large_leak,0,863,431552,83
40,large_leak,0,864,432047,114
40,large_leak,0,865,432552,139
40,large_leak,0,866,433047,141
40,large_leak,0,867,433551,125
40,large_leak,0,868,434048,114
40,large_leak,0,869,434552,127
40,large_leak,0,870,435047,145
40,large_leak,0,871,435552,162
40,large_leak,0,872,436047,170
40,large_leak,0,873,436552,164
40,large_leak,0,874,437047,169
40,large_leak,0,875,437551,157
40,large_leak,0,876,438048,143
40,large_leak,0,877,438552,135
40,large_leak,0,878,439048,125
40,large_leak,0,879,439552,91
40,large_leak,0,880,440047,87
40,large_leak,0,881,440552,58
40,large_leak,0,882,441047,77
40,large_leak,0,883,441551,105
40,large_leak,0,884,442048,103
40,large_leak,0,885,442552,108
40,large_leak,0,886,443047,111
40,large_leak,0,887,443552,109
40,large_leak,0,888,444047,135
40,large_leak,0,889,444552,149
40,large_leak,0,890,445047,147
40,large_leak,0,891,445551,143
40,large_leak,0,892,446048,121
40,large_leak,0,893,446552,107
40,large_leak,0,894,447047,93
40,large_leak,0,895,447552,69
40,large_leak,0,896,448047,43
40,large_leak,0,897,448552,23
40,large_leak,0,898,449047,11
40,large_leak,0,899,449551,18
40,large_leak,0,900,450048,37
40,large_leak,0,901,450552,51
40,large_leak,0,902,451047,59
40,large_leak,0,903,451552,58
40,large_leak,0,904,452047,47
40,large_leak,0,905,452551,31
40,large_leak,0,906,453048,3
40,large_leak,0,907,453551,0
40,large_leak,0,908,454048,0
40,large_leak,0,909,454552,0
40,large_leak,0,910,455047,0
40,large_leak,0,911,455552,0
40,large_leak,0,912,456047,0
40,large_leak,0,913,456552,0
40,large_leak,0,914,457047,0
40,large_leak,0,915,457551,0
40,large_leak,0,916,458048,0
40,large_leak,0,917,458552,0
40,large_leak,0,918,459047,0
40,large_leak,0,919,459552,0
40,large_leak,0,920,460047,21
40,large_leak,0,921,460551,8
40,large_leak,0,922,461048,23
40,large_leak,0,923,461552,41
40,large_leak,0,924,462047,60
40,large_leak,0,925,462552,61
40,large_leak,0,926,463047,83
40,large_leak,0,927,463552,90
40,large_leak,0,928,464047,109
40,large_leak,0,929,464552,140
40,large_leak,0,930,465048,139
40,large_leak,0,931,465552,148
40,large_leak,0,932,466048,147
40,large_leak,0,933,466552,157
40,large_leak,0,934,467047,165
40,large_leak,0,935,467552,149
40,large_leak,0,936,468047,137
40,large_leak,0,937,468551,117
40,large_leak,0,938,469048,115
40,large_leak,0,939,469552,115
40,large_leak,0,940,470047,103
40,large_leak,0,941,470552,100
40,large_leak,0,942,471047,111
40,large_leak,0,943,471552,125
40,large_leak,0,944,472047,135
40,large_leak,0,945,472551,147
40,large_leak,0,946,473048,156
40,large_leak,0,947,473552,151
40,large_leak,0,948,474047,150
40,large_leak,0,949,474552,152
40,large_leak,0,950,475047,153
40,large_leak,0,951,475552,155
40,large_leak,0,952,476047,157
40,large_leak,0,953,476551,167
40,large_leak,0,954,477048,165
40,large_leak,0,955,477552,156
40,large_leak,0,956,478047,181
40,large_leak,0,957,478552,203
40,large_leak,0,958,479047,190
40,large_leak,0,959,479551,169
40,large_leak,0,960,480048,147
40,large_leak,0,961,480552,128
40,large_leak,0,962,481047,115
40,large_leak,0,963,481552,103
40,large_leak,0,964,482047,61
40,large_leak,0,965,482552,24
40,large_leak,0,966,483047,3
40,large_leak,0,967,483551,10
40,large_leak,0,968,484048,17
40,large_leak,0,969,484551,25
40,large_leak,0,970,485048,31
40,large_leak,0,971,485552,53
40,large_leak,0,972,486047,89
40,large_leak,0,973,486552,117
40,large_leak,0,974,487047,119
40,large_leak,0,975,487551,124
40,large_leak,0,976,488048,123
40,large_leak,0,977,488552,107
40,large_leak,0,978,489047,93
40,large_leak,0,979,489552,85
40,large_leak,0,980,490047,57
40,large_leak,0,981,490552,42
40,large_leak,0,982,491047,12
40,large_leak,0,983,491551,0
40,large_leak,0,984,492048,0
40,large_leak,0,985,492551,0
40,large_leak,0,986,493048,0
40,large_leak,0,987,493552,0
40,large_leak,0,988,494047,0
40,large_leak,0,989,494552,0
40,large_leak,0,990,495047,44
40,large_leak,0,991,495552,92
40,large_leak,0,992,496047,123
40,large_leak,0,993,496551,178
40,large_leak,0,994,497048,186
40,large_leak,0,995,497552,210
40,large_leak,0,996,498047,197
40,large_leak,0,997,498552,187
40,large_leak,0,998,499047,185
40,large_leak,0,999,499551,158
40,large_leak,0,1000,500048,139
40,large_leak,0,1001,500552,117
40,large_leak,0,1002,501047,69
40,large_leak,0,1003,501552,47
40,large_leak,0,1004,502047,43
40,large_leak,0,1005,502552,55
40,large_leak,0,1006,503047,58
40,large_leak,0,1007,503551,83
40,large_leak,0,1008,504048,87
40,large_leak,0,1009,504552,91
40,large_leak,0,1010,505047,95
40,large_leak,0,1011,505552,95
40,large_leak,0,1012,506047,99
40,large_leak,0,1013,506551,109
40,large_leak,0,1014,507048,123
40,large_leak,0,1015,507552,143
40,large_leak,0,1016,508047,153
40,large_leak,0,1017,508552,158
40,large_leak,0,1018,509047,159
40,large_leak,0,1019,509551,149
40,large_leak,0,1020,510048,135
40,large_leak,0,1021,510552,133
40,large_leak,0,1022,511048,136
40,large_leak,0,1023,511552,139
40,large_leak,0,1024,512047,143
40,large_leak,0,1025,512552,135
40,large_leak,0,1026,513047,107
40,large_leak,0,1027,513551,111
40,large_leak,0,1028,514048,111
40,large_leak,0,1029,514552,115
40,large_leak,0,1030,515047,117
40,large_leak,0,1031,515552,116
40,large_leak,0,1032,516047,95
40,large_leak,0,1033,516552,85
40,large_leak,0,1034,517047,77
40,large_leak,0,1035,517551,73
40,large_leak,0,1036,518048,52
40,large_leak,0,1037,518552,38
40,large_leak,0,1038,519047,21
40,large_leak,0,1039,519552,21
40,large_leak,0,1040,520047,37
40,large_leak,0,1041,520552,59
40,large_leak,0,1042,521047,76
40,large_leak,0,1043,521551,87
40,large_leak,0,1044,522048,105
40,large_leak,0,1045,522552,112
40,large_leak,0,1046,523047,111
40,large_leak,0,1047,523552,107
40,large_leak,0,1048,524047,91
40,large_leak,0,1049,524551,87
40,large_leak,0,1050,525048,84
40,large_leak,0,1051,525552,79
40,large_leak,0,1052,526048,70
40,large_leak,0,1053,526552,59
40,large_leak,0,1054,527047,60
40,large_leak,0,1055,527552,53
40,large_leak,0,1056,528047,63
40,large_leak,0,1057,528551,61
40,large_leak,0,1058,529048,56
40,large_leak,0,1059,529552,77
40,large_leak,0,1060,530047,87
40,large_leak,0,1061,530552,106
40,large_leak,0,1062,531047,118
40,large_leak,0,1063,531552,135
40,large_leak,0,1064,532047,163
40,large_leak,0,1065,532551,191
40,large_leak,0,1066,533048,206
40,large_leak,0,1067,533552,200
40,large_leak,0,1068,534047,188
40,large_leak,0,1069,534552,164
40,large_leak,0,1070,535047,168
40,large_leak,0,1071,535552,171
40,large_leak,0,1072,536047,157
40,large_leak,0,1073,536551,137
40,large_leak,0,1074,537048,74
40,large_leak,0,1075,537552,27
40,large_leak,0,1076,538047,4
40,large_leak,0,1077,538552,1
40,large_leak,0,1078,539047,0
40,large_leak,0,1079,539551,0
40,large_leak,0,1080,540048,0
40,large_leak,0,1081,540552,0
40,large_leak,0,1082,541047,0
40,large_leak,0,1083,541552,31
40,large_leak,0,1084,542047,55
40,large_leak,0,1085,542552,77
40,large_leak,0,1086,543047,63
40,large_leak,0,1087,543552,76
40,large_leak,0,1088,544047,99
40,large_leak,0,1089,544551,124
40,large_leak,0,1090,545048,156
40,large_leak,0,1091,545552,159
40,large_leak,0,1092,546047,154
40,large_leak,0,1093,546552,157
40,large_leak,0,1094,547047,147
40,large_leak,0,1095,547551,133
40,large_leak,0,1096,548048,127
40,large_leak,0,1097,548552,119
40,large_leak,0,1098,549047,98
40,large_leak,0,1099,549552,77
40,large_leak,0,1100,550047,81
40,large_leak,0,1101,550552,81
40,large_leak,0,1102,551047,69
40,large_leak,0,1103,551551,54
40,large_leak,0,1104,552048,38
40,large_leak,0,1105,552551,11
40,large_leak,0,1106,553048,27
40,large_leak,0,1107,553552,30
40,large_leak,0,1108,554047,25
40,large_leak,0,1109,554552,22
40,large_leak,0,1110,555047,20
40,large_leak,0,1111,555552,39
40,large_leak,0,1112,556048,55
40,large_leak,0,1113,556552,101
40,large_leak,0,1114,557047,143
40,large_leak,0,1115,557552,159
40,large_leak,0,1116,558047,152
40,large_leak,0,1117,558552,153
40,large_leak,0,1118,559047,167
40,large_leak,0,1119,559552,183
40,large_leak,0,1120,560047,165
40,large_leak,0,1121,560551,136
40,large_leak,0,1122,561048,115
40,large_leak,0,1123,561552,115
40,large_leak,0,1124,562047,111
40,large_leak,0,1125,562552,96
40,large_leak,0,1126,563047,105
40,large_leak,0,1127,563551,104
40,large_leak,0,1128,564048,110
40,large_leak,0,1129,564552,118
40,large_leak,0,1130,565047,124
40,large_leak,0,1131,565552,137
40,large_leak,0,1132,566047,127
40,large_leak,0,1133,566551,109
40,large_leak,0,1134,567048,85
40,large_leak,0,1135,567552,61
40,large_leak,0,1136,568048,35
40,large_leak,0,1137,568552,12
40,large_leak,0,1138,569047,0
40,large_leak,0,1139,569552,0
40,large_leak,0,1140,570048,0
40,large_leak,0,1141,570552,0
40,large_leak,0,1142,571048,0
40,large_leak,0,1143,571552,0
40,large_leak,0,1144,572047,0
40,large_leak,0,1145,572552,0
40,large_leak,0,1146,573047,0
40,large_leak,0,1147,573551,0
40,large_leak,0,1148,574048,0
40,large_leak,0,1149,574552,0
40,large_leak,0,1150,575047,0
40,large_leak,0,1151,575552,44
40,large_leak,0,1152,576047,72
40,large_leak,0,1153,576552,93
40,large_leak,0,1154,577047,111
40,large_leak,0,1155,577551,139
40,large_leak,0,1156,578048,155
40,large_leak,0,1157,578552,158
40,large_leak,0,1158,579047,158
40,large_leak,0,1159,579552,137
40,large_leak,0,1160,580047,123
40,large_leak,0,1161,580552,133
40,large_leak,0,1162,581047,123
40,large_leak,0,1163,581551,116
40,large_leak,0,1164,582048,115
40,large_leak,0,1165,582552,105
40,large_leak,0,1166,583047,92
40,large_leak,0,1167,583552,101
40,large_leak,0,1168,584047,93
40,large_leak,0,1169,584552,76
40,large_leak,0,1170,585047,55
40,large_leak,0,1171,585551,27
40,large_leak,0,1172,586048,22
40,large_leak,0,1173,586552,39
40,large_leak,0,1174,587047,45
40,large_leak,0,1175,587552,56
40,large_leak,0,1176,588047,61
40,large_leak,0,1177,588552,73
40,large_leak,0,1178,589048,78
40,large_leak,0,1179,589552,101
40,large_leak,0,1180,590047,119
40,large_leak,0,1181,590552,109
40,large_leak,0,1182,591047,87
40,large_leak,0,1183,591551,75
40,large_leak,0,1184,592048,89
40,large_leak,0,1185,592552,97
40,large_leak,0,1186,593047,87
40,large_leak,0,1187,593552,77
40,large_leak,0,1188,594047,79
40,large_leak,0,1189,594552,89
40,large_leak,0,1190,595047,89
40,large_leak,0,1191,595551,97
40,large_leak,0,1192,596048,111
40,large_leak,0,1193,596552,119
40,large_leak,0,1194,597048,137
40,large_leak,0,1195,597552,137
40,large_leak,0,1196,598047,141
40,large_leak,0,1197,598552,149
40,large_leak,0,1198,599047,146
40,large_leak,0,1199,599551,140
40,large_leak,0,1200,600048,139
40,large_leak,0,1201,600552,133
40,large_leak,0,1202,601047,120
40,large_leak,0,1203,601552,132
40,large_leak,0,1204,602047,125
40,large_leak,0,1205,602552,135
40,large_leak,0,1206,603048,111
40,large_leak,0,1207,603551,111
40,large_leak,0,1208,604048,95
40,large_leak,0,1209,604552,100
40,large_leak,0,1210,605047,83
40,large_leak,0,1211,605552,73
40,large_leak,0,1212,606047,45
40,large_leak,0,1213,606551,43
40,large_leak,0,1214,607048,24
40,large_leak,0,1215,607552,3
40,large_leak,0,1216,608047,0
40,large_leak,0,1217,608552,0
40,large_leak,0,1218,609047,0
40,large_leak,0,1219,609552,13
40,large_leak,0,1220,610047,45
40,large_leak,0,1221,610552,82
40,large_leak,0,1222,611048,105
40,large_leak,0,1223,611552,111
40,large_leak,0,1224,612047,112
40,large_leak,0,1225,612552,119
40,large_leak,0,1226,613047,123
40,large_leak,0,1227,613551,101
40,large_leak,0,1228,614048,51
40,large_leak,0,1229,614552,21
40,large_leak,0,1230,615047,7
40,large_leak,0,1231,615552,8
40,large_leak,0,1232,616047,4
40,large_leak,0,1233,616552,0
40,large_leak,0,1234,617047,10
40,large_leak,0,1235,617551,44
40,large_leak,0,1236,618048,60
40,large_leak,0,1237,618552,85
40,large_leak,0,1238,619048,122
40,large_leak,0,1239,619552,173
40,large_leak,0,1240,620047,229
40,large_leak,0,1241,620552,273
40,large_leak,0,1242,621047,293
40,large_leak,0,1243,621552,292
40,large_leak,0,1244,622048,279
40,large_leak,0,1245,622552,267
40,large_leak,0,1246,623048,247
40,large_leak,0,1247,623552,231
40,large_leak,0,1248,624047,216
40,large_leak,0,1249,624552,199
40,large_leak,0,1250,625047,184
40,large_leak,0,1251,625551,185
40,large_leak,0,1252,626048,173
40,large_leak,0,1253,626552,152
40,large_leak,0,1254,627047,120
40,large_leak,0,1255,627552,92
40,large_leak,0,1256,628047,54
40,large_leak,0,1257,628551,23
40,large_leak,0,1258,629048,5
40,large_leak,0,1259,629552,0
40,large_leak,0,1260,630047,0
40,large_leak,0,1261,630552,0
40,large_leak,0,1262,631047,0
40,large_leak,0,1263,631552,0
40,large_leak,0,1264,632047,0
40,large_leak,0,1265,632551,6
40,large_leak,0,1266,633048,18
40,large_leak,0,1267,633552,37
40,large_leak,0,1268,634047,54
40,large_leak,0,1269,634552,59
40,large_leak,0,1270,635047,53
40,large_leak,0,1271,635551,47
40,large_leak,0,1272,636048,37
40,large_leak,0,1273,636552,25
40,large_leak,0,1274,637048,22
40,large_leak,0,1275,637552,19
40,large_leak,0,1276,638047,35
40,large_leak,0,1277,638552,29
40,large_leak,0,1278,639047,51
40,large_leak,0,1279,639551,43
40,large_leak,0,1280,640048,51
40,large_leak,0,1281,640552,56
40,large_leak,0,1282,641048,54
40,large_leak,0,1283,641552,39
40,large_leak,0,1284,642047,17
40,large_leak,0,1285,642552,0
40,large_leak,0,1286,643047,0
40,large_leak,0,1287,643552,0
40,large_leak,0,1288,644047,0
40,large_leak,0,1289,644551,0
40,large_leak,0,1290,645048,19
40,large_leak,0,1291,645551,45
40,large_leak,0,1292,646048,77
40,large_leak,0,1293,646552,99
40,large_leak,0,1294,647047,99
40,large_leak,0,1295,647552,105
40,large_leak,0,1296,648047,102
40,large_leak,0,1297,648551,89
40,large_leak,0,1298,649048,77
40,large_leak,0,1299,649552,63
40,large_leak,0,1300,650047,54
40,large_leak,0,1301,650552,51
40,large_leak,0,1302,651047,57
40,large_leak,0,1303,651551,76
40,large_leak,0,1304,652047,103
40,large_leak,0,1305,652552,117
40,large_leak,0,1306,653048,133
40,large_leak,0,1307,653552,152
40,large_leak,0,1308,654047,172
40,large_leak,0,1309,654552,188
40,large_leak,0,1310,655047,189
40,large_leak,0,1311,655551,203
40,large_leak,0,1312,656048,204
40,large_leak,0,1313,656552,204
40,large_leak,0,1314,657047,186
40,large_leak,0,1315,657552,183
40,large_leak,0,1316,658047,185
40,large_leak,0,1317,658551,183
40,large_leak,0,1318,659048,185
40,large_leak,0,1319,659552,184
40,large_leak,0,1320,660048,179
40,large_leak,0,1321,660552,187
40,large_leak,0,1322,661047,189
40,large_leak,0,1323,661552,175
40,large_leak,0,1324,662047,141
40,large_leak,0,1325,662552,151
40,large_leak,0,1326,663047,138
40,large_leak,0,1327,663551,109
40,large_leak,0,1328,664048,111
40,large_leak,0,1329,664552,89
40,large_leak,0,1330,665047,61
40,large_leak,0,1331,665552,71
40,large_leak,0,1332,666047,45
40,large_leak,0,1333,666551,35
40,large_leak,0,1334,667048,27
40,large_leak,0,1335,667552,19
40,large_leak,0,1336,668048,5
40,large_leak,0,1337,668552,0
40,large_leak,0,1338,669047,0
40,large_leak,0,1339,669552,0
40,large_leak,0,1340,670047,0
40,large_leak,0,1341,670551,0
40,large_leak,0,1342,671048,7
40,large_leak,0,1343,671552,19
40,large_leak,0,1344,672047,27
40,large_leak,0,1345,672552,25
40,large_leak,0,1346,673047,26
40,large_leak,0,1347,673552,39
40,large_leak,0,1348,674047,48
40,large_leak,0,1349,674551,63
40,large_leak,0,1350,675048,73
40,large_leak,0,1351,675552,95
40,large_leak,0,1352,676047,109
40,large_leak,0,1353,676552,117
40,large_leak,0,1354,677047,117
40,large_leak,0,1355,677552,106
40,large_leak,0,1356,678047,115
40,large_leak,0,1357,678551,125
40,large_leak,0,1358,679048,135
40,large_leak,0,1359,679552,139
40,large_leak,0,1360,680047,120
40,large_leak,0,1361,680552,135
40,large_leak,0,1362,681047,166
40,large_leak,0,1363,681551,181
40,large_leak,0,1364,682048,134
40,large_leak,0,1365,682552,101
40,large_leak,0,1366,683048,111
40,large_leak,0,1367,683552,91
40,large_leak,0,1368,684047,101
40,large_leak,0,1369,684552,103
40,large_leak,0,1370,685047,53
40,large_leak,0,1371,685551,57
40,large_leak,0,1372,686048,41
40,large_leak,0,1373,686552,7
40,large_leak,0,1374,687047,0
40,large_leak,0,1375,687552,0
40,large_leak,0,1376,688047,0
40,large_leak,0,1377,688552,0
40,large_leak,0,1378,689048,0
40,large_leak,0,1379,689552,28
40,large_leak,0,1380,690047,75
40,large_leak,0,1381,690552,88
40,large_leak,0,1382,691047,85
40,large_leak,0,1383,691552,83
40,large_leak,0,1384,692047,76
40,large_leak,0,1385,692551,88
40,large_leak,0,1386,693048,83
40,large_leak,0,1387,693552,55
40,large_leak,0,1388,694047,37
40,large_leak,0,1389,694552,35
40,large_leak,0,1390,695047,27
40,large_leak,0,1391,695551,23
40,large_leak,0,1392,696048,11
40,large_leak,0,1393,696552,0
40,large_leak,0,1394,697047,0
40,large_leak,0,1395,697552,0
40,large_leak,0,1396,698047,0
40,large_leak,0,1397,698552,0
40,large_leak,0,1398,699047,3
40,large_leak,0,1399,699551,29
40,large_leak,0,1400,700048,59
40,large_leak,0,1401,700552,86
40,large_leak,0,1402,701047,119
40,large_leak,0,1403,701552,139
40,large_leak,0,1404,702047,143
40,large_leak,0,1405,702552,167
40,large_leak,0,1406,703047,169
40,large_leak,0,1407,703551,179
40,large_leak,0,1408,704048,167
40,large_leak,0,1409,704551,143
40,large_leak,0,1410,705048,141
40,large_leak,0,1411,705552,167
40,large_leak,0,1412,706047,203
40,large_leak,0,1413,706552,207
40,large_leak,0,1414,707047,211
40,large_leak,0,1415,707551,205
40,large_leak,0,1416,708048,169
40,large_leak,0,1417,708552,167
40,large_leak,0,1418,709047,137
40,large_leak,0,1419,709552,125
40,large_leak,0,1420,710047,110
40,large_leak,0,1421,710552,92
40,large_leak,0,1422,711048,53
40,large_leak,0,1423,711551,95
40,large_leak,0,1424,712048,104
40,large_leak,0,1425,712552,121
40,large_leak,0,1426,713047,105
40,large_leak,0,1427,713552,92
40,large_leak,0,1428,714047,89
40,large_leak,0,1429,714552,104
40,large_leak,0,1430,715047,119
40,large_leak,0,1431,715551,111
40,large_leak,0,1432,716048,108
40,large_leak,0,1433,716552,119
40,large_leak,0,1434,717047,135
40,large_leak,0,1435,717552,120
40,large_leak,0,1436,718047,147
40,large_leak,0,1437,718552,137
40,large_leak,0,1438,719047,113
40,large_leak,0,1439,719551,102
40,large_leak,0,1440,720048,79
40,large_leak,0,1441,720552,69
40,large_leak,0,1442,721047,83
40,large_leak,0,1443,721552,79
40,large_leak,0,1444,722047,61
40,large_leak,0,1445,722552,53
40,large_leak,0,1446,723047,52
40,large_leak,0,1447,723551,67
40,large_leak,0,1448,724048,87
40,large_leak,0,1449,724552,106
40,large_leak,0,1450,725047,112
40,large_leak,0,1451,725552,107
40,large_leak,0,1452,726047,105
40,large_leak,0,1453,726551,107
40,large_leak,0,1454,727048,77
40,large_leak,0,1455,727552,115
40,large_leak,0,1456,728047,123
40,large_leak,0,1457,728552,133
40,large_leak,0,1458,729047,120
40,large_leak,0,1459,729551,108
40,large_leak,0,1460,730048,88
40,large_leak,0,1461,730552,61
40,large_leak,0,1462,731047,18
40,large_leak,0,1463,731552,0
40,large_leak,0,1464,732047,0
40,large_leak,0,1465,732552,0
40,large_leak,0,1466,733047,0
40,large_leak,0,1467,733551,0
40,large_leak,0,1468,734048,0
40,large_leak,0,1469,734552,0
40,large_leak,0,1470,735047,0
40,large_leak,0,1471,735552,0
40,large_leak,0,1472,736047,0
40,large_leak,0,1473,736551,0
40,large_leak,0,1474,737048,0
40,large_leak,0,1475,737551,0
40,large_leak,0,1476,738048,2
40,large_leak,0,1477,738552,53
40,large_leak,0,1478,739047,89
40,large_leak,0,1479,739552,116
40,large_leak,0,1480,740047,141
40,large_leak,0,1481,740552,164
40,large_leak,0,1482,741048,134
40,large_leak,0,1483,741552,125
40,large_leak,0,1484,742048,135
40,large_leak,0,1485,742552,111
40,large_leak,0,1486,743047,124
40,large_leak,0,1487,743552,133
40,large_leak,0,1488,744047,110
40,large_leak,0,1489,744551,93
40,large_leak,0,1490,745048,99
40,large_leak,0,1491,745552,117
40,large_leak,0,1492,746047,120
40,large_leak,0,1493,746552,115
40,large_leak,0,1494,747047,111
40,large_leak,0,1495,747551,121
40,large_leak,0,1496,748048,141
40,large_leak,0,1497,748552,153
40,large_leak,0,1498,749047,151
40,large_leak,0,1499,749552,151
40,large_leak,0,1500,750047,147
40,large_leak,0,1501,750552,111
40,large_leak,0,1502,751047,77
40,large_leak,0,1503,751551,83
40,large_leak,0,1504,752048,56
40,large_leak,0,1505,752552,45
40,large_leak,0,1506,753047,33
40,large_leak,0,1507,753552,8
40,large_leak,0,1508,754047,0
40,large_leak,0,1509,754552,0
40,large_leak,0,1510,755047,7
40,large_leak,0,1511,755551,17
40,large_leak,0,1512,756048,26
40,large_leak,0,1513,756552,69
40,large_leak,0,1514,757047,107
40,large_leak,0,1515,757552,123
40,large_leak,0,1516,758047,135
40,large_leak,0,1517,758552,134
40,large_leak,0,1518,759047,137
40,large_leak,0,1519,759551,151
40,large_leak,0,1520,760048,143
40,large_leak,0,1521,760552,139
40,large_leak,0,1522,761048,136
40,large_leak,0,1523,761552,133
40,large_leak,0,1524,762047,115
40,large_leak,0,1525,762552,121
40,large_leak,0,1526,763047,117
40,large_leak,0,1527,763551,117
40,large_leak,0,1528,764048,108
40,large_leak,0,1529,764552,107
40,large_leak,0,1530,765047,108
40,large_leak,0,1531,765552,111
40,large_leak,0,1532,766047,105
40,large_leak,0,1533,766551,101
40,large_leak,0,1534,767048,105
40,large_leak,0,1535,767552,125
40,large_leak,0,1536,768047,141
40,large_leak,0,1537,768552,153
40,large_leak,0,1538,769047,175
40,large_leak,0,1539,769552,183
40,large_leak,0,1540,770047,169
40,large_leak,0,1541,770551,153
40,large_leak,0,1542,771048,149
40,large_leak,0,1543,771552,139
40,large_leak,0,1544,772047,121
40,large_leak,0,1545,772552,116
40,large_leak,0,1546,773047,132
40,large_leak,0,1547,773551,149
40,large_leak,0,1548,774048,164
40,large_leak,0,1549,774552,183
40,large_leak,0,1550,775047,174
40,large_leak,0,1551,775552,167
40,large_leak,0,1552,776047,168
40,large_leak,0,1553,776552,158
40,large_leak,0,1554,777047,125
40,large_leak,0,1555,777551,105
40,large_leak,0,1556,778048,55
40,large_leak,0,1557,778552,13
40,large_leak,0,1558,779047,5
40,large_leak,0,1559,779552,0
40,large_leak,0,1560,780047,0
40,large_leak,0,1561,780551,0
40,large_leak,0,1562,781048,0
40,large_leak,0,1563,781552,0
40,large_leak,0,1564,782047,0
40,large_leak,0,1565,782552,0
40,large_leak,0,1566,783047,0
40,large_leak,0,1567,783551,0
40,large_leak,0,1568,784048,0
40,large_leak,0,1569,784551,9
40,large_leak,0,1570,785048,16
40,large_leak,0,1571,785552,43
40,large_leak,0,1572,786047,71
40,large_leak,0,1573,786552,79
40,large_leak,0,1574,787047,83
40,large_leak,0,1575,787551,99
40,large_leak,0,1576,788047,124
40,large_leak,0,1577,788551,143
40,large_leak,0,1578,789048,142
40,large_leak,0,1579,789552,124
40,large_leak,0,1580,790047,100
40,large_leak,0,1581,790552,83
40,large_leak,0,1582,791047,57
40,large_leak,0,1583,791552,59
40,large_leak,0,1584,792047,41
40,large_leak,0,1585,792551,31
40,large_leak,0,1586,793048,27
40,large_leak,0,1587,793552,28
40,large_leak,0,1588,794047,23
40,large_leak,0,1589,794552,37
40,large_leak,0,1590,795047,40
40,large_leak,0,1591,795552,60
40,large_leak,0,1592,796047,108
40,large_leak,0,1593,796551,133
40,large_leak,0,1594,797048,169
40,large_leak,0,1595,797552,199
40,large_leak,0,1596,798047,205
40,large_leak,0,1597,798552,223
40,large_leak,0,1598,799047,215
40,large_leak,0,1599,799551,189
40,large_leak,0,1600,800047,184
40,large_leak,0,1601,800551,205
40,large_leak,0,1602,801048,217
40,large_leak,0,1603,801552,233
40,large_leak,0,1604,802047,220
40,large_leak,0,1605,802552,215
40,large_leak,0,1606,803047,201
40,large_leak,0,1607,803551,179
40,large_leak,0,1608,804048,136
40,large_leak,0,1609,804552,118
40,large_leak,0,1610,805047,111
40,large_leak,0,1611,805552,106
40,large_leak,0,1612,806047,103
40,large_leak,0,1613,806552,104
40,large_leak,0,1614,807047,86
40,large_leak,0,1615,807551,71
40,large_leak,0,1616,808048,43
40,large_leak,0,1617,808552,51
40,large_leak,0,1618,809047,47
40,large_leak,0,1619,809552,47
40,large_leak,0,1620,810047,37
40,large_leak,0,1621,810552,18
40,large_leak,0,1622,811047,0
40,large_leak,0,1623,811551,0
40,large_leak,0,1624,812048,0
40,large_leak,0,1625,812552,3
40,large_leak,0,1626,813047,19
40,large_leak,0,1627,813552,58
40,large_leak,0,1628,814047,105
40,large_leak,0,1629,814551,146
40,large_leak,0,1630,815048,167
40,large_leak,0,1631,815552,183
40,large_leak,0,1632,816047,185
40,large_leak,0,1633,816552,179
40,large_leak,0,1634,817047,157
40,large_leak,0,1635,817552,115
40,large_leak,0,1636,818048,78
40,large_leak,0,1637,818552,44
40,large_leak,0,1638,819048,23
40,large_leak,0,1639,819552,17
40,large_leak,0,1640,820047,6
40,large_leak,0,1641,820552,0
40,large_leak,0,1642,821047,22
40,large_leak,0,1643,821551,45
40,large_leak,0,1644,822048,57
40,large_leak,0,1645,822552,67
40,large_leak,0,1646,823047,67
40,large_leak,0,1647,823552,71
40,large_leak,0,1648,824048,54
40,large_leak,0,1649,824551,29
40,large_leak,0,1650,825048,2
40,large_leak,0,1651,825552,0
40,large_leak,0,1652,826047,0
40,large_leak,0,1653,826552,0
40,large_leak,0,1654,827047,0
40,large_leak,0,1655,827552,0
40,large_leak,0,1656,828047,0
40,large_leak,0,1657,828551,7
40,large_leak,0,1658,829048,6
40,large_leak,0,1659,829552,0
40,large_leak,0,1660,830047,0
40,large_leak,0,1661,830552,0
40,large_leak,0,1662,831047,45
40,large_leak,0,1663,831551,61
40,large_leak,0,1664,832048,89
40,large_leak,0,1665,832552,103
40,large_leak,0,1666,833047,127
40,large_leak,0,1667,833552,138
40,large_leak,0,1668,834047,112
40,large_leak,0,1669,834552,72
40,large_leak,0,1670,835048,100
40,large_leak,0,1671,835551,91
40,large_leak,0,1672,836048,85
40,large_leak,0,1673,836552,83
40,large_leak,0,1674,837047,78
40,large_leak,0,1675,837552,83
40,large_leak,0,1676,838047,76
40,large_leak,0,1677,838552,72
40,large_leak,0,1678,839048,77
40,large_leak,0,1679,839551,101
40,large_leak,0,1680,840048,123
40,large_leak,0,1681,840552,136
40,large_leak,0,1682,841047,121
40,large_leak,0,1683,841552,125
40,large_leak,0,1684,842047,139
40,large_leak,0,1685,842551,155
40,large_leak,0,1686,843048,153
40,large_leak,0,1687,843551,165
40,large_leak,0,1688,844048,189
40,large_leak,0,1689,844552,216
40,large_leak,0,1690,845047,218
40,large_leak,0,1691,845552,211
40,large_leak,0,1692,846047,213
40,large_leak,0,1693,846551,227
40,large_leak,0,1694,847048,217
40,large_leak,0,1695,847552,192
40,large_leak,0,1696,848047,181
40,large_leak,0,1697,848552,182
40,large_leak,0,1698,849047,175
40,large_leak,0,1699,849552,171
40,large_leak,0,1700,850047,153
40,large_leak,0,1701,850551,134
40,large_leak,0,1702,851048,119
40,large_leak,0,1703,851552,97
40,large_leak,0,1704,852047,74
40,large_leak,0,1705,852552,70
40,large_leak,0,1706,853047,69
40,large_leak,0,1707,853551,69
40,large_leak,0,1708,854048,63
40,large_leak,0,1709,854552,76
40,large_leak,0,1710,855047,101
40,large_leak,0,1711,855552,135
40,large_leak,0,1712,856047,140
40,large_leak,0,1713,856552,125
40,large_leak,0,1714,857047,120
40,large_leak,0,1715,857551,119
40,large_leak,0,1716,858048,98
40,large_leak,0,1717,858552,69
40,large_leak,0,1718,859047,44
40,large_leak,0,1719,859552,23
40,large_leak,0,1720,860047,25
40,large_leak,0,1721,860552,35
40,large_leak,0,1722,861047,44
40,large_leak,0,1723,861551,47
40,large_leak,0,1724,862048,47
40,large_leak,0,1725,862552,48
40,large_leak,0,1726,863047,59
40,large_leak,0,1727,863552,79
40,large_leak,0,1728,864047,86
40,large_leak,0,1729,864551,109
40,large_leak,0,1730,865048,139
40,large_leak,0,1731,865552,163
40,large_leak,0,1732,866047,182
40,large_leak,0,1733,866552,189
40,large_leak,0,1734,867047,201
40,large_leak,0,1735,867552,205
40,large_leak,0,1736,868047,201
40,large_leak,0,1737,868551,190
40,large_leak,0,1738,869048,173
40,large_leak,0,1739,869552,146
40,large_leak,0,1740,870047,101
40,large_leak,0,1741,870552,53
40,large_leak,0,1742,871047,25
40,large_leak,0,1743,871551,0
40,large_leak,0,1744,872048,0
40,large_leak,0,1745,872552,0
40,large_leak,0,1746,873047,0
40,large_leak,0,1747,873552,0
40,large_leak,0,1748,874047,0
40,large_leak,0,1749,874552,0
40,large_leak,0,1750,875047,0
40,large_leak,0,1751,875551,0
40,large_leak,0,1752,876048,0
40,large_leak,0,1753,876552,0
40,large_leak,0,1754,877047,0
40,large_leak,0,1755,877552,0
40,large_leak,0,1756,878047,0
40,large_leak,0,1757,878551,0
40,large_leak,0,1758,879048,0
40,large_leak,0,1759,879552,0
40,large_leak,0,1760,880047,8
40,large_leak,0,1761,880552,37
40,large_leak,0,1762,881047,59
40,large_leak,0,1763,881552,68
40,large_leak,0,1764,882047,55
40,large_leak,0,1765,882551,59
40,large_leak,0,1766,883048,69
40,large_leak,0,1767,883552,87
40,large_leak,0,1768,884047,90
40,large_leak,0,1769,884552,93
40,large_leak,0,1770,885047,111
40,large_leak,0,1771,885551,127
40,large_leak,0,1772,886048,147
40,large_leak,0,1773,886552,170
40,large_leak,0,1774,887047,159
40,large_leak,0,1775,887552,146
40,large_leak,0,1776,888047,157
40,large_leak,0,1777,888551,181
40,large_leak,0,1778,889048,200
40,large_leak,0,1779,889552,207
40,large_leak,0,1780,890047,205
40,large_leak,0,1781,890552,203
40,large_leak,0,1782,891047,175
40,large_leak,0,1783,891552,153
40,large_leak,0,1784,892047,120
40,large_leak,0,1785,892551,88
40,large_leak,0,1786,893047,83
40,large_leak,0,1787,893551,68
40,large_leak,0,1788,894048,59
40,large_leak,0,1789,894552,27
40,large_leak,0,1790,895047,1
40,large_leak,0,1791,895552,0
40,large_leak,0,1792,896047,0
40,large_leak,0,1793,896552,0
40,large_leak,0,1794,897047,0
40,large_leak,0,1795,897551,0
40,large_leak,0,1796,898048,0
40,large_leak,0,1797,898552,0
40,large_leak,0,1798,899047,0
40,large_leak,0,1799,899552,0
40,large_leak,0,1800,900047,0
40,large_leak,0,1801,900552,0
40,large_leak,0,1802,901047,9
40,large_leak,0,1803,901551,45
40,large_leak,0,1804,902048,46
40,large_leak,0,1805,902552,83
40,large_leak,0,1806,903047,122
40,large_leak,0,1807,903552,189
40,large_leak,0,1808,904047,175
40,large_leak,0,1809,904552,153
40,large_leak,0,1810,905047,123
40,large_leak,0,1811,905551,123
40,large_leak,0,1812,906048,137
40,large_leak,0,1813,906552,156
40,large_leak,0,1814,907047,139
40,large_leak,0,1815,907552,121
40,large_leak,0,1816,908047,125
40,large_leak,0,1817,908552,149
40,large_leak,0,1818,909047,167
40,large_leak,0,1819,909551,177
40,large_leak,0,1820,910048,179
40,large_leak,0,1821,910552,183
40,large_leak,0,1822,911047,184
40,large_leak,0,1823,911552,175
40,large_leak,0,1824,912047,167
40,large_leak,0,1825,912552,165
40,large_leak,0,1826,913047,168
40,large_leak,0,1827,913552,182
40,large_leak,0,1828,914047,191
40,large_leak,0,1829,914551,188
40,large_leak,0,1830,915048,168
40,large_leak,0,1831,915552,155
40,large_leak,0,1832,916047,140
40,large_leak,0,1833,916552,109
40,large_leak,0,1834,917047,77
40,large_leak,0,1835,917551,47
40,large_leak,0,1836,918048,10
40,large_leak,0,1837,918551,0
40,large_leak,0,1838,919048,0
40,large_leak,0,1839,919552,0
40,large_leak,0,1840,920047,0
40,large_leak,0,1841,920552,0
40,large_leak,0,1842,921047,0
40,large_leak,0,1843,921552,0
40,large_leak,0,1844,922047,0
40,large_leak,0,1845,922551,0
40,large_leak,0,1846,923047,0
40,large_leak,0,1847,923551,0
40,large_leak,0,1848,924048,0
40,large_leak,0,1849,924552,0
40,large_leak,0,1850,925047,0
40,large_leak,0,1851,925552,0
40,large_leak,0,1852,926047,0
40,large_leak,0,1853,926552,0
40,large_leak,0,1854,927047,0
40,large_leak,0,1855,927552,0
40,large_leak,0,1856,928047,0
40,large_leak,0,1857,928551,0
40,large_leak,0,1858,929048,0
40,large_leak,0,1859,929552,0
40,large_leak,0,1860,930047,53
40,large_leak,0,1861,930552,111
40,large_leak,0,1862,931047,168
40,large_leak,0,1863,931551,213
40,large_leak,0,1864,932048,232
40,large_leak,0,1865,932552,239
40,large_leak,0,1866,933048,239
40,large_leak,0,1867,933552,233
40,large_leak,0,1868,934047,231
40,large_leak,0,1869,934552,205
40,large_leak,0,1870,935047,169
40,large_leak,0,1871,935551,142
40,large_leak,0,1872,936048,101
40,large_leak,0,1873,936552,89
40,large_leak,0,1874,937047,68
40,large_leak,0,1875,937552,51
40,large_leak,0,1876,938047,27
40,large_leak,0,1877,938551,39
40,large_leak,0,1878,939048,19
40,large_leak,0,1879,939552,0
40,large_leak,0,1880,940047,3
40,large_leak,0,1881,940552,0
40,large_leak,0,1882,941047,0
40,large_leak,0,1883,941552,0
40,large_leak,0,1884,942047,0
40,large_leak,0,1885,942551,0
40,large_leak,0,1886,943048,0
40,large_leak,0,1887,943552,0
40,large_leak,0,1888,944047,0
40,large_leak,0,1889,944552,0
40,large_leak,0,1890,945047,0
40,large_leak,0,1891,945551,0
40,large_leak,0,1892,946048,0
40,large_leak,0,1893,946551,23
40,large_leak,0,1894,947048,71
40,large_leak,0,1895,947552,125
40,large_leak,0,1896,948047,139
40,large_leak,0,1897,948552,165
40,large_leak,0,1898,949047,186
40,large_leak,0,1899,949551,203
40,large_leak,0,1900,950048,199
40,large_leak,0,1901,950552,173
40,large_leak,0,1902,951047,163
40,large_leak,0,1903,951552,150
40,large_leak,0,1904,952047,139
40,large_leak,0,1905,952551,139
40,large_leak,0,1906,953048,139
40,large_leak,0,1907,953552,133
40,large_leak,0,1908,954048,133
40,large_leak,0,1909,954552,122
40,large_leak,0,1910,955047,136
40,large_leak,0,1911,955552,115
40,large_leak,0,1912,956047,109
40,large_leak,0,1913,956551,119
40,large_leak,0,1914,957047,125
40,large_leak,0,1915,957551,119
40,large_leak,0,1916,958048,86
40,large_leak,0,1917,958552,57
40,large_leak,0,1918,959047,42
40,large_leak,0,1919,959552,25
40,large_leak,0,1920,960047,27
40,large_leak,0,1921,960552,31
40,large_leak,0,1922,961047,31
40,large_leak,0,1923,961551,68
40,large_leak,0,1924,962048,104
40,large_leak,0,1925,962552,146
40,large_leak,0,1926,963047,172
40,large_leak,0,1927,963552,185
40,large_leak,0,1928,964047,200
40,large_leak,0,1929,964552,211
40,large_leak,0,1930,965047,205
40,large_leak,0,1931,965552,175
40,large_leak,0,1932,966048,157
40,large_leak,0,1933,966551,137
40,large_leak,0,1934,967048,104
40,large_leak,0,1935,967552,91
40,large_leak,0,1936,968047,100
40,large_leak,0,1937,968552,99
40,large_leak,0,1938,969047,99
40,large_leak,0,1939,969551,107
40,large_leak,0,1940,970048,109
40,large_leak,0,1941,970552,125
40,large_leak,0,1942,971047,141
40,large_leak,0,1943,971552,123
40,large_leak,0,1944,972047,117
40,large_leak,0,1945,972552,147
40,large_leak,0,1946,973047,117
40,large_leak,0,1947,973552,85
40,large_leak,0,1948,974047,26
40,large_leak,0,1949,974551,5
40,large_leak,0,1950,975048,0
40,large_leak,0,1951,975552,0
40,large_leak,0,1952,976047,39
40,large_leak,0,1953,976552,31
40,large_leak,0,1954,977047,68
40,large_leak,0,1955,977552,57
40,large_leak,0,1956,978047,91
40,large_leak,0,1957,978551,139
40,large_leak,0,1958,979048,143
40,large_leak,0,1959,979552,141
40,large_leak,0,1960,980047,137
40,large_leak,0,1961,980552,118
40,large_leak,0,1962,981047,101
40,large_leak,0,1963,981552,87
40,large_leak,0,1964,982047,67
40,large_leak,0,1965,982551,59
40,large_leak,0,1966,983048,33
40,large_leak,0,1967,983552,6
40,large_leak,0,1968,984047,17
40,large_leak,0,1969,984552,28
40,large_leak,0,1970,985047,23
40,large_leak,0,1971,985551,45
40,large_leak,0,1972,986048,51
40,large_leak,0,1973,986551,89
40,large_leak,0,1974,987048,121
40,large_leak,0,1975,987552,154
40,large_leak,0,1976,988047,189
40,large_leak,0,1977,988552,216
40,large_leak,0,1978,989047,233
40,large_leak,0,1979,989552,261
40,large_leak,0,1980,990047,281
40,large_leak,0,1981,990551,297
40,large_leak,0,1982,991048,299
40,large_leak,0,1983,991552,287
40,large_leak,0,1984,992047,291
40,large_leak,0,1985,992552,291
40,large_leak,0,1986,993047,309
40,large_leak,0,1987,993552,303
40,large_leak,0,1988,994047,309
40,large_leak,0,1989,994551,299
40,large_leak,0,1990,995048,287
40,large_leak,0,1991,995552,269
40,large_leak,0,1992,996047,239
40,large_leak,0,1993,996552,205
40,large_leak,0,1994,997047,155
40,large_leak,0,1995,997552,125
40,large_leak,0,1996,998047,115
40,large_leak,0,1997,998551,91
40,large_leak,0,1998,999048,51
40,large_leak,0,1999,999552,30
40,large_leak,1,0,49,104
40,large_leak,1,1,547,99
40,large_leak,1,2,1047,98
40,large_leak,1,3,1547,93
40,large_leak,1,4,2047,89
40,large_leak,1,5,2547,100
40,large_leak,1,6,3047,98
40,large_leak,1,7,3547,117
40,large_leak,1,8,4047,148
40,large_leak,1,9,4547,199
40,large_leak,1,10,5047,221
40,large_leak,1,11,5547,234
40,large_leak,1,12,6047,229
40,large_leak,1,13,6547,222
40,large_leak,1,14,7047,213
40,large_leak,1,15,7547,200
40,large_leak,1,16,8047,173
40,large_leak,1,17,8547,148
40,large_leak,1,18,9047,123
40,large_leak,1,19,9547,99
40,large_leak,1,20,10047,73
40,large_leak,1,21,10547,69
40,large_leak,1,22,11047,83
40,large_leak,1,23,11547,87
40,large_leak,1,24,12047,88
40,large_leak,1,25,12547,83
40,large_leak,1,26,13047,77
40,large_leak,1,27,13547,83
40,large_leak,1,28,14047,85
40,large_leak,1,29,14547,75
40,large_leak,1,30,15047,69
40,large_leak,1,31,15547,61
40,large_leak,1,32,16047,59
40,large_leak,1,33,16547,40
40,large_leak,1,34,17047,21
40,large_leak,1,35,17547,9
40,large_leak,1,36,18047,0
40,large_leak,1,37,18547,0
40,large_leak,1,38,19047,0
40,large_leak,1,39,19547,0
40,large_leak,1,40,20047,0
40,large_leak,1,41,20547,0
40,large_leak,1,42,21047,0
40,large_leak,1,43,21547,0
40,large_leak,1,44,22047,0
40,large_leak,1,45,22547,0
40,large_leak,1,46,23047,0
40,large_leak,1,47,23547,0
40,large_leak,1,48,24047,0
40,large_leak,1,49,24547,0
40,large_leak,1,50,25047,0
40,large_leak,1,51,25547,0
40,large_leak,1,52,26047,0
40,large_leak,1,53,26547,0
40,large_leak,1,54,27047,22
40,large_leak,1,55,27547,40
40,large_leak,1,56,28047,18
40,large_leak,1,57,28547,27
40,large_leak,1,58,29047,26
40,large_leak,1,59,29547,17
40,large_leak,1,60,30047,13
40,large_leak,1,61,30547,39
40,large_leak,1,62,31047,53
40,large_leak,1,63,31547,59
40,large_leak,1,64,32047,83
40,large_leak,1,65,32547,87
40,large_leak,1,66,33047,78
40,large_leak,1,67,33547,89
40,large_leak,1,68,34047,88
40,large_leak,1,69,34547,77
40,large_leak,1,70,35047,41
40,large_leak,1,71,35547,17
40,large_leak,1,72,36047,0
40,large_leak,1,73,36547,0
40,large_leak,1,74,37047,0
40,large_leak,1,75,37547,0
40,large_leak,1,76,38047,0
40,large_leak,1,77,38547,0
40,large_leak,1,78,39047,0
40,large_leak,1,79,39547,0
40,large_leak,1,80,40047,0
40,large_leak,1,81,40547,0
40,large_leak,1,82,41047,0
40,large_leak,1,83,41547,0
40,large_leak,1,84,42047,41
40,large_leak,1,85,42547,83
40,large_leak,1,86,43047,105
40,large_leak,1,87,43547,125
40,large_leak,1,88,44047,143
40,large_leak,1,89,44547,173
40,large_leak,1,90,45047,168
40,large_leak,1,91,45547,149
40,large_leak,1,92,46047,153
40,large_leak,1,93,46547,155
40,large_leak,1,94,47047,153
40,large_leak,1,95,47547,149
40,large_leak,1,96,48047,127
40,large_leak,1,97,48547,102
40,large_leak,1,98,49047,71
40,large_leak,1,99,49547,41
40,large_leak,1,100,50047,19
40,large_leak,1,101,50547,0
40,large_leak,1,102,51047,0
40,large_leak,1,103,51547,0
40,large_leak,1,104,52047,7
40,large_leak,1,105,52547,21
40,large_leak,1,106,53047,29
40,large_leak,1,107,53547,37
40,large_leak,1,108,54047,30
40,large_leak,1,109,54547,35
40,large_leak,1,110,55047,31
40,large_leak,1,111,55547,21
40,large_leak,1,112,56047,19
40,large_leak,1,113,56547,25
40,large_leak,1,114,57047,51
40,large_leak,1,115,57547,83
40,large_leak,1,116,58047,97
40,large_leak,1,117,58547,95
40,large_leak,1,118,59047,105
40,large_leak,1,119,59547,119
40,large_leak,1,120,60047,137
40,large_leak,1,121,60547,141
40,large_leak,1,122,61047,135
40,large_leak,1,123,61547,119
40,large_leak,1,124,62047,121
40,large_leak,1,125,62547,141
40,large_leak,1,126,63047,149
40,large_leak,1,127,63547,141
40,large_leak,1,128,64047,133
40,large_leak,1,129,64547,115
40,large_leak,1,130,65047,107
40,large_leak,1,131,65547,91
40,large_leak,1,132,66047,84
40,large_leak,1,133,66547,77
40,large_leak,1,134,67047,63
40,large_leak,1,135,67547,51
40,large_leak,1,136,68047,45
40,large_leak,1,137,68547,50
40,large_leak,1,138,69047,63
40,large_leak,1,139,69547,76
40,large_leak,1,140,70047,101
40,large_leak,1,141,70547,120
40,large_leak,1,142,71047,127
40,large_leak,1,143,71547,124
40,large_leak,1,144,72047,133
40,large_leak,1,145,72547,153
40,large_leak,1,146,73047,137
40,large_leak,1,147,73547,122
40,large_leak,1,148,74047,105
40,large_leak,1,149,74547,91
40,large_leak,1,150,75047,92
40,large_leak,1,151,75547,93
40,large_leak,1,152,76047,98
40,large_leak,1,153,76547,95
40,large_leak,1,154,77047,73
40,large_leak,1,155,77547,57
40,large_leak,1,156,78047,45
40,large_leak,1,157,78547,33
40,large_leak,1,158,79047,22
40,large_leak,1,159,79547,19
40,large_leak,1,160,80047,33
40,large_leak,1,161,80547,58
40,large_leak,1,162,81047,91
40,large_leak,1,163,81547,117
40,large_leak,1,164,82047,157
40,large_leak,1,165,82547,201
40,large_leak,1,166,83047,226
40,large_leak,1,167,83547,245
40,large_leak,1,168,84047,247
40,large_leak,1,169,84547,234
40,large_leak,1,170,85047,217
40,large_leak,1,171,85547,201
40,large_leak,1,172,86047,187
40,large_leak,1,173,86547,188
40,large_leak,1,174,87047,183
40,large_leak,1,175,87547,188
40,large_leak,1,176,88047,191
40,large_leak,1,177,88547,168
40,large_leak,1,178,89047,159
40,large_leak,1,179,89547,157
40,large_leak,1,180,90047,159
40,large_leak,1,181,90547,181
40,large_leak,1,182,91047,163
40,large_leak,1,183,91547,157
40,large_leak,1,184,92047,157
40,large_leak,1,185,92547,151
40,large_leak,1,186,93047,148
40,large_leak,1,187,93547,149
40,large_leak,1,188,94047,157
40,large_leak,1,189,94547,153
40,large_leak,1,190,95047,137
40,large_leak,1,191,95547,107
40,large_leak,1,192,96047,74
40,large_leak,1,193,96547,60
40,large_leak,1,194,97047,53
40,large_leak,1,195,97547,47
40,large_leak,1,196,98047,33
40,large_leak,1,197,98547,18
40,large_leak,1,198,99047,18
40,large_leak,1,199,99547,10
40,large_leak,1,200,100047,45
40,large_leak,1,201,100547,71
40,large_leak,1,202,101047,89
40,large_leak,1,203,101547,109
40,large_leak,1,204,102047,101
40,large_leak,1,205,102547,82
40,large_leak,1,206,103047,99
40,large_leak,1,207,103547,122
40,large_leak,1,208,104047,125
40,large_leak,1,209,104547,137
40,large_leak,1,210,105047,125
40,large_leak,1,211,105547,135
40,large_leak,1,212,106047,122
40,large_leak,1,213,106547,95
40,large_leak,1,214,107047,83
40,large_leak,1,215,107547,71
40,large_leak,1,216,108047,53
40,large_leak,1,217,108547,37
40,large_leak,1,218,109047,43
40,large_leak,1,219,109547,39
40,large_leak,1,220,110047,5
40,large_leak,1,221,110547,61
40,large_leak,1,222,111047,61
40,large_leak,1,223,111547,103
40,large_leak,1,224,112047,120
40,large_leak,1,225,112547,155
40,large_leak,1,226,113047,184
40,large_leak,1,227,113547,215
40,large_leak,1,228,114047,217
40,large_leak,1,229,114547,231
40,large_leak,1,230,115047,250
40,large_leak,1,231,115547,253
40,large_leak,1,232,116047,269
40,large_leak,1,233,116547,252
40,large_leak,1,234,117047,223
40,large_leak,1,235,117547,200
40,large_leak,1,236,118047,181
40,large_leak,1,237,118547,154
40,large_leak,1,238,119047,103
40,large_leak,1,239,119547,92
40,large_leak,1,240,120047,77
40,large_leak,1,241,120547,67
40,large_leak,1,242,121047,73
40,large_leak,1,243,121547,55
40,large_leak,1,244,122047,55
40,large_leak,1,245,122547,79
40,large_leak,1,246,123047,110
40,large_leak,1,247,123547,133
40,large_leak,1,248,124047,143
40,large_leak,1,249,124547,147
40,large_leak,1,250,125047,141
40,large_leak,1,251,125547,135
40,large_leak,1,252,126047,139
40,large_leak,1,253,126547,136
40,large_leak,1,254,127047,105
40,large_leak,1,255,127547,61
40,large_leak,1,256,128047,43
40,large_leak,1,257,128547,47
40,large_leak,1,258,129047,26
40,large_leak,1,259,129547,26
40,large_leak,1,260,130047,51
40,large_leak,1,261,130547,67
40,large_leak,1,262,131047,107
40,large_leak,1,263,131547,165
40,large_leak,1,264,132047,186
40,large_leak,1,265,132547,184
40,large_leak,1,266,133047,200
40,large_leak,1,267,133547,213
40,large_leak,1,268,134047,205
40,large_leak,1,269,134547,181
40,large_leak,1,270,135047,151
40,large_leak,1,271,135547,108
40,large_leak,1,272,136047,85
40,large_leak,1,273,136547,54
40,large_leak,1,274,137047,19
40,large_leak,1,275,137547,0
40,large_leak,1,276,138047,0
40,large_leak,1,277,138547,0
40,large_leak,1,278,139047,0
40,large_leak,1,279,139547,0
40,large_leak,1,280,140047,0
40,large_leak,1,281,140547,21
40,large_leak,1,282,141047,41
40,large_leak,1,283,141547,68
40,large_leak,1,284,142047,71
40,large_leak,1,285,142547,61
40,large_leak,1,286,143047,61
40,large_leak,1,287,143547,62
40,large_leak,1,288,144047,69
40,large_leak,1,289,144547,75
40,large_leak,1,290,145047,71
40,large_leak,1,291,145547,69
40,large_leak,1,292,146047,47
40,large_leak,1,293,146547,28
40,large_leak,1,294,147047,19
40,large_leak,1,295,147547,1
40,large_leak,1,296,148047,0
40,large_leak,1,297,148547,0
40,large_leak,1,298,149047,0
40,large_leak,1,299,149547,0
40,large_leak,1,300,150047,0
40,large_leak,1,301,150547,45
40,large_leak,1,302,151047,83
40,large_leak,1,303,151547,107
40,large_leak,1,304,152047,141
40,large_leak,1,305,152547,177
40,large_leak,1,306,153047,216
40,large_leak,1,307,153547,227
40,large_leak,1,308,154047,231
40,large_leak,1,309,154547,205
40,large_leak,1,310,155047,174
40,large_leak,1,311,155547,143
40,large_leak,1,312,156047,119
40,large_leak,1,313,156547,91
40,large_leak,1,314,157047,70
40,large_leak,1,315,157547,47
40,large_leak,1,316,158047,30
40,large_leak,1,317,158547,29
40,large_leak,1,318,159047,26
40,large_leak,1,319,159547,26
40,large_leak,1,320,160047,18
40,large_leak,1,321,160547,0
40,large_leak,1,322,161047,0
40,large_leak,1,323,161547,0
40,large_leak,1,324,162047,0
40,large_leak,1,325,162547,0
40,large_leak,1,326,163047,0
40,large_leak,1,327,163547,0
40,large_leak,1,328,164047,0
40,large_leak,1,329,164547,23
40,large_leak,1,330,165047,61
40,large_leak,1,331,165547,109
40,large_leak,1,332,166047,153
40,large_leak,1,333,166547,174
40,large_leak,1,334,167047,204
40,large_leak,1,335,167547,221
40,large_leak,1,336,168047,238
40,large_leak,1,337,168547,238
40,large_leak,1,338,169047,226
40,large_leak,1,339,169547,207
40,large_leak,1,340,170047,200
40,large_leak,1,341,170547,190
40,large_leak,1,342,171047,185
40,large_leak,1,343,171547,182
40,large_leak,1,344,172047,171
40,large_leak,1,345,172547,164
40,large_leak,1,346,173047,157
40,large_leak,1,347,173547,141
40,large_leak,1,348,174047,121
40,large_leak,1,349,174547,98
40,large_leak,1,350,175047,79
40,large_leak,1,351,175547,77
40,large_leak,1,352,176047,83
40,large_leak,1,353,176547,83
40,large_leak,1,354,177047,88
40,large_leak,1,355,177547,98
40,large_leak,1,356,178047,99
40,large_leak,1,357,178547,103
40,large_leak,1,358,179047,108
40,large_leak,1,359,179547,103
40,large_leak,1,360,180047,89
40,large_leak,1,361,180547,75
40,large_leak,1,362,181047,82
40,large_leak,1,363,181547,58
40,large_leak,1,364,182047,56
40,large_leak,1,365,182547,43
40,large_leak,1,366,183047,39
40,large_leak,1,367,183547,19
40,large_leak,1,368,184047,43
40,large_leak,1,369,184547,40
40,large_leak,1,370,185047,45
40,large_leak,1,371,185547,39
40,large_leak,1,372,186047,27
40,large_leak,1,373,186547,19
40,large_leak,1,374,187047,0
40,large_leak,1,375,187547,0
40,large_leak,1,376,188047,4
40,large_leak,1,377,188547,0
40,large_leak,1,378,189047,3
40,large_leak,1,379,189547,7
40,large_leak,1,380,190047,5
40,large_leak,1,381,190547,4
40,large_leak,1,382,191047,10
40,large_leak,1,383,191547,0
40,large_leak,1,384,192047,0
40,large_leak,1,385,192547,0
40,large_leak,1,386,193047,0
40,large_leak,1,387,193547,0
40,large_leak,1,388,194047,0
40,large_leak,1,389,194547,0
40,large_leak,1,390,195047,0
40,large_leak,1,391,195547,0
40,large_leak,1,392,196047,11
40,large_leak,1,393,196547,29
40,large_leak,1,394,197047,53
40,large_leak,1,395,197547,87
40,large_leak,1,396,198047,117
40,large_leak,1,397,198547,146
40,large_leak,1,398,199047,173
40,large_leak,1,399,199547,199
40,large_leak,1,400,200047,192
40,large_leak,1,401,200547,173
40,large_leak,1,402,201047,157
40,large_leak,1,403,201547,139
40,large_leak,1,404,202047,119
40,large_leak,1,405,202547,101
40,large_leak,1,406,203047,83
40,large_leak,1,407,203547,69
40,large_leak,1,408,204047,71
40,large_leak,1,409,204547,85
40,large_leak,1,410,205047,101
40,large_leak,1,411,205547,108
40,large_leak,1,412,206047,117
40,large_leak,1,413,206547,115
40,large_leak,1,414,207047,123
40,large_leak,1,415,207547,139
40,large_leak,1,416,208047,99
40,large_leak,1,417,208547,53
40,large_leak,1,418,209047,78
40,large_leak,1,419,209547,44
40,large_leak,1,420,210047,25
40,large_leak,1,421,210547,6
40,large_leak,1,422,211047,0
40,large_leak,1,423,211547,0
40,large_leak,1,424,212047,0
40,large_leak,1,425,212547,0
40,large_leak,1,426,213047,0
40,large_leak,1,427,213547,0
40,large_leak,1,428,214047,0
40,large_leak,1,429,214547,0
40,large_leak,1,430,215047,0
40,large_leak,1,431,215547,27
40,large_leak,1,432,216047,53
40,large_leak,1,433,216547,58
40,large_leak,1,434,217047,69
40,large_leak,1,435,217547,75
40,large_leak,1,436,218047,95
40,large_leak,1,437,218547,115
40,large_leak,1,438,219047,110
40,large_leak,1,439,219547,133
40,large_leak,1,440,220047,157
40,large_leak,1,441,220547,154
40,large_leak,1,442,221047,174
40,large_leak,1,443,221547,192
40,large_leak,1,444,222047,219
40,large_leak,1,445,222547,247
40,large_leak,1,446,223047,253
40,large_leak,1,447,223547,243
40,large_leak,1,448,224047,239
40,large_leak,1,449,224547,245
40,large_leak,1,450,225047,236
40,large_leak,1,451,225547,225
40,large_leak,1,452,226047,183
40,large_leak,1,453,226547,149
40,large_leak,1,454,227047,127
40,large_leak,1,455,227547,111
40,large_leak,1,456,228047,104
40,large_leak,1,457,228547,81
40,large_leak,1,458,229047,56
40,large_leak,1,459,229547,63
40,large_leak,1,460,230047,69
40,large_leak,1,461,230547,73
40,large_leak,1,462,231047,91
40,large_leak,1,463,231547,117
40,large_leak,1,464,232047,135
40,large_leak,1,465,232547,151
40,large_leak,1,466,233047,159
40,large_leak,1,467,233547,170
40,large_leak,1,468,234047,157
40,large_leak,1,469,234547,151
40,large_leak,1,470,235047,137
40,large_leak,1,471,235547,125
40,large_leak,1,472,236047,105
40,large_leak,1,473,236547,78
40,large_leak,1,474,237047,57
40,large_leak,1,475,237547,56
40,large_leak,1,476,238047,61
40,large_leak,1,477,238547,67
40,large_leak,1,478,239047,59
40,large_leak,1,479,239547,69
40,large_leak,1,480,240047,75
40,large_leak,1,481,240547,67
40,large_leak,1,482,241047,77
40,large_leak,1,483,241547,83
40,large_leak,1,484,242047,79
40,large_leak,1,485,242547,84
40,large_leak,1,486,243047,85
40,large_leak,1,487,243547,73
40,large_leak,1,488,244047,53
40,large_leak,1,489,244547,45
40,large_leak,1,490,245047,44
40,large_leak,1,491,245547,35
40,large_leak,1,492,246047,36
40,large_leak,1,493,246547,39
40,large_leak,1,494,247047,25
40,large_leak,1,495,247547,20
40,large_leak,1,496,248047,27
40,large_leak,1,497,248547,51
40,large_leak,1,498,249047,72
40,large_leak,1,499,249547,87
40,large_leak,1,500,250047,91
40,large_leak,1,501,250547,107
40,large_leak,1,502,251047,152
40,large_leak,1,503,251547,183
40,large_leak,1,504,252047,184
40,large_leak,1,505,252547,185
40,large_leak,1,506,253047,188
40,large_leak,1,507,253547,183
40,large_leak,1,508,254047,191
40,large_leak,1,509,254547,183
40,large_leak,1,510,255047,146
40,large_leak,1,511,255547,115
40,large_leak,1,512,256047,101
40,large_leak,1,513,256547,73
40,large_leak,1,514,257047,61
40,large_leak,1,515,257547,41
40,large_leak,1,516,258047,21
40,large_leak,1,517,258547,11
40,large_leak,1,518,259047,6
40,large_leak,1,519,259547,12
40,large_leak,1,520,260047,25
40,large_leak,1,521,260547,46
40,large_leak,1,522,261047,60
40,large_leak,1,523,261547,57
40,large_leak,1,524,262047,61
40,large_leak,1,525,262547,85
40,large_leak,1,526,263047,107
40,large_leak,1,527,263547,109
40,large_leak,1,528,264047,105
40,large_leak,1,529,264547,103
40,large_leak,1,530,265047,73
40,large_leak,1,531,265547,40
40,large_leak,1,532,266047,16
40,large_leak,1,533,266547,0
40,large_leak,1,534,267047,0
40,large_leak,1,535,267547,0
40,large_leak,1,536,268047,0
40,large_leak,1,537,268547,0
40,large_leak,1,538,269047,0
40,large_leak,1,539,269547,0
40,large_leak,1,540,270047,0
40,large_leak,1,541,270547,20
40,large_leak,1,542,271047,27
40,large_leak,1,543,271547,47
40,large_leak,1,544,272047,69
40,large_leak,1,545,272547,83
40,large_leak,1,546,273047,91
40,large_leak,1,547,273547,87
40,large_leak,1,548,274047,86
40,large_leak,1,549,274547,92
40,large_leak,1,550,275047,95
40,large_leak,1,551,275547,103
40,large_leak,1,552,276047,133
40,large_leak,1,553,276547,135
40,large_leak,1,554,277047,105
40,large_leak,1,555,277547,78
40,large_leak,1,556,278047,53
40,large_leak,1,557,278547,33
40,large_leak,1,558,279047,21
40,large_leak,1,559,279547,3
40,large_leak,1,560,280047,0
40,large_leak,1,561,280547,0
40,large_leak,1,562,281047,0
40,large_leak,1,563,281547,0
40,large_leak,1,564,282047,0
40,large_leak,1,565,282547,0
40,large_leak,1,566,283047,0
40,large_leak,1,567,283547,41
40,large_leak,1,568,284047,53
40,large_leak,1,569,284547,73
40,large_leak,1,570,285047,55
40,large_leak,1,571,285547,25
40,large_leak,1,572,286047,51
40,large_leak,1,573,286547,43
40,large_leak,1,574,287047,7
40,large_leak,1,575,287547,0
40,large_leak,1,576,288047,0
40,large_leak,1,577,288547,0
40,large_leak,1,578,289047,0
40,large_leak,1,579,289547,0
40,large_leak,1,580,290047,0
40,large_leak,1,581,290547,0
40,large_leak,1,582,291047,79
40,large_leak,1,583,291547,136
40,large_leak,1,584,292047,187
40,large_leak,1,585,292547,247
40,large_leak,1,586,293047,299
40,large_leak,1,587,293547,354
40,large_leak,1,588,294047,395
40,large_leak,1,589,294547,392
40,large_leak,1,590,295047,380
40,large_leak,1,591,295547,389
40,large_leak,1,592,296047,378
40,large_leak,1,593,296547,359
40,large_leak,1,594,297047,333
40,large_leak,1,595,297547,317
40,large_leak,1,596,298047,315
40,large_leak,1,597,298547,306
40,large_leak,1,598,299047,283
40,large_leak,1,599,299547,252
40,large_leak,1,600,300047,214
40,large_leak,1,601,300547,189
40,large_leak,1,602,301047,180
40,large_leak,1,603,301547,133
40,large_leak,1,604,302047,93
40,large_leak,1,605,302547,123
40,large_leak,1,606,303047,121
40,large_leak,1,607,303547,169
40,large_leak,1,608,304047,137
40,large_leak,1,609,304547,103
40,large_leak,1,610,305047,100
40,large_leak,1,611,305547,91
40,large_leak,1,612,306047,86
40,large_leak,1,613,306547,57
40,large_leak,1,614,307047,71
40,large_leak,1,615,307547,76
40,large_leak,1,616,308047,58
40,large_leak,1,617,308547,45
40,large_leak,1,618,309047,47
40,large_leak,1,619,309547,47
40,large_leak,1,620,310047,43
40,large_leak,1,621,310547,38
40,large_leak,1,622,311047,29
40,large_leak,1,623,311547,24
40,large_leak,1,624,312047,7
40,large_leak,1,625,312547,0
40,large_leak,1,626,313047,0
40,large_leak,1,627,313547,0
40,large_leak,1,628,314047,26
40,large_leak,1,629,314547,27
40,large_leak,1,630,315047,7
40,large_leak,1,631,315547,30
40,large_leak,1,632,316047,77
40,large_leak,1,633,316547,106
40,large_leak,1,634,317047,111
40,large_leak,1,635,317547,88
40,large_leak,1,636,318047,107
40,large_leak,1,637,318547,135
40,large_leak,1,638,319047,156
40,large_leak,1,639,319547,134
40,large_leak,1,640,320047,93
40,large_leak,1,641,320547,73
40,large_leak,1,642,321047,53
40,large_leak,1,643,321547,28
40,large_leak,1,644,322047,9
40,large_leak,1,645,322547,0
40,large_leak,1,646,323047,0
40,large_leak,1,647,323547,6
40,large_leak,1,648,324047,46
40,large_leak,1,649,324547,74
40,large_leak,1,650,325047,91
40,large_leak,1,651,325547,126
40,large_leak,1,652,326047,168
40,large_leak,1,653,326547,189
40,large_leak,1,654,327047,203
40,large_leak,1,655,327547,200
40,large_leak,1,656,328047,185
40,large_leak,1,657,328547,159
40,large_leak,1,658,329047,131
40,large_leak,1,659,329547,107
40,large_leak,1,660,330047,93
40,large_leak,1,661,330547,85
40,large_leak,1,662,331047,79
40,large_leak,1,663,331547,68
40,large_leak,1,664,332047,55
40,large_leak,1,665,332547,45
40,large_leak,1,666,333047,46
40,large_leak,1,667,333547,55
40,large_leak,1,668,334047,62
40,large_leak,1,669,334547,67
40,large_leak,1,670,335047,53
40,large_leak,1,671,335547,38
40,large_leak,1,672,336047,25
40,large_leak,1,673,336548,6
40,large_leak,1,674,337047,0
40,large_leak,1,675,337547,2
40,large_leak,1,676,338047,11
40,large_leak,1,677,338547,20
40,large_leak,1,678,339047,45
40,large_leak,1,679,339547,85
40,large_leak,1,680,340047,109
40,large_leak,1,681,340547,135
40,large_leak,1,682,341047,149
40,large_leak,1,683,341547,165
40,large_leak,1,684,342047,183
40,large_leak,1,685,342547,203
40,large_leak,1,686,343047,214
40,large_leak,1,687,343547,199
40,large_leak,1,688,344047,189
40,large_leak,1,689,344547,167
40,large_leak,1,690,345047,134
40,large_leak,1,691,345547,116
40,large_leak,1,692,346047,125
40,large_leak,1,693,346547,119
40,large_leak,1,694,347047,127
40,large_leak,1,695,347547,140
40,large_leak,1,696,348047,143
40,large_leak,1,697,348547,151
40,large_leak,1,698,349047,149
40,large_leak,1,699,349547,152
40,large_leak,1,700,350047,148
40,large_leak,1,701,350547,155
40,large_leak,1,702,351047,149
40,large_leak,1,703,351547,147
40,large_leak,1,704,352047,137
40,large_leak,1,705,352547,124
40,large_leak,1,706,353047,107
40,large_leak,1,707,353547,80
40,large_leak,1,708,354047,56
40,large_leak,1,709,354547,37
40,large_leak,1,710,355047,19
40,large_leak,1,711,355547,21
40,large_leak,1,712,356047,41
40,large_leak,1,713,356547,43
40,large_leak,1,714,357047,45
40,large_leak,1,715,357547,45
40,large_leak,1,716,358047,47
40,large_leak,1,717,358547,52
40,large_leak,1,718,359047,74
40,large_leak,1,719,359547,60
40,large_leak,1,720,360047,55
40,large_leak,1,721,360547,35
40,large_leak,1,722,361047,11
40,large_leak,1,723,361547,0
40,large_leak,1,724,362047,0
40,large_leak,1,725,362547,0
40,large_leak,1,726,363047,0
40,large_leak,1,727,363547,13
40,large_leak,1,728,364047,9
40,large_leak,1,729,364547,0
40,large_leak,1,730,365047,0
40,large_leak,1,731,365547,0
40,large_leak,1,732,366047,19
40,large_leak,1,733,366547,28
40,large_leak,1,734,367047,19
40,large_leak,1,735,367547,9
40,large_leak,1,736,368047,13
40,large_leak,1,737,368547,11
40,large_leak,1,738,369047,1
40,large_leak,1,739,369547,3
40,large_leak,1,740,370047,8
40,large_leak,1,741,370547,16
40,large_leak,1,742,371047,25
40,large_leak,1,743,371547,29
40,large_leak,1,744,372047,33
40,large_leak,1,745,372547,11
40,large_leak,1,746,373047,0
40,large_leak,1,747,373547,0
40,large_leak,1,748,374047,0
40,large_leak,1,749,374547,0
40,large_leak,1,750,375047,0
40,large_leak,1,751,375547,0
40,large_leak,1,752,376047,11
40,large_leak,1,753,376547,51
40,large_leak,1,754,377047,89
40,large_leak,1,755,377547,125
40,large_leak,1,756,378047,160
40,large_leak,1,757,378547,171
40,large_leak,1,758,379047,183
40,large_leak,1,759,379547,190
40,large_leak,1,760,380047,187
40,large_leak,1,761,380547,180
40,large_leak,1,762,381047,148
40,large_leak,1,763,381547,115
40,large_leak,1,764,382047,119
40,large_leak,1,765,382547,118
40,large_leak,1,766,383047,87
40,large_leak,1,767,383547,74
40,large_leak,1,768,384047,56
40,large_leak,1,769,384547,25
40,large_leak,1,770,385048,11
40,large_leak,1,771,385547,0
40,large_leak,1,772,386047,0
40,large_leak,1,773,386547,0
40,large_leak,1,774,387047,0
40,large_leak,1,775,387547,0
40,large_leak,1,776,388047,0
40,large_leak,1,777,388547,0
40,large_leak,1,778,389047,0
40,large_leak,1,779,389547,0
40,large_leak,1,780,390047,0
40,large_leak,1,781,390547,55
40,large_leak,1,782,391047,85
40,large_leak,1,783,391547,111
40,large_leak,1,784,392047,152
40,large_leak,1,785,392547,176
40,large_leak,1,786,393047,197
40,large_leak,1,787,393547,207
40,large_leak,1,788,394047,207
40,large_leak,1,789,394547,181
40,large_leak,1,790,395047,153
40,large_leak,1,791,395547,150
40,large_leak,1,792,396047,138
40,large_leak,1,793,396547,108
40,large_leak,1,794,397047,83
40,large_leak,1,795,397547,51
40,large_leak,1,796,398047,35
40,large_leak,1,797,398547,17
40,large_leak,1,798,399047,26
40,large_leak,1,799,399547,25
40,large_leak,1,800,400047,19
40,large_leak,1,801,400547,29
40,large_leak,1,802,401047,40
40,large_leak,1,803,401547,51
40,large_leak,1,804,402047,71
40,large_leak,1,805,402547,88
40,large_leak,1,806,403047,95
40,large_leak,1,807,403547,103
40,large_leak,1,808,404047,109
40,large_leak,1,809,404547,105
40,large_leak,1,810,405047,103
40,large_leak,1,811,405547,101
40,large_leak,1,812,406047,89
40,large_leak,1,813,406547,71
40,large_leak,1,814,407047,79
40,large_leak,1,815,407547,72
40,large_leak,1,816,408047,83
40,large_leak,1,817,408547,111
40,large_leak,1,818,409047,139
40,large_leak,1,819,409547,155
40,large_leak,1,820,410047,160
40,large_leak,1,821,410547,173
40,large_leak,1,822,411047,203
40,large_leak,1,823,411547,233
40,large_leak,1,824,412047,251
40,large_leak,1,825,412547,267
40,large_leak,1,826,413047,274
40,large_leak,1,827,413547,285
40,large_leak,1,828,414047,297
40,large_leak,1,829,414547,296
40,large_leak,1,830,415047,299
40,large_leak,1,831,415547,293
40,large_leak,1,832,416047,275
40,large_leak,1,833,416547,265
40,large_leak,1,834,417047,231
40,large_leak,1,835,417547,187
40,large_leak,1,836,418047,148
40,large_leak,1,837,418547,167
40,large_leak,1,838,419047,155
40,large_leak,1,839,419547,138
40,large_leak,1,840,420047,127
40,large_leak,1,841,420547,92
40,large_leak,1,842,421047,95
40,large_leak,1,843,421547,100
40,large_leak,1,844,422047,77
40,large_leak,1,845,422547,59
40,large_leak,1,846,423047,35
40,large_leak,1,847,423547,37
40,large_leak,1,848,424047,55
40,large_leak,1,849,424547,44
40,large_leak,1,850,425047,37
40,large_leak,1,851,425547,27
40,large_leak,1,852,426047,39
40,large_leak,1,853,426547,51
40,large_leak,1,854,427047,55
40,large_leak,1,855,427547,41
40,large_leak,1,856,428047,41
40,large_leak,1,857,428547,55
40,large_leak,1,858,429047,57
40,large_leak,1,859,429547,41
40,large_leak,1,860,430047,38
40,large_leak,1,861,430547,37
40,large_leak,1,862,431047,44
40,large_leak,1,863,431547,39
40,large_leak,1,864,432047,25
40,large_leak,1,865,432547,27
40,large_leak,1,866,433047,47
40,large_leak,1,867,433547,59
40,large_leak,1,868,434047,75
40,large_leak,1,869,434547,74
40,large_leak,1,870,435047,79
40,large_leak,1,871,435547,89
40,large_leak,1,872,436047,88
40,large_leak,1,873,436547,90
40,large_leak,1,874,437047,93
40,large_leak,1,875,437547,107
40,large_leak,1,876,438047,119
40,large_leak,1,877,438547,136
40,large_leak,1,878,439047,141
40,large_leak,1,879,439547,133
40,large_leak,1,880,440047,121
40,large_leak,1,881,440547,119
40,large_leak,1,882,441047,121
40,large_leak,1,883,441547,109
40,large_leak,1,884,442047,85
40,large_leak,1,885,442547,62
40,large_leak,1,886,443047,59
40,large_leak,1,887,443547,46
40,large_leak,1,888,444047,18
40,large_leak,1,889,444547,0
40,large_leak,1,890,445047,0
40,large_leak,1,891,445547,0
40,large_leak,1,892,446047,3
40,large_leak,1,893,446547,28
40,large_leak,1,894,447047,53
40,large_leak,1,895,447547,79
40,large_leak,1,896,448047,108
40,large_leak,1,897,448547,117
40,large_leak,1,898,449047,138
40,large_leak,1,899,449547,149
40,large_leak,1,900,450047,159
40,large_leak,1,901,450547,171
40,large_leak,1,902,451047,179
40,large_leak,1,903,451547,171
40,large_leak,1,904,452047,155
40,large_leak,1,905,452547,143
40,large_leak,1,906,453047,123
40,large_leak,1,907,453547,119
40,large_leak,1,908,454047,121
40,large_leak,1,909,454547,101
40,large_leak,1,910,455047,86
40,large_leak,1,911,455547,99
40,large_leak,1,912,456047,121
40,large_leak,1,913,456547,134
40,large_leak,1,914,457047,121
40,large_leak,1,915,457547,114
40,large_leak,1,916,458047,115
40,large_leak,1,917,458547,124
40,large_leak,1,918,459047,137
40,large_leak,1,919,459547,140
40,large_leak,1,920,460047,126
40,large_leak,1,921,460547,127
40,large_leak,1,922,461047,133
40,large_leak,1,923,461547,127
40,large_leak,1,924,462047,135
40,large_leak,1,925,462547,124
40,large_leak,1,926,463047,112
40,large_leak,1,927,463547,104
40,large_leak,1,928,464047,89
40,large_leak,1,929,464547,71
40,large_leak,1,930,465047,47
40,large_leak,1,931,465547,27
40,large_leak,1,932,466047,4
40,large_leak,1,933,466547,0
40,large_leak,1,934,467047,0
40,large_leak,1,935,467547,0
40,large_leak,1,936,468047,0
40,large_leak,1,937,468547,0
40,large_leak,1,938,469047,38
40,large_leak,1,939,469547,71
40,large_leak,1,940,470047,95
40,large_leak,1,941,470547,116
40,large_leak,1,942,471047,127
40,large_leak,1,943,471547,103
40,large_leak,1,944,472047,88
40,large_leak,1,945,472547,102
40,large_leak,1,946,473047,107
40,large_leak,1,947,473547,111
40,large_leak,1,948,474047,107
40,large_leak,1,949,474547,78
40,large_leak,1,950,475047,84
40,large_leak,1,951,475547,103
40,large_leak,1,952,476047,135
40,large_leak,1,953,476547,160
40,large_leak,1,954,477047,159
40,large_leak,1,955,477547,150
40,large_leak,1,956,478047,154
40,large_leak,1,957,478547,154
40,large_leak,1,958,479047,152
40,large_leak,1,959,479547,133
40,large_leak,1,960,480047,147
40,large_leak,1,961,480547,118
40,large_leak,1,962,481047,120
40,large_leak,1,963,481547,91
40,large_leak,1,964,482047,62
40,large_leak,1,965,482547,63
40,large_leak,1,966,483047,41
40,large_leak,1,967,483547,39
40,large_leak,1,968,484047,45
40,large_leak,1,969,484547,55
40,large_leak,1,970,485047,59
40,large_leak,1,971,485547,72
40,large_leak,1,972,486047,75
40,large_leak,1,973,486547,85
40,large_leak,1,974,487047,83
40,large_leak,1,975,487547,86
40,large_leak,1,976,488047,59
40,large_leak,1,977,488547,43
40,large_leak,1,978,489047,41
40,large_leak,1,979,489547,46
40,large_leak,1,980,490047,37
40,large_leak,1,981,490547,33
40,large_leak,1,982,491047,62
40,large_leak,1,983,491547,103
40,large_leak,1,984,492047,136
40,large_leak,1,985,492547,158
40,large_leak,1,986,493047,175
40,large_leak,1,987,493547,185
40,large_leak,1,988,494047,183
40,large_leak,1,989,494547,153
40,large_leak,1,990,495047,138
40,large_leak,1,991,495547,121
40,large_leak,1,992,496047,121
40,large_leak,1,993,496547,117
40,large_leak,1,994,497047,101
40,large_leak,1,995,497547,71
40,large_leak,1,996,498047,43
40,large_leak,1,997,498547,40
40,large_leak,1,998,499047,54
40,large_leak,1,999,499547,74
40,large_leak,1,1000,500047,80
40,large_leak,1,1001,500547,84
40,large_leak,1,1002,501047,85
40,large_leak,1,1003,501547,105
40,large_leak,1,1004,502047,125
40,large_leak,1,1005,502547,139
40,large_leak,1,1006,503047,149
40,large_leak,1,1007,503547,157
40,large_leak,1,1008,504047,165
40,large_leak,1,1009,504547,159
40,large_leak,1,1010,505047,153
40,large_leak,1,1011,505547,141
40,large_leak,1,1012,506047,123
40,large_leak,1,1013,506547,104
40,large_leak,1,1014,507047,83
40,large_leak,1,1015,507547,59
40,large_leak,1,1016,508047,31
40,large_leak,1,1017,508547,9
40,large_leak,1,1018,509047,0
40,large_leak,1,1019,509547,0
40,large_leak,1,1020,510047,0
40,large_leak,1,1021,510547,0
40,large_leak,1,1022,511047,0
40,large_leak,1,1023,511547,0
40,large_leak,1,1024,512047,0
40,large_leak,1,1025,512547,0
40,large_leak,1,1026,513047,0
40,large_leak,1,1027,513547,26
40,large_leak,1,1028,514047,42
40,large_leak,1,1029,514547,61
40,large_leak,1,1030,515047,69
40,large_leak,1,1031,515547,72
40,large_leak,1,1032,516047,83
40,large_leak,1,1033,516547,119
40,large_leak,1,1034,517047,166
40,large_leak,1,1035,517547,203
40,large_leak,1,1036,518047,229
40,large_leak,1,1037,518547,243
40,large_leak,1,1038,519047,246
40,large_leak,1,1039,519547,239
40,large_leak,1,1040,520047,231
40,large_leak,1,1041,520547,220
40,large_leak,1,1042,521047,203
40,large_leak,1,1043,521547,183
40,large_leak,1,1044,522047,151
40,large_leak,1,1045,522547,126
40,large_leak,1,1046,523047,117
40,large_leak,1,1047,523547,100
40,large_leak,1,1048,524047,91
40,large_leak,1,1049,524547,92
40,large_leak,1,1050,525047,107
40,large_leak,1,1051,525547,135
40,large_leak,1,1052,526047,155
40,large_leak,1,1053,526547,160
40,large_leak,1,1054,527047,165
40,large_leak,1,1055,527547,167
40,large_leak,1,1056,528047,159
40,large_leak,1,1057,528547,167
40,large_leak,1,1058,529047,181
40,large_leak,1,1059,529547,181
40,large_leak,1,1060,530047,175
40,large_leak,1,1061,530547,186
40,large_leak,1,1062,531047,158
40,large_leak,1,1063,531547,123
40,large_leak,1,1064,532047,83
40,large_leak,1,1065,532547,41
40,large_leak,1,1066,533047,21
40,large_leak,1,1067,533547,16
40,large_leak,1,1068,534047,20
40,large_leak,1,1069,534547,9
40,large_leak,1,1070,535047,0
40,large_leak,1,1071,535547,0
40,large_leak,1,1072,536047,0
40,large_leak,1,1073,536547,0
40,large_leak,1,1074,537047,0
40,large_leak,1,1075,537547,0
40,large_leak,1,1076,538047,0
40,large_leak,1,1077,538547,0
40,large_leak,1,1078,539047,0
40,large_leak,1,1079,539547,0
40,large_leak,1,1080,540047,0
40,large_leak,1,1081,540547,0
40,large_leak,1,1082,541047,0
40,large_leak,1,1083,541547,0
40,large_leak,1,1084,542047,0
40,large_leak,1,1085,542547,3
40,large_leak,1,1086,543047,47
40,large_leak,1,1087,543547,59
40,large_leak,1,1088,544047,85
40,large_leak,1,1089,544547,98
40,large_leak,1,1090,545047,111
40,large_leak,1,1091,545547,127
40,large_leak,1,1092,546047,137
40,large_leak,1,1093,546547,127
40,large_leak,1,1094,547047,141
40,large_leak,1,1095,547547,164
40,large_leak,1,1096,548047,171
40,large_leak,1,1097,548547,170
40,large_leak,1,1098,549047,174
40,large_leak,1,1099,549547,171
40,large_leak,1,1100,550047,159
40,large_leak,1,1101,550547,147
40,large_leak,1,1102,551047,127
40,large_leak,1,1103,551547,111
40,large_leak,1,1104,552047,99
40,large_leak,1,1105,552547,91
40,large_leak,1,1106,553047,93
40,large_leak,1,1107,553547,121
40,large_leak,1,1108,554047,143
40,large_leak,1,1109,554547,155
40,large_leak,1,1110,555047,190
40,large_leak,1,1111,555547,185
40,large_leak,1,1112,556047,183
40,large_leak,1,1113,556547,179
40,large_leak,1,1114,557047,207
40,large_leak,1,1115,557547,175
40,large_leak,1,1116,558047,164
40,large_leak,1,1117,558547,134
40,large_leak,1,1118,559047,115
40,large_leak,1,1119,559547,107
40,large_leak,1,1120,560047,109
40,large_leak,1,1121,560547,89
40,large_leak,1,1122,561047,71
40,large_leak,1,1123,561547,59
40,large_leak,1,1124,562047,46
40,large_leak,1,1125,562547,47
40,large_leak,1,1126,563047,38
40,large_leak,1,1127,563547,29
40,large_leak,1,1128,564047,25
40,large_leak,1,1129,564547,11
40,large_leak,1,1130,565047,0
40,large_leak,1,1131,565547,0
40,large_leak,1,1132,566047,0
40,large_leak,1,1133,566547,0
40,large_leak,1,1134,567047,0
40,large_leak,1,1135,567547,0
40,large_leak,1,1136,568047,0
40,large_leak,1,1137,568547,35
40,large_leak,1,1138,569047,61
40,large_leak,1,1139,569547,86
40,large_leak,1,1140,570047,111
40,large_leak,1,1141,570547,151
40,large_leak,1,1142,571047,166
40,large_leak,1,1143,571547,165
40,large_leak,1,1144,572047,167
40,large_leak,1,1145,572547,163
40,large_leak,1,1146,573047,163
40,large_leak,1,1147,573547,157
40,large_leak,1,1148,574047,122
40,large_leak,1,1149,574547,105
40,large_leak,1,1150,575047,91
40,large_leak,1,1151,575547,86
40,large_leak,1,1152,576047,77
40,large_leak,1,1153,576547,38
40,large_leak,1,1154,577047,18
40,large_leak,1,1155,577547,4
40,large_leak,1,1156,578047,0
40,large_leak,1,1157,578547,0
40,large_leak,1,1158,579047,0
40,large_leak,1,1159,579547,0
40,large_leak,1,1160,580047,0
40,large_leak,1,1161,580547,0
40,large_leak,1,1162,581047,0
40,large_leak,1,1163,581547,0
40,large_leak,1,1164,582047,16
40,large_leak,1,1165,582547,23
40,large_leak,1,1166,583047,23
40,large_leak,1,1167,583547,17
40,large_leak,1,1168,584047,18
40,large_leak,1,1169,584547,7
40,large_leak,1,1170,585047,0
40,large_leak,1,1171,585547,0
40,large_leak,1,1172,586047,0
40,large_leak,1,1173,586547,0
40,large_leak,1,1174,587047,0
40,large_leak,1,1175,587547,0
40,large_leak,1,1176,588047,0
40,large_leak,1,1177,588547,0
40,large_leak,1,1178,589047,0
40,large_leak,1,1179,589547,0
40,large_leak,1,1180,590047,0
40,large_leak,1,1181,590547,0
40,large_leak,1,1182,591047,0
40,large_leak,1,1183,591547,0
40,large_leak,1,1184,592047,0
40,large_leak,1,1185,592547,0
40,large_leak,1,1186,593047,0
40,large_leak,1,1187,593547,0
40,large_leak,1,1188,594047,0
40,large_leak,1,1189,594547,0
40,large_leak,1,1190,595047,0
40,large_leak,1,1191,595547,0
40,large_leak,1,1192,596047,0
40,large_leak,1,1193,596547,0
40,large_leak,1,1194,597047,0
40,large_leak,1,1195,597547,0
40,large_leak,1,1196,598047,0
40,large_leak,1,1197,598547,0
40,large_leak,1,1198,599047,0
40,large_leak,1,1199,599547,0
40,large_leak,1,1200,600047,0
40,large_leak,1,1201,600547,0
40,large_leak,1,1202,601047,0
40,large_leak,1,1203,601547,0
40,large_leak,1,1204,602047,0
40,large_leak,1,1205,602547,0
40,large_leak,1,1206,603047,0
40,large_leak,1,1207,603547,0
40,large_leak,1,1208,604047,0
40,large_leak,1,1209,604547,0
40,large_leak,1,1210,605047,5
40,large_leak,1,1211,605547,35
40,large_leak,1,1212,606047,71
40,large_leak,1,1213,606547,107
40,large_leak,1,1214,607047,151
40,large_leak,1,1215,607547,156
40,large_leak,1,1216,608047,147
40,large_leak,1,1217,608547,183
40,large_leak,1,1218,609047,187
40,large_leak,1,1219,609547,223
40,large_leak,1,1220,610047,211
40,large_leak,1,1221,610547,180
40,large_leak,1,1222,611047,145
40,large_leak,1,1223,611547,141
40,large_leak,1,1224,612047,105
40,large_leak,1,1225,612547,59
40,large_leak,1,1226,613047,25
40,large_leak,1,1227,613547,0
40,large_leak,1,1228,614047,0
40,large_leak,1,1229,614547,0
40,large_leak,1,1230,615047,0
40,large_leak,1,1231,615547,0
40,large_leak,1,1232,616047,0
40,large_leak,1,1233,616547,0
40,large_leak,1,1234,617047,0
40,large_leak,1,1235,617547,54
40,large_leak,1,1236,618047,111
40,large_leak,1,1237,618547,127
40,large_leak,1,1238,619047,141
40,large_leak,1,1239,619547,148
40,large_leak,1,1240,620047,151
40,large_leak,1,1241,620547,154
40,large_leak,1,1242,621047,163
40,large_leak,1,1243,621547,155
40,large_leak,1,1244,622047,133
40,large_leak,1,1245,622547,115
40,large_leak,1,1246,623047,105
40,large_leak,1,1247,623547,99
40,large_leak,1,1248,624047,101
40,large_leak,1,1249,624547,115
40,large_leak,1,1250,625047,147
40,large_leak,1,1251,625547,183
40,large_leak,1,1252,626047,204
40,large_leak,1,1253,626547,218
40,large_leak,1,1254,627047,237
40,large_leak,1,1255,627547,267
40,large_leak,1,1256,628047,277
40,large_leak,1,1257,628547,255
40,large_leak,1,1258,629047,217
40,large_leak,1,1259,629547,185
40,large_leak,1,1260,630047,183
40,large_leak,1,1261,630547,180
40,large_leak,1,1262,631047,169
40,large_leak,1,1263,631547,149
40,large_leak,1,1264,632047,123
40,large_leak,1,1265,632547,107
40,large_leak,1,1266,633047,89
40,large_leak,1,1267,633547,77
40,large_leak,1,1268,634047,61
40,large_leak,1,1269,634547,63
40,large_leak,1,1270,635047,53
40,large_leak,1,1271,635547,41
40,large_leak,1,1272,636047,29
40,large_leak,1,1273,636547,22
40,large_leak,1,1274,637047,27
40,large_leak,1,1275,637547,56
40,large_leak,1,1276,638047,58
40,large_leak,1,1277,638547,61
40,large_leak,1,1278,639047,59
40,large_leak,1,1279,639547,75
40,large_leak,1,1280,640047,116
40,large_leak,1,1281,640547,147
40,large_leak,1,1282,641047,165
40,large_leak,1,1283,641547,185
40,large_leak,1,1284,642047,216
40,large_leak,1,1285,642547,265
40,large_leak,1,1286,643047,287
40,large_leak,1,1287,643547,283
40,large_leak,1,1288,644047,267
40,large_leak,1,1289,644547,239
40,large_leak,1,1290,645047,215
40,large_leak,1,1291,645547,186
40,large_leak,1,1292,646047,157
40,large_leak,1,1293,646547,142
40,large_leak,1,1294,647047,147
40,large_leak,1,1295,647547,141
40,large_leak,1,1296,648047,115
40,large_leak,1,1297,648547,79
40,large_leak,1,1298,649047,76
40,large_leak,1,1299,649547,47
40,large_leak,1,1300,650047,61
40,large_leak,1,1301,650547,55
40,large_leak,1,1302,651047,70
40,large_leak,1,1303,651547,97
40,large_leak,1,1304,652047,104
40,large_leak,1,1305,652547,95
40,large_leak,1,1306,653047,95
40,large_leak,1,1307,653547,81
40,large_leak,1,1308,654047,77
40,large_leak,1,1309,654547,79
40,large_leak,1,1310,655047,75
40,large_leak,1,1311,655547,70
40,large_leak,1,1312,656047,54
40,large_leak,1,1313,656547,29
40,large_leak,1,1314,657047,1
40,large_leak,1,1315,657547,0
40,large_leak,1,1316,658047,0
40,large_leak,1,1317,658547,0
40,large_leak,1,1318,659047,8
40,large_leak,1,1319,659547,21
40,large_leak,1,1320,660047,78
40,large_leak,1,1321,660547,117
40,large_leak,1,1322,661047,147
40,large_leak,1,1323,661547,167
40,large_leak,1,1324,662047,170
40,large_leak,1,1325,662547,157
40,large_leak,1,1326,663047,141
40,large_leak,1,1327,663547,108
40,large_leak,1,1328,664047,69
40,large_leak,1,1329,664547,25
40,large_leak,1,1330,665047,1
40,large_leak,1,1331,665547,0
40,large_leak,1,1332,666047,0
40,large_leak,1,1333,666547,0
40,large_leak,1,1334,667047,0
40,large_leak,1,1335,667547,0
40,large_leak,1,1336,668047,0
40,large_leak,1,1337,668547,0
40,large_leak,1,1338,669047,0
40,large_leak,1,1339,669547,0
40,large_leak,1,1340,670047,0
40,large_leak,1,1341,670547,0
40,large_leak,1,1342,671047,16
40,large_leak,1,1343,671547,39
40,large_leak,1,1344,672047,55
40,large_leak,1,1345,672547,63
40,large_leak,1,1346,673047,75
40,large_leak,1,1347,673547,87
40,large_leak,1,1348,674047,85
40,large_leak,1,1349,674547,53
40,large_leak,1,1350,675047,22
40,large_leak,1,1351,675547,6
40,large_leak,1,1352,676047,0
40,large_leak,1,1353,676547,0
40,large_leak,1,1354,677047,0
40,large_leak,1,1355,677547,0
40,large_leak,1,1356,678047,0
40,large_leak,1,1357,678547,33
40,large_leak,1,1358,679047,73
40,large_leak,1,1359,679547,109
40,large_leak,1,1360,680047,141
40,large_leak,1,1361,680547,165
40,large_leak,1,1362,681047,179
40,large_leak,1,1363,681547,183
40,large_leak,1,1364,682047,174
40,large_leak,1,1365,682547,167
40,large_leak,1,1366,683047,141
40,large_leak,1,1367,683547,121
40,large_leak,1,1368,684047,121
40,large_leak,1,1369,684547,95
40,large_leak,1,1370,685047,73
40,large_leak,1,1371,685547,54
40,large_leak,1,1372,686047,43
40,large_leak,1,1373,686547,52
40,large_leak,1,1374,687047,53
40,large_leak,1,1375,687547,48
40,large_leak,1,1376,688047,29
40,large_leak,1,1377,688547,12
40,large_leak,1,1378,689047,3
40,large_leak,1,1379,689547,0
40,large_leak,1,1380,690047,0
40,large_leak,1,1381,690547,0
40,large_leak,1,1382,691047,5
40,large_leak,1,1383,691547,21
40,large_leak,1,1384,692047,49
40,large_leak,1,1385,692547,74
40,large_leak,1,1386,693047,93
40,large_leak,1,1387,693547,107
40,large_leak,1,1388,694047,133
40,large_leak,1,1389,694547,149
40,large_leak,1,1390,695047,170
40,large_leak,1,1391,695547,187
40,large_leak,1,1392,696047,185
40,large_leak,1,1393,696547,175
40,large_leak,1,1394,697047,174
40,large_leak,1,1395,697547,171
40,large_leak,1,1396,698047,163
40,large_leak,1,1397,698547,166
40,large_leak,1,1398,699047,167
40,large_leak,1,1399,699547,168
40,large_leak,1,1400,700047,185
40,large_leak,1,1401,700547,201
40,large_leak,1,1402,701047,207
40,large_leak,1,1403,701547,191
40,large_leak,1,1404,702047,179
40,large_leak,1,1405,702547,172
40,large_leak,1,1406,703047,169
40,large_leak,1,1407,703547,167
40,large_leak,1,1408,704047,165
40,large_leak,1,1409,704547,170
40,large_leak,1,1410,705047,179
40,large_leak,1,1411,705547,181
40,large_leak,1,1412,706047,167
40,large_leak,1,1413,706547,147
40,large_leak,1,1414,707047,137
40,large_leak,1,1415,707547,136
40,large_leak,1,1416,708047,123
40,large_leak,1,1417,708547,122
40,large_leak,1,1418,709047,121
40,large_leak,1,1419,709547,110
40,large_leak,1,1420,710047,123
40,large_leak,1,1421,710547,135
40,large_leak,1,1422,711047,126
40,large_leak,1,1423,711547,123
40,large_leak,1,1424,712047,135
40,large_leak,1,1425,712547,151
40,large_leak,1,1426,713047,185
40,large_leak,1,1427,713547,215
40,large_leak,1,1428,714047,211
40,large_leak,1,1429,714547,207
40,large_leak,1,1430,715047,212
40,large_leak,1,1431,715547,209
40,large_leak,1,1432,716047,175
40,large_leak,1,1433,716547,147
40,large_leak,1,1434,717047,105
40,large_leak,1,1435,717547,60
40,large_leak,1,1436,718047,17
40,large_leak,1,1437,718547,0
40,large_leak,1,1438,719047,0
40,large_leak,1,1439,719547,0
40,large_leak,1,1440,720047,0
40,large_leak,1,1441,720547,0
40,large_leak,1,1442,721047,0
40,large_leak,1,1443,721547,0
40,large_leak,1,1444,722047,0
40,large_leak,1,1445,722547,0
40,large_leak,1,1446,723047,0
40,large_leak,1,1447,723547,1
40,large_leak,1,1448,724047,0
40,large_leak,1,1449,724547,1
40,large_leak,1,1450,725047,2
40,large_leak,1,1451,725547,14
40,large_leak,1,1452,726047,41
40,large_leak,1,1453,726547,43
40,large_leak,1,1454,727047,41
40,large_leak,1,1455,727547,51
40,large_leak,1,1456,728047,74
40,large_leak,1,1457,728547,93
40,large_leak,1,1458,729047,115
40,large_leak,1,1459,729547,120
40,large_leak,1,1460,730047,140
40,large_leak,1,1461,730547,123
40,large_leak,1,1462,731047,117
40,large_leak,1,1463,731547,115
40,large_leak,1,1464,732047,109
40,large_leak,1,1465,732547,87
40,large_leak,1,1466,733047,54
40,large_leak,1,1467,733547,20
40,large_leak,1,1468,734047,1
40,large_leak,1,1469,734547,0
40,large_leak,1,1470,735047,0
40,large_leak,1,1471,735547,0
40,large_leak,1,1472,736047,13
40,large_leak,1,1473,736547,43
40,large_leak,1,1474,737047,83
40,large_leak,1,1475,737547,127
40,large_leak,1,1476,738047,157
40,large_leak,1,1477,738547,181
40,large_leak,1,1478,739047,207
40,large_leak,1,1479,739547,229
40,large_leak,1,1480,740047,235
40,large_leak,1,1481,740547,239
40,large_leak,1,1482,741047,237
40,large_leak,1,1483,741547,221
40,large_leak,1,1484,742047,205
40,large_leak,1,1485,742547,179
40,large_leak,1,1486,743047,146
40,large_leak,1,1487,743547,119
40,large_leak,1,1488,744047,78
40,large_leak,1,1489,744547,35
40,large_leak,1,1490,745047,6
40,large_leak,1,1491,745547,0
40,large_leak,1,1492,746047,0
40,large_leak,1,1493,746547,0
40,large_leak,1,1494,747047,0
40,large_leak,1,1495,747547,0
40,large_leak,1,1496,748047,0
40,large_leak,1,1497,748547,0
40,large_leak,1,1498,749047,0
40,large_leak,1,1499,749547,0
40,large_leak,1,1500,750047,0
40,large_leak,1,1501,750547,0
40,large_leak,1,1502,751047,47
40,large_leak,1,1503,751547,47
40,large_leak,1,1504,752047,39
40,large_leak,1,1505,752547,87
40,large_leak,1,1506,753047,166
40,large_leak,1,1507,753547,215
40,large_leak,1,1508,754047,201
40,large_leak,1,1509,754547,188
40,large_leak,1,1510,755047,197
40,large_leak,1,1511,755547,198
40,large_leak,1,1512,756047,175
40,large_leak,1,1513,756547,138
40,large_leak,1,1514,757047,107
40,large_leak,1,1515,757547,88
40,large_leak,1,1516,758047,62
40,large_leak,1,1517,758547,30
40,large_leak,1,1518,759047,21
40,large_leak,1,1519,759547,4
40,large_leak,1,1520,760047,0
40,large_leak,1,1521,760547,0
40,large_leak,1,1522,761047,0
40,large_leak,1,1523,761547,0
40,large_leak,1,1524,762047,0
40,large_leak,1,1525,762547,0
40,large_leak,1,1526,763047,0
40,large_leak,1,1527,763547,19
40,large_leak,1,1528,764047,24
40,large_leak,1,1529,764547,21
40,large_leak,1,1530,765047,8
40,large_leak,1,1531,765547,2
40,large_leak,1,1532,766047,0
40,large_leak,1,1533,766547,0
40,large_leak,1,1534,767047,0
40,large_leak,1,1535,767547,0
40,large_leak,1,1536,768047,0
40,large_leak,1,1537,768547,21
40,large_leak,1,1538,769047,50
40,large_leak,1,1539,769547,93
40,large_leak,1,1540,770047,127
40,large_leak,1,1541,770547,159
40,large_leak,1,1542,771047,158
40,large_leak,1,1543,771547,153
40,large_leak,1,1544,772047,147
40,large_leak,1,1545,772547,134
40,large_leak,1,1546,773047,121
40,large_leak,1,1547,773547,101
40,large_leak,1,1548,774047,69
40,large_leak,1,1549,774547,23
40,large_leak,1,1550,775047,3
40,large_leak,1,1551,775547,0
40,large_leak,1,1552,776047,0
40,large_leak,1,1553,776547,0
40,large_leak,1,1554,777047,0
40,large_leak,1,1555,777547,0
40,large_leak,1,1556,778047,0
40,large_leak,1,1557,778547,0
40,large_leak,1,1558,779047,0
40,large_leak,1,1559,779547,0
40,large_leak,1,1560,780047,19
40,large_leak,1,1561,780547,91
40,large_leak,1,1562,781047,134
40,large_leak,1,1563,781547,155
40,large_leak,1,1564,782047,178
40,large_leak,1,1565,782547,209
40,large_leak,1,1566,783047,207
40,large_leak,1,1567,783547,199
40,large_leak,1,1568,784047,173
40,large_leak,1,1569,784547,140
40,large_leak,1,1570,785047,116
40,large_leak,1,1571,785547,83
40,large_leak,1,1572,786047,36
40,large_leak,1,1573,786547,6
40,large_leak,1,1574,787047,0
40,large_leak,1,1575,787547,0
40,large_leak,1,1576,788047,0
40,large_leak,1,1577,788547,0
40,large_leak,1,1578,789047,0
40,large_leak,1,1579,789547,0
40,large_leak,1,1580,790047,0
40,large_leak,1,1581,790547,0
40,large_leak,1,1582,791047,0
40,large_leak,1,1583,791547,0
40,large_leak,1,1584,792047,0
40,large_leak,1,1585,792547,0
40,large_leak,1,1586,793047,40
40,large_leak,1,1587,793547,61
40,large_leak,1,1588,794047,75
40,large_leak,1,1589,794547,61
40,large_leak,1,1590,795047,57
40,large_leak,1,1591,795547,51
40,large_leak,1,1592,796047,27
40,large_leak,1,1593,796547,6
40,large_leak,1,1594,797047,0
40,large_leak,1,1595,797547,0
40,large_leak,1,1596,798047,0
40,large_leak,1,1597,798547,0
40,large_leak,1,1598,799047,0
40,large_leak,1,1599,799547,0
40,large_leak,1,1600,800047,0
40,large_leak,1,1601,800547,0
40,large_leak,1,1602,801047,8
40,large_leak,1,1603,801547,11
40,large_leak,1,1604,802047,13
40,large_leak,1,1605,802547,37
40,large_leak,1,1606,803047,55
40,large_leak,1,1607,803547,88
40,large_leak,1,1608,804047,123
40,large_leak,1,1609,804547,139
40,large_leak,1,1610,805047,147
40,large_leak,1,1611,805547,173
40,large_leak,1,1612,806047,216
40,large_leak,1,1613,806547,237
40,large_leak,1,1614,807047,235
40,large_leak,1,1615,807547,190
40,large_leak,1,1616,808047,152
40,large_leak,1,1617,808547,135
40,large_leak,1,1618,809047,102
40,large_leak,1,1619,809547,71
40,large_leak,1,1620,810047,47
40,large_leak,1,1621,810547,19
40,large_leak,1,1622,811047,3
40,large_leak,1,1623,811547,0
40,large_leak,1,1624,812047,0
40,large_leak,1,1625,812547,0
40,large_leak,1,1626,813047,0
40,large_leak,1,1627,813547,0
40,large_leak,1,1628,814047,0
40,large_leak,1,1629,814547,0
40,large_leak,1,1630,815047,0
40,large_leak,1,1631,815547,0
40,large_leak,1,1632,816047,0
40,large_leak,1,1633,816547,0
40,large_leak,1,1634,817048,0
40,large_leak,1,1635,817547,18
40,large_leak,1,1636,818047,13
40,large_leak,1,1637,818547,8
40,large_leak,1,1638,819047,0
40,large_leak,1,1639,819547,0
40,large_leak,1,1640,820047,0
40,large_leak,1,1641,820547,27
40,large_leak,1,1642,821047,53
40,large_leak,1,1643,821547,55
40,large_leak,1,1644,822047,59
40,large_leak,1,1645,822547,86
40,large_leak,1,1646,823047,123
40,large_leak,1,1647,823547,150
40,large_leak,1,1648,824047,158
40,large_leak,1,1649,824547,164
40,large_leak,1,1650,825047,157
40,large_leak,1,1651,825547,151
40,large_leak,1,1652,826047,139
40,large_leak,1,1653,826547,127
40,large_leak,1,1654,827047,141
40,large_leak,1,1655,827547,143
40,large_leak,1,1656,828047,142
40,large_leak,1,1657,828547,148
40,large_leak,1,1658,829047,159
40,large_leak,1,1659,829547,183
40,large_leak,1,1660,830047,202
40,large_leak,1,1661,830547,200
40,large_leak,1,1662,831047,184
40,large_leak,1,1663,831547,181
40,large_leak,1,1664,832047,163
40,large_leak,1,1665,832547,137
40,large_leak,1,1666,833047,119
40,large_leak,1,1667,833547,107
40,large_leak,1,1668,834047,101
40,large_leak,1,1669,834547,101
40,large_leak,1,1670,835047,99
40,large_leak,1,1671,835547,103
40,large_leak,1,1672,836047,117
40,large_leak,1,1673,836547,123
40,large_leak,1,1674,837047,147
40,large_leak,1,1675,837547,157
40,large_leak,1,1676,838047,165
40,large_leak,1,1677,838547,171
40,large_leak,1,1678,839047,184
40,large_leak,1,1679,839547,187
40,large_leak,1,1680,840047,171
40,large_leak,1,1681,840547,163
40,large_leak,1,1682,841047,143
40,large_leak,1,1683,841547,126
40,large_leak,1,1684,842047,103
40,large_leak,1,1685,842547,69
40,large_leak,1,1686,843047,43
40,large_leak,1,1687,843547,36
40,large_leak,1,1688,844047,39
40,large_leak,1,1689,844547,27
40,large_leak,1,1690,845047,18
40,large_leak,1,1691,845547,45
40,large_leak,1,1692,846047,72
40,large_leak,1,1693,846547,83
40,large_leak,1,1694,847047,95
40,large_leak,1,1695,847547,95
40,large_leak,1,1696,848047,133
40,large_leak,1,1697,848547,172
40,large_leak,1,1698,849047,189
40,large_leak,1,1699,849547,183
40,large_leak,1,1700,850047,181
40,large_leak,1,1701,850547,189
40,large_leak,1,1702,851047,203
40,large_leak,1,1703,851547,186
40,large_leak,1,1704,852048,175
40,large_leak,1,1705,852547,167
40,large_leak,1,1706,853047,209
40,large_leak,1,1707,853547,252
40,large_leak,1,1708,854047,269
40,large_leak,1,1709,854547,270
40,large_leak,1,1710,855047,269
40,large_leak,1,1711,855547,254
40,large_leak,1,1712,856047,245
40,large_leak,1,1713,856547,229
40,large_leak,1,1714,857047,181
40,large_leak,1,1715,857547,160
40,large_leak,1,1716,858047,151
40,large_leak,1,1717,858547,137
40,large_leak,1,1718,859047,137
40,large_leak,1,1719,859547,143
40,large_leak,1,1720,860047,153
40,large_leak,1,1721,860547,171
40,large_leak,1,1722,861047,179
40,large_leak,1,1723,861547,171
40,large_leak,1,1724,862047,159
40,large_leak,1,1725,862547,139
40,large_leak,1,1726,863047,111
40,large_leak,1,1727,863547,85
40,large_leak,1,1728,864047,63
40,large_leak,1,1729,864547,39
40,large_leak,1,1730,865047,40
40,large_leak,1,1731,865547,42
40,large_leak,1,1732,866047,47
40,large_leak,1,1733,866547,63
40,large_leak,1,1734,867047,76
40,large_leak,1,1735,867547,91
40,large_leak,1,1736,868047,79
40,large_leak,1,1737,868547,87
40,large_leak,1,1738,869047,88
40,large_leak,1,1739,869547,91
40,large_leak,1,1740,870047,117
40,large_leak,1,1741,870547,109
40,large_leak,1,1742,871047,105
40,large_leak,1,1743,871547,116
40,large_leak,1,1744,872047,111
40,large_leak,1,1745,872547,121
40,large_leak,1,1746,873047,139
40,large_leak,1,1747,873547,153
40,large_leak,1,1748,874047,154
40,large_leak,1,1749,874547,142
40,large_leak,1,1750,875047,137
40,large_leak,1,1751,875547,138
40,large_leak,1,1752,876047,151
40,large_leak,1,1753,876547,165
40,large_leak,1,1754,877047,173
40,large_leak,1,1755,877547,157
40,large_leak,1,1756,878047,121
40,large_leak,1,1757,878547,87
40,large_leak,1,1758,879047,75
40,large_leak,1,1759,879547,61
40,large_leak,1,1760,880047,41
40,large_leak,1,1761,880547,43
40,large_leak,1,1762,881047,38
40,large_leak,1,1763,881547,51
40,large_leak,1,1764,882047,84
40,large_leak,1,1765,882547,90
40,large_leak,1,1766,883047,103
40,large_leak,1,1767,883547,117
40,large_leak,1,1768,884047,111
40,large_leak,1,1769,884547,103
40,large_leak,1,1770,885047,79
40,large_leak,1,1771,885547,56
40,large_leak,1,1772,886047,37
40,large_leak,1,1773,886547,26
40,large_leak,1,1774,887047,18
40,large_leak,1,1775,887547,11
40,large_leak,1,1776,888047,20
40,large_leak,1,1777,888547,41
40,large_leak,1,1778,889047,83
40,large_leak,1,1779,889547,125
40,large_leak,1,1780,890047,177
40,large_leak,1,1781,890547,217
40,large_leak,1,1782,891047,259
40,large_leak,1,1783,891547,282
40,large_leak,1,1784,892047,283
40,large_leak,1,1785,892547,235
40,large_leak,1,1786,893048,264
40,large_leak,1,1787,893547,249
40,large_leak,1,1788,894047,227
40,large_leak,1,1789,894547,232
40,large_leak,1,1790,895047,155
40,large_leak,1,1791,895547,101
40,large_leak,1,1792,896047,73
40,large_leak,1,1793,896547,26
40,large_leak,1,1794,897047,0
40,large_leak,1,1795,897547,0
40,large_leak,1,1796,898047,0
40,large_leak,1,1797,898547,0
40,large_leak,1,1798,899047,0
40,large_leak,1,1799,899547,27
40,large_leak,1,1800,900047,60
40,large_leak,1,1801,900547,73
40,large_leak,1,1802,901047,71
40,large_leak,1,1803,901547,74
40,large_leak,1,1804,902047,57
40,large_leak,1,1805,902547,53
40,large_leak,1,1806,903047,45
40,large_leak,1,1807,903547,30
40,large_leak,1,1808,904047,23
40,large_leak,1,1809,904547,25
40,large_leak,1,1810,905047,8
40,large_leak,1,1811,905547,1
40,large_leak,1,1812,906047,13
40,large_leak,1,1813,906547,55
40,large_leak,1,1814,907047,95
40,large_leak,1,1815,907547,149
40,large_leak,1,1816,908047,210
40,large_leak,1,1817,908547,247
40,large_leak,1,1818,909047,301
40,large_leak,1,1819,909547,329
40,large_leak,1,1820,910047,339
40,large_leak,1,1821,910547,307
40,large_leak,1,1822,911047,252
40,large_leak,1,1823,911547,183
40,large_leak,1,1824,912047,115
40,large_leak,1,1825,912547,60
40,large_leak,1,1826,913047,25
40,large_leak,1,1827,913547,2
40,large_leak,1,1828,914047,0
40,large_leak,1,1829,914547,0
40,large_leak,1,1830,915047,0
40,large_leak,1,1831,915547,30
40,large_leak,1,1832,916047,68
40,large_leak,1,1833,916547,92
40,large_leak,1,1834,917047,95
40,large_leak,1,1835,917547,107
40,large_leak,1,1836,918047,110
40,large_leak,1,1837,918547,117
40,large_leak,1,1838,919047,109
40,large_leak,1,1839,919547,86
40,large_leak,1,1840,920047,71
40,large_leak,1,1841,920547,47
40,large_leak,1,1842,921047,49
40,large_leak,1,1843,921547,37
40,large_leak,1,1844,922047,21
40,large_leak,1,1845,922547,0
40,large_leak,1,1846,923047,7
40,large_leak,1,1847,923547,3
40,large_leak,1,1848,924047,22
40,large_leak,1,1849,924547,36
40,large_leak,1,1850,925047,41
40,large_leak,1,1851,925547,57
40,large_leak,1,1852,926047,78
40,large_leak,1,1853,926547,85
40,large_leak,1,1854,927047,79
40,large_leak,1,1855,927547,89
40,large_leak,1,1856,928047,109
40,large_leak,1,1857,928547,105
40,large_leak,1,1858,929047,104
40,large_leak,1,1859,929547,85
40,large_leak,1,1860,930047,43
40,large_leak,1,1861,930547,31
40,large_leak,1,1862,931047,17
40,large_leak,1,1863,931547,0
40,large_leak,1,1864,932047,0
40,large_leak,1,1865,932547,0
40,large_leak,1,1866,933047,0
40,large_leak,1,1867,933547,0
40,large_leak,1,1868,934047,0
40,large_leak,1,1869,934547,46
40,large_leak,1,1870,935047,89
40,large_leak,1,1871,935547,133
40,large_leak,1,1872,936047,172
40,large_leak,1,1873,936547,223
40,large_leak,1,1874,937047,261
40,large_leak,1,1875,937547,275
40,large_leak,1,1876,938047,251
40,large_leak,1,1877,938547,235
40,large_leak,1,1878,939047,221
40,large_leak,1,1879,939547,191
40,large_leak,1,1880,940047,173
40,large_leak,1,1881,940547,151
40,large_leak,1,1882,941047,134
40,large_leak,1,1883,941547,125
40,large_leak,1,1884,942047,125
40,large_leak,1,1885,942547,101
40,large_leak,1,1886,943047,103
40,large_leak,1,1887,943547,126
40,large_leak,1,1888,944047,145
40,large_leak,1,1889,944547,149
40,large_leak,1,1890,945047,145
40,large_leak,1,1891,945547,152
40,large_leak,1,1892,946047,154
40,large_leak,1,1893,946547,153
40,large_leak,1,1894,947047,126
40,large_leak,1,1895,947547,91
40,large_leak,1,1896,948047,51
40,large_leak,1,1897,948547,21
40,large_leak,1,1898,949047,2
40,large_leak,1,1899,949547,0
40,large_leak,1,1900,950047,0
40,large_leak,1,1901,950547,0
40,large_leak,1,1902,951047,0
40,large_leak,1,1903,951547,0
40,large_leak,1,1904,952047,0
40,large_leak,1,1905,952547,0
40,large_leak,1,1906,953047,0
40,large_leak,1,1907,953547,54
40,large_leak,1,1908,954047,91
40,large_leak,1,1909,954547,143
40,large_leak,1,1910,955047,203
40,large_leak,1,1911,955547,249
40,large_leak,1,1912,956047,245
40,large_leak,1,1913,956547,213
40,large_leak,1,1914,957047,199
40,large_leak,1,1915,957547,183
40,large_leak,1,1916,958047,171
40,large_leak,1,1917,958547,155
40,large_leak,1,1918,959047,122
40,large_leak,1,1919,959547,78
40,large_leak,1,1920,960047,57
40,large_leak,1,1921,960547,43
40,large_leak,1,1922,961047,40
40,large_leak,1,1923,961547,28
40,large_leak,1,1924,962047,13
40,large_leak,1,1925,962547,0
40,large_leak,1,1926,963047,0
40,large_leak,1,1927,963547,0
40,large_leak,1,1928,964047,0
40,large_leak,1,1929,964547,3
40,large_leak,1,1930,965047,7
40,large_leak,1,1931,965547,17
40,large_leak,1,1932,966047,31
40,large_leak,1,1933,966547,61
40,large_leak,1,1934,967047,115
40,large_leak,1,1935,967547,149
40,large_leak,1,1936,968047,184
40,large_leak,1,1937,968547,197
40,large_leak,1,1938,969047,217
40,large_leak,1,1939,969547,229
40,large_leak,1,1940,970047,205
40,large_leak,1,1941,970547,155
40,large_leak,1,1942,971047,150
40,large_leak,1,1943,971547,147
40,large_leak,1,1944,972047,142
40,large_leak,1,1945,972547,135
40,large_leak,1,1946,973047,120
40,large_leak,1,1947,973547,117
40,large_leak,1,1948,974047,124
40,large_leak,1,1949,974547,135
40,large_leak,1,1950,975047,111
40,large_leak,1,1951,975547,101
40,large_leak,1,1952,976047,98
40,large_leak,1,1953,976547,87
40,large_leak,1,1954,977047,79
40,large_leak,1,1955,977547,53
40,large_leak,1,1956,978047,33
40,large_leak,1,1957,978547,39
40,large_leak,1,1958,979047,39
40,large_leak,1,1959,979547,25
40,large_leak,1,1960,980047,6
40,large_leak,1,1961,980547,25
40,large_leak,1,1962,981047,45
40,large_leak,1,1963,981547,93
40,large_leak,1,1964,982047,107
40,large_leak,1,1965,982547,139
40,large_leak,1,1966,983047,133
40,large_leak,1,1967,983547,151
40,large_leak,1,1968,984047,153
40,large_leak,1,1969,984547,160
40,large_leak,1,1970,985047,187
40,large_leak,1,1971,985547,175
40,large_leak,1,1972,986047,159
40,large_leak,1,1973,986547,132
40,large_leak,1,1974,987047,114
40,large_leak,1,1975,987547,125
40,large_leak,1,1976,988047,135
40,large_leak,1,1977,988547,123
40,large_leak,1,1978,989047,133
40,large_leak,1,1979,989547,131
40,large_leak,1,1980,990047,135
40,large_leak,1,1981,990547,157
40,large_leak,1,1982,991047,157
40,large_leak,1,1983,991547,137
40,large_leak,1,1984,992047,136
40,large_leak,1,1985,992547,111
40,large_leak,1,1986,993047,86
40,large_leak,1,1987,993547,73
40,large_leak,1,1988,994047,77
40,large_leak,1,1989,994547,92
40,large_leak,1,1990,995047,104
40,large_leak,1,1991,995547,109
40,large_leak,1,1992,996047,119
40,large_leak,1,1993,996547,133
40,large_leak,1,1994,997047,149
40,large_leak,1,1995,997547,156
40,large_leak,1,1996,998047,151
40,large_leak,1,1997,998547,147
40,large_leak,1,1998,999047,139
40,large_leak,1,1999,999547,135
40,large_leak,2,0,48,199
40,large_leak,2,1,547,185
40,large_leak,2,2,1047,187
40,large_leak,2,3,1547,169
40,large_leak,2,4,2047,126
40,large_leak,2,5,2547,77
40,large_leak,2,6,3047,75
40,large_leak,2,7,3547,61
40,large_leak,2,8,4047,40
40,large_leak,2,9,4547,13
40,large_leak,2,10,5047,0
40,large_leak,2,11,5547,0
40,large_leak,2,12,6047,8
40,large_leak,2,13,6547,26
40,large_leak,2,14,7047,33
40,large_leak,2,15,7547,47
40,large_leak,2,16,8047,57
40,large_leak,2,17,8547,68
40,large_leak,2,18,9047,70
40,large_leak,2,19,9547,57
40,large_leak,2,20,10047,52
40,large_leak,2,21,10547,67
40,large_leak,2,22,11047,81
40,large_leak,2,23,11547,61
40,large_leak,2,24,12047,47
40,large_leak,2,25,12547,47
40,large_leak,2,26,13047,52
40,large_leak,2,27,13547,53
40,large_leak,2,28,14047,41
40,large_leak,2,29,14547,27
40,large_leak,2,30,15047,31
40,large_leak,2,31,15547,41
40,large_leak,2,32,16047,48
40,large_leak,2,33,16547,51
40,large_leak,2,34,17047,55
40,large_leak,2,35,17547,69
40,large_leak,2,36,18047,83
40,large_leak,2,37,18547,103
40,large_leak,2,38,19047,115
40,large_leak,2,39,19547,121
40,large_leak,2,40,20047,133
40,large_leak,2,41,20547,122
40,large_leak,2,42,21047,101
40,large_leak,2,43,21547,73
40,large_leak,2,44,22047,36
40,large_leak,2,45,22547,22
40,large_leak,2,46,23047,22
40,large_leak,2,47,23547,13
40,large_leak,2,48,24047,7
40,large_leak,2,49,24547,13
40,large_leak,2,50,25047,0
40,large_leak,2,51,25547,0
40,large_leak,2,52,26047,0
40,large_leak,2,53,26547,0
40,large_leak,2,54,27047,0
40,large_leak,2,55,27547,0
40,large_leak,2,56,28047,0
40,large_leak,2,57,28547,0
40,large_leak,2,58,29047,5
40,large_leak,2,59,29547,26
40,large_leak,2,60,30047,47
40,large_leak,2,61,30547,60
40,large_leak,2,62,31047,89
40,large_leak,2,63,31547,71
40,large_leak,2,64,32047,73
40,large_leak,2,65,32547,69
40,large_leak,2,66,33047,73
40,large_leak,2,67,33547,86
40,large_leak,2,68,34047,89
40,large_leak,2,69,34547,88
40,large_leak,2,70,35047,79
40,large_leak,2,71,35547,83
40,large_leak,2,72,36047,84
40,large_leak,2,73,36547,79
40,large_leak,2,74,37047,71
40,large_leak,2,75,37547,71
40,large_leak,2,76,38047,71
40,large_leak,2,77,38547,87
40,large_leak,2,78,39047,101
40,large_leak,2,79,39547,104
40,large_leak,2,80,40047,123
40,large_leak,2,81,40547,135
40,large_leak,2,82,41047,134
40,large_leak,2,83,41547,147
40,large_leak,2,84,42047,157
40,large_leak,2,85,42547,160
40,large_leak,2,86,43047,159
40,large_leak,2,87,43547,155
40,large_leak,2,88,44047,159
40,large_leak,2,89,44547,152
40,large_leak,2,90,45047,137
40,large_leak,2,91,45547,103
40,large_leak,2,92,46047,82
40,large_leak,2,93,46547,71
40,large_leak,2,94,47047,53
40,large_leak,2,95,47547,30
40,large_leak,2,96,48047,19
40,large_leak,2,97,48547,16
40,large_leak,2,98,49047,13
40,large_leak,2,99,49547,22
40,large_leak,2,100,50047,29
40,large_leak,2,101,50547,29
40,large_leak,2,102,51047,44
40,large_leak,2,103,51547,73
40,large_leak,2,104,52047,98
40,large_leak,2,105,52547,125
40,large_leak,2,106,53047,165
40,large_leak,2,107,53547,215
40,large_leak,2,108,54047,267
40,large_leak,2,109,54547,293
40,large_leak,2,110,55047,313
40,large_leak,2,111,55547,316
40,large_leak,2,112,56047,317
40,large_leak,2,113,56547,312
40,large_leak,2,114,57047,293
40,large_leak,2,115,57547,266
40,large_leak,2,116,58047,243
40,large_leak,2,117,58547,209
40,large_leak,2,118,59047,183
40,large_leak,2,119,59547,151
40,large_leak,2,120,60047,104
40,large_leak,2,121,60547,119
40,large_leak,2,122,61047,117
40,large_leak,2,123,61547,135
40,large_leak,2,124,62047,107
40,large_leak,2,125,62547,78
40,large_leak,2,126,63047,57
40,large_leak,2,127,63547,42
40,large_leak,2,128,64047,9
40,large_leak,2,129,64547,0
40,large_leak,2,130,65047,0
40,large_leak,2,131,65547,0
40,large_leak,2,132,66047,0
40,large_leak,2,133,66547,0
40,large_leak,2,134,67047,0
40,large_leak,2,135,67547,0
40,large_leak,2,136,68047,0
40,large_leak,2,137,68547,0
40,large_leak,2,138,69047,0
40,large_leak,2,139,69547,20
40,large_leak,2,140,70047,27
40,large_leak,2,141,70547,31
40,large_leak,2,142,71047,45
40,large_leak,2,143,71547,51
40,large_leak,2,144,72047,59
40,large_leak,2,145,72547,60
40,large_leak,2,146,73047,59
40,large_leak,2,147,73547,73
40,large_leak,2,148,74047,76
40,large_leak,2,149,74547,85
40,large_leak,2,150,75047,103
40,large_leak,2,151,75547,119
40,large_leak,2,152,76047,147
40,large_leak,2,153,76547,169
40,large_leak,2,154,77047,171
40,large_leak,2,155,77547,165
40,large_leak,2,156,78047,165
40,large_leak,2,157,78547,157
40,large_leak,2,158,79047,136
40,large_leak,2,159,79547,139
40,large_leak,2,160,80047,160
40,large_leak,2,161,80547,155
40,large_leak,2,162,81047,157
40,large_leak,2,163,81547,157
40,large_leak,2,164,82047,145
40,large_leak,2,165,82547,147
40,large_leak,2,166,83047,136
40,large_leak,2,167,83547,105
40,large_leak,2,168,84047,72
40,large_leak,2,169,84547,56
40,large_leak,2,170,85047,51
40,large_leak,2,171,85547,35
40,large_leak,2,172,86047,23
40,large_leak,2,173,86547,19
40,large_leak,2,174,87047,0
40,large_leak,2,175,87547,0
40,large_leak,2,176,88047,0
40,large_leak,2,177,88547,0
40,large_leak,2,178,89047,0
40,large_leak,2,179,89547,0
40,large_leak,2,180,90047,0
40,large_leak,2,181,90547,0
40,large_leak,2,182,91047,0
40,large_leak,2,183,91547,0
40,large_leak,2,184,92047,0
40,large_leak,2,185,92547,0
40,large_leak,2,186,93047,39
40,large_leak,2,187,93547,67
40,large_leak,2,188,94047,87
40,large_leak,2,189,94547,111
40,large_leak,2,190,95047,133
40,large_leak,2,191,95547,132
40,large_leak,2,192,96047,117
40,large_leak,2,193,96547,120
40,large_leak,2,194,97047,125
40,large_leak,2,195,97547,137
40,large_leak,2,196,98047,141
40,large_leak,2,197,98547,148
40,large_leak,2,198,99047,158
40,large_leak,2,199,99547,175
40,large_leak,2,200,100047,197
40,large_leak,2,201,100547,197
40,large_leak,2,202,101047,181
40,large_leak,2,203,101547,165
40,large_leak,2,204,102047,146
40,large_leak,2,205,102547,118
40,large_leak,2,206,103047,93
40,large_leak,2,207,103547,73
40,large_leak,2,208,104047,53
40,large_leak,2,209,104547,52
40,large_leak,2,210,105047,82
40,large_leak,2,211,105547,99
40,large_leak,2,212,106047,107
40,large_leak,2,213,106547,118
40,large_leak,2,214,107047,117
40,large_leak,2,215,107547,119
40,large_leak,2,216,108047,111
40,large_leak,2,217,108547,99
40,large_leak,2,218,109047,77
40,large_leak,2,219,109547,79
40,large_leak,2,220,110047,83
40,large_leak,2,221,110547,43
40,large_leak,2,222,111047,67
40,large_leak,2,223,111547,74
40,large_leak,2,224,112047,57
40,large_leak,2,225,112547,91
40,large_leak,2,226,113047,77
40,large_leak,2,227,113547,88
40,large_leak,2,228,114047,118
40,large_leak,2,229,114547,115
40,large_leak,2,230,115047,134
40,large_leak,2,231,115547,141
40,large_leak,2,232,116047,152
40,large_leak,2,233,116547,171
40,large_leak,2,234,117047,159
40,large_leak,2,235,117547,160
40,large_leak,2,236,118047,165
40,large_leak,2,237,118547,155
40,large_leak,2,238,119047,139
40,large_leak,2,239,119547,87
40,large_leak,2,240,120047,125
40,large_leak,2,241,120547,125
40,large_leak,2,242,121047,137
40,large_leak,2,243,121547,107
40,large_leak,2,244,122047,83
40,large_leak,2,245,122547,59
40,large_leak,2,246,123047,72
40,large_leak,2,247,123547,45
40,large_leak,2,248,124047,17
40,large_leak,2,249,124547,5
40,large_leak,2,250,125047,0
40,large_leak,2,251,125547,0
40,large_leak,2,252,126047,0
40,large_leak,2,253,126547,0
40,large_leak,2,254,127047,0
40,large_leak,2,255,127547,0
40,large_leak,2,256,128047,0
40,large_leak,2,257,128547,0
40,large_leak,2,258,129047,0
40,large_leak,2,259,129547,0
40,large_leak,2,260,130047,0
40,large_leak,2,261,130547,0
40,large_leak,2,262,131047,0
40,large_leak,2,263,131547,25
40,large_leak,2,264,132047,61
40,large_leak,2,265,132547,77
40,large_leak,2,266,133047,100
40,large_leak,2,267,133547,107
40,large_leak,2,268,134047,107
40,large_leak,2,269,134547,108
40,large_leak,2,270,135047,107
40,large_leak,2,271,135547,100
40,large_leak,2,272,136047,93
40,large_leak,2,273,136547,95
40,large_leak,2,274,137047,91
40,large_leak,2,275,137547,85
40,large_leak,2,276,138047,88
40,large_leak,2,277,138547,108
40,large_leak,2,278,139047,127
40,large_leak,2,279,139547,127
40,large_leak,2,280,140047,125
40,large_leak,2,281,140547,123
40,large_leak,2,282,141047,109
40,large_leak,2,283,141547,114
40,large_leak,2,284,142047,105
40,large_leak,2,285,142547,79
40,large_leak,2,286,143047,61
40,large_leak,2,287,143547,53
40,large_leak,2,288,144047,35
40,large_leak,2,289,144547,16
40,large_leak,2,290,145047,0
40,large_leak,2,291,145547,0
40,large_leak,2,292,146047,0
40,large_leak,2,293,146547,0
40,large_leak,2,294,147047,0
40,large_leak,2,295,147547,0
40,large_leak,2,296,148047,0
40,large_leak,2,297,148547,0
40,large_leak,2,298,149047,0
40,large_leak,2,299,149547,0
40,large_leak,2,300,150047,0
40,large_leak,2,301,150547,0
40,large_leak,2,302,151047,0
40,large_leak,2,303,151547,0
40,large_leak,2,304,152047,0
40,large_leak,2,305,152547,0
40,large_leak,2,306,153047,0
40,large_leak,2,307,153548,0
40,large_leak,2,308,154047,0
40,large_leak,2,309,154547,0
40,large_leak,2,310,155047,0
40,large_leak,2,311,155547,0
40,large_leak,2,312,156047,0
40,large_leak,2,313,156547,0
40,large_leak,2,314,157047,0
40,large_leak,2,315,157547,30
40,large_leak,2,316,158047,79
40,large_leak,2,317,158547,119
40,large_leak,2,318,159047,163
40,large_leak,2,319,159547,213
40,large_leak,2,320,160047,223
40,large_leak,2,321,160547,227
40,large_leak,2,322,161047,235
40,large_leak,2,323,161547,255
40,large_leak,2,324,162047,264
40,large_leak,2,325,162547,265
40,large_leak,2,326,163047,248
40,large_leak,2,327,163547,233
40,large_leak,2,328,164047,233
40,large_leak,2,329,164547,233
40,large_leak,2,330,165047,231
40,large_leak,2,331,165547,229
40,large_leak,2,332,166047,227
40,large_leak,2,333,166547,215
40,large_leak,2,334,167047,212
40,large_leak,2,335,167547,197
40,large_leak,2,336,168047,179
40,large_leak,2,337,168548,171
40,large_leak,2,338,169047,169
40,large_leak,2,339,169547,155
40,large_leak,2,340,170047,143
40,large_leak,2,341,170547,133
40,large_leak,2,342,171047,123
40,large_leak,2,343,171547,127
40,large_leak,2,344,172047,115
40,large_leak,2,345,172547,86
40,large_leak,2,346,173047,71
40,large_leak,2,347,173547,61
40,large_leak,2,348,174047,51
40,large_leak,2,349,174547,27
40,large_leak,2,350,175047,10
40,large_leak,2,351,175547,9
40,large_leak,2,352,176047,13
40,large_leak,2,353,176547,8
40,large_leak,2,354,177047,11
40,large_leak,2,355,177547,19
40,large_leak,2,356,178047,57
40,large_leak,2,357,178547,95
40,large_leak,2,358,179047,117
40,large_leak,2,359,179547,119
40,large_leak,2,360,180047,136
40,large_leak,2,361,180547,140
40,large_leak,2,362,181047,135
40,large_leak,2,363,181547,121
40,large_leak,2,364,182047,115
40,large_leak,2,365,182547,101
40,large_leak,2,366,183047,71
40,large_leak,2,367,183547,31
40,large_leak,2,368,184047,9
40,large_leak,2,369,184547,0
40,large_leak,2,370,185047,0
40,large_leak,2,371,185547,0
40,large_leak,2,372,186047,45
40,large_leak,2,373,186547,85
40,large_leak,2,374,187047,99
40,large_leak,2,375,187547,124
40,large_leak,2,376,188047,165
40,large_leak,2,377,188547,179
40,large_leak,2,378,189047,215
40,large_leak,2,379,189547,219
40,large_leak,2,380,190047,199
40,large_leak,2,381,190547,199
40,large_leak,2,382,191047,205
40,large_leak,2,383,191547,189
40,large_leak,2,384,192047,179
40,large_leak,2,385,192547,165
40,large_leak,2,386,193047,134
40,large_leak,2,387,193547,105
40,large_leak,2,388,194047,97
40,large_leak,2,389,194547,69
40,large_leak,2,390,195047,22
40,large_leak,2,391,195547,0
40,large_leak,2,392,196047,0
40,large_leak,2,393,196547,0
40,large_leak,2,394,197047,0
40,large_leak,2,395,197547,0
40,large_leak,2,396,198047,0
40,large_leak,2,397,198547,0
40,large_leak,2,398,199047,0
40,large_leak,2,399,199547,0
40,large_leak,2,400,200047,0
40,large_leak,2,401,200547,0
40,large_leak,2,402,201047,69
40,large_leak,2,403,201547,100
40,large_leak,2,404,202047,125
40,large_leak,2,405,202547,142
40,large_leak,2,406,203047,163
40,large_leak,2,407,203547,173
40,large_leak,2,408,204047,183
40,large_leak,2,409,204547,171
40,large_leak,2,410,205047,171
40,large_leak,2,411,205547,185
40,large_leak,2,412,206047,200
40,large_leak,2,413,206547,188
40,large_leak,2,414,207047,181
40,large_leak,2,415,207547,169
40,large_leak,2,416,208047,149
40,large_leak,2,417,208547,125
40,large_leak,2,418,209047,89
40,large_leak,2,419,209547,37
40,large_leak,2,420,210047,5
40,large_leak,2,421,210547,0
40,large_leak,2,422,211047,0
40,large_leak,2,423,211547,0
40,large_leak,2,424,212047,0
40,large_leak,2,425,212547,0
40,large_leak,2,426,213047,0
40,large_leak,2,427,213547,0
40,large_leak,2,428,214047,0
40,large_leak,2,429,214547,61
40,large_leak,2,430,215047,95
40,large_leak,2,431,215547,137
40,large_leak,2,432,216047,149
40,large_leak,2,433,216547,159
40,large_leak,2,434,217047,181
40,large_leak,2,435,217547,188
40,large_leak,2,436,218047,175
40,large_leak,2,437,218547,149
40,large_leak,2,438,219047,119
40,large_leak,2,439,219547,101
40,large_leak,2,440,220047,81
40,large_leak,2,441,220547,47
40,large_leak,2,442,221047,29
40,large_leak,2,443,221547,25
40,large_leak,2,444,222047,6
40,large_leak,2,445,222547,0
40,large_leak,2,446,223047,0
40,large_leak,2,447,223547,0
40,large_leak,2,448,224047,0
40,large_leak,2,449,224547,53
40,large_leak,2,450,225047,85
40,large_leak,2,451,225547,115
40,large_leak,2,452,226047,157
40,large_leak,2,453,226547,181
40,large_leak,2,454,227047,201
40,large_leak,2,455,227547,203
40,large_leak,2,456,228047,199
40,large_leak,2,457,228547,186
40,large_leak,2,458,229047,179
40,large_leak,2,459,229547,170
40,large_leak,2,460,230047,165
40,large_leak,2,461,230547,159
40,large_leak,2,462,231047,147
40,large_leak,2,463,231547,119
40,large_leak,2,464,232047,91
40,large_leak,2,465,232547,83
40,large_leak,2,466,233047,71
40,large_leak,2,467,233547,46
40,large_leak,2,468,234047,20
40,large_leak,2,469,234547,5
40,large_leak,2,470,235047,18
40,large_leak,2,471,235547,24
40,large_leak,2,472,236047,35
40,large_leak,2,473,236547,39
40,large_leak,2,474,237047,59
40,large_leak,2,475,237547,78
40,large_leak,2,476,238047,107
40,large_leak,2,477,238547,121
40,large_leak,2,478,239047,111
40,large_leak,2,479,239547,101
40,large_leak,2,480,240047,93
40,large_leak,2,481,240547,116
40,large_leak,2,482,241047,135
40,large_leak,2,483,241547,146
40,large_leak,2,484,242047,155
40,large_leak,2,485,242547,160
40,large_leak,2,486,243047,167
40,large_leak,2,487,243547,175
40,large_leak,2,488,244047,173
40,large_leak,2,489,244547,151
40,large_leak,2,490,245047,135
40,large_leak,2,491,245547,117
40,large_leak,2,492,246047,79
40,large_leak,2,493,246547,75
40,large_leak,2,494,247047,55
40,large_leak,2,495,247547,45
40,large_leak,2,496,248047,43
40,large_leak,2,497,248547,35
40,large_leak,2,498,249047,57
40,large_leak,2,499,249547,102
40,large_leak,2,500,250047,135
40,large_leak,2,501,250547,151
40,large_leak,2,502,251047,151
40,large_leak,2,503,251547,152
40,large_leak,2,504,252047,155
40,large_leak,2,505,252547,157
40,large_leak,2,506,253047,169
40,large_leak,2,507,253547,169
40,large_leak,2,508,254047,169
40,large_leak,2,509,254547,153
40,large_leak,2,510,255047,139
40,large_leak,2,511,255547,135
40,large_leak,2,512,256047,117
40,large_leak,2,513,256547,106
40,large_leak,2,514,257047,87
40,large_leak,2,515,257547,58
40,large_leak,2,516,258047,39
40,large_leak,2,517,258547,42
40,large_leak,2,518,259047,55
40,large_leak,2,519,259547,76
40,large_leak,2,520,260047,77
40,large_leak,2,521,260547,63
40,large_leak,2,522,261047,55
40,large_leak,2,523,261547,61
40,large_leak,2,524,262047,61
40,large_leak,2,525,262547,69
40,large_leak,2,526,263047,61
40,large_leak,2,527,263547,44
40,large_leak,2,528,264047,40
40,large_leak,2,529,264547,30
40,large_leak,2,530,265047,43
40,large_leak,2,531,265547,45
40,large_leak,2,532,266047,33
40,large_leak,2,533,266547,25
40,large_leak,2,534,267047,27
40,large_leak,2,535,267547,23
40,large_leak,2,536,268047,8
40,large_leak,2,537,268547,0
40,large_leak,2,538,269047,0
40,large_leak,2,539,269547,0
40,large_leak,2,540,270047,0
40,large_leak,2,541,270547,0
40,large_leak,2,542,271047,0
40,large_leak,2,543,271547,0
40,large_leak,2,544,272047,28
40,large_leak,2,545,272547,54
40,large_leak,2,546,273047,53
40,large_leak,2,547,273547,55
40,large_leak,2,548,274047,67
40,large_leak,2,549,274547,71
40,large_leak,2,550,275047,88
40,large_leak,2,551,275547,94
40,large_leak,2,552,276047,93
40,large_leak,2,553,276547,109
40,large_leak,2,554,277047,143
40,large_leak,2,555,277547,141
40,large_leak,2,556,278047,154
40,large_leak,2,557,278547,168
40,large_leak,2,558,279047,183
40,large_leak,2,559,279547,187
40,large_leak,2,560,280047,199
40,large_leak,2,561,280547,221
40,large_leak,2,562,281047,223
40,large_leak,2,563,281547,234
40,large_leak,2,564,282047,237
40,large_leak,2,565,282547,226
40,large_leak,2,566,283047,217
40,large_leak,2,567,283547,197
40,large_leak,2,568,284047,165
40,large_leak,2,569,284547,125
40,large_leak,2,570,285047,98
40,large_leak,2,571,285547,61
40,large_leak,2,572,286047,26
40,large_leak,2,573,286547,1
40,large_leak,2,574,287047,0
40,large_leak,2,575,287547,0
40,large_leak,2,576,288047,0
40,large_leak,2,577,288547,0
40,large_leak,2,578,289047,6
40,large_leak,2,579,289547,25
40,large_leak,2,580,290047,37
40,large_leak,2,581,290547,40
40,large_leak,2,582,291047,39
40,large_leak,2,583,291547,44
40,large_leak,2,584,292047,59
40,large_leak,2,585,292547,75
40,large_leak,2,586,293047,91
40,large_leak,2,587,293547,111
40,large_leak,2,588,294047,115
40,large_leak,2,589,294547,101
40,large_leak,2,590,295047,99
40,large_leak,2,591,295547,91
40,large_leak,2,592,296047,72
40,large_leak,2,593,296547,55
40,large_leak,2,594,297047,39
40,large_leak,2,595,297547,22
40,large_leak,2,596,298047,6
40,large_leak,2,597,298547,0
40,large_leak,2,598,299047,0
40,large_leak,2,599,299547,0
40,large_leak,2,600,300047,0
40,large_leak,2,601,300547,0
40,large_leak,2,602,301047,0
40,large_leak,2,603,301547,0
40,large_leak,2,604,302047,0
40,large_leak,2,605,302547,35
40,large_leak,2,606,303047,38
40,large_leak,2,607,303547,73
40,large_leak,2,608,304047,91
40,large_leak,2,609,304547,99
40,large_leak,2,610,305047,99
40,large_leak,2,611,305547,87
40,large_leak,2,612,306047,59
40,large_leak,2,613,306547,51
40,large_leak,2,614,307047,36
40,large_leak,2,615,307547,28
40,large_leak,2,616,308047,17
40,large_leak,2,617,308547,11
40,large_leak,2,618,309047,4
40,large_leak,2,619,309547,7
40,large_leak,2,620,310047,27
40,large_leak,2,621,310547,53
40,large_leak,2,622,311047,53
40,large_leak,2,623,311547,61
40,large_leak,2,624,312047,85
40,large_leak,2,625,312547,103
40,large_leak,2,626,313047,119
40,large_leak,2,627,313547,153
40,large_leak,2,628,314047,183
40,large_leak,2,629,314547,209
40,large_leak,2,630,315047,227
40,large_leak,2,631,315547,221
40,large_leak,2,632,316047,237
40,large_leak,2,633,316547,235
40,large_leak,2,634,317047,221
40,large_leak,2,635,317547,211
40,large_leak,2,636,318047,183
40,large_leak,2,637,318547,163
40,large_leak,2,638,319047,170
40,large_leak,2,639,319547,168
40,large_leak,2,640,320047,155
40,large_leak,2,641,320547,152
40,large_leak,2,642,321047,153
40,large_leak,2,643,321547,151
40,large_leak,2,644,322047,147
40,large_leak,2,645,322547,141
40,large_leak,2,646,323047,123
40,large_leak,2,647,323547,99
40,large_leak,2,648,324047,73
40,large_leak,2,649,324547,43
40,large_leak,2,650,325047,27
40,large_leak,2,651,325547,16
40,large_leak,2,652,326047,2
40,large_leak,2,653,326547,0
40,large_leak,2,654,327047,0
40,large_leak,2,655,327547,0
40,large_leak,2,656,328047,0
40,large_leak,2,657,328547,0
40,large_leak,2,658,329047,13
40,large_leak,2,659,329547,35
40,large_leak,2,660,330047,34
40,large_leak,2,661,330547,57
40,large_leak,2,662,331047,75
40,large_leak,2,663,331547,83
40,large_leak,2,664,332047,93
40,large_leak,2,665,332547,111
40,large_leak,2,666,333047,139
40,large_leak,2,667,333547,169
40,large_leak,2,668,334047,186
40,large_leak,2,669,334547,185
40,large_leak,2,670,335047,181
40,large_leak,2,671,335547,185
40,large_leak,2,672,336047,201
40,large_leak,2,673,336547,204
40,large_leak,2,674,337047,189
40,large_leak,2,675,337547,179
40,large_leak,2,676,338047,167
40,large_leak,2,677,338547,155
40,large_leak,2,678,339047,138
40,large_leak,2,679,339547,112
40,large_leak,2,680,340047,100
40,large_leak,2,681,340547,89
40,large_leak,2,682,341047,90
40,large_leak,2,683,341547,93
40,large_leak,2,684,342047,89
40,large_leak,2,685,342547,78
40,large_leak,2,686,343047,77
40,large_leak,2,687,343547,83
40,large_leak,2,688,344047,88
40,large_leak,2,689,344547,87
40,large_leak,2,690,345047,85
40,large_leak,2,691,345547,88
40,large_leak,2,692,346047,91
40,large_leak,2,693,346547,97
40,large_leak,2,694,347047,89
40,large_leak,2,695,347547,87
40,large_leak,2,696,348047,79
40,large_leak,2,697,348547,73
40,large_leak,2,698,349047,53
40,large_leak,2,699,349547,37
40,large_leak,2,700,350047,45
40,large_leak,2,701,350547,71
40,large_leak,2,702,351047,85
40,large_leak,2,703,351547,101
40,large_leak,2,704,352047,109
40,large_leak,2,705,352547,100
40,large_leak,2,706,353047,99
40,large_leak,2,707,353547,85
40,large_leak,2,708,354047,56
40,large_leak,2,709,354547,27
40,large_leak,2,710,355047,2
40,large_leak,2,711,355547,0
40,large_leak,2,712,356047,0
40,large_leak,2,713,356547,0
40,large_leak,2,714,357047,0
40,large_leak,2,715,357547,0
40,large_leak,2,716,358047,0
40,large_leak,2,717,358547,20
40,large_leak,2,718,359047,43
40,large_leak,2,719,359547,69
40,large_leak,2,720,360047,102
40,large_leak,2,721,360547,119
40,large_leak,2,722,361047,123
40,large_leak,2,723,361547,137
40,large_leak,2,724,362047,155
40,large_leak,2,725,362547,156
40,large_leak,2,726,363047,153
40,large_leak,2,727,363547,147
40,large_leak,2,728,364047,136
40,large_leak,2,729,364547,117
40,large_leak,2,730,365047,112
40,large_leak,2,731,365547,117
40,large_leak,2,732,366047,118
40,large_leak,2,733,366547,118
40,large_leak,2,734,367047,133
40,large_leak,2,735,367547,135
40,large_leak,2,736,368047,125
40,large_leak,2,737,368547,107
40,large_leak,2,738,369047,85
40,large_leak,2,739,369547,41
40,large_leak,2,740,370047,7
40,large_leak,2,741,370547,0
40,large_leak,2,742,371047,0
40,large_leak,2,743,371547,0
40,large_leak,2,744,372047,0
40,large_leak,2,745,372547,0
40,large_leak,2,746,373047,0
40,large_leak,2,747,373547,45
40,large_leak,2,748,374047,48
40,large_leak,2,749,374547,76
40,large_leak,2,750,375047,116
40,large_leak,2,751,375547,115
40,large_leak,2,752,376047,106
40,large_leak,2,753,376547,104
40,large_leak,2,754,377047,91
40,large_leak,2,755,377547,85
40,large_leak,2,756,378048,60
40,large_leak,2,757,378547,30
40,large_leak,2,758,379047,9
40,large_leak,2,759,379547,0
40,large_leak,2,760,380047,0
40,large_leak,2,761,380547,0
40,large_leak,2,762,381047,0
40,large_leak,2,763,381547,0
40,large_leak,2,764,382047,0
40,large_leak,2,765,382547,0
40,large_leak,2,766,383047,0
40,large_leak,2,767,383547,0
40,large_leak,2,768,384047,0
40,large_leak,2,769,384547,0
40,large_leak,2,770,385047,0
40,large_leak,2,771,385547,0
40,large_leak,2,772,386047,28
40,large_leak,2,773,386547,45
40,large_leak,2,774,387047,77
40,large_leak,2,775,387547,115
40,large_leak,2,776,388047,139
40,large_leak,2,777,388547,157
40,large_leak,2,778,389047,167
40,large_leak,2,779,389547,169
40,large_leak,2,780,390047,170
40,large_leak,2,781,390547,157
40,large_leak,2,782,391047,127
40,large_leak,2,783,391547,86
40,large_leak,2,784,392047,73
40,large_leak,2,785,392547,58
40,large_leak,2,786,393047,41
40,large_leak,2,787,393547,23
40,large_leak,2,788,394047,6
40,large_leak,2,789,394547,6
40,large_leak,2,790,395047,13
40,large_leak,2,791,395547,19
40,large_leak,2,792,396047,36
40,large_leak,2,793,396547,61
40,large_leak,2,794,397047,74
40,large_leak,2,795,397547,75
40,large_leak,2,796,398047,41
40,large_leak,2,797,398547,71
40,large_leak,2,798,399047,61
40,large_leak,2,799,399547,43
40,large_leak,2,800,400047,17
40,large_leak,2,801,400547,4
40,large_leak,2,802,401047,0
40,large_leak,2,803,401547,11
40,large_leak,2,804,402047,9
40,large_leak,2,805,402547,17
40,large_leak,2,806,403047,41
40,large_leak,2,807,403547,61
40,large_leak,2,808,404047,62
40,large_leak,2,809,404547,59
40,large_leak,2,810,405047,63
40,large_leak,2,811,405547,61
40,large_leak,2,812,406047,47
40,large_leak,2,813,406547,31
40,large_leak,2,814,407047,35
40,large_leak,2,815,407547,39
40,large_leak,2,816,408047,48
40,large_leak,2,817,408547,59
40,large_leak,2,818,409047,77
40,large_leak,2,819,409547,107
40,large_leak,2,820,410047,139
40,large_leak,2,821,410547,151
40,large_leak,2,822,411047,168
40,large_leak,2,823,411547,176
40,large_leak,2,824,412047,169
40,large_leak,2,825,412547,137
40,large_leak,2,826,413047,163
40,large_leak,2,827,413547,127
40,large_leak,2,828,414047,108
40,large_leak,2,829,414547,83
40,large_leak,2,830,415047,23
40,large_leak,2,831,415547,0
40,large_leak,2,832,416047,0
40,large_leak,2,833,416547,0
40,large_leak,2,834,417047,0
40,large_leak,2,835,417547,22
40,large_leak,2,836,418047,39
40,large_leak,2,837,418547,47
40,large_leak,2,838,419047,55
40,large_leak,2,839,419547,85
40,large_leak,2,840,420047,95
40,large_leak,2,841,420547,104
40,large_leak,2,842,421047,107
40,large_leak,2,843,421547,102
40,large_leak,2,844,422047,98
40,large_leak,2,845,422547,91
40,large_leak,2,846,423047,93
40,large_leak,2,847,423547,109
40,large_leak,2,848,424047,127
40,large_leak,2,849,424547,147
40,large_leak,2,850,425047,160
40,large_leak,2,851,425547,157
40,large_leak,2,852,426047,175
40,large_leak,2,853,426547,205
40,large_leak,2,854,427047,237
40,large_leak,2,855,427547,271
40,large_leak,2,856,428047,285
40,large_leak,2,857,428547,304
40,large_leak,2,858,429047,311
40,large_leak,2,859,429547,285
40,large_leak,2,860,430047,262
40,large_leak,2,861,430547,222
40,large_leak,2,862,431047,181
40,large_leak,2,863,431547,133
40,large_leak,2,864,432047,100
40,large_leak,2,865,432547,72
40,large_leak,2,866,433047,56
40,large_leak,2,867,433547,55
40,large_leak,2,868,434047,57
40,large_leak,2,869,434547,73
40,large_leak,2,870,435047,101
40,large_leak,2,871,435547,153
40,large_leak,2,872,436047,170
40,large_leak,2,873,436547,165
40,large_leak,2,874,437047,157
40,large_leak,2,875,437547,137
40,large_leak,2,876,438047,142
40,large_leak,2,877,438547,133
40,large_leak,2,878,439047,105
40,large_leak,2,879,439547,92
40,large_leak,2,880,440047,69
40,large_leak,2,881,440547,59
40,large_leak,2,882,441047,58
40,large_leak,2,883,441547,53
40,large_leak,2,884,442047,51
40,large_leak,2,885,442547,27
40,large_leak,2,886,443047,27
40,large_leak,2,887,443547,27
40,large_leak,2,888,444047,40
40,large_leak,2,889,444547,53
40,large_leak,2,890,445047,47
40,large_leak,2,891,445547,51
40,large_leak,2,892,446047,91
40,large_leak,2,893,446547,121
40,large_leak,2,894,447047,137
40,large_leak,2,895,447547,149
40,large_leak,2,896,448047,167
40,large_leak,2,897,448547,190
40,large_leak,2,898,449047,206
40,large_leak,2,899,449547,211
40,large_leak,2,900,450047,199
40,large_leak,2,901,450547,183
40,large_leak,2,902,451047,167
40,large_leak,2,903,451547,151
40,large_leak,2,904,452047,150
40,large_leak,2,905,452547,158
40,large_leak,2,906,453047,165
40,large_leak,2,907,453547,173
40,large_leak,2,908,454047,173
40,large_leak,2,909,454547,153
40,large_leak,2,910,455047,114
40,large_leak,2,911,455547,109
40,large_leak,2,912,456047,121
40,large_leak,2,913,456547,99
40,large_leak,2,914,457047,109
40,large_leak,2,915,457547,100
40,large_leak,2,916,458047,99
40,large_leak,2,917,458547,104
40,large_leak,2,918,459047,75
40,large_leak,2,919,459547,70
40,large_leak,2,920,460047,71
40,large_leak,2,921,460547,54
40,large_leak,2,922,461047,58
40,large_leak,2,923,461547,53
40,large_leak,2,924,462047,45
40,large_leak,2,925,462547,43
40,large_leak,2,926,463047,31
40,large_leak,2,927,463547,13
40,large_leak,2,928,464047,0
40,large_leak,2,929,464547,0
40,large_leak,2,930,465047,0
40,large_leak,2,931,465547,0
40,large_leak,2,932,466047,0
40,large_leak,2,933,466547,0
40,large_leak,2,934,467047,0
40,large_leak,2,935,467547,0
40,large_leak,2,936,468047,0
40,large_leak,2,937,468547,0
40,large_leak,2,938,469047,0
40,large_leak,2,939,469547,35
40,large_leak,2,940,470047,61
40,large_leak,2,941,470547,79
40,large_leak,2,942,471047,93
40,large_leak,2,943,471547,101
40,large_leak,2,944,472047,99
40,large_leak,2,945,472547,109
40,large_leak,2,946,473047,118
40,large_leak,2,947,473547,123
40,large_leak,2,948,474047,103
40,large_leak,2,949,474547,99
40,large_leak,2,950,475047,101
40,large_leak,2,951,475547,140
40,large_leak,2,952,476047,159
40,large_leak,2,953,476547,143
40,large_leak,2,954,477047,147
40,large_leak,2,955,477547,137
40,large_leak,2,956,478047,149
40,large_leak,2,957,478547,173
40,large_leak,2,958,479047,127
40,large_leak,2,959,479547,125
40,large_leak,2,960,480047,123
40,large_leak,2,961,480547,123
40,large_leak,2,962,481047,118
40,large_leak,2,963,481547,110
40,large_leak,2,964,482047,78
40,large_leak,2,965,482547,84
40,large_leak,2,966,483047,68
40,large_leak,2,967,483547,61
40,large_leak,2,968,484047,59
40,large_leak,2,969,484547,70
40,large_leak,2,970,485047,77
40,large_leak,2,971,485547,84
40,large_leak,2,972,486047,85
40,large_leak,2,973,486547,90
40,large_leak,2,974,487047,76
40,large_leak,2,975,487547,50
40,large_leak,2,976,488047,23
40,large_leak,2,977,488547,1
40,large_leak,2,978,489047,0
40,large_leak,2,979,489547,0
40,large_leak,2,980,490047,0
40,large_leak,2,981,490547,0
40,large_leak,2,982,491047,0
40,large_leak,2,983,491547,0
40,large_leak,2,984,492047,0
40,large_leak,2,985,492547,0
40,large_leak,2,986,493047,0
40,large_leak,2,987,493547,0
40,large_leak,2,988,494047,0
40,large_leak,2,989,494547,0
40,large_leak,2,990,495047,0
40,large_leak,2,991,495547,0
40,large_leak,2,992,496047,0
40,large_leak,2,993,496547,0
40,large_leak,2,994,497047,0
40,large_leak,2,995,497547,0
40,large_leak,2,996,498047,0
40,large_leak,2,997,498547,0
40,large_leak,2,998,499047,0
40,large_leak,2,999,499547,0
40,large_leak,2,1000,500047,0
40,large_leak,2,1001,500547,0
40,large_leak,2,1002,501047,9
40,large_leak,2,1003,501547,0
40,large_leak,2,1004,502047,5
40,large_leak,2,1005,502547,0
40,large_leak,2,1006,503047,0
40,large_leak,2,1007,503547,0
40,large_leak,2,1008,504047,0
40,large_leak,2,1009,504547,0
40,large_leak,2,1010,505047,0
40,large_leak,2,1011,505547,0
40,large_leak,2,1012,506047,0
40,large_leak,2,1013,506547,0
40,large_leak,2,1014,507047,35
40,large_leak,2,1015,507547,53
40,large_leak,2,1016,508047,73
40,large_leak,2,1017,508547,116
40,large_leak,2,1018,509047,154
40,large_leak,2,1019,509547,167
40,large_leak,2,1020,510047,173
40,large_leak,2,1021,510547,157
40,large_leak,2,1022,511047,143
40,large_leak,2,1023,511547,148
40,large_leak,2,1024,512047,133
40,large_leak,2,1025,512547,103
40,large_leak,2,1026,513047,69
40,large_leak,2,1027,513547,43
40,large_leak,2,1028,514047,36
40,large_leak,2,1029,514547,31
40,large_leak,2,1030,515047,19
40,large_leak,2,1031,515547,1
40,large_leak,2,1032,516047,0
40,large_leak,2,1033,516547,0
40,large_leak,2,1034,517047,0
40,large_leak,2,1035,517547,0
40,large_leak,2,1036,518047,0
40,large_leak,2,1037,518547,0
40,large_leak,2,1038,519047,0
40,large_leak,2,1039,519547,0
40,large_leak,2,1040,520047,0
40,large_leak,2,1041,520547,0
40,large_leak,2,1042,521047,0
40,large_leak,2,1043,521547,0
40,large_leak,2,1044,522047,36
40,large_leak,2,1045,522547,68
40,large_leak,2,1046,523047,107
40,large_leak,2,1047,523547,159
40,large_leak,2,1048,524047,203
40,large_leak,2,1049,524547,237
40,large_leak,2,1050,525047,267
40,large_leak,2,1051,525547,281
40,large_leak,2,1052,526047,276
40,large_leak,2,1053,526547,269
40,large_leak,2,1054,527047,251
40,large_leak,2,1055,527547,235
40,large_leak,2,1056,528047,220
40,large_leak,2,1057,528547,217
40,large_leak,2,1058,529047,215
40,large_leak,2,1059,529547,223
40,large_leak,2,1060,530047,217
40,large_leak,2,1061,530547,187
40,large_leak,2,1062,531047,163
40,large_leak,2,1063,531547,145
40,large_leak,2,1064,532047,127
40,large_leak,2,1065,532547,123
40,large_leak,2,1066,533047,126
40,large_leak,2,1067,533547,133
40,large_leak,2,1068,534047,136
40,large_leak,2,1069,534547,151
40,large_leak,2,1070,535047,155
40,large_leak,2,1071,535547,165
40,large_leak,2,1072,536047,181
40,large_leak,2,1073,536547,168
40,large_leak,2,1074,537047,142
40,large_leak,2,1075,537547,117
40,large_leak,2,1076,538047,89
40,large_leak,2,1077,538547,77
40,large_leak,2,1078,539047,71
40,large_leak,2,1079,539547,31
40,large_leak,2,1080,540047,6
40,large_leak,2,1081,540547,0
40,large_leak,2,1082,541047,2
40,large_leak,2,1083,541547,31
40,large_leak,2,1084,542047,57
40,large_leak,2,1085,542547,61
40,large_leak,2,1086,543047,75
40,large_leak,2,1087,543547,87
40,large_leak,2,1088,544047,94
40,large_leak,2,1089,544547,123
40,large_leak,2,1090,545047,136
40,large_leak,2,1091,545547,123
40,large_leak,2,1092,546047,112
40,large_leak,2,1093,546547,103
40,large_leak,2,1094,547047,91
40,large_leak,2,1095,547547,95
40,large_leak,2,1096,548047,91
40,large_leak,2,1097,548547,57
40,large_leak,2,1098,549047,28
40,large_leak,2,1099,549547,37
40,large_leak,2,1100,550047,45
40,large_leak,2,1101,550547,47
40,large_leak,2,1102,551047,30
40,large_leak,2,1103,551547,3
40,large_leak,2,1104,552047,0
40,large_leak,2,1105,552547,0
40,large_leak,2,1106,553047,0
40,large_leak,2,1107,553547,0
40,large_leak,2,1108,554047,0
40,large_leak,2,1109,554547,19
40,large_leak,2,1110,555047,30
40,large_leak,2,1111,555547,69
40,large_leak,2,1112,556047,110
40,large_leak,2,1113,556547,149
40,large_leak,2,1114,557047,181
40,large_leak,2,1115,557547,207
40,large_leak,2,1116,558047,222
40,large_leak,2,1117,558547,239
40,large_leak,2,1118,559047,269
40,large_leak,2,1119,559547,268
40,large_leak,2,1120,560047,247
40,large_leak,2,1121,560547,219
40,large_leak,2,1122,561047,211
40,large_leak,2,1123,561547,181
40,large_leak,2,1124,562047,168
40,large_leak,2,1125,562547,151
40,large_leak,2,1126,563047,137
40,large_leak,2,1127,563547,157
40,large_leak,2,1128,564047,165
40,large_leak,2,1129,564547,141
40,large_leak,2,1130,565047,123
40,large_leak,2,1131,565547,99
40,large_leak,2,1132,566047,74
40,large_leak,2,1133,566547,52
40,large_leak,2,1134,567047,22
40,large_leak,2,1135,567547,6
40,large_leak,2,1136,568047,0
40,large_leak,2,1137,568547,0
40,large_leak,2,1138,569047,0
40,large_leak,2,1139,569547,0
40,large_leak,2,1140,570047,0
40,large_leak,2,1141,570547,0
40,large_leak,2,1142,571047,0
40,large_leak,2,1143,571547,0
40,large_leak,2,1144,572047,19
40,large_leak,2,1145,572547,59
40,large_leak,2,1146,573047,73
40,large_leak,2,1147,573547,63
40,large_leak,2,1148,574047,45
40,large_leak,2,1149,574547,57
40,large_leak,2,1150,575047,51
40,large_leak,2,1151,575547,36
40,large_leak,2,1152,576047,21
40,large_leak,2,1153,576547,17
40,large_leak,2,1154,577047,21
40,large_leak,2,1155,577547,31
40,large_leak,2,1156,578047,45
40,large_leak,2,1157,578547,51
40,large_leak,2,1158,579047,59
40,large_leak,2,1159,579547,43
40,large_leak,2,1160,580047,22
40,large_leak,2,1161,580547,11
40,large_leak,2,1162,581047,10
40,large_leak,2,1163,581547,3
40,large_leak,2,1164,582047,0
40,large_leak,2,1165,582547,0
40,large_leak,2,1166,583047,0
40,large_leak,2,1167,583547,0
40,large_leak,2,1168,584047,0
40,large_leak,2,1169,584547,5
40,large_leak,2,1170,585047,10
40,large_leak,2,1171,585547,9
40,large_leak,2,1172,586047,9
40,large_leak,2,1173,586547,13
40,large_leak,2,1174,587047,11
40,large_leak,2,1175,587547,1
40,large_leak,2,1176,588047,0
40,large_leak,2,1177,588547,27
40,large_leak,2,1178,589047,53
40,large_leak,2,1179,589547,83
40,large_leak,2,1180,590047,121
40,large_leak,2,1181,590547,149
40,large_leak,2,1182,591047,169
40,large_leak,2,1183,591547,198
40,large_leak,2,1184,592047,199
40,large_leak,2,1185,592547,205
40,large_leak,2,1186,593047,217
40,large_leak,2,1187,593547,227
40,large_leak,2,1188,594047,219
40,large_leak,2,1189,594547,204
40,large_leak,2,1190,595047,183
40,large_leak,2,1191,595547,163
40,large_leak,2,1192,596047,148
40,large_leak,2,1193,596547,143
40,large_leak,2,1194,597047,135
40,large_leak,2,1195,597547,93
40,large_leak,2,1196,598047,54
40,large_leak,2,1197,598547,21
40,large_leak,2,1198,599047,0
40,large_leak,2,1199,599547,0
40,large_leak,2,1200,600047,0
40,large_leak,2,1201,600547,0
40,large_leak,2,1202,601047,0
40,large_leak,2,1203,601547,0
40,large_leak,2,1204,602047,0
40,large_leak,2,1205,602547,0
40,large_leak,2,1206,603047,35
40,large_leak,2,1207,603547,51
40,large_leak,2,1208,604047,89
40,large_leak,2,1209,604547,125
40,large_leak,2,1210,605047,191
40,large_leak,2,1211,605547,221
40,large_leak,2,1212,606047,225
40,large_leak,2,1213,606547,239
40,large_leak,2,1214,607047,245
40,large_leak,2,1215,607547,253
40,large_leak,2,1216,608047,247
40,large_leak,2,1217,608547,225
40,large_leak,2,1218,609047,205
40,large_leak,2,1219,609547,168
40,large_leak,2,1220,610047,140
40,large_leak,2,1221,610547,119
40,large_leak,2,1222,611047,69
40,large_leak,2,1223,611547,18
40,large_leak,2,1224,612047,0
40,large_leak,2,1225,612547,0
40,large_leak,2,1226,613047,0
40,large_leak,2,1227,613547,1
40,large_leak,2,1228,614047,0
40,large_leak,2,1229,614547,0
40,large_leak,2,1230,615047,0
40,large_leak,2,1231,615547,0
40,large_leak,2,1232,616047,0
40,large_leak,2,1233,616547,0
40,large_leak,2,1234,617047,24
40,large_leak,2,1235,617547,11
40,large_leak,2,1236,618047,47
40,large_leak,2,1237,618547,89
40,large_leak,2,1238,619047,95
40,large_leak,2,1239,619547,109
40,large_leak,2,1240,620047,115
40,large_leak,2,1241,620547,107
40,large_leak,2,1242,621047,92
40,large_leak,2,1243,621547,73
40,large_leak,2,1244,622047,61
40,large_leak,2,1245,622547,57
40,large_leak,2,1246,623047,57
40,large_leak,2,1247,623547,59
40,large_leak,2,1248,624047,56
40,large_leak,2,1249,624547,41
40,large_leak,2,1250,625047,37
40,large_leak,2,1251,625547,36
40,large_leak,2,1252,626047,37
40,large_leak,2,1253,626547,29
40,large_leak,2,1254,627048,27
40,large_leak,2,1255,627547,54
40,large_leak,2,1256,628047,67
40,large_leak,2,1257,628547,85
40,large_leak,2,1258,629047,115
40,large_leak,2,1259,629547,143
40,large_leak,2,1260,630047,166
40,large_leak,2,1261,630547,179
40,large_leak,2,1262,631047,198
40,large_leak,2,1263,631547,206
40,large_leak,2,1264,632047,215
40,large_leak,2,1265,632547,217
40,large_leak,2,1266,633047,214
40,large_leak,2,1267,633547,215
40,large_leak,2,1268,634047,202
40,large_leak,2,1269,634547,186
40,large_leak,2,1270,635047,171
40,large_leak,2,1271,635547,145
40,large_leak,2,1272,636047,120
40,large_leak,2,1273,636547,103
40,large_leak,2,1274,637047,82
40,large_leak,2,1275,637547,63
40,large_leak,2,1276,638047,47
40,large_leak,2,1277,638547,24
40,large_leak,2,1278,639047,23
40,large_leak,2,1279,639547,37
40,large_leak,2,1280,640047,48
40,large_leak,2,1281,640547,51
40,large_leak,2,1282,641047,55
40,large_leak,2,1283,641547,43
40,large_leak,2,1284,642047,7
40,large_leak,2,1285,642547,0
40,large_leak,2,1286,643047,54
40,large_leak,2,1287,643547,40
40,large_leak,2,1288,644047,71
40,large_leak,2,1289,644547,50
40,large_leak,2,1290,645047,23
40,large_leak,2,1291,645547,61
40,large_leak,2,1292,646047,68
40,large_leak,2,1293,646547,56
40,large_leak,2,1294,647047,69
40,large_leak,2,1295,647547,53
40,large_leak,2,1296,648047,42
40,large_leak,2,1297,648547,51
40,large_leak,2,1298,649047,52
40,large_leak,2,1299,649547,61
40,large_leak,2,1300,650047,84
40,large_leak,2,1301,650547,104
40,large_leak,2,1302,651047,121
40,large_leak,2,1303,651547,142
40,large_leak,2,1304,652047,168
40,large_leak,2,1305,652547,205
40,large_leak,2,1306,653047,245
40,large_leak,2,1307,653547,267
40,large_leak,2,1308,654047,267
40,large_leak,2,1309,654547,266
40,large_leak,2,1310,655047,247
40,large_leak,2,1311,655547,201
40,large_leak,2,1312,656047,155
40,large_leak,2,1313,656547,105
40,large_leak,2,1314,657047,68
40,large_leak,2,1315,657547,55
40,large_leak,2,1316,658047,47
40,large_leak,2,1317,658547,17
40,large_leak,2,1318,659047,3
40,large_leak,2,1319,659547,52
40,large_leak,2,1320,660047,30
40,large_leak,2,1321,660547,67
40,large_leak,2,1322,661047,51
40,large_leak,2,1323,661547,21
40,large_leak,2,1324,662047,62
40,large_leak,2,1325,662547,69
40,large_leak,2,1326,663047,35
40,large_leak,2,1327,663548,31
40,large_leak,2,1328,664047,10
40,large_leak,2,1329,664547,0
40,large_leak,2,1330,665047,0
40,large_leak,2,1331,665547,0
40,large_leak,2,1332,666047,0
40,large_leak,2,1333,666547,0
40,large_leak,2,1334,667047,0
40,large_leak,2,1335,667547,0
40,large_leak,2,1336,668047,21
40,large_leak,2,1337,668547,36
40,large_leak,2,1338,669047,45
40,large_leak,2,1339,669547,55
40,large_leak,2,1340,670047,72
40,large_leak,2,1341,670547,93
40,large_leak,2,1342,671047,117
40,large_leak,2,1343,671547,125
40,large_leak,2,1344,672047,127
40,large_leak,2,1345,672547,119
40,large_leak,2,1346,673047,134
40,large_leak,2,1347,673547,121
40,large_leak,2,1348,674047,101
40,large_leak,2,1349,674547,73
40,large_leak,2,1350,675047,68
40,large_leak,2,1351,675547,75
40,large_leak,2,1352,676047,95
40,large_leak,2,1353,676547,91
40,large_leak,2,1354,677047,88
40,large_leak,2,1355,677547,110
40,large_leak,2,1356,678047,137
40,large_leak,2,1357,678547,155
40,large_leak,2,1358,679047,155
40,large_leak,2,1359,679547,141
40,large_leak,2,1360,680047,122
40,large_leak,2,1361,680547,109
40,large_leak,2,1362,681047,87
40,large_leak,2,1363,681547,69
40,large_leak,2,1364,682047,51
40,large_leak,2,1365,682547,25
40,large_leak,2,1366,683047,2
40,large_leak,2,1367,683547,0
40,large_leak,2,1368,684047,0
40,large_leak,2,1369,684547,0
40,large_leak,2,1370,685047,0
40,large_leak,2,1371,685547,0
40,large_leak,2,1372,686047,0
40,large_leak,2,1373,686547,0
40,large_leak,2,1374,687047,0
40,large_leak,2,1375,687547,0
40,large_leak,2,1376,688047,0
40,large_leak,2,1377,688547,10
40,large_leak,2,1378,689047,43
40,large_leak,2,1379,689547,83
40,large_leak,2,1380,690047,115
40,large_leak,2,1381,690547,158
40,large_leak,2,1382,691047,189
40,large_leak,2,1383,691547,200
40,large_leak,2,1384,692047,191
40,large_leak,2,1385,692547,183
40,large_leak,2,1386,693047,189
40,large_leak,2,1387,693547,207
40,large_leak,2,1388,694047,210
40,large_leak,2,1389,694547,201
40,large_leak,2,1390,695047,203
40,large_leak,2,1391,695547,210
40,large_leak,2,1392,696047,211
40,large_leak,2,1393,696547,191
40,large_leak,2,1394,697047,181
40,large_leak,2,1395,697547,174
40,large_leak,2,1396,698047,170
40,large_leak,2,1397,698547,157
40,large_leak,2,1398,699047,139
40,large_leak,2,1399,699547,104
40,large_leak,2,1400,700047,69
40,large_leak,2,1401,700547,27
40,large_leak,2,1402,701047,3
40,large_leak,2,1403,701547,0
40,large_leak,2,1404,702047,0
40,large_leak,2,1405,702547,0
40,large_leak,2,1406,703047,0
40,large_leak,2,1407,703547,0
40,large_leak,2,1408,704047,0
40,large_leak,2,1409,704547,0
40,large_leak,2,1410,705047,0
40,large_leak,2,1411,705547,0
40,large_leak,2,1412,706047,0
40,large_leak,2,1413,706547,0
40,large_leak,2,1414,707047,17
40,large_leak,2,1415,707547,24
40,large_leak,2,1416,708047,26
40,large_leak,2,1417,708547,49
40,large_leak,2,1418,709047,69
40,large_leak,2,1419,709547,60
40,large_leak,2,1420,710047,41
40,large_leak,2,1421,710547,26
40,large_leak,2,1422,711047,21
40,large_leak,2,1423,711547,17
40,large_leak,2,1424,712047,23
40,large_leak,2,1425,712547,29
40,large_leak,2,1426,713047,43
40,large_leak,2,1427,713547,69
40,large_leak,2,1428,714047,106
40,large_leak,2,1429,714547,119
40,large_leak,2,1430,715047,108
40,large_leak,2,1431,715547,98
40,large_leak,2,1432,716047,91
40,large_leak,2,1433,716547,83
40,large_leak,2,1434,717047,72
40,large_leak,2,1435,717547,52
40,large_leak,2,1436,718047,27
40,large_leak,2,1437,718547,3
40,large_leak,2,1438,719047,3
40,large_leak,2,1439,719547,21
40,large_leak,2,1440,720047,45
40,large_leak,2,1441,720547,71
40,large_leak,2,1442,721047,75
40,large_leak,2,1443,721547,106
40,large_leak,2,1444,722047,123
40,large_leak,2,1445,722547,135
40,large_leak,2,1446,723047,133
40,large_leak,2,1447,723547,147
40,large_leak,2,1448,724047,139
40,large_leak,2,1449,724547,149
40,large_leak,2,1450,725048,138
40,large_leak,2,1451,725547,143
40,large_leak,2,1452,726047,135
40,large_leak,2,1453,726547,127
40,large_leak,2,1454,727047,125
40,large_leak,2,1455,727547,139
40,large_leak,2,1456,728047,151
40,large_leak,2,1457,728547,157
40,large_leak,2,1458,729047,155
40,large_leak,2,1459,729547,170
40,large_leak,2,1460,730047,205
40,large_leak,2,1461,730547,237
40,large_leak,2,1462,731047,274
40,large_leak,2,1463,731547,299
40,large_leak,2,1464,732047,312
40,large_leak,2,1465,732547,310
40,large_leak,2,1466,733047,303
40,large_leak,2,1467,733547,275
40,large_leak,2,1468,734047,229
40,large_leak,2,1469,734547,215
40,large_leak,2,1470,735047,207
40,large_leak,2,1471,735547,187
40,large_leak,2,1472,736047,169
40,large_leak,2,1473,736547,171
40,large_leak,2,1474,737047,140
40,large_leak,2,1475,737547,107
40,large_leak,2,1476,738047,78
40,large_leak,2,1477,738547,37
40,large_leak,2,1478,739047,31
40,large_leak,2,1479,739547,22
40,large_leak,2,1480,740047,29
40,large_leak,2,1481,740547,29
40,large_leak,2,1482,741047,39
40,large_leak,2,1483,741547,47
40,large_leak,2,1484,742047,71
40,large_leak,2,1485,742547,93
40,large_leak,2,1486,743047,111
40,large_leak,2,1487,743547,121
40,large_leak,2,1488,744047,119
40,large_leak,2,1489,744547,103
40,large_leak,2,1490,745047,77
40,large_leak,2,1491,745547,51
40,large_leak,2,1492,746047,45
40,large_leak,2,1493,746547,41
40,large_leak,2,1494,747047,29
40,large_leak,2,1495,747547,18
40,large_leak,2,1496,748047,39
40,large_leak,2,1497,748547,57
40,large_leak,2,1498,749047,47
40,large_leak,2,1499,749547,43
40,large_leak,2,1500,750047,45
40,large_leak,2,1501,750547,29
40,large_leak,2,1502,751047,56
40,large_leak,2,1503,751547,48
40,large_leak,2,1504,752047,51
40,large_leak,2,1505,752547,41
40,large_leak,2,1506,753047,57
40,large_leak,2,1507,753547,69
40,large_leak,2,1508,754047,94
40,large_leak,2,1509,754547,117
40,large_leak,2,1510,755047,136
40,large_leak,2,1511,755547,141
40,large_leak,2,1512,756047,147
40,large_leak,2,1513,756547,141
40,large_leak,2,1514,757047,135
40,large_leak,2,1515,757547,123
40,large_leak,2,1516,758047,107
40,large_leak,2,1517,758547,89
40,large_leak,2,1518,759047,61
40,large_leak,2,1519,759547,29
40,large_leak,2,1520,760047,16
40,large_leak,2,1521,760547,22
40,large_leak,2,1522,761047,20
40,large_leak,2,1523,761547,19
40,large_leak,2,1524,762047,11
40,large_leak,2,1525,762547,1
40,large_leak,2,1526,763047,23
40,large_leak,2,1527,763547,53
40,large_leak,2,1528,764047,83
40,large_leak,2,1529,764547,88
40,large_leak,2,1530,765047,78
40,large_leak,2,1531,765547,63
40,large_leak,2,1532,766047,57
40,large_leak,2,1533,766547,59
40,large_leak,2,1534,767047,56
40,large_leak,2,1535,767547,47
40,large_leak,2,1536,768047,40
40,large_leak,2,1537,768547,29
40,large_leak,2,1538,769047,21
40,large_leak,2,1539,769547,20
40,large_leak,2,1540,770047,21
40,large_leak,2,1541,770547,20
40,large_leak,2,1542,771047,11
40,large_leak,2,1543,771547,17
40,large_leak,2,1544,772047,25
40,large_leak,2,1545,772547,35
40,large_leak,2,1546,773047,45
40,large_leak,2,1547,773547,58
40,large_leak,2,1548,774047,69
40,large_leak,2,1549,774547,60
40,large_leak,2,1550,775047,56
40,large_leak,2,1551,775547,48
40,large_leak,2,1552,776047,36
40,large_leak,2,1553,776547,17
40,large_leak,2,1554,777047,2
40,large_leak,2,1555,777547,0
40,large_leak,2,1556,778047,0
40,large_leak,2,1557,778547,0
40,large_leak,2,1558,779047,0
40,large_leak,2,1559,779547,0
40,large_leak,2,1560,780047,0
40,large_leak,2,1561,780547,12
40,large_leak,2,1562,781047,17
40,large_leak,2,1563,781547,26
40,large_leak,2,1564,782047,47
40,large_leak,2,1565,782547,73
40,large_leak,2,1566,783047,88
40,large_leak,2,1567,783547,77
40,large_leak,2,1568,784047,53
40,large_leak,2,1569,784547,59
40,large_leak,2,1570,785047,86
40,large_leak,2,1571,785547,100
40,large_leak,2,1572,786047,109
40,large_leak,2,1573,786547,123
40,large_leak,2,1574,787047,127
40,large_leak,2,1575,787547,133
40,large_leak,2,1576,788047,140
40,large_leak,2,1577,788547,150
40,large_leak,2,1578,789047,155
40,large_leak,2,1579,789547,147
40,large_leak,2,1580,790047,135
40,large_leak,2,1581,790547,122
40,large_leak,2,1582,791047,124
40,large_leak,2,1583,791547,127
40,large_leak,2,1584,792047,126
40,large_leak,2,1585,792547,133
40,large_leak,2,1586,793047,135
40,large_leak,2,1587,793547,133
40,large_leak,2,1588,794047,137
40,large_leak,2,1589,794547,123
40,large_leak,2,1590,795047,99
40,large_leak,2,1591,795547,69
40,large_leak,2,1592,796047,61
40,large_leak,2,1593,796547,46
40,large_leak,2,1594,797047,26
40,large_leak,2,1595,797547,7
40,large_leak,2,1596,798047,0
40,large_leak,2,1597,798547,2
40,large_leak,2,1598,799047,5
40,large_leak,2,1599,799547,33
40,large_leak,2,1600,800047,47
40,large_leak,2,1601,800547,69
40,large_leak,2,1602,801047,75
40,large_leak,2,1603,801547,92
40,large_leak,2,1604,802047,100
40,large_leak,2,1605,802547,95
40,large_leak,2,1606,803047,87
40,large_leak,2,1607,803547,88
40,large_leak,2,1608,804047,89
40,large_leak,2,1609,804547,106
40,large_leak,2,1610,805047,111
40,large_leak,2,1611,805547,115
40,large_leak,2,1612,806047,115
40,large_leak,2,1613,806547,99
40,large_leak,2,1614,807047,83
40,large_leak,2,1615,807547,69
40,large_leak,2,1616,808047,79
40,large_leak,2,1617,808547,78
40,large_leak,2,1618,809047,89
40,large_leak,2,1619,809547,98
40,large_leak,2,1620,810047,115
40,large_leak,2,1621,810547,133
40,large_leak,2,1622,811047,137
40,large_leak,2,1623,811547,132
40,large_leak,2,1624,812047,124
40,large_leak,2,1625,812547,121
40,large_leak,2,1626,813047,136
40,large_leak,2,1627,813547,139
40,large_leak,2,1628,814047,139
40,large_leak,2,1629,814547,145
40,large_leak,2,1630,815047,135
40,large_leak,2,1631,815547,107
40,large_leak,2,1632,816047,78
40,large_leak,2,1633,816547,63
40,large_leak,2,1634,817047,53
40,large_leak,2,1635,817547,31
40,large_leak,2,1636,818047,9
40,large_leak,2,1637,818547,0
40,large_leak,2,1638,819048,0
40,large_leak,2,1639,819547,0
40,large_leak,2,1640,820047,0
40,large_leak,2,1641,820547,0
40,large_leak,2,1642,821047,0
40,large_leak,2,1643,821547,0
40,large_leak,2,1644,822047,0
40,large_leak,2,1645,822547,28
40,large_leak,2,1646,823047,62
40,large_leak,2,1647,823547,87
40,large_leak,2,1648,824047,102
40,large_leak,2,1649,824547,115
40,large_leak,2,1650,825047,142
40,large_leak,2,1651,825547,171
40,large_leak,2,1652,826047,201
40,large_leak,2,1653,826547,213
40,large_leak,2,1654,827047,220
40,large_leak,2,1655,827547,245
40,large_leak,2,1656,828047,255
40,large_leak,2,1657,828547,247
40,large_leak,2,1658,829047,248
40,large_leak,2,1659,829547,251
40,large_leak,2,1660,830047,253
40,large_leak,2,1661,830547,239
40,large_leak,2,1662,831047,229
40,large_leak,2,1663,831547,223
40,large_leak,2,1664,832047,215
40,large_leak,2,1665,832547,213
40,large_leak,2,1666,833047,189
40,large_leak,2,1667,833547,153
40,large_leak,2,1668,834047,108
40,large_leak,2,1669,834547,80
40,large_leak,2,1670,835047,39
40,large_leak,2,1671,835547,7
40,large_leak,2,1672,836047,0
40,large_leak,2,1673,836547,0
40,large_leak,2,1674,837047,0
40,large_leak,2,1675,837547,0
40,large_leak,2,1676,838047,0
40,large_leak,2,1677,838547,0
40,large_leak,2,1678,839047,0
40,large_leak,2,1679,839547,0
40,large_leak,2,1680,840047,0
40,large_leak,2,1681,840547,0
40,large_leak,2,1682,841047,0
40,large_leak,2,1683,841547,0
40,large_leak,2,1684,842047,0
40,large_leak,2,1685,842547,0
40,large_leak,2,1686,843047,0
40,large_leak,2,1687,843547,0
40,large_leak,2,1688,844047,0
40,large_leak,2,1689,844547,0
40,large_leak,2,1690,845047,0
40,large_leak,2,1691,845547,0
40,large_leak,2,1692,846047,0
40,large_leak,2,1693,846547,0
40,large_leak,2,1694,847047,0
40,large_leak,2,1695,847547,8
40,large_leak,2,1696,848047,26
40,large_leak,2,1697,848547,35
40,large_leak,2,1698,849047,47
40,large_leak,2,1699,849547,73
40,large_leak,2,1700,850047,102
40,large_leak,2,1701,850547,139
40,large_leak,2,1702,851047,153
40,large_leak,2,1703,851547,180
40,large_leak,2,1704,852047,183
40,large_leak,2,1705,852547,183
40,large_leak,2,1706,853047,184
40,large_leak,2,1707,853547,187
40,large_leak,2,1708,854047,192
40,large_leak,2,1709,854547,179
40,large_leak,2,1710,855047,169
40,large_leak,2,1711,855547,157
40,large_leak,2,1712,856047,154
40,large_leak,2,1713,856547,137
40,large_leak,2,1714,857047,127
40,large_leak,2,1715,857547,125
40,large_leak,2,1716,858047,117
40,large_leak,2,1717,858547,105
40,large_leak,2,1718,859047,98
40,large_leak,2,1719,859547,77
40,large_leak,2,1720,860047,81
40,large_leak,2,1721,860547,95
40,large_leak,2,1722,861047,121
40,large_leak,2,1723,861547,163
40,large_leak,2,1724,862047,178
40,large_leak,2,1725,862547,184
40,large_leak,2,1726,863047,182
40,large_leak,2,1727,863547,179
40,large_leak,2,1728,864047,164
40,large_leak,2,1729,864547,151
40,large_leak,2,1730,865047,145
40,large_leak,2,1731,865547,140
40,large_leak,2,1732,866047,133
40,large_leak,2,1733,866547,110
40,large_leak,2,1734,867047,104
40,large_leak,2,1735,867547,94
40,large_leak,2,1736,868047,81
40,large_leak,2,1737,868547,74
40,large_leak,2,1738,869047,75
40,large_leak,2,1739,869547,75
40,large_leak,2,1740,870047,78
40,large_leak,2,1741,870547,83
40,large_leak,2,1742,871047,83
40,large_leak,2,1743,871547,84
40,large_leak,2,1744,872047,93
40,large_leak,2,1745,872547,93
40,large_leak,2,1746,873047,99
40,large_leak,2,1747,873547,105
40,large_leak,2,1748,874047,101
40,large_leak,2,1749,874547,92
40,large_leak,2,1750,875047,90
40,large_leak,2,1751,875547,71
40,large_leak,2,1752,876047,39
40,large_leak,2,1753,876547,35
40,large_leak,2,1754,877047,42
40,large_leak,2,1755,877547,31
40,large_leak,2,1756,878047,43
40,large_leak,2,1757,878547,61
40,large_leak,2,1758,879047,72
40,large_leak,2,1759,879547,75
40,large_leak,2,1760,880047,61
40,large_leak,2,1761,880547,68
40,large_leak,2,1762,881047,71
40,large_leak,2,1763,881547,79
40,large_leak,2,1764,882047,87
40,large_leak,2,1765,882547,85
40,large_leak,2,1766,883047,101
40,large_leak,2,1767,883547,125
40,large_leak,2,1768,884047,137
40,large_leak,2,1769,884547,145
40,large_leak,2,1770,885047,153
40,large_leak,2,1771,885547,150
40,large_leak,2,1772,886047,136
40,large_leak,2,1773,886547,118
40,large_leak,2,1774,887047,99
40,large_leak,2,1775,887547,77
40,large_leak,2,1776,888047,78
40,large_leak,2,1777,888547,77
40,large_leak,2,1778,889047,61
40,large_leak,2,1779,889547,29
40,large_leak,2,1780,890047,5
40,large_leak,2,1781,890547,0
40,large_leak,2,1782,891047,30
40,large_leak,2,1783,891547,43
40,large_leak,2,1784,892047,84
40,large_leak,2,1785,892547,73
40,large_leak,2,1786,893047,69
40,large_leak,2,1787,893547,101
40,large_leak,2,1788,894047,122
40,large_leak,2,1789,894547,101
40,large_leak,2,1790,895047,137
40,large_leak,2,1791,895547,171
40,large_leak,2,1792,896047,192
40,large_leak,2,1793,896547,229
40,large_leak,2,1794,897047,261
40,large_leak,2,1795,897547,277
40,large_leak,2,1796,898047,268
40,large_leak,2,1797,898547,251
40,large_leak,2,1798,899047,232
40,large_leak,2,1799,899547,219
40,large_leak,2,1800,900047,219
40,large_leak,2,1801,900547,183
40,large_leak,2,1802,901047,133
40,large_leak,2,1803,901547,105
40,large_leak,2,1804,902047,120
40,large_leak,2,1805,902547,145
40,large_leak,2,1806,903047,149
40,large_leak,2,1807,903547,141
40,large_leak,2,1808,904047,142
40,large_leak,2,1809,904547,149
40,large_leak,2,1810,905047,154
40,large_leak,2,1811,905547,140
40,large_leak,2,1812,906047,77
40,large_leak,2,1813,906547,21
40,large_leak,2,1814,907047,0
40,large_leak,2,1815,907547,0
40,large_leak,2,1816,908047,0
40,large_leak,2,1817,908547,0
40,large_leak,2,1818,909047,0
40,large_leak,2,1819,909547,0
40,large_leak,2,1820,910047,0
40,large_leak,2,1821,910547,0
40,large_leak,2,1822,911047,0
40,large_leak,2,1823,911547,0
40,large_leak,2,1824,912047,0
40,large_leak,2,1825,912547,0
40,large_leak,2,1826,913047,0
40,large_leak,2,1827,913547,0
40,large_leak,2,1828,914047,0
40,large_leak,2,1829,914547,0
40,large_leak,2,1830,915047,0
40,large_leak,2,1831,915547,43
40,large_leak,2,1832,916047,85
40,large_leak,2,1833,916547,122
40,large_leak,2,1834,917047,143
40,large_leak,2,1835,917547,149
40,large_leak,2,1836,918047,157
40,large_leak,2,1837,918547,155
40,large_leak,2,1838,919047,149
40,large_leak,2,1839,919547,115
40,large_leak,2,1840,920047,89
40,large_leak,2,1841,920547,40
40,large_leak,2,1842,921047,37
40,large_leak,2,1843,921547,14
40,large_leak,2,1844,922047,33
40,large_leak,2,1845,922547,12
40,large_leak,2,1846,923047,0
40,large_leak,2,1847,923547,0
40,large_leak,2,1848,924047,0
40,large_leak,2,1849,924547,0
40,large_leak,2,1850,925047,0
40,large_leak,2,1851,925547,0
40,large_leak,2,1852,926047,0
40,large_leak,2,1853,926547,11
40,large_leak,2,1854,927047,25
40,large_leak,2,1855,927547,23
40,large_leak,2,1856,928047,18
40,large_leak,2,1857,928547,41
40,large_leak,2,1858,929047,57
40,large_leak,2,1859,929547,87
40,large_leak,2,1860,930047,121
40,large_leak,2,1861,930547,157
40,large_leak,2,1862,931047,180
40,large_leak,2,1863,931547,205
40,large_leak,2,1864,932047,213
40,large_leak,2,1865,932547,203
40,large_leak,2,1866,933047,211
40,large_leak,2,1867,933547,219
40,large_leak,2,1868,934047,223
40,large_leak,2,1869,934547,214
40,large_leak,2,1870,935047,204
40,large_leak,2,1871,935547,199
40,large_leak,2,1872,936047,189
40,large_leak,2,1873,936547,175
40,large_leak,2,1874,937047,154
40,large_leak,2,1875,937547,141
40,large_leak,2,1876,938047,141
40,large_leak,2,1877,938547,155
40,large_leak,2,1878,939047,163
40,large_leak,2,1879,939547,163
40,large_leak,2,1880,940047,157
40,large_leak,2,1881,940547,151
40,large_leak,2,1882,941047,175
40,large_leak,2,1883,941547,189
40,large_leak,2,1884,942047,185
40,large_leak,2,1885,942547,173
40,large_leak,2,1886,943047,143
40,large_leak,2,1887,943547,111
40,large_leak,2,1888,944047,94
40,large_leak,2,1889,944547,86
40,large_leak,2,1890,945047,49
40,large_leak,2,1891,945547,24
40,large_leak,2,1892,946047,7
40,large_leak,2,1893,946547,17
40,large_leak,2,1894,947047,19
40,large_leak,2,1895,947547,21
40,large_leak,2,1896,948047,25
40,large_leak,2,1897,948547,13
40,large_leak,2,1898,949047,11
40,large_leak,2,1899,949547,0
40,large_leak,2,1900,950047,0
40,large_leak,2,1901,950547,3
40,large_leak,2,1902,951047,0
40,large_leak,2,1903,951547,0
40,large_leak,2,1904,952047,0
40,large_leak,2,1905,952547,0
40,large_leak,2,1906,953047,10
40,large_leak,2,1907,953547,26
40,large_leak,2,1908,954047,37
40,large_leak,2,1909,954547,31
40,large_leak,2,1910,955047,40
40,large_leak,2,1911,955547,63
40,large_leak,2,1912,956047,62
40,large_leak,2,1913,956547,63
40,large_leak,2,1914,957047,71
40,large_leak,2,1915,957547,89
40,large_leak,2,1916,958047,116
40,large_leak,2,1917,958547,135
40,large_leak,2,1918,959047,175
40,large_leak,2,1919,959547,215
40,large_leak,2,1920,960047,227
40,large_leak,2,1921,960547,249
40,large_leak,2,1922,961047,277
40,large_leak,2,1923,961547,282
40,large_leak,2,1924,962047,304
40,large_leak,2,1925,962547,283
40,large_leak,2,1926,963047,265
40,large_leak,2,1927,963547,271
40,large_leak,2,1928,964047,247
40,large_leak,2,1929,964547,223
40,large_leak,2,1930,965047,198
40,large_leak,2,1931,965547,157
40,large_leak,2,1932,966047,157
40,large_leak,2,1933,966547,159
40,large_leak,2,1934,967047,142
40,large_leak,2,1935,967547,102
40,large_leak,2,1936,968047,94
40,large_leak,2,1937,968547,95
40,large_leak,2,1938,969047,85
40,large_leak,2,1939,969547,71
40,large_leak,2,1940,970047,59
40,large_leak,2,1941,970547,41
40,large_leak,2,1942,971047,41
40,large_leak,2,1943,971547,51
40,large_leak,2,1944,972047,59
40,large_leak,2,1945,972547,61
40,large_leak,2,1946,973047,59
40,large_leak,2,1947,973547,76
40,large_leak,2,1948,974047,119
40,large_leak,2,1949,974547,169
40,large_leak,2,1950,975047,191
40,large_leak,2,1951,975547,215
40,large_leak,2,1952,976047,246
40,large_leak,2,1953,976547,269
40,large_leak,2,1954,977047,278
40,large_leak,2,1955,977547,271
40,large_leak,2,1956,978047,261
40,large_leak,2,1957,978547,249
40,large_leak,2,1958,979047,229
40,large_leak,2,1959,979547,205
40,large_leak,2,1960,980047,185
40,large_leak,2,1961,980547,149
40,large_leak,2,1962,981047,120
40,large_leak,2,1963,981547,99
40,large_leak,2,1964,982047,67
40,large_leak,2,1965,982547,43
40,large_leak,2,1966,983047,25
40,large_leak,2,1967,983547,19
40,large_leak,2,1968,984048,17
40,large_leak,2,1969,984547,1
40,large_leak,2,1970,985047,0
40,large_leak,2,1971,985547,17
40,large_leak,2,1972,986047,53
40,large_leak,2,1973,986547,77
40,large_leak,2,1974,987047,91
40,large_leak,2,1975,987547,55
40,large_leak,2,1976,988047,63
40,large_leak,2,1977,988547,61
40,large_leak,2,1978,989047,71
40,large_leak,2,1979,989547,72
40,large_leak,2,1980,990047,53
40,large_leak,2,1981,990547,26
40,large_leak,2,1982,991047,5
40,large_leak,2,1983,991547,0
40,large_leak,2,1984,992047,0
40,large_leak,2,1985,992547,0
40,large_leak,2,1986,993048,0
40,large_leak,2,1987,993547,0
40,large_leak,2,1988,994047,0
40,large_leak,2,1989,994547,57
40,large_leak,2,1990,995047,102
40,large_leak,2,1991,995547,155
40,large_leak,2,1992,996047,183
40,large_leak,2,1993,996547,175
40,large_leak,2,1994,997047,185
40,large_leak,2,1995,997547,175
40,large_leak,2,1996,998047,205
40,large_leak,2,1997,998547,205
40,large_leak,2,1998,999047,191
40,large_leak,2,1999,999547,199
40,large_leak,3,0,48,29
40,large_leak,3,1,547,43
40,large_leak,3,2,1047,13
40,large_leak,3,3,1547,3
40,large_leak,3,4,2047,24
40,large_leak,3,5,2547,1
40,large_leak,3,6,3047,1
40,large_leak,3,7,3547,0
40,large_leak,3,8,4047,0
40,large_leak,3,9,4547,0
40,large_leak,3,10,5047,0
40,large_leak,3,11,5547,0
40,large_leak,3,12,6047,0
40,large_leak,3,13,6547,3
40,large_leak,3,14,7047,27
40,large_leak,3,15,7547,75
40,large_leak,3,16,8047,121
40,large_leak,3,17,8547,163
40,large_leak,3,18,9047,197
40,large_leak,3,19,9547,213
40,large_leak,3,20,10047,219
40,large_leak,3,21,10547,215
40,large_leak,3,22,11047,181
40,large_leak,3,23,11547,133
40,large_leak,3,24,12047,109
40,large_leak,3,25,12547,67
40,large_leak,3,26,13047,59
40,large_leak,3,27,13547,53
40,large_leak,3,28,14047,78
40,large_leak,3,29,14547,87
40,large_leak,3,30,15047,89
40,large_leak,3,31,15547,84
40,large_leak,3,32,16047,56
40,large_leak,3,33,16547,45
40,large_leak,3,34,17047,36
40,large_leak,3,35,17547,45
40,large_leak,3,36,18047,52
40,large_leak,3,37,18547,70
40,large_leak,3,38,19047,83
40,large_leak,3,39,19547,101
40,large_leak,3,40,20047,115
40,large_leak,3,41,20547,123
40,large_leak,3,42,21047,126
40,large_leak,3,43,21547,117
40,large_leak,3,44,22047,120
40,large_leak,3,45,22547,121
40,large_leak,3,46,23047,125
40,large_leak,3,47,23547,125
40,large_leak,3,48,24047,100
40,large_leak,3,49,24547,61
40,large_leak,3,50,25047,36
40,large_leak,3,51,25547,27
40,large_leak,3,52,26047,21
40,large_leak,3,53,26547,2
40,large_leak,3,54,27047,0
40,large_leak,3,55,27547,7
40,large_leak,3,56,28047,19
40,large_leak,3,57,28547,37
40,large_leak,3,58,29047,77
40,large_leak,3,59,29547,112
40,large_leak,3,60,30047,156
40,large_leak,3,61,30547,179
40,large_leak,3,62,31047,197
40,large_leak,3,63,31547,217
40,large_leak,3,64,32047,229
40,large_leak,3,65,32547,239
40,large_leak,3,66,33047,240
40,large_leak,3,67,33547,247
40,large_leak,3,68,34047,235
40,large_leak,3,69,34547,211
40,large_leak,3,70,35047,201
40,large_leak,3,71,35547,205
40,large_leak,3,72,36047,198
40,large_leak,3,73,36547,187
40,large_leak,3,74,37047,171
40,large_leak,3,75,37547,143
40,large_leak,3,76,38047,183
40,large_leak,3,77,38547,183
40,large_leak,3,78,39047,149
40,large_leak,3,79,39547,125
40,large_leak,3,80,40047,93
40,large_leak,3,81,40547,31
40,large_leak,3,82,41047,61
40,large_leak,3,83,41547,43
40,large_leak,3,84,42047,17
40,large_leak,3,85,42547,39
40,large_leak,3,86,43047,35
40,large_leak,3,87,43547,35
40,large_leak,3,88,44047,37
40,large_leak,3,89,44547,13
40,large_leak,3,90,45047,25
40,large_leak,3,91,45547,45
40,large_leak,3,92,46047,35
40,large_leak,3,93,46547,43
40,large_leak,3,94,47047,42
40,large_leak,3,95,47547,43
40,large_leak,3,96,48047,57
40,large_leak,3,97,48547,43
40,large_leak,3,98,49047,40
40,large_leak,3,99,49547,51
40,large_leak,3,100,50047,26
40,large_leak,3,101,50547,6
40,large_leak,3,102,51047,8
40,large_leak,3,103,51547,0
40,large_leak,3,104,52047,0
40,large_leak,3,105,52547,0
40,large_leak,3,106,53047,0
40,large_leak,3,107,53547,0
40,large_leak,3,108,54047,1
40,large_leak,3,109,54547,3
40,large_leak,3,110,55047,0
40,large_leak,3,111,55547,1
40,large_leak,3,112,56047,4
40,large_leak,3,113,56547,0
40,large_leak,3,114,57047,0
40,large_leak,3,115,57547,0
40,large_leak,3,116,58047,0
40,large_leak,3,117,58547,37
40,large_leak,3,118,59047,72
40,large_leak,3,119,59547,84
40,large_leak,3,120,60047,111
40,large_leak,3,121,60547,155
40,large_leak,3,122,61047,185
40,large_leak,3,123,61547,205
40,large_leak,3,124,62047,215
40,large_leak,3,125,62547,227
40,large_leak,3,126,63047,235
40,large_leak,3,127,63547,243
40,large_leak,3,128,64047,231
40,large_leak,3,129,64547,219
40,large_leak,3,130,65047,210
40,large_leak,3,131,65547,187
40,large_leak,3,132,66047,167
40,large_leak,3,133,66547,153
40,large_leak,3,134,67047,133
40,large_leak,3,135,67547,105
40,large_leak,3,136,68047,91
40,large_leak,3,137,68547,75
40,large_leak,3,138,69047,51
40,large_leak,3,139,69547,13
40,large_leak,3,140,70047,21
40,large_leak,3,141,70547,0
40,large_leak,3,142,71047,0
40,large_leak,3,143,71547,0
40,large_leak,3,144,72047,0
40,large_leak,3,145,72547,20
40,large_leak,3,146,73047,45
40,large_leak,3,147,73547,86
40,large_leak,3,148,74047,107
40,large_leak,3,149,74547,151
40,large_leak,3,150,75047,182
40,large_leak,3,151,75547,213
40,large_leak,3,152,76047,212
40,large_leak,3,153,76547,187
40,large_leak,3,154,77047,167
40,large_leak,3,155,77547,150
40,large_leak,3,156,78047,123
40,large_leak,3,157,78547,109
40,large_leak,3,158,79047,85
40,large_leak,3,159,79547,71
40,large_leak,3,160,80047,71
40,large_leak,3,161,80547,55
40,large_leak,3,162,81047,44
40,large_leak,3,163,81547,43
40,large_leak,3,164,82047,45
40,large_leak,3,165,82547,31
40,large_leak,3,166,83047,25
40,large_leak,3,167,83547,27
40,large_leak,3,168,84047,28
40,large_leak,3,169,84547,35
40,large_leak,3,170,85047,45
40,large_leak,3,171,85547,42
40,large_leak,3,172,86047,28
40,large_leak,3,173,86547,29
40,large_leak,3,174,87047,35
40,large_leak,3,175,87547,47
40,large_leak,3,176,88047,57
40,large_leak,3,177,88547,47
40,large_leak,3,178,89047,52
40,large_leak,3,179,89547,61
40,large_leak,3,180,90047,58
40,large_leak,3,181,90547,69
40,large_leak,3,182,91047,60
40,large_leak,3,183,91547,42
40,large_leak,3,184,92047,37
40,large_leak,3,185,92547,18
40,large_leak,3,186,93047,1
40,large_leak,3,187,93547,0
40,large_leak,3,188,94047,0
40,large_leak,3,189,94547,0
40,large_leak,3,190,95047,0
40,large_leak,3,191,95547,6
40,large_leak,3,192,96047,21
40,large_leak,3,193,96547,39
40,large_leak,3,194,97047,51
40,large_leak,3,195,97547,53
40,large_leak,3,196,98047,43
40,large_leak,3,197,98547,39
40,large_leak,3,198,99048,37
40,large_leak,3,199,99547,39
40,large_leak,3,200,100047,27
40,large_leak,3,201,100547,23
40,large_leak,3,202,101047,29
40,large_leak,3,203,101547,41
40,large_leak,3,204,102047,53
40,large_leak,3,205,102547,61
40,large_leak,3,206,103047,60
40,large_leak,3,207,103547,75
40,large_leak,3,208,104047,91
40,large_leak,3,209,104547,120
40,large_leak,3,210,105047,147
40,large_leak,3,211,105547,159
40,large_leak,3,212,106047,159
40,large_leak,3,213,106547,141
40,large_leak,3,214,107047,127
40,large_leak,3,215,107547,118
40,large_leak,3,216,108047,94
40,large_leak,3,217,108547,61
40,large_leak,3,218,109047,31
40,large_leak,3,219,109547,5
40,large_leak,3,220,110047,0
40,large_leak,3,221,110547,0
40,large_leak,3,222,111047,0
40,large_leak,3,223,111547,0
40,large_leak,3,224,112047,0
40,large_leak,3,225,112547,0
40,large_leak,3,226,113047,0
40,large_leak,3,227,113547,11
40,large_leak,3,228,114047,13
40,large_leak,3,229,114547,25
40,large_leak,3,230,115047,51
40,large_leak,3,231,115547,71
40,large_leak,3,232,116047,61
40,large_leak,3,233,116547,69
40,large_leak,3,234,117047,101
40,large_leak,3,235,117547,126
40,large_leak,3,236,118047,119
40,large_leak,3,237,118547,99
40,large_leak,3,238,119047,93
40,large_leak,3,239,119547,99
40,large_leak,3,240,120047,95
40,large_leak,3,241,120547,62
40,large_leak,3,242,121047,31
40,large_leak,3,243,121547,11
40,large_leak,3,244,122047,26
40,large_leak,3,245,122547,41
40,large_leak,3,246,123047,30
40,large_leak,3,247,123547,16
40,large_leak,3,248,124047,25
40,large_leak,3,249,124547,73
40,large_leak,3,250,125047,119
40,large_leak,3,251,125547,124
40,large_leak,3,252,126047,136
40,large_leak,3,253,126547,153
40,large_leak,3,254,127047,151
40,large_leak,3,255,127547,169
40,large_leak,3,256,128047,167
40,large_leak,3,257,128547,138
40,large_leak,3,258,129047,136
40,large_leak,3,259,129547,111
40,large_leak,3,260,130047,71
40,large_leak,3,261,130547,55
40,large_leak,3,262,131047,43
40,large_leak,3,263,131547,18
40,large_leak,3,264,132047,2
40,large_leak,3,265,132547,0
40,large_leak,3,266,133047,0
40,large_leak,3,267,133547,0
40,large_leak,3,268,134047,0
40,large_leak,3,269,134547,0
40,large_leak,3,270,135047,0
40,large_leak,3,271,135547,0
40,large_leak,3,272,136047,8
40,large_leak,3,273,136547,25
40,large_leak,3,274,137047,53
40,large_leak,3,275,137547,61
40,large_leak,3,276,138047,77
40,large_leak,3,277,138547,101
40,large_leak,3,278,139047,115
40,large_leak,3,279,139547,134
40,large_leak,3,280,140047,151
40,large_leak,3,281,140547,153
40,large_leak,3,282,141047,136
40,large_leak,3,283,141547,119
40,large_leak,3,284,142047,117
40,large_leak,3,285,142547,127
40,large_leak,3,286,143047,133
40,large_leak,3,287,143547,125
40,large_leak,3,288,144047,115
40,large_leak,3,289,144547,109
40,large_leak,3,290,145047,121
40,large_leak,3,291,145547,136
40,large_leak,3,292,146047,159
40,large_leak,3,293,146547,159
40,large_leak,3,294,147048,145
40,large_leak,3,295,147547,135
40,large_leak,3,296,148047,141
40,large_leak,3,297,148547,151
40,large_leak,3,298,149047,151
40,large_leak,3,299,149547,143
40,large_leak,3,300,150047,138
40,large_leak,3,301,150547,135
40,large_leak,3,302,151047,135
40,large_leak,3,303,151547,118
40,large_leak,3,304,152047,116
40,large_leak,3,305,152547,125
40,large_leak,3,306,153047,135
40,large_leak,3,307,153547,111
40,large_leak,3,308,154047,88
40,large_leak,3,309,154547,77
40,large_leak,3,310,155047,71
40,large_leak,3,311,155547,61
40,large_leak,3,312,156047,46
40,large_leak,3,313,156547,30
40,large_leak,3,314,157047,27
40,large_leak,3,315,157547,51
40,large_leak,3,316,158047,58
40,large_leak,3,317,158547,38
40,large_leak,3,318,159047,29
40,large_leak,3,319,159547,29
40,large_leak,3,320,160047,27
40,large_leak,3,321,160547,40
40,large_leak,3,322,161047,47
40,large_leak,3,323,161547,51
40,large_leak,3,324,162047,91
40,large_leak,3,325,162547,119
40,large_leak,3,326,163047,127
40,large_leak,3,327,163547,136
40,large_leak,3,328,164047,138
40,large_leak,3,329,164547,159
40,large_leak,3,330,165047,149
40,large_leak,3,331,165547,117
40,large_leak,3,332,166047,79
40,large_leak,3,333,166547,27
40,large_leak,3,334,167047,1
40,large_leak,3,335,167547,0
40,large_leak,3,336,168047,0
40,large_leak,3,337,168547,0
40,large_leak,3,338,169047,0
40,large_leak,3,339,169547,0
40,large_leak,3,340,170047,31
40,large_leak,3,341,170547,67
40,large_leak,3,342,171047,99
40,large_leak,3,343,171547,111
40,large_leak,3,344,172047,111
40,large_leak,3,345,172547,105
40,large_leak,3,346,173047,87
40,large_leak,3,347,173547,71
40,large_leak,3,348,174047,51
40,large_leak,3,349,174547,21
40,large_leak,3,350,175047,0
40,large_leak,3,351,175547,0
40,large_leak,3,352,176047,0
40,large_leak,3,353,176547,0
40,large_leak,3,354,177047,0
40,large_leak,3,355,177547,0
40,large_leak,3,356,178047,0
40,large_leak,3,357,178547,19
40,large_leak,3,358,179047,55
40,large_leak,3,359,179547,87
40,large_leak,3,360,180047,117
40,large_leak,3,361,180547,141
40,large_leak,3,362,181047,149
40,large_leak,3,363,181547,141
40,large_leak,3,364,182047,142
40,large_leak,3,365,182547,153
40,large_leak,3,366,183047,155
40,large_leak,3,367,183547,141
40,large_leak,3,368,184047,141
40,large_leak,3,369,184547,167
40,large_leak,3,370,185047,171
40,large_leak,3,371,185547,165
40,large_leak,3,372,186047,143
40,large_leak,3,373,186547,101
40,large_leak,3,374,187047,109
40,large_leak,3,375,187547,78
40,large_leak,3,376,188047,43
40,large_leak,3,377,188547,47
40,large_leak,3,378,189047,53
40,large_leak,3,379,189547,67
40,large_leak,3,380,190047,87
40,large_leak,3,381,190547,79
40,large_leak,3,382,191047,93
40,large_leak,3,383,191547,89
40,large_leak,3,384,192047,79
40,large_leak,3,385,192547,93
40,large_leak,3,386,193047,101
40,large_leak,3,387,193547,133
40,large_leak,3,388,194047,151
40,large_leak,3,389,194547,157
40,large_leak,3,390,195047,157
40,large_leak,3,391,195547,142
40,large_leak,3,392,196047,124
40,large_leak,3,393,196547,133
40,large_leak,3,394,197047,119
40,large_leak,3,395,197547,83
40,large_leak,3,396,198047,75
40,large_leak,3,397,198547,62
40,large_leak,3,398,199047,41
40,large_leak,3,399,199547,13
40,large_leak,3,400,200047,0
40,large_leak,3,401,200547,0
40,large_leak,3,402,201047,0
40,large_leak,3,403,201547,0
40,large_leak,3,404,202047,0
40,large_leak,3,405,202547,0
40,large_leak,3,406,203047,0
40,large_leak,3,407,203547,0
40,large_leak,3,408,204047,0
40,large_leak,3,409,204547,0
40,large_leak,3,410,205047,0
40,large_leak,3,411,205547,2
40,large_leak,3,412,206047,12
40,large_leak,3,413,206547,21
40,large_leak,3,414,207047,29
40,large_leak,3,415,207547,39
40,large_leak,3,416,208047,59
40,large_leak,3,417,208547,69
40,large_leak,3,418,209047,69
40,large_leak,3,419,209547,70
40,large_leak,3,420,210047,72
40,large_leak,3,421,210547,69
40,large_leak,3,422,211047,62
40,large_leak,3,423,211547,68
40,large_leak,3,424,212047,77
40,large_leak,3,425,212547,98
40,large_leak,3,426,213047,117
40,large_leak,3,427,213547,147
40,large_leak,3,428,214047,157
40,large_leak,3,429,214547,151
40,large_leak,3,430,215047,153
40,large_leak,3,431,215547,154
40,large_leak,3,432,216047,171
40,large_leak,3,433,216547,185
40,large_leak,3,434,217047,179
40,large_leak,3,435,217547,156
40,large_leak,3,436,218047,136
40,large_leak,3,437,218547,133
40,large_leak,3,438,219047,149
40,large_leak,3,439,219547,155
40,large_leak,3,440,220047,149
40,large_leak,3,441,220547,143
40,large_leak,3,442,221047,157
40,large_leak,3,443,221547,160
40,large_leak,3,444,222047,157
40,large_leak,3,445,222547,141
40,large_leak,3,446,223047,125
40,large_leak,3,447,223547,109
40,large_leak,3,448,224047,98
40,large_leak,3,449,224547,91
40,large_leak,3,450,225047,80
40,large_leak,3,451,225547,74
40,large_leak,3,452,226047,67
40,large_leak,3,453,226547,69
40,large_leak,3,454,227047,55
40,large_leak,3,455,227547,51
40,large_leak,3,456,228047,61
40,large_leak,3,457,228547,85
40,large_leak,3,458,229047,105
40,large_leak,3,459,229547,109
40,large_leak,3,460,230047,121
40,large_leak,3,461,230547,133
40,large_leak,3,462,231047,137
40,large_leak,3,463,231547,116
40,large_leak,3,464,232047,89
40,large_leak,3,465,232547,75
40,large_leak,3,466,233047,70
40,large_leak,3,467,233547,57
40,large_leak,3,468,234047,57
40,large_leak,3,469,234547,45
40,large_leak,3,470,235047,21
40,large_leak,3,471,235547,17
40,large_leak,3,472,236047,2
40,large_leak,3,473,236547,0
40,large_leak,3,474,237047,0
40,large_leak,3,475,237547,9
40,large_leak,3,476,238047,23
40,large_leak,3,477,238547,43
40,large_leak,3,478,239047,72
40,large_leak,3,479,239547,101
40,large_leak,3,480,240047,147
40,large_leak,3,481,240547,159
40,large_leak,3,482,241047,167
40,large_leak,3,483,241547,171
40,large_leak,3,484,242047,185
40,large_leak,3,485,242547,199
40,large_leak,3,486,243047,202
40,large_leak,3,487,243547,215
40,large_leak,3,488,244047,244
40,large_leak,3,489,244547,263
40,large_leak,3,490,245047,271
40,large_leak,3,491,245547,264
40,large_leak,3,492,246047,253
40,large_leak,3,493,246547,252
40,large_leak,3,494,247047,238
40,large_leak,3,495,247547,215
40,large_leak,3,496,248047,180
40,large_leak,3,497,248547,147
40,large_leak,3,498,249047,115
40,large_leak,3,499,249547,91
40,large_leak,3,500,250047,69
40,large_leak,3,501,250547,55
40,large_leak,3,502,251047,37
40,large_leak,3,503,251547,23
40,large_leak,3,504,252047,10
40,large_leak,3,505,252547,0
40,large_leak,3,506,253047,6
40,large_leak,3,507,253547,36
40,large_leak,3,508,254047,61
40,large_leak,3,509,254547,73
40,large_leak,3,510,255047,79
40,large_leak,3,511,255547,115
40,large_leak,3,512,256047,139
40,large_leak,3,513,256547,140
40,large_leak,3,514,257047,157
40,large_leak,3,515,257547,181
40,large_leak,3,516,258047,200
40,large_leak,3,517,258547,173
40,large_leak,3,518,259047,170
40,large_leak,3,519,259547,163
40,large_leak,3,520,260047,159
40,large_leak,3,521,260547,118
40,large_leak,3,522,261047,109
40,large_leak,3,523,261547,104
40,large_leak,3,524,262047,111
40,large_leak,3,525,262547,109
40,large_leak,3,526,263047,116
40,large_leak,3,527,263547,119
40,large_leak,3,528,264047,103
40,large_leak,3,529,264547,84
40,large_leak,3,530,265047,63
40,large_leak,3,531,265547,51
40,large_leak,3,532,266047,39
40,large_leak,3,533,266547,37
40,large_leak,3,534,267047,47
40,large_leak,3,535,267547,77
40,large_leak,3,536,268047,93
40,large_leak,3,537,268547,83
40,large_leak,3,538,269047,57
40,large_leak,3,539,269547,53
40,large_leak,3,540,270047,56
40,large_leak,3,541,270547,71
40,large_leak,3,542,271048,93
40,large_leak,3,543,271547,119
40,large_leak,3,544,272047,127
40,large_leak,3,545,272547,135
40,large_leak,3,546,273047,139
40,large_leak,3,547,273547,127
40,large_leak,3,548,274047,125
40,large_leak,3,549,274547,105
40,large_leak,3,550,275047,79
40,large_leak,3,551,275547,53
40,large_leak,3,552,276047,42
40,large_leak,3,553,276547,29
40,large_leak,3,554,277047,9
40,large_leak,3,555,277547,0
40,large_leak,3,556,278047,0
40,large_leak,3,557,278547,11
40,large_leak,3,558,279047,26
40,large_leak,3,559,279547,51
40,large_leak,3,560,280047,76
40,large_leak,3,561,280547,107
40,large_leak,3,562,281047,149
40,large_leak,3,563,281547,167
40,large_leak,3,564,282047,159
40,large_leak,3,565,282547,153
40,large_leak,3,566,283047,157
40,large_leak,3,567,283547,139
40,large_leak,3,568,284047,123
40,large_leak,3,569,284547,93
40,large_leak,3,570,285047,62
40,large_leak,3,571,285547,37
40,large_leak,3,572,286047,47
40,large_leak,3,573,286547,41
40,large_leak,3,574,287047,51
40,large_leak,3,575,287547,47
40,large_leak,3,576,288047,35
40,large_leak,3,577,288547,35
40,large_leak,3,578,289047,47
40,large_leak,3,579,289547,45
40,large_leak,3,580,290047,39
40,large_leak,3,581,290547,16
40,large_leak,3,582,291047,0
40,large_leak,3,583,291547,0
40,large_leak,3,584,292047,0
40,large_leak,3,585,292547,0
40,large_leak,3,586,293047,0
40,large_leak,3,587,293547,0
40,large_leak,3,588,294047,0
40,large_leak,3,589,294547,25
40,large_leak,3,590,295047,53
40,large_leak,3,591,295547,74
40,large_leak,3,592,296047,107
40,large_leak,3,593,296547,139
40,large_leak,3,594,297047,153
40,large_leak,3,595,297547,164
40,large_leak,3,596,298047,169
40,large_leak,3,597,298547,170
40,large_leak,3,598,299047,167
40,large_leak,3,599,299547,152
40,large_leak,3,600,300047,136
40,large_leak,3,601,300547,121
40,large_leak,3,602,301047,115
40,large_leak,3,603,301547,104
40,large_leak,3,604,302047,111
40,large_leak,3,605,302547,124
40,large_leak,3,606,303047,121
40,large_leak,3,607,303547,139
40,large_leak,3,608,304047,155
40,large_leak,3,609,304547,166
40,large_leak,3,610,305047,157
40,large_leak,3,611,305547,134
40,large_leak,3,612,306047,105
40,large_leak,3,613,306547,93
40,large_leak,3,614,307047,103
40,large_leak,3,615,307547,105
40,large_leak,3,616,308047,93
40,large_leak,3,617,308547,61
40,large_leak,3,618,309047,22
40,large_leak,3,619,309547,5
40,large_leak,3,620,310047,3
40,large_leak,3,621,310547,0
40,large_leak,3,622,311047,0
40,large_leak,3,623,311547,0
40,large_leak,3,624,312047,0
40,large_leak,3,625,312547,0
40,large_leak,3,626,313047,37
40,large_leak,3,627,313547,61
40,large_leak,3,628,314047,107
40,large_leak,3,629,314547,139
40,large_leak,3,630,315048,163
40,large_leak,3,631,315547,192
40,large_leak,3,632,316047,211
40,large_leak,3,633,316547,211
40,large_leak,3,634,317047,206
40,large_leak,3,635,317547,198
40,large_leak,3,636,318047,158
40,large_leak,3,637,318547,112
40,large_leak,3,638,319047,69
40,large_leak,3,639,319547,41
40,large_leak,3,640,320047,25
40,large_leak,3,641,320547,7
40,large_leak,3,642,321047,0
40,large_leak,3,643,321547,0
40,large_leak,3,644,322047,0
40,large_leak,3,645,322547,0
40,large_leak,3,646,323047,0
40,large_leak,3,647,323547,0
40,large_leak,3,648,324047,0
40,large_leak,3,649,324547,0
40,large_leak,3,650,325047,0
40,large_leak,3,651,325547,0
40,large_leak,3,652,326047,3
40,large_leak,3,653,326547,0
40,large_leak,3,654,327047,0
40,large_leak,3,655,327547,0
40,large_leak,3,656,328047,13
40,large_leak,3,657,328547,12
40,large_leak,3,658,329047,12
40,large_leak,3,659,329547,33
40,large_leak,3,660,330047,51
40,large_leak,3,661,330547,77
40,large_leak,3,662,331047,110
40,large_leak,3,663,331547,139
40,large_leak,3,664,332047,153
40,large_leak,3,665,332547,133
40,large_leak,3,666,333047,106
40,large_leak,3,667,333547,91
40,large_leak,3,668,334047,73
40,large_leak,3,669,334547,43
40,large_leak,3,670,335047,27
40,large_leak,3,671,335547,13
40,large_leak,3,672,336048,7
40,large_leak,3,673,336547,4
40,large_leak,3,674,337047,7
40,large_leak,3,675,337547,26
40,large_leak,3,676,338047,56
40,large_leak,3,677,338547,70
40,large_leak,3,678,339047,83
40,large_leak,3,679,339547,85
40,large_leak,3,680,340047,91
40,large_leak,3,681,340547,90
40,large_leak,3,682,341047,100
40,large_leak,3,683,341547,99
40,large_leak,3,684,342047,78
40,large_leak,3,685,342547,62
40,large_leak,3,686,343047,58
40,large_leak,3,687,343547,51
40,large_leak,3,688,344047,40
40,large_leak,3,689,344547,21
40,large_leak,3,690,345047,5
40,large_leak,3,691,345547,1
40,large_leak,3,692,346047,0
40,large_leak,3,693,346547,27
40,large_leak,3,694,347047,71
40,large_leak,3,695,347547,106
40,large_leak,3,696,348047,116
40,large_leak,3,697,348547,111
40,large_leak,3,698,349047,104
40,large_leak,3,699,349547,107
40,large_leak,3,700,350047,99
40,large_leak,3,701,350547,69
40,large_leak,3,702,351047,36
40,large_leak,3,703,351547,12
40,large_leak,3,704,352047,0
40,large_leak,3,705,352547,0
40,large_leak,3,706,353047,0
40,large_leak,3,707,353547,0
40,large_leak,3,708,354047,0
40,large_leak,3,709,354547,0
40,large_leak,3,710,355047,0
40,large_leak,3,711,355547,0
40,large_leak,3,712,356047,0
40,large_leak,3,713,356547,0
40,large_leak,3,714,357047,0
40,large_leak,3,715,357547,0
40,large_leak,3,716,358047,43
40,large_leak,3,717,358547,85
40,large_leak,3,718,359047,111
40,large_leak,3,719,359547,121
40,large_leak,3,720,360047,119
40,large_leak,3,721,360547,119
40,large_leak,3,722,361047,123
40,large_leak,3,723,361547,126
40,large_leak,3,724,362047,125
40,large_leak,3,725,362547,103
40,large_leak,3,726,363047,93
40,large_leak,3,727,363547,94
40,large_leak,3,728,364047,101
40,large_leak,3,729,364547,112
40,large_leak,3,730,365047,124
40,large_leak,3,731,365547,104
40,large_leak,3,732,366047,72
40,large_leak,3,733,366547,137
40,large_leak,3,734,367047,157
40,large_leak,3,735,367547,167
40,large_leak,3,736,368047,189
40,large_leak,3,737,368547,145
40,large_leak,3,738,369047,149
40,large_leak,3,739,369547,169
40,large_leak,3,740,370047,137
40,large_leak,3,741,370547,136
40,large_leak,3,742,371047,121
40,large_leak,3,743,371547,84
40,large_leak,3,744,372047,84
40,large_leak,3,745,372547,61
40,large_leak,3,746,373047,37
40,large_leak,3,747,373547,46
40,large_leak,3,748,374047,41
40,large_leak,3,749,374547,23
40,large_leak,3,750,375047,55
40,large_leak,3,751,375547,72
40,large_leak,3,752,376047,105
40,large_leak,3,753,376547,107
40,large_leak,3,754,377047,109
40,large_leak,3,755,377547,87
40,large_leak,3,756,378047,78
40,large_leak,3,757,378547,57
40,large_leak,3,758,379047,59
40,large_leak,3,759,379547,58
40,large_leak,3,760,380047,73
40,large_leak,3,761,380547,56
40,large_leak,3,762,381047,46
40,large_leak,3,763,381547,57
40,large_leak,3,764,382047,67
40,large_leak,3,765,382547,93
40,large_leak,3,766,383047,121
40,large_leak,3,767,383547,137
40,large_leak,3,768,384047,139
40,large_leak,3,769,384547,140
40,large_leak,3,770,385047,153
40,large_leak,3,771,385547,173
40,large_leak,3,772,386047,191
40,large_leak,3,773,386547,207
40,large_leak,3,774,387047,219
40,large_leak,3,775,387547,217
40,large_leak,3,776,388047,199
40,large_leak,3,777,388547,173
40,large_leak,3,778,389047,151
40,large_leak,3,779,389547,121
40,large_leak,3,780,390047,111
40,large_leak,3,781,390547,91
40,large_leak,3,782,391047,61
40,large_leak,3,783,391547,53
40,large_leak,3,784,392047,63
40,large_leak,3,785,392547,79
40,large_leak,3,786,393047,103
40,large_leak,3,787,393547,141
40,large_leak,3,788,394047,179
40,large_leak,3,789,394547,218
40,large_leak,3,790,395047,247
40,large_leak,3,791,395547,266
40,large_leak,3,792,396047,270
40,large_leak,3,793,396547,283
40,large_leak,3,794,397048,267
40,large_leak,3,795,397547,236
40,large_leak,3,796,398047,201
40,large_leak,3,797,398547,165
40,large_leak,3,798,399047,147
40,large_leak,3,799,399547,117
40,large_leak,3,800,400047,88
40,large_leak,3,801,400547,77
40,large_leak,3,802,401047,61
40,large_leak,3,803,401547,73
40,large_leak,3,804,402047,95
40,large_leak,3,805,402547,101
40,large_leak,3,806,403047,106
40,large_leak,3,807,403547,93
40,large_leak,3,808,404047,99
40,large_leak,3,809,404547,121
40,large_leak,3,810,405047,139
40,large_leak,3,811,405547,153
40,large_leak,3,812,406047,175
40,large_leak,3,813,406547,182
40,large_leak,3,814,407047,185
40,large_leak,3,815,407547,183
40,large_leak,3,816,408047,181
40,large_leak,3,817,408547,167
40,large_leak,3,818,409047,139
40,large_leak,3,819,409547,101
40,large_leak,3,820,410047,77
40,large_leak,3,821,410547,53
40,large_leak,3,822,411047,31
40,large_leak,3,823,411547,11
40,large_leak,3,824,412047,0
40,large_leak,3,825,412547,0
40,large_leak,3,826,413047,0
40,large_leak,3,827,413547,0
40,large_leak,3,828,414047,0
40,large_leak,3,829,414547,22
40,large_leak,3,830,415047,41
40,large_leak,3,831,415547,59
40,large_leak,3,832,416047,79
40,large_leak,3,833,416547,75
40,large_leak,3,834,417047,101
40,large_leak,3,835,417547,108
40,large_leak,3,836,418047,87
40,large_leak,3,837,418547,78
40,large_leak,3,838,419047,75
40,large_leak,3,839,419547,55
40,large_leak,3,840,420047,41
40,large_leak,3,841,420547,18
40,large_leak,3,842,421047,9
40,large_leak,3,843,421547,19
40,large_leak,3,844,422047,21
40,large_leak,3,845,422547,52
40,large_leak,3,846,423047,95
40,large_leak,3,847,423547,132
40,large_leak,3,848,424047,163
40,large_leak,3,849,424547,181
40,large_leak,3,850,425047,203
40,large_leak,3,851,425547,222
40,large_leak,3,852,426048,233
40,large_leak,3,853,426547,229
40,large_leak,3,854,427047,207
40,large_leak,3,855,427547,179
40,large_leak,3,856,428047,146
40,large_leak,3,857,428547,107
40,large_leak,3,858,429047,84
40,large_leak,3,859,429547,59
40,large_leak,3,860,430047,45
40,large_leak,3,861,430548,46
40,large_leak,3,862,431047,57
40,large_leak,3,863,431547,76
40,large_leak,3,864,432047,93
40,large_leak,3,865,432547,105
40,large_leak,3,866,433047,93
40,large_leak,3,867,433547,99
40,large_leak,3,868,434047,112
40,large_leak,3,869,434547,109
40,large_leak,3,870,435047,109
40,large_leak,3,871,435547,110
40,large_leak,3,872,436047,107
40,large_leak,3,873,436547,119
40,large_leak,3,874,437047,123
40,large_leak,3,875,437547,111
40,large_leak,3,876,438047,95
40,large_leak,3,877,438547,111
40,large_leak,3,878,439047,133
40,large_leak,3,879,439547,139
40,large_leak,3,880,440047,112
40,large_leak,3,881,440547,85
40,large_leak,3,882,441047,54
40,large_leak,3,883,441547,23
40,large_leak,3,884,442047,9
40,large_leak,3,885,442547,0
40,large_leak,3,886,443047,0
40,large_leak,3,887,443547,0
40,large_leak,3,888,444047,0
40,large_leak,3,889,444547,0
40,large_leak,3,890,445047,0
40,large_leak,3,891,445547,16
40,large_leak,3,892,446047,23
40,large_leak,3,893,446547,48
40,large_leak,3,894,447047,75
40,large_leak,3,895,447547,84
40,large_leak,3,896,448047,93
40,large_leak,3,897,448547,91
40,large_leak,3,898,449047,89
40,large_leak,3,899,449547,99
40,large_leak,3,900,450047,92
40,large_leak,3,901,450547,99
40,large_leak,3,902,451047,107
40,large_leak,3,903,451547,107
40,large_leak,3,904,452047,103
40,large_leak,3,905,452547,87
40,large_leak,3,906,453047,61
40,large_leak,3,907,453547,106
40,large_leak,3,908,454047,115
40,large_leak,3,909,454547,149
40,large_leak,3,910,455047,153
40,large_leak,3,911,455547,143
40,large_leak,3,912,456047,149
40,large_leak,3,913,456547,159
40,large_leak,3,914,457047,149
40,large_leak,3,915,457547,165
40,large_leak,3,916,458047,184
40,large_leak,3,917,458547,185
40,large_leak,3,918,459047,189
40,large_leak,3,919,459547,189
40,large_leak,3,920,460047,207
40,large_leak,3,921,460547,238
40,large_leak,3,922,461047,250
40,large_leak,3,923,461547,236
40,large_leak,3,924,462047,229
40,large_leak,3,925,462548,215
40,large_leak,3,926,463047,206
40,large_leak,3,927,463547,190
40,large_leak,3,928,464047,172
40,large_leak,3,929,464547,135
40,large_leak,3,930,465047,89
40,large_leak,3,931,465547,69
40,large_leak,3,932,466047,45
40,large_leak,3,933,466547,13
40,large_leak,3,934,467047,0
40,large_leak,3,935,467547,1
40,large_leak,3,936,468047,0
40,large_leak,3,937,468547,0
40,large_leak,3,938,469047,0
40,large_leak,3,939,469547,0
40,large_leak,3,940,470047,23
40,large_leak,3,941,470547,37
40,large_leak,3,942,471047,37
40,large_leak,3,943,471547,39
40,large_leak,3,944,472047,41
40,large_leak,3,945,472547,30
40,large_leak,3,946,473047,27
40,large_leak,3,947,473547,29
40,large_leak,3,948,474047,35
40,large_leak,3,949,474547,53
40,large_leak,3,950,475047,82
40,large_leak,3,951,475547,91
40,large_leak,3,952,476047,95
40,large_leak,3,953,476547,111
40,large_leak,3,954,477047,148
40,large_leak,3,955,477547,186
40,large_leak,3,956,478047,218
40,large_leak,3,957,478547,231
40,large_leak,3,958,479047,237
40,large_leak,3,959,479547,231
40,large_leak,3,960,480047,199
40,large_leak,3,961,480547,204
40,large_leak,3,962,481047,165
40,large_leak,3,963,481547,151
40,large_leak,3,964,482047,115
40,large_leak,3,965,482547,83
40,large_leak,3,966,483047,71
40,large_leak,3,967,483547,53
40,large_leak,3,968,484047,47
40,large_leak,3,969,484547,31
40,large_leak,3,970,485047,10
40,large_leak,3,971,485547,0
40,large_leak,3,972,486047,11
40,large_leak,3,973,486547,9
40,large_leak,3,974,487047,5
40,large_leak,3,975,487547,0
40,large_leak,3,976,488047,0
40,large_leak,3,977,488547,0
40,large_leak,3,978,489048,0
40,large_leak,3,979,489547,0
40,large_leak,3,980,490047,0
40,large_leak,3,981,490547,0
40,large_leak,3,982,491047,0
40,large_leak,3,983,491547,21
40,large_leak,3,984,492047,43
40,large_leak,3,985,492547,55
40,large_leak,3,986,493047,51
40,large_leak,3,987,493547,73
40,large_leak,3,988,494047,30
40,large_leak,3,989,494547,31
40,large_leak,3,990,495047,39
40,large_leak,3,991,495547,57
40,large_leak,3,992,496047,63
40,large_leak,3,993,496547,73
40,large_leak,3,994,497047,57
40,large_leak,3,995,497547,75
40,large_leak,3,996,498047,85
40,large_leak,3,997,498547,86
40,large_leak,3,998,499047,89
40,large_leak,3,999,499547,88
40,large_leak,3,1000,500047,77
40,large_leak,3,1001,500547,61
40,large_leak,3,1002,501047,71
40,large_leak,3,1003,501547,55
40,large_leak,3,1004,502047,45
40,large_leak,3,1005,502547,39
40,large_leak,3,1006,503047,21
40,large_leak,3,1007,503547,5
40,large_leak,3,1008,504047,39
40,large_leak,3,1009,504547,55
40,large_leak,3,1010,505047,51
40,large_leak,3,1011,505547,51
40,large_leak,3,1012,506047,56
40,large_leak,3,1013,506547,75
40,large_leak,3,1014,507047,111
40,large_leak,3,1015,507547,127
40,large_leak,3,1016,508047,149
40,large_leak,3,1017,508547,171
40,large_leak,3,1018,509047,201
40,large_leak,3,1019,509547,206
40,large_leak,3,1020,510047,214
40,large_leak,3,1021,510547,213
40,large_leak,3,1022,511047,213
40,large_leak,3,1023,511547,221
40,large_leak,3,1024,512047,229
40,large_leak,3,1025,512547,245
40,large_leak,3,1026,513047,247
40,large_leak,3,1027,513547,219
40,large_leak,3,1028,514047,185
40,large_leak,3,1029,514547,169
40,large_leak,3,1030,515047,141
40,large_leak,3,1031,515547,136
40,large_leak,3,1032,516047,159
40,large_leak,3,1033,516547,155
40,large_leak,3,1034,517047,155
40,large_leak,3,1035,517547,133
40,large_leak,3,1036,518047,123
40,large_leak,3,1037,518547,123
40,large_leak,3,1038,519047,142
40,large_leak,3,1039,519547,133
40,large_leak,3,1040,520047,108
40,large_leak,3,1041,520547,91
40,large_leak,3,1042,521047,83
40,large_leak,3,1043,521547,77
40,large_leak,3,1044,522047,79
40,large_leak,3,1045,522547,85
40,large_leak,3,1046,523047,75
40,large_leak,3,1047,523547,59
40,large_leak,3,1048,524047,37
40,large_leak,3,1049,524547,11
40,large_leak,3,1050,525047,3
40,large_leak,3,1051,525547,1
40,large_leak,3,1052,526047,0
40,large_leak,3,1053,526547,0
40,large_leak,3,1054,527047,0
40,large_leak,3,1055,527547,0
40,large_leak,3,1056,528047,0
40,large_leak,3,1057,528547,0
40,large_leak,3,1058,529047,0
40,large_leak,3,1059,529547,0
40,large_leak,3,1060,530047,0
40,large_leak,3,1061,530547,10
40,large_leak,3,1062,531047,36
40,large_leak,3,1063,531547,67
40,large_leak,3,1064,532047,103
40,large_leak,3,1065,532547,119
40,large_leak,3,1066,533047,133
40,large_leak,3,1067,533547,133
40,large_leak,3,1068,534047,135
40,large_leak,3,1069,534547,147
40,large_leak,3,1070,535047,159
40,large_leak,3,1071,535547,204
40,large_leak,3,1072,536047,279
40,large_leak,3,1073,536547,309
40,large_leak,3,1074,537047,332
40,large_leak,3,1075,537547,333
40,large_leak,3,1076,538047,311
40,large_leak,3,1077,538547,291
40,large_leak,3,1078,539047,255
40,large_leak,3,1079,539547,213
40,large_leak,3,1080,540047,185
40,large_leak,3,1081,540547,149
40,large_leak,3,1082,541047,118
40,large_leak,3,1083,541547,102
40,large_leak,3,1084,542047,99
40,large_leak,3,1085,542547,85
40,large_leak,3,1086,543047,57
40,large_leak,3,1087,543547,27
40,large_leak,3,1088,544047,11
40,large_leak,3,1089,544547,10
40,large_leak,3,1090,545047,0
40,large_leak,3,1091,545547,0
40,large_leak,3,1092,546047,0
40,large_leak,3,1093,546547,0
40,large_leak,3,1094,547047,0
40,large_leak,3,1095,547547,0
40,large_leak,3,1096,548047,0
40,large_leak,3,1097,548547,0
40,large_leak,3,1098,549047,0
40,large_leak,3,1099,549547,0
40,large_leak,3,1100,550047,0
40,large_leak,3,1101,550547,3
40,large_leak,3,1102,551047,0
40,large_leak,3,1103,551547,0
40,large_leak,3,1104,552047,0
40,large_leak,3,1105,552547,0
40,large_leak,3,1106,553047,13
40,large_leak,3,1107,553547,19
40,large_leak,3,1108,554047,24
40,large_leak,3,1109,554547,28
40,large_leak,3,1110,555047,55
40,large_leak,3,1111,555547,89
40,large_leak,3,1112,556047,91
40,large_leak,3,1113,556547,85
40,large_leak,3,1114,557047,87
40,large_leak,3,1115,557547,90
40,large_leak,3,1116,558047,89
40,large_leak,3,1117,558547,119
40,large_leak,3,1118,559047,163
40,large_leak,3,1119,559547,185
40,large_leak,3,1120,560047,199
40,large_leak,3,1121,560547,187
40,large_leak,3,1122,561047,179
40,large_leak,3,1123,561547,168
40,large_leak,3,1124,562048,163
40,large_leak,3,1125,562547,149
40,large_leak,3,1126,563047,135
40,large_leak,3,1127,563547,101
40,large_leak,3,1128,564047,89
40,large_leak,3,1129,564547,59
40,large_leak,3,1130,565047,17
40,large_leak,3,1131,565547,9
40,large_leak,3,1132,566047,6
40,large_leak,3,1133,566547,0
40,large_leak,3,1134,567047,0
40,large_leak,3,1135,567547,0
40,large_leak,3,1136,568047,0
40,large_leak,3,1137,568547,0
40,large_leak,3,1138,569047,0
40,large_leak,3,1139,569547,0
40,large_leak,3,1140,570047,0
40,large_leak,3,1141,570547,0
40,large_leak,3,1142,571047,0
40,large_leak,3,1143,571547,0
40,large_leak,3,1144,572047,0
40,large_leak,3,1145,572547,0
40,large_leak,3,1146,573047,0
40,large_leak,3,1147,573547,36
40,large_leak,3,1148,574047,62
40,large_leak,3,1149,574547,77
40,large_leak,3,1150,575047,93
40,large_leak,3,1151,575547,114
40,large_leak,3,1152,576047,132
40,large_leak,3,1153,576547,140
40,large_leak,3,1154,577047,141
40,large_leak,3,1155,577547,124
40,large_leak,3,1156,578047,107
40,large_leak,3,1157,578547,87
40,large_leak,3,1158,579047,40
40,large_leak,3,1159,579547,5
40,large_leak,3,1160,580047,0
40,large_leak,3,1161,580547,0
40,large_leak,3,1162,581047,0
40,large_leak,3,1163,581547,0
40,large_leak,3,1164,582047,0
40,large_leak,3,1165,582547,0
40,large_leak,3,1166,583047,0
40,large_leak,3,1167,583547,0
40,large_leak,3,1168,584047,0
40,large_leak,3,1169,584547,0
40,large_leak,3,1170,585047,0
40,large_leak,3,1171,585547,0
40,large_leak,3,1172,586047,5
40,large_leak,3,1173,586547,21
40,large_leak,3,1174,587047,26
40,large_leak,3,1175,587547,26
40,large_leak,3,1176,588047,24
40,large_leak,3,1177,588547,23
40,large_leak,3,1178,589047,28
40,large_leak,3,1179,589547,41
40,large_leak,3,1180,590047,70
40,large_leak,3,1181,590547,90
40,large_leak,3,1182,591047,119
40,large_leak,3,1183,591547,158
40,large_leak,3,1184,592047,204
40,large_leak,3,1185,592547,223
40,large_leak,3,1186,593047,232
40,large_leak,3,1187,593547,233
40,large_leak,3,1188,594047,221
40,large_leak,3,1189,594547,201
40,large_leak,3,1190,595047,174
40,large_leak,3,1191,595547,138
40,large_leak,3,1192,596047,104
40,large_leak,3,1193,596547,101
40,large_leak,3,1194,597047,101
40,large_leak,3,1195,597548,87
40,large_leak,3,1196,598047,71
40,large_leak,3,1197,598547,71
40,large_leak,3,1198,599047,83
40,large_leak,3,1199,599547,91
40,large_leak,3,1200,600047,89
40,large_leak,3,1201,600547,84
40,large_leak,3,1202,601047,91
40,large_leak,3,1203,601547,104
40,large_leak,3,1204,602047,105
40,large_leak,3,1205,602547,105
40,large_leak,3,1206,603047,102
40,large_leak,3,1207,603547,99
40,large_leak,3,1208,604047,104
40,large_leak,3,1209,604547,110
40,large_leak,3,1210,605047,121
40,large_leak,3,1211,605547,135
40,large_leak,3,1212,606047,126
40,large_leak,3,1213,606547,119
40,large_leak,3,1214,607047,123
40,large_leak,3,1215,607547,125
40,large_leak,3,1216,608047,133
40,large_leak,3,1217,608547,136
40,large_leak,3,1218,609047,135
40,large_leak,3,1219,609547,93
40,large_leak,3,1220,610047,68
40,large_leak,3,1221,610547,114
40,large_leak,3,1222,611047,132
40,large_leak,3,1223,611547,169
40,large_leak,3,1224,612047,165
40,large_leak,3,1225,612547,126
40,large_leak,3,1226,613047,119
40,large_leak,3,1227,613547,102
40,large_leak,3,1228,614047,101
40,large_leak,3,1229,614547,93
40,large_leak,3,1230,615047,71
40,large_leak,3,1231,615547,74
40,large_leak,3,1232,616047,74
40,large_leak,3,1233,616547,75
40,large_leak,3,1234,617047,90
40,large_leak,3,1235,617547,77
40,large_leak,3,1236,618047,87
40,large_leak,3,1237,618547,88
40,large_leak,3,1238,619047,79
40,large_leak,3,1239,619547,73
40,large_leak,3,1240,620047,61
40,large_leak,3,1241,620547,43
40,large_leak,3,1242,621047,43
40,large_leak,3,1243,621547,27
40,large_leak,3,1244,622047,1
40,large_leak,3,1245,622547,0
40,large_leak,3,1246,623048,0
40,large_leak,3,1247,623547,0
40,large_leak,3,1248,624047,0
40,large_leak,3,1249,624547,0
40,large_leak,3,1250,625047,0
40,large_leak,3,1251,625547,41
40,large_leak,3,1252,626047,71
40,large_leak,3,1253,626547,86
40,large_leak,3,1254,627047,101
40,large_leak,3,1255,627547,107
40,large_leak,3,1256,628047,109
40,large_leak,3,1257,628547,115
40,large_leak,3,1258,629047,109
40,large_leak,3,1259,629547,75
40,large_leak,3,1260,630047,59
40,large_leak,3,1261,630547,95
40,large_leak,3,1262,631047,83
40,large_leak,3,1263,631547,121
40,large_leak,3,1264,632047,118
40,large_leak,3,1265,632547,121
40,large_leak,3,1266,633047,140
40,large_leak,3,1267,633547,119
40,large_leak,3,1268,634047,79
40,large_leak,3,1269,634547,139
40,large_leak,3,1270,635047,133
40,large_leak,3,1271,635547,153
40,large_leak,3,1272,636047,153
40,large_leak,3,1273,636547,136
40,large_leak,3,1274,637047,153
40,large_leak,3,1275,637547,154
40,large_leak,3,1276,638047,120
40,large_leak,3,1277,638547,119
40,large_leak,3,1278,639047,110
40,large_leak,3,1279,639547,103
40,large_leak,3,1280,640047,86
40,large_leak,3,1281,640547,83
40,large_leak,3,1282,641047,73
40,large_leak,3,1283,641547,54
40,large_leak,3,1284,642047,53
40,large_leak,3,1285,642547,36
40,large_leak,3,1286,643047,25
40,large_leak,3,1287,643547,27
40,large_leak,3,1288,644047,22
40,large_leak,3,1289,644547,0
40,large_leak,3,1290,645047,0
40,large_leak,3,1291,645547,0
40,large_leak,3,1292,646047,0
40,large_leak,3,1293,646547,0
40,large_leak,3,1294,647047,0
40,large_leak,3,1295,647547,0
40,large_leak,3,1296,648047,0
40,large_leak,3,1297,648547,0
40,large_leak,3,1298,649047,0
40,large_leak,3,1299,649547,0
40,large_leak,3,1300,650047,4
40,large_leak,3,1301,650547,29
40,large_leak,3,1302,651047,61
40,large_leak,3,1303,651547,87
40,large_leak,3,1304,652047,98
40,large_leak,3,1305,652547,116
40,large_leak,3,1306,653047,135
40,large_leak,3,1307,653547,155
40,large_leak,3,1308,654047,139
40,large_leak,3,1309,654547,120
40,large_leak,3,1310,655047,93
40,large_leak,3,1311,655547,107
40,large_leak,3,1312,656047,115
40,large_leak,3,1313,656547,119
40,large_leak,3,1314,657047,107
40,large_leak,3,1315,657547,86
40,large_leak,3,1316,658047,69
40,large_leak,3,1317,658547,62
40,large_leak,3,1318,659047,43
40,large_leak,3,1319,659547,7
40,large_leak,3,1320,660047,0
40,large_leak,3,1321,660547,0
40,large_leak,3,1322,661047,0
40,large_leak,3,1323,661547,3
40,large_leak,3,1324,662047,2
40,large_leak,3,1325,662547,11
40,large_leak,3,1326,663047,33
40,large_leak,3,1327,663547,35
40,large_leak,3,1328,664047,36
40,large_leak,3,1329,664547,51
40,large_leak,3,1330,665047,71
40,large_leak,3,1331,665547,89
40,large_leak,3,1332,666047,104
40,large_leak,3,1333,666547,119
40,large_leak,3,1334,667047,139
40,large_leak,3,1335,667547,170
40,large_leak,3,1336,668047,203
40,large_leak,3,1337,668547,223
40,large_leak,3,1338,669047,219
40,large_leak,3,1339,669547,221
40,large_leak,3,1340,670047,223
40,large_leak,3,1341,670547,212
40,large_leak,3,1342,671047,181
40,large_leak,3,1343,671547,117
40,large_leak,3,1344,672047,107
40,large_leak,3,1345,672547,107
40,large_leak,3,1346,673047,103
40,large_leak,3,1347,673547,105
40,large_leak,3,1348,674047,75
40,large_leak,3,1349,674547,92
40,large_leak,3,1350,675047,119
40,large_leak,3,1351,675547,149
40,large_leak,3,1352,676047,154
40,large_leak,3,1353,676547,167
40,large_leak,3,1354,677047,167
40,large_leak,3,1355,677547,165
40,large_leak,3,1356,678047,126
40,large_leak,3,1357,678547,89
40,large_leak,3,1358,679047,62
40,large_leak,3,1359,679547,60
40,large_leak,3,1360,680047,35
40,large_leak,3,1361,680547,5
40,large_leak,3,1362,681047,0
40,large_leak,3,1363,681547,0
40,large_leak,3,1364,682047,0
40,large_leak,3,1365,682547,0
40,large_leak,3,1366,683047,0
40,large_leak,3,1367,683547,0
40,large_leak,3,1368,684047,16
40,large_leak,3,1369,684547,35
40,large_leak,3,1370,685047,71
40,large_leak,3,1371,685547,119
40,large_leak,3,1372,686047,159
40,large_leak,3,1373,686547,202
40,large_leak,3,1374,687047,219
40,large_leak,3,1375,687547,213
40,large_leak,3,1376,688047,212
40,large_leak,3,1377,688547,205
40,large_leak,3,1378,689047,207
40,large_leak,3,1379,689547,216
40,large_leak,3,1380,690047,211
40,large_leak,3,1381,690547,227
40,large_leak,3,1382,691047,237
40,large_leak,3,1383,691547,261
40,large_leak,3,1384,692047,269
40,large_leak,3,1385,692547,269
40,large_leak,3,1386,693047,252
40,large_leak,3,1387,693547,203
40,large_leak,3,1388,694047,133
40,large_leak,3,1389,694547,105
40,large_leak,3,1390,695047,99
40,large_leak,3,1391,695547,71
40,large_leak,3,1392,696047,77
40,large_leak,3,1393,696547,54
40,large_leak,3,1394,697047,44
40,large_leak,3,1395,697547,57
40,large_leak,3,1396,698047,47
40,large_leak,3,1397,698547,44
40,large_leak,3,1398,699047,35
40,large_leak,3,1399,699547,56
40,large_leak,3,1400,700047,73
40,large_leak,3,1401,700547,71
40,large_leak,3,1402,701047,70
40,large_leak,3,1403,701547,51
40,large_leak,3,1404,702047,29
40,large_leak,3,1405,702547,6
40,large_leak,3,1406,703047,0
40,large_leak,3,1407,703547,0
40,large_leak,3,1408,704047,0
40,large_leak,3,1409,704547,0
40,large_leak,3,1410,705047,0
40,large_leak,3,1411,705547,18
40,large_leak,3,1412,706047,29
40,large_leak,3,1413,706547,36
40,large_leak,3,1414,707047,57
40,large_leak,3,1415,707547,92
40,large_leak,3,1416,708047,134
40,large_leak,3,1417,708547,150
40,large_leak,3,1418,709047,155
40,large_leak,3,1419,709547,150
40,large_leak,3,1420,710047,141
40,large_leak,3,1421,710547,137
40,large_leak,3,1422,711047,105
40,large_leak,3,1423,711547,79
40,large_leak,3,1424,712047,71
40,large_leak,3,1425,712547,59
40,large_leak,3,1426,713047,61
40,large_leak,3,1427,713547,72
40,large_leak,3,1428,714047,71
40,large_leak,3,1429,714547,69
40,large_leak,3,1430,715047,55
40,large_leak,3,1431,715547,55
40,large_leak,3,1432,716047,79
40,large_leak,3,1433,716547,101
40,large_leak,3,1434,717047,106
40,large_leak,3,1435,717547,122
40,large_leak,3,1436,718047,149
40,large_leak,3,1437,718547,173
40,large_leak,3,1438,719047,189
40,large_leak,3,1439,719547,189
40,large_leak,3,1440,720047,189
40,large_leak,3,1441,720547,185
40,large_leak,3,1442,721047,183
40,large_leak,3,1443,721548,165
40,large_leak,3,1444,722047,139
40,large_leak,3,1445,722547,117
40,large_leak,3,1446,723047,103
40,large_leak,3,1447,723547,95
40,large_leak,3,1448,724047,95
40,large_leak,3,1449,724547,101
40,large_leak,3,1450,725047,105
40,large_leak,3,1451,725547,121
40,large_leak,3,1452,726047,117
40,large_leak,3,1453,726547,99
40,large_leak,3,1454,727047,89
40,large_leak,3,1455,727547,98
40,large_leak,3,1456,728047,83
40,large_leak,3,1457,728547,73
40,large_leak,3,1458,729047,73
40,large_leak,3,1459,729547,61
40,large_leak,3,1460,730047,69
40,large_leak,3,1461,730547,77
40,large_leak,3,1462,731047,95
40,large_leak,3,1463,731547,119
40,large_leak,3,1464,732047,127
40,large_leak,3,1465,732547,119
40,large_leak,3,1466,733047,109
40,large_leak,3,1467,733547,107
40,large_leak,3,1468,734047,117
40,large_leak,3,1469,734547,135
40,large_leak,3,1470,735047,155
40,large_leak,3,1471,735547,157
40,large_leak,3,1472,736047,163
40,large_leak,3,1473,736547,168
40,large_leak,3,1474,737047,184
40,large_leak,3,1475,737547,200
40,large_leak,3,1476,738047,200
40,large_leak,3,1477,738547,173
40,large_leak,3,1478,739047,161
40,large_leak,3,1479,739547,151
40,large_leak,3,1480,740047,147
40,large_leak,3,1481,740547,133
40,large_leak,3,1482,741047,108
40,large_leak,3,1483,741547,94
40,large_leak,3,1484,742047,93
40,large_leak,3,1485,742547,85
40,large_leak,3,1486,743047,63
40,large_leak,3,1487,743547,47
40,large_leak,3,1488,744047,27
40,large_leak,3,1489,744547,21
40,large_leak,3,1490,745047,37
40,large_leak,3,1491,745547,58
40,large_leak,3,1492,746047,57
40,large_leak,3,1493,746547,42
40,large_leak,3,1494,747047,47
40,large_leak,3,1495,747547,63
40,large_leak,3,1496,748047,75
40,large_leak,3,1497,748547,77
40,large_leak,3,1498,749047,71
40,large_leak,3,1499,749547,69
40,large_leak,3,1500,750047,74
40,large_leak,3,1501,750547,73
40,large_leak,3,1502,751047,73
40,large_leak,3,1503,751547,77
40,large_leak,3,1504,752047,77
40,large_leak,3,1505,752547,83
40,large_leak,3,1506,753047,83
40,large_leak,3,1507,753547,104
40,large_leak,3,1508,754047,125
40,large_leak,3,1509,754547,143
40,large_leak,3,1510,755047,157
40,large_leak,3,1511,755547,159
40,large_leak,3,1512,756047,163
40,large_leak,3,1513,756547,157
40,large_leak,3,1514,757047,125
40,large_leak,3,1515,757547,88
40,large_leak,3,1516,758047,51
40,large_leak,3,1517,758547,21
40,large_leak,3,1518,759047,1
40,large_leak,3,1519,759547,0
40,large_leak,3,1520,760047,0
40,large_leak,3,1521,760547,0
40,large_leak,3,1522,761047,0
40,large_leak,3,1523,761547,0
40,large_leak,3,1524,762047,0
40,large_leak,3,1525,762547,1
40,large_leak,3,1526,763047,18
40,large_leak,3,1527,763547,54
40,large_leak,3,1528,764047,88
40,large_leak,3,1529,764547,99
40,large_leak,3,1530,765047,121
40,large_leak,3,1531,765547,151
40,large_leak,3,1532,766047,165
40,large_leak,3,1533,766547,175
40,large_leak,3,1534,767047,174
40,large_leak,3,1535,767547,147
40,large_leak,3,1536,768047,125
40,large_leak,3,1537,768547,77
40,large_leak,3,1538,769047,71
40,large_leak,3,1539,769547,48
40,large_leak,3,1540,770047,23
40,large_leak,3,1541,770547,6
40,large_leak,3,1542,771047,0
40,large_leak,3,1543,771547,0
40,large_leak,3,1544,772047,0
40,large_leak,3,1545,772547,0
40,large_leak,3,1546,773047,0
40,large_leak,3,1547,773547,0
40,large_leak,3,1548,774047,0
40,large_leak,3,1549,774547,0
40,large_leak,3,1550,775047,0
40,large_leak,3,1551,775547,10
40,large_leak,3,1552,776047,45
40,large_leak,3,1553,776547,71
40,large_leak,3,1554,777047,84
40,large_leak,3,1555,777547,119
40,large_leak,3,1556,778047,151
40,large_leak,3,1557,778547,170
40,large_leak,3,1558,779047,211
40,large_leak,3,1559,779547,243
40,large_leak,3,1560,780047,267
40,large_leak,3,1561,780547,279
40,large_leak,3,1562,781047,279
40,large_leak,3,1563,781547,283
40,large_leak,3,1564,782047,281
40,large_leak,3,1565,782547,247
40,large_leak,3,1566,783047,207
40,large_leak,3,1567,783547,180
40,large_leak,3,1568,784047,159
40,large_leak,3,1569,784547,146
40,large_leak,3,1570,785047,121
40,large_leak,3,1571,785547,92
40,large_leak,3,1572,786047,79
40,large_leak,3,1573,786547,79
40,large_leak,3,1574,787047,85
40,large_leak,3,1575,787547,74
40,large_leak,3,1576,788047,63
40,large_leak,3,1577,788547,53
40,large_leak,3,1578,789047,37
40,large_leak,3,1579,789547,39
40,large_leak,3,1580,790047,41
40,large_leak,3,1581,790547,24
40,large_leak,3,1582,791047,4
40,large_leak,3,1583,791547,0
40,large_leak,3,1584,792047,9
40,large_leak,3,1585,792547,6
40,large_leak,3,1586,793047,21
40,large_leak,3,1587,793547,41
40,large_leak,3,1588,794047,77
40,large_leak,3,1589,794547,115
40,large_leak,3,1590,795047,127
40,large_leak,3,1591,795547,139
40,large_leak,3,1592,796047,159
40,large_leak,3,1593,796547,189
40,large_leak,3,1594,797047,211
40,large_leak,3,1595,797547,207
40,large_leak,3,1596,798047,191
40,large_leak,3,1597,798547,179
40,large_leak,3,1598,799047,154
40,large_leak,3,1599,799547,124
40,large_leak,3,1600,800047,103
40,large_leak,3,1601,800547,77
40,large_leak,3,1602,801047,53
40,large_leak,3,1603,801547,41
40,large_leak,3,1604,802047,25
40,large_leak,3,1605,802547,10
40,large_leak,3,1606,803047,23
40,large_leak,3,1607,803547,25
40,large_leak,3,1608,804047,29
40,large_leak,3,1609,804547,36
40,large_leak,3,1610,805047,43
40,large_leak,3,1611,805547,47
40,large_leak,3,1612,806047,69
40,large_leak,3,1613,806547,85
40,large_leak,3,1614,807047,89
40,large_leak,3,1615,807547,103
40,large_leak,3,1616,808047,108
40,large_leak,3,1617,808547,102
40,large_leak,3,1618,809047,109
40,large_leak,3,1619,809547,103
40,large_leak,3,1620,810047,87
40,large_leak,3,1621,810547,61
40,large_leak,3,1622,811047,55
40,large_leak,3,1623,811547,41
40,large_leak,3,1624,812047,47
40,large_leak,3,1625,812547,45
40,large_leak,3,1626,813047,33
40,large_leak,3,1627,813547,39
40,large_leak,3,1628,814047,45
40,large_leak,3,1629,814547,57
40,large_leak,3,1630,815047,86
40,large_leak,3,1631,815547,95
40,large_leak,3,1632,816047,103
40,large_leak,3,1633,816547,103
40,large_leak,3,1634,817047,105
40,large_leak,3,1635,817547,121
40,large_leak,3,1636,818047,153
40,large_leak,3,1637,818547,165
40,large_leak,3,1638,819047,169
40,large_leak,3,1639,819547,159
40,large_leak,3,1640,820047,141
40,large_leak,3,1641,820547,135
40,large_leak,3,1642,821047,127
40,large_leak,3,1643,821547,123
40,large_leak,3,1644,822047,123
40,large_leak,3,1645,822547,112
40,large_leak,3,1646,823047,119
40,large_leak,3,1647,823547,139
40,large_leak,3,1648,824047,159
40,large_leak,3,1649,824547,168
40,large_leak,3,1650,825047,172
40,large_leak,3,1651,825547,167
40,large_leak,3,1652,826047,173
40,large_leak,3,1653,826547,151
40,large_leak,3,1654,827047,147
40,large_leak,3,1655,827547,136
40,large_leak,3,1656,828047,121
40,large_leak,3,1657,828547,93
40,large_leak,3,1658,829047,69
40,large_leak,3,1659,829547,47
40,large_leak,3,1660,830047,49
40,large_leak,3,1661,830547,33
40,large_leak,3,1662,831047,11
40,large_leak,3,1663,831547,10
40,large_leak,3,1664,832047,13
40,large_leak,3,1665,832547,28
40,large_leak,3,1666,833047,67
40,large_leak,3,1667,833547,99
40,large_leak,3,1668,834047,120
40,large_leak,3,1669,834547,141
40,large_leak,3,1670,835047,173
40,large_leak,3,1671,835547,192
40,large_leak,3,1672,836047,185
40,large_leak,3,1673,836547,170
40,large_leak,3,1674,837047,173
40,large_leak,3,1675,837547,155
40,large_leak,3,1676,838047,123
40,large_leak,3,1677,838547,94
40,large_leak,3,1678,839047,55
40,large_leak,3,1679,839547,37
40,large_leak,3,1680,840047,57
40,large_leak,3,1681,840547,46
40,large_leak,3,1682,841047,52
40,large_leak,3,1683,841547,59
40,large_leak,3,1684,842047,71
40,large_leak,3,1685,842547,72
40,large_leak,3,1686,843047,73
40,large_leak,3,1687,843547,59
40,large_leak,3,1688,844047,43
40,large_leak,3,1689,844547,44
40,large_leak,3,1690,845047,45
40,large_leak,3,1691,845547,31
40,large_leak,3,1692,846047,25
40,large_leak,3,1693,846547,11
40,large_leak,3,1694,847047,1
40,large_leak,3,1695,847547,0
40,large_leak,3,1696,848047,0
40,large_leak,3,1697,848547,0
40,large_leak,3,1698,849047,0
40,large_leak,3,1699,849547,7
40,large_leak,3,1700,850047,0
40,large_leak,3,1701,850547,0
40,large_leak,3,1702,851047,0
40,large_leak,3,1703,851547,0
40,large_leak,3,1704,852047,0
40,large_leak,3,1705,852547,0
40,large_leak,3,1706,853047,0
40,large_leak,3,1707,853547,0
40,large_leak,3,1708,854047,36
40,large_leak,3,1709,854547,57
40,large_leak,3,1710,855047,69
40,large_leak,3,1711,855547,61
40,large_leak,3,1712,856047,74
40,large_leak,3,1713,856547,87
40,large_leak,3,1714,857047,98
40,large_leak,3,1715,857547,93
40,large_leak,3,1716,858047,71
40,large_leak,3,1717,858547,39
40,large_leak,3,1718,859047,21
40,large_leak,3,1719,859547,1
40,large_leak,3,1720,860047,0
40,large_leak,3,1721,860547,0
40,large_leak,3,1722,861047,0
40,large_leak,3,1723,861547,12
40,large_leak,3,1724,862047,45
40,large_leak,3,1725,862547,53
40,large_leak,3,1726,863047,81
40,large_leak,3,1727,863547,92
40,large_leak,3,1728,864047,83
40,large_leak,3,1729,864547,77
40,large_leak,3,1730,865047,63
40,large_leak,3,1731,865547,71
40,large_leak,3,1732,866047,91
40,large_leak,3,1733,866547,87
40,large_leak,3,1734,867047,85
40,large_leak,3,1735,867547,88
40,large_leak,3,1736,868047,92
40,large_leak,3,1737,868547,115
40,large_leak,3,1738,869047,120
40,large_leak,3,1739,869547,108
40,large_leak,3,1740,870047,120
40,large_leak,3,1741,870547,132
40,large_leak,3,1742,871047,155
40,large_leak,3,1743,871547,181
40,large_leak,3,1744,872047,174
40,large_leak,3,1745,872547,147
40,large_leak,3,1746,873047,122
40,large_leak,3,1747,873547,109
40,large_leak,3,1748,874047,93
40,large_leak,3,1749,874547,99
40,large_leak,3,1750,875047,76
40,large_leak,3,1751,875547,63
40,large_leak,3,1752,876047,47
40,large_leak,3,1753,876547,13
40,large_leak,3,1754,877047,0
40,large_leak,3,1755,877547,0
40,large_leak,3,1756,878048,26
40,large_leak,3,1757,878547,31
40,large_leak,3,1758,879047,43
40,large_leak,3,1759,879547,68
40,large_leak,3,1760,880047,91
40,large_leak,3,1761,880547,101
40,large_leak,3,1762,881047,122
40,large_leak,3,1763,881547,122
40,large_leak,3,1764,882047,125
40,large_leak,3,1765,882547,157
40,large_leak,3,1766,883047,171
40,large_leak,3,1767,883547,158
40,large_leak,3,1768,884047,134
40,large_leak,3,1769,884547,109
40,large_leak,3,1770,885047,87
40,large_leak,3,1771,885547,73
40,large_leak,3,1772,886047,47
40,large_leak,3,1773,886547,13
40,large_leak,3,1774,887047,31
40,large_leak,3,1775,887547,25
40,large_leak,3,1776,888047,37
40,large_leak,3,1777,888547,37
40,large_leak,3,1778,889047,51
40,large_leak,3,1779,889547,51
40,large_leak,3,1780,890047,86
40,large_leak,3,1781,890547,62
40,large_leak,3,1782,891047,56
40,large_leak,3,1783,891547,61
40,large_leak,3,1784,892047,71
40,large_leak,3,1785,892547,67
40,large_leak,3,1786,893047,63
40,large_leak,3,1787,893547,57
40,large_leak,3,1788,894047,52
40,large_leak,3,1789,894547,55
40,large_leak,3,1790,895047,39
40,large_leak,3,1791,895547,31
40,large_leak,3,1792,896047,35
40,large_leak,3,1793,896547,33
40,large_leak,3,1794,897047,27
40,large_leak,3,1795,897547,21
40,large_leak,3,1796,898047,19
40,large_leak,3,1797,898547,21
40,large_leak,3,1798,899047,30
40,large_leak,3,1799,899547,53
40,large_leak,3,1800,900047,55
40,large_leak,3,1801,900547,49
40,large_leak,3,1802,901047,60
40,large_leak,3,1803,901547,79
40,large_leak,3,1804,902047,115
40,large_leak,3,1805,902547,124
40,large_leak,3,1806,903047,124
40,large_leak,3,1807,903547,141
40,large_leak,3,1808,904047,155
40,large_leak,3,1809,904547,167
40,large_leak,3,1810,905047,173
40,large_leak,3,1811,905547,172
40,large_leak,3,1812,906047,179
40,large_leak,3,1813,906547,187
40,large_leak,3,1814,907047,173
40,large_leak,3,1815,907547,139
40,large_leak,3,1816,908047,91
40,large_leak,3,1817,908547,55
40,large_leak,3,1818,909047,27
40,large_leak,3,1819,909548,7
40,large_leak,3,1820,910047,5
40,large_leak,3,1821,910547,0
40,large_leak,3,1822,911047,0
40,large_leak,3,1823,911547,0
40,large_leak,3,1824,912047,0
40,large_leak,3,1825,912547,0
40,large_leak,3,1826,913047,0
40,large_leak,3,1827,913547,0
40,large_leak,3,1828,914047,0
40,large_leak,3,1829,914548,0
40,large_leak,3,1830,915047,0
40,large_leak,3,1831,915547,0
40,large_leak,3,1832,916047,0
40,large_leak,3,1833,916547,0
40,large_leak,3,1834,917047,0
40,large_leak,3,1835,917547,0
40,large_leak,3,1836,918047,0
40,large_leak,3,1837,918547,0
40,large_leak,3,1838,919047,0
40,large_leak,3,1839,919547,0
40,large_leak,3,1840,920047,0
40,large_leak,3,1841,920547,0
40,large_leak,3,1842,921047,0
40,large_leak,3,1843,921547,0
40,large_leak,3,1844,922047,0
40,large_leak,3,1845,922547,0
40,large_leak,3,1846,923047,42
40,large_leak,3,1847,923547,63
40,large_leak,3,1848,924047,71
40,large_leak,3,1849,924547,79
40,large_leak,3,1850,925047,102
40,large_leak,3,1851,925547,117
40,large_leak,3,1852,926047,117
40,large_leak,3,1853,926547,99
40,large_leak,3,1854,927047,99
40,large_leak,3,1855,927547,94
40,large_leak,3,1856,928047,91
40,large_leak,3,1857,928547,79
40,large_leak,3,1858,929047,71
40,large_leak,3,1859,929547,69
40,large_leak,3,1860,930047,51
40,large_leak,3,1861,930547,39
40,large_leak,3,1862,931047,59
40,large_leak,3,1863,931547,98
40,large_leak,3,1864,932047,123
40,large_leak,3,1865,932547,139
40,large_leak,3,1866,933047,141
40,large_leak,3,1867,933547,143
40,large_leak,3,1868,934047,157
40,large_leak,3,1869,934547,187
40,large_leak,3,1870,935047,215
40,large_leak,3,1871,935547,234
40,large_leak,3,1872,936047,261
40,large_leak,3,1873,936547,287
40,large_leak,3,1874,937047,309
40,large_leak,3,1875,937547,297
40,large_leak,3,1876,938047,298
40,large_leak,3,1877,938547,287
40,large_leak,3,1878,939047,269
40,large_leak,3,1879,939547,251
40,large_leak,3,1880,940047,215
40,large_leak,3,1881,940547,173
40,large_leak,3,1882,941047,148
40,large_leak,3,1883,941547,123
40,large_leak,3,1884,942047,93
40,large_leak,3,1885,942547,83
40,large_leak,3,1886,943047,75
40,large_leak,3,1887,943547,59
40,large_leak,3,1888,944047,57
40,large_leak,3,1889,944547,69
40,large_leak,3,1890,945047,93
40,large_leak,3,1891,945547,109
40,large_leak,3,1892,946047,127
40,large_leak,3,1893,946547,137
40,large_leak,3,1894,947047,155
40,large_leak,3,1895,947547,175
40,large_leak,3,1896,948047,201
40,large_leak,3,1897,948547,215
40,large_leak,3,1898,949047,223
40,large_leak,3,1899,949547,228
40,large_leak,3,1900,950047,213
40,large_leak,3,1901,950547,189
40,large_leak,3,1902,951047,173
40,large_leak,3,1903,951547,147
40,large_leak,3,1904,952047,142
40,large_leak,3,1905,952547,111
40,large_leak,3,1906,953047,75
40,large_leak,3,1907,953547,41
40,large_leak,3,1908,954047,20
40,large_leak,3,1909,954547,3
40,large_leak,3,1910,955047,0
40,large_leak,3,1911,955547,0
40,large_leak,3,1912,956047,0
40,large_leak,3,1913,956547,0
40,large_leak,3,1914,957047,0
40,large_leak,3,1915,957547,0
40,large_leak,3,1916,958047,0
40,large_leak,3,1917,958547,0
40,large_leak,3,1918,959047,0
40,large_leak,3,1919,959547,0
40,large_leak,3,1920,960047,0
40,large_leak,3,1921,960547,0
40,large_leak,3,1922,961047,0
40,large_leak,3,1923,961547,0
40,large_leak,3,1924,962047,0
40,large_leak,3,1925,962547,0
40,large_leak,3,1926,963047,22
40,large_leak,3,1927,963547,25
40,large_leak,3,1928,964047,21
40,large_leak,3,1929,964547,7
40,large_leak,3,1930,965047,3
40,large_leak,3,1931,965547,11
40,large_leak,3,1932,966047,12
40,large_leak,3,1933,966547,25
40,large_leak,3,1934,967047,43
40,large_leak,3,1935,967547,68
40,large_leak,3,1936,968047,71
40,large_leak,3,1937,968547,79
40,large_leak,3,1938,969047,115
40,large_leak,3,1939,969547,150
40,large_leak,3,1940,970047,168
40,large_leak,3,1941,970547,167
40,large_leak,3,1942,971047,150
40,large_leak,3,1943,971547,107
40,large_leak,3,1944,972047,104
40,large_leak,3,1945,972547,75
40,large_leak,3,1946,973047,52
40,large_leak,3,1947,973547,39
40,large_leak,3,1948,974047,31
40,large_leak,3,1949,974547,27
40,large_leak,3,1950,975047,30
40,large_leak,3,1951,975547,49
40,large_leak,3,1952,976047,79
40,large_leak,3,1953,976547,112
40,large_leak,3,1954,977047,127
40,large_leak,3,1955,977547,147
40,large_leak,3,1956,978047,179
40,large_leak,3,1957,978547,216
40,large_leak,3,1958,979047,240
40,large_leak,3,1959,979547,245
40,large_leak,3,1960,980047,221
40,large_leak,3,1961,980547,213
40,large_leak,3,1962,981047,199
40,large_leak,3,1963,981547,169
40,large_leak,3,1964,982047,139
40,large_leak,3,1965,982547,110
40,large_leak,3,1966,983047,91
40,large_leak,3,1967,983547,71
40,large_leak,3,1968,984047,70
40,large_leak,3,1969,984547,83
40,large_leak,3,1970,985047,93
40,large_leak,3,1971,985547,91
40,large_leak,3,1972,986047,89
40,large_leak,3,1973,986547,92
40,large_leak,3,1974,987047,95
40,large_leak,3,1975,987547,99
40,large_leak,3,1976,988047,101
40,large_leak,3,1977,988547,97
40,large_leak,3,1978,989047,93
40,large_leak,3,1979,989547,90
40,large_leak,3,1980,990047,67
40,large_leak,3,1981,990547,47
40,large_leak,3,1982,991047,27
40,large_leak,3,1983,991547,9
40,large_leak,3,1984,992047,10
40,large_leak,3,1985,992547,24
40,large_leak,3,1986,993047,26
40,large_leak,3,1987,993547,42
40,large_leak,3,1988,994047,59
40,large_leak,3,1989,994547,70
40,large_leak,3,1990,995047,95
40,large_leak,3,1991,995547,119
40,large_leak,3,1992,996047,136
40,large_leak,3,1993,996547,139
40,large_leak,3,1994,997047,146
40,large_leak,3,1995,997547,153
40,large_leak,3,1996,998047,150
40,large_leak,3,1997,998547,155
40,large_leak,3,1998,999047,166
40,large_leak,3,1999,999547,127
40,large_leak,4,0,48,40
40,large_leak,4,1,547,24
40,large_leak,4,2,1047,17
40,large_leak,4,3,1547,8
40,large_leak,4,4,2047,15
40,large_leak,4,5,2547,27
40,large_leak,4,6,3047,31
40,large_leak,4,7,3547,47
40,large_leak,4,8,4047,59
40,large_leak,4,9,4548,73
40,large_leak,4,10,5047,89
40,large_leak,4,11,5547,105
40,large_leak,4,12,6047,119
40,large_leak,4,13,6547,125
40,large_leak,4,14,7047,125
40,large_leak,4,15,7547,127
40,large_leak,4,16,8047,137
40,large_leak,4,17,8547,141
40,large_leak,4,18,9047,137
40,large_leak,4,19,9547,150
40,large_leak,4,20,10047,159
40,large_leak,4,21,10547,159
40,large_leak,4,22,11047,152
40,large_leak,4,23,11547,151
40,large_leak,4,24,12047,149
40,large_leak,4,25,12547,167
40,large_leak,4,26,13047,179
40,large_leak,4,27,13547,185
40,large_leak,4,28,14047,200
40,large_leak,4,29,14547,216
40,large_leak,4,30,15047,230
40,large_leak,4,31,15547,238
40,large_leak,4,32,16047,240
40,large_leak,4,33,16547,237
40,large_leak,4,34,17047,233
40,large_leak,4,35,17547,233
40,large_leak,4,36,18047,250
40,large_leak,4,37,18547,264
40,large_leak,4,38,19047,265
40,large_leak,4,39,19547,251
40,large_leak,4,40,20047,243
40,large_leak,4,41,20547,229
40,large_leak,4,42,21047,227
40,large_leak,4,43,21547,213
40,large_leak,4,44,22047,187
40,large_leak,4,45,22547,167
40,large_leak,4,46,23047,163
40,large_leak,4,47,23547,155
40,large_leak,4,48,24047,165
40,large_leak,4,49,24547,154
40,large_leak,4,50,25047,125
40,large_leak,4,51,25547,107
40,large_leak,4,52,26047,107
40,large_leak,4,53,26547,107
40,large_leak,4,54,27047,115
40,large_leak,4,55,27547,119
40,large_leak,4,56,28047,117
40,large_leak,4,57,28547,119
40,large_leak,4,58,29047,119
40,large_leak,4,59,29547,103
40,large_leak,4,60,30047,79
40,large_leak,4,61,30547,56
40,large_leak,4,62,31047,30
40,large_leak,4,63,31547,25
40,large_leak,4,64,32047,21
40,large_leak,4,65,32547,19
40,large_leak,4,66,33047,25
40,large_leak,4,67,33547,25
40,large_leak,4,68,34047,3
40,large_leak,4,69,34547,1
40,large_leak,4,70,35047,0
40,large_leak,4,71,35547,6
40,large_leak,4,72,36047,11
40,large_leak,4,73,36547,9
40,large_leak,4,74,37047,9
40,large_leak,4,75,37547,31
40,large_leak,4,76,38047,48
40,large_leak,4,77,38547,61
40,large_leak,4,78,39047,72
40,large_leak,4,79,39547,95
40,large_leak,4,80,40047,125
40,large_leak,4,81,40547,163
40,large_leak,4,82,41047,187
40,large_leak,4,83,41547,201
40,large_leak,4,84,42047,209
40,large_leak,4,85,42547,199
40,large_leak,4,86,43047,181
40,large_leak,4,87,43547,146
40,large_leak,4,88,44048,106
40,large_leak,4,89,44547,83
40,large_leak,4,90,45047,51
40,large_leak,4,91,45547,13
40,large_leak,4,92,46047,0
40,large_leak,4,93,46547,0
40,large_leak,4,94,47047,0
40,large_leak,4,95,47547,0
40,large_leak,4,96,48047,0
40,large_leak,4,97,48547,37
40,large_leak,4,98,49047,27
40,large_leak,4,99,49547,79
40,large_leak,4,100,50047,117
40,large_leak,4,101,50547,157
40,large_leak,4,102,51047,174
40,large_leak,4,103,51547,183
40,large_leak,4,104,52047,159
40,large_leak,4,105,52547,185
40,large_leak,4,106,53047,180
40,large_leak,4,107,53547,141
40,large_leak,4,108,54047,104
40,large_leak,4,109,54547,69
40,large_leak,4,110,55047,51
40,large_leak,4,111,55547,29
40,large_leak,4,112,56047,4
40,large_leak,4,113,56547,0
40,large_leak,4,114,57047,0
40,large_leak,4,115,57547,0
40,large_leak,4,116,58047,0
40,large_leak,4,117,58547,0
40,large_leak,4,118,59047,0
40,large_leak,4,119,59547,0
40,large_leak,4,120,60047,0
40,large_leak,4,121,60547,0
40,large_leak,4,122,61047,0
40,large_leak,4,123,61547,0
40,large_leak,4,124,62047,0
40,large_leak,4,125,62547,0
40,large_leak,4,126,63047,0
40,large_leak,4,127,63547,0
40,large_leak,4,128,64047,0
40,large_leak,4,129,64547,31
40,large_leak,4,130,65047,61
40,large_leak,4,131,65547,85
40,large_leak,4,132,66047,93
40,large_leak,4,133,66547,93
40,large_leak,4,134,67047,83
40,large_leak,4,135,67547,83
40,large_leak,4,136,68047,75
40,large_leak,4,137,68547,75
40,large_leak,4,138,69047,71
40,large_leak,4,139,69547,81
40,large_leak,4,140,70047,99
40,large_leak,4,141,70547,119
40,large_leak,4,142,71047,135
40,large_leak,4,143,71547,151
40,large_leak,4,144,72047,182
40,large_leak,4,145,72547,207
40,large_leak,4,146,73047,217
40,large_leak,4,147,73547,214
40,large_leak,4,148,74047,218
40,large_leak,4,149,74547,218
40,large_leak,4,150,75047,201
40,large_leak,4,151,75547,165
40,large_leak,4,152,76047,142
40,large_leak,4,153,76547,119
40,large_leak,4,154,77047,102
40,large_leak,4,155,77547,81
40,large_leak,4,156,78047,57
40,large_leak,4,157,78547,24
40,large_leak,4,158,79047,2
40,large_leak,4,159,79547,0
40,large_leak,4,160,80047,0
40,large_leak,4,161,80547,11
40,large_leak,4,162,81047,41
40,large_leak,4,163,81547,59
40,large_leak,4,164,82047,60
40,large_leak,4,165,82547,85
40,large_leak,4,166,83047,93
40,large_leak,4,167,83547,102
40,large_leak,4,168,84047,109
40,large_leak,4,169,84547,123
40,large_leak,4,170,85047,140
40,large_leak,4,171,85547,163
40,large_leak,4,172,86047,175
40,large_leak,4,173,86547,183
40,large_leak,4,174,87047,167
40,large_leak,4,175,87547,141
40,large_leak,4,176,88047,117
40,large_leak,4,177,88547,88
40,large_leak,4,178,89047,60
40,large_leak,4,179,89547,39
40,large_leak,4,180,90047,40
40,large_leak,4,181,90547,43
40,large_leak,4,182,91047,47
40,large_leak,4,183,91547,57
40,large_leak,4,184,92047,82
40,large_leak,4,185,92547,107
40,large_leak,4,186,93047,134
40,large_leak,4,187,93547,127
40,large_leak,4,188,94047,125
40,large_leak,4,189,94547,139
40,large_leak,4,190,95047,127
40,large_leak,4,191,95547,167
40,large_leak,4,192,96047,175
40,large_leak,4,193,96547,163
40,large_leak,4,194,97047,153
40,large_leak,4,195,97547,120
40,large_leak,4,196,98047,117
40,large_leak,4,197,98547,108
40,large_leak,4,198,99047,83
40,large_leak,4,199,99547,73
40,large_leak,4,200,100047,60
40,large_leak,4,201,100547,58
40,large_leak,4,202,101047,67
40,large_leak,4,203,101547,51
40,large_leak,4,204,102047,42
40,large_leak,4,205,102547,53
40,large_leak,4,206,103047,62
40,large_leak,4,207,103547,55
40,large_leak,4,208,104047,27
40,large_leak,4,209,104547,4
40,large_leak,4,210,105047,0
40,large_leak,4,211,105547,9
40,large_leak,4,212,106047,31
40,large_leak,4,213,106547,55
40,large_leak,4,214,107047,69
40,large_leak,4,215,107547,95
40,large_leak,4,216,108047,126
40,large_leak,4,217,108547,143
40,large_leak,4,218,109047,135
40,large_leak,4,219,109547,99
40,large_leak,4,220,110047,51
40,large_leak,4,221,110547,18
40,large_leak,4,222,111047,0
40,large_leak,4,223,111547,0
40,large_leak,4,224,112047,0
40,large_leak,4,225,112547,0
40,large_leak,4,226,113047,0
40,large_leak,4,227,113547,46
40,large_leak,4,228,114047,93
40,large_leak,4,229,114547,147
40,large_leak,4,230,115047,192
40,large_leak,4,231,115547,227
40,large_leak,4,232,116047,237
40,large_leak,4,233,116547,237
40,large_leak,4,234,117047,227
40,large_leak,4,235,117547,191
40,large_leak,4,236,118047,156
40,large_leak,4,237,118547,125
40,large_leak,4,238,119047,100
40,large_leak,4,239,119547,93
40,large_leak,4,240,120047,111
40,large_leak,4,241,120547,125
40,large_leak,4,242,121047,143
40,large_leak,4,243,121547,167
40,large_leak,4,244,122047,183
40,large_leak,4,245,122547,183
40,large_leak,4,246,123047,181
40,large_leak,4,247,123547,174
40,large_leak,4,248,124047,173
40,large_leak,4,249,124547,152
40,large_leak,4,250,125047,119
40,large_leak,4,251,125547,104
40,large_leak,4,252,126047,87
40,large_leak,4,253,126547,71
40,large_leak,4,254,127047,51
40,large_leak,4,255,127547,37
40,large_leak,4,256,128047,19
40,large_leak,4,257,128547,21
40,large_leak,4,258,129047,27
40,large_leak,4,259,129547,24
40,large_leak,4,260,130047,40
40,large_leak,4,261,130547,52
40,large_leak,4,262,131047,67
40,large_leak,4,263,131547,92
40,large_leak,4,264,132047,109
40,large_leak,4,265,132547,117
40,large_leak,4,266,133047,122
40,large_leak,4,267,133547,123
40,large_leak,4,268,134047,117
40,large_leak,4,269,134547,104
40,large_leak,4,270,135047,86
40,large_leak,4,271,135547,79
40,large_leak,4,272,136047,73
40,large_leak,4,273,136547,51
40,large_leak,4,274,137047,26
40,large_leak,4,275,137547,23
40,large_leak,4,276,138047,11
40,large_leak,4,277,138547,26
40,large_leak,4,278,139047,39
40,large_leak,4,279,139547,53
40,large_leak,4,280,140047,85
40,large_leak,4,281,140547,99
40,large_leak,4,282,141047,79
40,large_leak,4,283,141547,59
40,large_leak,4,284,142047,61
40,large_leak,4,285,142547,61
40,large_leak,4,286,143047,70
40,large_leak,4,287,143547,70
40,large_leak,4,288,144047,58
40,large_leak,4,289,144547,53
40,large_leak,4,290,145047,69
40,large_leak,4,291,145547,70
40,large_leak,4,292,146047,77
40,large_leak,4,293,146547,100
40,large_leak,4,294,147047,116
40,large_leak,4,295,147547,135
40,large_leak,4,296,148047,141
40,large_leak,4,297,148547,143
40,large_leak,4,298,149047,147
40,large_leak,4,299,149547,152
40,large_leak,4,300,150047,141
40,large_leak,4,301,150547,95
40,large_leak,4,302,151047,55
40,large_leak,4,303,151547,31
40,large_leak,4,304,152047,9
40,large_leak,4,305,152547,0
40,large_leak,4,306,153047,0
40,large_leak,4,307,153547,0
40,large_leak,4,308,154047,0
40,large_leak,4,309,154547,0
40,large_leak,4,310,155047,0
40,large_leak,4,311,155547,0
40,large_leak,4,312,156047,40
40,large_leak,4,313,156547,85
40,large_leak,4,314,157047,146
40,large_leak,4,315,157547,136
40,large_leak,4,316,158047,171
40,large_leak,4,317,158547,180
40,large_leak,4,318,159047,120
40,large_leak,4,319,159547,133
40,large_leak,4,320,160047,143
40,large_leak,4,321,160547,93
40,large_leak,4,322,161047,84
40,large_leak,4,323,161547,62
40,large_leak,4,324,162047,29
40,large_leak,4,325,162547,31
40,large_leak,4,326,163047,47
40,large_leak,4,327,163547,45
40,large_leak,4,328,164047,54
40,large_leak,4,329,164547,59
40,large_leak,4,330,165047,45
40,large_leak,4,331,165547,51
40,large_leak,4,332,166047,55
40,large_leak,4,333,166547,56
40,large_leak,4,334,167047,55
40,large_leak,4,335,167547,51
40,large_leak,4,336,168047,55
40,large_leak,4,337,168547,69
40,large_leak,4,338,169047,69
40,large_leak,4,339,169547,84
40,large_leak,4,340,170047,103
40,large_leak,4,341,170547,101
40,large_leak,4,342,171047,101
40,large_leak,4,343,171548,104
40,large_leak,4,344,172047,105
40,large_leak,4,345,172547,87
40,large_leak,4,346,173047,61
40,large_leak,4,347,173547,38
40,large_leak,4,348,174047,25
40,large_leak,4,349,174547,19
40,large_leak,4,350,175047,31
40,large_leak,4,351,175547,28
40,large_leak,4,352,176047,6
40,large_leak,4,353,176547,7
40,large_leak,4,354,177047,22
40,large_leak,4,355,177547,46
40,large_leak,4,356,178047,74
40,large_leak,4,357,178547,93
40,large_leak,4,358,179047,105
40,large_leak,4,359,179547,120
40,large_leak,4,360,180047,133
40,large_leak,4,361,180547,122
40,large_leak,4,362,181047,119
40,large_leak,4,363,181547,119
40,large_leak,4,364,182047,108
40,large_leak,4,365,182547,91
40,large_leak,4,366,183047,89
40,large_leak,4,367,183547,87
40,large_leak,4,368,184047,74
40,large_leak,4,369,184547,55
40,large_leak,4,370,185047,52
40,large_leak,4,371,185547,43
40,large_leak,4,372,186047,19
40,large_leak,4,373,186547,53
40,large_leak,4,374,187047,75
40,large_leak,4,375,187547,93
40,large_leak,4,376,188047,83
40,large_leak,4,377,188547,69
40,large_leak,4,378,189047,44
40,large_leak,4,379,189547,51
40,large_leak,4,380,190047,42
40,large_leak,4,381,190547,37
40,large_leak,4,382,191047,31
40,large_leak,4,383,191547,43
40,large_leak,4,384,192047,53
40,large_leak,4,385,192547,29
40,large_leak,4,386,193047,8
40,large_leak,4,387,193547,0
40,large_leak,4,388,194047,0
40,large_leak,4,389,194547,0
40,large_leak,4,390,195047,0
40,large_leak,4,391,195547,0
40,large_leak,4,392,196047,0
40,large_leak,4,393,196547,0
40,large_leak,4,394,197047,0
40,large_leak,4,395,197547,0
40,large_leak,4,396,198047,0
40,large_leak,4,397,198547,0
40,large_leak,4,398,199047,0
40,large_leak,4,399,199547,0
40,large_leak,4,400,200047,0
40,large_leak,4,401,200547,0
40,large_leak,4,402,201047,16
40,large_leak,4,403,201547,28
40,large_leak,4,404,202047,31
40,large_leak,4,405,202547,23
40,large_leak,4,406,203047,22
40,large_leak,4,407,203547,26
40,large_leak,4,408,204047,39
40,large_leak,4,409,204547,51
40,large_leak,4,410,205047,45
40,large_leak,4,411,205547,33
40,large_leak,4,412,206047,11
40,large_leak,4,413,206547,0
40,large_leak,4,414,207047,0
40,large_leak,4,415,207548,0
40,large_leak,4,416,208047,0
40,large_leak,4,417,208547,0
40,large_leak,4,418,209047,8
40,large_leak,4,419,209547,51
40,large_leak,4,420,210047,92
40,large_leak,4,421,210547,139
40,large_leak,4,422,211047,169
40,large_leak,4,423,211547,185
40,large_leak,4,424,212047,199
40,large_leak,4,425,212547,199
40,large_leak,4,426,213047,204
40,large_leak,4,427,213547,211
40,large_leak,4,428,214047,204
40,large_leak,4,429,214547,197
40,large_leak,4,430,215047,175
40,large_leak,4,431,215547,164
40,large_leak,4,432,216047,170
40,large_leak,4,433,216547,170
40,large_leak,4,434,217047,155
40,large_leak,4,435,217547,157
40,large_leak,4,436,218047,168
40,large_leak,4,437,218547,157
40,large_leak,4,438,219047,145
40,large_leak,4,439,219547,121
40,large_leak,4,440,220047,103
40,large_leak,4,441,220547,83
40,large_leak,4,442,221047,73
40,large_leak,4,443,221547,70
40,large_leak,4,444,222047,67
40,large_leak,4,445,222548,51
40,large_leak,4,446,223047,39
40,large_leak,4,447,223547,29
40,large_leak,4,448,224047,24
40,large_leak,4,449,224547,25
40,large_leak,4,450,225047,26
40,large_leak,4,451,225547,23
40,large_leak,4,452,226047,23
40,large_leak,4,453,226547,23
40,large_leak,4,454,227047,29
40,large_leak,4,455,227547,54
40,large_leak,4,456,228047,74
40,large_leak,4,457,228547,87
40,large_leak,4,458,229047,95
40,large_leak,4,459,229547,105
40,large_leak,4,460,230047,115
40,large_leak,4,461,230547,121
40,large_leak,4,462,231047,112
40,large_leak,4,463,231547,99
40,large_leak,4,464,232047,95
40,large_leak,4,465,232547,85
40,large_leak,4,466,233047,54
40,large_leak,4,467,233547,31
40,large_leak,4,468,234047,8
40,large_leak,4,469,234547,0
40,large_leak,4,470,235047,0
40,large_leak,4,471,235547,0
40,large_leak,4,472,236047,0
40,large_leak,4,473,236547,0
40,large_leak,4,474,237047,23
40,large_leak,4,475,237547,29
40,large_leak,4,476,238047,42
40,large_leak,4,477,238547,56
40,large_leak,4,478,239047,53
40,large_leak,4,479,239547,61
40,large_leak,4,480,240047,73
40,large_leak,4,481,240547,84
40,large_leak,4,482,241047,103
40,large_leak,4,483,241547,109
40,large_leak,4,484,242047,127
40,large_leak,4,485,242547,165
40,large_leak,4,486,243047,179
40,large_leak,4,487,243547,167
40,large_leak,4,488,244047,163
40,large_leak,4,489,244547,157
40,large_leak,4,490,245047,157
40,large_leak,4,491,245547,143
40,large_leak,4,492,246047,111
40,large_leak,4,493,246547,103
40,large_leak,4,494,247047,93
40,large_leak,4,495,247547,87
40,large_leak,4,496,248047,75
40,large_leak,4,497,248547,59
40,large_leak,4,498,249047,56
40,large_leak,4,499,249547,73
40,large_leak,4,500,250047,99
40,large_leak,4,501,250547,99
40,large_leak,4,502,251047,89
40,large_leak,4,503,251547,82
40,large_leak,4,504,252047,72
40,large_leak,4,505,252547,59
40,large_leak,4,506,253047,57
40,large_leak,4,507,253547,57
40,large_leak,4,508,254047,69
40,large_leak,4,509,254547,62
40,large_leak,4,510,255047,79
40,large_leak,4,511,255547,109
40,large_leak,4,512,256047,124
40,large_leak,4,513,256547,143
40,large_leak,4,514,257047,165
40,large_leak,4,515,257547,181
40,large_leak,4,516,258047,201
40,large_leak,4,517,258547,201
40,large_leak,4,518,259047,187
40,large_leak,4,519,259547,165
40,large_leak,4,520,260047,135
40,large_leak,4,521,260547,109
40,large_leak,4,522,261047,110
40,large_leak,4,523,261547,119
40,large_leak,4,524,262048,111
40,large_leak,4,525,262547,94
40,large_leak,4,526,263047,85
40,large_leak,4,527,263547,83
40,large_leak,4,528,264047,55
40,large_leak,4,529,264547,47
40,large_leak,4,530,265047,26
40,large_leak,4,531,265547,12
40,large_leak,4,532,266047,26
40,large_leak,4,533,266547,35
40,large_leak,4,534,267047,37
40,large_leak,4,535,267547,41
40,large_leak,4,536,268047,40
40,large_leak,4,537,268547,47
40,large_leak,4,538,269047,67
40,large_leak,4,539,269547,90
40,large_leak,4,540,270047,140
40,large_leak,4,541,270547,183
40,large_leak,4,542,271047,217
40,large_leak,4,543,271547,245
40,large_leak,4,544,272047,271
40,large_leak,4,545,272547,295
40,large_leak,4,546,273047,311
40,large_leak,4,547,273547,317
40,large_leak,4,548,274047,297
40,large_leak,4,549,274547,267
40,large_leak,4,550,275048,235
40,large_leak,4,551,275547,207
40,large_leak,4,552,276047,167
40,large_leak,4,553,276547,135
40,large_leak,4,554,277047,84
40,large_leak,4,555,277547,37
40,large_leak,4,556,278047,20
40,large_leak,4,557,278547,0
40,large_leak,4,558,279047,0
40,large_leak,4,559,279547,10
40,large_leak,4,560,280047,16
40,large_leak,4,561,280547,25
40,large_leak,4,562,281047,55
40,large_leak,4,563,281547,83
40,large_leak,4,564,282047,99
40,large_leak,4,565,282547,135
40,large_leak,4,566,283047,156
40,large_leak,4,567,283547,157
40,large_leak,4,568,284047,167
40,large_leak,4,569,284547,179
40,large_leak,4,570,285047,175
40,large_leak,4,571,285547,163
40,large_leak,4,572,286047,138
40,large_leak,4,573,286547,111
40,large_leak,4,574,287047,105
40,large_leak,4,575,287547,99
40,large_leak,4,576,288047,83
40,large_leak,4,577,288547,78
40,large_leak,4,578,289047,73
40,large_leak,4,579,289547,73
40,large_leak,4,580,290047,76
40,large_leak,4,581,290547,75
40,large_leak,4,582,291047,67
40,large_leak,4,583,291547,58
40,large_leak,4,584,292047,47
40,large_leak,4,585,292547,62
40,large_leak,4,586,293047,82
40,large_leak,4,587,293547,86
40,large_leak,4,588,294047,92
40,large_leak,4,589,294547,83
40,large_leak,4,590,295047,71
40,large_leak,4,591,295547,63
40,large_leak,4,592,296047,31
40,large_leak,4,593,296547,6
40,large_leak,4,594,297047,0
40,large_leak,4,595,297547,0
40,large_leak,4,596,298047,0
40,large_leak,4,597,298547,0
40,large_leak,4,598,299047,1
40,large_leak,4,599,299547,35
40,large_leak,4,600,300047,55
40,large_leak,4,601,300547,84
40,large_leak,4,602,301047,119
40,large_leak,4,603,301547,143
40,large_leak,4,604,302047,171
40,large_leak,4,605,302547,185
40,large_leak,4,606,303047,164
40,large_leak,4,607,303547,143
40,large_leak,4,608,304047,127
40,large_leak,4,609,304547,102
40,large_leak,4,610,305047,84
40,large_leak,4,611,305547,89
40,large_leak,4,612,306047,92
40,large_leak,4,613,306547,87
40,large_leak,4,614,307047,93
40,large_leak,4,615,307547,91
40,large_leak,4,616,308047,87
40,large_leak,4,617,308547,87
40,large_leak,4,618,309047,74
40,large_leak,4,619,309547,43
40,large_leak,4,620,310047,35
40,large_leak,4,621,310547,31
40,large_leak,4,622,311047,20
40,large_leak,4,623,311547,3
40,large_leak,4,624,312047,0
40,large_leak,4,625,312547,0
40,large_leak,4,626,313047,0
40,large_leak,4,627,313547,0
40,large_leak,4,628,314047,0
40,large_leak,4,629,314547,0
40,large_leak,4,630,315047,31
40,large_leak,4,631,315547,37
40,large_leak,4,632,316047,75
40,large_leak,4,633,316547,73
40,large_leak,4,634,317047,125
40,large_leak,4,635,317547,159
40,large_leak,4,636,318047,119
40,large_leak,4,637,318547,109
40,large_leak,4,638,319047,72
40,large_leak,4,639,319547,73
40,large_leak,4,640,320047,59
40,large_leak,4,641,320547,53
40,large_leak,4,642,321047,43
40,large_leak,4,643,321547,45
40,large_leak,4,644,322047,53
40,large_leak,4,645,322547,44
40,large_leak,4,646,323047,45
40,large_leak,4,647,323547,44
40,large_leak,4,648,324047,73
40,large_leak,4,649,324547,101
40,large_leak,4,650,325047,108
40,large_leak,4,651,325547,107
40,large_leak,4,652,326047,105
40,large_leak,4,653,326547,102
40,large_leak,4,654,327047,95
40,large_leak,4,655,327547,88
40,large_leak,4,656,328047,96
40,large_leak,4,657,328547,89
40,large_leak,4,658,329048,77
40,large_leak,4,659,329547,89
40,large_leak,4,660,330047,100
40,large_leak,4,661,330547,69
40,large_leak,4,662,331047,87
40,large_leak,4,663,331547,138
40,large_leak,4,664,332047,115
40,large_leak,4,665,332547,149
40,large_leak,4,666,333047,142
40,large_leak,4,667,333547,127
40,large_leak,4,668,334047,151
40,large_leak,4,669,334547,173
40,large_leak,4,670,335047,155
40,large_leak,4,671,335547,137
40,large_leak,4,672,336047,147
40,large_leak,4,673,336547,141
40,large_leak,4,674,337047,115
40,large_leak,4,675,337547,102
40,large_leak,4,676,338047,92
40,large_leak,4,677,338547,83
40,large_leak,4,678,339047,61
40,large_leak,4,679,339547,50
40,large_leak,4,680,340047,55
40,large_leak,4,681,340547,63
40,large_leak,4,682,341047,84
40,large_leak,4,683,341547,83
40,large_leak,4,684,342047,90
40,large_leak,4,685,342547,100
40,large_leak,4,686,343047,111
40,large_leak,4,687,343547,133
40,large_leak,4,688,344047,137
40,large_leak,4,689,344547,127
40,large_leak,4,690,345047,127
40,large_leak,4,691,345547,140
40,large_leak,4,692,346047,147
40,large_leak,4,693,346547,143
40,large_leak,4,694,347047,134
40,large_leak,4,695,347547,118
40,large_leak,4,696,348047,117
40,large_leak,4,697,348547,107
40,large_leak,4,698,349047,103
40,large_leak,4,699,349547,98
40,large_leak,4,700,350047,105
40,large_leak,4,701,350547,107
40,large_leak,4,702,351047,90
40,large_leak,4,703,351547,86
40,large_leak,4,704,352047,91
40,large_leak,4,705,352547,94
40,large_leak,4,706,353047,137
40,large_leak,4,707,353547,159
40,large_leak,4,708,354047,173
40,large_leak,4,709,354547,187
40,large_leak,4,710,355047,215
40,large_leak,4,711,355547,220
40,large_leak,4,712,356047,238
40,large_leak,4,713,356547,237
40,large_leak,4,714,357047,230
40,large_leak,4,715,357547,212
40,large_leak,4,716,358047,206
40,large_leak,4,717,358547,176
40,large_leak,4,718,359047,143
40,large_leak,4,719,359547,126
40,large_leak,4,720,360047,119
40,large_leak,4,721,360547,95
40,large_leak,4,722,361047,72
40,large_leak,4,723,361547,59
40,large_leak,4,724,362047,45
40,large_leak,4,725,362547,31
40,large_leak,4,726,363047,41
40,large_leak,4,727,363547,59
40,large_leak,4,728,364047,67
40,large_leak,4,729,364547,75
40,large_leak,4,730,365047,83
40,large_leak,4,731,365547,75
40,large_leak,4,732,366047,63
40,large_leak,4,733,366547,61
40,large_leak,4,734,367047,59
40,large_leak,4,735,367547,45
40,large_leak,4,736,368047,29
40,large_leak,4,737,368547,27
40,large_leak,4,738,369047,27
40,large_leak,4,739,369547,23
40,large_leak,4,740,370047,37
40,large_leak,4,741,370547,40
40,large_leak,4,742,371047,51
40,large_leak,4,743,371547,58
40,large_leak,4,744,372047,53
40,large_leak,4,745,372547,61
40,large_leak,4,746,373047,60
40,large_leak,4,747,373547,51
40,large_leak,4,748,374047,37
40,large_leak,4,749,374547,13
40,large_leak,4,750,375047,25
40,large_leak,4,751,375547,9
40,large_leak,4,752,376047,11
40,large_leak,4,753,376547,12
40,large_leak,4,754,377047,5
40,large_leak,4,755,377547,23
40,large_leak,4,756,378047,35
40,large_leak,4,757,378547,28
40,large_leak,4,758,379047,52
40,large_leak,4,759,379547,79
40,large_leak,4,760,380047,124
40,large_leak,4,761,380547,168
40,large_leak,4,762,381047,201
40,large_leak,4,763,381547,233
40,large_leak,4,764,382047,249
40,large_leak,4,765,382547,251
40,large_leak,4,766,383047,246
40,large_leak,4,767,383547,236
40,large_leak,4,768,384047,235
40,large_leak,4,769,384547,239
40,large_leak,4,770,385047,232
40,large_leak,4,771,385547,227
40,large_leak,4,772,386047,204
40,large_leak,4,773,386547,180
40,large_leak,4,774,387047,164
40,large_leak,4,775,387547,149
40,large_leak,4,776,388047,115
40,large_leak,4,777,388547,77
40,large_leak,4,778,389047,55
40,large_leak,4,779,389547,20
40,large_leak,4,780,390047,0
40,large_leak,4,781,390547,0
40,large_leak,4,782,391047,0
40,large_leak,4,783,391547,0
40,large_leak,4,784,392047,0
40,large_leak,4,785,392547,0
40,large_leak,4,786,393047,0
40,large_leak,4,787,393547,0
40,large_leak,4,788,394047,0
40,large_leak,4,789,394547,0
40,large_leak,4,790,395047,0
40,large_leak,4,791,395547,0
40,large_leak,4,792,396047,0
40,large_leak,4,793,396547,0
40,large_leak,4,794,397047,0
40,large_leak,4,795,397547,0
40,large_leak,4,796,398047,0
40,large_leak,4,797,398547,0
40,large_leak,4,798,399047,0
40,large_leak,4,799,399547,0
40,large_leak,4,800,400047,0
40,large_leak,4,801,400547,0
40,large_leak,4,802,401047,0
40,large_leak,4,803,401547,0
40,large_leak,4,804,402047,0
40,large_leak,4,805,402547,0
40,large_leak,4,806,403047,0
40,large_leak,4,807,403547,19
40,large_leak,4,808,404047,29
40,large_leak,4,809,404547,52
40,large_leak,4,810,405047,77
40,large_leak,4,811,405547,104
40,large_leak,4,812,406047,127
40,large_leak,4,813,406547,143
40,large_leak,4,814,407047,169
40,large_leak,4,815,407547,183
40,large_leak,4,816,408047,199
40,large_leak,4,817,408547,233
40,large_leak,4,818,409047,249
40,large_leak,4,819,409547,234
40,large_leak,4,820,410047,249
40,large_leak,4,821,410547,233
40,large_leak,4,822,411047,187
40,large_leak,4,823,411547,153
40,large_leak,4,824,412047,123
40,large_leak,4,825,412547,93
40,large_leak,4,826,413047,78
40,large_leak,4,827,413547,73
40,large_leak,4,828,414047,47
40,large_leak,4,829,414547,46
40,large_leak,4,830,415047,78
40,large_leak,4,831,415547,106
40,large_leak,4,832,416047,137
40,large_leak,4,833,416547,169
40,large_leak,4,834,417047,189
40,large_leak,4,835,417547,223
40,large_leak,4,836,418047,269
40,large_leak,4,837,418547,280
40,large_leak,4,838,419047,287
40,large_leak,4,839,419547,283
40,large_leak,4,840,420047,279
40,large_leak,4,841,420547,278
40,large_leak,4,842,421047,266
40,large_leak,4,843,421547,229
40,large_leak,4,844,422047,183
40,large_leak,4,845,422547,141
40,large_leak,4,846,423047,97
40,large_leak,4,847,423547,99
40,large_leak,4,848,424047,119
40,large_leak,4,849,424547,141
40,large_leak,4,850,425047,161
40,large_leak,4,851,425547,165
40,large_leak,4,852,426047,191
40,large_leak,4,853,426547,219
40,large_leak,4,854,427047,213
40,large_leak,4,855,427547,211
40,large_leak,4,856,428047,201
40,large_leak,4,857,428547,185
40,large_leak,4,858,429047,166
40,large_leak,4,859,429547,122
40,large_leak,4,860,430047,79
40,large_leak,4,861,430547,41
40,large_leak,4,862,431047,7
40,large_leak,4,863,431547,0
40,large_leak,4,864,432047,0
40,large_leak,4,865,432547,0
40,large_leak,4,866,433047,0
40,large_leak,4,867,433547,0
40,large_leak,4,868,434047,0
40,large_leak,4,869,434547,0
40,large_leak,4,870,435047,0
40,large_leak,4,871,435547,0
40,large_leak,4,872,436047,9
40,large_leak,4,873,436547,31
40,large_leak,4,874,437047,57
40,large_leak,4,875,437547,77
40,large_leak,4,876,438047,84
40,large_leak,4,877,438547,89
40,large_leak,4,878,439047,109
40,large_leak,4,879,439547,149
40,large_leak,4,880,440047,173
40,large_leak,4,881,440547,185
40,large_leak,4,882,441047,202
40,large_leak,4,883,441547,203
40,large_leak,4,884,442047,217
40,large_leak,4,885,442547,233
40,large_leak,4,886,443047,217
40,large_leak,4,887,443547,183
40,large_leak,4,888,444047,163
40,large_leak,4,889,444547,163
40,large_leak,4,890,445047,167
40,large_leak,4,891,445547,164
40,large_leak,4,892,446047,155
40,large_leak,4,893,446547,138
40,large_leak,4,894,447047,127
40,large_leak,4,895,447547,109
40,large_leak,4,896,448047,84
40,large_leak,4,897,448547,51
40,large_leak,4,898,449047,21
40,large_leak,4,899,449547,2
40,large_leak,4,900,450047,0
40,large_leak,4,901,450547,0
40,large_leak,4,902,451047,0
40,large_leak,4,903,451547,0
40,large_leak,4,904,452047,0
40,large_leak,4,905,452547,0
40,large_leak,4,906,453047,29
40,large_leak,4,907,453547,28
40,large_leak,4,908,454047,59
40,large_leak,4,909,454547,93
40,large_leak,4,910,455047,103
40,large_leak,4,911,455547,107
40,large_leak,4,912,456047,85
40,large_leak,4,913,456547,83
40,large_leak,4,914,457047,87
40,large_leak,4,915,457547,79
40,large_leak,4,916,458047,85
40,large_leak,4,917,458547,89
40,large_leak,4,918,459047,102
40,large_leak,4,919,459547,107
40,large_leak,4,920,460047,107
40,large_leak,4,921,460547,109
40,large_leak,4,922,461047,121
40,large_leak,4,923,461547,135
40,large_leak,4,924,462047,137
40,large_leak,4,925,462547,135
40,large_leak,4,926,463047,145
40,large_leak,4,927,463547,148
40,large_leak,4,928,464047,107
40,large_leak,4,929,464547,63
40,large_leak,4,930,465047,85
40,large_leak,4,931,465547,101
40,large_leak,4,932,466047,85
40,large_leak,4,933,466547,102
40,large_leak,4,934,467047,66
40,large_leak,4,935,467547,47
40,large_leak,4,936,468047,92
40,large_leak,4,937,468547,101
40,large_leak,4,938,469047,103
40,large_leak,4,939,469547,118
40,large_leak,4,940,470047,112
40,large_leak,4,941,470547,115
40,large_leak,4,942,471047,89
40,large_leak,4,943,471547,91
40,large_leak,4,944,472047,59
40,large_leak,4,945,472547,55
40,large_leak,4,946,473047,41
40,large_leak,4,947,473547,31
40,large_leak,4,948,474047,8
40,large_leak,4,949,474547,0
40,large_leak,4,950,475047,10
40,large_leak,4,951,475547,39
40,large_leak,4,952,476047,47
40,large_leak,4,953,476547,63
40,large_leak,4,954,477047,79
40,large_leak,4,955,477547,95
40,large_leak,4,956,478047,117
40,large_leak,4,957,478547,137
40,large_leak,4,958,479047,159
40,large_leak,4,959,479547,169
40,large_leak,4,960,480047,174
40,large_leak,4,961,480547,186
40,large_leak,4,962,481047,191
40,large_leak,4,963,481547,189
40,large_leak,4,964,482047,201
40,large_leak,4,965,482547,199
40,large_leak,4,966,483047,213
40,large_leak,4,967,483547,203
40,large_leak,4,968,484047,163
40,large_leak,4,969,484547,143
40,large_leak,4,970,485047,127
40,large_leak,4,971,485547,119
40,large_leak,4,972,486047,93
40,large_leak,4,973,486547,69
40,large_leak,4,974,487047,51
40,large_leak,4,975,487547,43
40,large_leak,4,976,488047,31
40,large_leak,4,977,488547,17
40,large_leak,4,978,489047,7
40,large_leak,4,979,489547,0
40,large_leak,4,980,490047,0
40,large_leak,4,981,490547,0
40,large_leak,4,982,491047,0
40,large_leak,4,983,491547,0
40,large_leak,4,984,492047,0
40,large_leak,4,985,492547,0
40,large_leak,4,986,493047,0
40,large_leak,4,987,493547,45
40,large_leak,4,988,494047,91
40,large_leak,4,989,494547,126
40,large_leak,4,990,495047,149
40,large_leak,4,991,495547,174
40,large_leak,4,992,496047,207
40,large_leak,4,993,496547,215
40,large_leak,4,994,497047,201
40,large_leak,4,995,497547,181
40,large_leak,4,996,498047,152
40,large_leak,4,997,498547,122
40,large_leak,4,998,499047,99
40,large_leak,4,999,499547,67
40,large_leak,4,1000,500047,43
40,large_leak,4,1001,500547,22
40,large_leak,4,1002,501047,2
40,large_leak,4,1003,501547,0
40,large_leak,4,1004,502047,0
40,large_leak,4,1005,502547,0
40,large_leak,4,1006,503047,0
40,large_leak,4,1007,503547,0
40,large_leak,4,1008,504047,0
40,large_leak,4,1009,504547,0
40,large_leak,4,1010,505047,0
40,large_leak,4,1011,505547,0
40,large_leak,4,1012,506047,0
40,large_leak,4,1013,506547,0
40,large_leak,4,1014,507047,0
40,large_leak,4,1015,507547,0
40,large_leak,4,1016,508047,0
40,large_leak,4,1017,508547,0
40,large_leak,4,1018,509047,0
40,large_leak,4,1019,509547,0
40,large_leak,4,1020,510047,24
40,large_leak,4,1021,510547,59
40,large_leak,4,1022,511047,103
40,large_leak,4,1023,511547,143
40,large_leak,4,1024,512047,199
40,large_leak,4,1025,512547,231
40,large_leak,4,1026,513047,243
40,large_leak,4,1027,513547,247
40,large_leak,4,1028,514047,255
40,large_leak,4,1029,514547,263
40,large_leak,4,1030,515047,250
40,large_leak,4,1031,515547,233
40,large_leak,4,1032,516047,235
40,large_leak,4,1033,516547,240
40,large_leak,4,1034,517047,253
40,large_leak,4,1035,517547,269
40,large_leak,4,1036,518047,265
40,large_leak,4,1037,518547,225
40,large_leak,4,1038,519047,200
40,large_leak,4,1039,519547,157
40,large_leak,4,1040,520047,105
40,large_leak,4,1041,520547,77
40,large_leak,4,1042,521047,47
40,large_leak,4,1043,521548,20
40,large_leak,4,1044,522047,3
40,large_leak,4,1045,522547,0
40,large_leak,4,1046,523047,0
40,large_leak,4,1047,523547,0
40,large_leak,4,1048,524047,0
40,large_leak,4,1049,524547,0
40,large_leak,4,1050,525047,0
40,large_leak,4,1051,525547,0
40,large_leak,4,1052,526047,29
40,large_leak,4,1053,526547,73
40,large_leak,4,1054,527047,103
40,large_leak,4,1055,527547,107
40,large_leak,4,1056,528047,101
40,large_leak,4,1057,528547,87
40,large_leak,4,1058,529047,91
40,large_leak,4,1059,529547,87
40,large_leak,4,1060,530047,67
40,large_leak,4,1061,530547,57
40,large_leak,4,1062,531047,40
40,large_leak,4,1063,531547,35
40,large_leak,4,1064,532047,31
40,large_leak,4,1065,532547,23
40,large_leak,4,1066,533047,21
40,large_leak,4,1067,533547,40
40,large_leak,4,1068,534047,69
40,large_leak,4,1069,534547,109
40,large_leak,4,1070,535047,124
40,large_leak,4,1071,535547,103
40,large_leak,4,1072,536047,86
40,large_leak,4,1073,536547,88
40,large_leak,4,1074,537047,85
40,large_leak,4,1075,537547,77
40,large_leak,4,1076,538047,74
40,large_leak,4,1077,538547,23
40,large_leak,4,1078,539047,13
40,large_leak,4,1079,539547,26
40,large_leak,4,1080,540048,11
40,large_leak,4,1081,540547,16
40,large_leak,4,1082,541047,0
40,large_leak,4,1083,541547,0
40,large_leak,4,1084,542047,0
40,large_leak,4,1085,542547,0
40,large_leak,4,1086,543047,0
40,large_leak,4,1087,543547,0
40,large_leak,4,1088,544047,0
40,large_leak,4,1089,544547,0
40,large_leak,4,1090,545047,0
40,large_leak,4,1091,545547,11
40,large_leak,4,1092,546047,24
40,large_leak,4,1093,546547,47
40,large_leak,4,1094,547047,81
40,large_leak,4,1095,547547,103
40,large_leak,4,1096,548047,123
40,large_leak,4,1097,548547,138
40,large_leak,4,1098,549047,137
40,large_leak,4,1099,549547,170
40,large_leak,4,1100,550047,182
40,large_leak,4,1101,550547,166
40,large_leak,4,1102,551047,163
40,large_leak,4,1103,551547,107
40,large_leak,4,1104,552047,109
40,large_leak,4,1105,552547,93
40,large_leak,4,1106,553047,73
40,large_leak,4,1107,553547,56
40,large_leak,4,1108,554047,37
40,large_leak,4,1109,554547,20
40,large_leak,4,1110,555047,25
40,large_leak,4,1111,555547,36
40,large_leak,4,1112,556047,44
40,large_leak,4,1113,556547,59
40,large_leak,4,1114,557047,95
40,large_leak,4,1115,557547,141
40,large_leak,4,1116,558047,175
40,large_leak,4,1117,558547,197
40,large_leak,4,1118,559047,207
40,large_leak,4,1119,559547,197
40,large_leak,4,1120,560047,177
40,large_leak,4,1121,560547,167
40,large_leak,4,1122,561047,149
40,large_leak,4,1123,561547,113
40,large_leak,4,1124,562047,98
40,large_leak,4,1125,562547,83
40,large_leak,4,1126,563047,82
40,large_leak,4,1127,563547,87
40,large_leak,4,1128,564047,70
40,large_leak,4,1129,564547,51
40,large_leak,4,1130,565047,35
40,large_leak,4,1131,565547,39
40,large_leak,4,1132,566047,72
40,large_leak,4,1133,566547,103
40,large_leak,4,1134,567047,105
40,large_leak,4,1135,567547,117
40,large_leak,4,1136,568047,101
40,large_leak,4,1137,568547,105
40,large_leak,4,1138,569047,109
40,large_leak,4,1139,569547,125
40,large_leak,4,1140,570047,122
40,large_leak,4,1141,570547,138
40,large_leak,4,1142,571047,123
40,large_leak,4,1143,571547,111
40,large_leak,4,1144,572047,91
40,large_leak,4,1145,572547,77
40,large_leak,4,1146,573047,53
40,large_leak,4,1147,573547,39
40,large_leak,4,1148,574047,43
40,large_leak,4,1149,574547,53
40,large_leak,4,1150,575047,60
40,large_leak,4,1151,575547,83
40,large_leak,4,1152,576047,99
40,large_leak,4,1153,576547,103
40,large_leak,4,1154,577047,119
40,large_leak,4,1155,577547,138
40,large_leak,4,1156,578047,145
40,large_leak,4,1157,578547,143
40,large_leak,4,1158,579047,151
40,large_leak,4,1159,579547,152
40,large_leak,4,1160,580047,159
40,large_leak,4,1161,580547,167
40,large_leak,4,1162,581047,171
40,large_leak,4,1163,581547,155
40,large_leak,4,1164,582047,119
40,large_leak,4,1165,582547,83
40,large_leak,4,1166,583047,55
40,large_leak,4,1167,583547,36
40,large_leak,4,1168,584047,22
40,large_leak,4,1169,584547,1
40,large_leak,4,1170,585047,0
40,large_leak,4,1171,585547,0
40,large_leak,4,1172,586047,0
40,large_leak,4,1173,586547,0
40,large_leak,4,1174,587047,0
40,large_leak,4,1175,587547,0
40,large_leak,4,1176,588047,0
40,large_leak,4,1177,588547,0
40,large_leak,4,1178,589047,0
40,large_leak,4,1179,589547,0
40,large_leak,4,1180,590047,0
40,large_leak,4,1181,590547,11
40,large_leak,4,1182,591047,21
40,large_leak,4,1183,591547,0
40,large_leak,4,1184,592047,23
40,large_leak,4,1185,592547,40
40,large_leak,4,1186,593047,83
40,large_leak,4,1187,593547,125
40,large_leak,4,1188,594047,159
40,large_leak,4,1189,594547,185
40,large_leak,4,1190,595047,221
40,large_leak,4,1191,595547,239
40,large_leak,4,1192,596047,244
40,large_leak,4,1193,596547,239
40,large_leak,4,1194,597047,236
40,large_leak,4,1195,597547,237
40,large_leak,4,1196,598047,253
40,large_leak,4,1197,598547,254
40,large_leak,4,1198,599047,253
40,large_leak,4,1199,599547,248
40,large_leak,4,1200,600047,227
40,large_leak,4,1201,600547,204
40,large_leak,4,1202,601047,192
40,large_leak,4,1203,601547,203
40,large_leak,4,1204,602047,211
40,large_leak,4,1205,602547,211
40,large_leak,4,1206,603047,189
40,large_leak,4,1207,603547,191
40,large_leak,4,1208,604047,179
40,large_leak,4,1209,604547,175
40,large_leak,4,1210,605047,179
40,large_leak,4,1211,605547,141
40,large_leak,4,1212,606047,134
40,large_leak,4,1213,606547,128
40,large_leak,4,1214,607047,126
40,large_leak,4,1215,607547,125
40,large_leak,4,1216,608047,117
40,large_leak,4,1217,608547,109
40,large_leak,4,1218,609047,93
40,large_leak,4,1219,609547,83
40,large_leak,4,1220,610047,68
40,large_leak,4,1221,610547,39
40,large_leak,4,1222,611047,9
40,large_leak,4,1223,611547,4
40,large_leak,4,1224,612047,5
40,large_leak,4,1225,612547,17
40,large_leak,4,1226,613047,4
40,large_leak,4,1227,613547,0
40,large_leak,4,1228,614047,0
40,large_leak,4,1229,614547,0
40,large_leak,4,1230,615047,0
40,large_leak,4,1231,615547,0
40,large_leak,4,1232,616047,17
40,large_leak,4,1233,616547,37
40,large_leak,4,1234,617047,76
40,large_leak,4,1235,617547,111
40,large_leak,4,1236,618047,149
40,large_leak,4,1237,618547,151
40,large_leak,4,1238,619047,142
40,large_leak,4,1239,619547,121
40,large_leak,4,1240,620047,107
40,large_leak,4,1241,620547,100
40,large_leak,4,1242,621047,95
40,large_leak,4,1243,621547,99
40,large_leak,4,1244,622047,79
40,large_leak,4,1245,622547,39
40,large_leak,4,1246,623047,9
40,large_leak,4,1247,623547,0
40,large_leak,4,1248,624047,0
40,large_leak,4,1249,624547,0
40,large_leak,4,1250,625047,0
40,large_leak,4,1251,625547,0
40,large_leak,4,1252,626047,0
40,large_leak,4,1253,626547,0
40,large_leak,4,1254,627047,0
40,large_leak,4,1255,627547,0
40,large_leak,4,1256,628047,0
40,large_leak,4,1257,628547,0
40,large_leak,4,1258,629047,0
40,large_leak,4,1259,629547,13
40,large_leak,4,1260,630048,47
40,large_leak,4,1261,630547,87
40,large_leak,4,1262,631047,110
40,large_leak,4,1263,631547,111
40,large_leak,4,1264,632047,121
40,large_leak,4,1265,632547,145
40,large_leak,4,1266,633047,173
40,large_leak,4,1267,633547,201
40,large_leak,4,1268,634047,213
40,large_leak,4,1269,634547,214
40,large_leak,4,1270,635047,231
40,large_leak,4,1271,635547,237
40,large_leak,4,1272,636047,247
40,large_leak,4,1273,636547,250
40,large_leak,4,1274,637047,235
40,large_leak,4,1275,637547,215
40,large_leak,4,1276,638047,205
40,large_leak,4,1277,638547,187
40,large_leak,4,1278,639047,141
40,large_leak,4,1279,639547,101
40,large_leak,4,1280,640047,37
40,large_leak,4,1281,640547,3
40,large_leak,4,1282,641047,0
40,large_leak,4,1283,641547,0
40,large_leak,4,1284,642047,0
40,large_leak,4,1285,642547,0
40,large_leak,4,1286,643047,0
40,large_leak,4,1287,643547,0
40,large_leak,4,1288,644047,0
40,large_leak,4,1289,644547,0
40,large_leak,4,1290,645047,0
40,large_leak,4,1291,645547,0
40,large_leak,4,1292,646047,0
40,large_leak,4,1293,646547,0
40,large_leak,4,1294,647047,55
40,large_leak,4,1295,647547,103
40,large_leak,4,1296,648047,149
40,large_leak,4,1297,648547,171
40,large_leak,4,1298,649047,189
40,large_leak,4,1299,649547,183
40,large_leak,4,1300,650047,190
40,large_leak,4,1301,650547,204
40,large_leak,4,1302,651047,199
40,large_leak,4,1303,651547,184
40,large_leak,4,1304,652047,179
40,large_leak,4,1305,652547,163
40,large_leak,4,1306,653047,140
40,large_leak,4,1307,653547,95
40,large_leak,4,1308,654047,57
40,large_leak,4,1309,654547,45
40,large_leak,4,1310,655047,42
40,large_leak,4,1311,655547,35
40,large_leak,4,1312,656047,45
40,large_leak,4,1313,656547,76
40,large_leak,4,1314,657047,128
40,large_leak,4,1315,657547,165
40,large_leak,4,1316,658047,185
40,large_leak,4,1317,658547,204
40,large_leak,4,1318,659047,199
40,large_leak,4,1319,659547,192
40,large_leak,4,1320,660047,190
40,large_leak,4,1321,660547,181
40,large_leak,4,1322,661047,184
40,large_leak,4,1323,661547,169
40,large_leak,4,1324,662047,140
40,large_leak,4,1325,662547,123
40,large_leak,4,1326,663047,107
40,large_leak,4,1327,663547,91
40,large_leak,4,1328,664047,92
40,large_leak,4,1329,664547,91
40,large_leak,4,1330,665047,77
40,large_leak,4,1331,665547,71
40,large_leak,4,1332,666047,61
40,large_leak,4,1333,666547,51
40,large_leak,4,1334,667047,39
40,large_leak,4,1335,667547,31
40,large_leak,4,1336,668047,13
40,large_leak,4,1337,668547,9
40,large_leak,4,1338,669047,24
40,large_leak,4,1339,669547,33
40,large_leak,4,1340,670047,24
40,large_leak,4,1341,670547,5
40,large_leak,4,1342,671047,0
40,large_leak,4,1343,671547,0
40,large_leak,4,1344,672047,0
40,large_leak,4,1345,672547,0
40,large_leak,4,1346,673047,0
40,large_leak,4,1347,673547,0
40,large_leak,4,1348,674047,21
40,large_leak,4,1349,674547,57
40,large_leak,4,1350,675047,91
40,large_leak,4,1351,675547,107
40,large_leak,4,1352,676047,139
40,large_leak,4,1353,676547,149
40,large_leak,4,1354,677047,159
40,large_leak,4,1355,677547,171
40,large_leak,4,1356,678047,181
40,large_leak,4,1357,678547,183
40,large_leak,4,1358,679047,183
40,large_leak,4,1359,679547,167
40,large_leak,4,1360,680047,141
40,large_leak,4,1361,680547,123
40,large_leak,4,1362,681047,125
40,large_leak,4,1363,681547,141
40,large_leak,4,1364,682047,137
40,large_leak,4,1365,682547,147
40,large_leak,4,1366,683047,168
40,large_leak,4,1367,683547,199
40,large_leak,4,1368,684047,211
40,large_leak,4,1369,684547,205
40,large_leak,4,1370,685047,198
40,large_leak,4,1371,685547,168
40,large_leak,4,1372,686047,141
40,large_leak,4,1373,686547,95
40,large_leak,4,1374,687047,51
40,large_leak,4,1375,687547,29
40,large_leak,4,1376,688047,9
40,large_leak,4,1377,688547,0
40,large_leak,4,1378,689047,0
40,large_leak,4,1379,689547,0
40,large_leak,4,1380,690047,0
40,large_leak,4,1381,690547,12
40,large_leak,4,1382,691047,55
40,large_leak,4,1383,691547,75
40,large_leak,4,1384,692047,91
40,large_leak,4,1385,692547,99
40,large_leak,4,1386,693047,136
40,large_leak,4,1387,693547,155
40,large_leak,4,1388,694047,180
40,large_leak,4,1389,694547,197
40,large_leak,4,1390,695047,199
40,large_leak,4,1391,695547,164
40,large_leak,4,1392,696047,149
40,large_leak,4,1393,696547,157
40,large_leak,4,1394,697047,166
40,large_leak,4,1395,697547,149
40,large_leak,4,1396,698047,117
40,large_leak,4,1397,698547,95
40,large_leak,4,1398,699047,93
40,large_leak,4,1399,699547,77
40,large_leak,4,1400,700047,43
40,large_leak,4,1401,700547,31
40,large_leak,4,1402,701047,38
40,large_leak,4,1403,701547,42
40,large_leak,4,1404,702047,53
40,large_leak,4,1405,702547,53
40,large_leak,4,1406,703047,49
40,large_leak,4,1407,703547,73
40,large_leak,4,1408,704047,83
40,large_leak,4,1409,704547,89
40,large_leak,4,1410,705047,116
40,large_leak,4,1411,705547,153
40,large_leak,4,1412,706047,199
40,large_leak,4,1413,706547,237
40,large_leak,4,1414,707047,251
40,large_leak,4,1415,707547,237
40,large_leak,4,1416,708047,221
40,large_leak,4,1417,708547,201
40,large_leak,4,1418,709047,174
40,large_leak,4,1419,709547,156
40,large_leak,4,1420,710047,123
40,large_leak,4,1421,710548,70
40,large_leak,4,1422,711047,42
40,large_leak,4,1423,711547,43
40,large_leak,4,1424,712047,29
40,large_leak,4,1425,712547,24
40,large_leak,4,1426,713047,28
40,large_leak,4,1427,713547,21
40,large_leak,4,1428,714047,24
40,large_leak,4,1429,714547,28
40,large_leak,4,1430,715047,31
40,large_leak,4,1431,715547,27
40,large_leak,4,1432,716047,19
40,large_leak,4,1433,716547,7
40,large_leak,4,1434,717047,0
40,large_leak,4,1435,717547,0
40,large_leak,4,1436,718047,0
40,large_leak,4,1437,718547,0
40,large_leak,4,1438,719047,0
40,large_leak,4,1439,719547,0
40,large_leak,4,1440,720047,0
40,large_leak,4,1441,720547,0
40,large_leak,4,1442,721047,0
40,large_leak,4,1443,721547,0
40,large_leak,4,1444,722047,25
40,large_leak,4,1445,722547,57
40,large_leak,4,1446,723047,78
40,large_leak,4,1447,723547,98
40,large_leak,4,1448,724047,117
40,large_leak,4,1449,724547,139
40,large_leak,4,1450,725047,136
40,large_leak,4,1451,725547,101
40,large_leak,4,1452,726047,74
40,large_leak,4,1453,726547,74
40,large_leak,4,1454,727047,69
40,large_leak,4,1455,727547,46
40,large_leak,4,1456,728047,17
40,large_leak,4,1457,728547,0
40,large_leak,4,1458,729047,0
40,large_leak,4,1459,729547,0
40,large_leak,4,1460,730047,0
40,large_leak,4,1461,730547,0
40,large_leak,4,1462,731047,0
40,large_leak,4,1463,731547,0
40,large_leak,4,1464,732047,0
40,large_leak,4,1465,732547,0
40,large_leak,4,1466,733047,0
40,large_leak,4,1467,733547,3
40,large_leak,4,1468,734047,20
40,large_leak,4,1469,734547,56
40,large_leak,4,1470,735047,62
40,large_leak,4,1471,735547,59
40,large_leak,4,1472,736047,77
40,large_leak,4,1473,736547,61
40,large_leak,4,1474,737047,51
40,large_leak,4,1475,737547,51
40,large_leak,4,1476,738047,41
40,large_leak,4,1477,738547,45
40,large_leak,4,1478,739047,48
40,large_leak,4,1479,739547,60
40,large_leak,4,1480,740047,92
40,large_leak,4,1481,740547,126
40,large_leak,4,1482,741047,153
40,large_leak,4,1483,741547,189
40,large_leak,4,1484,742047,233
40,large_leak,4,1485,742547,269
40,large_leak,4,1486,743047,293
40,large_leak,4,1487,743547,303
40,large_leak,4,1488,744047,293
40,large_leak,4,1489,744547,265
40,large_leak,4,1490,745047,248
40,large_leak,4,1491,745547,220
40,large_leak,4,1492,746047,181
40,large_leak,4,1493,746547,141
40,large_leak,4,1494,747047,117
40,large_leak,4,1495,747547,77
40,large_leak,4,1496,748047,48
40,large_leak,4,1497,748547,35
40,large_leak,4,1498,749047,35
40,large_leak,4,1499,749547,22
40,large_leak,4,1500,750047,3
40,large_leak,4,1501,750547,0
40,large_leak,4,1502,751047,0
40,large_leak,4,1503,751547,0
40,large_leak,4,1504,752047,6
40,large_leak,4,1505,752547,21
40,large_leak,4,1506,753047,55
40,large_leak,4,1507,753547,77
40,large_leak,4,1508,754047,99
40,large_leak,4,1509,754547,127
40,large_leak,4,1510,755047,155
40,large_leak,4,1511,755547,183
40,large_leak,4,1512,756047,189
40,large_leak,4,1513,756547,181
40,large_leak,4,1514,757047,200
40,large_leak,4,1515,757547,191
40,large_leak,4,1516,758047,205
40,large_leak,4,1517,758547,202
40,large_leak,4,1518,759047,184
40,large_leak,4,1519,759547,191
40,large_leak,4,1520,760047,155
40,large_leak,4,1521,760547,117
40,large_leak,4,1522,761047,86
40,large_leak,4,1523,761547,77
40,large_leak,4,1524,762047,54
40,large_leak,4,1525,762547,39
40,large_leak,4,1526,763047,13
40,large_leak,4,1527,763547,0
40,large_leak,4,1528,764047,0
40,large_leak,4,1529,764547,0
40,large_leak,4,1530,765048,0
40,large_leak,4,1531,765547,0
40,large_leak,4,1532,766047,0
40,large_leak,4,1533,766547,0
40,large_leak,4,1534,767047,0
40,large_leak,4,1535,767547,0
40,large_leak,4,1536,768047,0
40,large_leak,4,1537,768547,0
40,large_leak,4,1538,769047,0
40,large_leak,4,1539,769547,0
40,large_leak,4,1540,770047,0
40,large_leak,4,1541,770547,3
40,large_leak,4,1542,771047,55
40,large_leak,4,1543,771547,85
40,large_leak,4,1544,772047,87
40,large_leak,4,1545,772547,88
40,large_leak,4,1546,773047,85
40,large_leak,4,1547,773547,94
40,large_leak,4,1548,774047,104
40,large_leak,4,1549,774547,105
40,large_leak,4,1550,775047,99
40,large_leak,4,1551,775547,103
40,large_leak,4,1552,776047,124
40,large_leak,4,1553,776547,156
40,large_leak,4,1554,777047,181
40,large_leak,4,1555,777547,203
40,large_leak,4,1556,778047,213
40,large_leak,4,1557,778547,243
40,large_leak,4,1558,779047,270
40,large_leak,4,1559,779547,264
40,large_leak,4,1560,780047,240
40,large_leak,4,1561,780547,218
40,large_leak,4,1562,781047,188
40,large_leak,4,1563,781547,159
40,large_leak,4,1564,782047,134
40,large_leak,4,1565,782547,109
40,large_leak,4,1566,783047,105
40,large_leak,4,1567,783547,105
40,large_leak,4,1568,784047,94
40,large_leak,4,1569,784547,87
40,large_leak,4,1570,785047,94
40,large_leak,4,1571,785547,93
40,large_leak,4,1572,786047,93
40,large_leak,4,1573,786547,100
40,large_leak,4,1574,787047,103
40,large_leak,4,1575,787547,115
40,large_leak,4,1576,788047,126
40,large_leak,4,1577,788547,152
40,large_leak,4,1578,789047,167
40,large_leak,4,1579,789547,168
40,large_leak,4,1580,790047,158
40,large_leak,4,1581,790547,145
40,large_leak,4,1582,791047,137
40,large_leak,4,1583,791547,121
40,large_leak,4,1584,792047,107
40,large_leak,4,1585,792547,95
40,large_leak,4,1586,793048,73
40,large_leak,4,1587,793547,36
40,large_leak,4,1588,794047,7
40,large_leak,4,1589,794547,0
40,large_leak,4,1590,795047,0
40,large_leak,4,1591,795547,0
40,large_leak,4,1592,796047,0
40,large_leak,4,1593,796547,0
40,large_leak,4,1594,797047,0
40,large_leak,4,1595,797547,0
40,large_leak,4,1596,798047,0
40,large_leak,4,1597,798547,0
40,large_leak,4,1598,799047,31
40,large_leak,4,1599,799547,47
40,large_leak,4,1600,800047,76
40,large_leak,4,1601,800547,105
40,large_leak,4,1602,801047,136
40,large_leak,4,1603,801547,133
40,large_leak,4,1604,802047,118
40,large_leak,4,1605,802547,87
40,large_leak,4,1606,803047,69
40,large_leak,4,1607,803547,59
40,large_leak,4,1608,804047,69
40,large_leak,4,1609,804547,85
40,large_leak,4,1610,805047,107
40,large_leak,4,1611,805547,141
40,large_leak,4,1612,806047,165
40,large_leak,4,1613,806547,187
40,large_leak,4,1614,807047,216
40,large_leak,4,1615,807547,223
40,large_leak,4,1616,808047,222
40,large_leak,4,1617,808547,219
40,large_leak,4,1618,809047,217
40,large_leak,4,1619,809547,221
40,large_leak,4,1620,810047,213
40,large_leak,4,1621,810547,191
40,large_leak,4,1622,811047,175
40,large_leak,4,1623,811547,159
40,large_leak,4,1624,812047,140
40,large_leak,4,1625,812547,122
40,large_leak,4,1626,813047,108
40,large_leak,4,1627,813547,83
40,large_leak,4,1628,814047,56
40,large_leak,4,1629,814547,55
40,large_leak,4,1630,815047,71
40,large_leak,4,1631,815547,88
40,large_leak,4,1632,816047,111
40,large_leak,4,1633,816547,131
40,large_leak,4,1634,817048,137
40,large_leak,4,1635,817547,152
40,large_leak,4,1636,818047,172
40,large_leak,4,1637,818547,197
40,large_leak,4,1638,819047,219
40,large_leak,4,1639,819547,229
40,large_leak,4,1640,820047,213
40,large_leak,4,1641,820547,186
40,large_leak,4,1642,821047,169
40,large_leak,4,1643,821547,141
40,large_leak,4,1644,822047,95
40,large_leak,4,1645,822547,61
40,large_leak,4,1646,823047,47
40,large_leak,4,1647,823547,37
40,large_leak,4,1648,824047,35
40,large_leak,4,1649,824547,21
40,large_leak,4,1650,825047,2
40,large_leak,4,1651,825547,0
40,large_leak,4,1652,826047,0
40,large_leak,4,1653,826547,6
40,large_leak,4,1654,827047,31
40,large_leak,4,1655,827547,47
40,large_leak,4,1656,828047,61
40,large_leak,4,1657,828547,70
40,large_leak,4,1658,829047,92
40,large_leak,4,1659,829547,116
40,large_leak,4,1660,830047,115
40,large_leak,4,1661,830547,110
40,large_leak,4,1662,831047,108
40,large_leak,4,1663,831547,104
40,large_leak,4,1664,832047,115
40,large_leak,4,1665,832547,95
40,large_leak,4,1666,833047,108
40,large_leak,4,1667,833547,125
40,large_leak,4,1668,834047,143
40,large_leak,4,1669,834547,167
40,large_leak,4,1670,835047,151
40,large_leak,4,1671,835547,139
40,large_leak,4,1672,836047,133
40,large_leak,4,1673,836547,91
40,large_leak,4,1674,837047,83
40,large_leak,4,1675,837547,60
40,large_leak,4,1676,838047,39
40,large_leak,4,1677,838547,28
40,large_leak,4,1678,839047,3
40,large_leak,4,1679,839547,0
40,large_leak,4,1680,840047,0
40,large_leak,4,1681,840547,9
40,large_leak,4,1682,841047,11
40,large_leak,4,1683,841547,0
40,large_leak,4,1684,842047,0
40,large_leak,4,1685,842547,0
40,large_leak,4,1686,843048,0
40,large_leak,4,1687,843547,0
40,large_leak,4,1688,844047,0
40,large_leak,4,1689,844547,0
40,large_leak,4,1690,845047,22
40,large_leak,4,1691,845547,43
40,large_leak,4,1692,846047,53
40,large_leak,4,1693,846547,58
40,large_leak,4,1694,847047,73
40,large_leak,4,1695,847547,91
40,large_leak,4,1696,848047,139
40,large_leak,4,1697,848547,179
40,large_leak,4,1698,849047,187
40,large_leak,4,1699,849548,203
40,large_leak,4,1700,850047,205
40,large_leak,4,1701,850547,217
40,large_leak,4,1702,851047,213
40,large_leak,4,1703,851547,203
40,large_leak,4,1704,852047,179
40,large_leak,4,1705,852547,179
40,large_leak,4,1706,853047,157
40,large_leak,4,1707,853547,127
40,large_leak,4,1708,854047,97
40,large_leak,4,1709,854547,91
40,large_leak,4,1710,855047,105
40,large_leak,4,1711,855547,119
40,large_leak,4,1712,856047,115
40,large_leak,4,1713,856547,104
40,large_leak,4,1714,857047,99
40,large_leak,4,1715,857547,85
40,large_leak,4,1716,858047,63
40,large_leak,4,1717,858547,45
40,large_leak,4,1718,859047,26
40,large_leak,4,1719,859547,21
40,large_leak,4,1720,860047,21
40,large_leak,4,1721,860547,23
40,large_leak,4,1722,861047,39
40,large_leak,4,1723,861547,50
40,large_leak,4,1724,862047,57
40,large_leak,4,1725,862547,55
40,large_leak,4,1726,863047,47
40,large_leak,4,1727,863547,27
40,large_leak,4,1728,864047,6
40,large_leak,4,1729,864547,4
40,large_leak,4,1730,865047,5
40,large_leak,4,1731,865547,0
40,large_leak,4,1732,866047,0
40,large_leak,4,1733,866547,0
40,large_leak,4,1734,867047,0
40,large_leak,4,1735,867547,0
40,large_leak,4,1736,868047,0
40,large_leak,4,1737,868547,0
40,large_leak,4,1738,869047,0
40,large_leak,4,1739,869547,0
40,large_leak,4,1740,870047,0
40,large_leak,4,1741,870547,0
40,large_leak,4,1742,871047,0
40,large_leak,4,1743,871547,0
40,large_leak,4,1744,872047,0
40,large_leak,4,1745,872547,0
40,large_leak,4,1746,873047,0
40,large_leak,4,1747,873547,0
40,large_leak,4,1748,874047,0
40,large_leak,4,1749,874547,0
40,large_leak,4,1750,875047,0
40,large_leak,4,1751,875547,0
40,large_leak,4,1752,876047,0
40,large_leak,4,1753,876547,0
40,large_leak,4,1754,877047,6
40,large_leak,4,1755,877547,39
40,large_leak,4,1756,878047,70
40,large_leak,4,1757,878547,115
40,large_leak,4,1758,879047,175
40,large_leak,4,1759,879547,207
40,large_leak,4,1760,880047,229
40,large_leak,4,1761,880547,224
40,large_leak,4,1762,881047,213
40,large_leak,4,1763,881547,204
40,large_leak,4,1764,882047,199
40,large_leak,4,1765,882547,187
40,large_leak,4,1766,883047,163
40,large_leak,4,1767,883547,135
40,large_leak,4,1768,884047,107
40,large_leak,4,1769,884547,93
40,large_leak,4,1770,885047,103
40,large_leak,4,1771,885547,108
40,large_leak,4,1772,886047,118
40,large_leak,4,1773,886547,149
40,large_leak,4,1774,887047,169
40,large_leak,4,1775,887547,157
40,large_leak,4,1776,888047,153
40,large_leak,4,1777,888547,147
40,large_leak,4,1778,889047,125
40,large_leak,4,1779,889547,107
40,large_leak,4,1780,890047,89
40,large_leak,4,1781,890547,70
40,large_leak,4,1782,891047,60
40,large_leak,4,1783,891547,50
40,large_leak,4,1784,892047,40
40,large_leak,4,1785,892547,30
40,large_leak,4,1786,893047,26
40,large_leak,4,1787,893547,21
40,large_leak,4,1788,894047,19
40,large_leak,4,1789,894547,37
40,large_leak,4,1790,895047,53
40,large_leak,4,1791,895547,78
40,large_leak,4,1792,896047,91
40,large_leak,4,1793,896547,92
40,large_leak,4,1794,897047,83
40,large_leak,4,1795,897547,77
40,large_leak,4,1796,898047,92
40,large_leak,4,1797,898547,117
40,large_leak,4,1798,899047,151
40,large_leak,4,1799,899547,170
40,large_leak,4,1800,900047,185
40,large_leak,4,1801,900547,204
40,large_leak,4,1802,901047,207
40,large_leak,4,1803,901547,214
40,large_leak,4,1804,902047,205
40,large_leak,4,1805,902547,199
40,large_leak,4,1806,903047,187
40,large_leak,4,1807,903547,175
40,large_leak,4,1808,904047,149
40,large_leak,4,1809,904547,118
40,large_leak,4,1810,905047,86
40,large_leak,4,1811,905547,59
40,large_leak,4,1812,906047,40
40,large_leak,4,1813,906547,30
40,large_leak,4,1814,907047,25
40,large_leak,4,1815,907547,23
40,large_leak,4,1816,908047,25
40,large_leak,4,1817,908547,39
40,large_leak,4,1818,909047,59
40,large_leak,4,1819,909547,60
40,large_leak,4,1820,910047,41
40,large_leak,4,1821,910547,73
40,large_leak,4,1822,911047,116
40,large_leak,4,1823,911547,147
40,large_leak,4,1824,912047,191
40,large_leak,4,1825,912547,165
40,large_leak,4,1826,913047,167
40,large_leak,4,1827,913547,179
40,large_leak,4,1828,914047,181
40,large_leak,4,1829,914547,170
40,large_leak,4,1830,915047,147
40,large_leak,4,1831,915547,111
40,large_leak,4,1832,916047,75
40,large_leak,4,1833,916547,41
40,large_leak,4,1834,917047,10
40,large_leak,4,1835,917547,0
40,large_leak,4,1836,918047,0
40,large_leak,4,1837,918547,0
40,large_leak,4,1838,919047,0
40,large_leak,4,1839,919547,0
40,large_leak,4,1840,920047,0
40,large_leak,4,1841,920547,0
40,large_leak,4,1842,921047,0
40,large_leak,4,1843,921547,0
40,large_leak,4,1844,922047,41
40,large_leak,4,1845,922547,89
40,large_leak,4,1846,923047,115
40,large_leak,4,1847,923547,122
40,large_leak,4,1848,924047,119
40,large_leak,4,1849,924547,105
40,large_leak,4,1850,925047,99
40,large_leak,4,1851,925547,93
40,large_leak,4,1852,926047,69
40,large_leak,4,1853,926547,44
40,large_leak,4,1854,927047,29
40,large_leak,4,1855,927547,28
40,large_leak,4,1856,928047,36
40,large_leak,4,1857,928547,41
40,large_leak,4,1858,929047,56
40,large_leak,4,1859,929547,83
40,large_leak,4,1860,930047,105
40,large_leak,4,1861,930547,121
40,large_leak,4,1862,931047,127
40,large_leak,4,1863,931547,125
40,large_leak,4,1864,932047,141
40,large_leak,4,1865,932547,159
40,large_leak,4,1866,933047,173
40,large_leak,4,1867,933547,187
40,large_leak,4,1868,934047,203
40,large_leak,4,1869,934547,217
40,large_leak,4,1870,935047,231
40,large_leak,4,1871,935547,223
40,large_leak,4,1872,936047,199
40,large_leak,4,1873,936547,173
40,large_leak,4,1874,937047,171
40,large_leak,4,1875,937547,173
40,large_leak,4,1876,938047,108
40,large_leak,4,1877,938547,110
40,large_leak,4,1878,939047,62
40,large_leak,4,1879,939547,19
40,large_leak,4,1880,940047,39
40,large_leak,4,1881,940547,4
40,large_leak,4,1882,941047,21
40,large_leak,4,1883,941547,31
40,large_leak,4,1884,942047,13
40,large_leak,4,1885,942547,1
40,large_leak,4,1886,943047,0
40,large_leak,4,1887,943547,21
40,large_leak,4,1888,944047,37
40,large_leak,4,1889,944547,58
40,large_leak,4,1890,945047,60
40,large_leak,4,1891,945547,83
40,large_leak,4,1892,946047,75
40,large_leak,4,1893,946547,83
40,large_leak,4,1894,947047,74
40,large_leak,4,1895,947547,61
40,large_leak,4,1896,948047,75
40,large_leak,4,1897,948547,84
40,large_leak,4,1898,949047,85
40,large_leak,4,1899,949547,93
40,large_leak,4,1900,950047,95
40,large_leak,4,1901,950547,95
40,large_leak,4,1902,951047,94
40,large_leak,4,1903,951547,111
40,large_leak,4,1904,952047,127
40,large_leak,4,1905,952547,147
40,large_leak,4,1906,953047,156
40,large_leak,4,1907,953547,184
40,large_leak,4,1908,954047,197
40,large_leak,4,1909,954547,203
40,large_leak,4,1910,955047,212
40,large_leak,4,1911,955547,218
40,large_leak,4,1912,956047,229
40,large_leak,4,1913,956547,229
40,large_leak,4,1914,957047,202
40,large_leak,4,1915,957547,171
40,large_leak,4,1916,958047,155
40,large_leak,4,1917,958547,139
40,large_leak,4,1918,959047,135
40,large_leak,4,1919,959547,123
40,large_leak,4,1920,960047,109
40,large_leak,4,1921,960547,103
40,large_leak,4,1922,961047,93
40,large_leak,4,1923,961547,84
40,large_leak,4,1924,962047,83
40,large_leak,4,1925,962547,73
40,large_leak,4,1926,963047,67
40,large_leak,4,1927,963547,55
40,large_leak,4,1928,964047,51
40,large_leak,4,1929,964547,85
40,large_leak,4,1930,965047,120
40,large_leak,4,1931,965547,153
40,large_leak,4,1932,966047,185
40,large_leak,4,1933,966547,217
40,large_leak,4,1934,967047,230
40,large_leak,4,1935,967547,221
40,large_leak,4,1936,968047,187
40,large_leak,4,1937,968547,157
40,large_leak,4,1938,969047,119
40,large_leak,4,1939,969547,119
40,large_leak,4,1940,970047,103
40,large_leak,4,1941,970547,77
40,large_leak,4,1942,971047,39
40,large_leak,4,1943,971547,5
40,large_leak,4,1944,972047,0
40,large_leak,4,1945,972547,0
40,large_leak,4,1946,973047,0
40,large_leak,4,1947,973547,0
40,large_leak,4,1948,974047,0
40,large_leak,4,1949,974547,0
40,large_leak,4,1950,975047,0
40,large_leak,4,1951,975547,0
40,large_leak,4,1952,976047,0
40,large_leak,4,1953,976547,7
40,large_leak,4,1954,977047,10
40,large_leak,4,1955,977547,22
40,large_leak,4,1956,978047,42
40,large_leak,4,1957,978547,53
40,large_leak,4,1958,979047,73
40,large_leak,4,1959,979547,75
40,large_leak,4,1960,980047,61
40,large_leak,4,1961,980547,83
40,large_leak,4,1962,981047,103
40,large_leak,4,1963,981547,119
40,large_leak,4,1964,982047,137
40,large_leak,4,1965,982547,127
40,large_leak,4,1966,983047,121
40,large_leak,4,1967,983547,99
40,large_leak,4,1968,984047,83
40,large_leak,4,1969,984547,89
40,large_leak,4,1970,985047,85
40,large_leak,4,1971,985547,71
40,large_leak,4,1972,986047,71
40,large_leak,4,1973,986547,71
40,large_leak,4,1974,987047,107
40,large_leak,4,1975,987547,143
40,large_leak,4,1976,988047,142
40,large_leak,4,1977,988547,122
40,large_leak,4,1978,989047,109
40,large_leak,4,1979,989547,109
40,large_leak,4,1980,990047,85
40,large_leak,4,1981,990547,53
40,large_leak,4,1982,991047,37
40,large_leak,4,1983,991547,26
40,large_leak,4,1984,992047,9
40,large_leak,4,1985,992547,1
40,large_leak,4,1986,993048,3
40,large_leak,4,1987,993547,5
40,large_leak,4,1988,994047,27
40,large_leak,4,1989,994547,42
40,large_leak,4,1990,995047,55
40,large_leak,4,1991,995547,92
40,large_leak,4,1992,996047,119
40,large_leak,4,1993,996547,121
40,large_leak,4,1994,997047,106
40,large_leak,4,1995,997547,79
40,large_leak,4,1996,998047,91
40,large_leak,4,1997,998547,73
40,large_leak,4,1998,999047,85
40,large_leak,4,1999,999547,63
