run_id,leak_condition,window_id,sample_index,time_us,adc_raw
36,large_leak,0,0,80,29
36,large_leak,0,1,552,5
36,large_leak,0,2,1047,0
36,large_leak,0,3,1552,0
36,large_leak,0,4,2047,0
36,large_leak,0,5,2552,0
36,large_leak,0,6,3047,0
36,large_leak,0,7,3552,0
36,large_leak,0,8,4047,0
36,large_leak,0,9,4551,0
36,large_leak,0,10,5048,0
36,large_leak,0,11,5552,0
36,large_leak,0,12,6047,0
36,large_leak,0,13,6552,61
36,large_leak,0,14,7047,89
36,large_leak,0,15,7551,133
36,large_leak,0,16,8047,127
36,large_leak,0,17,8551,110
36,large_leak,0,18,9048,78
36,large_leak,0,19,9552,53
36,large_leak,0,20,10048,36
36,large_leak,0,21,10552,33
36,large_leak,0,22,11047,20
36,large_leak,0,23,11552,0
36,large_leak,0,24,12047,0
36,large_leak,0,25,12552,0
36,large_leak,0,26,13047,0
36,large_leak,0,27,13551,0
36,large_leak,0,28,14048,3
36,large_leak,0,29,14552,36
36,large_leak,0,30,15047,93
36,large_leak,0,31,15552,125
36,large_leak,0,32,16047,158
36,large_leak,0,33,16552,228
36,large_leak,0,34,17047,232
36,large_leak,0,35,17551,235
36,large_leak,0,36,18048,223
36,large_leak,0,37,18552,199
36,large_leak,0,38,19047,201
36,large_leak,0,39,19552,199
36,large_leak,0,40,20047,150
36,large_leak,0,41,20552,116
36,large_leak,0,42,21047,91
36,large_leak,0,43,21551,79
36,large_leak,0,44,22047,44
36,large_leak,0,45,22551,25
36,large_leak,0,46,23048,12
36,large_leak,0,47,23552,7
36,large_leak,0,48,24047,30
36,large_leak,0,49,24552,68
36,large_leak,0,50,25047,68
36,large_leak,0,51,25552,86
36,large_leak,0,52,26047,100
36,large_leak,0,53,26552,100
36,large_leak,0,54,27047,125
36,large_leak,0,55,27551,152
36,large_leak,0,56,28048,165
36,large_leak,0,57,28552,189
36,large_leak,0,58,29047,205
36,large_leak,0,59,29552,191
36,large_leak,0,60,30047,187
36,large_leak,0,61,30551,202
36,large_leak,0,62,31048,157
36,large_leak,0,63,31552,159
36,large_leak,0,64,32048,121
36,large_leak,0,65,32552,55
36,large_leak,0,66,33047,29
36,large_leak,0,67,33552,7
36,large_leak,0,68,34047,0
36,large_leak,0,69,34552,0
36,large_leak,0,70,35047,0
36,large_leak,0,71,35551,0
36,large_leak,0,72,36048,0
36,large_leak,0,73,36552,0
36,large_leak,0,74,37048,0
36,large_leak,0,75,37552,0
36,large_leak,0,76,38047,0
36,large_leak,0,77,38552,0
36,large_leak,0,78,39047,27
36,large_leak,0,79,39552,54
36,large_leak,0,80,40047,46
36,large_leak,0,81,40552,53
36,large_leak,0,82,41047,60
36,large_leak,0,83,41551,76
36,large_leak,0,84,42047,78
36,large_leak,0,85,42551,75
36,large_leak,0,86,43048,107
36,large_leak,0,87,43552,101
36,large_leak,0,88,44047,123
36,large_leak,0,89,44552,159
36,large_leak,0,90,45047,183
36,large_leak,0,91,45552,191
36,large_leak,0,92,46047,207
36,large_leak,0,93,46551,236
36,large_leak,0,94,47048,233
36,large_leak,0,95,47551,253
36,large_leak,0,96,48048,271
36,large_leak,0,97,48552,286
36,large_leak,0,98,49047,293
36,large_leak,0,99,49552,310
36,large_leak,0,100,50047,307
36,large_leak,0,101,50552,306
36,large_leak,0,102,51047,284
36,large_leak,0,103,51551,236
36,large_leak,0,104,52048,171
36,large_leak,0,105,52551,135
36,large_leak,0,106,53048,91
36,large_leak,0,107,53552,48
36,large_leak,0,108,54047,39
36,large_leak,0,109,54552,35
36,large_leak,0,110,55047,23
36,large_leak,0,111,55552,23
36,large_leak,0,112,56047,17
36,large_leak,0,113,56552,25
36,large_leak,0,114,57047,86
36,large_leak,0,115,57551,142
36,large_leak,0,116,58048,169
36,large_leak,0,117,58552,214
36,large_leak,0,118,59047,263
36,large_leak,0,119,59552,279
36,large_leak,0,120,60047,247
36,large_leak,0,121,60551,243
36,large_leak,0,122,61048,211
36,large_leak,0,123,61552,171
36,large_leak,0,124,62047,137
36,large_leak,0,125,62552,89
36,large_leak,0,126,63047,31
36,large_leak,0,127,63552,3
36,large_leak,0,128,64047,0
36,large_leak,0,129,64551,9
36,large_leak,0,130,65048,13
36,large_leak,0,131,65552,11
36,large_leak,0,132,66047,0
36,large_leak,0,133,66552,0
36,large_leak,0,134,67047,0
36,large_leak,0,135,67552,0
36,large_leak,0,136,68047,0
36,large_leak,0,137,68552,30
36,large_leak,0,138,69047,82
36,large_leak,0,139,69551,121
36,large_leak,0,140,70048,155
36,large_leak,0,141,70552,192
36,large_leak,0,142,71047,215
36,large_leak,0,143,71552,221
36,large_leak,0,144,72047,218
36,large_leak,0,145,72552,220
36,large_leak,0,146,73047,185
36,large_leak,0,147,73551,155
36,large_leak,0,148,74048,117
36,large_leak,0,149,74552,141
36,large_leak,0,150,75047,136
36,large_leak,0,151,75552,165
36,large_leak,0,152,76047,165
36,large_leak,0,153,76552,138
36,large_leak,0,154,77047,93
36,large_leak,0,155,77552,99
36,large_leak,0,156,78047,77
36,large_leak,0,157,78551,83
36,large_leak,0,158,79048,85
36,large_leak,0,159,79551,80
36,large_leak,0,160,80048,83
36,large_leak,0,161,80552,87
36,large_leak,0,162,81047,60
36,large_leak,0,163,81552,43
36,large_leak,0,164,82047,43
36,large_leak,0,165,82552,46
36,large_leak,0,166,83047,51
36,large_leak,0,167,83552,55
36,large_leak,0,168,84048,57
36,large_leak,0,169,84552,24
36,large_leak,0,170,85048,5
36,large_leak,0,171,85552,23
36,large_leak,0,172,86047,28
36,large_leak,0,173,86552,44
36,large_leak,0,174,87047,43
36,large_leak,0,175,87552,52
36,large_leak,0,176,88047,88
36,large_leak,0,177,88551,136
36,large_leak,0,178,89048,165
36,large_leak,0,179,89552,210
36,large_leak,0,180,90047,230
36,large_leak,0,181,90552,227
36,large_leak,0,182,91047,200
36,large_leak,0,183,91551,154
36,large_leak,0,184,92048,87
36,large_leak,0,185,92551,75
36,large_leak,0,186,93048,21
36,large_leak,0,187,93552,0
36,large_leak,0,188,94047,0
36,large_leak,0,189,94552,0
36,large_leak,0,190,95047,13
36,large_leak,0,191,95552,84
36,large_leak,0,192,96047,57
36,large_leak,0,193,96551,95
36,large_leak,0,194,97048,105
36,large_leak,0,195,97552,133
36,large_leak,0,196,98047,153
36,large_leak,0,197,98552,135
36,large_leak,0,198,99047,91
36,large_leak,0,199,99552,63
36,large_leak,0,200,100047,53
36,large_leak,0,201,100551,43
36,large_leak,0,202,101048,21
36,large_leak,0,203,101551,0
36,large_leak,0,204,102048,19
36,large_leak,0,205,102552,43
36,large_leak,0,206,103047,95
36,large_leak,0,207,103552,154
36,large_leak,0,208,104047,215
36,large_leak,0,209,104552,262
36,large_leak,0,210,105047,263
36,large_leak,0,211,105551,269
36,large_leak,0,212,106048,239
36,large_leak,0,213,106552,201
36,large_leak,0,214,107047,148
36,large_leak,0,215,107552,73
36,large_leak,0,216,108047,19
36,large_leak,0,217,108552,0
36,large_leak,0,218,109047,0
36,large_leak,0,219,109552,0
36,large_leak,0,220,110047,0
36,large_leak,0,221,110551,0
36,large_leak,0,222,111048,0
36,large_leak,0,223,111552,0
36,large_leak,0,224,112047,0
36,large_leak,0,225,112552,0
36,large_leak,0,226,113047,0
36,large_leak,0,227,113552,0
36,large_leak,0,228,114047,0
36,large_leak,0,229,114551,0
36,large_leak,0,230,115048,0
36,large_leak,0,231,115551,22
36,large_leak,0,232,116048,37
36,large_leak,0,233,116552,42
36,large_leak,0,234,117047,52
36,large_leak,0,235,117552,85
36,large_leak,0,236,118047,103
36,large_leak,0,237,118552,119
36,large_leak,0,238,119047,139
36,large_leak,0,239,119551,154
36,large_leak,0,240,120048,173
36,large_leak,0,241,120552,171
36,large_leak,0,242,121047,134
36,large_leak,0,243,121552,91
36,large_leak,0,244,122047,57
36,large_leak,0,245,122552,40
36,large_leak,0,246,123047,18
36,large_leak,0,247,123551,3
36,large_leak,0,248,124048,0
36,large_leak,0,249,124552,2
36,large_leak,0,250,125047,2
36,large_leak,0,251,125552,27
36,large_leak,0,252,126047,46
36,large_leak,0,253,126552,84
36,large_leak,0,254,127047,119
36,large_leak,0,255,127551,140
36,large_leak,0,256,128048,134
36,large_leak,0,257,128552,123
36,large_leak,0,258,129047,123
36,large_leak,0,259,129552,98
36,large_leak,0,260,130047,41
36,large_leak,0,261,130552,6
36,large_leak,0,262,131047,0
36,large_leak,0,263,131551,0
36,large_leak,0,264,132047,0
36,large_leak,0,265,132551,0
36,large_leak,0,266,133048,0
36,large_leak,0,267,133552,0
36,large_leak,0,268,134047,0
36,large_leak,0,269,134552,75
36,large_leak,0,270,135047,107
36,large_leak,0,271,135551,159
36,large_leak,0,272,136048,217
36,large_leak,0,273,136552,252
36,large_leak,0,274,137047,244
36,large_leak,0,275,137552,249
36,large_leak,0,276,138047,245
36,large_leak,0,277,138552,221
36,large_leak,0,278,139047,199
36,large_leak,0,279,139552,153
36,large_leak,0,280,140047,91
36,large_leak,0,281,140551,70
36,large_leak,0,282,141048,83
36,large_leak,0,283,141552,73
36,large_leak,0,284,142047,37
36,large_leak,0,285,142552,10
36,large_leak,0,286,143047,29
36,large_leak,0,287,143552,53
36,large_leak,0,288,144047,55
36,large_leak,0,289,144551,73
36,large_leak,0,290,145048,81
36,large_leak,0,291,145552,95
36,large_leak,0,292,146048,126
36,large_leak,0,293,146552,127
36,large_leak,0,294,147047,121
36,large_leak,0,295,147552,149
36,large_leak,0,296,148047,159
36,large_leak,0,297,148552,157
36,large_leak,0,298,149047,160
36,large_leak,0,299,149551,184
36,large_leak,0,300,150048,188
36,large_leak,0,301,150552,181
36,large_leak,0,302,151047,157
36,large_leak,0,303,151552,136
36,large_leak,0,304,152047,127
36,large_leak,0,305,152552,123
36,large_leak,0,306,153047,109
36,large_leak,0,307,153551,105
36,large_leak,0,308,154048,115
36,large_leak,0,309,154552,123
36,large_leak,0,310,155047,116
36,large_leak,0,311,155552,116
36,large_leak,0,312,156047,98
36,large_leak,0,313,156552,92
36,large_leak,0,314,157047,76
36,large_leak,0,315,157551,51
36,large_leak,0,316,158048,52
36,large_leak,0,317,158552,37
36,large_leak,0,318,159047,14
36,large_leak,0,319,159552,31
36,large_leak,0,320,160047,40
36,large_leak,0,321,160551,39
36,large_leak,0,322,161048,59
36,large_leak,0,323,161551,72
36,large_leak,0,324,162048,79
36,large_leak,0,325,162552,114
36,large_leak,0,326,163047,124
36,large_leak,0,327,163552,143
36,large_leak,0,328,164047,160
36,large_leak,0,329,164552,181
36,large_leak,0,330,165047,217
36,large_leak,0,331,165551,269
36,large_leak,0,332,166048,297
36,large_leak,0,333,166552,286
36,large_leak,0,334,167047,270
36,large_leak,0,335,167552,240
36,large_leak,0,336,168047,187
36,large_leak,0,337,168551,167
36,large_leak,0,338,169048,165
36,large_leak,0,339,169552,165
36,large_leak,0,340,170048,154
36,large_leak,0,341,170552,168
36,large_leak,0,342,171047,185
36,large_leak,0,343,171552,199
36,large_leak,0,344,172047,201
36,large_leak,0,345,172552,215
36,large_leak,0,346,173048,219
36,large_leak,0,347,173551,223
36,large_leak,0,348,174048,186
36,large_leak,0,349,174552,168
36,large_leak,0,350,175047,153
36,large_leak,0,351,175552,137
36,large_leak,0,352,176047,108
36,large_leak,0,353,176552,86
36,large_leak,0,354,177047,67
36,large_leak,0,355,177551,68
36,large_leak,0,356,178048,56
36,large_leak,0,357,178552,19
36,large_leak,0,358,179047,0
36,large_leak,0,359,179552,0
36,large_leak,0,360,180047,0
36,large_leak,0,361,180552,0
36,large_leak,0,362,181047,0
36,large_leak,0,363,181552,0
36,large_leak,0,364,182047,0
36,large_leak,0,365,182551,0
36,large_leak,0,366,183048,0
36,large_leak,0,367,183552,0
36,large_leak,0,368,184047,0
36,large_leak,0,369,184552,0
36,large_leak,0,370,185047,92
36,large_leak,0,371,185552,135
36,large_leak,0,372,186047,169
36,large_leak,0,373,186551,173
36,large_leak,0,374,187048,199
36,large_leak,0,375,187552,205
36,large_leak,0,376,188047,165
36,large_leak,0,377,188552,109
36,large_leak,0,378,189047,61
36,large_leak,0,379,189552,31
36,large_leak,0,380,190047,4
36,large_leak,0,381,190551,0
36,large_leak,0,382,191048,0
36,large_leak,0,383,191551,0
36,large_leak,0,384,192048,0
36,large_leak,0,385,192552,0
36,large_leak,0,386,193047,0
36,large_leak,0,387,193552,0
36,large_leak,0,388,194047,0
36,large_leak,0,389,194552,11
36,large_leak,0,390,195047,3
36,large_leak,0,391,195551,38
36,large_leak,0,392,196048,41
36,large_leak,0,393,196552,27
36,large_leak,0,394,197047,17
36,large_leak,0,395,197552,11
36,large_leak,0,396,198047,0
36,large_leak,0,397,198551,0
36,large_leak,0,398,199048,0
36,large_leak,0,399,199551,0
36,large_leak,0,400,200048,0
36,large_leak,0,401,200552,0
36,large_leak,0,402,201047,0
36,large_leak,0,403,201552,0
36,large_leak,0,404,202047,0
36,large_leak,0,405,202552,0
36,large_leak,0,406,203047,35
36,large_leak,0,407,203551,85
36,large_leak,0,408,204048,149
36,large_leak,0,409,204552,201
36,large_leak,0,410,205047,236
36,large_leak,0,411,205552,230
36,large_leak,0,412,206047,212
36,large_leak,0,413,206552,185
36,large_leak,0,414,207047,143
36,large_leak,0,415,207551,117
36,large_leak,0,416,208048,87
36,large_leak,0,417,208552,40
36,large_leak,0,418,209048,20
36,large_leak,0,419,209552,18
36,large_leak,0,420,210047,4
36,large_leak,0,421,210552,0
36,large_leak,0,422,211047,0
36,large_leak,0,423,211552,0
36,large_leak,0,424,212047,21
36,large_leak,0,425,212551,45
36,large_leak,0,426,213048,75
36,large_leak,0,427,213552,99
36,large_leak,0,428,214048,122
36,large_leak,0,429,214552,138
36,large_leak,0,430,215047,124
36,large_leak,0,431,215552,110
36,large_leak,0,432,216047,76
36,large_leak,0,433,216552,50
36,large_leak,0,434,217047,29
36,large_leak,0,435,217551,13
36,large_leak,0,436,218048,0
36,large_leak,0,437,218552,0
36,large_leak,0,438,219047,0
36,large_leak,0,439,219552,0
36,large_leak,0,440,220047,0
36,large_leak,0,441,220552,3
36,large_leak,0,442,221047,0
36,large_leak,0,443,221551,0
36,large_leak,0,444,222048,9
36,large_leak,0,445,222552,0
36,large_leak,0,446,223047,9
36,large_leak,0,447,223552,12
36,large_leak,0,448,224047,7
36,large_leak,0,449,224552,0
36,large_leak,0,450,225047,3
36,large_leak,0,451,225551,10
36,large_leak,0,452,226048,19
36,large_leak,0,453,226552,58
36,large_leak,0,454,227047,90
36,large_leak,0,455,227552,108
36,large_leak,0,456,228047,139
36,large_leak,0,457,228552,147
36,large_leak,0,458,229047,166
36,large_leak,0,459,229552,168
36,large_leak,0,460,230047,159
36,large_leak,0,461,230551,141
36,large_leak,0,462,231048,139
36,large_leak,0,463,231552,147
36,large_leak,0,464,232047,152
36,large_leak,0,465,232552,179
36,large_leak,0,466,233047,215
36,large_leak,0,467,233552,230
36,large_leak,0,468,234047,235
36,large_leak,0,469,234551,247
36,large_leak,0,470,235048,243
36,large_leak,0,471,235552,237
36,large_leak,0,472,236047,197
36,large_leak,0,473,236552,146
36,large_leak,0,474,237047,93
36,large_leak,0,475,237552,59
36,large_leak,0,476,238047,40
36,large_leak,0,477,238552,11
36,large_leak,0,478,239047,0
36,large_leak,0,479,239552,0
36,large_leak,0,480,240048,0
36,large_leak,0,481,240551,0
36,large_leak,0,482,241048,0
36,large_leak,0,483,241552,0
36,large_leak,0,484,242047,0
36,large_leak,0,485,242552,0
36,large_leak,0,486,243047,51
36,large_leak,0,487,243552,100
36,large_leak,0,488,244047,155
36,large_leak,0,489,244552,189
36,large_leak,0,490,245047,211
36,large_leak,0,491,245551,197
36,large_leak,0,492,246048,158
36,large_leak,0,493,246552,137
36,large_leak,0,494,247048,100
36,large_leak,0,495,247552,92
36,large_leak,0,496,248047,75
36,large_leak,0,497,248552,41
36,large_leak,0,498,249047,47
36,large_leak,0,499,249551,89
36,large_leak,0,500,250048,123
36,large_leak,0,501,250552,133
36,large_leak,0,502,251048,124
36,large_leak,0,503,251552,153
36,large_leak,0,504,252047,143
36,large_leak,0,505,252552,103
36,large_leak,0,506,253047,58
36,large_leak,0,507,253552,40
36,large_leak,0,508,254047,20
36,large_leak,0,509,254551,1
36,large_leak,0,510,255048,0
36,large_leak,0,511,255552,0
36,large_leak,0,512,256048,0
36,large_leak,0,513,256552,0
36,large_leak,0,514,257047,0
36,large_leak,0,515,257552,76
36,large_leak,0,516,258047,119
36,large_leak,0,517,258551,155
36,large_leak,0,518,259047,205
36,large_leak,0,519,259551,287
36,large_leak,0,520,260048,311
36,large_leak,0,521,260552,329
36,large_leak,0,522,261047,327
36,large_leak,0,523,261552,301
36,large_leak,0,524,262047,267
36,large_leak,0,525,262552,235
36,large_leak,0,526,263047,201
36,large_leak,0,527,263551,147
36,large_leak,0,528,264048,105
36,large_leak,0,529,264552,95
36,large_leak,0,530,265047,95
36,large_leak,0,531,265552,75
36,large_leak,0,532,266047,37
36,large_leak,0,533,266552,24
36,large_leak,0,534,267047,29
36,large_leak,0,535,267551,25
36,large_leak,0,536,268048,79
36,large_leak,0,537,268552,115
36,large_leak,0,538,269047,109
36,large_leak,0,539,269552,123
36,large_leak,0,540,270047,140
36,large_leak,0,541,270552,141
36,large_leak,0,542,271047,117
36,large_leak,0,543,271551,133
36,large_leak,0,544,272048,131
36,large_leak,0,545,272552,132
36,large_leak,0,546,273047,135
36,large_leak,0,547,273552,127
36,large_leak,0,548,274047,100
36,large_leak,0,549,274552,87
36,large_leak,0,550,275047,69
36,large_leak,0,551,275551,37
36,large_leak,0,552,276048,5
36,large_leak,0,553,276552,0
36,large_leak,0,554,277047,0
36,large_leak,0,555,277552,0
36,large_leak,0,556,278047,0
36,large_leak,0,557,278552,45
36,large_leak,0,558,279048,79
36,large_leak,0,559,279552,99
36,large_leak,0,560,280048,107
36,large_leak,0,561,280552,137
36,large_leak,0,562,281047,137
36,large_leak,0,563,281552,124
36,large_leak,0,564,282047,101
36,large_leak,0,565,282552,71
36,large_leak,0,566,283047,53
36,large_leak,0,567,283551,51
36,large_leak,0,568,284048,46
36,large_leak,0,569,284552,60
36,large_leak,0,570,285047,90
36,large_leak,0,571,285552,117
36,large_leak,0,572,286047,158
36,large_leak,0,573,286552,171
36,large_leak,0,574,287047,175
36,large_leak,0,575,287551,184
36,large_leak,0,576,288048,181
36,large_leak,0,577,288551,192
36,large_leak,0,578,289048,217
36,large_leak,0,579,289552,201
36,large_leak,0,580,290047,184
36,large_leak,0,581,290552,159
36,large_leak,0,582,291047,101
36,large_leak,0,583,291552,61
36,large_leak,0,584,292047,52
36,large_leak,0,585,292552,59
36,large_leak,0,586,293047,89
36,large_leak,0,587,293551,109
36,large_leak,0,588,294048,125
36,large_leak,0,589,294552,107
36,large_leak,0,590,295047,106
36,large_leak,0,591,295552,101
36,large_leak,0,592,296047,76
36,large_leak,0,593,296551,53
36,large_leak,0,594,297048,37
36,large_leak,0,595,297551,37
36,large_leak,0,596,298048,77
36,large_leak,0,597,298552,94
36,large_leak,0,598,299047,111
36,large_leak,0,599,299552,135
36,large_leak,0,600,300047,138
36,large_leak,0,601,300551,167
36,large_leak,0,602,301048,159
36,large_leak,0,603,301552,149
36,large_leak,0,604,302048,146
36,large_leak,0,605,302552,123
36,large_leak,0,606,303047,110
36,large_leak,0,607,303552,125
36,large_leak,0,608,304047,139
36,large_leak,0,609,304551,156
36,large_leak,0,610,305047,164
36,large_leak,0,611,305551,165
36,large_leak,0,612,306048,163
36,large_leak,0,613,306552,159
36,large_leak,0,614,307047,163
36,large_leak,0,615,307552,155
36,large_leak,0,616,308047,137
36,large_leak,0,617,308552,136
36,large_leak,0,618,309047,147
36,large_leak,0,619,309551,173
36,large_leak,0,620,310048,188
36,large_leak,0,621,310552,186
36,large_leak,0,622,311047,165
36,large_leak,0,623,311552,127
36,large_leak,0,624,312047,75
36,large_leak,0,625,312552,33
36,large_leak,0,626,313047,3
36,large_leak,0,627,313551,0
36,large_leak,0,628,314048,0
36,large_leak,0,629,314552,0
36,large_leak,0,630,315047,0
36,large_leak,0,631,315552,0
36,large_leak,0,632,316047,0
36,large_leak,0,633,316552,0
36,large_leak,0,634,317047,59
36,large_leak,0,635,317552,117
36,large_leak,0,636,318048,151
36,large_leak,0,637,318551,165
36,large_leak,0,638,319048,155
36,large_leak,0,639,319552,136
36,large_leak,0,640,320047,133
36,large_leak,0,641,320552,111
36,large_leak,0,642,321047,72
36,large_leak,0,643,321551,41
36,large_leak,0,644,322048,17
36,large_leak,0,645,322552,20
36,large_leak,0,646,323047,11
36,large_leak,0,647,323552,7
36,large_leak,0,648,324047,3
36,large_leak,0,649,324552,5
36,large_leak,0,650,325047,0
36,large_leak,0,651,325552,0
36,large_leak,0,652,326047,2
36,large_leak,0,653,326551,0
36,large_leak,0,654,327048,51
36,large_leak,0,655,327552,73
36,large_leak,0,656,328047,87
36,large_leak,0,657,328552,77
36,large_leak,0,658,329047,59
36,large_leak,0,659,329551,71
36,large_leak,0,660,330048,99
36,large_leak,0,661,330552,134
36,large_leak,0,662,331047,139
36,large_leak,0,663,331552,149
36,large_leak,0,664,332047,186
36,large_leak,0,665,332552,215
36,large_leak,0,666,333047,206
36,large_leak,0,667,333552,205
36,large_leak,0,668,334047,201
36,large_leak,0,669,334551,200
36,large_leak,0,670,335048,179
36,large_leak,0,671,335552,169
36,large_leak,0,672,336047,155
36,large_leak,0,673,336552,153
36,large_leak,0,674,337047,151
36,large_leak,0,675,337552,135
36,large_leak,0,676,338047,95
36,large_leak,0,677,338552,72
36,large_leak,0,678,339047,73
36,large_leak,0,679,339551,55
36,large_leak,0,680,340048,53
36,large_leak,0,681,340552,75
36,large_leak,0,682,341047,85
36,large_leak,0,683,341552,92
36,large_leak,0,684,342047,99
36,large_leak,0,685,342551,104
36,large_leak,0,686,343048,106
36,large_leak,0,687,343552,108
36,large_leak,0,688,344048,102
36,large_leak,0,689,344552,106
36,large_leak,0,690,345047,91
36,large_leak,0,691,345552,94
36,large_leak,0,692,346047,117
36,large_leak,0,693,346552,125
36,large_leak,0,694,347047,111
36,large_leak,0,695,347551,89
36,large_leak,0,696,348048,77
36,large_leak,0,697,348551,73
36,large_leak,0,698,349048,69
36,large_leak,0,699,349552,63
36,large_leak,0,700,350047,46
36,large_leak,0,701,350552,40
36,large_leak,0,702,351047,25
36,large_leak,0,703,351552,73
36,large_leak,0,704,352047,93
36,large_leak,0,705,352551,111
36,large_leak,0,706,353048,132
36,large_leak,0,707,353552,163
36,large_leak,0,708,354047,183
36,large_leak,0,709,354552,216
36,large_leak,0,710,355047,204
36,large_leak,0,711,355552,175
36,large_leak,0,712,356047,126
36,large_leak,0,713,356551,87
36,large_leak,0,714,357048,61
36,large_leak,0,715,357552,93
36,large_leak,0,716,358047,101
36,large_leak,0,717,358552,86
36,large_leak,0,718,359047,56
36,large_leak,0,719,359552,63
36,large_leak,0,720,360047,82
36,large_leak,0,721,360552,89
36,large_leak,0,722,361047,88
36,large_leak,0,723,361551,83
36,large_leak,0,724,362048,99
36,large_leak,0,725,362552,118
36,large_leak,0,726,363047,123
36,large_leak,0,727,363552,111
36,large_leak,0,728,364047,93
36,large_leak,0,729,364552,55
36,large_leak,0,730,365047,23
36,large_leak,0,731,365552,12
36,large_leak,0,732,366047,0
36,large_leak,0,733,366551,0
36,large_leak,0,734,367048,0
36,large_leak,0,735,367552,0
36,large_leak,0,736,368047,0
36,large_leak,0,737,368552,0
36,large_leak,0,738,369047,0
36,large_leak,0,739,369551,0
36,large_leak,0,740,370048,0
36,large_leak,0,741,370551,13
36,large_leak,0,742,371048,72
36,large_leak,0,743,371552,149
36,large_leak,0,744,372047,183
36,large_leak,0,745,372552,205
36,large_leak,0,746,373047,224
36,large_leak,0,747,373552,187
36,large_leak,0,748,374047,164
36,large_leak,0,749,374551,165
36,large_leak,0,750,375048,147
36,large_leak,0,751,375552,123
36,large_leak,0,752,376047,115
36,large_leak,0,753,376552,118
36,large_leak,0,754,377047,141
36,large_leak,0,755,377552,173
36,large_leak,0,756,378047,188
36,large_leak,0,757,378551,235
36,large_leak,0,758,379048,269
36,large_leak,0,759,379551,271
36,large_leak,0,760,380048,259
36,large_leak,0,761,380552,240
36,large_leak,0,762,381047,199
36,large_leak,0,763,381552,125
36,large_leak,0,764,382047,91
36,large_leak,0,765,382552,53
36,large_leak,0,766,383047,63
36,large_leak,0,767,383551,60
36,large_leak,0,768,384048,47
36,large_leak,0,769,384552,81
36,large_leak,0,770,385048,68
36,large_leak,0,771,385552,78
36,large_leak,0,772,386047,121
36,large_leak,0,773,386552,136
36,large_leak,0,774,387047,140
36,large_leak,0,775,387552,168
36,large_leak,0,776,388047,202
36,large_leak,0,777,388552,211
36,large_leak,0,778,389047,222
36,large_leak,0,779,389551,217
36,large_leak,0,780,390048,204
36,large_leak,0,781,390552,214
36,large_leak,0,782,391047,205
36,large_leak,0,783,391552,182
36,large_leak,0,784,392047,125
36,large_leak,0,785,392552,101
36,large_leak,0,786,393047,111
36,large_leak,0,787,393552,141
36,large_leak,0,788,394047,147
36,large_leak,0,789,394551,139
36,large_leak,0,790,395048,107
36,large_leak,0,791,395551,84
36,large_leak,0,792,396048,73
36,large_leak,0,793,396552,79
36,large_leak,0,794,397047,71
36,large_leak,0,795,397552,52
36,large_leak,0,796,398047,19
36,large_leak,0,797,398551,0
36,large_leak,0,798,399047,0
36,large_leak,0,799,399551,0
36,large_leak,0,800,400048,0
36,large_leak,0,801,400552,0
36,large_leak,0,802,401047,0
36,large_leak,0,803,401552,20
36,large_leak,0,804,402047,44
36,large_leak,0,805,402552,78
36,large_leak,0,806,403047,105
36,large_leak,0,807,403551,112
36,large_leak,0,808,404048,93
36,large_leak,0,809,404552,53
36,large_leak,0,810,405047,10
36,large_leak,0,811,405552,0
36,large_leak,0,812,406047,0
36,large_leak,0,813,406552,0
36,large_leak,0,814,407047,0
36,large_leak,0,815,407551,0
36,large_leak,0,816,408048,0
36,large_leak,0,817,408552,45
36,large_leak,0,818,409047,94
36,large_leak,0,819,409552,157
36,large_leak,0,820,410047,154
36,large_leak,0,821,410552,170
36,large_leak,0,822,411047,168
36,large_leak,0,823,411551,123
36,large_leak,0,824,412047,75
36,large_leak,0,825,412551,21
36,large_leak,0,826,413048,0
36,large_leak,0,827,413552,0
36,large_leak,0,828,414047,0
36,large_leak,0,829,414552,0
36,large_leak,0,830,415047,0
36,large_leak,0,831,415552,1
36,large_leak,0,832,416047,44
36,large_leak,0,833,416551,91
36,large_leak,0,834,417048,147
36,large_leak,0,835,417551,191
36,large_leak,0,836,418048,214
36,large_leak,0,837,418552,240
36,large_leak,0,838,419047,261
36,large_leak,0,839,419552,251
36,large_leak,0,840,420047,244
36,large_leak,0,841,420552,205
36,large_leak,0,842,421047,153
36,large_leak,0,843,421551,117
36,large_leak,0,844,422048,73
36,large_leak,0,845,422552,41
36,large_leak,0,846,423047,23
36,large_leak,0,847,423552,29
36,large_leak,0,848,424047,29
36,large_leak,0,849,424552,25
36,large_leak,0,850,425047,26
36,large_leak,0,851,425551,45
36,large_leak,0,852,426048,38
36,large_leak,0,853,426552,25
36,large_leak,0,854,427047,7
36,large_leak,0,855,427552,0
36,large_leak,0,856,428047,0
36,large_leak,0,857,428552,0
36,large_leak,0,858,429047,0
36,large_leak,0,859,429551,0
36,large_leak,0,860,430048,0
36,large_leak,0,861,430551,0
36,large_leak,0,862,431048,0
36,large_leak,0,863,431552,0
36,large_leak,0,864,432047,0
36,large_leak,0,865,432552,37
36,large_leak,0,866,433047,60
36,large_leak,0,867,433552,103
36,large_leak,0,868,434047,103
36,large_leak,0,869,434552,91
36,large_leak,0,870,435048,110
36,large_leak,0,871,435552,115
36,large_leak,0,872,436048,105
36,large_leak,0,873,436552,93
36,large_leak,0,874,437047,77
36,large_leak,0,875,437552,61
36,large_leak,0,876,438047,56
36,large_leak,0,877,438552,51
36,large_leak,0,878,439047,43
36,large_leak,0,879,439551,48
36,large_leak,0,880,440048,47
36,large_leak,0,881,440552,38
36,large_leak,0,882,441047,31
36,large_leak,0,883,441552,55
36,large_leak,0,884,442047,77
36,large_leak,0,885,442551,93
36,large_leak,0,886,443048,100
36,large_leak,0,887,443552,99
36,large_leak,0,888,444047,107
36,large_leak,0,889,444552,122
36,large_leak,0,890,445047,139
36,large_leak,0,891,445552,152
36,large_leak,0,892,446047,156
36,large_leak,0,893,446551,169
36,large_leak,0,894,447048,166
36,large_leak,0,895,447552,149
36,large_leak,0,896,448047,103
36,large_leak,0,897,448552,83
36,large_leak,0,898,449047,68
36,large_leak,0,899,449552,59
36,large_leak,0,900,450047,36
36,large_leak,0,901,450551,19
36,large_leak,0,902,451048,3
36,large_leak,0,903,451551,23
36,large_leak,0,904,452048,29
36,large_leak,0,905,452552,45
36,large_leak,0,906,453047,77
36,large_leak,0,907,453552,103
36,large_leak,0,908,454047,111
36,large_leak,0,909,454551,121
36,large_leak,0,910,455047,133
36,large_leak,0,911,455551,120
36,large_leak,0,912,456048,121
36,large_leak,0,913,456552,99
36,large_leak,0,914,457047,69
36,large_leak,0,915,457552,59
36,large_leak,0,916,458047,59
36,large_leak,0,917,458552,49
36,large_leak,0,918,459047,53
36,large_leak,0,919,459551,54
36,large_leak,0,920,460048,27
36,large_leak,0,921,460552,19
36,large_leak,0,922,461047,0
36,large_leak,0,923,461552,0
36,large_leak,0,924,462047,0
36,large_leak,0,925,462552,0
36,large_leak,0,926,463047,0
36,large_leak,0,927,463551,0
36,large_leak,0,928,464048,0
36,large_leak,0,929,464552,0
36,large_leak,0,930,465047,0
36,large_leak,0,931,465552,47
36,large_leak,0,932,466047,63
36,large_leak,0,933,466552,93
36,large_leak,0,934,467047,117
36,large_leak,0,935,467552,117
36,large_leak,0,936,468047,111
36,large_leak,0,937,468551,137
36,large_leak,0,938,469048,139
36,large_leak,0,939,469551,115
36,large_leak,0,940,470048,71
36,large_leak,0,941,470552,43
36,large_leak,0,942,471047,33
36,large_leak,0,943,471552,23
36,large_leak,0,944,472047,22
36,large_leak,0,945,472551,13
36,large_leak,0,946,473047,19
36,large_leak,0,947,473551,52
36,large_leak,0,948,474048,77
36,large_leak,0,949,474552,101
36,large_leak,0,950,475047,119
36,large_leak,0,951,475552,137
36,large_leak,0,952,476047,153
36,large_leak,0,953,476551,163
36,large_leak,0,954,477048,168
36,large_leak,0,955,477551,163
36,large_leak,0,956,478048,149
36,large_leak,0,957,478552,153
36,large_leak,0,958,479047,168
36,large_leak,0,959,479552,174
36,large_leak,0,960,480047,175
36,large_leak,0,961,480552,173
36,large_leak,0,962,481047,165
36,large_leak,0,963,481551,148
36,large_leak,0,964,482048,127
36,large_leak,0,965,482552,117
36,large_leak,0,966,483047,134
36,large_leak,0,967,483552,139
36,large_leak,0,968,484047,121
36,large_leak,0,969,484551,89
36,large_leak,0,970,485048,39
36,large_leak,0,971,485552,38
36,large_leak,0,972,486047,25
36,large_leak,0,973,486552,29
36,large_leak,0,974,487047,23
36,large_leak,0,975,487552,53
36,large_leak,0,976,488047,73
36,large_leak,0,977,488552,109
36,large_leak,0,978,489047,122
36,large_leak,0,979,489551,121
36,large_leak,0,980,490048,133
36,large_leak,0,981,490551,169
36,large_leak,0,982,491048,189
36,large_leak,0,983,491552,216
36,large_leak,0,984,492047,243
36,large_leak,0,985,492552,253
36,large_leak,0,986,493047,247
36,large_leak,0,987,493552,219
36,large_leak,0,988,494047,175
36,large_leak,0,989,494551,117
36,large_leak,0,990,495048,79
36,large_leak,0,991,495552,53
36,large_leak,0,992,496047,30
36,large_leak,0,993,496552,37
36,large_leak,0,994,497047,42
36,large_leak,0,995,497552,23
36,large_leak,0,996,498047,31
36,large_leak,0,997,498551,57
36,large_leak,0,998,499048,68
36,large_leak,0,999,499552,104
36,large_leak,0,1000,500047,105
36,large_leak,0,1001,500552,123
36,large_leak,0,1002,501047,121
36,large_leak,0,1003,501552,119
36,large_leak,0,1004,502047,118
36,large_leak,0,1005,502551,103
36,large_leak,0,1006,503048,83
36,large_leak,0,1007,503552,73
36,large_leak,0,1008,504047,53
36,large_leak,0,1009,504552,46
36,large_leak,0,1010,505047,47
36,large_leak,0,1011,505552,39
36,large_leak,0,1012,506047,12
36,large_leak,0,1013,506551,0
36,large_leak,0,1014,507048,0
36,large_leak,0,1015,507552,0
36,large_leak,0,1016,508048,0
36,large_leak,0,1017,508552,0
36,large_leak,0,1018,509047,0
36,large_leak,0,1019,509552,6
36,large_leak,0,1020,510047,31
36,large_leak,0,1021,510552,53
36,large_leak,0,1022,511047,42
36,large_leak,0,1023,511551,43
36,large_leak,0,1024,512048,75
36,large_leak,0,1025,512552,69
36,large_leak,0,1026,513047,57
36,large_leak,0,1027,513552,37
36,large_leak,0,1028,514047,21
36,large_leak,0,1029,514552,8
36,large_leak,0,1030,515048,21
36,large_leak,0,1031,515552,33
36,large_leak,0,1032,516047,43
36,large_leak,0,1033,516552,53
36,large_leak,0,1034,517047,77
36,large_leak,0,1035,517552,72
36,large_leak,0,1036,518047,63
36,large_leak,0,1037,518552,73
36,large_leak,0,1038,519047,45
36,large_leak,0,1039,519551,21
36,large_leak,0,1040,520048,6
36,large_leak,0,1041,520552,0
36,large_leak,0,1042,521047,0
36,large_leak,0,1043,521552,0
36,large_leak,0,1044,522047,0
36,large_leak,0,1045,522552,0
36,large_leak,0,1046,523047,0
36,large_leak,0,1047,523552,20
36,large_leak,0,1048,524047,61
36,large_leak,0,1049,524551,87
36,large_leak,0,1050,525048,111
36,large_leak,0,1051,525552,141
36,large_leak,0,1052,526047,153
36,large_leak,0,1053,526552,149
36,large_leak,0,1054,527047,147
36,large_leak,0,1055,527552,147
36,large_leak,0,1056,528047,159
36,large_leak,0,1057,528551,184
36,large_leak,0,1058,529047,184
36,large_leak,0,1059,529551,167
36,large_leak,0,1060,530048,142
36,large_leak,0,1061,530552,135
36,large_leak,0,1062,531047,121
36,large_leak,0,1063,531552,105
36,large_leak,0,1064,532047,68
36,large_leak,0,1065,532552,42
36,large_leak,0,1066,533048,43
36,large_leak,0,1067,533551,35
36,large_leak,0,1068,534048,22
36,large_leak,0,1069,534552,12
36,large_leak,0,1070,535047,21
36,large_leak,0,1071,535552,31
36,large_leak,0,1072,536047,31
36,large_leak,0,1073,536552,46
36,large_leak,0,1074,537047,63
36,large_leak,0,1075,537551,101
36,large_leak,0,1076,538048,85
36,large_leak,0,1077,538552,99
36,large_leak,0,1078,539047,87
36,large_leak,0,1079,539552,63
36,large_leak,0,1080,540047,48
36,large_leak,0,1081,540552,35
36,large_leak,0,1082,541047,26
36,large_leak,0,1083,541552,55
36,large_leak,0,1084,542048,51
36,large_leak,0,1085,542551,53
36,large_leak,0,1086,543048,59
36,large_leak,0,1087,543552,61
36,large_leak,0,1088,544047,56
36,large_leak,0,1089,544552,31
36,large_leak,0,1090,545047,3
36,large_leak,0,1091,545552,0
36,large_leak,0,1092,546047,0
36,large_leak,0,1093,546552,0
36,large_leak,0,1094,547048,0
36,large_leak,0,1095,547551,0
36,large_leak,0,1096,548048,0
36,large_leak,0,1097,548552,0
36,large_leak,0,1098,549047,74
36,large_leak,0,1099,549552,105
36,large_leak,0,1100,550047,119
36,large_leak,0,1101,550551,137
36,large_leak,0,1102,551048,169
36,large_leak,0,1103,551551,218
36,large_leak,0,1104,552048,252
36,large_leak,0,1105,552552,253
36,large_leak,0,1106,553047,236
36,large_leak,0,1107,553552,247
36,large_leak,0,1108,554047,247
36,large_leak,0,1109,554552,244
36,large_leak,0,1110,555047,219
36,large_leak,0,1111,555551,191
36,large_leak,0,1112,556048,158
36,large_leak,0,1113,556552,141
36,large_leak,0,1114,557047,108
36,large_leak,0,1115,557552,75
36,large_leak,0,1116,558047,63
36,large_leak,0,1117,558552,72
36,large_leak,0,1118,559047,89
36,large_leak,0,1119,559552,115
36,large_leak,0,1120,560047,141
36,large_leak,0,1121,560551,133
36,large_leak,0,1122,561048,124
36,large_leak,0,1123,561552,123
36,large_leak,0,1124,562047,118
36,large_leak,0,1125,562552,111
36,large_leak,0,1126,563047,86
36,large_leak,0,1127,563551,54
36,large_leak,0,1128,564048,39
36,large_leak,0,1129,564551,7
36,large_leak,0,1130,565048,0
36,large_leak,0,1131,565552,0
36,large_leak,0,1132,566047,0
36,large_leak,0,1133,566552,0
36,large_leak,0,1134,567047,0
36,large_leak,0,1135,567552,0
36,large_leak,0,1136,568047,0
36,large_leak,0,1137,568551,0
36,large_leak,0,1138,569048,10
36,large_leak,0,1139,569552,39
36,large_leak,0,1140,570047,71
36,large_leak,0,1141,570552,87
36,large_leak,0,1142,571047,77
36,large_leak,0,1143,571552,52
36,large_leak,0,1144,572047,54
36,large_leak,0,1145,572551,17
36,large_leak,0,1146,573047,5
36,large_leak,0,1147,573551,27
36,large_leak,0,1148,574048,39
36,large_leak,0,1149,574552,46
36,large_leak,0,1150,575047,71
36,large_leak,0,1151,575552,105
36,large_leak,0,1152,576047,135
36,large_leak,0,1153,576552,136
36,large_leak,0,1154,577047,153
36,large_leak,0,1155,577551,212
36,large_leak,0,1156,578048,235
36,large_leak,0,1157,578552,232
36,large_leak,0,1158,579047,223
36,large_leak,0,1159,579552,179
36,large_leak,0,1160,580047,135
36,large_leak,0,1161,580551,123
36,large_leak,0,1162,581048,103
36,large_leak,0,1163,581552,83
36,large_leak,0,1164,582047,91
36,large_leak,0,1165,582552,79
36,large_leak,0,1166,583047,72
36,large_leak,0,1167,583552,77
36,large_leak,0,1168,584047,77
36,large_leak,0,1169,584551,71
36,large_leak,0,1170,585048,89
36,large_leak,0,1171,585552,117
36,large_leak,0,1172,586047,159
36,large_leak,0,1173,586552,199
36,large_leak,0,1174,587047,225
36,large_leak,0,1175,587552,244
36,large_leak,0,1176,588047,249
36,large_leak,0,1177,588551,244
36,large_leak,0,1178,589048,231
36,large_leak,0,1179,589552,209
36,large_leak,0,1180,590047,191
36,large_leak,0,1181,590552,185
36,large_leak,0,1182,591047,167
36,large_leak,0,1183,591552,145
36,large_leak,0,1184,592047,120
36,large_leak,0,1185,592552,90
36,large_leak,0,1186,593047,53
36,large_leak,0,1187,593551,23
36,large_leak,0,1188,594048,4
36,large_leak,0,1189,594552,0
36,large_leak,0,1190,595047,6
36,large_leak,0,1191,595552,13
36,large_leak,0,1192,596047,22
36,large_leak,0,1193,596551,33
36,large_leak,0,1194,597048,61
36,large_leak,0,1195,597551,98
36,large_leak,0,1196,598048,117
36,large_leak,0,1197,598552,134
36,large_leak,0,1198,599047,149
36,large_leak,0,1199,599552,157
36,large_leak,0,1200,600047,149
36,large_leak,0,1201,600551,121
36,large_leak,0,1202,601048,95
36,large_leak,0,1203,601552,79
36,large_leak,0,1204,602047,61
36,large_leak,0,1205,602552,53
36,large_leak,0,1206,603047,16
36,large_leak,0,1207,603552,19
36,large_leak,0,1208,604047,24
36,large_leak,0,1209,604551,33
36,large_leak,0,1210,605048,11
36,large_leak,0,1211,605552,0
36,large_leak,0,1212,606047,0
36,large_leak,0,1213,606552,0
36,large_leak,0,1214,607047,0
36,large_leak,0,1215,607551,0
36,large_leak,0,1216,608048,0
36,large_leak,0,1217,608552,0
36,large_leak,0,1218,609047,0
36,large_leak,0,1219,609552,0
36,large_leak,0,1220,610047,0
36,large_leak,0,1221,610552,0
36,large_leak,0,1222,611047,0
36,large_leak,0,1223,611552,0
36,large_leak,0,1224,612047,0
36,large_leak,0,1225,612551,0
36,large_leak,0,1226,613048,0
36,large_leak,0,1227,613552,0
36,large_leak,0,1228,614047,84
36,large_leak,0,1229,614552,88
36,large_leak,0,1230,615047,141
36,large_leak,0,1231,615552,151
36,large_leak,0,1232,616047,165
36,large_leak,0,1233,616551,173
36,large_leak,0,1234,617048,190
36,large_leak,0,1235,617551,153
36,large_leak,0,1236,618048,127
36,large_leak,0,1237,618552,103
36,large_leak,0,1238,619047,91
36,large_leak,0,1239,619552,83
36,large_leak,0,1240,620047,92
36,large_leak,0,1241,620552,103
36,large_leak,0,1242,621047,95
36,large_leak,0,1243,621551,101
36,large_leak,0,1244,622048,121
36,large_leak,0,1245,622552,125
36,large_leak,0,1246,623047,147
36,large_leak,0,1247,623552,140
36,large_leak,0,1248,624047,126
36,large_leak,0,1249,624552,107
36,large_leak,0,1250,625048,73
36,large_leak,0,1251,625551,42
36,large_leak,0,1252,626048,41
36,large_leak,0,1253,626552,27
36,large_leak,0,1254,627047,17
36,large_leak,0,1255,627552,23
36,large_leak,0,1256,628047,42
36,large_leak,0,1257,628551,94
36,large_leak,0,1258,629048,106
36,large_leak,0,1259,629552,123
36,large_leak,0,1260,630047,111
36,large_leak,0,1261,630552,103
36,large_leak,0,1262,631047,117
36,large_leak,0,1263,631552,109
36,large_leak,0,1264,632047,101
36,large_leak,0,1265,632551,99
36,large_leak,0,1266,633048,82
36,large_leak,0,1267,633552,89
36,large_leak,0,1268,634047,84
36,large_leak,0,1269,634552,90
36,large_leak,0,1270,635047,109
36,large_leak,0,1271,635552,137
36,large_leak,0,1272,636047,149
36,large_leak,0,1273,636551,163
36,large_leak,0,1274,637048,189
36,large_leak,0,1275,637552,191
36,large_leak,0,1276,638047,175
36,large_leak,0,1277,638552,165
36,large_leak,0,1278,639047,174
36,large_leak,0,1279,639552,125
36,large_leak,0,1280,640047,95
36,large_leak,0,1281,640551,42
36,large_leak,0,1282,641048,5
36,large_leak,0,1283,641552,0
36,large_leak,0,1284,642047,0
36,large_leak,0,1285,642552,0
36,large_leak,0,1286,643047,0
36,large_leak,0,1287,643552,0
36,large_leak,0,1288,644047,0
36,large_leak,0,1289,644551,0
36,large_leak,0,1290,645047,0
36,large_leak,0,1291,645551,0
36,large_leak,0,1292,646048,1
36,large_leak,0,1293,646552,19
36,large_leak,0,1294,647047,36
36,large_leak,0,1295,647552,56
36,large_leak,0,1296,648047,53
36,large_leak,0,1297,648552,37
36,large_leak,0,1298,649047,53
36,large_leak,0,1299,649551,74
36,large_leak,0,1300,650048,91
36,large_leak,0,1301,650552,117
36,large_leak,0,1302,651048,116
36,large_leak,0,1303,651552,143
36,large_leak,0,1304,652047,179
36,large_leak,0,1305,652552,181
36,large_leak,0,1306,653047,184
36,large_leak,0,1307,653552,173
36,large_leak,0,1308,654047,141
36,large_leak,0,1309,654551,91
36,large_leak,0,1310,655048,75
36,large_leak,0,1311,655551,71
36,large_leak,0,1312,656048,41
36,large_leak,0,1313,656552,92
36,large_leak,0,1314,657047,124
36,large_leak,0,1315,657552,181
36,large_leak,0,1316,658047,233
36,large_leak,0,1317,658551,237
36,large_leak,0,1318,659048,231
36,large_leak,0,1319,659552,233
36,large_leak,0,1320,660047,211
36,large_leak,0,1321,660552,197
36,large_leak,0,1322,661047,207
36,large_leak,0,1323,661552,219
36,large_leak,0,1324,662047,191
36,large_leak,0,1325,662551,150
36,large_leak,0,1326,663048,121
36,large_leak,0,1327,663552,103
36,large_leak,0,1328,664047,77
36,large_leak,0,1329,664552,55
36,large_leak,0,1330,665047,53
36,large_leak,0,1331,665551,51
36,large_leak,0,1332,666048,29
36,large_leak,0,1333,666552,20
36,large_leak,0,1334,667047,19
36,large_leak,0,1335,667552,23
36,large_leak,0,1336,668047,21
36,large_leak,0,1337,668552,37
36,large_leak,0,1338,669047,61
36,large_leak,0,1339,669551,87
36,large_leak,0,1340,670048,87
36,large_leak,0,1341,670552,72
36,large_leak,0,1342,671047,71
36,large_leak,0,1343,671552,75
36,large_leak,0,1344,672047,57
36,large_leak,0,1345,672552,31
36,large_leak,0,1346,673047,3
36,large_leak,0,1347,673551,0
36,large_leak,0,1348,674048,0
36,large_leak,0,1349,674552,21
36,large_leak,0,1350,675048,73
36,large_leak,0,1351,675552,102
36,large_leak,0,1352,676047,134
36,large_leak,0,1353,676552,165
36,large_leak,0,1354,677047,173
36,large_leak,0,1355,677551,146
36,large_leak,0,1356,678048,86
36,large_leak,0,1357,678552,38
36,large_leak,0,1358,679047,7
36,large_leak,0,1359,679552,0
36,large_leak,0,1360,680047,0
36,large_leak,0,1361,680552,0
36,large_leak,0,1362,681047,0
36,large_leak,0,1363,681551,0
36,large_leak,0,1364,682048,21
36,large_leak,0,1365,682552,53
36,large_leak,0,1366,683047,103
36,large_leak,0,1367,683552,117
36,large_leak,0,1368,684047,181
36,large_leak,0,1369,684552,186
36,large_leak,0,1370,685047,173
36,large_leak,0,1371,685552,183
36,large_leak,0,1372,686048,207
36,large_leak,0,1373,686552,171
36,large_leak,0,1374,687047,164
36,large_leak,0,1375,687552,158
36,large_leak,0,1376,688047,146
36,large_leak,0,1377,688552,153
36,large_leak,0,1378,689047,147
36,large_leak,0,1379,689551,127
36,large_leak,0,1380,690048,109
36,large_leak,0,1381,690552,99
36,large_leak,0,1382,691047,82
36,large_leak,0,1383,691552,71
36,large_leak,0,1384,692047,48
36,large_leak,0,1385,692552,28
36,large_leak,0,1386,693047,3
36,large_leak,0,1387,693551,0
36,large_leak,0,1388,694048,0
36,large_leak,0,1389,694552,0
36,large_leak,0,1390,695047,0
36,large_leak,0,1391,695552,24
36,large_leak,0,1392,696047,57
36,large_leak,0,1393,696552,109
36,large_leak,0,1394,697047,173
36,large_leak,0,1395,697551,215
36,large_leak,0,1396,698048,190
36,large_leak,0,1397,698552,204
36,large_leak,0,1398,699047,213
36,large_leak,0,1399,699552,245
36,large_leak,0,1400,700047,221
36,large_leak,0,1401,700552,188
36,large_leak,0,1402,701047,185
36,large_leak,0,1403,701552,209
36,large_leak,0,1404,702047,191
36,large_leak,0,1405,702551,157
36,large_leak,0,1406,703048,111
36,large_leak,0,1407,703552,105
36,large_leak,0,1408,704047,155
36,large_leak,0,1409,704552,151
36,large_leak,0,1410,705047,134
36,large_leak,0,1411,705552,117
36,large_leak,0,1412,706047,119
36,large_leak,0,1413,706551,125
36,large_leak,0,1414,707048,121
36,large_leak,0,1415,707552,121
36,large_leak,0,1416,708047,105
36,large_leak,0,1417,708552,102
36,large_leak,0,1418,709047,121
36,large_leak,0,1419,709552,138
36,large_leak,0,1420,710047,123
36,large_leak,0,1421,710551,125
36,large_leak,0,1422,711048,135
36,large_leak,0,1423,711552,167
36,large_leak,0,1424,712047,180
36,large_leak,0,1425,712552,199
36,large_leak,0,1426,713047,189
36,large_leak,0,1427,713551,168
36,large_leak,0,1428,714048,147
36,large_leak,0,1429,714552,147
36,large_leak,0,1430,715048,127
36,large_leak,0,1431,715552,95
36,large_leak,0,1432,716047,59
36,large_leak,0,1433,716552,25
36,large_leak,0,1434,717047,3
36,large_leak,0,1435,717552,35
36,large_leak,0,1436,718048,52
36,large_leak,0,1437,718551,58
36,large_leak,0,1438,719048,69
36,large_leak,0,1439,719552,58
36,large_leak,0,1440,720047,51
36,large_leak,0,1441,720552,55
36,large_leak,0,1442,721047,46
36,large_leak,0,1443,721552,55
36,large_leak,0,1444,722047,53
36,large_leak,0,1445,722552,21
36,large_leak,0,1446,723048,0
36,large_leak,0,1447,723551,0
36,large_leak,0,1448,724048,0
36,large_leak,0,1449,724552,0
36,large_leak,0,1450,725047,0
36,large_leak,0,1451,725552,0
36,large_leak,0,1452,726047,0
36,large_leak,0,1453,726552,33
36,large_leak,0,1454,727047,92
36,large_leak,0,1455,727552,109
36,large_leak,0,1456,728047,141
36,large_leak,0,1457,728551,175
36,large_leak,0,1458,729048,171
36,large_leak,0,1459,729551,179
36,large_leak,0,1460,730048,189
36,large_leak,0,1461,730552,204
36,large_leak,0,1462,731047,189
36,large_leak,0,1463,731552,181
36,large_leak,0,1464,732047,173
36,large_leak,0,1465,732551,191
36,large_leak,0,1466,733048,199
36,large_leak,0,1467,733551,185
36,large_leak,0,1468,734048,169
36,large_leak,0,1469,734552,151
36,large_leak,0,1470,735047,139
36,large_leak,0,1471,735552,121
36,large_leak,0,1472,736047,89
36,large_leak,0,1473,736552,75
36,large_leak,0,1474,737047,77
36,large_leak,0,1475,737551,91
36,large_leak,0,1476,738048,107
36,large_leak,0,1477,738552,111
36,large_leak,0,1478,739047,89
36,large_leak,0,1479,739552,60
36,large_leak,0,1480,740047,90
36,large_leak,0,1481,740552,84
36,large_leak,0,1482,741047,71
36,large_leak,0,1483,741551,89
36,large_leak,0,1484,742048,70
36,large_leak,0,1485,742552,85
36,large_leak,0,1486,743047,83
36,large_leak,0,1487,743552,85
36,large_leak,0,1488,744047,87
36,large_leak,0,1489,744552,81
36,large_leak,0,1490,745047,39
36,large_leak,0,1491,745551,5
36,large_leak,0,1492,746048,0
36,large_leak,0,1493,746552,0
36,large_leak,0,1494,747047,0
36,large_leak,0,1495,747552,0
36,large_leak,0,1496,748047,0
36,large_leak,0,1497,748551,0
36,large_leak,0,1498,749048,0
36,large_leak,0,1499,749552,0
36,large_leak,0,1500,750048,0
36,large_leak,0,1501,750552,0
36,large_leak,0,1502,751047,0
36,large_leak,0,1503,751552,19
36,large_leak,0,1504,752047,1
36,large_leak,0,1505,752551,0
36,large_leak,0,1506,753048,0
36,large_leak,0,1507,753551,4
36,large_leak,0,1508,754048,0
36,large_leak,0,1509,754552,0
36,large_leak,0,1510,755047,0
36,large_leak,0,1511,755552,0
36,large_leak,0,1512,756047,0
36,large_leak,0,1513,756552,16
36,large_leak,0,1514,757047,47
36,large_leak,0,1515,757552,63
36,large_leak,0,1516,758048,86
36,large_leak,0,1517,758551,109
36,large_leak,0,1518,759048,135
36,large_leak,0,1519,759552,143
36,large_leak,0,1520,760047,137
36,large_leak,0,1521,760552,127
36,large_leak,0,1522,761047,118
36,large_leak,0,1523,761552,94
36,large_leak,0,1524,762047,61
36,large_leak,0,1525,762551,38
36,large_leak,0,1526,763048,5
36,large_leak,0,1527,763552,0
36,large_leak,0,1528,764047,0
36,large_leak,0,1529,764552,0
36,large_leak,0,1530,765047,0
36,large_leak,0,1531,765552,23
36,large_leak,0,1532,766047,58
36,large_leak,0,1533,766552,95
36,large_leak,0,1534,767047,137
36,large_leak,0,1535,767551,182
36,large_leak,0,1536,768048,207
36,large_leak,0,1537,768552,220
36,large_leak,0,1538,769047,228
36,large_leak,0,1539,769552,233
36,large_leak,0,1540,770047,234
36,large_leak,0,1541,770551,220
36,large_leak,0,1542,771048,191
36,large_leak,0,1543,771551,179
36,large_leak,0,1544,772048,156
36,large_leak,0,1545,772552,127
36,large_leak,0,1546,773047,103
36,large_leak,0,1547,773552,79
36,large_leak,0,1548,774047,55
36,large_leak,0,1549,774551,43
36,large_leak,0,1550,775048,39
36,large_leak,0,1551,775552,52
36,large_leak,0,1552,776047,55
36,large_leak,0,1553,776552,51
36,large_leak,0,1554,777047,74
36,large_leak,0,1555,777552,102
36,large_leak,0,1556,778047,127
36,large_leak,0,1557,778551,149
36,large_leak,0,1558,779048,147
36,large_leak,0,1559,779552,137
36,large_leak,0,1560,780047,115
36,large_leak,0,1561,780552,111
36,large_leak,0,1562,781047,144
36,large_leak,0,1563,781552,152
36,large_leak,0,1564,782047,175
36,large_leak,0,1565,782551,173
36,large_leak,0,1566,783048,133
36,large_leak,0,1567,783552,141
36,large_leak,0,1568,784047,147
36,large_leak,0,1569,784552,165
36,large_leak,0,1570,785047,191
36,large_leak,0,1571,785552,216
36,large_leak,0,1572,786047,211
36,large_leak,0,1573,786552,251
36,large_leak,0,1574,787047,314
36,large_leak,0,1575,787551,368
36,large_leak,0,1576,788048,407
36,large_leak,0,1577,788552,393
36,large_leak,0,1578,789047,365
36,large_leak,0,1579,789552,372
36,large_leak,0,1580,790047,346
36,large_leak,0,1581,790552,307
36,large_leak,0,1582,791047,238
36,large_leak,0,1583,791552,160
36,large_leak,0,1584,792047,121
36,large_leak,0,1585,792551,101
36,large_leak,0,1586,793048,104
36,large_leak,0,1587,793551,100
36,large_leak,0,1588,794048,82
36,large_leak,0,1589,794552,51
36,large_leak,0,1590,795047,17
36,large_leak,0,1591,795552,0
36,large_leak,0,1592,796047,28
36,large_leak,0,1593,796551,43
36,large_leak,0,1594,797048,46
36,large_leak,0,1595,797552,85
36,large_leak,0,1596,798047,127
36,large_leak,0,1597,798552,156
36,large_leak,0,1598,799047,159
36,large_leak,0,1599,799552,159
36,large_leak,0,1600,800047,165
36,large_leak,0,1601,800552,164
36,large_leak,0,1602,801047,170
36,large_leak,0,1603,801551,166
36,large_leak,0,1604,802048,138
36,large_leak,0,1605,802552,104
36,large_leak,0,1606,803047,77
36,large_leak,0,1607,803552,69
36,large_leak,0,1608,804047,51
36,large_leak,0,1609,804552,25
36,large_leak,0,1610,805047,0
36,large_leak,0,1611,805551,0
36,large_leak,0,1612,806048,0
36,large_leak,0,1613,806551,0
36,large_leak,0,1614,807048,0
36,large_leak,0,1615,807552,0
36,large_leak,0,1616,808047,0
36,large_leak,0,1617,808552,0
36,large_leak,0,1618,809047,0
36,large_leak,0,1619,809552,0
36,large_leak,0,1620,810047,0
36,large_leak,0,1621,810551,53
36,large_leak,0,1622,811048,79
36,large_leak,0,1623,811552,133
36,large_leak,0,1624,812047,127
36,large_leak,0,1625,812552,135
36,large_leak,0,1626,813047,141
36,large_leak,0,1627,813552,114
36,large_leak,0,1628,814047,85
36,large_leak,0,1629,814552,45
36,large_leak,0,1630,815047,9
36,large_leak,0,1631,815551,0
36,large_leak,0,1632,816048,0
36,large_leak,0,1633,816552,0
36,large_leak,0,1634,817047,0
36,large_leak,0,1635,817552,0
36,large_leak,0,1636,818047,0
36,large_leak,0,1637,818552,0
36,large_leak,0,1638,819047,0
36,large_leak,0,1639,819551,0
36,large_leak,0,1640,820048,50
36,large_leak,0,1641,820551,84
36,large_leak,0,1642,821048,104
36,large_leak,0,1643,821552,117
36,large_leak,0,1644,822047,139
36,large_leak,0,1645,822552,141
36,large_leak,0,1646,823047,131
36,large_leak,0,1647,823552,117
36,large_leak,0,1648,824047,109
36,large_leak,0,1649,824551,109
36,large_leak,0,1650,825048,103
36,large_leak,0,1651,825552,107
36,large_leak,0,1652,826047,106
36,large_leak,0,1653,826552,93
36,large_leak,0,1654,827047,53
36,large_leak,0,1655,827552,16
36,large_leak,0,1656,828047,0
36,large_leak,0,1657,828551,37
36,large_leak,0,1658,829048,53
36,large_leak,0,1659,829552,62
36,large_leak,0,1660,830047,69
36,large_leak,0,1661,830552,55
36,large_leak,0,1662,831047,59
36,large_leak,0,1663,831552,44
36,large_leak,0,1664,832047,7
36,large_leak,0,1665,832551,0
36,large_leak,0,1666,833048,0
36,large_leak,0,1667,833551,11
36,large_leak,0,1668,834048,20
36,large_leak,0,1669,834552,11
36,large_leak,0,1670,835047,0
36,large_leak,0,1671,835552,12
36,large_leak,0,1672,836047,0
36,large_leak,0,1673,836552,0
36,large_leak,0,1674,837047,0
36,large_leak,0,1675,837551,0
36,large_leak,0,1676,838048,0
36,large_leak,0,1677,838552,0
36,large_leak,0,1678,839048,0
36,large_leak,0,1679,839552,0
36,large_leak,0,1680,840047,0
36,large_leak,0,1681,840552,0
36,large_leak,0,1682,841047,0
36,large_leak,0,1683,841552,0
36,large_leak,0,1684,842048,0
36,large_leak,0,1685,842551,0
36,large_leak,0,1686,843048,0
36,large_leak,0,1687,843552,0
36,large_leak,0,1688,844047,0
36,large_leak,0,1689,844552,0
36,large_leak,0,1690,845047,0
36,large_leak,0,1691,845552,27
36,large_leak,0,1692,846047,67
36,large_leak,0,1693,846551,89
36,large_leak,0,1694,847047,93
36,large_leak,0,1695,847551,87
36,large_leak,0,1696,848048,109
36,large_leak,0,1697,848552,142
36,large_leak,0,1698,849047,155
36,large_leak,0,1699,849552,147
36,large_leak,0,1700,850047,121
36,large_leak,0,1701,850552,117
36,large_leak,0,1702,851047,154
36,large_leak,0,1703,851551,179
36,large_leak,0,1704,852048,179
36,large_leak,0,1705,852552,159
36,large_leak,0,1706,853047,137
36,large_leak,0,1707,853552,149
36,large_leak,0,1708,854047,159
36,large_leak,0,1709,854552,173
36,large_leak,0,1710,855047,181
36,large_leak,0,1711,855552,186
36,large_leak,0,1712,856047,205
36,large_leak,0,1713,856551,215
36,large_leak,0,1714,857048,217
36,large_leak,0,1715,857552,229
36,large_leak,0,1716,858047,217
36,large_leak,0,1717,858552,201
36,large_leak,0,1718,859047,186
36,large_leak,0,1719,859551,198
36,large_leak,0,1720,860048,232
36,large_leak,0,1721,860551,265
36,large_leak,0,1722,861048,281
36,large_leak,0,1723,861552,275
36,large_leak,0,1724,862047,255
36,large_leak,0,1725,862552,227
36,large_leak,0,1726,863047,199
36,large_leak,0,1727,863551,190
36,large_leak,0,1728,864048,175
36,large_leak,0,1729,864551,127
36,large_leak,0,1730,865048,106
36,large_leak,0,1731,865552,181
36,large_leak,0,1732,866047,173
36,large_leak,0,1733,866552,173
36,large_leak,0,1734,867047,165
36,large_leak,0,1735,867551,119
36,large_leak,0,1736,868048,108
36,large_leak,0,1737,868552,119
36,large_leak,0,1738,869048,95
36,large_leak,0,1739,869552,101
36,large_leak,0,1740,870047,103
36,large_leak,0,1741,870552,105
36,large_leak,0,1742,871047,116
36,large_leak,0,1743,871551,106
36,large_leak,0,1744,872048,105
36,large_leak,0,1745,872552,107
36,large_leak,0,1746,873047,92
36,large_leak,0,1747,873552,75
36,large_leak,0,1748,874047,36
36,large_leak,0,1749,874552,5
36,large_leak,0,1750,875047,0
36,large_leak,0,1751,875551,0
36,large_leak,0,1752,876048,7
36,large_leak,0,1753,876552,21
36,large_leak,0,1754,877047,40
36,large_leak,0,1755,877552,78
36,large_leak,0,1756,878047,112
36,large_leak,0,1757,878551,121
36,large_leak,0,1758,879048,139
36,large_leak,0,1759,879552,181
36,large_leak,0,1760,880047,183
36,large_leak,0,1761,880552,211
36,large_leak,0,1762,881047,217
36,large_leak,0,1763,881552,200
36,large_leak,0,1764,882047,168
36,large_leak,0,1765,882551,157
36,large_leak,0,1766,883048,120
36,large_leak,0,1767,883552,99
36,large_leak,0,1768,884047,81
36,large_leak,0,1769,884552,76
36,large_leak,0,1770,885047,71
36,large_leak,0,1771,885552,74
36,large_leak,0,1772,886048,77
36,large_leak,0,1773,886551,117
36,large_leak,0,1774,887048,165
36,large_leak,0,1775,887552,233
36,large_leak,0,1776,888047,264
36,large_leak,0,1777,888552,271
36,large_leak,0,1778,889047,265
36,large_leak,0,1779,889552,237
36,large_leak,0,1780,890048,229
36,large_leak,0,1781,890552,228
36,large_leak,0,1782,891048,159
36,large_leak,0,1783,891552,91
36,large_leak,0,1784,892047,26
36,large_leak,0,1785,892552,2
36,large_leak,0,1786,893047,0
36,large_leak,0,1787,893552,0
36,large_leak,0,1788,894047,0
36,large_leak,0,1789,894551,0
36,large_leak,0,1790,895048,0
36,large_leak,0,1791,895552,0
36,large_leak,0,1792,896047,12
36,large_leak,0,1793,896552,20
36,large_leak,0,1794,897047,25
36,large_leak,0,1795,897551,37
36,large_leak,0,1796,898048,44
36,large_leak,0,1797,898552,37
36,large_leak,0,1798,899048,36
36,large_leak,0,1799,899552,52
36,large_leak,0,1800,900047,72
36,large_leak,0,1801,900552,93
36,large_leak,0,1802,901047,112
36,large_leak,0,1803,901551,143
36,large_leak,0,1804,902048,201
36,large_leak,0,1805,902551,231
36,large_leak,0,1806,903048,235
36,large_leak,0,1807,903552,231
36,large_leak,0,1808,904047,227
36,large_leak,0,1809,904552,231
36,large_leak,0,1810,905047,219
36,large_leak,0,1811,905552,198
36,large_leak,0,1812,906047,185
36,large_leak,0,1813,906551,191
36,large_leak,0,1814,907048,214
36,large_leak,0,1815,907552,233
36,large_leak,0,1816,908047,223
36,large_leak,0,1817,908552,217
36,large_leak,0,1818,909047,223
36,large_leak,0,1819,909552,244
36,large_leak,0,1820,910047,254
36,large_leak,0,1821,910552,230
36,large_leak,0,1822,911048,176
36,large_leak,0,1823,911551,123
36,large_leak,0,1824,912048,72
36,large_leak,0,1825,912552,30
36,large_leak,0,1826,913047,1
36,large_leak,0,1827,913552,0
36,large_leak,0,1828,914047,0
36,large_leak,0,1829,914552,0
36,large_leak,0,1830,915047,0
36,large_leak,0,1831,915551,0
36,large_leak,0,1832,916048,0
36,large_leak,0,1833,916552,0
36,large_leak,0,1834,917047,0
36,large_leak,0,1835,917552,25
36,large_leak,0,1836,918047,45
36,large_leak,0,1837,918552,47
36,large_leak,0,1838,919047,77
36,large_leak,0,1839,919551,59
36,large_leak,0,1840,920048,79
36,large_leak,0,1841,920552,88
36,large_leak,0,1842,921047,98
36,large_leak,0,1843,921552,102
36,large_leak,0,1844,922047,83
36,large_leak,0,1845,922552,89
36,large_leak,0,1846,923047,127
36,large_leak,0,1847,923551,169
36,large_leak,0,1848,924048,216
36,large_leak,0,1849,924552,239
36,large_leak,0,1850,925048,245
36,large_leak,0,1851,925552,230
36,large_leak,0,1852,926047,189
36,large_leak,0,1853,926552,158
36,large_leak,0,1854,927047,111
36,large_leak,0,1855,927552,99
36,large_leak,0,1856,928047,77
36,large_leak,0,1857,928551,27
36,large_leak,0,1858,929048,0
36,large_leak,0,1859,929551,0
36,large_leak,0,1860,930048,0
36,large_leak,0,1861,930552,7
36,large_leak,0,1862,931047,6
36,large_leak,0,1863,931551,39
36,large_leak,0,1864,932048,60
36,large_leak,0,1865,932551,85
36,large_leak,0,1866,933048,112
36,large_leak,0,1867,933552,93
36,large_leak,0,1868,934047,71
36,large_leak,0,1869,934552,70
36,large_leak,0,1870,935047,37
36,large_leak,0,1871,935551,24
36,large_leak,0,1872,936048,26
36,large_leak,0,1873,936552,5
36,large_leak,0,1874,937047,0
36,large_leak,0,1875,937552,0
36,large_leak,0,1876,938047,0
36,large_leak,0,1877,938551,0
36,large_leak,0,1878,939048,0
36,large_leak,0,1879,939552,9
36,large_leak,0,1880,940047,29
36,large_leak,0,1881,940552,61
36,large_leak,0,1882,941047,95
36,large_leak,0,1883,941551,112
36,large_leak,0,1884,942048,133
36,large_leak,0,1885,942552,159
36,large_leak,0,1886,943048,159
36,large_leak,0,1887,943552,151
36,large_leak,0,1888,944047,151
36,large_leak,0,1889,944552,125
36,large_leak,0,1890,945047,91
36,large_leak,0,1891,945552,45
36,large_leak,0,1892,946047,8
36,large_leak,0,1893,946551,0
36,large_leak,0,1894,947048,0
36,large_leak,0,1895,947552,0
36,large_leak,0,1896,948048,0
36,large_leak,0,1897,948552,0
36,large_leak,0,1898,949047,0
36,large_leak,0,1899,949552,0
36,large_leak,0,1900,950047,0
36,large_leak,0,1901,950552,45
36,large_leak,0,1902,951047,95
36,large_leak,0,1903,951551,136
36,large_leak,0,1904,952048,199
36,large_leak,0,1905,952552,253
36,large_leak,0,1906,953047,283
36,large_leak,0,1907,953552,285
36,large_leak,0,1908,954047,267
36,large_leak,0,1909,954552,215
36,large_leak,0,1910,955047,156
36,large_leak,0,1911,955551,89
36,large_leak,0,1912,956048,30
36,large_leak,0,1913,956552,3
36,large_leak,0,1914,957047,0
36,large_leak,0,1915,957552,0
36,large_leak,0,1916,958047,0
36,large_leak,0,1917,958552,0
36,large_leak,0,1918,959047,0
36,large_leak,0,1919,959551,23
36,large_leak,0,1920,960048,57
36,large_leak,0,1921,960552,92
36,large_leak,0,1922,961048,105
36,large_leak,0,1923,961552,127
36,large_leak,0,1924,962047,150
36,large_leak,0,1925,962552,147
36,large_leak,0,1926,963047,117
36,large_leak,0,1927,963552,109
36,large_leak,0,1928,964048,99
36,large_leak,0,1929,964552,78
36,large_leak,0,1930,965047,72
36,large_leak,0,1931,965552,43
36,large_leak,0,1932,966047,7
36,large_leak,0,1933,966552,0
36,large_leak,0,1934,967047,0
36,large_leak,0,1935,967551,0
36,large_leak,0,1936,968048,0
36,large_leak,0,1937,968552,0
36,large_leak,0,1938,969047,0
36,large_leak,0,1939,969552,0
36,large_leak,0,1940,970047,0
36,large_leak,0,1941,970552,23
36,large_leak,0,1942,971047,55
36,large_leak,0,1943,971551,84
36,large_leak,0,1944,972048,99
36,large_leak,0,1945,972552,116
36,large_leak,0,1946,973047,124
36,large_leak,0,1947,973552,116
36,large_leak,0,1948,974047,133
36,large_leak,0,1949,974552,133
36,large_leak,0,1950,975047,149
36,large_leak,0,1951,975551,156
36,large_leak,0,1952,976048,153
36,large_leak,0,1953,976552,143
36,large_leak,0,1954,977047,118
36,large_leak,0,1955,977552,93
36,large_leak,0,1956,978047,89
36,large_leak,0,1957,978552,75
36,large_leak,0,1958,979047,83
36,large_leak,0,1959,979552,93
36,large_leak,0,1960,980047,109
36,large_leak,0,1961,980552,136
36,large_leak,0,1962,981047,155
36,large_leak,0,1963,981551,151
36,large_leak,0,1964,982048,153
36,large_leak,0,1965,982552,164
36,large_leak,0,1966,983047,151
36,large_leak,0,1967,983552,111
36,large_leak,0,1968,984047,87
36,large_leak,0,1969,984552,55
36,large_leak,0,1970,985047,31
36,large_leak,0,1971,985551,11
36,large_leak,0,1972,986048,3
36,large_leak,0,1973,986552,25
36,large_leak,0,1974,987047,71
36,large_leak,0,1975,987552,105
36,large_leak,0,1976,988047,126
36,large_leak,0,1977,988551,159
36,large_leak,0,1978,989048,173
36,large_leak,0,1979,989552,168
36,large_leak,0,1980,990047,169
36,large_leak,0,1981,990552,167
36,large_leak,0,1982,991047,137
36,large_leak,0,1983,991552,101
36,large_leak,0,1984,992047,77
36,large_leak,0,1985,992551,62
36,large_leak,0,1986,993048,43
36,large_leak,0,1987,993551,23
36,large_leak,0,1988,994048,25
36,large_leak,0,1989,994552,39
36,large_leak,0,1990,995047,74
36,large_leak,0,1991,995552,112
36,large_leak,0,1992,996047,142
36,large_leak,0,1993,996552,154
36,large_leak,0,1994,997047,151
36,large_leak,0,1995,997551,149
36,large_leak,0,1996,998048,154
36,large_leak,0,1997,998552,133
36,large_leak,0,1998,999047,84
36,large_leak,0,1999,999552,45
36,large_leak,1,0,49,93
36,large_leak,1,1,547,87
36,large_leak,1,2,1047,94
36,large_leak,1,3,1547,107
36,large_leak,1,4,2047,126
36,large_leak,1,5,2547,108
36,large_leak,1,6,3047,83
36,large_leak,1,7,3547,73
36,large_leak,1,8,4047,67
36,large_leak,1,9,4547,54
36,large_leak,1,10,5047,56
36,large_leak,1,11,5547,30
36,large_leak,1,12,6047,40
36,large_leak,1,13,6547,63
36,large_leak,1,14,7047,69
36,large_leak,1,15,7547,67
36,large_leak,1,16,8047,43
36,large_leak,1,17,8547,13
36,large_leak,1,18,9047,2
36,large_leak,1,19,9547,0
36,large_leak,1,20,10047,0
36,large_leak,1,21,10547,0
36,large_leak,1,22,11047,0
36,large_leak,1,23,11547,0
36,large_leak,1,24,12047,0
36,large_leak,1,25,12547,0
36,large_leak,1,26,13047,0
36,large_leak,1,27,13547,0
36,large_leak,1,28,14047,0
36,large_leak,1,29,14547,9
36,large_leak,1,30,15047,13
36,large_leak,1,31,15547,60
36,large_leak,1,32,16047,111
36,large_leak,1,33,16547,133
36,large_leak,1,34,17047,153
36,large_leak,1,35,17547,176
36,large_leak,1,36,18047,199
36,large_leak,1,37,18547,207
36,large_leak,1,38,19047,199
36,large_leak,1,39,19547,182
36,large_leak,1,40,20047,141
36,large_leak,1,41,20547,85
36,large_leak,1,42,21047,70
36,large_leak,1,43,21547,59
36,large_leak,1,44,22047,59
36,large_leak,1,45,22547,36
36,large_leak,1,46,23047,12
36,large_leak,1,47,23547,0
36,large_leak,1,48,24047,63
36,large_leak,1,49,24547,55
36,large_leak,1,50,25047,79
36,large_leak,1,51,25547,79
36,large_leak,1,52,26047,105
36,large_leak,1,53,26547,133
36,large_leak,1,54,27047,131
36,large_leak,1,55,27547,163
36,large_leak,1,56,28047,185
36,large_leak,1,57,28547,204
36,large_leak,1,58,29047,212
36,large_leak,1,59,29547,192
36,large_leak,1,60,30047,167
36,large_leak,1,61,30547,133
36,large_leak,1,62,31047,117
36,large_leak,1,63,31547,99
36,large_leak,1,64,32047,77
36,large_leak,1,65,32547,55
36,large_leak,1,66,33047,30
36,large_leak,1,67,33547,4
36,large_leak,1,68,34047,0
36,large_leak,1,69,34547,0
36,large_leak,1,70,35047,0
36,large_leak,1,71,35547,0
36,large_leak,1,72,36047,0
36,large_leak,1,73,36547,0
36,large_leak,1,74,37047,0
36,large_leak,1,75,37547,0
36,large_leak,1,76,38047,0
36,large_leak,1,77,38547,7
36,large_leak,1,78,39047,21
36,large_leak,1,79,39547,42
36,large_leak,1,80,40047,56
36,large_leak,1,81,40547,78
36,large_leak,1,82,41047,93
36,large_leak,1,83,41547,103
36,large_leak,1,84,42047,107
36,large_leak,1,85,42547,104
36,large_leak,1,86,43047,97
36,large_leak,1,87,43547,73
36,large_leak,1,88,44047,37
36,large_leak,1,89,44547,6
36,large_leak,1,90,45047,0
36,large_leak,1,91,45547,0
36,large_leak,1,92,46047,0
36,large_leak,1,93,46547,0
36,large_leak,1,94,47047,0
36,large_leak,1,95,47547,0
36,large_leak,1,96,48047,19
36,large_leak,1,97,48547,47
36,large_leak,1,98,49047,91
36,large_leak,1,99,49547,115
36,large_leak,1,100,50047,152
36,large_leak,1,101,50547,171
36,large_leak,1,102,51047,171
36,large_leak,1,103,51547,165
36,large_leak,1,104,52047,154
36,large_leak,1,105,52547,121
36,large_leak,1,106,53047,115
36,large_leak,1,107,53547,108
36,large_leak,1,108,54047,119
36,large_leak,1,109,54547,119
36,large_leak,1,110,55047,133
36,large_leak,1,111,55547,137
36,large_leak,1,112,56047,141
36,large_leak,1,113,56547,140
36,large_leak,1,114,57047,117
36,large_leak,1,115,57547,104
36,large_leak,1,116,58047,107
36,large_leak,1,117,58547,115
36,large_leak,1,118,59047,117
36,large_leak,1,119,59547,128
36,large_leak,1,120,60047,151
36,large_leak,1,121,60547,173
36,large_leak,1,122,61047,179
36,large_leak,1,123,61547,185
36,large_leak,1,124,62047,172
36,large_leak,1,125,62547,147
36,large_leak,1,126,63047,117
36,large_leak,1,127,63547,73
36,large_leak,1,128,64047,31
36,large_leak,1,129,64547,13
36,large_leak,1,130,65047,17
36,large_leak,1,131,65547,5
36,large_leak,1,132,66047,0
36,large_leak,1,133,66547,0
36,large_leak,1,134,67047,0
36,large_leak,1,135,67547,0
36,large_leak,1,136,68047,0
36,large_leak,1,137,68547,0
36,large_leak,1,138,69047,8
36,large_leak,1,139,69547,39
36,large_leak,1,140,70047,89
36,large_leak,1,141,70547,46
36,large_leak,1,142,71047,19
36,large_leak,1,143,71547,31
36,large_leak,1,144,72047,18
36,large_leak,1,145,72547,1
36,large_leak,1,146,73047,0
36,large_leak,1,147,73547,0
36,large_leak,1,148,74047,0
36,large_leak,1,149,74547,13
36,large_leak,1,150,75047,35
36,large_leak,1,151,75547,73
36,large_leak,1,152,76047,116
36,large_leak,1,153,76547,139
36,large_leak,1,154,77047,167
36,large_leak,1,155,77547,184
36,large_leak,1,156,78047,205
36,large_leak,1,157,78547,218
36,large_leak,1,158,79047,206
36,large_leak,1,159,79547,189
36,large_leak,1,160,80047,205
36,large_leak,1,161,80547,184
36,large_leak,1,162,81047,171
36,large_leak,1,163,81547,149
36,large_leak,1,164,82047,124
36,large_leak,1,165,82547,109
36,large_leak,1,166,83047,121
36,large_leak,1,167,83547,116
36,large_leak,1,168,84047,99
36,large_leak,1,169,84547,71
36,large_leak,1,170,85047,59
36,large_leak,1,171,85547,59
36,large_leak,1,172,86047,57
36,large_leak,1,173,86547,48
36,large_leak,1,174,87047,37
36,large_leak,1,175,87547,13
36,large_leak,1,176,88047,52
36,large_leak,1,177,88547,95
36,large_leak,1,178,89047,102
36,large_leak,1,179,89547,108
36,large_leak,1,180,90047,77
36,large_leak,1,181,90547,85
36,large_leak,1,182,91047,91
36,large_leak,1,183,91547,106
36,large_leak,1,184,92047,121
36,large_leak,1,185,92547,105
36,large_leak,1,186,93047,133
36,large_leak,1,187,93547,141
36,large_leak,1,188,94047,109
36,large_leak,1,189,94547,83
36,large_leak,1,190,95047,71
36,large_leak,1,191,95547,39
36,large_leak,1,192,96047,21
36,large_leak,1,193,96547,9
36,large_leak,1,194,97047,7
36,large_leak,1,195,97547,28
36,large_leak,1,196,98047,82
36,large_leak,1,197,98547,47
36,large_leak,1,198,99047,8
36,large_leak,1,199,99547,0
36,large_leak,1,200,100047,0
36,large_leak,1,201,100547,0
36,large_leak,1,202,101047,0
36,large_leak,1,203,101547,0
36,large_leak,1,204,102047,0
36,large_leak,1,205,102547,42
36,large_leak,1,206,103047,51
36,large_leak,1,207,103547,43
36,large_leak,1,208,104047,46
36,large_leak,1,209,104547,23
36,large_leak,1,210,105047,5
36,large_leak,1,211,105547,2
36,large_leak,1,212,106047,0
36,large_leak,1,213,106547,0
36,large_leak,1,214,107047,0
36,large_leak,1,215,107547,0
36,large_leak,1,216,108047,0
36,large_leak,1,217,108547,0
36,large_leak,1,218,109047,0
36,large_leak,1,219,109547,0
36,large_leak,1,220,110047,0
36,large_leak,1,221,110547,4
36,large_leak,1,222,111047,3
36,large_leak,1,223,111547,21
36,large_leak,1,224,112047,7
36,large_leak,1,225,112547,0
36,large_leak,1,226,113047,0
36,large_leak,1,227,113547,0
36,large_leak,1,228,114047,0
36,large_leak,1,229,114547,0
36,large_leak,1,230,115047,0
36,large_leak,1,231,115547,0
36,large_leak,1,232,116047,17
36,large_leak,1,233,116547,18
36,large_leak,1,234,117047,59
36,large_leak,1,235,117547,101
36,large_leak,1,236,118047,133
36,large_leak,1,237,118547,167
36,large_leak,1,238,119047,165
36,large_leak,1,239,119547,185
36,large_leak,1,240,120047,229
36,large_leak,1,241,120547,223
36,large_leak,1,242,121047,168
36,large_leak,1,243,121547,167
36,large_leak,1,244,122047,170
36,large_leak,1,245,122547,166
36,large_leak,1,246,123047,201
36,large_leak,1,247,123547,155
36,large_leak,1,248,124047,159
36,large_leak,1,249,124547,198
36,large_leak,1,250,125047,197
36,large_leak,1,251,125547,201
36,large_leak,1,252,126047,205
36,large_leak,1,253,126547,211
36,large_leak,1,254,127047,223
36,large_leak,1,255,127547,229
36,large_leak,1,256,128047,219
36,large_leak,1,257,128547,185
36,large_leak,1,258,129047,169
36,large_leak,1,259,129547,145
36,large_leak,1,260,130047,99
36,large_leak,1,261,130547,75
36,large_leak,1,262,131047,55
36,large_leak,1,263,131547,37
36,large_leak,1,264,132047,28
36,large_leak,1,265,132547,51
36,large_leak,1,266,133047,73
36,large_leak,1,267,133547,106
36,large_leak,1,268,134047,134
36,large_leak,1,269,134547,165
36,large_leak,1,270,135047,207
36,large_leak,1,271,135547,243
36,large_leak,1,272,136047,263
36,large_leak,1,273,136547,268
36,large_leak,1,274,137047,263
36,large_leak,1,275,137547,227
36,large_leak,1,276,138047,175
36,large_leak,1,277,138547,143
36,large_leak,1,278,139047,127
36,large_leak,1,279,139547,133
36,large_leak,1,280,140047,139
36,large_leak,1,281,140547,143
36,large_leak,1,282,141047,149
36,large_leak,1,283,141547,157
36,large_leak,1,284,142047,168
36,large_leak,1,285,142547,191
36,large_leak,1,286,143047,181
36,large_leak,1,287,143547,159
36,large_leak,1,288,144047,153
36,large_leak,1,289,144547,149
36,large_leak,1,290,145047,147
36,large_leak,1,291,145547,139
36,large_leak,1,292,146047,157
36,large_leak,1,293,146547,171
36,large_leak,1,294,147047,207
36,large_leak,1,295,147547,247
36,large_leak,1,296,148047,279
36,large_leak,1,297,148547,267
36,large_leak,1,298,149047,291
36,large_leak,1,299,149547,299
36,large_leak,1,300,150047,319
36,large_leak,1,301,150547,340
36,large_leak,1,302,151047,325
36,large_leak,1,303,151547,303
36,large_leak,1,304,152047,285
36,large_leak,1,305,152547,244
36,large_leak,1,306,153047,185
36,large_leak,1,307,153547,147
36,large_leak,1,308,154047,104
36,large_leak,1,309,154547,68
36,large_leak,1,310,155047,43
36,large_leak,1,311,155547,41
36,large_leak,1,312,156047,55
36,large_leak,1,313,156547,69
36,large_leak,1,314,157047,86
36,large_leak,1,315,157547,114
36,large_leak,1,316,158048,134
36,large_leak,1,317,158547,139
36,large_leak,1,318,159047,162
36,large_leak,1,319,159547,175
36,large_leak,1,320,160047,171
36,large_leak,1,321,160547,151
36,large_leak,1,322,161047,123
36,large_leak,1,323,161547,103
36,large_leak,1,324,162047,79
36,large_leak,1,325,162547,61
36,large_leak,1,326,163047,73
36,large_leak,1,327,163547,111
36,large_leak,1,328,164047,135
36,large_leak,1,329,164547,119
36,large_leak,1,330,165047,143
36,large_leak,1,331,165547,173
36,large_leak,1,332,166047,187
36,large_leak,1,333,166547,197
36,large_leak,1,334,167047,179
36,large_leak,1,335,167547,151
36,large_leak,1,336,168047,132
36,large_leak,1,337,168547,107
36,large_leak,1,338,169047,53
36,large_leak,1,339,169547,17
36,large_leak,1,340,170047,0
36,large_leak,1,341,170547,0
36,large_leak,1,342,171047,0
36,large_leak,1,343,171547,0
36,large_leak,1,344,172047,0
36,large_leak,1,345,172547,27
36,large_leak,1,346,173047,61
36,large_leak,1,347,173547,94
36,large_leak,1,348,174047,117
36,large_leak,1,349,174547,135
36,large_leak,1,350,175047,123
36,large_leak,1,351,175547,111
36,large_leak,1,352,176047,105
36,large_leak,1,353,176547,93
36,large_leak,1,354,177047,75
36,large_leak,1,355,177547,92
36,large_leak,1,356,178047,108
36,large_leak,1,357,178547,91
36,large_leak,1,358,179047,69
36,large_leak,1,359,179547,29
36,large_leak,1,360,180047,3
36,large_leak,1,361,180547,0
36,large_leak,1,362,181047,0
36,large_leak,1,363,181547,6
36,large_leak,1,364,182047,27
36,large_leak,1,365,182547,55
36,large_leak,1,366,183047,72
36,large_leak,1,367,183547,95
36,large_leak,1,368,184047,115
36,large_leak,1,369,184547,125
36,large_leak,1,370,185047,151
36,large_leak,1,371,185547,167
36,large_leak,1,372,186047,175
36,large_leak,1,373,186547,197
36,large_leak,1,374,187047,207
36,large_leak,1,375,187547,206
36,large_leak,1,376,188047,187
36,large_leak,1,377,188547,159
36,large_leak,1,378,189047,155
36,large_leak,1,379,189547,141
36,large_leak,1,380,190047,141
36,large_leak,1,381,190547,158
36,large_leak,1,382,191047,157
36,large_leak,1,383,191547,169
36,large_leak,1,384,192047,184
36,large_leak,1,385,192547,168
36,large_leak,1,386,193047,165
36,large_leak,1,387,193547,157
36,large_leak,1,388,194047,142
36,large_leak,1,389,194547,121
36,large_leak,1,390,195047,121
36,large_leak,1,391,195547,77
36,large_leak,1,392,196047,89
36,large_leak,1,393,196547,115
36,large_leak,1,394,197047,127
36,large_leak,1,395,197547,121
36,large_leak,1,396,198047,105
36,large_leak,1,397,198547,79
36,large_leak,1,398,199047,72
36,large_leak,1,399,199547,83
36,large_leak,1,400,200047,71
36,large_leak,1,401,200547,75
36,large_leak,1,402,201047,71
36,large_leak,1,403,201547,69
36,large_leak,1,404,202047,63
36,large_leak,1,405,202547,53
36,large_leak,1,406,203047,25
36,large_leak,1,407,203547,23
36,large_leak,1,408,204047,43
36,large_leak,1,409,204547,53
36,large_leak,1,410,205047,69
36,large_leak,1,411,205547,55
36,large_leak,1,412,206047,39
36,large_leak,1,413,206547,46
36,large_leak,1,414,207047,59
36,large_leak,1,415,207547,61
36,large_leak,1,416,208047,68
36,large_leak,1,417,208547,91
36,large_leak,1,418,209047,103
36,large_leak,1,419,209547,87
36,large_leak,1,420,210047,60
36,large_leak,1,421,210547,59
36,large_leak,1,422,211047,43
36,large_leak,1,423,211547,11
36,large_leak,1,424,212047,0
36,large_leak,1,425,212547,0
36,large_leak,1,426,213047,0
36,large_leak,1,427,213547,0
36,large_leak,1,428,214047,37
36,large_leak,1,429,214547,23
36,large_leak,1,430,215047,24
36,large_leak,1,431,215547,73
36,large_leak,1,432,216047,100
36,large_leak,1,433,216547,121
36,large_leak,1,434,217047,123
36,large_leak,1,435,217547,92
36,large_leak,1,436,218047,91
36,large_leak,1,437,218547,107
36,large_leak,1,438,219047,79
36,large_leak,1,439,219547,48
36,large_leak,1,440,220047,35
36,large_leak,1,441,220547,45
36,large_leak,1,442,221047,83
36,large_leak,1,443,221547,93
36,large_leak,1,444,222047,118
36,large_leak,1,445,222547,167
36,large_leak,1,446,223047,175
36,large_leak,1,447,223547,205
36,large_leak,1,448,224047,215
36,large_leak,1,449,224547,187
36,large_leak,1,450,225047,166
36,large_leak,1,451,225547,147
36,large_leak,1,452,226047,127
36,large_leak,1,453,226547,87
36,large_leak,1,454,227047,51
36,large_leak,1,455,227547,29
36,large_leak,1,456,228047,23
36,large_leak,1,457,228547,3
36,large_leak,1,458,229047,0
36,large_leak,1,459,229547,0
36,large_leak,1,460,230047,0
36,large_leak,1,461,230547,0
36,large_leak,1,462,231047,0
36,large_leak,1,463,231547,0
36,large_leak,1,464,232047,24
36,large_leak,1,465,232547,31
36,large_leak,1,466,233047,27
36,large_leak,1,467,233547,23
36,large_leak,1,468,234047,39
36,large_leak,1,469,234547,45
36,large_leak,1,470,235047,46
36,large_leak,1,471,235547,42
36,large_leak,1,472,236047,57
36,large_leak,1,473,236547,82
36,large_leak,1,474,237047,94
36,large_leak,1,475,237547,124
36,large_leak,1,476,238047,147
36,large_leak,1,477,238547,167
36,large_leak,1,478,239047,175
36,large_leak,1,479,239547,184
36,large_leak,1,480,240047,171
36,large_leak,1,481,240547,149
36,large_leak,1,482,241047,121
36,large_leak,1,483,241547,93
36,large_leak,1,484,242047,71
36,large_leak,1,485,242547,62
36,large_leak,1,486,243047,46
36,large_leak,1,487,243547,36
36,large_leak,1,488,244047,52
36,large_leak,1,489,244547,71
36,large_leak,1,490,245047,99
36,large_leak,1,491,245547,115
36,large_leak,1,492,246047,139
36,large_leak,1,493,246547,152
36,large_leak,1,494,247047,163
36,large_leak,1,495,247547,175
36,large_leak,1,496,248047,182
36,large_leak,1,497,248547,179
36,large_leak,1,498,249047,143
36,large_leak,1,499,249547,123
36,large_leak,1,500,250047,61
36,large_leak,1,501,250547,69
36,large_leak,1,502,251047,59
36,large_leak,1,503,251547,56
36,large_leak,1,504,252047,60
36,large_leak,1,505,252547,104
36,large_leak,1,506,253047,149
36,large_leak,1,507,253547,175
36,large_leak,1,508,254047,198
36,large_leak,1,509,254547,190
36,large_leak,1,510,255047,189
36,large_leak,1,511,255547,189
36,large_leak,1,512,256047,178
36,large_leak,1,513,256547,164
36,large_leak,1,514,257047,165
36,large_leak,1,515,257547,151
36,large_leak,1,516,258047,137
36,large_leak,1,517,258547,127
36,large_leak,1,518,259047,137
36,large_leak,1,519,259547,137
36,large_leak,1,520,260047,125
36,large_leak,1,521,260547,117
36,large_leak,1,522,261047,137
36,large_leak,1,523,261547,159
36,large_leak,1,524,262047,181
36,large_leak,1,525,262547,205
36,large_leak,1,526,263047,215
36,large_leak,1,527,263547,211
36,large_leak,1,528,264047,217
36,large_leak,1,529,264547,217
36,large_leak,1,530,265047,221
36,large_leak,1,531,265547,213
36,large_leak,1,532,266048,160
36,large_leak,1,533,266547,91
36,large_leak,1,534,267047,27
36,large_leak,1,535,267547,2
36,large_leak,1,536,268047,0
36,large_leak,1,537,268547,0
36,large_leak,1,538,269047,0
36,large_leak,1,539,269547,0
36,large_leak,1,540,270047,0
36,large_leak,1,541,270547,7
36,large_leak,1,542,271047,0
36,large_leak,1,543,271547,0
36,large_leak,1,544,272047,60
36,large_leak,1,545,272547,27
36,large_leak,1,546,273047,51
36,large_leak,1,547,273547,95
36,large_leak,1,548,274047,115
36,large_leak,1,549,274547,141
36,large_leak,1,550,275047,153
36,large_leak,1,551,275547,135
36,large_leak,1,552,276047,153
36,large_leak,1,553,276547,169
36,large_leak,1,554,277047,153
36,large_leak,1,555,277547,155
36,large_leak,1,556,278047,156
36,large_leak,1,557,278547,109
36,large_leak,1,558,279047,73
36,large_leak,1,559,279547,57
36,large_leak,1,560,280047,31
36,large_leak,1,561,280547,1
36,large_leak,1,562,281047,0
36,large_leak,1,563,281547,0
36,large_leak,1,564,282047,0
36,large_leak,1,565,282547,0
36,large_leak,1,566,283047,0
36,large_leak,1,567,283547,0
36,large_leak,1,568,284047,19
36,large_leak,1,569,284547,40
36,large_leak,1,570,285047,71
36,large_leak,1,571,285547,69
36,large_leak,1,572,286047,75
36,large_leak,1,573,286547,93
36,large_leak,1,574,287047,103
36,large_leak,1,575,287547,120
36,large_leak,1,576,288047,93
36,large_leak,1,577,288547,91
36,large_leak,1,578,289047,103
36,large_leak,1,579,289547,108
36,large_leak,1,580,290047,85
36,large_leak,1,581,290547,78
36,large_leak,1,582,291047,95
36,large_leak,1,583,291547,105
36,large_leak,1,584,292047,90
36,large_leak,1,585,292547,79
36,large_leak,1,586,293047,84
36,large_leak,1,587,293547,89
36,large_leak,1,588,294047,83
36,large_leak,1,589,294547,89
36,large_leak,1,590,295047,76
36,large_leak,1,591,295547,53
36,large_leak,1,592,296047,57
36,large_leak,1,593,296547,63
36,large_leak,1,594,297047,55
36,large_leak,1,595,297547,33
36,large_leak,1,596,298047,11
36,large_leak,1,597,298547,12
36,large_leak,1,598,299047,7
36,large_leak,1,599,299547,0
36,large_leak,1,600,300047,0
36,large_leak,1,601,300547,0
36,large_leak,1,602,301047,0
36,large_leak,1,603,301547,0
36,large_leak,1,604,302047,0
36,large_leak,1,605,302547,0
36,large_leak,1,606,303047,0
36,large_leak,1,607,303547,0
36,large_leak,1,608,304047,0
36,large_leak,1,609,304547,41
36,large_leak,1,610,305047,84
36,large_leak,1,611,305547,103
36,large_leak,1,612,306047,101
36,large_leak,1,613,306547,93
36,large_leak,1,614,307047,137
36,large_leak,1,615,307547,121
36,large_leak,1,616,308047,137
36,large_leak,1,617,308547,126
36,large_leak,1,618,309047,85
36,large_leak,1,619,309547,103
36,large_leak,1,620,310047,101
36,large_leak,1,621,310547,54
36,large_leak,1,622,311047,40
36,large_leak,1,623,311547,13
36,large_leak,1,624,312047,31
36,large_leak,1,625,312547,42
36,large_leak,1,626,313047,31
36,large_leak,1,627,313547,39
36,large_leak,1,628,314047,35
36,large_leak,1,629,314547,16
36,large_leak,1,630,315047,7
36,large_leak,1,631,315547,0
36,large_leak,1,632,316047,0
36,large_leak,1,633,316547,0
36,large_leak,1,634,317047,9
36,large_leak,1,635,317547,28
36,large_leak,1,636,318047,57
36,large_leak,1,637,318547,77
36,large_leak,1,638,319047,83
36,large_leak,1,639,319547,101
36,large_leak,1,640,320047,135
36,large_leak,1,641,320547,172
36,large_leak,1,642,321047,180
36,large_leak,1,643,321547,181
36,large_leak,1,644,322047,200
36,large_leak,1,645,322547,205
36,large_leak,1,646,323047,218
36,large_leak,1,647,323547,217
36,large_leak,1,648,324047,211
36,large_leak,1,649,324547,212
36,large_leak,1,650,325047,203
36,large_leak,1,651,325547,199
36,large_leak,1,652,326047,172
36,large_leak,1,653,326547,136
36,large_leak,1,654,327047,90
36,large_leak,1,655,327547,43
36,large_leak,1,656,328047,10
36,large_leak,1,657,328547,0
36,large_leak,1,658,329047,0
36,large_leak,1,659,329547,0
36,large_leak,1,660,330047,0
36,large_leak,1,661,330547,0
36,large_leak,1,662,331047,0
36,large_leak,1,663,331547,0
36,large_leak,1,664,332047,19
36,large_leak,1,665,332547,42
36,large_leak,1,666,333047,75
36,large_leak,1,667,333547,123
36,large_leak,1,668,334047,158
36,large_leak,1,669,334547,172
36,large_leak,1,670,335047,185
36,large_leak,1,671,335547,181
36,large_leak,1,672,336047,153
36,large_leak,1,673,336547,127
36,large_leak,1,674,337047,110
36,large_leak,1,675,337547,102
36,large_leak,1,676,338047,71
36,large_leak,1,677,338547,36
36,large_leak,1,678,339047,4
36,large_leak,1,679,339547,37
36,large_leak,1,680,340047,59
36,large_leak,1,681,340547,53
36,large_leak,1,682,341047,48
36,large_leak,1,683,341547,53
36,large_leak,1,684,342047,87
36,large_leak,1,685,342547,121
36,large_leak,1,686,343047,149
36,large_leak,1,687,343547,191
36,large_leak,1,688,344047,203
36,large_leak,1,689,344547,228
36,large_leak,1,690,345047,250
36,large_leak,1,691,345547,230
36,large_leak,1,692,346047,203
36,large_leak,1,693,346547,168
36,large_leak,1,694,347047,105
36,large_leak,1,695,347547,73
36,large_leak,1,696,348047,29
36,large_leak,1,697,348547,2
36,large_leak,1,698,349047,0
36,large_leak,1,699,349547,0
36,large_leak,1,700,350047,0
36,large_leak,1,701,350547,0
36,large_leak,1,702,351047,0
36,large_leak,1,703,351547,0
36,large_leak,1,704,352047,0
36,large_leak,1,705,352547,52
36,large_leak,1,706,353047,107
36,large_leak,1,707,353547,175
36,large_leak,1,708,354047,219
36,large_leak,1,709,354547,235
36,large_leak,1,710,355047,245
36,large_leak,1,711,355547,247
36,large_leak,1,712,356047,238
36,large_leak,1,713,356547,217
36,large_leak,1,714,357047,200
36,large_leak,1,715,357547,159
36,large_leak,1,716,358047,107
36,large_leak,1,717,358547,53
36,large_leak,1,718,359047,13
36,large_leak,1,719,359547,0
36,large_leak,1,720,360047,17
36,large_leak,1,721,360547,21
36,large_leak,1,722,361047,5
36,large_leak,1,723,361547,0
36,large_leak,1,724,362047,0
36,large_leak,1,725,362547,4
36,large_leak,1,726,363047,24
36,large_leak,1,727,363547,58
36,large_leak,1,728,364047,89
36,large_leak,1,729,364547,91
36,large_leak,1,730,365047,105
36,large_leak,1,731,365547,119
36,large_leak,1,732,366047,127
36,large_leak,1,733,366547,125
36,large_leak,1,734,367047,101
36,large_leak,1,735,367547,69
36,large_leak,1,736,368047,47
36,large_leak,1,737,368547,43
36,large_leak,1,738,369047,19
36,large_leak,1,739,369547,1
36,large_leak,1,740,370047,6
36,large_leak,1,741,370547,0
36,large_leak,1,742,371047,0
36,large_leak,1,743,371547,0
36,large_leak,1,744,372047,0
36,large_leak,1,745,372547,0
36,large_leak,1,746,373047,2
36,large_leak,1,747,373547,0
36,large_leak,1,748,374048,23
36,large_leak,1,749,374547,62
36,large_leak,1,750,375047,104
36,large_leak,1,751,375547,137
36,large_leak,1,752,376047,151
36,large_leak,1,753,376547,165
36,large_leak,1,754,377047,180
36,large_leak,1,755,377547,159
36,large_leak,1,756,378047,139
36,large_leak,1,757,378547,119
36,large_leak,1,758,379047,102
36,large_leak,1,759,379547,107
36,large_leak,1,760,380047,115
36,large_leak,1,761,380547,109
36,large_leak,1,762,381047,109
36,large_leak,1,763,381547,103
36,large_leak,1,764,382047,108
36,large_leak,1,765,382547,153
36,large_leak,1,766,383047,125
36,large_leak,1,767,383547,179
36,large_leak,1,768,384047,173
36,large_leak,1,769,384547,151
36,large_leak,1,770,385047,159
36,large_leak,1,771,385547,149
36,large_leak,1,772,386047,153
36,large_leak,1,773,386547,160
36,large_leak,1,774,387047,158
36,large_leak,1,775,387547,155
36,large_leak,1,776,388047,121
36,large_leak,1,777,388547,96
36,large_leak,1,778,389047,92
36,large_leak,1,779,389547,88
36,large_leak,1,780,390047,86
36,large_leak,1,781,390547,70
36,large_leak,1,782,391047,58
36,large_leak,1,783,391547,29
36,large_leak,1,784,392047,18
36,large_leak,1,785,392547,2
36,large_leak,1,786,393047,0
36,large_leak,1,787,393547,0
36,large_leak,1,788,394047,0
36,large_leak,1,789,394547,0
36,large_leak,1,790,395047,0
36,large_leak,1,791,395547,0
36,large_leak,1,792,396047,0
36,large_leak,1,793,396547,0
36,large_leak,1,794,397047,0
36,large_leak,1,795,397547,0
36,large_leak,1,796,398047,0
36,large_leak,1,797,398547,0
36,large_leak,1,798,399047,0
36,large_leak,1,799,399547,17
36,large_leak,1,800,400047,13
36,large_leak,1,801,400547,24
36,large_leak,1,802,401047,7
36,large_leak,1,803,401547,0
36,large_leak,1,804,402047,0
36,large_leak,1,805,402547,0
36,large_leak,1,806,403047,0
36,large_leak,1,807,403547,0
36,large_leak,1,808,404047,0
36,large_leak,1,809,404547,0
36,large_leak,1,810,405047,0
36,large_leak,1,811,405547,0
36,large_leak,1,812,406047,0
36,large_leak,1,813,406547,22
36,large_leak,1,814,407047,45
36,large_leak,1,815,407547,56
36,large_leak,1,816,408047,62
36,large_leak,1,817,408547,71
36,large_leak,1,818,409047,74
36,large_leak,1,819,409547,84
36,large_leak,1,820,410047,89
36,large_leak,1,821,410547,70
36,large_leak,1,822,411047,50
36,large_leak,1,823,411547,43
36,large_leak,1,824,412047,45
36,large_leak,1,825,412547,55
36,large_leak,1,826,413047,79
36,large_leak,1,827,413547,117
36,large_leak,1,828,414047,139
36,large_leak,1,829,414547,123
36,large_leak,1,830,415047,121
36,large_leak,1,831,415547,112
36,large_leak,1,832,416047,93
36,large_leak,1,833,416547,57
36,large_leak,1,834,417047,27
36,large_leak,1,835,417547,9
36,large_leak,1,836,418047,17
36,large_leak,1,837,418547,9
36,large_leak,1,838,419047,28
36,large_leak,1,839,419547,41
36,large_leak,1,840,420047,57
36,large_leak,1,841,420547,84
36,large_leak,1,842,421047,105
36,large_leak,1,843,421547,119
36,large_leak,1,844,422047,109
36,large_leak,1,845,422547,135
36,large_leak,1,846,423047,149
36,large_leak,1,847,423547,167
36,large_leak,1,848,424047,167
36,large_leak,1,849,424547,175
36,large_leak,1,850,425047,157
36,large_leak,1,851,425547,157
36,large_leak,1,852,426047,153
36,large_leak,1,853,426547,131
36,large_leak,1,854,427047,135
36,large_leak,1,855,427547,115
36,large_leak,1,856,428047,87
36,large_leak,1,857,428547,82
36,large_leak,1,858,429047,73
36,large_leak,1,859,429547,57
36,large_leak,1,860,430047,60
36,large_leak,1,861,430547,26
36,large_leak,1,862,431047,21
36,large_leak,1,863,431547,51
36,large_leak,1,864,432047,59
36,large_leak,1,865,432547,83
36,large_leak,1,866,433047,77
36,large_leak,1,867,433547,76
36,large_leak,1,868,434047,83
36,large_leak,1,869,434547,93
36,large_leak,1,870,435047,85
36,large_leak,1,871,435547,68
36,large_leak,1,872,436047,55
36,large_leak,1,873,436547,51
36,large_leak,1,874,437047,51
36,large_leak,1,875,437547,67
36,large_leak,1,876,438047,89
36,large_leak,1,877,438547,105
36,large_leak,1,878,439047,76
36,large_leak,1,879,439547,68
36,large_leak,1,880,440047,62
36,large_leak,1,881,440547,60
36,large_leak,1,882,441047,74
36,large_leak,1,883,441547,75
36,large_leak,1,884,442047,79
36,large_leak,1,885,442547,121
36,large_leak,1,886,443047,157
36,large_leak,1,887,443547,147
36,large_leak,1,888,444047,142
36,large_leak,1,889,444547,157
36,large_leak,1,890,445047,185
36,large_leak,1,891,445547,212
36,large_leak,1,892,446047,213
36,large_leak,1,893,446547,219
36,large_leak,1,894,447047,228
36,large_leak,1,895,447547,197
36,large_leak,1,896,448047,150
36,large_leak,1,897,448547,148
36,large_leak,1,898,449047,117
36,large_leak,1,899,449547,102
36,large_leak,1,900,450047,75
36,large_leak,1,901,450547,61
36,large_leak,1,902,451047,74
36,large_leak,1,903,451547,83
36,large_leak,1,904,452047,93
36,large_leak,1,905,452547,77
36,large_leak,1,906,453047,55
36,large_leak,1,907,453547,61
36,large_leak,1,908,454047,99
36,large_leak,1,909,454547,109
36,large_leak,1,910,455047,110
36,large_leak,1,911,455547,124
36,large_leak,1,912,456047,157
36,large_leak,1,913,456547,175
36,large_leak,1,914,457047,183
36,large_leak,1,915,457547,169
36,large_leak,1,916,458047,135
36,large_leak,1,917,458547,94
36,large_leak,1,918,459047,67
36,large_leak,1,919,459547,41
36,large_leak,1,920,460047,19
36,large_leak,1,921,460547,3
36,large_leak,1,922,461047,0
36,large_leak,1,923,461547,0
36,large_leak,1,924,462047,0
36,large_leak,1,925,462547,0
36,large_leak,1,926,463047,0
36,large_leak,1,927,463547,0
36,large_leak,1,928,464047,0
36,large_leak,1,929,464547,0
36,large_leak,1,930,465047,0
36,large_leak,1,931,465547,0
36,large_leak,1,932,466047,0
36,large_leak,1,933,466547,0
36,large_leak,1,934,467047,0
36,large_leak,1,935,467547,29
36,large_leak,1,936,468047,44
36,large_leak,1,937,468547,47
36,large_leak,1,938,469047,71
36,large_leak,1,939,469547,69
36,large_leak,1,940,470047,71
36,large_leak,1,941,470547,69
36,large_leak,1,942,471047,77
36,large_leak,1,943,471547,41
36,large_leak,1,944,472047,41
36,large_leak,1,945,472547,77
36,large_leak,1,946,473047,119
36,large_leak,1,947,473547,141
36,large_leak,1,948,474047,134
36,large_leak,1,949,474547,121
36,large_leak,1,950,475048,127
36,large_leak,1,951,475547,110
36,large_leak,1,952,476047,95
36,large_leak,1,953,476547,70
36,large_leak,1,954,477047,70
36,large_leak,1,955,477547,87
36,large_leak,1,956,478047,107
36,large_leak,1,957,478547,117
36,large_leak,1,958,479047,139
36,large_leak,1,959,479547,168
36,large_leak,1,960,480047,169
36,large_leak,1,961,480547,159
36,large_leak,1,962,481047,159
36,large_leak,1,963,481547,157
36,large_leak,1,964,482047,141
36,large_leak,1,965,482547,127
36,large_leak,1,966,483047,120
36,large_leak,1,967,483547,121
36,large_leak,1,968,484047,126
36,large_leak,1,969,484547,117
36,large_leak,1,970,485047,97
36,large_leak,1,971,485547,95
36,large_leak,1,972,486047,90
36,large_leak,1,973,486547,85
36,large_leak,1,974,487047,91
36,large_leak,1,975,487547,102
36,large_leak,1,976,488047,102
36,large_leak,1,977,488547,107
36,large_leak,1,978,489047,106
36,large_leak,1,979,489547,101
36,large_leak,1,980,490047,116
36,large_leak,1,981,490547,125
36,large_leak,1,982,491047,122
36,large_leak,1,983,491547,93
36,large_leak,1,984,492047,107
36,large_leak,1,985,492547,105
36,large_leak,1,986,493047,91
36,large_leak,1,987,493547,83
36,large_leak,1,988,494047,45
36,large_leak,1,989,494547,17
36,large_leak,1,990,495047,12
36,large_leak,1,991,495547,0
36,large_leak,1,992,496047,0
36,large_leak,1,993,496547,0
36,large_leak,1,994,497047,0
36,large_leak,1,995,497547,5
36,large_leak,1,996,498047,22
36,large_leak,1,997,498547,39
36,large_leak,1,998,499047,73
36,large_leak,1,999,499547,103
36,large_leak,1,1000,500047,117
36,large_leak,1,1001,500547,127
36,large_leak,1,1002,501047,141
36,large_leak,1,1003,501547,142
36,large_leak,1,1004,502047,133
36,large_leak,1,1005,502547,111
36,large_leak,1,1006,503047,99
36,large_leak,1,1007,503547,77
36,large_leak,1,1008,504047,87
36,large_leak,1,1009,504547,95
36,large_leak,1,1010,505047,110
36,large_leak,1,1011,505547,146
36,large_leak,1,1012,506047,127
36,large_leak,1,1013,506547,107
36,large_leak,1,1014,507047,85
36,large_leak,1,1015,507547,37
36,large_leak,1,1016,508047,9
36,large_leak,1,1017,508547,0
36,large_leak,1,1018,509047,0
36,large_leak,1,1019,509547,39
36,large_leak,1,1020,510047,77
36,large_leak,1,1021,510547,121
36,large_leak,1,1022,511047,145
36,large_leak,1,1023,511547,151
36,large_leak,1,1024,512047,147
36,large_leak,1,1025,512547,124
36,large_leak,1,1026,513047,100
36,large_leak,1,1027,513547,44
36,large_leak,1,1028,514047,9
36,large_leak,1,1029,514547,0
36,large_leak,1,1030,515047,0
36,large_leak,1,1031,515547,0
36,large_leak,1,1032,516047,0
36,large_leak,1,1033,516547,0
36,large_leak,1,1034,517047,0
36,large_leak,1,1035,517547,0
36,large_leak,1,1036,518047,0
36,large_leak,1,1037,518547,0
36,large_leak,1,1038,519047,0
36,large_leak,1,1039,519547,29
36,large_leak,1,1040,520047,27
36,large_leak,1,1041,520547,11
36,large_leak,1,1042,521047,59
36,large_leak,1,1043,521547,74
36,large_leak,1,1044,522047,120
36,large_leak,1,1045,522547,177
36,large_leak,1,1046,523047,190
36,large_leak,1,1047,523547,229
36,large_leak,1,1048,524047,235
36,large_leak,1,1049,524547,197
36,large_leak,1,1050,525047,153
36,large_leak,1,1051,525547,85
36,large_leak,1,1052,526047,23
36,large_leak,1,1053,526547,1
36,large_leak,1,1054,527047,0
36,large_leak,1,1055,527547,0
36,large_leak,1,1056,528047,0
36,large_leak,1,1057,528547,0
36,large_leak,1,1058,529047,0
36,large_leak,1,1059,529547,0
36,large_leak,1,1060,530047,0
36,large_leak,1,1061,530547,0
36,large_leak,1,1062,531047,20
36,large_leak,1,1063,531547,59
36,large_leak,1,1064,532047,100
36,large_leak,1,1065,532547,141
36,large_leak,1,1066,533047,175
36,large_leak,1,1067,533547,215
36,large_leak,1,1068,534047,231
36,large_leak,1,1069,534547,243
36,large_leak,1,1070,535047,217
36,large_leak,1,1071,535547,207
36,large_leak,1,1072,536047,190
36,large_leak,1,1073,536547,174
36,large_leak,1,1074,537047,171
36,large_leak,1,1075,537547,169
36,large_leak,1,1076,538047,170
36,large_leak,1,1077,538547,175
36,large_leak,1,1078,539047,171
36,large_leak,1,1079,539547,157
36,large_leak,1,1080,540047,151
36,large_leak,1,1081,540547,115
36,large_leak,1,1082,541047,73
36,large_leak,1,1083,541547,72
36,large_leak,1,1084,542047,53
36,large_leak,1,1085,542547,45
36,large_leak,1,1086,543047,29
36,large_leak,1,1087,543547,24
36,large_leak,1,1088,544047,22
36,large_leak,1,1089,544547,21
36,large_leak,1,1090,545047,23
36,large_leak,1,1091,545547,25
36,large_leak,1,1092,546047,30
36,large_leak,1,1093,546547,30
36,large_leak,1,1094,547047,29
36,large_leak,1,1095,547547,39
36,large_leak,1,1096,548047,41
36,large_leak,1,1097,548547,31
36,large_leak,1,1098,549047,29
36,large_leak,1,1099,549547,24
36,large_leak,1,1100,550047,35
36,large_leak,1,1101,550547,30
36,large_leak,1,1102,551047,19
36,large_leak,1,1103,551547,13
36,large_leak,1,1104,552047,2
36,large_leak,1,1105,552547,58
36,large_leak,1,1106,553047,52
36,large_leak,1,1107,553547,83
36,large_leak,1,1108,554047,91
36,large_leak,1,1109,554547,99
36,large_leak,1,1110,555047,115
36,large_leak,1,1111,555547,109
36,large_leak,1,1112,556047,107
36,large_leak,1,1113,556547,110
36,large_leak,1,1114,557047,101
36,large_leak,1,1115,557547,88
36,large_leak,1,1116,558047,68
36,large_leak,1,1117,558547,39
36,large_leak,1,1118,559047,27
36,large_leak,1,1119,559547,24
36,large_leak,1,1120,560047,26
36,large_leak,1,1121,560547,22
36,large_leak,1,1122,561047,42
36,large_leak,1,1123,561547,57
36,large_leak,1,1124,562047,59
36,large_leak,1,1125,562547,44
36,large_leak,1,1126,563047,21
36,large_leak,1,1127,563547,19
36,large_leak,1,1128,564047,24
36,large_leak,1,1129,564547,27
36,large_leak,1,1130,565047,9
36,large_leak,1,1131,565547,5
36,large_leak,1,1132,566047,26
36,large_leak,1,1133,566547,47
36,large_leak,1,1134,567047,72
36,large_leak,1,1135,567547,79
36,large_leak,1,1136,568047,72
36,large_leak,1,1137,568547,78
36,large_leak,1,1138,569047,97
36,large_leak,1,1139,569547,132
36,large_leak,1,1140,570047,137
36,large_leak,1,1141,570547,118
36,large_leak,1,1142,571047,93
36,large_leak,1,1143,571547,121
36,large_leak,1,1144,572047,153
36,large_leak,1,1145,572547,179
36,large_leak,1,1146,573047,172
36,large_leak,1,1147,573547,164
36,large_leak,1,1148,574047,149
36,large_leak,1,1149,574547,137
36,large_leak,1,1150,575047,97
36,large_leak,1,1151,575547,57
36,large_leak,1,1152,576047,29
36,large_leak,1,1153,576547,5
36,large_leak,1,1154,577047,0
36,large_leak,1,1155,577547,0
36,large_leak,1,1156,578047,0
36,large_leak,1,1157,578547,0
36,large_leak,1,1158,579047,0
36,large_leak,1,1159,579547,0
36,large_leak,1,1160,580047,24
36,large_leak,1,1161,580547,63
36,large_leak,1,1162,581047,96
36,large_leak,1,1163,581547,105
36,large_leak,1,1164,582047,135
36,large_leak,1,1165,582547,165
36,large_leak,1,1166,583047,191
36,large_leak,1,1167,583547,186
36,large_leak,1,1168,584047,166
36,large_leak,1,1169,584547,133
36,large_leak,1,1170,585047,90
36,large_leak,1,1171,585547,69
36,large_leak,1,1172,586047,67
36,large_leak,1,1173,586547,48
36,large_leak,1,1174,587047,53
36,large_leak,1,1175,587547,51
36,large_leak,1,1176,588047,53
36,large_leak,1,1177,588547,47
36,large_leak,1,1178,589047,41
36,large_leak,1,1179,589547,30
36,large_leak,1,1180,590047,16
36,large_leak,1,1181,590547,0
36,large_leak,1,1182,591047,0
36,large_leak,1,1183,591547,0
36,large_leak,1,1184,592047,0
36,large_leak,1,1185,592547,1
36,large_leak,1,1186,593047,0
36,large_leak,1,1187,593547,21
36,large_leak,1,1188,594047,53
36,large_leak,1,1189,594547,100
36,large_leak,1,1190,595047,145
36,large_leak,1,1191,595547,179
36,large_leak,1,1192,596047,217
36,large_leak,1,1193,596547,239
36,large_leak,1,1194,597047,244
36,large_leak,1,1195,597547,220
36,large_leak,1,1196,598047,167
36,large_leak,1,1197,598547,134
36,large_leak,1,1198,599047,135
36,large_leak,1,1199,599547,91
36,large_leak,1,1200,600047,39
36,large_leak,1,1201,600547,57
36,large_leak,1,1202,601047,75
36,large_leak,1,1203,601547,77
36,large_leak,1,1204,602047,75
36,large_leak,1,1205,602547,46
36,large_leak,1,1206,603047,51
36,large_leak,1,1207,603547,69
36,large_leak,1,1208,604047,62
36,large_leak,1,1209,604547,47
36,large_leak,1,1210,605047,29
36,large_leak,1,1211,605547,6
36,large_leak,1,1212,606047,0
36,large_leak,1,1213,606547,0
36,large_leak,1,1214,607047,0
36,large_leak,1,1215,607547,0
36,large_leak,1,1216,608047,0
36,large_leak,1,1217,608547,0
36,large_leak,1,1218,609047,0
36,large_leak,1,1219,609547,0
36,large_leak,1,1220,610047,25
36,large_leak,1,1221,610547,59
36,large_leak,1,1222,611047,103
36,large_leak,1,1223,611547,119
36,large_leak,1,1224,612047,117
36,large_leak,1,1225,612547,90
36,large_leak,1,1226,613047,89
36,large_leak,1,1227,613547,109
36,large_leak,1,1228,614047,98
36,large_leak,1,1229,614547,69
36,large_leak,1,1230,615047,30
36,large_leak,1,1231,615547,11
36,large_leak,1,1232,616047,0
36,large_leak,1,1233,616547,0
36,large_leak,1,1234,617047,0
36,large_leak,1,1235,617547,0
36,large_leak,1,1236,618047,0
36,large_leak,1,1237,618547,0
36,large_leak,1,1238,619047,0
36,large_leak,1,1239,619547,0
36,large_leak,1,1240,620047,0
36,large_leak,1,1241,620547,0
36,large_leak,1,1242,621047,43
36,large_leak,1,1243,621547,120
36,large_leak,1,1244,622047,188
36,large_leak,1,1245,622547,277
36,large_leak,1,1246,623047,359
36,large_leak,1,1247,623547,413
36,large_leak,1,1248,624047,446
36,large_leak,1,1249,624547,458
36,large_leak,1,1250,625047,463
36,large_leak,1,1251,625547,443
36,large_leak,1,1252,626047,447
36,large_leak,1,1253,626547,403
36,large_leak,1,1254,627047,333
36,large_leak,1,1255,627547,216
36,large_leak,1,1256,628047,148
36,large_leak,1,1257,628547,114
36,large_leak,1,1258,629047,77
36,large_leak,1,1259,629547,30
36,large_leak,1,1260,630047,3
36,large_leak,1,1261,630547,0
36,large_leak,1,1262,631047,0
36,large_leak,1,1263,631547,18
36,large_leak,1,1264,632047,68
36,large_leak,1,1265,632547,93
36,large_leak,1,1266,633047,103
36,large_leak,1,1267,633547,147
36,large_leak,1,1268,634047,182
36,large_leak,1,1269,634547,179
36,large_leak,1,1270,635047,175
36,large_leak,1,1271,635547,183
36,large_leak,1,1272,636047,155
36,large_leak,1,1273,636547,121
36,large_leak,1,1274,637047,116
36,large_leak,1,1275,637547,87
36,large_leak,1,1276,638047,55
36,large_leak,1,1277,638547,59
36,large_leak,1,1278,639047,54
36,large_leak,1,1279,639547,45
36,large_leak,1,1280,640047,53
36,large_leak,1,1281,640547,28
36,large_leak,1,1282,641047,11
36,large_leak,1,1283,641547,21
36,large_leak,1,1284,642047,28
36,large_leak,1,1285,642547,23
36,large_leak,1,1286,643047,30
36,large_leak,1,1287,643547,41
36,large_leak,1,1288,644047,31
36,large_leak,1,1289,644548,19
36,large_leak,1,1290,645047,16
36,large_leak,1,1291,645547,5
36,large_leak,1,1292,646047,0
36,large_leak,1,1293,646547,0
36,large_leak,1,1294,647047,0
36,large_leak,1,1295,647547,0
36,large_leak,1,1296,648047,0
36,large_leak,1,1297,648547,0
36,large_leak,1,1298,649047,0
36,large_leak,1,1299,649547,0
36,large_leak,1,1300,650047,0
36,large_leak,1,1301,650547,0
36,large_leak,1,1302,651047,0
36,large_leak,1,1303,651547,53
36,large_leak,1,1304,652047,105
36,large_leak,1,1305,652547,126
36,large_leak,1,1306,653047,146
36,large_leak,1,1307,653547,163
36,large_leak,1,1308,654047,182
36,large_leak,1,1309,654547,184
36,large_leak,1,1310,655047,173
36,large_leak,1,1311,655547,155
36,large_leak,1,1312,656047,141
36,large_leak,1,1313,656547,151
36,large_leak,1,1314,657047,139
36,large_leak,1,1315,657547,99
36,large_leak,1,1316,658047,87
36,large_leak,1,1317,658547,88
36,large_leak,1,1318,659047,61
36,large_leak,1,1319,659547,51
36,large_leak,1,1320,660047,21
36,large_leak,1,1321,660547,3
36,large_leak,1,1322,661047,0
36,large_leak,1,1323,661547,0
36,large_leak,1,1324,662047,0
36,large_leak,1,1325,662547,0
36,large_leak,1,1326,663047,0
36,large_leak,1,1327,663547,0
36,large_leak,1,1328,664047,0
36,large_leak,1,1329,664547,0
36,large_leak,1,1330,665047,0
36,large_leak,1,1331,665547,0
36,large_leak,1,1332,666047,20
36,large_leak,1,1333,666547,46
36,large_leak,1,1334,667047,105
36,large_leak,1,1335,667547,127
36,large_leak,1,1336,668047,163
36,large_leak,1,1337,668547,173
36,large_leak,1,1338,669047,181
36,large_leak,1,1339,669547,175
36,large_leak,1,1340,670047,173
36,large_leak,1,1341,670547,151
36,large_leak,1,1342,671047,133
36,large_leak,1,1343,671547,100
36,large_leak,1,1344,672047,53
36,large_leak,1,1345,672547,21
36,large_leak,1,1346,673047,0
36,large_leak,1,1347,673547,0
36,large_leak,1,1348,674047,0
36,large_leak,1,1349,674547,0
36,large_leak,1,1350,675047,0
36,large_leak,1,1351,675547,0
36,large_leak,1,1352,676047,0
36,large_leak,1,1353,676547,0
36,large_leak,1,1354,677047,0
36,large_leak,1,1355,677547,0
36,large_leak,1,1356,678047,0
36,large_leak,1,1357,678547,18
36,large_leak,1,1358,679047,22
36,large_leak,1,1359,679547,35
36,large_leak,1,1360,680047,56
36,large_leak,1,1361,680547,77
36,large_leak,1,1362,681047,91
36,large_leak,1,1363,681547,109
36,large_leak,1,1364,682047,147
36,large_leak,1,1365,682547,152
36,large_leak,1,1366,683047,131
36,large_leak,1,1367,683547,99
36,large_leak,1,1368,684047,63
36,large_leak,1,1369,684547,45
36,large_leak,1,1370,685047,17
36,large_leak,1,1371,685547,0
36,large_leak,1,1372,686047,0
36,large_leak,1,1373,686547,0
36,large_leak,1,1374,687047,9
36,large_leak,1,1375,687547,42
36,large_leak,1,1376,688047,61
36,large_leak,1,1377,688547,78
36,large_leak,1,1378,689047,102
36,large_leak,1,1379,689547,135
36,large_leak,1,1380,690047,175
36,large_leak,1,1381,690547,205
36,large_leak,1,1382,691047,205
36,large_leak,1,1383,691547,174
36,large_leak,1,1384,692047,141
36,large_leak,1,1385,692547,94
36,large_leak,1,1386,693047,53
36,large_leak,1,1387,693547,21
36,large_leak,1,1388,694047,23
36,large_leak,1,1389,694547,19
36,large_leak,1,1390,695047,39
36,large_leak,1,1391,695547,69
36,large_leak,1,1392,696047,95
36,large_leak,1,1393,696547,89
36,large_leak,1,1394,697047,89
36,large_leak,1,1395,697547,118
36,large_leak,1,1396,698047,139
36,large_leak,1,1397,698547,152
36,large_leak,1,1398,699047,151
36,large_leak,1,1399,699547,147
36,large_leak,1,1400,700047,133
36,large_leak,1,1401,700547,89
36,large_leak,1,1402,701047,51
36,large_leak,1,1403,701547,23
36,large_leak,1,1404,702047,5
36,large_leak,1,1405,702547,0
36,large_leak,1,1406,703047,0
36,large_leak,1,1407,703547,0
36,large_leak,1,1408,704047,0
36,large_leak,1,1409,704547,0
36,large_leak,1,1410,705047,13
36,large_leak,1,1411,705547,27
36,large_leak,1,1412,706047,55
36,large_leak,1,1413,706547,42
36,large_leak,1,1414,707047,46
36,large_leak,1,1415,707547,70
36,large_leak,1,1416,708047,87
36,large_leak,1,1417,708547,108
36,large_leak,1,1418,709047,141
36,large_leak,1,1419,709547,172
36,large_leak,1,1420,710047,205
36,large_leak,1,1421,710547,226
36,large_leak,1,1422,711047,243
36,large_leak,1,1423,711547,251
36,large_leak,1,1424,712047,246
36,large_leak,1,1425,712547,243
36,large_leak,1,1426,713047,243
36,large_leak,1,1427,713547,237
36,large_leak,1,1428,714047,239
36,large_leak,1,1429,714547,234
36,large_leak,1,1430,715047,223
36,large_leak,1,1431,715547,218
36,large_leak,1,1432,716047,228
36,large_leak,1,1433,716547,247
36,large_leak,1,1434,717047,266
36,large_leak,1,1435,717547,273
36,large_leak,1,1436,718047,291
36,large_leak,1,1437,718547,281
36,large_leak,1,1438,719047,264
36,large_leak,1,1439,719547,232
36,large_leak,1,1440,720047,186
36,large_leak,1,1441,720547,119
36,large_leak,1,1442,721047,53
36,large_leak,1,1443,721547,10
36,large_leak,1,1444,722047,0
36,large_leak,1,1445,722547,0
36,large_leak,1,1446,723047,0
36,large_leak,1,1447,723547,0
36,large_leak,1,1448,724047,0
36,large_leak,1,1449,724547,0
36,large_leak,1,1450,725047,0
36,large_leak,1,1451,725547,0
36,large_leak,1,1452,726047,40
36,large_leak,1,1453,726547,56
36,large_leak,1,1454,727047,69
36,large_leak,1,1455,727547,77
36,large_leak,1,1456,728047,77
36,large_leak,1,1457,728547,77
36,large_leak,1,1458,729047,55
36,large_leak,1,1459,729547,57
36,large_leak,1,1460,730047,55
36,large_leak,1,1461,730547,41
36,large_leak,1,1462,731047,40
36,large_leak,1,1463,731547,75
36,large_leak,1,1464,732047,97
36,large_leak,1,1465,732547,99
36,large_leak,1,1466,733047,79
36,large_leak,1,1467,733547,47
36,large_leak,1,1468,734047,50
36,large_leak,1,1469,734547,70
36,large_leak,1,1470,735047,73
36,large_leak,1,1471,735547,83
36,large_leak,1,1472,736047,108
36,large_leak,1,1473,736547,153
36,large_leak,1,1474,737047,191
36,large_leak,1,1475,737547,222
36,large_leak,1,1476,738047,215
36,large_leak,1,1477,738547,215
36,large_leak,1,1478,739047,214
36,large_leak,1,1479,739547,199
36,large_leak,1,1480,740047,185
36,large_leak,1,1481,740547,173
36,large_leak,1,1482,741047,173
36,large_leak,1,1483,741547,168
36,large_leak,1,1484,742047,167
36,large_leak,1,1485,742547,172
36,large_leak,1,1486,743047,185
36,large_leak,1,1487,743547,215
36,large_leak,1,1488,744047,237
36,large_leak,1,1489,744547,229
36,large_leak,1,1490,745047,188
36,large_leak,1,1491,745547,118
36,large_leak,1,1492,746047,109
36,large_leak,1,1493,746547,87
36,large_leak,1,1494,747047,59
36,large_leak,1,1495,747547,26
36,large_leak,1,1496,748047,1
36,large_leak,1,1497,748547,0
36,large_leak,1,1498,749047,0
36,large_leak,1,1499,749547,0
36,large_leak,1,1500,750047,0
36,large_leak,1,1501,750547,0
36,large_leak,1,1502,751047,0
36,large_leak,1,1503,751547,0
36,large_leak,1,1504,752047,0
36,large_leak,1,1505,752547,0
36,large_leak,1,1506,753047,0
36,large_leak,1,1507,753547,3
36,large_leak,1,1508,754047,12
36,large_leak,1,1509,754547,19
36,large_leak,1,1510,755047,1
36,large_leak,1,1511,755547,0
36,large_leak,1,1512,756047,0
36,large_leak,1,1513,756547,0
36,large_leak,1,1514,757047,0
36,large_leak,1,1515,757547,0
36,large_leak,1,1516,758047,0
36,large_leak,1,1517,758547,0
36,large_leak,1,1518,759047,0
36,large_leak,1,1519,759547,0
36,large_leak,1,1520,760047,0
36,large_leak,1,1521,760547,0
36,large_leak,1,1522,761047,0
36,large_leak,1,1523,761547,0
36,large_leak,1,1524,762047,0
36,large_leak,1,1525,762547,13
36,large_leak,1,1526,763047,1
36,large_leak,1,1527,763547,0
36,large_leak,1,1528,764047,13
36,large_leak,1,1529,764547,26
36,large_leak,1,1530,765047,41
36,large_leak,1,1531,765547,51
36,large_leak,1,1532,766047,46
36,large_leak,1,1533,766547,54
36,large_leak,1,1534,767047,69
36,large_leak,1,1535,767547,64
36,large_leak,1,1536,768047,63
36,large_leak,1,1537,768547,79
36,large_leak,1,1538,769047,70
36,large_leak,1,1539,769547,27
36,large_leak,1,1540,770047,5
36,large_leak,1,1541,770547,6
36,large_leak,1,1542,771047,59
36,large_leak,1,1543,771547,89
36,large_leak,1,1544,772047,107
36,large_leak,1,1545,772547,121
36,large_leak,1,1546,773047,165
36,large_leak,1,1547,773547,221
36,large_leak,1,1548,774047,219
36,large_leak,1,1549,774547,221
36,large_leak,1,1550,775047,201
36,large_leak,1,1551,775547,217
36,large_leak,1,1552,776047,228
36,large_leak,1,1553,776547,219
36,large_leak,1,1554,777047,211
36,large_leak,1,1555,777547,183
36,large_leak,1,1556,778047,180
36,large_leak,1,1557,778547,181
36,large_leak,1,1558,779047,159
36,large_leak,1,1559,779547,142
36,large_leak,1,1560,780047,133
36,large_leak,1,1561,780547,112
36,large_leak,1,1562,781047,103
36,large_leak,1,1563,781547,103
36,large_leak,1,1564,782047,104
36,large_leak,1,1565,782547,93
36,large_leak,1,1566,783047,59
36,large_leak,1,1567,783547,14
36,large_leak,1,1568,784047,0
36,large_leak,1,1569,784547,0
36,large_leak,1,1570,785047,0
36,large_leak,1,1571,785547,0
36,large_leak,1,1572,786047,0
36,large_leak,1,1573,786547,0
36,large_leak,1,1574,787047,23
36,large_leak,1,1575,787547,88
36,large_leak,1,1576,788047,98
36,large_leak,1,1577,788547,105
36,large_leak,1,1578,789047,135
36,large_leak,1,1579,789547,123
36,large_leak,1,1580,790047,135
36,large_leak,1,1581,790547,119
36,large_leak,1,1582,791047,111
36,large_leak,1,1583,791547,120
36,large_leak,1,1584,792047,109
36,large_leak,1,1585,792547,103
36,large_leak,1,1586,793047,105
36,large_leak,1,1587,793547,122
36,large_leak,1,1588,794047,143
36,large_leak,1,1589,794547,167
36,large_leak,1,1590,795047,176
36,large_leak,1,1591,795547,173
36,large_leak,1,1592,796047,179
36,large_leak,1,1593,796547,156
36,large_leak,1,1594,797047,115
36,large_leak,1,1595,797547,87
36,large_leak,1,1596,798047,57
36,large_leak,1,1597,798547,25
36,large_leak,1,1598,799047,27
36,large_leak,1,1599,799547,51
36,large_leak,1,1600,800047,61
36,large_leak,1,1601,800547,84
36,large_leak,1,1602,801047,132
36,large_leak,1,1603,801547,159
36,large_leak,1,1604,802047,175
36,large_leak,1,1605,802547,190
36,large_leak,1,1606,803047,186
36,large_leak,1,1607,803547,174
36,large_leak,1,1608,804047,159
36,large_leak,1,1609,804547,141
36,large_leak,1,1610,805047,123
36,large_leak,1,1611,805547,109
36,large_leak,1,1612,806047,103
36,large_leak,1,1613,806547,93
36,large_leak,1,1614,807047,94
36,large_leak,1,1615,807547,93
36,large_leak,1,1616,808047,93
36,large_leak,1,1617,808547,116
36,large_leak,1,1618,809047,155
36,large_leak,1,1619,809547,159
36,large_leak,1,1620,810047,173
36,large_leak,1,1621,810547,180
36,large_leak,1,1622,811047,175
36,large_leak,1,1623,811547,181
36,large_leak,1,1624,812047,175
36,large_leak,1,1625,812547,149
36,large_leak,1,1626,813047,125
36,large_leak,1,1627,813547,104
36,large_leak,1,1628,814047,91
36,large_leak,1,1629,814547,57
36,large_leak,1,1630,815047,43
36,large_leak,1,1631,815547,27
36,large_leak,1,1632,816047,0
36,large_leak,1,1633,816547,0
36,large_leak,1,1634,817047,0
36,large_leak,1,1635,817547,0
36,large_leak,1,1636,818047,0
36,large_leak,1,1637,818547,0
36,large_leak,1,1638,819047,0
36,large_leak,1,1639,819547,0
36,large_leak,1,1640,820047,0
36,large_leak,1,1641,820547,0
36,large_leak,1,1642,821047,0
36,large_leak,1,1643,821547,41
36,large_leak,1,1644,822047,77
36,large_leak,1,1645,822547,111
36,large_leak,1,1646,823047,149
36,large_leak,1,1647,823547,172
36,large_leak,1,1648,824047,181
36,large_leak,1,1649,824547,185
36,large_leak,1,1650,825047,183
36,large_leak,1,1651,825547,146
36,large_leak,1,1652,826047,94
36,large_leak,1,1653,826547,62
36,large_leak,1,1654,827047,38
36,large_leak,1,1655,827547,17
36,large_leak,1,1656,828047,5
36,large_leak,1,1657,828547,0
36,large_leak,1,1658,829047,0
36,large_leak,1,1659,829547,0
36,large_leak,1,1660,830047,0
36,large_leak,1,1661,830547,0
36,large_leak,1,1662,831047,0
36,large_leak,1,1663,831547,35
36,large_leak,1,1664,832047,5
36,large_leak,1,1665,832547,86
36,large_leak,1,1666,833047,111
36,large_leak,1,1667,833547,107
36,large_leak,1,1668,834047,153
36,large_leak,1,1669,834547,149
36,large_leak,1,1670,835047,126
36,large_leak,1,1671,835547,122
36,large_leak,1,1672,836047,97
36,large_leak,1,1673,836547,77
36,large_leak,1,1674,837047,95
36,large_leak,1,1675,837547,75
36,large_leak,1,1676,838047,38
36,large_leak,1,1677,838547,27
36,large_leak,1,1678,839047,10
36,large_leak,1,1679,839547,0
36,large_leak,1,1680,840047,0
36,large_leak,1,1681,840547,0
36,large_leak,1,1682,841047,9
36,large_leak,1,1683,841547,57
36,large_leak,1,1684,842047,101
36,large_leak,1,1685,842547,127
36,large_leak,1,1686,843047,163
36,large_leak,1,1687,843547,189
36,large_leak,1,1688,844047,215
36,large_leak,1,1689,844547,229
36,large_leak,1,1690,845047,247
36,large_leak,1,1691,845547,245
36,large_leak,1,1692,846047,251
36,large_leak,1,1693,846547,265
36,large_leak,1,1694,847047,265
36,large_leak,1,1695,847547,244
36,large_leak,1,1696,848047,223
36,large_leak,1,1697,848547,199
36,large_leak,1,1698,849047,171
36,large_leak,1,1699,849547,163
36,large_leak,1,1700,850047,149
36,large_leak,1,1701,850547,125
36,large_leak,1,1702,851047,115
36,large_leak,1,1703,851547,103
36,large_leak,1,1704,852047,85
36,large_leak,1,1705,852547,63
36,large_leak,1,1706,853047,51
36,large_leak,1,1707,853547,40
36,large_leak,1,1708,854047,25
36,large_leak,1,1709,854547,7
36,large_leak,1,1710,855047,0
36,large_leak,1,1711,855547,0
36,large_leak,1,1712,856047,0
36,large_leak,1,1713,856547,0
36,large_leak,1,1714,857047,0
36,large_leak,1,1715,857547,0
36,large_leak,1,1716,858047,0
36,large_leak,1,1717,858547,0
36,large_leak,1,1718,859047,0
36,large_leak,1,1719,859547,0
36,large_leak,1,1720,860047,0
36,large_leak,1,1721,860547,0
36,large_leak,1,1722,861047,1
36,large_leak,1,1723,861547,25
36,large_leak,1,1724,862047,44
36,large_leak,1,1725,862547,59
36,large_leak,1,1726,863047,88
36,large_leak,1,1727,863547,111
36,large_leak,1,1728,864047,142
36,large_leak,1,1729,864547,165
36,large_leak,1,1730,865047,173
36,large_leak,1,1731,865547,169
36,large_leak,1,1732,866047,138
36,large_leak,1,1733,866547,112
36,large_leak,1,1734,867047,94
36,large_leak,1,1735,867547,80
36,large_leak,1,1736,868047,55
36,large_leak,1,1737,868547,31
36,large_leak,1,1738,869047,25
36,large_leak,1,1739,869547,37
36,large_leak,1,1740,870047,72
36,large_leak,1,1741,870547,93
36,large_leak,1,1742,871047,106
36,large_leak,1,1743,871547,105
36,large_leak,1,1744,872047,99
36,large_leak,1,1745,872547,87
36,large_leak,1,1746,873047,93
36,large_leak,1,1747,873547,81
36,large_leak,1,1748,874047,74
36,large_leak,1,1749,874547,71
36,large_leak,1,1750,875047,60
36,large_leak,1,1751,875547,51
36,large_leak,1,1752,876047,51
36,large_leak,1,1753,876547,71
36,large_leak,1,1754,877047,99
36,large_leak,1,1755,877547,125
36,large_leak,1,1756,878047,135
36,large_leak,1,1757,878547,159
36,large_leak,1,1758,879047,163
36,large_leak,1,1759,879547,163
36,large_leak,1,1760,880047,179
36,large_leak,1,1761,880547,149
36,large_leak,1,1762,881047,115
36,large_leak,1,1763,881547,79
36,large_leak,1,1764,882047,29
36,large_leak,1,1765,882547,3
36,large_leak,1,1766,883047,0
36,large_leak,1,1767,883547,0
36,large_leak,1,1768,884047,0
36,large_leak,1,1769,884547,0
36,large_leak,1,1770,885047,0
36,large_leak,1,1771,885547,0
36,large_leak,1,1772,886047,18
36,large_leak,1,1773,886547,45
36,large_leak,1,1774,887047,52
36,large_leak,1,1775,887547,57
36,large_leak,1,1776,888047,59
36,large_leak,1,1777,888547,77
36,large_leak,1,1778,889047,83
36,large_leak,1,1779,889547,117
36,large_leak,1,1780,890047,159
36,large_leak,1,1781,890547,160
36,large_leak,1,1782,891047,165
36,large_leak,1,1783,891547,155
36,large_leak,1,1784,892047,165
36,large_leak,1,1785,892547,233
36,large_leak,1,1786,893047,255
36,large_leak,1,1787,893547,166
36,large_leak,1,1788,894047,143
36,large_leak,1,1789,894547,138
36,large_leak,1,1790,895047,137
36,large_leak,1,1791,895547,176
36,large_leak,1,1792,896047,155
36,large_leak,1,1793,896547,147
36,large_leak,1,1794,897047,179
36,large_leak,1,1795,897547,173
36,large_leak,1,1796,898047,157
36,large_leak,1,1797,898547,147
36,large_leak,1,1798,899047,135
36,large_leak,1,1799,899547,140
36,large_leak,1,1800,900047,145
36,large_leak,1,1801,900547,123
36,large_leak,1,1802,901047,92
36,large_leak,1,1803,901547,105
36,large_leak,1,1804,902047,109
36,large_leak,1,1805,902547,107
36,large_leak,1,1806,903047,93
36,large_leak,1,1807,903547,90
36,large_leak,1,1808,904047,79
36,large_leak,1,1809,904547,68
36,large_leak,1,1810,905047,52
36,large_leak,1,1811,905547,23
36,large_leak,1,1812,906047,20
36,large_leak,1,1813,906547,33
36,large_leak,1,1814,907047,30
36,large_leak,1,1815,907547,52
36,large_leak,1,1816,908047,55
36,large_leak,1,1817,908547,57
36,large_leak,1,1818,909047,47
36,large_leak,1,1819,909547,40
36,large_leak,1,1820,910047,35
36,large_leak,1,1821,910547,13
36,large_leak,1,1822,911047,0
36,large_leak,1,1823,911547,0
36,large_leak,1,1824,912047,0
36,large_leak,1,1825,912547,0
36,large_leak,1,1826,913047,0
36,large_leak,1,1827,913547,0
36,large_leak,1,1828,914047,0
36,large_leak,1,1829,914547,0
36,large_leak,1,1830,915047,0
36,large_leak,1,1831,915547,0
36,large_leak,1,1832,916047,0
36,large_leak,1,1833,916547,14
36,large_leak,1,1834,917047,36
36,large_leak,1,1835,917547,67
36,large_leak,1,1836,918047,95
36,large_leak,1,1837,918547,115
36,large_leak,1,1838,919047,138
36,large_leak,1,1839,919547,146
36,large_leak,1,1840,920047,155
36,large_leak,1,1841,920547,188
36,large_leak,1,1842,921047,200
36,large_leak,1,1843,921547,191
36,large_leak,1,1844,922047,189
36,large_leak,1,1845,922547,179
36,large_leak,1,1846,923047,171
36,large_leak,1,1847,923547,199
36,large_leak,1,1848,924047,201
36,large_leak,1,1849,924547,174
36,large_leak,1,1850,925047,169
36,large_leak,1,1851,925547,135
36,large_leak,1,1852,926047,126
36,large_leak,1,1853,926547,117
36,large_leak,1,1854,927047,92
36,large_leak,1,1855,927547,29
36,large_leak,1,1856,928047,4
36,large_leak,1,1857,928547,0
36,large_leak,1,1858,929047,0
36,large_leak,1,1859,929547,0
36,large_leak,1,1860,930047,0
36,large_leak,1,1861,930547,0
36,large_leak,1,1862,931047,0
36,large_leak,1,1863,931547,0
36,large_leak,1,1864,932047,0
36,large_leak,1,1865,932547,0
36,large_leak,1,1866,933047,51
36,large_leak,1,1867,933547,89
36,large_leak,1,1868,934047,140
36,large_leak,1,1869,934547,186
36,large_leak,1,1870,935047,227
36,large_leak,1,1871,935547,239
36,large_leak,1,1872,936047,231
36,large_leak,1,1873,936547,205
36,large_leak,1,1874,937047,168
36,large_leak,1,1875,937547,124
36,large_leak,1,1876,938047,76
36,large_leak,1,1877,938547,35
36,large_leak,1,1878,939047,10
36,large_leak,1,1879,939547,7
36,large_leak,1,1880,940047,0
36,large_leak,1,1881,940547,0
36,large_leak,1,1882,941047,0
36,large_leak,1,1883,941547,0
36,large_leak,1,1884,942047,0
36,large_leak,1,1885,942547,0
36,large_leak,1,1886,943047,0
36,large_leak,1,1887,943547,5
36,large_leak,1,1888,944047,9
36,large_leak,1,1889,944547,24
36,large_leak,1,1890,945047,63
36,large_leak,1,1891,945547,73
36,large_leak,1,1892,946047,91
36,large_leak,1,1893,946547,103
36,large_leak,1,1894,947047,90
36,large_leak,1,1895,947547,74
36,large_leak,1,1896,948047,51
36,large_leak,1,1897,948547,39
36,large_leak,1,1898,949047,25
36,large_leak,1,1899,949547,3
36,large_leak,1,1900,950047,0
36,large_leak,1,1901,950547,0
36,large_leak,1,1902,951047,0
36,large_leak,1,1903,951547,0
36,large_leak,1,1904,952047,0
36,large_leak,1,1905,952547,37
36,large_leak,1,1906,953047,61
36,large_leak,1,1907,953548,101
36,large_leak,1,1908,954047,118
36,large_leak,1,1909,954547,135
36,large_leak,1,1910,955047,166
36,large_leak,1,1911,955547,187
36,large_leak,1,1912,956047,191
36,large_leak,1,1913,956547,199
36,large_leak,1,1914,957047,199
36,large_leak,1,1915,957547,185
36,large_leak,1,1916,958047,183
36,large_leak,1,1917,958547,183
36,large_leak,1,1918,959047,204
36,large_leak,1,1919,959547,218
36,large_leak,1,1920,960047,219
36,large_leak,1,1921,960547,211
36,large_leak,1,1922,961047,190
36,large_leak,1,1923,961547,201
36,large_leak,1,1924,962047,230
36,large_leak,1,1925,962547,247
36,large_leak,1,1926,963047,259
36,large_leak,1,1927,963547,253
36,large_leak,1,1928,964047,247
36,large_leak,1,1929,964547,223
36,large_leak,1,1930,965047,203
36,large_leak,1,1931,965547,172
36,large_leak,1,1932,966047,142
36,large_leak,1,1933,966547,77
36,large_leak,1,1934,967047,43
36,large_leak,1,1935,967547,20
36,large_leak,1,1936,968047,0
36,large_leak,1,1937,968547,0
36,large_leak,1,1938,969047,0
36,large_leak,1,1939,969547,0
36,large_leak,1,1940,970047,0
36,large_leak,1,1941,970547,11
36,large_leak,1,1942,971047,55
36,large_leak,1,1943,971547,57
36,large_leak,1,1944,972047,69
36,large_leak,1,1945,972547,62
36,large_leak,1,1946,973047,73
36,large_leak,1,1947,973547,77
36,large_leak,1,1948,974047,87
36,large_leak,1,1949,974547,69
36,large_leak,1,1950,975047,53
36,large_leak,1,1951,975547,44
36,large_leak,1,1952,976047,27
36,large_leak,1,1953,976547,27
36,large_leak,1,1954,977047,47
36,large_leak,1,1955,977547,54
36,large_leak,1,1956,978047,57
36,large_leak,1,1957,978547,47
36,large_leak,1,1958,979047,39
36,large_leak,1,1959,979547,37
36,large_leak,1,1960,980047,13
36,large_leak,1,1961,980547,0
36,large_leak,1,1962,981047,0
36,large_leak,1,1963,981547,0
36,large_leak,1,1964,982047,0
36,large_leak,1,1965,982547,0
36,large_leak,1,1966,983047,0
36,large_leak,1,1967,983547,26
36,large_leak,1,1968,984047,45
36,large_leak,1,1969,984547,50
36,large_leak,1,1970,985047,53
36,large_leak,1,1971,985547,57
36,large_leak,1,1972,986047,70
36,large_leak,1,1973,986547,89
36,large_leak,1,1974,987047,105
36,large_leak,1,1975,987547,125
36,large_leak,1,1976,988047,137
36,large_leak,1,1977,988547,122
36,large_leak,1,1978,989047,115
36,large_leak,1,1979,989547,107
36,large_leak,1,1980,990047,107
36,large_leak,1,1981,990547,110
36,large_leak,1,1982,991047,109
36,large_leak,1,1983,991547,105
36,large_leak,1,1984,992047,99
36,large_leak,1,1985,992547,101
36,large_leak,1,1986,993047,109
36,large_leak,1,1987,993547,119
36,large_leak,1,1988,994047,132
36,large_leak,1,1989,994547,134
36,large_leak,1,1990,995047,133
36,large_leak,1,1991,995547,115
36,large_leak,1,1992,996047,95
36,large_leak,1,1993,996547,69
36,large_leak,1,1994,997047,39
36,large_leak,1,1995,997547,27
36,large_leak,1,1996,998047,26
36,large_leak,1,1997,998547,35
36,large_leak,1,1998,999047,47
36,large_leak,1,1999,999547,69
36,large_leak,2,0,48,69
36,large_leak,2,1,547,75
36,large_leak,2,2,1047,74
36,large_leak,2,3,1547,83
36,large_leak,2,4,2047,51
36,large_leak,2,5,2547,81
36,large_leak,2,6,3047,83
36,large_leak,2,7,3547,83
36,large_leak,2,8,4047,85
36,large_leak,2,9,4547,73
36,large_leak,2,10,5047,82
36,large_leak,2,11,5547,84
36,large_leak,2,12,6047,82
36,large_leak,2,13,6547,55
36,large_leak,2,14,7047,57
36,large_leak,2,15,7547,58
36,large_leak,2,16,8047,88
36,large_leak,2,17,8547,102
36,large_leak,2,18,9047,139
36,large_leak,2,19,9547,157
36,large_leak,2,20,10047,189
36,large_leak,2,21,10547,181
36,large_leak,2,22,11047,169
36,large_leak,2,23,11547,157
36,large_leak,2,24,12047,171
36,large_leak,2,25,12547,171
36,large_leak,2,26,13047,159
36,large_leak,2,27,13547,212
36,large_leak,2,28,14047,251
36,large_leak,2,29,14547,291
36,large_leak,2,30,15047,319
36,large_leak,2,31,15547,337
36,large_leak,2,32,16047,343
36,large_leak,2,33,16547,350
36,large_leak,2,34,17047,345
36,large_leak,2,35,17547,333
36,large_leak,2,36,18047,313
36,large_leak,2,37,18547,285
36,large_leak,2,38,19047,248
36,large_leak,2,39,19547,215
36,large_leak,2,40,20047,185
36,large_leak,2,41,20547,153
36,large_leak,2,42,21047,123
36,large_leak,2,43,21547,107
36,large_leak,2,44,22047,107
36,large_leak,2,45,22547,105
36,large_leak,2,46,23047,79
36,large_leak,2,47,23547,37
36,large_leak,2,48,24047,43
36,large_leak,2,49,24547,37
36,large_leak,2,50,25047,39
36,large_leak,2,51,25547,11
36,large_leak,2,52,26047,0
36,large_leak,2,53,26547,11
36,large_leak,2,54,27047,51
36,large_leak,2,55,27547,61
36,large_leak,2,56,28047,53
36,large_leak,2,57,28547,70
36,large_leak,2,58,29047,59
36,large_leak,2,59,29547,46
36,large_leak,2,60,30047,35
36,large_leak,2,61,30547,20
36,large_leak,2,62,31047,0
36,large_leak,2,63,31547,0
36,large_leak,2,64,32047,0
36,large_leak,2,65,32547,0
36,large_leak,2,66,33047,0
36,large_leak,2,67,33547,0
36,large_leak,2,68,34047,0
36,large_leak,2,69,34547,0
36,large_leak,2,70,35047,0
36,large_leak,2,71,35547,4
36,large_leak,2,72,36047,16
36,large_leak,2,73,36547,31
36,large_leak,2,74,37047,52
36,large_leak,2,75,37547,70
36,large_leak,2,76,38047,79
36,large_leak,2,77,38547,83
36,large_leak,2,78,39047,89
36,large_leak,2,79,39547,89
36,large_leak,2,80,40047,83
36,large_leak,2,81,40547,75
36,large_leak,2,82,41047,71
36,large_leak,2,83,41547,73
36,large_leak,2,84,42047,72
36,large_leak,2,85,42547,101
36,large_leak,2,86,43047,143
36,large_leak,2,87,43547,153
36,large_leak,2,88,44047,165
36,large_leak,2,89,44547,159
36,large_leak,2,90,45047,171
36,large_leak,2,91,45547,185
36,large_leak,2,92,46047,185
36,large_leak,2,93,46547,166
36,large_leak,2,94,47047,150
36,large_leak,2,95,47547,125
36,large_leak,2,96,48048,94
36,large_leak,2,97,48547,59
36,large_leak,2,98,49047,27
36,large_leak,2,99,49547,21
36,large_leak,2,100,50047,11
36,large_leak,2,101,50547,5
36,large_leak,2,102,51047,8
36,large_leak,2,103,51547,21
36,large_leak,2,104,52047,22
36,large_leak,2,105,52547,9
36,large_leak,2,106,53047,13
36,large_leak,2,107,53547,40
36,large_leak,2,108,54047,77
36,large_leak,2,109,54547,109
36,large_leak,2,110,55047,123
36,large_leak,2,111,55547,117
36,large_leak,2,112,56047,119
36,large_leak,2,113,56547,108
36,large_leak,2,114,57047,69
36,large_leak,2,115,57547,19
36,large_leak,2,116,58047,8
36,large_leak,2,117,58547,11
36,large_leak,2,118,59047,30
36,large_leak,2,119,59547,59
36,large_leak,2,120,60047,87
36,large_leak,2,121,60547,108
36,large_leak,2,122,61047,140
36,large_leak,2,123,61547,173
36,large_leak,2,124,62047,159
36,large_leak,2,125,62547,172
36,large_leak,2,126,63047,175
36,large_leak,2,127,63547,186
36,large_leak,2,128,64047,204
36,large_leak,2,129,64547,183
36,large_leak,2,130,65047,143
36,large_leak,2,131,65547,151
36,large_leak,2,132,66047,151
36,large_leak,2,133,66547,125
36,large_leak,2,134,67047,123
36,large_leak,2,135,67547,107
36,large_leak,2,136,68047,115
36,large_leak,2,137,68547,108
36,large_leak,2,138,69047,57
36,large_leak,2,139,69547,20
36,large_leak,2,140,70047,0
36,large_leak,2,141,70547,0
36,large_leak,2,142,71047,0
36,large_leak,2,143,71547,0
36,large_leak,2,144,72047,0
36,large_leak,2,145,72547,0
36,large_leak,2,146,73047,0
36,large_leak,2,147,73547,0
36,large_leak,2,148,74047,2
36,large_leak,2,149,74547,5
36,large_leak,2,150,75047,39
36,large_leak,2,151,75547,47
36,large_leak,2,152,76047,61
36,large_leak,2,153,76547,69
36,large_leak,2,154,77047,52
36,large_leak,2,155,77547,52
36,large_leak,2,156,78047,31
36,large_leak,2,157,78547,5
36,large_leak,2,158,79047,0
36,large_leak,2,159,79547,0
36,large_leak,2,160,80047,27
36,large_leak,2,161,80547,82
36,large_leak,2,162,81047,137
36,large_leak,2,163,81547,183
36,large_leak,2,164,82047,213
36,large_leak,2,165,82547,227
36,large_leak,2,166,83047,227
36,large_leak,2,167,83547,218
36,large_leak,2,168,84047,205
36,large_leak,2,169,84547,183
36,large_leak,2,170,85047,157
36,large_leak,2,171,85547,136
36,large_leak,2,172,86047,119
36,large_leak,2,173,86547,111
36,large_leak,2,174,87047,95
36,large_leak,2,175,87547,105
36,large_leak,2,176,88047,116
36,large_leak,2,177,88547,109
36,large_leak,2,178,89047,103
36,large_leak,2,179,89547,109
36,large_leak,2,180,90047,99
36,large_leak,2,181,90547,67
36,large_leak,2,182,91047,43
36,large_leak,2,183,91547,17
36,large_leak,2,184,92047,30
36,large_leak,2,185,92547,45
36,large_leak,2,186,93047,45
36,large_leak,2,187,93547,27
36,large_leak,2,188,94047,1
36,large_leak,2,189,94547,0
36,large_leak,2,190,95047,0
36,large_leak,2,191,95547,0
36,large_leak,2,192,96047,0
36,large_leak,2,193,96547,0
36,large_leak,2,194,97047,0
36,large_leak,2,195,97547,0
36,large_leak,2,196,98047,0
36,large_leak,2,197,98547,0
36,large_leak,2,198,99047,45
36,large_leak,2,199,99547,62
36,large_leak,2,200,100047,59
36,large_leak,2,201,100547,43
36,large_leak,2,202,101047,31
36,large_leak,2,203,101547,35
36,large_leak,2,204,102047,39
36,large_leak,2,205,102547,57
36,large_leak,2,206,103047,91
36,large_leak,2,207,103547,135
36,large_leak,2,208,104047,174
36,large_leak,2,209,104547,205
36,large_leak,2,210,105047,221
36,large_leak,2,211,105547,231
36,large_leak,2,212,106047,223
36,large_leak,2,213,106547,191
36,large_leak,2,214,107047,146
36,large_leak,2,215,107547,98
36,large_leak,2,216,108047,63
36,large_leak,2,217,108547,25
36,large_leak,2,218,109047,0
36,large_leak,2,219,109547,0
36,large_leak,2,220,110047,0
36,large_leak,2,221,110547,0
36,large_leak,2,222,111047,0
36,large_leak,2,223,111547,0
36,large_leak,2,224,112047,9
36,large_leak,2,225,112547,45
36,large_leak,2,226,113047,95
36,large_leak,2,227,113547,109
36,large_leak,2,228,114047,134
36,large_leak,2,229,114547,165
36,large_leak,2,230,115047,201
36,large_leak,2,231,115547,229
36,large_leak,2,232,116047,249
36,large_leak,2,233,116547,248
36,large_leak,2,234,117047,247
36,large_leak,2,235,117547,234
36,large_leak,2,236,118047,211
36,large_leak,2,237,118547,223
36,large_leak,2,238,119047,191
36,large_leak,2,239,119547,184
36,large_leak,2,240,120047,165
36,large_leak,2,241,120547,123
36,large_leak,2,242,121047,87
36,large_leak,2,243,121547,74
36,large_leak,2,244,122047,44
36,large_leak,2,245,122547,10
36,large_leak,2,246,123047,0
36,large_leak,2,247,123547,0
36,large_leak,2,248,124047,0
36,large_leak,2,249,124547,0
36,large_leak,2,250,125047,0
36,large_leak,2,251,125547,0
36,large_leak,2,252,126047,0
36,large_leak,2,253,126547,0
36,large_leak,2,254,127047,0
36,large_leak,2,255,127547,22
36,large_leak,2,256,128047,35
36,large_leak,2,257,128547,55
36,large_leak,2,258,129047,99
36,large_leak,2,259,129547,132
36,large_leak,2,260,130047,155
36,large_leak,2,261,130547,180
36,large_leak,2,262,131047,188
36,large_leak,2,263,131547,184
36,large_leak,2,264,132047,185
36,large_leak,2,265,132547,163
36,large_leak,2,266,133047,140
36,large_leak,2,267,133547,125
36,large_leak,2,268,134047,104
36,large_leak,2,269,134547,90
36,large_leak,2,270,135047,95
36,large_leak,2,271,135547,111
36,large_leak,2,272,136047,107
36,large_leak,2,273,136547,85
36,large_leak,2,274,137047,39
36,large_leak,2,275,137547,57
36,large_leak,2,276,138047,45
36,large_leak,2,277,138547,43
36,large_leak,2,278,139047,17
36,large_leak,2,279,139547,0
36,large_leak,2,280,140047,11
36,large_leak,2,281,140547,25
36,large_leak,2,282,141047,39
36,large_leak,2,283,141547,51
36,large_leak,2,284,142047,63
36,large_leak,2,285,142547,77
36,large_leak,2,286,143047,107
36,large_leak,2,287,143547,126
36,large_leak,2,288,144047,159
36,large_leak,2,289,144547,183
36,large_leak,2,290,145047,197
36,large_leak,2,291,145547,203
36,large_leak,2,292,146047,213
36,large_leak,2,293,146547,197
36,large_leak,2,294,147047,171
36,large_leak,2,295,147547,153
36,large_leak,2,296,148047,142
36,large_leak,2,297,148547,133
36,large_leak,2,298,149047,121
36,large_leak,2,299,149547,112
36,large_leak,2,300,150047,99
36,large_leak,2,301,150547,107
36,large_leak,2,302,151047,139
36,large_leak,2,303,151547,172
36,large_leak,2,304,152047,182
36,large_leak,2,305,152547,189
36,large_leak,2,306,153047,199
36,large_leak,2,307,153547,197
36,large_leak,2,308,154047,187
36,large_leak,2,309,154547,167
36,large_leak,2,310,155047,147
36,large_leak,2,311,155547,121
36,large_leak,2,312,156047,87
36,large_leak,2,313,156547,57
36,large_leak,2,314,157047,41
36,large_leak,2,315,157547,21
36,large_leak,2,316,158047,0
36,large_leak,2,317,158547,0
36,large_leak,2,318,159047,5
36,large_leak,2,319,159547,8
36,large_leak,2,320,160047,10
36,large_leak,2,321,160547,5
36,large_leak,2,322,161047,0
36,large_leak,2,323,161547,0
36,large_leak,2,324,162047,0
36,large_leak,2,325,162547,0
36,large_leak,2,326,163047,0
36,large_leak,2,327,163547,0
36,large_leak,2,328,164047,0
36,large_leak,2,329,164547,0
36,large_leak,2,330,165047,0
36,large_leak,2,331,165547,8
36,large_leak,2,332,166047,36
36,large_leak,2,333,166547,79
36,large_leak,2,334,167047,119
36,large_leak,2,335,167547,149
36,large_leak,2,336,168047,183
36,large_leak,2,337,168547,203
36,large_leak,2,338,169047,217
36,large_leak,2,339,169547,231
36,large_leak,2,340,170047,213
36,large_leak,2,341,170547,189
36,large_leak,2,342,171047,166
36,large_leak,2,343,171547,140
36,large_leak,2,344,172047,151
36,large_leak,2,345,172547,118
36,large_leak,2,346,173047,101
36,large_leak,2,347,173547,106
36,large_leak,2,348,174047,93
36,large_leak,2,349,174547,69
36,large_leak,2,350,175047,48
36,large_leak,2,351,175547,29
36,large_leak,2,352,176047,20
36,large_leak,2,353,176547,26
36,large_leak,2,354,177047,18
36,large_leak,2,355,177547,23
36,large_leak,2,356,178047,27
36,large_leak,2,357,178547,41
36,large_leak,2,358,179047,46
36,large_leak,2,359,179547,45
36,large_leak,2,360,180047,43
36,large_leak,2,361,180547,39
36,large_leak,2,362,181047,37
36,large_leak,2,363,181547,39
36,large_leak,2,364,182047,51
36,large_leak,2,365,182547,59
36,large_leak,2,366,183047,93
36,large_leak,2,367,183547,124
36,large_leak,2,368,184047,143
36,large_leak,2,369,184547,144
36,large_leak,2,370,185047,135
36,large_leak,2,371,185547,123
36,large_leak,2,372,186047,119
36,large_leak,2,373,186547,122
36,large_leak,2,374,187047,125
36,large_leak,2,375,187547,107
36,large_leak,2,376,188047,103
36,large_leak,2,377,188547,101
36,large_leak,2,378,189047,75
36,large_leak,2,379,189547,82
36,large_leak,2,380,190047,93
36,large_leak,2,381,190547,101
36,large_leak,2,382,191047,138
36,large_leak,2,383,191547,159
36,large_leak,2,384,192047,189
36,large_leak,2,385,192547,213
36,large_leak,2,386,193047,231
36,large_leak,2,387,193547,246
36,large_leak,2,388,194047,235
36,large_leak,2,389,194547,229
36,large_leak,2,390,195047,219
36,large_leak,2,391,195547,203
36,large_leak,2,392,196047,185
36,large_leak,2,393,196547,173
36,large_leak,2,394,197047,159
36,large_leak,2,395,197547,170
36,large_leak,2,396,198047,160
36,large_leak,2,397,198547,157
36,large_leak,2,398,199047,165
36,large_leak,2,399,199547,155
36,large_leak,2,400,200047,147
36,large_leak,2,401,200547,149
36,large_leak,2,402,201047,143
36,large_leak,2,403,201547,133
36,large_leak,2,404,202047,109
36,large_leak,2,405,202547,92
36,large_leak,2,406,203047,94
36,large_leak,2,407,203547,110
36,large_leak,2,408,204047,133
36,large_leak,2,409,204547,152
36,large_leak,2,410,205047,171
36,large_leak,2,411,205547,202
36,large_leak,2,412,206047,215
36,large_leak,2,413,206547,219
36,large_leak,2,414,207047,233
36,large_leak,2,415,207547,249
36,large_leak,2,416,208047,243
36,large_leak,2,417,208547,227
36,large_leak,2,418,209047,203
36,large_leak,2,419,209547,165
36,large_leak,2,420,210047,125
36,large_leak,2,421,210547,85
36,large_leak,2,422,211047,41
36,large_leak,2,423,211547,12
36,large_leak,2,424,212047,3
36,large_leak,2,425,212547,0
36,large_leak,2,426,213047,0
36,large_leak,2,427,213547,0
36,large_leak,2,428,214047,0
36,large_leak,2,429,214547,0
36,large_leak,2,430,215047,0
36,large_leak,2,431,215547,0
36,large_leak,2,432,216047,0
36,large_leak,2,433,216547,0
36,large_leak,2,434,217047,0
36,large_leak,2,435,217547,7
36,large_leak,2,436,218047,7
36,large_leak,2,437,218547,22
36,large_leak,2,438,219047,40
36,large_leak,2,439,219547,57
36,large_leak,2,440,220047,59
36,large_leak,2,441,220547,39
36,large_leak,2,442,221047,20
36,large_leak,2,443,221547,0
36,large_leak,2,444,222047,0
36,large_leak,2,445,222547,0
36,large_leak,2,446,223047,0
36,large_leak,2,447,223547,0
36,large_leak,2,448,224047,0
36,large_leak,2,449,224547,0
36,large_leak,2,450,225047,0
36,large_leak,2,451,225547,8
36,large_leak,2,452,226047,9
36,large_leak,2,453,226547,8
36,large_leak,2,454,227047,9
36,large_leak,2,455,227547,9
36,large_leak,2,456,228047,8
36,large_leak,2,457,228547,37
36,large_leak,2,458,229047,53
36,large_leak,2,459,229547,84
36,large_leak,2,460,230047,87
36,large_leak,2,461,230547,87
36,large_leak,2,462,231047,101
36,large_leak,2,463,231547,89
36,large_leak,2,464,232047,69
36,large_leak,2,465,232547,78
36,large_leak,2,466,233047,57
36,large_leak,2,467,233547,69
36,large_leak,2,468,234047,68
36,large_leak,2,469,234547,86
36,large_leak,2,470,235047,107
36,large_leak,2,471,235547,119
36,large_leak,2,472,236047,145
36,large_leak,2,473,236547,153
36,large_leak,2,474,237047,165
36,large_leak,2,475,237547,135
36,large_leak,2,476,238047,137
36,large_leak,2,477,238547,108
36,large_leak,2,478,239047,79
36,large_leak,2,479,239547,41
36,large_leak,2,480,240048,9
36,large_leak,2,481,240547,0
36,large_leak,2,482,241047,0
36,large_leak,2,483,241547,0
36,large_leak,2,484,242047,0
36,large_leak,2,485,242547,0
36,large_leak,2,486,243047,0
36,large_leak,2,487,243547,0
36,large_leak,2,488,244047,0
36,large_leak,2,489,244547,0
36,large_leak,2,490,245047,0
36,large_leak,2,491,245547,0
36,large_leak,2,492,246047,0
36,large_leak,2,493,246547,0
36,large_leak,2,494,247047,0
36,large_leak,2,495,247547,0
36,large_leak,2,496,248047,0
36,large_leak,2,497,248547,57
36,large_leak,2,498,249047,93
36,large_leak,2,499,249547,125
36,large_leak,2,500,250047,151
36,large_leak,2,501,250547,149
36,large_leak,2,502,251047,135
36,large_leak,2,503,251547,115
36,large_leak,2,504,252047,105
36,large_leak,2,505,252547,69
36,large_leak,2,506,253047,99
36,large_leak,2,507,253547,105
36,large_leak,2,508,254047,120
36,large_leak,2,509,254547,149
36,large_leak,2,510,255047,140
36,large_leak,2,511,255547,127
36,large_leak,2,512,256047,137
36,large_leak,2,513,256547,139
36,large_leak,2,514,257047,121
36,large_leak,2,515,257547,123
36,large_leak,2,516,258047,121
36,large_leak,2,517,258547,153
36,large_leak,2,518,259047,175
36,large_leak,2,519,259547,185
36,large_leak,2,520,260047,201
36,large_leak,2,521,260547,219
36,large_leak,2,522,261047,217
36,large_leak,2,523,261547,213
36,large_leak,2,524,262047,207
36,large_leak,2,525,262547,203
36,large_leak,2,526,263047,189
36,large_leak,2,527,263547,155
36,large_leak,2,528,264047,121
36,large_leak,2,529,264547,93
36,large_leak,2,530,265047,77
36,large_leak,2,531,265547,69
36,large_leak,2,532,266047,61
36,large_leak,2,533,266547,61
36,large_leak,2,534,267047,55
36,large_leak,2,535,267547,47
36,large_leak,2,536,268047,51
36,large_leak,2,537,268547,39
36,large_leak,2,538,269047,33
36,large_leak,2,539,269547,12
36,large_leak,2,540,270047,0
36,large_leak,2,541,270547,0
36,large_leak,2,542,271047,0
36,large_leak,2,543,271547,0
36,large_leak,2,544,272047,0
36,large_leak,2,545,272547,0
36,large_leak,2,546,273047,0
36,large_leak,2,547,273547,77
36,large_leak,2,548,274047,137
36,large_leak,2,549,274547,187
36,large_leak,2,550,275047,235
36,large_leak,2,551,275547,261
36,large_leak,2,552,276047,288
36,large_leak,2,553,276547,327
36,large_leak,2,554,277047,333
36,large_leak,2,555,277547,299
36,large_leak,2,556,278047,253
36,large_leak,2,557,278547,201
36,large_leak,2,558,279047,154
36,large_leak,2,559,279547,106
36,large_leak,2,560,280047,107
36,large_leak,2,561,280547,84
36,large_leak,2,562,281047,61
36,large_leak,2,563,281547,73
36,large_leak,2,564,282047,99
36,large_leak,2,565,282547,115
36,large_leak,2,566,283047,139
36,large_leak,2,567,283547,171
36,large_leak,2,568,284047,173
36,large_leak,2,569,284547,182
36,large_leak,2,570,285047,146
36,large_leak,2,571,285547,137
36,large_leak,2,572,286047,137
36,large_leak,2,573,286547,123
36,large_leak,2,574,287047,82
36,large_leak,2,575,287547,28
36,large_leak,2,576,288047,3
36,large_leak,2,577,288547,0
36,large_leak,2,578,289047,0
36,large_leak,2,579,289547,0
36,large_leak,2,580,290047,0
36,large_leak,2,581,290547,0
36,large_leak,2,582,291047,0
36,large_leak,2,583,291547,0
36,large_leak,2,584,292047,0
36,large_leak,2,585,292547,0
36,large_leak,2,586,293047,0
36,large_leak,2,587,293547,0
36,large_leak,2,588,294047,39
36,large_leak,2,589,294547,103
36,large_leak,2,590,295047,156
36,large_leak,2,591,295547,171
36,large_leak,2,592,296047,181
36,large_leak,2,593,296547,201
36,large_leak,2,594,297047,228
36,large_leak,2,595,297547,215
36,large_leak,2,596,298047,173
36,large_leak,2,597,298547,123
36,large_leak,2,598,299047,101
36,large_leak,2,599,299547,53
36,large_leak,2,600,300047,29
36,large_leak,2,601,300547,38
36,large_leak,2,602,301047,29
36,large_leak,2,603,301547,9
36,large_leak,2,604,302047,22
36,large_leak,2,605,302547,41
36,large_leak,2,606,303047,55
36,large_leak,2,607,303547,91
36,large_leak,2,608,304047,107
36,large_leak,2,609,304547,117
36,large_leak,2,610,305047,139
36,large_leak,2,611,305547,119
36,large_leak,2,612,306047,105
36,large_leak,2,613,306547,105
36,large_leak,2,614,307047,99
36,large_leak,2,615,307547,100
36,large_leak,2,616,308047,101
36,large_leak,2,617,308547,105
36,large_leak,2,618,309047,137
36,large_leak,2,619,309547,156
36,large_leak,2,620,310047,156
36,large_leak,2,621,310547,180
36,large_leak,2,622,311047,197
36,large_leak,2,623,311547,213
36,large_leak,2,624,312047,246
36,large_leak,2,625,312547,266
36,large_leak,2,626,313047,275
36,large_leak,2,627,313547,285
36,large_leak,2,628,314047,297
36,large_leak,2,629,314547,307
36,large_leak,2,630,315047,317
36,large_leak,2,631,315547,288
36,large_leak,2,632,316047,239
36,large_leak,2,633,316547,186
36,large_leak,2,634,317047,125
36,large_leak,2,635,317547,83
36,large_leak,2,636,318047,38
36,large_leak,2,637,318547,8
36,large_leak,2,638,319047,0
36,large_leak,2,639,319547,0
36,large_leak,2,640,320047,0
36,large_leak,2,641,320547,0
36,large_leak,2,642,321047,0
36,large_leak,2,643,321547,40
36,large_leak,2,644,322047,67
36,large_leak,2,645,322547,73
36,large_leak,2,646,323047,85
36,large_leak,2,647,323547,87
36,large_leak,2,648,324047,76
36,large_leak,2,649,324547,61
36,large_leak,2,650,325047,37
36,large_leak,2,651,325547,8
36,large_leak,2,652,326047,0
36,large_leak,2,653,326547,0
36,large_leak,2,654,327047,0
36,large_leak,2,655,327547,0
36,large_leak,2,656,328047,0
36,large_leak,2,657,328547,0
36,large_leak,2,658,329047,0
36,large_leak,2,659,329547,0
36,large_leak,2,660,330047,0
36,large_leak,2,661,330547,0
36,large_leak,2,662,331047,0
36,large_leak,2,663,331547,37
36,large_leak,2,664,332047,75
36,large_leak,2,665,332547,99
36,large_leak,2,666,333047,147
36,large_leak,2,667,333547,185
36,large_leak,2,668,334047,180
36,large_leak,2,669,334547,163
36,large_leak,2,670,335047,156
36,large_leak,2,671,335547,133
36,large_leak,2,672,336047,123
36,large_leak,2,673,336547,120
36,large_leak,2,674,337047,92
36,large_leak,2,675,337547,45
36,large_leak,2,676,338047,8
36,large_leak,2,677,338547,19
36,large_leak,2,678,339047,1
36,large_leak,2,679,339547,0
36,large_leak,2,680,340047,0
36,large_leak,2,681,340547,0
36,large_leak,2,682,341047,0
36,large_leak,2,683,341547,0
36,large_leak,2,684,342047,0
36,large_leak,2,685,342547,0
36,large_leak,2,686,343047,11
36,large_leak,2,687,343547,35
36,large_leak,2,688,344047,29
36,large_leak,2,689,344547,47
36,large_leak,2,690,345047,68
36,large_leak,2,691,345547,105
36,large_leak,2,692,346047,93
36,large_leak,2,693,346547,93
36,large_leak,2,694,347047,78
36,large_leak,2,695,347547,58
36,large_leak,2,696,348047,77
36,large_leak,2,697,348547,87
36,large_leak,2,698,349047,89
36,large_leak,2,699,349547,95
36,large_leak,2,700,350047,109
36,large_leak,2,701,350547,109
36,large_leak,2,702,351047,89
36,large_leak,2,703,351547,79
36,large_leak,2,704,352047,98
36,large_leak,2,705,352547,104
36,large_leak,2,706,353047,121
36,large_leak,2,707,353547,136
36,large_leak,2,708,354047,147
36,large_leak,2,709,354547,140
36,large_leak,2,710,355047,109
36,large_leak,2,711,355547,85
36,large_leak,2,712,356047,58
36,large_leak,2,713,356547,52
36,large_leak,2,714,357047,52
36,large_leak,2,715,357547,35
36,large_leak,2,716,358047,23
36,large_leak,2,717,358547,22
36,large_leak,2,718,359047,16
36,large_leak,2,719,359547,23
36,large_leak,2,720,360047,26
36,large_leak,2,721,360547,23
36,large_leak,2,722,361047,43
36,large_leak,2,723,361547,54
36,large_leak,2,724,362047,60
36,large_leak,2,725,362547,83
36,large_leak,2,726,363047,119
36,large_leak,2,727,363547,154
36,large_leak,2,728,364047,173
36,large_leak,2,729,364547,169
36,large_leak,2,730,365047,176
36,large_leak,2,731,365547,181
36,large_leak,2,732,366047,172
36,large_leak,2,733,366547,153
36,large_leak,2,734,367047,127
36,large_leak,2,735,367547,93
36,large_leak,2,736,368047,101
36,large_leak,2,737,368547,118
36,large_leak,2,738,369047,137
36,large_leak,2,739,369547,151
36,large_leak,2,740,370047,131
36,large_leak,2,741,370547,135
36,large_leak,2,742,371047,124
36,large_leak,2,743,371547,115
36,large_leak,2,744,372047,101
36,large_leak,2,745,372547,89
36,large_leak,2,746,373047,87
36,large_leak,2,747,373547,82
36,large_leak,2,748,374047,77
36,large_leak,2,749,374547,60
36,large_leak,2,750,375047,111
36,large_leak,2,751,375547,152
36,large_leak,2,752,376047,189
36,large_leak,2,753,376547,201
36,large_leak,2,754,377047,223
36,large_leak,2,755,377547,235
36,large_leak,2,756,378047,261
36,large_leak,2,757,378547,266
36,large_leak,2,758,379047,236
36,large_leak,2,759,379547,202
36,large_leak,2,760,380047,180
36,large_leak,2,761,380547,151
36,large_leak,2,762,381047,118
36,large_leak,2,763,381547,85
36,large_leak,2,764,382047,61
36,large_leak,2,765,382547,39
36,large_leak,2,766,383047,9
36,large_leak,2,767,383547,0
36,large_leak,2,768,384047,0
36,large_leak,2,769,384547,0
36,large_leak,2,770,385047,0
36,large_leak,2,771,385547,0
36,large_leak,2,772,386047,0
36,large_leak,2,773,386547,0
36,large_leak,2,774,387047,53
36,large_leak,2,775,387547,75
36,large_leak,2,776,388047,93
36,large_leak,2,777,388547,102
36,large_leak,2,778,389047,102
36,large_leak,2,779,389547,100
36,large_leak,2,780,390048,109
36,large_leak,2,781,390547,109
36,large_leak,2,782,391047,99
36,large_leak,2,783,391547,75
36,large_leak,2,784,392047,75
36,large_leak,2,785,392547,99
36,large_leak,2,786,393047,115
36,large_leak,2,787,393547,119
36,large_leak,2,788,394047,104
36,large_leak,2,789,394547,77
36,large_leak,2,790,395047,63
36,large_leak,2,791,395547,53
36,large_leak,2,792,396047,45
36,large_leak,2,793,396547,47
36,large_leak,2,794,397047,60
36,large_leak,2,795,397547,67
36,large_leak,2,796,398047,77
36,large_leak,2,797,398547,101
36,large_leak,2,798,399047,106
36,large_leak,2,799,399547,143
36,large_leak,2,800,400047,163
36,large_leak,2,801,400547,169
36,large_leak,2,802,401047,199
36,large_leak,2,803,401547,215
36,large_leak,2,804,402047,214
36,large_leak,2,805,402547,199
36,large_leak,2,806,403047,185
36,large_leak,2,807,403547,175
36,large_leak,2,808,404047,167
36,large_leak,2,809,404547,151
36,large_leak,2,810,405047,139
36,large_leak,2,811,405547,141
36,large_leak,2,812,406048,107
36,large_leak,2,813,406547,75
36,large_leak,2,814,407047,51
36,large_leak,2,815,407547,33
36,large_leak,2,816,408047,24
36,large_leak,2,817,408547,5
36,large_leak,2,818,409047,5
36,large_leak,2,819,409547,7
36,large_leak,2,820,410047,11
36,large_leak,2,821,410547,25
36,large_leak,2,822,411047,37
36,large_leak,2,823,411547,39
36,large_leak,2,824,412047,40
36,large_leak,2,825,412547,55
36,large_leak,2,826,413047,52
36,large_leak,2,827,413547,38
36,large_leak,2,828,414047,45
36,large_leak,2,829,414547,29
36,large_leak,2,830,415047,4
36,large_leak,2,831,415547,11
36,large_leak,2,832,416047,5
36,large_leak,2,833,416547,0
36,large_leak,2,834,417047,3
36,large_leak,2,835,417547,8
36,large_leak,2,836,418047,9
36,large_leak,2,837,418547,41
36,large_leak,2,838,419047,68
36,large_leak,2,839,419547,92
36,large_leak,2,840,420047,107
36,large_leak,2,841,420547,137
36,large_leak,2,842,421047,139
36,large_leak,2,843,421547,139
36,large_leak,2,844,422047,124
36,large_leak,2,845,422547,109
36,large_leak,2,846,423047,139
36,large_leak,2,847,423547,153
36,large_leak,2,848,424047,168
36,large_leak,2,849,424547,173
36,large_leak,2,850,425047,168
36,large_leak,2,851,425547,156
36,large_leak,2,852,426047,151
36,large_leak,2,853,426547,109
36,large_leak,2,854,427047,81
36,large_leak,2,855,427547,63
36,large_leak,2,856,428047,61
36,large_leak,2,857,428547,45
36,large_leak,2,858,429047,23
36,large_leak,2,859,429547,9
36,large_leak,2,860,430047,17
36,large_leak,2,861,430547,38
36,large_leak,2,862,431047,89
36,large_leak,2,863,431547,111
36,large_leak,2,864,432047,121
36,large_leak,2,865,432547,121
36,large_leak,2,866,433047,148
36,large_leak,2,867,433547,156
36,large_leak,2,868,434047,157
36,large_leak,2,869,434547,153
36,large_leak,2,870,435047,119
36,large_leak,2,871,435547,103
36,large_leak,2,872,436047,109
36,large_leak,2,873,436547,107
36,large_leak,2,874,437047,89
36,large_leak,2,875,437547,55
36,large_leak,2,876,438047,23
36,large_leak,2,877,438547,0
36,large_leak,2,878,439047,0
36,large_leak,2,879,439547,37
36,large_leak,2,880,440048,17
36,large_leak,2,881,440547,0
36,large_leak,2,882,441047,0
36,large_leak,2,883,441547,0
36,large_leak,2,884,442047,0
36,large_leak,2,885,442547,0
36,large_leak,2,886,443047,0
36,large_leak,2,887,443547,0
36,large_leak,2,888,444047,0
36,large_leak,2,889,444547,0
36,large_leak,2,890,445047,0
36,large_leak,2,891,445547,0
36,large_leak,2,892,446047,27
36,large_leak,2,893,446547,115
36,large_leak,2,894,447047,157
36,large_leak,2,895,447547,199
36,large_leak,2,896,448047,231
36,large_leak,2,897,448548,263
36,large_leak,2,898,449047,297
36,large_leak,2,899,449547,315
36,large_leak,2,900,450047,311
36,large_leak,2,901,450547,265
36,large_leak,2,902,451047,271
36,large_leak,2,903,451547,236
36,large_leak,2,904,452047,214
36,large_leak,2,905,452547,170
36,large_leak,2,906,453047,123
36,large_leak,2,907,453547,97
36,large_leak,2,908,454047,88
36,large_leak,2,909,454547,85
36,large_leak,2,910,455047,53
36,large_leak,2,911,455547,53
36,large_leak,2,912,456047,37
36,large_leak,2,913,456547,51
36,large_leak,2,914,457047,83
36,large_leak,2,915,457547,115
36,large_leak,2,916,458047,125
36,large_leak,2,917,458547,157
36,large_leak,2,918,459047,151
36,large_leak,2,919,459547,159
36,large_leak,2,920,460047,167
36,large_leak,2,921,460547,148
36,large_leak,2,922,461047,122
36,large_leak,2,923,461548,119
36,large_leak,2,924,462047,87
36,large_leak,2,925,462547,45
36,large_leak,2,926,463047,17
36,large_leak,2,927,463547,0
36,large_leak,2,928,464047,0
36,large_leak,2,929,464547,0
36,large_leak,2,930,465047,0
36,large_leak,2,931,465547,0
36,large_leak,2,932,466047,0
36,large_leak,2,933,466547,37
36,large_leak,2,934,467047,51
36,large_leak,2,935,467547,57
36,large_leak,2,936,468047,42
36,large_leak,2,937,468547,37
36,large_leak,2,938,469047,43
36,large_leak,2,939,469547,59
36,large_leak,2,940,470047,67
36,large_leak,2,941,470547,78
36,large_leak,2,942,471047,73
36,large_leak,2,943,471547,42
36,large_leak,2,944,472047,29
36,large_leak,2,945,472547,41
36,large_leak,2,946,473047,54
36,large_leak,2,947,473547,89
36,large_leak,2,948,474047,133
36,large_leak,2,949,474547,155
36,large_leak,2,950,475047,151
36,large_leak,2,951,475547,159
36,large_leak,2,952,476047,141
36,large_leak,2,953,476547,115
36,large_leak,2,954,477047,100
36,large_leak,2,955,477547,77
36,large_leak,2,956,478047,61
36,large_leak,2,957,478547,47
36,large_leak,2,958,479047,40
36,large_leak,2,959,479547,41
36,large_leak,2,960,480047,46
36,large_leak,2,961,480547,46
36,large_leak,2,962,481047,47
36,large_leak,2,963,481547,47
36,large_leak,2,964,482047,53
36,large_leak,2,965,482547,69
36,large_leak,2,966,483047,87
36,large_leak,2,967,483547,109
36,large_leak,2,968,484047,125
36,large_leak,2,969,484547,115
36,large_leak,2,970,485047,94
36,large_leak,2,971,485547,69
36,large_leak,2,972,486047,47
36,large_leak,2,973,486547,36
36,large_leak,2,974,487047,26
36,large_leak,2,975,487547,18
36,large_leak,2,976,488047,30
36,large_leak,2,977,488547,75
36,large_leak,2,978,489047,125
36,large_leak,2,979,489547,173
36,large_leak,2,980,490047,227
36,large_leak,2,981,490547,244
36,large_leak,2,982,491047,237
36,large_leak,2,983,491547,232
36,large_leak,2,984,492047,216
36,large_leak,2,985,492547,183
36,large_leak,2,986,493047,149
36,large_leak,2,987,493547,98
36,large_leak,2,988,494047,61
36,large_leak,2,989,494547,24
36,large_leak,2,990,495047,13
36,large_leak,2,991,495547,11
36,large_leak,2,992,496047,0
36,large_leak,2,993,496547,0
36,large_leak,2,994,497047,2
36,large_leak,2,995,497547,5
36,large_leak,2,996,498047,28
36,large_leak,2,997,498547,27
36,large_leak,2,998,499047,33
36,large_leak,2,999,499547,39
36,large_leak,2,1000,500047,68
36,large_leak,2,1001,500547,93
36,large_leak,2,1002,501047,117
36,large_leak,2,1003,501547,110
36,large_leak,2,1004,502047,111
36,large_leak,2,1005,502547,111
36,large_leak,2,1006,503047,107
36,large_leak,2,1007,503547,115
36,large_leak,2,1008,504047,122
36,large_leak,2,1009,504547,108
36,large_leak,2,1010,505047,95
36,large_leak,2,1011,505547,88
36,large_leak,2,1012,506047,71
36,large_leak,2,1013,506547,70
36,large_leak,2,1014,507048,89
36,large_leak,2,1015,507547,93
36,large_leak,2,1016,508047,105
36,large_leak,2,1017,508547,112
36,large_leak,2,1018,509047,117
36,large_leak,2,1019,509547,105
36,large_leak,2,1020,510047,91
36,large_leak,2,1021,510547,71
36,large_leak,2,1022,511047,45
36,large_leak,2,1023,511547,12
36,large_leak,2,1024,512047,0
36,large_leak,2,1025,512547,0
36,large_leak,2,1026,513047,0
36,large_leak,2,1027,513547,0
36,large_leak,2,1028,514047,0
36,large_leak,2,1029,514547,0
36,large_leak,2,1030,515047,40
36,large_leak,2,1031,515547,79
36,large_leak,2,1032,516047,123
36,large_leak,2,1033,516547,147
36,large_leak,2,1034,517047,151
36,large_leak,2,1035,517547,155
36,large_leak,2,1036,518047,160
36,large_leak,2,1037,518547,169
36,large_leak,2,1038,519047,154
36,large_leak,2,1039,519547,122
36,large_leak,2,1040,520047,111
36,large_leak,2,1041,520547,91
36,large_leak,2,1042,521047,94
36,large_leak,2,1043,521547,103
36,large_leak,2,1044,522047,93
36,large_leak,2,1045,522547,119
36,large_leak,2,1046,523047,141
36,large_leak,2,1047,523547,139
36,large_leak,2,1048,524047,153
36,large_leak,2,1049,524547,154
36,large_leak,2,1050,525047,148
36,large_leak,2,1051,525547,136
36,large_leak,2,1052,526047,105
36,large_leak,2,1053,526547,79
36,large_leak,2,1054,527047,39
36,large_leak,2,1055,527547,6
36,large_leak,2,1056,528047,0
36,large_leak,2,1057,528547,0
36,large_leak,2,1058,529047,0
36,large_leak,2,1059,529547,0
36,large_leak,2,1060,530047,0
36,large_leak,2,1061,530547,0
36,large_leak,2,1062,531047,0
36,large_leak,2,1063,531547,0
36,large_leak,2,1064,532047,71
36,large_leak,2,1065,532547,100
36,large_leak,2,1066,533047,141
36,large_leak,2,1067,533547,167
36,large_leak,2,1068,534047,173
36,large_leak,2,1069,534547,183
36,large_leak,2,1070,535047,173
36,large_leak,2,1071,535547,151
36,large_leak,2,1072,536047,121
36,large_leak,2,1073,536547,73
36,large_leak,2,1074,537047,38
36,large_leak,2,1075,537547,29
36,large_leak,2,1076,538047,27
36,large_leak,2,1077,538547,36
36,large_leak,2,1078,539047,60
36,large_leak,2,1079,539547,91
36,large_leak,2,1080,540047,107
36,large_leak,2,1081,540547,120
36,large_leak,2,1082,541047,148
36,large_leak,2,1083,541547,167
36,large_leak,2,1084,542047,183
36,large_leak,2,1085,542547,192
36,large_leak,2,1086,543047,163
36,large_leak,2,1087,543547,118
36,large_leak,2,1088,544047,69
36,large_leak,2,1089,544547,27
36,large_leak,2,1090,545047,1
36,large_leak,2,1091,545547,0
36,large_leak,2,1092,546047,0
36,large_leak,2,1093,546547,0
36,large_leak,2,1094,547047,0
36,large_leak,2,1095,547547,39
36,large_leak,2,1096,548047,76
36,large_leak,2,1097,548547,83
36,large_leak,2,1098,549047,84
36,large_leak,2,1099,549547,116
36,large_leak,2,1100,550047,125
36,large_leak,2,1101,550547,143
36,large_leak,2,1102,551047,155
36,large_leak,2,1103,551547,127
36,large_leak,2,1104,552047,107
36,large_leak,2,1105,552547,90
36,large_leak,2,1106,553047,79
36,large_leak,2,1107,553547,57
36,large_leak,2,1108,554047,29
36,large_leak,2,1109,554547,9
36,large_leak,2,1110,555047,0
36,large_leak,2,1111,555547,0
36,large_leak,2,1112,556047,0
36,large_leak,2,1113,556547,5
36,large_leak,2,1114,557047,23
36,large_leak,2,1115,557547,41
36,large_leak,2,1116,558047,54
36,large_leak,2,1117,558547,67
36,large_leak,2,1118,559047,83
36,large_leak,2,1119,559547,95
36,large_leak,2,1120,560047,104
36,large_leak,2,1121,560547,105
36,large_leak,2,1122,561047,123
36,large_leak,2,1123,561547,149
36,large_leak,2,1124,562047,163
36,large_leak,2,1125,562547,170
36,large_leak,2,1126,563047,173
36,large_leak,2,1127,563547,172
36,large_leak,2,1128,564047,181
36,large_leak,2,1129,564547,176
36,large_leak,2,1130,565047,159
36,large_leak,2,1131,565547,136
36,large_leak,2,1132,566047,109
36,large_leak,2,1133,566547,126
36,large_leak,2,1134,567047,155
36,large_leak,2,1135,567547,157
36,large_leak,2,1136,568047,155
36,large_leak,2,1137,568547,176
36,large_leak,2,1138,569047,183
36,large_leak,2,1139,569547,191
36,large_leak,2,1140,570047,211
36,large_leak,2,1141,570547,200
36,large_leak,2,1142,571047,153
36,large_leak,2,1143,571547,115
36,large_leak,2,1144,572047,88
36,large_leak,2,1145,572547,30
36,large_leak,2,1146,573047,2
36,large_leak,2,1147,573547,0
36,large_leak,2,1148,574047,0
36,large_leak,2,1149,574547,0
36,large_leak,2,1150,575047,0
36,large_leak,2,1151,575547,10
36,large_leak,2,1152,576047,52
36,large_leak,2,1153,576547,89
36,large_leak,2,1154,577047,103
36,large_leak,2,1155,577547,125
36,large_leak,2,1156,578047,134
36,large_leak,2,1157,578547,109
36,large_leak,2,1158,579047,83
36,large_leak,2,1159,579547,41
36,large_leak,2,1160,580047,7
36,large_leak,2,1161,580547,0
36,large_leak,2,1162,581047,0
36,large_leak,2,1163,581547,0
36,large_leak,2,1164,582047,0
36,large_leak,2,1165,582547,0
36,large_leak,2,1166,583047,0
36,large_leak,2,1167,583547,0
36,large_leak,2,1168,584047,0
36,large_leak,2,1169,584547,0
36,large_leak,2,1170,585047,16
36,large_leak,2,1171,585547,37
36,large_leak,2,1172,586047,61
36,large_leak,2,1173,586547,83
36,large_leak,2,1174,587047,107
36,large_leak,2,1175,587547,127
36,large_leak,2,1176,588047,159
36,large_leak,2,1177,588547,185
36,large_leak,2,1178,589047,201
36,large_leak,2,1179,589547,191
36,large_leak,2,1180,590047,192
36,large_leak,2,1181,590547,189
36,large_leak,2,1182,591047,187
36,large_leak,2,1183,591547,179
36,large_leak,2,1184,592047,171
36,large_leak,2,1185,592547,179
36,large_leak,2,1186,593047,169
36,large_leak,2,1187,593547,166
36,large_leak,2,1188,594047,135
36,large_leak,2,1189,594547,101
36,large_leak,2,1190,595047,99
36,large_leak,2,1191,595547,77
36,large_leak,2,1192,596047,45
36,large_leak,2,1193,596547,35
36,large_leak,2,1194,597047,23
36,large_leak,2,1195,597547,22
36,large_leak,2,1196,598047,37
36,large_leak,2,1197,598547,55
36,large_leak,2,1198,599047,67
36,large_leak,2,1199,599547,68
36,large_leak,2,1200,600047,59
36,large_leak,2,1201,600547,53
36,large_leak,2,1202,601047,23
36,large_leak,2,1203,601547,10
36,large_leak,2,1204,602047,1
36,large_leak,2,1205,602547,0
36,large_leak,2,1206,603047,18
36,large_leak,2,1207,603547,9
36,large_leak,2,1208,604047,3
36,large_leak,2,1209,604547,5
36,large_leak,2,1210,605047,53
36,large_leak,2,1211,605547,83
36,large_leak,2,1212,606047,105
36,large_leak,2,1213,606547,117
36,large_leak,2,1214,607047,153
36,large_leak,2,1215,607547,199
36,large_leak,2,1216,608048,233
36,large_leak,2,1217,608547,240
36,large_leak,2,1218,609047,236
36,large_leak,2,1219,609547,236
36,large_leak,2,1220,610047,247
36,large_leak,2,1221,610547,239
36,large_leak,2,1222,611047,217
36,large_leak,2,1223,611547,198
36,large_leak,2,1224,612047,182
36,large_leak,2,1225,612547,151
36,large_leak,2,1226,613047,135
36,large_leak,2,1227,613547,116
36,large_leak,2,1228,614047,85
36,large_leak,2,1229,614547,77
36,large_leak,2,1230,615047,83
36,large_leak,2,1231,615547,67
36,large_leak,2,1232,616047,61
36,large_leak,2,1233,616547,63
36,large_leak,2,1234,617047,69
36,large_leak,2,1235,617547,79
36,large_leak,2,1236,618047,109
36,large_leak,2,1237,618547,147
36,large_leak,2,1238,619047,158
36,large_leak,2,1239,619547,169
36,large_leak,2,1240,620047,180
36,large_leak,2,1241,620547,199
36,large_leak,2,1242,621047,198
36,large_leak,2,1243,621547,175
36,large_leak,2,1244,622047,164
36,large_leak,2,1245,622547,137
36,large_leak,2,1246,623047,104
36,large_leak,2,1247,623547,88
36,large_leak,2,1248,624047,67
36,large_leak,2,1249,624547,57
36,large_leak,2,1250,625047,55
36,large_leak,2,1251,625547,51
36,large_leak,2,1252,626047,53
36,large_leak,2,1253,626547,100
36,large_leak,2,1254,627047,136
36,large_leak,2,1255,627547,156
36,large_leak,2,1256,628047,197
36,large_leak,2,1257,628547,211
36,large_leak,2,1258,629047,216
36,large_leak,2,1259,629547,229
36,large_leak,2,1260,630047,212
36,large_leak,2,1261,630547,188
36,large_leak,2,1262,631047,140
36,large_leak,2,1263,631547,87
36,large_leak,2,1264,632047,47
36,large_leak,2,1265,632547,16
36,large_leak,2,1266,633047,0
36,large_leak,2,1267,633547,0
36,large_leak,2,1268,634047,0
36,large_leak,2,1269,634547,0
36,large_leak,2,1270,635047,0
36,large_leak,2,1271,635547,3
36,large_leak,2,1272,636047,9
36,large_leak,2,1273,636547,11
36,large_leak,2,1274,637047,17
36,large_leak,2,1275,637547,44
36,large_leak,2,1276,638047,59
36,large_leak,2,1277,638547,67
36,large_leak,2,1278,639047,83
36,large_leak,2,1279,639547,91
36,large_leak,2,1280,640047,95
36,large_leak,2,1281,640547,105
36,large_leak,2,1282,641047,106
36,large_leak,2,1283,641547,107
36,large_leak,2,1284,642047,111
36,large_leak,2,1285,642547,119
36,large_leak,2,1286,643047,125
36,large_leak,2,1287,643547,127
36,large_leak,2,1288,644047,149
36,large_leak,2,1289,644547,137
36,large_leak,2,1290,645047,109
36,large_leak,2,1291,645547,83
36,large_leak,2,1292,646047,52
36,large_leak,2,1293,646547,35
36,large_leak,2,1294,647047,19
36,large_leak,2,1295,647547,5
36,large_leak,2,1296,648047,0
36,large_leak,2,1297,648547,0
36,large_leak,2,1298,649047,0
36,large_leak,2,1299,649547,0
36,large_leak,2,1300,650047,0
36,large_leak,2,1301,650547,9
36,large_leak,2,1302,651047,28
36,large_leak,2,1303,651547,45
36,large_leak,2,1304,652047,59
36,large_leak,2,1305,652547,59
36,large_leak,2,1306,653047,53
36,large_leak,2,1307,653547,43
36,large_leak,2,1308,654047,33
36,large_leak,2,1309,654547,43
36,large_leak,2,1310,655047,26
36,large_leak,2,1311,655547,6
36,large_leak,2,1312,656047,0
36,large_leak,2,1313,656547,0
36,large_leak,2,1314,657047,0
36,large_leak,2,1315,657547,2
36,large_leak,2,1316,658047,12
36,large_leak,2,1317,658547,40
36,large_leak,2,1318,659047,47
36,large_leak,2,1319,659547,55
36,large_leak,2,1320,660047,45
36,large_leak,2,1321,660547,41
36,large_leak,2,1322,661047,50
36,large_leak,2,1323,661547,18
36,large_leak,2,1324,662047,23
36,large_leak,2,1325,662547,0
36,large_leak,2,1326,663047,0
36,large_leak,2,1327,663547,19
36,large_leak,2,1328,664047,60
36,large_leak,2,1329,664547,99
36,large_leak,2,1330,665047,138
36,large_leak,2,1331,665547,138
36,large_leak,2,1332,666047,149
36,large_leak,2,1333,666547,183
36,large_leak,2,1334,667047,215
36,large_leak,2,1335,667547,200
36,large_leak,2,1336,668047,149
36,large_leak,2,1337,668547,88
36,large_leak,2,1338,669047,42
36,large_leak,2,1339,669547,41
36,large_leak,2,1340,670047,53
36,large_leak,2,1341,670547,62
36,large_leak,2,1342,671047,77
36,large_leak,2,1343,671547,107
36,large_leak,2,1344,672047,133
36,large_leak,2,1345,672547,151
36,large_leak,2,1346,673047,165
36,large_leak,2,1347,673547,155
36,large_leak,2,1348,674047,135
36,large_leak,2,1349,674547,123
36,large_leak,2,1350,675047,111
36,large_leak,2,1351,675547,101
36,large_leak,2,1352,676047,103
36,large_leak,2,1353,676547,89
36,large_leak,2,1354,677047,82
36,large_leak,2,1355,677547,77
36,large_leak,2,1356,678047,84
36,large_leak,2,1357,678547,93
36,large_leak,2,1358,679047,89
36,large_leak,2,1359,679547,69
36,large_leak,2,1360,680047,48
36,large_leak,2,1361,680547,40
36,large_leak,2,1362,681047,28
36,large_leak,2,1363,681547,25
36,large_leak,2,1364,682047,5
36,large_leak,2,1365,682547,0
36,large_leak,2,1366,683047,0
36,large_leak,2,1367,683547,0
36,large_leak,2,1368,684047,0
36,large_leak,2,1369,684547,0
36,large_leak,2,1370,685047,0
36,large_leak,2,1371,685547,0
36,large_leak,2,1372,686047,0
36,large_leak,2,1373,686547,0
36,large_leak,2,1374,687047,0
36,large_leak,2,1375,687547,0
36,large_leak,2,1376,688047,0
36,large_leak,2,1377,688547,0
36,large_leak,2,1378,689047,0
36,large_leak,2,1379,689547,35
36,large_leak,2,1380,690047,53
36,large_leak,2,1381,690547,61
36,large_leak,2,1382,691047,75
36,large_leak,2,1383,691547,91
36,large_leak,2,1384,692047,112
36,large_leak,2,1385,692547,111
36,large_leak,2,1386,693047,111
36,large_leak,2,1387,693547,123
36,large_leak,2,1388,694047,140
36,large_leak,2,1389,694547,149
36,large_leak,2,1390,695047,141
36,large_leak,2,1391,695547,117
36,large_leak,2,1392,696047,117
36,large_leak,2,1393,696547,124
36,large_leak,2,1394,697047,110
36,large_leak,2,1395,697547,87
36,large_leak,2,1396,698047,53
36,large_leak,2,1397,698547,29
36,large_leak,2,1398,699047,21
36,large_leak,2,1399,699547,9
36,large_leak,2,1400,700047,0
36,large_leak,2,1401,700547,0
36,large_leak,2,1402,701047,0
36,large_leak,2,1403,701547,0
36,large_leak,2,1404,702047,0
36,large_leak,2,1405,702547,0
36,large_leak,2,1406,703047,2
36,large_leak,2,1407,703547,0
36,large_leak,2,1408,704047,40
36,large_leak,2,1409,704547,139
36,large_leak,2,1410,705047,199
36,large_leak,2,1411,705547,233
36,large_leak,2,1412,706047,201
36,large_leak,2,1413,706547,189
36,large_leak,2,1414,707047,203
36,large_leak,2,1415,707547,181
36,large_leak,2,1416,708047,175
36,large_leak,2,1417,708547,143
36,large_leak,2,1418,709047,137
36,large_leak,2,1419,709547,119
36,large_leak,2,1420,710047,109
36,large_leak,2,1421,710547,121
36,large_leak,2,1422,711047,147
36,large_leak,2,1423,711547,156
36,large_leak,2,1424,712047,142
36,large_leak,2,1425,712547,121
36,large_leak,2,1426,713047,119
36,large_leak,2,1427,713547,110
36,large_leak,2,1428,714047,131
36,large_leak,2,1429,714547,136
36,large_leak,2,1430,715047,111
36,large_leak,2,1431,715547,59
36,large_leak,2,1432,716047,16
36,large_leak,2,1433,716547,27
36,large_leak,2,1434,717047,7
36,large_leak,2,1435,717547,22
36,large_leak,2,1436,718047,30
36,large_leak,2,1437,718547,41
36,large_leak,2,1438,719047,43
36,large_leak,2,1439,719547,59
36,large_leak,2,1440,720047,55
36,large_leak,2,1441,720547,38
36,large_leak,2,1442,721047,27
36,large_leak,2,1443,721547,29
36,large_leak,2,1444,722047,37
36,large_leak,2,1445,722547,41
36,large_leak,2,1446,723047,35
36,large_leak,2,1447,723547,35
36,large_leak,2,1448,724047,26
36,large_leak,2,1449,724547,6
36,large_leak,2,1450,725047,0
36,large_leak,2,1451,725547,0
36,large_leak,2,1452,726047,0
36,large_leak,2,1453,726547,0
36,large_leak,2,1454,727047,0
36,large_leak,2,1455,727547,29
36,large_leak,2,1456,728047,75
36,large_leak,2,1457,728547,120
36,large_leak,2,1458,729047,181
36,large_leak,2,1459,729547,227
36,large_leak,2,1460,730047,251
36,large_leak,2,1461,730547,267
36,large_leak,2,1462,731047,249
36,large_leak,2,1463,731547,229
36,large_leak,2,1464,732047,187
36,large_leak,2,1465,732547,89
36,large_leak,2,1466,733047,25
36,large_leak,2,1467,733547,19
36,large_leak,2,1468,734047,0
36,large_leak,2,1469,734547,0
36,large_leak,2,1470,735047,0
36,large_leak,2,1471,735547,0
36,large_leak,2,1472,736047,0
36,large_leak,2,1473,736547,0
36,large_leak,2,1474,737047,0
36,large_leak,2,1475,737547,0
36,large_leak,2,1476,738047,0
36,large_leak,2,1477,738547,43
36,large_leak,2,1478,739047,74
36,large_leak,2,1479,739547,101
36,large_leak,2,1480,740047,116
36,large_leak,2,1481,740547,149
36,large_leak,2,1482,741047,163
36,large_leak,2,1483,741547,137
36,large_leak,2,1484,742047,133
36,large_leak,2,1485,742547,117
36,large_leak,2,1486,743047,111
36,large_leak,2,1487,743547,87
36,large_leak,2,1488,744047,26
36,large_leak,2,1489,744547,60
36,large_leak,2,1490,745047,36
36,large_leak,2,1491,745547,59
36,large_leak,2,1492,746047,51
36,large_leak,2,1493,746547,13
36,large_leak,2,1494,747047,0
36,large_leak,2,1495,747547,7
36,large_leak,2,1496,748047,4
36,large_leak,2,1497,748547,0
36,large_leak,2,1498,749047,1
36,large_leak,2,1499,749547,5
36,large_leak,2,1500,750047,39
36,large_leak,2,1501,750547,51
36,large_leak,2,1502,751047,71
36,large_leak,2,1503,751547,122
36,large_leak,2,1504,752047,159
36,large_leak,2,1505,752547,179
36,large_leak,2,1506,753047,203
36,large_leak,2,1507,753547,203
36,large_leak,2,1508,754047,204
36,large_leak,2,1509,754547,187
36,large_leak,2,1510,755047,164
36,large_leak,2,1511,755547,125
36,large_leak,2,1512,756047,93
36,large_leak,2,1513,756547,61
36,large_leak,2,1514,757047,37
36,large_leak,2,1515,757547,8
36,large_leak,2,1516,758047,0
36,large_leak,2,1517,758547,0
36,large_leak,2,1518,759047,0
36,large_leak,2,1519,759547,0
36,large_leak,2,1520,760047,0
36,large_leak,2,1521,760547,0
36,large_leak,2,1522,761047,56
36,large_leak,2,1523,761547,79
36,large_leak,2,1524,762047,91
36,large_leak,2,1525,762547,117
36,large_leak,2,1526,763047,155
36,large_leak,2,1527,763547,185
36,large_leak,2,1528,764047,197
36,large_leak,2,1529,764547,187
36,large_leak,2,1530,765047,169
36,large_leak,2,1531,765547,142
36,large_leak,2,1532,766047,110
36,large_leak,2,1533,766547,61
36,large_leak,2,1534,767047,18
36,large_leak,2,1535,767547,0
36,large_leak,2,1536,768047,4
36,large_leak,2,1537,768547,0
36,large_leak,2,1538,769047,0
36,large_leak,2,1539,769547,0
36,large_leak,2,1540,770047,0
36,large_leak,2,1541,770547,0
36,large_leak,2,1542,771047,0
36,large_leak,2,1543,771547,0
36,large_leak,2,1544,772047,5
36,large_leak,2,1545,772547,23
36,large_leak,2,1546,773047,37
36,large_leak,2,1547,773547,39
36,large_leak,2,1548,774047,51
36,large_leak,2,1549,774547,58
36,large_leak,2,1550,775047,57
36,large_leak,2,1551,775547,55
36,large_leak,2,1552,776047,61
36,large_leak,2,1553,776547,59
36,large_leak,2,1554,777047,53
36,large_leak,2,1555,777547,68
36,large_leak,2,1556,778047,73
36,large_leak,2,1557,778547,103
36,large_leak,2,1558,779047,134
36,large_leak,2,1559,779547,153
36,large_leak,2,1560,780047,172
36,large_leak,2,1561,780547,181
36,large_leak,2,1562,781047,210
36,large_leak,2,1563,781547,223
36,large_leak,2,1564,782047,247
36,large_leak,2,1565,782547,274
36,large_leak,2,1566,783047,277
36,large_leak,2,1567,783547,246
36,large_leak,2,1568,784047,226
36,large_leak,2,1569,784547,201
36,large_leak,2,1570,785047,173
36,large_leak,2,1571,785547,151
36,large_leak,2,1572,786047,133
36,large_leak,2,1573,786547,123
36,large_leak,2,1574,787047,125
36,large_leak,2,1575,787547,120
36,large_leak,2,1576,788047,110
36,large_leak,2,1577,788547,103
36,large_leak,2,1578,789047,103
36,large_leak,2,1579,789547,92
36,large_leak,2,1580,790047,87
36,large_leak,2,1581,790547,87
36,large_leak,2,1582,791047,75
36,large_leak,2,1583,791547,57
36,large_leak,2,1584,792047,52
36,large_leak,2,1585,792547,40
36,large_leak,2,1586,793047,36
36,large_leak,2,1587,793547,45
36,large_leak,2,1588,794047,69
36,large_leak,2,1589,794547,88
36,large_leak,2,1590,795047,93
36,large_leak,2,1591,795547,99
36,large_leak,2,1592,796047,116
36,large_leak,2,1593,796547,121
36,large_leak,2,1594,797047,111
36,large_leak,2,1595,797547,99
36,large_leak,2,1596,798047,85
36,large_leak,2,1597,798547,71
36,large_leak,2,1598,799047,76
36,large_leak,2,1599,799547,89
36,large_leak,2,1600,800047,93
36,large_leak,2,1601,800547,107
36,large_leak,2,1602,801047,136
36,large_leak,2,1603,801547,166
36,large_leak,2,1604,802047,185
36,large_leak,2,1605,802547,197
36,large_leak,2,1606,803047,200
36,large_leak,2,1607,803547,199
36,large_leak,2,1608,804047,187
36,large_leak,2,1609,804547,173
36,large_leak,2,1610,805047,157
36,large_leak,2,1611,805547,127
36,large_leak,2,1612,806047,122
36,large_leak,2,1613,806547,105
36,large_leak,2,1614,807047,100
36,large_leak,2,1615,807547,88
36,large_leak,2,1616,808047,87
36,large_leak,2,1617,808547,78
36,large_leak,2,1618,809047,88
36,large_leak,2,1619,809547,105
36,large_leak,2,1620,810047,109
36,large_leak,2,1621,810547,119
36,large_leak,2,1622,811047,122
36,large_leak,2,1623,811547,117
36,large_leak,2,1624,812047,107
36,large_leak,2,1625,812547,91
36,large_leak,2,1626,813047,84
36,large_leak,2,1627,813547,61
36,large_leak,2,1628,814047,57
36,large_leak,2,1629,814547,62
36,large_leak,2,1630,815047,58
36,large_leak,2,1631,815547,31
36,large_leak,2,1632,816047,4
36,large_leak,2,1633,816547,0
36,large_leak,2,1634,817047,0
36,large_leak,2,1635,817547,0
36,large_leak,2,1636,818047,0
36,large_leak,2,1637,818547,0
36,large_leak,2,1638,819047,0
36,large_leak,2,1639,819547,0
36,large_leak,2,1640,820047,0
36,large_leak,2,1641,820547,0
36,large_leak,2,1642,821047,0
36,large_leak,2,1643,821547,26
36,large_leak,2,1644,822047,35
36,large_leak,2,1645,822547,41
36,large_leak,2,1646,823047,57
36,large_leak,2,1647,823547,72
36,large_leak,2,1648,824047,75
36,large_leak,2,1649,824547,70
36,large_leak,2,1650,825047,59
36,large_leak,2,1651,825547,61
36,large_leak,2,1652,826047,86
36,large_leak,2,1653,826547,85
36,large_leak,2,1654,827047,77
36,large_leak,2,1655,827547,71
36,large_leak,2,1656,828047,63
36,large_leak,2,1657,828547,71
36,large_leak,2,1658,829047,46
36,large_leak,2,1659,829547,40
36,large_leak,2,1660,830047,33
36,large_leak,2,1661,830547,43
36,large_leak,2,1662,831047,53
36,large_leak,2,1663,831547,77
36,large_leak,2,1664,832047,102
36,large_leak,2,1665,832547,143
36,large_leak,2,1666,833047,197
36,large_leak,2,1667,833547,240
36,large_leak,2,1668,834047,267
36,large_leak,2,1669,834547,287
36,large_leak,2,1670,835047,313
36,large_leak,2,1671,835547,315
36,large_leak,2,1672,836047,313
36,large_leak,2,1673,836547,313
36,large_leak,2,1674,837047,293
36,large_leak,2,1675,837547,249
36,large_leak,2,1676,838047,176
36,large_leak,2,1677,838547,98
36,large_leak,2,1678,839047,47
36,large_leak,2,1679,839547,21
36,large_leak,2,1680,840047,17
36,large_leak,2,1681,840547,9
36,large_leak,2,1682,841047,9
36,large_leak,2,1683,841547,0
36,large_leak,2,1684,842047,0
36,large_leak,2,1685,842547,0
36,large_leak,2,1686,843047,8
36,large_leak,2,1687,843547,21
36,large_leak,2,1688,844047,26
36,large_leak,2,1689,844547,52
36,large_leak,2,1690,845047,81
36,large_leak,2,1691,845547,86
36,large_leak,2,1692,846047,106
36,large_leak,2,1693,846547,119
36,large_leak,2,1694,847047,127
36,large_leak,2,1695,847547,138
36,large_leak,2,1696,848047,163
36,large_leak,2,1697,848547,171
36,large_leak,2,1698,849047,163
36,large_leak,2,1699,849547,155
36,large_leak,2,1700,850047,124
36,large_leak,2,1701,850547,75
36,large_leak,2,1702,851047,71
36,large_leak,2,1703,851547,39
36,large_leak,2,1704,852047,6
36,large_leak,2,1705,852547,0
36,large_leak,2,1706,853047,12
36,large_leak,2,1707,853547,6
36,large_leak,2,1708,854047,75
36,large_leak,2,1709,854547,79
36,large_leak,2,1710,855047,83
36,large_leak,2,1711,855547,116
36,large_leak,2,1712,856047,125
36,large_leak,2,1713,856547,117
36,large_leak,2,1714,857047,136
36,large_leak,2,1715,857547,136
36,large_leak,2,1716,858047,124
36,large_leak,2,1717,858547,136
36,large_leak,2,1718,859047,105
36,large_leak,2,1719,859547,80
36,large_leak,2,1720,860047,69
36,large_leak,2,1721,860547,79
36,large_leak,2,1722,861047,77
36,large_leak,2,1723,861547,87
36,large_leak,2,1724,862047,79
36,large_leak,2,1725,862547,77
36,large_leak,2,1726,863047,81
36,large_leak,2,1727,863547,91
36,large_leak,2,1728,864047,109
36,large_leak,2,1729,864547,101
36,large_leak,2,1730,865047,87
36,large_leak,2,1731,865547,74
36,large_leak,2,1732,866047,59
36,large_leak,2,1733,866547,53
36,large_leak,2,1734,867047,53
36,large_leak,2,1735,867547,59
36,large_leak,2,1736,868047,61
36,large_leak,2,1737,868547,72
36,large_leak,2,1738,869047,93
36,large_leak,2,1739,869547,122
36,large_leak,2,1740,870047,140
36,large_leak,2,1741,870547,152
36,large_leak,2,1742,871047,149
36,large_leak,2,1743,871547,141
36,large_leak,2,1744,872047,111
36,large_leak,2,1745,872547,91
36,large_leak,2,1746,873047,75
36,large_leak,2,1747,873547,61
36,large_leak,2,1748,874048,45
36,large_leak,2,1749,874547,21
36,large_leak,2,1750,875047,9
36,large_leak,2,1751,875547,5
36,large_leak,2,1752,876047,0
36,large_leak,2,1753,876547,0
36,large_leak,2,1754,877047,0
36,large_leak,2,1755,877547,0
36,large_leak,2,1756,878047,0
36,large_leak,2,1757,878547,0
36,large_leak,2,1758,879047,0
36,large_leak,2,1759,879547,0
36,large_leak,2,1760,880047,31
36,large_leak,2,1761,880547,69
36,large_leak,2,1762,881047,126
36,large_leak,2,1763,881547,139
36,large_leak,2,1764,882047,127
36,large_leak,2,1765,882547,140
36,large_leak,2,1766,883047,141
36,large_leak,2,1767,883547,137
36,large_leak,2,1768,884047,147
36,large_leak,2,1769,884547,147
36,large_leak,2,1770,885047,147
36,large_leak,2,1771,885547,152
36,large_leak,2,1772,886047,167
36,large_leak,2,1773,886547,157
36,large_leak,2,1774,887047,167
36,large_leak,2,1775,887547,166
36,large_leak,2,1776,888047,157
36,large_leak,2,1777,888547,139
36,large_leak,2,1778,889047,115
36,large_leak,2,1779,889547,109
36,large_leak,2,1780,890047,123
36,large_leak,2,1781,890547,126
36,large_leak,2,1782,891047,105
36,large_leak,2,1783,891547,76
36,large_leak,2,1784,892047,51
36,large_leak,2,1785,892547,27
36,large_leak,2,1786,893047,5
36,large_leak,2,1787,893547,0
36,large_leak,2,1788,894047,0
36,large_leak,2,1789,894547,0
36,large_leak,2,1790,895047,0
36,large_leak,2,1791,895547,0
36,large_leak,2,1792,896047,0
36,large_leak,2,1793,896547,0
36,large_leak,2,1794,897047,0
36,large_leak,2,1795,897547,0
36,large_leak,2,1796,898047,0
36,large_leak,2,1797,898547,0
36,large_leak,2,1798,899047,0
36,large_leak,2,1799,899547,39
36,large_leak,2,1800,900047,69
36,large_leak,2,1801,900547,111
36,large_leak,2,1802,901047,157
36,large_leak,2,1803,901547,201
36,large_leak,2,1804,902047,191
36,large_leak,2,1805,902547,199
36,large_leak,2,1806,903047,183
36,large_leak,2,1807,903547,183
36,large_leak,2,1808,904047,201
36,large_leak,2,1809,904547,203
36,large_leak,2,1810,905047,197
36,large_leak,2,1811,905547,187
36,large_leak,2,1812,906047,158
36,large_leak,2,1813,906547,136
36,large_leak,2,1814,907047,152
36,large_leak,2,1815,907547,147
36,large_leak,2,1816,908047,135
36,large_leak,2,1817,908547,133
36,large_leak,2,1818,909047,109
36,large_leak,2,1819,909547,120
36,large_leak,2,1820,910047,148
36,large_leak,2,1821,910547,139
36,large_leak,2,1822,911047,135
36,large_leak,2,1823,911547,138
36,large_leak,2,1824,912047,133
36,large_leak,2,1825,912547,121
36,large_leak,2,1826,913047,120
36,large_leak,2,1827,913547,116
36,large_leak,2,1828,914047,122
36,large_leak,2,1829,914547,125
36,large_leak,2,1830,915047,112
36,large_leak,2,1831,915547,111
36,large_leak,2,1832,916047,135
36,large_leak,2,1833,916547,141
36,large_leak,2,1834,917047,143
36,large_leak,2,1835,917547,143
36,large_leak,2,1836,918047,134
36,large_leak,2,1837,918547,107
36,large_leak,2,1838,919047,102
36,large_leak,2,1839,919547,79
36,large_leak,2,1840,920047,56
36,large_leak,2,1841,920547,23
36,large_leak,2,1842,921047,1
36,large_leak,2,1843,921547,0
36,large_leak,2,1844,922047,0
36,large_leak,2,1845,922547,0
36,large_leak,2,1846,923047,0
36,large_leak,2,1847,923547,0
36,large_leak,2,1848,924047,0
36,large_leak,2,1849,924547,0
36,large_leak,2,1850,925047,0
36,large_leak,2,1851,925547,0
36,large_leak,2,1852,926047,41
36,large_leak,2,1853,926547,61
36,large_leak,2,1854,927047,89
36,large_leak,2,1855,927547,149
36,large_leak,2,1856,928047,179
36,large_leak,2,1857,928547,227
36,large_leak,2,1858,929047,271
36,large_leak,2,1859,929547,288
36,large_leak,2,1860,930047,270
36,large_leak,2,1861,930547,247
36,large_leak,2,1862,931047,220
36,large_leak,2,1863,931547,201
36,large_leak,2,1864,932047,171
36,large_leak,2,1865,932547,123
36,large_leak,2,1866,933047,76
36,large_leak,2,1867,933547,41
36,large_leak,2,1868,934047,9
36,large_leak,2,1869,934547,0
36,large_leak,2,1870,935047,0
36,large_leak,2,1871,935547,0
36,large_leak,2,1872,936047,0
36,large_leak,2,1873,936547,0
36,large_leak,2,1874,937047,0
36,large_leak,2,1875,937547,20
36,large_leak,2,1876,938047,56
36,large_leak,2,1877,938547,76
36,large_leak,2,1878,939047,77
36,large_leak,2,1879,939547,99
36,large_leak,2,1880,940047,99
36,large_leak,2,1881,940547,111
36,large_leak,2,1882,941047,123
36,large_leak,2,1883,941547,119
36,large_leak,2,1884,942047,103
36,large_leak,2,1885,942547,95
36,large_leak,2,1886,943047,93
36,large_leak,2,1887,943547,62
36,large_leak,2,1888,944047,39
36,large_leak,2,1889,944547,16
36,large_leak,2,1890,945047,20
36,large_leak,2,1891,945547,41
36,large_leak,2,1892,946047,47
36,large_leak,2,1893,946547,54
36,large_leak,2,1894,947047,53
36,large_leak,2,1895,947547,57
36,large_leak,2,1896,948047,89
36,large_leak,2,1897,948547,97
36,large_leak,2,1898,949047,107
36,large_leak,2,1899,949547,136
36,large_leak,2,1900,950047,126
36,large_leak,2,1901,950547,132
36,large_leak,2,1902,951047,141
36,large_leak,2,1903,951547,136
36,large_leak,2,1904,952047,103
36,large_leak,2,1905,952547,59
36,large_leak,2,1906,953047,19
36,large_leak,2,1907,953547,0
36,large_leak,2,1908,954047,0
36,large_leak,2,1909,954547,0
36,large_leak,2,1910,955047,0
36,large_leak,2,1911,955547,0
36,large_leak,2,1912,956047,0
36,large_leak,2,1913,956547,0
36,large_leak,2,1914,957047,0
36,large_leak,2,1915,957547,8
36,large_leak,2,1916,958047,75
36,large_leak,2,1917,958547,79
36,large_leak,2,1918,959047,83
36,large_leak,2,1919,959547,121
36,large_leak,2,1920,960047,126
36,large_leak,2,1921,960547,107
36,large_leak,2,1922,961047,83
36,large_leak,2,1923,961547,41
36,large_leak,2,1924,962047,58
36,large_leak,2,1925,962547,83
36,large_leak,2,1926,963047,89
36,large_leak,2,1927,963547,77
36,large_leak,2,1928,964047,79
36,large_leak,2,1929,964547,107
36,large_leak,2,1930,965047,143
36,large_leak,2,1931,965547,153
36,large_leak,2,1932,966047,157
36,large_leak,2,1933,966547,159
36,large_leak,2,1934,967047,173
36,large_leak,2,1935,967547,191
36,large_leak,2,1936,968047,200
36,large_leak,2,1937,968547,198
36,large_leak,2,1938,969047,205
36,large_leak,2,1939,969547,215
36,large_leak,2,1940,970047,203
36,large_leak,2,1941,970547,189
36,large_leak,2,1942,971047,207
36,large_leak,2,1943,971547,204
36,large_leak,2,1944,972047,213
36,large_leak,2,1945,972547,205
36,large_leak,2,1946,973047,183
36,large_leak,2,1947,973547,192
36,large_leak,2,1948,974047,172
36,large_leak,2,1949,974547,143
36,large_leak,2,1950,975047,123
36,large_leak,2,1951,975547,108
36,large_leak,2,1952,976047,101
36,large_leak,2,1953,976547,92
36,large_leak,2,1954,977047,75
36,large_leak,2,1955,977547,74
36,large_leak,2,1956,978047,95
36,large_leak,2,1957,978547,139
36,large_leak,2,1958,979047,159
36,large_leak,2,1959,979547,168
36,large_leak,2,1960,980047,149
36,large_leak,2,1961,980547,133
36,large_leak,2,1962,981047,141
36,large_leak,2,1963,981547,147
36,large_leak,2,1964,982047,119
36,large_leak,2,1965,982547,90
36,large_leak,2,1966,983047,74
36,large_leak,2,1967,983547,45
36,large_leak,2,1968,984047,23
36,large_leak,2,1969,984547,12
36,large_leak,2,1970,985047,1
36,large_leak,2,1971,985547,0
36,large_leak,2,1972,986047,0
36,large_leak,2,1973,986547,0
36,large_leak,2,1974,987047,0
36,large_leak,2,1975,987547,2
36,large_leak,2,1976,988047,0
36,large_leak,2,1977,988547,0
36,large_leak,2,1978,989047,0
36,large_leak,2,1979,989547,0
36,large_leak,2,1980,990047,0
36,large_leak,2,1981,990547,0
36,large_leak,2,1982,991047,0
36,large_leak,2,1983,991547,0
36,large_leak,2,1984,992047,0
36,large_leak,2,1985,992547,0
36,large_leak,2,1986,993047,3
36,large_leak,2,1987,993547,41
36,large_leak,2,1988,994047,77
36,large_leak,2,1989,994547,127
36,large_leak,2,1990,995047,173
36,large_leak,2,1991,995547,199
36,large_leak,2,1992,996047,205
36,large_leak,2,1993,996547,211
36,large_leak,2,1994,997047,197
36,large_leak,2,1995,997547,183
36,large_leak,2,1996,998047,156
36,large_leak,2,1997,998547,119
36,large_leak,2,1998,999047,88
36,large_leak,2,1999,999547,47
36,large_leak,3,0,48,0
36,large_leak,3,1,547,0
36,large_leak,3,2,1047,0
36,large_leak,3,3,1547,0
36,large_leak,3,4,2047,0
36,large_leak,3,5,2547,0
36,large_leak,3,6,3047,0
36,large_leak,3,7,3547,0
36,large_leak,3,8,4047,22
36,large_leak,3,9,4547,51
36,large_leak,3,10,5047,84
36,large_leak,3,11,5547,111
36,large_leak,3,12,6047,121
36,large_leak,3,13,6547,120
36,large_leak,3,14,7047,126
36,large_leak,3,15,7547,121
36,large_leak,3,16,8047,117
36,large_leak,3,17,8547,119
36,large_leak,3,18,9047,135
36,large_leak,3,19,9547,167
36,large_leak,3,20,10047,197
36,large_leak,3,21,10547,217
36,large_leak,3,22,11047,231
36,large_leak,3,23,11547,239
36,large_leak,3,24,12047,239
36,large_leak,3,25,12547,234
36,large_leak,3,26,13047,219
36,large_leak,3,27,13547,190
36,large_leak,3,28,14047,157
36,large_leak,3,29,14547,110
36,large_leak,3,30,15047,70
36,large_leak,3,31,15547,50
36,large_leak,3,32,16047,43
36,large_leak,3,33,16547,26
36,large_leak,3,34,17047,13
36,large_leak,3,35,17547,0
36,large_leak,3,36,18047,0
36,large_leak,3,37,18547,7
36,large_leak,3,38,19047,10
36,large_leak,3,39,19547,7
36,large_leak,3,40,20047,6
36,large_leak,3,41,20547,9
36,large_leak,3,42,21047,25
36,large_leak,3,43,21547,57
36,large_leak,3,44,22047,55
36,large_leak,3,45,22547,61
36,large_leak,3,46,23047,73
36,large_leak,3,47,23547,59
36,large_leak,3,48,24047,58
36,large_leak,3,49,24547,61
36,large_leak,3,50,25047,68
36,large_leak,3,51,25547,75
36,large_leak,3,52,26047,79
36,large_leak,3,53,26547,79
36,large_leak,3,54,27047,77
36,large_leak,3,55,27547,83
36,large_leak,3,56,28047,77
36,large_leak,3,57,28547,77
36,large_leak,3,58,29047,73
36,large_leak,3,59,29547,83
36,large_leak,3,60,30047,101
36,large_leak,3,61,30547,110
36,large_leak,3,62,31047,116
36,large_leak,3,63,31547,123
36,large_leak,3,64,32047,138
36,large_leak,3,65,32547,150
36,large_leak,3,66,33047,150
36,large_leak,3,67,33547,152
36,large_leak,3,68,34047,153
36,large_leak,3,69,34547,155
36,large_leak,3,70,35047,149
36,large_leak,3,71,35547,117
36,large_leak,3,72,36047,87
36,large_leak,3,73,36547,59
36,large_leak,3,74,37047,39
36,large_leak,3,75,37547,9
36,large_leak,3,76,38047,0
36,large_leak,3,77,38547,0
36,large_leak,3,78,39047,0
36,large_leak,3,79,39547,0
36,large_leak,3,80,40047,0
36,large_leak,3,81,40547,0
36,large_leak,3,82,41047,0
36,large_leak,3,83,41547,0
36,large_leak,3,84,42047,0
36,large_leak,3,85,42547,0
36,large_leak,3,86,43047,0
36,large_leak,3,87,43547,0
36,large_leak,3,88,44047,0
36,large_leak,3,89,44547,0
36,large_leak,3,90,45047,26
36,large_leak,3,91,45547,45
36,large_leak,3,92,46047,56
36,large_leak,3,93,46547,75
36,large_leak,3,94,47047,83
36,large_leak,3,95,47547,75
36,large_leak,3,96,48047,55
36,large_leak,3,97,48547,29
36,large_leak,3,98,49047,17
36,large_leak,3,99,49547,0
36,large_leak,3,100,50047,1
36,large_leak,3,101,50547,0
36,large_leak,3,102,51047,0
36,large_leak,3,103,51547,0
36,large_leak,3,104,52047,3
36,large_leak,3,105,52547,17
36,large_leak,3,106,53047,48
36,large_leak,3,107,53547,99
36,large_leak,3,108,54047,136
36,large_leak,3,109,54547,167
36,large_leak,3,110,55047,223
36,large_leak,3,111,55547,261
36,large_leak,3,112,56047,269
36,large_leak,3,113,56547,279
36,large_leak,3,114,57047,293
36,large_leak,3,115,57547,293
36,large_leak,3,116,58047,298
36,large_leak,3,117,58547,307
36,large_leak,3,118,59047,281
36,large_leak,3,119,59547,203
36,large_leak,3,120,60047,217
36,large_leak,3,121,60547,220
36,large_leak,3,122,61047,234
36,large_leak,3,123,61547,223
36,large_leak,3,124,62047,189
36,large_leak,3,125,62547,139
36,large_leak,3,126,63047,117
36,large_leak,3,127,63547,120
36,large_leak,3,128,64047,85
36,large_leak,3,129,64547,50
36,large_leak,3,130,65047,22
36,large_leak,3,131,65547,0
36,large_leak,3,132,66047,0
36,large_leak,3,133,66547,0
36,large_leak,3,134,67047,0
36,large_leak,3,135,67547,0
36,large_leak,3,136,68047,0
36,large_leak,3,137,68547,0
36,large_leak,3,138,69047,0
36,large_leak,3,139,69547,0
36,large_leak,3,140,70047,0
36,large_leak,3,141,70547,0
36,large_leak,3,142,71047,43
36,large_leak,3,143,71547,47
36,large_leak,3,144,72047,74
36,large_leak,3,145,72547,82
36,large_leak,3,146,73047,99
36,large_leak,3,147,73547,115
36,large_leak,3,148,74047,107
36,large_leak,3,149,74547,87
36,large_leak,3,150,75047,77
36,large_leak,3,151,75547,67
36,large_leak,3,152,76047,55
36,large_leak,3,153,76547,47
36,large_leak,3,154,77047,35
36,large_leak,3,155,77547,43
36,large_leak,3,156,78047,45
36,large_leak,3,157,78547,41
36,large_leak,3,158,79047,47
36,large_leak,3,159,79547,46
36,large_leak,3,160,80047,51
36,large_leak,3,161,80547,43
36,large_leak,3,162,81047,21
36,large_leak,3,163,81547,3
36,large_leak,3,164,82047,0
36,large_leak,3,165,82547,0
36,large_leak,3,166,83047,0
36,large_leak,3,167,83547,0
36,large_leak,3,168,84047,3
36,large_leak,3,169,84547,0
36,large_leak,3,170,85047,33
36,large_leak,3,171,85547,53
36,large_leak,3,172,86047,76
36,large_leak,3,173,86547,91
36,large_leak,3,174,87047,99
36,large_leak,3,175,87547,111
36,large_leak,3,176,88047,141
36,large_leak,3,177,88547,164
36,large_leak,3,178,89047,168
36,large_leak,3,179,89547,159
36,large_leak,3,180,90047,150
36,large_leak,3,181,90547,136
36,large_leak,3,182,91047,138
36,large_leak,3,183,91547,151
36,large_leak,3,184,92047,169
36,large_leak,3,185,92547,167
36,large_leak,3,186,93047,157
36,large_leak,3,187,93547,165
36,large_leak,3,188,94047,173
36,large_leak,3,189,94547,188
36,large_leak,3,190,95047,192
36,large_leak,3,191,95547,168
36,large_leak,3,192,96047,184
36,large_leak,3,193,96547,178
36,large_leak,3,194,97047,117
36,large_leak,3,195,97547,120
36,large_leak,3,196,98047,91
36,large_leak,3,197,98547,99
36,large_leak,3,198,99047,71
36,large_leak,3,199,99547,45
36,large_leak,3,200,100047,13
36,large_leak,3,201,100547,3
36,large_leak,3,202,101047,7
36,large_leak,3,203,101547,1
36,large_leak,3,204,102047,0
36,large_leak,3,205,102548,44
36,large_leak,3,206,103047,103
36,large_leak,3,207,103547,132
36,large_leak,3,208,104047,165
36,large_leak,3,209,104547,199
36,large_leak,3,210,105047,205
36,large_leak,3,211,105547,216
36,large_leak,3,212,106047,213
36,large_leak,3,213,106547,180
36,large_leak,3,214,107047,159
36,large_leak,3,215,107547,157
36,large_leak,3,216,108047,141
36,large_leak,3,217,108547,117
36,large_leak,3,218,109047,102
36,large_leak,3,219,109547,91
36,large_leak,3,220,110047,82
36,large_leak,3,221,110547,73
36,large_leak,3,222,111047,63
36,large_leak,3,223,111547,52
36,large_leak,3,224,112047,43
36,large_leak,3,225,112547,51
36,large_leak,3,226,113047,67
36,large_leak,3,227,113547,75
36,large_leak,3,228,114047,98
36,large_leak,3,229,114547,102
36,large_leak,3,230,115047,103
36,large_leak,3,231,115547,106
36,large_leak,3,232,116047,93
36,large_leak,3,233,116547,85
36,large_leak,3,234,117047,77
36,large_leak,3,235,117547,57
36,large_leak,3,236,118047,55
36,large_leak,3,237,118547,77
36,large_leak,3,238,119047,89
36,large_leak,3,239,119547,105
36,large_leak,3,240,120047,121
36,large_leak,3,241,120547,135
36,large_leak,3,242,121047,127
36,large_leak,3,243,121547,125
36,large_leak,3,244,122047,127
36,large_leak,3,245,122547,137
36,large_leak,3,246,123047,154
36,large_leak,3,247,123547,166
36,large_leak,3,248,124047,157
36,large_leak,3,249,124547,161
36,large_leak,3,250,125047,150
36,large_leak,3,251,125547,123
36,large_leak,3,252,126047,108
36,large_leak,3,253,126547,88
36,large_leak,3,254,127047,75
36,large_leak,3,255,127547,59
36,large_leak,3,256,128047,57
36,large_leak,3,257,128547,63
36,large_leak,3,258,129047,45
36,large_leak,3,259,129547,27
36,large_leak,3,260,130047,23
36,large_leak,3,261,130547,9
36,large_leak,3,262,131047,0
36,large_leak,3,263,131547,0
36,large_leak,3,264,132047,0
36,large_leak,3,265,132547,0
36,large_leak,3,266,133047,0
36,large_leak,3,267,133547,0
36,large_leak,3,268,134047,0
36,large_leak,3,269,134547,0
36,large_leak,3,270,135047,0
36,large_leak,3,271,135547,0
36,large_leak,3,272,136047,0
36,large_leak,3,273,136547,0
36,large_leak,3,274,137047,0
36,large_leak,3,275,137547,0
36,large_leak,3,276,138047,1
36,large_leak,3,277,138547,37
36,large_leak,3,278,139047,76
36,large_leak,3,279,139547,120
36,large_leak,3,280,140047,149
36,large_leak,3,281,140547,156
36,large_leak,3,282,141047,155
36,large_leak,3,283,141547,140
36,large_leak,3,284,142047,119
36,large_leak,3,285,142547,95
36,large_leak,3,286,143047,87
36,large_leak,3,287,143547,91
36,large_leak,3,288,144047,89
36,large_leak,3,289,144547,75
36,large_leak,3,290,145047,59
36,large_leak,3,291,145547,59
36,large_leak,3,292,146047,73
36,large_leak,3,293,146547,89
36,large_leak,3,294,147047,114
36,large_leak,3,295,147547,134
36,large_leak,3,296,148047,170
36,large_leak,3,297,148547,187
36,large_leak,3,298,149047,198
36,large_leak,3,299,149547,215
36,large_leak,3,300,150047,233
36,large_leak,3,301,150547,243
36,large_leak,3,302,151047,233
36,large_leak,3,303,151547,242
36,large_leak,3,304,152047,219
36,large_leak,3,305,152547,219
36,large_leak,3,306,153047,217
36,large_leak,3,307,153547,180
36,large_leak,3,308,154047,169
36,large_leak,3,309,154547,140
36,large_leak,3,310,155047,111
36,large_leak,3,311,155547,111
36,large_leak,3,312,156047,135
36,large_leak,3,313,156547,137
36,large_leak,3,314,157047,134
36,large_leak,3,315,157547,109
36,large_leak,3,316,158047,91
36,large_leak,3,317,158547,75
36,large_leak,3,318,159047,70
36,large_leak,3,319,159547,58
36,large_leak,3,320,160047,79
36,large_leak,3,321,160547,127
36,large_leak,3,322,161047,173
36,large_leak,3,323,161547,211
36,large_leak,3,324,162047,237
36,large_leak,3,325,162547,279
36,large_leak,3,326,163047,317
36,large_leak,3,327,163547,344
36,large_leak,3,328,164047,346
36,large_leak,3,329,164547,353
36,large_leak,3,330,165047,352
36,large_leak,3,331,165547,348
36,large_leak,3,332,166047,327
36,large_leak,3,333,166547,302
36,large_leak,3,334,167047,265
36,large_leak,3,335,167547,219
36,large_leak,3,336,168047,189
36,large_leak,3,337,168547,167
36,large_leak,3,338,169047,150
36,large_leak,3,339,169547,141
36,large_leak,3,340,170047,139
36,large_leak,3,341,170547,115
36,large_leak,3,342,171047,117
36,large_leak,3,343,171547,127
36,large_leak,3,344,172047,125
36,large_leak,3,345,172547,153
36,large_leak,3,346,173047,168
36,large_leak,3,347,173547,145
36,large_leak,3,348,174047,136
36,large_leak,3,349,174547,123
36,large_leak,3,350,175047,104
36,large_leak,3,351,175547,103
36,large_leak,3,352,176047,84
36,large_leak,3,353,176547,47
36,large_leak,3,354,177047,29
36,large_leak,3,355,177547,30
36,large_leak,3,356,178047,20
36,large_leak,3,357,178547,0
36,large_leak,3,358,179047,0
36,large_leak,3,359,179547,0
36,large_leak,3,360,180047,0
36,large_leak,3,361,180547,0
36,large_leak,3,362,181047,0
36,large_leak,3,363,181547,12
36,large_leak,3,364,182047,27
36,large_leak,3,365,182547,59
36,large_leak,3,366,183047,73
36,large_leak,3,367,183547,79
36,large_leak,3,368,184047,70
36,large_leak,3,369,184547,56
36,large_leak,3,370,185047,24
36,large_leak,3,371,185547,5
36,large_leak,3,372,186047,0
36,large_leak,3,373,186547,0
36,large_leak,3,374,187047,0
36,large_leak,3,375,187547,0
36,large_leak,3,376,188047,0
36,large_leak,3,377,188547,0
36,large_leak,3,378,189047,0
36,large_leak,3,379,189547,0
36,large_leak,3,380,190047,0
36,large_leak,3,381,190547,0
36,large_leak,3,382,191047,0
36,large_leak,3,383,191547,0
36,large_leak,3,384,192047,6
36,large_leak,3,385,192547,28
36,large_leak,3,386,193047,59
36,large_leak,3,387,193547,95
36,large_leak,3,388,194047,137
36,large_leak,3,389,194547,170
36,large_leak,3,390,195047,183
36,large_leak,3,391,195547,171
36,large_leak,3,392,196047,157
36,large_leak,3,393,196547,144
36,large_leak,3,394,197047,134
36,large_leak,3,395,197547,121
36,large_leak,3,396,198047,105
36,large_leak,3,397,198547,83
36,large_leak,3,398,199047,75
36,large_leak,3,399,199547,84
36,large_leak,3,400,200047,87
36,large_leak,3,401,200547,105
36,large_leak,3,402,201047,133
36,large_leak,3,403,201547,147
36,large_leak,3,404,202047,169
36,large_leak,3,405,202547,169
36,large_leak,3,406,203047,167
36,large_leak,3,407,203547,169
36,large_leak,3,408,204047,169
36,large_leak,3,409,204547,181
36,large_leak,3,410,205047,158
36,large_leak,3,411,205547,141
36,large_leak,3,412,206047,117
36,large_leak,3,413,206547,87
36,large_leak,3,414,207047,59
36,large_leak,3,415,207547,27
36,large_leak,3,416,208047,10
36,large_leak,3,417,208547,0
36,large_leak,3,418,209047,0
36,large_leak,3,419,209547,0
36,large_leak,3,420,210047,0
36,large_leak,3,421,210547,0
36,large_leak,3,422,211047,23
36,large_leak,3,423,211547,27
36,large_leak,3,424,212047,27
36,large_leak,3,425,212547,36
36,large_leak,3,426,213047,37
36,large_leak,3,427,213547,11
36,large_leak,3,428,214047,5
36,large_leak,3,429,214547,27
36,large_leak,3,430,215047,18
36,large_leak,3,431,215547,53
36,large_leak,3,432,216047,22
36,large_leak,3,433,216547,0
36,large_leak,3,434,217047,0
36,large_leak,3,435,217547,0
36,large_leak,3,436,218047,0
36,large_leak,3,437,218547,0
36,large_leak,3,438,219047,0
36,large_leak,3,439,219547,0
36,large_leak,3,440,220047,0
36,large_leak,3,441,220547,0
36,large_leak,3,442,221047,0
36,large_leak,3,443,221547,0
36,large_leak,3,444,222047,41
36,large_leak,3,445,222547,77
36,large_leak,3,446,223047,121
36,large_leak,3,447,223547,167
36,large_leak,3,448,224047,205
36,large_leak,3,449,224547,230
36,large_leak,3,450,225047,249
36,large_leak,3,451,225547,253
36,large_leak,3,452,226047,266
36,large_leak,3,453,226547,282
36,large_leak,3,454,227047,285
36,large_leak,3,455,227547,281
36,large_leak,3,456,228047,281
36,large_leak,3,457,228547,261
36,large_leak,3,458,229047,235
36,large_leak,3,459,229547,201
36,large_leak,3,460,230047,168
36,large_leak,3,461,230547,180
36,large_leak,3,462,231047,173
36,large_leak,3,463,231547,167
36,large_leak,3,464,232047,153
36,large_leak,3,465,232547,148
36,large_leak,3,466,233047,134
36,large_leak,3,467,233547,138
36,large_leak,3,468,234047,133
36,large_leak,3,469,234547,121
36,large_leak,3,470,235047,101
36,large_leak,3,471,235547,73
36,large_leak,3,472,236047,43
36,large_leak,3,473,236547,31
36,large_leak,3,474,237047,45
36,large_leak,3,475,237547,35
36,large_leak,3,476,238047,42
36,large_leak,3,477,238547,39
36,large_leak,3,478,239047,27
36,large_leak,3,479,239547,35
36,large_leak,3,480,240047,33
36,large_leak,3,481,240547,26
36,large_leak,3,482,241047,37
36,large_leak,3,483,241547,30
36,large_leak,3,484,242047,41
36,large_leak,3,485,242547,71
36,large_leak,3,486,243047,69
36,large_leak,3,487,243547,85
36,large_leak,3,488,244047,57
36,large_leak,3,489,244547,51
36,large_leak,3,490,245047,47
36,large_leak,3,491,245547,30
36,large_leak,3,492,246047,9
36,large_leak,3,493,246547,0
36,large_leak,3,494,247047,0
36,large_leak,3,495,247547,0
36,large_leak,3,496,248047,0
36,large_leak,3,497,248547,0
36,large_leak,3,498,249047,0
36,large_leak,3,499,249547,0
36,large_leak,3,500,250047,0
36,large_leak,3,501,250547,0
36,large_leak,3,502,251047,0
36,large_leak,3,503,251547,39
36,large_leak,3,504,252047,29
36,large_leak,3,505,252547,39
36,large_leak,3,506,253047,45
36,large_leak,3,507,253547,60
36,large_leak,3,508,254047,40
36,large_leak,3,509,254547,43
36,large_leak,3,510,255047,37
36,large_leak,3,511,255548,45
36,large_leak,3,512,256047,75
36,large_leak,3,513,256547,57
36,large_leak,3,514,257047,68
36,large_leak,3,515,257547,88
36,large_leak,3,516,258047,68
36,large_leak,3,517,258547,57
36,large_leak,3,518,259047,40
36,large_leak,3,519,259547,11
36,large_leak,3,520,260047,0
36,large_leak,3,521,260547,0
36,large_leak,3,522,261048,0
36,large_leak,3,523,261547,0
36,large_leak,3,524,262047,0
36,large_leak,3,525,262547,0
36,large_leak,3,526,263047,0
36,large_leak,3,527,263547,0
36,large_leak,3,528,264047,0
36,large_leak,3,529,264547,68
36,large_leak,3,530,265047,110
36,large_leak,3,531,265547,141
36,large_leak,3,532,266047,150
36,large_leak,3,533,266547,151
36,large_leak,3,534,267047,157
36,large_leak,3,535,267547,151
36,large_leak,3,536,268047,135
36,large_leak,3,537,268547,100
36,large_leak,3,538,269047,55
36,large_leak,3,539,269547,19
36,large_leak,3,540,270047,0
36,large_leak,3,541,270547,0
36,large_leak,3,542,271047,0
36,large_leak,3,543,271547,0
36,large_leak,3,544,272047,0
36,large_leak,3,545,272547,0
36,large_leak,3,546,273047,0
36,large_leak,3,547,273547,0
36,large_leak,3,548,274047,0
36,large_leak,3,549,274547,39
36,large_leak,3,550,275047,55
36,large_leak,3,551,275547,83
36,large_leak,3,552,276047,91
36,large_leak,3,553,276547,92
36,large_leak,3,554,277047,103
36,large_leak,3,555,277547,109
36,large_leak,3,556,278047,112
36,large_leak,3,557,278547,109
36,large_leak,3,558,279047,120
36,large_leak,3,559,279547,150
36,large_leak,3,560,280047,181
36,large_leak,3,561,280547,205
36,large_leak,3,562,281047,215
36,large_leak,3,563,281547,213
36,large_leak,3,564,282047,207
36,large_leak,3,565,282547,207
36,large_leak,3,566,283047,203
36,large_leak,3,567,283547,157
36,large_leak,3,568,284047,133
36,large_leak,3,569,284547,109
36,large_leak,3,570,285047,74
36,large_leak,3,571,285547,68
36,large_leak,3,572,286047,53
36,large_leak,3,573,286547,17
36,large_leak,3,574,287047,24
36,large_leak,3,575,287547,29
36,large_leak,3,576,288047,36
36,large_leak,3,577,288547,51
36,large_leak,3,578,289047,72
36,large_leak,3,579,289547,109
36,large_leak,3,580,290047,131
36,large_leak,3,581,290547,141
36,large_leak,3,582,291047,171
36,large_leak,3,583,291547,175
36,large_leak,3,584,292047,176
36,large_leak,3,585,292547,180
36,large_leak,3,586,293047,171
36,large_leak,3,587,293547,204
36,large_leak,3,588,294047,217
36,large_leak,3,589,294547,216
36,large_leak,3,590,295047,188
36,large_leak,3,591,295547,167
36,large_leak,3,592,296047,165
36,large_leak,3,593,296547,167
36,large_leak,3,594,297047,173
36,large_leak,3,595,297547,175
36,large_leak,3,596,298047,175
36,large_leak,3,597,298547,160
36,large_leak,3,598,299047,155
36,large_leak,3,599,299547,165
36,large_leak,3,600,300047,168
36,large_leak,3,601,300547,179
36,large_leak,3,602,301047,181
36,large_leak,3,603,301547,182
36,large_leak,3,604,302047,183
36,large_leak,3,605,302547,180
36,large_leak,3,606,303047,159
36,large_leak,3,607,303547,165
36,large_leak,3,608,304047,170
36,large_leak,3,609,304547,166
36,large_leak,3,610,305047,169
36,large_leak,3,611,305547,184
36,large_leak,3,612,306047,183
36,large_leak,3,613,306547,204
36,large_leak,3,614,307047,175
36,large_leak,3,615,307547,146
36,large_leak,3,616,308047,90
36,large_leak,3,617,308547,37
36,large_leak,3,618,309047,5
36,large_leak,3,619,309547,0
36,large_leak,3,620,310047,0
36,large_leak,3,621,310547,0
36,large_leak,3,622,311047,0
36,large_leak,3,623,311547,0
36,large_leak,3,624,312047,20
36,large_leak,3,625,312547,47
36,large_leak,3,626,313047,37
36,large_leak,3,627,313547,45
36,large_leak,3,628,314047,53
36,large_leak,3,629,314547,71
36,large_leak,3,630,315047,77
36,large_leak,3,631,315547,58
36,large_leak,3,632,316047,63
36,large_leak,3,633,316547,56
36,large_leak,3,634,317047,38
36,large_leak,3,635,317547,31
36,large_leak,3,636,318047,38
36,large_leak,3,637,318547,31
36,large_leak,3,638,319047,43
36,large_leak,3,639,319547,42
36,large_leak,3,640,320047,52
36,large_leak,3,641,320547,75
36,large_leak,3,642,321047,103
36,large_leak,3,643,321547,119
36,large_leak,3,644,322047,124
36,large_leak,3,645,322547,117
36,large_leak,3,646,323047,136
36,large_leak,3,647,323547,156
36,large_leak,3,648,324047,152
36,large_leak,3,649,324547,149
36,large_leak,3,650,325047,163
36,large_leak,3,651,325547,173
36,large_leak,3,652,326047,175
36,large_leak,3,653,326547,145
36,large_leak,3,654,327047,119
36,large_leak,3,655,327547,105
36,large_leak,3,656,328047,91
36,large_leak,3,657,328547,77
36,large_leak,3,658,329047,45
36,large_leak,3,659,329547,11
36,large_leak,3,660,330047,0
36,large_leak,3,661,330547,19
36,large_leak,3,662,331047,0
36,large_leak,3,663,331547,0
36,large_leak,3,664,332048,7
36,large_leak,3,665,332547,14
36,large_leak,3,666,333047,31
36,large_leak,3,667,333547,43
36,large_leak,3,668,334047,58
36,large_leak,3,669,334547,85
36,large_leak,3,670,335047,106
36,large_leak,3,671,335547,99
36,large_leak,3,672,336047,93
36,large_leak,3,673,336547,100
36,large_leak,3,674,337047,98
36,large_leak,3,675,337547,91
36,large_leak,3,676,338047,89
36,large_leak,3,677,338547,91
36,large_leak,3,678,339047,88
36,large_leak,3,679,339547,74
36,large_leak,3,680,340047,47
36,large_leak,3,681,340547,28
36,large_leak,3,682,341047,28
36,large_leak,3,683,341547,12
36,large_leak,3,684,342047,20
36,large_leak,3,685,342547,38
36,large_leak,3,686,343047,43
36,large_leak,3,687,343547,69
36,large_leak,3,688,344047,89
36,large_leak,3,689,344547,119
36,large_leak,3,690,345047,157
36,large_leak,3,691,345547,210
36,large_leak,3,692,346047,212
36,large_leak,3,693,346547,184
36,large_leak,3,694,347047,150
36,large_leak,3,695,347547,115
36,large_leak,3,696,348047,101
36,large_leak,3,697,348547,54
36,large_leak,3,698,349047,13
36,large_leak,3,699,349547,4
36,large_leak,3,700,350047,0
36,large_leak,3,701,350547,0
36,large_leak,3,702,351047,0
36,large_leak,3,703,351547,0
36,large_leak,3,704,352047,0
36,large_leak,3,705,352547,41
36,large_leak,3,706,353047,78
36,large_leak,3,707,353547,119
36,large_leak,3,708,354047,152
36,large_leak,3,709,354547,183
36,large_leak,3,710,355047,151
36,large_leak,3,711,355547,121
36,large_leak,3,712,356047,93
36,large_leak,3,713,356547,55
36,large_leak,3,714,357047,17
36,large_leak,3,715,357547,0
36,large_leak,3,716,358047,0
36,large_leak,3,717,358547,0
36,large_leak,3,718,359047,0
36,large_leak,3,719,359547,0
36,large_leak,3,720,360047,0
36,large_leak,3,721,360547,0
36,large_leak,3,722,361047,0
36,large_leak,3,723,361547,0
36,large_leak,3,724,362047,0
36,large_leak,3,725,362547,0
36,large_leak,3,726,363047,0
36,large_leak,3,727,363547,0
36,large_leak,3,728,364047,0
36,large_leak,3,729,364547,47
36,large_leak,3,730,365047,87
36,large_leak,3,731,365547,116
36,large_leak,3,732,366047,125
36,large_leak,3,733,366547,140
36,large_leak,3,734,367047,155
36,large_leak,3,735,367547,169
36,large_leak,3,736,368047,168
36,large_leak,3,737,368547,165
36,large_leak,3,738,369047,169
36,large_leak,3,739,369547,165
36,large_leak,3,740,370047,158
36,large_leak,3,741,370547,141
36,large_leak,3,742,371047,116
36,large_leak,3,743,371547,123
36,large_leak,3,744,372047,139
36,large_leak,3,745,372547,133
36,large_leak,3,746,373047,117
36,large_leak,3,747,373547,119
36,large_leak,3,748,374047,125
36,large_leak,3,749,374547,136
36,large_leak,3,750,375047,138
36,large_leak,3,751,375547,119
36,large_leak,3,752,376047,109
36,large_leak,3,753,376547,103
36,large_leak,3,754,377047,103
36,large_leak,3,755,377547,85
36,large_leak,3,756,378047,59
36,large_leak,3,757,378547,55
36,large_leak,3,758,379047,43
36,large_leak,3,759,379547,20
36,large_leak,3,760,380047,0
36,large_leak,3,761,380547,0
36,large_leak,3,762,381047,0
36,large_leak,3,763,381547,0
36,large_leak,3,764,382047,0
36,large_leak,3,765,382547,7
36,large_leak,3,766,383047,39
36,large_leak,3,767,383547,42
36,large_leak,3,768,384047,115
36,large_leak,3,769,384547,159
36,large_leak,3,770,385047,199
36,large_leak,3,771,385547,201
36,large_leak,3,772,386047,183
36,large_leak,3,773,386547,138
36,large_leak,3,774,387047,117
36,large_leak,3,775,387547,83
36,large_leak,3,776,388047,59
36,large_leak,3,777,388547,28
36,large_leak,3,778,389047,5
36,large_leak,3,779,389547,0
36,large_leak,3,780,390047,0
36,large_leak,3,781,390547,0
36,large_leak,3,782,391047,0
36,large_leak,3,783,391547,0
36,large_leak,3,784,392047,0
36,large_leak,3,785,392547,9
36,large_leak,3,786,393047,28
36,large_leak,3,787,393547,85
36,large_leak,3,788,394047,121
36,large_leak,3,789,394547,143
36,large_leak,3,790,395047,181
36,large_leak,3,791,395547,216
36,large_leak,3,792,396047,251
36,large_leak,3,793,396547,269
36,large_leak,3,794,397047,250
36,large_leak,3,795,397547,213
36,large_leak,3,796,398047,171
36,large_leak,3,797,398547,137
36,large_leak,3,798,399047,105
36,large_leak,3,799,399547,69
36,large_leak,3,800,400047,61
36,large_leak,3,801,400547,27
36,large_leak,3,802,401047,1
36,large_leak,3,803,401547,0
36,large_leak,3,804,402047,0
36,large_leak,3,805,402547,0
36,large_leak,3,806,403047,0
36,large_leak,3,807,403547,0
36,large_leak,3,808,404047,0
36,large_leak,3,809,404547,0
36,large_leak,3,810,405047,13
36,large_leak,3,811,405547,53
36,large_leak,3,812,406047,89
36,large_leak,3,813,406547,91
36,large_leak,3,814,407047,104
36,large_leak,3,815,407547,119
36,large_leak,3,816,408047,149
36,large_leak,3,817,408547,187
36,large_leak,3,818,409047,205
36,large_leak,3,819,409547,191
36,large_leak,3,820,410047,199
36,large_leak,3,821,410547,219
36,large_leak,3,822,411047,231
36,large_leak,3,823,411547,231
36,large_leak,3,824,412047,247
36,large_leak,3,825,412547,235
36,large_leak,3,826,413047,239
36,large_leak,3,827,413547,243
36,large_leak,3,828,414047,227
36,large_leak,3,829,414547,190
36,large_leak,3,830,415047,157
36,large_leak,3,831,415547,107
36,large_leak,3,832,416047,69
36,large_leak,3,833,416547,54
36,large_leak,3,834,417047,23
36,large_leak,3,835,417547,3
36,large_leak,3,836,418047,0
36,large_leak,3,837,418547,0
36,large_leak,3,838,419047,7
36,large_leak,3,839,419547,45
36,large_leak,3,840,420047,70
36,large_leak,3,841,420547,83
36,large_leak,3,842,421047,99
36,large_leak,3,843,421547,124
36,large_leak,3,844,422047,133
36,large_leak,3,845,422547,108
36,large_leak,3,846,423047,83
36,large_leak,3,847,423547,93
36,large_leak,3,848,424047,73
36,large_leak,3,849,424547,45
36,large_leak,3,850,425047,19
36,large_leak,3,851,425547,0
36,large_leak,3,852,426047,0
36,large_leak,3,853,426547,0
36,large_leak,3,854,427047,25
36,large_leak,3,855,427547,48
36,large_leak,3,856,428047,77
36,large_leak,3,857,428547,100
36,large_leak,3,858,429047,125
36,large_leak,3,859,429547,153
36,large_leak,3,860,430047,164
36,large_leak,3,861,430547,149
36,large_leak,3,862,431047,123
36,large_leak,3,863,431547,99
36,large_leak,3,864,432047,83
36,large_leak,3,865,432547,86
36,large_leak,3,866,433047,73
36,large_leak,3,867,433547,57
36,large_leak,3,868,434047,45
36,large_leak,3,869,434547,35
36,large_leak,3,870,435047,29
36,large_leak,3,871,435547,39
36,large_leak,3,872,436047,55
36,large_leak,3,873,436547,53
36,large_leak,3,874,437047,64
36,large_leak,3,875,437547,87
36,large_leak,3,876,438047,95
36,large_leak,3,877,438547,81
36,large_leak,3,878,439047,93
36,large_leak,3,879,439547,105
36,large_leak,3,880,440047,115
36,large_leak,3,881,440547,103
36,large_leak,3,882,441047,104
36,large_leak,3,883,441547,95
36,large_leak,3,884,442047,103
36,large_leak,3,885,442547,115
36,large_leak,3,886,443047,121
36,large_leak,3,887,443547,121
36,large_leak,3,888,444047,138
36,large_leak,3,889,444547,167
36,large_leak,3,890,445047,186
36,large_leak,3,891,445547,191
36,large_leak,3,892,446047,199
36,large_leak,3,893,446547,197
36,large_leak,3,894,447047,173
36,large_leak,3,895,447547,148
36,large_leak,3,896,448047,121
36,large_leak,3,897,448547,105
36,large_leak,3,898,449047,90
36,large_leak,3,899,449547,77
36,large_leak,3,900,450047,60
36,large_leak,3,901,450547,53
36,large_leak,3,902,451047,55
36,large_leak,3,903,451547,69
36,large_leak,3,904,452047,79
36,large_leak,3,905,452547,87
36,large_leak,3,906,453047,57
36,large_leak,3,907,453547,21
36,large_leak,3,908,454047,7
36,large_leak,3,909,454547,0
36,large_leak,3,910,455047,0
36,large_leak,3,911,455547,0
36,large_leak,3,912,456047,0
36,large_leak,3,913,456547,6
36,large_leak,3,914,457047,29
36,large_leak,3,915,457547,35
36,large_leak,3,916,458047,31
36,large_leak,3,917,458547,45
36,large_leak,3,918,459047,47
36,large_leak,3,919,459547,57
36,large_leak,3,920,460047,55
36,large_leak,3,921,460547,47
36,large_leak,3,922,461047,51
36,large_leak,3,923,461547,57
36,large_leak,3,924,462047,51
36,large_leak,3,925,462547,68
36,large_leak,3,926,463047,77
36,large_leak,3,927,463547,83
36,large_leak,3,928,464047,100
36,large_leak,3,929,464547,105
36,large_leak,3,930,465047,107
36,large_leak,3,931,465547,111
36,large_leak,3,932,466047,125
36,large_leak,3,933,466547,154
36,large_leak,3,934,467047,179
36,large_leak,3,935,467547,185
36,large_leak,3,936,468047,171
36,large_leak,3,937,468547,165
36,large_leak,3,938,469047,159
36,large_leak,3,939,469547,135
36,large_leak,3,940,470047,103
36,large_leak,3,941,470547,92
36,large_leak,3,942,471047,62
36,large_leak,3,943,471547,79
36,large_leak,3,944,472047,74
36,large_leak,3,945,472547,105
36,large_leak,3,946,473047,119
36,large_leak,3,947,473547,117
36,large_leak,3,948,474047,111
36,large_leak,3,949,474547,123
36,large_leak,3,950,475047,136
36,large_leak,3,951,475547,135
36,large_leak,3,952,476047,124
36,large_leak,3,953,476547,108
36,large_leak,3,954,477047,83
36,large_leak,3,955,477547,27
36,large_leak,3,956,478047,3
36,large_leak,3,957,478547,0
36,large_leak,3,958,479047,0
36,large_leak,3,959,479547,0
36,large_leak,3,960,480047,0
36,large_leak,3,961,480547,0
36,large_leak,3,962,481047,0
36,large_leak,3,963,481547,0
36,large_leak,3,964,482047,0
36,large_leak,3,965,482547,31
36,large_leak,3,966,483047,60
36,large_leak,3,967,483547,103
36,large_leak,3,968,484047,149
36,large_leak,3,969,484547,163
36,large_leak,3,970,485047,153
36,large_leak,3,971,485547,137
36,large_leak,3,972,486047,110
36,large_leak,3,973,486547,78
36,large_leak,3,974,487047,51
36,large_leak,3,975,487547,25
36,large_leak,3,976,488047,3
36,large_leak,3,977,488547,0
36,large_leak,3,978,489047,0
36,large_leak,3,979,489547,0
36,large_leak,3,980,490047,0
36,large_leak,3,981,490547,0
36,large_leak,3,982,491047,0
36,large_leak,3,983,491547,29
36,large_leak,3,984,492047,69
36,large_leak,3,985,492547,100
36,large_leak,3,986,493047,117
36,large_leak,3,987,493547,125
36,large_leak,3,988,494047,111
36,large_leak,3,989,494547,103
36,large_leak,3,990,495047,105
36,large_leak,3,991,495547,93
36,large_leak,3,992,496047,80
36,large_leak,3,993,496547,77
36,large_leak,3,994,497047,84
36,large_leak,3,995,497547,100
36,large_leak,3,996,498047,106
36,large_leak,3,997,498547,107
36,large_leak,3,998,499047,109
36,large_leak,3,999,499547,92
36,large_leak,3,1000,500047,123
36,large_leak,3,1001,500547,142
36,large_leak,3,1002,501047,150
36,large_leak,3,1003,501547,156
36,large_leak,3,1004,502047,167
36,large_leak,3,1005,502547,169
36,large_leak,3,1006,503047,152
36,large_leak,3,1007,503547,127
36,large_leak,3,1008,504047,85
36,large_leak,3,1009,504547,91
36,large_leak,3,1010,505047,100
36,large_leak,3,1011,505547,94
36,large_leak,3,1012,506047,77
36,large_leak,3,1013,506547,51
36,large_leak,3,1014,507047,24
36,large_leak,3,1015,507547,4
36,large_leak,3,1016,508047,0
36,large_leak,3,1017,508547,0
36,large_leak,3,1018,509047,0
36,large_leak,3,1019,509547,0
36,large_leak,3,1020,510047,0
36,large_leak,3,1021,510547,0
36,large_leak,3,1022,511047,0
36,large_leak,3,1023,511547,0
36,large_leak,3,1024,512047,0
36,large_leak,3,1025,512547,0
36,large_leak,3,1026,513047,0
36,large_leak,3,1027,513547,25
36,large_leak,3,1028,514047,45
36,large_leak,3,1029,514547,55
36,large_leak,3,1030,515047,61
36,large_leak,3,1031,515547,68
36,large_leak,3,1032,516047,39
36,large_leak,3,1033,516547,18
36,large_leak,3,1034,517047,18
36,large_leak,3,1035,517547,1
36,large_leak,3,1036,518047,0
36,large_leak,3,1037,518547,0
36,large_leak,3,1038,519047,35
36,large_leak,3,1039,519547,72
36,large_leak,3,1040,520047,83
36,large_leak,3,1041,520547,91
36,large_leak,3,1042,521047,93
36,large_leak,3,1043,521547,87
36,large_leak,3,1044,522047,90
36,large_leak,3,1045,522547,77
36,large_leak,3,1046,523047,56
36,large_leak,3,1047,523547,39
36,large_leak,3,1048,524047,27
36,large_leak,3,1049,524547,17
36,large_leak,3,1050,525047,8
36,large_leak,3,1051,525547,19
36,large_leak,3,1052,526047,22
36,large_leak,3,1053,526547,26
36,large_leak,3,1054,527047,35
36,large_leak,3,1055,527547,53
36,large_leak,3,1056,528047,79
36,large_leak,3,1057,528547,93
36,large_leak,3,1058,529047,94
36,large_leak,3,1059,529547,94
36,large_leak,3,1060,530047,103
36,large_leak,3,1061,530547,139
36,large_leak,3,1062,531047,181
36,large_leak,3,1063,531547,205
36,large_leak,3,1064,532047,198
36,large_leak,3,1065,532547,197
36,large_leak,3,1066,533047,191
36,large_leak,3,1067,533547,169
36,large_leak,3,1068,534047,139
36,large_leak,3,1069,534547,112
36,large_leak,3,1070,535047,75
36,large_leak,3,1071,535547,39
36,large_leak,3,1072,536047,25
36,large_leak,3,1073,536547,22
36,large_leak,3,1074,537047,47
36,large_leak,3,1075,537547,87
36,large_leak,3,1076,538047,118
36,large_leak,3,1077,538547,153
36,large_leak,3,1078,539047,197
36,large_leak,3,1079,539547,221
36,large_leak,3,1080,540047,239
36,large_leak,3,1081,540547,253
36,large_leak,3,1082,541047,269
36,large_leak,3,1083,541547,285
36,large_leak,3,1084,542047,264
36,large_leak,3,1085,542547,235
36,large_leak,3,1086,543047,221
36,large_leak,3,1087,543547,211
36,large_leak,3,1088,544047,203
36,large_leak,3,1089,544547,192
36,large_leak,3,1090,545047,171
36,large_leak,3,1091,545547,159
36,large_leak,3,1092,546047,149
36,large_leak,3,1093,546547,143
36,large_leak,3,1094,547047,139
36,large_leak,3,1095,547547,135
36,large_leak,3,1096,548047,118
36,large_leak,3,1097,548547,105
36,large_leak,3,1098,549047,109
36,large_leak,3,1099,549547,103
36,large_leak,3,1100,550047,85
36,large_leak,3,1101,550547,60
36,large_leak,3,1102,551047,50
36,large_leak,3,1103,551547,42
36,large_leak,3,1104,552047,21
36,large_leak,3,1105,552547,0
36,large_leak,3,1106,553047,0
36,large_leak,3,1107,553547,9
36,large_leak,3,1108,554047,0
36,large_leak,3,1109,554547,4
36,large_leak,3,1110,555047,22
36,large_leak,3,1111,555547,41
36,large_leak,3,1112,556047,93
36,large_leak,3,1113,556547,88
36,large_leak,3,1114,557047,87
36,large_leak,3,1115,557547,115
36,large_leak,3,1116,558047,125
36,large_leak,3,1117,558547,154
36,large_leak,3,1118,559047,159
36,large_leak,3,1119,559547,127
36,large_leak,3,1120,560047,119
36,large_leak,3,1121,560547,94
36,large_leak,3,1122,561047,52
36,large_leak,3,1123,561547,31
36,large_leak,3,1124,562047,9
36,large_leak,3,1125,562547,0
36,large_leak,3,1126,563047,0
36,large_leak,3,1127,563547,23
36,large_leak,3,1128,564047,55
36,large_leak,3,1129,564547,119
36,large_leak,3,1130,565047,163
36,large_leak,3,1131,565547,200
36,large_leak,3,1132,566047,227
36,large_leak,3,1133,566547,249
36,large_leak,3,1134,567047,267
36,large_leak,3,1135,567547,280
36,large_leak,3,1136,568047,267
36,large_leak,3,1137,568547,234
36,large_leak,3,1138,569047,202
36,large_leak,3,1139,569547,149
36,large_leak,3,1140,570047,88
36,large_leak,3,1141,570547,27
36,large_leak,3,1142,571047,1
36,large_leak,3,1143,571547,0
36,large_leak,3,1144,572047,0
36,large_leak,3,1145,572547,0
36,large_leak,3,1146,573047,0
36,large_leak,3,1147,573547,0
36,large_leak,3,1148,574047,0
36,large_leak,3,1149,574547,27
36,large_leak,3,1150,575047,40
36,large_leak,3,1151,575547,55
36,large_leak,3,1152,576047,51
36,large_leak,3,1153,576547,30
36,large_leak,3,1154,577047,30
36,large_leak,3,1155,577547,19
36,large_leak,3,1156,578047,30
36,large_leak,3,1157,578547,39
36,large_leak,3,1158,579047,26
36,large_leak,3,1159,579547,36
36,large_leak,3,1160,580047,43
36,large_leak,3,1161,580547,45
36,large_leak,3,1162,581047,62
36,large_leak,3,1163,581547,55
36,large_leak,3,1164,582047,45
36,large_leak,3,1165,582547,23
36,large_leak,3,1166,583047,8
36,large_leak,3,1167,583547,9
36,large_leak,3,1168,584047,17
36,large_leak,3,1169,584547,3
36,large_leak,3,1170,585047,0
36,large_leak,3,1171,585547,0
36,large_leak,3,1172,586047,0
36,large_leak,3,1173,586547,0
36,large_leak,3,1174,587047,0
36,large_leak,3,1175,587547,0
36,large_leak,3,1176,588047,0
36,large_leak,3,1177,588547,17
36,large_leak,3,1178,589047,25
36,large_leak,3,1179,589547,46
36,large_leak,3,1180,590047,30
36,large_leak,3,1181,590547,19
36,large_leak,3,1182,591047,47
36,large_leak,3,1183,591547,75
36,large_leak,3,1184,592047,99
36,large_leak,3,1185,592547,121
36,large_leak,3,1186,593047,121
36,large_leak,3,1187,593547,146
36,large_leak,3,1188,594047,189
36,large_leak,3,1189,594547,183
36,large_leak,3,1190,595047,173
36,large_leak,3,1191,595547,164
36,large_leak,3,1192,596047,141
36,large_leak,3,1193,596547,117
36,large_leak,3,1194,597047,93
36,large_leak,3,1195,597547,73
36,large_leak,3,1196,598047,43
36,large_leak,3,1197,598547,39
36,large_leak,3,1198,599047,12
36,large_leak,3,1199,599547,0
36,large_leak,3,1200,600047,1
36,large_leak,3,1201,600547,24
36,large_leak,3,1202,601047,36
36,large_leak,3,1203,601547,45
36,large_leak,3,1204,602047,78
36,large_leak,3,1205,602547,103
36,large_leak,3,1206,603047,136
36,large_leak,3,1207,603547,163
36,large_leak,3,1208,604047,183
36,large_leak,3,1209,604547,175
36,large_leak,3,1210,605047,168
36,large_leak,3,1211,605547,153
36,large_leak,3,1212,606047,119
36,large_leak,3,1213,606547,77
36,large_leak,3,1214,607047,41
36,large_leak,3,1215,607547,17
36,large_leak,3,1216,608047,31
36,large_leak,3,1217,608547,73
36,large_leak,3,1218,609047,93
36,large_leak,3,1219,609547,107
36,large_leak,3,1220,610047,124
36,large_leak,3,1221,610547,139
36,large_leak,3,1222,611047,152
36,large_leak,3,1223,611547,165
36,large_leak,3,1224,612047,157
36,large_leak,3,1225,612547,147
36,large_leak,3,1226,613047,157
36,large_leak,3,1227,613547,173
36,large_leak,3,1228,614047,136
36,large_leak,3,1229,614547,125
36,large_leak,3,1230,615047,123
36,large_leak,3,1231,615547,68
36,large_leak,3,1232,616047,27
36,large_leak,3,1233,616547,7
36,large_leak,3,1234,617047,0
36,large_leak,3,1235,617547,0
36,large_leak,3,1236,618047,0
36,large_leak,3,1237,618547,0
36,large_leak,3,1238,619047,0
36,large_leak,3,1239,619547,0
36,large_leak,3,1240,620047,0
36,large_leak,3,1241,620547,0
36,large_leak,3,1242,621047,0
36,large_leak,3,1243,621547,0
36,large_leak,3,1244,622047,23
36,large_leak,3,1245,622547,39
36,large_leak,3,1246,623047,71
36,large_leak,3,1247,623547,84
36,large_leak,3,1248,624047,95
36,large_leak,3,1249,624547,112
36,large_leak,3,1250,625047,107
36,large_leak,3,1251,625547,74
36,large_leak,3,1252,626047,42
36,large_leak,3,1253,626547,18
36,large_leak,3,1254,627047,19
36,large_leak,3,1255,627547,35
36,large_leak,3,1256,628047,60
36,large_leak,3,1257,628547,83
36,large_leak,3,1258,629047,115
36,large_leak,3,1259,629547,155
36,large_leak,3,1260,630047,201
36,large_leak,3,1261,630547,225
36,large_leak,3,1262,631047,239
36,large_leak,3,1263,631547,247
36,large_leak,3,1264,632047,247
36,large_leak,3,1265,632547,239
36,large_leak,3,1266,633047,227
36,large_leak,3,1267,633547,205
36,large_leak,3,1268,634047,176
36,large_leak,3,1269,634547,166
36,large_leak,3,1270,635047,147
36,large_leak,3,1271,635547,140
36,large_leak,3,1272,636047,136
36,large_leak,3,1273,636547,117
36,large_leak,3,1274,637047,101
36,large_leak,3,1275,637547,89
36,large_leak,3,1276,638047,107
36,large_leak,3,1277,638547,135
36,large_leak,3,1278,639047,155
36,large_leak,3,1279,639547,198
36,large_leak,3,1280,640047,231
36,large_leak,3,1281,640547,251
36,large_leak,3,1282,641047,269
36,large_leak,3,1283,641547,281
36,large_leak,3,1284,642047,281
36,large_leak,3,1285,642547,268
36,large_leak,3,1286,643047,247
36,large_leak,3,1287,643547,217
36,large_leak,3,1288,644047,181
36,large_leak,3,1289,644547,149
36,large_leak,3,1290,645047,107
36,large_leak,3,1291,645547,61
36,large_leak,3,1292,646047,73
36,large_leak,3,1293,646547,46
36,large_leak,3,1294,647047,27
36,large_leak,3,1295,647547,24
36,large_leak,3,1296,648047,2
36,large_leak,3,1297,648547,0
36,large_leak,3,1298,649047,0
36,large_leak,3,1299,649547,0
36,large_leak,3,1300,650047,0
36,large_leak,3,1301,650547,0
36,large_leak,3,1302,651047,0
36,large_leak,3,1303,651547,0
36,large_leak,3,1304,652047,0
36,large_leak,3,1305,652547,0
36,large_leak,3,1306,653047,0
36,large_leak,3,1307,653547,0
36,large_leak,3,1308,654047,0
36,large_leak,3,1309,654547,0
36,large_leak,3,1310,655047,0
36,large_leak,3,1311,655547,77
36,large_leak,3,1312,656047,173
36,large_leak,3,1313,656547,220
36,large_leak,3,1314,657047,238
36,large_leak,3,1315,657547,249
36,large_leak,3,1316,658047,267
36,large_leak,3,1317,658547,275
36,large_leak,3,1318,659047,263
36,large_leak,3,1319,659547,221
36,large_leak,3,1320,660047,181
36,large_leak,3,1321,660547,153
36,large_leak,3,1322,661047,103
36,large_leak,3,1323,661547,55
36,large_leak,3,1324,662047,16
36,large_leak,3,1325,662547,0
36,large_leak,3,1326,663047,0
36,large_leak,3,1327,663547,0
36,large_leak,3,1328,664047,0
36,large_leak,3,1329,664547,0
36,large_leak,3,1330,665047,0
36,large_leak,3,1331,665547,0
36,large_leak,3,1332,666047,0
36,large_leak,3,1333,666547,0
36,large_leak,3,1334,667047,0
36,large_leak,3,1335,667547,0
36,large_leak,3,1336,668047,0
36,large_leak,3,1337,668547,0
36,large_leak,3,1338,669047,0
36,large_leak,3,1339,669547,0
36,large_leak,3,1340,670047,0
36,large_leak,3,1341,670547,0
36,large_leak,3,1342,671047,0
36,large_leak,3,1343,671547,27
36,large_leak,3,1344,672047,53
36,large_leak,3,1345,672547,69
36,large_leak,3,1346,673047,100
36,large_leak,3,1347,673547,120
36,large_leak,3,1348,674047,120
36,large_leak,3,1349,674547,103
36,large_leak,3,1350,675047,103
36,large_leak,3,1351,675547,91
36,large_leak,3,1352,676047,63
36,large_leak,3,1353,676547,54
36,large_leak,3,1354,677047,85
36,large_leak,3,1355,677547,88
36,large_leak,3,1356,678047,117
36,large_leak,3,1357,678547,105
36,large_leak,3,1358,679047,117
36,large_leak,3,1359,679547,138
36,large_leak,3,1360,680047,136
36,large_leak,3,1361,680547,149
36,large_leak,3,1362,681047,147
36,large_leak,3,1363,681547,141
36,large_leak,3,1364,682047,125
36,large_leak,3,1365,682547,74
36,large_leak,3,1366,683047,27
36,large_leak,3,1367,683547,8
36,large_leak,3,1368,684047,0
36,large_leak,3,1369,684547,0
36,large_leak,3,1370,685047,0
36,large_leak,3,1371,685547,0
36,large_leak,3,1372,686047,0
36,large_leak,3,1373,686547,51
36,large_leak,3,1374,687047,93
36,large_leak,3,1375,687547,135
36,large_leak,3,1376,688047,158
36,large_leak,3,1377,688547,169
36,large_leak,3,1378,689047,171
36,large_leak,3,1379,689547,183
36,large_leak,3,1380,690047,183
36,large_leak,3,1381,690547,168
36,large_leak,3,1382,691047,165
36,large_leak,3,1383,691547,147
36,large_leak,3,1384,692047,117
36,large_leak,3,1385,692547,101
36,large_leak,3,1386,693047,83
36,large_leak,3,1387,693547,47
36,large_leak,3,1388,694047,38
36,large_leak,3,1389,694547,42
36,large_leak,3,1390,695047,42
36,large_leak,3,1391,695547,42
36,large_leak,3,1392,696047,35
36,large_leak,3,1393,696547,25
36,large_leak,3,1394,697047,17
36,large_leak,3,1395,697547,6
36,large_leak,3,1396,698047,29
36,large_leak,3,1397,698547,53
36,large_leak,3,1398,699047,89
36,large_leak,3,1399,699547,117
36,large_leak,3,1400,700047,147
36,large_leak,3,1401,700547,172
36,large_leak,3,1402,701047,187
36,large_leak,3,1403,701547,171
36,large_leak,3,1404,702047,155
36,large_leak,3,1405,702547,169
36,large_leak,3,1406,703047,183
36,large_leak,3,1407,703547,165
36,large_leak,3,1408,704047,154
36,large_leak,3,1409,704547,139
36,large_leak,3,1410,705047,106
36,large_leak,3,1411,705547,67
36,large_leak,3,1412,706047,25
36,large_leak,3,1413,706547,2
36,large_leak,3,1414,707047,0
36,large_leak,3,1415,707547,0
36,large_leak,3,1416,708047,0
36,large_leak,3,1417,708547,0
36,large_leak,3,1418,709047,0
36,large_leak,3,1419,709547,31
36,large_leak,3,1420,710047,61
36,large_leak,3,1421,710547,109
36,large_leak,3,1422,711047,153
36,large_leak,3,1423,711547,175
36,large_leak,3,1424,712047,199
36,large_leak,3,1425,712547,212
36,large_leak,3,1426,713047,219
36,large_leak,3,1427,713547,201
36,large_leak,3,1428,714047,179
36,large_leak,3,1429,714547,167
36,large_leak,3,1430,715047,150
36,large_leak,3,1431,715547,124
36,large_leak,3,1432,716047,115
36,large_leak,3,1433,716547,101
36,large_leak,3,1434,717047,86
36,large_leak,3,1435,717547,76
36,large_leak,3,1436,718047,63
36,large_leak,3,1437,718547,45
36,large_leak,3,1438,719047,37
36,large_leak,3,1439,719547,27
36,large_leak,3,1440,720047,39
36,large_leak,3,1441,720547,56
36,large_leak,3,1442,721047,70
36,large_leak,3,1443,721547,70
36,large_leak,3,1444,722047,75
36,large_leak,3,1445,722547,87
36,large_leak,3,1446,723047,89
36,large_leak,3,1447,723547,89
36,large_leak,3,1448,724047,77
36,large_leak,3,1449,724547,53
36,large_leak,3,1450,725047,93
36,large_leak,3,1451,725547,95
36,large_leak,3,1452,726047,111
36,large_leak,3,1453,726547,103
36,large_leak,3,1454,727047,82
36,large_leak,3,1455,727547,64
36,large_leak,3,1456,728047,75
36,large_leak,3,1457,728547,99
36,large_leak,3,1458,729047,106
36,large_leak,3,1459,729547,141
36,large_leak,3,1460,730047,143
36,large_leak,3,1461,730547,153
36,large_leak,3,1462,731047,171
36,large_leak,3,1463,731547,171
36,large_leak,3,1464,732047,167
36,large_leak,3,1465,732547,153
36,large_leak,3,1466,733047,140
36,large_leak,3,1467,733547,115
36,large_leak,3,1468,734047,101
36,large_leak,3,1469,734547,90
36,large_leak,3,1470,735047,76
36,large_leak,3,1471,735547,59
36,large_leak,3,1472,736047,58
36,large_leak,3,1473,736547,63
36,large_leak,3,1474,737047,77
36,large_leak,3,1475,737547,101
36,large_leak,3,1476,738047,118
36,large_leak,3,1477,738547,141
36,large_leak,3,1478,739047,142
36,large_leak,3,1479,739547,118
36,large_leak,3,1480,740047,103
36,large_leak,3,1481,740547,97
36,large_leak,3,1482,741047,77
36,large_leak,3,1483,741547,52
36,large_leak,3,1484,742047,23
36,large_leak,3,1485,742547,1
36,large_leak,3,1486,743047,0
36,large_leak,3,1487,743547,0
36,large_leak,3,1488,744047,0
36,large_leak,3,1489,744547,0
36,large_leak,3,1490,745047,0
36,large_leak,3,1491,745547,0
36,large_leak,3,1492,746047,0
36,large_leak,3,1493,746547,0
36,large_leak,3,1494,747047,0
36,large_leak,3,1495,747547,0
36,large_leak,3,1496,748047,0
36,large_leak,3,1497,748547,0
36,large_leak,3,1498,749047,12
36,large_leak,3,1499,749547,33
36,large_leak,3,1500,750047,48
36,large_leak,3,1501,750547,71
36,large_leak,3,1502,751047,83
36,large_leak,3,1503,751547,107
36,large_leak,3,1504,752047,139
36,large_leak,3,1505,752547,163
36,large_leak,3,1506,753047,181
36,large_leak,3,1507,753547,199
36,large_leak,3,1508,754047,205
36,large_leak,3,1509,754547,207
36,large_leak,3,1510,755047,199
36,large_leak,3,1511,755547,179
36,large_leak,3,1512,756048,169
36,large_leak,3,1513,756547,155
36,large_leak,3,1514,757047,121
36,large_leak,3,1515,757547,104
36,large_leak,3,1516,758047,93
36,large_leak,3,1517,758547,85
36,large_leak,3,1518,759047,88
36,large_leak,3,1519,759547,83
36,large_leak,3,1520,760047,73
36,large_leak,3,1521,760547,101
36,large_leak,3,1522,761047,117
36,large_leak,3,1523,761547,157
36,large_leak,3,1524,762047,198
36,large_leak,3,1525,762547,191
36,large_leak,3,1526,763047,153
36,large_leak,3,1527,763547,135
36,large_leak,3,1528,764047,109
36,large_leak,3,1529,764547,79
36,large_leak,3,1530,765047,71
36,large_leak,3,1531,765547,39
36,large_leak,3,1532,766047,5
36,large_leak,3,1533,766547,0
36,large_leak,3,1534,767047,0
36,large_leak,3,1535,767547,0
36,large_leak,3,1536,768047,0
36,large_leak,3,1537,768547,0
36,large_leak,3,1538,769047,0
36,large_leak,3,1539,769547,0
36,large_leak,3,1540,770047,40
36,large_leak,3,1541,770547,71
36,large_leak,3,1542,771047,76
36,large_leak,3,1543,771547,70
36,large_leak,3,1544,772047,71
36,large_leak,3,1545,772547,71
36,large_leak,3,1546,773047,68
36,large_leak,3,1547,773547,45
36,large_leak,3,1548,774047,25
36,large_leak,3,1549,774547,22
36,large_leak,3,1550,775047,44
36,large_leak,3,1551,775547,76
36,large_leak,3,1552,776047,99
36,large_leak,3,1553,776547,119
36,large_leak,3,1554,777047,120
36,large_leak,3,1555,777547,116
36,large_leak,3,1556,778047,111
36,large_leak,3,1557,778547,121
36,large_leak,3,1558,779047,120
36,large_leak,3,1559,779547,111
36,large_leak,3,1560,780047,117
36,large_leak,3,1561,780547,99
36,large_leak,3,1562,781047,86
36,large_leak,3,1563,781547,68
36,large_leak,3,1564,782047,45
36,large_leak,3,1565,782547,26
36,large_leak,3,1566,783047,4
36,large_leak,3,1567,783547,0
36,large_leak,3,1568,784047,0
36,large_leak,3,1569,784547,0
36,large_leak,3,1570,785047,0
36,large_leak,3,1571,785547,0
36,large_leak,3,1572,786047,59
36,large_leak,3,1573,786547,105
36,large_leak,3,1574,787047,157
36,large_leak,3,1575,787547,181
36,large_leak,3,1576,788047,206
36,large_leak,3,1577,788547,211
36,large_leak,3,1578,789047,203
36,large_leak,3,1579,789547,175
36,large_leak,3,1580,790047,139
36,large_leak,3,1581,790547,109
36,large_leak,3,1582,791047,88
36,large_leak,3,1583,791547,61
36,large_leak,3,1584,792047,41
36,large_leak,3,1585,792547,38
36,large_leak,3,1586,793047,37
36,large_leak,3,1587,793547,42
36,large_leak,3,1588,794047,55
36,large_leak,3,1589,794547,57
36,large_leak,3,1590,795047,63
36,large_leak,3,1591,795547,115
36,large_leak,3,1592,796047,166
36,large_leak,3,1593,796547,199
36,large_leak,3,1594,797047,186
36,large_leak,3,1595,797547,179
36,large_leak,3,1596,798047,181
36,large_leak,3,1597,798547,208
36,large_leak,3,1598,799047,219
36,large_leak,3,1599,799547,235
36,large_leak,3,1600,800047,254
36,large_leak,3,1601,800547,255
36,large_leak,3,1602,801047,249
36,large_leak,3,1603,801547,251
36,large_leak,3,1604,802047,248
36,large_leak,3,1605,802547,244
36,large_leak,3,1606,803047,232
36,large_leak,3,1607,803547,210
36,large_leak,3,1608,804047,183
36,large_leak,3,1609,804547,157
36,large_leak,3,1610,805047,141
36,large_leak,3,1611,805547,117
36,large_leak,3,1612,806047,91
36,large_leak,3,1613,806547,42
36,large_leak,3,1614,807047,17
36,large_leak,3,1615,807547,11
36,large_leak,3,1616,808047,0
36,large_leak,3,1617,808547,0
36,large_leak,3,1618,809047,0
36,large_leak,3,1619,809547,21
36,large_leak,3,1620,810047,57
36,large_leak,3,1621,810547,77
36,large_leak,3,1622,811047,105
36,large_leak,3,1623,811547,154
36,large_leak,3,1624,812047,184
36,large_leak,3,1625,812547,184
36,large_leak,3,1626,813047,178
36,large_leak,3,1627,813547,173
36,large_leak,3,1628,814047,157
36,large_leak,3,1629,814547,149
36,large_leak,3,1630,815047,141
36,large_leak,3,1631,815547,127
36,large_leak,3,1632,816047,125
36,large_leak,3,1633,816547,119
36,large_leak,3,1634,817047,107
36,large_leak,3,1635,817547,91
36,large_leak,3,1636,818047,87
36,large_leak,3,1637,818547,79
36,large_leak,3,1638,819047,85
36,large_leak,3,1639,819547,72
36,large_leak,3,1640,820047,61
36,large_leak,3,1641,820547,51
36,large_leak,3,1642,821047,36
36,large_leak,3,1643,821547,47
36,large_leak,3,1644,822047,73
36,large_leak,3,1645,822547,85
36,large_leak,3,1646,823047,45
36,large_leak,3,1647,823547,107
36,large_leak,3,1648,824047,115
36,large_leak,3,1649,824547,95
36,large_leak,3,1650,825047,117
36,large_leak,3,1651,825547,55
36,large_leak,3,1652,826047,12
36,large_leak,3,1653,826547,83
36,large_leak,3,1654,827047,44
36,large_leak,3,1655,827547,48
36,large_leak,3,1656,828047,44
36,large_leak,3,1657,828547,31
36,large_leak,3,1658,829047,31
36,large_leak,3,1659,829547,18
36,large_leak,3,1660,830047,9
36,large_leak,3,1661,830547,20
36,large_leak,3,1662,831047,17
36,large_leak,3,1663,831547,18
36,large_leak,3,1664,832047,13
36,large_leak,3,1665,832547,38
36,large_leak,3,1666,833047,61
36,large_leak,3,1667,833547,93
36,large_leak,3,1668,834047,124
36,large_leak,3,1669,834547,121
36,large_leak,3,1670,835047,115
36,large_leak,3,1671,835547,106
36,large_leak,3,1672,836047,119
36,large_leak,3,1673,836547,147
36,large_leak,3,1674,837047,164
36,large_leak,3,1675,837547,135
36,large_leak,3,1676,838047,89
36,large_leak,3,1677,838547,101
36,large_leak,3,1678,839047,105
36,large_leak,3,1679,839547,109
36,large_leak,3,1680,840047,103
36,large_leak,3,1681,840547,75
36,large_leak,3,1682,841047,85
36,large_leak,3,1683,841547,107
36,large_leak,3,1684,842047,117
36,large_leak,3,1685,842547,109
36,large_leak,3,1686,843047,83
36,large_leak,3,1687,843547,51
36,large_leak,3,1688,844047,43
36,large_leak,3,1689,844547,41
36,large_leak,3,1690,845047,35
36,large_leak,3,1691,845547,35
36,large_leak,3,1692,846047,27
36,large_leak,3,1693,846547,13
36,large_leak,3,1694,847047,0
36,large_leak,3,1695,847547,0
36,large_leak,3,1696,848047,0
36,large_leak,3,1697,848547,0
36,large_leak,3,1698,849047,0
36,large_leak,3,1699,849547,0
36,large_leak,3,1700,850047,0
36,large_leak,3,1701,850547,0
36,large_leak,3,1702,851047,0
36,large_leak,3,1703,851547,0
36,large_leak,3,1704,852047,0
36,large_leak,3,1705,852547,0
36,large_leak,3,1706,853047,0
36,large_leak,3,1707,853547,0
36,large_leak,3,1708,854047,0
36,large_leak,3,1709,854547,0
36,large_leak,3,1710,855047,3
36,large_leak,3,1711,855547,25
36,large_leak,3,1712,856047,21
36,large_leak,3,1713,856547,10
36,large_leak,3,1714,857047,0
36,large_leak,3,1715,857547,0
36,large_leak,3,1716,858047,3
36,large_leak,3,1717,858547,12
36,large_leak,3,1718,859047,13
36,large_leak,3,1719,859547,42
36,large_leak,3,1720,860047,70
36,large_leak,3,1721,860547,102
36,large_leak,3,1722,861047,123
36,large_leak,3,1723,861547,125
36,large_leak,3,1724,862047,151
36,large_leak,3,1725,862547,175
36,large_leak,3,1726,863047,185
36,large_leak,3,1727,863547,182
36,large_leak,3,1728,864047,184
36,large_leak,3,1729,864547,179
36,large_leak,3,1730,865047,163
36,large_leak,3,1731,865547,149
36,large_leak,3,1732,866047,141
36,large_leak,3,1733,866547,115
36,large_leak,3,1734,867047,107
36,large_leak,3,1735,867547,134
36,large_leak,3,1736,868047,171
36,large_leak,3,1737,868547,205
36,large_leak,3,1738,869047,247
36,large_leak,3,1739,869547,282
36,large_leak,3,1740,870047,282
36,large_leak,3,1741,870547,285
36,large_leak,3,1742,871047,278
36,large_leak,3,1743,871547,243
36,large_leak,3,1744,872048,215
36,large_leak,3,1745,872547,181
36,large_leak,3,1746,873047,153
36,large_leak,3,1747,873547,123
36,large_leak,3,1748,874047,87
36,large_leak,3,1749,874547,77
36,large_leak,3,1750,875047,75
36,large_leak,3,1751,875547,83
36,large_leak,3,1752,876047,93
36,large_leak,3,1753,876547,93
36,large_leak,3,1754,877047,92
36,large_leak,3,1755,877547,89
36,large_leak,3,1756,878047,61
36,large_leak,3,1757,878547,59
36,large_leak,3,1758,879047,73
36,large_leak,3,1759,879547,74
36,large_leak,3,1760,880047,76
36,large_leak,3,1761,880547,85
36,large_leak,3,1762,881047,89
36,large_leak,3,1763,881547,95
36,large_leak,3,1764,882047,110
36,large_leak,3,1765,882547,133
36,large_leak,3,1766,883047,147
36,large_leak,3,1767,883547,156
36,large_leak,3,1768,884047,155
36,large_leak,3,1769,884547,151
36,large_leak,3,1770,885047,155
36,large_leak,3,1771,885547,157
36,large_leak,3,1772,886047,163
36,large_leak,3,1773,886547,169
36,large_leak,3,1774,887047,170
36,large_leak,3,1775,887547,163
36,large_leak,3,1776,888047,159
36,large_leak,3,1777,888547,187
36,large_leak,3,1778,889047,188
36,large_leak,3,1779,889547,175
36,large_leak,3,1780,890047,165
36,large_leak,3,1781,890547,139
36,large_leak,3,1782,891047,123
36,large_leak,3,1783,891547,104
36,large_leak,3,1784,892047,72
36,large_leak,3,1785,892547,39
36,large_leak,3,1786,893047,25
36,large_leak,3,1787,893547,9
36,large_leak,3,1788,894047,3
36,large_leak,3,1789,894547,0
36,large_leak,3,1790,895047,0
36,large_leak,3,1791,895547,0
36,large_leak,3,1792,896047,0
36,large_leak,3,1793,896547,0
36,large_leak,3,1794,897047,0
36,large_leak,3,1795,897547,0
36,large_leak,3,1796,898047,0
36,large_leak,3,1797,898547,0
36,large_leak,3,1798,899047,0
36,large_leak,3,1799,899547,0
36,large_leak,3,1800,900047,1
36,large_leak,3,1801,900547,2
36,large_leak,3,1802,901047,13
36,large_leak,3,1803,901547,29
36,large_leak,3,1804,902047,40
36,large_leak,3,1805,902547,39
36,large_leak,3,1806,903047,55
36,large_leak,3,1807,903547,85
36,large_leak,3,1808,904047,85
36,large_leak,3,1809,904547,88
36,large_leak,3,1810,905047,87
36,large_leak,3,1811,905547,100
36,large_leak,3,1812,906047,122
36,large_leak,3,1813,906547,141
36,large_leak,3,1814,907047,139
36,large_leak,3,1815,907547,153
36,large_leak,3,1816,908047,181
36,large_leak,3,1817,908547,197
36,large_leak,3,1818,909047,207
36,large_leak,3,1819,909547,219
36,large_leak,3,1820,910047,229
36,large_leak,3,1821,910547,243
36,large_leak,3,1822,911047,243
36,large_leak,3,1823,911547,228
36,large_leak,3,1824,912047,217
36,large_leak,3,1825,912547,197
36,large_leak,3,1826,913047,176
36,large_leak,3,1827,913547,147
36,large_leak,3,1828,914047,103
36,large_leak,3,1829,914547,75
36,large_leak,3,1830,915047,47
36,large_leak,3,1831,915547,12
36,large_leak,3,1832,916047,0
36,large_leak,3,1833,916547,0
36,large_leak,3,1834,917047,0
36,large_leak,3,1835,917547,0
36,large_leak,3,1836,918047,0
36,large_leak,3,1837,918547,0
36,large_leak,3,1838,919047,0
36,large_leak,3,1839,919547,0
36,large_leak,3,1840,920047,0
36,large_leak,3,1841,920547,0
36,large_leak,3,1842,921047,0
36,large_leak,3,1843,921547,23
36,large_leak,3,1844,922047,1
36,large_leak,3,1845,922547,36
36,large_leak,3,1846,923047,91
36,large_leak,3,1847,923547,117
36,large_leak,3,1848,924047,89
36,large_leak,3,1849,924547,109
36,large_leak,3,1850,925047,117
36,large_leak,3,1851,925547,62
36,large_leak,3,1852,926047,77
36,large_leak,3,1853,926547,98
36,large_leak,3,1854,927047,79
36,large_leak,3,1855,927547,72
36,large_leak,3,1856,928047,85
36,large_leak,3,1857,928547,89
36,large_leak,3,1858,929047,78
36,large_leak,3,1859,929547,47
36,large_leak,3,1860,930047,39
36,large_leak,3,1861,930547,48
36,large_leak,3,1862,931047,57
36,large_leak,3,1863,931547,63
36,large_leak,3,1864,932047,89
36,large_leak,3,1865,932547,101
36,large_leak,3,1866,933047,120
36,large_leak,3,1867,933547,139
36,large_leak,3,1868,934047,133
36,large_leak,3,1869,934547,135
36,large_leak,3,1870,935047,150
36,large_leak,3,1871,935547,141
36,large_leak,3,1872,936047,125
36,large_leak,3,1873,936547,107
36,large_leak,3,1874,937047,103
36,large_leak,3,1875,937547,106
36,large_leak,3,1876,938047,93
36,large_leak,3,1877,938547,69
36,large_leak,3,1878,939047,37
36,large_leak,3,1879,939547,24
36,large_leak,3,1880,940047,9
36,large_leak,3,1881,940547,6
36,large_leak,3,1882,941047,0
36,large_leak,3,1883,941547,0
36,large_leak,3,1884,942047,30
36,large_leak,3,1885,942547,63
36,large_leak,3,1886,943047,79
36,large_leak,3,1887,943547,106
36,large_leak,3,1888,944047,105
36,large_leak,3,1889,944547,123
36,large_leak,3,1890,945047,137
36,large_leak,3,1891,945547,137
36,large_leak,3,1892,946047,127
36,large_leak,3,1893,946547,139
36,large_leak,3,1894,947047,141
36,large_leak,3,1895,947547,107
36,large_leak,3,1896,948047,73
36,large_leak,3,1897,948547,59
36,large_leak,3,1898,949047,47
36,large_leak,3,1899,949547,35
36,large_leak,3,1900,950047,13
36,large_leak,3,1901,950547,7
36,large_leak,3,1902,951047,3
36,large_leak,3,1903,951547,18
36,large_leak,3,1904,952047,37
36,large_leak,3,1905,952547,45
36,large_leak,3,1906,953047,64
36,large_leak,3,1907,953547,101
36,large_leak,3,1908,954047,106
36,large_leak,3,1909,954547,96
36,large_leak,3,1910,955047,83
36,large_leak,3,1911,955547,63
36,large_leak,3,1912,956047,59
36,large_leak,3,1913,956547,39
36,large_leak,3,1914,957047,26
36,large_leak,3,1915,957547,29
36,large_leak,3,1916,958047,27
36,large_leak,3,1917,958547,35
36,large_leak,3,1918,959047,35
36,large_leak,3,1919,959547,51
36,large_leak,3,1920,960047,71
36,large_leak,3,1921,960547,68
36,large_leak,3,1922,961047,53
36,large_leak,3,1923,961547,59
36,large_leak,3,1924,962047,51
36,large_leak,3,1925,962547,41
36,large_leak,3,1926,963047,40
36,large_leak,3,1927,963547,37
36,large_leak,3,1928,964047,22
36,large_leak,3,1929,964547,27
36,large_leak,3,1930,965047,61
36,large_leak,3,1931,965547,89
36,large_leak,3,1932,966047,117
36,large_leak,3,1933,966547,136
36,large_leak,3,1934,967047,137
36,large_leak,3,1935,967547,124
36,large_leak,3,1936,968047,133
36,large_leak,3,1937,968547,150
36,large_leak,3,1938,969047,163
36,large_leak,3,1939,969547,175
36,large_leak,3,1940,970047,175
36,large_leak,3,1941,970547,163
36,large_leak,3,1942,971047,149
36,large_leak,3,1943,971547,133
36,large_leak,3,1944,972047,143
36,large_leak,3,1945,972547,169
36,large_leak,3,1946,973047,173
36,large_leak,3,1947,973547,167
36,large_leak,3,1948,974047,146
36,large_leak,3,1949,974547,152
36,large_leak,3,1950,975047,151
36,large_leak,3,1951,975547,143
36,large_leak,3,1952,976047,127
36,large_leak,3,1953,976547,126
36,large_leak,3,1954,977047,110
36,large_leak,3,1955,977547,87
36,large_leak,3,1956,978047,69
36,large_leak,3,1957,978547,69
36,large_leak,3,1958,979047,88
36,large_leak,3,1959,979547,103
36,large_leak,3,1960,980047,97
36,large_leak,3,1961,980547,99
36,large_leak,3,1962,981047,104
36,large_leak,3,1963,981547,92
36,large_leak,3,1964,982047,83
36,large_leak,3,1965,982547,53
36,large_leak,3,1966,983047,29
36,large_leak,3,1967,983547,21
36,large_leak,3,1968,984047,7
36,large_leak,3,1969,984547,0
36,large_leak,3,1970,985047,14
36,large_leak,3,1971,985547,13
36,large_leak,3,1972,986047,21
36,large_leak,3,1973,986547,21
36,large_leak,3,1974,987047,7
36,large_leak,3,1975,987547,0
36,large_leak,3,1976,988047,0
36,large_leak,3,1977,988547,0
36,large_leak,3,1978,989047,0
36,large_leak,3,1979,989547,5
36,large_leak,3,1980,990047,43
36,large_leak,3,1981,990547,73
36,large_leak,3,1982,991047,91
36,large_leak,3,1983,991547,123
36,large_leak,3,1984,992047,163
36,large_leak,3,1985,992547,185
36,large_leak,3,1986,993047,200
36,large_leak,3,1987,993547,197
36,large_leak,3,1988,994047,157
36,large_leak,3,1989,994547,125
36,large_leak,3,1990,995047,86
36,large_leak,3,1991,995547,47
36,large_leak,3,1992,996047,9
36,large_leak,3,1993,996547,0
36,large_leak,3,1994,997047,0
36,large_leak,3,1995,997547,0
36,large_leak,3,1996,998047,0
36,large_leak,3,1997,998547,0
36,large_leak,3,1998,999047,0
36,large_leak,3,1999,999547,0
36,large_leak,4,0,48,19
36,large_leak,4,1,547,38
36,large_leak,4,2,1047,30
36,large_leak,4,3,1547,11
36,large_leak,4,4,2047,1
36,large_leak,4,5,2547,0
36,large_leak,4,6,3047,0
36,large_leak,4,7,3547,0
36,large_leak,4,8,4047,0
36,large_leak,4,9,4547,0
36,large_leak,4,10,5047,0
36,large_leak,4,11,5547,0
36,large_leak,4,12,6047,0
36,large_leak,4,13,6547,0
36,large_leak,4,14,7047,0
36,large_leak,4,15,7547,25
36,large_leak,4,16,8047,45
36,large_leak,4,17,8547,71
36,large_leak,4,18,9047,81
36,large_leak,4,19,9547,92
36,large_leak,4,20,10047,119
36,large_leak,4,21,10547,141
36,large_leak,4,22,11047,147
36,large_leak,4,23,11547,136
36,large_leak,4,24,12047,140
36,large_leak,4,25,12547,149
36,large_leak,4,26,13047,163
36,large_leak,4,27,13547,157
36,large_leak,4,28,14047,135
36,large_leak,4,29,14547,111
36,large_leak,4,30,15047,138
36,large_leak,4,31,15547,145
36,large_leak,4,32,16047,163
36,large_leak,4,33,16547,175
36,large_leak,4,34,17047,188
36,large_leak,4,35,17547,199
36,large_leak,4,36,18047,179
36,large_leak,4,37,18547,199
36,large_leak,4,38,19047,199
36,large_leak,4,39,19547,185
36,large_leak,4,40,20047,203
36,large_leak,4,41,20547,189
36,large_leak,4,42,21047,153
36,large_leak,4,43,21547,146
36,large_leak,4,44,22047,125
36,large_leak,4,45,22547,127
36,large_leak,4,46,23047,139
36,large_leak,4,47,23547,136
36,large_leak,4,48,24047,123
36,large_leak,4,49,24547,116
36,large_leak,4,50,25047,91
36,large_leak,4,51,25547,69
36,large_leak,4,52,26047,36
36,large_leak,4,53,26547,7
36,large_leak,4,54,27047,16
36,large_leak,4,55,27547,25
36,large_leak,4,56,28047,36
36,large_leak,4,57,28547,59
36,large_leak,4,58,29047,73
36,large_leak,4,59,29547,86
36,large_leak,4,60,30047,93
36,large_leak,4,61,30547,77
36,large_leak,4,62,31047,61
36,large_leak,4,63,31547,45
36,large_leak,4,64,32047,21
36,large_leak,4,65,32547,1
36,large_leak,4,66,33047,0
36,large_leak,4,67,33547,0
36,large_leak,4,68,34047,0
36,large_leak,4,69,34547,9
36,large_leak,4,70,35047,11
36,large_leak,4,71,35547,21
36,large_leak,4,72,36047,40
36,large_leak,4,73,36547,19
36,large_leak,4,74,37047,25
36,large_leak,4,75,37547,28
36,large_leak,4,76,38047,9
36,large_leak,4,77,38547,0
36,large_leak,4,78,39047,0
36,large_leak,4,79,39547,0
36,large_leak,4,80,40047,0
36,large_leak,4,81,40547,0
36,large_leak,4,82,41047,0
36,large_leak,4,83,41547,0
36,large_leak,4,84,42047,0
36,large_leak,4,85,42547,0
36,large_leak,4,86,43047,40
36,large_leak,4,87,43547,88
36,large_leak,4,88,44047,148
36,large_leak,4,89,44547,216
36,large_leak,4,90,45047,249
36,large_leak,4,91,45547,251
36,large_leak,4,92,46047,241
36,large_leak,4,93,46547,213
36,large_leak,4,94,47047,175
36,large_leak,4,95,47547,135
36,large_leak,4,96,48047,77
36,large_leak,4,97,48547,26
36,large_leak,4,98,49047,1
36,large_leak,4,99,49547,0
36,large_leak,4,100,50047,0
36,large_leak,4,101,50547,0
36,large_leak,4,102,51047,0
36,large_leak,4,103,51547,0
36,large_leak,4,104,52047,0
36,large_leak,4,105,52547,0
36,large_leak,4,106,53047,40
36,large_leak,4,107,53547,68
36,large_leak,4,108,54047,76
36,large_leak,4,109,54547,87
36,large_leak,4,110,55047,104
36,large_leak,4,111,55547,131
36,large_leak,4,112,56047,137
36,large_leak,4,113,56547,133
36,large_leak,4,114,57047,137
36,large_leak,4,115,57547,133
36,large_leak,4,116,58047,139
36,large_leak,4,117,58547,141
36,large_leak,4,118,59047,139
36,large_leak,4,119,59547,136
36,large_leak,4,120,60047,121
36,large_leak,4,121,60547,95
36,large_leak,4,122,61047,61
36,large_leak,4,123,61547,21
36,large_leak,4,124,62047,0
36,large_leak,4,125,62547,0
36,large_leak,4,126,63047,0
36,large_leak,4,127,63547,0
36,large_leak,4,128,64047,0
36,large_leak,4,129,64547,0
36,large_leak,4,130,65047,0
36,large_leak,4,131,65547,0
36,large_leak,4,132,66047,24
36,large_leak,4,133,66547,52
36,large_leak,4,134,67047,75
36,large_leak,4,135,67547,109
36,large_leak,4,136,68047,145
36,large_leak,4,137,68547,157
36,large_leak,4,138,69047,185
36,large_leak,4,139,69547,175
36,large_leak,4,140,70047,189
36,large_leak,4,141,70547,221
36,large_leak,4,142,71047,213
36,large_leak,4,143,71547,215
36,large_leak,4,144,72047,217
36,large_leak,4,145,72547,189
36,large_leak,4,146,73047,175
36,large_leak,4,147,73547,139
36,large_leak,4,148,74047,103
36,large_leak,4,149,74547,89
36,large_leak,4,150,75047,74
36,large_leak,4,151,75547,58
36,large_leak,4,152,76047,44
36,large_leak,4,153,76547,38
36,large_leak,4,154,77047,9
36,large_leak,4,155,77547,0
36,large_leak,4,156,78047,25
36,large_leak,4,157,78547,53
36,large_leak,4,158,79047,95
36,large_leak,4,159,79547,115
36,large_leak,4,160,80047,107
36,large_leak,4,161,80547,149
36,large_leak,4,162,81047,185
36,large_leak,4,163,81547,181
36,large_leak,4,164,82047,173
36,large_leak,4,165,82547,172
36,large_leak,4,166,83047,171
36,large_leak,4,167,83547,165
36,large_leak,4,168,84047,155
36,large_leak,4,169,84547,156
36,large_leak,4,170,85047,167
36,large_leak,4,171,85547,169
36,large_leak,4,172,86047,163
36,large_leak,4,173,86547,168
36,large_leak,4,174,87047,171
36,large_leak,4,175,87547,158
36,large_leak,4,176,88047,137
36,large_leak,4,177,88547,109
36,large_leak,4,178,89047,78
36,large_leak,4,179,89547,37
36,large_leak,4,180,90047,9
36,large_leak,4,181,90547,0
36,large_leak,4,182,91047,0
36,large_leak,4,183,91547,0
36,large_leak,4,184,92047,0
36,large_leak,4,185,92547,0
36,large_leak,4,186,93047,17
36,large_leak,4,187,93547,4
36,large_leak,4,188,94047,31
36,large_leak,4,189,94547,39
36,large_leak,4,190,95047,35
36,large_leak,4,191,95547,69
36,large_leak,4,192,96047,71
36,large_leak,4,193,96547,35
36,large_leak,4,194,97047,25
36,large_leak,4,195,97547,8
36,large_leak,4,196,98047,0
36,large_leak,4,197,98547,0
36,large_leak,4,198,99047,0
36,large_leak,4,199,99547,0
36,large_leak,4,200,100047,0
36,large_leak,4,201,100547,0
36,large_leak,4,202,101047,10
36,large_leak,4,203,101547,71
36,large_leak,4,204,102047,61
36,large_leak,4,205,102547,77
36,large_leak,4,206,103047,101
36,large_leak,4,207,103547,121
36,large_leak,4,208,104047,136
36,large_leak,4,209,104547,137
36,large_leak,4,210,105047,141
36,large_leak,4,211,105547,141
36,large_leak,4,212,106047,139
36,large_leak,4,213,106547,135
36,large_leak,4,214,107047,116
36,large_leak,4,215,107547,104
36,large_leak,4,216,108047,94
36,large_leak,4,217,108547,87
36,large_leak,4,218,109047,105
36,large_leak,4,219,109547,108
36,large_leak,4,220,110047,99
36,large_leak,4,221,110547,92
36,large_leak,4,222,111047,108
36,large_leak,4,223,111547,133
36,large_leak,4,224,112047,147
36,large_leak,4,225,112547,135
36,large_leak,4,226,113047,108
36,large_leak,4,227,113547,75
36,large_leak,4,228,114047,71
36,large_leak,4,229,114547,84
36,large_leak,4,230,115047,87
36,large_leak,4,231,115547,63
36,large_leak,4,232,116047,75
36,large_leak,4,233,116547,87
36,large_leak,4,234,117047,95
36,large_leak,4,235,117547,119
36,large_leak,4,236,118047,141
36,large_leak,4,237,118547,151
36,large_leak,4,238,119047,135
36,large_leak,4,239,119547,117
36,large_leak,4,240,120047,104
36,large_leak,4,241,120547,84
36,large_leak,4,242,121047,60
36,large_leak,4,243,121547,41
36,large_leak,4,244,122047,22
36,large_leak,4,245,122547,16
36,large_leak,4,246,123047,23
36,large_leak,4,247,123547,37
36,large_leak,4,248,124047,53
36,large_leak,4,249,124547,63
36,large_leak,4,250,125047,73
36,large_leak,4,251,125547,77
36,large_leak,4,252,126047,92
36,large_leak,4,253,126547,105
36,large_leak,4,254,127047,120
36,large_leak,4,255,127547,119
36,large_leak,4,256,128047,127
36,large_leak,4,257,128547,146
36,large_leak,4,258,129047,155
36,large_leak,4,259,129547,164
36,large_leak,4,260,130047,184
36,large_leak,4,261,130547,199
36,large_leak,4,262,131047,191
36,large_leak,4,263,131547,165
36,large_leak,4,264,132047,95
36,large_leak,4,265,132547,87
36,large_leak,4,266,133047,95
36,large_leak,4,267,133547,79
36,large_leak,4,268,134047,72
36,large_leak,4,269,134547,31
36,large_leak,4,270,135047,27
36,large_leak,4,271,135547,69
36,large_leak,4,272,136047,55
36,large_leak,4,273,136547,57
36,large_leak,4,274,137047,73
36,large_leak,4,275,137547,57
36,large_leak,4,276,138047,78
36,large_leak,4,277,138547,79
36,large_leak,4,278,139047,73
36,large_leak,4,279,139547,99
36,large_leak,4,280,140047,117
36,large_leak,4,281,140547,135
36,large_leak,4,282,141047,165
36,large_leak,4,283,141547,183
36,large_leak,4,284,142047,183
36,large_leak,4,285,142547,171
36,large_leak,4,286,143047,148
36,large_leak,4,287,143547,109
36,large_leak,4,288,144047,90
36,large_leak,4,289,144547,71
36,large_leak,4,290,145047,30
36,large_leak,4,291,145547,12
36,large_leak,4,292,146047,13
36,large_leak,4,293,146547,9
36,large_leak,4,294,147047,7
36,large_leak,4,295,147547,0
36,large_leak,4,296,148047,0
36,large_leak,4,297,148547,24
36,large_leak,4,298,149047,45
36,large_leak,4,299,149547,69
36,large_leak,4,300,150047,75
36,large_leak,4,301,150547,82
36,large_leak,4,302,151047,111
36,large_leak,4,303,151547,163
36,large_leak,4,304,152047,187
36,large_leak,4,305,152547,207
36,large_leak,4,306,153047,213
36,large_leak,4,307,153547,221
36,large_leak,4,308,154047,237
36,large_leak,4,309,154547,231
36,large_leak,4,310,155047,213
36,large_leak,4,311,155547,200
36,large_leak,4,312,156047,181
36,large_leak,4,313,156547,181
36,large_leak,4,314,157047,143
36,large_leak,4,315,157547,119
36,large_leak,4,316,158047,149
36,large_leak,4,317,158547,169
36,large_leak,4,318,159047,168
36,large_leak,4,319,159547,159
36,large_leak,4,320,160047,169
36,large_leak,4,321,160547,183
36,large_leak,4,322,161047,197
36,large_leak,4,323,161547,179
36,large_leak,4,324,162047,155
36,large_leak,4,325,162547,153
36,large_leak,4,326,163047,152
36,large_leak,4,327,163547,137
36,large_leak,4,328,164047,108
36,large_leak,4,329,164547,77
36,large_leak,4,330,165047,47
36,large_leak,4,331,165547,20
36,large_leak,4,332,166047,0
36,large_leak,4,333,166547,0
36,large_leak,4,334,167047,0
36,large_leak,4,335,167547,0
36,large_leak,4,336,168047,0
36,large_leak,4,337,168547,0
36,large_leak,4,338,169047,0
36,large_leak,4,339,169547,0
36,large_leak,4,340,170047,12
36,large_leak,4,341,170547,25
36,large_leak,4,342,171047,56
36,large_leak,4,343,171547,88
36,large_leak,4,344,172047,99
36,large_leak,4,345,172547,106
36,large_leak,4,346,173047,103
36,large_leak,4,347,173547,77
36,large_leak,4,348,174047,72
36,large_leak,4,349,174547,41
36,large_leak,4,350,175047,7
36,large_leak,4,351,175547,0
36,large_leak,4,352,176047,0
36,large_leak,4,353,176547,0
36,large_leak,4,354,177047,27
36,large_leak,4,355,177547,58
36,large_leak,4,356,178047,89
36,large_leak,4,357,178547,135
36,large_leak,4,358,179047,155
36,large_leak,4,359,179547,205
36,large_leak,4,360,180047,217
36,large_leak,4,361,180547,229
36,large_leak,4,362,181047,205
36,large_leak,4,363,181547,181
36,large_leak,4,364,182047,167
36,large_leak,4,365,182547,175
36,large_leak,4,366,183047,172
36,large_leak,4,367,183547,175
36,large_leak,4,368,184047,175
36,large_leak,4,369,184547,176
36,large_leak,4,370,185047,173
36,large_leak,4,371,185547,165
36,large_leak,4,372,186047,165
36,large_leak,4,373,186547,163
36,large_leak,4,374,187047,148
36,large_leak,4,375,187547,132
36,large_leak,4,376,188047,104
36,large_leak,4,377,188547,87
36,large_leak,4,378,189047,67
36,large_leak,4,379,189547,39
36,large_leak,4,380,190047,18
36,large_leak,4,381,190547,0
36,large_leak,4,382,191047,1
36,large_leak,4,383,191547,0
36,large_leak,4,384,192047,1
36,large_leak,4,385,192547,6
36,large_leak,4,386,193047,27
36,large_leak,4,387,193547,45
36,large_leak,4,388,194047,71
36,large_leak,4,389,194547,87
36,large_leak,4,390,195047,95
36,large_leak,4,391,195547,110
36,large_leak,4,392,196047,149
36,large_leak,4,393,196547,163
36,large_leak,4,394,197047,152
36,large_leak,4,395,197547,135
36,large_leak,4,396,198047,127
36,large_leak,4,397,198547,119
36,large_leak,4,398,199047,108
36,large_leak,4,399,199547,89
36,large_leak,4,400,200047,57
36,large_leak,4,401,200547,31
36,large_leak,4,402,201047,35
36,large_leak,4,403,201547,18
36,large_leak,4,404,202047,0
36,large_leak,4,405,202547,0
36,large_leak,4,406,203047,0
36,large_leak,4,407,203547,0
36,large_leak,4,408,204047,0
36,large_leak,4,409,204547,0
36,large_leak,4,410,205047,43
36,large_leak,4,411,205547,61
36,large_leak,4,412,206047,79
36,large_leak,4,413,206547,89
36,large_leak,4,414,207047,107
36,large_leak,4,415,207547,115
36,large_leak,4,416,208047,119
36,large_leak,4,417,208547,98
36,large_leak,4,418,209047,88
36,large_leak,4,419,209547,90
36,large_leak,4,420,210047,84
36,large_leak,4,421,210547,93
36,large_leak,4,422,211047,85
36,large_leak,4,423,211547,63
36,large_leak,4,424,212047,47
36,large_leak,4,425,212547,58
36,large_leak,4,426,213047,76
36,large_leak,4,427,213547,86
36,large_leak,4,428,214047,95
36,large_leak,4,429,214547,100
36,large_leak,4,430,215047,95
36,large_leak,4,431,215547,92
36,large_leak,4,432,216047,93
36,large_leak,4,433,216547,82
36,large_leak,4,434,217047,67
36,large_leak,4,435,217547,69
36,large_leak,4,436,218047,53
36,large_leak,4,437,218547,37
36,large_leak,4,438,219047,27
36,large_leak,4,439,219547,37
36,large_leak,4,440,220047,39
36,large_leak,4,441,220547,47
36,large_leak,4,442,221047,51
36,large_leak,4,443,221547,51
36,large_leak,4,444,222047,45
36,large_leak,4,445,222547,57
36,large_leak,4,446,223047,87
36,large_leak,4,447,223547,103
36,large_leak,4,448,224047,111
36,large_leak,4,449,224547,99
36,large_leak,4,450,225047,93
36,large_leak,4,451,225547,59
36,large_leak,4,452,226047,41
36,large_leak,4,453,226547,23
36,large_leak,4,454,227047,30
36,large_leak,4,455,227547,1
36,large_leak,4,456,228047,0
36,large_leak,4,457,228547,0
36,large_leak,4,458,229047,0
36,large_leak,4,459,229547,0
36,large_leak,4,460,230047,0
36,large_leak,4,461,230547,0
36,large_leak,4,462,231047,0
36,large_leak,4,463,231547,0
36,large_leak,4,464,232047,0
36,large_leak,4,465,232547,19
36,large_leak,4,466,233047,24
36,large_leak,4,467,233547,43
36,large_leak,4,468,234047,55
36,large_leak,4,469,234547,41
36,large_leak,4,470,235047,89
36,large_leak,4,471,235547,69
36,large_leak,4,472,236047,90
36,large_leak,4,473,236547,85
36,large_leak,4,474,237047,54
36,large_leak,4,475,237547,77
36,large_leak,4,476,238047,80
36,large_leak,4,477,238547,69
36,large_leak,4,478,239047,93
36,large_leak,4,479,239547,86
36,large_leak,4,480,240047,91
36,large_leak,4,481,240547,104
36,large_leak,4,482,241047,93
36,large_leak,4,483,241547,108
36,large_leak,4,484,242047,125
36,large_leak,4,485,242547,125
36,large_leak,4,486,243047,139
36,large_leak,4,487,243547,152
36,large_leak,4,488,244047,139
36,large_leak,4,489,244547,141
36,large_leak,4,490,245047,137
36,large_leak,4,491,245547,142
36,large_leak,4,492,246047,151
36,large_leak,4,493,246547,143
36,large_leak,4,494,247047,151
36,large_leak,4,495,247547,123
36,large_leak,4,496,248047,139
36,large_leak,4,497,248547,135
36,large_leak,4,498,249047,132
36,large_leak,4,499,249547,125
36,large_leak,4,500,250047,117
36,large_leak,4,501,250547,95
36,large_leak,4,502,251047,95
36,large_leak,4,503,251547,93
36,large_leak,4,504,252047,76
36,large_leak,4,505,252547,68
36,large_leak,4,506,253047,68
36,large_leak,4,507,253547,59
36,large_leak,4,508,254047,70
36,large_leak,4,509,254547,79
36,large_leak,4,510,255047,83
36,large_leak,4,511,255547,93
36,large_leak,4,512,256047,108
36,large_leak,4,513,256547,141
36,large_leak,4,514,257047,168
36,large_leak,4,515,257547,168
36,large_leak,4,516,258047,163
36,large_leak,4,517,258547,153
36,large_leak,4,518,259047,137
36,large_leak,4,519,259547,145
36,large_leak,4,520,260047,139
36,large_leak,4,521,260547,120
36,large_leak,4,522,261047,98
36,large_leak,4,523,261547,73
36,large_leak,4,524,262047,79
36,large_leak,4,525,262547,72
36,large_leak,4,526,263047,59
36,large_leak,4,527,263547,29
36,large_leak,4,528,264047,3
36,large_leak,4,529,264547,0
36,large_leak,4,530,265047,0
36,large_leak,4,531,265547,18
36,large_leak,4,532,266047,17
36,large_leak,4,533,266547,0
36,large_leak,4,534,267047,11
36,large_leak,4,535,267547,0
36,large_leak,4,536,268047,0
36,large_leak,4,537,268547,0
36,large_leak,4,538,269047,8
36,large_leak,4,539,269547,0
36,large_leak,4,540,270047,0
36,large_leak,4,541,270547,35
36,large_leak,4,542,271047,58
36,large_leak,4,543,271547,110
36,large_leak,4,544,272047,125
36,large_leak,4,545,272547,93
36,large_leak,4,546,273047,163
36,large_leak,4,547,273547,188
36,large_leak,4,548,274047,215
36,large_leak,4,549,274547,185
36,large_leak,4,550,275047,180
36,large_leak,4,551,275547,173
36,large_leak,4,552,276047,178
36,large_leak,4,553,276547,175
36,large_leak,4,554,277047,165
36,large_leak,4,555,277547,171
36,large_leak,4,556,278047,215
36,large_leak,4,557,278547,251
36,large_leak,4,558,279047,271
36,large_leak,4,559,279547,279
36,large_leak,4,560,280047,263
36,large_leak,4,561,280547,232
36,large_leak,4,562,281047,197
36,large_leak,4,563,281547,127
36,large_leak,4,564,282047,59
36,large_leak,4,565,282547,13
36,large_leak,4,566,283047,0
36,large_leak,4,567,283547,0
36,large_leak,4,568,284047,0
36,large_leak,4,569,284547,0
36,large_leak,4,570,285047,0
36,large_leak,4,571,285547,0
36,large_leak,4,572,286047,0
36,large_leak,4,573,286547,0
36,large_leak,4,574,287047,0
36,large_leak,4,575,287547,0
36,large_leak,4,576,288047,0
36,large_leak,4,577,288547,0
36,large_leak,4,578,289047,0
36,large_leak,4,579,289547,0
36,large_leak,4,580,290047,0
36,large_leak,4,581,290547,0
36,large_leak,4,582,291047,0
36,large_leak,4,583,291547,0
36,large_leak,4,584,292047,0
36,large_leak,4,585,292547,0
36,large_leak,4,586,293047,38
36,large_leak,4,587,293547,81
36,large_leak,4,588,294047,109
36,large_leak,4,589,294547,121
36,large_leak,4,590,295047,141
36,large_leak,4,591,295547,151
36,large_leak,4,592,296047,155
36,large_leak,4,593,296547,152
36,large_leak,4,594,297047,121
36,large_leak,4,595,297547,73
36,large_leak,4,596,298047,90
36,large_leak,4,597,298547,109
36,large_leak,4,598,299047,147
36,large_leak,4,599,299547,151
36,large_leak,4,600,300047,157
36,large_leak,4,601,300547,181
36,large_leak,4,602,301047,205
36,large_leak,4,603,301547,231
36,large_leak,4,604,302047,234
36,large_leak,4,605,302547,246
36,large_leak,4,606,303047,268
36,large_leak,4,607,303547,286
36,large_leak,4,608,304047,277
36,large_leak,4,609,304547,268
36,large_leak,4,610,305047,277
36,large_leak,4,611,305547,280
36,large_leak,4,612,306047,249
36,large_leak,4,613,306547,220
36,large_leak,4,614,307047,214
36,large_leak,4,615,307547,203
36,large_leak,4,616,308047,173
36,large_leak,4,617,308547,147
36,large_leak,4,618,309047,91
36,large_leak,4,619,309547,61
36,large_leak,4,620,310047,51
36,large_leak,4,621,310547,35
36,large_leak,4,622,311047,22
36,large_leak,4,623,311547,24
36,large_leak,4,624,312047,48
36,large_leak,4,625,312547,62
36,large_leak,4,626,313047,77
36,large_leak,4,627,313547,99
36,large_leak,4,628,314047,127
36,large_leak,4,629,314547,134
36,large_leak,4,630,315047,111
36,large_leak,4,631,315547,84
36,large_leak,4,632,316047,48
36,large_leak,4,633,316547,41
36,large_leak,4,634,317047,103
36,large_leak,4,635,317547,137
36,large_leak,4,636,318047,181
36,large_leak,4,637,318547,166
36,large_leak,4,638,319047,173
36,large_leak,4,639,319547,199
36,large_leak,4,640,320047,202
36,large_leak,4,641,320547,183
36,large_leak,4,642,321047,140
36,large_leak,4,643,321547,78
36,large_leak,4,644,322047,45
36,large_leak,4,645,322547,16
36,large_leak,4,646,323047,0
36,large_leak,4,647,323547,0
36,large_leak,4,648,324047,0
36,large_leak,4,649,324547,0
36,large_leak,4,650,325047,0
36,large_leak,4,651,325547,0
36,large_leak,4,652,326047,16
36,large_leak,4,653,326547,71
36,large_leak,4,654,327047,107
36,large_leak,4,655,327547,131
36,large_leak,4,656,328047,133
36,large_leak,4,657,328547,135
36,large_leak,4,658,329047,133
36,large_leak,4,659,329547,96
36,large_leak,4,660,330047,92
36,large_leak,4,661,330547,123
36,large_leak,4,662,331047,105
36,large_leak,4,663,331547,95
36,large_leak,4,664,332047,97
36,large_leak,4,665,332547,83
36,large_leak,4,666,333047,92
36,large_leak,4,667,333547,77
36,large_leak,4,668,334047,52
36,large_leak,4,669,334547,62
36,large_leak,4,670,335047,60
36,large_leak,4,671,335547,61
36,large_leak,4,672,336047,74
36,large_leak,4,673,336547,83
36,large_leak,4,674,337047,75
36,large_leak,4,675,337547,73
36,large_leak,4,676,338047,77
36,large_leak,4,677,338547,71
36,large_leak,4,678,339047,82
36,large_leak,4,679,339547,79
36,large_leak,4,680,340047,73
36,large_leak,4,681,340547,57
36,large_leak,4,682,341047,45
36,large_leak,4,683,341547,24
36,large_leak,4,684,342047,14
36,large_leak,4,685,342547,7
36,large_leak,4,686,343047,0
36,large_leak,4,687,343547,0
36,large_leak,4,688,344047,0
36,large_leak,4,689,344547,0
36,large_leak,4,690,345047,0
36,large_leak,4,691,345547,12
36,large_leak,4,692,346047,39
36,large_leak,4,693,346547,55
36,large_leak,4,694,347047,47
36,large_leak,4,695,347547,43
36,large_leak,4,696,348047,51
36,large_leak,4,697,348547,73
36,large_leak,4,698,349047,73
36,large_leak,4,699,349547,73
36,large_leak,4,700,350047,87
36,large_leak,4,701,350547,99
36,large_leak,4,702,351047,111
36,large_leak,4,703,351547,133
36,large_leak,4,704,352047,135
36,large_leak,4,705,352547,141
36,large_leak,4,706,353047,165
36,large_leak,4,707,353547,149
36,large_leak,4,708,354047,133
36,large_leak,4,709,354547,143
36,large_leak,4,710,355047,149
36,large_leak,4,711,355547,139
36,large_leak,4,712,356047,132
36,large_leak,4,713,356547,135
36,large_leak,4,714,357047,145
36,large_leak,4,715,357547,154
36,large_leak,4,716,358047,169
36,large_leak,4,717,358547,180
36,large_leak,4,718,359047,183
36,large_leak,4,719,359547,189
36,large_leak,4,720,360047,203
36,large_leak,4,721,360547,221
36,large_leak,4,722,361047,227
36,large_leak,4,723,361547,217
36,large_leak,4,724,362047,217
36,large_leak,4,725,362547,187
36,large_leak,4,726,363047,153
36,large_leak,4,727,363547,118
36,large_leak,4,728,364047,87
36,large_leak,4,729,364547,53
36,large_leak,4,730,365047,17
36,large_leak,4,731,365547,0
36,large_leak,4,732,366047,0
36,large_leak,4,733,366547,0
36,large_leak,4,734,367047,0
36,large_leak,4,735,367547,0
36,large_leak,4,736,368047,0
36,large_leak,4,737,368547,0
36,large_leak,4,738,369047,0
36,large_leak,4,739,369547,0
36,large_leak,4,740,370047,31
36,large_leak,4,741,370547,50
36,large_leak,4,742,371047,57
36,large_leak,4,743,371547,83
36,large_leak,4,744,372047,102
36,large_leak,4,745,372547,99
36,large_leak,4,746,373047,111
36,large_leak,4,747,373547,112
36,large_leak,4,748,374047,111
36,large_leak,4,749,374547,89
36,large_leak,4,750,375047,78
36,large_leak,4,751,375547,60
36,large_leak,4,752,376047,73
36,large_leak,4,753,376547,73
36,large_leak,4,754,377047,77
36,large_leak,4,755,377547,93
36,large_leak,4,756,378047,106
36,large_leak,4,757,378547,135
36,large_leak,4,758,379047,149
36,large_leak,4,759,379547,145
36,large_leak,4,760,380047,139
36,large_leak,4,761,380547,135
36,large_leak,4,762,381047,122
36,large_leak,4,763,381547,121
36,large_leak,4,764,382047,103
36,large_leak,4,765,382547,92
36,large_leak,4,766,383047,87
36,large_leak,4,767,383547,95
36,large_leak,4,768,384047,116
36,large_leak,4,769,384547,117
36,large_leak,4,770,385047,93
36,large_leak,4,771,385547,91
36,large_leak,4,772,386047,99
36,large_leak,4,773,386547,136
36,large_leak,4,774,387047,155
36,large_leak,4,775,387547,148
36,large_leak,4,776,388047,146
36,large_leak,4,777,388547,153
36,large_leak,4,778,389047,163
36,large_leak,4,779,389547,156
36,large_leak,4,780,390047,159
36,large_leak,4,781,390547,156
36,large_leak,4,782,391047,135
36,large_leak,4,783,391547,105
36,large_leak,4,784,392047,91
36,large_leak,4,785,392547,99
36,large_leak,4,786,393047,107
36,large_leak,4,787,393547,99
36,large_leak,4,788,394047,91
36,large_leak,4,789,394547,99
36,large_leak,4,790,395047,117
36,large_leak,4,791,395547,141
36,large_leak,4,792,396047,171
36,large_leak,4,793,396547,176
36,large_leak,4,794,397047,183
36,large_leak,4,795,397547,201
36,large_leak,4,796,398047,213
36,large_leak,4,797,398547,216
36,large_leak,4,798,399047,218
36,large_leak,4,799,399547,204
36,large_leak,4,800,400047,199
36,large_leak,4,801,400547,187
36,large_leak,4,802,401047,169
36,large_leak,4,803,401547,145
36,large_leak,4,804,402047,132
36,large_leak,4,805,402547,115
36,large_leak,4,806,403047,84
36,large_leak,4,807,403547,72
36,large_leak,4,808,404047,64
36,large_leak,4,809,404547,59
36,large_leak,4,810,405047,52
36,large_leak,4,811,405547,56
36,large_leak,4,812,406047,83
36,large_leak,4,813,406547,89
36,large_leak,4,814,407047,117
36,large_leak,4,815,407547,137
36,large_leak,4,816,408047,147
36,large_leak,4,817,408547,167
36,large_leak,4,818,409047,187
36,large_leak,4,819,409547,201
36,large_leak,4,820,410047,215
36,large_leak,4,821,410547,197
36,large_leak,4,822,411047,178
36,large_leak,4,823,411547,164
36,large_leak,4,824,412047,153
36,large_leak,4,825,412547,141
36,large_leak,4,826,413047,125
36,large_leak,4,827,413547,101
36,large_leak,4,828,414047,89
36,large_leak,4,829,414547,78
36,large_leak,4,830,415047,61
36,large_leak,4,831,415547,55
36,large_leak,4,832,416047,38
36,large_leak,4,833,416547,29
36,large_leak,4,834,417047,23
36,large_leak,4,835,417547,10
36,large_leak,4,836,418047,13
36,large_leak,4,837,418547,3
36,large_leak,4,838,419047,0
36,large_leak,4,839,419547,0
36,large_leak,4,840,420047,11
36,large_leak,4,841,420547,0
36,large_leak,4,842,421047,19
36,large_leak,4,843,421547,45
36,large_leak,4,844,422047,103
36,large_leak,4,845,422547,126
36,large_leak,4,846,423047,151
36,large_leak,4,847,423547,176
36,large_leak,4,848,424047,203
36,large_leak,4,849,424547,215
36,large_leak,4,850,425047,233
36,large_leak,4,851,425547,253
36,large_leak,4,852,426047,269
36,large_leak,4,853,426547,253
36,large_leak,4,854,427047,220
36,large_leak,4,855,427547,165
36,large_leak,4,856,428047,103
36,large_leak,4,857,428547,47
36,large_leak,4,858,429047,9
36,large_leak,4,859,429547,0
36,large_leak,4,860,430047,0
36,large_leak,4,861,430547,0
36,large_leak,4,862,431047,0
36,large_leak,4,863,431547,0
36,large_leak,4,864,432047,0
36,large_leak,4,865,432547,30
36,large_leak,4,866,433047,71
36,large_leak,4,867,433547,107
36,large_leak,4,868,434047,119
36,large_leak,4,869,434547,149
36,large_leak,4,870,435047,189
36,large_leak,4,871,435547,188
36,large_leak,4,872,436047,189
36,large_leak,4,873,436547,198
36,large_leak,4,874,437047,181
36,large_leak,4,875,437547,149
36,large_leak,4,876,438047,102
36,large_leak,4,877,438547,72
36,large_leak,4,878,439047,46
36,large_leak,4,879,439547,42
36,large_leak,4,880,440047,46
36,large_leak,4,881,440547,58
36,large_leak,4,882,441047,83
36,large_leak,4,883,441547,115
36,large_leak,4,884,442047,139
36,large_leak,4,885,442547,141
36,large_leak,4,886,443047,145
36,large_leak,4,887,443547,148
36,large_leak,4,888,444047,127
36,large_leak,4,889,444547,121
36,large_leak,4,890,445047,109
36,large_leak,4,891,445547,88
36,large_leak,4,892,446047,105
36,large_leak,4,893,446547,103
36,large_leak,4,894,447047,111
36,large_leak,4,895,447547,139
36,large_leak,4,896,448047,151
36,large_leak,4,897,448547,160
36,large_leak,4,898,449047,147
36,large_leak,4,899,449547,120
36,large_leak,4,900,450047,102
36,large_leak,4,901,450547,76
36,large_leak,4,902,451047,43
36,large_leak,4,903,451547,13
36,large_leak,4,904,452047,0
36,large_leak,4,905,452547,0
36,large_leak,4,906,453047,6
36,large_leak,4,907,453547,7
36,large_leak,4,908,454047,5
36,large_leak,4,909,454547,0
36,large_leak,4,910,455047,13
36,large_leak,4,911,455547,9
36,large_leak,4,912,456047,8
36,large_leak,4,913,456547,13
36,large_leak,4,914,457047,5
36,large_leak,4,915,457547,0
36,large_leak,4,916,458047,5
36,large_leak,4,917,458547,25
36,large_leak,4,918,459047,45
36,large_leak,4,919,459547,56
36,large_leak,4,920,460047,61
36,large_leak,4,921,460547,77
36,large_leak,4,922,461047,99
36,large_leak,4,923,461547,118
36,large_leak,4,924,462047,125
36,large_leak,4,925,462547,137
36,large_leak,4,926,463047,152
36,large_leak,4,927,463547,157
36,large_leak,4,928,464047,169
36,large_leak,4,929,464547,172
36,large_leak,4,930,465047,167
36,large_leak,4,931,465547,155
36,large_leak,4,932,466047,155
36,large_leak,4,933,466547,147
36,large_leak,4,934,467047,135
36,large_leak,4,935,467547,125
36,large_leak,4,936,468047,111
36,large_leak,4,937,468547,61
36,large_leak,4,938,469047,59
36,large_leak,4,939,469547,73
36,large_leak,4,940,470047,77
36,large_leak,4,941,470547,89
36,large_leak,4,942,471047,85
36,large_leak,4,943,471547,78
36,large_leak,4,944,472047,101
36,large_leak,4,945,472547,111
36,large_leak,4,946,473047,103
36,large_leak,4,947,473547,121
36,large_leak,4,948,474047,153
36,large_leak,4,949,474547,189
36,large_leak,4,950,475047,221
36,large_leak,4,951,475547,221
36,large_leak,4,952,476047,199
36,large_leak,4,953,476547,181
36,large_leak,4,954,477047,159
36,large_leak,4,955,477547,135
36,large_leak,4,956,478047,92
36,large_leak,4,957,478547,53
36,large_leak,4,958,479047,31
36,large_leak,4,959,479547,17
36,large_leak,4,960,480047,6
36,large_leak,4,961,480547,0
36,large_leak,4,962,481047,0
36,large_leak,4,963,481547,2
36,large_leak,4,964,482047,4
36,large_leak,4,965,482547,0
36,large_leak,4,966,483047,0
36,large_leak,4,967,483547,0
36,large_leak,4,968,484047,0
36,large_leak,4,969,484547,0
36,large_leak,4,970,485047,0
36,large_leak,4,971,485547,0
36,large_leak,4,972,486047,13
36,large_leak,4,973,486547,48
36,large_leak,4,974,487047,39
36,large_leak,4,975,487547,63
36,large_leak,4,976,488047,89
36,large_leak,4,977,488547,69
36,large_leak,4,978,489047,74
36,large_leak,4,979,489547,53
36,large_leak,4,980,490047,35
36,large_leak,4,981,490547,71
36,large_leak,4,982,491047,93
36,large_leak,4,983,491547,133
36,large_leak,4,984,492047,199
36,large_leak,4,985,492547,247
36,large_leak,4,986,493047,287
36,large_leak,4,987,493547,306
36,large_leak,4,988,494047,319
36,large_leak,4,989,494547,355
36,large_leak,4,990,495047,391
36,large_leak,4,991,495547,397
36,large_leak,4,992,496047,374
36,large_leak,4,993,496547,332
36,large_leak,4,994,497047,291
36,large_leak,4,995,497547,234
36,large_leak,4,996,498047,197
36,large_leak,4,997,498547,176
36,large_leak,4,998,499047,159
36,large_leak,4,999,499547,120
36,large_leak,4,1000,500047,115
36,large_leak,4,1001,500547,115
36,large_leak,4,1002,501047,69
36,large_leak,4,1003,501547,67
36,large_leak,4,1004,502047,42
36,large_leak,4,1005,502547,29
36,large_leak,4,1006,503047,47
36,large_leak,4,1007,503547,41
36,large_leak,4,1008,504047,61
36,large_leak,4,1009,504547,92
36,large_leak,4,1010,505047,117
36,large_leak,4,1011,505547,141
36,large_leak,4,1012,506047,134
36,large_leak,4,1013,506547,141
36,large_leak,4,1014,507047,160
36,large_leak,4,1015,507547,167
36,large_leak,4,1016,508047,139
36,large_leak,4,1017,508547,117
36,large_leak,4,1018,509047,111
36,large_leak,4,1019,509547,121
36,large_leak,4,1020,510047,121
36,large_leak,4,1021,510547,101
36,large_leak,4,1022,511047,51
36,large_leak,4,1023,511547,11
36,large_leak,4,1024,512047,0
36,large_leak,4,1025,512547,0
36,large_leak,4,1026,513047,0
36,large_leak,4,1027,513547,0
36,large_leak,4,1028,514047,0
36,large_leak,4,1029,514547,0
36,large_leak,4,1030,515047,12
36,large_leak,4,1031,515547,57
36,large_leak,4,1032,516047,108
36,large_leak,4,1033,516547,149
36,large_leak,4,1034,517047,176
36,large_leak,4,1035,517547,205
36,large_leak,4,1036,518047,217
36,large_leak,4,1037,518547,217
36,large_leak,4,1038,519047,203
36,large_leak,4,1039,519547,184
36,large_leak,4,1040,520047,158
36,large_leak,4,1041,520547,115
36,large_leak,4,1042,521047,77
36,large_leak,4,1043,521547,35
36,large_leak,4,1044,522047,3
36,large_leak,4,1045,522547,0
36,large_leak,4,1046,523047,0
36,large_leak,4,1047,523547,0
36,large_leak,4,1048,524047,0
36,large_leak,4,1049,524547,0
36,large_leak,4,1050,525047,0
36,large_leak,4,1051,525547,0
36,large_leak,4,1052,526047,27
36,large_leak,4,1053,526547,59
36,large_leak,4,1054,527047,101
36,large_leak,4,1055,527547,127
36,large_leak,4,1056,528047,151
36,large_leak,4,1057,528547,159
36,large_leak,4,1058,529047,171
36,large_leak,4,1059,529547,165
36,large_leak,4,1060,530047,158
36,large_leak,4,1061,530547,137
36,large_leak,4,1062,531047,115
36,large_leak,4,1063,531547,111
36,large_leak,4,1064,532047,99
36,large_leak,4,1065,532547,87
36,large_leak,4,1066,533047,85
36,large_leak,4,1067,533547,77
36,large_leak,4,1068,534047,47
36,large_leak,4,1069,534547,26
36,large_leak,4,1070,535047,3
36,large_leak,4,1071,535547,0
36,large_leak,4,1072,536047,0
36,large_leak,4,1073,536547,0
36,large_leak,4,1074,537048,0
36,large_leak,4,1075,537547,0
36,large_leak,4,1076,538047,17
36,large_leak,4,1077,538547,39
36,large_leak,4,1078,539047,45
36,large_leak,4,1079,539547,57
36,large_leak,4,1080,540047,59
36,large_leak,4,1081,540547,41
36,large_leak,4,1082,541047,31
36,large_leak,4,1083,541547,24
36,large_leak,4,1084,542047,43
36,large_leak,4,1085,542547,45
36,large_leak,4,1086,543047,41
36,large_leak,4,1087,543547,45
36,large_leak,4,1088,544047,71
36,large_leak,4,1089,544547,88
36,large_leak,4,1090,545047,121
36,large_leak,4,1091,545547,125
36,large_leak,4,1092,546047,121
36,large_leak,4,1093,546547,147
36,large_leak,4,1094,547047,151
36,large_leak,4,1095,547547,153
36,large_leak,4,1096,548047,156
36,large_leak,4,1097,548547,143
36,large_leak,4,1098,549047,136
36,large_leak,4,1099,549547,115
36,large_leak,4,1100,550047,79
36,large_leak,4,1101,550547,55
36,large_leak,4,1102,551047,47
36,large_leak,4,1103,551547,45
36,large_leak,4,1104,552047,43
36,large_leak,4,1105,552547,43
36,large_leak,4,1106,553047,51
36,large_leak,4,1107,553547,60
36,large_leak,4,1108,554047,75
36,large_leak,4,1109,554547,68
36,large_leak,4,1110,555047,57
36,large_leak,4,1111,555547,41
36,large_leak,4,1112,556047,40
36,large_leak,4,1113,556547,54
36,large_leak,4,1114,557047,71
36,large_leak,4,1115,557547,95
36,large_leak,4,1116,558047,133
36,large_leak,4,1117,558547,165
36,large_leak,4,1118,559047,181
36,large_leak,4,1119,559547,182
36,large_leak,4,1120,560047,182
36,large_leak,4,1121,560547,185
36,large_leak,4,1122,561047,157
36,large_leak,4,1123,561547,147
36,large_leak,4,1124,562047,121
36,large_leak,4,1125,562547,75
36,large_leak,4,1126,563047,71
36,large_leak,4,1127,563547,54
36,large_leak,4,1128,564047,29
36,large_leak,4,1129,564547,6
36,large_leak,4,1130,565047,0
36,large_leak,4,1131,565547,0
36,large_leak,4,1132,566047,0
36,large_leak,4,1133,566547,0
36,large_leak,4,1134,567047,0
36,large_leak,4,1135,567547,9
36,large_leak,4,1136,568047,39
36,large_leak,4,1137,568547,81
36,large_leak,4,1138,569047,118
36,large_leak,4,1139,569547,157
36,large_leak,4,1140,570047,173
36,large_leak,4,1141,570547,179
36,large_leak,4,1142,571047,176
36,large_leak,4,1143,571547,159
36,large_leak,4,1144,572047,147
36,large_leak,4,1145,572547,135
36,large_leak,4,1146,573047,133
36,large_leak,4,1147,573547,116
36,large_leak,4,1148,574047,105
36,large_leak,4,1149,574547,89
36,large_leak,4,1150,575047,62
36,large_leak,4,1151,575547,61
36,large_leak,4,1152,576047,69
36,large_leak,4,1153,576547,74
36,large_leak,4,1154,577047,73
36,large_leak,4,1155,577547,77
36,large_leak,4,1156,578047,78
36,large_leak,4,1157,578547,75
36,large_leak,4,1158,579047,85
36,large_leak,4,1159,579547,89
36,large_leak,4,1160,580047,87
36,large_leak,4,1161,580547,89
36,large_leak,4,1162,581047,83
36,large_leak,4,1163,581547,83
36,large_leak,4,1164,582047,100
36,large_leak,4,1165,582547,105
36,large_leak,4,1166,583047,84
36,large_leak,4,1167,583547,77
36,large_leak,4,1168,584047,84
36,large_leak,4,1169,584547,55
36,large_leak,4,1170,585047,77
36,large_leak,4,1171,585547,74
36,large_leak,4,1172,586047,72
36,large_leak,4,1173,586547,101
36,large_leak,4,1174,587047,122
36,large_leak,4,1175,587547,123
36,large_leak,4,1176,588047,121
36,large_leak,4,1177,588547,118
36,large_leak,4,1178,589047,123
36,large_leak,4,1179,589547,119
36,large_leak,4,1180,590047,105
36,large_leak,4,1181,590547,92
36,large_leak,4,1182,591047,79
36,large_leak,4,1183,591547,59
36,large_leak,4,1184,592047,57
36,large_leak,4,1185,592547,77
36,large_leak,4,1186,593047,90
36,large_leak,4,1187,593547,93
36,large_leak,4,1188,594047,98
36,large_leak,4,1189,594547,108
36,large_leak,4,1190,595047,126
36,large_leak,4,1191,595547,123
36,large_leak,4,1192,596047,138
36,large_leak,4,1193,596547,149
36,large_leak,4,1194,597047,136
36,large_leak,4,1195,597547,126
36,large_leak,4,1196,598047,103
36,large_leak,4,1197,598547,73
36,large_leak,4,1198,599047,44
36,large_leak,4,1199,599547,31
36,large_leak,4,1200,600047,13
36,large_leak,4,1201,600547,1
36,large_leak,4,1202,601047,20
36,large_leak,4,1203,601547,30
36,large_leak,4,1204,602047,41
36,large_leak,4,1205,602547,57
36,large_leak,4,1206,603047,72
36,large_leak,4,1207,603547,93
36,large_leak,4,1208,604047,99
36,large_leak,4,1209,604547,83
36,large_leak,4,1210,605047,61
36,large_leak,4,1211,605547,71
36,large_leak,4,1212,606047,61
36,large_leak,4,1213,606547,27
36,large_leak,4,1214,607047,3
36,large_leak,4,1215,607547,0
36,large_leak,4,1216,608047,0
36,large_leak,4,1217,608547,0
36,large_leak,4,1218,609047,0
36,large_leak,4,1219,609547,0
36,large_leak,4,1220,610047,31
36,large_leak,4,1221,610547,57
36,large_leak,4,1222,611047,85
36,large_leak,4,1223,611547,117
36,large_leak,4,1224,612047,135
36,large_leak,4,1225,612547,152
36,large_leak,4,1226,613047,167
36,large_leak,4,1227,613547,173
36,large_leak,4,1228,614047,170
36,large_leak,4,1229,614547,165
36,large_leak,4,1230,615047,156
36,large_leak,4,1231,615547,133
36,large_leak,4,1232,616047,99
36,large_leak,4,1233,616547,71
36,large_leak,4,1234,617047,59
36,large_leak,4,1235,617547,69
36,large_leak,4,1236,618047,83
36,large_leak,4,1237,618547,94
36,large_leak,4,1238,619047,98
36,large_leak,4,1239,619547,101
36,large_leak,4,1240,620047,106
36,large_leak,4,1241,620547,83
36,large_leak,4,1242,621047,55
36,large_leak,4,1243,621547,27
36,large_leak,4,1244,622047,17
36,large_leak,4,1245,622547,21
36,large_leak,4,1246,623047,5
36,large_leak,4,1247,623547,0
36,large_leak,4,1248,624047,0
36,large_leak,4,1249,624547,0
36,large_leak,4,1250,625047,21
36,large_leak,4,1251,625547,23
36,large_leak,4,1252,626047,29
36,large_leak,4,1253,626547,43
36,large_leak,4,1254,627047,58
36,large_leak,4,1255,627547,77
36,large_leak,4,1256,628047,85
36,large_leak,4,1257,628547,75
36,large_leak,4,1258,629047,75
36,large_leak,4,1259,629547,53
36,large_leak,4,1260,630047,22
36,large_leak,4,1261,630547,0
36,large_leak,4,1262,631047,0
36,large_leak,4,1263,631547,0
36,large_leak,4,1264,632047,0
36,large_leak,4,1265,632547,0
36,large_leak,4,1266,633047,0
36,large_leak,4,1267,633547,0
36,large_leak,4,1268,634047,0
36,large_leak,4,1269,634547,0
36,large_leak,4,1270,635047,0
36,large_leak,4,1271,635547,0
36,large_leak,4,1272,636047,0
36,large_leak,4,1273,636547,0
36,large_leak,4,1274,637047,38
36,large_leak,4,1275,637547,75
36,large_leak,4,1276,638047,79
36,large_leak,4,1277,638547,79
36,large_leak,4,1278,639047,101
36,large_leak,4,1279,639547,118
36,large_leak,4,1280,640047,123
36,large_leak,4,1281,640547,126
36,large_leak,4,1282,641047,141
36,large_leak,4,1283,641547,143
36,large_leak,4,1284,642047,152
36,large_leak,4,1285,642547,151
36,large_leak,4,1286,643047,151
36,large_leak,4,1287,643547,143
36,large_leak,4,1288,644047,119
36,large_leak,4,1289,644547,102
36,large_leak,4,1290,645047,102
36,large_leak,4,1291,645547,115
36,large_leak,4,1292,646047,111
36,large_leak,4,1293,646547,107
36,large_leak,4,1294,647047,95
36,large_leak,4,1295,647547,85
36,large_leak,4,1296,648047,103
36,large_leak,4,1297,648547,141
36,large_leak,4,1298,649047,157
36,large_leak,4,1299,649547,149
36,large_leak,4,1300,650047,132
36,large_leak,4,1301,650547,107
36,large_leak,4,1302,651047,99
36,large_leak,4,1303,651547,81
36,large_leak,4,1304,652047,78
36,large_leak,4,1305,652547,83
36,large_leak,4,1306,653047,74
36,large_leak,4,1307,653547,56
36,large_leak,4,1308,654047,39
36,large_leak,4,1309,654547,39
36,large_leak,4,1310,655047,29
36,large_leak,4,1311,655547,6
36,large_leak,4,1312,656047,0
36,large_leak,4,1313,656547,0
36,large_leak,4,1314,657047,0
36,large_leak,4,1315,657547,0
36,large_leak,4,1316,658047,0
36,large_leak,4,1317,658547,30
36,large_leak,4,1318,659047,68
36,large_leak,4,1319,659547,106
36,large_leak,4,1320,660047,127
36,large_leak,4,1321,660547,159
36,large_leak,4,1322,661047,212
36,large_leak,4,1323,661547,237
36,large_leak,4,1324,662047,266
36,large_leak,4,1325,662547,235
36,large_leak,4,1326,663047,197
36,large_leak,4,1327,663547,199
36,large_leak,4,1328,664047,173
36,large_leak,4,1329,664547,139
36,large_leak,4,1330,665047,103
36,large_leak,4,1331,665547,67
36,large_leak,4,1332,666047,43
36,large_leak,4,1333,666547,35
36,large_leak,4,1334,667047,21
36,large_leak,4,1335,667547,3
36,large_leak,4,1336,668047,0
36,large_leak,4,1337,668547,0
36,large_leak,4,1338,669047,0
36,large_leak,4,1339,669547,0
36,large_leak,4,1340,670047,0
36,large_leak,4,1341,670547,11
36,large_leak,4,1342,671047,17
36,large_leak,4,1343,671547,43
36,large_leak,4,1344,672047,79
36,large_leak,4,1345,672547,107
36,large_leak,4,1346,673047,151
36,large_leak,4,1347,673547,180
36,large_leak,4,1348,674047,203
36,large_leak,4,1349,674547,227
36,large_leak,4,1350,675047,265
36,large_leak,4,1351,675547,280
36,large_leak,4,1352,676047,281
36,large_leak,4,1353,676547,279
36,large_leak,4,1354,677047,269
36,large_leak,4,1355,677547,229
36,large_leak,4,1356,678047,184
36,large_leak,4,1357,678547,153
36,large_leak,4,1358,679047,115
36,large_leak,4,1359,679547,67
36,large_leak,4,1360,680047,41
36,large_leak,4,1361,680547,39
36,large_leak,4,1362,681047,17
36,large_leak,4,1363,681547,12
36,large_leak,4,1364,682047,10
36,large_leak,4,1365,682547,9
36,large_leak,4,1366,683047,22
36,large_leak,4,1367,683547,31
36,large_leak,4,1368,684047,11
36,large_leak,4,1369,684547,13
36,large_leak,4,1370,685047,1
36,large_leak,4,1371,685547,0
36,large_leak,4,1372,686047,0
36,large_leak,4,1373,686547,0
36,large_leak,4,1374,687047,0
36,large_leak,4,1375,687547,1
36,large_leak,4,1376,688047,5
36,large_leak,4,1377,688547,28
36,large_leak,4,1378,689047,59
36,large_leak,4,1379,689547,74
36,large_leak,4,1380,690047,93
36,large_leak,4,1381,690547,125
36,large_leak,4,1382,691047,146
36,large_leak,4,1383,691547,155
36,large_leak,4,1384,692047,153
36,large_leak,4,1385,692547,127
36,large_leak,4,1386,693047,105
36,large_leak,4,1387,693547,69
36,large_leak,4,1388,694047,25
36,large_leak,4,1389,694547,1
36,large_leak,4,1390,695047,0
36,large_leak,4,1391,695547,0
36,large_leak,4,1392,696047,0
36,large_leak,4,1393,696547,0
36,large_leak,4,1394,697047,0
36,large_leak,4,1395,697547,9
36,large_leak,4,1396,698047,59
36,large_leak,4,1397,698547,75
36,large_leak,4,1398,699047,77
36,large_leak,4,1399,699547,51
36,large_leak,4,1400,700047,100
36,large_leak,4,1401,700547,109
36,large_leak,4,1402,701047,117
36,large_leak,4,1403,701547,118
36,large_leak,4,1404,702047,140
36,large_leak,4,1405,702547,155
36,large_leak,4,1406,703047,177
36,large_leak,4,1407,703547,176
36,large_leak,4,1408,704047,167
36,large_leak,4,1409,704547,158
36,large_leak,4,1410,705047,147
36,large_leak,4,1411,705547,110
36,large_leak,4,1412,706047,83
36,large_leak,4,1413,706547,69
36,large_leak,4,1414,707047,59
36,large_leak,4,1415,707547,69
36,large_leak,4,1416,708047,70
36,large_leak,4,1417,708547,59
36,large_leak,4,1418,709047,85
36,large_leak,4,1419,709547,109
36,large_leak,4,1420,710047,111
36,large_leak,4,1421,710547,122
36,large_leak,4,1422,711047,138
36,large_leak,4,1423,711547,136
36,large_leak,4,1424,712047,134
36,large_leak,4,1425,712547,138
36,large_leak,4,1426,713047,127
36,large_leak,4,1427,713547,110
36,large_leak,4,1428,714047,91
36,large_leak,4,1429,714547,69
36,large_leak,4,1430,715047,52
36,large_leak,4,1431,715547,36
36,large_leak,4,1432,716047,30
36,large_leak,4,1433,716547,31
36,large_leak,4,1434,717047,41
36,large_leak,4,1435,717547,53
36,large_leak,4,1436,718047,63
36,large_leak,4,1437,718547,75
36,large_leak,4,1438,719047,57
36,large_leak,4,1439,719547,41
36,large_leak,4,1440,720047,37
36,large_leak,4,1441,720547,29
36,large_leak,4,1442,721047,21
36,large_leak,4,1443,721547,31
36,large_leak,4,1444,722047,46
36,large_leak,4,1445,722547,47
36,large_leak,4,1446,723047,17
36,large_leak,4,1447,723547,0
36,large_leak,4,1448,724047,0
36,large_leak,4,1449,724547,18
36,large_leak,4,1450,725047,43
36,large_leak,4,1451,725547,34
36,large_leak,4,1452,726047,10
36,large_leak,4,1453,726547,0
36,large_leak,4,1454,727047,0
36,large_leak,4,1455,727547,0
36,large_leak,4,1456,728047,0
36,large_leak,4,1457,728547,0
36,large_leak,4,1458,729047,0
36,large_leak,4,1459,729547,0
36,large_leak,4,1460,730047,0
36,large_leak,4,1461,730547,3
36,large_leak,4,1462,731047,3
36,large_leak,4,1463,731547,0
36,large_leak,4,1464,732047,0
36,large_leak,4,1465,732547,0
36,large_leak,4,1466,733047,0
36,large_leak,4,1467,733547,0
36,large_leak,4,1468,734047,0
36,large_leak,4,1469,734547,0
36,large_leak,4,1470,735047,27
36,large_leak,4,1471,735547,62
36,large_leak,4,1472,736047,83
36,large_leak,4,1473,736547,78
36,large_leak,4,1474,737047,79
36,large_leak,4,1475,737547,89
36,large_leak,4,1476,738047,107
36,large_leak,4,1477,738547,108
36,large_leak,4,1478,739047,86
36,large_leak,4,1479,739547,60
36,large_leak,4,1480,740047,55
36,large_leak,4,1481,740547,52
36,large_leak,4,1482,741047,38
36,large_leak,4,1483,741547,18
36,large_leak,4,1484,742047,0
36,large_leak,4,1485,742547,17
36,large_leak,4,1486,743047,8
36,large_leak,4,1487,743547,12
36,large_leak,4,1488,744047,41
36,large_leak,4,1489,744547,39
36,large_leak,4,1490,745047,69
36,large_leak,4,1491,745547,70
36,large_leak,4,1492,746047,55
36,large_leak,4,1493,746547,54
36,large_leak,4,1494,747047,57
36,large_leak,4,1495,747547,51
36,large_leak,4,1496,748047,23
36,large_leak,4,1497,748547,16
36,large_leak,4,1498,749047,9
36,large_leak,4,1499,749547,9
36,large_leak,4,1500,750047,40
36,large_leak,4,1501,750547,55
36,large_leak,4,1502,751047,55
36,large_leak,4,1503,751547,72
36,large_leak,4,1504,752047,106
36,large_leak,4,1505,752547,147
36,large_leak,4,1506,753047,169
36,large_leak,4,1507,753547,207
36,large_leak,4,1508,754047,231
36,large_leak,4,1509,754547,251
36,large_leak,4,1510,755047,264
36,large_leak,4,1511,755547,251
36,large_leak,4,1512,756047,221
36,large_leak,4,1513,756547,191
36,large_leak,4,1514,757047,155
36,large_leak,4,1515,757547,95
36,large_leak,4,1516,758047,57
36,large_leak,4,1517,758547,21
36,large_leak,4,1518,759047,2
36,large_leak,4,1519,759547,0
36,large_leak,4,1520,760047,0
36,large_leak,4,1521,760547,0
36,large_leak,4,1522,761047,0
36,large_leak,4,1523,761547,0
36,large_leak,4,1524,762047,0
36,large_leak,4,1525,762547,0
36,large_leak,4,1526,763047,0
36,large_leak,4,1527,763547,0
36,large_leak,4,1528,764047,0
36,large_leak,4,1529,764547,0
36,large_leak,4,1530,765047,0
36,large_leak,4,1531,765547,9
36,large_leak,4,1532,766047,3
36,large_leak,4,1533,766547,0
36,large_leak,4,1534,767047,17
36,large_leak,4,1535,767547,55
36,large_leak,4,1536,768047,89
36,large_leak,4,1537,768547,107
36,large_leak,4,1538,769047,137
36,large_leak,4,1539,769547,151
36,large_leak,4,1540,770047,181
36,large_leak,4,1541,770547,180
36,large_leak,4,1542,771047,149
36,large_leak,4,1543,771547,135
36,large_leak,4,1544,772047,119
36,large_leak,4,1545,772547,92
36,large_leak,4,1546,773047,45
36,large_leak,4,1547,773547,14
36,large_leak,4,1548,774047,1
36,large_leak,4,1549,774547,9
36,large_leak,4,1550,775047,10
36,large_leak,4,1551,775547,27
36,large_leak,4,1552,776047,45
36,large_leak,4,1553,776547,69
36,large_leak,4,1554,777047,94
36,large_leak,4,1555,777547,123
36,large_leak,4,1556,778047,141
36,large_leak,4,1557,778547,141
36,large_leak,4,1558,779047,125
36,large_leak,4,1559,779547,107
36,large_leak,4,1560,780047,99
36,large_leak,4,1561,780547,105
36,large_leak,4,1562,781047,105
36,large_leak,4,1563,781547,100
36,large_leak,4,1564,782048,89
36,large_leak,4,1565,782547,82
36,large_leak,4,1566,783047,87
36,large_leak,4,1567,783547,93
36,large_leak,4,1568,784047,104
36,large_leak,4,1569,784547,112
36,large_leak,4,1570,785047,133
36,large_leak,4,1571,785547,139
36,large_leak,4,1572,786047,139
36,large_leak,4,1573,786547,121
36,large_leak,4,1574,787047,112
36,large_leak,4,1575,787547,117
36,large_leak,4,1576,788047,115
36,large_leak,4,1577,788547,107
36,large_leak,4,1578,789047,89
36,large_leak,4,1579,789547,69
36,large_leak,4,1580,790047,59
36,large_leak,4,1581,790547,42
36,large_leak,4,1582,791047,35
36,large_leak,4,1583,791547,26
36,large_leak,4,1584,792047,5
36,large_leak,4,1585,792547,0
36,large_leak,4,1586,793047,0
36,large_leak,4,1587,793547,0
36,large_leak,4,1588,794047,0
36,large_leak,4,1589,794547,23
36,large_leak,4,1590,795047,57
36,large_leak,4,1591,795547,87
36,large_leak,4,1592,796047,101
36,large_leak,4,1593,796547,120
36,large_leak,4,1594,797047,143
36,large_leak,4,1595,797547,152
36,large_leak,4,1596,798047,141
36,large_leak,4,1597,798547,119
36,large_leak,4,1598,799047,111
36,large_leak,4,1599,799547,91
36,large_leak,4,1600,800047,79
36,large_leak,4,1601,800547,60
36,large_leak,4,1602,801047,37
36,large_leak,4,1603,801547,39
36,large_leak,4,1604,802047,47
36,large_leak,4,1605,802547,35
36,large_leak,4,1606,803047,19
36,large_leak,4,1607,803547,1
36,large_leak,4,1608,804047,0
36,large_leak,4,1609,804547,0
36,large_leak,4,1610,805047,0
36,large_leak,4,1611,805547,0
36,large_leak,4,1612,806047,0
36,large_leak,4,1613,806547,0
36,large_leak,4,1614,807047,0
36,large_leak,4,1615,807547,0
36,large_leak,4,1616,808047,0
36,large_leak,4,1617,808547,0
36,large_leak,4,1618,809047,11
36,large_leak,4,1619,809547,29
36,large_leak,4,1620,810047,53
36,large_leak,4,1621,810547,91
36,large_leak,4,1622,811047,143
36,large_leak,4,1623,811547,205
36,large_leak,4,1624,812047,249
36,large_leak,4,1625,812547,254
36,large_leak,4,1626,813047,247
36,large_leak,4,1627,813547,251
36,large_leak,4,1628,814047,243
36,large_leak,4,1629,814547,273
36,large_leak,4,1630,815047,243
36,large_leak,4,1631,815547,227
36,large_leak,4,1632,816047,226
36,large_leak,4,1633,816547,210
36,large_leak,4,1634,817047,205
36,large_leak,4,1635,817547,192
36,large_leak,4,1636,818047,175
36,large_leak,4,1637,818547,141
36,large_leak,4,1638,819047,103
36,large_leak,4,1639,819547,85
36,large_leak,4,1640,820047,63
36,large_leak,4,1641,820547,23
36,large_leak,4,1642,821047,0
36,large_leak,4,1643,821547,0
36,large_leak,4,1644,822047,0
36,large_leak,4,1645,822547,0
36,large_leak,4,1646,823047,0
36,large_leak,4,1647,823547,0
36,large_leak,4,1648,824047,0
36,large_leak,4,1649,824547,35
36,large_leak,4,1650,825047,62
36,large_leak,4,1651,825547,83
36,large_leak,4,1652,826047,101
36,large_leak,4,1653,826547,105
36,large_leak,4,1654,827047,94
36,large_leak,4,1655,827547,91
36,large_leak,4,1656,828047,90
36,large_leak,4,1657,828547,73
36,large_leak,4,1658,829047,43
36,large_leak,4,1659,829547,21
36,large_leak,4,1660,830047,0
36,large_leak,4,1661,830547,0
36,large_leak,4,1662,831047,0
36,large_leak,4,1663,831547,0
36,large_leak,4,1664,832047,0
36,large_leak,4,1665,832547,0
36,large_leak,4,1666,833047,0
36,large_leak,4,1667,833547,10
36,large_leak,4,1668,834047,23
36,large_leak,4,1669,834547,55
36,large_leak,4,1670,835047,63
36,large_leak,4,1671,835547,47
36,large_leak,4,1672,836047,29
36,large_leak,4,1673,836547,43
36,large_leak,4,1674,837047,55
36,large_leak,4,1675,837547,85
36,large_leak,4,1676,838047,93
36,large_leak,4,1677,838547,95
36,large_leak,4,1678,839047,89
36,large_leak,4,1679,839547,117
36,large_leak,4,1680,840047,116
36,large_leak,4,1681,840547,108
36,large_leak,4,1682,841047,105
36,large_leak,4,1683,841547,109
36,large_leak,4,1684,842047,109
36,large_leak,4,1685,842547,105
36,large_leak,4,1686,843047,100
36,large_leak,4,1687,843547,103
36,large_leak,4,1688,844047,126
36,large_leak,4,1689,844547,147
36,large_leak,4,1690,845047,157
36,large_leak,4,1691,845547,183
36,large_leak,4,1692,846047,205
36,large_leak,4,1693,846547,211
36,large_leak,4,1694,847047,213
36,large_leak,4,1695,847547,215
36,large_leak,4,1696,848047,227
36,large_leak,4,1697,848547,221
36,large_leak,4,1698,849047,211
36,large_leak,4,1699,849547,187
36,large_leak,4,1700,850047,169
36,large_leak,4,1701,850547,139
36,large_leak,4,1702,851047,105
36,large_leak,4,1703,851547,82
36,large_leak,4,1704,852047,86
36,large_leak,4,1705,852547,87
36,large_leak,4,1706,853047,73
36,large_leak,4,1707,853547,70
36,large_leak,4,1708,854047,73
36,large_leak,4,1709,854547,85
36,large_leak,4,1710,855047,79
36,large_leak,4,1711,855547,68
36,large_leak,4,1712,856047,61
36,large_leak,4,1713,856547,69
36,large_leak,4,1714,857047,69
36,large_leak,4,1715,857547,71
36,large_leak,4,1716,858047,51
36,large_leak,4,1717,858547,35
36,large_leak,4,1718,859047,12
36,large_leak,4,1719,859547,0
36,large_leak,4,1720,860047,0
36,large_leak,4,1721,860547,0
36,large_leak,4,1722,861047,0
36,large_leak,4,1723,861547,0
36,large_leak,4,1724,862047,0
36,large_leak,4,1725,862547,0
36,large_leak,4,1726,863047,0
36,large_leak,4,1727,863547,0
36,large_leak,4,1728,864047,0
36,large_leak,4,1729,864547,0
36,large_leak,4,1730,865047,0
36,large_leak,4,1731,865547,0
36,large_leak,4,1732,866047,0
36,large_leak,4,1733,866547,0
36,large_leak,4,1734,867047,0
36,large_leak,4,1735,867547,0
36,large_leak,4,1736,868047,0
36,large_leak,4,1737,868547,0
36,large_leak,4,1738,869047,0
36,large_leak,4,1739,869547,0
36,large_leak,4,1740,870047,0
36,large_leak,4,1741,870547,0
36,large_leak,4,1742,871047,0
36,large_leak,4,1743,871547,0
36,large_leak,4,1744,872047,0
36,large_leak,4,1745,872547,0
36,large_leak,4,1746,873047,9
36,large_leak,4,1747,873547,30
36,large_leak,4,1748,874047,47
36,large_leak,4,1749,874547,78
36,large_leak,4,1750,875047,119
36,large_leak,4,1751,875547,157
36,large_leak,4,1752,876047,186
36,large_leak,4,1753,876547,211
36,large_leak,4,1754,877047,217
36,large_leak,4,1755,877547,231
36,large_leak,4,1756,878047,249
36,large_leak,4,1757,878547,263
36,large_leak,4,1758,879047,269
36,large_leak,4,1759,879547,253
36,large_leak,4,1760,880047,250
36,large_leak,4,1761,880547,222
36,large_leak,4,1762,881047,181
36,large_leak,4,1763,881547,152
36,large_leak,4,1764,882047,109
36,large_leak,4,1765,882547,72
36,large_leak,4,1766,883047,43
36,large_leak,4,1767,883547,37
36,large_leak,4,1768,884047,29
36,large_leak,4,1769,884547,24
36,large_leak,4,1770,885047,20
36,large_leak,4,1771,885547,10
36,large_leak,4,1772,886047,0
36,large_leak,4,1773,886547,0
36,large_leak,4,1774,887047,0
36,large_leak,4,1775,887547,0
36,large_leak,4,1776,888047,7
36,large_leak,4,1777,888547,39
36,large_leak,4,1778,889047,31
36,large_leak,4,1779,889547,59
36,large_leak,4,1780,890047,91
36,large_leak,4,1781,890547,85
36,large_leak,4,1782,891047,91
36,large_leak,4,1783,891547,89
36,large_leak,4,1784,892047,69
36,large_leak,4,1785,892547,47
36,large_leak,4,1786,893047,51
36,large_leak,4,1787,893547,30
36,large_leak,4,1788,894047,20
36,large_leak,4,1789,894547,21
36,large_leak,4,1790,895047,23
36,large_leak,4,1791,895547,13
36,large_leak,4,1792,896047,25
36,large_leak,4,1793,896547,56
36,large_leak,4,1794,897047,99
36,large_leak,4,1795,897547,110
36,large_leak,4,1796,898047,121
36,large_leak,4,1797,898547,135
36,large_leak,4,1798,899047,157
36,large_leak,4,1799,899547,175
36,large_leak,4,1800,900047,179
36,large_leak,4,1801,900547,169
36,large_leak,4,1802,901047,145
36,large_leak,4,1803,901547,135
36,large_leak,4,1804,902047,138
36,large_leak,4,1805,902547,149
36,large_leak,4,1806,903047,135
36,large_leak,4,1807,903547,111
36,large_leak,4,1808,904047,107
36,large_leak,4,1809,904547,106
36,large_leak,4,1810,905047,116
36,large_leak,4,1811,905547,119
36,large_leak,4,1812,906047,111
36,large_leak,4,1813,906547,123
36,large_leak,4,1814,907047,121
36,large_leak,4,1815,907547,119
36,large_leak,4,1816,908047,155
36,large_leak,4,1817,908547,189
36,large_leak,4,1818,909047,179
36,large_leak,4,1819,909547,188
36,large_leak,4,1820,910047,215
36,large_leak,4,1821,910547,204
36,large_leak,4,1822,911047,219
36,large_leak,4,1823,911547,215
36,large_leak,4,1824,912047,167
36,large_leak,4,1825,912547,159
36,large_leak,4,1826,913047,151
36,large_leak,4,1827,913547,99
36,large_leak,4,1828,914047,69
36,large_leak,4,1829,914547,45
36,large_leak,4,1830,915047,39
36,large_leak,4,1831,915547,41
36,large_leak,4,1832,916047,47
36,large_leak,4,1833,916547,43
36,large_leak,4,1834,917047,47
36,large_leak,4,1835,917547,69
36,large_leak,4,1836,918047,84
36,large_leak,4,1837,918547,78
36,large_leak,4,1838,919047,74
36,large_leak,4,1839,919547,83
36,large_leak,4,1840,920047,111
36,large_leak,4,1841,920547,119
36,large_leak,4,1842,921047,107
36,large_leak,4,1843,921547,109
36,large_leak,4,1844,922047,101
36,large_leak,4,1845,922547,87
36,large_leak,4,1846,923047,60
36,large_leak,4,1847,923547,39
36,large_leak,4,1848,924047,31
36,large_leak,4,1849,924547,43
36,large_leak,4,1850,925047,67
36,large_leak,4,1851,925547,95
36,large_leak,4,1852,926047,123
36,large_leak,4,1853,926547,163
36,large_leak,4,1854,927047,175
36,large_leak,4,1855,927547,181
36,large_leak,4,1856,928047,191
36,large_leak,4,1857,928547,183
36,large_leak,4,1858,929047,173
36,large_leak,4,1859,929547,170
36,large_leak,4,1860,930047,165
36,large_leak,4,1861,930547,179
36,large_leak,4,1862,931047,170
36,large_leak,4,1863,931547,167
36,large_leak,4,1864,932047,167
36,large_leak,4,1865,932547,139
36,large_leak,4,1866,933047,147
36,large_leak,4,1867,933547,150
36,large_leak,4,1868,934047,111
36,large_leak,4,1869,934547,111
36,large_leak,4,1870,935047,108
36,large_leak,4,1871,935547,110
36,large_leak,4,1872,936047,121
36,large_leak,4,1873,936547,111
36,large_leak,4,1874,937047,123
36,large_leak,4,1875,937547,123
36,large_leak,4,1876,938047,116
36,large_leak,4,1877,938547,125
36,large_leak,4,1878,939047,145
36,large_leak,4,1879,939547,141
36,large_leak,4,1880,940047,125
36,large_leak,4,1881,940547,132
36,large_leak,4,1882,941047,147
36,large_leak,4,1883,941547,112
36,large_leak,4,1884,942047,90
36,large_leak,4,1885,942547,89
36,large_leak,4,1886,943047,99
36,large_leak,4,1887,943547,116
36,large_leak,4,1888,944047,116
36,large_leak,4,1889,944547,116
36,large_leak,4,1890,945047,137
36,large_leak,4,1891,945547,155
36,large_leak,4,1892,946047,140
36,large_leak,4,1893,946547,137
36,large_leak,4,1894,947047,143
36,large_leak,4,1895,947547,143
36,large_leak,4,1896,948047,135
36,large_leak,4,1897,948547,126
36,large_leak,4,1898,949047,123
36,large_leak,4,1899,949547,115
36,large_leak,4,1900,950047,116
36,large_leak,4,1901,950547,117
36,large_leak,4,1902,951047,120
36,large_leak,4,1903,951547,106
36,large_leak,4,1904,952047,87
36,large_leak,4,1905,952547,83
36,large_leak,4,1906,953047,77
36,large_leak,4,1907,953547,73
36,large_leak,4,1908,954047,51
36,large_leak,4,1909,954547,18
36,large_leak,4,1910,955047,0
36,large_leak,4,1911,955547,0
36,large_leak,4,1912,956047,11
36,large_leak,4,1913,956547,27
36,large_leak,4,1914,957047,35
36,large_leak,4,1915,957547,9
36,large_leak,4,1916,958047,0
36,large_leak,4,1917,958547,25
36,large_leak,4,1918,959047,31
36,large_leak,4,1919,959547,53
36,large_leak,4,1920,960047,69
36,large_leak,4,1921,960547,60
36,large_leak,4,1922,961047,87
36,large_leak,4,1923,961547,90
36,large_leak,4,1924,962047,63
36,large_leak,4,1925,962547,56
36,large_leak,4,1926,963047,55
36,large_leak,4,1927,963547,23
36,large_leak,4,1928,964047,3
36,large_leak,4,1929,964547,0
36,large_leak,4,1930,965047,0
36,large_leak,4,1931,965547,0
36,large_leak,4,1932,966047,0
36,large_leak,4,1933,966547,0
36,large_leak,4,1934,967047,0
36,large_leak,4,1935,967547,0
36,large_leak,4,1936,968047,0
36,large_leak,4,1937,968547,0
36,large_leak,4,1938,969047,0
36,large_leak,4,1939,969547,0
36,large_leak,4,1940,970047,7
36,large_leak,4,1941,970547,51
36,large_leak,4,1942,971047,60
36,large_leak,4,1943,971547,84
36,large_leak,4,1944,972047,81
36,large_leak,4,1945,972547,73
36,large_leak,4,1946,973047,89
36,large_leak,4,1947,973547,83
36,large_leak,4,1948,974047,76
36,large_leak,4,1949,974547,54
36,large_leak,4,1950,975047,26
36,large_leak,4,1951,975547,17
36,large_leak,4,1952,976047,3
36,large_leak,4,1953,976547,0
36,large_leak,4,1954,977047,0
36,large_leak,4,1955,977547,0
36,large_leak,4,1956,978047,0
36,large_leak,4,1957,978547,0
36,large_leak,4,1958,979047,33
36,large_leak,4,1959,979547,55
36,large_leak,4,1960,980047,89
36,large_leak,4,1961,980547,151
36,large_leak,4,1962,981047,187
36,large_leak,4,1963,981547,201
36,large_leak,4,1964,982047,207
36,large_leak,4,1965,982547,197
36,large_leak,4,1966,983047,180
36,large_leak,4,1967,983547,155
36,large_leak,4,1968,984047,148
36,large_leak,4,1969,984547,164
36,large_leak,4,1970,985047,149
36,large_leak,4,1971,985547,140
36,large_leak,4,1972,986047,127
36,large_leak,4,1973,986547,105
36,large_leak,4,1974,987047,116
36,large_leak,4,1975,987547,119
36,large_leak,4,1976,988047,103
36,large_leak,4,1977,988547,124
36,large_leak,4,1978,989047,147
36,large_leak,4,1979,989547,147
36,large_leak,4,1980,990047,155
36,large_leak,4,1981,990547,154
36,large_leak,4,1982,991047,157
36,large_leak,4,1983,991547,170
36,large_leak,4,1984,992047,165
36,large_leak,4,1985,992547,170
36,large_leak,4,1986,993047,187
36,large_leak,4,1987,993547,179
36,large_leak,4,1988,994047,181
36,large_leak,4,1989,994547,181
36,large_leak,4,1990,995047,171
36,large_leak,4,1991,995547,167
36,large_leak,4,1992,996047,168
36,large_leak,4,1993,996547,159
36,large_leak,4,1994,997047,150
36,large_leak,4,1995,997547,137
36,large_leak,4,1996,998047,107
36,large_leak,4,1997,998547,95
36,large_leak,4,1998,999047,83
36,large_leak,4,1999,999547,79
