run_id,leak_condition,window_id,sample_index,time_us,adc_raw
13,small_leak,0,0,89,371
13,small_leak,0,1,547,343
13,small_leak,0,2,1048,303
13,small_leak,0,3,1547,223
13,small_leak,0,4,2047,227
13,small_leak,0,5,2547,184
13,small_leak,0,6,3047,183
13,small_leak,0,7,3547,266
13,small_leak,0,8,4047,237
13,small_leak,0,9,4547,235
13,small_leak,0,10,5047,252
13,small_leak,0,11,5547,104
13,small_leak,0,12,6047,179
13,small_leak,0,13,6547,111
13,small_leak,0,14,7047,279
13,small_leak,0,15,7547,90
13,small_leak,0,16,8047,13
13,small_leak,0,17,8547,1
13,small_leak,0,18,9047,146
13,small_leak,0,19,9547,36
13,small_leak,0,20,10047,142
13,small_leak,0,21,10547,39
13,small_leak,0,22,11047,297
13,small_leak,0,23,11547,261
13,small_leak,0,24,12047,155
13,small_leak,0,25,12547,213
13,small_leak,0,26,13047,243
13,small_leak,0,27,13547,294
13,small_leak,0,28,14047,285
13,small_leak,0,29,14547,343
13,small_leak,0,30,15047,383
13,small_leak,0,31,15547,365
13,small_leak,0,32,16047,253
13,small_leak,0,33,16547,389
13,small_leak,0,34,17047,363
13,small_leak,0,35,17547,343
13,small_leak,0,36,18047,347
13,small_leak,0,37,18547,331
13,small_leak,0,38,19047,442
13,small_leak,0,39,19547,157
13,small_leak,0,40,20047,228
13,small_leak,0,41,20547,293
13,small_leak,0,42,21047,219
13,small_leak,0,43,21547,173
13,small_leak,0,44,22047,133
13,small_leak,0,45,22547,175
13,small_leak,0,46,23047,187
13,small_leak,0,47,23547,75
13,small_leak,0,48,24047,8
13,small_leak,0,49,24547,357
13,small_leak,0,50,25047,329
13,small_leak,0,51,25547,359
13,small_leak,0,52,26047,403
13,small_leak,0,53,26547,379
13,small_leak,0,54,27047,317
13,small_leak,0,55,27547,268
13,small_leak,0,56,28047,226
13,small_leak,0,57,28547,282
13,small_leak,0,58,29047,253
13,small_leak,0,59,29547,143
13,small_leak,0,60,30047,153
13,small_leak,0,61,30547,141
13,small_leak,0,62,31047,35
13,small_leak,0,63,31547,69
13,small_leak,0,64,32047,33
13,small_leak,0,65,32547,73
13,small_leak,0,66,33047,17
13,small_leak,0,67,33547,0
13,small_leak,0,68,34047,0
13,small_leak,0,69,34547,0
13,small_leak,0,70,35047,0
13,small_leak,0,71,35547,0
13,small_leak,0,72,36047,0
13,small_leak,0,73,36547,0
13,small_leak,0,74,37047,0
13,small_leak,0,75,37547,0
13,small_leak,0,76,38047,215
13,small_leak,0,77,38547,237
13,small_leak,0,78,39047,235
13,small_leak,0,79,39547,575
13,small_leak,0,80,40047,651
13,small_leak,0,81,40547,551
13,small_leak,0,82,41047,420
13,small_leak,0,83,41547,477
13,small_leak,0,84,42047,355
13,small_leak,0,85,42547,511
13,small_leak,0,86,43047,554
13,small_leak,0,87,43547,339
13,small_leak,0,88,44047,304
13,small_leak,0,89,44547,319
13,small_leak,0,90,45047,365
13,small_leak,0,91,45547,341
13,small_leak,0,92,46047,340
13,small_leak,0,93,46547,276
13,small_leak,0,94,47047,197
13,small_leak,0,95,47547,119
13,small_leak,0,96,48047,63
13,small_leak,0,97,48547,77
13,small_leak,0,98,49047,31
13,small_leak,0,99,49547,42
13,small_leak,0,100,50047,1
13,small_leak,0,101,50547,21
13,small_leak,0,102,51047,0
13,small_leak,0,103,51547,0
13,small_leak,0,104,52047,0
13,small_leak,0,105,52547,0
13,small_leak,0,106,53047,0
13,small_leak,0,107,53547,0
13,small_leak,0,108,54047,0
13,small_leak,0,109,54547,0
13,small_leak,0,110,55047,0
13,small_leak,0,111,55547,0
13,small_leak,0,112,56047,0
13,small_leak,0,113,56547,0
13,small_leak,0,114,57047,0
13,small_leak,0,115,57547,182
13,small_leak,0,116,58047,51
13,small_leak,0,117,58547,0
13,small_leak,0,118,59047,0
13,small_leak,0,119,59547,27
13,small_leak,0,120,60047,119
13,small_leak,0,121,60547,171
13,small_leak,0,122,61047,90
13,small_leak,0,123,61547,11
13,small_leak,0,124,62047,0
13,small_leak,0,125,62547,43
13,small_leak,0,126,63047,240
13,small_leak,0,127,63547,165
13,small_leak,0,128,64048,76
13,small_leak,0,129,64547,215
13,small_leak,0,130,65047,63
13,small_leak,0,131,65547,5
13,small_leak,0,132,66047,143
13,small_leak,0,133,66547,123
13,small_leak,0,134,67047,255
13,small_leak,0,135,67547,273
13,small_leak,0,136,68047,226
13,small_leak,0,137,68547,174
13,small_leak,0,138,69047,215
13,small_leak,0,139,69547,214
13,small_leak,0,140,70047,135
13,small_leak,0,141,70547,147
13,small_leak,0,142,71047,53
13,small_leak,0,143,71547,1
13,small_leak,0,144,72047,143
13,small_leak,0,145,72547,37
13,small_leak,0,146,73047,31
13,small_leak,0,147,73547,55
13,small_leak,0,148,74047,31
13,small_leak,0,149,74547,623
13,small_leak,0,150,75047,311
13,small_leak,0,151,75547,245
13,small_leak,0,152,76047,167
13,small_leak,0,153,76547,201
13,small_leak,0,154,77047,146
13,small_leak,0,155,77547,124
13,small_leak,0,156,78047,183
13,small_leak,0,157,78547,213
13,small_leak,0,158,79047,175
13,small_leak,0,159,79547,187
13,small_leak,0,160,80047,98
13,small_leak,0,161,80547,21
13,small_leak,0,162,81047,251
13,small_leak,0,163,81547,231
13,small_leak,0,164,82047,247
13,small_leak,0,165,82547,373
13,small_leak,0,166,83047,247
13,small_leak,0,167,83547,176
13,small_leak,0,168,84047,175
13,small_leak,0,169,84547,262
13,small_leak,0,170,85047,254
13,small_leak,0,171,85547,330
13,small_leak,0,172,86047,355
13,small_leak,0,173,86547,293
13,small_leak,0,174,87047,187
13,small_leak,0,175,87547,326
13,small_leak,0,176,88047,402
13,small_leak,0,177,88547,341
13,small_leak,0,178,89047,179
13,small_leak,0,179,89547,226
13,small_leak,0,180,90047,293
13,small_leak,0,181,90547,192
13,small_leak,0,182,91047,200
13,small_leak,0,183,91547,293
13,small_leak,0,184,92047,347
13,small_leak,0,185,92547,150
13,small_leak,0,186,93047,38
13,small_leak,0,187,93547,137
13,small_leak,0,188,94047,156
13,small_leak,0,189,94547,117
13,small_leak,0,190,95047,101
13,small_leak,0,191,95547,27
13,small_leak,0,192,96047,63
13,small_leak,0,193,96547,243
13,small_leak,0,194,97047,155
13,small_leak,0,195,97547,230
13,small_leak,0,196,98047,204
13,small_leak,0,197,98547,215
13,small_leak,0,198,99047,232
13,small_leak,0,199,99547,227
13,small_leak,0,200,100047,169
13,small_leak,0,201,100547,104
13,small_leak,0,202,101047,95
13,small_leak,0,203,101547,89
13,small_leak,0,204,102047,73
13,small_leak,0,205,102547,175
13,small_leak,0,206,103047,155
13,small_leak,0,207,103547,149
13,small_leak,0,208,104047,197
13,small_leak,0,209,104547,164
13,small_leak,0,210,105047,84
13,small_leak,0,211,105547,158
13,small_leak,0,212,106047,79
13,small_leak,0,213,106547,10
13,small_leak,0,214,107047,0
13,small_leak,0,215,107547,77
13,small_leak,0,216,108047,101
13,small_leak,0,217,108547,17
13,small_leak,0,218,109047,0
13,small_leak,0,219,109547,93
13,small_leak,0,220,110047,61
13,small_leak,0,221,110547,5
13,small_leak,0,222,111047,135
13,small_leak,0,223,111547,103
13,small_leak,0,224,112047,119
13,small_leak,0,225,112547,235
13,small_leak,0,226,113047,180
13,small_leak,0,227,113547,149
13,small_leak,0,228,114047,373
13,small_leak,0,229,114547,133
13,small_leak,0,230,115047,30
13,small_leak,0,231,115547,0
13,small_leak,0,232,116047,0
13,small_leak,0,233,116547,205
13,small_leak,0,234,117047,59
13,small_leak,0,235,117547,221
13,small_leak,0,236,118047,143
13,small_leak,0,237,118547,276
13,small_leak,0,238,119047,93
13,small_leak,0,239,119547,179
13,small_leak,0,240,120047,141
13,small_leak,0,241,120547,293
13,small_leak,0,242,121047,351
13,small_leak,0,243,121547,165
13,small_leak,0,244,122047,119
13,small_leak,0,245,122547,245
13,small_leak,0,246,123047,331
13,small_leak,0,247,123547,279
13,small_leak,0,248,124047,311
13,small_leak,0,249,124547,457
13,small_leak,0,250,125047,300
13,small_leak,0,251,125547,341
13,small_leak,0,252,126047,319
13,small_leak,0,253,126547,271
13,small_leak,0,254,127047,279
13,small_leak,0,255,127547,259
13,small_leak,0,256,128047,303
13,small_leak,0,257,128547,260
13,small_leak,0,258,129047,293
13,small_leak,0,259,129547,182
13,small_leak,0,260,130047,90
13,small_leak,0,261,130547,83
13,small_leak,0,262,131047,104
13,small_leak,0,263,131547,59
13,small_leak,0,264,132047,85
13,small_leak,0,265,132547,134
13,small_leak,0,266,133047,111
13,small_leak,0,267,133547,89
13,small_leak,0,268,134047,109
13,small_leak,0,269,134547,40
13,small_leak,0,270,135047,0
13,small_leak,0,271,135547,0
13,small_leak,0,272,136047,35
13,small_leak,0,273,136547,60
13,small_leak,0,274,137047,111
13,small_leak,0,275,137547,409
13,small_leak,0,276,138047,135
13,small_leak,0,277,138547,236
13,small_leak,0,278,139047,169
13,small_leak,0,279,139547,215
13,small_leak,0,280,140047,147
13,small_leak,0,281,140547,229
13,small_leak,0,282,141047,285
13,small_leak,0,283,141547,210
13,small_leak,0,284,142047,246
13,small_leak,0,285,142547,331
13,small_leak,0,286,143047,349
13,small_leak,0,287,143547,293
13,small_leak,0,288,144047,332
13,small_leak,0,289,144547,239
13,small_leak,0,290,145047,222
13,small_leak,0,291,145547,211
13,small_leak,0,292,146047,281
13,small_leak,0,293,146547,143
13,small_leak,0,294,147047,99
13,small_leak,0,295,147547,160
13,small_leak,0,296,148047,211
13,small_leak,0,297,148547,104
13,small_leak,0,298,149047,200
13,small_leak,0,299,149547,262
13,small_leak,0,300,150047,171
13,small_leak,0,301,150547,172
13,small_leak,0,302,151047,163
13,small_leak,0,303,151547,91
13,small_leak,0,304,152047,217
13,small_leak,0,305,152547,185
13,small_leak,0,306,153047,139
13,small_leak,0,307,153547,206
13,small_leak,0,308,154047,115
13,small_leak,0,309,154547,333
13,small_leak,0,310,155047,303
13,small_leak,0,311,155547,230
13,small_leak,0,312,156047,247
13,small_leak,0,313,156547,181
13,small_leak,0,314,157047,210
13,small_leak,0,315,157547,155
13,small_leak,0,316,158047,149
13,small_leak,0,317,158547,183
13,small_leak,0,318,159047,183
13,small_leak,0,319,159547,254
13,small_leak,0,320,160047,148
13,small_leak,0,321,160547,164
13,small_leak,0,322,161047,117
13,small_leak,0,323,161547,171
13,small_leak,0,324,162047,68
13,small_leak,0,325,162547,165
13,small_leak,0,326,163047,75
13,small_leak,0,327,163547,61
13,small_leak,0,328,164047,3
13,small_leak,0,329,164547,0
13,small_leak,0,330,165047,9
13,small_leak,0,331,165547,115
13,small_leak,0,332,166047,71
13,small_leak,0,333,166547,141
13,small_leak,0,334,167047,43
13,small_leak,0,335,167547,77
13,small_leak,0,336,168047,43
13,small_leak,0,337,168547,0
13,small_leak,0,338,169047,0
13,small_leak,0,339,169547,285
13,small_leak,0,340,170047,133
13,small_leak,0,341,170547,71
13,small_leak,0,342,171047,201
13,small_leak,0,343,171547,73
13,small_leak,0,344,172047,20
13,small_leak,0,345,172547,43
13,small_leak,0,346,173047,0
13,small_leak,0,347,173547,0
13,small_leak,0,348,174047,28
13,small_leak,0,349,174547,127
13,small_leak,0,350,175047,61
13,small_leak,0,351,175547,36
13,small_leak,0,352,176047,0
13,small_leak,0,353,176547,87
13,small_leak,0,354,177047,26
13,small_leak,0,355,177547,297
13,small_leak,0,356,178047,150
13,small_leak,0,357,178547,111
13,small_leak,0,358,179047,233
13,small_leak,0,359,179547,271
13,small_leak,0,360,180047,243
13,small_leak,0,361,180547,169
13,small_leak,0,362,181047,125
13,small_leak,0,363,181547,169
13,small_leak,0,364,182047,94
13,small_leak,0,365,182547,316
13,small_leak,0,366,183047,261
13,small_leak,0,367,183547,190
13,small_leak,0,368,184047,284
13,small_leak,0,369,184547,181
13,small_leak,0,370,185047,316
13,small_leak,0,371,185547,173
13,small_leak,0,372,186047,159
13,small_leak,0,373,186547,165
13,small_leak,0,374,187047,183
13,small_leak,0,375,187547,227
13,small_leak,0,376,188047,158
13,small_leak,0,377,188547,173
13,small_leak,0,378,189047,221
13,small_leak,0,379,189547,197
13,small_leak,0,380,190047,147
13,small_leak,0,381,190547,137
13,small_leak,0,382,191047,237
13,small_leak,0,383,191547,167
13,small_leak,0,384,192047,245
13,small_leak,0,385,192547,303
13,small_leak,0,386,193047,221
13,small_leak,0,387,193547,294
13,small_leak,0,388,194047,267
13,small_leak,0,389,194547,203
13,small_leak,0,390,195047,125
13,small_leak,0,391,195547,139
13,small_leak,0,392,196047,189
13,small_leak,0,393,196547,153
13,small_leak,0,394,197047,155
13,small_leak,0,395,197547,155
13,small_leak,0,396,198047,106
13,small_leak,0,397,198547,73
13,small_leak,0,398,199047,169
13,small_leak,0,399,199547,140
13,small_leak,0,400,200047,87
13,small_leak,0,401,200547,61
13,small_leak,0,402,201047,267
13,small_leak,0,403,201547,215
13,small_leak,0,404,202047,343
13,small_leak,0,405,202547,123
13,small_leak,0,406,203047,121
13,small_leak,0,407,203547,78
13,small_leak,0,408,204047,77
13,small_leak,0,409,204547,127
13,small_leak,0,410,205047,213
13,small_leak,0,411,205547,117
13,small_leak,0,412,206047,95
13,small_leak,0,413,206547,261
13,small_leak,0,414,207047,105
13,small_leak,0,415,207547,171
13,small_leak,0,416,208047,173
13,small_leak,0,417,208547,291
13,small_leak,0,418,209047,229
13,small_leak,0,419,209547,127
13,small_leak,0,420,210047,271
13,small_leak,0,421,210547,91
13,small_leak,0,422,211047,97
13,small_leak,0,423,211547,185
13,small_leak,0,424,212047,154
13,small_leak,0,425,212547,117
13,small_leak,0,426,213047,199
13,small_leak,0,427,213547,219
13,small_leak,0,428,214047,101
13,small_leak,0,429,214547,237
13,small_leak,0,430,215047,405
13,small_leak,0,431,215547,280
13,small_leak,0,432,216047,283
13,small_leak,0,433,216547,427
13,small_leak,0,434,217047,276
13,small_leak,0,435,217547,363
13,small_leak,0,436,218047,339
13,small_leak,0,437,218547,170
13,small_leak,0,438,219047,356
13,small_leak,0,439,219547,253
13,small_leak,0,440,220047,237
13,small_leak,0,441,220547,357
13,small_leak,0,442,221047,270
13,small_leak,0,443,221547,204
13,small_leak,0,444,222047,167
13,small_leak,0,445,222547,165
13,small_leak,0,446,223047,45
13,small_leak,0,447,223547,53
13,small_leak,0,448,224047,18
13,small_leak,0,449,224547,0
13,small_leak,0,450,225047,0
13,small_leak,0,451,225547,10
13,small_leak,0,452,226047,123
13,small_leak,0,453,226547,111
13,small_leak,0,454,227047,56
13,small_leak,0,455,227547,61
13,small_leak,0,456,228047,27
13,small_leak,0,457,228547,75
13,small_leak,0,458,229047,62
13,small_leak,0,459,229547,103
13,small_leak,0,460,230047,103
13,small_leak,0,461,230547,39
13,small_leak,0,462,231047,47
13,small_leak,0,463,231547,41
13,small_leak,0,464,232047,0
13,small_leak,0,465,232547,38
13,small_leak,0,466,233047,41
13,small_leak,0,467,233547,69
13,small_leak,0,468,234047,121
13,small_leak,0,469,234547,47
13,small_leak,0,470,235047,21
13,small_leak,0,471,235547,173
13,small_leak,0,472,236047,45
13,small_leak,0,473,236547,133
13,small_leak,0,474,237047,107
13,small_leak,0,475,237547,22
13,small_leak,0,476,238047,0
13,small_leak,0,477,238547,0
13,small_leak,0,478,239047,0
13,small_leak,0,479,239547,57
13,small_leak,0,480,240047,115
13,small_leak,0,481,240547,116
13,small_leak,0,482,241047,103
13,small_leak,0,483,241547,123
13,small_leak,0,484,242047,91
13,small_leak,0,485,242547,95
13,small_leak,0,486,243047,75
13,small_leak,0,487,243547,134
13,small_leak,0,488,244047,89
13,small_leak,0,489,244547,51
13,small_leak,0,490,245047,109
13,small_leak,0,491,245547,178
13,small_leak,0,492,246047,303
13,small_leak,0,493,246547,399
13,small_leak,0,494,247047,191
13,small_leak,0,495,247547,351
13,small_leak,0,496,248047,233
13,small_leak,0,497,248547,191
13,small_leak,0,498,249047,104
13,small_leak,0,499,249547,21
13,small_leak,0,500,250047,75
13,small_leak,0,501,250547,175
13,small_leak,0,502,251047,286
13,small_leak,0,503,251547,287
13,small_leak,0,504,252047,377
13,small_leak,0,505,252547,414
13,small_leak,0,506,253047,307
13,small_leak,0,507,253547,229
13,small_leak,0,508,254047,253
13,small_leak,0,509,254547,151
13,small_leak,0,510,255047,149
13,small_leak,0,511,255547,122
13,small_leak,0,512,256047,420
13,small_leak,0,513,256547,309
13,small_leak,0,514,257047,371
13,small_leak,0,515,257547,328
13,small_leak,0,516,258047,233
13,small_leak,0,517,258547,328
13,small_leak,0,518,259047,135
13,small_leak,0,519,259547,123
13,small_leak,0,520,260047,27
13,small_leak,0,521,260547,125
13,small_leak,0,522,261047,33
13,small_leak,0,523,261547,149
13,small_leak,0,524,262047,55
13,small_leak,0,525,262547,235
13,small_leak,0,526,263047,261
13,small_leak,0,527,263547,359
13,small_leak,0,528,264047,283
13,small_leak,0,529,264547,474
13,small_leak,0,530,265047,398
13,small_leak,0,531,265547,264
13,small_leak,0,532,266047,117
13,small_leak,0,533,266547,285
13,small_leak,0,534,267047,168
13,small_leak,0,535,267547,249
13,small_leak,0,536,268047,181
13,small_leak,0,537,268547,233
13,small_leak,0,538,269047,274
13,small_leak,0,539,269547,87
13,small_leak,0,540,270047,12
13,small_leak,0,541,270547,53
13,small_leak,0,542,271047,199
13,small_leak,0,543,271547,358
13,small_leak,0,544,272047,285
13,small_leak,0,545,272547,301
13,small_leak,0,546,273047,287
13,small_leak,0,547,273547,283
13,small_leak,0,548,274047,239
13,small_leak,0,549,274547,170
13,small_leak,0,550,275047,47
13,small_leak,0,551,275547,0
13,small_leak,0,552,276047,0
13,small_leak,0,553,276547,0
13,small_leak,0,554,277047,0
13,small_leak,0,555,277547,135
13,small_leak,0,556,278047,254
13,small_leak,0,557,278547,107
13,small_leak,0,558,279047,207
13,small_leak,0,559,279547,233
13,small_leak,0,560,280047,155
13,small_leak,0,561,280547,292
13,small_leak,0,562,281047,124
13,small_leak,0,563,281547,157
13,small_leak,0,564,282047,225
13,small_leak,0,565,282547,191
13,small_leak,0,566,283047,201
13,small_leak,0,567,283547,107
13,small_leak,0,568,284047,213
13,small_leak,0,569,284547,253
13,small_leak,0,570,285047,227
13,small_leak,0,571,285547,233
13,small_leak,0,572,286047,201
13,small_leak,0,573,286547,199
13,small_leak,0,574,287047,224
13,small_leak,0,575,287547,167
13,small_leak,0,576,288047,361
13,small_leak,0,577,288547,245
13,small_leak,0,578,289047,203
13,small_leak,0,579,289547,77
13,small_leak,0,580,290047,109
13,small_leak,0,581,290547,75
13,small_leak,0,582,291047,229
13,small_leak,0,583,291547,138
13,small_leak,0,584,292047,273
13,small_leak,0,585,292547,151
13,small_leak,0,586,293047,51
13,small_leak,0,587,293547,105
13,small_leak,0,588,294047,147
13,small_leak,0,589,294547,139
13,small_leak,0,590,295047,88
13,small_leak,0,591,295547,148
13,small_leak,0,592,296047,117
13,small_leak,0,593,296547,190
13,small_leak,0,594,297047,105
13,small_leak,0,595,297547,167
13,small_leak,0,596,298047,106
13,small_leak,0,597,298547,105
13,small_leak,0,598,299047,207
13,small_leak,0,599,299547,106
13,small_leak,0,600,300047,55
13,small_leak,0,601,300547,89
13,small_leak,0,602,301047,105
13,small_leak,0,603,301547,60
13,small_leak,0,604,302047,4
13,small_leak,0,605,302547,88
13,small_leak,0,606,303047,104
13,small_leak,0,607,303547,21
13,small_leak,0,608,304047,4
13,small_leak,0,609,304547,74
13,small_leak,0,610,305047,104
13,small_leak,0,611,305547,188
13,small_leak,0,612,306047,247
13,small_leak,0,613,306547,167
13,small_leak,0,614,307047,255
13,small_leak,0,615,307547,197
13,small_leak,0,616,308047,217
13,small_leak,0,617,308547,190
13,small_leak,0,618,309047,203
13,small_leak,0,619,309547,134
13,small_leak,0,620,310047,139
13,small_leak,0,621,310547,61
13,small_leak,0,622,311047,3
13,small_leak,0,623,311547,0
13,small_leak,0,624,312047,38
13,small_leak,0,625,312547,275
13,small_leak,0,626,313047,317
13,small_leak,0,627,313547,374
13,small_leak,0,628,314047,227
13,small_leak,0,629,314547,118
13,small_leak,0,630,315047,163
13,small_leak,0,631,315547,171
13,small_leak,0,632,316047,47
13,small_leak,0,633,316547,361
13,small_leak,0,634,317047,143
13,small_leak,0,635,317547,255
13,small_leak,0,636,318047,182
13,small_leak,0,637,318547,151
13,small_leak,0,638,319047,85
13,small_leak,0,639,319547,84
13,small_leak,0,640,320047,33
13,small_leak,0,641,320547,56
13,small_leak,0,642,321047,25
13,small_leak,0,643,321547,19
13,small_leak,0,644,322047,0
13,small_leak,0,645,322547,23
13,small_leak,0,646,323047,3
13,small_leak,0,647,323547,21
13,small_leak,0,648,324047,60
13,small_leak,0,649,324547,103
13,small_leak,0,650,325047,71
13,small_leak,0,651,325547,116
13,small_leak,0,652,326047,187
13,small_leak,0,653,326547,295
13,small_leak,0,654,327047,157
13,small_leak,0,655,327547,191
13,small_leak,0,656,328047,159
13,small_leak,0,657,328547,221
13,small_leak,0,658,329047,288
13,small_leak,0,659,329547,487
13,small_leak,0,660,330047,159
13,small_leak,0,661,330547,137
13,small_leak,0,662,331047,311
13,small_leak,0,663,331547,255
13,small_leak,0,664,332047,147
13,small_leak,0,665,332547,125
13,small_leak,0,666,333047,103
13,small_leak,0,667,333547,217
13,small_leak,0,668,334047,304
13,small_leak,0,669,334547,247
13,small_leak,0,670,335047,231
13,small_leak,0,671,335547,215
13,small_leak,0,672,336047,201
13,small_leak,0,673,336547,215
13,small_leak,0,674,337047,163
13,small_leak,0,675,337547,219
13,small_leak,0,676,338047,167
13,small_leak,0,677,338547,155
13,small_leak,0,678,339047,181
13,small_leak,0,679,339547,163
13,small_leak,0,680,340047,108
13,small_leak,0,681,340547,89
13,small_leak,0,682,341047,89
13,small_leak,0,683,341547,60
13,small_leak,0,684,342047,68
13,small_leak,0,685,342547,68
13,small_leak,0,686,343047,111
13,small_leak,0,687,343547,143
13,small_leak,0,688,344047,111
13,small_leak,0,689,344547,205
13,small_leak,0,690,345047,175
13,small_leak,0,691,345547,279
13,small_leak,0,692,346047,205
13,small_leak,0,693,346547,189
13,small_leak,0,694,347047,123
13,small_leak,0,695,347547,152
13,small_leak,0,696,348047,247
13,small_leak,0,697,348547,278
13,small_leak,0,698,349047,263
13,small_leak,0,699,349547,199
13,small_leak,0,700,350047,148
13,small_leak,0,701,350547,83
13,small_leak,0,702,351047,152
13,small_leak,0,703,351547,116
13,small_leak,0,704,352047,99
13,small_leak,0,705,352547,109
13,small_leak,0,706,353047,104
13,small_leak,0,707,353547,31
13,small_leak,0,708,354047,248
13,small_leak,0,709,354547,133
13,small_leak,0,710,355047,164
13,small_leak,0,711,355547,117
13,small_leak,0,712,356047,136
13,small_leak,0,713,356547,73
13,small_leak,0,714,357047,135
13,small_leak,0,715,357547,122
13,small_leak,0,716,358047,137
13,small_leak,0,717,358547,245
13,small_leak,0,718,359047,279
13,small_leak,0,719,359547,265
13,small_leak,0,720,360047,420
13,small_leak,0,721,360547,229
13,small_leak,0,722,361047,213
13,small_leak,0,723,361547,180
13,small_leak,0,724,362047,103
13,small_leak,0,725,362547,356
13,small_leak,0,726,363047,114
13,small_leak,0,727,363547,215
13,small_leak,0,728,364047,93
13,small_leak,0,729,364547,253
13,small_leak,0,730,365047,197
13,small_leak,0,731,365547,226
13,small_leak,0,732,366047,279
13,small_leak,0,733,366547,233
13,small_leak,0,734,367047,215
13,small_leak,0,735,367547,187
13,small_leak,0,736,368047,185
13,small_leak,0,737,368547,181
13,small_leak,0,738,369047,134
13,small_leak,0,739,369547,83
13,small_leak,0,740,370047,28
13,small_leak,0,741,370547,51
13,small_leak,0,742,371047,0
13,small_leak,0,743,371547,0
13,small_leak,0,744,372047,0
13,small_leak,0,745,372547,0
13,small_leak,0,746,373047,0
13,small_leak,0,747,373547,38
13,small_leak,0,748,374047,74
13,small_leak,0,749,374547,38
13,small_leak,0,750,375047,148
13,small_leak,0,751,375547,221
13,small_leak,0,752,376047,171
13,small_leak,0,753,376547,233
13,small_leak,0,754,377047,141
13,small_leak,0,755,377547,291
13,small_leak,0,756,378047,175
13,small_leak,0,757,378547,189
13,small_leak,0,758,379047,124
13,small_leak,0,759,379547,213
13,small_leak,0,760,380047,211
13,small_leak,0,761,380547,112
13,small_leak,0,762,381047,205
13,small_leak,0,763,381547,150
13,small_leak,0,764,382047,167
13,small_leak,0,765,382547,237
13,small_leak,0,766,383047,197
13,small_leak,0,767,383547,59
13,small_leak,0,768,384047,93
13,small_leak,0,769,384547,17
13,small_leak,0,770,385047,0
13,small_leak,0,771,385547,197
13,small_leak,0,772,386047,139
13,small_leak,0,773,386547,74
13,small_leak,0,774,387047,22
13,small_leak,0,775,387547,0
13,small_leak,0,776,388047,0
13,small_leak,0,777,388547,0
13,small_leak,0,778,389047,0
13,small_leak,0,779,389547,0
13,small_leak,0,780,390047,0
13,small_leak,0,781,390547,0
13,small_leak,0,782,391047,0
13,small_leak,0,783,391547,0
13,small_leak,0,784,392047,0
13,small_leak,0,785,392547,147
13,small_leak,0,786,393047,57
13,small_leak,0,787,393547,3
13,small_leak,0,788,394047,0
13,small_leak,0,789,394547,0
13,small_leak,0,790,395047,489
13,small_leak,0,791,395547,299
13,small_leak,0,792,396047,199
13,small_leak,0,793,396547,57
13,small_leak,0,794,397047,203
13,small_leak,0,795,397547,134
13,small_leak,0,796,398047,187
13,small_leak,0,797,398547,203
13,small_leak,0,798,399047,87
13,small_leak,0,799,399547,267
13,small_leak,0,800,400047,311
13,small_leak,0,801,400547,250
13,small_leak,0,802,401047,223
13,small_leak,0,803,401547,167
13,small_leak,0,804,402047,235
13,small_leak,0,805,402547,90
13,small_leak,0,806,403047,197
13,small_leak,0,807,403547,89
13,small_leak,0,808,404047,99
13,small_leak,0,809,404547,19
13,small_leak,0,810,405047,35
13,small_leak,0,811,405547,11
13,small_leak,0,812,406047,0
13,small_leak,0,813,406547,304
13,small_leak,0,814,407047,157
13,small_leak,0,815,407547,181
13,small_leak,0,816,408047,207
13,small_leak,0,817,408547,60
13,small_leak,0,818,409047,75
13,small_leak,0,819,409547,115
13,small_leak,0,820,410047,51
13,small_leak,0,821,410547,93
13,small_leak,0,822,411047,142
13,small_leak,0,823,411547,119
13,small_leak,0,824,412047,101
13,small_leak,0,825,412547,92
13,small_leak,0,826,413047,171
13,small_leak,0,827,413547,101
13,small_leak,0,828,414047,54
13,small_leak,0,829,414547,121
13,small_leak,0,830,415047,75
13,small_leak,0,831,415547,216
13,small_leak,0,832,416047,212
13,small_leak,0,833,416547,307
13,small_leak,0,834,417047,103
13,small_leak,0,835,417547,293
13,small_leak,0,836,418047,135
13,small_leak,0,837,418547,221
13,small_leak,0,838,419047,174
13,small_leak,0,839,419547,311
13,small_leak,0,840,420047,426
13,small_leak,0,841,420547,311
13,small_leak,0,842,421047,269
13,small_leak,0,843,421547,244
13,small_leak,0,844,422047,379
13,small_leak,0,845,422547,398
13,small_leak,0,846,423047,325
13,small_leak,0,847,423547,313
13,small_leak,0,848,424047,267
13,small_leak,0,849,424547,227
13,small_leak,0,850,425047,184
13,small_leak,0,851,425547,86
13,small_leak,0,852,426047,181
13,small_leak,0,853,426547,264
13,small_leak,0,854,427047,205
13,small_leak,0,855,427547,124
13,small_leak,0,856,428047,293
13,small_leak,0,857,428547,269
13,small_leak,0,858,429047,185
13,small_leak,0,859,429547,221
13,small_leak,0,860,430047,231
13,small_leak,0,861,430547,133
13,small_leak,0,862,431047,136
13,small_leak,0,863,431547,171
13,small_leak,0,864,432047,221
13,small_leak,0,865,432547,216
13,small_leak,0,866,433047,151
13,small_leak,0,867,433547,172
13,small_leak,0,868,434047,169
13,small_leak,0,869,434547,170
13,small_leak,0,870,435047,189
13,small_leak,0,871,435547,182
13,small_leak,0,872,436047,158
13,small_leak,0,873,436547,43
13,small_leak,0,874,437047,59
13,small_leak,0,875,437547,265
13,small_leak,0,876,438047,147
13,small_leak,0,877,438547,213
13,small_leak,0,878,439047,221
13,small_leak,0,879,439547,227
13,small_leak,0,880,440047,204
13,small_leak,0,881,440547,121
13,small_leak,0,882,441047,179
13,small_leak,0,883,441547,223
13,small_leak,0,884,442047,71
13,small_leak,0,885,442547,7
13,small_leak,0,886,443047,0
13,small_leak,0,887,443547,9
13,small_leak,0,888,444047,51
13,small_leak,0,889,444547,85
13,small_leak,0,890,445047,157
13,small_leak,0,891,445547,45
13,small_leak,0,892,446047,143
13,small_leak,0,893,446547,206
13,small_leak,0,894,447047,60
13,small_leak,0,895,447547,55
13,small_leak,0,896,448047,2
13,small_leak,0,897,448547,0
13,small_leak,0,898,449047,107
13,small_leak,0,899,449547,163
13,small_leak,0,900,450047,43
13,small_leak,0,901,450547,126
13,small_leak,0,902,451047,232
13,small_leak,0,903,451547,381
13,small_leak,0,904,452047,408
13,small_leak,0,905,452547,329
13,small_leak,0,906,453047,317
13,small_leak,0,907,453547,255
13,small_leak,0,908,454047,297
13,small_leak,0,909,454547,268
13,small_leak,0,910,455047,207
13,small_leak,0,911,455547,126
13,small_leak,0,912,456047,45
13,small_leak,0,913,456547,76
13,small_leak,0,914,457047,9
13,small_leak,0,915,457547,111
13,small_leak,0,916,458047,204
13,small_leak,0,917,458547,61
13,small_leak,0,918,459047,10
13,small_leak,0,919,459547,0
13,small_leak,0,920,460047,0
13,small_leak,0,921,460547,39
13,small_leak,0,922,461047,0
13,small_leak,0,923,461547,139
13,small_leak,0,924,462047,165
13,small_leak,0,925,462547,152
13,small_leak,0,926,463047,38
13,small_leak,0,927,463547,0
13,small_leak,0,928,464047,8
13,small_leak,0,929,464547,140
13,small_leak,0,930,465047,291
13,small_leak,0,931,465547,534
13,small_leak,0,932,466047,283
13,small_leak,0,933,466547,263
13,small_leak,0,934,467047,109
13,small_leak,0,935,467547,69
13,small_leak,0,936,468047,312
13,small_leak,0,937,468547,255
13,small_leak,0,938,469047,325
13,small_leak,0,939,469547,303
13,small_leak,0,940,470047,205
13,small_leak,0,941,470547,299
13,small_leak,0,942,471047,219
13,small_leak,0,943,471547,375
13,small_leak,0,944,472047,384
13,small_leak,0,945,472547,250
13,small_leak,0,946,473047,139
13,small_leak,0,947,473547,167
13,small_leak,0,948,474047,301
13,small_leak,0,949,474547,166
13,small_leak,0,950,475047,44
13,small_leak,0,951,475547,3
13,small_leak,0,952,476047,164
13,small_leak,0,953,476547,45
13,small_leak,0,954,477047,9
13,small_leak,0,955,477547,0
13,small_leak,0,956,478047,40
13,small_leak,0,957,478547,373
13,small_leak,0,958,479047,288
13,small_leak,0,959,479547,567
13,small_leak,0,960,480047,375
13,small_leak,0,961,480547,483
13,small_leak,0,962,481047,325
13,small_leak,0,963,481547,203
13,small_leak,0,964,482047,277
13,small_leak,0,965,482547,188
13,small_leak,0,966,483047,185
13,small_leak,0,967,483547,199
13,small_leak,0,968,484047,180
13,small_leak,0,969,484547,89
13,small_leak,0,970,485047,91
13,small_leak,0,971,485547,18
13,small_leak,0,972,486047,2
13,small_leak,0,973,486547,31
13,small_leak,0,974,487047,93
13,small_leak,0,975,487547,69
13,small_leak,0,976,488047,136
13,small_leak,0,977,488547,85
13,small_leak,0,978,489047,11
13,small_leak,0,979,489547,0
13,small_leak,0,980,490047,0
13,small_leak,0,981,490547,0
13,small_leak,0,982,491047,123
13,small_leak,0,983,491547,28
13,small_leak,0,984,492047,160
13,small_leak,0,985,492547,87
13,small_leak,0,986,493047,268
13,small_leak,0,987,493547,329
13,small_leak,0,988,494047,275
13,small_leak,0,989,494547,249
13,small_leak,0,990,495047,146
13,small_leak,0,991,495547,135
13,small_leak,0,992,496047,189
13,small_leak,0,993,496547,106
13,small_leak,0,994,497047,279
13,small_leak,0,995,497547,323
13,small_leak,0,996,498047,115
13,small_leak,0,997,498547,170
13,small_leak,0,998,499047,211
13,small_leak,0,999,499547,181
13,small_leak,0,1000,500047,262
13,small_leak,0,1001,500547,316
13,small_leak,0,1002,501047,207
13,small_leak,0,1003,501547,252
13,small_leak,0,1004,502047,254
13,small_leak,0,1005,502547,182
13,small_leak,0,1006,503047,105
13,small_leak,0,1007,503547,168
13,small_leak,0,1008,504047,141
13,small_leak,0,1009,504547,111
13,small_leak,0,1010,505047,82
13,small_leak,0,1011,505547,139
13,small_leak,0,1012,506047,48
13,small_leak,0,1013,506547,38
13,small_leak,0,1014,507047,88
13,small_leak,0,1015,507547,12
13,small_leak,0,1016,508047,93
13,small_leak,0,1017,508547,119
13,small_leak,0,1018,509047,26
13,small_leak,0,1019,509547,168
13,small_leak,0,1020,510047,103
13,small_leak,0,1021,510547,53
13,small_leak,0,1022,511047,20
13,small_leak,0,1023,511547,87
13,small_leak,0,1024,512047,139
13,small_leak,0,1025,512547,90
13,small_leak,0,1026,513047,104
13,small_leak,0,1027,513547,147
13,small_leak,0,1028,514047,142
13,small_leak,0,1029,514547,207
13,small_leak,0,1030,515047,222
13,small_leak,0,1031,515547,235
13,small_leak,0,1032,516047,205
13,small_leak,0,1033,516547,262
13,small_leak,0,1034,517047,213
13,small_leak,0,1035,517547,211
13,small_leak,0,1036,518047,216
13,small_leak,0,1037,518547,242
13,small_leak,0,1038,519047,301
13,small_leak,0,1039,519547,282
13,small_leak,0,1040,520047,279
13,small_leak,0,1041,520547,275
13,small_leak,0,1042,521047,265
13,small_leak,0,1043,521547,267
13,small_leak,0,1044,522047,187
13,small_leak,0,1045,522547,86
13,small_leak,0,1046,523047,175
13,small_leak,0,1047,523547,240
13,small_leak,0,1048,524047,229
13,small_leak,0,1049,524547,185
13,small_leak,0,1050,525047,301
13,small_leak,0,1051,525547,223
13,small_leak,0,1052,526047,174
13,small_leak,0,1053,526547,173
13,small_leak,0,1054,527047,112
13,small_leak,0,1055,527547,28
13,small_leak,0,1056,528047,91
13,small_leak,0,1057,528547,27
13,small_leak,0,1058,529047,0
13,small_leak,0,1059,529547,47
13,small_leak,0,1060,530047,182
13,small_leak,0,1061,530547,53
13,small_leak,0,1062,531047,279
13,small_leak,0,1063,531547,333
13,small_leak,0,1064,532047,171
13,small_leak,0,1065,532547,301
13,small_leak,0,1066,533047,301
13,small_leak,0,1067,533547,261
13,small_leak,0,1068,534048,347
13,small_leak,0,1069,534547,278
13,small_leak,0,1070,535047,143
13,small_leak,0,1071,535547,71
13,small_leak,0,1072,536047,319
13,small_leak,0,1073,536547,160
13,small_leak,0,1074,537047,125
13,small_leak,0,1075,537547,29
13,small_leak,0,1076,538047,87
13,small_leak,0,1077,538547,85
13,small_leak,0,1078,539047,20
13,small_leak,0,1079,539547,61
13,small_leak,0,1080,540047,76
13,small_leak,0,1081,540547,10
13,small_leak,0,1082,541047,149
13,small_leak,0,1083,541547,138
13,small_leak,0,1084,542047,71
13,small_leak,0,1085,542547,45
13,small_leak,0,1086,543047,110
13,small_leak,0,1087,543547,24
13,small_leak,0,1088,544047,0
13,small_leak,0,1089,544547,33
13,small_leak,0,1090,545047,0
13,small_leak,0,1091,545547,38
13,small_leak,0,1092,546047,154
13,small_leak,0,1093,546547,220
13,small_leak,0,1094,547047,239
13,small_leak,0,1095,547547,237
13,small_leak,0,1096,548047,167
13,small_leak,0,1097,548547,287
13,small_leak,0,1098,549047,269
13,small_leak,0,1099,549547,377
13,small_leak,0,1100,550047,303
13,small_leak,0,1101,550547,251
13,small_leak,0,1102,551047,203
13,small_leak,0,1103,551547,188
13,small_leak,0,1104,552047,284
13,small_leak,0,1105,552547,295
13,small_leak,0,1106,553047,206
13,small_leak,0,1107,553547,180
13,small_leak,0,1108,554047,237
13,small_leak,0,1109,554547,150
13,small_leak,0,1110,555047,93
13,small_leak,0,1111,555547,40
13,small_leak,0,1112,556047,147
13,small_leak,0,1113,556547,189
13,small_leak,0,1114,557047,175
13,small_leak,0,1115,557547,153
13,small_leak,0,1116,558047,150
13,small_leak,0,1117,558547,275
13,small_leak,0,1118,559047,93
13,small_leak,0,1119,559547,20
13,small_leak,0,1120,560047,21
13,small_leak,0,1121,560547,37
13,small_leak,0,1122,561047,0
13,small_leak,0,1123,561547,0
13,small_leak,0,1124,562047,47
13,small_leak,0,1125,562547,0
13,small_leak,0,1126,563047,0
13,small_leak,0,1127,563547,1
13,small_leak,0,1128,564047,0
13,small_leak,0,1129,564547,0
13,small_leak,0,1130,565047,265
13,small_leak,0,1131,565547,85
13,small_leak,0,1132,566047,82
13,small_leak,0,1133,566547,282
13,small_leak,0,1134,567047,231
13,small_leak,0,1135,567547,209
13,small_leak,0,1136,568047,255
13,small_leak,0,1137,568547,301
13,small_leak,0,1138,569047,342
13,small_leak,0,1139,569547,239
13,small_leak,0,1140,570047,221
13,small_leak,0,1141,570547,249
13,small_leak,0,1142,571047,182
13,small_leak,0,1143,571547,231
13,small_leak,0,1144,572047,237
13,small_leak,0,1145,572547,197
13,small_leak,0,1146,573047,169
13,small_leak,0,1147,573547,123
13,small_leak,0,1148,574047,169
13,small_leak,0,1149,574547,183
13,small_leak,0,1150,575047,51
13,small_leak,0,1151,575547,25
13,small_leak,0,1152,576047,99
13,small_leak,0,1153,576547,159
13,small_leak,0,1154,577047,111
13,small_leak,0,1155,577547,183
13,small_leak,0,1156,578047,124
13,small_leak,0,1157,578547,29
13,small_leak,0,1158,579047,123
13,small_leak,0,1159,579547,235
13,small_leak,0,1160,580047,73
13,small_leak,0,1161,580547,98
13,small_leak,0,1162,581047,103
13,small_leak,0,1163,581547,265
13,small_leak,0,1164,582047,108
13,small_leak,0,1165,582547,137
13,small_leak,0,1166,583047,251
13,small_leak,0,1167,583547,331
13,small_leak,0,1168,584047,253
13,small_leak,0,1169,584547,197
13,small_leak,0,1170,585047,317
13,small_leak,0,1171,585547,261
13,small_leak,0,1172,586047,223
13,small_leak,0,1173,586547,148
13,small_leak,0,1174,587047,185
13,small_leak,0,1175,587547,271
13,small_leak,0,1176,588047,160
13,small_leak,0,1177,588547,70
13,small_leak,0,1178,589047,5
13,small_leak,0,1179,589547,29
13,small_leak,0,1180,590047,28
13,small_leak,0,1181,590547,41
13,small_leak,0,1182,591047,0
13,small_leak,0,1183,591547,0
13,small_leak,0,1184,592047,0
13,small_leak,0,1185,592547,0
13,small_leak,0,1186,593047,0
13,small_leak,0,1187,593547,0
13,small_leak,0,1188,594047,0
13,small_leak,0,1189,594547,59
13,small_leak,0,1190,595047,8
13,small_leak,0,1191,595547,82
13,small_leak,0,1192,596047,171
13,small_leak,0,1193,596547,188
13,small_leak,0,1194,597047,265
13,small_leak,0,1195,597547,239
13,small_leak,0,1196,598047,359
13,small_leak,0,1197,598547,368
13,small_leak,0,1198,599047,221
13,small_leak,0,1199,599547,237
13,small_leak,0,1200,600047,245
13,small_leak,0,1201,600547,282
13,small_leak,0,1202,601047,269
13,small_leak,0,1203,601547,539
13,small_leak,0,1204,602047,335
13,small_leak,0,1205,602547,175
13,small_leak,0,1206,603047,341
13,small_leak,0,1207,603547,240
13,small_leak,0,1208,604047,267
13,small_leak,0,1209,604547,364
13,small_leak,0,1210,605047,269
13,small_leak,0,1211,605547,299
13,small_leak,0,1212,606047,389
13,small_leak,0,1213,606547,327
13,small_leak,0,1214,607047,341
13,small_leak,0,1215,607547,343
13,small_leak,0,1216,608047,399
13,small_leak,0,1217,608547,253
13,small_leak,0,1218,609047,263
13,small_leak,0,1219,609547,199
13,small_leak,0,1220,610047,203
13,small_leak,0,1221,610547,115
13,small_leak,0,1222,611047,119
13,small_leak,0,1223,611547,37
13,small_leak,0,1224,612047,10
13,small_leak,0,1225,612547,0
13,small_leak,0,1226,613047,0
13,small_leak,0,1227,613547,0
13,small_leak,0,1228,614047,0
13,small_leak,0,1229,614547,39
13,small_leak,0,1230,615047,11
13,small_leak,0,1231,615547,117
13,small_leak,0,1232,616047,36
13,small_leak,0,1233,616547,119
13,small_leak,0,1234,617047,203
13,small_leak,0,1235,617547,75
13,small_leak,0,1236,618047,184
13,small_leak,0,1237,618547,185
13,small_leak,0,1238,619047,187
13,small_leak,0,1239,619547,78
13,small_leak,0,1240,620047,74
13,small_leak,0,1241,620547,229
13,small_leak,0,1242,621047,153
13,small_leak,0,1243,621547,197
13,small_leak,0,1244,622047,312
13,small_leak,0,1245,622547,301
13,small_leak,0,1246,623047,419
13,small_leak,0,1247,623547,376
13,small_leak,0,1248,624047,409
13,small_leak,0,1249,624547,355
13,small_leak,0,1250,625047,337
13,small_leak,0,1251,625547,245
13,small_leak,0,1252,626047,179
13,small_leak,0,1253,626547,183
13,small_leak,0,1254,627047,101
13,small_leak,0,1255,627547,218
13,small_leak,0,1256,628047,469
13,small_leak,0,1257,628547,156
13,small_leak,0,1258,629047,314
13,small_leak,0,1259,629547,115
13,small_leak,0,1260,630047,84
13,small_leak,0,1261,630547,101
13,small_leak,0,1262,631047,51
13,small_leak,0,1263,631547,71
13,small_leak,0,1264,632047,117
13,small_leak,0,1265,632547,26
13,small_leak,0,1266,633047,0
13,small_leak,0,1267,633547,0
13,small_leak,0,1268,634047,117
13,small_leak,0,1269,634547,26
13,small_leak,0,1270,635047,106
13,small_leak,0,1271,635547,152
13,small_leak,0,1272,636047,105
13,small_leak,0,1273,636547,231
13,small_leak,0,1274,637047,269
13,small_leak,0,1275,637547,232
13,small_leak,0,1276,638047,291
13,small_leak,0,1277,638547,283
13,small_leak,0,1278,639047,156
13,small_leak,0,1279,639547,171
13,small_leak,0,1280,640047,245
13,small_leak,0,1281,640547,188
13,small_leak,0,1282,641047,123
13,small_leak,0,1283,641547,199
13,small_leak,0,1284,642047,243
13,small_leak,0,1285,642547,169
13,small_leak,0,1286,643047,265
13,small_leak,0,1287,643547,215
13,small_leak,0,1288,644047,248
13,small_leak,0,1289,644547,275
13,small_leak,0,1290,645047,239
13,small_leak,0,1291,645547,169
13,small_leak,0,1292,646047,124
13,small_leak,0,1293,646547,28
13,small_leak,0,1294,647047,105
13,small_leak,0,1295,647547,95
13,small_leak,0,1296,648047,107
13,small_leak,0,1297,648547,37
13,small_leak,0,1298,649047,179
13,small_leak,0,1299,649547,121
13,small_leak,0,1300,650047,155
13,small_leak,0,1301,650547,201
13,small_leak,0,1302,651047,141
13,small_leak,0,1303,651547,95
13,small_leak,0,1304,652047,93
13,small_leak,0,1305,652547,214
13,small_leak,0,1306,653047,264
13,small_leak,0,1307,653547,126
13,small_leak,0,1308,654047,159
13,small_leak,0,1309,654547,171
13,small_leak,0,1310,655047,154
13,small_leak,0,1311,655547,41
13,small_leak,0,1312,656047,188
13,small_leak,0,1313,656547,94
13,small_leak,0,1314,657047,95
13,small_leak,0,1315,657547,155
13,small_leak,0,1316,658047,41
13,small_leak,0,1317,658547,22
13,small_leak,0,1318,659047,73
13,small_leak,0,1319,659547,107
13,small_leak,0,1320,660047,89
13,small_leak,0,1321,660547,109
13,small_leak,0,1322,661047,27
13,small_leak,0,1323,661547,86
13,small_leak,0,1324,662047,138
13,small_leak,0,1325,662547,163
13,small_leak,0,1326,663047,201
13,small_leak,0,1327,663547,135
13,small_leak,0,1328,664047,205
13,small_leak,0,1329,664547,155
13,small_leak,0,1330,665047,85
13,small_leak,0,1331,665547,88
13,small_leak,0,1332,666047,329
13,small_leak,0,1333,666547,391
13,small_leak,0,1334,667047,333
13,small_leak,0,1335,667547,335
13,small_leak,0,1336,668047,338
13,small_leak,0,1337,668547,146
13,small_leak,0,1338,669047,181
13,small_leak,0,1339,669547,267
13,small_leak,0,1340,670047,287
13,small_leak,0,1341,670547,169
13,small_leak,0,1342,671047,151
13,small_leak,0,1343,671547,192
13,small_leak,0,1344,672047,157
13,small_leak,0,1345,672547,47
13,small_leak,0,1346,673047,106
13,small_leak,0,1347,673547,22
13,small_leak,0,1348,674047,0
13,small_leak,0,1349,674547,0
13,small_leak,0,1350,675047,0
13,small_leak,0,1351,675547,45
13,small_leak,0,1352,676047,99
13,small_leak,0,1353,676547,101
13,small_leak,0,1354,677047,109
13,small_leak,0,1355,677547,48
13,small_leak,0,1356,678047,247
13,small_leak,0,1357,678547,215
13,small_leak,0,1358,679047,121
13,small_leak,0,1359,679547,204
13,small_leak,0,1360,680047,58
13,small_leak,0,1361,680547,24
13,small_leak,0,1362,681047,89
13,small_leak,0,1363,681547,237
13,small_leak,0,1364,682047,98
13,small_leak,0,1365,682547,19
13,small_leak,0,1366,683047,0
13,small_leak,0,1367,683547,0
13,small_leak,0,1368,684047,77
13,small_leak,0,1369,684547,24
13,small_leak,0,1370,685047,19
13,small_leak,0,1371,685547,149
13,small_leak,0,1372,686047,216
13,small_leak,0,1373,686547,169
13,small_leak,0,1374,687047,233
13,small_leak,0,1375,687547,293
13,small_leak,0,1376,688047,266
13,small_leak,0,1377,688547,189
13,small_leak,0,1378,689047,201
13,small_leak,0,1379,689547,139
13,small_leak,0,1380,690047,47
13,small_leak,0,1381,690547,173
13,small_leak,0,1382,691047,55
13,small_leak,0,1383,691547,56
13,small_leak,0,1384,692047,135
13,small_leak,0,1385,692547,133
13,small_leak,0,1386,693047,107
13,small_leak,0,1387,693547,71
13,small_leak,0,1388,694047,62
13,small_leak,0,1389,694547,6
13,small_leak,0,1390,695047,25
13,small_leak,0,1391,695547,103
13,small_leak,0,1392,696047,39
13,small_leak,0,1393,696547,45
13,small_leak,0,1394,697047,31
13,small_leak,0,1395,697547,77
13,small_leak,0,1396,698047,293
13,small_leak,0,1397,698547,402
13,small_leak,0,1398,699047,181
13,small_leak,0,1399,699547,317
13,small_leak,0,1400,700047,355
13,small_leak,0,1401,700547,342
13,small_leak,0,1402,701047,445
13,small_leak,0,1403,701547,275
13,small_leak,0,1404,702047,182
13,small_leak,0,1405,702547,108
13,small_leak,0,1406,703047,253
13,small_leak,0,1407,703547,292
13,small_leak,0,1408,704047,263
13,small_leak,0,1409,704547,159
13,small_leak,0,1410,705047,125
13,small_leak,0,1411,705547,167
13,small_leak,0,1412,706047,203
13,small_leak,0,1413,706547,119
13,small_leak,0,1414,707047,133
13,small_leak,0,1415,707547,133
13,small_leak,0,1416,708047,53
13,small_leak,0,1417,708547,2
13,small_leak,0,1418,709047,0
13,small_leak,0,1419,709547,52
13,small_leak,0,1420,710047,53
13,small_leak,0,1421,710547,1
13,small_leak,0,1422,711047,0
13,small_leak,0,1423,711547,0
13,small_leak,0,1424,712047,0
13,small_leak,0,1425,712547,25
13,small_leak,0,1426,713047,0
13,small_leak,0,1427,713547,57
13,small_leak,0,1428,714047,71
13,small_leak,0,1429,714547,157
13,small_leak,0,1430,715047,119
13,small_leak,0,1431,715547,159
13,small_leak,0,1432,716047,103
13,small_leak,0,1433,716547,111
13,small_leak,0,1434,717047,171
13,small_leak,0,1435,717547,429
13,small_leak,0,1436,718047,290
13,small_leak,0,1437,718547,344
13,small_leak,0,1438,719047,346
13,small_leak,0,1439,719547,475
13,small_leak,0,1440,720047,373
13,small_leak,0,1441,720547,396
13,small_leak,0,1442,721047,244
13,small_leak,0,1443,721547,335
13,small_leak,0,1444,722047,184
13,small_leak,0,1445,722547,139
13,small_leak,0,1446,723047,35
13,small_leak,0,1447,723547,42
13,small_leak,0,1448,724047,293
13,small_leak,0,1449,724547,125
13,small_leak,0,1450,725047,291
13,small_leak,0,1451,725547,215
13,small_leak,0,1452,726047,131
13,small_leak,0,1453,726547,111
13,small_leak,0,1454,727047,143
13,small_leak,0,1455,727547,138
13,small_leak,0,1456,728047,104
13,small_leak,0,1457,728547,189
13,small_leak,0,1458,729047,137
13,small_leak,0,1459,729547,93
13,small_leak,0,1460,730047,58
13,small_leak,0,1461,730547,140
13,small_leak,0,1462,731047,159
13,small_leak,0,1463,731547,197
13,small_leak,0,1464,732047,325
13,small_leak,0,1465,732547,239
13,small_leak,0,1466,733047,152
13,small_leak,0,1467,733547,102
13,small_leak,0,1468,734047,122
13,small_leak,0,1469,734547,119
13,small_leak,0,1470,735047,254
13,small_leak,0,1471,735547,277
13,small_leak,0,1472,736047,172
13,small_leak,0,1473,736547,197
13,small_leak,0,1474,737047,182
13,small_leak,0,1475,737547,218
13,small_leak,0,1476,738047,253
13,small_leak,0,1477,738547,277
13,small_leak,0,1478,739047,276
13,small_leak,0,1479,739547,251
13,small_leak,0,1480,740047,274
13,small_leak,0,1481,740547,261
13,small_leak,0,1482,741047,293
13,small_leak,0,1483,741547,333
13,small_leak,0,1484,742047,108
13,small_leak,0,1485,742547,269
13,small_leak,0,1486,743047,261
13,small_leak,0,1487,743547,279
13,small_leak,0,1488,744047,252
13,small_leak,0,1489,744547,151
13,small_leak,0,1490,745047,243
13,small_leak,0,1491,745547,132
13,small_leak,0,1492,746047,205
13,small_leak,0,1493,746547,202
13,small_leak,0,1494,747047,63
13,small_leak,0,1495,747547,153
13,small_leak,0,1496,748047,180
13,small_leak,0,1497,748547,327
13,small_leak,0,1498,749047,245
13,small_leak,0,1499,749547,246
13,small_leak,0,1500,750047,251
13,small_leak,0,1501,750547,308
13,small_leak,0,1502,751047,281
13,small_leak,0,1503,751547,216
13,small_leak,0,1504,752047,152
13,small_leak,0,1505,752547,121
13,small_leak,0,1506,753047,207
13,small_leak,0,1507,753547,59
13,small_leak,0,1508,754047,77
13,small_leak,0,1509,754547,28
13,small_leak,0,1510,755047,169
13,small_leak,0,1511,755547,137
13,small_leak,0,1512,756047,211
13,small_leak,0,1513,756547,169
13,small_leak,0,1514,757047,147
13,small_leak,0,1515,757547,165
13,small_leak,0,1516,758047,119
13,small_leak,0,1517,758547,137
13,small_leak,0,1518,759047,82
13,small_leak,0,1519,759547,219
13,small_leak,0,1520,760047,224
13,small_leak,0,1521,760547,157
13,small_leak,0,1522,761047,117
13,small_leak,0,1523,761547,123
13,small_leak,0,1524,762047,121
13,small_leak,0,1525,762547,213
13,small_leak,0,1526,763047,69
13,small_leak,0,1527,763547,141
13,small_leak,0,1528,764047,88
13,small_leak,0,1529,764547,12
13,small_leak,0,1530,765047,26
13,small_leak,0,1531,765547,69
13,small_leak,0,1532,766047,59
13,small_leak,0,1533,766547,155
13,small_leak,0,1534,767047,158
13,small_leak,0,1535,767547,296
13,small_leak,0,1536,768047,110
13,small_leak,0,1537,768547,215
13,small_leak,0,1538,769047,285
13,small_leak,0,1539,769547,283
13,small_leak,0,1540,770047,214
13,small_leak,0,1541,770547,197
13,small_leak,0,1542,771048,181
13,small_leak,0,1543,771547,300
13,small_leak,0,1544,772047,307
13,small_leak,0,1545,772547,269
13,small_leak,0,1546,773047,279
13,small_leak,0,1547,773547,167
13,small_leak,0,1548,774047,164
13,small_leak,0,1549,774547,182
13,small_leak,0,1550,775047,228
13,small_leak,0,1551,775547,233
13,small_leak,0,1552,776047,137
13,small_leak,0,1553,776547,41
13,small_leak,0,1554,777047,180
13,small_leak,0,1555,777547,154
13,small_leak,0,1556,778047,202
13,small_leak,0,1557,778547,122
13,small_leak,0,1558,779047,121
13,small_leak,0,1559,779547,139
13,small_leak,0,1560,780047,175
13,small_leak,0,1561,780547,111
13,small_leak,0,1562,781047,197
13,small_leak,0,1563,781547,57
13,small_leak,0,1564,782047,72
13,small_leak,0,1565,782547,54
13,small_leak,0,1566,783047,1
13,small_leak,0,1567,783547,0
13,small_leak,0,1568,784047,0
13,small_leak,0,1569,784547,0
13,small_leak,0,1570,785047,0
13,small_leak,0,1571,785547,0
13,small_leak,0,1572,786047,0
13,small_leak,0,1573,786547,109
13,small_leak,0,1574,787047,97
13,small_leak,0,1575,787547,51
13,small_leak,0,1576,788047,81
13,small_leak,0,1577,788547,109
13,small_leak,0,1578,789047,187
13,small_leak,0,1579,789547,112
13,small_leak,0,1580,790047,134
13,small_leak,0,1581,790547,111
13,small_leak,0,1582,791047,100
13,small_leak,0,1583,791547,199
13,small_leak,0,1584,792047,57
13,small_leak,0,1585,792547,87
13,small_leak,0,1586,793047,59
13,small_leak,0,1587,793547,107
13,small_leak,0,1588,794047,139
13,small_leak,0,1589,794547,187
13,small_leak,0,1590,795047,54
13,small_leak,0,1591,795547,2
13,small_leak,0,1592,796047,21
13,small_leak,0,1593,796547,77
13,small_leak,0,1594,797047,12
13,small_leak,0,1595,797547,0
13,small_leak,0,1596,798047,355
13,small_leak,0,1597,798547,166
13,small_leak,0,1598,799047,371
13,small_leak,0,1599,799547,153
13,small_leak,0,1600,800047,213
13,small_leak,0,1601,800547,332
13,small_leak,0,1602,801047,185
13,small_leak,0,1603,801547,341
13,small_leak,0,1604,802047,217
13,small_leak,0,1605,802547,303
13,small_leak,0,1606,803047,111
13,small_leak,0,1607,803547,189
13,small_leak,0,1608,804047,143
13,small_leak,0,1609,804547,120
13,small_leak,0,1610,805047,158
13,small_leak,0,1611,805547,169
13,small_leak,0,1612,806047,206
13,small_leak,0,1613,806547,201
13,small_leak,0,1614,807047,165
13,small_leak,0,1615,807547,137
13,small_leak,0,1616,808047,153
13,small_leak,0,1617,808547,267
13,small_leak,0,1618,809048,231
13,small_leak,0,1619,809547,201
13,small_leak,0,1620,810047,199
13,small_leak,0,1621,810547,206
13,small_leak,0,1622,811047,172
13,small_leak,0,1623,811547,245
13,small_leak,0,1624,812047,253
13,small_leak,0,1625,812547,383
13,small_leak,0,1626,813047,333
13,small_leak,0,1627,813547,232
13,small_leak,0,1628,814047,83
13,small_leak,0,1629,814547,101
13,small_leak,0,1630,815047,55
13,small_leak,0,1631,815547,151
13,small_leak,0,1632,816047,135
13,small_leak,0,1633,816547,185
13,small_leak,0,1634,817047,197
13,small_leak,0,1635,817547,227
13,small_leak,0,1636,818047,178
13,small_leak,0,1637,818547,155
13,small_leak,0,1638,819047,149
13,small_leak,0,1639,819547,133
13,small_leak,0,1640,820047,58
13,small_leak,0,1641,820547,5
13,small_leak,0,1642,821047,159
13,small_leak,0,1643,821547,123
13,small_leak,0,1644,822047,105
13,small_leak,0,1645,822547,38
13,small_leak,0,1646,823047,19
13,small_leak,0,1647,823547,0
13,small_leak,0,1648,824047,229
13,small_leak,0,1649,824547,248
13,small_leak,0,1650,825047,77
13,small_leak,0,1651,825547,209
13,small_leak,0,1652,826047,71
13,small_leak,0,1653,826547,203
13,small_leak,0,1654,827047,215
13,small_leak,0,1655,827547,189
13,small_leak,0,1656,828047,313
13,small_leak,0,1657,828547,205
13,small_leak,0,1658,829047,296
13,small_leak,0,1659,829547,330
13,small_leak,0,1660,830047,285
13,small_leak,0,1661,830547,339
13,small_leak,0,1662,831047,253
13,small_leak,0,1663,831547,215
13,small_leak,0,1664,832047,264
13,small_leak,0,1665,832547,293
13,small_leak,0,1666,833047,197
13,small_leak,0,1667,833547,148
13,small_leak,0,1668,834047,137
13,small_leak,0,1669,834547,89
13,small_leak,0,1670,835047,117
13,small_leak,0,1671,835547,36
13,small_leak,0,1672,836047,95
13,small_leak,0,1673,836547,95
13,small_leak,0,1674,837047,124
13,small_leak,0,1675,837547,143
13,small_leak,0,1676,838047,149
13,small_leak,0,1677,838547,56
13,small_leak,0,1678,839047,1
13,small_leak,0,1679,839547,0
13,small_leak,0,1680,840047,55
13,small_leak,0,1681,840547,3
13,small_leak,0,1682,841047,0
13,small_leak,0,1683,841547,41
13,small_leak,0,1684,842047,39
13,small_leak,0,1685,842547,181
13,small_leak,0,1686,843047,165
13,small_leak,0,1687,843547,45
13,small_leak,0,1688,844047,0
13,small_leak,0,1689,844547,0
13,small_leak,0,1690,845047,205
13,small_leak,0,1691,845547,162
13,small_leak,0,1692,846047,239
13,small_leak,0,1693,846547,169
13,small_leak,0,1694,847047,251
13,small_leak,0,1695,847547,262
13,small_leak,0,1696,848047,155
13,small_leak,0,1697,848547,117
13,small_leak,0,1698,849047,29
13,small_leak,0,1699,849547,135
13,small_leak,0,1700,850047,215
13,small_leak,0,1701,850547,339
13,small_leak,0,1702,851047,230
13,small_leak,0,1703,851547,77
13,small_leak,0,1704,852047,151
13,small_leak,0,1705,852547,39
13,small_leak,0,1706,853047,105
13,small_leak,0,1707,853547,171
13,small_leak,0,1708,854047,471
13,small_leak,0,1709,854547,347
13,small_leak,0,1710,855047,184
13,small_leak,0,1711,855547,202
13,small_leak,0,1712,856047,151
13,small_leak,0,1713,856547,165
13,small_leak,0,1714,857047,132
13,small_leak,0,1715,857547,227
13,small_leak,0,1716,858047,73
13,small_leak,0,1717,858547,211
13,small_leak,0,1718,859047,153
13,small_leak,0,1719,859547,220
13,small_leak,0,1720,860047,153
13,small_leak,0,1721,860547,136
13,small_leak,0,1722,861047,155
13,small_leak,0,1723,861547,125
13,small_leak,0,1724,862047,125
13,small_leak,0,1725,862547,275
13,small_leak,0,1726,863048,298
13,small_leak,0,1727,863547,211
13,small_leak,0,1728,864047,304
13,small_leak,0,1729,864547,301
13,small_leak,0,1730,865047,211
13,small_leak,0,1731,865547,303
13,small_leak,0,1732,866047,221
13,small_leak,0,1733,866547,243
13,small_leak,0,1734,867047,181
13,small_leak,0,1735,867547,191
13,small_leak,0,1736,868047,182
13,small_leak,0,1737,868547,220
13,small_leak,0,1738,869047,191
13,small_leak,0,1739,869547,159
13,small_leak,0,1740,870047,187
13,small_leak,0,1741,870547,160
13,small_leak,0,1742,871047,265
13,small_leak,0,1743,871547,233
13,small_leak,0,1744,872047,213
13,small_leak,0,1745,872547,221
13,small_leak,0,1746,873047,135
13,small_leak,0,1747,873547,188
13,small_leak,0,1748,874047,137
13,small_leak,0,1749,874547,163
13,small_leak,0,1750,875047,245
13,small_leak,0,1751,875547,147
13,small_leak,0,1752,876047,213
13,small_leak,0,1753,876547,191
13,small_leak,0,1754,877047,188
13,small_leak,0,1755,877547,105
13,small_leak,0,1756,878047,82
13,small_leak,0,1757,878547,183
13,small_leak,0,1758,879048,137
13,small_leak,0,1759,879547,122
13,small_leak,0,1760,880047,185
13,small_leak,0,1761,880547,55
13,small_leak,0,1762,881047,169
13,small_leak,0,1763,881547,150
13,small_leak,0,1764,882047,88
13,small_leak,0,1765,882547,126
13,small_leak,0,1766,883047,103
13,small_leak,0,1767,883547,192
13,small_leak,0,1768,884047,196
13,small_leak,0,1769,884547,127
13,small_leak,0,1770,885047,285
13,small_leak,0,1771,885547,156
13,small_leak,0,1772,886047,217
13,small_leak,0,1773,886547,151
13,small_leak,0,1774,887047,135
13,small_leak,0,1775,887547,135
13,small_leak,0,1776,888047,29
13,small_leak,0,1777,888547,138
13,small_leak,0,1778,889047,166
13,small_leak,0,1779,889547,77
13,small_leak,0,1780,890047,57
13,small_leak,0,1781,890547,191
13,small_leak,0,1782,891047,200
13,small_leak,0,1783,891547,100
13,small_leak,0,1784,892047,168
13,small_leak,0,1785,892547,101
13,small_leak,0,1786,893047,253
13,small_leak,0,1787,893547,136
13,small_leak,0,1788,894047,233
13,small_leak,0,1789,894547,229
13,small_leak,0,1790,895047,275
13,small_leak,0,1791,895547,272
13,small_leak,0,1792,896047,201
13,small_leak,0,1793,896547,206
13,small_leak,0,1794,897047,245
13,small_leak,0,1795,897547,202
13,small_leak,0,1796,898047,185
13,small_leak,0,1797,898547,223
13,small_leak,0,1798,899047,179
13,small_leak,0,1799,899547,191
13,small_leak,0,1800,900047,73
13,small_leak,0,1801,900547,93
13,small_leak,0,1802,901047,21
13,small_leak,0,1803,901547,0
13,small_leak,0,1804,902047,0
13,small_leak,0,1805,902547,0
13,small_leak,0,1806,903047,31
13,small_leak,0,1807,903547,71
13,small_leak,0,1808,904047,95
13,small_leak,0,1809,904547,135
13,small_leak,0,1810,905047,95
13,small_leak,0,1811,905547,183
13,small_leak,0,1812,906047,53
13,small_leak,0,1813,906547,151
13,small_leak,0,1814,907047,117
13,small_leak,0,1815,907547,83
13,small_leak,0,1816,908047,10
13,small_leak,0,1817,908547,0
13,small_leak,0,1818,909047,29
13,small_leak,0,1819,909547,73
13,small_leak,0,1820,910047,77
13,small_leak,0,1821,910547,83
13,small_leak,0,1822,911047,197
13,small_leak,0,1823,911547,223
13,small_leak,0,1824,912047,103
13,small_leak,0,1825,912547,104
13,small_leak,0,1826,913047,172
13,small_leak,0,1827,913547,201
13,small_leak,0,1828,914047,111
13,small_leak,0,1829,914547,231
13,small_leak,0,1830,915047,221
13,small_leak,0,1831,915547,170
13,small_leak,0,1832,916047,179
13,small_leak,0,1833,916547,233
13,small_leak,0,1834,917047,179
13,small_leak,0,1835,917547,173
13,small_leak,0,1836,918047,173
13,small_leak,0,1837,918547,80
13,small_leak,0,1838,919047,179
13,small_leak,0,1839,919547,175
13,small_leak,0,1840,920047,56
13,small_leak,0,1841,920547,3
13,small_leak,0,1842,921047,19
13,small_leak,0,1843,921547,81
13,small_leak,0,1844,922047,105
13,small_leak,0,1845,922547,188
13,small_leak,0,1846,923047,183
13,small_leak,0,1847,923547,149
13,small_leak,0,1848,924047,111
13,small_leak,0,1849,924547,142
13,small_leak,0,1850,925047,139
13,small_leak,0,1851,925547,62
13,small_leak,0,1852,926047,115
13,small_leak,0,1853,926547,121
13,small_leak,0,1854,927047,68
13,small_leak,0,1855,927547,123
13,small_leak,0,1856,928047,244
13,small_leak,0,1857,928547,154
13,small_leak,0,1858,929047,149
13,small_leak,0,1859,929547,119
13,small_leak,0,1860,930047,150
13,small_leak,0,1861,930547,89
13,small_leak,0,1862,931047,120
13,small_leak,0,1863,931547,140
13,small_leak,0,1864,932047,293
13,small_leak,0,1865,932547,294
13,small_leak,0,1866,933047,262
13,small_leak,0,1867,933547,99
13,small_leak,0,1868,934047,149
13,small_leak,0,1869,934547,225
13,small_leak,0,1870,935047,136
13,small_leak,0,1871,935547,35
13,small_leak,0,1872,936047,189
13,small_leak,0,1873,936547,147
13,small_leak,0,1874,937047,38
13,small_leak,0,1875,937547,157
13,small_leak,0,1876,938047,214
13,small_leak,0,1877,938547,185
13,small_leak,0,1878,939047,154
13,small_leak,0,1879,939547,181
13,small_leak,0,1880,940047,166
13,small_leak,0,1881,940547,79
13,small_leak,0,1882,941047,248
13,small_leak,0,1883,941547,269
13,small_leak,0,1884,942047,223
13,small_leak,0,1885,942547,233
13,small_leak,0,1886,943047,186
13,small_leak,0,1887,943547,191
13,small_leak,0,1888,944047,93
13,small_leak,0,1889,944547,73
13,small_leak,0,1890,945047,25
13,small_leak,0,1891,945547,84
13,small_leak,0,1892,946047,73
13,small_leak,0,1893,946547,7
13,small_leak,0,1894,947047,48
13,small_leak,0,1895,947547,137
13,small_leak,0,1896,948047,171
13,small_leak,0,1897,948547,228
13,small_leak,0,1898,949047,188
13,small_leak,0,1899,949547,79
13,small_leak,0,1900,950047,345
13,small_leak,0,1901,950547,216
13,small_leak,0,1902,951047,111
13,small_leak,0,1903,951547,191
13,small_leak,0,1904,952047,331
13,small_leak,0,1905,952547,226
13,small_leak,0,1906,953047,157
13,small_leak,0,1907,953547,223
13,small_leak,0,1908,954047,247
13,small_leak,0,1909,954547,146
13,small_leak,0,1910,955047,171
13,small_leak,0,1911,955547,111
13,small_leak,0,1912,956047,107
13,small_leak,0,1913,956547,158
13,small_leak,0,1914,957047,171
13,small_leak,0,1915,957547,189
13,small_leak,0,1916,958047,173
13,small_leak,0,1917,958547,81
13,small_leak,0,1918,959047,69
13,small_leak,0,1919,959547,183
13,small_leak,0,1920,960047,317
13,small_leak,0,1921,960547,411
13,small_leak,0,1922,961047,247
13,small_leak,0,1923,961547,235
13,small_leak,0,1924,962047,83
13,small_leak,0,1925,962547,167
13,small_leak,0,1926,963047,201
13,small_leak,0,1927,963547,327
13,small_leak,0,1928,964047,379
13,small_leak,0,1929,964547,243
13,small_leak,0,1930,965047,215
13,small_leak,0,1931,965547,134
13,small_leak,0,1932,966047,254
13,small_leak,0,1933,966547,185
13,small_leak,0,1934,967047,343
13,small_leak,0,1935,967547,349
13,small_leak,0,1936,968047,291
13,small_leak,0,1937,968547,330
13,small_leak,0,1938,969047,217
13,small_leak,0,1939,969547,299
13,small_leak,0,1940,970047,211
13,small_leak,0,1941,970547,206
13,small_leak,0,1942,971047,123
13,small_leak,0,1943,971547,120
13,small_leak,0,1944,972047,41
13,small_leak,0,1945,972547,99
13,small_leak,0,1946,973047,191
13,small_leak,0,1947,973547,149
13,small_leak,0,1948,974047,147
13,small_leak,0,1949,974547,251
13,small_leak,0,1950,975047,92
13,small_leak,0,1951,975547,43
13,small_leak,0,1952,976047,119
13,small_leak,0,1953,976547,117
13,small_leak,0,1954,977047,24
13,small_leak,0,1955,977547,72
13,small_leak,0,1956,978047,21
13,small_leak,0,1957,978547,0
13,small_leak,0,1958,979047,84
13,small_leak,0,1959,979547,75
13,small_leak,0,1960,980047,101
13,small_leak,0,1961,980547,97
13,small_leak,0,1962,981047,77
13,small_leak,0,1963,981547,263
13,small_leak,0,1964,982047,431
13,small_leak,0,1965,982547,217
13,small_leak,0,1966,983047,153
13,small_leak,0,1967,983547,261
13,small_leak,0,1968,984047,227
13,small_leak,0,1969,984547,73
13,small_leak,0,1970,985047,167
13,small_leak,0,1971,985547,163
13,small_leak,0,1972,986047,283
13,small_leak,0,1973,986547,158
13,small_leak,0,1974,987047,201
13,small_leak,0,1975,987547,100
13,small_leak,0,1976,988047,71
13,small_leak,0,1977,988547,7
13,small_leak,0,1978,989047,4
13,small_leak,0,1979,989547,0
13,small_leak,0,1980,990047,0
13,small_leak,0,1981,990547,0
13,small_leak,0,1982,991047,0
13,small_leak,0,1983,991547,0
13,small_leak,0,1984,992047,0
13,small_leak,0,1985,992547,0
13,small_leak,0,1986,993047,16
13,small_leak,0,1987,993547,0
13,small_leak,0,1988,994047,0
13,small_leak,0,1989,994547,55
13,small_leak,0,1990,995047,207
13,small_leak,0,1991,995547,219
13,small_leak,0,1992,996047,367
13,small_leak,0,1993,996547,343
13,small_leak,0,1994,997047,303
13,small_leak,0,1995,997547,227
13,small_leak,0,1996,998047,163
13,small_leak,0,1997,998547,98
13,small_leak,0,1998,999047,115
13,small_leak,0,1999,999547,412
13,small_leak,1,0,49,205
13,small_leak,1,1,547,215
13,small_leak,1,2,1047,220
13,small_leak,1,3,1547,153
13,small_leak,1,4,2047,319
13,small_leak,1,5,2547,379
13,small_leak,1,6,3047,237
13,small_leak,1,7,3547,330
13,small_leak,1,8,4047,559
13,small_leak,1,9,4547,233
13,small_leak,1,10,5047,408
13,small_leak,1,11,5547,139
13,small_leak,1,12,6047,223
13,small_leak,1,13,6547,191
13,small_leak,1,14,7047,249
13,small_leak,1,15,7547,95
13,small_leak,1,16,8047,117
13,small_leak,1,17,8547,27
13,small_leak,1,18,9047,0
13,small_leak,1,19,9547,0
13,small_leak,1,20,10047,0
13,small_leak,1,21,10547,180
13,small_leak,1,22,11047,117
13,small_leak,1,23,11547,103
13,small_leak,1,24,12047,251
13,small_leak,1,25,12547,279
13,small_leak,1,26,13047,315
13,small_leak,1,27,13547,377
13,small_leak,1,28,14047,275
13,small_leak,1,29,14547,356
13,small_leak,1,30,15047,370
13,small_leak,1,31,15547,285
13,small_leak,1,32,16047,205
13,small_leak,1,33,16547,226
13,small_leak,1,34,17047,71
13,small_leak,1,35,17547,111
13,small_leak,1,36,18047,223
13,small_leak,1,37,18547,69
13,small_leak,1,38,19047,53
13,small_leak,1,39,19547,111
13,small_leak,1,40,20047,43
13,small_leak,1,41,20547,147
13,small_leak,1,42,21047,107
13,small_leak,1,43,21547,229
13,small_leak,1,44,22047,268
13,small_leak,1,45,22547,183
13,small_leak,1,46,23047,73
13,small_leak,1,47,23547,134
13,small_leak,1,48,24047,61
13,small_leak,1,49,24547,251
13,small_leak,1,50,25047,159
13,small_leak,1,51,25547,314
13,small_leak,1,52,26047,151
13,small_leak,1,53,26547,91
13,small_leak,1,54,27047,159
13,small_leak,1,55,27547,263
13,small_leak,1,56,28047,86
13,small_leak,1,57,28547,284
13,small_leak,1,58,29047,309
13,small_leak,1,59,29547,223
13,small_leak,1,60,30047,168
13,small_leak,1,61,30547,446
13,small_leak,1,62,31047,315
13,small_leak,1,63,31547,341
13,small_leak,1,64,32047,313
13,small_leak,1,65,32547,212
13,small_leak,1,66,33047,230
13,small_leak,1,67,33547,151
13,small_leak,1,68,34047,95
13,small_leak,1,69,34547,84
13,small_leak,1,70,35047,63
13,small_leak,1,71,35547,138
13,small_leak,1,72,36047,169
13,small_leak,1,73,36547,71
13,small_leak,1,74,37047,252
13,small_leak,1,75,37547,159
13,small_leak,1,76,38047,59
13,small_leak,1,77,38547,139
13,small_leak,1,78,39047,77
13,small_leak,1,79,39547,117
13,small_leak,1,80,40047,164
13,small_leak,1,81,40547,111
13,small_leak,1,82,41047,181
13,small_leak,1,83,41547,154
13,small_leak,1,84,42047,103
13,small_leak,1,85,42547,42
13,small_leak,1,86,43047,39
13,small_leak,1,87,43547,170
13,small_leak,1,88,44047,119
13,small_leak,1,89,44547,108
13,small_leak,1,90,45047,31
13,small_leak,1,91,45547,0
13,small_leak,1,92,46047,0
13,small_leak,1,93,46547,98
13,small_leak,1,94,47047,19
13,small_leak,1,95,47547,0
13,small_leak,1,96,48047,24
13,small_leak,1,97,48547,85
13,small_leak,1,98,49047,110
13,small_leak,1,99,49547,99
13,small_leak,1,100,50047,135
13,small_leak,1,101,50547,187
13,small_leak,1,102,51047,163
13,small_leak,1,103,51547,277
13,small_leak,1,104,52047,500
13,small_leak,1,105,52547,493
13,small_leak,1,106,53047,331
13,small_leak,1,107,53547,205
13,small_leak,1,108,54047,127
13,small_leak,1,109,54547,165
13,small_leak,1,110,55047,93
13,small_leak,1,111,55547,106
13,small_leak,1,112,56047,184
13,small_leak,1,113,56547,53
13,small_leak,1,114,57047,204
13,small_leak,1,115,57547,107
13,small_leak,1,116,58047,107
13,small_leak,1,117,58547,141
13,small_leak,1,118,59047,79
13,small_leak,1,119,59547,117
13,small_leak,1,120,60047,31
13,small_leak,1,121,60547,119
13,small_leak,1,122,61047,68
13,small_leak,1,123,61547,82
13,small_leak,1,124,62047,113
13,small_leak,1,125,62547,155
13,small_leak,1,126,63047,158
13,small_leak,1,127,63547,212
13,small_leak,1,128,64047,163
13,small_leak,1,129,64547,92
13,small_leak,1,130,65047,83
13,small_leak,1,131,65547,121
13,small_leak,1,132,66047,39
13,small_leak,1,133,66547,103
13,small_leak,1,134,67047,27
13,small_leak,1,135,67547,49
13,small_leak,1,136,68047,125
13,small_leak,1,137,68547,223
13,small_leak,1,138,69047,95
13,small_leak,1,139,69547,18
13,small_leak,1,140,70047,185
13,small_leak,1,141,70547,191
13,small_leak,1,142,71047,105
13,small_leak,1,143,71547,233
13,small_leak,1,144,72047,267
13,small_leak,1,145,72547,271
13,small_leak,1,146,73047,123
13,small_leak,1,147,73547,234
13,small_leak,1,148,74047,220
13,small_leak,1,149,74547,156
13,small_leak,1,150,75047,330
13,small_leak,1,151,75547,173
13,small_leak,1,152,76047,166
13,small_leak,1,153,76547,62
13,small_leak,1,154,77047,7
13,small_leak,1,155,77547,57
13,small_leak,1,156,78047,111
13,small_leak,1,157,78547,227
13,small_leak,1,158,79047,267
13,small_leak,1,159,79547,84
13,small_leak,1,160,80047,85
13,small_leak,1,161,80547,137
13,small_leak,1,162,81047,247
13,small_leak,1,163,81547,133
13,small_leak,1,164,82047,166
13,small_leak,1,165,82547,179
13,small_leak,1,166,83047,123
13,small_leak,1,167,83547,27
13,small_leak,1,168,84047,191
13,small_leak,1,169,84547,237
13,small_leak,1,170,85047,165
13,small_leak,1,171,85547,101
13,small_leak,1,172,86047,25
13,small_leak,1,173,86547,0
13,small_leak,1,174,87047,472
13,small_leak,1,175,87547,255
13,small_leak,1,176,88047,155
13,small_leak,1,177,88547,296
13,small_leak,1,178,89047,206
13,small_leak,1,179,89547,94
13,small_leak,1,180,90047,217
13,small_leak,1,181,90547,439
13,small_leak,1,182,91047,361
13,small_leak,1,183,91547,287
13,small_leak,1,184,92047,435
13,small_leak,1,185,92547,231
13,small_leak,1,186,93047,111
13,small_leak,1,187,93547,57
13,small_leak,1,188,94047,89
13,small_leak,1,189,94547,99
13,small_leak,1,190,95047,20
13,small_leak,1,191,95547,28
13,small_leak,1,192,96047,171
13,small_leak,1,193,96547,70
13,small_leak,1,194,97047,79
13,small_leak,1,195,97547,87
13,small_leak,1,196,98047,29
13,small_leak,1,197,98547,27
13,small_leak,1,198,99047,100
13,small_leak,1,199,99547,105
13,small_leak,1,200,100047,40
13,small_leak,1,201,100547,0
13,small_leak,1,202,101047,0
13,small_leak,1,203,101547,211
13,small_leak,1,204,102047,116
13,small_leak,1,205,102547,83
13,small_leak,1,206,103047,19
13,small_leak,1,207,103547,0
13,small_leak,1,208,104047,120
13,small_leak,1,209,104547,157
13,small_leak,1,210,105048,155
13,small_leak,1,211,105547,141
13,small_leak,1,212,106047,239
13,small_leak,1,213,106547,235
13,small_leak,1,214,107047,328
13,small_leak,1,215,107547,370
13,small_leak,1,216,108047,253
13,small_leak,1,217,108547,287
13,small_leak,1,218,109047,254
13,small_leak,1,219,109547,299
13,small_leak,1,220,110047,175
13,small_leak,1,221,110547,310
13,small_leak,1,222,111047,285
13,small_leak,1,223,111547,100
13,small_leak,1,224,112047,229
13,small_leak,1,225,112547,281
13,small_leak,1,226,113047,419
13,small_leak,1,227,113547,347
13,small_leak,1,228,114047,313
13,small_leak,1,229,114547,409
13,small_leak,1,230,115047,317
13,small_leak,1,231,115547,391
13,small_leak,1,232,116047,413
13,small_leak,1,233,116547,381
13,small_leak,1,234,117047,351
13,small_leak,1,235,117547,349
13,small_leak,1,236,118047,223
13,small_leak,1,237,118547,316
13,small_leak,1,238,119047,298
13,small_leak,1,239,119547,416
13,small_leak,1,240,120047,295
13,small_leak,1,241,120547,378
13,small_leak,1,242,121047,303
13,small_leak,1,243,121547,297
13,small_leak,1,244,122047,365
13,small_leak,1,245,122547,253
13,small_leak,1,246,123047,317
13,small_leak,1,247,123547,278
13,small_leak,1,248,124047,218
13,small_leak,1,249,124547,197
13,small_leak,1,250,125047,168
13,small_leak,1,251,125547,233
13,small_leak,1,252,126048,220
13,small_leak,1,253,126547,223
13,small_leak,1,254,127047,85
13,small_leak,1,255,127547,126
13,small_leak,1,256,128047,29
13,small_leak,1,257,128547,61
13,small_leak,1,258,129047,185
13,small_leak,1,259,129547,187
13,small_leak,1,260,130047,57
13,small_leak,1,261,130547,135
13,small_leak,1,262,131047,77
13,small_leak,1,263,131547,105
13,small_leak,1,264,132047,118
13,small_leak,1,265,132547,30
13,small_leak,1,266,133047,5
13,small_leak,1,267,133547,169
13,small_leak,1,268,134047,90
13,small_leak,1,269,134547,91
13,small_leak,1,270,135047,266
13,small_leak,1,271,135547,233
13,small_leak,1,272,136047,85
13,small_leak,1,273,136547,101
13,small_leak,1,274,137047,19
13,small_leak,1,275,137547,91
13,small_leak,1,276,138047,25
13,small_leak,1,277,138547,153
13,small_leak,1,278,139047,123
13,small_leak,1,279,139547,209
13,small_leak,1,280,140047,187
13,small_leak,1,281,140547,173
13,small_leak,1,282,141047,192
13,small_leak,1,283,141547,95
13,small_leak,1,284,142047,143
13,small_leak,1,285,142547,149
13,small_leak,1,286,143047,179
13,small_leak,1,287,143547,107
13,small_leak,1,288,144047,121
13,small_leak,1,289,144547,27
13,small_leak,1,290,145047,100
13,small_leak,1,291,145547,30
13,small_leak,1,292,146047,115
13,small_leak,1,293,146547,83
13,small_leak,1,294,147047,16
13,small_leak,1,295,147547,11
13,small_leak,1,296,148047,105
13,small_leak,1,297,148547,139
13,small_leak,1,298,149047,147
13,small_leak,1,299,149547,138
13,small_leak,1,300,150047,267
13,small_leak,1,301,150547,263
13,small_leak,1,302,151047,189
13,small_leak,1,303,151547,216
13,small_leak,1,304,152047,123
13,small_leak,1,305,152547,28
13,small_leak,1,306,153047,0
13,small_leak,1,307,153547,0
13,small_leak,1,308,154047,0
13,small_leak,1,309,154547,44
13,small_leak,1,310,155047,25
13,small_leak,1,311,155547,205
13,small_leak,1,312,156047,164
13,small_leak,1,313,156547,109
13,small_leak,1,314,157047,252
13,small_leak,1,315,157547,103
13,small_leak,1,316,158047,153
13,small_leak,1,317,158547,182
13,small_leak,1,318,159047,345
13,small_leak,1,319,159547,135
13,small_leak,1,320,160047,83
13,small_leak,1,321,160547,203
13,small_leak,1,322,161047,173
13,small_leak,1,323,161547,155
13,small_leak,1,324,162047,88
13,small_leak,1,325,162547,77
13,small_leak,1,326,163047,283
13,small_leak,1,327,163547,163
13,small_leak,1,328,164047,229
13,small_leak,1,329,164547,283
13,small_leak,1,330,165047,93
13,small_leak,1,331,165547,151
13,small_leak,1,332,166047,45
13,small_leak,1,333,166547,87
13,small_leak,1,334,167047,124
13,small_leak,1,335,167547,150
13,small_leak,1,336,168047,124
13,small_leak,1,337,168547,217
13,small_leak,1,338,169047,163
13,small_leak,1,339,169547,43
13,small_leak,1,340,170047,275
13,small_leak,1,341,170547,383
13,small_leak,1,342,171047,301
13,small_leak,1,343,171547,271
13,small_leak,1,344,172047,271
13,small_leak,1,345,172547,125
13,small_leak,1,346,173047,159
13,small_leak,1,347,173547,149
13,small_leak,1,348,174047,171
13,small_leak,1,349,174547,45
13,small_leak,1,350,175047,221
13,small_leak,1,351,175547,153
13,small_leak,1,352,176047,239
13,small_leak,1,353,176547,75
13,small_leak,1,354,177047,10
13,small_leak,1,355,177547,237
13,small_leak,1,356,178047,232
13,small_leak,1,357,178547,201
13,small_leak,1,358,179047,227
13,small_leak,1,359,179547,152
13,small_leak,1,360,180047,221
13,small_leak,1,361,180547,187
13,small_leak,1,362,181047,157
13,small_leak,1,363,181547,175
13,small_leak,1,364,182047,121
13,small_leak,1,365,182547,153
13,small_leak,1,366,183047,116
13,small_leak,1,367,183547,183
13,small_leak,1,368,184047,185
13,small_leak,1,369,184547,243
13,small_leak,1,370,185047,93
13,small_leak,1,371,185547,19
13,small_leak,1,372,186047,0
13,small_leak,1,373,186547,85
13,small_leak,1,374,187047,105
13,small_leak,1,375,187547,223
13,small_leak,1,376,188047,78
13,small_leak,1,377,188547,13
13,small_leak,1,378,189047,0
13,small_leak,1,379,189547,92
13,small_leak,1,380,190047,37
13,small_leak,1,381,190547,6
13,small_leak,1,382,191047,133
13,small_leak,1,383,191547,47
13,small_leak,1,384,192047,0
13,small_leak,1,385,192547,0
13,small_leak,1,386,193047,48
13,small_leak,1,387,193547,141
13,small_leak,1,388,194047,43
13,small_leak,1,389,194547,120
13,small_leak,1,390,195047,151
13,small_leak,1,391,195547,60
13,small_leak,1,392,196047,63
13,small_leak,1,393,196547,19
13,small_leak,1,394,197047,0
13,small_leak,1,395,197547,35
13,small_leak,1,396,198047,61
13,small_leak,1,397,198547,111
13,small_leak,1,398,199047,99
13,small_leak,1,399,199547,179
13,small_leak,1,400,200047,187
13,small_leak,1,401,200547,123
13,small_leak,1,402,201047,68
13,small_leak,1,403,201547,104
13,small_leak,1,404,202048,73
13,small_leak,1,405,202547,82
13,small_leak,1,406,203047,341
13,small_leak,1,407,203547,252
13,small_leak,1,408,204047,285
13,small_leak,1,409,204547,327
13,small_leak,1,410,205047,218
13,small_leak,1,411,205547,329
13,small_leak,1,412,206047,216
13,small_leak,1,413,206547,373
13,small_leak,1,414,207047,583
13,small_leak,1,415,207547,411
13,small_leak,1,416,208047,249
13,small_leak,1,417,208547,166
13,small_leak,1,418,209047,163
13,small_leak,1,419,209547,71
13,small_leak,1,420,210047,309
13,small_leak,1,421,210547,367
13,small_leak,1,422,211047,457
13,small_leak,1,423,211547,362
13,small_leak,1,424,212047,331
13,small_leak,1,425,212547,406
13,small_leak,1,426,213047,389
13,small_leak,1,427,213547,354
13,small_leak,1,428,214047,221
13,small_leak,1,429,214547,344
13,small_leak,1,430,215047,155
13,small_leak,1,431,215547,117
13,small_leak,1,432,216047,55
13,small_leak,1,433,216547,23
13,small_leak,1,434,217047,9
13,small_leak,1,435,217547,0
13,small_leak,1,436,218047,0
13,small_leak,1,437,218547,0
13,small_leak,1,438,219047,0
13,small_leak,1,439,219547,205
13,small_leak,1,440,220047,329
13,small_leak,1,441,220547,331
13,small_leak,1,442,221047,108
13,small_leak,1,443,221547,21
13,small_leak,1,444,222047,7
13,small_leak,1,445,222547,0
13,small_leak,1,446,223047,23
13,small_leak,1,447,223547,55
13,small_leak,1,448,224047,47
13,small_leak,1,449,224547,13
13,small_leak,1,450,225047,159
13,small_leak,1,451,225547,265
13,small_leak,1,452,226047,331
13,small_leak,1,453,226547,469
13,small_leak,1,454,227047,419
13,small_leak,1,455,227547,573
13,small_leak,1,456,228047,458
13,small_leak,1,457,228547,551
13,small_leak,1,458,229047,427
13,small_leak,1,459,229547,397
13,small_leak,1,460,230047,477
13,small_leak,1,461,230547,332
13,small_leak,1,462,231047,315
13,small_leak,1,463,231547,284
13,small_leak,1,464,232047,287
13,small_leak,1,465,232547,278
13,small_leak,1,466,233047,137
13,small_leak,1,467,233547,141
13,small_leak,1,468,234047,57
13,small_leak,1,469,234547,2
13,small_leak,1,470,235047,73
13,small_leak,1,471,235547,7
13,small_leak,1,472,236047,76
13,small_leak,1,473,236547,168
13,small_leak,1,474,237047,137
13,small_leak,1,475,237547,185
13,small_leak,1,476,238047,253
13,small_leak,1,477,238547,111
13,small_leak,1,478,239047,163
13,small_leak,1,479,239547,139
13,small_leak,1,480,240047,149
13,small_leak,1,481,240547,101
13,small_leak,1,482,241047,279
13,small_leak,1,483,241547,227
13,small_leak,1,484,242047,184
13,small_leak,1,485,242547,199
13,small_leak,1,486,243047,239
13,small_leak,1,487,243547,291
13,small_leak,1,488,244047,333
13,small_leak,1,489,244547,267
13,small_leak,1,490,245047,309
13,small_leak,1,491,245547,219
13,small_leak,1,492,246047,168
13,small_leak,1,493,246547,103
13,small_leak,1,494,247047,197
13,small_leak,1,495,247547,233
13,small_leak,1,496,248047,183
13,small_leak,1,497,248547,185
13,small_leak,1,498,249047,159
13,small_leak,1,499,249547,125
13,small_leak,1,500,250047,235
13,small_leak,1,501,250547,83
13,small_leak,1,502,251047,116
13,small_leak,1,503,251547,159
13,small_leak,1,504,252047,223
13,small_leak,1,505,252547,277
13,small_leak,1,506,253047,154
13,small_leak,1,507,253547,155
13,small_leak,1,508,254047,72
13,small_leak,1,509,254547,54
13,small_leak,1,510,255047,103
13,small_leak,1,511,255547,285
13,small_leak,1,512,256047,121
13,small_leak,1,513,256547,143
13,small_leak,1,514,257047,191
13,small_leak,1,515,257547,86
13,small_leak,1,516,258047,273
13,small_leak,1,517,258547,382
13,small_leak,1,518,259047,341
13,small_leak,1,519,259547,189
13,small_leak,1,520,260047,405
13,small_leak,1,521,260547,403
13,small_leak,1,522,261047,345
13,small_leak,1,523,261547,261
13,small_leak,1,524,262047,227
13,small_leak,1,525,262547,200
13,small_leak,1,526,263047,145
13,small_leak,1,527,263547,105
13,small_leak,1,528,264047,30
13,small_leak,1,529,264547,29
13,small_leak,1,530,265047,7
13,small_leak,1,531,265547,10
13,small_leak,1,532,266047,0
13,small_leak,1,533,266547,0
13,small_leak,1,534,267047,229
13,small_leak,1,535,267547,136
13,small_leak,1,536,268047,261
13,small_leak,1,537,268547,341
13,small_leak,1,538,269047,377
13,small_leak,1,539,269547,165
13,small_leak,1,540,270047,152
13,small_leak,1,541,270547,51
13,small_leak,1,542,271047,2
13,small_leak,1,543,271547,55
13,small_leak,1,544,272047,137
13,small_leak,1,545,272547,167
13,small_leak,1,546,273047,51
13,small_leak,1,547,273547,163
13,small_leak,1,548,274047,75
13,small_leak,1,549,274547,143
13,small_leak,1,550,275047,133
13,small_leak,1,551,275547,171
13,small_leak,1,552,276047,211
13,small_leak,1,553,276547,61
13,small_leak,1,554,277047,4
13,small_leak,1,555,277547,105
13,small_leak,1,556,278047,23
13,small_leak,1,557,278547,175
13,small_leak,1,558,279047,269
13,small_leak,1,559,279547,281
13,small_leak,1,560,280047,109
13,small_leak,1,561,280547,221
13,small_leak,1,562,281047,172
13,small_leak,1,563,281547,237
13,small_leak,1,564,282047,146
13,small_leak,1,565,282547,175
13,small_leak,1,566,283047,215
13,small_leak,1,567,283547,77
13,small_leak,1,568,284047,85
13,small_leak,1,569,284547,11
13,small_leak,1,570,285047,8
13,small_leak,1,571,285547,52
13,small_leak,1,572,286047,3
13,small_leak,1,573,286547,45
13,small_leak,1,574,287047,68
13,small_leak,1,575,287547,40
13,small_leak,1,576,288047,0
13,small_leak,1,577,288547,0
13,small_leak,1,578,289047,173
13,small_leak,1,579,289547,52
13,small_leak,1,580,290047,55
13,small_leak,1,581,290547,0
13,small_leak,1,582,291047,38
13,small_leak,1,583,291547,167
13,small_leak,1,584,292047,50
13,small_leak,1,585,292547,201
13,small_leak,1,586,293047,232
13,small_leak,1,587,293547,252
13,small_leak,1,588,294047,203
13,small_leak,1,589,294547,219
13,small_leak,1,590,295047,249
13,small_leak,1,591,295547,117
13,small_leak,1,592,296047,180
13,small_leak,1,593,296547,104
13,small_leak,1,594,297047,60
13,small_leak,1,595,297547,93
13,small_leak,1,596,298047,25
13,small_leak,1,597,298547,164
13,small_leak,1,598,299047,67
13,small_leak,1,599,299547,26
13,small_leak,1,600,300047,107
13,small_leak,1,601,300547,21
13,small_leak,1,602,301047,89
13,small_leak,1,603,301547,13
13,small_leak,1,604,302047,70
13,small_leak,1,605,302547,59
13,small_leak,1,606,303047,140
13,small_leak,1,607,303547,87
13,small_leak,1,608,304047,157
13,small_leak,1,609,304547,41
13,small_leak,1,610,305047,43
13,small_leak,1,611,305547,29
13,small_leak,1,612,306047,347
13,small_leak,1,613,306547,325
13,small_leak,1,614,307047,504
13,small_leak,1,615,307547,502
13,small_leak,1,616,308047,359
13,small_leak,1,617,308547,331
13,small_leak,1,618,309047,327
13,small_leak,1,619,309547,186
13,small_leak,1,620,310047,233
13,small_leak,1,621,310547,164
13,small_leak,1,622,311047,250
13,small_leak,1,623,311547,238
13,small_leak,1,624,312047,269
13,small_leak,1,625,312547,471
13,small_leak,1,626,313047,329
13,small_leak,1,627,313547,302
13,small_leak,1,628,314047,237
13,small_leak,1,629,314547,154
13,small_leak,1,630,315047,99
13,small_leak,1,631,315547,17
13,small_leak,1,632,316047,0
13,small_leak,1,633,316547,0
13,small_leak,1,634,317047,0
13,small_leak,1,635,317547,25
13,small_leak,1,636,318047,9
13,small_leak,1,637,318547,277
13,small_leak,1,638,319047,371
13,small_leak,1,639,319547,445
13,small_leak,1,640,320047,547
13,small_leak,1,641,320547,443
13,small_leak,1,642,321047,397
13,small_leak,1,643,321547,280
13,small_leak,1,644,322047,376
13,small_leak,1,645,322547,413
13,small_leak,1,646,323047,231
13,small_leak,1,647,323547,106
13,small_leak,1,648,324047,23
13,small_leak,1,649,324547,0
13,small_leak,1,650,325047,29
13,small_leak,1,651,325547,0
13,small_leak,1,652,326047,0
13,small_leak,1,653,326547,0
13,small_leak,1,654,327047,0
13,small_leak,1,655,327547,0
13,small_leak,1,656,328047,0
13,small_leak,1,657,328547,0
13,small_leak,1,658,329047,281
13,small_leak,1,659,329547,248
13,small_leak,1,660,330047,383
13,small_leak,1,661,330547,349
13,small_leak,1,662,331047,391
13,small_leak,1,663,331547,479
13,small_leak,1,664,332047,555
13,small_leak,1,665,332547,442
13,small_leak,1,666,333047,377
13,small_leak,1,667,333547,371
13,small_leak,1,668,334047,339
13,small_leak,1,669,334547,297
13,small_leak,1,670,335047,212
13,small_leak,1,671,335547,252
13,small_leak,1,672,336047,202
13,small_leak,1,673,336547,221
13,small_leak,1,674,337047,300
13,small_leak,1,675,337547,111
13,small_leak,1,676,338047,153
13,small_leak,1,677,338547,121
13,small_leak,1,678,339047,77
13,small_leak,1,679,339547,46
13,small_leak,1,680,340047,60
13,small_leak,1,681,340547,57
13,small_leak,1,682,341047,147
13,small_leak,1,683,341547,295
13,small_leak,1,684,342047,236
13,small_leak,1,685,342547,249
13,small_leak,1,686,343047,191
13,small_leak,1,687,343547,221
13,small_leak,1,688,344047,272
13,small_leak,1,689,344547,159
13,small_leak,1,690,345047,227
13,small_leak,1,691,345547,75
13,small_leak,1,692,346047,48
13,small_leak,1,693,346547,159
13,small_leak,1,694,347047,43
13,small_leak,1,695,347547,114
13,small_leak,1,696,348047,26
13,small_leak,1,697,348547,2
13,small_leak,1,698,349047,73
13,small_leak,1,699,349547,89
13,small_leak,1,700,350047,255
13,small_leak,1,701,350547,181
13,small_leak,1,702,351047,143
13,small_leak,1,703,351547,87
13,small_leak,1,704,352047,201
13,small_leak,1,705,352547,219
13,small_leak,1,706,353047,376
13,small_leak,1,707,353547,245
13,small_leak,1,708,354047,229
13,small_leak,1,709,354547,146
13,small_leak,1,710,355047,205
13,small_leak,1,711,355547,151
13,small_leak,1,712,356047,88
13,small_leak,1,713,356547,141
13,small_leak,1,714,357047,85
13,small_leak,1,715,357547,126
13,small_leak,1,716,358047,174
13,small_leak,1,717,358547,133
13,small_leak,1,718,359048,152
13,small_leak,1,719,359547,368
13,small_leak,1,720,360047,143
13,small_leak,1,721,360547,327
13,small_leak,1,722,361047,270
13,small_leak,1,723,361547,252
13,small_leak,1,724,362047,211
13,small_leak,1,725,362547,342
13,small_leak,1,726,363047,157
13,small_leak,1,727,363547,231
13,small_leak,1,728,364047,171
13,small_leak,1,729,364547,137
13,small_leak,1,730,365047,287
13,small_leak,1,731,365547,123
13,small_leak,1,732,366047,59
13,small_leak,1,733,366547,57
13,small_leak,1,734,367047,39
13,small_leak,1,735,367547,29
13,small_leak,1,736,368047,18
13,small_leak,1,737,368547,79
13,small_leak,1,738,369047,51
13,small_leak,1,739,369547,247
13,small_leak,1,740,370047,135
13,small_leak,1,741,370547,138
13,small_leak,1,742,371047,210
13,small_leak,1,743,371547,69
13,small_leak,1,744,372047,27
13,small_leak,1,745,372547,9
13,small_leak,1,746,373047,174
13,small_leak,1,747,373547,61
13,small_leak,1,748,374047,56
13,small_leak,1,749,374547,109
13,small_leak,1,750,375047,125
13,small_leak,1,751,375547,62
13,small_leak,1,752,376048,116
13,small_leak,1,753,376547,91
13,small_leak,1,754,377047,253
13,small_leak,1,755,377547,359
13,small_leak,1,756,378047,139
13,small_leak,1,757,378547,75
13,small_leak,1,758,379047,367
13,small_leak,1,759,379547,123
13,small_leak,1,760,380047,364
13,small_leak,1,761,380547,245
13,small_leak,1,762,381047,250
13,small_leak,1,763,381547,124
13,small_leak,1,764,382047,89
13,small_leak,1,765,382547,157
13,small_leak,1,766,383047,151
13,small_leak,1,767,383547,121
13,small_leak,1,768,384047,211
13,small_leak,1,769,384547,159
13,small_leak,1,770,385047,134
13,small_leak,1,771,385547,102
13,small_leak,1,772,386047,183
13,small_leak,1,773,386547,203
13,small_leak,1,774,387047,299
13,small_leak,1,775,387547,166
13,small_leak,1,776,388047,243
13,small_leak,1,777,388547,325
13,small_leak,1,778,389047,302
13,small_leak,1,779,389547,153
13,small_leak,1,780,390047,209
13,small_leak,1,781,390547,89
13,small_leak,1,782,391047,51
13,small_leak,1,783,391547,27
13,small_leak,1,784,392047,10
13,small_leak,1,785,392547,88
13,small_leak,1,786,393047,121
13,small_leak,1,787,393547,87
13,small_leak,1,788,394047,164
13,small_leak,1,789,394547,160
13,small_leak,1,790,395047,155
13,small_leak,1,791,395547,148
13,small_leak,1,792,396047,219
13,small_leak,1,793,396547,211
13,small_leak,1,794,397047,151
13,small_leak,1,795,397547,179
13,small_leak,1,796,398047,243
13,small_leak,1,797,398547,165
13,small_leak,1,798,399047,204
13,small_leak,1,799,399547,221
13,small_leak,1,800,400047,131
13,small_leak,1,801,400547,180
13,small_leak,1,802,401047,109
13,small_leak,1,803,401547,111
13,small_leak,1,804,402047,181
13,small_leak,1,805,402547,179
13,small_leak,1,806,403047,53
13,small_leak,1,807,403547,26
13,small_leak,1,808,404047,78
13,small_leak,1,809,404547,39
13,small_leak,1,810,405047,0
13,small_leak,1,811,405547,118
13,small_leak,1,812,406047,99
13,small_leak,1,813,406547,51
13,small_leak,1,814,407047,267
13,small_leak,1,815,407547,168
13,small_leak,1,816,408047,205
13,small_leak,1,817,408547,211
13,small_leak,1,818,409047,235
13,small_leak,1,819,409547,216
13,small_leak,1,820,410047,109
13,small_leak,1,821,410547,157
13,small_leak,1,822,411047,79
13,small_leak,1,823,411547,175
13,small_leak,1,824,412047,146
13,small_leak,1,825,412547,215
13,small_leak,1,826,413047,88
13,small_leak,1,827,413547,121
13,small_leak,1,828,414047,92
13,small_leak,1,829,414547,179
13,small_leak,1,830,415047,187
13,small_leak,1,831,415547,72
13,small_leak,1,832,416047,8
13,small_leak,1,833,416547,263
13,small_leak,1,834,417047,189
13,small_leak,1,835,417547,117
13,small_leak,1,836,418047,119
13,small_leak,1,837,418547,148
13,small_leak,1,838,419047,73
13,small_leak,1,839,419547,151
13,small_leak,1,840,420047,181
13,small_leak,1,841,420547,333
13,small_leak,1,842,421047,171
13,small_leak,1,843,421547,271
13,small_leak,1,844,422047,263
13,small_leak,1,845,422547,243
13,small_leak,1,846,423047,231
13,small_leak,1,847,423547,293
13,small_leak,1,848,424047,261
13,small_leak,1,849,424547,117
13,small_leak,1,850,425047,53
13,small_leak,1,851,425547,87
13,small_leak,1,852,426047,97
13,small_leak,1,853,426547,53
13,small_leak,1,854,427047,74
13,small_leak,1,855,427547,17
13,small_leak,1,856,428047,0
13,small_leak,1,857,428547,16
13,small_leak,1,858,429047,46
13,small_leak,1,859,429547,207
13,small_leak,1,860,430047,262
13,small_leak,1,861,430547,141
13,small_leak,1,862,431047,55
13,small_leak,1,863,431547,134
13,small_leak,1,864,432047,139
13,small_leak,1,865,432547,165
13,small_leak,1,866,433047,173
13,small_leak,1,867,433547,72
13,small_leak,1,868,434047,53
13,small_leak,1,869,434547,45
13,small_leak,1,870,435047,36
13,small_leak,1,871,435547,46
13,small_leak,1,872,436047,139
13,small_leak,1,873,436547,33
13,small_leak,1,874,437047,55
13,small_leak,1,875,437547,131
13,small_leak,1,876,438047,69
13,small_leak,1,877,438547,486
13,small_leak,1,878,439047,443
13,small_leak,1,879,439547,253
13,small_leak,1,880,440047,278
13,small_leak,1,881,440547,319
13,small_leak,1,882,441047,331
13,small_leak,1,883,441547,153
13,small_leak,1,884,442047,362
13,small_leak,1,885,442547,222
13,small_leak,1,886,443047,310
13,small_leak,1,887,443547,215
13,small_leak,1,888,444047,393
13,small_leak,1,889,444547,379
13,small_leak,1,890,445047,399
13,small_leak,1,891,445547,173
13,small_leak,1,892,446047,269
13,small_leak,1,893,446547,172
13,small_leak,1,894,447047,235
13,small_leak,1,895,447547,228
13,small_leak,1,896,448047,153
13,small_leak,1,897,448547,171
13,small_leak,1,898,449047,181
13,small_leak,1,899,449547,233
13,small_leak,1,900,450047,111
13,small_leak,1,901,450547,87
13,small_leak,1,902,451047,163
13,small_leak,1,903,451547,100
13,small_leak,1,904,452047,135
13,small_leak,1,905,452547,38
13,small_leak,1,906,453047,61
13,small_leak,1,907,453547,54
13,small_leak,1,908,454047,164
13,small_leak,1,909,454547,165
13,small_leak,1,910,455047,91
13,small_leak,1,911,455547,269
13,small_leak,1,912,456047,416
13,small_leak,1,913,456547,304
13,small_leak,1,914,457047,239
13,small_leak,1,915,457547,201
13,small_leak,1,916,458047,127
13,small_leak,1,917,458547,126
13,small_leak,1,918,459047,59
13,small_leak,1,919,459547,211
13,small_leak,1,920,460047,291
13,small_leak,1,921,460547,137
13,small_leak,1,922,461047,169
13,small_leak,1,923,461547,99
13,small_leak,1,924,462047,51
13,small_leak,1,925,462547,71
13,small_leak,1,926,463047,153
13,small_leak,1,927,463547,119
13,small_leak,1,928,464047,25
13,small_leak,1,929,464547,53
13,small_leak,1,930,465047,10
13,small_leak,1,931,465547,33
13,small_leak,1,932,466047,21
13,small_leak,1,933,466547,0
13,small_leak,1,934,467047,0
13,small_leak,1,935,467547,22
13,small_leak,1,936,468047,151
13,small_leak,1,937,468547,41
13,small_leak,1,938,469047,13
13,small_leak,1,939,469547,61
13,small_leak,1,940,470047,100
13,small_leak,1,941,470547,141
13,small_leak,1,942,471047,212
13,small_leak,1,943,471547,184
13,small_leak,1,944,472047,209
13,small_leak,1,945,472547,173
13,small_leak,1,946,473047,115
13,small_leak,1,947,473547,106
13,small_leak,1,948,474047,292
13,small_leak,1,949,474547,267
13,small_leak,1,950,475047,99
13,small_leak,1,951,475547,311
13,small_leak,1,952,476047,327
13,small_leak,1,953,476547,288
13,small_leak,1,954,477047,303
13,small_leak,1,955,477547,248
13,small_leak,1,956,478047,342
13,small_leak,1,957,478547,255
13,small_leak,1,958,479047,192
13,small_leak,1,959,479547,295
13,small_leak,1,960,480047,215
13,small_leak,1,961,480547,225
13,small_leak,1,962,481047,211
13,small_leak,1,963,481547,213
13,small_leak,1,964,482047,202
13,small_leak,1,965,482547,119
13,small_leak,1,966,483047,105
13,small_leak,1,967,483547,396
13,small_leak,1,968,484047,308
13,small_leak,1,969,484547,303
13,small_leak,1,970,485047,266
13,small_leak,1,971,485547,232
13,small_leak,1,972,486047,235
13,small_leak,1,973,486547,135
13,small_leak,1,974,487047,71
13,small_leak,1,975,487547,140
13,small_leak,1,976,488047,203
13,small_leak,1,977,488547,219
13,small_leak,1,978,489047,232
13,small_leak,1,979,489547,189
13,small_leak,1,980,490047,56
13,small_leak,1,981,490547,391
13,small_leak,1,982,491047,264
13,small_leak,1,983,491547,235
13,small_leak,1,984,492047,108
13,small_leak,1,985,492547,371
13,small_leak,1,986,493047,391
13,small_leak,1,987,493547,415
13,small_leak,1,988,494047,445
13,small_leak,1,989,494547,381
13,small_leak,1,990,495047,234
13,small_leak,1,991,495547,245
13,small_leak,1,992,496047,179
13,small_leak,1,993,496547,108
13,small_leak,1,994,497047,135
13,small_leak,1,995,497547,139
13,small_leak,1,996,498047,135
13,small_leak,1,997,498547,57
13,small_leak,1,998,499047,118
13,small_leak,1,999,499547,101
13,small_leak,1,1000,500047,57
13,small_leak,1,1001,500547,45
13,small_leak,1,1002,501047,111
13,small_leak,1,1003,501547,53
13,small_leak,1,1004,502047,263
13,small_leak,1,1005,502547,245
13,small_leak,1,1006,503047,127
13,small_leak,1,1007,503547,119
13,small_leak,1,1008,504047,133
13,small_leak,1,1009,504547,138
13,small_leak,1,1010,505047,341
13,small_leak,1,1011,505547,232
13,small_leak,1,1012,506047,239
13,small_leak,1,1013,506547,216
13,small_leak,1,1014,507047,234
13,small_leak,1,1015,507547,168
13,small_leak,1,1016,508047,121
13,small_leak,1,1017,508547,201
13,small_leak,1,1018,509047,108
13,small_leak,1,1019,509547,87
13,small_leak,1,1020,510047,69
13,small_leak,1,1021,510547,43
13,small_leak,1,1022,511047,0
13,small_leak,1,1023,511547,4
13,small_leak,1,1024,512047,69
13,small_leak,1,1025,512547,123
13,small_leak,1,1026,513047,85
13,small_leak,1,1027,513547,147
13,small_leak,1,1028,514047,115
13,small_leak,1,1029,514547,199
13,small_leak,1,1030,515047,245
13,small_leak,1,1031,515547,229
13,small_leak,1,1032,516047,121
13,small_leak,1,1033,516547,123
13,small_leak,1,1034,517047,175
13,small_leak,1,1035,517547,168
13,small_leak,1,1036,518047,155
13,small_leak,1,1037,518547,157
13,small_leak,1,1038,519047,41
13,small_leak,1,1039,519547,238
13,small_leak,1,1040,520047,379
13,small_leak,1,1041,520547,197
13,small_leak,1,1042,521047,244
13,small_leak,1,1043,521547,203
13,small_leak,1,1044,522047,101
13,small_leak,1,1045,522547,20
13,small_leak,1,1046,523047,0
13,small_leak,1,1047,523547,81
13,small_leak,1,1048,524047,16
13,small_leak,1,1049,524547,201
13,small_leak,1,1050,525047,59
13,small_leak,1,1051,525547,119
13,small_leak,1,1052,526047,142
13,small_leak,1,1053,526547,52
13,small_leak,1,1054,527047,180
13,small_leak,1,1055,527547,106
13,small_leak,1,1056,528047,62
13,small_leak,1,1057,528547,91
13,small_leak,1,1058,529047,21
13,small_leak,1,1059,529547,110
13,small_leak,1,1060,530047,31
13,small_leak,1,1061,530547,33
13,small_leak,1,1062,531047,0
13,small_leak,1,1063,531547,42
13,small_leak,1,1064,532047,58
13,small_leak,1,1065,532547,26
13,small_leak,1,1066,533047,95
13,small_leak,1,1067,533547,82
13,small_leak,1,1068,534047,159
13,small_leak,1,1069,534547,72
13,small_leak,1,1070,535047,7
13,small_leak,1,1071,535547,0
13,small_leak,1,1072,536047,68
13,small_leak,1,1073,536547,85
13,small_leak,1,1074,537047,56
13,small_leak,1,1075,537547,250
13,small_leak,1,1076,538047,263
13,small_leak,1,1077,538547,253
13,small_leak,1,1078,539047,201
13,small_leak,1,1079,539547,211
13,small_leak,1,1080,540047,291
13,small_leak,1,1081,540547,239
13,small_leak,1,1082,541047,133
13,small_leak,1,1083,541547,141
13,small_leak,1,1084,542047,47
13,small_leak,1,1085,542547,71
13,small_leak,1,1086,543047,204
13,small_leak,1,1087,543547,135
13,small_leak,1,1088,544047,151
13,small_leak,1,1089,544547,211
13,small_leak,1,1090,545048,145
13,small_leak,1,1091,545547,45
13,small_leak,1,1092,546047,30
13,small_leak,1,1093,546547,181
13,small_leak,1,1094,547047,119
13,small_leak,1,1095,547547,175
13,small_leak,1,1096,548047,199
13,small_leak,1,1097,548547,119
13,small_leak,1,1098,549047,103
13,small_leak,1,1099,549547,91
13,small_leak,1,1100,550047,92
13,small_leak,1,1101,550547,301
13,small_leak,1,1102,551047,170
13,small_leak,1,1103,551547,166
13,small_leak,1,1104,552047,203
13,small_leak,1,1105,552547,72
13,small_leak,1,1106,553047,60
13,small_leak,1,1107,553547,111
13,small_leak,1,1108,554047,25
13,small_leak,1,1109,554547,318
13,small_leak,1,1110,555047,505
13,small_leak,1,1111,555547,406
13,small_leak,1,1112,556047,292
13,small_leak,1,1113,556547,283
13,small_leak,1,1114,557047,91
13,small_leak,1,1115,557547,13
13,small_leak,1,1116,558047,85
13,small_leak,1,1117,558547,117
13,small_leak,1,1118,559047,173
13,small_leak,1,1119,559547,47
13,small_leak,1,1120,560047,1
13,small_leak,1,1121,560547,0
13,small_leak,1,1122,561047,0
13,small_leak,1,1123,561547,0
13,small_leak,1,1124,562047,83
13,small_leak,1,1125,562547,31
13,small_leak,1,1126,563047,170
13,small_leak,1,1127,563547,46
13,small_leak,1,1128,564047,165
13,small_leak,1,1129,564547,203
13,small_leak,1,1130,565048,123
13,small_leak,1,1131,565547,181
13,small_leak,1,1132,566047,103
13,small_leak,1,1133,566547,475
13,small_leak,1,1134,567047,299
13,small_leak,1,1135,567547,357
13,small_leak,1,1136,568047,299
13,small_leak,1,1137,568547,277
13,small_leak,1,1138,569047,89
13,small_leak,1,1139,569547,111
13,small_leak,1,1140,570047,44
13,small_leak,1,1141,570547,149
13,small_leak,1,1142,571047,101
13,small_leak,1,1143,571547,38
13,small_leak,1,1144,572047,281
13,small_leak,1,1145,572547,90
13,small_leak,1,1146,573047,99
13,small_leak,1,1147,573547,204
13,small_leak,1,1148,574047,76
13,small_leak,1,1149,574547,295
13,small_leak,1,1150,575047,345
13,small_leak,1,1151,575547,181
13,small_leak,1,1152,576047,89
13,small_leak,1,1153,576547,334
13,small_leak,1,1154,577047,117
13,small_leak,1,1155,577547,79
13,small_leak,1,1156,578047,132
13,small_leak,1,1157,578547,275
13,small_leak,1,1158,579047,235
13,small_leak,1,1159,579547,313
13,small_leak,1,1160,580047,172
13,small_leak,1,1161,580547,47
13,small_leak,1,1162,581047,315
13,small_leak,1,1163,581547,103
13,small_leak,1,1164,582047,114
13,small_leak,1,1165,582547,71
13,small_leak,1,1166,583047,7
13,small_leak,1,1167,583547,24
13,small_leak,1,1168,584047,97
13,small_leak,1,1169,584547,171
13,small_leak,1,1170,585047,109
13,small_leak,1,1171,585547,244
13,small_leak,1,1172,586047,226
13,small_leak,1,1173,586547,205
13,small_leak,1,1174,587047,651
13,small_leak,1,1175,587547,277
13,small_leak,1,1176,588047,89
13,small_leak,1,1177,588547,51
13,small_leak,1,1178,589047,39
13,small_leak,1,1179,589547,261
13,small_leak,1,1180,590047,207
13,small_leak,1,1181,590547,125
13,small_leak,1,1182,591047,74
13,small_leak,1,1183,591547,81
13,small_leak,1,1184,592047,173
13,small_leak,1,1185,592547,99
13,small_leak,1,1186,593047,125
13,small_leak,1,1187,593547,120
13,small_leak,1,1188,594047,115
13,small_leak,1,1189,594547,45
13,small_leak,1,1190,595047,191
13,small_leak,1,1191,595547,204
13,small_leak,1,1192,596047,106
13,small_leak,1,1193,596547,169
13,small_leak,1,1194,597047,303
13,small_leak,1,1195,597547,269
13,small_leak,1,1196,598047,263
13,small_leak,1,1197,598547,285
13,small_leak,1,1198,599047,287
13,small_leak,1,1199,599547,214
13,small_leak,1,1200,600047,277
13,small_leak,1,1201,600547,249
13,small_leak,1,1202,601047,125
13,small_leak,1,1203,601547,253
13,small_leak,1,1204,602047,303
13,small_leak,1,1205,602547,203
13,small_leak,1,1206,603047,200
13,small_leak,1,1207,603547,229
13,small_leak,1,1208,604047,199
13,small_leak,1,1209,604547,163
13,small_leak,1,1210,605047,107
13,small_leak,1,1211,605547,138
13,small_leak,1,1212,606047,141
13,small_leak,1,1213,606547,51
13,small_leak,1,1214,607047,239
13,small_leak,1,1215,607547,170
13,small_leak,1,1216,608047,221
13,small_leak,1,1217,608547,185
13,small_leak,1,1218,609047,249
13,small_leak,1,1219,609547,140
13,small_leak,1,1220,610047,311
13,small_leak,1,1221,610547,149
13,small_leak,1,1222,611047,214
13,small_leak,1,1223,611547,398
13,small_leak,1,1224,612047,442
13,small_leak,1,1225,612547,211
13,small_leak,1,1226,613047,329
13,small_leak,1,1227,613547,237
13,small_leak,1,1228,614047,229
13,small_leak,1,1229,614547,147
13,small_leak,1,1230,615047,213
13,small_leak,1,1231,615547,285
13,small_leak,1,1232,616047,254
13,small_leak,1,1233,616547,229
13,small_leak,1,1234,617047,107
13,small_leak,1,1235,617547,104
13,small_leak,1,1236,618047,77
13,small_leak,1,1237,618547,31
13,small_leak,1,1238,619047,37
13,small_leak,1,1239,619547,99
13,small_leak,1,1240,620047,77
13,small_leak,1,1241,620547,251
13,small_leak,1,1242,621047,109
13,small_leak,1,1243,621547,202
13,small_leak,1,1244,622047,270
13,small_leak,1,1245,622547,303
13,small_leak,1,1246,623047,182
13,small_leak,1,1247,623547,189
13,small_leak,1,1248,624047,235
13,small_leak,1,1249,624547,226
13,small_leak,1,1250,625047,181
13,small_leak,1,1251,625547,185
13,small_leak,1,1252,626048,211
13,small_leak,1,1253,626547,251
13,small_leak,1,1254,627047,275
13,small_leak,1,1255,627547,335
13,small_leak,1,1256,628047,279
13,small_leak,1,1257,628547,173
13,small_leak,1,1258,629047,187
13,small_leak,1,1259,629547,198
13,small_leak,1,1260,630047,133
13,small_leak,1,1261,630547,120
13,small_leak,1,1262,631047,83
13,small_leak,1,1263,631547,41
13,small_leak,1,1264,632047,0
13,small_leak,1,1265,632547,0
13,small_leak,1,1266,633047,0
13,small_leak,1,1267,633547,54
13,small_leak,1,1268,634047,45
13,small_leak,1,1269,634547,68
13,small_leak,1,1270,635047,6
13,small_leak,1,1271,635547,0
13,small_leak,1,1272,636047,0
13,small_leak,1,1273,636547,0
13,small_leak,1,1274,637047,120
13,small_leak,1,1275,637547,244
13,small_leak,1,1276,638047,239
13,small_leak,1,1277,638547,198
13,small_leak,1,1278,639047,248
13,small_leak,1,1279,639547,279
13,small_leak,1,1280,640047,291
13,small_leak,1,1281,640547,94
13,small_leak,1,1282,641047,63
13,small_leak,1,1283,641547,215
13,small_leak,1,1284,642047,254
13,small_leak,1,1285,642547,399
13,small_leak,1,1286,643047,335
13,small_leak,1,1287,643547,389
13,small_leak,1,1288,644047,313
13,small_leak,1,1289,644547,277
13,small_leak,1,1290,645047,373
13,small_leak,1,1291,645547,277
13,small_leak,1,1292,646047,311
13,small_leak,1,1293,646547,229
13,small_leak,1,1294,647047,308
13,small_leak,1,1295,647547,343
13,small_leak,1,1296,648047,277
13,small_leak,1,1297,648547,211
13,small_leak,1,1298,649047,251
13,small_leak,1,1299,649547,189
13,small_leak,1,1300,650047,137
13,small_leak,1,1301,650547,45
13,small_leak,1,1302,651047,40
13,small_leak,1,1303,651547,0
13,small_leak,1,1304,652047,73
13,small_leak,1,1305,652547,53
13,small_leak,1,1306,653047,2
13,small_leak,1,1307,653547,0
13,small_leak,1,1308,654047,0
13,small_leak,1,1309,654547,136
13,small_leak,1,1310,655047,95
13,small_leak,1,1311,655547,72
13,small_leak,1,1312,656047,158
13,small_leak,1,1313,656547,158
13,small_leak,1,1314,657047,117
13,small_leak,1,1315,657547,93
13,small_leak,1,1316,658047,137
13,small_leak,1,1317,658547,89
13,small_leak,1,1318,659047,111
13,small_leak,1,1319,659547,22
13,small_leak,1,1320,660047,35
13,small_leak,1,1321,660547,63
13,small_leak,1,1322,661047,6
13,small_leak,1,1323,661547,45
13,small_leak,1,1324,662047,139
13,small_leak,1,1325,662547,169
13,small_leak,1,1326,663047,105
13,small_leak,1,1327,663547,122
13,small_leak,1,1328,664047,55
13,small_leak,1,1329,664547,63
13,small_leak,1,1330,665047,216
13,small_leak,1,1331,665547,62
13,small_leak,1,1332,666047,28
13,small_leak,1,1333,666547,168
13,small_leak,1,1334,667047,105
13,small_leak,1,1335,667547,205
13,small_leak,1,1336,668047,319
13,small_leak,1,1337,668547,333
13,small_leak,1,1338,669047,255
13,small_leak,1,1339,669547,382
13,small_leak,1,1340,670047,265
13,small_leak,1,1341,670547,397
13,small_leak,1,1342,671047,295
13,small_leak,1,1343,671547,249
13,small_leak,1,1344,672047,234
13,small_leak,1,1345,672547,223
13,small_leak,1,1346,673047,172
13,small_leak,1,1347,673547,255
13,small_leak,1,1348,674047,253
13,small_leak,1,1349,674547,139
13,small_leak,1,1350,675047,251
13,small_leak,1,1351,675547,104
13,small_leak,1,1352,676047,75
13,small_leak,1,1353,676547,84
13,small_leak,1,1354,677047,121
13,small_leak,1,1355,677547,87
13,small_leak,1,1356,678047,137
13,small_leak,1,1357,678547,109
13,small_leak,1,1358,679047,101
13,small_leak,1,1359,679547,158
13,small_leak,1,1360,680047,153
13,small_leak,1,1361,680547,126
13,small_leak,1,1362,681047,104
13,small_leak,1,1363,681547,53
13,small_leak,1,1364,682047,87
13,small_leak,1,1365,682547,13
13,small_leak,1,1366,683048,35
13,small_leak,1,1367,683547,109
13,small_leak,1,1368,684047,101
13,small_leak,1,1369,684547,134
13,small_leak,1,1370,685047,79
13,small_leak,1,1371,685547,169
13,small_leak,1,1372,686047,86
13,small_leak,1,1373,686547,121
13,small_leak,1,1374,687047,220
13,small_leak,1,1375,687547,261
13,small_leak,1,1376,688047,333
13,small_leak,1,1377,688547,283
13,small_leak,1,1378,689047,152
13,small_leak,1,1379,689547,217
13,small_leak,1,1380,690047,181
13,small_leak,1,1381,690547,136
13,small_leak,1,1382,691047,106
13,small_leak,1,1383,691547,21
13,small_leak,1,1384,692047,406
13,small_leak,1,1385,692547,286
13,small_leak,1,1386,693047,318
13,small_leak,1,1387,693547,254
13,small_leak,1,1388,694047,247
13,small_leak,1,1389,694547,301
13,small_leak,1,1390,695047,303
13,small_leak,1,1391,695547,248
13,small_leak,1,1392,696047,233
13,small_leak,1,1393,696547,105
13,small_leak,1,1394,697047,91
13,small_leak,1,1395,697547,14
13,small_leak,1,1396,698047,0
13,small_leak,1,1397,698547,117
13,small_leak,1,1398,699047,228
13,small_leak,1,1399,699547,111
13,small_leak,1,1400,700047,43
13,small_leak,1,1401,700547,147
13,small_leak,1,1402,701047,125
13,small_leak,1,1403,701547,261
13,small_leak,1,1404,702047,191
13,small_leak,1,1405,702547,175
13,small_leak,1,1406,703047,205
13,small_leak,1,1407,703547,75
13,small_leak,1,1408,704047,171
13,small_leak,1,1409,704547,263
13,small_leak,1,1410,705047,83
13,small_leak,1,1411,705547,57
13,small_leak,1,1412,706047,103
13,small_leak,1,1413,706547,204
13,small_leak,1,1414,707047,403
13,small_leak,1,1415,707547,281
13,small_leak,1,1416,708047,109
13,small_leak,1,1417,708547,101
13,small_leak,1,1418,709047,77
13,small_leak,1,1419,709547,123
13,small_leak,1,1420,710047,29
13,small_leak,1,1421,710547,214
13,small_leak,1,1422,711047,168
13,small_leak,1,1423,711547,247
13,small_leak,1,1424,712047,237
13,small_leak,1,1425,712547,151
13,small_leak,1,1426,713047,326
13,small_leak,1,1427,713547,295
13,small_leak,1,1428,714047,174
13,small_leak,1,1429,714547,205
13,small_leak,1,1430,715047,124
13,small_leak,1,1431,715547,174
13,small_leak,1,1432,716047,198
13,small_leak,1,1433,716547,73
13,small_leak,1,1434,717047,75
13,small_leak,1,1435,717547,152
13,small_leak,1,1436,718047,157
13,small_leak,1,1437,718547,73
13,small_leak,1,1438,719047,21
13,small_leak,1,1439,719547,0
13,small_leak,1,1440,720047,89
13,small_leak,1,1441,720547,11
13,small_leak,1,1442,721047,0
13,small_leak,1,1443,721547,93
13,small_leak,1,1444,722047,29
13,small_leak,1,1445,722547,55
13,small_leak,1,1446,723047,23
13,small_leak,1,1447,723547,0
13,small_leak,1,1448,724047,0
13,small_leak,1,1449,724547,0
13,small_leak,1,1450,725047,0
13,small_leak,1,1451,725547,0
13,small_leak,1,1452,726047,233
13,small_leak,1,1453,726547,203
13,small_leak,1,1454,727047,179
13,small_leak,1,1455,727547,169
13,small_leak,1,1456,728047,107
13,small_leak,1,1457,728547,217
13,small_leak,1,1458,729047,283
13,small_leak,1,1459,729547,276
13,small_leak,1,1460,730047,279
13,small_leak,1,1461,730547,178
13,small_leak,1,1462,731047,109
13,small_leak,1,1463,731547,179
13,small_leak,1,1464,732047,85
13,small_leak,1,1465,732547,13
13,small_leak,1,1466,733047,125
13,small_leak,1,1467,733547,115
13,small_leak,1,1468,734047,187
13,small_leak,1,1469,734547,245
13,small_leak,1,1470,735047,275
13,small_leak,1,1471,735547,235
13,small_leak,1,1472,736047,179
13,small_leak,1,1473,736547,222
13,small_leak,1,1474,737047,79
13,small_leak,1,1475,737547,203
13,small_leak,1,1476,738047,73
13,small_leak,1,1477,738547,167
13,small_leak,1,1478,739047,269
13,small_leak,1,1479,739547,180
13,small_leak,1,1480,740047,264
13,small_leak,1,1481,740547,293
13,small_leak,1,1482,741047,310
13,small_leak,1,1483,741547,202
13,small_leak,1,1484,742047,280
13,small_leak,1,1485,742547,141
13,small_leak,1,1486,743047,519
13,small_leak,1,1487,743547,229
13,small_leak,1,1488,744047,340
13,small_leak,1,1489,744547,223
13,small_leak,1,1490,745047,301
13,small_leak,1,1491,745547,213
13,small_leak,1,1492,746047,234
13,small_leak,1,1493,746547,207
13,small_leak,1,1494,747047,235
13,small_leak,1,1495,747547,215
13,small_leak,1,1496,748047,221
13,small_leak,1,1497,748547,219
13,small_leak,1,1498,749047,326
13,small_leak,1,1499,749547,121
13,small_leak,1,1500,750047,261
13,small_leak,1,1501,750547,87
13,small_leak,1,1502,751047,69
13,small_leak,1,1503,751547,27
13,small_leak,1,1504,752047,43
13,small_leak,1,1505,752547,0
13,small_leak,1,1506,753047,0
13,small_leak,1,1507,753547,21
13,small_leak,1,1508,754047,0
13,small_leak,1,1509,754547,0
13,small_leak,1,1510,755047,0
13,small_leak,1,1511,755547,0
13,small_leak,1,1512,756047,0
13,small_leak,1,1513,756547,69
13,small_leak,1,1514,757047,116
13,small_leak,1,1515,757547,495
13,small_leak,1,1516,758047,457
13,small_leak,1,1517,758547,375
13,small_leak,1,1518,759047,244
13,small_leak,1,1519,759547,344
13,small_leak,1,1520,760047,533
13,small_leak,1,1521,760547,455
13,small_leak,1,1522,761047,437
13,small_leak,1,1523,761547,313
13,small_leak,1,1524,762047,267
13,small_leak,1,1525,762547,389
13,small_leak,1,1526,763047,381
13,small_leak,1,1527,763547,413
13,small_leak,1,1528,764047,347
13,small_leak,1,1529,764547,310
13,small_leak,1,1530,765047,157
13,small_leak,1,1531,765547,137
13,small_leak,1,1532,766047,41
13,small_leak,1,1533,766547,0
13,small_leak,1,1534,767047,0
13,small_leak,1,1535,767547,0
13,small_leak,1,1536,768047,0
13,small_leak,1,1537,768547,0
13,small_leak,1,1538,769047,0
13,small_leak,1,1539,769547,0
13,small_leak,1,1540,770047,0
13,small_leak,1,1541,770547,0
13,small_leak,1,1542,771047,38
13,small_leak,1,1543,771547,51
13,small_leak,1,1544,772047,99
13,small_leak,1,1545,772547,237
13,small_leak,1,1546,773047,138
13,small_leak,1,1547,773547,495
13,small_leak,1,1548,774047,223
13,small_leak,1,1549,774547,345
13,small_leak,1,1550,775047,317
13,small_leak,1,1551,775547,425
13,small_leak,1,1552,776047,179
13,small_leak,1,1553,776547,150
13,small_leak,1,1554,777047,236
13,small_leak,1,1555,777547,217
13,small_leak,1,1556,778047,293
13,small_leak,1,1557,778547,268
13,small_leak,1,1558,779047,251
13,small_leak,1,1559,779547,230
13,small_leak,1,1560,780047,215
13,small_leak,1,1561,780547,155
13,small_leak,1,1562,781047,200
13,small_leak,1,1563,781547,181
13,small_leak,1,1564,782047,209
13,small_leak,1,1565,782547,61
13,small_leak,1,1566,783047,181
13,small_leak,1,1567,783547,125
13,small_leak,1,1568,784047,105
13,small_leak,1,1569,784547,152
13,small_leak,1,1570,785047,105
13,small_leak,1,1571,785547,108
13,small_leak,1,1572,786047,141
13,small_leak,1,1573,786547,87
13,small_leak,1,1574,787047,175
13,small_leak,1,1575,787547,231
13,small_leak,1,1576,788047,127
13,small_leak,1,1577,788547,168
13,small_leak,1,1578,789047,160
13,small_leak,1,1579,789547,87
13,small_leak,1,1580,790047,28
13,small_leak,1,1581,790547,109
13,small_leak,1,1582,791047,81
13,small_leak,1,1583,791547,87
13,small_leak,1,1584,792047,101
13,small_leak,1,1585,792547,51
13,small_leak,1,1586,793047,88
13,small_leak,1,1587,793547,153
13,small_leak,1,1588,794047,163
13,small_leak,1,1589,794547,175
13,small_leak,1,1590,795047,203
13,small_leak,1,1591,795547,156
13,small_leak,1,1592,796047,117
13,small_leak,1,1593,796547,120
13,small_leak,1,1594,797047,503
13,small_leak,1,1595,797547,175
13,small_leak,1,1596,798047,220
13,small_leak,1,1597,798547,303
13,small_leak,1,1598,799047,287
13,small_leak,1,1599,799547,105
13,small_leak,1,1600,800047,185
13,small_leak,1,1601,800547,139
13,small_leak,1,1602,801047,238
13,small_leak,1,1603,801547,308
13,small_leak,1,1604,802047,312
13,small_leak,1,1605,802547,377
13,small_leak,1,1606,803047,211
13,small_leak,1,1607,803547,73
13,small_leak,1,1608,804047,8
13,small_leak,1,1609,804547,10
13,small_leak,1,1610,805047,23
13,small_leak,1,1611,805547,120
13,small_leak,1,1612,806047,54
13,small_leak,1,1613,806547,58
13,small_leak,1,1614,807047,2
13,small_leak,1,1615,807547,137
13,small_leak,1,1616,808047,35
13,small_leak,1,1617,808547,459
13,small_leak,1,1618,809047,277
13,small_leak,1,1619,809547,247
13,small_leak,1,1620,810047,168
13,small_leak,1,1621,810547,311
13,small_leak,1,1622,811047,333
13,small_leak,1,1623,811547,292
13,small_leak,1,1624,812047,183
13,small_leak,1,1625,812547,233
13,small_leak,1,1626,813047,135
13,small_leak,1,1627,813547,31
13,small_leak,1,1628,814047,0
13,small_leak,1,1629,814547,133
13,small_leak,1,1630,815047,93
13,small_leak,1,1631,815547,152
13,small_leak,1,1632,816047,191
13,small_leak,1,1633,816547,108
13,small_leak,1,1634,817047,229
13,small_leak,1,1635,817547,401
13,small_leak,1,1636,818047,360
13,small_leak,1,1637,818547,315
13,small_leak,1,1638,819047,251
13,small_leak,1,1639,819547,253
13,small_leak,1,1640,820047,719
13,small_leak,1,1641,820547,311
13,small_leak,1,1642,821047,317
13,small_leak,1,1643,821547,301
13,small_leak,1,1644,822047,299
13,small_leak,1,1645,822547,277
13,small_leak,1,1646,823047,341
13,small_leak,1,1647,823547,203
13,small_leak,1,1648,824047,150
13,small_leak,1,1649,824547,40
13,small_leak,1,1650,825047,0
13,small_leak,1,1651,825547,0
13,small_leak,1,1652,826047,25
13,small_leak,1,1653,826547,47
13,small_leak,1,1654,827047,109
13,small_leak,1,1655,827547,77
13,small_leak,1,1656,828047,10
13,small_leak,1,1657,828547,184
13,small_leak,1,1658,829047,69
13,small_leak,1,1659,829547,6
13,small_leak,1,1660,830047,0
13,small_leak,1,1661,830547,0
13,small_leak,1,1662,831047,237
13,small_leak,1,1663,831547,87
13,small_leak,1,1664,832047,243
13,small_leak,1,1665,832547,309
13,small_leak,1,1666,833047,101
13,small_leak,1,1667,833547,226
13,small_leak,1,1668,834047,269
13,small_leak,1,1669,834547,116
13,small_leak,1,1670,835047,87
13,small_leak,1,1671,835547,17
13,small_leak,1,1672,836047,45
13,small_leak,1,1673,836547,175
13,small_leak,1,1674,837047,53
13,small_leak,1,1675,837547,125
13,small_leak,1,1676,838047,213
13,small_leak,1,1677,838547,166
13,small_leak,1,1678,839047,213
13,small_leak,1,1679,839547,164
13,small_leak,1,1680,840047,249
13,small_leak,1,1681,840547,183
13,small_leak,1,1682,841047,233
13,small_leak,1,1683,841547,363
13,small_leak,1,1684,842047,325
13,small_leak,1,1685,842547,103
13,small_leak,1,1686,843047,90
13,small_leak,1,1687,843547,238
13,small_leak,1,1688,844047,75
13,small_leak,1,1689,844547,7
13,small_leak,1,1690,845047,37
13,small_leak,1,1691,845547,90
13,small_leak,1,1692,846047,104
13,small_leak,1,1693,846547,163
13,small_leak,1,1694,847047,152
13,small_leak,1,1695,847547,163
13,small_leak,1,1696,848047,91
13,small_leak,1,1697,848547,131
13,small_leak,1,1698,849047,41
13,small_leak,1,1699,849547,23
13,small_leak,1,1700,850047,31
13,small_leak,1,1701,850547,73
13,small_leak,1,1702,851047,205
13,small_leak,1,1703,851547,104
13,small_leak,1,1704,852047,151
13,small_leak,1,1705,852547,244
13,small_leak,1,1706,853047,418
13,small_leak,1,1707,853547,525
13,small_leak,1,1708,854047,658
13,small_leak,1,1709,854547,520
13,small_leak,1,1710,855047,285
13,small_leak,1,1711,855547,125
13,small_leak,1,1712,856047,31
13,small_leak,1,1713,856547,203
13,small_leak,1,1714,857047,295
13,small_leak,1,1715,857547,301
13,small_leak,1,1716,858047,202
13,small_leak,1,1717,858547,391
13,small_leak,1,1718,859047,214
13,small_leak,1,1719,859547,245
13,small_leak,1,1720,860047,183
13,small_leak,1,1721,860547,285
13,small_leak,1,1722,861047,227
13,small_leak,1,1723,861547,245
13,small_leak,1,1724,862047,117
13,small_leak,1,1725,862547,27
13,small_leak,1,1726,863047,0
13,small_leak,1,1727,863547,0
13,small_leak,1,1728,864047,0
13,small_leak,1,1729,864547,0
13,small_leak,1,1730,865047,0
13,small_leak,1,1731,865547,0
13,small_leak,1,1732,866047,0
13,small_leak,1,1733,866547,87
13,small_leak,1,1734,867047,59
13,small_leak,1,1735,867547,261
13,small_leak,1,1736,868047,171
13,small_leak,1,1737,868547,276
13,small_leak,1,1738,869047,263
13,small_leak,1,1739,869547,343
13,small_leak,1,1740,870047,324
13,small_leak,1,1741,870547,288
13,small_leak,1,1742,871047,244
13,small_leak,1,1743,871547,235
13,small_leak,1,1744,872047,139
13,small_leak,1,1745,872547,221
13,small_leak,1,1746,873047,213
13,small_leak,1,1747,873547,345
13,small_leak,1,1748,874047,179
13,small_leak,1,1749,874547,223
13,small_leak,1,1750,875047,159
13,small_leak,1,1751,875547,300
13,small_leak,1,1752,876047,99
13,small_leak,1,1753,876547,107
13,small_leak,1,1754,877047,154
13,small_leak,1,1755,877547,156
13,small_leak,1,1756,878047,94
13,small_leak,1,1757,878547,117
13,small_leak,1,1758,879047,74
13,small_leak,1,1759,879547,21
13,small_leak,1,1760,880047,87
13,small_leak,1,1761,880547,13
13,small_leak,1,1762,881047,0
13,small_leak,1,1763,881547,165
13,small_leak,1,1764,882047,45
13,small_leak,1,1765,882547,239
13,small_leak,1,1766,883047,214
13,small_leak,1,1767,883547,118
13,small_leak,1,1768,884047,118
13,small_leak,1,1769,884547,61
13,small_leak,1,1770,885047,226
13,small_leak,1,1771,885547,181
13,small_leak,1,1772,886047,377
13,small_leak,1,1773,886547,207
13,small_leak,1,1774,887047,304
13,small_leak,1,1775,887547,167
13,small_leak,1,1776,888047,239
13,small_leak,1,1777,888547,347
13,small_leak,1,1778,889047,136
13,small_leak,1,1779,889547,126
13,small_leak,1,1780,890047,227
13,small_leak,1,1781,890547,217
13,small_leak,1,1782,891047,349
13,small_leak,1,1783,891547,264
13,small_leak,1,1784,892047,313
13,small_leak,1,1785,892547,372
13,small_leak,1,1786,893047,333
13,small_leak,1,1787,893547,107
13,small_leak,1,1788,894047,205
13,small_leak,1,1789,894547,183
13,small_leak,1,1790,895047,197
13,small_leak,1,1791,895547,173
13,small_leak,1,1792,896047,255
13,small_leak,1,1793,896547,297
13,small_leak,1,1794,897047,203
13,small_leak,1,1795,897547,185
13,small_leak,1,1796,898047,173
13,small_leak,1,1797,898547,217
13,small_leak,1,1798,899047,237
13,small_leak,1,1799,899547,126
13,small_leak,1,1800,900047,271
13,small_leak,1,1801,900547,139
13,small_leak,1,1802,901047,75
13,small_leak,1,1803,901547,91
13,small_leak,1,1804,902047,213
13,small_leak,1,1805,902547,75
13,small_leak,1,1806,903047,153
13,small_leak,1,1807,903547,99
13,small_leak,1,1808,904047,239
13,small_leak,1,1809,904547,191
13,small_leak,1,1810,905047,326
13,small_leak,1,1811,905547,117
13,small_leak,1,1812,906047,234
13,small_leak,1,1813,906547,132
13,small_leak,1,1814,907047,235
13,small_leak,1,1815,907547,123
13,small_leak,1,1816,908047,173
13,small_leak,1,1817,908547,187
13,small_leak,1,1818,909047,239
13,small_leak,1,1819,909547,270
13,small_leak,1,1820,910047,219
13,small_leak,1,1821,910547,175
13,small_leak,1,1822,911047,75
13,small_leak,1,1823,911547,135
13,small_leak,1,1824,912047,34
13,small_leak,1,1825,912547,11
13,small_leak,1,1826,913047,89
13,small_leak,1,1827,913547,148
13,small_leak,1,1828,914047,87
13,small_leak,1,1829,914547,13
13,small_leak,1,1830,915047,99
13,small_leak,1,1831,915547,167
13,small_leak,1,1832,916047,167
13,small_leak,1,1833,916547,114
13,small_leak,1,1834,917047,146
13,small_leak,1,1835,917547,185
13,small_leak,1,1836,918047,269
13,small_leak,1,1837,918547,180
13,small_leak,1,1838,919047,213
13,small_leak,1,1839,919547,137
13,small_leak,1,1840,920047,149
13,small_leak,1,1841,920547,98
13,small_leak,1,1842,921047,139
13,small_leak,1,1843,921547,176
13,small_leak,1,1844,922047,191
13,small_leak,1,1845,922547,233
13,small_leak,1,1846,923047,149
13,small_leak,1,1847,923547,237
13,small_leak,1,1848,924047,363
13,small_leak,1,1849,924547,309
13,small_leak,1,1850,925047,188
13,small_leak,1,1851,925547,165
13,small_leak,1,1852,926047,255
13,small_leak,1,1853,926547,279
13,small_leak,1,1854,927047,181
13,small_leak,1,1855,927547,214
13,small_leak,1,1856,928047,237
13,small_leak,1,1857,928547,112
13,small_leak,1,1858,929047,172
13,small_leak,1,1859,929547,186
13,small_leak,1,1860,930047,314
13,small_leak,1,1861,930547,363
13,small_leak,1,1862,931047,277
13,small_leak,1,1863,931547,227
13,small_leak,1,1864,932047,357
13,small_leak,1,1865,932547,187
13,small_leak,1,1866,933047,73
13,small_leak,1,1867,933547,263
13,small_leak,1,1868,934047,138
13,small_leak,1,1869,934547,207
13,small_leak,1,1870,935047,153
13,small_leak,1,1871,935547,155
13,small_leak,1,1872,936047,76
13,small_leak,1,1873,936547,9
13,small_leak,1,1874,937047,0
13,small_leak,1,1875,937547,0
13,small_leak,1,1876,938047,9
13,small_leak,1,1877,938547,0
13,small_leak,1,1878,939047,0
13,small_leak,1,1879,939547,0
13,small_leak,1,1880,940047,0
13,small_leak,1,1881,940547,0
13,small_leak,1,1882,941047,0
13,small_leak,1,1883,941547,118
13,small_leak,1,1884,942047,91
13,small_leak,1,1885,942547,15
13,small_leak,1,1886,943047,211
13,small_leak,1,1887,943547,125
13,small_leak,1,1888,944047,28
13,small_leak,1,1889,944547,164
13,small_leak,1,1890,945047,151
13,small_leak,1,1891,945547,116
13,small_leak,1,1892,946047,143
13,small_leak,1,1893,946547,104
13,small_leak,1,1894,947047,30
13,small_leak,1,1895,947547,31
13,small_leak,1,1896,948047,157
13,small_leak,1,1897,948547,44
13,small_leak,1,1898,949047,200
13,small_leak,1,1899,949547,199
13,small_leak,1,1900,950047,233
13,small_leak,1,1901,950547,109
13,small_leak,1,1902,951047,179
13,small_leak,1,1903,951547,223
13,small_leak,1,1904,952047,119
13,small_leak,1,1905,952547,125
13,small_leak,1,1906,953047,169
13,small_leak,1,1907,953547,85
13,small_leak,1,1908,954047,11
13,small_leak,1,1909,954547,0
13,small_leak,1,1910,955047,402
13,small_leak,1,1911,955547,151
13,small_leak,1,1912,956047,93
13,small_leak,1,1913,956547,363
13,small_leak,1,1914,957047,186
13,small_leak,1,1915,957547,103
13,small_leak,1,1916,958047,109
13,small_leak,1,1917,958547,187
13,small_leak,1,1918,959047,331
13,small_leak,1,1919,959547,233
13,small_leak,1,1920,960047,285
13,small_leak,1,1921,960547,142
13,small_leak,1,1922,961047,103
13,small_leak,1,1923,961547,149
13,small_leak,1,1924,962047,183
13,small_leak,1,1925,962547,181
13,small_leak,1,1926,963047,153
13,small_leak,1,1927,963547,153
13,small_leak,1,1928,964047,382
13,small_leak,1,1929,964547,262
13,small_leak,1,1930,965047,178
13,small_leak,1,1931,965547,206
13,small_leak,1,1932,966047,263
13,small_leak,1,1933,966547,184
13,small_leak,1,1934,967048,201
13,small_leak,1,1935,967547,139
13,small_leak,1,1936,968047,61
13,small_leak,1,1937,968547,117
13,small_leak,1,1938,969047,48
13,small_leak,1,1939,969547,95
13,small_leak,1,1940,970047,39
13,small_leak,1,1941,970547,0
13,small_leak,1,1942,971047,0
13,small_leak,1,1943,971547,0
13,small_leak,1,1944,972047,12
13,small_leak,1,1945,972547,56
13,small_leak,1,1946,973047,35
13,small_leak,1,1947,973547,48
13,small_leak,1,1948,974047,9
13,small_leak,1,1949,974547,119
13,small_leak,1,1950,975047,187
13,small_leak,1,1951,975547,216
13,small_leak,1,1952,976047,166
13,small_leak,1,1953,976547,121
13,small_leak,1,1954,977047,45
13,small_leak,1,1955,977547,0
13,small_leak,1,1956,978047,23
13,small_leak,1,1957,978547,53
13,small_leak,1,1958,979047,102
13,small_leak,1,1959,979547,115
13,small_leak,1,1960,980047,35
13,small_leak,1,1961,980547,192
13,small_leak,1,1962,981047,57
13,small_leak,1,1963,981547,109
13,small_leak,1,1964,982047,75
13,small_leak,1,1965,982547,111
13,small_leak,1,1966,983047,219
13,small_leak,1,1967,983547,83
13,small_leak,1,1968,984047,175
13,small_leak,1,1969,984547,199
13,small_leak,1,1970,985047,116
13,small_leak,1,1971,985547,207
13,small_leak,1,1972,986047,230
13,small_leak,1,1973,986547,261
13,small_leak,1,1974,987047,283
13,small_leak,1,1975,987547,239
13,small_leak,1,1976,988047,287
13,small_leak,1,1977,988547,197
13,small_leak,1,1978,989047,75
13,small_leak,1,1979,989547,103
13,small_leak,1,1980,990047,39
13,small_leak,1,1981,990547,83
13,small_leak,1,1982,991047,39
13,small_leak,1,1983,991547,0
13,small_leak,1,1984,992047,73
13,small_leak,1,1985,992547,92
13,small_leak,1,1986,993047,17
13,small_leak,1,1987,993547,26
13,small_leak,1,1988,994047,73
13,small_leak,1,1989,994547,7
13,small_leak,1,1990,995047,111
13,small_leak,1,1991,995547,175
13,small_leak,1,1992,996047,123
13,small_leak,1,1993,996547,28
13,small_leak,1,1994,997047,133
13,small_leak,1,1995,997547,136
13,small_leak,1,1996,998047,243
13,small_leak,1,1997,998547,252
13,small_leak,1,1998,999047,383
13,small_leak,1,1999,999547,295
13,small_leak,2,0,48,232
13,small_leak,2,1,547,283
13,small_leak,2,2,1047,424
13,small_leak,2,3,1547,519
13,small_leak,2,4,2047,264
13,small_leak,2,5,2547,225
13,small_leak,2,6,3047,168
13,small_leak,2,7,3547,211
13,small_leak,2,8,4047,245
13,small_leak,2,9,4547,252
13,small_leak,2,10,5047,358
13,small_leak,2,11,5547,231
13,small_leak,2,12,6047,283
13,small_leak,2,13,6547,200
13,small_leak,2,14,7047,167
13,small_leak,2,15,7547,167
13,small_leak,2,16,8047,228
13,small_leak,2,17,8547,108
13,small_leak,2,18,9047,30
13,small_leak,2,19,9547,0
13,small_leak,2,20,10047,0
13,small_leak,2,21,10547,0
13,small_leak,2,22,11047,45
13,small_leak,2,23,11547,0
13,small_leak,2,24,12047,109
13,small_leak,2,25,12547,232
13,small_leak,2,26,13047,223
13,small_leak,2,27,13547,379
13,small_leak,2,28,14047,303
13,small_leak,2,29,14547,283
13,small_leak,2,30,15047,269
13,small_leak,2,31,15547,135
13,small_leak,2,32,16047,136
13,small_leak,2,33,16547,91
13,small_leak,2,34,17047,123
13,small_leak,2,35,17547,155
13,small_leak,2,36,18047,115
13,small_leak,2,37,18547,74
13,small_leak,2,38,19047,29
13,small_leak,2,39,19547,0
13,small_leak,2,40,20047,54
13,small_leak,2,41,20547,108
13,small_leak,2,42,21047,85
13,small_leak,2,43,21547,133
13,small_leak,2,44,22047,117
13,small_leak,2,45,22547,279
13,small_leak,2,46,23047,117
13,small_leak,2,47,23547,111
13,small_leak,2,48,24047,165
13,small_leak,2,49,24547,179
13,small_leak,2,50,25047,87
13,small_leak,2,51,25547,139
13,small_leak,2,52,26047,141
13,small_leak,2,53,26547,215
13,small_leak,2,54,27047,126
13,small_leak,2,55,27547,239
13,small_leak,2,56,28047,151
13,small_leak,2,57,28547,185
13,small_leak,2,58,29047,90
13,small_leak,2,59,29547,225
13,small_leak,2,60,30047,122
13,small_leak,2,61,30547,28
13,small_leak,2,62,31047,0
13,small_leak,2,63,31547,177
13,small_leak,2,64,32047,137
13,small_leak,2,65,32547,112
13,small_leak,2,66,33047,160
13,small_leak,2,67,33547,135
13,small_leak,2,68,34047,106
13,small_leak,2,69,34547,123
13,small_leak,2,70,35047,57
13,small_leak,2,71,35547,105
13,small_leak,2,72,36047,71
13,small_leak,2,73,36547,163
13,small_leak,2,74,37047,85
13,small_leak,2,75,37547,92
13,small_leak,2,76,38047,190
13,small_leak,2,77,38547,141
13,small_leak,2,78,39047,203
13,small_leak,2,79,39547,123
13,small_leak,2,80,40047,213
13,small_leak,2,81,40547,84
13,small_leak,2,82,41047,117
13,small_leak,2,83,41547,84
13,small_leak,2,84,42047,83
13,small_leak,2,85,42547,133
13,small_leak,2,86,43047,47
13,small_leak,2,87,43547,91
13,small_leak,2,88,44047,164
13,small_leak,2,89,44547,135
13,small_leak,2,90,45047,199
13,small_leak,2,91,45547,220
13,small_leak,2,92,46047,142
13,small_leak,2,93,46547,137
13,small_leak,2,94,47047,87
13,small_leak,2,95,47547,183
13,small_leak,2,96,48047,185
13,small_leak,2,97,48547,204
13,small_leak,2,98,49047,216
13,small_leak,2,99,49547,220
13,small_leak,2,100,50047,207
13,small_leak,2,101,50547,124
13,small_leak,2,102,51047,45
13,small_leak,2,103,51547,0
13,small_leak,2,104,52047,26
13,small_leak,2,105,52547,271
13,small_leak,2,106,53047,86
13,small_leak,2,107,53547,175
13,small_leak,2,108,54047,48
13,small_leak,2,109,54547,0
13,small_leak,2,110,55047,213
13,small_leak,2,111,55547,326
13,small_leak,2,112,56047,211
13,small_leak,2,113,56547,169
13,small_leak,2,114,57047,167
13,small_leak,2,115,57547,297
13,small_leak,2,116,58047,247
13,small_leak,2,117,58547,249
13,small_leak,2,118,59047,278
13,small_leak,2,119,59547,285
13,small_leak,2,120,60047,342
13,small_leak,2,121,60547,221
13,small_leak,2,122,61047,242
13,small_leak,2,123,61547,211
13,small_leak,2,124,62047,197
13,small_leak,2,125,62547,164
13,small_leak,2,126,63047,171
13,small_leak,2,127,63547,309
13,small_leak,2,128,64047,203
13,small_leak,2,129,64547,141
13,small_leak,2,130,65047,119
13,small_leak,2,131,65547,159
13,small_leak,2,132,66047,191
13,small_leak,2,133,66547,77
13,small_leak,2,134,67047,94
13,small_leak,2,135,67547,202
13,small_leak,2,136,68047,75
13,small_leak,2,137,68547,155
13,small_leak,2,138,69047,186
13,small_leak,2,139,69547,139
13,small_leak,2,140,70047,139
13,small_leak,2,141,70547,88
13,small_leak,2,142,71047,163
13,small_leak,2,143,71547,43
13,small_leak,2,144,72047,160
13,small_leak,2,145,72547,45
13,small_leak,2,146,73047,1
13,small_leak,2,147,73547,0
13,small_leak,2,148,74047,0
13,small_leak,2,149,74547,87
13,small_leak,2,150,75047,13
13,small_leak,2,151,75547,0
13,small_leak,2,152,76047,0
13,small_leak,2,153,76547,0
13,small_leak,2,154,77047,242
13,small_leak,2,155,77547,325
13,small_leak,2,156,78047,286
13,small_leak,2,157,78547,180
13,small_leak,2,158,79047,233
13,small_leak,2,159,79547,240
13,small_leak,2,160,80047,243
13,small_leak,2,161,80547,295
13,small_leak,2,162,81047,206
13,small_leak,2,163,81547,147
13,small_leak,2,164,82047,220
13,small_leak,2,165,82547,169
13,small_leak,2,166,83047,365
13,small_leak,2,167,83547,263
13,small_leak,2,168,84047,164
13,small_leak,2,169,84547,189
13,small_leak,2,170,85047,124
13,small_leak,2,171,85547,73
13,small_leak,2,172,86047,159
13,small_leak,2,173,86547,175
13,small_leak,2,174,87047,399
13,small_leak,2,175,87547,237
13,small_leak,2,176,88047,210
13,small_leak,2,177,88547,191
13,small_leak,2,178,89047,189
13,small_leak,2,179,89547,189
13,small_leak,2,180,90047,102
13,small_leak,2,181,90547,79
13,small_leak,2,182,91047,57
13,small_leak,2,183,91547,47
13,small_leak,2,184,92047,59
13,small_leak,2,185,92547,69
13,small_leak,2,186,93047,31
13,small_leak,2,187,93547,69
13,small_leak,2,188,94047,53
13,small_leak,2,189,94547,59
13,small_leak,2,190,95047,69
13,small_leak,2,191,95547,205
13,small_leak,2,192,96047,169
13,small_leak,2,193,96547,191
13,small_leak,2,194,97047,239
13,small_leak,2,195,97547,173
13,small_leak,2,196,98047,125
13,small_leak,2,197,98547,191
13,small_leak,2,198,99047,60
13,small_leak,2,199,99547,93
13,small_leak,2,200,100047,157
13,small_leak,2,201,100547,173
13,small_leak,2,202,101047,133
13,small_leak,2,203,101547,138
13,small_leak,2,204,102047,141
13,small_leak,2,205,102547,304
13,small_leak,2,206,103047,152
13,small_leak,2,207,103547,187
13,small_leak,2,208,104047,268
13,small_leak,2,209,104547,245
13,small_leak,2,210,105047,213
13,small_leak,2,211,105547,297
13,small_leak,2,212,106047,276
13,small_leak,2,213,106547,227
13,small_leak,2,214,107047,230
13,small_leak,2,215,107547,235
13,small_leak,2,216,108047,153
13,small_leak,2,217,108547,105
13,small_leak,2,218,109047,21
13,small_leak,2,219,109547,58
13,small_leak,2,220,110047,51
13,small_leak,2,221,110547,120
13,small_leak,2,222,111047,105
13,small_leak,2,223,111547,25
13,small_leak,2,224,112047,57
13,small_leak,2,225,112547,7
13,small_leak,2,226,113047,141
13,small_leak,2,227,113547,121
13,small_leak,2,228,114047,176
13,small_leak,2,229,114547,283
13,small_leak,2,230,115047,311
13,small_leak,2,231,115547,298
13,small_leak,2,232,116047,176
13,small_leak,2,233,116547,184
13,small_leak,2,234,117047,214
13,small_leak,2,235,117547,190
13,small_leak,2,236,118047,173
13,small_leak,2,237,118547,125
13,small_leak,2,238,119047,89
13,small_leak,2,239,119547,12
13,small_leak,2,240,120047,3
13,small_leak,2,241,120547,71
13,small_leak,2,242,121047,95
13,small_leak,2,243,121547,46
13,small_leak,2,244,122047,163
13,small_leak,2,245,122547,61
13,small_leak,2,246,123047,109
13,small_leak,2,247,123547,157
13,small_leak,2,248,124047,141
13,small_leak,2,249,124547,244
13,small_leak,2,250,125047,77
13,small_leak,2,251,125547,219
13,small_leak,2,252,126047,264
13,small_leak,2,253,126547,160
13,small_leak,2,254,127047,220
13,small_leak,2,255,127547,334
13,small_leak,2,256,128047,267
13,small_leak,2,257,128547,264
13,small_leak,2,258,129047,184
13,small_leak,2,259,129547,153
13,small_leak,2,260,130047,283
13,small_leak,2,261,130547,201
13,small_leak,2,262,131047,415
13,small_leak,2,263,131547,295
13,small_leak,2,264,132047,226
13,small_leak,2,265,132547,229
13,small_leak,2,266,133047,265
13,small_leak,2,267,133547,167
13,small_leak,2,268,134047,201
13,small_leak,2,269,134547,171
13,small_leak,2,270,135047,231
13,small_leak,2,271,135547,218
13,small_leak,2,272,136047,201
13,small_leak,2,273,136547,155
13,small_leak,2,274,137047,109
13,small_leak,2,275,137547,204
13,small_leak,2,276,138047,147
13,small_leak,2,277,138547,169
13,small_leak,2,278,139047,108
13,small_leak,2,279,139547,22
13,small_leak,2,280,140047,139
13,small_leak,2,281,140547,31
13,small_leak,2,282,141047,226
13,small_leak,2,283,141547,125
13,small_leak,2,284,142047,251
13,small_leak,2,285,142547,82
13,small_leak,2,286,143047,141
13,small_leak,2,287,143547,35
13,small_leak,2,288,144047,85
13,small_leak,2,289,144547,72
13,small_leak,2,290,145047,31
13,small_leak,2,291,145547,0
13,small_leak,2,292,146047,0
13,small_leak,2,293,146547,117
13,small_leak,2,294,147047,121
13,small_leak,2,295,147547,203
13,small_leak,2,296,148047,133
13,small_leak,2,297,148547,233
13,small_leak,2,298,149047,207
13,small_leak,2,299,149547,221
13,small_leak,2,300,150047,534
13,small_leak,2,301,150547,501
13,small_leak,2,302,151047,165
13,small_leak,2,303,151547,249
13,small_leak,2,304,152047,299
13,small_leak,2,305,152547,203
13,small_leak,2,306,153047,228
13,small_leak,2,307,153547,115
13,small_leak,2,308,154047,25
13,small_leak,2,309,154547,0
13,small_leak,2,310,155047,0
13,small_leak,2,311,155547,54
13,small_leak,2,312,156047,2
13,small_leak,2,313,156547,0
13,small_leak,2,314,157047,0
13,small_leak,2,315,157547,0
13,small_leak,2,316,158047,0
13,small_leak,2,317,158547,0
13,small_leak,2,318,159047,0
13,small_leak,2,319,159547,0
13,small_leak,2,320,160047,0
13,small_leak,2,321,160547,0
13,small_leak,2,322,161047,0
13,small_leak,2,323,161547,118
13,small_leak,2,324,162047,189
13,small_leak,2,325,162547,167
13,small_leak,2,326,163047,199
13,small_leak,2,327,163547,163
13,small_leak,2,328,164047,54
13,small_leak,2,329,164547,147
13,small_leak,2,330,165047,39
13,small_leak,2,331,165547,341
13,small_leak,2,332,166047,543
13,small_leak,2,333,166547,349
13,small_leak,2,334,167047,157
13,small_leak,2,335,167547,105
13,small_leak,2,336,168047,22
13,small_leak,2,337,168547,181
13,small_leak,2,338,169047,55
13,small_leak,2,339,169547,424
13,small_leak,2,340,170047,413
13,small_leak,2,341,170547,169
13,small_leak,2,342,171047,191
13,small_leak,2,343,171547,207
13,small_leak,2,344,172047,179
13,small_leak,2,345,172547,203
13,small_leak,2,346,173047,151
13,small_leak,2,347,173547,88
13,small_leak,2,348,174047,293
13,small_leak,2,349,174547,278
13,small_leak,2,350,175047,233
13,small_leak,2,351,175547,281
13,small_leak,2,352,176047,163
13,small_leak,2,353,176547,342
13,small_leak,2,354,177047,169
13,small_leak,2,355,177547,77
13,small_leak,2,356,178047,244
13,small_leak,2,357,178547,200
13,small_leak,2,358,179047,151
13,small_leak,2,359,179547,149
13,small_leak,2,360,180047,42
13,small_leak,2,361,180547,215
13,small_leak,2,362,181047,155
13,small_leak,2,363,181547,283
13,small_leak,2,364,182047,339
13,small_leak,2,365,182547,382
13,small_leak,2,366,183047,479
13,small_leak,2,367,183547,495
13,small_leak,2,368,184047,348
13,small_leak,2,369,184547,348
13,small_leak,2,370,185047,491
13,small_leak,2,371,185547,419
13,small_leak,2,372,186047,371
13,small_leak,2,373,186547,279
13,small_leak,2,374,187047,205
13,small_leak,2,375,187547,221
13,small_leak,2,376,188047,187
13,small_leak,2,377,188547,141
13,small_leak,2,378,189047,227
13,small_leak,2,379,189547,81
13,small_leak,2,380,190047,99
13,small_leak,2,381,190547,102
13,small_leak,2,382,191047,93
13,small_leak,2,383,191547,142
13,small_leak,2,384,192047,189
13,small_leak,2,385,192547,137
13,small_leak,2,386,193047,181
13,small_leak,2,387,193547,175
13,small_leak,2,388,194047,226
13,small_leak,2,389,194547,222
13,small_leak,2,390,195047,313
13,small_leak,2,391,195547,186
13,small_leak,2,392,196047,209
13,small_leak,2,393,196547,120
13,small_leak,2,394,197047,125
13,small_leak,2,395,197547,189
13,small_leak,2,396,198047,200
13,small_leak,2,397,198547,174
13,small_leak,2,398,199047,221
13,small_leak,2,399,199547,201
13,small_leak,2,400,200047,212
13,small_leak,2,401,200547,297
13,small_leak,2,402,201047,171
13,small_leak,2,403,201547,218
13,small_leak,2,404,202047,183
13,small_leak,2,405,202547,94
13,small_leak,2,406,203047,221
13,small_leak,2,407,203547,243
13,small_leak,2,408,204047,204
13,small_leak,2,409,204547,134
13,small_leak,2,410,205047,169
13,small_leak,2,411,205547,141
13,small_leak,2,412,206047,93
13,small_leak,2,413,206547,17
13,small_leak,2,414,207047,265
13,small_leak,2,415,207547,213
13,small_leak,2,416,208047,109
13,small_leak,2,417,208547,99
13,small_leak,2,418,209047,37
13,small_leak,2,419,209547,105
13,small_leak,2,420,210047,292
13,small_leak,2,421,210547,309
13,small_leak,2,422,211047,210
13,small_leak,2,423,211547,217
13,small_leak,2,424,212047,121
13,small_leak,2,425,212547,211
13,small_leak,2,426,213047,112
13,small_leak,2,427,213547,109
13,small_leak,2,428,214047,43
13,small_leak,2,429,214547,106
13,small_leak,2,430,215047,117
13,small_leak,2,431,215547,91
13,small_leak,2,432,216047,159
13,small_leak,2,433,216547,201
13,small_leak,2,434,217047,83
13,small_leak,2,435,217547,87
13,small_leak,2,436,218047,243
13,small_leak,2,437,218547,183
13,small_leak,2,438,219047,303
13,small_leak,2,439,219547,230
13,small_leak,2,440,220047,223
13,small_leak,2,441,220547,318
13,small_leak,2,442,221047,314
13,small_leak,2,443,221547,312
13,small_leak,2,444,222047,314
13,small_leak,2,445,222547,261
13,small_leak,2,446,223047,245
13,small_leak,2,447,223547,253
13,small_leak,2,448,224047,221
13,small_leak,2,449,224547,227
13,small_leak,2,450,225047,153
13,small_leak,2,451,225547,167
13,small_leak,2,452,226047,83
13,small_leak,2,453,226547,93
13,small_leak,2,454,227047,124
13,small_leak,2,455,227547,57
13,small_leak,2,456,228047,43
13,small_leak,2,457,228547,0
13,small_leak,2,458,229047,0
13,small_leak,2,459,229547,0
13,small_leak,2,460,230047,0
13,small_leak,2,461,230547,0
13,small_leak,2,462,231047,0
13,small_leak,2,463,231547,11
13,small_leak,2,464,232047,58
13,small_leak,2,465,232547,157
13,small_leak,2,466,233047,147
13,small_leak,2,467,233547,85
13,small_leak,2,468,234047,142
13,small_leak,2,469,234547,236
13,small_leak,2,470,235047,332
13,small_leak,2,471,235547,247
13,small_leak,2,472,236047,159
13,small_leak,2,473,236547,325
13,small_leak,2,474,237047,105
13,small_leak,2,475,237547,20
13,small_leak,2,476,238047,201
13,small_leak,2,477,238547,164
13,small_leak,2,478,239047,119
13,small_leak,2,479,239547,135
13,small_leak,2,480,240047,197
13,small_leak,2,481,240547,168
13,small_leak,2,482,241047,147
13,small_leak,2,483,241547,268
13,small_leak,2,484,242047,311
13,small_leak,2,485,242547,115
13,small_leak,2,486,243047,401
13,small_leak,2,487,243547,238
13,small_leak,2,488,244047,404
13,small_leak,2,489,244547,434
13,small_leak,2,490,245047,419
13,small_leak,2,491,245547,423
13,small_leak,2,492,246047,473
13,small_leak,2,493,246547,439
13,small_leak,2,494,247047,373
13,small_leak,2,495,247547,227
13,small_leak,2,496,248047,187
13,small_leak,2,497,248547,149
13,small_leak,2,498,249047,199
13,small_leak,2,499,249547,231
13,small_leak,2,500,250047,155
13,small_leak,2,501,250547,119
13,small_leak,2,502,251047,105
13,small_leak,2,503,251547,119
13,small_leak,2,504,252047,45
13,small_leak,2,505,252547,46
13,small_leak,2,506,253047,0
13,small_leak,2,507,253547,0
13,small_leak,2,508,254048,0
13,small_leak,2,509,254547,0
13,small_leak,2,510,255047,0
13,small_leak,2,511,255547,45
13,small_leak,2,512,256047,33
13,small_leak,2,513,256547,0
13,small_leak,2,514,257047,164
13,small_leak,2,515,257547,153
13,small_leak,2,516,258047,112
13,small_leak,2,517,258547,212
13,small_leak,2,518,259047,137
13,small_leak,2,519,259547,237
13,small_leak,2,520,260047,265
13,small_leak,2,521,260547,239
13,small_leak,2,522,261047,149
13,small_leak,2,523,261547,37
13,small_leak,2,524,262047,90
13,small_leak,2,525,262547,110
13,small_leak,2,526,263047,153
13,small_leak,2,527,263547,170
13,small_leak,2,528,264047,152
13,small_leak,2,529,264547,155
13,small_leak,2,530,265047,135
13,small_leak,2,531,265547,70
13,small_leak,2,532,266047,73
13,small_leak,2,533,266547,118
13,small_leak,2,534,267047,25
13,small_leak,2,535,267547,490
13,small_leak,2,536,268047,165
13,small_leak,2,537,268547,43
13,small_leak,2,538,269047,119
13,small_leak,2,539,269547,26
13,small_leak,2,540,270047,21
13,small_leak,2,541,270547,75
13,small_leak,2,542,271047,7
13,small_leak,2,543,271547,107
13,small_leak,2,544,272047,23
13,small_leak,2,545,272547,0
13,small_leak,2,546,273047,30
13,small_leak,2,547,273547,51
13,small_leak,2,548,274047,67
13,small_leak,2,549,274547,5
13,small_leak,2,550,275047,83
13,small_leak,2,551,275547,13
13,small_leak,2,552,276047,267
13,small_leak,2,553,276547,166
13,small_leak,2,554,277047,189
13,small_leak,2,555,277547,133
13,small_leak,2,556,278047,201
13,small_leak,2,557,278547,185
13,small_leak,2,558,279047,297
13,small_leak,2,559,279547,127
13,small_leak,2,560,280048,30
13,small_leak,2,561,280547,229
13,small_leak,2,562,281047,309
13,small_leak,2,563,281547,200
13,small_leak,2,564,282047,275
13,small_leak,2,565,282547,135
13,small_leak,2,566,283047,232
13,small_leak,2,567,283547,115
13,small_leak,2,568,284047,270
13,small_leak,2,569,284547,151
13,small_leak,2,570,285047,143
13,small_leak,2,571,285547,281
13,small_leak,2,572,286047,238
13,small_leak,2,573,286547,137
13,small_leak,2,574,287047,125
13,small_leak,2,575,287547,87
13,small_leak,2,576,288047,335
13,small_leak,2,577,288547,109
13,small_leak,2,578,289047,133
13,small_leak,2,579,289547,174
13,small_leak,2,580,290047,221
13,small_leak,2,581,290547,326
13,small_leak,2,582,291047,261
13,small_leak,2,583,291547,114
13,small_leak,2,584,292047,205
13,small_leak,2,585,292547,140
13,small_leak,2,586,293047,232
13,small_leak,2,587,293547,185
13,small_leak,2,588,294047,221
13,small_leak,2,589,294547,265
13,small_leak,2,590,295047,216
13,small_leak,2,591,295547,395
13,small_leak,2,592,296047,275
13,small_leak,2,593,296547,231
13,small_leak,2,594,297047,217
13,small_leak,2,595,297547,122
13,small_leak,2,596,298047,383
13,small_leak,2,597,298547,327
13,small_leak,2,598,299047,175
13,small_leak,2,599,299547,119
13,small_leak,2,600,300047,147
13,small_leak,2,601,300547,231
13,small_leak,2,602,301047,368
13,small_leak,2,603,301547,170
13,small_leak,2,604,302047,364
13,small_leak,2,605,302547,408
13,small_leak,2,606,303047,261
13,small_leak,2,607,303547,275
13,small_leak,2,608,304047,279
13,small_leak,2,609,304547,275
13,small_leak,2,610,305047,153
13,small_leak,2,611,305547,270
13,small_leak,2,612,306047,123
13,small_leak,2,613,306547,69
13,small_leak,2,614,307047,7
13,small_leak,2,615,307547,0
13,small_leak,2,616,308047,0
13,small_leak,2,617,308547,0
13,small_leak,2,618,309047,0
13,small_leak,2,619,309547,0
13,small_leak,2,620,310047,0
13,small_leak,2,621,310547,0
13,small_leak,2,622,311047,0
13,small_leak,2,623,311547,0
13,small_leak,2,624,312047,103
13,small_leak,2,625,312547,39
13,small_leak,2,626,313047,119
13,small_leak,2,627,313547,43
13,small_leak,2,628,314047,120
13,small_leak,2,629,314547,221
13,small_leak,2,630,315047,207
13,small_leak,2,631,315547,301
13,small_leak,2,632,316047,160
13,small_leak,2,633,316547,201
13,small_leak,2,634,317047,217
13,small_leak,2,635,317547,239
13,small_leak,2,636,318047,185
13,small_leak,2,637,318547,151
13,small_leak,2,638,319047,168
13,small_leak,2,639,319547,290
13,small_leak,2,640,320047,262
13,small_leak,2,641,320547,280
13,small_leak,2,642,321047,271
13,small_leak,2,643,321547,411
13,small_leak,2,644,322047,157
13,small_leak,2,645,322547,291
13,small_leak,2,646,323047,281
13,small_leak,2,647,323547,263
13,small_leak,2,648,324047,181
13,small_leak,2,649,324547,333
13,small_leak,2,650,325047,199
13,small_leak,2,651,325547,203
13,small_leak,2,652,326047,75
13,small_leak,2,653,326547,31
13,small_leak,2,654,327047,56
13,small_leak,2,655,327547,37
13,small_leak,2,656,328047,27
13,small_leak,2,657,328547,56
13,small_leak,2,658,329047,7
13,small_leak,2,659,329547,0
13,small_leak,2,660,330047,0
13,small_leak,2,661,330547,39
13,small_leak,2,662,331047,39
13,small_leak,2,663,331547,3
13,small_leak,2,664,332047,92
13,small_leak,2,665,332547,117
13,small_leak,2,666,333047,75
13,small_leak,2,667,333547,135
13,small_leak,2,668,334047,170
13,small_leak,2,669,334547,281
13,small_leak,2,670,335047,254
13,small_leak,2,671,335547,251
13,small_leak,2,672,336047,327
13,small_leak,2,673,336547,343
13,small_leak,2,674,337047,345
13,small_leak,2,675,337547,293
13,small_leak,2,676,338047,355
13,small_leak,2,677,338547,439
13,small_leak,2,678,339047,398
13,small_leak,2,679,339547,390
13,small_leak,2,680,340047,367
13,small_leak,2,681,340547,253
13,small_leak,2,682,341047,123
13,small_leak,2,683,341547,85
13,small_leak,2,684,342047,73
13,small_leak,2,685,342547,7
13,small_leak,2,686,343047,147
13,small_leak,2,687,343547,152
13,small_leak,2,688,344047,135
13,small_leak,2,689,344547,31
13,small_leak,2,690,345047,91
13,small_leak,2,691,345547,176
13,small_leak,2,692,346047,171
13,small_leak,2,693,346547,317
13,small_leak,2,694,347047,234
13,small_leak,2,695,347547,299
13,small_leak,2,696,348047,303
13,small_leak,2,697,348547,260
13,small_leak,2,698,349047,285
13,small_leak,2,699,349547,273
13,small_leak,2,700,350047,254
13,small_leak,2,701,350547,185
13,small_leak,2,702,351047,123
13,small_leak,2,703,351547,47
13,small_leak,2,704,352047,1
13,small_leak,2,705,352547,24
13,small_leak,2,706,353047,46
13,small_leak,2,707,353547,0
13,small_leak,2,708,354047,12
13,small_leak,2,709,354547,38
13,small_leak,2,710,355047,53
13,small_leak,2,711,355547,125
13,small_leak,2,712,356047,105
13,small_leak,2,713,356547,155
13,small_leak,2,714,357047,243
13,small_leak,2,715,357547,152
13,small_leak,2,716,358047,180
13,small_leak,2,717,358547,233
13,small_leak,2,718,359047,73
13,small_leak,2,719,359547,7
13,small_leak,2,720,360047,173
13,small_leak,2,721,360547,175
13,small_leak,2,722,361047,55
13,small_leak,2,723,361547,39
13,small_leak,2,724,362047,97
13,small_leak,2,725,362547,197
13,small_leak,2,726,363047,112
13,small_leak,2,727,363547,191
13,small_leak,2,728,364047,99
13,small_leak,2,729,364547,228
13,small_leak,2,730,365048,232
13,small_leak,2,731,365547,91
13,small_leak,2,732,366047,115
13,small_leak,2,733,366547,190
13,small_leak,2,734,367047,88
13,small_leak,2,735,367547,136
13,small_leak,2,736,368047,134
13,small_leak,2,737,368547,230
13,small_leak,2,738,369047,327
13,small_leak,2,739,369547,199
13,small_leak,2,740,370047,111
13,small_leak,2,741,370547,245
13,small_leak,2,742,371048,199
13,small_leak,2,743,371547,267
13,small_leak,2,744,372047,95
13,small_leak,2,745,372547,135
13,small_leak,2,746,373047,159
13,small_leak,2,747,373547,41
13,small_leak,2,748,374047,23
13,small_leak,2,749,374547,0
13,small_leak,2,750,375047,0
13,small_leak,2,751,375547,0
13,small_leak,2,752,376047,0
13,small_leak,2,753,376547,0
13,small_leak,2,754,377047,0
13,small_leak,2,755,377547,74
13,small_leak,2,756,378047,75
13,small_leak,2,757,378547,156
13,small_leak,2,758,379047,251
13,small_leak,2,759,379547,253
13,small_leak,2,760,380047,281
13,small_leak,2,761,380547,297
13,small_leak,2,762,381047,221
13,small_leak,2,763,381547,201
13,small_leak,2,764,382047,262
13,small_leak,2,765,382547,425
13,small_leak,2,766,383047,333
13,small_leak,2,767,383547,338
13,small_leak,2,768,384047,283
13,small_leak,2,769,384547,251
13,small_leak,2,770,385047,269
13,small_leak,2,771,385547,215
13,small_leak,2,772,386047,256
13,small_leak,2,773,386547,269
13,small_leak,2,774,387047,243
13,small_leak,2,775,387547,187
13,small_leak,2,776,388047,58
13,small_leak,2,777,388547,151
13,small_leak,2,778,389047,95
13,small_leak,2,779,389547,17
13,small_leak,2,780,390047,31
13,small_leak,2,781,390547,71
13,small_leak,2,782,391047,10
13,small_leak,2,783,391547,0
13,small_leak,2,784,392047,0
13,small_leak,2,785,392547,0
13,small_leak,2,786,393047,102
13,small_leak,2,787,393547,75
13,small_leak,2,788,394047,200
13,small_leak,2,789,394547,213
13,small_leak,2,790,395047,179
13,small_leak,2,791,395547,186
13,small_leak,2,792,396047,186
13,small_leak,2,793,396547,204
13,small_leak,2,794,397047,103
13,small_leak,2,795,397547,39
13,small_leak,2,796,398047,78
13,small_leak,2,797,398547,171
13,small_leak,2,798,399047,170
13,small_leak,2,799,399547,199
13,small_leak,2,800,400047,173
13,small_leak,2,801,400547,301
13,small_leak,2,802,401047,148
13,small_leak,2,803,401547,216
13,small_leak,2,804,402047,205
13,small_leak,2,805,402547,279
13,small_leak,2,806,403047,361
13,small_leak,2,807,403547,184
13,small_leak,2,808,404047,200
13,small_leak,2,809,404547,57
13,small_leak,2,810,405047,3
13,small_leak,2,811,405547,91
13,small_leak,2,812,406047,25
13,small_leak,2,813,406547,45
13,small_leak,2,814,407047,100
13,small_leak,2,815,407547,150
13,small_leak,2,816,408047,237
13,small_leak,2,817,408547,135
13,small_leak,2,818,409047,234
13,small_leak,2,819,409547,157
13,small_leak,2,820,410047,169
13,small_leak,2,821,410547,137
13,small_leak,2,822,411048,141
13,small_leak,2,823,411547,152
13,small_leak,2,824,412047,102
13,small_leak,2,825,412547,142
13,small_leak,2,826,413047,151
13,small_leak,2,827,413547,94
13,small_leak,2,828,414047,18
13,small_leak,2,829,414547,135
13,small_leak,2,830,415047,108
13,small_leak,2,831,415547,28
13,small_leak,2,832,416047,53
13,small_leak,2,833,416547,87
13,small_leak,2,834,417047,59
13,small_leak,2,835,417547,3
13,small_leak,2,836,418047,109
13,small_leak,2,837,418547,51
13,small_leak,2,838,419047,35
13,small_leak,2,839,419547,77
13,small_leak,2,840,420047,156
13,small_leak,2,841,420547,84
13,small_leak,2,842,421047,83
13,small_leak,2,843,421547,169
13,small_leak,2,844,422047,186
13,small_leak,2,845,422547,297
13,small_leak,2,846,423047,315
13,small_leak,2,847,423547,279
13,small_leak,2,848,424047,184
13,small_leak,2,849,424547,350
13,small_leak,2,850,425047,121
13,small_leak,2,851,425547,117
13,small_leak,2,852,426047,173
13,small_leak,2,853,426547,179
13,small_leak,2,854,427047,227
13,small_leak,2,855,427547,151
13,small_leak,2,856,428047,179
13,small_leak,2,857,428547,183
13,small_leak,2,858,429047,207
13,small_leak,2,859,429547,83
13,small_leak,2,860,430047,269
13,small_leak,2,861,430547,359
13,small_leak,2,862,431047,311
13,small_leak,2,863,431547,332
13,small_leak,2,864,432047,231
13,small_leak,2,865,432547,185
13,small_leak,2,866,433047,135
13,small_leak,2,867,433547,191
13,small_leak,2,868,434047,105
13,small_leak,2,869,434547,58
13,small_leak,2,870,435047,73
13,small_leak,2,871,435547,71
13,small_leak,2,872,436047,43
13,small_leak,2,873,436547,0
13,small_leak,2,874,437047,0
13,small_leak,2,875,437547,0
13,small_leak,2,876,438047,174
13,small_leak,2,877,438547,57
13,small_leak,2,878,439047,197
13,small_leak,2,879,439547,218
13,small_leak,2,880,440047,635
13,small_leak,2,881,440547,221
13,small_leak,2,882,441047,293
13,small_leak,2,883,441547,281
13,small_leak,2,884,442047,285
13,small_leak,2,885,442547,147
13,small_leak,2,886,443047,267
13,small_leak,2,887,443547,425
13,small_leak,2,888,444047,346
13,small_leak,2,889,444547,282
13,small_leak,2,890,445047,177
13,small_leak,2,891,445547,106
13,small_leak,2,892,446047,125
13,small_leak,2,893,446547,183
13,small_leak,2,894,447047,188
13,small_leak,2,895,447547,94
13,small_leak,2,896,448047,52
13,small_leak,2,897,448547,11
13,small_leak,2,898,449047,123
13,small_leak,2,899,449547,29
13,small_leak,2,900,450047,55
13,small_leak,2,901,450547,76
13,small_leak,2,902,451047,181
13,small_leak,2,903,451547,219
13,small_leak,2,904,452047,199
13,small_leak,2,905,452547,57
13,small_leak,2,906,453047,4
13,small_leak,2,907,453547,0
13,small_leak,2,908,454047,22
13,small_leak,2,909,454547,120
13,small_leak,2,910,455048,216
13,small_leak,2,911,455547,185
13,small_leak,2,912,456047,89
13,small_leak,2,913,456547,187
13,small_leak,2,914,457047,133
13,small_leak,2,915,457547,91
13,small_leak,2,916,458047,101
13,small_leak,2,917,458547,56
13,small_leak,2,918,459047,70
13,small_leak,2,919,459547,17
13,small_leak,2,920,460047,61
13,small_leak,2,921,460547,39
13,small_leak,2,922,461047,109
13,small_leak,2,923,461547,274
13,small_leak,2,924,462047,295
13,small_leak,2,925,462547,149
13,small_leak,2,926,463047,203
13,small_leak,2,927,463547,127
13,small_leak,2,928,464047,176
13,small_leak,2,929,464547,133
13,small_leak,2,930,465047,75
13,small_leak,2,931,465547,22
13,small_leak,2,932,466047,250
13,small_leak,2,933,466547,237
13,small_leak,2,934,467047,211
13,small_leak,2,935,467547,424
13,small_leak,2,936,468047,274
13,small_leak,2,937,468547,317
13,small_leak,2,938,469047,373
13,small_leak,2,939,469547,239
13,small_leak,2,940,470047,197
13,small_leak,2,941,470547,171
13,small_leak,2,942,471047,202
13,small_leak,2,943,471547,181
13,small_leak,2,944,472047,133
13,small_leak,2,945,472547,45
13,small_leak,2,946,473047,101
13,small_leak,2,947,473547,105
13,small_leak,2,948,474047,59
13,small_leak,2,949,474547,62
13,small_leak,2,950,475047,82
13,small_leak,2,951,475547,139
13,small_leak,2,952,476047,147
13,small_leak,2,953,476547,59
13,small_leak,2,954,477047,147
13,small_leak,2,955,477547,59
13,small_leak,2,956,478047,75
13,small_leak,2,957,478547,19
13,small_leak,2,958,479047,180
13,small_leak,2,959,479547,151
13,small_leak,2,960,480047,296
13,small_leak,2,961,480547,207
13,small_leak,2,962,481047,204
13,small_leak,2,963,481547,106
13,small_leak,2,964,482047,192
13,small_leak,2,965,482547,179
13,small_leak,2,966,483047,359
13,small_leak,2,967,483547,299
13,small_leak,2,968,484047,375
13,small_leak,2,969,484547,125
13,small_leak,2,970,485047,169
13,small_leak,2,971,485547,206
13,small_leak,2,972,486047,213
13,small_leak,2,973,486547,163
13,small_leak,2,974,487047,173
13,small_leak,2,975,487547,229
13,small_leak,2,976,488047,233
13,small_leak,2,977,488547,187
13,small_leak,2,978,489047,201
13,small_leak,2,979,489547,68
13,small_leak,2,980,490047,69
13,small_leak,2,981,490547,118
13,small_leak,2,982,491047,125
13,small_leak,2,983,491547,112
13,small_leak,2,984,492047,133
13,small_leak,2,985,492547,201
13,small_leak,2,986,493047,136
13,small_leak,2,987,493547,125
13,small_leak,2,988,494047,63
13,small_leak,2,989,494547,135
13,small_leak,2,990,495047,56
13,small_leak,2,991,495547,12
13,small_leak,2,992,496047,119
13,small_leak,2,993,496547,101
13,small_leak,2,994,497047,237
13,small_leak,2,995,497547,203
13,small_leak,2,996,498047,230
13,small_leak,2,997,498547,160
13,small_leak,2,998,499047,179
13,small_leak,2,999,499547,139
13,small_leak,2,1000,500047,277
13,small_leak,2,1001,500547,245
13,small_leak,2,1002,501047,227
13,small_leak,2,1003,501547,174
13,small_leak,2,1004,502047,123
13,small_leak,2,1005,502547,169
13,small_leak,2,1006,503047,106
13,small_leak,2,1007,503547,99
13,small_leak,2,1008,504047,117
13,small_leak,2,1009,504547,47
13,small_leak,2,1010,505047,181
13,small_leak,2,1011,505547,199
13,small_leak,2,1012,506047,409
13,small_leak,2,1013,506547,409
13,small_leak,2,1014,507047,353
13,small_leak,2,1015,507547,280
13,small_leak,2,1016,508047,190
13,small_leak,2,1017,508547,105
13,small_leak,2,1018,509047,309
13,small_leak,2,1019,509547,343
13,small_leak,2,1020,510047,227
13,small_leak,2,1021,510547,218
13,small_leak,2,1022,511047,99
13,small_leak,2,1023,511547,249
13,small_leak,2,1024,512047,213
13,small_leak,2,1025,512547,215
13,small_leak,2,1026,513047,245
13,small_leak,2,1027,513547,227
13,small_leak,2,1028,514047,87
13,small_leak,2,1029,514547,166
13,small_leak,2,1030,515047,121
13,small_leak,2,1031,515547,88
13,small_leak,2,1032,516047,125
13,small_leak,2,1033,516547,27
13,small_leak,2,1034,517047,0
13,small_leak,2,1035,517547,0
13,small_leak,2,1036,518047,0
13,small_leak,2,1037,518547,0
13,small_leak,2,1038,519047,0
13,small_leak,2,1039,519547,0
13,small_leak,2,1040,520047,17
13,small_leak,2,1041,520547,6
13,small_leak,2,1042,521047,0
13,small_leak,2,1043,521547,13
13,small_leak,2,1044,522047,56
13,small_leak,2,1045,522547,7
13,small_leak,2,1046,523047,126
13,small_leak,2,1047,523547,238
13,small_leak,2,1048,524047,229
13,small_leak,2,1049,524547,229
13,small_leak,2,1050,525047,221
13,small_leak,2,1051,525547,142
13,small_leak,2,1052,526047,343
13,small_leak,2,1053,526547,275
13,small_leak,2,1054,527047,203
13,small_leak,2,1055,527547,230
13,small_leak,2,1056,528047,253
13,small_leak,2,1057,528547,283
13,small_leak,2,1058,529047,288
13,small_leak,2,1059,529547,117
13,small_leak,2,1060,530047,149
13,small_leak,2,1061,530547,189
13,small_leak,2,1062,531047,359
13,small_leak,2,1063,531547,429
13,small_leak,2,1064,532047,267
13,small_leak,2,1065,532547,301
13,small_leak,2,1066,533047,299
13,small_leak,2,1067,533547,263
13,small_leak,2,1068,534047,270
13,small_leak,2,1069,534547,275
13,small_leak,2,1070,535047,234
13,small_leak,2,1071,535547,203
13,small_leak,2,1072,536047,187
13,small_leak,2,1073,536547,139
13,small_leak,2,1074,537047,87
13,small_leak,2,1075,537547,105
13,small_leak,2,1076,538047,85
13,small_leak,2,1077,538547,91
13,small_leak,2,1078,539047,107
13,small_leak,2,1079,539547,101
13,small_leak,2,1080,540047,39
13,small_leak,2,1081,540547,26
13,small_leak,2,1082,541047,31
13,small_leak,2,1083,541547,0
13,small_leak,2,1084,542047,26
13,small_leak,2,1085,542547,267
13,small_leak,2,1086,543047,133
13,small_leak,2,1087,543547,46
13,small_leak,2,1088,544047,36
13,small_leak,2,1089,544547,156
13,small_leak,2,1090,545047,202
13,small_leak,2,1091,545547,157
13,small_leak,2,1092,546047,292
13,small_leak,2,1093,546547,97
13,small_leak,2,1094,547047,185
13,small_leak,2,1095,547547,231
13,small_leak,2,1096,548047,240
13,small_leak,2,1097,548547,158
13,small_leak,2,1098,549047,133
13,small_leak,2,1099,549547,315
13,small_leak,2,1100,550047,247
13,small_leak,2,1101,550547,135
13,small_leak,2,1102,551047,66
13,small_leak,2,1103,551547,89
13,small_leak,2,1104,552047,24
13,small_leak,2,1105,552547,216
13,small_leak,2,1106,553047,250
13,small_leak,2,1107,553547,181
13,small_leak,2,1108,554047,81
13,small_leak,2,1109,554547,136
13,small_leak,2,1110,555047,151
13,small_leak,2,1111,555547,216
13,small_leak,2,1112,556047,63
13,small_leak,2,1113,556547,236
13,small_leak,2,1114,557047,199
13,small_leak,2,1115,557547,72
13,small_leak,2,1116,558047,104
13,small_leak,2,1117,558547,105
13,small_leak,2,1118,559047,22
13,small_leak,2,1119,559547,109
13,small_leak,2,1120,560047,92
13,small_leak,2,1121,560547,17
13,small_leak,2,1122,561047,115
13,small_leak,2,1123,561547,137
13,small_leak,2,1124,562047,292
13,small_leak,2,1125,562547,120
13,small_leak,2,1126,563047,181
13,small_leak,2,1127,563547,228
13,small_leak,2,1128,564047,119
13,small_leak,2,1129,564547,172
13,small_leak,2,1130,565047,69
13,small_leak,2,1131,565547,9
13,small_leak,2,1132,566048,143
13,small_leak,2,1133,566547,59
13,small_leak,2,1134,567047,135
13,small_leak,2,1135,567547,29
13,small_leak,2,1136,568047,2
13,small_leak,2,1137,568547,93
13,small_leak,2,1138,569047,76
13,small_leak,2,1139,569547,11
13,small_leak,2,1140,570047,0
13,small_leak,2,1141,570547,0
13,small_leak,2,1142,571047,175
13,small_leak,2,1143,571547,48
13,small_leak,2,1144,572047,0
13,small_leak,2,1145,572547,153
13,small_leak,2,1146,573047,285
13,small_leak,2,1147,573547,115
13,small_leak,2,1148,574047,231
13,small_leak,2,1149,574547,179
13,small_leak,2,1150,575047,397
13,small_leak,2,1151,575547,335
13,small_leak,2,1152,576047,373
13,small_leak,2,1153,576547,296
13,small_leak,2,1154,577047,203
13,small_leak,2,1155,577547,347
13,small_leak,2,1156,578047,244
13,small_leak,2,1157,578547,251
13,small_leak,2,1158,579047,174
13,small_leak,2,1159,579547,266
13,small_leak,2,1160,580047,136
13,small_leak,2,1161,580547,317
13,small_leak,2,1162,581047,136
13,small_leak,2,1163,581547,179
13,small_leak,2,1164,582047,233
13,small_leak,2,1165,582547,186
13,small_leak,2,1166,583047,108
13,small_leak,2,1167,583547,99
13,small_leak,2,1168,584047,83
13,small_leak,2,1169,584547,30
13,small_leak,2,1170,585047,47
13,small_leak,2,1171,585547,42
13,small_leak,2,1172,586047,59
13,small_leak,2,1173,586547,94
13,small_leak,2,1174,587047,17
13,small_leak,2,1175,587547,0
13,small_leak,2,1176,588047,5
13,small_leak,2,1177,588547,127
13,small_leak,2,1178,589047,141
13,small_leak,2,1179,589547,73
13,small_leak,2,1180,590047,149
13,small_leak,2,1181,590547,40
13,small_leak,2,1182,591047,87
13,small_leak,2,1183,591547,152
13,small_leak,2,1184,592047,153
13,small_leak,2,1185,592547,67
13,small_leak,2,1186,593047,9
13,small_leak,2,1187,593547,142
13,small_leak,2,1188,594047,189
13,small_leak,2,1189,594547,125
13,small_leak,2,1190,595047,285
13,small_leak,2,1191,595547,171
13,small_leak,2,1192,596047,353
13,small_leak,2,1193,596547,314
13,small_leak,2,1194,597047,301
13,small_leak,2,1195,597547,456
13,small_leak,2,1196,598047,424
13,small_leak,2,1197,598547,291
13,small_leak,2,1198,599047,237
13,small_leak,2,1199,599547,218
13,small_leak,2,1200,600047,281
13,small_leak,2,1201,600547,231
13,small_leak,2,1202,601047,169
13,small_leak,2,1203,601547,173
13,small_leak,2,1204,602047,168
13,small_leak,2,1205,602547,85
13,small_leak,2,1206,603047,157
13,small_leak,2,1207,603547,142
13,small_leak,2,1208,604047,139
13,small_leak,2,1209,604547,93
13,small_leak,2,1210,605047,203
13,small_leak,2,1211,605547,70
13,small_leak,2,1212,606047,8
13,small_leak,2,1213,606547,63
13,small_leak,2,1214,607047,16
13,small_leak,2,1215,607547,0
13,small_leak,2,1216,608047,62
13,small_leak,2,1217,608547,73
13,small_leak,2,1218,609047,71
13,small_leak,2,1219,609547,152
13,small_leak,2,1220,610047,39
13,small_leak,2,1221,610547,141
13,small_leak,2,1222,611047,59
13,small_leak,2,1223,611547,135
13,small_leak,2,1224,612047,63
13,small_leak,2,1225,612547,345
13,small_leak,2,1226,613047,111
13,small_leak,2,1227,613547,201
13,small_leak,2,1228,614047,275
13,small_leak,2,1229,614547,231
13,small_leak,2,1230,615047,404
13,small_leak,2,1231,615547,283
13,small_leak,2,1232,616047,227
13,small_leak,2,1233,616547,225
13,small_leak,2,1234,617047,173
13,small_leak,2,1235,617547,58
13,small_leak,2,1236,618047,138
13,small_leak,2,1237,618547,58
13,small_leak,2,1238,619047,185
13,small_leak,2,1239,619547,269
13,small_leak,2,1240,620047,261
13,small_leak,2,1241,620547,207
13,small_leak,2,1242,621047,277
13,small_leak,2,1243,621547,315
13,small_leak,2,1244,622047,301
13,small_leak,2,1245,622547,307
13,small_leak,2,1246,623047,282
13,small_leak,2,1247,623547,328
13,small_leak,2,1248,624047,285
13,small_leak,2,1249,624547,295
13,small_leak,2,1250,625047,249
13,small_leak,2,1251,625547,207
13,small_leak,2,1252,626047,203
13,small_leak,2,1253,626547,119
13,small_leak,2,1254,627047,153
13,small_leak,2,1255,627547,168
13,small_leak,2,1256,628047,221
13,small_leak,2,1257,628547,99
13,small_leak,2,1258,629047,175
13,small_leak,2,1259,629547,166
13,small_leak,2,1260,630047,117
13,small_leak,2,1261,630547,191
13,small_leak,2,1262,631047,55
13,small_leak,2,1263,631547,9
13,small_leak,2,1264,632047,165
13,small_leak,2,1265,632547,86
13,small_leak,2,1266,633047,201
13,small_leak,2,1267,633547,87
13,small_leak,2,1268,634047,105
13,small_leak,2,1269,634547,127
13,small_leak,2,1270,635047,370
13,small_leak,2,1271,635547,119
13,small_leak,2,1272,636048,263
13,small_leak,2,1273,636547,319
13,small_leak,2,1274,637047,104
13,small_leak,2,1275,637547,115
13,small_leak,2,1276,638047,139
13,small_leak,2,1277,638547,309
13,small_leak,2,1278,639047,164
13,small_leak,2,1279,639547,247
13,small_leak,2,1280,640047,91
13,small_leak,2,1281,640547,123
13,small_leak,2,1282,641047,116
13,small_leak,2,1283,641547,115
13,small_leak,2,1284,642047,75
13,small_leak,2,1285,642547,57
13,small_leak,2,1286,643047,97
13,small_leak,2,1287,643547,126
13,small_leak,2,1288,644047,41
13,small_leak,2,1289,644547,18
13,small_leak,2,1290,645047,183
13,small_leak,2,1291,645547,135
13,small_leak,2,1292,646047,148
13,small_leak,2,1293,646547,267
13,small_leak,2,1294,647047,155
13,small_leak,2,1295,647547,95
13,small_leak,2,1296,648047,265
13,small_leak,2,1297,648547,250
13,small_leak,2,1298,649047,200
13,small_leak,2,1299,649547,149
13,small_leak,2,1300,650047,192
13,small_leak,2,1301,650547,198
13,small_leak,2,1302,651047,168
13,small_leak,2,1303,651547,105
13,small_leak,2,1304,652047,168
13,small_leak,2,1305,652547,115
13,small_leak,2,1306,653047,183
13,small_leak,2,1307,653547,190
13,small_leak,2,1308,654047,167
13,small_leak,2,1309,654547,185
13,small_leak,2,1310,655047,105
13,small_leak,2,1311,655547,154
13,small_leak,2,1312,656047,201
13,small_leak,2,1313,656547,186
13,small_leak,2,1314,657047,105
13,small_leak,2,1315,657547,115
13,small_leak,2,1316,658047,206
13,small_leak,2,1317,658547,159
13,small_leak,2,1318,659047,247
13,small_leak,2,1319,659547,197
13,small_leak,2,1320,660047,201
13,small_leak,2,1321,660547,265
13,small_leak,2,1322,661047,180
13,small_leak,2,1323,661547,211
13,small_leak,2,1324,662047,243
13,small_leak,2,1325,662547,267
13,small_leak,2,1326,663047,127
13,small_leak,2,1327,663547,239
13,small_leak,2,1328,664047,219
13,small_leak,2,1329,664547,109
13,small_leak,2,1330,665047,86
13,small_leak,2,1331,665547,93
13,small_leak,2,1332,666047,169
13,small_leak,2,1333,666547,108
13,small_leak,2,1334,667047,30
13,small_leak,2,1335,667547,76
13,small_leak,2,1336,668047,89
13,small_leak,2,1337,668547,91
13,small_leak,2,1338,669047,93
13,small_leak,2,1339,669547,42
13,small_leak,2,1340,670047,116
13,small_leak,2,1341,670547,199
13,small_leak,2,1342,671047,185
13,small_leak,2,1343,671547,149
13,small_leak,2,1344,672047,39
13,small_leak,2,1345,672547,23
13,small_leak,2,1346,673047,104
13,small_leak,2,1347,673547,59
13,small_leak,2,1348,674047,4
13,small_leak,2,1349,674547,0
13,small_leak,2,1350,675047,0
13,small_leak,2,1351,675547,213
13,small_leak,2,1352,676047,120
13,small_leak,2,1353,676547,103
13,small_leak,2,1354,677047,122
13,small_leak,2,1355,677547,277
13,small_leak,2,1356,678047,119
13,small_leak,2,1357,678547,183
13,small_leak,2,1358,679047,59
13,small_leak,2,1359,679547,121
13,small_leak,2,1360,680047,160
13,small_leak,2,1361,680547,189
13,small_leak,2,1362,681047,118
13,small_leak,2,1363,681547,291
13,small_leak,2,1364,682047,231
13,small_leak,2,1365,682547,81
13,small_leak,2,1366,683047,112
13,small_leak,2,1367,683547,134
13,small_leak,2,1368,684047,183
13,small_leak,2,1369,684547,183
13,small_leak,2,1370,685047,191
13,small_leak,2,1371,685547,187
13,small_leak,2,1372,686047,250
13,small_leak,2,1373,686547,160
13,small_leak,2,1374,687047,87
13,small_leak,2,1375,687547,12
13,small_leak,2,1376,688047,0
13,small_leak,2,1377,688547,0
13,small_leak,2,1378,689047,143
13,small_leak,2,1379,689547,59
13,small_leak,2,1380,690047,71
13,small_leak,2,1381,690547,53
13,small_leak,2,1382,691047,29
13,small_leak,2,1383,691547,8
13,small_leak,2,1384,692047,123
13,small_leak,2,1385,692547,157
13,small_leak,2,1386,693047,199
13,small_leak,2,1387,693547,157
13,small_leak,2,1388,694047,99
13,small_leak,2,1389,694547,251
13,small_leak,2,1390,695047,228
13,small_leak,2,1391,695547,155
13,small_leak,2,1392,696047,93
13,small_leak,2,1393,696547,206
13,small_leak,2,1394,697047,125
13,small_leak,2,1395,697547,37
13,small_leak,2,1396,698047,70
13,small_leak,2,1397,698547,325
13,small_leak,2,1398,699047,340
13,small_leak,2,1399,699547,108
13,small_leak,2,1400,700048,26
13,small_leak,2,1401,700547,43
13,small_leak,2,1402,701047,263
13,small_leak,2,1403,701547,376
13,small_leak,2,1404,702047,263
13,small_leak,2,1405,702547,229
13,small_leak,2,1406,703047,325
13,small_leak,2,1407,703547,311
13,small_leak,2,1408,704047,270
13,small_leak,2,1409,704547,90
13,small_leak,2,1410,705047,165
13,small_leak,2,1411,705547,143
13,small_leak,2,1412,706047,45
13,small_leak,2,1413,706547,0
13,small_leak,2,1414,707047,0
13,small_leak,2,1415,707547,60
13,small_leak,2,1416,708047,7
13,small_leak,2,1417,708547,95
13,small_leak,2,1418,709047,149
13,small_leak,2,1419,709547,47
13,small_leak,2,1420,710047,179
13,small_leak,2,1421,710547,393
13,small_leak,2,1422,711047,429
13,small_leak,2,1423,711547,211
13,small_leak,2,1424,712047,199
13,small_leak,2,1425,712547,231
13,small_leak,2,1426,713047,263
13,small_leak,2,1427,713547,205
13,small_leak,2,1428,714047,143
13,small_leak,2,1429,714547,277
13,small_leak,2,1430,715047,213
13,small_leak,2,1431,715547,235
13,small_leak,2,1432,716047,182
13,small_leak,2,1433,716547,152
13,small_leak,2,1434,717047,43
13,small_leak,2,1435,717547,60
13,small_leak,2,1436,718047,28
13,small_leak,2,1437,718547,551
13,small_leak,2,1438,719047,181
13,small_leak,2,1439,719547,231
13,small_leak,2,1440,720047,261
13,small_leak,2,1441,720547,165
13,small_leak,2,1442,721047,283
13,small_leak,2,1443,721547,162
13,small_leak,2,1444,722047,143
13,small_leak,2,1445,722547,169
13,small_leak,2,1446,723047,183
13,small_leak,2,1447,723547,121
13,small_leak,2,1448,724047,250
13,small_leak,2,1449,724547,123
13,small_leak,2,1450,725047,168
13,small_leak,2,1451,725547,107
13,small_leak,2,1452,726047,121
13,small_leak,2,1453,726547,110
13,small_leak,2,1454,727047,24
13,small_leak,2,1455,727547,91
13,small_leak,2,1456,728047,14
13,small_leak,2,1457,728547,23
13,small_leak,2,1458,729047,95
13,small_leak,2,1459,729547,158
13,small_leak,2,1460,730047,61
13,small_leak,2,1461,730547,157
13,small_leak,2,1462,731047,85
13,small_leak,2,1463,731547,185
13,small_leak,2,1464,732047,304
13,small_leak,2,1465,732547,153
13,small_leak,2,1466,733047,220
13,small_leak,2,1467,733547,226
13,small_leak,2,1468,734047,291
13,small_leak,2,1469,734547,308
13,small_leak,2,1470,735047,232
13,small_leak,2,1471,735547,202
13,small_leak,2,1472,736047,252
13,small_leak,2,1473,736547,222
13,small_leak,2,1474,737047,179
13,small_leak,2,1475,737547,133
13,small_leak,2,1476,738047,143
13,small_leak,2,1477,738547,103
13,small_leak,2,1478,739047,141
13,small_leak,2,1479,739547,62
13,small_leak,2,1480,740047,213
13,small_leak,2,1481,740547,301
13,small_leak,2,1482,741047,166
13,small_leak,2,1483,741547,155
13,small_leak,2,1484,742047,229
13,small_leak,2,1485,742547,139
13,small_leak,2,1486,743047,217
13,small_leak,2,1487,743547,125
13,small_leak,2,1488,744047,199
13,small_leak,2,1489,744547,251
13,small_leak,2,1490,745047,79
13,small_leak,2,1491,745547,43
13,small_leak,2,1492,746047,159
13,small_leak,2,1493,746547,43
13,small_leak,2,1494,747047,81
13,small_leak,2,1495,747547,276
13,small_leak,2,1496,748047,222
13,small_leak,2,1497,748547,341
13,small_leak,2,1498,749047,158
13,small_leak,2,1499,749547,149
13,small_leak,2,1500,750047,85
13,small_leak,2,1501,750547,247
13,small_leak,2,1502,751047,253
13,small_leak,2,1503,751547,117
13,small_leak,2,1504,752047,26
13,small_leak,2,1505,752547,205
13,small_leak,2,1506,753047,220
13,small_leak,2,1507,753547,71
13,small_leak,2,1508,754047,111
13,small_leak,2,1509,754547,165
13,small_leak,2,1510,755047,343
13,small_leak,2,1511,755547,299
13,small_leak,2,1512,756047,229
13,small_leak,2,1513,756547,309
13,small_leak,2,1514,757047,419
13,small_leak,2,1515,757547,375
13,small_leak,2,1516,758047,315
13,small_leak,2,1517,758547,253
13,small_leak,2,1518,759047,183
13,small_leak,2,1519,759547,120
13,small_leak,2,1520,760047,26
13,small_leak,2,1521,760547,95
13,small_leak,2,1522,761047,109
13,small_leak,2,1523,761547,153
13,small_leak,2,1524,762047,106
13,small_leak,2,1525,762547,92
13,small_leak,2,1526,763047,43
13,small_leak,2,1527,763547,0
13,small_leak,2,1528,764047,43
13,small_leak,2,1529,764547,0
13,small_leak,2,1530,765047,183
13,small_leak,2,1531,765547,104
13,small_leak,2,1532,766047,213
13,small_leak,2,1533,766547,247
13,small_leak,2,1534,767047,226
13,small_leak,2,1535,767547,280
13,small_leak,2,1536,768047,137
13,small_leak,2,1537,768547,199
13,small_leak,2,1538,769047,173
13,small_leak,2,1539,769547,181
13,small_leak,2,1540,770047,191
13,small_leak,2,1541,770547,221
13,small_leak,2,1542,771047,217
13,small_leak,2,1543,771547,115
13,small_leak,2,1544,772047,179
13,small_leak,2,1545,772547,125
13,small_leak,2,1546,773047,105
13,small_leak,2,1547,773547,77
13,small_leak,2,1548,774047,30
13,small_leak,2,1549,774547,0
13,small_leak,2,1550,775047,74
13,small_leak,2,1551,775547,141
13,small_leak,2,1552,776047,173
13,small_leak,2,1553,776547,167
13,small_leak,2,1554,777047,226
13,small_leak,2,1555,777547,231
13,small_leak,2,1556,778047,227
13,small_leak,2,1557,778547,397
13,small_leak,2,1558,779047,225
13,small_leak,2,1559,779547,306
13,small_leak,2,1560,780047,116
13,small_leak,2,1561,780547,179
13,small_leak,2,1562,781047,276
13,small_leak,2,1563,781547,295
13,small_leak,2,1564,782047,207
13,small_leak,2,1565,782547,327
13,small_leak,2,1566,783047,277
13,small_leak,2,1567,783547,266
13,small_leak,2,1568,784047,239
13,small_leak,2,1569,784547,180
13,small_leak,2,1570,785047,121
13,small_leak,2,1571,785547,86
13,small_leak,2,1572,786047,88
13,small_leak,2,1573,786547,13
13,small_leak,2,1574,787047,0
13,small_leak,2,1575,787547,0
13,small_leak,2,1576,788047,0
13,small_leak,2,1577,788547,0
13,small_leak,2,1578,789047,0
13,small_leak,2,1579,789547,0
13,small_leak,2,1580,790047,18
13,small_leak,2,1581,790547,344
13,small_leak,2,1582,791047,413
13,small_leak,2,1583,791547,291
13,small_leak,2,1584,792047,309
13,small_leak,2,1585,792547,303
13,small_leak,2,1586,793047,297
13,small_leak,2,1587,793547,367
13,small_leak,2,1588,794047,311
13,small_leak,2,1589,794547,261
13,small_leak,2,1590,795047,203
13,small_leak,2,1591,795547,101
13,small_leak,2,1592,796047,21
13,small_leak,2,1593,796547,0
13,small_leak,2,1594,797047,0
13,small_leak,2,1595,797547,83
13,small_leak,2,1596,798047,381
13,small_leak,2,1597,798547,123
13,small_leak,2,1598,799047,29
13,small_leak,2,1599,799547,43
13,small_leak,2,1600,800047,104
13,small_leak,2,1601,800547,185
13,small_leak,2,1602,801047,249
13,small_leak,2,1603,801547,313
13,small_leak,2,1604,802047,373
13,small_leak,2,1605,802547,362
13,small_leak,2,1606,803047,365
13,small_leak,2,1607,803547,319
13,small_leak,2,1608,804047,292
13,small_leak,2,1609,804547,191
13,small_leak,2,1610,805047,190
13,small_leak,2,1611,805547,165
13,small_leak,2,1612,806047,135
13,small_leak,2,1613,806547,181
13,small_leak,2,1614,807047,71
13,small_leak,2,1615,807547,61
13,small_leak,2,1616,808047,101
13,small_leak,2,1617,808547,19
13,small_leak,2,1618,809047,0
13,small_leak,2,1619,809547,14
13,small_leak,2,1620,810047,26
13,small_leak,2,1621,810547,3
13,small_leak,2,1622,811047,173
13,small_leak,2,1623,811547,57
13,small_leak,2,1624,812047,117
13,small_leak,2,1625,812547,122
13,small_leak,2,1626,813047,115
13,small_leak,2,1627,813547,105
13,small_leak,2,1628,814047,107
13,small_leak,2,1629,814547,117
13,small_leak,2,1630,815047,26
13,small_leak,2,1631,815547,25
13,small_leak,2,1632,816047,107
13,small_leak,2,1633,816547,81
13,small_leak,2,1634,817047,153
13,small_leak,2,1635,817547,78
13,small_leak,2,1636,818047,76
13,small_leak,2,1637,818547,93
13,small_leak,2,1638,819047,61
13,small_leak,2,1639,819547,7
13,small_leak,2,1640,820047,0
13,small_leak,2,1641,820547,0
13,small_leak,2,1642,821047,59
13,small_leak,2,1643,821547,171
13,small_leak,2,1644,822047,341
13,small_leak,2,1645,822547,205
13,small_leak,2,1646,823047,309
13,small_leak,2,1647,823547,249
13,small_leak,2,1648,824047,283
13,small_leak,2,1649,824547,248
13,small_leak,2,1650,825047,133
13,small_leak,2,1651,825547,180
13,small_leak,2,1652,826047,359
13,small_leak,2,1653,826547,447
13,small_leak,2,1654,827047,276
13,small_leak,2,1655,827547,332
13,small_leak,2,1656,828047,270
13,small_leak,2,1657,828547,269
13,small_leak,2,1658,829047,199
13,small_leak,2,1659,829547,313
13,small_leak,2,1660,830047,243
13,small_leak,2,1661,830547,169
13,small_leak,2,1662,831047,57
13,small_leak,2,1663,831547,85
13,small_leak,2,1664,832047,174
13,small_leak,2,1665,832547,177
13,small_leak,2,1666,833047,189
13,small_leak,2,1667,833547,143
13,small_leak,2,1668,834047,163
13,small_leak,2,1669,834547,45
13,small_leak,2,1670,835047,413
13,small_leak,2,1671,835547,281
13,small_leak,2,1672,836047,91
13,small_leak,2,1673,836547,271
13,small_leak,2,1674,837047,288
13,small_leak,2,1675,837547,238
13,small_leak,2,1676,838047,293
13,small_leak,2,1677,838547,233
13,small_leak,2,1678,839047,285
13,small_leak,2,1679,839547,228
13,small_leak,2,1680,840047,149
13,small_leak,2,1681,840547,213
13,small_leak,2,1682,841047,108
13,small_leak,2,1683,841547,44
13,small_leak,2,1684,842047,105
13,small_leak,2,1685,842547,68
13,small_leak,2,1686,843047,53
13,small_leak,2,1687,843547,21
13,small_leak,2,1688,844047,73
13,small_leak,2,1689,844547,95
13,small_leak,2,1690,845047,48
13,small_leak,2,1691,845547,35
13,small_leak,2,1692,846047,142
13,small_leak,2,1693,846547,41
13,small_leak,2,1694,847047,108
13,small_leak,2,1695,847547,176
13,small_leak,2,1696,848047,117
13,small_leak,2,1697,848547,89
13,small_leak,2,1698,849047,212
13,small_leak,2,1699,849547,217
13,small_leak,2,1700,850047,149
13,small_leak,2,1701,850547,59
13,small_leak,2,1702,851047,123
13,small_leak,2,1703,851547,33
13,small_leak,2,1704,852047,0
13,small_leak,2,1705,852547,19
13,small_leak,2,1706,853047,0
13,small_leak,2,1707,853547,172
13,small_leak,2,1708,854047,55
13,small_leak,2,1709,854547,233
13,small_leak,2,1710,855047,213
13,small_leak,2,1711,855547,75
13,small_leak,2,1712,856047,365
13,small_leak,2,1713,856547,346
13,small_leak,2,1714,857047,263
13,small_leak,2,1715,857547,215
13,small_leak,2,1716,858047,159
13,small_leak,2,1717,858547,169
13,small_leak,2,1718,859047,109
13,small_leak,2,1719,859547,24
13,small_leak,2,1720,860047,0
13,small_leak,2,1721,860547,141
13,small_leak,2,1722,861047,37
13,small_leak,2,1723,861547,0
13,small_leak,2,1724,862047,123
13,small_leak,2,1725,862547,205
13,small_leak,2,1726,863047,58
13,small_leak,2,1727,863547,5
13,small_leak,2,1728,864047,0
13,small_leak,2,1729,864547,222
13,small_leak,2,1730,865047,114
13,small_leak,2,1731,865547,60
13,small_leak,2,1732,866047,89
13,small_leak,2,1733,866547,114
13,small_leak,2,1734,867047,29
13,small_leak,2,1735,867547,237
13,small_leak,2,1736,868047,99
13,small_leak,2,1737,868547,264
13,small_leak,2,1738,869047,205
13,small_leak,2,1739,869547,334
13,small_leak,2,1740,870047,345
13,small_leak,2,1741,870547,413
13,small_leak,2,1742,871047,393
13,small_leak,2,1743,871547,368
13,small_leak,2,1744,872047,283
13,small_leak,2,1745,872547,262
13,small_leak,2,1746,873047,274
13,small_leak,2,1747,873547,148
13,small_leak,2,1748,874047,45
13,small_leak,2,1749,874547,219
13,small_leak,2,1750,875047,63
13,small_leak,2,1751,875547,5
13,small_leak,2,1752,876047,71
13,small_leak,2,1753,876547,123
13,small_leak,2,1754,877047,185
13,small_leak,2,1755,877547,83
13,small_leak,2,1756,878047,10
13,small_leak,2,1757,878547,0
13,small_leak,2,1758,879047,0
13,small_leak,2,1759,879547,0
13,small_leak,2,1760,880047,0
13,small_leak,2,1761,880547,0
13,small_leak,2,1762,881047,0
13,small_leak,2,1763,881547,0
13,small_leak,2,1764,882047,0
13,small_leak,2,1765,882547,149
13,small_leak,2,1766,883047,151
13,small_leak,2,1767,883547,95
13,small_leak,2,1768,884047,155
13,small_leak,2,1769,884547,116
13,small_leak,2,1770,885047,175
13,small_leak,2,1771,885547,319
13,small_leak,2,1772,886047,317
13,small_leak,2,1773,886547,236
13,small_leak,2,1774,887047,233
13,small_leak,2,1775,887547,239
13,small_leak,2,1776,888047,331
13,small_leak,2,1777,888547,301
13,small_leak,2,1778,889047,311
13,small_leak,2,1779,889547,231
13,small_leak,2,1780,890047,217
13,small_leak,2,1781,890547,119
13,small_leak,2,1782,891047,83
13,small_leak,2,1783,891547,57
13,small_leak,2,1784,892047,103
13,small_leak,2,1785,892547,79
13,small_leak,2,1786,893047,89
13,small_leak,2,1787,893547,77
13,small_leak,2,1788,894047,39
13,small_leak,2,1789,894547,68
13,small_leak,2,1790,895047,59
13,small_leak,2,1791,895547,185
13,small_leak,2,1792,896047,58
13,small_leak,2,1793,896547,93
13,small_leak,2,1794,897047,18
13,small_leak,2,1795,897547,18
13,small_leak,2,1796,898047,69
13,small_leak,2,1797,898547,69
13,small_leak,2,1798,899047,44
13,small_leak,2,1799,899547,6
13,small_leak,2,1800,900047,59
13,small_leak,2,1801,900547,127
13,small_leak,2,1802,901047,71
13,small_leak,2,1803,901547,125
13,small_leak,2,1804,902047,146
13,small_leak,2,1805,902547,218
13,small_leak,2,1806,903047,215
13,small_leak,2,1807,903547,125
13,small_leak,2,1808,904047,183
13,small_leak,2,1809,904547,112
13,small_leak,2,1810,905047,475
13,small_leak,2,1811,905547,301
13,small_leak,2,1812,906047,377
13,small_leak,2,1813,906547,383
13,small_leak,2,1814,907047,415
13,small_leak,2,1815,907547,330
13,small_leak,2,1816,908047,331
13,small_leak,2,1817,908547,264
13,small_leak,2,1818,909047,106
13,small_leak,2,1819,909547,157
13,small_leak,2,1820,910047,215
13,small_leak,2,1821,910547,213
13,small_leak,2,1822,911047,324
13,small_leak,2,1823,911547,401
13,small_leak,2,1824,912047,326
13,small_leak,2,1825,912547,372
13,small_leak,2,1826,913047,355
13,small_leak,2,1827,913547,213
13,small_leak,2,1828,914047,285
13,small_leak,2,1829,914547,346
13,small_leak,2,1830,915047,511
13,small_leak,2,1831,915547,469
13,small_leak,2,1832,916047,315
13,small_leak,2,1833,916547,325
13,small_leak,2,1834,917047,246
13,small_leak,2,1835,917547,216
13,small_leak,2,1836,918047,207
13,small_leak,2,1837,918547,167
13,small_leak,2,1838,919047,191
13,small_leak,2,1839,919547,143
13,small_leak,2,1840,920047,171
13,small_leak,2,1841,920547,71
13,small_leak,2,1842,921047,35
13,small_leak,2,1843,921547,28
13,small_leak,2,1844,922047,7
13,small_leak,2,1845,922547,184
13,small_leak,2,1846,923047,77
13,small_leak,2,1847,923547,133
13,small_leak,2,1848,924047,43
13,small_leak,2,1849,924547,0
13,small_leak,2,1850,925047,31
13,small_leak,2,1851,925547,103
13,small_leak,2,1852,926047,217
13,small_leak,2,1853,926547,339
13,small_leak,2,1854,927047,269
13,small_leak,2,1855,927547,104
13,small_leak,2,1856,928047,163
13,small_leak,2,1857,928547,339
13,small_leak,2,1858,929047,146
13,small_leak,2,1859,929547,269
13,small_leak,2,1860,930047,254
13,small_leak,2,1861,930547,333
13,small_leak,2,1862,931047,280
13,small_leak,2,1863,931547,304
13,small_leak,2,1864,932047,357
13,small_leak,2,1865,932547,297
13,small_leak,2,1866,933047,200
13,small_leak,2,1867,933547,236
13,small_leak,2,1868,934047,107
13,small_leak,2,1869,934547,70
13,small_leak,2,1870,935047,41
13,small_leak,2,1871,935547,173
13,small_leak,2,1872,936047,99
13,small_leak,2,1873,936547,91
13,small_leak,2,1874,937047,92
13,small_leak,2,1875,937547,107
13,small_leak,2,1876,938047,135
13,small_leak,2,1877,938547,109
13,small_leak,2,1878,939047,101
13,small_leak,2,1879,939547,39
13,small_leak,2,1880,940047,0
13,small_leak,2,1881,940547,43
13,small_leak,2,1882,941047,48
13,small_leak,2,1883,941547,107
13,small_leak,2,1884,942047,120
13,small_leak,2,1885,942547,181
13,small_leak,2,1886,943047,127
13,small_leak,2,1887,943547,103
13,small_leak,2,1888,944047,201
13,small_leak,2,1889,944547,77
13,small_leak,2,1890,945047,10
13,small_leak,2,1891,945547,115
13,small_leak,2,1892,946047,27
13,small_leak,2,1893,946547,0
13,small_leak,2,1894,947047,298
13,small_leak,2,1895,947547,166
13,small_leak,2,1896,948047,217
13,small_leak,2,1897,948547,217
13,small_leak,2,1898,949047,296
13,small_leak,2,1899,949547,405
13,small_leak,2,1900,950047,366
13,small_leak,2,1901,950547,345
13,small_leak,2,1902,951047,343
13,small_leak,2,1903,951547,307
13,small_leak,2,1904,952047,293
13,small_leak,2,1905,952547,231
13,small_leak,2,1906,953047,253
13,small_leak,2,1907,953547,167
13,small_leak,2,1908,954047,227
13,small_leak,2,1909,954547,71
13,small_leak,2,1910,955047,99
13,small_leak,2,1911,955547,147
13,small_leak,2,1912,956047,109
13,small_leak,2,1913,956547,72
13,small_leak,2,1914,957047,19
13,small_leak,2,1915,957547,89
13,small_leak,2,1916,958047,156
13,small_leak,2,1917,958547,143
13,small_leak,2,1918,959047,153
13,small_leak,2,1919,959547,165
13,small_leak,2,1920,960047,77
13,small_leak,2,1921,960547,29
13,small_leak,2,1922,961047,29
13,small_leak,2,1923,961547,112
13,small_leak,2,1924,962047,74
13,small_leak,2,1925,962547,96
13,small_leak,2,1926,963047,83
13,small_leak,2,1927,963547,84
13,small_leak,2,1928,964047,53
13,small_leak,2,1929,964547,73
13,small_leak,2,1930,965047,61
13,small_leak,2,1931,965547,83
13,small_leak,2,1932,966047,59
13,small_leak,2,1933,966547,23
13,small_leak,2,1934,967047,0
13,small_leak,2,1935,967547,0
13,small_leak,2,1936,968047,35
13,small_leak,2,1937,968547,55
13,small_leak,2,1938,969047,51
13,small_leak,2,1939,969547,0
13,small_leak,2,1940,970047,9
13,small_leak,2,1941,970547,82
13,small_leak,2,1942,971047,17
13,small_leak,2,1943,971547,93
13,small_leak,2,1944,972047,149
13,small_leak,2,1945,972547,158
13,small_leak,2,1946,973047,180
13,small_leak,2,1947,973547,95
13,small_leak,2,1948,974047,171
13,small_leak,2,1949,974547,112
13,small_leak,2,1950,975047,275
13,small_leak,2,1951,975547,131
13,small_leak,2,1952,976047,157
13,small_leak,2,1953,976547,263
13,small_leak,2,1954,977047,295
13,small_leak,2,1955,977547,398
13,small_leak,2,1956,978047,361
13,small_leak,2,1957,978547,298
13,small_leak,2,1958,979047,251
13,small_leak,2,1959,979547,229
13,small_leak,2,1960,980047,191
13,small_leak,2,1961,980547,123
13,small_leak,2,1962,981047,116
13,small_leak,2,1963,981547,78
13,small_leak,2,1964,982047,52
13,small_leak,2,1965,982547,40
13,small_leak,2,1966,983047,57
13,small_leak,2,1967,983547,117
13,small_leak,2,1968,984047,48
13,small_leak,2,1969,984547,0
13,small_leak,2,1970,985047,59
13,small_leak,2,1971,985547,181
13,small_leak,2,1972,986047,77
13,small_leak,2,1973,986547,8
13,small_leak,2,1974,987047,0
13,small_leak,2,1975,987547,75
13,small_leak,2,1976,988047,85
13,small_leak,2,1977,988547,11
13,small_leak,2,1978,989047,0
13,small_leak,2,1979,989547,57
13,small_leak,2,1980,990047,24
13,small_leak,2,1981,990547,101
13,small_leak,2,1982,991047,88
13,small_leak,2,1983,991547,156
13,small_leak,2,1984,992047,173
13,small_leak,2,1985,992547,107
13,small_leak,2,1986,993047,135
13,small_leak,2,1987,993547,265
13,small_leak,2,1988,994047,261
13,small_leak,2,1989,994547,135
13,small_leak,2,1990,995047,156
13,small_leak,2,1991,995547,270
13,small_leak,2,1992,996047,87
13,small_leak,2,1993,996547,92
13,small_leak,2,1994,997047,103
13,small_leak,2,1995,997547,20
13,small_leak,2,1996,998047,39
13,small_leak,2,1997,998547,47
13,small_leak,2,1998,999047,175
13,small_leak,2,1999,999547,53
13,small_leak,3,0,48,120
13,small_leak,3,1,547,100
13,small_leak,3,2,1047,17
13,small_leak,3,3,1547,40
13,small_leak,3,4,2047,61
13,small_leak,3,5,2547,217
13,small_leak,3,6,3047,109
13,small_leak,3,7,3547,72
13,small_leak,3,8,4047,72
13,small_leak,3,9,4547,163
13,small_leak,3,10,5047,62
13,small_leak,3,11,5547,133
13,small_leak,3,12,6047,41
13,small_leak,3,13,6547,93
13,small_leak,3,14,7047,215
13,small_leak,3,15,7547,73
13,small_leak,3,16,8047,171
13,small_leak,3,17,8547,103
13,small_leak,3,18,9047,154
13,small_leak,3,19,9547,135
13,small_leak,3,20,10047,149
13,small_leak,3,21,10547,211
13,small_leak,3,22,11047,200
13,small_leak,3,23,11547,99
13,small_leak,3,24,12047,147
13,small_leak,3,25,12547,163
13,small_leak,3,26,13047,189
13,small_leak,3,27,13547,83
13,small_leak,3,28,14047,164
13,small_leak,3,29,14547,43
13,small_leak,3,30,15047,57
13,small_leak,3,31,15547,232
13,small_leak,3,32,16047,215
13,small_leak,3,33,16547,165
13,small_leak,3,34,17047,155
13,small_leak,3,35,17547,285
13,small_leak,3,36,18047,93
13,small_leak,3,37,18547,89
13,small_leak,3,38,19047,155
13,small_leak,3,39,19547,157
13,small_leak,3,40,20047,367
13,small_leak,3,41,20547,217
13,small_leak,3,42,21047,101
13,small_leak,3,43,21547,86
13,small_leak,3,44,22047,182
13,small_leak,3,45,22547,167
13,small_leak,3,46,23047,139
13,small_leak,3,47,23547,343
13,small_leak,3,48,24047,109
13,small_leak,3,49,24547,23
13,small_leak,3,50,25047,269
13,small_leak,3,51,25547,200
13,small_leak,3,52,26047,263
13,small_leak,3,53,26547,123
13,small_leak,3,54,27047,103
13,small_leak,3,55,27547,262
13,small_leak,3,56,28047,134
13,small_leak,3,57,28547,269
13,small_leak,3,58,29047,287
13,small_leak,3,59,29547,176
13,small_leak,3,60,30047,235
13,small_leak,3,61,30547,199
13,small_leak,3,62,31047,172
13,small_leak,3,63,31547,47
13,small_leak,3,64,32047,281
13,small_leak,3,65,32547,199
13,small_leak,3,66,33047,134
13,small_leak,3,67,33547,179
13,small_leak,3,68,34047,118
13,small_leak,3,69,34547,245
13,small_leak,3,70,35047,197
13,small_leak,3,71,35547,57
13,small_leak,3,72,36047,75
13,small_leak,3,73,36547,235
13,small_leak,3,74,37047,606
13,small_leak,3,75,37547,201
13,small_leak,3,76,38047,213
13,small_leak,3,77,38547,363
13,small_leak,3,78,39047,176
13,small_leak,3,79,39547,213
13,small_leak,3,80,40047,175
13,small_leak,3,81,40547,279
13,small_leak,3,82,41047,89
13,small_leak,3,83,41547,183
13,small_leak,3,84,42047,87
13,small_leak,3,85,42547,77
13,small_leak,3,86,43047,63
13,small_leak,3,87,43547,103
13,small_leak,3,88,44047,29
13,small_leak,3,89,44547,0
13,small_leak,3,90,45047,0
13,small_leak,3,91,45547,92
13,small_leak,3,92,46047,23
13,small_leak,3,93,46547,119
13,small_leak,3,94,47047,159
13,small_leak,3,95,47547,151
13,small_leak,3,96,48047,255
13,small_leak,3,97,48547,227
13,small_leak,3,98,49047,281
13,small_leak,3,99,49547,215
13,small_leak,3,100,50047,167
13,small_leak,3,101,50547,137
13,small_leak,3,102,51047,311
13,small_leak,3,103,51547,482
13,small_leak,3,104,52047,220
13,small_leak,3,105,52547,215
13,small_leak,3,106,53047,158
13,small_leak,3,107,53547,187
13,small_leak,3,108,54047,105
13,small_leak,3,109,54547,229
13,small_leak,3,110,55047,71
13,small_leak,3,111,55547,107
13,small_leak,3,112,56047,140
13,small_leak,3,113,56547,36
13,small_leak,3,114,57047,29
13,small_leak,3,115,57547,92
13,small_leak,3,116,58047,163
13,small_leak,3,117,58547,213
13,small_leak,3,118,59047,211
13,small_leak,3,119,59547,426
13,small_leak,3,120,60047,377
13,small_leak,3,121,60547,313
13,small_leak,3,122,61047,305
13,small_leak,3,123,61547,115
13,small_leak,3,124,62047,349
13,small_leak,3,125,62547,212
13,small_leak,3,126,63047,158
13,small_leak,3,127,63547,221
13,small_leak,3,128,64047,121
13,small_leak,3,129,64547,127
13,small_leak,3,130,65047,119
13,small_leak,3,131,65547,26
13,small_leak,3,132,66047,0
13,small_leak,3,133,66547,0
13,small_leak,3,134,67047,69
13,small_leak,3,135,67547,172
13,small_leak,3,136,68047,47
13,small_leak,3,137,68547,85
13,small_leak,3,138,69047,85
13,small_leak,3,139,69547,163
13,small_leak,3,140,70047,175
13,small_leak,3,141,70547,57
13,small_leak,3,142,71047,157
13,small_leak,3,143,71547,79
13,small_leak,3,144,72047,189
13,small_leak,3,145,72547,181
13,small_leak,3,146,73047,205
13,small_leak,3,147,73547,235
13,small_leak,3,148,74047,229
13,small_leak,3,149,74547,286
13,small_leak,3,150,75047,231
13,small_leak,3,151,75547,205
13,small_leak,3,152,76048,211
13,small_leak,3,153,76547,366
13,small_leak,3,154,77047,203
13,small_leak,3,155,77547,281
13,small_leak,3,156,78047,189
13,small_leak,3,157,78547,200
13,small_leak,3,158,79047,267
13,small_leak,3,159,79547,262
13,small_leak,3,160,80047,327
13,small_leak,3,161,80547,152
13,small_leak,3,162,81047,227
13,small_leak,3,163,81547,115
13,small_leak,3,164,82047,275
13,small_leak,3,165,82547,174
13,small_leak,3,166,83047,221
13,small_leak,3,167,83547,201
13,small_leak,3,168,84047,77
13,small_leak,3,169,84547,83
13,small_leak,3,170,85047,76
13,small_leak,3,171,85547,69
13,small_leak,3,172,86047,5
13,small_leak,3,173,86547,117
13,small_leak,3,174,87047,71
13,small_leak,3,175,87547,7
13,small_leak,3,176,88047,291
13,small_leak,3,177,88547,126
13,small_leak,3,178,89047,123
13,small_leak,3,179,89547,137
13,small_leak,3,180,90047,55
13,small_leak,3,181,90547,43
13,small_leak,3,182,91047,45
13,small_leak,3,183,91547,91
13,small_leak,3,184,92047,47
13,small_leak,3,185,92547,55
13,small_leak,3,186,93047,25
13,small_leak,3,187,93547,93
13,small_leak,3,188,94047,47
13,small_leak,3,189,94547,47
13,small_leak,3,190,95047,0
13,small_leak,3,191,95547,16
13,small_leak,3,192,96047,123
13,small_leak,3,193,96547,165
13,small_leak,3,194,97047,427
13,small_leak,3,195,97547,380
13,small_leak,3,196,98047,405
13,small_leak,3,197,98547,349
13,small_leak,3,198,99047,280
13,small_leak,3,199,99547,407
13,small_leak,3,200,100047,425
13,small_leak,3,201,100547,281
13,small_leak,3,202,101047,216
13,small_leak,3,203,101547,211
13,small_leak,3,204,102047,228
13,small_leak,3,205,102547,151
13,small_leak,3,206,103047,67
13,small_leak,3,207,103547,141
13,small_leak,3,208,104047,56
13,small_leak,3,209,104547,37
13,small_leak,3,210,105047,0
13,small_leak,3,211,105547,0
13,small_leak,3,212,106047,93
13,small_leak,3,213,106547,16
13,small_leak,3,214,107047,0
13,small_leak,3,215,107547,0
13,small_leak,3,216,108047,55
13,small_leak,3,217,108547,251
13,small_leak,3,218,109047,245
13,small_leak,3,219,109547,203
13,small_leak,3,220,110047,263
13,small_leak,3,221,110547,156
13,small_leak,3,222,111047,232
13,small_leak,3,223,111547,225
13,small_leak,3,224,112047,222
13,small_leak,3,225,112547,209
13,small_leak,3,226,113047,251
13,small_leak,3,227,113547,173
13,small_leak,3,228,114047,175
13,small_leak,3,229,114547,101
13,small_leak,3,230,115048,141
13,small_leak,3,231,115547,121
13,small_leak,3,232,116047,101
13,small_leak,3,233,116547,124
13,small_leak,3,234,117047,39
13,small_leak,3,235,117547,0
13,small_leak,3,236,118047,207
13,small_leak,3,237,118547,249
13,small_leak,3,238,119047,248
13,small_leak,3,239,119547,204
13,small_leak,3,240,120047,229
13,small_leak,3,241,120547,238
13,small_leak,3,242,121047,158
13,small_leak,3,243,121547,43
13,small_leak,3,244,122047,121
13,small_leak,3,245,122547,238
13,small_leak,3,246,123047,199
13,small_leak,3,247,123547,143
13,small_leak,3,248,124047,163
13,small_leak,3,249,124547,43
13,small_leak,3,250,125047,0
13,small_leak,3,251,125547,0
13,small_leak,3,252,126047,147
13,small_leak,3,253,126547,253
13,small_leak,3,254,127047,82
13,small_leak,3,255,127547,9
13,small_leak,3,256,128047,23
13,small_leak,3,257,128547,218
13,small_leak,3,258,129047,149
13,small_leak,3,259,129547,159
13,small_leak,3,260,130047,292
13,small_leak,3,261,130547,529
13,small_leak,3,262,131047,271
13,small_leak,3,263,131547,251
13,small_leak,3,264,132047,421
13,small_leak,3,265,132547,207
13,small_leak,3,266,133047,345
13,small_leak,3,267,133547,251
13,small_leak,3,268,134047,123
13,small_leak,3,269,134547,28
13,small_leak,3,270,135047,133
13,small_leak,3,271,135547,79
13,small_leak,3,272,136047,151
13,small_leak,3,273,136547,73
13,small_leak,3,274,137047,7
13,small_leak,3,275,137547,54
13,small_leak,3,276,138047,10
13,small_leak,3,277,138547,0
13,small_leak,3,278,139047,0
13,small_leak,3,279,139547,0
13,small_leak,3,280,140047,17
13,small_leak,3,281,140547,37
13,small_leak,3,282,141047,87
13,small_leak,3,283,141547,76
13,small_leak,3,284,142047,106
13,small_leak,3,285,142547,103
13,small_leak,3,286,143047,48
13,small_leak,3,287,143547,97
13,small_leak,3,288,144047,86
13,small_leak,3,289,144547,39
13,small_leak,3,290,145047,125
13,small_leak,3,291,145547,133
13,small_leak,3,292,146047,55
13,small_leak,3,293,146547,230
13,small_leak,3,294,147047,77
13,small_leak,3,295,147547,9
13,small_leak,3,296,148047,37
13,small_leak,3,297,148547,108
13,small_leak,3,298,149047,85
13,small_leak,3,299,149547,213
13,small_leak,3,300,150047,275
13,small_leak,3,301,150547,355
13,small_leak,3,302,151047,284
13,small_leak,3,303,151547,219
13,small_leak,3,304,152047,179
13,small_leak,3,305,152547,220
13,small_leak,3,306,153047,239
13,small_leak,3,307,153547,181
13,small_leak,3,308,154047,180
13,small_leak,3,309,154547,141
13,small_leak,3,310,155047,37
13,small_leak,3,311,155547,14
13,small_leak,3,312,156047,61
13,small_leak,3,313,156547,234
13,small_leak,3,314,157047,191
13,small_leak,3,315,157547,141
13,small_leak,3,316,158047,77
13,small_leak,3,317,158547,136
13,small_leak,3,318,159047,158
13,small_leak,3,319,159547,248
13,small_leak,3,320,160047,313
13,small_leak,3,321,160547,235
13,small_leak,3,322,161047,197
13,small_leak,3,323,161547,171
13,small_leak,3,324,162047,47
13,small_leak,3,325,162547,1
13,small_leak,3,326,163047,75
13,small_leak,3,327,163547,72
13,small_leak,3,328,164047,58
13,small_leak,3,329,164547,103
13,small_leak,3,330,165047,121
13,small_leak,3,331,165547,101
13,small_leak,3,332,166047,99
13,small_leak,3,333,166547,211
13,small_leak,3,334,167047,170
13,small_leak,3,335,167547,217
13,small_leak,3,336,168047,245
13,small_leak,3,337,168547,148
13,small_leak,3,338,169048,186
13,small_leak,3,339,169547,236
13,small_leak,3,340,170047,215
13,small_leak,3,341,170547,287
13,small_leak,3,342,171047,235
13,small_leak,3,343,171547,230
13,small_leak,3,344,172047,275
13,small_leak,3,345,172547,360
13,small_leak,3,346,173047,357
13,small_leak,3,347,173547,261
13,small_leak,3,348,174047,329
13,small_leak,3,349,174547,249
13,small_leak,3,350,175047,151
13,small_leak,3,351,175547,327
13,small_leak,3,352,176047,301
13,small_leak,3,353,176547,143
13,small_leak,3,354,177047,275
13,small_leak,3,355,177547,292
13,small_leak,3,356,178047,206
13,small_leak,3,357,178547,148
13,small_leak,3,358,179047,233
13,small_leak,3,359,179547,164
13,small_leak,3,360,180047,93
13,small_leak,3,361,180547,82
13,small_leak,3,362,181047,77
13,small_leak,3,363,181547,23
13,small_leak,3,364,182047,199
13,small_leak,3,365,182547,135
13,small_leak,3,366,183047,152
13,small_leak,3,367,183547,218
13,small_leak,3,368,184047,215
13,small_leak,3,369,184547,94
13,small_leak,3,370,185047,171
13,small_leak,3,371,185547,227
13,small_leak,3,372,186047,187
13,small_leak,3,373,186547,123
13,small_leak,3,374,187047,89
13,small_leak,3,375,187547,167
13,small_leak,3,376,188047,81
13,small_leak,3,377,188547,10
13,small_leak,3,378,189047,0
13,small_leak,3,379,189547,31
13,small_leak,3,380,190047,19
13,small_leak,3,381,190547,51
13,small_leak,3,382,191047,0
13,small_leak,3,383,191547,41
13,small_leak,3,384,192047,55
13,small_leak,3,385,192547,119
13,small_leak,3,386,193047,124
13,small_leak,3,387,193547,74
13,small_leak,3,388,194047,8
13,small_leak,3,389,194547,227
13,small_leak,3,390,195047,99
13,small_leak,3,391,195547,123
13,small_leak,3,392,196047,237
13,small_leak,3,393,196547,205
13,small_leak,3,394,197047,94
13,small_leak,3,395,197547,219
13,small_leak,3,396,198047,311
13,small_leak,3,397,198547,379
13,small_leak,3,398,199047,391
13,small_leak,3,399,199547,277
13,small_leak,3,400,200047,227
13,small_leak,3,401,200547,136
13,small_leak,3,402,201047,139
13,small_leak,3,403,201547,100
13,small_leak,3,404,202047,163
13,small_leak,3,405,202547,53
13,small_leak,3,406,203047,53
13,small_leak,3,407,203547,75
13,small_leak,3,408,204047,71
13,small_leak,3,409,204547,22
13,small_leak,3,410,205047,77
13,small_leak,3,411,205547,211
13,small_leak,3,412,206047,61
13,small_leak,3,413,206547,165
13,small_leak,3,414,207047,244
13,small_leak,3,415,207547,231
13,small_leak,3,416,208047,217
13,small_leak,3,417,208547,63
13,small_leak,3,418,209047,312
13,small_leak,3,419,209547,253
13,small_leak,3,420,210047,216
13,small_leak,3,421,210547,335
13,small_leak,3,422,211047,267
13,small_leak,3,423,211547,235
13,small_leak,3,424,212047,267
13,small_leak,3,425,212547,363
13,small_leak,3,426,213047,297
13,small_leak,3,427,213547,228
13,small_leak,3,428,214047,271
13,small_leak,3,429,214547,281
13,small_leak,3,430,215047,237
13,small_leak,3,431,215547,371
13,small_leak,3,432,216047,253
13,small_leak,3,433,216547,253
13,small_leak,3,434,217047,265
13,small_leak,3,435,217547,99
13,small_leak,3,436,218047,242
13,small_leak,3,437,218547,260
13,small_leak,3,438,219047,185
13,small_leak,3,439,219547,137
13,small_leak,3,440,220047,75
13,small_leak,3,441,220547,122
13,small_leak,3,442,221047,43
13,small_leak,3,443,221547,18
13,small_leak,3,444,222047,85
13,small_leak,3,445,222547,17
13,small_leak,3,446,223047,0
13,small_leak,3,447,223547,150
13,small_leak,3,448,224047,185
13,small_leak,3,449,224547,103
13,small_leak,3,450,225047,249
13,small_leak,3,451,225547,109
13,small_leak,3,452,226047,200
13,small_leak,3,453,226547,231
13,small_leak,3,454,227047,126
13,small_leak,3,455,227547,121
13,small_leak,3,456,228047,246
13,small_leak,3,457,228547,239
13,small_leak,3,458,229047,296
13,small_leak,3,459,229547,184
13,small_leak,3,460,230047,197
13,small_leak,3,461,230547,125
13,small_leak,3,462,231047,87
13,small_leak,3,463,231547,13
13,small_leak,3,464,232047,121
13,small_leak,3,465,232547,31
13,small_leak,3,466,233047,56
13,small_leak,3,467,233547,70
13,small_leak,3,468,234048,56
13,small_leak,3,469,234547,141
13,small_leak,3,470,235047,37
13,small_leak,3,471,235547,165
13,small_leak,3,472,236047,75
13,small_leak,3,473,236547,173
13,small_leak,3,474,237047,211
13,small_leak,3,475,237547,198
13,small_leak,3,476,238047,175
13,small_leak,3,477,238547,91
13,small_leak,3,478,239047,47
13,small_leak,3,479,239547,91
13,small_leak,3,480,240047,267
13,small_leak,3,481,240547,182
13,small_leak,3,482,241047,170
13,small_leak,3,483,241547,187
13,small_leak,3,484,242047,181
13,small_leak,3,485,242547,187
13,small_leak,3,486,243047,174
13,small_leak,3,487,243547,183
13,small_leak,3,488,244047,183
13,small_leak,3,489,244547,187
13,small_leak,3,490,245047,171
13,small_leak,3,491,245547,169
13,small_leak,3,492,246047,188
13,small_leak,3,493,246547,189
13,small_leak,3,494,247047,214
13,small_leak,3,495,247547,165
13,small_leak,3,496,248047,87
13,small_leak,3,497,248547,137
13,small_leak,3,498,249047,136
13,small_leak,3,499,249547,149
13,small_leak,3,500,250047,171
13,small_leak,3,501,250547,181
13,small_leak,3,502,251047,189
13,small_leak,3,503,251547,201
13,small_leak,3,504,252047,189
13,small_leak,3,505,252547,215
13,small_leak,3,506,253047,220
13,small_leak,3,507,253547,191
13,small_leak,3,508,254047,226
13,small_leak,3,509,254547,264
13,small_leak,3,510,255047,262
13,small_leak,3,511,255547,279
13,small_leak,3,512,256047,203
13,small_leak,3,513,256547,187
13,small_leak,3,514,257047,210
13,small_leak,3,515,257547,173
13,small_leak,3,516,258047,188
13,small_leak,3,517,258547,111
13,small_leak,3,518,259047,99
13,small_leak,3,519,259547,151
13,small_leak,3,520,260047,131
13,small_leak,3,521,260547,89
13,small_leak,3,522,261047,95
13,small_leak,3,523,261547,83
13,small_leak,3,524,262047,23
13,small_leak,3,525,262547,165
13,small_leak,3,526,263047,169
13,small_leak,3,527,263547,181
13,small_leak,3,528,264047,70
13,small_leak,3,529,264547,23
13,small_leak,3,530,265047,40
13,small_leak,3,531,265547,135
13,small_leak,3,532,266047,111
13,small_leak,3,533,266547,94
13,small_leak,3,534,267047,171
13,small_leak,3,535,267547,79
13,small_leak,3,536,268047,86
13,small_leak,3,537,268547,11
13,small_leak,3,538,269048,188
13,small_leak,3,539,269547,103
13,small_leak,3,540,270047,21
13,small_leak,3,541,270547,0
13,small_leak,3,542,271047,11
13,small_leak,3,543,271547,79
13,small_leak,3,544,272047,81
13,small_leak,3,545,272547,70
13,small_leak,3,546,273047,125
13,small_leak,3,547,273547,155
13,small_leak,3,548,274047,203
13,small_leak,3,549,274547,184
13,small_leak,3,550,275047,310
13,small_leak,3,551,275547,148
13,small_leak,3,552,276047,135
13,small_leak,3,553,276547,63
13,small_leak,3,554,277047,141
13,small_leak,3,555,277547,125
13,small_leak,3,556,278047,29
13,small_leak,3,557,278547,0
13,small_leak,3,558,279047,72
13,small_leak,3,559,279547,28
13,small_leak,3,560,280047,10
13,small_leak,3,561,280547,175
13,small_leak,3,562,281047,91
13,small_leak,3,563,281547,268
13,small_leak,3,564,282047,295
13,small_leak,3,565,282547,221
13,small_leak,3,566,283047,309
13,small_leak,3,567,283547,111
13,small_leak,3,568,284047,137
13,small_leak,3,569,284547,263
13,small_leak,3,570,285048,329
13,small_leak,3,571,285547,261
13,small_leak,3,572,286047,285
13,small_leak,3,573,286547,246
13,small_leak,3,574,287047,147
13,small_leak,3,575,287547,137
13,small_leak,3,576,288047,92
13,small_leak,3,577,288547,215
13,small_leak,3,578,289047,83
13,small_leak,3,579,289547,11
13,small_leak,3,580,290047,18
13,small_leak,3,581,290547,35
13,small_leak,3,582,291047,50
13,small_leak,3,583,291547,109
13,small_leak,3,584,292047,175
13,small_leak,3,585,292547,47
13,small_leak,3,586,293047,101
13,small_leak,3,587,293547,19
13,small_leak,3,588,294047,9
13,small_leak,3,589,294547,55
13,small_leak,3,590,295047,120
13,small_leak,3,591,295547,157
13,small_leak,3,592,296047,165
13,small_leak,3,593,296547,76
13,small_leak,3,594,297047,90
13,small_leak,3,595,297547,141
13,small_leak,3,596,298047,69
13,small_leak,3,597,298547,85
13,small_leak,3,598,299047,201
13,small_leak,3,599,299547,58
13,small_leak,3,600,300047,3
13,small_leak,3,601,300547,95
13,small_leak,3,602,301047,173
13,small_leak,3,603,301547,53
13,small_leak,3,604,302047,155
13,small_leak,3,605,302547,332
13,small_leak,3,606,303047,223
13,small_leak,3,607,303547,157
13,small_leak,3,608,304047,239
13,small_leak,3,609,304547,203
13,small_leak,3,610,305047,199
13,small_leak,3,611,305547,116
13,small_leak,3,612,306047,229
13,small_leak,3,613,306547,155
13,small_leak,3,614,307047,119
13,small_leak,3,615,307547,111
13,small_leak,3,616,308047,42
13,small_leak,3,617,308547,132
13,small_leak,3,618,309047,51
13,small_leak,3,619,309547,0
13,small_leak,3,620,310047,0
13,small_leak,3,621,310547,17
13,small_leak,3,622,311047,46
13,small_leak,3,623,311547,485
13,small_leak,3,624,312047,317
13,small_leak,3,625,312547,125
13,small_leak,3,626,313047,223
13,small_leak,3,627,313547,351
13,small_leak,3,628,314047,317
13,small_leak,3,629,314547,282
13,small_leak,3,630,315047,221
13,small_leak,3,631,315547,157
13,small_leak,3,632,316047,93
13,small_leak,3,633,316547,79
13,small_leak,3,634,317047,89
13,small_leak,3,635,317547,133
13,small_leak,3,636,318047,141
13,small_leak,3,637,318547,175
13,small_leak,3,638,319047,89
13,small_leak,3,639,319547,103
13,small_leak,3,640,320047,215
13,small_leak,3,641,320547,89
13,small_leak,3,642,321047,13
13,small_leak,3,643,321547,201
13,small_leak,3,644,322047,293
13,small_leak,3,645,322547,111
13,small_leak,3,646,323047,207
13,small_leak,3,647,323547,171
13,small_leak,3,648,324047,153
13,small_leak,3,649,324547,89
13,small_leak,3,650,325047,19
13,small_leak,3,651,325547,74
13,small_leak,3,652,326047,314
13,small_leak,3,653,326547,261
13,small_leak,3,654,327047,294
13,small_leak,3,655,327547,307
13,small_leak,3,656,328047,325
13,small_leak,3,657,328547,239
13,small_leak,3,658,329047,78
13,small_leak,3,659,329547,7
13,small_leak,3,660,330047,0
13,small_leak,3,661,330547,76
13,small_leak,3,662,331047,209
13,small_leak,3,663,331547,67
13,small_leak,3,664,332047,6
13,small_leak,3,665,332547,0
13,small_leak,3,666,333047,0
13,small_leak,3,667,333547,33
13,small_leak,3,668,334047,84
13,small_leak,3,669,334547,85
13,small_leak,3,670,335047,71
13,small_leak,3,671,335547,5
13,small_leak,3,672,336047,0
13,small_leak,3,673,336547,186
13,small_leak,3,674,337047,77
13,small_leak,3,675,337547,63
13,small_leak,3,676,338047,651
13,small_leak,3,677,338547,627
13,small_leak,3,678,339047,331
13,small_leak,3,679,339547,239
13,small_leak,3,680,340047,357
13,small_leak,3,681,340547,151
13,small_leak,3,682,341047,163
13,small_leak,3,683,341547,198
13,small_leak,3,684,342047,83
13,small_leak,3,685,342547,583
13,small_leak,3,686,343047,192
13,small_leak,3,687,343547,371
13,small_leak,3,688,344047,345
13,small_leak,3,689,344547,239
13,small_leak,3,690,345047,313
13,small_leak,3,691,345547,225
13,small_leak,3,692,346047,71
13,small_leak,3,693,346547,299
13,small_leak,3,694,347047,201
13,small_leak,3,695,347547,59
13,small_leak,3,696,348047,291
13,small_leak,3,697,348547,92
13,small_leak,3,698,349047,16
13,small_leak,3,699,349547,189
13,small_leak,3,700,350047,56
13,small_leak,3,701,350547,91
13,small_leak,3,702,351047,19
13,small_leak,3,703,351547,0
13,small_leak,3,704,352047,0
13,small_leak,3,705,352547,0
13,small_leak,3,706,353047,25
13,small_leak,3,707,353547,155
13,small_leak,3,708,354047,227
13,small_leak,3,709,354547,186
13,small_leak,3,710,355047,535
13,small_leak,3,711,355547,355
13,small_leak,3,712,356047,282
13,small_leak,3,713,356547,116
13,small_leak,3,714,357047,147
13,small_leak,3,715,357547,53
13,small_leak,3,716,358047,219
13,small_leak,3,717,358547,189
13,small_leak,3,718,359047,215
13,small_leak,3,719,359547,253
13,small_leak,3,720,360047,242
13,small_leak,3,721,360547,273
13,small_leak,3,722,361047,367
13,small_leak,3,723,361547,148
13,small_leak,3,724,362047,327
13,small_leak,3,725,362547,363
13,small_leak,3,726,363047,313
13,small_leak,3,727,363547,495
13,small_leak,3,728,364047,405
13,small_leak,3,729,364547,379
13,small_leak,3,730,365047,383
13,small_leak,3,731,365547,357
13,small_leak,3,732,366047,350
13,small_leak,3,733,366547,263
13,small_leak,3,734,367047,255
13,small_leak,3,735,367547,330
13,small_leak,3,736,368047,137
13,small_leak,3,737,368547,39
13,small_leak,3,738,369047,114
13,small_leak,3,739,369547,181
13,small_leak,3,740,370047,147
13,small_leak,3,741,370547,37
13,small_leak,3,742,371047,0
13,small_leak,3,743,371547,77
13,small_leak,3,744,372047,51
13,small_leak,3,745,372547,61
13,small_leak,3,746,373047,45
13,small_leak,3,747,373547,218
13,small_leak,3,748,374047,115
13,small_leak,3,749,374547,247
13,small_leak,3,750,375047,275
13,small_leak,3,751,375547,115
13,small_leak,3,752,376047,281
13,small_leak,3,753,376547,191
13,small_leak,3,754,377047,171
13,small_leak,3,755,377547,201
13,small_leak,3,756,378047,180
13,small_leak,3,757,378547,77
13,small_leak,3,758,379047,99
13,small_leak,3,759,379547,213
13,small_leak,3,760,380047,226
13,small_leak,3,761,380547,199
13,small_leak,3,762,381047,185
13,small_leak,3,763,381547,328
13,small_leak,3,764,382047,189
13,small_leak,3,765,382547,288
13,small_leak,3,766,383047,245
13,small_leak,3,767,383547,316
13,small_leak,3,768,384047,233
13,small_leak,3,769,384547,395
13,small_leak,3,770,385047,135
13,small_leak,3,771,385547,254
13,small_leak,3,772,386047,135
13,small_leak,3,773,386547,156
13,small_leak,3,774,387047,119
13,small_leak,3,775,387547,30
13,small_leak,3,776,388047,0
13,small_leak,3,777,388547,183
13,small_leak,3,778,389047,192
13,small_leak,3,779,389547,90
13,small_leak,3,780,390047,227
13,small_leak,3,781,390547,263
13,small_leak,3,782,391047,85
13,small_leak,3,783,391547,132
13,small_leak,3,784,392047,40
13,small_leak,3,785,392547,283
13,small_leak,3,786,393047,104
13,small_leak,3,787,393547,299
13,small_leak,3,788,394047,251
13,small_leak,3,789,394547,235
13,small_leak,3,790,395047,215
13,small_leak,3,791,395547,116
13,small_leak,3,792,396047,184
13,small_leak,3,793,396547,232
13,small_leak,3,794,397047,192
13,small_leak,3,795,397547,239
13,small_leak,3,796,398047,197
13,small_leak,3,797,398547,89
13,small_leak,3,798,399047,106
13,small_leak,3,799,399547,167
13,small_leak,3,800,400047,74
13,small_leak,3,801,400547,247
13,small_leak,3,802,401047,87
13,small_leak,3,803,401547,12
13,small_leak,3,804,402047,9
13,small_leak,3,805,402547,57
13,small_leak,3,806,403047,105
13,small_leak,3,807,403547,119
13,small_leak,3,808,404047,138
13,small_leak,3,809,404547,37
13,small_leak,3,810,405047,89
13,small_leak,3,811,405547,76
13,small_leak,3,812,406047,75
13,small_leak,3,813,406547,57
13,small_leak,3,814,407047,21
13,small_leak,3,815,407547,0
13,small_leak,3,816,408047,76
13,small_leak,3,817,408547,47
13,small_leak,3,818,409047,23
13,small_leak,3,819,409547,103
13,small_leak,3,820,410047,53
13,small_leak,3,821,410547,7
13,small_leak,3,822,411047,0
13,small_leak,3,823,411547,105
13,small_leak,3,824,412047,103
13,small_leak,3,825,412547,24
13,small_leak,3,826,413047,91
13,small_leak,3,827,413547,47
13,small_leak,3,828,414047,0
13,small_leak,3,829,414547,37
13,small_leak,3,830,415047,0
13,small_leak,3,831,415547,0
13,small_leak,3,832,416047,0
13,small_leak,3,833,416547,0
13,small_leak,3,834,417047,0
13,small_leak,3,835,417547,0
13,small_leak,3,836,418047,0
13,small_leak,3,837,418547,0
13,small_leak,3,838,419047,0
13,small_leak,3,839,419547,0
13,small_leak,3,840,420047,154
13,small_leak,3,841,420547,99
13,small_leak,3,842,421047,36
13,small_leak,3,843,421547,137
13,small_leak,3,844,422047,189
13,small_leak,3,845,422547,147
13,small_leak,3,846,423047,183
13,small_leak,3,847,423547,148
13,small_leak,3,848,424047,181
13,small_leak,3,849,424547,501
13,small_leak,3,850,425047,327
13,small_leak,3,851,425547,463
13,small_leak,3,852,426047,503
13,small_leak,3,853,426547,423
13,small_leak,3,854,427047,391
13,small_leak,3,855,427547,303
13,small_leak,3,856,428047,239
13,small_leak,3,857,428547,83
13,small_leak,3,858,429047,277
13,small_leak,3,859,429547,309
13,small_leak,3,860,430047,147
13,small_leak,3,861,430547,67
13,small_leak,3,862,431047,154
13,small_leak,3,863,431547,181
13,small_leak,3,864,432047,151
13,small_leak,3,865,432547,107
13,small_leak,3,866,433047,209
13,small_leak,3,867,433547,115
13,small_leak,3,868,434047,37
13,small_leak,3,869,434547,0
13,small_leak,3,870,435047,147
13,small_leak,3,871,435547,87
13,small_leak,3,872,436047,73
13,small_leak,3,873,436547,146
13,small_leak,3,874,437047,216
13,small_leak,3,875,437547,189
13,small_leak,3,876,438047,237
13,small_leak,3,877,438547,199
13,small_leak,3,878,439047,57
13,small_leak,3,879,439547,163
13,small_leak,3,880,440047,279
13,small_leak,3,881,440547,262
13,small_leak,3,882,441047,281
13,small_leak,3,883,441547,230
13,small_leak,3,884,442047,303
13,small_leak,3,885,442547,445
13,small_leak,3,886,443047,415
13,small_leak,3,887,443547,251
13,small_leak,3,888,444047,425
13,small_leak,3,889,444547,473
13,small_leak,3,890,445047,471
13,small_leak,3,891,445547,397
13,small_leak,3,892,446047,328
13,small_leak,3,893,446547,331
13,small_leak,3,894,447047,268
13,small_leak,3,895,447547,110
13,small_leak,3,896,448047,137
13,small_leak,3,897,448547,87
13,small_leak,3,898,449047,43
13,small_leak,3,899,449547,187
13,small_leak,3,900,450047,138
13,small_leak,3,901,450547,152
13,small_leak,3,902,451047,52
13,small_leak,3,903,451547,87
13,small_leak,3,904,452047,16
13,small_leak,3,905,452547,286
13,small_leak,3,906,453047,169
13,small_leak,3,907,453547,212
13,small_leak,3,908,454047,203
13,small_leak,3,909,454547,155
13,small_leak,3,910,455047,99
13,small_leak,3,911,455547,215
13,small_leak,3,912,456047,142
13,small_leak,3,913,456547,36
13,small_leak,3,914,457047,169
13,small_leak,3,915,457547,189
13,small_leak,3,916,458047,213
13,small_leak,3,917,458547,266
13,small_leak,3,918,459047,245
13,small_leak,3,919,459547,219
13,small_leak,3,920,460047,171
13,small_leak,3,921,460547,153
13,small_leak,3,922,461047,69
13,small_leak,3,923,461547,249
13,small_leak,3,924,462047,286
13,small_leak,3,925,462547,99
13,small_leak,3,926,463047,199
13,small_leak,3,927,463547,253
13,small_leak,3,928,464047,79
13,small_leak,3,929,464547,95
13,small_leak,3,930,465047,24
13,small_leak,3,931,465547,181
13,small_leak,3,932,466047,166
13,small_leak,3,933,466547,284
13,small_leak,3,934,467047,304
13,small_leak,3,935,467547,185
13,small_leak,3,936,468047,53
13,small_leak,3,937,468547,165
13,small_leak,3,938,469047,111
13,small_leak,3,939,469547,25
13,small_leak,3,940,470047,211
13,small_leak,3,941,470547,87
13,small_leak,3,942,471047,88
13,small_leak,3,943,471547,327
13,small_leak,3,944,472047,383
13,small_leak,3,945,472547,198
13,small_leak,3,946,473047,151
13,small_leak,3,947,473547,204
13,small_leak,3,948,474047,155
13,small_leak,3,949,474547,252
13,small_leak,3,950,475047,231
13,small_leak,3,951,475547,267
13,small_leak,3,952,476047,155
13,small_leak,3,953,476547,228
13,small_leak,3,954,477047,141
13,small_leak,3,955,477547,105
13,small_leak,3,956,478047,115
13,small_leak,3,957,478547,25
13,small_leak,3,958,479047,0
13,small_leak,3,959,479547,253
13,small_leak,3,960,480047,201
13,small_leak,3,961,480547,229
13,small_leak,3,962,481047,112
13,small_leak,3,963,481547,99
13,small_leak,3,964,482047,63
13,small_leak,3,965,482547,58
13,small_leak,3,966,483047,9
13,small_leak,3,967,483547,0
13,small_leak,3,968,484047,0
13,small_leak,3,969,484547,0
13,small_leak,3,970,485047,0
13,small_leak,3,971,485547,9
13,small_leak,3,972,486047,187
13,small_leak,3,973,486547,55
13,small_leak,3,974,487047,75
13,small_leak,3,975,487547,142
13,small_leak,3,976,488047,211
13,small_leak,3,977,488547,159
13,small_leak,3,978,489047,153
13,small_leak,3,979,489547,232
13,small_leak,3,980,490047,95
13,small_leak,3,981,490547,18
13,small_leak,3,982,491047,85
13,small_leak,3,983,491547,89
13,small_leak,3,984,492047,201
13,small_leak,3,985,492547,363
13,small_leak,3,986,493047,393
13,small_leak,3,987,493547,250
13,small_leak,3,988,494047,186
13,small_leak,3,989,494547,54
13,small_leak,3,990,495047,296
13,small_leak,3,991,495547,261
13,small_leak,3,992,496047,421
13,small_leak,3,993,496547,349
13,small_leak,3,994,497047,326
13,small_leak,3,995,497547,213
13,small_leak,3,996,498047,264
13,small_leak,3,997,498547,199
13,small_leak,3,998,499047,347
13,small_leak,3,999,499547,307
13,small_leak,3,1000,500047,264
13,small_leak,3,1001,500547,91
13,small_leak,3,1002,501047,86
13,small_leak,3,1003,501547,22
13,small_leak,3,1004,502047,0
13,small_leak,3,1005,502547,0
13,small_leak,3,1006,503047,99
13,small_leak,3,1007,503547,185
13,small_leak,3,1008,504047,54
13,small_leak,3,1009,504547,151
13,small_leak,3,1010,505047,41
13,small_leak,3,1011,505547,73
13,small_leak,3,1012,506047,103
13,small_leak,3,1013,506547,83
13,small_leak,3,1014,507047,77
13,small_leak,3,1015,507547,248
13,small_leak,3,1016,508047,264
13,small_leak,3,1017,508547,200
13,small_leak,3,1018,509047,253
13,small_leak,3,1019,509547,192
13,small_leak,3,1020,510047,205
13,small_leak,3,1021,510547,293
13,small_leak,3,1022,511047,268
13,small_leak,3,1023,511547,373
13,small_leak,3,1024,512047,476
13,small_leak,3,1025,512547,415
13,small_leak,3,1026,513047,503
13,small_leak,3,1027,513547,411
13,small_leak,3,1028,514047,377
13,small_leak,3,1029,514547,421
13,small_leak,3,1030,515047,394
13,small_leak,3,1031,515547,381
13,small_leak,3,1032,516047,359
13,small_leak,3,1033,516547,363
13,small_leak,3,1034,517047,237
13,small_leak,3,1035,517547,279
13,small_leak,3,1036,518047,182
13,small_leak,3,1037,518547,247
13,small_leak,3,1038,519047,103
13,small_leak,3,1039,519547,294
13,small_leak,3,1040,520048,169
13,small_leak,3,1041,520547,174
13,small_leak,3,1042,521047,215
13,small_leak,3,1043,521547,84
13,small_leak,3,1044,522047,13
13,small_leak,3,1045,522547,109
13,small_leak,3,1046,523047,147
13,small_leak,3,1047,523547,78
13,small_leak,3,1048,524047,73
13,small_leak,3,1049,524547,152
13,small_leak,3,1050,525047,98
13,small_leak,3,1051,525547,56
13,small_leak,3,1052,526047,107
13,small_leak,3,1053,526547,22
13,small_leak,3,1054,527047,0
13,small_leak,3,1055,527547,119
13,small_leak,3,1056,528047,100
13,small_leak,3,1057,528547,205
13,small_leak,3,1058,529047,329
13,small_leak,3,1059,529547,291
13,small_leak,3,1060,530047,325
13,small_leak,3,1061,530547,363
13,small_leak,3,1062,531047,270
13,small_leak,3,1063,531547,227
13,small_leak,3,1064,532047,254
13,small_leak,3,1065,532547,191
13,small_leak,3,1066,533047,201
13,small_leak,3,1067,533547,173
13,small_leak,3,1068,534047,165
13,small_leak,3,1069,534547,197
13,small_leak,3,1070,535047,212
13,small_leak,3,1071,535547,165
13,small_leak,3,1072,536047,155
13,small_leak,3,1073,536547,59
13,small_leak,3,1074,537047,135
13,small_leak,3,1075,537547,201
13,small_leak,3,1076,538047,179
13,small_leak,3,1077,538547,217
13,small_leak,3,1078,539047,67
13,small_leak,3,1079,539547,78
13,small_leak,3,1080,540047,167
13,small_leak,3,1081,540547,205
13,small_leak,3,1082,541047,175
13,small_leak,3,1083,541547,109
13,small_leak,3,1084,542047,23
13,small_leak,3,1085,542547,0
13,small_leak,3,1086,543047,3
13,small_leak,3,1087,543547,155
13,small_leak,3,1088,544047,46
13,small_leak,3,1089,544547,4
13,small_leak,3,1090,545047,83
13,small_leak,3,1091,545547,115
13,small_leak,3,1092,546047,58
13,small_leak,3,1093,546547,4
13,small_leak,3,1094,547047,0
13,small_leak,3,1095,547547,0
13,small_leak,3,1096,548047,0
13,small_leak,3,1097,548547,0
13,small_leak,3,1098,549047,19
13,small_leak,3,1099,549547,0
13,small_leak,3,1100,550047,31
13,small_leak,3,1101,550547,0
13,small_leak,3,1102,551047,0
13,small_leak,3,1103,551547,188
13,small_leak,3,1104,552047,55
13,small_leak,3,1105,552547,60
13,small_leak,3,1106,553047,186
13,small_leak,3,1107,553547,109
13,small_leak,3,1108,554047,151
13,small_leak,3,1109,554547,231
13,small_leak,3,1110,555047,183
13,small_leak,3,1111,555547,220
13,small_leak,3,1112,556047,84
13,small_leak,3,1113,556547,87
13,small_leak,3,1114,557047,164
13,small_leak,3,1115,557547,219
13,small_leak,3,1116,558047,236
13,small_leak,3,1117,558547,309
13,small_leak,3,1118,559047,101
13,small_leak,3,1119,559547,31
13,small_leak,3,1120,560047,55
13,small_leak,3,1121,560547,235
13,small_leak,3,1122,561047,74
13,small_leak,3,1123,561547,9
13,small_leak,3,1124,562047,28
13,small_leak,3,1125,562547,0
13,small_leak,3,1126,563047,31
13,small_leak,3,1127,563547,23
13,small_leak,3,1128,564047,0
13,small_leak,3,1129,564547,109
13,small_leak,3,1130,565047,141
13,small_leak,3,1131,565547,107
13,small_leak,3,1132,566047,213
13,small_leak,3,1133,566547,119
13,small_leak,3,1134,567047,189
13,small_leak,3,1135,567547,166
13,small_leak,3,1136,568047,205
13,small_leak,3,1137,568547,73
13,small_leak,3,1138,569047,9
13,small_leak,3,1139,569547,3
13,small_leak,3,1140,570047,55
13,small_leak,3,1141,570547,23
13,small_leak,3,1142,571047,0
13,small_leak,3,1143,571547,77
13,small_leak,3,1144,572047,56
13,small_leak,3,1145,572547,274
13,small_leak,3,1146,573047,89
13,small_leak,3,1147,573547,299
13,small_leak,3,1148,574047,378
13,small_leak,3,1149,574547,295
13,small_leak,3,1150,575047,405
13,small_leak,3,1151,575547,285
13,small_leak,3,1152,576047,371
13,small_leak,3,1153,576547,396
13,small_leak,3,1154,577047,412
13,small_leak,3,1155,577547,500
13,small_leak,3,1156,578047,395
13,small_leak,3,1157,578547,318
13,small_leak,3,1158,579047,359
13,small_leak,3,1159,579547,287
13,small_leak,3,1160,580047,339
13,small_leak,3,1161,580547,275
13,small_leak,3,1162,581047,328
13,small_leak,3,1163,581547,255
13,small_leak,3,1164,582047,103
13,small_leak,3,1165,582547,85
13,small_leak,3,1166,583047,150
13,small_leak,3,1167,583547,159
13,small_leak,3,1168,584047,188
13,small_leak,3,1169,584547,127
13,small_leak,3,1170,585047,200
13,small_leak,3,1171,585547,173
13,small_leak,3,1172,586047,153
13,small_leak,3,1173,586547,266
13,small_leak,3,1174,587047,89
13,small_leak,3,1175,587547,165
13,small_leak,3,1176,588047,255
13,small_leak,3,1177,588547,131
13,small_leak,3,1178,589047,250
13,small_leak,3,1179,589547,163
13,small_leak,3,1180,590047,243
13,small_leak,3,1181,590547,219
13,small_leak,3,1182,591047,187
13,small_leak,3,1183,591547,213
13,small_leak,3,1184,592047,219
13,small_leak,3,1185,592547,219
13,small_leak,3,1186,593047,189
13,small_leak,3,1187,593547,185
13,small_leak,3,1188,594047,176
13,small_leak,3,1189,594547,57
13,small_leak,3,1190,595047,3
13,small_leak,3,1191,595547,167
13,small_leak,3,1192,596047,169
13,small_leak,3,1193,596547,137
13,small_leak,3,1194,597047,159
13,small_leak,3,1195,597547,205
13,small_leak,3,1196,598047,121
13,small_leak,3,1197,598547,36
13,small_leak,3,1198,599047,120
13,small_leak,3,1199,599547,217
13,small_leak,3,1200,600047,182
13,small_leak,3,1201,600547,310
13,small_leak,3,1202,601047,187
13,small_leak,3,1203,601547,223
13,small_leak,3,1204,602047,250
13,small_leak,3,1205,602547,211
13,small_leak,3,1206,603047,198
13,small_leak,3,1207,603547,253
13,small_leak,3,1208,604047,365
13,small_leak,3,1209,604547,247
13,small_leak,3,1210,605047,215
13,small_leak,3,1211,605547,69
13,small_leak,3,1212,606047,7
13,small_leak,3,1213,606547,295
13,small_leak,3,1214,607047,283
13,small_leak,3,1215,607547,169
13,small_leak,3,1216,608047,326
13,small_leak,3,1217,608547,204
13,small_leak,3,1218,609047,89
13,small_leak,3,1219,609547,142
13,small_leak,3,1220,610048,101
13,small_leak,3,1221,610547,271
13,small_leak,3,1222,611047,170
13,small_leak,3,1223,611547,58
13,small_leak,3,1224,612047,47
13,small_leak,3,1225,612547,5
13,small_leak,3,1226,613047,0
13,small_leak,3,1227,613547,0
13,small_leak,3,1228,614047,0
13,small_leak,3,1229,614547,0
13,small_leak,3,1230,615047,0
13,small_leak,3,1231,615547,0
13,small_leak,3,1232,616047,105
13,small_leak,3,1233,616547,25
13,small_leak,3,1234,617047,0
13,small_leak,3,1235,617547,0
13,small_leak,3,1236,618047,31
13,small_leak,3,1237,618547,191
13,small_leak,3,1238,619047,180
13,small_leak,3,1239,619547,249
13,small_leak,3,1240,620047,83
13,small_leak,3,1241,620547,276
13,small_leak,3,1242,621047,355
13,small_leak,3,1243,621547,291
13,small_leak,3,1244,622047,238
13,small_leak,3,1245,622547,169
13,small_leak,3,1246,623047,207
13,small_leak,3,1247,623547,141
13,small_leak,3,1248,624047,355
13,small_leak,3,1249,624547,141
13,small_leak,3,1250,625047,115
13,small_leak,3,1251,625547,79
13,small_leak,3,1252,626047,191
13,small_leak,3,1253,626547,133
13,small_leak,3,1254,627047,363
13,small_leak,3,1255,627547,176
13,small_leak,3,1256,628047,233
13,small_leak,3,1257,628547,279
13,small_leak,3,1258,629047,212
13,small_leak,3,1259,629547,164
13,small_leak,3,1260,630047,124
13,small_leak,3,1261,630547,217
13,small_leak,3,1262,631048,213
13,small_leak,3,1263,631547,107
13,small_leak,3,1264,632047,166
13,small_leak,3,1265,632547,45
13,small_leak,3,1266,633047,107
13,small_leak,3,1267,633547,99
13,small_leak,3,1268,634047,287
13,small_leak,3,1269,634547,109
13,small_leak,3,1270,635047,155
13,small_leak,3,1271,635547,137
13,small_leak,3,1272,636047,98
13,small_leak,3,1273,636547,137
13,small_leak,3,1274,637047,109
13,small_leak,3,1275,637547,151
13,small_leak,3,1276,638047,265
13,small_leak,3,1277,638547,85
13,small_leak,3,1278,639047,143
13,small_leak,3,1279,639547,150
13,small_leak,3,1280,640047,157
13,small_leak,3,1281,640547,120
13,small_leak,3,1282,641047,91
13,small_leak,3,1283,641547,137
13,small_leak,3,1284,642047,135
13,small_leak,3,1285,642547,176
13,small_leak,3,1286,643047,151
13,small_leak,3,1287,643547,155
13,small_leak,3,1288,644047,201
13,small_leak,3,1289,644547,183
13,small_leak,3,1290,645047,106
13,small_leak,3,1291,645547,95
13,small_leak,3,1292,646047,19
13,small_leak,3,1293,646547,164
13,small_leak,3,1294,647047,125
13,small_leak,3,1295,647547,171
13,small_leak,3,1296,648047,125
13,small_leak,3,1297,648547,185
13,small_leak,3,1298,649047,253
13,small_leak,3,1299,649547,163
13,small_leak,3,1300,650047,155
13,small_leak,3,1301,650547,219
13,small_leak,3,1302,651047,317
13,small_leak,3,1303,651547,329
13,small_leak,3,1304,652047,249
13,small_leak,3,1305,652547,275
13,small_leak,3,1306,653047,179
13,small_leak,3,1307,653547,245
13,small_leak,3,1308,654047,297
13,small_leak,3,1309,654547,213
13,small_leak,3,1310,655047,247
13,small_leak,3,1311,655547,181
13,small_leak,3,1312,656047,133
13,small_leak,3,1313,656547,146
13,small_leak,3,1314,657047,133
13,small_leak,3,1315,657547,133
13,small_leak,3,1316,658047,147
13,small_leak,3,1317,658547,127
13,small_leak,3,1318,659047,251
13,small_leak,3,1319,659547,125
13,small_leak,3,1320,660047,181
13,small_leak,3,1321,660547,93
13,small_leak,3,1322,661047,122
13,small_leak,3,1323,661547,29
13,small_leak,3,1324,662047,0
13,small_leak,3,1325,662547,11
13,small_leak,3,1326,663047,0
13,small_leak,3,1327,663547,21
13,small_leak,3,1328,664047,76
13,small_leak,3,1329,664547,53
13,small_leak,3,1330,665047,30
13,small_leak,3,1331,665547,45
13,small_leak,3,1332,666047,0
13,small_leak,3,1333,666547,153
13,small_leak,3,1334,667047,90
13,small_leak,3,1335,667547,17
13,small_leak,3,1336,668047,217
13,small_leak,3,1337,668547,183
13,small_leak,3,1338,669047,53
13,small_leak,3,1339,669547,201
13,small_leak,3,1340,670047,106
13,small_leak,3,1341,670547,99
13,small_leak,3,1342,671047,147
13,small_leak,3,1343,671547,239
13,small_leak,3,1344,672047,212
13,small_leak,3,1345,672547,261
13,small_leak,3,1346,673047,265
13,small_leak,3,1347,673547,297
13,small_leak,3,1348,674047,141
13,small_leak,3,1349,674547,197
13,small_leak,3,1350,675047,99
13,small_leak,3,1351,675547,260
13,small_leak,3,1352,676047,86
13,small_leak,3,1353,676547,151
13,small_leak,3,1354,677047,105
13,small_leak,3,1355,677547,21
13,small_leak,3,1356,678047,44
13,small_leak,3,1357,678547,25
13,small_leak,3,1358,679047,86
13,small_leak,3,1359,679547,125
13,small_leak,3,1360,680047,29
13,small_leak,3,1361,680547,0
13,small_leak,3,1362,681047,28
13,small_leak,3,1363,681547,0
13,small_leak,3,1364,682047,53
13,small_leak,3,1365,682547,115
13,small_leak,3,1366,683047,299
13,small_leak,3,1367,683547,371
13,small_leak,3,1368,684047,261
13,small_leak,3,1369,684547,309
13,small_leak,3,1370,685047,422
13,small_leak,3,1371,685547,339
13,small_leak,3,1372,686047,331
13,small_leak,3,1373,686547,395
13,small_leak,3,1374,687047,327
13,small_leak,3,1375,687547,349
13,small_leak,3,1376,688047,446
13,small_leak,3,1377,688547,185
13,small_leak,3,1378,689047,237
13,small_leak,3,1379,689547,154
13,small_leak,3,1380,690047,233
13,small_leak,3,1381,690547,150
13,small_leak,3,1382,691047,164
13,small_leak,3,1383,691547,173
13,small_leak,3,1384,692047,105
13,small_leak,3,1385,692547,182
13,small_leak,3,1386,693047,173
13,small_leak,3,1387,693547,83
13,small_leak,3,1388,694047,60
13,small_leak,3,1389,694547,87
13,small_leak,3,1390,695047,40
13,small_leak,3,1391,695547,45
13,small_leak,3,1392,696047,211
13,small_leak,3,1393,696547,231
13,small_leak,3,1394,697047,309
13,small_leak,3,1395,697547,141
13,small_leak,3,1396,698047,75
13,small_leak,3,1397,698547,103
13,small_leak,3,1398,699047,103
13,small_leak,3,1399,699547,179
13,small_leak,3,1400,700047,141
13,small_leak,3,1401,700547,84
13,small_leak,3,1402,701047,167
13,small_leak,3,1403,701547,105
13,small_leak,3,1404,702047,22
13,small_leak,3,1405,702547,11
13,small_leak,3,1406,703047,153
13,small_leak,3,1407,703547,60
13,small_leak,3,1408,704047,117
13,small_leak,3,1409,704547,172
13,small_leak,3,1410,705047,47
13,small_leak,3,1411,705547,0
13,small_leak,3,1412,706047,55
13,small_leak,3,1413,706547,20
13,small_leak,3,1414,707047,0
13,small_leak,3,1415,707547,0
13,small_leak,3,1416,708047,75
13,small_leak,3,1417,708547,25
13,small_leak,3,1418,709047,0
13,small_leak,3,1419,709547,42
13,small_leak,3,1420,710047,89
13,small_leak,3,1421,710547,94
13,small_leak,3,1422,711047,41
13,small_leak,3,1423,711547,0
13,small_leak,3,1424,712047,0
13,small_leak,3,1425,712547,0
13,small_leak,3,1426,713047,0
13,small_leak,3,1427,713547,85
13,small_leak,3,1428,714047,151
13,small_leak,3,1429,714547,165
13,small_leak,3,1430,715047,303
13,small_leak,3,1431,715547,287
13,small_leak,3,1432,716047,372
13,small_leak,3,1433,716547,263
13,small_leak,3,1434,717047,157
13,small_leak,3,1435,717547,350
13,small_leak,3,1436,718047,115
13,small_leak,3,1437,718547,205
13,small_leak,3,1438,719047,223
13,small_leak,3,1439,719547,155
13,small_leak,3,1440,720047,83
13,small_leak,3,1441,720547,13
13,small_leak,3,1442,721047,0
13,small_leak,3,1443,721547,67
13,small_leak,3,1444,722047,7
13,small_leak,3,1445,722547,0
13,small_leak,3,1446,723047,0
13,small_leak,3,1447,723547,0
13,small_leak,3,1448,724047,0
13,small_leak,3,1449,724547,0
13,small_leak,3,1450,725047,0
13,small_leak,3,1451,725547,0
13,small_leak,3,1452,726047,19
13,small_leak,3,1453,726547,23
13,small_leak,3,1454,727047,53
13,small_leak,3,1455,727547,438
13,small_leak,3,1456,728047,189
13,small_leak,3,1457,728547,300
13,small_leak,3,1458,729047,295
13,small_leak,3,1459,729547,299
13,small_leak,3,1460,730047,296
13,small_leak,3,1461,730547,354
13,small_leak,3,1462,731047,151
13,small_leak,3,1463,731547,119
13,small_leak,3,1464,732047,109
13,small_leak,3,1465,732547,231
13,small_leak,3,1466,733047,271
13,small_leak,3,1467,733547,379
13,small_leak,3,1468,734047,471
13,small_leak,3,1469,734547,366
13,small_leak,3,1470,735048,349
13,small_leak,3,1471,735547,377
13,small_leak,3,1472,736047,222
13,small_leak,3,1473,736547,216
13,small_leak,3,1474,737047,183
13,small_leak,3,1475,737547,217
13,small_leak,3,1476,738047,205
13,small_leak,3,1477,738547,207
13,small_leak,3,1478,739047,155
13,small_leak,3,1479,739547,91
13,small_leak,3,1480,740047,99
13,small_leak,3,1481,740547,72
13,small_leak,3,1482,741047,150
13,small_leak,3,1483,741547,137
13,small_leak,3,1484,742047,63
13,small_leak,3,1485,742547,188
13,small_leak,3,1486,743047,293
13,small_leak,3,1487,743547,245
13,small_leak,3,1488,744047,220
13,small_leak,3,1489,744547,85
13,small_leak,3,1490,745047,184
13,small_leak,3,1491,745547,53
13,small_leak,3,1492,746047,139
13,small_leak,3,1493,746547,363
13,small_leak,3,1494,747047,307
13,small_leak,3,1495,747547,330
13,small_leak,3,1496,748047,265
13,small_leak,3,1497,748547,281
13,small_leak,3,1498,749047,365
13,small_leak,3,1499,749547,277
13,small_leak,3,1500,750047,383
13,small_leak,3,1501,750547,333
13,small_leak,3,1502,751047,372
13,small_leak,3,1503,751547,221
13,small_leak,3,1504,752047,223
13,small_leak,3,1505,752547,396
13,small_leak,3,1506,753047,344
13,small_leak,3,1507,753547,201
13,small_leak,3,1508,754047,393
13,small_leak,3,1509,754547,234
13,small_leak,3,1510,755047,248
13,small_leak,3,1511,755547,197
13,small_leak,3,1512,756047,287
13,small_leak,3,1513,756547,199
13,small_leak,3,1514,757047,133
13,small_leak,3,1515,757547,158
13,small_leak,3,1516,758047,191
13,small_leak,3,1517,758547,93
13,small_leak,3,1518,759047,287
13,small_leak,3,1519,759547,326
13,small_leak,3,1520,760047,197
13,small_leak,3,1521,760547,198
13,small_leak,3,1522,761047,155
13,small_leak,3,1523,761547,83
13,small_leak,3,1524,762047,79
13,small_leak,3,1525,762547,33
13,small_leak,3,1526,763047,0
13,small_leak,3,1527,763547,0
13,small_leak,3,1528,764047,112
13,small_leak,3,1529,764547,143
13,small_leak,3,1530,765047,115
13,small_leak,3,1531,765547,45
13,small_leak,3,1532,766047,42
13,small_leak,3,1533,766547,166
13,small_leak,3,1534,767047,169
13,small_leak,3,1535,767547,187
13,small_leak,3,1536,768047,244
13,small_leak,3,1537,768547,175
13,small_leak,3,1538,769047,72
13,small_leak,3,1539,769547,115
13,small_leak,3,1540,770047,165
13,small_leak,3,1541,770547,170
13,small_leak,3,1542,771047,45
13,small_leak,3,1543,771547,167
13,small_leak,3,1544,772047,100
13,small_leak,3,1545,772547,203
13,small_leak,3,1546,773047,159
13,small_leak,3,1547,773547,109
13,small_leak,3,1548,774047,25
13,small_leak,3,1549,774547,0
13,small_leak,3,1550,775047,7
13,small_leak,3,1551,775547,53
13,small_leak,3,1552,776047,47
13,small_leak,3,1553,776547,204
13,small_leak,3,1554,777047,91
13,small_leak,3,1555,777547,13
13,small_leak,3,1556,778047,86
13,small_leak,3,1557,778547,157
13,small_leak,3,1558,779047,123
13,small_leak,3,1559,779547,119
13,small_leak,3,1560,780047,27
13,small_leak,3,1561,780547,75
13,small_leak,3,1562,781047,175
13,small_leak,3,1563,781547,244
13,small_leak,3,1564,782047,251
13,small_leak,3,1565,782547,131
13,small_leak,3,1566,783047,63
13,small_leak,3,1567,783547,74
13,small_leak,3,1568,784047,176
13,small_leak,3,1569,784547,47
13,small_leak,3,1570,785047,148
13,small_leak,3,1571,785547,139
13,small_leak,3,1572,786047,167
13,small_leak,3,1573,786547,200
13,small_leak,3,1574,787047,263
13,small_leak,3,1575,787547,189
13,small_leak,3,1576,788047,201
13,small_leak,3,1577,788547,251
13,small_leak,3,1578,789047,254
13,small_leak,3,1579,789547,237
13,small_leak,3,1580,790047,251
13,small_leak,3,1581,790547,173
13,small_leak,3,1582,791047,291
13,small_leak,3,1583,791547,215
13,small_leak,3,1584,792047,154
13,small_leak,3,1585,792547,167
13,small_leak,3,1586,793047,172
13,small_leak,3,1587,793547,149
13,small_leak,3,1588,794047,201
13,small_leak,3,1589,794547,170
13,small_leak,3,1590,795047,85
13,small_leak,3,1591,795547,143
13,small_leak,3,1592,796047,155
13,small_leak,3,1593,796547,169
13,small_leak,3,1594,797047,213
13,small_leak,3,1595,797547,61
13,small_leak,3,1596,798047,98
13,small_leak,3,1597,798547,21
13,small_leak,3,1598,799047,29
13,small_leak,3,1599,799547,44
13,small_leak,3,1600,800047,188
13,small_leak,3,1601,800547,83
13,small_leak,3,1602,801047,70
13,small_leak,3,1603,801547,36
13,small_leak,3,1604,802047,47
13,small_leak,3,1605,802547,27
13,small_leak,3,1606,803047,166
13,small_leak,3,1607,803547,167
13,small_leak,3,1608,804047,105
13,small_leak,3,1609,804547,319
13,small_leak,3,1610,805047,295
13,small_leak,3,1611,805547,240
13,small_leak,3,1612,806047,315
13,small_leak,3,1613,806547,107
13,small_leak,3,1614,807047,109
13,small_leak,3,1615,807547,199
13,small_leak,3,1616,808047,108
13,small_leak,3,1617,808547,43
13,small_leak,3,1618,809047,0
13,small_leak,3,1619,809547,149
13,small_leak,3,1620,810047,332
13,small_leak,3,1621,810547,274
13,small_leak,3,1622,811047,255
13,small_leak,3,1623,811547,179
13,small_leak,3,1624,812047,111
13,small_leak,3,1625,812547,23
13,small_leak,3,1626,813047,157
13,small_leak,3,1627,813547,273
13,small_leak,3,1628,814047,87
13,small_leak,3,1629,814547,29
13,small_leak,3,1630,815047,155
13,small_leak,3,1631,815547,42
13,small_leak,3,1632,816047,0
13,small_leak,3,1633,816547,103
13,small_leak,3,1634,817047,233
13,small_leak,3,1635,817547,73
13,small_leak,3,1636,818047,235
13,small_leak,3,1637,818547,281
13,small_leak,3,1638,819047,153
13,small_leak,3,1639,819547,41
13,small_leak,3,1640,820047,5
13,small_leak,3,1641,820547,265
13,small_leak,3,1642,821047,107
13,small_leak,3,1643,821547,309
13,small_leak,3,1644,822047,115
13,small_leak,3,1645,822547,362
13,small_leak,3,1646,823047,264
13,small_leak,3,1647,823547,364
13,small_leak,3,1648,824047,269
13,small_leak,3,1649,824547,190
13,small_leak,3,1650,825047,329
13,small_leak,3,1651,825547,254
13,small_leak,3,1652,826047,232
13,small_leak,3,1653,826547,254
13,small_leak,3,1654,827047,220
13,small_leak,3,1655,827547,181
13,small_leak,3,1656,828047,189
13,small_leak,3,1657,828547,263
13,small_leak,3,1658,829047,168
13,small_leak,3,1659,829547,207
13,small_leak,3,1660,830047,213
13,small_leak,3,1661,830547,159
13,small_leak,3,1662,831047,59
13,small_leak,3,1663,831547,92
13,small_leak,3,1664,832047,79
13,small_leak,3,1665,832547,75
13,small_leak,3,1666,833047,101
13,small_leak,3,1667,833547,167
13,small_leak,3,1668,834047,135
13,small_leak,3,1669,834547,141
13,small_leak,3,1670,835047,149
13,small_leak,3,1671,835547,115
13,small_leak,3,1672,836047,90
13,small_leak,3,1673,836547,183
13,small_leak,3,1674,837047,157
13,small_leak,3,1675,837547,119
13,small_leak,3,1676,838047,168
13,small_leak,3,1677,838547,149
13,small_leak,3,1678,839047,90
13,small_leak,3,1679,839547,112
13,small_leak,3,1680,840047,189
13,small_leak,3,1681,840547,84
13,small_leak,3,1682,841047,140
13,small_leak,3,1683,841547,123
13,small_leak,3,1684,842047,87
13,small_leak,3,1685,842547,93
13,small_leak,3,1686,843047,55
13,small_leak,3,1687,843547,3
13,small_leak,3,1688,844047,71
13,small_leak,3,1689,844547,28
13,small_leak,3,1690,845047,95
13,small_leak,3,1691,845547,82
13,small_leak,3,1692,846047,267
13,small_leak,3,1693,846547,173
13,small_leak,3,1694,847047,229
13,small_leak,3,1695,847547,232
13,small_leak,3,1696,848047,253
13,small_leak,3,1697,848547,172
13,small_leak,3,1698,849047,91
13,small_leak,3,1699,849547,227
13,small_leak,3,1700,850047,168
13,small_leak,3,1701,850547,212
13,small_leak,3,1702,851047,189
13,small_leak,3,1703,851547,203
13,small_leak,3,1704,852047,247
13,small_leak,3,1705,852547,109
13,small_leak,3,1706,853047,167
13,small_leak,3,1707,853547,111
13,small_leak,3,1708,854047,88
13,small_leak,3,1709,854547,153
13,small_leak,3,1710,855047,159
13,small_leak,3,1711,855547,138
13,small_leak,3,1712,856047,163
13,small_leak,3,1713,856547,139
13,small_leak,3,1714,857047,118
13,small_leak,3,1715,857547,24
13,small_leak,3,1716,858047,89
13,small_leak,3,1717,858547,93
13,small_leak,3,1718,859047,245
13,small_leak,3,1719,859547,181
13,small_leak,3,1720,860047,181
13,small_leak,3,1721,860547,267
13,small_leak,3,1722,861047,147
13,small_leak,3,1723,861547,93
13,small_leak,3,1724,862047,107
13,small_leak,3,1725,862547,91
13,small_leak,3,1726,863047,117
13,small_leak,3,1727,863547,104
13,small_leak,3,1728,864047,83
13,small_leak,3,1729,864547,11
13,small_leak,3,1730,865047,200
13,small_leak,3,1731,865547,213
13,small_leak,3,1732,866047,213
13,small_leak,3,1733,866547,171
13,small_leak,3,1734,867047,163
13,small_leak,3,1735,867547,166
13,small_leak,3,1736,868047,231
13,small_leak,3,1737,868547,216
13,small_leak,3,1738,869047,179
13,small_leak,3,1739,869547,221
13,small_leak,3,1740,870047,170
13,small_leak,3,1741,870547,181
13,small_leak,3,1742,871047,146
13,small_leak,3,1743,871547,159
13,small_leak,3,1744,872047,279
13,small_leak,3,1745,872547,171
13,small_leak,3,1746,873047,291
13,small_leak,3,1747,873547,226
13,small_leak,3,1748,874047,182
13,small_leak,3,1749,874547,246
13,small_leak,3,1750,875047,187
13,small_leak,3,1751,875547,235
13,small_leak,3,1752,876047,222
13,small_leak,3,1753,876547,248
13,small_leak,3,1754,877047,250
13,small_leak,3,1755,877547,201
13,small_leak,3,1756,878047,197
13,small_leak,3,1757,878547,237
13,small_leak,3,1758,879047,239
13,small_leak,3,1759,879547,245
13,small_leak,3,1760,880047,174
13,small_leak,3,1761,880547,275
13,small_leak,3,1762,881047,175
13,small_leak,3,1763,881547,149
13,small_leak,3,1764,882047,125
13,small_leak,3,1765,882547,79
13,small_leak,3,1766,883047,63
13,small_leak,3,1767,883547,10
13,small_leak,3,1768,884047,0
13,small_leak,3,1769,884547,55
13,small_leak,3,1770,885047,22
13,small_leak,3,1771,885547,0
13,small_leak,3,1772,886047,0
13,small_leak,3,1773,886547,0
13,small_leak,3,1774,887047,157
13,small_leak,3,1775,887547,71
13,small_leak,3,1776,888047,123
13,small_leak,3,1777,888547,95
13,small_leak,3,1778,889047,183
13,small_leak,3,1779,889547,275
13,small_leak,3,1780,890047,271
13,small_leak,3,1781,890547,227
13,small_leak,3,1782,891047,182
13,small_leak,3,1783,891547,207
13,small_leak,3,1784,892047,101
13,small_leak,3,1785,892547,164
13,small_leak,3,1786,893047,205
13,small_leak,3,1787,893547,295
13,small_leak,3,1788,894047,109
13,small_leak,3,1789,894547,151
13,small_leak,3,1790,895047,40
13,small_leak,3,1791,895547,292
13,small_leak,3,1792,896047,131
13,small_leak,3,1793,896547,36
13,small_leak,3,1794,897047,183
13,small_leak,3,1795,897547,105
13,small_leak,3,1796,898047,93
13,small_leak,3,1797,898547,87
13,small_leak,3,1798,899047,76
13,small_leak,3,1799,899547,87
13,small_leak,3,1800,900047,23
13,small_leak,3,1801,900547,25
13,small_leak,3,1802,901047,127
13,small_leak,3,1803,901547,79
13,small_leak,3,1804,902047,185
13,small_leak,3,1805,902547,63
13,small_leak,3,1806,903047,177
13,small_leak,3,1807,903547,57
13,small_leak,3,1808,904047,253
13,small_leak,3,1809,904547,159
13,small_leak,3,1810,905047,151
13,small_leak,3,1811,905547,429
13,small_leak,3,1812,906047,365
13,small_leak,3,1813,906547,331
13,small_leak,3,1814,907047,245
13,small_leak,3,1815,907547,213
13,small_leak,3,1816,908047,172
13,small_leak,3,1817,908547,192
13,small_leak,3,1818,909047,61
13,small_leak,3,1819,909547,149
13,small_leak,3,1820,910047,252
13,small_leak,3,1821,910547,175
13,small_leak,3,1822,911047,269
13,small_leak,3,1823,911547,203
13,small_leak,3,1824,912047,206
13,small_leak,3,1825,912547,159
13,small_leak,3,1826,913047,199
13,small_leak,3,1827,913547,299
13,small_leak,3,1828,914047,123
13,small_leak,3,1829,914547,53
13,small_leak,3,1830,915047,221
13,small_leak,3,1831,915547,241
13,small_leak,3,1832,916047,155
13,small_leak,3,1833,916547,335
13,small_leak,3,1834,917047,205
13,small_leak,3,1835,917547,139
13,small_leak,3,1836,918047,135
13,small_leak,3,1837,918547,349
13,small_leak,3,1838,919047,201
13,small_leak,3,1839,919547,197
13,small_leak,3,1840,920047,168
13,small_leak,3,1841,920547,170
13,small_leak,3,1842,921047,198
13,small_leak,3,1843,921547,175
13,small_leak,3,1844,922047,73
13,small_leak,3,1845,922547,210
13,small_leak,3,1846,923047,215
13,small_leak,3,1847,923547,125
13,small_leak,3,1848,924047,180
13,small_leak,3,1849,924547,153
13,small_leak,3,1850,925047,47
13,small_leak,3,1851,925547,91
13,small_leak,3,1852,926047,17
13,small_leak,3,1853,926547,0
13,small_leak,3,1854,927047,0
13,small_leak,3,1855,927547,0
13,small_leak,3,1856,928047,7
13,small_leak,3,1857,928547,99
13,small_leak,3,1858,929047,103
13,small_leak,3,1859,929547,71
13,small_leak,3,1860,930047,0
13,small_leak,3,1861,930547,0
13,small_leak,3,1862,931047,0
13,small_leak,3,1863,931547,41
13,small_leak,3,1864,932047,91
13,small_leak,3,1865,932547,102
13,small_leak,3,1866,933047,137
13,small_leak,3,1867,933547,123
13,small_leak,3,1868,934047,165
13,small_leak,3,1869,934547,181
13,small_leak,3,1870,935047,327
13,small_leak,3,1871,935547,219
13,small_leak,3,1872,936047,152
13,small_leak,3,1873,936547,297
13,small_leak,3,1874,937047,222
13,small_leak,3,1875,937547,291
13,small_leak,3,1876,938047,119
13,small_leak,3,1877,938547,328
13,small_leak,3,1878,939047,287
13,small_leak,3,1879,939547,319
13,small_leak,3,1880,940047,232
13,small_leak,3,1881,940547,274
13,small_leak,3,1882,941047,152
13,small_leak,3,1883,941547,54
13,small_leak,3,1884,942047,349
13,small_leak,3,1885,942547,233
13,small_leak,3,1886,943047,338
13,small_leak,3,1887,943547,201
13,small_leak,3,1888,944047,285
13,small_leak,3,1889,944547,330
13,small_leak,3,1890,945047,262
13,small_leak,3,1891,945547,297
13,small_leak,3,1892,946047,294
13,small_leak,3,1893,946547,301
13,small_leak,3,1894,947047,285
13,small_leak,3,1895,947547,375
13,small_leak,3,1896,948047,315
13,small_leak,3,1897,948547,260
13,small_leak,3,1898,949047,93
13,small_leak,3,1899,949547,17
13,small_leak,3,1900,950047,201
13,small_leak,3,1901,950547,159
13,small_leak,3,1902,951047,94
13,small_leak,3,1903,951547,173
13,small_leak,3,1904,952047,100
13,small_leak,3,1905,952547,53
13,small_leak,3,1906,953047,122
13,small_leak,3,1907,953547,73
13,small_leak,3,1908,954047,21
13,small_leak,3,1909,954547,0
13,small_leak,3,1910,955047,0
13,small_leak,3,1911,955547,0
13,small_leak,3,1912,956047,0
13,small_leak,3,1913,956547,151
13,small_leak,3,1914,957047,105
13,small_leak,3,1915,957547,275
13,small_leak,3,1916,958047,151
13,small_leak,3,1917,958547,207
13,small_leak,3,1918,959047,133
13,small_leak,3,1919,959547,371
13,small_leak,3,1920,960047,395
13,small_leak,3,1921,960547,629
13,small_leak,3,1922,961047,264
13,small_leak,3,1923,961547,276
13,small_leak,3,1924,962047,201
13,small_leak,3,1925,962547,184
13,small_leak,3,1926,963047,57
13,small_leak,3,1927,963547,1
13,small_leak,3,1928,964047,90
13,small_leak,3,1929,964547,102
13,small_leak,3,1930,965047,201
13,small_leak,3,1931,965547,122
13,small_leak,3,1932,966047,159
13,small_leak,3,1933,966547,43
13,small_leak,3,1934,967047,0
13,small_leak,3,1935,967547,0
13,small_leak,3,1936,968047,0
13,small_leak,3,1937,968547,37
13,small_leak,3,1938,969047,230
13,small_leak,3,1939,969547,77
13,small_leak,3,1940,970047,22
13,small_leak,3,1941,970547,29
13,small_leak,3,1942,971047,43
13,small_leak,3,1943,971547,11
13,small_leak,3,1944,972047,19
13,small_leak,3,1945,972547,249
13,small_leak,3,1946,973047,175
13,small_leak,3,1947,973547,118
13,small_leak,3,1948,974047,101
13,small_leak,3,1949,974547,69
13,small_leak,3,1950,975047,316
13,small_leak,3,1951,975547,103
13,small_leak,3,1952,976047,132
13,small_leak,3,1953,976547,243
13,small_leak,3,1954,977047,175
13,small_leak,3,1955,977547,262
13,small_leak,3,1956,978047,265
13,small_leak,3,1957,978547,167
13,small_leak,3,1958,979047,261
13,small_leak,3,1959,979547,227
13,small_leak,3,1960,980047,317
13,small_leak,3,1961,980547,247
13,small_leak,3,1962,981047,229
13,small_leak,3,1963,981547,329
13,small_leak,3,1964,982047,135
13,small_leak,3,1965,982547,160
13,small_leak,3,1966,983047,169
13,small_leak,3,1967,983547,47
13,small_leak,3,1968,984047,57
13,small_leak,3,1969,984547,87
13,small_leak,3,1970,985047,89
13,small_leak,3,1971,985547,53
13,small_leak,3,1972,986047,41
13,small_leak,3,1973,986547,11
13,small_leak,3,1974,987047,0
13,small_leak,3,1975,987547,0
13,small_leak,3,1976,988047,3
13,small_leak,3,1977,988547,53
13,small_leak,3,1978,989047,77
13,small_leak,3,1979,989547,57
13,small_leak,3,1980,990047,181
13,small_leak,3,1981,990547,213
13,small_leak,3,1982,991047,188
13,small_leak,3,1983,991547,300
13,small_leak,3,1984,992047,239
13,small_leak,3,1985,992547,262
13,small_leak,3,1986,993047,235
13,small_leak,3,1987,993547,176
13,small_leak,3,1988,994047,185
13,small_leak,3,1989,994547,197
13,small_leak,3,1990,995047,261
13,small_leak,3,1991,995547,326
13,small_leak,3,1992,996047,276
13,small_leak,3,1993,996547,217
13,small_leak,3,1994,997047,173
13,small_leak,3,1995,997547,166
13,small_leak,3,1996,998047,229
13,small_leak,3,1997,998547,294
13,small_leak,3,1998,999047,220
13,small_leak,3,1999,999547,219
13,small_leak,4,0,48,228
13,small_leak,4,1,547,155
13,small_leak,4,2,1047,243
13,small_leak,4,3,1547,75
13,small_leak,4,4,2047,25
13,small_leak,4,5,2547,53
13,small_leak,4,6,3047,185
13,small_leak,4,7,3547,135
13,small_leak,4,8,4047,143
13,small_leak,4,9,4547,37
13,small_leak,4,10,5047,111
13,small_leak,4,11,5547,107
13,small_leak,4,12,6047,111
13,small_leak,4,13,6547,222
13,small_leak,4,14,7047,205
13,small_leak,4,15,7547,185
13,small_leak,4,16,8047,207
13,small_leak,4,17,8547,201
13,small_leak,4,18,9047,164
13,small_leak,4,19,9547,154
13,small_leak,4,20,10047,205
13,small_leak,4,21,10547,137
13,small_leak,4,22,11047,135
13,small_leak,4,23,11547,29
13,small_leak,4,24,12047,69
13,small_leak,4,25,12547,110
13,small_leak,4,26,13047,29
13,small_leak,4,27,13547,61
13,small_leak,4,28,14047,157
13,small_leak,4,29,14547,171
13,small_leak,4,30,15047,148
13,small_leak,4,31,15547,147
13,small_leak,4,32,16047,142
13,small_leak,4,33,16547,89
13,small_leak,4,34,17047,183
13,small_leak,4,35,17547,52
13,small_leak,4,36,18047,31
13,small_leak,4,37,18547,35
13,small_leak,4,38,19047,28
13,small_leak,4,39,19547,78
13,small_leak,4,40,20047,10
13,small_leak,4,41,20547,20
13,small_leak,4,42,21047,61
13,small_leak,4,43,21547,154
13,small_leak,4,44,22047,149
13,small_leak,4,45,22547,153
13,small_leak,4,46,23047,42
13,small_leak,4,47,23547,200
13,small_leak,4,48,24047,162
13,small_leak,4,49,24547,159
13,small_leak,4,50,25047,149
13,small_leak,4,51,25547,37
13,small_leak,4,52,26047,33
13,small_leak,4,53,26547,0
13,small_leak,4,54,27047,55
13,small_leak,4,55,27547,47
13,small_leak,4,56,28048,0
13,small_leak,4,57,28547,3
13,small_leak,4,58,29047,19
13,small_leak,4,59,29547,85
13,small_leak,4,60,30047,41
13,small_leak,4,61,30547,0
13,small_leak,4,62,31047,27
13,small_leak,4,63,31547,117
13,small_leak,4,64,32047,89
13,small_leak,4,65,32547,90
13,small_leak,4,66,33047,117
13,small_leak,4,67,33547,189
13,small_leak,4,68,34047,55
13,small_leak,4,69,34547,143
13,small_leak,4,70,35047,97
13,small_leak,4,71,35547,78
13,small_leak,4,72,36047,202
13,small_leak,4,73,36547,188
13,small_leak,4,74,37047,112
13,small_leak,4,75,37547,71
13,small_leak,4,76,38047,107
13,small_leak,4,77,38547,223
13,small_leak,4,78,39047,124
13,small_leak,4,79,39547,138
13,small_leak,4,80,40047,31
13,small_leak,4,81,40547,12
13,small_leak,4,82,41047,313
13,small_leak,4,83,41547,173
13,small_leak,4,84,42047,218
13,small_leak,4,85,42547,183
13,small_leak,4,86,43047,119
13,small_leak,4,87,43547,141
13,small_leak,4,88,44047,102
13,small_leak,4,89,44547,180
13,small_leak,4,90,45047,239
13,small_leak,4,91,45547,293
13,small_leak,4,92,46047,360
13,small_leak,4,93,46547,261
13,small_leak,4,94,47047,303
13,small_leak,4,95,47547,507
13,small_leak,4,96,48047,263
13,small_leak,4,97,48547,249
13,small_leak,4,98,49047,432
13,small_leak,4,99,49547,232
13,small_leak,4,100,50047,137
13,small_leak,4,101,50547,243
13,small_leak,4,102,51047,74
13,small_leak,4,103,51547,69
13,small_leak,4,104,52047,204
13,small_leak,4,105,52547,79
13,small_leak,4,106,53047,9
13,small_leak,4,107,53547,0
13,small_leak,4,108,54047,108
13,small_leak,4,109,54547,85
13,small_leak,4,110,55047,59
13,small_leak,4,111,55547,4
13,small_leak,4,112,56047,101
13,small_leak,4,113,56547,39
13,small_leak,4,114,57047,139
13,small_leak,4,115,57547,85
13,small_leak,4,116,58047,37
13,small_leak,4,117,58547,0
13,small_leak,4,118,59047,0
13,small_leak,4,119,59547,56
13,small_leak,4,120,60047,169
13,small_leak,4,121,60547,115
13,small_leak,4,122,61047,143
13,small_leak,4,123,61547,286
13,small_leak,4,124,62047,376
13,small_leak,4,125,62547,461
13,small_leak,4,126,63047,463
13,small_leak,4,127,63547,439
13,small_leak,4,128,64047,395
13,small_leak,4,129,64547,273
13,small_leak,4,130,65047,266
13,small_leak,4,131,65547,280
13,small_leak,4,132,66047,180
13,small_leak,4,133,66547,220
13,small_leak,4,134,67047,251
13,small_leak,4,135,67547,149
13,small_leak,4,136,68047,135
13,small_leak,4,137,68547,57
13,small_leak,4,138,69047,443
13,small_leak,4,139,69547,331
13,small_leak,4,140,70047,171
13,small_leak,4,141,70547,79
13,small_leak,4,142,71047,70
13,small_leak,4,143,71547,7
13,small_leak,4,144,72048,19
13,small_leak,4,145,72547,101
13,small_leak,4,146,73047,59
13,small_leak,4,147,73547,27
13,small_leak,4,148,74047,269
13,small_leak,4,149,74547,275
13,small_leak,4,150,75047,139
13,small_leak,4,151,75547,157
13,small_leak,4,152,76047,159
13,small_leak,4,153,76547,41
13,small_leak,4,154,77047,29
13,small_leak,4,155,77547,0
13,small_leak,4,156,78047,99
13,small_leak,4,157,78547,110
13,small_leak,4,158,79048,253
13,small_leak,4,159,79547,350
13,small_leak,4,160,80047,263
13,small_leak,4,161,80547,173
13,small_leak,4,162,81047,88
13,small_leak,4,163,81547,12
13,small_leak,4,164,82047,0
13,small_leak,4,165,82547,0
13,small_leak,4,166,83047,0
13,small_leak,4,167,83547,0
13,small_leak,4,168,84047,146
13,small_leak,4,169,84547,158
13,small_leak,4,170,85047,175
13,small_leak,4,171,85547,186
13,small_leak,4,172,86047,199
13,small_leak,4,173,86547,180
13,small_leak,4,174,87047,199
13,small_leak,4,175,87547,263
13,small_leak,4,176,88047,286
13,small_leak,4,177,88547,275
13,small_leak,4,178,89047,411
13,small_leak,4,179,89547,399
13,small_leak,4,180,90047,287
13,small_leak,4,181,90547,239
13,small_leak,4,182,91047,284
13,small_leak,4,183,91547,120
13,small_leak,4,184,92047,117
13,small_leak,4,185,92547,125
13,small_leak,4,186,93047,165
13,small_leak,4,187,93547,93
13,small_leak,4,188,94047,88
13,small_leak,4,189,94547,31
13,small_leak,4,190,95047,87
13,small_leak,4,191,95547,68
13,small_leak,4,192,96047,170
13,small_leak,4,193,96547,188
13,small_leak,4,194,97047,245
13,small_leak,4,195,97547,107
13,small_leak,4,196,98047,217
13,small_leak,4,197,98547,233
13,small_leak,4,198,99047,175
13,small_leak,4,199,99547,143
13,small_leak,4,200,100047,211
13,small_leak,4,201,100547,217
13,small_leak,4,202,101047,163
13,small_leak,4,203,101547,253
13,small_leak,4,204,102047,213
13,small_leak,4,205,102547,74
13,small_leak,4,206,103047,164
13,small_leak,4,207,103547,213
13,small_leak,4,208,104047,301
13,small_leak,4,209,104547,327
13,small_leak,4,210,105047,303
13,small_leak,4,211,105547,348
13,small_leak,4,212,106047,297
13,small_leak,4,213,106547,251
13,small_leak,4,214,107047,278
13,small_leak,4,215,107547,279
13,small_leak,4,216,108047,247
13,small_leak,4,217,108547,153
13,small_leak,4,218,109047,230
13,small_leak,4,219,109547,88
13,small_leak,4,220,110047,142
13,small_leak,4,221,110547,180
13,small_leak,4,222,111047,133
13,small_leak,4,223,111547,349
13,small_leak,4,224,112047,219
13,small_leak,4,225,112547,229
13,small_leak,4,226,113047,343
13,small_leak,4,227,113547,299
13,small_leak,4,228,114047,213
13,small_leak,4,229,114547,155
13,small_leak,4,230,115047,41
13,small_leak,4,231,115547,191
13,small_leak,4,232,116047,308
13,small_leak,4,233,116547,137
13,small_leak,4,234,117048,31
13,small_leak,4,235,117547,70
13,small_leak,4,236,118047,92
13,small_leak,4,237,118547,71
13,small_leak,4,238,119047,149
13,small_leak,4,239,119547,105
13,small_leak,4,240,120047,79
13,small_leak,4,241,120547,159
13,small_leak,4,242,121047,44
13,small_leak,4,243,121547,0
13,small_leak,4,244,122047,245
13,small_leak,4,245,122547,243
13,small_leak,4,246,123047,77
13,small_leak,4,247,123547,112
13,small_leak,4,248,124047,219
13,small_leak,4,249,124547,77
13,small_leak,4,250,125047,9
13,small_leak,4,251,125547,0
13,small_leak,4,252,126047,69
13,small_leak,4,253,126547,83
13,small_leak,4,254,127047,17
13,small_leak,4,255,127547,377
13,small_leak,4,256,128047,359
13,small_leak,4,257,128547,185
13,small_leak,4,258,129047,100
13,small_leak,4,259,129547,200
13,small_leak,4,260,130047,57
13,small_leak,4,261,130547,3
13,small_leak,4,262,131047,79
13,small_leak,4,263,131547,101
13,small_leak,4,264,132047,91
13,small_leak,4,265,132547,69
13,small_leak,4,266,133047,261
13,small_leak,4,267,133547,121
13,small_leak,4,268,134047,133
13,small_leak,4,269,134547,199
13,small_leak,4,270,135047,203
13,small_leak,4,271,135547,181
13,small_leak,4,272,136047,237
13,small_leak,4,273,136547,203
13,small_leak,4,274,137047,347
13,small_leak,4,275,137547,117
13,small_leak,4,276,138047,223
13,small_leak,4,277,138547,275
13,small_leak,4,278,139047,221
13,small_leak,4,279,139547,229
13,small_leak,4,280,140047,223
13,small_leak,4,281,140547,287
13,small_leak,4,282,141047,268
13,small_leak,4,283,141547,359
13,small_leak,4,284,142047,351
13,small_leak,4,285,142547,298
13,small_leak,4,286,143047,111
13,small_leak,4,287,143547,159
13,small_leak,4,288,144047,57
13,small_leak,4,289,144547,37
13,small_leak,4,290,145047,21
13,small_leak,4,291,145547,0
13,small_leak,4,292,146047,0
13,small_leak,4,293,146547,19
13,small_leak,4,294,147047,0
13,small_leak,4,295,147547,0
13,small_leak,4,296,148047,0
13,small_leak,4,297,148547,62
13,small_leak,4,298,149047,26
13,small_leak,4,299,149547,0
13,small_leak,4,300,150047,279
13,small_leak,4,301,150547,115
13,small_leak,4,302,151047,203
13,small_leak,4,303,151547,75
13,small_leak,4,304,152048,213
13,small_leak,4,305,152547,189
13,small_leak,4,306,153047,231
13,small_leak,4,307,153547,307
13,small_leak,4,308,154047,261
13,small_leak,4,309,154547,255
13,small_leak,4,310,155047,299
13,small_leak,4,311,155547,317
13,small_leak,4,312,156047,105
13,small_leak,4,313,156547,117
13,small_leak,4,314,157047,205
13,small_leak,4,315,157547,319
13,small_leak,4,316,158047,139
13,small_leak,4,317,158547,250
13,small_leak,4,318,159047,316
13,small_leak,4,319,159547,317
13,small_leak,4,320,160047,313
13,small_leak,4,321,160547,318
13,small_leak,4,322,161047,267
13,small_leak,4,323,161547,329
13,small_leak,4,324,162047,212
13,small_leak,4,325,162547,155
13,small_leak,4,326,163047,148
13,small_leak,4,327,163547,39
13,small_leak,4,328,164047,211
13,small_leak,4,329,164547,122
13,small_leak,4,330,165047,151
13,small_leak,4,331,165547,38
13,small_leak,4,332,166047,199
13,small_leak,4,333,166547,349
13,small_leak,4,334,167047,317
13,small_leak,4,335,167547,233
13,small_leak,4,336,168047,121
13,small_leak,4,337,168547,156
13,small_leak,4,338,169047,183
13,small_leak,4,339,169547,275
13,small_leak,4,340,170047,549
13,small_leak,4,341,170547,428
13,small_leak,4,342,171047,453
13,small_leak,4,343,171547,557
13,small_leak,4,344,172047,573
13,small_leak,4,345,172547,471
13,small_leak,4,346,173047,548
13,small_leak,4,347,173547,437
13,small_leak,4,348,174047,393
13,small_leak,4,349,174547,277
13,small_leak,4,350,175047,233
13,small_leak,4,351,175547,218
13,small_leak,4,352,176047,247
13,small_leak,4,353,176547,153
13,small_leak,4,354,177047,251
13,small_leak,4,355,177547,118
13,small_leak,4,356,178047,172
13,small_leak,4,357,178547,54
13,small_leak,4,358,179047,1
13,small_leak,4,359,179547,150
13,small_leak,4,360,180047,39
13,small_leak,4,361,180547,103
13,small_leak,4,362,181047,77
13,small_leak,4,363,181547,69
13,small_leak,4,364,182047,39
13,small_leak,4,365,182547,43
13,small_leak,4,366,183047,83
13,small_leak,4,367,183547,62
13,small_leak,4,368,184047,105
13,small_leak,4,369,184547,20
13,small_leak,4,370,185047,53
13,small_leak,4,371,185547,55
13,small_leak,4,372,186047,109
13,small_leak,4,373,186547,23
13,small_leak,4,374,187047,20
13,small_leak,4,375,187547,0
13,small_leak,4,376,188047,147
13,small_leak,4,377,188547,125
13,small_leak,4,378,189047,101
13,small_leak,4,379,189547,37
13,small_leak,4,380,190047,101
13,small_leak,4,381,190547,58
13,small_leak,4,382,191047,178
13,small_leak,4,383,191547,294
13,small_leak,4,384,192047,181
13,small_leak,4,385,192547,248
13,small_leak,4,386,193047,283
13,small_leak,4,387,193547,274
13,small_leak,4,388,194047,275
13,small_leak,4,389,194547,229
13,small_leak,4,390,195047,215
13,small_leak,4,391,195547,249
13,small_leak,4,392,196047,222
13,small_leak,4,393,196547,251
13,small_leak,4,394,197048,176
13,small_leak,4,395,197547,261
13,small_leak,4,396,198047,313
13,small_leak,4,397,198547,105
13,small_leak,4,398,199047,21
13,small_leak,4,399,199547,25
13,small_leak,4,400,200047,5
13,small_leak,4,401,200547,11
13,small_leak,4,402,201047,0
13,small_leak,4,403,201547,0
13,small_leak,4,404,202047,0
13,small_leak,4,405,202547,0
13,small_leak,4,406,203047,0
13,small_leak,4,407,203547,0
13,small_leak,4,408,204047,0
13,small_leak,4,409,204547,0
13,small_leak,4,410,205047,58
13,small_leak,4,411,205547,143
13,small_leak,4,412,206047,117
13,small_leak,4,413,206547,89
13,small_leak,4,414,207047,203
13,small_leak,4,415,207547,95
13,small_leak,4,416,208047,139
13,small_leak,4,417,208547,48
13,small_leak,4,418,209047,1
13,small_leak,4,419,209547,57
13,small_leak,4,420,210047,108
13,small_leak,4,421,210547,122
13,small_leak,4,422,211047,102
13,small_leak,4,423,211547,19
13,small_leak,4,424,212047,0
13,small_leak,4,425,212547,117
13,small_leak,4,426,213047,39
13,small_leak,4,427,213547,25
13,small_leak,4,428,214047,77
13,small_leak,4,429,214547,175
13,small_leak,4,430,215047,149
13,small_leak,4,431,215547,115
13,small_leak,4,432,216047,103
13,small_leak,4,433,216547,47
13,small_leak,4,434,217047,56
13,small_leak,4,435,217547,40
13,small_leak,4,436,218047,23
13,small_leak,4,437,218547,0
13,small_leak,4,438,219047,90
13,small_leak,4,439,219547,57
13,small_leak,4,440,220047,300
13,small_leak,4,441,220547,249
13,small_leak,4,442,221047,155
13,small_leak,4,443,221547,237
13,small_leak,4,444,222047,264
13,small_leak,4,445,222547,245
13,small_leak,4,446,223047,231
13,small_leak,4,447,223547,271
13,small_leak,4,448,224047,295
13,small_leak,4,449,224547,495
13,small_leak,4,450,225047,285
13,small_leak,4,451,225547,219
13,small_leak,4,452,226047,309
13,small_leak,4,453,226547,275
13,small_leak,4,454,227047,345
13,small_leak,4,455,227547,349
13,small_leak,4,456,228047,371
13,small_leak,4,457,228547,365
13,small_leak,4,458,229047,335
13,small_leak,4,459,229547,359
13,small_leak,4,460,230047,293
13,small_leak,4,461,230547,214
13,small_leak,4,462,231047,182
13,small_leak,4,463,231547,158
13,small_leak,4,464,232047,203
13,small_leak,4,465,232547,287
13,small_leak,4,466,233047,371
13,small_leak,4,467,233547,315
13,small_leak,4,468,234047,217
13,small_leak,4,469,234547,191
13,small_leak,4,470,235047,59
13,small_leak,4,471,235547,3
13,small_leak,4,472,236047,0
13,small_leak,4,473,236547,0
13,small_leak,4,474,237047,58
13,small_leak,4,475,237547,20
13,small_leak,4,476,238047,17
13,small_leak,4,477,238547,39
13,small_leak,4,478,239047,165
13,small_leak,4,479,239547,167
13,small_leak,4,480,240047,105
13,small_leak,4,481,240547,45
13,small_leak,4,482,241048,113
13,small_leak,4,483,241547,36
13,small_leak,4,484,242047,243
13,small_leak,4,485,242547,89
13,small_leak,4,486,243047,220
13,small_leak,4,487,243547,68
13,small_leak,4,488,244047,109
13,small_leak,4,489,244547,41
13,small_leak,4,490,245047,0
13,small_leak,4,491,245547,57
13,small_leak,4,492,246047,127
13,small_leak,4,493,246547,283
13,small_leak,4,494,247047,279
13,small_leak,4,495,247547,440
13,small_leak,4,496,248047,384
13,small_leak,4,497,248547,292
13,small_leak,4,498,249047,301
13,small_leak,4,499,249547,362
13,small_leak,4,500,250047,279
13,small_leak,4,501,250547,344
13,small_leak,4,502,251047,275
13,small_leak,4,503,251547,245
13,small_leak,4,504,252047,284
13,small_leak,4,505,252547,263
13,small_leak,4,506,253047,237
13,small_leak,4,507,253547,169
13,small_leak,4,508,254047,251
13,small_leak,4,509,254547,205
13,small_leak,4,510,255047,203
13,small_leak,4,511,255547,245
13,small_leak,4,512,256047,248
13,small_leak,4,513,256547,283
13,small_leak,4,514,257047,243
13,small_leak,4,515,257547,160
13,small_leak,4,516,258047,148
13,small_leak,4,517,258547,173
13,small_leak,4,518,259047,269
13,small_leak,4,519,259547,230
13,small_leak,4,520,260047,155
13,small_leak,4,521,260547,117
13,small_leak,4,522,261047,25
13,small_leak,4,523,261547,0
13,small_leak,4,524,262047,78
13,small_leak,4,525,262547,9
13,small_leak,4,526,263047,0
13,small_leak,4,527,263547,42
13,small_leak,4,528,264047,102
13,small_leak,4,529,264547,213
13,small_leak,4,530,265047,213
13,small_leak,4,531,265547,233
13,small_leak,4,532,266047,265
13,small_leak,4,533,266547,287
13,small_leak,4,534,267047,222
13,small_leak,4,535,267547,179
13,small_leak,4,536,268047,173
13,small_leak,4,537,268547,159
13,small_leak,4,538,269047,189
13,small_leak,4,539,269547,393
13,small_leak,4,540,270047,235
13,small_leak,4,541,270547,73
13,small_leak,4,542,271047,19
13,small_leak,4,543,271547,0
13,small_leak,4,544,272047,61
13,small_leak,4,545,272547,18
13,small_leak,4,546,273047,109
13,small_leak,4,547,273547,23
13,small_leak,4,548,274047,73
13,small_leak,4,549,274547,83
13,small_leak,4,550,275047,73
13,small_leak,4,551,275547,6
13,small_leak,4,552,276047,28
13,small_leak,4,553,276547,51
13,small_leak,4,554,277047,0
13,small_leak,4,555,277547,0
13,small_leak,4,556,278047,57
13,small_leak,4,557,278547,93
13,small_leak,4,558,279047,103
13,small_leak,4,559,279547,125
13,small_leak,4,560,280047,226
13,small_leak,4,561,280547,214
13,small_leak,4,562,281047,247
13,small_leak,4,563,281547,485
13,small_leak,4,564,282047,399
13,small_leak,4,565,282547,377
13,small_leak,4,566,283047,377
13,small_leak,4,567,283547,213
13,small_leak,4,568,284047,233
13,small_leak,4,569,284547,72
13,small_leak,4,570,285047,55
13,small_leak,4,571,285547,7
13,small_leak,4,572,286047,0
13,small_leak,4,573,286547,155
13,small_leak,4,574,287047,167
13,small_leak,4,575,287547,266
13,small_leak,4,576,288047,203
13,small_leak,4,577,288547,247
13,small_leak,4,578,289047,520
13,small_leak,4,579,289547,198
13,small_leak,4,580,290047,413
13,small_leak,4,581,290547,419
13,small_leak,4,582,291047,337
13,small_leak,4,583,291547,314
13,small_leak,4,584,292047,309
13,small_leak,4,585,292547,211
13,small_leak,4,586,293047,149
13,small_leak,4,587,293547,169
13,small_leak,4,588,294047,146
13,small_leak,4,589,294547,89
13,small_leak,4,590,295047,87
13,small_leak,4,591,295547,127
13,small_leak,4,592,296047,173
13,small_leak,4,593,296547,51
13,small_leak,4,594,297047,1
13,small_leak,4,595,297547,8
13,small_leak,4,596,298047,202
13,small_leak,4,597,298547,105
13,small_leak,4,598,299048,206
13,small_leak,4,599,299547,157
13,small_leak,4,600,300047,180
13,small_leak,4,601,300547,180
13,small_leak,4,602,301047,169
13,small_leak,4,603,301547,93
13,small_leak,4,604,302047,357
13,small_leak,4,605,302547,183
13,small_leak,4,606,303047,212
13,small_leak,4,607,303547,362
13,small_leak,4,608,304047,348
13,small_leak,4,609,304547,266
13,small_leak,4,610,305047,103
13,small_leak,4,611,305547,206
13,small_leak,4,612,306047,121
13,small_leak,4,613,306547,81
13,small_leak,4,614,307047,19
13,small_leak,4,615,307547,199
13,small_leak,4,616,308047,58
13,small_leak,4,617,308547,188
13,small_leak,4,618,309047,55
13,small_leak,4,619,309547,173
13,small_leak,4,620,310047,166
13,small_leak,4,621,310547,233
13,small_leak,4,622,311047,119
13,small_leak,4,623,311547,126
13,small_leak,4,624,312047,253
13,small_leak,4,625,312547,201
13,small_leak,4,626,313047,292
13,small_leak,4,627,313547,143
13,small_leak,4,628,314047,243
13,small_leak,4,629,314547,149
13,small_leak,4,630,315047,165
13,small_leak,4,631,315547,127
13,small_leak,4,632,316047,157
13,small_leak,4,633,316547,227
13,small_leak,4,634,317047,169
13,small_leak,4,635,317547,223
13,small_leak,4,636,318047,137
13,small_leak,4,637,318547,31
13,small_leak,4,638,319047,105
13,small_leak,4,639,319547,232
13,small_leak,4,640,320047,154
13,small_leak,4,641,320547,200
13,small_leak,4,642,321047,186
13,small_leak,4,643,321547,329
13,small_leak,4,644,322047,291
13,small_leak,4,645,322547,279
13,small_leak,4,646,323047,301
13,small_leak,4,647,323547,327
13,small_leak,4,648,324047,231
13,small_leak,4,649,324547,93
13,small_leak,4,650,325047,115
13,small_leak,4,651,325547,95
13,small_leak,4,652,326047,141
13,small_leak,4,653,326547,123
13,small_leak,4,654,327047,165
13,small_leak,4,655,327547,192
13,small_leak,4,656,328047,185
13,small_leak,4,657,328547,59
13,small_leak,4,658,329047,109
13,small_leak,4,659,329547,104
13,small_leak,4,660,330047,139
13,small_leak,4,661,330547,121
13,small_leak,4,662,331047,118
13,small_leak,4,663,331547,83
13,small_leak,4,664,332047,74
13,small_leak,4,665,332547,145
13,small_leak,4,666,333047,117
13,small_leak,4,667,333547,73
13,small_leak,4,668,334047,68
13,small_leak,4,669,334547,75
13,small_leak,4,670,335047,121
13,small_leak,4,671,335547,91
13,small_leak,4,672,336047,179
13,small_leak,4,673,336547,115
13,small_leak,4,674,337047,92
13,small_leak,4,675,337547,39
13,small_leak,4,676,338047,0
13,small_leak,4,677,338547,45
13,small_leak,4,678,339047,47
13,small_leak,4,679,339547,83
13,small_leak,4,680,340047,118
13,small_leak,4,681,340547,51
13,small_leak,4,682,341047,189
13,small_leak,4,683,341547,167
13,small_leak,4,684,342047,93
13,small_leak,4,685,342547,127
13,small_leak,4,686,343047,139
13,small_leak,4,687,343547,53
13,small_leak,4,688,344047,1
13,small_leak,4,689,344547,0
13,small_leak,4,690,345047,0
13,small_leak,4,691,345547,41
13,small_leak,4,692,346047,45
13,small_leak,4,693,346547,55
13,small_leak,4,694,347047,169
13,small_leak,4,695,347547,247
13,small_leak,4,696,348047,207
13,small_leak,4,697,348547,125
13,small_leak,4,698,349047,90
13,small_leak,4,699,349547,93
13,small_leak,4,700,350047,156
13,small_leak,4,701,350547,164
13,small_leak,4,702,351047,223
13,small_leak,4,703,351547,309
13,small_leak,4,704,352047,291
13,small_leak,4,705,352547,299
13,small_leak,4,706,353047,249
13,small_leak,4,707,353547,216
13,small_leak,4,708,354047,63
13,small_leak,4,709,354547,83
13,small_leak,4,710,355047,12
13,small_leak,4,711,355547,0
13,small_leak,4,712,356047,199
13,small_leak,4,713,356547,55
13,small_leak,4,714,357047,228
13,small_leak,4,715,357547,108
13,small_leak,4,716,358047,226
13,small_leak,4,717,358547,159
13,small_leak,4,718,359047,97
13,small_leak,4,719,359547,295
13,small_leak,4,720,360047,281
13,small_leak,4,721,360547,197
13,small_leak,4,722,361047,143
13,small_leak,4,723,361547,106
13,small_leak,4,724,362047,286
13,small_leak,4,725,362547,167
13,small_leak,4,726,363047,44
13,small_leak,4,727,363547,41
13,small_leak,4,728,364047,0
13,small_leak,4,729,364547,55
13,small_leak,4,730,365047,18
13,small_leak,4,731,365547,0
13,small_leak,4,732,366047,0
13,small_leak,4,733,366547,237
13,small_leak,4,734,367048,233
13,small_leak,4,735,367547,121
13,small_leak,4,736,368047,59
13,small_leak,4,737,368547,133
13,small_leak,4,738,369047,240
13,small_leak,4,739,369547,173
13,small_leak,4,740,370047,109
13,small_leak,4,741,370547,23
13,small_leak,4,742,371047,0
13,small_leak,4,743,371547,0
13,small_leak,4,744,372047,61
13,small_leak,4,745,372547,165
13,small_leak,4,746,373047,103
13,small_leak,4,747,373547,53
13,small_leak,4,748,374047,1
13,small_leak,4,749,374547,0
13,small_leak,4,750,375047,75
13,small_leak,4,751,375547,72
13,small_leak,4,752,376047,11
13,small_leak,4,753,376547,0
13,small_leak,4,754,377047,239
13,small_leak,4,755,377547,233
13,small_leak,4,756,378047,98
13,small_leak,4,757,378547,187
13,small_leak,4,758,379047,338
13,small_leak,4,759,379547,167
13,small_leak,4,760,380047,111
13,small_leak,4,761,380547,25
13,small_leak,4,762,381047,61
13,small_leak,4,763,381547,158
13,small_leak,4,764,382047,42
13,small_leak,4,765,382547,135
13,small_leak,4,766,383047,246
13,small_leak,4,767,383547,212
13,small_leak,4,768,384047,286
13,small_leak,4,769,384547,255
13,small_leak,4,770,385047,265
13,small_leak,4,771,385547,175
13,small_leak,4,772,386047,117
13,small_leak,4,773,386547,67
13,small_leak,4,774,387047,31
13,small_leak,4,775,387547,121
13,small_leak,4,776,388047,221
13,small_leak,4,777,388547,133
13,small_leak,4,778,389047,215
13,small_leak,4,779,389547,231
13,small_leak,4,780,390047,344
13,small_leak,4,781,390547,489
13,small_leak,4,782,391047,333
13,small_leak,4,783,391547,393
13,small_leak,4,784,392047,295
13,small_leak,4,785,392547,246
13,small_leak,4,786,393047,327
13,small_leak,4,787,393547,220
13,small_leak,4,788,394047,160
13,small_leak,4,789,394547,125
13,small_leak,4,790,395047,134
13,small_leak,4,791,395547,105
13,small_leak,4,792,396047,157
13,small_leak,4,793,396547,126
13,small_leak,4,794,397047,253
13,small_leak,4,795,397547,214
13,small_leak,4,796,398047,197
13,small_leak,4,797,398547,275
13,small_leak,4,798,399047,122
13,small_leak,4,799,399547,133
13,small_leak,4,800,400047,159
13,small_leak,4,801,400547,236
13,small_leak,4,802,401047,150
13,small_leak,4,803,401547,254
13,small_leak,4,804,402047,278
13,small_leak,4,805,402547,253
13,small_leak,4,806,403047,291
13,small_leak,4,807,403547,280
13,small_leak,4,808,404047,220
13,small_leak,4,809,404547,230
13,small_leak,4,810,405047,149
13,small_leak,4,811,405547,219
13,small_leak,4,812,406048,104
13,small_leak,4,813,406547,102
13,small_leak,4,814,407047,99
13,small_leak,4,815,407547,101
13,small_leak,4,816,408047,43
13,small_leak,4,817,408547,267
13,small_leak,4,818,409047,188
13,small_leak,4,819,409547,216
13,small_leak,4,820,410047,283
13,small_leak,4,821,410547,155
13,small_leak,4,822,411047,361
13,small_leak,4,823,411547,227
13,small_leak,4,824,412048,301
13,small_leak,4,825,412547,273
13,small_leak,4,826,413047,235
13,small_leak,4,827,413547,184
13,small_leak,4,828,414047,159
13,small_leak,4,829,414547,181
13,small_leak,4,830,415047,139
13,small_leak,4,831,415547,171
13,small_leak,4,832,416047,167
13,small_leak,4,833,416547,203
13,small_leak,4,834,417047,142
13,small_leak,4,835,417547,126
13,small_leak,4,836,418047,88
13,small_leak,4,837,418547,111
13,small_leak,4,838,419047,61
13,small_leak,4,839,419547,13
13,small_leak,4,840,420047,11
13,small_leak,4,841,420547,0
13,small_leak,4,842,421047,0
13,small_leak,4,843,421547,0
13,small_leak,4,844,422047,59
13,small_leak,4,845,422547,111
13,small_leak,4,846,423047,73
13,small_leak,4,847,423547,109
13,small_leak,4,848,424047,47
13,small_leak,4,849,424547,189
13,small_leak,4,850,425047,96
13,small_leak,4,851,425547,63
13,small_leak,4,852,426047,137
13,small_leak,4,853,426547,169
13,small_leak,4,854,427047,176
13,small_leak,4,855,427547,90
13,small_leak,4,856,428047,175
13,small_leak,4,857,428547,284
13,small_leak,4,858,429047,223
13,small_leak,4,859,429547,175
13,small_leak,4,860,430047,197
13,small_leak,4,861,430547,243
13,small_leak,4,862,431047,139
13,small_leak,4,863,431547,93
13,small_leak,4,864,432047,70
13,small_leak,4,865,432547,85
13,small_leak,4,866,433047,61
13,small_leak,4,867,433547,40
13,small_leak,4,868,434047,0
13,small_leak,4,869,434547,0
13,small_leak,4,870,435047,0
13,small_leak,4,871,435547,23
13,small_leak,4,872,436047,183
13,small_leak,4,873,436547,175
13,small_leak,4,874,437047,189
13,small_leak,4,875,437547,90
13,small_leak,4,876,438047,75
13,small_leak,4,877,438547,25
13,small_leak,4,878,439047,51
13,small_leak,4,879,439547,10
13,small_leak,4,880,440047,190
13,small_leak,4,881,440547,245
13,small_leak,4,882,441047,215
13,small_leak,4,883,441547,413
13,small_leak,4,884,442047,348
13,small_leak,4,885,442547,377
13,small_leak,4,886,443047,404
13,small_leak,4,887,443547,277
13,small_leak,4,888,444047,214
13,small_leak,4,889,444547,249
13,small_leak,4,890,445047,231
13,small_leak,4,891,445547,318
13,small_leak,4,892,446047,294
13,small_leak,4,893,446547,286
13,small_leak,4,894,447047,125
13,small_leak,4,895,447547,39
13,small_leak,4,896,448047,238
13,small_leak,4,897,448547,253
13,small_leak,4,898,449047,203
13,small_leak,4,899,449547,93
13,small_leak,4,900,450047,283
13,small_leak,4,901,450547,293
13,small_leak,4,902,451047,244
13,small_leak,4,903,451547,206
13,small_leak,4,904,452047,151
13,small_leak,4,905,452547,190
13,small_leak,4,906,453047,201
13,small_leak,4,907,453547,210
13,small_leak,4,908,454047,158
13,small_leak,4,909,454547,114
13,small_leak,4,910,455047,38
13,small_leak,4,911,455547,10
13,small_leak,4,912,456047,37
13,small_leak,4,913,456547,120
13,small_leak,4,914,457047,77
13,small_leak,4,915,457547,10
13,small_leak,4,916,458047,0
13,small_leak,4,917,458547,104
13,small_leak,4,918,459047,141
13,small_leak,4,919,459547,255
13,small_leak,4,920,460047,173
13,small_leak,4,921,460547,169
13,small_leak,4,922,461047,218
13,small_leak,4,923,461547,125
13,small_leak,4,924,462047,255
13,small_leak,4,925,462547,136
13,small_leak,4,926,463047,203
13,small_leak,4,927,463547,250
13,small_leak,4,928,464047,181
13,small_leak,4,929,464547,52
13,small_leak,4,930,465047,99
13,small_leak,4,931,465547,24
13,small_leak,4,932,466047,0
13,small_leak,4,933,466547,0
13,small_leak,4,934,467047,163
13,small_leak,4,935,467547,244
13,small_leak,4,936,468047,91
13,small_leak,4,937,468547,91
13,small_leak,4,938,469047,93
13,small_leak,4,939,469547,23
13,small_leak,4,940,470047,292
13,small_leak,4,941,470547,300
13,small_leak,4,942,471047,391
13,small_leak,4,943,471547,399
13,small_leak,4,944,472047,201
13,small_leak,4,945,472547,185
13,small_leak,4,946,473047,214
13,small_leak,4,947,473547,123
13,small_leak,4,948,474047,29
13,small_leak,4,949,474547,0
13,small_leak,4,950,475047,35
13,small_leak,4,951,475547,57
13,small_leak,4,952,476047,74
13,small_leak,4,953,476547,29
13,small_leak,4,954,477047,5
13,small_leak,4,955,477547,26
13,small_leak,4,956,478047,39
13,small_leak,4,957,478547,30
13,small_leak,4,958,479047,107
13,small_leak,4,959,479547,35
13,small_leak,4,960,480047,127
13,small_leak,4,961,480547,29
13,small_leak,4,962,481047,147
13,small_leak,4,963,481547,220
13,small_leak,4,964,482047,149
13,small_leak,4,965,482547,178
13,small_leak,4,966,483047,329
13,small_leak,4,967,483547,253
13,small_leak,4,968,484047,237
13,small_leak,4,969,484547,339
13,small_leak,4,970,485047,236
13,small_leak,4,971,485547,169
13,small_leak,4,972,486047,139
13,small_leak,4,973,486547,315
13,small_leak,4,974,487047,311
13,small_leak,4,975,487547,297
13,small_leak,4,976,488047,234
13,small_leak,4,977,488547,248
13,small_leak,4,978,489047,229
13,small_leak,4,979,489547,189
13,small_leak,4,980,490047,190
13,small_leak,4,981,490547,184
13,small_leak,4,982,491047,189
13,small_leak,4,983,491547,173
13,small_leak,4,984,492047,111
13,small_leak,4,985,492547,142
13,small_leak,4,986,493047,139
13,small_leak,4,987,493547,151
13,small_leak,4,988,494047,137
13,small_leak,4,989,494547,33
13,small_leak,4,990,495047,72
13,small_leak,4,991,495547,40
13,small_leak,4,992,496047,0
13,small_leak,4,993,496547,121
13,small_leak,4,994,497047,51
13,small_leak,4,995,497547,139
13,small_leak,4,996,498047,87
13,small_leak,4,997,498547,20
13,small_leak,4,998,499047,0
13,small_leak,4,999,499547,23
13,small_leak,4,1000,500047,88
13,small_leak,4,1001,500547,19
13,small_leak,4,1002,501047,0
13,small_leak,4,1003,501547,0
13,small_leak,4,1004,502047,0
13,small_leak,4,1005,502547,211
13,small_leak,4,1006,503047,135
13,small_leak,4,1007,503547,31
13,small_leak,4,1008,504047,0
13,small_leak,4,1009,504547,120
13,small_leak,4,1010,505047,205
13,small_leak,4,1011,505547,617
13,small_leak,4,1012,506047,495
13,small_leak,4,1013,506547,429
13,small_leak,4,1014,507047,390
13,small_leak,4,1015,507547,460
13,small_leak,4,1016,508047,315
13,small_leak,4,1017,508547,355
13,small_leak,4,1018,509047,430
13,small_leak,4,1019,509547,264
13,small_leak,4,1020,510047,248
13,small_leak,4,1021,510547,437
13,small_leak,4,1022,511047,155
13,small_leak,4,1023,511547,247
13,small_leak,4,1024,512047,77
13,small_leak,4,1025,512547,9
13,small_leak,4,1026,513047,0
13,small_leak,4,1027,513547,9
13,small_leak,4,1028,514047,77
13,small_leak,4,1029,514547,10
13,small_leak,4,1030,515047,37
13,small_leak,4,1031,515547,72
13,small_leak,4,1032,516047,125
13,small_leak,4,1033,516547,28
13,small_leak,4,1034,517047,0
13,small_leak,4,1035,517547,1
13,small_leak,4,1036,518047,40
13,small_leak,4,1037,518547,209
13,small_leak,4,1038,519047,331
13,small_leak,4,1039,519547,363
13,small_leak,4,1040,520047,298
13,small_leak,4,1041,520547,279
13,small_leak,4,1042,521047,270
13,small_leak,4,1043,521547,169
13,small_leak,4,1044,522047,291
13,small_leak,4,1045,522547,281
13,small_leak,4,1046,523047,315
13,small_leak,4,1047,523547,345
13,small_leak,4,1048,524047,281
13,small_leak,4,1049,524547,239
13,small_leak,4,1050,525047,281
13,small_leak,4,1051,525547,165
13,small_leak,4,1052,526047,247
13,small_leak,4,1053,526547,77
13,small_leak,4,1054,527047,111
13,small_leak,4,1055,527547,107
13,small_leak,4,1056,528047,139
13,small_leak,4,1057,528547,171
13,small_leak,4,1058,529047,121
13,small_leak,4,1059,529547,28
13,small_leak,4,1060,530047,0
13,small_leak,4,1061,530547,211
13,small_leak,4,1062,531047,197
13,small_leak,4,1063,531547,229
13,small_leak,4,1064,532047,167
13,small_leak,4,1065,532547,219
13,small_leak,4,1066,533047,340
13,small_leak,4,1067,533547,269
13,small_leak,4,1068,534047,166
13,small_leak,4,1069,534547,157
13,small_leak,4,1070,535047,355
13,small_leak,4,1071,535547,277
13,small_leak,4,1072,536047,191
13,small_leak,4,1073,536547,111
13,small_leak,4,1074,537047,167
13,small_leak,4,1075,537547,281
13,small_leak,4,1076,538047,218
13,small_leak,4,1077,538547,183
13,small_leak,4,1078,539047,53
13,small_leak,4,1079,539547,0
13,small_leak,4,1080,540047,114
13,small_leak,4,1081,540547,117
13,small_leak,4,1082,541047,135
13,small_leak,4,1083,541547,111
13,small_leak,4,1084,542047,121
13,small_leak,4,1085,542547,27
13,small_leak,4,1086,543047,73
13,small_leak,4,1087,543547,85
13,small_leak,4,1088,544047,21
13,small_leak,4,1089,544547,0
13,small_leak,4,1090,545047,0
13,small_leak,4,1091,545547,57
13,small_leak,4,1092,546047,191
13,small_leak,4,1093,546547,153
13,small_leak,4,1094,547047,175
13,small_leak,4,1095,547547,121
13,small_leak,4,1096,548047,343
13,small_leak,4,1097,548547,107
13,small_leak,4,1098,549047,212
13,small_leak,4,1099,549547,228
13,small_leak,4,1100,550047,72
13,small_leak,4,1101,550547,325
13,small_leak,4,1102,551047,217
13,small_leak,4,1103,551547,163
13,small_leak,4,1104,552047,215
13,small_leak,4,1105,552547,439
13,small_leak,4,1106,553047,145
13,small_leak,4,1107,553547,231
13,small_leak,4,1108,554047,279
13,small_leak,4,1109,554547,366
13,small_leak,4,1110,555047,365
13,small_leak,4,1111,555547,216
13,small_leak,4,1112,556047,69
13,small_leak,4,1113,556547,103
13,small_leak,4,1114,557047,165
13,small_leak,4,1115,557547,45
13,small_leak,4,1116,558047,152
13,small_leak,4,1117,558547,255
13,small_leak,4,1118,559047,212
13,small_leak,4,1119,559547,169
13,small_leak,4,1120,560047,149
13,small_leak,4,1121,560547,153
13,small_leak,4,1122,561047,265
13,small_leak,4,1123,561547,95
13,small_leak,4,1124,562047,429
13,small_leak,4,1125,562547,185
13,small_leak,4,1126,563047,148
13,small_leak,4,1127,563547,41
13,small_leak,4,1128,564047,137
13,small_leak,4,1129,564547,31
13,small_leak,4,1130,565047,115
13,small_leak,4,1131,565547,74
13,small_leak,4,1132,566047,9
13,small_leak,4,1133,566547,0
13,small_leak,4,1134,567047,0
13,small_leak,4,1135,567547,0
13,small_leak,4,1136,568047,0
13,small_leak,4,1137,568547,0
13,small_leak,4,1138,569047,0
13,small_leak,4,1139,569547,0
13,small_leak,4,1140,570047,83
13,small_leak,4,1141,570547,59
13,small_leak,4,1142,571047,108
13,small_leak,4,1143,571547,88
13,small_leak,4,1144,572047,59
13,small_leak,4,1145,572547,5
13,small_leak,4,1146,573047,21
13,small_leak,4,1147,573547,53
13,small_leak,4,1148,574047,215
13,small_leak,4,1149,574547,277
13,small_leak,4,1150,575047,117
13,small_leak,4,1151,575547,31
13,small_leak,4,1152,576047,0
13,small_leak,4,1153,576547,313
13,small_leak,4,1154,577047,311
13,small_leak,4,1155,577547,415
13,small_leak,4,1156,578047,255
13,small_leak,4,1157,578547,332
13,small_leak,4,1158,579047,373
13,small_leak,4,1159,579547,506
13,small_leak,4,1160,580047,487
13,small_leak,4,1161,580547,345
13,small_leak,4,1162,581047,361
13,small_leak,4,1163,581547,381
13,small_leak,4,1164,582047,293
13,small_leak,4,1165,582547,265
13,small_leak,4,1166,583047,138
13,small_leak,4,1167,583547,312
13,small_leak,4,1168,584047,233
13,small_leak,4,1169,584547,266
13,small_leak,4,1170,585047,174
13,small_leak,4,1171,585547,215
13,small_leak,4,1172,586047,294
13,small_leak,4,1173,586547,325
13,small_leak,4,1174,587047,301
13,small_leak,4,1175,587547,237
13,small_leak,4,1176,588047,163
13,small_leak,4,1177,588547,186
13,small_leak,4,1178,589047,88
13,small_leak,4,1179,589547,17
13,small_leak,4,1180,590047,25
13,small_leak,4,1181,590547,0
13,small_leak,4,1182,591047,103
13,small_leak,4,1183,591547,24
13,small_leak,4,1184,592047,105
13,small_leak,4,1185,592547,153
13,small_leak,4,1186,593047,107
13,small_leak,4,1187,593547,109
13,small_leak,4,1188,594047,25
13,small_leak,4,1189,594547,173
13,small_leak,4,1190,595047,47
13,small_leak,4,1191,595547,9
13,small_leak,4,1192,596047,307
13,small_leak,4,1193,596547,331
13,small_leak,4,1194,597047,227
13,small_leak,4,1195,597547,205
13,small_leak,4,1196,598047,113
13,small_leak,4,1197,598547,261
13,small_leak,4,1198,599047,227
13,small_leak,4,1199,599547,112
13,small_leak,4,1200,600047,245
13,small_leak,4,1201,600547,368
13,small_leak,4,1202,601047,217
13,small_leak,4,1203,601547,312
13,small_leak,4,1204,602047,375
13,small_leak,4,1205,602547,191
13,small_leak,4,1206,603047,107
13,small_leak,4,1207,603547,62
13,small_leak,4,1208,604047,85
13,small_leak,4,1209,604547,43
13,small_leak,4,1210,605047,594
13,small_leak,4,1211,605547,445
13,small_leak,4,1212,606047,221
13,small_leak,4,1213,606547,149
13,small_leak,4,1214,607047,228
13,small_leak,4,1215,607547,261
13,small_leak,4,1216,608047,280
13,small_leak,4,1217,608547,231
13,small_leak,4,1218,609047,197
13,small_leak,4,1219,609547,182
13,small_leak,4,1220,610047,60
13,small_leak,4,1221,610547,109
13,small_leak,4,1222,611047,147
13,small_leak,4,1223,611547,53
13,small_leak,4,1224,612047,1
13,small_leak,4,1225,612547,0
13,small_leak,4,1226,613047,317
13,small_leak,4,1227,613547,123
13,small_leak,4,1228,614047,123
13,small_leak,4,1229,614547,33
13,small_leak,4,1230,615047,6
13,small_leak,4,1231,615547,75
13,small_leak,4,1232,616047,281
13,small_leak,4,1233,616547,219
13,small_leak,4,1234,617047,271
13,small_leak,4,1235,617547,212
13,small_leak,4,1236,618047,211
13,small_leak,4,1237,618547,329
13,small_leak,4,1238,619047,153
13,small_leak,4,1239,619547,239
13,small_leak,4,1240,620047,389
13,small_leak,4,1241,620547,329
13,small_leak,4,1242,621047,205
13,small_leak,4,1243,621547,117
13,small_leak,4,1244,622047,200
13,small_leak,4,1245,622547,147
13,small_leak,4,1246,623047,91
13,small_leak,4,1247,623547,88
13,small_leak,4,1248,624047,72
13,small_leak,4,1249,624547,8
13,small_leak,4,1250,625047,91
13,small_leak,4,1251,625547,17
13,small_leak,4,1252,626047,230
13,small_leak,4,1253,626547,98
13,small_leak,4,1254,627047,19
13,small_leak,4,1255,627547,69
13,small_leak,4,1256,628047,55
13,small_leak,4,1257,628547,139
13,small_leak,4,1258,629047,73
13,small_leak,4,1259,629547,10
13,small_leak,4,1260,630047,52
13,small_leak,4,1261,630547,54
13,small_leak,4,1262,631047,235
13,small_leak,4,1263,631547,170
13,small_leak,4,1264,632047,227
13,small_leak,4,1265,632547,245
13,small_leak,4,1266,633047,201
13,small_leak,4,1267,633547,283
13,small_leak,4,1268,634047,202
13,small_leak,4,1269,634547,201
13,small_leak,4,1270,635047,309
13,small_leak,4,1271,635547,185
13,small_leak,4,1272,636047,54
13,small_leak,4,1273,636547,243
13,small_leak,4,1274,637047,90
13,small_leak,4,1275,637547,145
13,small_leak,4,1276,638047,175
13,small_leak,4,1277,638547,78
13,small_leak,4,1278,639047,231
13,small_leak,4,1279,639547,112
13,small_leak,4,1280,640047,22
13,small_leak,4,1281,640547,264
13,small_leak,4,1282,641047,135
13,small_leak,4,1283,641547,201
13,small_leak,4,1284,642047,98
13,small_leak,4,1285,642547,17
13,small_leak,4,1286,643047,221
13,small_leak,4,1287,643547,127
13,small_leak,4,1288,644047,137
13,small_leak,4,1289,644547,125
13,small_leak,4,1290,645047,228
13,small_leak,4,1291,645547,99
13,small_leak,4,1292,646047,163
13,small_leak,4,1293,646547,149
13,small_leak,4,1294,647047,215
13,small_leak,4,1295,647547,165
13,small_leak,4,1296,648047,93
13,small_leak,4,1297,648547,249
13,small_leak,4,1298,649047,79
13,small_leak,4,1299,649547,51
13,small_leak,4,1300,650047,189
13,small_leak,4,1301,650547,303
13,small_leak,4,1302,651047,215
13,small_leak,4,1303,651547,229
13,small_leak,4,1304,652047,229
13,small_leak,4,1305,652547,326
13,small_leak,4,1306,653047,201
13,small_leak,4,1307,653547,299
13,small_leak,4,1308,654047,371
13,small_leak,4,1309,654547,124
13,small_leak,4,1310,655047,29
13,small_leak,4,1311,655547,198
13,small_leak,4,1312,656047,279
13,small_leak,4,1313,656547,93
13,small_leak,4,1314,657047,235
13,small_leak,4,1315,657547,154
13,small_leak,4,1316,658047,93
13,small_leak,4,1317,658547,120
13,small_leak,4,1318,659047,72
13,small_leak,4,1319,659547,233
13,small_leak,4,1320,660047,151
13,small_leak,4,1321,660547,211
13,small_leak,4,1322,661047,86
13,small_leak,4,1323,661547,87
13,small_leak,4,1324,662047,166
13,small_leak,4,1325,662547,43
13,small_leak,4,1326,663047,49
13,small_leak,4,1327,663547,45
13,small_leak,4,1328,664047,0
13,small_leak,4,1329,664547,0
13,small_leak,4,1330,665047,221
13,small_leak,4,1331,665547,75
13,small_leak,4,1332,666047,10
13,small_leak,4,1333,666547,59
13,small_leak,4,1334,667047,114
13,small_leak,4,1335,667547,93
13,small_leak,4,1336,668047,81
13,small_leak,4,1337,668547,37
13,small_leak,4,1338,669047,133
13,small_leak,4,1339,669547,159
13,small_leak,4,1340,670047,179
13,small_leak,4,1341,670547,69
13,small_leak,4,1342,671047,170
13,small_leak,4,1343,671547,206
13,small_leak,4,1344,672047,221
13,small_leak,4,1345,672547,82
13,small_leak,4,1346,673047,45
13,small_leak,4,1347,673547,4
13,small_leak,4,1348,674047,83
13,small_leak,4,1349,674547,249
13,small_leak,4,1350,675047,81
13,small_leak,4,1351,675547,301
13,small_leak,4,1352,676047,294
13,small_leak,4,1353,676547,211
13,small_leak,4,1354,677047,79
13,small_leak,4,1355,677547,49
13,small_leak,4,1356,678047,87
13,small_leak,4,1357,678547,40
13,small_leak,4,1358,679047,69
13,small_leak,4,1359,679547,118
13,small_leak,4,1360,680047,192
13,small_leak,4,1361,680547,95
13,small_leak,4,1362,681047,103
13,small_leak,4,1363,681547,21
13,small_leak,4,1364,682047,20
13,small_leak,4,1365,682547,153
13,small_leak,4,1366,683047,105
13,small_leak,4,1367,683547,260
13,small_leak,4,1368,684047,311
13,small_leak,4,1369,684547,135
13,small_leak,4,1370,685047,199
13,small_leak,4,1371,685547,231
13,small_leak,4,1372,686047,301
13,small_leak,4,1373,686547,377
13,small_leak,4,1374,687047,202
13,small_leak,4,1375,687547,343
13,small_leak,4,1376,688047,325
13,small_leak,4,1377,688547,309
13,small_leak,4,1378,689047,312
13,small_leak,4,1379,689547,175
13,small_leak,4,1380,690047,50
13,small_leak,4,1381,690547,134
13,small_leak,4,1382,691047,35
13,small_leak,4,1383,691547,75
13,small_leak,4,1384,692047,9
13,small_leak,4,1385,692547,134
13,small_leak,4,1386,693047,135
13,small_leak,4,1387,693547,231
13,small_leak,4,1388,694047,107
13,small_leak,4,1389,694547,78
13,small_leak,4,1390,695047,17
13,small_leak,4,1391,695547,93
13,small_leak,4,1392,696047,18
13,small_leak,4,1393,696547,79
13,small_leak,4,1394,697047,151
13,small_leak,4,1395,697547,107
13,small_leak,4,1396,698047,215
13,small_leak,4,1397,698547,287
13,small_leak,4,1398,699047,311
13,small_leak,4,1399,699547,325
13,small_leak,4,1400,700047,227
13,small_leak,4,1401,700547,311
13,small_leak,4,1402,701047,464
13,small_leak,4,1403,701547,371
13,small_leak,4,1404,702047,319
13,small_leak,4,1405,702547,463
13,small_leak,4,1406,703047,259
13,small_leak,4,1407,703547,141
13,small_leak,4,1408,704047,115
13,small_leak,4,1409,704547,25
13,small_leak,4,1410,705047,24
13,small_leak,4,1411,705547,76
13,small_leak,4,1412,706047,135
13,small_leak,4,1413,706547,157
13,small_leak,4,1414,707047,165
13,small_leak,4,1415,707547,184
13,small_leak,4,1416,708048,317
13,small_leak,4,1417,708547,249
13,small_leak,4,1418,709047,221
13,small_leak,4,1419,709547,83
13,small_leak,4,1420,710047,95
13,small_leak,4,1421,710547,18
13,small_leak,4,1422,711047,234
13,small_leak,4,1423,711547,269
13,small_leak,4,1424,712047,361
13,small_leak,4,1425,712547,394
13,small_leak,4,1426,713047,375
13,small_leak,4,1427,713547,361
13,small_leak,4,1428,714047,317
13,small_leak,4,1429,714547,408
13,small_leak,4,1430,715047,317
13,small_leak,4,1431,715547,474
13,small_leak,4,1432,716047,491
13,small_leak,4,1433,716547,455
13,small_leak,4,1434,717047,329
13,small_leak,4,1435,717547,371
13,small_leak,4,1436,718047,379
13,small_leak,4,1437,718547,334
13,small_leak,4,1438,719047,154
13,small_leak,4,1439,719547,164
13,small_leak,4,1440,720047,115
13,small_leak,4,1441,720547,105
13,small_leak,4,1442,721047,110
13,small_leak,4,1443,721547,139
13,small_leak,4,1444,722047,149
13,small_leak,4,1445,722547,137
13,small_leak,4,1446,723047,69
13,small_leak,4,1447,723547,95
13,small_leak,4,1448,724047,27
13,small_leak,4,1449,724547,33
13,small_leak,4,1450,725047,55
13,small_leak,4,1451,725547,179
13,small_leak,4,1452,726047,159
13,small_leak,4,1453,726547,109
13,small_leak,4,1454,727047,183
13,small_leak,4,1455,727547,176
13,small_leak,4,1456,728047,51
13,small_leak,4,1457,728547,59
13,small_leak,4,1458,729047,44
13,small_leak,4,1459,729547,25
13,small_leak,4,1460,730047,137
13,small_leak,4,1461,730547,231
13,small_leak,4,1462,731047,231
13,small_leak,4,1463,731547,131
13,small_leak,4,1464,732047,137
13,small_leak,4,1465,732547,249
13,small_leak,4,1466,733047,227
13,small_leak,4,1467,733547,333
13,small_leak,4,1468,734047,125
13,small_leak,4,1469,734547,167
13,small_leak,4,1470,735047,133
13,small_leak,4,1471,735547,169
13,small_leak,4,1472,736047,46
13,small_leak,4,1473,736547,0
13,small_leak,4,1474,737047,327
13,small_leak,4,1475,737547,147
13,small_leak,4,1476,738047,61
13,small_leak,4,1477,738547,231
13,small_leak,4,1478,739047,75
13,small_leak,4,1479,739547,185
13,small_leak,4,1480,740047,109
13,small_leak,4,1481,740547,71
13,small_leak,4,1482,741047,138
13,small_leak,4,1483,741547,125
13,small_leak,4,1484,742047,106
13,small_leak,4,1485,742547,93
13,small_leak,4,1486,743047,142
13,small_leak,4,1487,743547,151
13,small_leak,4,1488,744047,169
13,small_leak,4,1489,744547,72
13,small_leak,4,1490,745047,20
13,small_leak,4,1491,745547,42
13,small_leak,4,1492,746047,11
13,small_leak,4,1493,746547,48
13,small_leak,4,1494,747047,2
13,small_leak,4,1495,747547,0
13,small_leak,4,1496,748047,109
13,small_leak,4,1497,748547,45
13,small_leak,4,1498,749047,0
13,small_leak,4,1499,749547,19
13,small_leak,4,1500,750047,0
13,small_leak,4,1501,750547,0
13,small_leak,4,1502,751047,152
13,small_leak,4,1503,751547,38
13,small_leak,4,1504,752047,0
13,small_leak,4,1505,752547,47
13,small_leak,4,1506,753047,63
13,small_leak,4,1507,753547,5
13,small_leak,4,1508,754047,282
13,small_leak,4,1509,754547,175
13,small_leak,4,1510,755047,197
13,small_leak,4,1511,755547,55
13,small_leak,4,1512,756047,167
13,small_leak,4,1513,756547,151
13,small_leak,4,1514,757047,274
13,small_leak,4,1515,757547,189
13,small_leak,4,1516,758047,55
13,small_leak,4,1517,758547,136
13,small_leak,4,1518,759047,341
13,small_leak,4,1519,759547,203
13,small_leak,4,1520,760047,299
13,small_leak,4,1521,760547,167
13,small_leak,4,1522,761047,271
13,small_leak,4,1523,761547,416
13,small_leak,4,1524,762047,307
13,small_leak,4,1525,762547,269
13,small_leak,4,1526,763047,269
13,small_leak,4,1527,763547,359
13,small_leak,4,1528,764047,232
13,small_leak,4,1529,764547,248
13,small_leak,4,1530,765047,159
13,small_leak,4,1531,765547,133
13,small_leak,4,1532,766047,71
13,small_leak,4,1533,766547,133
13,small_leak,4,1534,767047,77
13,small_leak,4,1535,767547,24
13,small_leak,4,1536,768047,0
13,small_leak,4,1537,768547,157
13,small_leak,4,1538,769047,155
13,small_leak,4,1539,769547,41
13,small_leak,4,1540,770047,189
13,small_leak,4,1541,770547,183
13,small_leak,4,1542,771047,170
13,small_leak,4,1543,771547,45
13,small_leak,4,1544,772047,172
13,small_leak,4,1545,772547,326
13,small_leak,4,1546,773047,188
13,small_leak,4,1547,773547,299
13,small_leak,4,1548,774047,247
13,small_leak,4,1549,774547,160
13,small_leak,4,1550,775047,59
13,small_leak,4,1551,775547,217
13,small_leak,4,1552,776047,187
13,small_leak,4,1553,776547,215
13,small_leak,4,1554,777047,203
13,small_leak,4,1555,777547,149
13,small_leak,4,1556,778047,205
13,small_leak,4,1557,778547,171
13,small_leak,4,1558,779047,101
13,small_leak,4,1559,779547,25
13,small_leak,4,1560,780047,362
13,small_leak,4,1561,780547,117
13,small_leak,4,1562,781047,313
13,small_leak,4,1563,781547,153
13,small_leak,4,1564,782047,135
13,small_leak,4,1565,782547,61
13,small_leak,4,1566,783047,93
13,small_leak,4,1567,783547,222
13,small_leak,4,1568,784047,245
13,small_leak,4,1569,784547,267
13,small_leak,4,1570,785047,267
13,small_leak,4,1571,785547,293
13,small_leak,4,1572,786047,117
13,small_leak,4,1573,786547,187
13,small_leak,4,1574,787047,269
13,small_leak,4,1575,787547,137
13,small_leak,4,1576,788047,261
13,small_leak,4,1577,788547,249
13,small_leak,4,1578,789047,192
13,small_leak,4,1579,789547,172
13,small_leak,4,1580,790047,120
13,small_leak,4,1581,790547,85
13,small_leak,4,1582,791047,123
13,small_leak,4,1583,791547,29
13,small_leak,4,1584,792047,98
13,small_leak,4,1585,792547,28
13,small_leak,4,1586,793047,109
13,small_leak,4,1587,793547,103
13,small_leak,4,1588,794047,55
13,small_leak,4,1589,794547,63
13,small_leak,4,1590,795047,167
13,small_leak,4,1591,795547,73
13,small_leak,4,1592,796047,9
13,small_leak,4,1593,796547,117
13,small_leak,4,1594,797047,83
13,small_leak,4,1595,797547,283
13,small_leak,4,1596,798047,158
13,small_leak,4,1597,798547,327
13,small_leak,4,1598,799047,149
13,small_leak,4,1599,799547,143
13,small_leak,4,1600,800047,102
13,small_leak,4,1601,800547,29
13,small_leak,4,1602,801047,311
13,small_leak,4,1603,801547,100
13,small_leak,4,1604,802047,39
13,small_leak,4,1605,802547,57
13,small_leak,4,1606,803047,184
13,small_leak,4,1607,803547,53
13,small_leak,4,1608,804047,297
13,small_leak,4,1609,804547,237
13,small_leak,4,1610,805047,262
13,small_leak,4,1611,805547,101
13,small_leak,4,1612,806047,303
13,small_leak,4,1613,806547,303
13,small_leak,4,1614,807047,167
13,small_leak,4,1615,807547,253
13,small_leak,4,1616,808047,314
13,small_leak,4,1617,808547,233
13,small_leak,4,1618,809047,124
13,small_leak,4,1619,809547,120
13,small_leak,4,1620,810047,216
13,small_leak,4,1621,810547,411
13,small_leak,4,1622,811047,179
13,small_leak,4,1623,811547,173
13,small_leak,4,1624,812047,141
13,small_leak,4,1625,812547,137
13,small_leak,4,1626,813047,141
13,small_leak,4,1627,813547,89
13,small_leak,4,1628,814047,57
13,small_leak,4,1629,814547,109
13,small_leak,4,1630,815047,23
13,small_leak,4,1631,815547,62
13,small_leak,4,1632,816047,77
13,small_leak,4,1633,816547,9
13,small_leak,4,1634,817047,17
13,small_leak,4,1635,817547,87
13,small_leak,4,1636,818047,39
13,small_leak,4,1637,818547,45
13,small_leak,4,1638,819047,111
13,small_leak,4,1639,819547,267
13,small_leak,4,1640,820047,299
13,small_leak,4,1641,820547,233
13,small_leak,4,1642,821047,170
13,small_leak,4,1643,821547,61
13,small_leak,4,1644,822047,125
13,small_leak,4,1645,822547,151
13,small_leak,4,1646,823047,215
13,small_leak,4,1647,823547,199
13,small_leak,4,1648,824047,221
13,small_leak,4,1649,824547,167
13,small_leak,4,1650,825047,141
13,small_leak,4,1651,825547,78
13,small_leak,4,1652,826047,183
13,small_leak,4,1653,826547,203
13,small_leak,4,1654,827047,121
13,small_leak,4,1655,827547,215
13,small_leak,4,1656,828047,199
13,small_leak,4,1657,828547,155
13,small_leak,4,1658,829047,226
13,small_leak,4,1659,829547,217
13,small_leak,4,1660,830047,146
13,small_leak,4,1661,830547,137
13,small_leak,4,1662,831047,86
13,small_leak,4,1663,831547,248
13,small_leak,4,1664,832047,250
13,small_leak,4,1665,832547,295
13,small_leak,4,1666,833047,327
13,small_leak,4,1667,833547,189
13,small_leak,4,1668,834047,174
13,small_leak,4,1669,834547,189
13,small_leak,4,1670,835047,148
13,small_leak,4,1671,835547,72
13,small_leak,4,1672,836047,100
13,small_leak,4,1673,836547,30
13,small_leak,4,1674,837047,119
13,small_leak,4,1675,837547,79
13,small_leak,4,1676,838047,11
13,small_leak,4,1677,838547,107
13,small_leak,4,1678,839047,137
13,small_leak,4,1679,839547,147
13,small_leak,4,1680,840047,137
13,small_leak,4,1681,840547,109
13,small_leak,4,1682,841047,181
13,small_leak,4,1683,841547,213
13,small_leak,4,1684,842047,176
13,small_leak,4,1685,842547,239
13,small_leak,4,1686,843047,97
13,small_leak,4,1687,843547,122
13,small_leak,4,1688,844047,26
13,small_leak,4,1689,844547,0
13,small_leak,4,1690,845047,125
13,small_leak,4,1691,845547,136
13,small_leak,4,1692,846047,303
13,small_leak,4,1693,846547,100
13,small_leak,4,1694,847047,19
13,small_leak,4,1695,847547,96
13,small_leak,4,1696,848047,104
13,small_leak,4,1697,848547,45
13,small_leak,4,1698,849047,0
13,small_leak,4,1699,849547,0
13,small_leak,4,1700,850047,0
13,small_leak,4,1701,850547,0
13,small_leak,4,1702,851047,339
13,small_leak,4,1703,851547,204
13,small_leak,4,1704,852047,60
13,small_leak,4,1705,852547,492
13,small_leak,4,1706,853047,266
13,small_leak,4,1707,853547,491
13,small_leak,4,1708,854047,302
13,small_leak,4,1709,854547,333
13,small_leak,4,1710,855047,359
13,small_leak,4,1711,855547,334
13,small_leak,4,1712,856047,309
13,small_leak,4,1713,856547,251
13,small_leak,4,1714,857047,229
13,small_leak,4,1715,857547,167
13,small_leak,4,1716,858047,43
13,small_leak,4,1717,858547,71
13,small_leak,4,1718,859047,245
13,small_leak,4,1719,859547,151
13,small_leak,4,1720,860047,146
13,small_leak,4,1721,860547,147
13,small_leak,4,1722,861047,122
13,small_leak,4,1723,861547,135
13,small_leak,4,1724,862047,153
13,small_leak,4,1725,862547,167
13,small_leak,4,1726,863047,204
13,small_leak,4,1727,863547,168
13,small_leak,4,1728,864047,121
13,small_leak,4,1729,864547,79
13,small_leak,4,1730,865047,83
13,small_leak,4,1731,865547,102
13,small_leak,4,1732,866047,217
13,small_leak,4,1733,866547,234
13,small_leak,4,1734,867047,243
13,small_leak,4,1735,867547,205
13,small_leak,4,1736,868047,211
13,small_leak,4,1737,868547,249
13,small_leak,4,1738,869047,288
13,small_leak,4,1739,869547,149
13,small_leak,4,1740,870047,53
13,small_leak,4,1741,870547,175
13,small_leak,4,1742,871047,119
13,small_leak,4,1743,871547,27
13,small_leak,4,1744,872047,73
13,small_leak,4,1745,872547,12
13,small_leak,4,1746,873047,0
13,small_leak,4,1747,873547,53
13,small_leak,4,1748,874047,46
13,small_leak,4,1749,874547,204
13,small_leak,4,1750,875047,119
13,small_leak,4,1751,875547,26
13,small_leak,4,1752,876047,186
13,small_leak,4,1753,876547,55
13,small_leak,4,1754,877047,251
13,small_leak,4,1755,877547,311
13,small_leak,4,1756,878047,279
13,small_leak,4,1757,878547,247
13,small_leak,4,1758,879047,136
13,small_leak,4,1759,879547,343
13,small_leak,4,1760,880047,198
13,small_leak,4,1761,880547,231
13,small_leak,4,1762,881047,82
13,small_leak,4,1763,881547,168
13,small_leak,4,1764,882047,234
13,small_leak,4,1765,882547,343
13,small_leak,4,1766,883047,201
13,small_leak,4,1767,883547,227
13,small_leak,4,1768,884047,246
13,small_leak,4,1769,884547,201
13,small_leak,4,1770,885047,197
13,small_leak,4,1771,885547,185
13,small_leak,4,1772,886047,215
13,small_leak,4,1773,886547,255
13,small_leak,4,1774,887047,170
13,small_leak,4,1775,887547,133
13,small_leak,4,1776,888047,157
13,small_leak,4,1777,888547,153
13,small_leak,4,1778,889047,98
13,small_leak,4,1779,889547,43
13,small_leak,4,1780,890047,0
13,small_leak,4,1781,890547,105
13,small_leak,4,1782,891047,111
13,small_leak,4,1783,891547,139
13,small_leak,4,1784,892047,211
13,small_leak,4,1785,892547,171
13,small_leak,4,1786,893047,55
13,small_leak,4,1787,893547,93
13,small_leak,4,1788,894047,79
13,small_leak,4,1789,894547,99
13,small_leak,4,1790,895047,219
13,small_leak,4,1791,895547,137
13,small_leak,4,1792,896047,143
13,small_leak,4,1793,896547,141
13,small_leak,4,1794,897047,153
13,small_leak,4,1795,897547,110
13,small_leak,4,1796,898047,135
13,small_leak,4,1797,898547,167
13,small_leak,4,1798,899047,420
13,small_leak,4,1799,899547,246
13,small_leak,4,1800,900047,235
13,small_leak,4,1801,900547,243
13,small_leak,4,1802,901047,171
13,small_leak,4,1803,901547,111
13,small_leak,4,1804,902047,232
13,small_leak,4,1805,902547,135
13,small_leak,4,1806,903047,107
13,small_leak,4,1807,903547,68
13,small_leak,4,1808,904047,244
13,small_leak,4,1809,904547,275
13,small_leak,4,1810,905047,330
13,small_leak,4,1811,905547,457
13,small_leak,4,1812,906047,362
13,small_leak,4,1813,906547,300
13,small_leak,4,1814,907047,299
13,small_leak,4,1815,907547,343
13,small_leak,4,1816,908047,213
13,small_leak,4,1817,908547,313
13,small_leak,4,1818,909047,298
13,small_leak,4,1819,909547,348
13,small_leak,4,1820,910047,228
13,small_leak,4,1821,910547,229
13,small_leak,4,1822,911047,277
13,small_leak,4,1823,911547,231
13,small_leak,4,1824,912047,220
13,small_leak,4,1825,912547,231
13,small_leak,4,1826,913047,182
13,small_leak,4,1827,913547,52
13,small_leak,4,1828,914047,163
13,small_leak,4,1829,914547,47
13,small_leak,4,1830,915047,101
13,small_leak,4,1831,915547,159
13,small_leak,4,1832,916047,113
13,small_leak,4,1833,916547,141
13,small_leak,4,1834,917047,57
13,small_leak,4,1835,917547,45
13,small_leak,4,1836,918047,41
13,small_leak,4,1837,918547,35
13,small_leak,4,1838,919047,181
13,small_leak,4,1839,919547,279
13,small_leak,4,1840,920047,268
13,small_leak,4,1841,920547,85
13,small_leak,4,1842,921047,125
13,small_leak,4,1843,921547,83
13,small_leak,4,1844,922047,86
13,small_leak,4,1845,922547,51
13,small_leak,4,1846,923047,1
13,small_leak,4,1847,923547,11
13,small_leak,4,1848,924047,44
13,small_leak,4,1849,924547,39
13,small_leak,4,1850,925047,238
13,small_leak,4,1851,925547,285
13,small_leak,4,1852,926047,111
13,small_leak,4,1853,926547,56
13,small_leak,4,1854,927047,142
13,small_leak,4,1855,927547,232
13,small_leak,4,1856,928047,325
13,small_leak,4,1857,928547,283
13,small_leak,4,1858,929047,292
13,small_leak,4,1859,929547,244
13,small_leak,4,1860,930047,165
13,small_leak,4,1861,930547,154
13,small_leak,4,1862,931047,120
13,small_leak,4,1863,931547,103
13,small_leak,4,1864,932047,99
13,small_leak,4,1865,932547,73
13,small_leak,4,1866,933047,55
13,small_leak,4,1867,933547,0
13,small_leak,4,1868,934047,0
13,small_leak,4,1869,934547,0
13,small_leak,4,1870,935047,0
13,small_leak,4,1871,935547,0
13,small_leak,4,1872,936047,135
13,small_leak,4,1873,936547,29
13,small_leak,4,1874,937047,36
13,small_leak,4,1875,937547,239
13,small_leak,4,1876,938047,247
13,small_leak,4,1877,938547,186
13,small_leak,4,1878,939047,319
13,small_leak,4,1879,939547,294
13,small_leak,4,1880,940047,324
13,small_leak,4,1881,940547,363
13,small_leak,4,1882,941047,367
13,small_leak,4,1883,941547,373
13,small_leak,4,1884,942047,341
13,small_leak,4,1885,942547,255
13,small_leak,4,1886,943047,358
13,small_leak,4,1887,943547,335
13,small_leak,4,1888,944047,249
13,small_leak,4,1889,944547,215
13,small_leak,4,1890,945047,218
13,small_leak,4,1891,945547,271
13,small_leak,4,1892,946047,279
13,small_leak,4,1893,946547,263
13,small_leak,4,1894,947047,261
13,small_leak,4,1895,947547,357
13,small_leak,4,1896,948047,364
13,small_leak,4,1897,948547,285
13,small_leak,4,1898,949047,250
13,small_leak,4,1899,949547,284
13,small_leak,4,1900,950047,181
13,small_leak,4,1901,950547,151
13,small_leak,4,1902,951047,95
13,small_leak,4,1903,951547,85
13,small_leak,4,1904,952047,137
13,small_leak,4,1905,952547,105
13,small_leak,4,1906,953047,111
13,small_leak,4,1907,953547,76
13,small_leak,4,1908,954047,4
13,small_leak,4,1909,954547,0
13,small_leak,4,1910,955047,0
13,small_leak,4,1911,955547,0
13,small_leak,4,1912,956047,0
13,small_leak,4,1913,956547,0
13,small_leak,4,1914,957047,18
13,small_leak,4,1915,957547,83
13,small_leak,4,1916,958047,37
13,small_leak,4,1917,958547,60
13,small_leak,4,1918,959047,149
13,small_leak,4,1919,959547,165
13,small_leak,4,1920,960047,185
13,small_leak,4,1921,960547,151
13,small_leak,4,1922,961047,395
13,small_leak,4,1923,961547,233
13,small_leak,4,1924,962047,371
13,small_leak,4,1925,962547,261
13,small_leak,4,1926,963047,245
13,small_leak,4,1927,963547,171
13,small_leak,4,1928,964047,185
13,small_leak,4,1929,964547,181
13,small_leak,4,1930,965047,201
13,small_leak,4,1931,965547,211
13,small_leak,4,1932,966047,201
13,small_leak,4,1933,966547,205
13,small_leak,4,1934,967047,145
13,small_leak,4,1935,967547,89
13,small_leak,4,1936,968047,167
13,small_leak,4,1937,968547,159
13,small_leak,4,1938,969047,199
13,small_leak,4,1939,969547,111
13,small_leak,4,1940,970047,109
13,small_leak,4,1941,970547,121
13,small_leak,4,1942,971047,71
13,small_leak,4,1943,971547,53
13,small_leak,4,1944,972047,112
13,small_leak,4,1945,972547,73
13,small_leak,4,1946,973047,104
13,small_leak,4,1947,973547,21
13,small_leak,4,1948,974047,0
13,small_leak,4,1949,974547,22
13,small_leak,4,1950,975047,13
13,small_leak,4,1951,975547,45
13,small_leak,4,1952,976047,33
13,small_leak,4,1953,976547,83
13,small_leak,4,1954,977047,45
13,small_leak,4,1955,977547,22
13,small_leak,4,1956,978047,82
13,small_leak,4,1957,978547,35
13,small_leak,4,1958,979047,110
13,small_leak,4,1959,979547,51
13,small_leak,4,1960,980047,101
13,small_leak,4,1961,980547,149
13,small_leak,4,1962,981047,41
13,small_leak,4,1963,981547,0
13,small_leak,4,1964,982047,137
13,small_leak,4,1965,982547,199
13,small_leak,4,1966,983047,123
13,small_leak,4,1967,983547,184
13,small_leak,4,1968,984047,137
13,small_leak,4,1969,984547,227
13,small_leak,4,1970,985047,341
13,small_leak,4,1971,985547,219
13,small_leak,4,1972,986047,183
13,small_leak,4,1973,986547,99
13,small_leak,4,1974,987047,158
13,small_leak,4,1975,987547,137
13,small_leak,4,1976,988047,127
13,small_leak,4,1977,988547,30
13,small_leak,4,1978,989047,3
13,small_leak,4,1979,989547,29
13,small_leak,4,1980,990047,99
13,small_leak,4,1981,990547,17
13,small_leak,4,1982,991047,0
13,small_leak,4,1983,991547,0
13,small_leak,4,1984,992047,25
13,small_leak,4,1985,992547,54
13,small_leak,4,1986,993047,59
13,small_leak,4,1987,993547,87
13,small_leak,4,1988,994047,117
13,small_leak,4,1989,994547,209
13,small_leak,4,1990,995047,107
13,small_leak,4,1991,995547,173
13,small_leak,4,1992,996047,47
13,small_leak,4,1993,996547,70
13,small_leak,4,1994,997047,136
13,small_leak,4,1995,997547,103
13,small_leak,4,1996,998047,266
13,small_leak,4,1997,998547,330
13,small_leak,4,1998,999047,337
13,small_leak,4,1999,999547,264
