run_id,leak_condition,window_id,sample_index,time_us,adc_raw
16,small_leak,0,0,85,110
16,small_leak,0,1,550,117
16,small_leak,0,2,1047,208
16,small_leak,0,3,1551,219
16,small_leak,0,4,2047,157
16,small_leak,0,5,2550,176
16,small_leak,0,6,3048,117
16,small_leak,0,7,3551,121
16,small_leak,0,8,4047,103
16,small_leak,0,9,4551,357
16,small_leak,0,10,5048,239
16,small_leak,0,11,5551,142
16,small_leak,0,12,6047,151
16,small_leak,0,13,6551,133
16,small_leak,0,14,7047,31
16,small_leak,0,15,7550,55
16,small_leak,0,16,8047,45
16,small_leak,0,17,8550,21
16,small_leak,0,18,9048,16
16,small_leak,0,19,9551,55
16,small_leak,0,20,10047,43
16,small_leak,0,21,10551,137
16,small_leak,0,22,11047,104
16,small_leak,0,23,11550,20
16,small_leak,0,24,12048,0
16,small_leak,0,25,12551,0
16,small_leak,0,26,13047,0
16,small_leak,0,27,13550,61
16,small_leak,0,28,14047,63
16,small_leak,0,29,14551,212
16,small_leak,0,30,15047,297
16,small_leak,0,31,15550,372
16,small_leak,0,32,16047,330
16,small_leak,0,33,16551,359
16,small_leak,0,34,17048,415
16,small_leak,0,35,17550,472
16,small_leak,0,36,18047,363
16,small_leak,0,37,18551,315
16,small_leak,0,38,19047,301
16,small_leak,0,39,19550,275
16,small_leak,0,40,20048,235
16,small_leak,0,41,20551,87
16,small_leak,0,42,21047,354
16,small_leak,0,43,21551,169
16,small_leak,0,44,22047,275
16,small_leak,0,45,22550,137
16,small_leak,0,46,23047,95
16,small_leak,0,47,23550,75
16,small_leak,0,48,24047,205
16,small_leak,0,49,24551,214
16,small_leak,0,50,25047,191
16,small_leak,0,51,25550,203
16,small_leak,0,52,26047,167
16,small_leak,0,53,26551,51
16,small_leak,0,54,27047,29
16,small_leak,0,55,27550,3
16,small_leak,0,56,28047,0
16,small_leak,0,57,28551,27
16,small_leak,0,58,29047,0
16,small_leak,0,59,29550,22
16,small_leak,0,60,30048,165
16,small_leak,0,61,30551,89
16,small_leak,0,62,31047,331
16,small_leak,0,63,31550,200
16,small_leak,0,64,32048,206
16,small_leak,0,65,32551,134
16,small_leak,0,66,33047,180
16,small_leak,0,67,33550,227
16,small_leak,0,68,34047,248
16,small_leak,0,69,34551,179
16,small_leak,0,70,35048,143
16,small_leak,0,71,35550,207
16,small_leak,0,72,36047,236
16,small_leak,0,73,36551,222
16,small_leak,0,74,37047,149
16,small_leak,0,75,37550,63
16,small_leak,0,76,38047,169
16,small_leak,0,77,38551,237
16,small_leak,0,78,39047,78
16,small_leak,0,79,39550,135
16,small_leak,0,80,40048,108
16,small_leak,0,81,40551,165
16,small_leak,0,82,41047,63
16,small_leak,0,83,41550,117
16,small_leak,0,84,42048,111
16,small_leak,0,85,42551,185
16,small_leak,0,86,43047,104
16,small_leak,0,87,43550,233
16,small_leak,0,88,44048,73
16,small_leak,0,89,44551,75
16,small_leak,0,90,45047,63
16,small_leak,0,91,45551,45
16,small_leak,0,92,46047,21
16,small_leak,0,93,46550,82
16,small_leak,0,94,47047,93
16,small_leak,0,95,47551,133
16,small_leak,0,96,48047,149
16,small_leak,0,97,48550,244
16,small_leak,0,98,49048,185
16,small_leak,0,99,49551,158
16,small_leak,0,100,50047,87
16,small_leak,0,101,50550,184
16,small_leak,0,102,51047,151
16,small_leak,0,103,51551,201
16,small_leak,0,104,52047,90
16,small_leak,0,105,52550,77
16,small_leak,0,106,53047,24
16,small_leak,0,107,53551,62
16,small_leak,0,108,54047,115
16,small_leak,0,109,54550,175
16,small_leak,0,110,55048,71
16,small_leak,0,111,55551,30
16,small_leak,0,112,56047,0
16,small_leak,0,113,56550,0
16,small_leak,0,114,57048,11
16,small_leak,0,115,57550,0
16,small_leak,0,116,58047,0
16,small_leak,0,117,58551,0
16,small_leak,0,118,59047,0
16,small_leak,0,119,59550,107
16,small_leak,0,120,60048,227
16,small_leak,0,121,60551,237
16,small_leak,0,122,61047,303
16,small_leak,0,123,61550,331
16,small_leak,0,124,62047,267
16,small_leak,0,125,62550,312
16,small_leak,0,126,63047,266
16,small_leak,0,127,63551,287
16,small_leak,0,128,64047,173
16,small_leak,0,129,64550,201
16,small_leak,0,130,65048,243
16,small_leak,0,131,65551,153
16,small_leak,0,132,66047,178
16,small_leak,0,133,66550,311
16,small_leak,0,134,67047,230
16,small_leak,0,135,67551,123
16,small_leak,0,136,68047,106
16,small_leak,0,137,68550,26
16,small_leak,0,138,69047,0
16,small_leak,0,139,69551,0
16,small_leak,0,140,70047,45
16,small_leak,0,141,70550,0
16,small_leak,0,142,71048,119
16,small_leak,0,143,71551,241
16,small_leak,0,144,72047,213
16,small_leak,0,145,72550,299
16,small_leak,0,146,73047,249
16,small_leak,0,147,73551,307
16,small_leak,0,148,74047,253
16,small_leak,0,149,74551,235
16,small_leak,0,150,75047,187
16,small_leak,0,151,75550,181
16,small_leak,0,152,76047,283
16,small_leak,0,153,76551,232
16,small_leak,0,154,77047,245
16,small_leak,0,155,77550,135
16,small_leak,0,156,78048,250
16,small_leak,0,157,78551,221
16,small_leak,0,158,79047,229
16,small_leak,0,159,79550,169
16,small_leak,0,160,80048,217
16,small_leak,0,161,80551,63
16,small_leak,0,162,81047,104
16,small_leak,0,163,81551,89
16,small_leak,0,164,82048,205
16,small_leak,0,165,82551,203
16,small_leak,0,166,83047,91
16,small_leak,0,167,83551,149
16,small_leak,0,168,84047,154
16,small_leak,0,169,84550,202
16,small_leak,0,170,85047,373
16,small_leak,0,171,85550,335
16,small_leak,0,172,86048,329
16,small_leak,0,173,86551,247
16,small_leak,0,174,87047,203
16,small_leak,0,175,87551,197
16,small_leak,0,176,88047,216
16,small_leak,0,177,88550,180
16,small_leak,0,178,89047,141
16,small_leak,0,179,89551,171
16,small_leak,0,180,90047,153
16,small_leak,0,181,90550,117
16,small_leak,0,182,91047,191
16,small_leak,0,183,91551,279
16,small_leak,0,184,92047,346
16,small_leak,0,185,92550,205
16,small_leak,0,186,93048,269
16,small_leak,0,187,93551,282
16,small_leak,0,188,94047,151
16,small_leak,0,189,94551,197
16,small_leak,0,190,95048,127
16,small_leak,0,191,95550,171
16,small_leak,0,192,96048,199
16,small_leak,0,193,96551,163
16,small_leak,0,194,97047,149
16,small_leak,0,195,97550,179
16,small_leak,0,196,98048,71
16,small_leak,0,197,98551,231
16,small_leak,0,198,99047,147
16,small_leak,0,199,99550,153
16,small_leak,0,200,100047,155
16,small_leak,0,201,100551,168
16,small_leak,0,202,101047,205
16,small_leak,0,203,101550,75
16,small_leak,0,204,102047,167
16,small_leak,0,205,102551,326
16,small_leak,0,206,103047,248
16,small_leak,0,207,103550,83
16,small_leak,0,208,104047,221
16,small_leak,0,209,104551,115
16,small_leak,0,210,105047,103
16,small_leak,0,211,105551,133
16,small_leak,0,212,106047,165
16,small_leak,0,213,106550,90
16,small_leak,0,214,107047,17
16,small_leak,0,215,107551,78
16,small_leak,0,216,108047,119
16,small_leak,0,217,108550,148
16,small_leak,0,218,109047,215
16,small_leak,0,219,109550,239
16,small_leak,0,220,110048,216
16,small_leak,0,221,110551,148
16,small_leak,0,222,111047,190
16,small_leak,0,223,111551,349
16,small_leak,0,224,112047,327
16,small_leak,0,225,112550,185
16,small_leak,0,226,113047,109
16,small_leak,0,227,113550,55
16,small_leak,0,228,114048,114
16,small_leak,0,229,114551,43
16,small_leak,0,230,115047,44
16,small_leak,0,231,115550,55
16,small_leak,0,232,116048,45
16,small_leak,0,233,116551,59
16,small_leak,0,234,117047,2
16,small_leak,0,235,117551,31
16,small_leak,0,236,118047,9
16,small_leak,0,237,118550,0
16,small_leak,0,238,119047,0
16,small_leak,0,239,119550,43
16,small_leak,0,240,120048,0
16,small_leak,0,241,120551,0
16,small_leak,0,242,121047,56
16,small_leak,0,243,121551,43
16,small_leak,0,244,122047,0
16,small_leak,0,245,122550,9
16,small_leak,0,246,123047,0
16,small_leak,0,247,123550,0
16,small_leak,0,248,124047,0
16,small_leak,0,249,124551,0
16,small_leak,0,250,125047,12
16,small_leak,0,251,125550,0
16,small_leak,0,252,126047,0
16,small_leak,0,253,126551,103
16,small_leak,0,254,127047,31
16,small_leak,0,255,127550,101
16,small_leak,0,256,128047,397
16,small_leak,0,257,128550,327
16,small_leak,0,258,129048,221
16,small_leak,0,259,129551,234
16,small_leak,0,260,130047,217
16,small_leak,0,261,130551,84
16,small_leak,0,262,131048,244
16,small_leak,0,263,131550,159
16,small_leak,0,264,132048,167
16,small_leak,0,265,132551,55
16,small_leak,0,266,133047,111
16,small_leak,0,267,133550,147
16,small_leak,0,268,134048,75
16,small_leak,0,269,134551,93
16,small_leak,0,270,135047,277
16,small_leak,0,271,135550,233
16,small_leak,0,272,136047,362
16,small_leak,0,273,136551,372
16,small_leak,0,274,137048,411
16,small_leak,0,275,137551,205
16,small_leak,0,276,138047,179
16,small_leak,0,277,138551,225
16,small_leak,0,278,139048,147
16,small_leak,0,279,139550,109
16,small_leak,0,280,140048,144
16,small_leak,0,281,140551,185
16,small_leak,0,282,141047,74
16,small_leak,0,283,141550,83
16,small_leak,0,284,142047,108
16,small_leak,0,285,142551,23
16,small_leak,0,286,143047,0
16,small_leak,0,287,143550,175
16,small_leak,0,288,144047,46
16,small_leak,0,289,144551,0
16,small_leak,0,290,145047,78
16,small_leak,0,291,145550,10
16,small_leak,0,292,146048,62
16,small_leak,0,293,146551,89
16,small_leak,0,294,147047,53
16,small_leak,0,295,147551,91
16,small_leak,0,296,148048,131
16,small_leak,0,297,148551,29
16,small_leak,0,298,149047,380
16,small_leak,0,299,149551,122
16,small_leak,0,300,150048,101
16,small_leak,0,301,150551,25
16,small_leak,0,302,151047,91
16,small_leak,0,303,151550,265
16,small_leak,0,304,152048,332
16,small_leak,0,305,152551,174
16,small_leak,0,306,153047,141
16,small_leak,0,307,153551,292
16,small_leak,0,308,154048,171
16,small_leak,0,309,154551,175
16,small_leak,0,310,155047,163
16,small_leak,0,311,155551,357
16,small_leak,0,312,156048,219
16,small_leak,0,313,156551,282
16,small_leak,0,314,157047,191
16,small_leak,0,315,157551,254
16,small_leak,0,316,158047,239
16,small_leak,0,317,158550,276
16,small_leak,0,318,159047,296
16,small_leak,0,319,159551,249
16,small_leak,0,320,160047,187
16,small_leak,0,321,160550,185
16,small_leak,0,322,161048,181
16,small_leak,0,323,161551,219
16,small_leak,0,324,162047,147
16,small_leak,0,325,162550,157
16,small_leak,0,326,163047,158
16,small_leak,0,327,163551,149
16,small_leak,0,328,164047,103
16,small_leak,0,329,164550,117
16,small_leak,0,330,165047,135
16,small_leak,0,331,165551,105
16,small_leak,0,332,166047,239
16,small_leak,0,333,166550,90
16,small_leak,0,334,167047,84
16,small_leak,0,335,167550,67
16,small_leak,0,336,168047,53
16,small_leak,0,337,168551,1
16,small_leak,0,338,169047,0
16,small_leak,0,339,169550,63
16,small_leak,0,340,170047,101
16,small_leak,0,341,170551,117
16,small_leak,0,342,171047,231
16,small_leak,0,343,171550,143
16,small_leak,0,344,172047,333
16,small_leak,0,345,172551,187
16,small_leak,0,346,173047,275
16,small_leak,0,347,173550,164
16,small_leak,0,348,174048,207
16,small_leak,0,349,174551,178
16,small_leak,0,350,175047,147
16,small_leak,0,351,175550,151
16,small_leak,0,352,176047,152
16,small_leak,0,353,176551,251
16,small_leak,0,354,177047,126
16,small_leak,0,355,177550,318
16,small_leak,0,356,178047,304
16,small_leak,0,357,178550,222
16,small_leak,0,358,179047,263
16,small_leak,0,359,179551,183
16,small_leak,0,360,180047,481
16,small_leak,0,361,180550,175
16,small_leak,0,362,181048,153
16,small_leak,0,363,181551,121
16,small_leak,0,364,182047,47
16,small_leak,0,365,182551,117
16,small_leak,0,366,183047,158
16,small_leak,0,367,183550,117
16,small_leak,0,368,184047,25
16,small_leak,0,369,184551,153
16,small_leak,0,370,185048,40
16,small_leak,0,371,185550,0
16,small_leak,0,372,186047,31
16,small_leak,0,373,186551,91
16,small_leak,0,374,187047,17
16,small_leak,0,375,187550,135
16,small_leak,0,376,188048,62
16,small_leak,0,377,188551,123
16,small_leak,0,378,189047,186
16,small_leak,0,379,189550,120
16,small_leak,0,380,190048,152
16,small_leak,0,381,190551,56
16,small_leak,0,382,191047,150
16,small_leak,0,383,191551,46
16,small_leak,0,384,192047,37
16,small_leak,0,385,192550,155
16,small_leak,0,386,193047,136
16,small_leak,0,387,193550,187
16,small_leak,0,388,194047,175
16,small_leak,0,389,194550,100
16,small_leak,0,390,195048,33
16,small_leak,0,391,195551,39
16,small_leak,0,392,196047,24
16,small_leak,0,393,196550,157
16,small_leak,0,394,197047,146
16,small_leak,0,395,197551,153
16,small_leak,0,396,198047,105
16,small_leak,0,397,198550,211
16,small_leak,0,398,199047,120
16,small_leak,0,399,199551,90
16,small_leak,0,400,200047,275
16,small_leak,0,401,200550,311
16,small_leak,0,402,201047,205
16,small_leak,0,403,201550,221
16,small_leak,0,404,202048,174
16,small_leak,0,405,202551,160
16,small_leak,0,406,203047,221
16,small_leak,0,407,203550,163
16,small_leak,0,408,204048,169
16,small_leak,0,409,204551,85
16,small_leak,0,410,205047,109
16,small_leak,0,411,205551,36
16,small_leak,0,412,206048,0
16,small_leak,0,413,206551,143
16,small_leak,0,414,207047,43
16,small_leak,0,415,207550,63
16,small_leak,0,416,208048,13
16,small_leak,0,417,208551,69
16,small_leak,0,418,209047,87
16,small_leak,0,419,209551,103
16,small_leak,0,420,210047,31
16,small_leak,0,421,210550,2
16,small_leak,0,422,211047,168
16,small_leak,0,423,211551,52
16,small_leak,0,424,212047,101
16,small_leak,0,425,212550,173
16,small_leak,0,426,213047,165
16,small_leak,0,427,213550,167
16,small_leak,0,428,214048,163
16,small_leak,0,429,214551,229
16,small_leak,0,430,215047,229
16,small_leak,0,431,215550,251
16,small_leak,0,432,216048,351
16,small_leak,0,433,216551,253
16,small_leak,0,434,217047,237
16,small_leak,0,435,217551,295
16,small_leak,0,436,218047,361
16,small_leak,0,437,218550,229
16,small_leak,0,438,219047,210
16,small_leak,0,439,219551,141
16,small_leak,0,440,220047,249
16,small_leak,0,441,220550,117
16,small_leak,0,442,221047,25
16,small_leak,0,443,221551,91
16,small_leak,0,444,222047,115
16,small_leak,0,445,222550,40
16,small_leak,0,446,223047,20
16,small_leak,0,447,223550,0
16,small_leak,0,448,224048,0
16,small_leak,0,449,224551,123
16,small_leak,0,450,225047,28
16,small_leak,0,451,225551,55
16,small_leak,0,452,226048,28
16,small_leak,0,453,226551,33
16,small_leak,0,454,227047,198
16,small_leak,0,455,227551,205
16,small_leak,0,456,228047,381
16,small_leak,0,457,228550,255
16,small_leak,0,458,229048,89
16,small_leak,0,459,229551,200
16,small_leak,0,460,230047,76
16,small_leak,0,461,230550,49
16,small_leak,0,462,231048,52
16,small_leak,0,463,231551,3
16,small_leak,0,464,232047,42
16,small_leak,0,465,232551,61
16,small_leak,0,466,233047,55
16,small_leak,0,467,233550,73
16,small_leak,0,468,234047,121
16,small_leak,0,469,234551,111
16,small_leak,0,470,235047,125
16,small_leak,0,471,235550,101
16,small_leak,0,472,236047,427
16,small_leak,0,473,236551,155
16,small_leak,0,474,237047,180
16,small_leak,0,475,237550,203
16,small_leak,0,476,238048,105
16,small_leak,0,477,238551,213
16,small_leak,0,478,239047,135
16,small_leak,0,479,239550,188
16,small_leak,0,480,240047,53
16,small_leak,0,481,240551,1
16,small_leak,0,482,241047,301
16,small_leak,0,483,241550,98
16,small_leak,0,484,242047,163
16,small_leak,0,485,242551,145
16,small_leak,0,486,243048,143
16,small_leak,0,487,243550,106
16,small_leak,0,488,244047,185
16,small_leak,0,489,244551,57
16,small_leak,0,490,245047,57
16,small_leak,0,491,245551,179
16,small_leak,0,492,246047,204
16,small_leak,0,493,246550,139
16,small_leak,0,494,247047,169
16,small_leak,0,495,247551,265
16,small_leak,0,496,248047,191
16,small_leak,0,497,248550,171
16,small_leak,0,498,249047,190
16,small_leak,0,499,249551,171
16,small_leak,0,500,250048,265
16,small_leak,0,501,250551,238
16,small_leak,0,502,251047,212
16,small_leak,0,503,251550,155
16,small_leak,0,504,252048,204
16,small_leak,0,505,252551,163
16,small_leak,0,506,253047,43
16,small_leak,0,507,253551,0
16,small_leak,0,508,254047,0
16,small_leak,0,509,254550,0
16,small_leak,0,510,255047,0
16,small_leak,0,511,255551,0
16,small_leak,0,512,256047,0
16,small_leak,0,513,256550,0
16,small_leak,0,514,257047,0
16,small_leak,0,515,257550,0
16,small_leak,0,516,258047,0
16,small_leak,0,517,258550,0
16,small_leak,0,518,259048,13
16,small_leak,0,519,259551,0
16,small_leak,0,520,260047,127
16,small_leak,0,521,260551,183
16,small_leak,0,522,261047,403
16,small_leak,0,523,261550,438
16,small_leak,0,524,262047,341
16,small_leak,0,525,262551,287
16,small_leak,0,526,263047,313
16,small_leak,0,527,263550,180
16,small_leak,0,528,264048,210
16,small_leak,0,529,264551,199
16,small_leak,0,530,265047,334
16,small_leak,0,531,265551,283
16,small_leak,0,532,266047,190
16,small_leak,0,533,266550,139
16,small_leak,0,534,267047,118
16,small_leak,0,535,267551,53
16,small_leak,0,536,268047,143
16,small_leak,0,537,268550,168
16,small_leak,0,538,269047,147
16,small_leak,0,539,269551,135
16,small_leak,0,540,270047,227
16,small_leak,0,541,270550,219
16,small_leak,0,542,271048,123
16,small_leak,0,543,271551,215
16,small_leak,0,544,272047,79
16,small_leak,0,545,272550,13
16,small_leak,0,546,273047,58
16,small_leak,0,547,273551,58
16,small_leak,0,548,274047,3
16,small_leak,0,549,274550,0
16,small_leak,0,550,275047,0
16,small_leak,0,551,275551,0
16,small_leak,0,552,276047,0
16,small_leak,0,553,276550,0
16,small_leak,0,554,277047,175
16,small_leak,0,555,277551,179
16,small_leak,0,556,278047,50
16,small_leak,0,557,278550,275
16,small_leak,0,558,279047,117
16,small_leak,0,559,279551,31
16,small_leak,0,560,280047,107
16,small_leak,0,561,280550,154
16,small_leak,0,562,281048,493
16,small_leak,0,563,281551,187
16,small_leak,0,564,282047,317
16,small_leak,0,565,282551,420
16,small_leak,0,566,283047,431
16,small_leak,0,567,283550,435
16,small_leak,0,568,284047,373
16,small_leak,0,569,284551,299
16,small_leak,0,570,285047,374
16,small_leak,0,571,285550,533
16,small_leak,0,572,286047,317
16,small_leak,0,573,286551,272
16,small_leak,0,574,287047,173
16,small_leak,0,575,287550,199
16,small_leak,0,576,288047,171
16,small_leak,0,577,288551,295
16,small_leak,0,578,289048,389
16,small_leak,0,579,289551,384
16,small_leak,0,580,290047,183
16,small_leak,0,581,290550,219
16,small_leak,0,582,291048,152
16,small_leak,0,583,291551,187
16,small_leak,0,584,292047,200
16,small_leak,0,585,292550,219
16,small_leak,0,586,293048,239
16,small_leak,0,587,293551,205
16,small_leak,0,588,294047,316
16,small_leak,0,589,294551,197
16,small_leak,0,590,295047,173
16,small_leak,0,591,295550,73
16,small_leak,0,592,296048,233
16,small_leak,0,593,296551,153
16,small_leak,0,594,297047,271
16,small_leak,0,595,297550,271
16,small_leak,0,596,298048,285
16,small_leak,0,597,298551,246
16,small_leak,0,598,299047,181
16,small_leak,0,599,299551,203
16,small_leak,0,600,300047,156
16,small_leak,0,601,300550,287
16,small_leak,0,602,301047,261
16,small_leak,0,603,301551,269
16,small_leak,0,604,302047,231
16,small_leak,0,605,302550,107
16,small_leak,0,606,303048,19
16,small_leak,0,607,303551,0
16,small_leak,0,608,304047,267
16,small_leak,0,609,304550,111
16,small_leak,0,610,305048,102
16,small_leak,0,611,305551,165
16,small_leak,0,612,306047,93
16,small_leak,0,613,306550,18
16,small_leak,0,614,307047,60
16,small_leak,0,615,307551,75
16,small_leak,0,616,308047,165
16,small_leak,0,617,308550,218
16,small_leak,0,618,309048,307
16,small_leak,0,619,309551,375
16,small_leak,0,620,310047,263
16,small_leak,0,621,310551,223
16,small_leak,0,622,311047,243
16,small_leak,0,623,311550,296
16,small_leak,0,624,312047,189
16,small_leak,0,625,312551,271
16,small_leak,0,626,313047,151
16,small_leak,0,627,313550,141
16,small_leak,0,628,314047,199
16,small_leak,0,629,314551,125
16,small_leak,0,630,315048,204
16,small_leak,0,631,315551,215
16,small_leak,0,632,316047,165
16,small_leak,0,633,316551,89
16,small_leak,0,634,317048,115
16,small_leak,0,635,317550,295
16,small_leak,0,636,318047,85
16,small_leak,0,637,318551,93
16,small_leak,0,638,319047,117
16,small_leak,0,639,319550,30
16,small_leak,0,640,320048,51
16,small_leak,0,641,320551,3
16,small_leak,0,642,321047,93
16,small_leak,0,643,321550,59
16,small_leak,0,644,322047,7
16,small_leak,0,645,322551,135
16,small_leak,0,646,323048,79
16,small_leak,0,647,323551,21
16,small_leak,0,648,324047,71
16,small_leak,0,649,324551,197
16,small_leak,0,650,325047,155
16,small_leak,0,651,325550,105
16,small_leak,0,652,326047,53
16,small_leak,0,653,326551,75
16,small_leak,0,654,327047,105
16,small_leak,0,655,327550,191
16,small_leak,0,656,328047,152
16,small_leak,0,657,328551,139
16,small_leak,0,658,329047,189
16,small_leak,0,659,329550,115
16,small_leak,0,660,330047,167
16,small_leak,0,661,330551,146
16,small_leak,0,662,331047,294
16,small_leak,0,663,331551,214
16,small_leak,0,664,332047,189
16,small_leak,0,665,332550,107
16,small_leak,0,666,333047,267
16,small_leak,0,667,333550,297
16,small_leak,0,668,334047,267
16,small_leak,0,669,334551,295
16,small_leak,0,670,335047,243
16,small_leak,0,671,335550,245
16,small_leak,0,672,336047,212
16,small_leak,0,673,336551,293
16,small_leak,0,674,337047,357
16,small_leak,0,675,337550,203
16,small_leak,0,676,338048,58
16,small_leak,0,677,338551,76
16,small_leak,0,678,339047,19
16,small_leak,0,679,339550,78
16,small_leak,0,680,340048,106
16,small_leak,0,681,340551,27
16,small_leak,0,682,341047,318
16,small_leak,0,683,341550,538
16,small_leak,0,684,342048,363
16,small_leak,0,685,342551,204
16,small_leak,0,686,343047,200
16,small_leak,0,687,343551,265
16,small_leak,0,688,344048,271
16,small_leak,0,689,344550,106
16,small_leak,0,690,345047,124
16,small_leak,0,691,345551,87
16,small_leak,0,692,346047,135
16,small_leak,0,693,346550,30
16,small_leak,0,694,347047,0
16,small_leak,0,695,347551,77
16,small_leak,0,696,348047,71
16,small_leak,0,697,348550,125
16,small_leak,0,698,349048,149
16,small_leak,0,699,349551,100
16,small_leak,0,700,350047,85
16,small_leak,0,701,350551,191
16,small_leak,0,702,351047,61
16,small_leak,0,703,351550,217
16,small_leak,0,704,352047,150
16,small_leak,0,705,352550,44
16,small_leak,0,706,353048,25
16,small_leak,0,707,353551,24
16,small_leak,0,708,354047,69
16,small_leak,0,709,354550,41
16,small_leak,0,710,355048,99
16,small_leak,0,711,355551,245
16,small_leak,0,712,356047,153
16,small_leak,0,713,356551,41
16,small_leak,0,714,357047,0
16,small_leak,0,715,357550,0
16,small_leak,0,716,358048,143
16,small_leak,0,717,358551,175
16,small_leak,0,718,359047,127
16,small_leak,0,719,359550,172
16,small_leak,0,720,360048,45
16,small_leak,0,721,360551,0
16,small_leak,0,722,361047,87
16,small_leak,0,723,361550,119
16,small_leak,0,724,362047,487
16,small_leak,0,725,362551,167
16,small_leak,0,726,363047,167
16,small_leak,0,727,363550,111
16,small_leak,0,728,364047,190
16,small_leak,0,729,364551,159
16,small_leak,0,730,365047,203
16,small_leak,0,731,365550,249
16,small_leak,0,732,366047,223
16,small_leak,0,733,366551,213
16,small_leak,0,734,367047,86
16,small_leak,0,735,367550,204
16,small_leak,0,736,368048,57
16,small_leak,0,737,368551,3
16,small_leak,0,738,369047,0
16,small_leak,0,739,369550,0
16,small_leak,0,740,370048,0
16,small_leak,0,741,370550,105
16,small_leak,0,742,371048,20
16,small_leak,0,743,371551,0
16,small_leak,0,744,372047,105
16,small_leak,0,745,372550,227
16,small_leak,0,746,373048,168
16,small_leak,0,747,373551,69
16,small_leak,0,748,374047,7
16,small_leak,0,749,374550,293
16,small_leak,0,750,375048,226
16,small_leak,0,751,375551,392
16,small_leak,0,752,376047,430
16,small_leak,0,753,376551,163
16,small_leak,0,754,377048,121
16,small_leak,0,755,377551,252
16,small_leak,0,756,378047,231
16,small_leak,0,757,378551,85
16,small_leak,0,758,379047,119
16,small_leak,0,759,379550,63
16,small_leak,0,760,380048,61
16,small_leak,0,761,380551,192
16,small_leak,0,762,381047,155
16,small_leak,0,763,381551,271
16,small_leak,0,764,382048,247
16,small_leak,0,765,382550,163
16,small_leak,0,766,383047,151
16,small_leak,0,767,383551,299
16,small_leak,0,768,384047,372
16,small_leak,0,769,384551,281
16,small_leak,0,770,385047,255
16,small_leak,0,771,385550,175
16,small_leak,0,772,386048,267
16,small_leak,0,773,386551,221
16,small_leak,0,774,387047,171
16,small_leak,0,775,387550,118
16,small_leak,0,776,388048,71
16,small_leak,0,777,388551,63
16,small_leak,0,778,389047,137
16,small_leak,0,779,389551,62
16,small_leak,0,780,390048,151
16,small_leak,0,781,390550,77
16,small_leak,0,782,391047,150
16,small_leak,0,783,391551,89
16,small_leak,0,784,392047,79
16,small_leak,0,785,392550,169
16,small_leak,0,786,393047,136
16,small_leak,0,787,393550,94
16,small_leak,0,788,394048,57
16,small_leak,0,789,394551,295
16,small_leak,0,790,395047,227
16,small_leak,0,791,395551,72
16,small_leak,0,792,396047,217
16,small_leak,0,793,396550,217
16,small_leak,0,794,397047,70
16,small_leak,0,795,397551,201
16,small_leak,0,796,398047,183
16,small_leak,0,797,398550,213
16,small_leak,0,798,399047,156
16,small_leak,0,799,399550,175
16,small_leak,0,800,400048,165
16,small_leak,0,801,400551,69
16,small_leak,0,802,401047,61
16,small_leak,0,803,401551,56
16,small_leak,0,804,402047,256
16,small_leak,0,805,402550,179
16,small_leak,0,806,403047,109
16,small_leak,0,807,403551,371
16,small_leak,0,808,404047,295
16,small_leak,0,809,404550,163
16,small_leak,0,810,405047,173
16,small_leak,0,811,405551,120
16,small_leak,0,812,406047,269
16,small_leak,0,813,406550,351
16,small_leak,0,814,407047,277
16,small_leak,0,815,407550,158
16,small_leak,0,816,408048,211
16,small_leak,0,817,408551,384
16,small_leak,0,818,409047,280
16,small_leak,0,819,409551,265
16,small_leak,0,820,410047,189
16,small_leak,0,821,410550,149
16,small_leak,0,822,411047,250
16,small_leak,0,823,411551,269
16,small_leak,0,824,412047,187
16,small_leak,0,825,412550,107
16,small_leak,0,826,413048,115
16,small_leak,0,827,413551,87
16,small_leak,0,828,414047,47
16,small_leak,0,829,414550,120
16,small_leak,0,830,415048,78
16,small_leak,0,831,415551,173
16,small_leak,0,832,416047,47
16,small_leak,0,833,416551,110
16,small_leak,0,834,417047,91
16,small_leak,0,835,417550,117
16,small_leak,0,836,418047,25
16,small_leak,0,837,418551,0
16,small_leak,0,838,419047,135
16,small_leak,0,839,419550,30
16,small_leak,0,840,420048,307
16,small_leak,0,841,420551,135
16,small_leak,0,842,421047,165
16,small_leak,0,843,421550,149
16,small_leak,0,844,422048,155
16,small_leak,0,845,422551,39
16,small_leak,0,846,423047,0
16,small_leak,0,847,423551,46
16,small_leak,0,848,424048,7
16,small_leak,0,849,424551,57
16,small_leak,0,850,425047,27
16,small_leak,0,851,425550,175
16,small_leak,0,852,426048,119
16,small_leak,0,853,426551,127
16,small_leak,0,854,427047,237
16,small_leak,0,855,427551,201
16,small_leak,0,856,428048,220
16,small_leak,0,857,428551,251
16,small_leak,0,858,429047,247
16,small_leak,0,859,429550,204
16,small_leak,0,860,430048,163
16,small_leak,0,861,430550,141
16,small_leak,0,862,431048,99
16,small_leak,0,863,431551,142
16,small_leak,0,864,432047,148
16,small_leak,0,865,432550,98
16,small_leak,0,866,433047,75
16,small_leak,0,867,433551,177
16,small_leak,0,868,434047,117
16,small_leak,0,869,434550,139
16,small_leak,0,870,435047,99
16,small_leak,0,871,435551,135
16,small_leak,0,872,436047,159
16,small_leak,0,873,436550,122
16,small_leak,0,874,437048,87
16,small_leak,0,875,437551,41
16,small_leak,0,876,438047,328
16,small_leak,0,877,438551,197
16,small_leak,0,878,439047,119
16,small_leak,0,879,439550,319
16,small_leak,0,880,440047,180
16,small_leak,0,881,440551,299
16,small_leak,0,882,441047,299
16,small_leak,0,883,441550,360
16,small_leak,0,884,442047,301
16,small_leak,0,885,442551,293
16,small_leak,0,886,443047,150
16,small_leak,0,887,443550,139
16,small_leak,0,888,444047,170
16,small_leak,0,889,444551,221
16,small_leak,0,890,445047,124
16,small_leak,0,891,445551,26
16,small_leak,0,892,446047,101
16,small_leak,0,893,446550,19
16,small_leak,0,894,447048,22
16,small_leak,0,895,447551,87
16,small_leak,0,896,448047,98
16,small_leak,0,897,448551,175
16,small_leak,0,898,449047,79
16,small_leak,0,899,449550,63
16,small_leak,0,900,450047,38
16,small_leak,0,901,450551,52
16,small_leak,0,902,451047,119
16,small_leak,0,903,451550,149
16,small_leak,0,904,452047,182
16,small_leak,0,905,452550,235
16,small_leak,0,906,453047,221
16,small_leak,0,907,453550,141
16,small_leak,0,908,454047,37
16,small_leak,0,909,454551,125
16,small_leak,0,910,455047,135
16,small_leak,0,911,455550,83
16,small_leak,0,912,456047,97
16,small_leak,0,913,456551,200
16,small_leak,0,914,457047,76
16,small_leak,0,915,457550,179
16,small_leak,0,916,458047,125
16,small_leak,0,917,458551,111
16,small_leak,0,918,459047,127
16,small_leak,0,919,459550,92
16,small_leak,0,920,460048,27
16,small_leak,0,921,460551,127
16,small_leak,0,922,461047,140
16,small_leak,0,923,461551,85
16,small_leak,0,924,462047,219
16,small_leak,0,925,462550,123
16,small_leak,0,926,463047,175
16,small_leak,0,927,463551,121
16,small_leak,0,928,464047,115
16,small_leak,0,929,464550,203
16,small_leak,0,930,465047,261
16,small_leak,0,931,465550,236
16,small_leak,0,932,466047,263
16,small_leak,0,933,466551,239
16,small_leak,0,934,467047,184
16,small_leak,0,935,467550,111
16,small_leak,0,936,468047,59
16,small_leak,0,937,468551,16
16,small_leak,0,938,469047,0
16,small_leak,0,939,469550,158
16,small_leak,0,940,470047,41
16,small_leak,0,941,470551,59
16,small_leak,0,942,471047,12
16,small_leak,0,943,471550,37
16,small_leak,0,944,472047,0
16,small_leak,0,945,472550,29
16,small_leak,0,946,473048,45
16,small_leak,0,947,473551,43
16,small_leak,0,948,474047,28
16,small_leak,0,949,474550,61
16,small_leak,0,950,475048,137
16,small_leak,0,951,475551,99
16,small_leak,0,952,476047,71
16,small_leak,0,953,476550,72
16,small_leak,0,954,477047,41
16,small_leak,0,955,477550,0
16,small_leak,0,956,478048,63
16,small_leak,0,957,478551,86
16,small_leak,0,958,479047,136
16,small_leak,0,959,479551,199
16,small_leak,0,960,480047,275
16,small_leak,0,961,480550,233
16,small_leak,0,962,481047,297
16,small_leak,0,963,481551,157
16,small_leak,0,964,482048,87
16,small_leak,0,965,482550,81
16,small_leak,0,966,483047,115
16,small_leak,0,967,483551,85
16,small_leak,0,968,484047,199
16,small_leak,0,969,484550,210
16,small_leak,0,970,485048,216
16,small_leak,0,971,485551,143
16,small_leak,0,972,486047,136
16,small_leak,0,973,486550,97
16,small_leak,0,974,487047,138
16,small_leak,0,975,487550,100
16,small_leak,0,976,488048,283
16,small_leak,0,977,488551,302
16,small_leak,0,978,489047,221
16,small_leak,0,979,489551,153
16,small_leak,0,980,490047,301
16,small_leak,0,981,490550,303
16,small_leak,0,982,491047,99
16,small_leak,0,983,491551,29
16,small_leak,0,984,492047,157
16,small_leak,0,985,492550,53
16,small_leak,0,986,493047,59
16,small_leak,0,987,493551,25
16,small_leak,0,988,494047,121
16,small_leak,0,989,494550,55
16,small_leak,0,990,495047,22
16,small_leak,0,991,495550,59
16,small_leak,0,992,496047,20
16,small_leak,0,993,496550,140
16,small_leak,0,994,497048,89
16,small_leak,0,995,497551,240
16,small_leak,0,996,498047,90
16,small_leak,0,997,498550,185
16,small_leak,0,998,499047,117
16,small_leak,0,999,499551,91
16,small_leak,0,1000,500047,135
16,small_leak,0,1001,500551,115
16,small_leak,0,1002,501047,29
16,small_leak,0,1003,501550,62
16,small_leak,0,1004,502048,3
16,small_leak,0,1005,502551,23
16,small_leak,0,1006,503047,147
16,small_leak,0,1007,503550,46
16,small_leak,0,1008,504048,0
16,small_leak,0,1009,504551,80
16,small_leak,0,1010,505047,11
16,small_leak,0,1011,505551,69
16,small_leak,0,1012,506048,13
16,small_leak,0,1013,506550,248
16,small_leak,0,1014,507047,78
16,small_leak,0,1015,507551,101
16,small_leak,0,1016,508047,187
16,small_leak,0,1017,508550,154
16,small_leak,0,1018,509047,41
16,small_leak,0,1019,509551,106
16,small_leak,0,1020,510047,132
16,small_leak,0,1021,510550,169
16,small_leak,0,1022,511047,146
16,small_leak,0,1023,511551,180
16,small_leak,0,1024,512047,56
16,small_leak,0,1025,512550,117
16,small_leak,0,1026,513047,137
16,small_leak,0,1027,513551,293
16,small_leak,0,1028,514047,136
16,small_leak,0,1029,514550,126
16,small_leak,0,1030,515047,139
16,small_leak,0,1031,515551,167
16,small_leak,0,1032,516047,202
16,small_leak,0,1033,516550,283
16,small_leak,0,1034,517047,232
16,small_leak,0,1035,517551,293
16,small_leak,0,1036,518047,531
16,small_leak,0,1037,518550,330
16,small_leak,0,1038,519048,285
16,small_leak,0,1039,519551,281
16,small_leak,0,1040,520047,407
16,small_leak,0,1041,520550,287
16,small_leak,0,1042,521048,293
16,small_leak,0,1043,521550,283
16,small_leak,0,1044,522047,215
16,small_leak,0,1045,522551,181
16,small_leak,0,1046,523047,165
16,small_leak,0,1047,523550,123
16,small_leak,0,1048,524048,371
16,small_leak,0,1049,524551,342
16,small_leak,0,1050,525047,445
16,small_leak,0,1051,525550,339
16,small_leak,0,1052,526047,311
16,small_leak,0,1053,526551,203
16,small_leak,0,1054,527047,211
16,small_leak,0,1055,527550,181
16,small_leak,0,1056,528048,229
16,small_leak,0,1057,528551,149
16,small_leak,0,1058,529047,150
16,small_leak,0,1059,529551,171
16,small_leak,0,1060,530047,275
16,small_leak,0,1061,530550,167
16,small_leak,0,1062,531047,217
16,small_leak,0,1063,531551,159
16,small_leak,0,1064,532047,52
16,small_leak,0,1065,532550,4
16,small_leak,0,1066,533047,21
16,small_leak,0,1067,533551,0
16,small_leak,0,1068,534048,7
16,small_leak,0,1069,534551,41
16,small_leak,0,1070,535047,144
16,small_leak,0,1071,535551,157
16,small_leak,0,1072,536047,239
16,small_leak,0,1073,536550,298
16,small_leak,0,1074,537048,267
16,small_leak,0,1075,537551,183
16,small_leak,0,1076,538047,211
16,small_leak,0,1077,538550,173
16,small_leak,0,1078,539048,333
16,small_leak,0,1079,539551,363
16,small_leak,0,1080,540047,351
16,small_leak,0,1081,540551,239
16,small_leak,0,1082,541047,271
16,small_leak,0,1083,541550,110
16,small_leak,0,1084,542047,117
16,small_leak,0,1085,542551,111
16,small_leak,0,1086,543047,165
16,small_leak,0,1087,543551,191
16,small_leak,0,1088,544047,145
16,small_leak,0,1089,544550,138
16,small_leak,0,1090,545048,45
16,small_leak,0,1091,545551,36
16,small_leak,0,1092,546047,0
16,small_leak,0,1093,546551,0
16,small_leak,0,1094,547047,0
16,small_leak,0,1095,547550,0
16,small_leak,0,1096,548047,0
16,small_leak,0,1097,548551,0
16,small_leak,0,1098,549047,0
16,small_leak,0,1099,549550,0
16,small_leak,0,1100,550047,0
16,small_leak,0,1101,550551,0
16,small_leak,0,1102,551047,83
16,small_leak,0,1103,551550,11
16,small_leak,0,1104,552048,125
16,small_leak,0,1105,552551,114
16,small_leak,0,1106,553047,355
16,small_leak,0,1107,553550,363
16,small_leak,0,1108,554047,283
16,small_leak,0,1109,554550,270
16,small_leak,0,1110,555047,172
16,small_leak,0,1111,555551,189
16,small_leak,0,1112,556047,319
16,small_leak,0,1113,556550,238
16,small_leak,0,1114,557047,341
16,small_leak,0,1115,557551,345
16,small_leak,0,1116,558047,297
16,small_leak,0,1117,558550,359
16,small_leak,0,1118,559048,121
16,small_leak,0,1119,559551,221
16,small_leak,0,1120,560047,127
16,small_leak,0,1121,560551,133
16,small_leak,0,1122,561047,106
16,small_leak,0,1123,561550,102
16,small_leak,0,1124,562047,59
16,small_leak,0,1125,562550,71
16,small_leak,0,1126,563048,51
16,small_leak,0,1127,563551,69
16,small_leak,0,1128,564047,12
16,small_leak,0,1129,564551,85
16,small_leak,0,1130,565047,25
16,small_leak,0,1131,565550,95
16,small_leak,0,1132,566047,101
16,small_leak,0,1133,566551,82
16,small_leak,0,1134,567047,110
16,small_leak,0,1135,567550,318
16,small_leak,0,1136,568047,345
16,small_leak,0,1137,568551,111
16,small_leak,0,1138,569048,124
16,small_leak,0,1139,569551,156
16,small_leak,0,1140,570047,91
16,small_leak,0,1141,570550,147
16,small_leak,0,1142,571048,89
16,small_leak,0,1143,571551,100
16,small_leak,0,1144,572047,141
16,small_leak,0,1145,572550,181
16,small_leak,0,1146,573048,203
16,small_leak,0,1147,573551,185
16,small_leak,0,1148,574047,157
16,small_leak,0,1149,574550,151
16,small_leak,0,1150,575047,102
16,small_leak,0,1151,575551,153
16,small_leak,0,1152,576047,119
16,small_leak,0,1153,576550,159
16,small_leak,0,1154,577048,91
16,small_leak,0,1155,577551,187
16,small_leak,0,1156,578047,83
16,small_leak,0,1157,578551,38
16,small_leak,0,1158,579047,0
16,small_leak,0,1159,579550,231
16,small_leak,0,1160,580047,205
16,small_leak,0,1161,580551,245
16,small_leak,0,1162,581047,200
16,small_leak,0,1163,581550,228
16,small_leak,0,1164,582047,297
16,small_leak,0,1165,582550,300
16,small_leak,0,1166,583048,374
16,small_leak,0,1167,583551,288
16,small_leak,0,1168,584047,345
16,small_leak,0,1169,584550,307
16,small_leak,0,1170,585047,176
16,small_leak,0,1171,585551,116
16,small_leak,0,1172,586047,83
16,small_leak,0,1173,586550,186
16,small_leak,0,1174,587048,119
16,small_leak,0,1175,587551,26
16,small_leak,0,1176,588047,0
16,small_leak,0,1177,588551,0
16,small_leak,0,1178,589047,0
16,small_leak,0,1179,589550,0
16,small_leak,0,1180,590047,30
16,small_leak,0,1181,590550,0
16,small_leak,0,1182,591048,0
16,small_leak,0,1183,591551,143
16,small_leak,0,1184,592047,37
16,small_leak,0,1185,592551,73
16,small_leak,0,1186,593048,165
16,small_leak,0,1187,593551,43
16,small_leak,0,1188,594047,77
16,small_leak,0,1189,594550,35
16,small_leak,0,1190,595048,57
16,small_leak,0,1191,595551,215
16,small_leak,0,1192,596047,172
16,small_leak,0,1193,596551,59
16,small_leak,0,1194,597047,5
16,small_leak,0,1195,597550,1
16,small_leak,0,1196,598047,92
16,small_leak,0,1197,598551,99
16,small_leak,0,1198,599047,139
16,small_leak,0,1199,599551,71
16,small_leak,0,1200,600047,181
16,small_leak,0,1201,600550,307
16,small_leak,0,1202,601048,373
16,small_leak,0,1203,601551,315
16,small_leak,0,1204,602047,477
16,small_leak,0,1205,602551,377
16,small_leak,0,1206,603047,365
16,small_leak,0,1207,603550,397
16,small_leak,0,1208,604047,216
16,small_leak,0,1209,604550,365
16,small_leak,0,1210,605048,325
16,small_leak,0,1211,605551,243
16,small_leak,0,1212,606047,215
16,small_leak,0,1213,606551,154
16,small_leak,0,1214,607048,123
16,small_leak,0,1215,607551,140
16,small_leak,0,1216,608047,168
16,small_leak,0,1217,608550,207
16,small_leak,0,1218,609048,74
16,small_leak,0,1219,609550,149
16,small_leak,0,1220,610048,40
16,small_leak,0,1221,610551,19
16,small_leak,0,1222,611047,0
16,small_leak,0,1223,611550,211
16,small_leak,0,1224,612047,99
16,small_leak,0,1225,612551,179
16,small_leak,0,1226,613047,251
16,small_leak,0,1227,613550,166
16,small_leak,0,1228,614047,217
16,small_leak,0,1229,614551,467
16,small_leak,0,1230,615047,333
16,small_leak,0,1231,615550,217
16,small_leak,0,1232,616047,233
16,small_leak,0,1233,616551,236
16,small_leak,0,1234,617047,229
16,small_leak,0,1235,617550,207
16,small_leak,0,1236,618047,285
16,small_leak,0,1237,618551,105
16,small_leak,0,1238,619047,23
16,small_leak,0,1239,619550,86
16,small_leak,0,1240,620047,137
16,small_leak,0,1241,620551,83
16,small_leak,0,1242,621047,53
16,small_leak,0,1243,621550,2
16,small_leak,0,1244,622048,4
16,small_leak,0,1245,622551,16
16,small_leak,0,1246,623047,139
16,small_leak,0,1247,623551,239
16,small_leak,0,1248,624047,186
16,small_leak,0,1249,624550,275
16,small_leak,0,1250,625047,165
16,small_leak,0,1251,625551,154
16,small_leak,0,1252,626047,63
16,small_leak,0,1253,626550,77
16,small_leak,0,1254,627047,190
16,small_leak,0,1255,627551,157
16,small_leak,0,1256,628047,221
16,small_leak,0,1257,628550,219
16,small_leak,0,1258,629048,215
16,small_leak,0,1259,629551,221
16,small_leak,0,1260,630047,185
16,small_leak,0,1261,630551,184
16,small_leak,0,1262,631047,205
16,small_leak,0,1263,631550,261
16,small_leak,0,1264,632047,247
16,small_leak,0,1265,632550,243
16,small_leak,0,1266,633048,135
16,small_leak,0,1267,633550,211
16,small_leak,0,1268,634047,242
16,small_leak,0,1269,634551,371
16,small_leak,0,1270,635047,123
16,small_leak,0,1271,635550,125
16,small_leak,0,1272,636047,28
16,small_leak,0,1273,636550,0
16,small_leak,0,1274,637048,52
16,small_leak,0,1275,637551,71
16,small_leak,0,1276,638047,7
16,small_leak,0,1277,638551,39
16,small_leak,0,1278,639048,135
16,small_leak,0,1279,639550,105
16,small_leak,0,1280,640048,188
16,small_leak,0,1281,640551,263
16,small_leak,0,1282,641047,240
16,small_leak,0,1283,641551,269
16,small_leak,0,1284,642048,291
16,small_leak,0,1285,642551,360
16,small_leak,0,1286,643047,288
16,small_leak,0,1287,643551,265
16,small_leak,0,1288,644047,297
16,small_leak,0,1289,644550,270
16,small_leak,0,1290,645048,291
16,small_leak,0,1291,645551,303
16,small_leak,0,1292,646047,283
16,small_leak,0,1293,646551,243
16,small_leak,0,1294,647047,231
16,small_leak,0,1295,647550,121
16,small_leak,0,1296,648047,169
16,small_leak,0,1297,648551,77
16,small_leak,0,1298,649047,71
16,small_leak,0,1299,649550,9
16,small_leak,0,1300,650047,0
16,small_leak,0,1301,650551,121
16,small_leak,0,1302,651047,27
16,small_leak,0,1303,651550,30
16,small_leak,0,1304,652047,0
16,small_leak,0,1305,652551,0
16,small_leak,0,1306,653047,0
16,small_leak,0,1307,653550,0
16,small_leak,0,1308,654047,0
16,small_leak,0,1309,654550,0
16,small_leak,0,1310,655047,0
16,small_leak,0,1311,655550,0
16,small_leak,0,1312,656048,0
16,small_leak,0,1313,656551,0
16,small_leak,0,1314,657047,298
16,small_leak,0,1315,657551,210
16,small_leak,0,1316,658047,246
16,small_leak,0,1317,658550,299
16,small_leak,0,1318,659047,182
16,small_leak,0,1319,659551,157
16,small_leak,0,1320,660047,115
16,small_leak,0,1321,660550,136
16,small_leak,0,1322,661047,123
16,small_leak,0,1323,661551,87
16,small_leak,0,1324,662047,85
16,small_leak,0,1325,662550,91
16,small_leak,0,1326,663047,61
16,small_leak,0,1327,663551,266
16,small_leak,0,1328,664047,90
16,small_leak,0,1329,664550,167
16,small_leak,0,1330,665047,345
16,small_leak,0,1331,665551,339
16,small_leak,0,1332,666047,246
16,small_leak,0,1333,666550,165
16,small_leak,0,1334,667048,169
16,small_leak,0,1335,667551,155
16,small_leak,0,1336,668047,259
16,small_leak,0,1337,668550,232
16,small_leak,0,1338,669048,223
16,small_leak,0,1339,669551,137
16,small_leak,0,1340,670047,95
16,small_leak,0,1341,670551,122
16,small_leak,0,1342,671047,117
16,small_leak,0,1343,671550,127
16,small_leak,0,1344,672047,147
16,small_leak,0,1345,672551,138
16,small_leak,0,1346,673047,155
16,small_leak,0,1347,673550,112
16,small_leak,0,1348,674047,104
16,small_leak,0,1349,674551,76
16,small_leak,0,1350,675047,9
16,small_leak,0,1351,675550,125
16,small_leak,0,1352,676047,104
16,small_leak,0,1353,676551,46
16,small_leak,0,1354,677047,95
16,small_leak,0,1355,677550,58
16,small_leak,0,1356,678047,79
16,small_leak,0,1357,678551,23
16,small_leak,0,1358,679047,48
16,small_leak,0,1359,679550,25
16,small_leak,0,1360,680048,0
16,small_leak,0,1361,680551,0
16,small_leak,0,1362,681047,0
16,small_leak,0,1363,681550,0
16,small_leak,0,1364,682047,0
16,small_leak,0,1365,682551,48
16,small_leak,0,1366,683047,0
16,small_leak,0,1367,683550,0
16,small_leak,0,1368,684047,91
16,small_leak,0,1369,684550,27
16,small_leak,0,1370,685047,0
16,small_leak,0,1371,685551,0
16,small_leak,0,1372,686047,215
16,small_leak,0,1373,686550,61
16,small_leak,0,1374,687048,250
16,small_leak,0,1375,687551,172
16,small_leak,0,1376,688047,275
16,small_leak,0,1377,688550,335
16,small_leak,0,1378,689048,379
16,small_leak,0,1379,689551,445
16,small_leak,0,1380,690047,439
16,small_leak,0,1381,690550,237
16,small_leak,0,1382,691048,325
16,small_leak,0,1383,691551,177
16,small_leak,0,1384,692047,105
16,small_leak,0,1385,692551,147
16,small_leak,0,1386,693047,201
16,small_leak,0,1387,693550,151
16,small_leak,0,1388,694048,57
16,small_leak,0,1389,694551,87
16,small_leak,0,1390,695047,12
16,small_leak,0,1391,695550,0
16,small_leak,0,1392,696048,0
16,small_leak,0,1393,696551,0
16,small_leak,0,1394,697047,0
16,small_leak,0,1395,697551,0
16,small_leak,0,1396,698048,11
16,small_leak,0,1397,698550,0
16,small_leak,0,1398,699047,0
16,small_leak,0,1399,699551,0
16,small_leak,0,1400,700047,0
16,small_leak,0,1401,700550,0
16,small_leak,0,1402,701048,0
16,small_leak,0,1403,701551,185
16,small_leak,0,1404,702047,181
16,small_leak,0,1405,702551,139
16,small_leak,0,1406,703047,157
16,small_leak,0,1407,703550,381
16,small_leak,0,1408,704047,139
16,small_leak,0,1409,704551,216
16,small_leak,0,1410,705048,211
16,small_leak,0,1411,705551,185
16,small_leak,0,1412,706047,191
16,small_leak,0,1413,706551,57
16,small_leak,0,1414,707047,253
16,small_leak,0,1415,707550,78
16,small_leak,0,1416,708047,9
16,small_leak,0,1417,708551,0
16,small_leak,0,1418,709047,75
16,small_leak,0,1419,709550,17
16,small_leak,0,1420,710047,16
16,small_leak,0,1421,710550,75
16,small_leak,0,1422,711048,295
16,small_leak,0,1423,711551,347
16,small_leak,0,1424,712047,375
16,small_leak,0,1425,712550,349
16,small_leak,0,1426,713048,277
16,small_leak,0,1427,713551,137
16,small_leak,0,1428,714047,189
16,small_leak,0,1429,714550,228
16,small_leak,0,1430,715048,261
16,small_leak,0,1431,715550,301
16,small_leak,0,1432,716047,180
16,small_leak,0,1433,716551,57
16,small_leak,0,1434,717047,203
16,small_leak,0,1435,717550,139
16,small_leak,0,1436,718047,185
16,small_leak,0,1437,718551,215
16,small_leak,0,1438,719048,136
16,small_leak,0,1439,719550,89
16,small_leak,0,1440,720047,137
16,small_leak,0,1441,720551,205
16,small_leak,0,1442,721047,228
16,small_leak,0,1443,721550,188
16,small_leak,0,1444,722047,179
16,small_leak,0,1445,722551,239
16,small_leak,0,1446,723047,259
16,small_leak,0,1447,723550,367
16,small_leak,0,1448,724047,392
16,small_leak,0,1449,724551,415
16,small_leak,0,1450,725047,477
16,small_leak,0,1451,725550,486
16,small_leak,0,1452,726047,437
16,small_leak,0,1453,726551,409
16,small_leak,0,1454,727047,349
16,small_leak,0,1455,727550,293
16,small_leak,0,1456,728048,297
16,small_leak,0,1457,728551,265
16,small_leak,0,1458,729047,203
16,small_leak,0,1459,729550,214
16,small_leak,0,1460,730048,87
16,small_leak,0,1461,730551,143
16,small_leak,0,1462,731047,93
16,small_leak,0,1463,731551,99
16,small_leak,0,1464,732048,99
16,small_leak,0,1465,732551,210
16,small_leak,0,1466,733047,60
16,small_leak,0,1467,733551,45
16,small_leak,0,1468,734048,0
16,small_leak,0,1469,734550,149
16,small_leak,0,1470,735048,138
16,small_leak,0,1471,735551,244
16,small_leak,0,1472,736047,237
16,small_leak,0,1473,736550,229
16,small_leak,0,1474,737048,299
16,small_leak,0,1475,737551,439
16,small_leak,0,1476,738047,292
16,small_leak,0,1477,738551,429
16,small_leak,0,1478,739048,296
16,small_leak,0,1479,739551,310
16,small_leak,0,1480,740047,219
16,small_leak,0,1481,740551,201
16,small_leak,0,1482,741047,114
16,small_leak,0,1483,741550,181
16,small_leak,0,1484,742047,201
16,small_leak,0,1485,742551,217
16,small_leak,0,1486,743047,230
16,small_leak,0,1487,743550,196
16,small_leak,0,1488,744047,297
16,small_leak,0,1489,744551,285
16,small_leak,0,1490,745047,191
16,small_leak,0,1491,745550,275
16,small_leak,0,1492,746047,255
16,small_leak,0,1493,746551,206
16,small_leak,0,1494,747047,191
16,small_leak,0,1495,747550,202
16,small_leak,0,1496,748047,197
16,small_leak,0,1497,748551,275
16,small_leak,0,1498,749047,211
16,small_leak,0,1499,749550,132
16,small_leak,0,1500,750047,109
16,small_leak,0,1501,750551,157
16,small_leak,0,1502,751048,134
16,small_leak,0,1503,751550,141
16,small_leak,0,1504,752047,163
16,small_leak,0,1505,752551,85
16,small_leak,0,1506,753047,47
16,small_leak,0,1507,753550,33
16,small_leak,0,1508,754048,87
16,small_leak,0,1509,754551,91
16,small_leak,0,1510,755047,79
16,small_leak,0,1511,755551,92
16,small_leak,0,1512,756047,122
16,small_leak,0,1513,756550,75
16,small_leak,0,1514,757047,29
16,small_leak,0,1515,757551,79
16,small_leak,0,1516,758047,69
16,small_leak,0,1517,758550,73
16,small_leak,0,1518,759047,50
16,small_leak,0,1519,759550,60
16,small_leak,0,1520,760047,171
16,small_leak,0,1521,760551,167
16,small_leak,0,1522,761047,72
16,small_leak,0,1523,761550,9
16,small_leak,0,1524,762047,85
16,small_leak,0,1525,762551,52
16,small_leak,0,1526,763047,1
16,small_leak,0,1527,763550,0
16,small_leak,0,1528,764047,0
16,small_leak,0,1529,764551,0
16,small_leak,0,1530,765047,31
16,small_leak,0,1531,765550,125
16,small_leak,0,1532,766047,52
16,small_leak,0,1533,766551,155
16,small_leak,0,1534,767047,92
16,small_leak,0,1535,767550,217
16,small_leak,0,1536,768047,71
16,small_leak,0,1537,768551,164
16,small_leak,0,1538,769047,188
16,small_leak,0,1539,769550,187
16,small_leak,0,1540,770048,243
16,small_leak,0,1541,770551,343
16,small_leak,0,1542,771047,191
16,small_leak,0,1543,771551,215
16,small_leak,0,1544,772047,293
16,small_leak,0,1545,772550,95
16,small_leak,0,1546,773047,85
16,small_leak,0,1547,773551,47
16,small_leak,0,1548,774047,0
16,small_leak,0,1549,774550,83
16,small_leak,0,1550,775047,55
16,small_leak,0,1551,775551,16
16,small_leak,0,1552,776047,59
16,small_leak,0,1553,776550,77
16,small_leak,0,1554,777048,25
16,small_leak,0,1555,777551,0
16,small_leak,0,1556,778047,0
16,small_leak,0,1557,778551,89
16,small_leak,0,1558,779048,104
16,small_leak,0,1559,779550,133
16,small_leak,0,1560,780048,189
16,small_leak,0,1561,780551,140
16,small_leak,0,1562,781047,189
16,small_leak,0,1563,781550,139
16,small_leak,0,1564,782047,138
16,small_leak,0,1565,782551,164
16,small_leak,0,1566,783048,116
16,small_leak,0,1567,783551,78
16,small_leak,0,1568,784047,160
16,small_leak,0,1569,784551,107
16,small_leak,0,1570,785047,81
16,small_leak,0,1571,785550,63
16,small_leak,0,1572,786047,110
16,small_leak,0,1573,786551,213
16,small_leak,0,1574,787047,127
16,small_leak,0,1575,787550,109
16,small_leak,0,1576,788047,110
16,small_leak,0,1577,788551,53
16,small_leak,0,1578,789048,185
16,small_leak,0,1579,789550,155
16,small_leak,0,1580,790047,124
16,small_leak,0,1581,790551,185
16,small_leak,0,1582,791047,91
16,small_leak,0,1583,791551,108
16,small_leak,0,1584,792047,132
16,small_leak,0,1585,792550,169
16,small_leak,0,1586,793048,275
16,small_leak,0,1587,793551,235
16,small_leak,0,1588,794047,250
16,small_leak,0,1589,794550,288
16,small_leak,0,1590,795048,239
16,small_leak,0,1591,795550,199
16,small_leak,0,1592,796047,266
16,small_leak,0,1593,796551,171
16,small_leak,0,1594,797047,164
16,small_leak,0,1595,797550,154
16,small_leak,0,1596,798048,165
16,small_leak,0,1597,798551,140
16,small_leak,0,1598,799047,95
16,small_leak,0,1599,799551,179
16,small_leak,0,1600,800047,103
16,small_leak,0,1601,800550,191
16,small_leak,0,1602,801047,57
16,small_leak,0,1603,801550,77
16,small_leak,0,1604,802048,118
16,small_leak,0,1605,802551,90
16,small_leak,0,1606,803047,99
16,small_leak,0,1607,803551,137
16,small_leak,0,1608,804048,134
16,small_leak,0,1609,804550,105
16,small_leak,0,1610,805047,69
16,small_leak,0,1611,805551,100
16,small_leak,0,1612,806047,57
16,small_leak,0,1613,806550,153
16,small_leak,0,1614,807048,143
16,small_leak,0,1615,807551,156
16,small_leak,0,1616,808047,169
16,small_leak,0,1617,808550,181
16,small_leak,0,1618,809047,99
16,small_leak,0,1619,809550,275
16,small_leak,0,1620,810048,151
16,small_leak,0,1621,810551,183
16,small_leak,0,1622,811047,189
16,small_leak,0,1623,811551,151
16,small_leak,0,1624,812047,219
16,small_leak,0,1625,812550,67
16,small_leak,0,1626,813047,219
16,small_leak,0,1627,813551,222
16,small_leak,0,1628,814047,98
16,small_leak,0,1629,814550,43
16,small_leak,0,1630,815047,102
16,small_leak,0,1631,815551,87
16,small_leak,0,1632,816047,45
16,small_leak,0,1633,816550,157
16,small_leak,0,1634,817048,147
16,small_leak,0,1635,817551,100
16,small_leak,0,1636,818047,124
16,small_leak,0,1637,818550,229
16,small_leak,0,1638,819048,207
16,small_leak,0,1639,819551,145
16,small_leak,0,1640,820047,188
16,small_leak,0,1641,820551,334
16,small_leak,0,1642,821047,107
16,small_leak,0,1643,821550,120
16,small_leak,0,1644,822047,151
16,small_leak,0,1645,822551,118
16,small_leak,0,1646,823047,26
16,small_leak,0,1647,823550,0
16,small_leak,0,1648,824047,0
16,small_leak,0,1649,824551,0
16,small_leak,0,1650,825047,285
16,small_leak,0,1651,825550,341
16,small_leak,0,1652,826047,108
16,small_leak,0,1653,826551,310
16,small_leak,0,1654,827047,301
16,small_leak,0,1655,827550,123
16,small_leak,0,1656,828047,203
16,small_leak,0,1657,828550,176
16,small_leak,0,1658,829048,248
16,small_leak,0,1659,829551,141
16,small_leak,0,1660,830047,219
16,small_leak,0,1661,830551,63
16,small_leak,0,1662,831047,202
16,small_leak,0,1663,831550,136
16,small_leak,0,1664,832047,155
16,small_leak,0,1665,832550,83
16,small_leak,0,1666,833048,48
16,small_leak,0,1667,833551,119
16,small_leak,0,1668,834047,75
16,small_leak,0,1669,834551,152
16,small_leak,0,1670,835047,216
16,small_leak,0,1671,835550,313
16,small_leak,0,1672,836048,109
16,small_leak,0,1673,836551,307
16,small_leak,0,1674,837047,106
16,small_leak,0,1675,837551,134
16,small_leak,0,1676,838047,31
16,small_leak,0,1677,838550,133
16,small_leak,0,1678,839047,45
16,small_leak,0,1679,839551,269
16,small_leak,0,1680,840047,267
16,small_leak,0,1681,840550,231
16,small_leak,0,1682,841048,331
16,small_leak,0,1683,841551,344
16,small_leak,0,1684,842047,265
16,small_leak,0,1685,842551,263
16,small_leak,0,1686,843047,279
16,small_leak,0,1687,843550,205
16,small_leak,0,1688,844047,270
16,small_leak,0,1689,844551,329
16,small_leak,0,1690,845047,273
16,small_leak,0,1691,845550,170
16,small_leak,0,1692,846047,77
16,small_leak,0,1693,846551,151
16,small_leak,0,1694,847048,127
16,small_leak,0,1695,847551,107
16,small_leak,0,1696,848047,102
16,small_leak,0,1697,848551,143
16,small_leak,0,1698,849047,249
16,small_leak,0,1699,849550,141
16,small_leak,0,1700,850047,179
16,small_leak,0,1701,850551,211
16,small_leak,0,1702,851047,239
16,small_leak,0,1703,851550,341
16,small_leak,0,1704,852047,325
16,small_leak,0,1705,852550,278
16,small_leak,0,1706,853048,278
16,small_leak,0,1707,853551,341
16,small_leak,0,1708,854047,314
16,small_leak,0,1709,854550,229
16,small_leak,0,1710,855047,187
16,small_leak,0,1711,855550,155
16,small_leak,0,1712,856048,125
16,small_leak,0,1713,856550,151
16,small_leak,0,1714,857047,133
16,small_leak,0,1715,857551,165
16,small_leak,0,1716,858047,121
16,small_leak,0,1717,858550,149
16,small_leak,0,1718,859047,179
16,small_leak,0,1719,859551,111
16,small_leak,0,1720,860047,78
16,small_leak,0,1721,860550,91
16,small_leak,0,1722,861047,83
16,small_leak,0,1723,861551,79
16,small_leak,0,1724,862047,38
16,small_leak,0,1725,862550,16
16,small_leak,0,1726,863048,123
16,small_leak,0,1727,863551,75
16,small_leak,0,1728,864047,8
16,small_leak,0,1729,864551,301
16,small_leak,0,1730,865048,230
16,small_leak,0,1731,865551,295
16,small_leak,0,1732,866047,269
16,small_leak,0,1733,866551,217
16,small_leak,0,1734,867047,207
16,small_leak,0,1735,867550,210
16,small_leak,0,1736,868047,231
16,small_leak,0,1737,868550,148
16,small_leak,0,1738,869048,261
16,small_leak,0,1739,869551,101
16,small_leak,0,1740,870047,260
16,small_leak,0,1741,870550,111
16,small_leak,0,1742,871048,116
16,small_leak,0,1743,871551,44
16,small_leak,0,1744,872047,2
16,small_leak,0,1745,872550,38
16,small_leak,0,1746,873048,23
16,small_leak,0,1747,873551,25
16,small_leak,0,1748,874047,91
16,small_leak,0,1749,874551,200
16,small_leak,0,1750,875047,141
16,small_leak,0,1751,875550,43
16,small_leak,0,1752,876047,219
16,small_leak,0,1753,876551,263
16,small_leak,0,1754,877047,87
16,small_leak,0,1755,877550,268
16,small_leak,0,1756,878048,138
16,small_leak,0,1757,878551,202
16,small_leak,0,1758,879047,61
16,small_leak,0,1759,879550,5
16,small_leak,0,1760,880048,7
16,small_leak,0,1761,880551,55
16,small_leak,0,1762,881047,2
16,small_leak,0,1763,881551,0
16,small_leak,0,1764,882048,117
16,small_leak,0,1765,882550,27
16,small_leak,0,1766,883047,0
16,small_leak,0,1767,883551,197
16,small_leak,0,1768,884047,307
16,small_leak,0,1769,884550,231
16,small_leak,0,1770,885048,203
16,small_leak,0,1771,885551,217
16,small_leak,0,1772,886047,573
16,small_leak,0,1773,886551,575
16,small_leak,0,1774,887048,455
16,small_leak,0,1775,887551,244
16,small_leak,0,1776,888047,355
16,small_leak,0,1777,888550,133
16,small_leak,0,1778,889048,223
16,small_leak,0,1779,889551,142
16,small_leak,0,1780,890047,173
16,small_leak,0,1781,890550,271
16,small_leak,0,1782,891047,139
16,small_leak,0,1783,891551,100
16,small_leak,0,1784,892047,487
16,small_leak,0,1785,892550,189
16,small_leak,0,1786,893047,120
16,small_leak,0,1787,893551,31
16,small_leak,0,1788,894047,0
16,small_leak,0,1789,894550,0
16,small_leak,0,1790,895047,0
16,small_leak,0,1791,895550,0
16,small_leak,0,1792,896048,11
16,small_leak,0,1793,896550,42
16,small_leak,0,1794,897048,0
16,small_leak,0,1795,897551,31
16,small_leak,0,1796,898047,43
16,small_leak,0,1797,898551,0
16,small_leak,0,1798,899047,0
16,small_leak,0,1799,899550,99
16,small_leak,0,1800,900047,221
16,small_leak,0,1801,900551,69
16,small_leak,0,1802,901047,33
16,small_leak,0,1803,901550,173
16,small_leak,0,1804,902048,143
16,small_leak,0,1805,902551,77
16,small_leak,0,1806,903047,13
16,small_leak,0,1807,903550,150
16,small_leak,0,1808,904047,333
16,small_leak,0,1809,904551,300
16,small_leak,0,1810,905047,229
16,small_leak,0,1811,905550,209
16,small_leak,0,1812,906048,303
16,small_leak,0,1813,906551,359
16,small_leak,0,1814,907047,295
16,small_leak,0,1815,907550,233
16,small_leak,0,1816,908048,228
16,small_leak,0,1817,908551,350
16,small_leak,0,1818,909047,280
16,small_leak,0,1819,909551,153
16,small_leak,0,1820,910047,213
16,small_leak,0,1821,910550,201
16,small_leak,0,1822,911047,125
16,small_leak,0,1823,911551,105
16,small_leak,0,1824,912047,119
16,small_leak,0,1825,912550,187
16,small_leak,0,1826,913047,187
16,small_leak,0,1827,913551,294
16,small_leak,0,1828,914047,159
16,small_leak,0,1829,914550,200
16,small_leak,0,1830,915047,189
16,small_leak,0,1831,915551,143
16,small_leak,0,1832,916047,183
16,small_leak,0,1833,916550,139
16,small_leak,0,1834,917047,82
16,small_leak,0,1835,917551,169
16,small_leak,0,1836,918047,76
16,small_leak,0,1837,918550,13
16,small_leak,0,1838,919047,285
16,small_leak,0,1839,919551,91
16,small_leak,0,1840,920048,76
16,small_leak,0,1841,920550,122
16,small_leak,0,1842,921048,179
16,small_leak,0,1843,921551,197
16,small_leak,0,1844,922047,183
16,small_leak,0,1845,922550,203
16,small_leak,0,1846,923048,154
16,small_leak,0,1847,923551,135
16,small_leak,0,1848,924047,247
16,small_leak,0,1849,924551,253
16,small_leak,0,1850,925047,214
16,small_leak,0,1851,925550,294
16,small_leak,0,1852,926047,251
16,small_leak,0,1853,926550,239
16,small_leak,0,1854,927048,206
16,small_leak,0,1855,927551,201
16,small_leak,0,1856,928047,251
16,small_leak,0,1857,928551,231
16,small_leak,0,1858,929047,173
16,small_leak,0,1859,929550,91
16,small_leak,0,1860,930048,139
16,small_leak,0,1861,930551,35
16,small_leak,0,1862,931047,0
16,small_leak,0,1863,931550,191
16,small_leak,0,1864,932047,167
16,small_leak,0,1865,932551,179
16,small_leak,0,1866,933047,209
16,small_leak,0,1867,933550,220
16,small_leak,0,1868,934047,157
16,small_leak,0,1869,934550,111
16,small_leak,0,1870,935048,137
16,small_leak,0,1871,935551,123
16,small_leak,0,1872,936047,45
16,small_leak,0,1873,936550,295
16,small_leak,0,1874,937048,206
16,small_leak,0,1875,937551,105
16,small_leak,0,1876,938047,123
16,small_leak,0,1877,938551,99
16,small_leak,0,1878,939047,40
16,small_leak,0,1879,939550,125
16,small_leak,0,1880,940047,91
16,small_leak,0,1881,940551,56
16,small_leak,0,1882,941047,4
16,small_leak,0,1883,941550,8
16,small_leak,0,1884,942047,37
16,small_leak,0,1885,942551,0
16,small_leak,0,1886,943048,125
16,small_leak,0,1887,943551,107
16,small_leak,0,1888,944047,99
16,small_leak,0,1889,944551,57
16,small_leak,0,1890,945048,151
16,small_leak,0,1891,945550,55
16,small_leak,0,1892,946048,11
16,small_leak,0,1893,946551,120
16,small_leak,0,1894,947047,25
16,small_leak,0,1895,947551,106
16,small_leak,0,1896,948048,188
16,small_leak,0,1897,948551,119
16,small_leak,0,1898,949047,269
16,small_leak,0,1899,949550,263
16,small_leak,0,1900,950047,243
16,small_leak,0,1901,950551,351
16,small_leak,0,1902,951047,391
16,small_leak,0,1903,951550,395
16,small_leak,0,1904,952048,405
16,small_leak,0,1905,952551,307
16,small_leak,0,1906,953047,285
16,small_leak,0,1907,953551,267
16,small_leak,0,1908,954048,263
16,small_leak,0,1909,954551,115
16,small_leak,0,1910,955047,171
16,small_leak,0,1911,955550,63
16,small_leak,0,1912,956048,13
16,small_leak,0,1913,956551,197
16,small_leak,0,1914,957047,57
16,small_leak,0,1915,957551,59
16,small_leak,0,1916,958048,20
16,small_leak,0,1917,958551,93
16,small_leak,0,1918,959047,63
16,small_leak,0,1919,959551,179
16,small_leak,0,1920,960048,179
16,small_leak,0,1921,960551,164
16,small_leak,0,1922,961047,333
16,small_leak,0,1923,961551,307
16,small_leak,0,1924,962047,249
16,small_leak,0,1925,962550,212
16,small_leak,0,1926,963047,207
16,small_leak,0,1927,963551,205
16,small_leak,0,1928,964047,200
16,small_leak,0,1929,964550,206
16,small_leak,0,1930,965047,215
16,small_leak,0,1931,965551,169
16,small_leak,0,1932,966047,198
16,small_leak,0,1933,966550,169
16,small_leak,0,1934,967048,173
16,small_leak,0,1935,967551,147
16,small_leak,0,1936,968047,136
16,small_leak,0,1937,968550,71
16,small_leak,0,1938,969047,57
16,small_leak,0,1939,969550,3
16,small_leak,0,1940,970048,0
16,small_leak,0,1941,970551,17
16,small_leak,0,1942,971047,0
16,small_leak,0,1943,971550,0
16,small_leak,0,1944,972048,47
16,small_leak,0,1945,972551,1
16,small_leak,0,1946,973047,188
16,small_leak,0,1947,973551,117
16,small_leak,0,1948,974047,179
16,small_leak,0,1949,974550,200
16,small_leak,0,1950,975047,89
16,small_leak,0,1951,975551,43
16,small_leak,0,1952,976047,117
16,small_leak,0,1953,976550,53
16,small_leak,0,1954,977047,149
16,small_leak,0,1955,977550,137
16,small_leak,0,1956,978048,92
16,small_leak,0,1957,978551,50
16,small_leak,0,1958,979047,169
16,small_leak,0,1959,979550,164
16,small_leak,0,1960,980047,157
16,small_leak,0,1961,980551,47
16,small_leak,0,1962,981047,191
16,small_leak,0,1963,981550,119
16,small_leak,0,1964,982047,226
16,small_leak,0,1965,982551,104
16,small_leak,0,1966,983047,27
16,small_leak,0,1967,983550,187
16,small_leak,0,1968,984048,116
16,small_leak,0,1969,984551,243
16,small_leak,0,1970,985047,139
16,small_leak,0,1971,985551,179
16,small_leak,0,1972,986047,443
16,small_leak,0,1973,986550,243
16,small_leak,0,1974,987047,229
16,small_leak,0,1975,987550,215
16,small_leak,0,1976,988047,102
16,small_leak,0,1977,988551,71
16,small_leak,0,1978,989048,159
16,small_leak,0,1979,989551,41
16,small_leak,0,1980,990047,0
16,small_leak,0,1981,990551,0
16,small_leak,0,1982,991047,59
16,small_leak,0,1983,991550,114
16,small_leak,0,1984,992048,135
16,small_leak,0,1985,992551,35
16,small_leak,0,1986,993047,25
16,small_leak,0,1987,993551,5
16,small_leak,0,1988,994047,11
16,small_leak,0,1989,994550,127
16,small_leak,0,1990,995047,109
16,small_leak,0,1991,995551,79
16,small_leak,0,1992,996047,137
16,small_leak,0,1993,996550,57
16,small_leak,0,1994,997047,55
16,small_leak,0,1995,997551,99
16,small_leak,0,1996,998047,17
16,small_leak,0,1997,998550,0
16,small_leak,0,1998,999047,169
16,small_leak,0,1999,999551,69
16,small_leak,1,0,49,111
16,small_leak,1,1,547,124
16,small_leak,1,2,1047,160
16,small_leak,1,3,1547,249
16,small_leak,1,4,2047,239
16,small_leak,1,5,2547,134
16,small_leak,1,6,3047,199
16,small_leak,1,7,3547,374
16,small_leak,1,8,4047,308
16,small_leak,1,9,4547,262
16,small_leak,1,10,5047,298
16,small_leak,1,11,5547,370
16,small_leak,1,12,6047,312
16,small_leak,1,13,6547,264
16,small_leak,1,14,7047,234
16,small_leak,1,15,7547,121
16,small_leak,1,16,8047,135
16,small_leak,1,17,8547,85
16,small_leak,1,18,9047,55
16,small_leak,1,19,9547,27
16,small_leak,1,20,10047,29
16,small_leak,1,21,10547,10
16,small_leak,1,22,11047,0
16,small_leak,1,23,11547,1
16,small_leak,1,24,12047,82
16,small_leak,1,25,12547,107
16,small_leak,1,26,13047,25
16,small_leak,1,27,13547,137
16,small_leak,1,28,14047,159
16,small_leak,1,29,14547,42
16,small_leak,1,30,15047,105
16,small_leak,1,31,15547,121
16,small_leak,1,32,16047,103
16,small_leak,1,33,16547,205
16,small_leak,1,34,17047,115
16,small_leak,1,35,17547,187
16,small_leak,1,36,18047,157
16,small_leak,1,37,18547,229
16,small_leak,1,38,19047,71
16,small_leak,1,39,19547,103
16,small_leak,1,40,20047,111
16,small_leak,1,41,20547,23
16,small_leak,1,42,21047,106
16,small_leak,1,43,21547,110
16,small_leak,1,44,22047,147
16,small_leak,1,45,22547,201
16,small_leak,1,46,23047,214
16,small_leak,1,47,23547,115
16,small_leak,1,48,24047,120
16,small_leak,1,49,24547,133
16,small_leak,1,50,25047,330
16,small_leak,1,51,25547,239
16,small_leak,1,52,26047,205
16,small_leak,1,53,26547,192
16,small_leak,1,54,27047,173
16,small_leak,1,55,27547,207
16,small_leak,1,56,28047,120
16,small_leak,1,57,28547,172
16,small_leak,1,58,29047,223
16,small_leak,1,59,29547,247
16,small_leak,1,60,30047,281
16,small_leak,1,61,30547,279
16,small_leak,1,62,31047,189
16,small_leak,1,63,31547,107
16,small_leak,1,64,32047,170
16,small_leak,1,65,32547,185
16,small_leak,1,66,33047,87
16,small_leak,1,67,33547,33
16,small_leak,1,68,34047,0
16,small_leak,1,69,34547,76
16,small_leak,1,70,35047,58
16,small_leak,1,71,35547,89
16,small_leak,1,72,36047,62
16,small_leak,1,73,36547,69
16,small_leak,1,74,37047,77
16,small_leak,1,75,37547,85
16,small_leak,1,76,38047,27
16,small_leak,1,77,38547,0
16,small_leak,1,78,39047,0
16,small_leak,1,79,39547,154
16,small_leak,1,80,40047,40
16,small_leak,1,81,40547,0
16,small_leak,1,82,41047,0
16,small_leak,1,83,41547,111
16,small_leak,1,84,42047,23
16,small_leak,1,85,42547,151
16,small_leak,1,86,43047,59
16,small_leak,1,87,43547,163
16,small_leak,1,88,44047,181
16,small_leak,1,89,44547,99
16,small_leak,1,90,45047,109
16,small_leak,1,91,45547,123
16,small_leak,1,92,46047,169
16,small_leak,1,93,46547,144
16,small_leak,1,94,47047,52
16,small_leak,1,95,47547,191
16,small_leak,1,96,48047,275
16,small_leak,1,97,48547,95
16,small_leak,1,98,49047,133
16,small_leak,1,99,49547,157
16,small_leak,1,100,50047,164
16,small_leak,1,101,50547,191
16,small_leak,1,102,51047,299
16,small_leak,1,103,51547,317
16,small_leak,1,104,52047,221
16,small_leak,1,105,52547,72
16,small_leak,1,106,53047,89
16,small_leak,1,107,53547,132
16,small_leak,1,108,54047,63
16,small_leak,1,109,54547,30
16,small_leak,1,110,55047,91
16,small_leak,1,111,55547,233
16,small_leak,1,112,56047,302
16,small_leak,1,113,56547,354
16,small_leak,1,114,57047,381
16,small_leak,1,115,57547,136
16,small_leak,1,116,58047,221
16,small_leak,1,117,58547,207
16,small_leak,1,118,59047,252
16,small_leak,1,119,59547,365
16,small_leak,1,120,60047,139
16,small_leak,1,121,60547,223
16,small_leak,1,122,61047,190
16,small_leak,1,123,61547,286
16,small_leak,1,124,62047,122
16,small_leak,1,125,62547,313
16,small_leak,1,126,63047,101
16,small_leak,1,127,63547,119
16,small_leak,1,128,64047,25
16,small_leak,1,129,64547,0
16,small_leak,1,130,65048,0
16,small_leak,1,131,65547,151
16,small_leak,1,132,66047,211
16,small_leak,1,133,66547,59
16,small_leak,1,134,67047,3
16,small_leak,1,135,67547,134
16,small_leak,1,136,68047,445
16,small_leak,1,137,68547,176
16,small_leak,1,138,69047,267
16,small_leak,1,139,69547,310
16,small_leak,1,140,70048,269
16,small_leak,1,141,70547,267
16,small_leak,1,142,71047,126
16,small_leak,1,143,71547,85
16,small_leak,1,144,72047,86
16,small_leak,1,145,72547,244
16,small_leak,1,146,73047,88
16,small_leak,1,147,73547,137
16,small_leak,1,148,74047,85
16,small_leak,1,149,74547,69
16,small_leak,1,150,75047,61
16,small_leak,1,151,75547,21
16,small_leak,1,152,76047,25
16,small_leak,1,153,76547,219
16,small_leak,1,154,77047,101
16,small_leak,1,155,77547,126
16,small_leak,1,156,78047,153
16,small_leak,1,157,78547,100
16,small_leak,1,158,79047,281
16,small_leak,1,159,79547,175
16,small_leak,1,160,80047,143
16,small_leak,1,161,80547,379
16,small_leak,1,162,81047,380
16,small_leak,1,163,81547,633
16,small_leak,1,164,82047,295
16,small_leak,1,165,82547,415
16,small_leak,1,166,83047,455
16,small_leak,1,167,83547,373
16,small_leak,1,168,84047,267
16,small_leak,1,169,84547,405
16,small_leak,1,170,85047,271
16,small_leak,1,171,85547,287
16,small_leak,1,172,86047,211
16,small_leak,1,173,86547,173
16,small_leak,1,174,87047,171
16,small_leak,1,175,87547,255
16,small_leak,1,176,88047,260
16,small_leak,1,177,88547,93
16,small_leak,1,178,89047,55
16,small_leak,1,179,89547,147
16,small_leak,1,180,90047,83
16,small_leak,1,181,90547,111
16,small_leak,1,182,91047,141
16,small_leak,1,183,91547,35
16,small_leak,1,184,92047,105
16,small_leak,1,185,92547,37
16,small_leak,1,186,93047,0
16,small_leak,1,187,93547,0
16,small_leak,1,188,94047,235
16,small_leak,1,189,94547,220
16,small_leak,1,190,95047,67
16,small_leak,1,191,95547,75
16,small_leak,1,192,96047,243
16,small_leak,1,193,96547,356
16,small_leak,1,194,97047,155
16,small_leak,1,195,97547,88
16,small_leak,1,196,98047,73
16,small_leak,1,197,98547,135
16,small_leak,1,198,99047,37
16,small_leak,1,199,99547,63
16,small_leak,1,200,100047,133
16,small_leak,1,201,100547,175
16,small_leak,1,202,101047,148
16,small_leak,1,203,101547,229
16,small_leak,1,204,102047,233
16,small_leak,1,205,102547,191
16,small_leak,1,206,103047,235
16,small_leak,1,207,103547,219
16,small_leak,1,208,104047,118
16,small_leak,1,209,104547,30
16,small_leak,1,210,105047,0
16,small_leak,1,211,105547,0
16,small_leak,1,212,106047,29
16,small_leak,1,213,106547,134
16,small_leak,1,214,107047,119
16,small_leak,1,215,107547,247
16,small_leak,1,216,108047,243
16,small_leak,1,217,108547,238
16,small_leak,1,218,109047,233
16,small_leak,1,219,109547,87
16,small_leak,1,220,110047,91
16,small_leak,1,221,110547,161
16,small_leak,1,222,111047,125
16,small_leak,1,223,111547,168
16,small_leak,1,224,112047,91
16,small_leak,1,225,112547,179
16,small_leak,1,226,113047,135
16,small_leak,1,227,113547,247
16,small_leak,1,228,114047,191
16,small_leak,1,229,114547,157
16,small_leak,1,230,115047,244
16,small_leak,1,231,115547,239
16,small_leak,1,232,116047,109
16,small_leak,1,233,116547,83
16,small_leak,1,234,117047,120
16,small_leak,1,235,117547,152
16,small_leak,1,236,118047,95
16,small_leak,1,237,118547,91
16,small_leak,1,238,119047,56
16,small_leak,1,239,119547,2
16,small_leak,1,240,120047,181
16,small_leak,1,241,120547,45
16,small_leak,1,242,121047,271
16,small_leak,1,243,121547,152
16,small_leak,1,244,122047,164
16,small_leak,1,245,122547,319
16,small_leak,1,246,123047,227
16,small_leak,1,247,123547,92
16,small_leak,1,248,124047,169
16,small_leak,1,249,124547,151
16,small_leak,1,250,125047,51
16,small_leak,1,251,125547,133
16,small_leak,1,252,126047,82
16,small_leak,1,253,126547,103
16,small_leak,1,254,127047,48
16,small_leak,1,255,127547,0
16,small_leak,1,256,128047,0
16,small_leak,1,257,128547,0
16,small_leak,1,258,129047,77
16,small_leak,1,259,129547,186
16,small_leak,1,260,130047,54
16,small_leak,1,261,130547,132
16,small_leak,1,262,131047,212
16,small_leak,1,263,131547,217
16,small_leak,1,264,132047,175
16,small_leak,1,265,132547,204
16,small_leak,1,266,133047,215
16,small_leak,1,267,133547,188
16,small_leak,1,268,134047,250
16,small_leak,1,269,134547,189
16,small_leak,1,270,135047,73
16,small_leak,1,271,135547,147
16,small_leak,1,272,136047,29
16,small_leak,1,273,136547,59
16,small_leak,1,274,137047,5
16,small_leak,1,275,137547,108
16,small_leak,1,276,138047,59
16,small_leak,1,277,138547,89
16,small_leak,1,278,139048,157
16,small_leak,1,279,139547,99
16,small_leak,1,280,140047,215
16,small_leak,1,281,140547,239
16,small_leak,1,282,141047,87
16,small_leak,1,283,141547,135
16,small_leak,1,284,142047,229
16,small_leak,1,285,142547,231
16,small_leak,1,286,143047,103
16,small_leak,1,287,143547,139
16,small_leak,1,288,144047,75
16,small_leak,1,289,144547,157
16,small_leak,1,290,145047,55
16,small_leak,1,291,145547,187
16,small_leak,1,292,146047,153
16,small_leak,1,293,146547,115
16,small_leak,1,294,147047,197
16,small_leak,1,295,147547,231
16,small_leak,1,296,148047,91
16,small_leak,1,297,148547,69
16,small_leak,1,298,149047,89
16,small_leak,1,299,149547,45
16,small_leak,1,300,150047,119
16,small_leak,1,301,150547,153
16,small_leak,1,302,151047,173
16,small_leak,1,303,151547,313
16,small_leak,1,304,152047,101
16,small_leak,1,305,152547,53
16,small_leak,1,306,153047,93
16,small_leak,1,307,153547,164
16,small_leak,1,308,154047,54
16,small_leak,1,309,154547,185
16,small_leak,1,310,155047,255
16,small_leak,1,311,155547,82
16,small_leak,1,312,156047,92
16,small_leak,1,313,156547,99
16,small_leak,1,314,157047,152
16,small_leak,1,315,157547,208
16,small_leak,1,316,158047,235
16,small_leak,1,317,158547,140
16,small_leak,1,318,159047,155
16,small_leak,1,319,159547,164
16,small_leak,1,320,160047,185
16,small_leak,1,321,160547,231
16,small_leak,1,322,161047,209
16,small_leak,1,323,161547,141
16,small_leak,1,324,162047,133
16,small_leak,1,325,162547,143
16,small_leak,1,326,163047,117
16,small_leak,1,327,163547,73
16,small_leak,1,328,164047,21
16,small_leak,1,329,164547,137
16,small_leak,1,330,165047,75
16,small_leak,1,331,165547,95
16,small_leak,1,332,166047,21
16,small_leak,1,333,166547,21
16,small_leak,1,334,167047,156
16,small_leak,1,335,167547,217
16,small_leak,1,336,168047,221
16,small_leak,1,337,168547,279
16,small_leak,1,338,169047,204
16,small_leak,1,339,169547,237
16,small_leak,1,340,170047,159
16,small_leak,1,341,170547,190
16,small_leak,1,342,171047,110
16,small_leak,1,343,171547,117
16,small_leak,1,344,172047,85
16,small_leak,1,345,172547,19
16,small_leak,1,346,173047,360
16,small_leak,1,347,173547,117
16,small_leak,1,348,174047,181
16,small_leak,1,349,174547,113
16,small_leak,1,350,175047,108
16,small_leak,1,351,175547,222
16,small_leak,1,352,176047,179
16,small_leak,1,353,176547,228
16,small_leak,1,354,177047,237
16,small_leak,1,355,177547,239
16,small_leak,1,356,178047,207
16,small_leak,1,357,178547,214
16,small_leak,1,358,179047,112
16,small_leak,1,359,179547,139
16,small_leak,1,360,180047,153
16,small_leak,1,361,180547,158
16,small_leak,1,362,181047,166
16,small_leak,1,363,181547,118
16,small_leak,1,364,182047,115
16,small_leak,1,365,182547,95
16,small_leak,1,366,183047,17
16,small_leak,1,367,183547,235
16,small_leak,1,368,184047,340
16,small_leak,1,369,184547,141
16,small_leak,1,370,185047,105
16,small_leak,1,371,185547,44
16,small_leak,1,372,186047,91
16,small_leak,1,373,186547,69
16,small_leak,1,374,187047,87
16,small_leak,1,375,187547,152
16,small_leak,1,376,188047,249
16,small_leak,1,377,188547,137
16,small_leak,1,378,189047,311
16,small_leak,1,379,189547,229
16,small_leak,1,380,190047,72
16,small_leak,1,381,190547,104
16,small_leak,1,382,191047,44
16,small_leak,1,383,191547,154
16,small_leak,1,384,192047,103
16,small_leak,1,385,192547,105
16,small_leak,1,386,193047,217
16,small_leak,1,387,193547,79
16,small_leak,1,388,194047,72
16,small_leak,1,389,194547,40
16,small_leak,1,390,195047,0
16,small_leak,1,391,195547,227
16,small_leak,1,392,196047,121
16,small_leak,1,393,196547,45
16,small_leak,1,394,197047,75
16,small_leak,1,395,197547,124
16,small_leak,1,396,198047,169
16,small_leak,1,397,198547,328
16,small_leak,1,398,199047,133
16,small_leak,1,399,199547,222
16,small_leak,1,400,200047,211
16,small_leak,1,401,200547,198
16,small_leak,1,402,201047,168
16,small_leak,1,403,201547,139
16,small_leak,1,404,202047,225
16,small_leak,1,405,202547,143
16,small_leak,1,406,203047,184
16,small_leak,1,407,203547,93
16,small_leak,1,408,204047,69
16,small_leak,1,409,204547,73
16,small_leak,1,410,205047,76
16,small_leak,1,411,205547,101
16,small_leak,1,412,206047,247
16,small_leak,1,413,206547,239
16,small_leak,1,414,207047,136
16,small_leak,1,415,207547,101
16,small_leak,1,416,208047,91
16,small_leak,1,417,208547,60
16,small_leak,1,418,209047,51
16,small_leak,1,419,209547,1
16,small_leak,1,420,210047,0
16,small_leak,1,421,210547,108
16,small_leak,1,422,211047,104
16,small_leak,1,423,211547,61
16,small_leak,1,424,212047,167
16,small_leak,1,425,212547,140
16,small_leak,1,426,213047,277
16,small_leak,1,427,213547,138
16,small_leak,1,428,214047,116
16,small_leak,1,429,214547,127
16,small_leak,1,430,215047,43
16,small_leak,1,431,215547,107
16,small_leak,1,432,216047,103
16,small_leak,1,433,216547,121
16,small_leak,1,434,217047,29
16,small_leak,1,435,217547,91
16,small_leak,1,436,218047,120
16,small_leak,1,437,218547,203
16,small_leak,1,438,219047,133
16,small_leak,1,439,219547,207
16,small_leak,1,440,220047,199
16,small_leak,1,441,220547,245
16,small_leak,1,442,221047,135
16,small_leak,1,443,221547,85
16,small_leak,1,444,222047,121
16,small_leak,1,445,222547,116
16,small_leak,1,446,223047,24
16,small_leak,1,447,223547,91
16,small_leak,1,448,224047,167
16,small_leak,1,449,224547,279
16,small_leak,1,450,225047,181
16,small_leak,1,451,225547,152
16,small_leak,1,452,226047,175
16,small_leak,1,453,226547,171
16,small_leak,1,454,227047,171
16,small_leak,1,455,227547,337
16,small_leak,1,456,228047,119
16,small_leak,1,457,228547,267
16,small_leak,1,458,229047,288
16,small_leak,1,459,229547,413
16,small_leak,1,460,230047,341
16,small_leak,1,461,230547,374
16,small_leak,1,462,231047,377
16,small_leak,1,463,231547,476
16,small_leak,1,464,232047,277
16,small_leak,1,465,232547,265
16,small_leak,1,466,233047,213
16,small_leak,1,467,233547,249
16,small_leak,1,468,234047,173
16,small_leak,1,469,234547,139
16,small_leak,1,470,235047,125
16,small_leak,1,471,235547,126
16,small_leak,1,472,236047,197
16,small_leak,1,473,236547,92
16,small_leak,1,474,237047,329
16,small_leak,1,475,237547,249
16,small_leak,1,476,238047,197
16,small_leak,1,477,238547,157
16,small_leak,1,478,239047,221
16,small_leak,1,479,239547,69
16,small_leak,1,480,240047,159
16,small_leak,1,481,240547,105
16,small_leak,1,482,241047,55
16,small_leak,1,483,241547,185
16,small_leak,1,484,242047,189
16,small_leak,1,485,242547,217
16,small_leak,1,486,243047,119
16,small_leak,1,487,243547,106
16,small_leak,1,488,244047,72
16,small_leak,1,489,244547,121
16,small_leak,1,490,245047,141
16,small_leak,1,491,245547,143
16,small_leak,1,492,246047,142
16,small_leak,1,493,246547,88
16,small_leak,1,494,247047,25
16,small_leak,1,495,247547,363
16,small_leak,1,496,248047,183
16,small_leak,1,497,248547,205
16,small_leak,1,498,249047,79
16,small_leak,1,499,249547,21
16,small_leak,1,500,250047,72
16,small_leak,1,501,250547,207
16,small_leak,1,502,251047,293
16,small_leak,1,503,251547,281
16,small_leak,1,504,252047,147
16,small_leak,1,505,252547,263
16,small_leak,1,506,253047,187
16,small_leak,1,507,253547,247
16,small_leak,1,508,254047,215
16,small_leak,1,509,254547,255
16,small_leak,1,510,255047,136
16,small_leak,1,511,255547,270
16,small_leak,1,512,256047,277
16,small_leak,1,513,256547,201
16,small_leak,1,514,257047,266
16,small_leak,1,515,257547,276
16,small_leak,1,516,258047,157
16,small_leak,1,517,258547,123
16,small_leak,1,518,259047,133
16,small_leak,1,519,259547,36
16,small_leak,1,520,260047,110
16,small_leak,1,521,260547,110
16,small_leak,1,522,261047,74
16,small_leak,1,523,261547,233
16,small_leak,1,524,262047,362
16,small_leak,1,525,262547,118
16,small_leak,1,526,263047,26
16,small_leak,1,527,263547,0
16,small_leak,1,528,264047,57
16,small_leak,1,529,264547,2
16,small_leak,1,530,265047,0
16,small_leak,1,531,265547,53
16,small_leak,1,532,266048,72
16,small_leak,1,533,266547,168
16,small_leak,1,534,267047,108
16,small_leak,1,535,267547,31
16,small_leak,1,536,268047,0
16,small_leak,1,537,268547,85
16,small_leak,1,538,269047,373
16,small_leak,1,539,269547,127
16,small_leak,1,540,270047,92
16,small_leak,1,541,270547,299
16,small_leak,1,542,271047,237
16,small_leak,1,543,271547,180
16,small_leak,1,544,272047,207
16,small_leak,1,545,272547,217
16,small_leak,1,546,273047,242
16,small_leak,1,547,273547,173
16,small_leak,1,548,274047,329
16,small_leak,1,549,274547,187
16,small_leak,1,550,275047,233
16,small_leak,1,551,275547,139
16,small_leak,1,552,276047,142
16,small_leak,1,553,276547,92
16,small_leak,1,554,277047,211
16,small_leak,1,555,277547,71
16,small_leak,1,556,278047,7
16,small_leak,1,557,278547,0
16,small_leak,1,558,279047,145
16,small_leak,1,559,279547,107
16,small_leak,1,560,280047,134
16,small_leak,1,561,280547,115
16,small_leak,1,562,281047,239
16,small_leak,1,563,281547,201
16,small_leak,1,564,282047,277
16,small_leak,1,565,282547,357
16,small_leak,1,566,283047,331
16,small_leak,1,567,283547,338
16,small_leak,1,568,284047,165
16,small_leak,1,569,284547,301
16,small_leak,1,570,285047,347
16,small_leak,1,571,285547,121
16,small_leak,1,572,286048,51
16,small_leak,1,573,286547,56
16,small_leak,1,574,287047,105
16,small_leak,1,575,287547,131
16,small_leak,1,576,288047,187
16,small_leak,1,577,288547,149
16,small_leak,1,578,289047,111
16,small_leak,1,579,289547,179
16,small_leak,1,580,290047,103
16,small_leak,1,581,290547,63
16,small_leak,1,582,291047,95
16,small_leak,1,583,291547,153
16,small_leak,1,584,292047,297
16,small_leak,1,585,292547,211
16,small_leak,1,586,293047,153
16,small_leak,1,587,293547,175
16,small_leak,1,588,294047,133
16,small_leak,1,589,294547,71
16,small_leak,1,590,295047,112
16,small_leak,1,591,295547,71
16,small_leak,1,592,296047,123
16,small_leak,1,593,296547,93
16,small_leak,1,594,297047,181
16,small_leak,1,595,297547,127
16,small_leak,1,596,298047,91
16,small_leak,1,597,298547,228
16,small_leak,1,598,299047,213
16,small_leak,1,599,299547,287
16,small_leak,1,600,300047,103
16,small_leak,1,601,300547,189
16,small_leak,1,602,301047,72
16,small_leak,1,603,301547,185
16,small_leak,1,604,302047,203
16,small_leak,1,605,302547,212
16,small_leak,1,606,303047,197
16,small_leak,1,607,303547,69
16,small_leak,1,608,304047,6
16,small_leak,1,609,304547,136
16,small_leak,1,610,305047,151
16,small_leak,1,611,305547,125
16,small_leak,1,612,306047,377
16,small_leak,1,613,306547,226
16,small_leak,1,614,307047,249
16,small_leak,1,615,307547,105
16,small_leak,1,616,308047,142
16,small_leak,1,617,308547,59
16,small_leak,1,618,309047,1
16,small_leak,1,619,309547,106
16,small_leak,1,620,310047,88
16,small_leak,1,621,310547,120
16,small_leak,1,622,311047,147
16,small_leak,1,623,311547,166
16,small_leak,1,624,312047,139
16,small_leak,1,625,312547,163
16,small_leak,1,626,313047,356
16,small_leak,1,627,313547,197
16,small_leak,1,628,314047,240
16,small_leak,1,629,314547,214
16,small_leak,1,630,315047,119
16,small_leak,1,631,315547,89
16,small_leak,1,632,316047,231
16,small_leak,1,633,316547,246
16,small_leak,1,634,317047,185
16,small_leak,1,635,317547,173
16,small_leak,1,636,318047,93
16,small_leak,1,637,318547,14
16,small_leak,1,638,319047,17
16,small_leak,1,639,319547,231
16,small_leak,1,640,320047,229
16,small_leak,1,641,320547,231
16,small_leak,1,642,321047,133
16,small_leak,1,643,321547,29
16,small_leak,1,644,322047,243
16,small_leak,1,645,322547,188
16,small_leak,1,646,323047,255
16,small_leak,1,647,323547,338
16,small_leak,1,648,324047,213
16,small_leak,1,649,324547,181
16,small_leak,1,650,325047,237
16,small_leak,1,651,325547,235
16,small_leak,1,652,326047,218
16,small_leak,1,653,326547,181
16,small_leak,1,654,327047,217
16,small_leak,1,655,327547,183
16,small_leak,1,656,328047,198
16,small_leak,1,657,328547,171
16,small_leak,1,658,329047,139
16,small_leak,1,659,329547,105
16,small_leak,1,660,330047,197
16,small_leak,1,661,330547,132
16,small_leak,1,662,331047,265
16,small_leak,1,663,331547,299
16,small_leak,1,664,332047,189
16,small_leak,1,665,332547,181
16,small_leak,1,666,333047,101
16,small_leak,1,667,333547,140
16,small_leak,1,668,334047,135
16,small_leak,1,669,334547,125
16,small_leak,1,670,335047,145
16,small_leak,1,671,335547,111
16,small_leak,1,672,336047,91
16,small_leak,1,673,336547,109
16,small_leak,1,674,337047,74
16,small_leak,1,675,337547,70
16,small_leak,1,676,338047,72
16,small_leak,1,677,338547,61
16,small_leak,1,678,339047,73
16,small_leak,1,679,339547,9
16,small_leak,1,680,340047,10
16,small_leak,1,681,340547,0
16,small_leak,1,682,341047,0
16,small_leak,1,683,341547,0
16,small_leak,1,684,342047,0
16,small_leak,1,685,342547,168
16,small_leak,1,686,343047,215
16,small_leak,1,687,343547,111
16,small_leak,1,688,344047,274
16,small_leak,1,689,344547,251
16,small_leak,1,690,345047,197
16,small_leak,1,691,345547,183
16,small_leak,1,692,346047,168
16,small_leak,1,693,346547,137
16,small_leak,1,694,347047,200
16,small_leak,1,695,347547,281
16,small_leak,1,696,348048,367
16,small_leak,1,697,348547,342
16,small_leak,1,698,349047,371
16,small_leak,1,699,349547,264
16,small_leak,1,700,350047,314
16,small_leak,1,701,350547,234
16,small_leak,1,702,351047,237
16,small_leak,1,703,351547,229
16,small_leak,1,704,352047,270
16,small_leak,1,705,352547,331
16,small_leak,1,706,353047,265
16,small_leak,1,707,353547,151
16,small_leak,1,708,354047,169
16,small_leak,1,709,354547,167
16,small_leak,1,710,355047,153
16,small_leak,1,711,355547,117
16,small_leak,1,712,356047,174
16,small_leak,1,713,356547,73
16,small_leak,1,714,357047,103
16,small_leak,1,715,357547,292
16,small_leak,1,716,358047,105
16,small_leak,1,717,358547,56
16,small_leak,1,718,359047,3
16,small_leak,1,719,359547,0
16,small_leak,1,720,360047,0
16,small_leak,1,721,360547,0
16,small_leak,1,722,361047,0
16,small_leak,1,723,361547,0
16,small_leak,1,724,362047,91
16,small_leak,1,725,362547,30
16,small_leak,1,726,363047,56
16,small_leak,1,727,363547,125
16,small_leak,1,728,364047,115
16,small_leak,1,729,364547,160
16,small_leak,1,730,365047,201
16,small_leak,1,731,365547,221
16,small_leak,1,732,366047,328
16,small_leak,1,733,366547,415
16,small_leak,1,734,367047,543
16,small_leak,1,735,367547,366
16,small_leak,1,736,368047,391
16,small_leak,1,737,368547,264
16,small_leak,1,738,369047,185
16,small_leak,1,739,369547,151
16,small_leak,1,740,370047,228
16,small_leak,1,741,370547,174
16,small_leak,1,742,371047,93
16,small_leak,1,743,371547,31
16,small_leak,1,744,372047,37
16,small_leak,1,745,372547,85
16,small_leak,1,746,373047,70
16,small_leak,1,747,373547,31
16,small_leak,1,748,374047,87
16,small_leak,1,749,374547,223
16,small_leak,1,750,375047,70
16,small_leak,1,751,375547,23
16,small_leak,1,752,376047,201
16,small_leak,1,753,376547,83
16,small_leak,1,754,377047,157
16,small_leak,1,755,377547,41
16,small_leak,1,756,378047,23
16,small_leak,1,757,378547,103
16,small_leak,1,758,379047,190
16,small_leak,1,759,379547,139
16,small_leak,1,760,380047,117
16,small_leak,1,761,380547,149
16,small_leak,1,762,381047,85
16,small_leak,1,763,381547,12
16,small_leak,1,764,382047,7
16,small_leak,1,765,382547,33
16,small_leak,1,766,383047,86
16,small_leak,1,767,383547,12
16,small_leak,1,768,384047,0
16,small_leak,1,769,384547,0
16,small_leak,1,770,385047,55
16,small_leak,1,771,385547,39
16,small_leak,1,772,386047,141
16,small_leak,1,773,386547,123
16,small_leak,1,774,387047,29
16,small_leak,1,775,387547,253
16,small_leak,1,776,388047,121
16,small_leak,1,777,388547,122
16,small_leak,1,778,389047,27
16,small_leak,1,779,389547,79
16,small_leak,1,780,390047,174
16,small_leak,1,781,390547,63
16,small_leak,1,782,391047,162
16,small_leak,1,783,391547,41
16,small_leak,1,784,392047,0
16,small_leak,1,785,392547,0
16,small_leak,1,786,393047,0
16,small_leak,1,787,393547,0
16,small_leak,1,788,394047,0
16,small_leak,1,789,394547,0
16,small_leak,1,790,395047,0
16,small_leak,1,791,395547,0
16,small_leak,1,792,396047,0
16,small_leak,1,793,396547,219
16,small_leak,1,794,397047,77
16,small_leak,1,795,397547,9
16,small_leak,1,796,398047,0
16,small_leak,1,797,398547,186
16,small_leak,1,798,399047,53
16,small_leak,1,799,399547,0
16,small_leak,1,800,400047,101
16,small_leak,1,801,400547,381
16,small_leak,1,802,401047,293
16,small_leak,1,803,401547,103
16,small_leak,1,804,402047,57
16,small_leak,1,805,402547,62
16,small_leak,1,806,403047,240
16,small_leak,1,807,403547,226
16,small_leak,1,808,404047,93
16,small_leak,1,809,404547,69
16,small_leak,1,810,405048,9
16,small_leak,1,811,405547,26
16,small_leak,1,812,406047,350
16,small_leak,1,813,406547,115
16,small_leak,1,814,407047,105
16,small_leak,1,815,407547,274
16,small_leak,1,816,408047,183
16,small_leak,1,817,408547,316
16,small_leak,1,818,409047,267
16,small_leak,1,819,409547,211
16,small_leak,1,820,410047,343
16,small_leak,1,821,410547,363
16,small_leak,1,822,411047,326
16,small_leak,1,823,411547,287
16,small_leak,1,824,412047,246
16,small_leak,1,825,412547,199
16,small_leak,1,826,413047,85
16,small_leak,1,827,413547,62
16,small_leak,1,828,414047,167
16,small_leak,1,829,414547,102
16,small_leak,1,830,415047,91
16,small_leak,1,831,415547,17
16,small_leak,1,832,416047,18
16,small_leak,1,833,416547,0
16,small_leak,1,834,417047,11
16,small_leak,1,835,417547,18
16,small_leak,1,836,418047,46
16,small_leak,1,837,418547,9
16,small_leak,1,838,419047,59
16,small_leak,1,839,419547,178
16,small_leak,1,840,420047,63
16,small_leak,1,841,420547,5
16,small_leak,1,842,421047,208
16,small_leak,1,843,421547,494
16,small_leak,1,844,422047,165
16,small_leak,1,845,422547,82
16,small_leak,1,846,423047,229
16,small_leak,1,847,423547,219
16,small_leak,1,848,424047,185
16,small_leak,1,849,424547,431
16,small_leak,1,850,425048,440
16,small_leak,1,851,425547,156
16,small_leak,1,852,426047,407
16,small_leak,1,853,426547,271
16,small_leak,1,854,427047,293
16,small_leak,1,855,427547,264
16,small_leak,1,856,428047,187
16,small_leak,1,857,428547,303
16,small_leak,1,858,429047,120
16,small_leak,1,859,429547,165
16,small_leak,1,860,430047,170
16,small_leak,1,861,430547,46
16,small_leak,1,862,431047,467
16,small_leak,1,863,431547,203
16,small_leak,1,864,432047,263
16,small_leak,1,865,432547,221
16,small_leak,1,866,433047,69
16,small_leak,1,867,433547,157
16,small_leak,1,868,434047,105
16,small_leak,1,869,434547,217
16,small_leak,1,870,435047,167
16,small_leak,1,871,435547,240
16,small_leak,1,872,436047,281
16,small_leak,1,873,436547,265
16,small_leak,1,874,437047,185
16,small_leak,1,875,437547,231
16,small_leak,1,876,438047,403
16,small_leak,1,877,438547,229
16,small_leak,1,878,439047,291
16,small_leak,1,879,439547,311
16,small_leak,1,880,440047,115
16,small_leak,1,881,440547,201
16,small_leak,1,882,441047,262
16,small_leak,1,883,441547,203
16,small_leak,1,884,442048,119
16,small_leak,1,885,442547,83
16,small_leak,1,886,443047,73
16,small_leak,1,887,443547,120
16,small_leak,1,888,444047,265
16,small_leak,1,889,444547,435
16,small_leak,1,890,445048,413
16,small_leak,1,891,445547,313
16,small_leak,1,892,446047,116
16,small_leak,1,893,446547,137
16,small_leak,1,894,447047,53
16,small_leak,1,895,447547,0
16,small_leak,1,896,448047,0
16,small_leak,1,897,448547,269
16,small_leak,1,898,449047,226
16,small_leak,1,899,449547,267
16,small_leak,1,900,450047,460
16,small_leak,1,901,450547,157
16,small_leak,1,902,451047,137
16,small_leak,1,903,451547,548
16,small_leak,1,904,452047,232
16,small_leak,1,905,452547,297
16,small_leak,1,906,453047,201
16,small_leak,1,907,453547,271
16,small_leak,1,908,454047,103
16,small_leak,1,909,454547,109
16,small_leak,1,910,455047,22
16,small_leak,1,911,455547,0
16,small_leak,1,912,456047,255
16,small_leak,1,913,456547,463
16,small_leak,1,914,457047,409
16,small_leak,1,915,457547,239
16,small_leak,1,916,458047,213
16,small_leak,1,917,458547,155
16,small_leak,1,918,459047,51
16,small_leak,1,919,459547,136
16,small_leak,1,920,460047,109
16,small_leak,1,921,460547,25
16,small_leak,1,922,461047,73
16,small_leak,1,923,461547,156
16,small_leak,1,924,462047,45
16,small_leak,1,925,462547,13
16,small_leak,1,926,463047,0
16,small_leak,1,927,463547,115
16,small_leak,1,928,464048,205
16,small_leak,1,929,464547,59
16,small_leak,1,930,465047,3
16,small_leak,1,931,465547,0
16,small_leak,1,932,466047,9
16,small_leak,1,933,466547,105
16,small_leak,1,934,467047,228
16,small_leak,1,935,467547,251
16,small_leak,1,936,468047,78
16,small_leak,1,937,468547,173
16,small_leak,1,938,469047,166
16,small_leak,1,939,469547,213
16,small_leak,1,940,470047,299
16,small_leak,1,941,470547,524
16,small_leak,1,942,471047,201
16,small_leak,1,943,471547,213
16,small_leak,1,944,472047,504
16,small_leak,1,945,472547,276
16,small_leak,1,946,473047,295
16,small_leak,1,947,473547,294
16,small_leak,1,948,474047,239
16,small_leak,1,949,474547,198
16,small_leak,1,950,475047,108
16,small_leak,1,951,475547,347
16,small_leak,1,952,476047,505
16,small_leak,1,953,476547,685
16,small_leak,1,954,477047,400
16,small_leak,1,955,477547,313
16,small_leak,1,956,478047,518
16,small_leak,1,957,478547,231
16,small_leak,1,958,479047,99
16,small_leak,1,959,479547,115
16,small_leak,1,960,480047,107
16,small_leak,1,961,480547,327
16,small_leak,1,962,481047,141
16,small_leak,1,963,481547,55
16,small_leak,1,964,482047,72
16,small_leak,1,965,482547,7
16,small_leak,1,966,483047,0
16,small_leak,1,967,483547,146
16,small_leak,1,968,484047,37
16,small_leak,1,969,484547,0
16,small_leak,1,970,485047,52
16,small_leak,1,971,485547,35
16,small_leak,1,972,486047,0
16,small_leak,1,973,486547,92
16,small_leak,1,974,487047,255
16,small_leak,1,975,487547,309
16,small_leak,1,976,488047,229
16,small_leak,1,977,488547,204
16,small_leak,1,978,489047,200
16,small_leak,1,979,489547,191
16,small_leak,1,980,490047,254
16,small_leak,1,981,490547,181
16,small_leak,1,982,491047,82
16,small_leak,1,983,491547,41
16,small_leak,1,984,492047,78
16,small_leak,1,985,492547,141
16,small_leak,1,986,493047,181
16,small_leak,1,987,493547,179
16,small_leak,1,988,494047,91
16,small_leak,1,989,494547,269
16,small_leak,1,990,495047,245
16,small_leak,1,991,495547,146
16,small_leak,1,992,496047,397
16,small_leak,1,993,496547,250
16,small_leak,1,994,497047,191
16,small_leak,1,995,497547,311
16,small_leak,1,996,498047,175
16,small_leak,1,997,498547,183
16,small_leak,1,998,499047,270
16,small_leak,1,999,499547,306
16,small_leak,1,1000,500047,99
16,small_leak,1,1001,500547,266
16,small_leak,1,1002,501047,308
16,small_leak,1,1003,501547,170
16,small_leak,1,1004,502047,117
16,small_leak,1,1005,502547,169
16,small_leak,1,1006,503047,155
16,small_leak,1,1007,503547,55
16,small_leak,1,1008,504047,63
16,small_leak,1,1009,504547,107
16,small_leak,1,1010,505047,23
16,small_leak,1,1011,505547,57
16,small_leak,1,1012,506047,9
16,small_leak,1,1013,506547,0
16,small_leak,1,1014,507047,0
16,small_leak,1,1015,507547,0
16,small_leak,1,1016,508047,283
16,small_leak,1,1017,508547,470
16,small_leak,1,1018,509047,155
16,small_leak,1,1019,509547,293
16,small_leak,1,1020,510047,285
16,small_leak,1,1021,510547,357
16,small_leak,1,1022,511047,312
16,small_leak,1,1023,511547,261
16,small_leak,1,1024,512047,409
16,small_leak,1,1025,512547,278
16,small_leak,1,1026,513047,436
16,small_leak,1,1027,513547,237
16,small_leak,1,1028,514047,199
16,small_leak,1,1029,514547,155
16,small_leak,1,1030,515047,83
16,small_leak,1,1031,515547,61
16,small_leak,1,1032,516047,275
16,small_leak,1,1033,516547,149
16,small_leak,1,1034,517048,287
16,small_leak,1,1035,517547,265
16,small_leak,1,1036,518047,231
16,small_leak,1,1037,518547,210
16,small_leak,1,1038,519047,105
16,small_leak,1,1039,519547,103
16,small_leak,1,1040,520047,119
16,small_leak,1,1041,520547,39
16,small_leak,1,1042,521047,45
16,small_leak,1,1043,521547,0
16,small_leak,1,1044,522047,0
16,small_leak,1,1045,522547,9
16,small_leak,1,1046,523047,55
16,small_leak,1,1047,523547,157
16,small_leak,1,1048,524047,191
16,small_leak,1,1049,524547,46
16,small_leak,1,1050,525047,133
16,small_leak,1,1051,525547,29
16,small_leak,1,1052,526047,9
16,small_leak,1,1053,526547,440
16,small_leak,1,1054,527047,461
16,small_leak,1,1055,527547,556
16,small_leak,1,1056,528047,489
16,small_leak,1,1057,528547,360
16,small_leak,1,1058,529047,359
16,small_leak,1,1059,529547,281
16,small_leak,1,1060,530047,364
16,small_leak,1,1061,530547,245
16,small_leak,1,1062,531047,245
16,small_leak,1,1063,531547,300
16,small_leak,1,1064,532047,343
16,small_leak,1,1065,532547,140
16,small_leak,1,1066,533047,87
16,small_leak,1,1067,533547,150
16,small_leak,1,1068,534047,39
16,small_leak,1,1069,534547,25
16,small_leak,1,1070,535047,120
16,small_leak,1,1071,535547,29
16,small_leak,1,1072,536047,77
16,small_leak,1,1073,536547,154
16,small_leak,1,1074,537047,41
16,small_leak,1,1075,537547,0
16,small_leak,1,1076,538047,4
16,small_leak,1,1077,538547,105
16,small_leak,1,1078,539047,73
16,small_leak,1,1079,539547,191
16,small_leak,1,1080,540047,111
16,small_leak,1,1081,540547,89
16,small_leak,1,1082,541047,191
16,small_leak,1,1083,541547,263
16,small_leak,1,1084,542047,263
16,small_leak,1,1085,542547,211
16,small_leak,1,1086,543047,237
16,small_leak,1,1087,543547,186
16,small_leak,1,1088,544047,79
16,small_leak,1,1089,544547,166
16,small_leak,1,1090,545047,309
16,small_leak,1,1091,545547,249
16,small_leak,1,1092,546047,227
16,small_leak,1,1093,546547,237
16,small_leak,1,1094,547047,191
16,small_leak,1,1095,547547,176
16,small_leak,1,1096,548047,134
16,small_leak,1,1097,548547,281
16,small_leak,1,1098,549047,151
16,small_leak,1,1099,549547,231
16,small_leak,1,1100,550047,214
16,small_leak,1,1101,550547,231
16,small_leak,1,1102,551047,155
16,small_leak,1,1103,551547,143
16,small_leak,1,1104,552047,69
16,small_leak,1,1105,552547,87
16,small_leak,1,1106,553047,23
16,small_leak,1,1107,553547,0
16,small_leak,1,1108,554047,107
16,small_leak,1,1109,554547,89
16,small_leak,1,1110,555047,45
16,small_leak,1,1111,555547,2
16,small_leak,1,1112,556047,5
16,small_leak,1,1113,556547,274
16,small_leak,1,1114,557047,219
16,small_leak,1,1115,557547,144
16,small_leak,1,1116,558047,77
16,small_leak,1,1117,558547,102
16,small_leak,1,1118,559047,111
16,small_leak,1,1119,559547,137
16,small_leak,1,1120,560047,181
16,small_leak,1,1121,560547,151
16,small_leak,1,1122,561047,287
16,small_leak,1,1123,561547,279
16,small_leak,1,1124,562048,137
16,small_leak,1,1125,562547,91
16,small_leak,1,1126,563047,94
16,small_leak,1,1127,563547,171
16,small_leak,1,1128,564047,160
16,small_leak,1,1129,564547,139
16,small_leak,1,1130,565047,199
16,small_leak,1,1131,565547,155
16,small_leak,1,1132,566047,411
16,small_leak,1,1133,566547,467
16,small_leak,1,1134,567047,349
16,small_leak,1,1135,567547,109
16,small_leak,1,1136,568047,47
16,small_leak,1,1137,568547,11
16,small_leak,1,1138,569047,0
16,small_leak,1,1139,569547,0
16,small_leak,1,1140,570047,0
16,small_leak,1,1141,570547,181
16,small_leak,1,1142,571047,145
16,small_leak,1,1143,571547,89
16,small_leak,1,1144,572047,137
16,small_leak,1,1145,572547,147
16,small_leak,1,1146,573047,37
16,small_leak,1,1147,573547,6
16,small_leak,1,1148,574047,75
16,small_leak,1,1149,574547,109
16,small_leak,1,1150,575047,23
16,small_leak,1,1151,575547,1
16,small_leak,1,1152,576047,315
16,small_leak,1,1153,576547,122
16,small_leak,1,1154,577047,107
16,small_leak,1,1155,577547,21
16,small_leak,1,1156,578047,115
16,small_leak,1,1157,578547,287
16,small_leak,1,1158,579047,153
16,small_leak,1,1159,579547,229
16,small_leak,1,1160,580047,477
16,small_leak,1,1161,580547,319
16,small_leak,1,1162,581047,610
16,small_leak,1,1163,581547,371
16,small_leak,1,1164,582047,535
16,small_leak,1,1165,582547,523
16,small_leak,1,1166,583047,453
16,small_leak,1,1167,583547,406
16,small_leak,1,1168,584047,203
16,small_leak,1,1169,584547,191
16,small_leak,1,1170,585047,239
16,small_leak,1,1171,585547,277
16,small_leak,1,1172,586047,165
16,small_leak,1,1173,586547,67
16,small_leak,1,1174,587047,29
16,small_leak,1,1175,587547,10
16,small_leak,1,1176,588047,0
16,small_leak,1,1177,588547,0
16,small_leak,1,1178,589047,61
16,small_leak,1,1179,589547,13
16,small_leak,1,1180,590047,0
16,small_leak,1,1181,590547,0
16,small_leak,1,1182,591047,29
16,small_leak,1,1183,591547,29
16,small_leak,1,1184,592047,0
16,small_leak,1,1185,592547,328
16,small_leak,1,1186,593047,379
16,small_leak,1,1187,593547,173
16,small_leak,1,1188,594047,105
16,small_leak,1,1189,594547,20
16,small_leak,1,1190,595047,121
16,small_leak,1,1191,595547,307
16,small_leak,1,1192,596047,619
16,small_leak,1,1193,596547,797
16,small_leak,1,1194,597047,432
16,small_leak,1,1195,597547,403
16,small_leak,1,1196,598047,285
16,small_leak,1,1197,598547,359
16,small_leak,1,1198,599047,362
16,small_leak,1,1199,599547,405
16,small_leak,1,1200,600047,307
16,small_leak,1,1201,600547,338
16,small_leak,1,1202,601047,223
16,small_leak,1,1203,601547,338
16,small_leak,1,1204,602047,124
16,small_leak,1,1205,602547,127
16,small_leak,1,1206,603047,30
16,small_leak,1,1207,603547,0
16,small_leak,1,1208,604047,0
16,small_leak,1,1209,604547,19
16,small_leak,1,1210,605047,51
16,small_leak,1,1211,605547,105
16,small_leak,1,1212,606047,48
16,small_leak,1,1213,606547,165
16,small_leak,1,1214,607047,158
16,small_leak,1,1215,607547,46
16,small_leak,1,1216,608047,1
16,small_leak,1,1217,608547,163
16,small_leak,1,1218,609047,301
16,small_leak,1,1219,609547,328
16,small_leak,1,1220,610047,127
16,small_leak,1,1221,610547,115
16,small_leak,1,1222,611047,159
16,small_leak,1,1223,611547,43
16,small_leak,1,1224,612047,317
16,small_leak,1,1225,612547,103
16,small_leak,1,1226,613047,165
16,small_leak,1,1227,613547,239
16,small_leak,1,1228,614047,85
16,small_leak,1,1229,614547,10
16,small_leak,1,1230,615047,266
16,small_leak,1,1231,615547,143
16,small_leak,1,1232,616047,41
16,small_leak,1,1233,616547,327
16,small_leak,1,1234,617047,141
16,small_leak,1,1235,617547,33
16,small_leak,1,1236,618047,0
16,small_leak,1,1237,618547,0
16,small_leak,1,1238,619047,0
16,small_leak,1,1239,619547,197
16,small_leak,1,1240,620047,57
16,small_leak,1,1241,620547,1
16,small_leak,1,1242,621047,0
16,small_leak,1,1243,621547,220
16,small_leak,1,1244,622047,205
16,small_leak,1,1245,622547,275
16,small_leak,1,1246,623047,207
16,small_leak,1,1247,623547,243
16,small_leak,1,1248,624048,211
16,small_leak,1,1249,624547,413
16,small_leak,1,1250,625047,445
16,small_leak,1,1251,625547,611
16,small_leak,1,1252,626047,315
16,small_leak,1,1253,626547,437
16,small_leak,1,1254,627047,452
16,small_leak,1,1255,627547,509
16,small_leak,1,1256,628047,253
16,small_leak,1,1257,628547,217
16,small_leak,1,1258,629047,213
16,small_leak,1,1259,629547,189
16,small_leak,1,1260,630047,237
16,small_leak,1,1261,630547,211
16,small_leak,1,1262,631047,215
16,small_leak,1,1263,631547,270
16,small_leak,1,1264,632047,181
16,small_leak,1,1265,632547,179
16,small_leak,1,1266,633047,205
16,small_leak,1,1267,633547,251
16,small_leak,1,1268,634047,159
16,small_leak,1,1269,634547,43
16,small_leak,1,1270,635047,139
16,small_leak,1,1271,635547,115
16,small_leak,1,1272,636047,182
16,small_leak,1,1273,636547,127
16,small_leak,1,1274,637047,135
16,small_leak,1,1275,637547,151
16,small_leak,1,1276,638047,104
16,small_leak,1,1277,638547,21
16,small_leak,1,1278,639047,63
16,small_leak,1,1279,639547,165
16,small_leak,1,1280,640047,189
16,small_leak,1,1281,640547,235
16,small_leak,1,1282,641047,82
16,small_leak,1,1283,641547,37
16,small_leak,1,1284,642047,100
16,small_leak,1,1285,642547,207
16,small_leak,1,1286,643047,59
16,small_leak,1,1287,643547,117
16,small_leak,1,1288,644047,26
16,small_leak,1,1289,644547,1
16,small_leak,1,1290,645047,0
16,small_leak,1,1291,645547,22
16,small_leak,1,1292,646047,92
16,small_leak,1,1293,646547,55
16,small_leak,1,1294,647047,141
16,small_leak,1,1295,647547,91
16,small_leak,1,1296,648047,173
16,small_leak,1,1297,648547,90
16,small_leak,1,1298,649047,153
16,small_leak,1,1299,649547,82
16,small_leak,1,1300,650047,9
16,small_leak,1,1301,650547,39
16,small_leak,1,1302,651047,0
16,small_leak,1,1303,651547,71
16,small_leak,1,1304,652047,38
16,small_leak,1,1305,652547,109
16,small_leak,1,1306,653047,116
16,small_leak,1,1307,653547,468
16,small_leak,1,1308,654047,185
16,small_leak,1,1309,654547,111
16,small_leak,1,1310,655047,23
16,small_leak,1,1311,655547,11
16,small_leak,1,1312,656047,0
16,small_leak,1,1313,656547,7
16,small_leak,1,1314,657047,67
16,small_leak,1,1315,657547,156
16,small_leak,1,1316,658047,73
16,small_leak,1,1317,658547,201
16,small_leak,1,1318,659047,243
16,small_leak,1,1319,659547,119
16,small_leak,1,1320,660047,197
16,small_leak,1,1321,660547,68
16,small_leak,1,1322,661047,301
16,small_leak,1,1323,661547,117
16,small_leak,1,1324,662047,335
16,small_leak,1,1325,662547,107
16,small_leak,1,1326,663047,107
16,small_leak,1,1327,663547,91
16,small_leak,1,1328,664047,199
16,small_leak,1,1329,664547,159
16,small_leak,1,1330,665047,159
16,small_leak,1,1331,665547,147
16,small_leak,1,1332,666047,235
16,small_leak,1,1333,666547,292
16,small_leak,1,1334,667047,93
16,small_leak,1,1335,667547,67
16,small_leak,1,1336,668047,180
16,small_leak,1,1337,668547,103
16,small_leak,1,1338,669047,21
16,small_leak,1,1339,669547,0
16,small_leak,1,1340,670047,105
16,small_leak,1,1341,670547,217
16,small_leak,1,1342,671047,171
16,small_leak,1,1343,671547,308
16,small_leak,1,1344,672047,570
16,small_leak,1,1345,672547,333
16,small_leak,1,1346,673047,191
16,small_leak,1,1347,673547,227
16,small_leak,1,1348,674047,304
16,small_leak,1,1349,674547,226
16,small_leak,1,1350,675047,174
16,small_leak,1,1351,675547,93
16,small_leak,1,1352,676047,255
16,small_leak,1,1353,676547,83
16,small_leak,1,1354,677047,168
16,small_leak,1,1355,677547,45
16,small_leak,1,1356,678047,282
16,small_leak,1,1357,678547,105
16,small_leak,1,1358,679047,211
16,small_leak,1,1359,679547,245
16,small_leak,1,1360,680047,89
16,small_leak,1,1361,680547,119
16,small_leak,1,1362,681047,169
16,small_leak,1,1363,681547,56
16,small_leak,1,1364,682047,116
16,small_leak,1,1365,682547,22
16,small_leak,1,1366,683047,9
16,small_leak,1,1367,683547,7
16,small_leak,1,1368,684047,0
16,small_leak,1,1369,684547,0
16,small_leak,1,1370,685047,0
16,small_leak,1,1371,685547,0
16,small_leak,1,1372,686047,0
16,small_leak,1,1373,686547,57
16,small_leak,1,1374,687047,106
16,small_leak,1,1375,687547,118
16,small_leak,1,1376,688047,141
16,small_leak,1,1377,688547,117
16,small_leak,1,1378,689047,459
16,small_leak,1,1379,689547,218
16,small_leak,1,1380,690047,406
16,small_leak,1,1381,690547,357
16,small_leak,1,1382,691047,297
16,small_leak,1,1383,691547,213
16,small_leak,1,1384,692047,75
16,small_leak,1,1385,692547,217
16,small_leak,1,1386,693047,288
16,small_leak,1,1387,693547,94
16,small_leak,1,1388,694047,135
16,small_leak,1,1389,694547,248
16,small_leak,1,1390,695047,343
16,small_leak,1,1391,695547,207
16,small_leak,1,1392,696047,124
16,small_leak,1,1393,696547,125
16,small_leak,1,1394,697047,67
16,small_leak,1,1395,697547,133
16,small_leak,1,1396,698047,283
16,small_leak,1,1397,698547,477
16,small_leak,1,1398,699047,469
16,small_leak,1,1399,699547,228
16,small_leak,1,1400,700047,459
16,small_leak,1,1401,700547,445
16,small_leak,1,1402,701047,253
16,small_leak,1,1403,701547,327
16,small_leak,1,1404,702047,348
16,small_leak,1,1405,702547,271
16,small_leak,1,1406,703047,299
16,small_leak,1,1407,703547,370
16,small_leak,1,1408,704047,287
16,small_leak,1,1409,704547,229
16,small_leak,1,1410,705047,255
16,small_leak,1,1411,705547,87
16,small_leak,1,1412,706047,25
16,small_leak,1,1413,706547,41
16,small_leak,1,1414,707047,0
16,small_leak,1,1415,707547,0
16,small_leak,1,1416,708047,141
16,small_leak,1,1417,708547,229
16,small_leak,1,1418,709048,149
16,small_leak,1,1419,709547,137
16,small_leak,1,1420,710048,328
16,small_leak,1,1421,710547,251
16,small_leak,1,1422,711047,155
16,small_leak,1,1423,711547,47
16,small_leak,1,1424,712047,57
16,small_leak,1,1425,712547,218
16,small_leak,1,1426,713047,136
16,small_leak,1,1427,713547,459
16,small_leak,1,1428,714047,274
16,small_leak,1,1429,714547,295
16,small_leak,1,1430,715047,270
16,small_leak,1,1431,715547,220
16,small_leak,1,1432,716047,221
16,small_leak,1,1433,716547,363
16,small_leak,1,1434,717048,187
16,small_leak,1,1435,717547,137
16,small_leak,1,1436,718047,140
16,small_leak,1,1437,718547,68
16,small_leak,1,1438,719047,69
16,small_leak,1,1439,719547,58
16,small_leak,1,1440,720047,95
16,small_leak,1,1441,720547,92
16,small_leak,1,1442,721047,51
16,small_leak,1,1443,721547,0
16,small_leak,1,1444,722047,0
16,small_leak,1,1445,722547,72
16,small_leak,1,1446,723047,297
16,small_leak,1,1447,723547,443
16,small_leak,1,1448,724047,267
16,small_leak,1,1449,724547,207
16,small_leak,1,1450,725047,171
16,small_leak,1,1451,725547,237
16,small_leak,1,1452,726047,185
16,small_leak,1,1453,726547,277
16,small_leak,1,1454,727047,311
16,small_leak,1,1455,727547,125
16,small_leak,1,1456,728047,89
16,small_leak,1,1457,728547,16
16,small_leak,1,1458,729047,0
16,small_leak,1,1459,729547,0
16,small_leak,1,1460,730047,0
16,small_leak,1,1461,730547,43
16,small_leak,1,1462,731047,109
16,small_leak,1,1463,731547,150
16,small_leak,1,1464,732047,39
16,small_leak,1,1465,732547,5
16,small_leak,1,1466,733047,150
16,small_leak,1,1467,733547,207
16,small_leak,1,1468,734047,202
16,small_leak,1,1469,734547,150
16,small_leak,1,1470,735047,152
16,small_leak,1,1471,735547,243
16,small_leak,1,1472,736047,95
16,small_leak,1,1473,736547,189
16,small_leak,1,1474,737047,149
16,small_leak,1,1475,737547,134
16,small_leak,1,1476,738047,142
16,small_leak,1,1477,738547,183
16,small_leak,1,1478,739047,99
16,small_leak,1,1479,739547,43
16,small_leak,1,1480,740047,0
16,small_leak,1,1481,740547,1
16,small_leak,1,1482,741047,182
16,small_leak,1,1483,741547,169
16,small_leak,1,1484,742047,297
16,small_leak,1,1485,742547,357
16,small_leak,1,1486,743047,299
16,small_leak,1,1487,743547,349
16,small_leak,1,1488,744047,196
16,small_leak,1,1489,744547,109
16,small_leak,1,1490,745047,75
16,small_leak,1,1491,745547,11
16,small_leak,1,1492,746047,37
16,small_leak,1,1493,746547,59
16,small_leak,1,1494,747047,109
16,small_leak,1,1495,747547,253
16,small_leak,1,1496,748047,84
16,small_leak,1,1497,748547,10
16,small_leak,1,1498,749047,159
16,small_leak,1,1499,749547,99
16,small_leak,1,1500,750047,19
16,small_leak,1,1501,750547,0
16,small_leak,1,1502,751047,75
16,small_leak,1,1503,751547,8
16,small_leak,1,1504,752047,0
16,small_leak,1,1505,752547,139
16,small_leak,1,1506,753047,229
16,small_leak,1,1507,753547,77
16,small_leak,1,1508,754047,38
16,small_leak,1,1509,754547,211
16,small_leak,1,1510,755047,187
16,small_leak,1,1511,755547,243
16,small_leak,1,1512,756047,175
16,small_leak,1,1513,756547,205
16,small_leak,1,1514,757047,166
16,small_leak,1,1515,757547,176
16,small_leak,1,1516,758047,283
16,small_leak,1,1517,758547,205
16,small_leak,1,1518,759047,213
16,small_leak,1,1519,759547,238
16,small_leak,1,1520,760047,165
16,small_leak,1,1521,760547,125
16,small_leak,1,1522,761048,99
16,small_leak,1,1523,761547,19
16,small_leak,1,1524,762047,189
16,small_leak,1,1525,762547,69
16,small_leak,1,1526,763047,5
16,small_leak,1,1527,763547,71
16,small_leak,1,1528,764047,112
16,small_leak,1,1529,764547,102
16,small_leak,1,1530,765047,73
16,small_leak,1,1531,765547,146
16,small_leak,1,1532,766047,263
16,small_leak,1,1533,766547,254
16,small_leak,1,1534,767047,197
16,small_leak,1,1535,767547,210
16,small_leak,1,1536,768047,408
16,small_leak,1,1537,768547,190
16,small_leak,1,1538,769047,293
16,small_leak,1,1539,769547,141
16,small_leak,1,1540,770047,215
16,small_leak,1,1541,770547,302
16,small_leak,1,1542,771047,126
16,small_leak,1,1543,771547,27
16,small_leak,1,1544,772047,163
16,small_leak,1,1545,772547,307
16,small_leak,1,1546,773047,101
16,small_leak,1,1547,773547,89
16,small_leak,1,1548,774047,146
16,small_leak,1,1549,774547,236
16,small_leak,1,1550,775047,249
16,small_leak,1,1551,775547,153
16,small_leak,1,1552,776047,283
16,small_leak,1,1553,776547,254
16,small_leak,1,1554,777047,217
16,small_leak,1,1555,777547,159
16,small_leak,1,1556,778047,247
16,small_leak,1,1557,778547,263
16,small_leak,1,1558,779047,165
16,small_leak,1,1559,779547,93
16,small_leak,1,1560,780047,75
16,small_leak,1,1561,780547,41
16,small_leak,1,1562,781047,0
16,small_leak,1,1563,781547,14
16,small_leak,1,1564,782047,115
16,small_leak,1,1565,782547,24
16,small_leak,1,1566,783047,167
16,small_leak,1,1567,783547,157
16,small_leak,1,1568,784048,165
16,small_leak,1,1569,784547,103
16,small_leak,1,1570,785047,127
16,small_leak,1,1571,785547,39
16,small_leak,1,1572,786047,99
16,small_leak,1,1573,786547,45
16,small_leak,1,1574,787047,31
16,small_leak,1,1575,787547,35
16,small_leak,1,1576,788047,0
16,small_leak,1,1577,788547,11
16,small_leak,1,1578,789047,146
16,small_leak,1,1579,789547,72
16,small_leak,1,1580,790047,179
16,small_leak,1,1581,790547,123
16,small_leak,1,1582,791047,109
16,small_leak,1,1583,791547,201
16,small_leak,1,1584,792047,221
16,small_leak,1,1585,792547,229
16,small_leak,1,1586,793047,211
16,small_leak,1,1587,793547,218
16,small_leak,1,1588,794047,185
16,small_leak,1,1589,794547,78
16,small_leak,1,1590,795047,11
16,small_leak,1,1591,795547,0
16,small_leak,1,1592,796047,99
16,small_leak,1,1593,796547,120
16,small_leak,1,1594,797047,137
16,small_leak,1,1595,797547,39
16,small_leak,1,1596,798047,99
16,small_leak,1,1597,798547,240
16,small_leak,1,1598,799047,79
16,small_leak,1,1599,799547,125
16,small_leak,1,1600,800047,207
16,small_leak,1,1601,800547,232
16,small_leak,1,1602,801047,200
16,small_leak,1,1603,801547,149
16,small_leak,1,1604,802047,183
16,small_leak,1,1605,802547,296
16,small_leak,1,1606,803047,143
16,small_leak,1,1607,803547,144
16,small_leak,1,1608,804047,182
16,small_leak,1,1609,804547,63
16,small_leak,1,1610,805047,7
16,small_leak,1,1611,805547,23
16,small_leak,1,1612,806047,103
16,small_leak,1,1613,806547,119
16,small_leak,1,1614,807047,155
16,small_leak,1,1615,807547,45
16,small_leak,1,1616,808047,121
16,small_leak,1,1617,808547,133
16,small_leak,1,1618,809047,363
16,small_leak,1,1619,809547,309
16,small_leak,1,1620,810047,359
16,small_leak,1,1621,810547,455
16,small_leak,1,1622,811047,383
16,small_leak,1,1623,811547,303
16,small_leak,1,1624,812047,251
16,small_leak,1,1625,812547,218
16,small_leak,1,1626,813047,279
16,small_leak,1,1627,813547,343
16,small_leak,1,1628,814047,245
16,small_leak,1,1629,814547,301
16,small_leak,1,1630,815047,266
16,small_leak,1,1631,815547,97
16,small_leak,1,1632,816047,91
16,small_leak,1,1633,816547,153
16,small_leak,1,1634,817047,229
16,small_leak,1,1635,817547,248
16,small_leak,1,1636,818047,173
16,small_leak,1,1637,818547,140
16,small_leak,1,1638,819047,139
16,small_leak,1,1639,819547,239
16,small_leak,1,1640,820047,136
16,small_leak,1,1641,820547,207
16,small_leak,1,1642,821047,171
16,small_leak,1,1643,821547,261
16,small_leak,1,1644,822047,83
16,small_leak,1,1645,822547,139
16,small_leak,1,1646,823047,126
16,small_leak,1,1647,823547,151
16,small_leak,1,1648,824047,115
16,small_leak,1,1649,824547,125
16,small_leak,1,1650,825047,101
16,small_leak,1,1651,825547,206
16,small_leak,1,1652,826047,94
16,small_leak,1,1653,826547,55
16,small_leak,1,1654,827047,185
16,small_leak,1,1655,827547,165
16,small_leak,1,1656,828047,262
16,small_leak,1,1657,828547,308
16,small_leak,1,1658,829047,267
16,small_leak,1,1659,829547,95
16,small_leak,1,1660,830047,159
16,small_leak,1,1661,830547,111
16,small_leak,1,1662,831047,109
16,small_leak,1,1663,831547,237
16,small_leak,1,1664,832047,217
16,small_leak,1,1665,832547,183
16,small_leak,1,1666,833047,57
16,small_leak,1,1667,833547,22
16,small_leak,1,1668,834047,165
16,small_leak,1,1669,834547,119
16,small_leak,1,1670,835047,27
16,small_leak,1,1671,835547,31
16,small_leak,1,1672,836047,9
16,small_leak,1,1673,836547,20
16,small_leak,1,1674,837047,0
16,small_leak,1,1675,837547,0
16,small_leak,1,1676,838047,0
16,small_leak,1,1677,838547,143
16,small_leak,1,1678,839047,125
16,small_leak,1,1679,839547,152
16,small_leak,1,1680,840047,197
16,small_leak,1,1681,840547,251
16,small_leak,1,1682,841047,243
16,small_leak,1,1683,841547,312
16,small_leak,1,1684,842047,215
16,small_leak,1,1685,842547,251
16,small_leak,1,1686,843047,111
16,small_leak,1,1687,843547,55
16,small_leak,1,1688,844047,54
16,small_leak,1,1689,844547,69
16,small_leak,1,1690,845047,30
16,small_leak,1,1691,845547,0
16,small_leak,1,1692,846047,0
16,small_leak,1,1693,846547,0
16,small_leak,1,1694,847047,163
16,small_leak,1,1695,847547,43
16,small_leak,1,1696,848047,112
16,small_leak,1,1697,848547,147
16,small_leak,1,1698,849047,77
16,small_leak,1,1699,849547,70
16,small_leak,1,1700,850047,123
16,small_leak,1,1701,850547,27
16,small_leak,1,1702,851047,0
16,small_leak,1,1703,851547,0
16,small_leak,1,1704,852047,38
16,small_leak,1,1705,852547,172
16,small_leak,1,1706,853047,237
16,small_leak,1,1707,853547,169
16,small_leak,1,1708,854047,187
16,small_leak,1,1709,854547,182
16,small_leak,1,1710,855047,204
16,small_leak,1,1711,855547,253
16,small_leak,1,1712,856047,249
16,small_leak,1,1713,856547,248
16,small_leak,1,1714,857047,344
16,small_leak,1,1715,857547,254
16,small_leak,1,1716,858047,91
16,small_leak,1,1717,858547,16
16,small_leak,1,1718,859047,91
16,small_leak,1,1719,859547,361
16,small_leak,1,1720,860047,237
16,small_leak,1,1721,860547,143
16,small_leak,1,1722,861047,107
16,small_leak,1,1723,861547,27
16,small_leak,1,1724,862047,0
16,small_leak,1,1725,862547,191
16,small_leak,1,1726,863047,205
16,small_leak,1,1727,863547,153
16,small_leak,1,1728,864047,191
16,small_leak,1,1729,864547,73
16,small_leak,1,1730,865047,0
16,small_leak,1,1731,865547,233
16,small_leak,1,1732,866047,255
16,small_leak,1,1733,866547,473
16,small_leak,1,1734,867047,301
16,small_leak,1,1735,867547,107
16,small_leak,1,1736,868047,223
16,small_leak,1,1737,868547,137
16,small_leak,1,1738,869047,175
16,small_leak,1,1739,869547,105
16,small_leak,1,1740,870047,95
16,small_leak,1,1741,870547,89
16,small_leak,1,1742,871047,12
16,small_leak,1,1743,871547,156
16,small_leak,1,1744,872047,108
16,small_leak,1,1745,872547,209
16,small_leak,1,1746,873047,71
16,small_leak,1,1747,873547,53
16,small_leak,1,1748,874047,231
16,small_leak,1,1749,874547,187
16,small_leak,1,1750,875047,54
16,small_leak,1,1751,875547,333
16,small_leak,1,1752,876047,291
16,small_leak,1,1753,876547,287
16,small_leak,1,1754,877047,415
16,small_leak,1,1755,877547,203
16,small_leak,1,1756,878047,363
16,small_leak,1,1757,878547,243
16,small_leak,1,1758,879047,355
16,small_leak,1,1759,879547,303
16,small_leak,1,1760,880047,237
16,small_leak,1,1761,880547,251
16,small_leak,1,1762,881047,265
16,small_leak,1,1763,881547,251
16,small_leak,1,1764,882047,190
16,small_leak,1,1765,882547,331
16,small_leak,1,1766,883047,278
16,small_leak,1,1767,883547,247
16,small_leak,1,1768,884047,203
16,small_leak,1,1769,884547,152
16,small_leak,1,1770,885047,123
16,small_leak,1,1771,885547,107
16,small_leak,1,1772,886047,95
16,small_leak,1,1773,886547,112
16,small_leak,1,1774,887047,100
16,small_leak,1,1775,887547,153
16,small_leak,1,1776,888047,43
16,small_leak,1,1777,888547,93
16,small_leak,1,1778,889047,93
16,small_leak,1,1779,889547,29
16,small_leak,1,1780,890047,0
16,small_leak,1,1781,890547,76
16,small_leak,1,1782,891047,99
16,small_leak,1,1783,891547,83
16,small_leak,1,1784,892047,67
16,small_leak,1,1785,892547,167
16,small_leak,1,1786,893047,191
16,small_leak,1,1787,893547,333
16,small_leak,1,1788,894047,168
16,small_leak,1,1789,894547,253
16,small_leak,1,1790,895047,228
16,small_leak,1,1791,895547,135
16,small_leak,1,1792,896047,169
16,small_leak,1,1793,896547,69
16,small_leak,1,1794,897047,74
16,small_leak,1,1795,897547,186
16,small_leak,1,1796,898047,115
16,small_leak,1,1797,898547,25
16,small_leak,1,1798,899047,0
16,small_leak,1,1799,899547,0
16,small_leak,1,1800,900047,0
16,small_leak,1,1801,900547,73
16,small_leak,1,1802,901047,29
16,small_leak,1,1803,901547,63
16,small_leak,1,1804,902047,56
16,small_leak,1,1805,902547,57
16,small_leak,1,1806,903047,6
16,small_leak,1,1807,903547,0
16,small_leak,1,1808,904048,0
16,small_leak,1,1809,904547,0
16,small_leak,1,1810,905047,81
16,small_leak,1,1811,905547,41
16,small_leak,1,1812,906047,0
16,small_leak,1,1813,906547,0
16,small_leak,1,1814,907047,29
16,small_leak,1,1815,907547,77
16,small_leak,1,1816,908047,216
16,small_leak,1,1817,908547,375
16,small_leak,1,1818,909047,240
16,small_leak,1,1819,909547,265
16,small_leak,1,1820,910047,223
16,small_leak,1,1821,910547,252
16,small_leak,1,1822,911047,183
16,small_leak,1,1823,911547,253
16,small_leak,1,1824,912047,158
16,small_leak,1,1825,912547,75
16,small_leak,1,1826,913047,52
16,small_leak,1,1827,913547,203
16,small_leak,1,1828,914047,58
16,small_leak,1,1829,914547,3
16,small_leak,1,1830,915047,0
16,small_leak,1,1831,915547,0
16,small_leak,1,1832,916047,1
16,small_leak,1,1833,916547,100
16,small_leak,1,1834,917047,199
16,small_leak,1,1835,917547,192
16,small_leak,1,1836,918048,282
16,small_leak,1,1837,918547,185
16,small_leak,1,1838,919047,308
16,small_leak,1,1839,919547,153
16,small_leak,1,1840,920047,180
16,small_leak,1,1841,920547,189
16,small_leak,1,1842,921047,75
16,small_leak,1,1843,921547,379
16,small_leak,1,1844,922047,221
16,small_leak,1,1845,922547,313
16,small_leak,1,1846,923047,255
16,small_leak,1,1847,923547,413
16,small_leak,1,1848,924047,455
16,small_leak,1,1849,924547,371
16,small_leak,1,1850,925047,265
16,small_leak,1,1851,925547,291
16,small_leak,1,1852,926048,345
16,small_leak,1,1853,926547,166
16,small_leak,1,1854,927047,391
16,small_leak,1,1855,927547,313
16,small_leak,1,1856,928047,280
16,small_leak,1,1857,928547,318
16,small_leak,1,1858,929047,244
16,small_leak,1,1859,929547,282
16,small_leak,1,1860,930047,285
16,small_leak,1,1861,930547,229
16,small_leak,1,1862,931047,157
16,small_leak,1,1863,931547,103
16,small_leak,1,1864,932047,126
16,small_leak,1,1865,932547,59
16,small_leak,1,1866,933047,37
16,small_leak,1,1867,933547,0
16,small_leak,1,1868,934047,0
16,small_leak,1,1869,934547,140
16,small_leak,1,1870,935047,107
16,small_leak,1,1871,935547,39
16,small_leak,1,1872,936047,217
16,small_leak,1,1873,936547,270
16,small_leak,1,1874,937047,87
16,small_leak,1,1875,937547,317
16,small_leak,1,1876,938047,337
16,small_leak,1,1877,938547,355
16,small_leak,1,1878,939047,379
16,small_leak,1,1879,939547,491
16,small_leak,1,1880,940047,341
16,small_leak,1,1881,940547,308
16,small_leak,1,1882,941047,314
16,small_leak,1,1883,941547,251
16,small_leak,1,1884,942047,292
16,small_leak,1,1885,942547,248
16,small_leak,1,1886,943047,163
16,small_leak,1,1887,943547,172
16,small_leak,1,1888,944047,97
16,small_leak,1,1889,944547,109
16,small_leak,1,1890,945047,23
16,small_leak,1,1891,945547,67
16,small_leak,1,1892,946047,37
16,small_leak,1,1893,946547,19
16,small_leak,1,1894,947047,145
16,small_leak,1,1895,947547,165
16,small_leak,1,1896,948047,119
16,small_leak,1,1897,948547,141
16,small_leak,1,1898,949047,89
16,small_leak,1,1899,949547,44
16,small_leak,1,1900,950047,119
16,small_leak,1,1901,950547,54
16,small_leak,1,1902,951047,4
16,small_leak,1,1903,951547,20
16,small_leak,1,1904,952047,95
16,small_leak,1,1905,952547,142
16,small_leak,1,1906,953047,124
16,small_leak,1,1907,953547,125
16,small_leak,1,1908,954047,243
16,small_leak,1,1909,954547,149
16,small_leak,1,1910,955047,42
16,small_leak,1,1911,955547,149
16,small_leak,1,1912,956047,107
16,small_leak,1,1913,956547,73
16,small_leak,1,1914,957047,70
16,small_leak,1,1915,957547,7
16,small_leak,1,1916,958047,0
16,small_leak,1,1917,958547,0
16,small_leak,1,1918,959047,61
16,small_leak,1,1919,959547,116
16,small_leak,1,1920,960047,155
16,small_leak,1,1921,960547,261
16,small_leak,1,1922,961047,203
16,small_leak,1,1923,961547,347
16,small_leak,1,1924,962047,189
16,small_leak,1,1925,962547,201
16,small_leak,1,1926,963047,172
16,small_leak,1,1927,963547,192
16,small_leak,1,1928,964047,147
16,small_leak,1,1929,964547,151
16,small_leak,1,1930,965047,217
16,small_leak,1,1931,965547,123
16,small_leak,1,1932,966047,249
16,small_leak,1,1933,966547,76
16,small_leak,1,1934,967047,10
16,small_leak,1,1935,967547,5
16,small_leak,1,1936,968047,27
16,small_leak,1,1937,968547,1
16,small_leak,1,1938,969047,41
16,small_leak,1,1939,969547,219
16,small_leak,1,1940,970047,90
16,small_leak,1,1941,970547,226
16,small_leak,1,1942,971047,247
16,small_leak,1,1943,971547,233
16,small_leak,1,1944,972047,233
16,small_leak,1,1945,972547,180
16,small_leak,1,1946,973047,119
16,small_leak,1,1947,973547,186
16,small_leak,1,1948,974047,261
16,small_leak,1,1949,974547,277
16,small_leak,1,1950,975047,325
16,small_leak,1,1951,975547,164
16,small_leak,1,1952,976047,54
16,small_leak,1,1953,976547,251
16,small_leak,1,1954,977047,151
16,small_leak,1,1955,977547,39
16,small_leak,1,1956,978047,245
16,small_leak,1,1957,978547,197
16,small_leak,1,1958,979047,169
16,small_leak,1,1959,979547,63
16,small_leak,1,1960,980047,5
16,small_leak,1,1961,980547,0
16,small_leak,1,1962,981047,83
16,small_leak,1,1963,981547,109
16,small_leak,1,1964,982047,29
16,small_leak,1,1965,982547,77
16,small_leak,1,1966,983047,223
16,small_leak,1,1967,983547,146
16,small_leak,1,1968,984048,37
16,small_leak,1,1969,984547,228
16,small_leak,1,1970,985047,69
16,small_leak,1,1971,985547,51
16,small_leak,1,1972,986047,43
16,small_leak,1,1973,986547,75
16,small_leak,1,1974,987047,45
16,small_leak,1,1975,987547,0
16,small_leak,1,1976,988047,0
16,small_leak,1,1977,988547,29
16,small_leak,1,1978,989047,39
16,small_leak,1,1979,989547,54
16,small_leak,1,1980,990047,45
16,small_leak,1,1981,990547,203
16,small_leak,1,1982,991047,133
16,small_leak,1,1983,991547,83
16,small_leak,1,1984,992047,235
16,small_leak,1,1985,992547,254
16,small_leak,1,1986,993047,254
16,small_leak,1,1987,993547,251
16,small_leak,1,1988,994047,270
16,small_leak,1,1989,994547,188
16,small_leak,1,1990,995047,297
16,small_leak,1,1991,995547,365
16,small_leak,1,1992,996047,175
16,small_leak,1,1993,996547,159
16,small_leak,1,1994,997047,117
16,small_leak,1,1995,997547,148
16,small_leak,1,1996,998047,223
16,small_leak,1,1997,998547,201
16,small_leak,1,1998,999047,165
16,small_leak,1,1999,999547,149
16,small_leak,2,0,48,115
16,small_leak,2,1,547,103
16,small_leak,2,2,1047,77
16,small_leak,2,3,1547,43
16,small_leak,2,4,2047,13
16,small_leak,2,5,2547,13
16,small_leak,2,6,3047,141
16,small_leak,2,7,3547,98
16,small_leak,2,8,4047,333
16,small_leak,2,9,4547,134
16,small_leak,2,10,5047,145
16,small_leak,2,11,5547,159
16,small_leak,2,12,6047,205
16,small_leak,2,13,6547,254
16,small_leak,2,14,7047,367
16,small_leak,2,15,7547,269
16,small_leak,2,16,8047,229
16,small_leak,2,17,8547,212
16,small_leak,2,18,9047,157
16,small_leak,2,19,9547,41
16,small_leak,2,20,10047,228
16,small_leak,2,21,10547,232
16,small_leak,2,22,11047,231
16,small_leak,2,23,11547,301
16,small_leak,2,24,12047,159
16,small_leak,2,25,12547,164
16,small_leak,2,26,13047,215
16,small_leak,2,27,13547,185
16,small_leak,2,28,14047,53
16,small_leak,2,29,14547,185
16,small_leak,2,30,15047,117
16,small_leak,2,31,15547,125
16,small_leak,2,32,16047,90
16,small_leak,2,33,16547,229
16,small_leak,2,34,17047,214
16,small_leak,2,35,17547,238
16,small_leak,2,36,18047,250
16,small_leak,2,37,18547,251
16,small_leak,2,38,19047,233
16,small_leak,2,39,19547,217
16,small_leak,2,40,20047,174
16,small_leak,2,41,20547,159
16,small_leak,2,42,21047,151
16,small_leak,2,43,21547,115
16,small_leak,2,44,22047,293
16,small_leak,2,45,22547,163
16,small_leak,2,46,23047,187
16,small_leak,2,47,23547,101
16,small_leak,2,48,24048,119
16,small_leak,2,49,24547,44
16,small_leak,2,50,25047,73
16,small_leak,2,51,25547,181
16,small_leak,2,52,26047,125
16,small_leak,2,53,26547,158
16,small_leak,2,54,27047,98
16,small_leak,2,55,27547,187
16,small_leak,2,56,28047,227
16,small_leak,2,57,28547,219
16,small_leak,2,58,29047,123
16,small_leak,2,59,29547,217
16,small_leak,2,60,30047,233
16,small_leak,2,61,30547,168
16,small_leak,2,62,31047,222
16,small_leak,2,63,31547,239
16,small_leak,2,64,32047,187
16,small_leak,2,65,32547,201
16,small_leak,2,66,33047,139
16,small_leak,2,67,33547,210
16,small_leak,2,68,34047,185
16,small_leak,2,69,34547,149
16,small_leak,2,70,35047,151
16,small_leak,2,71,35547,115
16,small_leak,2,72,36047,189
16,small_leak,2,73,36547,201
16,small_leak,2,74,37047,68
16,small_leak,2,75,37547,53
16,small_leak,2,76,38047,60
16,small_leak,2,77,38547,61
16,small_leak,2,78,39047,71
16,small_leak,2,79,39547,89
16,small_leak,2,80,40047,105
16,small_leak,2,81,40547,23
16,small_leak,2,82,41047,83
16,small_leak,2,83,41547,29
16,small_leak,2,84,42047,11
16,small_leak,2,85,42547,47
16,small_leak,2,86,43047,37
16,small_leak,2,87,43547,5
16,small_leak,2,88,44047,2
16,small_leak,2,89,44547,85
16,small_leak,2,90,45047,55
16,small_leak,2,91,45547,1
16,small_leak,2,92,46047,71
16,small_leak,2,93,46547,164
16,small_leak,2,94,47047,234
16,small_leak,2,95,47547,181
16,small_leak,2,96,48047,201
16,small_leak,2,97,48547,83
16,small_leak,2,98,49047,157
16,small_leak,2,99,49547,115
16,small_leak,2,100,50047,227
16,small_leak,2,101,50547,71
16,small_leak,2,102,51047,205
16,small_leak,2,103,51547,159
16,small_leak,2,104,52047,175
16,small_leak,2,105,52547,175
16,small_leak,2,106,53047,125
16,small_leak,2,107,53547,28
16,small_leak,2,108,54047,27
16,small_leak,2,109,54547,116
16,small_leak,2,110,55047,147
16,small_leak,2,111,55547,73
16,small_leak,2,112,56047,125
16,small_leak,2,113,56547,172
16,small_leak,2,114,57047,101
16,small_leak,2,115,57547,331
16,small_leak,2,116,58047,191
16,small_leak,2,117,58547,190
16,small_leak,2,118,59047,181
16,small_leak,2,119,59547,160
16,small_leak,2,120,60047,366
16,small_leak,2,121,60547,244
16,small_leak,2,122,61047,269
16,small_leak,2,123,61547,249
16,small_leak,2,124,62047,109
16,small_leak,2,125,62547,251
16,small_leak,2,126,63047,122
16,small_leak,2,127,63547,27
16,small_leak,2,128,64047,37
16,small_leak,2,129,64547,202
16,small_leak,2,130,65047,59
16,small_leak,2,131,65547,5
16,small_leak,2,132,66047,0
16,small_leak,2,133,66547,0
16,small_leak,2,134,67047,211
16,small_leak,2,135,67547,169
16,small_leak,2,136,68047,46
16,small_leak,2,137,68547,119
16,small_leak,2,138,69047,174
16,small_leak,2,139,69547,198
16,small_leak,2,140,70048,229
16,small_leak,2,141,70547,190
16,small_leak,2,142,71047,203
16,small_leak,2,143,71547,183
16,small_leak,2,144,72047,197
16,small_leak,2,145,72547,185
16,small_leak,2,146,73047,136
16,small_leak,2,147,73547,72
16,small_leak,2,148,74047,200
16,small_leak,2,149,74547,173
16,small_leak,2,150,75047,107
16,small_leak,2,151,75547,223
16,small_leak,2,152,76047,211
16,small_leak,2,153,76547,171
16,small_leak,2,154,77047,165
16,small_leak,2,155,77547,313
16,small_leak,2,156,78047,302
16,small_leak,2,157,78547,207
16,small_leak,2,158,79047,107
16,small_leak,2,159,79547,74
16,small_leak,2,160,80047,175
16,small_leak,2,161,80547,115
16,small_leak,2,162,81047,25
16,small_leak,2,163,81547,73
16,small_leak,2,164,82047,14
16,small_leak,2,165,82547,69
16,small_leak,2,166,83047,153
16,small_leak,2,167,83547,183
16,small_leak,2,168,84047,215
16,small_leak,2,169,84547,179
16,small_leak,2,170,85047,183
16,small_leak,2,171,85547,174
16,small_leak,2,172,86047,307
16,small_leak,2,173,86547,121
16,small_leak,2,174,87047,167
16,small_leak,2,175,87547,167
16,small_leak,2,176,88047,55
16,small_leak,2,177,88547,83
16,small_leak,2,178,89047,87
16,small_leak,2,179,89547,137
16,small_leak,2,180,90047,50
16,small_leak,2,181,90547,6
16,small_leak,2,182,91047,41
16,small_leak,2,183,91547,115
16,small_leak,2,184,92047,82
16,small_leak,2,185,92547,339
16,small_leak,2,186,93047,189
16,small_leak,2,187,93547,263
16,small_leak,2,188,94047,115
16,small_leak,2,189,94547,179
16,small_leak,2,190,95048,227
16,small_leak,2,191,95547,279
16,small_leak,2,192,96047,206
16,small_leak,2,193,96547,203
16,small_leak,2,194,97047,158
16,small_leak,2,195,97547,121
16,small_leak,2,196,98047,153
16,small_leak,2,197,98547,116
16,small_leak,2,198,99047,156
16,small_leak,2,199,99547,115
16,small_leak,2,200,100047,135
16,small_leak,2,201,100547,29
16,small_leak,2,202,101047,83
16,small_leak,2,203,101547,56
16,small_leak,2,204,102047,1
16,small_leak,2,205,102547,0
16,small_leak,2,206,103047,0
16,small_leak,2,207,103547,13
16,small_leak,2,208,104047,0
16,small_leak,2,209,104547,0
16,small_leak,2,210,105047,0
16,small_leak,2,211,105547,0
16,small_leak,2,212,106047,0
16,small_leak,2,213,106547,0
16,small_leak,2,214,107047,23
16,small_leak,2,215,107547,62
16,small_leak,2,216,108047,179
16,small_leak,2,217,108547,188
16,small_leak,2,218,109047,55
16,small_leak,2,219,109547,229
16,small_leak,2,220,110047,403
16,small_leak,2,221,110547,157
16,small_leak,2,222,111047,344
16,small_leak,2,223,111547,292
16,small_leak,2,224,112047,107
16,small_leak,2,225,112547,267
16,small_leak,2,226,113047,205
16,small_leak,2,227,113547,230
16,small_leak,2,228,114047,143
16,small_leak,2,229,114547,302
16,small_leak,2,230,115047,269
16,small_leak,2,231,115547,227
16,small_leak,2,232,116047,200
16,small_leak,2,233,116547,270
16,small_leak,2,234,117047,240
16,small_leak,2,235,117547,231
16,small_leak,2,236,118047,203
16,small_leak,2,237,118547,61
16,small_leak,2,238,119047,91
16,small_leak,2,239,119547,103
16,small_leak,2,240,120047,21
16,small_leak,2,241,120547,0
16,small_leak,2,242,121047,0
16,small_leak,2,243,121547,0
16,small_leak,2,244,122047,0
16,small_leak,2,245,122547,0
16,small_leak,2,246,123047,0
16,small_leak,2,247,123547,0
16,small_leak,2,248,124047,98
16,small_leak,2,249,124547,23
16,small_leak,2,250,125047,117
16,small_leak,2,251,125547,98
16,small_leak,2,252,126047,119
16,small_leak,2,253,126547,92
16,small_leak,2,254,127047,156
16,small_leak,2,255,127547,143
16,small_leak,2,256,128047,109
16,small_leak,2,257,128547,37
16,small_leak,2,258,129047,205
16,small_leak,2,259,129547,368
16,small_leak,2,260,130047,205
16,small_leak,2,261,130547,285
16,small_leak,2,262,131047,411
16,small_leak,2,263,131547,344
16,small_leak,2,264,132047,506
16,small_leak,2,265,132547,313
16,small_leak,2,266,133047,343
16,small_leak,2,267,133547,331
16,small_leak,2,268,134047,319
16,small_leak,2,269,134547,282
16,small_leak,2,270,135048,253
16,small_leak,2,271,135547,313
16,small_leak,2,272,136047,249
16,small_leak,2,273,136547,173
16,small_leak,2,274,137047,203
16,small_leak,2,275,137547,216
16,small_leak,2,276,138047,222
16,small_leak,2,277,138547,223
16,small_leak,2,278,139047,233
16,small_leak,2,279,139547,181
16,small_leak,2,280,140047,201
16,small_leak,2,281,140547,163
16,small_leak,2,282,141047,133
16,small_leak,2,283,141547,117
16,small_leak,2,284,142047,146
16,small_leak,2,285,142547,138
16,small_leak,2,286,143048,70
16,small_leak,2,287,143547,59
16,small_leak,2,288,144047,87
16,small_leak,2,289,144547,17
16,small_leak,2,290,145047,0
16,small_leak,2,291,145547,149
16,small_leak,2,292,146047,111
16,small_leak,2,293,146547,23
16,small_leak,2,294,147047,149
16,small_leak,2,295,147547,151
16,small_leak,2,296,148047,90
16,small_leak,2,297,148547,165
16,small_leak,2,298,149047,69
16,small_leak,2,299,149547,251
16,small_leak,2,300,150047,140
16,small_leak,2,301,150547,95
16,small_leak,2,302,151047,533
16,small_leak,2,303,151547,251
16,small_leak,2,304,152047,244
16,small_leak,2,305,152547,168
16,small_leak,2,306,153047,225
16,small_leak,2,307,153547,269
16,small_leak,2,308,154047,251
16,small_leak,2,309,154547,227
16,small_leak,2,310,155047,279
16,small_leak,2,311,155547,319
16,small_leak,2,312,156047,295
16,small_leak,2,313,156547,269
16,small_leak,2,314,157047,248
16,small_leak,2,315,157547,77
16,small_leak,2,316,158047,155
16,small_leak,2,317,158547,165
16,small_leak,2,318,159047,69
16,small_leak,2,319,159547,17
16,small_leak,2,320,160047,87
16,small_leak,2,321,160547,197
16,small_leak,2,322,161047,57
16,small_leak,2,323,161547,19
16,small_leak,2,324,162047,41
16,small_leak,2,325,162547,5
16,small_leak,2,326,163047,0
16,small_leak,2,327,163547,0
16,small_leak,2,328,164047,37
16,small_leak,2,329,164547,45
16,small_leak,2,330,165047,0
16,small_leak,2,331,165547,112
16,small_leak,2,332,166047,111
16,small_leak,2,333,166547,39
16,small_leak,2,334,167047,383
16,small_leak,2,335,167547,227
16,small_leak,2,336,168047,425
16,small_leak,2,337,168547,247
16,small_leak,2,338,169047,248
16,small_leak,2,339,169547,236
16,small_leak,2,340,170047,267
16,small_leak,2,341,170547,279
16,small_leak,2,342,171047,347
16,small_leak,2,343,171547,327
16,small_leak,2,344,172047,285
16,small_leak,2,345,172547,164
16,small_leak,2,346,173047,211
16,small_leak,2,347,173547,123
16,small_leak,2,348,174047,423
16,small_leak,2,349,174547,283
16,small_leak,2,350,175047,157
16,small_leak,2,351,175547,192
16,small_leak,2,352,176047,221
16,small_leak,2,353,176547,219
16,small_leak,2,354,177047,122
16,small_leak,2,355,177547,157
16,small_leak,2,356,178047,43
16,small_leak,2,357,178547,23
16,small_leak,2,358,179047,77
16,small_leak,2,359,179547,55
16,small_leak,2,360,180047,1
16,small_leak,2,361,180547,0
16,small_leak,2,362,181048,0
16,small_leak,2,363,181547,21
16,small_leak,2,364,182047,0
16,small_leak,2,365,182547,91
16,small_leak,2,366,183047,541
16,small_leak,2,367,183547,215
16,small_leak,2,368,184047,240
16,small_leak,2,369,184547,375
16,small_leak,2,370,185047,377
16,small_leak,2,371,185547,367
16,small_leak,2,372,186047,219
16,small_leak,2,373,186547,252
16,small_leak,2,374,187047,211
16,small_leak,2,375,187547,175
16,small_leak,2,376,188047,239
16,small_leak,2,377,188547,246
16,small_leak,2,378,189047,197
16,small_leak,2,379,189547,120
16,small_leak,2,380,190047,135
16,small_leak,2,381,190547,35
16,small_leak,2,382,191047,102
16,small_leak,2,383,191547,31
16,small_leak,2,384,192047,45
16,small_leak,2,385,192547,159
16,small_leak,2,386,193047,115
16,small_leak,2,387,193547,107
16,small_leak,2,388,194047,175
16,small_leak,2,389,194547,141
16,small_leak,2,390,195047,151
16,small_leak,2,391,195547,199
16,small_leak,2,392,196047,202
16,small_leak,2,393,196547,199
16,small_leak,2,394,197047,188
16,small_leak,2,395,197547,90
16,small_leak,2,396,198047,79
16,small_leak,2,397,198547,76
16,small_leak,2,398,199047,12
16,small_leak,2,399,199547,0
16,small_leak,2,400,200047,0
16,small_leak,2,401,200547,0
16,small_leak,2,402,201047,63
16,small_leak,2,403,201547,126
16,small_leak,2,404,202047,38
16,small_leak,2,405,202547,158
16,small_leak,2,406,203047,185
16,small_leak,2,407,203547,235
16,small_leak,2,408,204047,141
16,small_leak,2,409,204547,35
16,small_leak,2,410,205047,27
16,small_leak,2,411,205547,126
16,small_leak,2,412,206047,217
16,small_leak,2,413,206547,133
16,small_leak,2,414,207047,166
16,small_leak,2,415,207547,363
16,small_leak,2,416,208048,244
16,small_leak,2,417,208547,331
16,small_leak,2,418,209047,296
16,small_leak,2,419,209547,127
16,small_leak,2,420,210047,101
16,small_leak,2,421,210547,20
16,small_leak,2,422,211047,0
16,small_leak,2,423,211547,7
16,small_leak,2,424,212048,0
16,small_leak,2,425,212547,153
16,small_leak,2,426,213047,42
16,small_leak,2,427,213547,0
16,small_leak,2,428,214047,47
16,small_leak,2,429,214547,69
16,small_leak,2,430,215047,148
16,small_leak,2,431,215547,203
16,small_leak,2,432,216047,166
16,small_leak,2,433,216547,187
16,small_leak,2,434,217047,221
16,small_leak,2,435,217547,135
16,small_leak,2,436,218047,160
16,small_leak,2,437,218547,51
16,small_leak,2,438,219047,175
16,small_leak,2,439,219547,189
16,small_leak,2,440,220047,229
16,small_leak,2,441,220547,221
16,small_leak,2,442,221047,275
16,small_leak,2,443,221547,148
16,small_leak,2,444,222047,245
16,small_leak,2,445,222547,201
16,small_leak,2,446,223047,168
16,small_leak,2,447,223547,132
16,small_leak,2,448,224047,197
16,small_leak,2,449,224547,62
16,small_leak,2,450,225047,251
16,small_leak,2,451,225547,78
16,small_leak,2,452,226047,172
16,small_leak,2,453,226547,264
16,small_leak,2,454,227047,199
16,small_leak,2,455,227547,311
16,small_leak,2,456,228047,293
16,small_leak,2,457,228547,221
16,small_leak,2,458,229047,165
16,small_leak,2,459,229547,163
16,small_leak,2,460,230047,151
16,small_leak,2,461,230547,202
16,small_leak,2,462,231047,121
16,small_leak,2,463,231547,79
16,small_leak,2,464,232047,116
16,small_leak,2,465,232547,239
16,small_leak,2,466,233047,83
16,small_leak,2,467,233547,297
16,small_leak,2,468,234047,99
16,small_leak,2,469,234547,253
16,small_leak,2,470,235047,109
16,small_leak,2,471,235547,165
16,small_leak,2,472,236047,87
16,small_leak,2,473,236547,71
16,small_leak,2,474,237047,76
16,small_leak,2,475,237547,159
16,small_leak,2,476,238047,59
16,small_leak,2,477,238547,171
16,small_leak,2,478,239047,203
16,small_leak,2,479,239547,155
16,small_leak,2,480,240048,271
16,small_leak,2,481,240547,105
16,small_leak,2,482,241047,83
16,small_leak,2,483,241547,169
16,small_leak,2,484,242047,277
16,small_leak,2,485,242547,124
16,small_leak,2,486,243047,82
16,small_leak,2,487,243547,136
16,small_leak,2,488,244048,126
16,small_leak,2,489,244547,220
16,small_leak,2,490,245047,141
16,small_leak,2,491,245547,137
16,small_leak,2,492,246047,139
16,small_leak,2,493,246547,87
16,small_leak,2,494,247047,423
16,small_leak,2,495,247547,156
16,small_leak,2,496,248047,116
16,small_leak,2,497,248547,303
16,small_leak,2,498,249047,185
16,small_leak,2,499,249547,364
16,small_leak,2,500,250047,351
16,small_leak,2,501,250547,307
16,small_leak,2,502,251047,252
16,small_leak,2,503,251547,170
16,small_leak,2,504,252047,187
16,small_leak,2,505,252547,156
16,small_leak,2,506,253047,63
16,small_leak,2,507,253547,5
16,small_leak,2,508,254047,51
16,small_leak,2,509,254547,0
16,small_leak,2,510,255047,0
16,small_leak,2,511,255547,0
16,small_leak,2,512,256047,134
16,small_leak,2,513,256547,117
16,small_leak,2,514,257047,165
16,small_leak,2,515,257547,187
16,small_leak,2,516,258047,293
16,small_leak,2,517,258547,281
16,small_leak,2,518,259047,249
16,small_leak,2,519,259547,111
16,small_leak,2,520,260047,103
16,small_leak,2,521,260547,185
16,small_leak,2,522,261047,107
16,small_leak,2,523,261547,40
16,small_leak,2,524,262047,26
16,small_leak,2,525,262547,12
16,small_leak,2,526,263047,0
16,small_leak,2,527,263547,0
16,small_leak,2,528,264047,0
16,small_leak,2,529,264547,45
16,small_leak,2,530,265047,147
16,small_leak,2,531,265547,159
16,small_leak,2,532,266047,157
16,small_leak,2,533,266547,164
16,small_leak,2,534,267047,187
16,small_leak,2,535,267547,153
16,small_leak,2,536,268047,61
16,small_leak,2,537,268547,44
16,small_leak,2,538,269047,275
16,small_leak,2,539,269547,99
16,small_leak,2,540,270047,211
16,small_leak,2,541,270547,111
16,small_leak,2,542,271047,111
16,small_leak,2,543,271547,172
16,small_leak,2,544,272047,199
16,small_leak,2,545,272547,186
16,small_leak,2,546,273047,247
16,small_leak,2,547,273547,293
16,small_leak,2,548,274047,381
16,small_leak,2,549,274547,255
16,small_leak,2,550,275047,233
16,small_leak,2,551,275547,81
16,small_leak,2,552,276048,56
16,small_leak,2,553,276547,229
16,small_leak,2,554,277047,71
16,small_leak,2,555,277547,122
16,small_leak,2,556,278047,27
16,small_leak,2,557,278547,0
16,small_leak,2,558,279047,0
16,small_leak,2,559,279547,0
16,small_leak,2,560,280047,0
16,small_leak,2,561,280547,0
16,small_leak,2,562,281047,0
16,small_leak,2,563,281547,0
16,small_leak,2,564,282047,119
16,small_leak,2,565,282547,27
16,small_leak,2,566,283047,0
16,small_leak,2,567,283547,0
16,small_leak,2,568,284047,0
16,small_leak,2,569,284547,0
16,small_leak,2,570,285047,19
16,small_leak,2,571,285547,95
16,small_leak,2,572,286047,19
16,small_leak,2,573,286547,127
16,small_leak,2,574,287047,29
16,small_leak,2,575,287547,223
16,small_leak,2,576,288047,203
16,small_leak,2,577,288547,244
16,small_leak,2,578,289047,217
16,small_leak,2,579,289547,249
16,small_leak,2,580,290047,395
16,small_leak,2,581,290547,444
16,small_leak,2,582,291047,251
16,small_leak,2,583,291547,380
16,small_leak,2,584,292047,277
16,small_leak,2,585,292547,285
16,small_leak,2,586,293047,300
16,small_leak,2,587,293547,225
16,small_leak,2,588,294047,303
16,small_leak,2,589,294547,219
16,small_leak,2,590,295047,297
16,small_leak,2,591,295547,313
16,small_leak,2,592,296047,271
16,small_leak,2,593,296547,303
16,small_leak,2,594,297047,229
16,small_leak,2,595,297547,329
16,small_leak,2,596,298047,230
16,small_leak,2,597,298547,376
16,small_leak,2,598,299047,283
16,small_leak,2,599,299547,318
16,small_leak,2,600,300047,299
16,small_leak,2,601,300547,280
16,small_leak,2,602,301047,331
16,small_leak,2,603,301547,288
16,small_leak,2,604,302047,236
16,small_leak,2,605,302547,211
16,small_leak,2,606,303047,267
16,small_leak,2,607,303547,138
16,small_leak,2,608,304047,329
16,small_leak,2,609,304547,109
16,small_leak,2,610,305047,101
16,small_leak,2,611,305547,25
16,small_leak,2,612,306047,29
16,small_leak,2,613,306547,94
16,small_leak,2,614,307047,94
16,small_leak,2,615,307547,45
16,small_leak,2,616,308047,77
16,small_leak,2,617,308547,139
16,small_leak,2,618,309047,56
16,small_leak,2,619,309547,64
16,small_leak,2,620,310047,101
16,small_leak,2,621,310547,126
16,small_leak,2,622,311047,30
16,small_leak,2,623,311547,3
16,small_leak,2,624,312047,109
16,small_leak,2,625,312547,105
16,small_leak,2,626,313047,115
16,small_leak,2,627,313547,39
16,small_leak,2,628,314047,172
16,small_leak,2,629,314547,148
16,small_leak,2,630,315047,57
16,small_leak,2,631,315547,375
16,small_leak,2,632,316047,379
16,small_leak,2,633,316547,254
16,small_leak,2,634,317047,263
16,small_leak,2,635,317547,380
16,small_leak,2,636,318047,442
16,small_leak,2,637,318547,421
16,small_leak,2,638,319047,376
16,small_leak,2,639,319547,317
16,small_leak,2,640,320047,310
16,small_leak,2,641,320547,327
16,small_leak,2,642,321047,199
16,small_leak,2,643,321547,179
16,small_leak,2,644,322047,141
16,small_leak,2,645,322547,102
16,small_leak,2,646,323047,31
16,small_leak,2,647,323547,117
16,small_leak,2,648,324047,47
16,small_leak,2,649,324547,45
16,small_leak,2,650,325047,51
16,small_leak,2,651,325547,41
16,small_leak,2,652,326047,0
16,small_leak,2,653,326547,0
16,small_leak,2,654,327047,0
16,small_leak,2,655,327547,90
16,small_leak,2,656,328047,22
16,small_leak,2,657,328547,255
16,small_leak,2,658,329047,87
16,small_leak,2,659,329547,91
16,small_leak,2,660,330047,153
16,small_leak,2,661,330547,115
16,small_leak,2,662,331047,223
16,small_leak,2,663,331547,147
16,small_leak,2,664,332047,267
16,small_leak,2,665,332547,89
16,small_leak,2,666,333047,38
16,small_leak,2,667,333547,287
16,small_leak,2,668,334047,311
16,small_leak,2,669,334547,211
16,small_leak,2,670,335047,187
16,small_leak,2,671,335547,91
16,small_leak,2,672,336047,14
16,small_leak,2,673,336547,109
16,small_leak,2,674,337047,108
16,small_leak,2,675,337547,22
16,small_leak,2,676,338047,0
16,small_leak,2,677,338547,0
16,small_leak,2,678,339047,285
16,small_leak,2,679,339547,90
16,small_leak,2,680,340047,127
16,small_leak,2,681,340547,227
16,small_leak,2,682,341047,237
16,small_leak,2,683,341547,276
16,small_leak,2,684,342047,102
16,small_leak,2,685,342547,283
16,small_leak,2,686,343047,233
16,small_leak,2,687,343547,475
16,small_leak,2,688,344047,416
16,small_leak,2,689,344547,221
16,small_leak,2,690,345047,126
16,small_leak,2,691,345547,167
16,small_leak,2,692,346047,149
16,small_leak,2,693,346547,118
16,small_leak,2,694,347047,91
16,small_leak,2,695,347547,221
16,small_leak,2,696,348047,69
16,small_leak,2,697,348547,37
16,small_leak,2,698,349047,79
16,small_leak,2,699,349547,149
16,small_leak,2,700,350047,181
16,small_leak,2,701,350547,165
16,small_leak,2,702,351047,43
16,small_leak,2,703,351547,4
16,small_leak,2,704,352047,87
16,small_leak,2,705,352547,19
16,small_leak,2,706,353047,52
16,small_leak,2,707,353547,10
16,small_leak,2,708,354047,87
16,small_leak,2,709,354547,51
16,small_leak,2,710,355047,27
16,small_leak,2,711,355547,0
16,small_leak,2,712,356047,12
16,small_leak,2,713,356547,79
16,small_leak,2,714,357047,325
16,small_leak,2,715,357547,198
16,small_leak,2,716,358047,123
16,small_leak,2,717,358547,101
16,small_leak,2,718,359047,68
16,small_leak,2,719,359547,191
16,small_leak,2,720,360047,519
16,small_leak,2,721,360547,263
16,small_leak,2,722,361047,207
16,small_leak,2,723,361547,260
16,small_leak,2,724,362047,104
16,small_leak,2,725,362547,212
16,small_leak,2,726,363047,191
16,small_leak,2,727,363547,136
16,small_leak,2,728,364047,91
16,small_leak,2,729,364547,115
16,small_leak,2,730,365047,99
16,small_leak,2,731,365547,95
16,small_leak,2,732,366047,26
16,small_leak,2,733,366547,29
16,small_leak,2,734,367047,0
16,small_leak,2,735,367547,0
16,small_leak,2,736,368047,0
16,small_leak,2,737,368547,5
16,small_leak,2,738,369047,0
16,small_leak,2,739,369547,168
16,small_leak,2,740,370047,75
16,small_leak,2,741,370547,79
16,small_leak,2,742,371047,101
16,small_leak,2,743,371547,569
16,small_leak,2,744,372047,199
16,small_leak,2,745,372547,57
16,small_leak,2,746,373047,3
16,small_leak,2,747,373547,0
16,small_leak,2,748,374047,89
16,small_leak,2,749,374547,222
16,small_leak,2,750,375047,215
16,small_leak,2,751,375547,171
16,small_leak,2,752,376047,103
16,small_leak,2,753,376547,189
16,small_leak,2,754,377047,217
16,small_leak,2,755,377547,205
16,small_leak,2,756,378047,171
16,small_leak,2,757,378547,147
16,small_leak,2,758,379047,185
16,small_leak,2,759,379547,152
16,small_leak,2,760,380047,167
16,small_leak,2,761,380547,141
16,small_leak,2,762,381047,111
16,small_leak,2,763,381547,26
16,small_leak,2,764,382047,29
16,small_leak,2,765,382547,109
16,small_leak,2,766,383047,91
16,small_leak,2,767,383547,39
16,small_leak,2,768,384047,137
16,small_leak,2,769,384547,139
16,small_leak,2,770,385047,163
16,small_leak,2,771,385547,139
16,small_leak,2,772,386047,158
16,small_leak,2,773,386547,163
16,small_leak,2,774,387047,42
16,small_leak,2,775,387547,0
16,small_leak,2,776,388047,21
16,small_leak,2,777,388547,89
16,small_leak,2,778,389047,13
16,small_leak,2,779,389547,231
16,small_leak,2,780,390047,184
16,small_leak,2,781,390547,237
16,small_leak,2,782,391047,215
16,small_leak,2,783,391547,200
16,small_leak,2,784,392047,79
16,small_leak,2,785,392547,138
16,small_leak,2,786,393047,99
16,small_leak,2,787,393547,213
16,small_leak,2,788,394047,265
16,small_leak,2,789,394547,287
16,small_leak,2,790,395047,379
16,small_leak,2,791,395547,331
16,small_leak,2,792,396047,280
16,small_leak,2,793,396547,333
16,small_leak,2,794,397047,156
16,small_leak,2,795,397547,115
16,small_leak,2,796,398047,25
16,small_leak,2,797,398547,9
16,small_leak,2,798,399047,99
16,small_leak,2,799,399547,115
16,small_leak,2,800,400047,23
16,small_leak,2,801,400547,100
16,small_leak,2,802,401047,133
16,small_leak,2,803,401547,87
16,small_leak,2,804,402047,106
16,small_leak,2,805,402547,75
16,small_leak,2,806,403047,39
16,small_leak,2,807,403547,0
16,small_leak,2,808,404047,0
16,small_leak,2,809,404547,0
16,small_leak,2,810,405047,36
16,small_leak,2,811,405547,0
16,small_leak,2,812,406047,227
16,small_leak,2,813,406547,269
16,small_leak,2,814,407047,86
16,small_leak,2,815,407547,123
16,small_leak,2,816,408047,86
16,small_leak,2,817,408547,345
16,small_leak,2,818,409047,429
16,small_leak,2,819,409547,462
16,small_leak,2,820,410047,313
16,small_leak,2,821,410547,471
16,small_leak,2,822,411047,521
16,small_leak,2,823,411547,586
16,small_leak,2,824,412047,409
16,small_leak,2,825,412547,339
16,small_leak,2,826,413047,361
16,small_leak,2,827,413547,341
16,small_leak,2,828,414047,345
16,small_leak,2,829,414547,313
16,small_leak,2,830,415047,276
16,small_leak,2,831,415547,159
16,small_leak,2,832,416047,95
16,small_leak,2,833,416547,88
16,small_leak,2,834,417047,125
16,small_leak,2,835,417547,30
16,small_leak,2,836,418048,13
16,small_leak,2,837,418547,29
16,small_leak,2,838,419047,0
16,small_leak,2,839,419547,0
16,small_leak,2,840,420047,0
16,small_leak,2,841,420547,6
16,small_leak,2,842,421047,91
16,small_leak,2,843,421547,236
16,small_leak,2,844,422047,92
16,small_leak,2,845,422547,141
16,small_leak,2,846,423047,107
16,small_leak,2,847,423547,141
16,small_leak,2,848,424047,171
16,small_leak,2,849,424547,177
16,small_leak,2,850,425047,145
16,small_leak,2,851,425547,123
16,small_leak,2,852,426047,169
16,small_leak,2,853,426547,201
16,small_leak,2,854,427047,156
16,small_leak,2,855,427547,42
16,small_leak,2,856,428047,127
16,small_leak,2,857,428547,119
16,small_leak,2,858,429047,179
16,small_leak,2,859,429547,160
16,small_leak,2,860,430047,181
16,small_leak,2,861,430547,126
16,small_leak,2,862,431047,123
16,small_leak,2,863,431547,381
16,small_leak,2,864,432047,201
16,small_leak,2,865,432547,425
16,small_leak,2,866,433047,366
16,small_leak,2,867,433547,219
16,small_leak,2,868,434048,266
16,small_leak,2,869,434547,281
16,small_leak,2,870,435047,237
16,small_leak,2,871,435547,215
16,small_leak,2,872,436047,265
16,small_leak,2,873,436547,379
16,small_leak,2,874,437047,223
16,small_leak,2,875,437547,157
16,small_leak,2,876,438047,41
16,small_leak,2,877,438547,10
16,small_leak,2,878,439047,46
16,small_leak,2,879,439547,267
16,small_leak,2,880,440047,103
16,small_leak,2,881,440547,223
16,small_leak,2,882,441047,164
16,small_leak,2,883,441547,141
16,small_leak,2,884,442047,95
16,small_leak,2,885,442547,87
16,small_leak,2,886,443047,85
16,small_leak,2,887,443547,275
16,small_leak,2,888,444047,163
16,small_leak,2,889,444547,247
16,small_leak,2,890,445047,236
16,small_leak,2,891,445547,159
16,small_leak,2,892,446047,135
16,small_leak,2,893,446547,123
16,small_leak,2,894,447047,247
16,small_leak,2,895,447547,93
16,small_leak,2,896,448047,123
16,small_leak,2,897,448547,93
16,small_leak,2,898,449047,148
16,small_leak,2,899,449547,135
16,small_leak,2,900,450047,46
16,small_leak,2,901,450547,173
16,small_leak,2,902,451047,77
16,small_leak,2,903,451547,55
16,small_leak,2,904,452047,19
16,small_leak,2,905,452547,410
16,small_leak,2,906,453047,180
16,small_leak,2,907,453547,223
16,small_leak,2,908,454047,111
16,small_leak,2,909,454547,102
16,small_leak,2,910,455047,136
16,small_leak,2,911,455547,40
16,small_leak,2,912,456047,143
16,small_leak,2,913,456547,144
16,small_leak,2,914,457047,221
16,small_leak,2,915,457547,216
16,small_leak,2,916,458047,169
16,small_leak,2,917,458547,48
16,small_leak,2,918,459047,0
16,small_leak,2,919,459547,0
16,small_leak,2,920,460047,59
16,small_leak,2,921,460547,94
16,small_leak,2,922,461047,133
16,small_leak,2,923,461547,41
16,small_leak,2,924,462047,73
16,small_leak,2,925,462547,77
16,small_leak,2,926,463047,55
16,small_leak,2,927,463547,52
16,small_leak,2,928,464047,29
16,small_leak,2,929,464547,55
16,small_leak,2,930,465047,40
16,small_leak,2,931,465547,10
16,small_leak,2,932,466047,5
16,small_leak,2,933,466547,0
16,small_leak,2,934,467047,0
16,small_leak,2,935,467547,53
16,small_leak,2,936,468047,11
16,small_leak,2,937,468547,179
16,small_leak,2,938,469047,127
16,small_leak,2,939,469547,134
16,small_leak,2,940,470047,229
16,small_leak,2,941,470547,72
16,small_leak,2,942,471047,119
16,small_leak,2,943,471547,135
16,small_leak,2,944,472047,31
16,small_leak,2,945,472547,85
16,small_leak,2,946,473047,133
16,small_leak,2,947,473547,469
16,small_leak,2,948,474047,185
16,small_leak,2,949,474547,476
16,small_leak,2,950,475047,243
16,small_leak,2,951,475547,506
16,small_leak,2,952,476047,238
16,small_leak,2,953,476547,311
16,small_leak,2,954,477047,261
16,small_leak,2,955,477547,327
16,small_leak,2,956,478047,342
16,small_leak,2,957,478547,232
16,small_leak,2,958,479047,303
16,small_leak,2,959,479547,169
16,small_leak,2,960,480047,117
16,small_leak,2,961,480547,269
16,small_leak,2,962,481047,146
16,small_leak,2,963,481547,147
16,small_leak,2,964,482047,68
16,small_leak,2,965,482547,163
16,small_leak,2,966,483047,55
16,small_leak,2,967,483547,60
16,small_leak,2,968,484047,133
16,small_leak,2,969,484547,151
16,small_leak,2,970,485047,176
16,small_leak,2,971,485547,55
16,small_leak,2,972,486047,107
16,small_leak,2,973,486547,121
16,small_leak,2,974,487047,219
16,small_leak,2,975,487547,187
16,small_leak,2,976,488047,91
16,small_leak,2,977,488547,296
16,small_leak,2,978,489047,163
16,small_leak,2,979,489547,215
16,small_leak,2,980,490047,269
16,small_leak,2,981,490547,285
16,small_leak,2,982,491047,375
16,small_leak,2,983,491547,277
16,small_leak,2,984,492048,235
16,small_leak,2,985,492547,270
16,small_leak,2,986,493047,311
16,small_leak,2,987,493547,261
16,small_leak,2,988,494047,116
16,small_leak,2,989,494547,56
16,small_leak,2,990,495047,18
16,small_leak,2,991,495547,44
16,small_leak,2,992,496047,0
16,small_leak,2,993,496547,0
16,small_leak,2,994,497047,41
16,small_leak,2,995,497547,125
16,small_leak,2,996,498047,179
16,small_leak,2,997,498547,249
16,small_leak,2,998,499047,168
16,small_leak,2,999,499547,174
16,small_leak,2,1000,500047,153
16,small_leak,2,1001,500547,105
16,small_leak,2,1002,501047,68
16,small_leak,2,1003,501547,5
16,small_leak,2,1004,502047,106
16,small_leak,2,1005,502547,135
16,small_leak,2,1006,503047,147
16,small_leak,2,1007,503547,222
16,small_leak,2,1008,504047,166
16,small_leak,2,1009,504547,167
16,small_leak,2,1010,505047,179
16,small_leak,2,1011,505547,151
16,small_leak,2,1012,506047,152
16,small_leak,2,1013,506547,154
16,small_leak,2,1014,507047,74
16,small_leak,2,1015,507547,37
16,small_leak,2,1016,508047,122
16,small_leak,2,1017,508547,63
16,small_leak,2,1018,509047,21
16,small_leak,2,1019,509547,111
16,small_leak,2,1020,510047,108
16,small_leak,2,1021,510547,152
16,small_leak,2,1022,511047,88
16,small_leak,2,1023,511547,253
16,small_leak,2,1024,512047,183
16,small_leak,2,1025,512547,107
16,small_leak,2,1026,513047,189
16,small_leak,2,1027,513547,309
16,small_leak,2,1028,514047,225
16,small_leak,2,1029,514547,276
16,small_leak,2,1030,515047,199
16,small_leak,2,1031,515547,206
16,small_leak,2,1032,516047,335
16,small_leak,2,1033,516547,93
16,small_leak,2,1034,517047,269
16,small_leak,2,1035,517547,92
16,small_leak,2,1036,518047,281
16,small_leak,2,1037,518547,226
16,small_leak,2,1038,519047,139
16,small_leak,2,1039,519547,190
16,small_leak,2,1040,520047,127
16,small_leak,2,1041,520547,141
16,small_leak,2,1042,521047,158
16,small_leak,2,1043,521547,101
16,small_leak,2,1044,522047,19
16,small_leak,2,1045,522547,121
16,small_leak,2,1046,523047,104
16,small_leak,2,1047,523547,126
16,small_leak,2,1048,524047,169
16,small_leak,2,1049,524547,173
16,small_leak,2,1050,525047,123
16,small_leak,2,1051,525547,178
16,small_leak,2,1052,526047,155
16,small_leak,2,1053,526547,180
16,small_leak,2,1054,527047,155
16,small_leak,2,1055,527547,199
16,small_leak,2,1056,528047,156
16,small_leak,2,1057,528547,26
16,small_leak,2,1058,529047,42
16,small_leak,2,1059,529547,78
16,small_leak,2,1060,530047,73
16,small_leak,2,1061,530547,43
16,small_leak,2,1062,531047,172
16,small_leak,2,1063,531547,151
16,small_leak,2,1064,532047,122
16,small_leak,2,1065,532547,172
16,small_leak,2,1066,533047,198
16,small_leak,2,1067,533547,251
16,small_leak,2,1068,534047,226
16,small_leak,2,1069,534547,219
16,small_leak,2,1070,535047,297
16,small_leak,2,1071,535547,227
16,small_leak,2,1072,536047,184
16,small_leak,2,1073,536547,123
16,small_leak,2,1074,537047,77
16,small_leak,2,1075,537547,13
16,small_leak,2,1076,538047,18
16,small_leak,2,1077,538547,173
16,small_leak,2,1078,539047,247
16,small_leak,2,1079,539547,77
16,small_leak,2,1080,540047,101
16,small_leak,2,1081,540547,99
16,small_leak,2,1082,541047,87
16,small_leak,2,1083,541547,77
16,small_leak,2,1084,542047,40
16,small_leak,2,1085,542547,0
16,small_leak,2,1086,543047,17
16,small_leak,2,1087,543547,13
16,small_leak,2,1088,544047,111
16,small_leak,2,1089,544547,55
16,small_leak,2,1090,545047,17
16,small_leak,2,1091,545547,0
16,small_leak,2,1092,546047,0
16,small_leak,2,1093,546547,69
16,small_leak,2,1094,547047,61
16,small_leak,2,1095,547547,53
16,small_leak,2,1096,548047,157
16,small_leak,2,1097,548547,143
16,small_leak,2,1098,549047,48
16,small_leak,2,1099,549547,6
16,small_leak,2,1100,550047,7
16,small_leak,2,1101,550547,123
16,small_leak,2,1102,551047,145
16,small_leak,2,1103,551547,189
16,small_leak,2,1104,552047,115
16,small_leak,2,1105,552547,190
16,small_leak,2,1106,553047,238
16,small_leak,2,1107,553547,246
16,small_leak,2,1108,554047,154
16,small_leak,2,1109,554547,303
16,small_leak,2,1110,555047,355
16,small_leak,2,1111,555547,133
16,small_leak,2,1112,556047,354
16,small_leak,2,1113,556547,234
16,small_leak,2,1114,557047,72
16,small_leak,2,1115,557547,216
16,small_leak,2,1116,558047,140
16,small_leak,2,1117,558547,37
16,small_leak,2,1118,559047,176
16,small_leak,2,1119,559547,49
16,small_leak,2,1120,560047,112
16,small_leak,2,1121,560547,239
16,small_leak,2,1122,561047,89
16,small_leak,2,1123,561547,125
16,small_leak,2,1124,562047,29
16,small_leak,2,1125,562547,211
16,small_leak,2,1126,563047,149
16,small_leak,2,1127,563547,317
16,small_leak,2,1128,564047,103
16,small_leak,2,1129,564547,106
16,small_leak,2,1130,565047,191
16,small_leak,2,1131,565547,75
16,small_leak,2,1132,566047,8
16,small_leak,2,1133,566547,0
16,small_leak,2,1134,567047,45
16,small_leak,2,1135,567547,37
16,small_leak,2,1136,568047,0
16,small_leak,2,1137,568547,0
16,small_leak,2,1138,569047,0
16,small_leak,2,1139,569547,0
16,small_leak,2,1140,570047,0
16,small_leak,2,1141,570547,71
16,small_leak,2,1142,571047,43
16,small_leak,2,1143,571547,302
16,small_leak,2,1144,572047,218
16,small_leak,2,1145,572547,335
16,small_leak,2,1146,573047,317
16,small_leak,2,1147,573547,349
16,small_leak,2,1148,574047,325
16,small_leak,2,1149,574547,293
16,small_leak,2,1150,575047,169
16,small_leak,2,1151,575547,233
16,small_leak,2,1152,576047,188
16,small_leak,2,1153,576547,179
16,small_leak,2,1154,577047,191
16,small_leak,2,1155,577547,269
16,small_leak,2,1156,578047,249
16,small_leak,2,1157,578547,317
16,small_leak,2,1158,579047,228
16,small_leak,2,1159,579547,229
16,small_leak,2,1160,580047,143
16,small_leak,2,1161,580547,88
16,small_leak,2,1162,581047,121
16,small_leak,2,1163,581547,82
16,small_leak,2,1164,582047,151
16,small_leak,2,1165,582547,87
16,small_leak,2,1166,583047,71
16,small_leak,2,1167,583547,85
16,small_leak,2,1168,584047,109
16,small_leak,2,1169,584547,31
16,small_leak,2,1170,585047,47
16,small_leak,2,1171,585547,102
16,small_leak,2,1172,586048,141
16,small_leak,2,1173,586547,83
16,small_leak,2,1174,587047,11
16,small_leak,2,1175,587547,103
16,small_leak,2,1176,588047,246
16,small_leak,2,1177,588547,126
16,small_leak,2,1178,589047,283
16,small_leak,2,1179,589547,91
16,small_leak,2,1180,590047,37
16,small_leak,2,1181,590547,0
16,small_leak,2,1182,591047,155
16,small_leak,2,1183,591547,301
16,small_leak,2,1184,592047,156
16,small_leak,2,1185,592547,236
16,small_leak,2,1186,593047,93
16,small_leak,2,1187,593547,166
16,small_leak,2,1188,594047,140
16,small_leak,2,1189,594547,223
16,small_leak,2,1190,595047,71
16,small_leak,2,1191,595547,231
16,small_leak,2,1192,596047,174
16,small_leak,2,1193,596547,189
16,small_leak,2,1194,597047,156
16,small_leak,2,1195,597547,275
16,small_leak,2,1196,598047,211
16,small_leak,2,1197,598547,211
16,small_leak,2,1198,599047,339
16,small_leak,2,1199,599547,287
16,small_leak,2,1200,600047,227
16,small_leak,2,1201,600547,309
16,small_leak,2,1202,601047,175
16,small_leak,2,1203,601547,103
16,small_leak,2,1204,602047,87
16,small_leak,2,1205,602547,74
16,small_leak,2,1206,603047,23
16,small_leak,2,1207,603547,0
16,small_leak,2,1208,604047,0
16,small_leak,2,1209,604547,101
16,small_leak,2,1210,605047,77
16,small_leak,2,1211,605547,12
16,small_leak,2,1212,606047,39
16,small_leak,2,1213,606547,61
16,small_leak,2,1214,607047,48
16,small_leak,2,1215,607547,151
16,small_leak,2,1216,608047,159
16,small_leak,2,1217,608547,131
16,small_leak,2,1218,609047,153
16,small_leak,2,1219,609547,163
16,small_leak,2,1220,610047,157
16,small_leak,2,1221,610547,111
16,small_leak,2,1222,611047,204
16,small_leak,2,1223,611547,157
16,small_leak,2,1224,612047,182
16,small_leak,2,1225,612547,199
16,small_leak,2,1226,613047,269
16,small_leak,2,1227,613547,85
16,small_leak,2,1228,614047,57
16,small_leak,2,1229,614547,175
16,small_leak,2,1230,615047,243
16,small_leak,2,1231,615547,246
16,small_leak,2,1232,616047,250
16,small_leak,2,1233,616547,284
16,small_leak,2,1234,617047,235
16,small_leak,2,1235,617547,181
16,small_leak,2,1236,618047,269
16,small_leak,2,1237,618547,254
16,small_leak,2,1238,619047,345
16,small_leak,2,1239,619547,239
16,small_leak,2,1240,620047,187
16,small_leak,2,1241,620547,188
16,small_leak,2,1242,621047,186
16,small_leak,2,1243,621547,175
16,small_leak,2,1244,622047,278
16,small_leak,2,1245,622547,181
16,small_leak,2,1246,623047,170
16,small_leak,2,1247,623547,136
16,small_leak,2,1248,624047,247
16,small_leak,2,1249,624547,218
16,small_leak,2,1250,625047,135
16,small_leak,2,1251,625547,95
16,small_leak,2,1252,626047,189
16,small_leak,2,1253,626547,94
16,small_leak,2,1254,627047,87
16,small_leak,2,1255,627547,12
16,small_leak,2,1256,628047,0
16,small_leak,2,1257,628547,18
16,small_leak,2,1258,629047,0
16,small_leak,2,1259,629547,47
16,small_leak,2,1260,630047,37
16,small_leak,2,1261,630547,142
16,small_leak,2,1262,631047,299
16,small_leak,2,1263,631547,277
16,small_leak,2,1264,632047,325
16,small_leak,2,1265,632547,275
16,small_leak,2,1266,633047,179
16,small_leak,2,1267,633547,220
16,small_leak,2,1268,634047,230
16,small_leak,2,1269,634547,143
16,small_leak,2,1270,635047,163
16,small_leak,2,1271,635547,101
16,small_leak,2,1272,636047,253
16,small_leak,2,1273,636547,173
16,small_leak,2,1274,637047,223
16,small_leak,2,1275,637547,201
16,small_leak,2,1276,638047,191
16,small_leak,2,1277,638547,163
16,small_leak,2,1278,639047,149
16,small_leak,2,1279,639547,37
16,small_leak,2,1280,640047,0
16,small_leak,2,1281,640547,12
16,small_leak,2,1282,641047,27
16,small_leak,2,1283,641547,139
16,small_leak,2,1284,642047,53
16,small_leak,2,1285,642547,41
16,small_leak,2,1286,643047,50
16,small_leak,2,1287,643547,29
16,small_leak,2,1288,644047,72
16,small_leak,2,1289,644547,24
16,small_leak,2,1290,645047,93
16,small_leak,2,1291,645547,60
16,small_leak,2,1292,646047,42
16,small_leak,2,1293,646547,75
16,small_leak,2,1294,647047,239
16,small_leak,2,1295,647547,283
16,small_leak,2,1296,648047,240
16,small_leak,2,1297,648547,205
16,small_leak,2,1298,649047,106
16,small_leak,2,1299,649547,115
16,small_leak,2,1300,650047,123
16,small_leak,2,1301,650547,75
16,small_leak,2,1302,651047,122
16,small_leak,2,1303,651547,112
16,small_leak,2,1304,652047,107
16,small_leak,2,1305,652547,71
16,small_leak,2,1306,653047,61
16,small_leak,2,1307,653547,51
16,small_leak,2,1308,654047,1
16,small_leak,2,1309,654547,0
16,small_leak,2,1310,655047,0
16,small_leak,2,1311,655547,0
16,small_leak,2,1312,656047,21
16,small_leak,2,1313,656547,21
16,small_leak,2,1314,657047,172
16,small_leak,2,1315,657547,166
16,small_leak,2,1316,658047,151
16,small_leak,2,1317,658547,120
16,small_leak,2,1318,659047,160
16,small_leak,2,1319,659547,245
16,small_leak,2,1320,660047,221
16,small_leak,2,1321,660547,123
16,small_leak,2,1322,661047,234
16,small_leak,2,1323,661547,109
16,small_leak,2,1324,662047,217
16,small_leak,2,1325,662547,270
16,small_leak,2,1326,663047,200
16,small_leak,2,1327,663547,269
16,small_leak,2,1328,664047,235
16,small_leak,2,1329,664547,174
16,small_leak,2,1330,665047,219
16,small_leak,2,1331,665547,295
16,small_leak,2,1332,666047,329
16,small_leak,2,1333,666547,181
16,small_leak,2,1334,667047,117
16,small_leak,2,1335,667547,112
16,small_leak,2,1336,668047,185
16,small_leak,2,1337,668547,109
16,small_leak,2,1338,669047,95
16,small_leak,2,1339,669547,83
16,small_leak,2,1340,670047,115
16,small_leak,2,1341,670547,50
16,small_leak,2,1342,671047,23
16,small_leak,2,1343,671547,123
16,small_leak,2,1344,672047,155
16,small_leak,2,1345,672547,181
16,small_leak,2,1346,673047,297
16,small_leak,2,1347,673547,199
16,small_leak,2,1348,674047,167
16,small_leak,2,1349,674547,199
16,small_leak,2,1350,675047,278
16,small_leak,2,1351,675547,213
16,small_leak,2,1352,676047,187
16,small_leak,2,1353,676547,141
16,small_leak,2,1354,677047,139
16,small_leak,2,1355,677547,190
16,small_leak,2,1356,678047,116
16,small_leak,2,1357,678547,103
16,small_leak,2,1358,679047,87
16,small_leak,2,1359,679547,29
16,small_leak,2,1360,680047,121
16,small_leak,2,1361,680547,82
16,small_leak,2,1362,681047,111
16,small_leak,2,1363,681547,92
16,small_leak,2,1364,682047,307
16,small_leak,2,1365,682547,154
16,small_leak,2,1366,683047,105
16,small_leak,2,1367,683547,56
16,small_leak,2,1368,684047,77
16,small_leak,2,1369,684547,35
16,small_leak,2,1370,685047,0
16,small_leak,2,1371,685547,37
16,small_leak,2,1372,686047,37
16,small_leak,2,1373,686547,0
16,small_leak,2,1374,687047,109
16,small_leak,2,1375,687547,203
16,small_leak,2,1376,688047,167
16,small_leak,2,1377,688547,107
16,small_leak,2,1378,689047,251
16,small_leak,2,1379,689547,215
16,small_leak,2,1380,690047,232
16,small_leak,2,1381,690547,171
16,small_leak,2,1382,691047,175
16,small_leak,2,1383,691547,152
16,small_leak,2,1384,692047,118
16,small_leak,2,1385,692547,151
16,small_leak,2,1386,693047,215
16,small_leak,2,1387,693547,147
16,small_leak,2,1388,694047,243
16,small_leak,2,1389,694547,243
16,small_leak,2,1390,695047,301
16,small_leak,2,1391,695547,302
16,small_leak,2,1392,696047,397
16,small_leak,2,1393,696547,314
16,small_leak,2,1394,697047,269
16,small_leak,2,1395,697547,181
16,small_leak,2,1396,698047,85
16,small_leak,2,1397,698547,12
16,small_leak,2,1398,699047,0
16,small_leak,2,1399,699547,92
16,small_leak,2,1400,700047,53
16,small_leak,2,1401,700547,125
16,small_leak,2,1402,701047,99
16,small_leak,2,1403,701547,69
16,small_leak,2,1404,702047,174
16,small_leak,2,1405,702547,228
16,small_leak,2,1406,703047,181
16,small_leak,2,1407,703547,155
16,small_leak,2,1408,704047,199
16,small_leak,2,1409,704547,239
16,small_leak,2,1410,705048,227
16,small_leak,2,1411,705547,155
16,small_leak,2,1412,706047,184
16,small_leak,2,1413,706547,242
16,small_leak,2,1414,707047,141
16,small_leak,2,1415,707547,174
16,small_leak,2,1416,708047,85
16,small_leak,2,1417,708547,36
16,small_leak,2,1418,709047,135
16,small_leak,2,1419,709547,159
16,small_leak,2,1420,710047,283
16,small_leak,2,1421,710547,111
16,small_leak,2,1422,711047,205
16,small_leak,2,1423,711547,115
16,small_leak,2,1424,712047,287
16,small_leak,2,1425,712547,155
16,small_leak,2,1426,713047,175
16,small_leak,2,1427,713547,175
16,small_leak,2,1428,714047,175
16,small_leak,2,1429,714547,173
16,small_leak,2,1430,715047,233
16,small_leak,2,1431,715547,101
16,small_leak,2,1432,716047,157
16,small_leak,2,1433,716547,75
16,small_leak,2,1434,717047,123
16,small_leak,2,1435,717547,96
16,small_leak,2,1436,718047,119
16,small_leak,2,1437,718547,123
16,small_leak,2,1438,719047,114
16,small_leak,2,1439,719547,135
16,small_leak,2,1440,720047,219
16,small_leak,2,1441,720547,116
16,small_leak,2,1442,721047,175
16,small_leak,2,1443,721547,215
16,small_leak,2,1444,722047,233
16,small_leak,2,1445,722547,157
16,small_leak,2,1446,723047,169
16,small_leak,2,1447,723547,101
16,small_leak,2,1448,724047,221
16,small_leak,2,1449,724547,228
16,small_leak,2,1450,725047,314
16,small_leak,2,1451,725547,249
16,small_leak,2,1452,726047,173
16,small_leak,2,1453,726547,213
16,small_leak,2,1454,727047,155
16,small_leak,2,1455,727547,125
16,small_leak,2,1456,728047,111
16,small_leak,2,1457,728547,123
16,small_leak,2,1458,729047,123
16,small_leak,2,1459,729547,133
16,small_leak,2,1460,730047,137
16,small_leak,2,1461,730547,126
16,small_leak,2,1462,731047,95
16,small_leak,2,1463,731547,147
16,small_leak,2,1464,732047,43
16,small_leak,2,1465,732547,151
16,small_leak,2,1466,733047,153
16,small_leak,2,1467,733547,153
16,small_leak,2,1468,734047,125
16,small_leak,2,1469,734547,139
16,small_leak,2,1470,735047,111
16,small_leak,2,1471,735547,23
16,small_leak,2,1472,736047,83
16,small_leak,2,1473,736547,243
16,small_leak,2,1474,737047,231
16,small_leak,2,1475,737547,239
16,small_leak,2,1476,738047,126
16,small_leak,2,1477,738547,125
16,small_leak,2,1478,739047,121
16,small_leak,2,1479,739547,103
16,small_leak,2,1480,740047,111
16,small_leak,2,1481,740547,47
16,small_leak,2,1482,741047,0
16,small_leak,2,1483,741547,35
16,small_leak,2,1484,742047,79
16,small_leak,2,1485,742547,43
16,small_leak,2,1486,743047,1
16,small_leak,2,1487,743547,57
16,small_leak,2,1488,744047,183
16,small_leak,2,1489,744547,185
16,small_leak,2,1490,745047,109
16,small_leak,2,1491,745547,199
16,small_leak,2,1492,746047,109
16,small_leak,2,1493,746547,25
16,small_leak,2,1494,747047,124
16,small_leak,2,1495,747547,159
16,small_leak,2,1496,748047,47
16,small_leak,2,1497,748547,0
16,small_leak,2,1498,749047,94
16,small_leak,2,1499,749547,73
16,small_leak,2,1500,750047,47
16,small_leak,2,1501,750547,0
16,small_leak,2,1502,751047,63
16,small_leak,2,1503,751547,17
16,small_leak,2,1504,752047,0
16,small_leak,2,1505,752547,43
16,small_leak,2,1506,753047,29
16,small_leak,2,1507,753547,27
16,small_leak,2,1508,754047,187
16,small_leak,2,1509,754547,69
16,small_leak,2,1510,755047,117
16,small_leak,2,1511,755547,119
16,small_leak,2,1512,756048,163
16,small_leak,2,1513,756547,174
16,small_leak,2,1514,757047,187
16,small_leak,2,1515,757547,233
16,small_leak,2,1516,758047,251
16,small_leak,2,1517,758547,317
16,small_leak,2,1518,759047,297
16,small_leak,2,1519,759547,265
16,small_leak,2,1520,760047,210
16,small_leak,2,1521,760547,197
16,small_leak,2,1522,761047,235
16,small_leak,2,1523,761547,120
16,small_leak,2,1524,762047,163
16,small_leak,2,1525,762547,295
16,small_leak,2,1526,763047,237
16,small_leak,2,1527,763547,308
16,small_leak,2,1528,764047,276
16,small_leak,2,1529,764547,281
16,small_leak,2,1530,765047,281
16,small_leak,2,1531,765547,219
16,small_leak,2,1532,766047,93
16,small_leak,2,1533,766547,192
16,small_leak,2,1534,767047,246
16,small_leak,2,1535,767547,293
16,small_leak,2,1536,768047,115
16,small_leak,2,1537,768547,279
16,small_leak,2,1538,769047,331
16,small_leak,2,1539,769547,105
16,small_leak,2,1540,770047,219
16,small_leak,2,1541,770547,233
16,small_leak,2,1542,771047,215
16,small_leak,2,1543,771547,205
16,small_leak,2,1544,772047,133
16,small_leak,2,1545,772547,156
16,small_leak,2,1546,773047,39
16,small_leak,2,1547,773547,6
16,small_leak,2,1548,774047,55
16,small_leak,2,1549,774547,61
16,small_leak,2,1550,775047,91
16,small_leak,2,1551,775547,63
16,small_leak,2,1552,776047,13
16,small_leak,2,1553,776547,0
16,small_leak,2,1554,777047,0
16,small_leak,2,1555,777547,0
16,small_leak,2,1556,778047,59
16,small_leak,2,1557,778547,21
16,small_leak,2,1558,779047,39
16,small_leak,2,1559,779547,3
16,small_leak,2,1560,780047,45
16,small_leak,2,1561,780547,38
16,small_leak,2,1562,781047,0
16,small_leak,2,1563,781547,0
16,small_leak,2,1564,782047,169
16,small_leak,2,1565,782547,136
16,small_leak,2,1566,783047,107
16,small_leak,2,1567,783547,163
16,small_leak,2,1568,784047,70
16,small_leak,2,1569,784547,205
16,small_leak,2,1570,785047,263
16,small_leak,2,1571,785547,89
16,small_leak,2,1572,786047,185
16,small_leak,2,1573,786547,53
16,small_leak,2,1574,787047,182
16,small_leak,2,1575,787547,184
16,small_leak,2,1576,788047,198
16,small_leak,2,1577,788547,293
16,small_leak,2,1578,789047,254
16,small_leak,2,1579,789547,286
16,small_leak,2,1580,790047,375
16,small_leak,2,1581,790547,300
16,small_leak,2,1582,791047,263
16,small_leak,2,1583,791547,297
16,small_leak,2,1584,792047,277
16,small_leak,2,1585,792547,281
16,small_leak,2,1586,793047,230
16,small_leak,2,1587,793547,151
16,small_leak,2,1588,794047,57
16,small_leak,2,1589,794547,89
16,small_leak,2,1590,795047,13
16,small_leak,2,1591,795547,74
16,small_leak,2,1592,796047,78
16,small_leak,2,1593,796547,37
16,small_leak,2,1594,797047,45
16,small_leak,2,1595,797547,79
16,small_leak,2,1596,798047,123
16,small_leak,2,1597,798547,50
16,small_leak,2,1598,799047,61
16,small_leak,2,1599,799547,167
16,small_leak,2,1600,800047,135
16,small_leak,2,1601,800547,30
16,small_leak,2,1602,801047,45
16,small_leak,2,1603,801547,85
16,small_leak,2,1604,802047,12
16,small_leak,2,1605,802547,89
16,small_leak,2,1606,803047,101
16,small_leak,2,1607,803547,115
16,small_leak,2,1608,804047,79
16,small_leak,2,1609,804547,22
16,small_leak,2,1610,805047,0
16,small_leak,2,1611,805547,189
16,small_leak,2,1612,806047,261
16,small_leak,2,1613,806547,176
16,small_leak,2,1614,807047,91
16,small_leak,2,1615,807547,111
16,small_leak,2,1616,808047,331
16,small_leak,2,1617,808547,365
16,small_leak,2,1618,809047,381
16,small_leak,2,1619,809547,405
16,small_leak,2,1620,810047,363
16,small_leak,2,1621,810547,313
16,small_leak,2,1622,811047,308
16,small_leak,2,1623,811547,227
16,small_leak,2,1624,812047,345
16,small_leak,2,1625,812547,235
16,small_leak,2,1626,813047,251
16,small_leak,2,1627,813547,181
16,small_leak,2,1628,814047,175
16,small_leak,2,1629,814547,47
16,small_leak,2,1630,815047,55
16,small_leak,2,1631,815547,147
16,small_leak,2,1632,816047,53
16,small_leak,2,1633,816547,120
16,small_leak,2,1634,817048,101
16,small_leak,2,1635,817547,51
16,small_leak,2,1636,818047,78
16,small_leak,2,1637,818547,280
16,small_leak,2,1638,819047,383
16,small_leak,2,1639,819547,255
16,small_leak,2,1640,820047,314
16,small_leak,2,1641,820547,233
16,small_leak,2,1642,821047,233
16,small_leak,2,1643,821547,218
16,small_leak,2,1644,822047,223
16,small_leak,2,1645,822547,278
16,small_leak,2,1646,823047,253
16,small_leak,2,1647,823547,295
16,small_leak,2,1648,824047,180
16,small_leak,2,1649,824547,123
16,small_leak,2,1650,825047,140
16,small_leak,2,1651,825547,93
16,small_leak,2,1652,826047,72
16,small_leak,2,1653,826547,45
16,small_leak,2,1654,827047,53
16,small_leak,2,1655,827547,31
16,small_leak,2,1656,828047,12
16,small_leak,2,1657,828547,61
16,small_leak,2,1658,829047,5
16,small_leak,2,1659,829547,11
16,small_leak,2,1660,830047,0
16,small_leak,2,1661,830547,0
16,small_leak,2,1662,831047,93
16,small_leak,2,1663,831547,17
16,small_leak,2,1664,832047,125
16,small_leak,2,1665,832547,181
16,small_leak,2,1666,833047,247
16,small_leak,2,1667,833547,203
16,small_leak,2,1668,834047,211
16,small_leak,2,1669,834547,236
16,small_leak,2,1670,835047,249
16,small_leak,2,1671,835547,246
16,small_leak,2,1672,836047,265
16,small_leak,2,1673,836547,285
16,small_leak,2,1674,837047,277
16,small_leak,2,1675,837547,296
16,small_leak,2,1676,838047,261
16,small_leak,2,1677,838547,169
16,small_leak,2,1678,839047,165
16,small_leak,2,1679,839547,175
16,small_leak,2,1680,840047,201
16,small_leak,2,1681,840547,181
16,small_leak,2,1682,841047,203
16,small_leak,2,1683,841547,134
16,small_leak,2,1684,842047,106
16,small_leak,2,1685,842547,97
16,small_leak,2,1686,843047,85
16,small_leak,2,1687,843547,91
16,small_leak,2,1688,844047,169
16,small_leak,2,1689,844547,277
16,small_leak,2,1690,845047,88
16,small_leak,2,1691,845547,16
16,small_leak,2,1692,846048,62
16,small_leak,2,1693,846547,63
16,small_leak,2,1694,847047,109
16,small_leak,2,1695,847547,157
16,small_leak,2,1696,848047,167
16,small_leak,2,1697,848547,313
16,small_leak,2,1698,849047,221
16,small_leak,2,1699,849547,89
16,small_leak,2,1700,850047,203
16,small_leak,2,1701,850547,252
16,small_leak,2,1702,851047,204
16,small_leak,2,1703,851547,119
16,small_leak,2,1704,852047,70
16,small_leak,2,1705,852547,6
16,small_leak,2,1706,853047,87
16,small_leak,2,1707,853547,23
16,small_leak,2,1708,854047,159
16,small_leak,2,1709,854547,115
16,small_leak,2,1710,855047,143
16,small_leak,2,1711,855547,217
16,small_leak,2,1712,856047,69
16,small_leak,2,1713,856547,19
16,small_leak,2,1714,857047,185
16,small_leak,2,1715,857547,165
16,small_leak,2,1716,858047,117
16,small_leak,2,1717,858547,69
16,small_leak,2,1718,859047,29
16,small_leak,2,1719,859547,191
16,small_leak,2,1720,860047,151
16,small_leak,2,1721,860547,155
16,small_leak,2,1722,861047,173
16,small_leak,2,1723,861547,173
16,small_leak,2,1724,862047,91
16,small_leak,2,1725,862547,83
16,small_leak,2,1726,863047,43
16,small_leak,2,1727,863547,12
16,small_leak,2,1728,864047,75
16,small_leak,2,1729,864547,103
16,small_leak,2,1730,865047,210
16,small_leak,2,1731,865547,107
16,small_leak,2,1732,866047,77
16,small_leak,2,1733,866547,109
16,small_leak,2,1734,867047,155
16,small_leak,2,1735,867547,71
16,small_leak,2,1736,868047,101
16,small_leak,2,1737,868547,137
16,small_leak,2,1738,869047,55
16,small_leak,2,1739,869547,83
16,small_leak,2,1740,870047,36
16,small_leak,2,1741,870547,3
16,small_leak,2,1742,871047,0
16,small_leak,2,1743,871547,0
16,small_leak,2,1744,872047,26
16,small_leak,2,1745,872547,0
16,small_leak,2,1746,873048,0
16,small_leak,2,1747,873547,71
16,small_leak,2,1748,874047,285
16,small_leak,2,1749,874547,269
16,small_leak,2,1750,875047,339
16,small_leak,2,1751,875547,215
16,small_leak,2,1752,876047,261
16,small_leak,2,1753,876547,237
16,small_leak,2,1754,877047,166
16,small_leak,2,1755,877547,211
16,small_leak,2,1756,878047,309
16,small_leak,2,1757,878547,162
16,small_leak,2,1758,879047,138
16,small_leak,2,1759,879547,61
16,small_leak,2,1760,880047,57
16,small_leak,2,1761,880547,45
16,small_leak,2,1762,881047,0
16,small_leak,2,1763,881547,0
16,small_leak,2,1764,882047,85
16,small_leak,2,1765,882547,143
16,small_leak,2,1766,883047,163
16,small_leak,2,1767,883547,217
16,small_leak,2,1768,884047,119
16,small_leak,2,1769,884547,220
16,small_leak,2,1770,885047,253
16,small_leak,2,1771,885547,101
16,small_leak,2,1772,886047,184
16,small_leak,2,1773,886547,201
16,small_leak,2,1774,887047,75
16,small_leak,2,1775,887547,9
16,small_leak,2,1776,888047,21
16,small_leak,2,1777,888547,28
16,small_leak,2,1778,889047,91
16,small_leak,2,1779,889547,53
16,small_leak,2,1780,890047,77
16,small_leak,2,1781,890547,9
16,small_leak,2,1782,891047,315
16,small_leak,2,1783,891547,101
16,small_leak,2,1784,892047,226
16,small_leak,2,1785,892547,72
16,small_leak,2,1786,893047,12
16,small_leak,2,1787,893547,37
16,small_leak,2,1788,894047,11
16,small_leak,2,1789,894547,103
16,small_leak,2,1790,895047,167
16,small_leak,2,1791,895547,283
16,small_leak,2,1792,896047,172
16,small_leak,2,1793,896547,47
16,small_leak,2,1794,897047,238
16,small_leak,2,1795,897547,123
16,small_leak,2,1796,898047,126
16,small_leak,2,1797,898547,167
16,small_leak,2,1798,899047,247
16,small_leak,2,1799,899547,151
16,small_leak,2,1800,900048,43
16,small_leak,2,1801,900547,155
16,small_leak,2,1802,901047,81
16,small_leak,2,1803,901547,121
16,small_leak,2,1804,902047,231
16,small_leak,2,1805,902547,138
16,small_leak,2,1806,903047,236
16,small_leak,2,1807,903547,176
16,small_leak,2,1808,904047,237
16,small_leak,2,1809,904547,220
16,small_leak,2,1810,905047,169
16,small_leak,2,1811,905547,285
16,small_leak,2,1812,906047,243
16,small_leak,2,1813,906547,261
16,small_leak,2,1814,907047,269
16,small_leak,2,1815,907547,115
16,small_leak,2,1816,908047,318
16,small_leak,2,1817,908547,205
16,small_leak,2,1818,909047,170
16,small_leak,2,1819,909547,280
16,small_leak,2,1820,910047,381
16,small_leak,2,1821,910547,313
16,small_leak,2,1822,911047,331
16,small_leak,2,1823,911547,233
16,small_leak,2,1824,912047,234
16,small_leak,2,1825,912547,231
16,small_leak,2,1826,913048,159
16,small_leak,2,1827,913547,134
16,small_leak,2,1828,914047,142
16,small_leak,2,1829,914547,71
16,small_leak,2,1830,915047,53
16,small_leak,2,1831,915547,176
16,small_leak,2,1832,916047,183
16,small_leak,2,1833,916547,103
16,small_leak,2,1834,917047,59
16,small_leak,2,1835,917547,109
16,small_leak,2,1836,918047,116
16,small_leak,2,1837,918547,87
16,small_leak,2,1838,919047,13
16,small_leak,2,1839,919547,61
16,small_leak,2,1840,920047,8
16,small_leak,2,1841,920547,58
16,small_leak,2,1842,921047,56
16,small_leak,2,1843,921547,118
16,small_leak,2,1844,922047,201
16,small_leak,2,1845,922547,262
16,small_leak,2,1846,923047,293
16,small_leak,2,1847,923547,117
16,small_leak,2,1848,924047,152
16,small_leak,2,1849,924547,40
16,small_leak,2,1850,925047,101
16,small_leak,2,1851,925547,185
16,small_leak,2,1852,926047,55
16,small_leak,2,1853,926547,164
16,small_leak,2,1854,927047,43
16,small_leak,2,1855,927547,0
16,small_leak,2,1856,928047,0
16,small_leak,2,1857,928547,0
16,small_leak,2,1858,929047,0
16,small_leak,2,1859,929547,0
16,small_leak,2,1860,930047,83
16,small_leak,2,1861,930547,11
16,small_leak,2,1862,931047,78
16,small_leak,2,1863,931547,107
16,small_leak,2,1864,932047,68
16,small_leak,2,1865,932547,165
16,small_leak,2,1866,933047,185
16,small_leak,2,1867,933547,69
16,small_leak,2,1868,934047,205
16,small_leak,2,1869,934547,343
16,small_leak,2,1870,935047,266
16,small_leak,2,1871,935547,254
16,small_leak,2,1872,936047,246
16,small_leak,2,1873,936547,249
16,small_leak,2,1874,937047,295
16,small_leak,2,1875,937547,239
16,small_leak,2,1876,938047,210
16,small_leak,2,1877,938547,147
16,small_leak,2,1878,939047,207
16,small_leak,2,1879,939547,187
16,small_leak,2,1880,940047,617
16,small_leak,2,1881,940547,327
16,small_leak,2,1882,941047,175
16,small_leak,2,1883,941547,120
16,small_leak,2,1884,942047,245
16,small_leak,2,1885,942547,189
16,small_leak,2,1886,943047,103
16,small_leak,2,1887,943547,435
16,small_leak,2,1888,944047,217
16,small_leak,2,1889,944547,181
16,small_leak,2,1890,945047,276
16,small_leak,2,1891,945547,205
16,small_leak,2,1892,946047,203
16,small_leak,2,1893,946547,179
16,small_leak,2,1894,947047,360
16,small_leak,2,1895,947547,183
16,small_leak,2,1896,948048,205
16,small_leak,2,1897,948547,228
16,small_leak,2,1898,949047,111
16,small_leak,2,1899,949547,135
16,small_leak,2,1900,950047,137
16,small_leak,2,1901,950547,122
16,small_leak,2,1902,951047,87
16,small_leak,2,1903,951547,39
16,small_leak,2,1904,952047,61
16,small_leak,2,1905,952547,111
16,small_leak,2,1906,953047,85
16,small_leak,2,1907,953547,76
16,small_leak,2,1908,954047,52
16,small_leak,2,1909,954547,41
16,small_leak,2,1910,955047,127
16,small_leak,2,1911,955547,132
16,small_leak,2,1912,956047,37
16,small_leak,2,1913,956547,105
16,small_leak,2,1914,957047,70
16,small_leak,2,1915,957547,57
16,small_leak,2,1916,958047,275
16,small_leak,2,1917,958547,185
16,small_leak,2,1918,959047,327
16,small_leak,2,1919,959547,165
16,small_leak,2,1920,960047,215
16,small_leak,2,1921,960547,191
16,small_leak,2,1922,961047,221
16,small_leak,2,1923,961547,121
16,small_leak,2,1924,962047,253
16,small_leak,2,1925,962547,268
16,small_leak,2,1926,963047,280
16,small_leak,2,1927,963547,271
16,small_leak,2,1928,964047,338
16,small_leak,2,1929,964547,249
16,small_leak,2,1930,965047,223
16,small_leak,2,1931,965547,175
16,small_leak,2,1932,966047,142
16,small_leak,2,1933,966547,135
16,small_leak,2,1934,967047,171
16,small_leak,2,1935,967547,107
16,small_leak,2,1936,968047,71
16,small_leak,2,1937,968547,82
16,small_leak,2,1938,969047,123
16,small_leak,2,1939,969547,27
16,small_leak,2,1940,970047,2
16,small_leak,2,1941,970547,0
16,small_leak,2,1942,971047,0
16,small_leak,2,1943,971547,0
16,small_leak,2,1944,972048,0
16,small_leak,2,1945,972547,103
16,small_leak,2,1946,973047,91
16,small_leak,2,1947,973547,134
16,small_leak,2,1948,974047,121
16,small_leak,2,1949,974547,248
16,small_leak,2,1950,975047,102
16,small_leak,2,1951,975547,455
16,small_leak,2,1952,976047,505
16,small_leak,2,1953,976547,393
16,small_leak,2,1954,977047,214
16,small_leak,2,1955,977547,170
16,small_leak,2,1956,978047,149
16,small_leak,2,1957,978547,45
16,small_leak,2,1958,979047,61
16,small_leak,2,1959,979547,153
16,small_leak,2,1960,980047,47
16,small_leak,2,1961,980547,187
16,small_leak,2,1962,981047,53
16,small_leak,2,1963,981547,56
16,small_leak,2,1964,982047,45
16,small_leak,2,1965,982547,99
16,small_leak,2,1966,983047,216
16,small_leak,2,1967,983547,101
16,small_leak,2,1968,984047,120
16,small_leak,2,1969,984547,69
16,small_leak,2,1970,985047,160
16,small_leak,2,1971,985547,239
16,small_leak,2,1972,986047,98
16,small_leak,2,1973,986547,59
16,small_leak,2,1974,987047,83
16,small_leak,2,1975,987547,11
16,small_leak,2,1976,988047,107
16,small_leak,2,1977,988547,45
16,small_leak,2,1978,989047,0
16,small_leak,2,1979,989547,77
16,small_leak,2,1980,990047,146
16,small_leak,2,1981,990547,125
16,small_leak,2,1982,991047,172
16,small_leak,2,1983,991547,168
16,small_leak,2,1984,992047,147
16,small_leak,2,1985,992547,357
16,small_leak,2,1986,993047,295
16,small_leak,2,1987,993547,203
16,small_leak,2,1988,994047,253
16,small_leak,2,1989,994547,217
16,small_leak,2,1990,995047,121
16,small_leak,2,1991,995547,31
16,small_leak,2,1992,996047,151
16,small_leak,2,1993,996547,253
16,small_leak,2,1994,997047,247
16,small_leak,2,1995,997547,246
16,small_leak,2,1996,998047,149
16,small_leak,2,1997,998547,39
16,small_leak,2,1998,999047,71
16,small_leak,2,1999,999547,35
16,small_leak,3,0,48,183
16,small_leak,3,1,547,169
16,small_leak,3,2,1047,159
16,small_leak,3,3,1547,125
16,small_leak,3,4,2047,103
16,small_leak,3,5,2547,183
16,small_leak,3,6,3047,165
16,small_leak,3,7,3547,91
16,small_leak,3,8,4047,69
16,small_leak,3,9,4547,218
16,small_leak,3,10,5047,165
16,small_leak,3,11,5547,137
16,small_leak,3,12,6047,59
16,small_leak,3,13,6547,44
16,small_leak,3,14,7047,75
16,small_leak,3,15,7547,89
16,small_leak,3,16,8047,214
16,small_leak,3,17,8547,83
16,small_leak,3,18,9047,47
16,small_leak,3,19,9547,2
16,small_leak,3,20,10047,21
16,small_leak,3,21,10547,0
16,small_leak,3,22,11047,149
16,small_leak,3,23,11547,38
16,small_leak,3,24,12047,0
16,small_leak,3,25,12547,89
16,small_leak,3,26,13047,107
16,small_leak,3,27,13547,143
16,small_leak,3,28,14047,229
16,small_leak,3,29,14547,181
16,small_leak,3,30,15047,365
16,small_leak,3,31,15547,373
16,small_leak,3,32,16047,304
16,small_leak,3,33,16547,238
16,small_leak,3,34,17047,197
16,small_leak,3,35,17547,189
16,small_leak,3,36,18047,231
16,small_leak,3,37,18547,138
16,small_leak,3,38,19047,29
16,small_leak,3,39,19547,210
16,small_leak,3,40,20047,205
16,small_leak,3,41,20547,149
16,small_leak,3,42,21048,122
16,small_leak,3,43,21547,199
16,small_leak,3,44,22047,89
16,small_leak,3,45,22547,122
16,small_leak,3,46,23047,105
16,small_leak,3,47,23547,169
16,small_leak,3,48,24047,138
16,small_leak,3,49,24547,185
16,small_leak,3,50,25047,125
16,small_leak,3,51,25547,93
16,small_leak,3,52,26047,227
16,small_leak,3,53,26547,107
16,small_leak,3,54,27047,135
16,small_leak,3,55,27547,57
16,small_leak,3,56,28047,101
16,small_leak,3,57,28547,30
16,small_leak,3,58,29047,63
16,small_leak,3,59,29547,95
16,small_leak,3,60,30047,26
16,small_leak,3,61,30547,104
16,small_leak,3,62,31047,119
16,small_leak,3,63,31547,107
16,small_leak,3,64,32047,187
16,small_leak,3,65,32547,303
16,small_leak,3,66,33047,210
16,small_leak,3,67,33547,125
16,small_leak,3,68,34047,171
16,small_leak,3,69,34547,269
16,small_leak,3,70,35047,171
16,small_leak,3,71,35547,235
16,small_leak,3,72,36047,249
16,small_leak,3,73,36547,189
16,small_leak,3,74,37047,127
16,small_leak,3,75,37547,222
16,small_leak,3,76,38047,190
16,small_leak,3,77,38547,245
16,small_leak,3,78,39047,293
16,small_leak,3,79,39547,125
16,small_leak,3,80,40047,167
16,small_leak,3,81,40547,148
16,small_leak,3,82,41047,69
16,small_leak,3,83,41547,92
16,small_leak,3,84,42047,40
16,small_leak,3,85,42547,55
16,small_leak,3,86,43047,23
16,small_leak,3,87,43547,75
16,small_leak,3,88,44047,9
16,small_leak,3,89,44547,0
16,small_leak,3,90,45047,5
16,small_leak,3,91,45547,0
16,small_leak,3,92,46047,0
16,small_leak,3,93,46547,0
16,small_leak,3,94,47047,326
16,small_leak,3,95,47547,105
16,small_leak,3,96,48047,33
16,small_leak,3,97,48547,121
16,small_leak,3,98,49047,133
16,small_leak,3,99,49547,281
16,small_leak,3,100,50047,187
16,small_leak,3,101,50547,131
16,small_leak,3,102,51047,169
16,small_leak,3,103,51547,93
16,small_leak,3,104,52047,17
16,small_leak,3,105,52547,125
16,small_leak,3,106,53047,293
16,small_leak,3,107,53547,151
16,small_leak,3,108,54047,185
16,small_leak,3,109,54547,58
16,small_leak,3,110,55047,277
16,small_leak,3,111,55547,274
16,small_leak,3,112,56047,203
16,small_leak,3,113,56547,169
16,small_leak,3,114,57047,319
16,small_leak,3,115,57547,244
16,small_leak,3,116,58047,299
16,small_leak,3,117,58547,329
16,small_leak,3,118,59047,238
16,small_leak,3,119,59547,199
16,small_leak,3,120,60047,197
16,small_leak,3,121,60547,93
16,small_leak,3,122,61047,179
16,small_leak,3,123,61547,88
16,small_leak,3,124,62047,13
16,small_leak,3,125,62547,85
16,small_leak,3,126,63047,12
16,small_leak,3,127,63547,12
16,small_leak,3,128,64047,155
16,small_leak,3,129,64547,123
16,small_leak,3,130,65047,167
16,small_leak,3,131,65547,109
16,small_leak,3,132,66047,104
16,small_leak,3,133,66547,20
16,small_leak,3,134,67047,74
16,small_leak,3,135,67547,21
16,small_leak,3,136,68047,199
16,small_leak,3,137,68547,300
16,small_leak,3,138,69047,108
16,small_leak,3,139,69547,221
16,small_leak,3,140,70047,155
16,small_leak,3,141,70547,111
16,small_leak,3,142,71047,217
16,small_leak,3,143,71547,327
16,small_leak,3,144,72047,347
16,small_leak,3,145,72547,441
16,small_leak,3,146,73047,443
16,small_leak,3,147,73547,488
16,small_leak,3,148,74047,358
16,small_leak,3,149,74547,269
16,small_leak,3,150,75047,107
16,small_leak,3,151,75547,137
16,small_leak,3,152,76047,99
16,small_leak,3,153,76547,168
16,small_leak,3,154,77047,87
16,small_leak,3,155,77547,51
16,small_leak,3,156,78047,1
16,small_leak,3,157,78547,116
16,small_leak,3,158,79047,45
16,small_leak,3,159,79547,0
16,small_leak,3,160,80047,0
16,small_leak,3,161,80547,17
16,small_leak,3,162,81047,131
16,small_leak,3,163,81547,93
16,small_leak,3,164,82047,239
16,small_leak,3,165,82547,103
16,small_leak,3,166,83047,105
16,small_leak,3,167,83547,171
16,small_leak,3,168,84047,245
16,small_leak,3,169,84547,297
16,small_leak,3,170,85047,202
16,small_leak,3,171,85547,243
16,small_leak,3,172,86047,153
16,small_leak,3,173,86547,165
16,small_leak,3,174,87047,149
16,small_leak,3,175,87547,141
16,small_leak,3,176,88047,188
16,small_leak,3,177,88547,184
16,small_leak,3,178,89047,79
16,small_leak,3,179,89547,115
16,small_leak,3,180,90047,91
16,small_leak,3,181,90547,125
16,small_leak,3,182,91047,159
16,small_leak,3,183,91547,158
16,small_leak,3,184,92047,170
16,small_leak,3,185,92547,99
16,small_leak,3,186,93047,139
16,small_leak,3,187,93547,300
16,small_leak,3,188,94047,220
16,small_leak,3,189,94547,283
16,small_leak,3,190,95047,227
16,small_leak,3,191,95547,201
16,small_leak,3,192,96047,135
16,small_leak,3,193,96547,55
16,small_leak,3,194,97047,31
16,small_leak,3,195,97547,36
16,small_leak,3,196,98048,84
16,small_leak,3,197,98547,40
16,small_leak,3,198,99047,0
16,small_leak,3,199,99547,0
16,small_leak,3,200,100047,8
16,small_leak,3,201,100547,0
16,small_leak,3,202,101047,125
16,small_leak,3,203,101547,31
16,small_leak,3,204,102047,47
16,small_leak,3,205,102547,147
16,small_leak,3,206,103047,151
16,small_leak,3,207,103547,215
16,small_leak,3,208,104047,73
16,small_leak,3,209,104547,125
16,small_leak,3,210,105047,152
16,small_leak,3,211,105547,45
16,small_leak,3,212,106047,59
16,small_leak,3,213,106547,25
16,small_leak,3,214,107047,437
16,small_leak,3,215,107547,165
16,small_leak,3,216,108047,199
16,small_leak,3,217,108547,163
16,small_leak,3,218,109047,133
16,small_leak,3,219,109547,157
16,small_leak,3,220,110047,347
16,small_leak,3,221,110547,301
16,small_leak,3,222,111047,416
16,small_leak,3,223,111547,341
16,small_leak,3,224,112047,310
16,small_leak,3,225,112547,192
16,small_leak,3,226,113047,217
16,small_leak,3,227,113547,175
16,small_leak,3,228,114047,89
16,small_leak,3,229,114547,26
16,small_leak,3,230,115047,0
16,small_leak,3,231,115547,0
16,small_leak,3,232,116047,169
16,small_leak,3,233,116547,45
16,small_leak,3,234,117047,53
16,small_leak,3,235,117547,21
16,small_leak,3,236,118047,42
16,small_leak,3,237,118547,19
16,small_leak,3,238,119047,199
16,small_leak,3,239,119547,263
16,small_leak,3,240,120047,118
16,small_leak,3,241,120547,476
16,small_leak,3,242,121047,160
16,small_leak,3,243,121547,207
16,small_leak,3,244,122047,221
16,small_leak,3,245,122547,105
16,small_leak,3,246,123047,99
16,small_leak,3,247,123547,137
16,small_leak,3,248,124047,110
16,small_leak,3,249,124547,109
16,small_leak,3,250,125047,103
16,small_leak,3,251,125547,127
16,small_leak,3,252,126047,197
16,small_leak,3,253,126547,185
16,small_leak,3,254,127047,288
16,small_leak,3,255,127547,175
16,small_leak,3,256,128047,201
16,small_leak,3,257,128547,276
16,small_leak,3,258,129047,397
16,small_leak,3,259,129547,333
16,small_leak,3,260,130047,279
16,small_leak,3,261,130547,347
16,small_leak,3,262,131047,327
16,small_leak,3,263,131547,355
16,small_leak,3,264,132047,327
16,small_leak,3,265,132547,332
16,small_leak,3,266,133047,247
16,small_leak,3,267,133547,271
16,small_leak,3,268,134047,210
16,small_leak,3,269,134547,140
16,small_leak,3,270,135047,53
16,small_leak,3,271,135547,11
16,small_leak,3,272,136047,0
16,small_leak,3,273,136547,0
16,small_leak,3,274,137047,0
16,small_leak,3,275,137547,79
16,small_leak,3,276,138047,149
16,small_leak,3,277,138547,103
16,small_leak,3,278,139047,117
16,small_leak,3,279,139547,139
16,small_leak,3,280,140047,249
16,small_leak,3,281,140547,83
16,small_leak,3,282,141047,86
16,small_leak,3,283,141547,25
16,small_leak,3,284,142047,157
16,small_leak,3,285,142547,59
16,small_leak,3,286,143047,4
16,small_leak,3,287,143547,0
16,small_leak,3,288,144048,75
16,small_leak,3,289,144547,86
16,small_leak,3,290,145047,83
16,small_leak,3,291,145547,57
16,small_leak,3,292,146047,102
16,small_leak,3,293,146547,19
16,small_leak,3,294,147047,86
16,small_leak,3,295,147547,77
16,small_leak,3,296,148047,149
16,small_leak,3,297,148547,121
16,small_leak,3,298,149047,141
16,small_leak,3,299,149547,122
16,small_leak,3,300,150047,87
16,small_leak,3,301,150547,171
16,small_leak,3,302,151047,120
16,small_leak,3,303,151547,228
16,small_leak,3,304,152047,141
16,small_leak,3,305,152547,199
16,small_leak,3,306,153047,309
16,small_leak,3,307,153547,153
16,small_leak,3,308,154047,211
16,small_leak,3,309,154547,139
16,small_leak,3,310,155047,185
16,small_leak,3,311,155547,173
16,small_leak,3,312,156047,178
16,small_leak,3,313,156547,53
16,small_leak,3,314,157047,102
16,small_leak,3,315,157547,67
16,small_leak,3,316,158047,95
16,small_leak,3,317,158547,159
16,small_leak,3,318,159047,103
16,small_leak,3,319,159547,115
16,small_leak,3,320,160047,75
16,small_leak,3,321,160547,103
16,small_leak,3,322,161048,89
16,small_leak,3,323,161547,393
16,small_leak,3,324,162047,277
16,small_leak,3,325,162547,359
16,small_leak,3,326,163047,183
16,small_leak,3,327,163547,169
16,small_leak,3,328,164047,139
16,small_leak,3,329,164547,203
16,small_leak,3,330,165047,125
16,small_leak,3,331,165547,101
16,small_leak,3,332,166047,23
16,small_leak,3,333,166547,126
16,small_leak,3,334,167047,139
16,small_leak,3,335,167547,31
16,small_leak,3,336,168047,3
16,small_leak,3,337,168547,24
16,small_leak,3,338,169047,26
16,small_leak,3,339,169547,171
16,small_leak,3,340,170047,381
16,small_leak,3,341,170547,301
16,small_leak,3,342,171047,327
16,small_leak,3,343,171547,311
16,small_leak,3,344,172047,308
16,small_leak,3,345,172547,304
16,small_leak,3,346,173047,245
16,small_leak,3,347,173547,221
16,small_leak,3,348,174047,217
16,small_leak,3,349,174547,269
16,small_leak,3,350,175047,121
16,small_leak,3,351,175547,85
16,small_leak,3,352,176047,30
16,small_leak,3,353,176547,6
16,small_leak,3,354,177047,0
16,small_leak,3,355,177547,39
16,small_leak,3,356,178047,9
16,small_leak,3,357,178547,134
16,small_leak,3,358,179047,125
16,small_leak,3,359,179547,55
16,small_leak,3,360,180047,101
16,small_leak,3,361,180547,31
16,small_leak,3,362,181047,0
16,small_leak,3,363,181547,0
16,small_leak,3,364,182047,0
16,small_leak,3,365,182547,11
16,small_leak,3,366,183047,0
16,small_leak,3,367,183547,95
16,small_leak,3,368,184047,142
16,small_leak,3,369,184547,106
16,small_leak,3,370,185047,148
16,small_leak,3,371,185547,173
16,small_leak,3,372,186047,255
16,small_leak,3,373,186547,86
16,small_leak,3,374,187047,317
16,small_leak,3,375,187547,327
16,small_leak,3,376,188047,201
16,small_leak,3,377,188547,191
16,small_leak,3,378,189047,149
16,small_leak,3,379,189547,108
16,small_leak,3,380,190047,402
16,small_leak,3,381,190547,215
16,small_leak,3,382,191047,63
16,small_leak,3,383,191547,5
16,small_leak,3,384,192047,247
16,small_leak,3,385,192547,295
16,small_leak,3,386,193047,245
16,small_leak,3,387,193547,77
16,small_leak,3,388,194047,143
16,small_leak,3,389,194547,217
16,small_leak,3,390,195047,211
16,small_leak,3,391,195547,411
16,small_leak,3,392,196047,239
16,small_leak,3,393,196547,169
16,small_leak,3,394,197047,187
16,small_leak,3,395,197547,181
16,small_leak,3,396,198047,223
16,small_leak,3,397,198547,221
16,small_leak,3,398,199047,221
16,small_leak,3,399,199547,119
16,small_leak,3,400,200047,135
16,small_leak,3,401,200547,92
16,small_leak,3,402,201047,91
16,small_leak,3,403,201547,17
16,small_leak,3,404,202047,0
16,small_leak,3,405,202547,0
16,small_leak,3,406,203047,0
16,small_leak,3,407,203547,59
16,small_leak,3,408,204047,120
16,small_leak,3,409,204547,26
16,small_leak,3,410,205047,0
16,small_leak,3,411,205547,61
16,small_leak,3,412,206047,5
16,small_leak,3,413,206547,0
16,small_leak,3,414,207047,0
16,small_leak,3,415,207547,0
16,small_leak,3,416,208047,176
16,small_leak,3,417,208547,47
16,small_leak,3,418,209047,152
16,small_leak,3,419,209547,85
16,small_leak,3,420,210047,171
16,small_leak,3,421,210547,247
16,small_leak,3,422,211047,355
16,small_leak,3,423,211547,437
16,small_leak,3,424,212047,467
16,small_leak,3,425,212547,412
16,small_leak,3,426,213048,311
16,small_leak,3,427,213547,383
16,small_leak,3,428,214047,360
16,small_leak,3,429,214547,203
16,small_leak,3,430,215047,213
16,small_leak,3,431,215547,251
16,small_leak,3,432,216047,191
16,small_leak,3,433,216547,138
16,small_leak,3,434,217047,92
16,small_leak,3,435,217547,225
16,small_leak,3,436,218047,329
16,small_leak,3,437,218547,119
16,small_leak,3,438,219047,93
16,small_leak,3,439,219547,79
16,small_leak,3,440,220047,61
16,small_leak,3,441,220547,21
16,small_leak,3,442,221047,0
16,small_leak,3,443,221547,0
16,small_leak,3,444,222047,0
16,small_leak,3,445,222547,0
16,small_leak,3,446,223047,0
16,small_leak,3,447,223547,51
16,small_leak,3,448,224047,11
16,small_leak,3,449,224547,106
16,small_leak,3,450,225047,58
16,small_leak,3,451,225547,201
16,small_leak,3,452,226047,91
16,small_leak,3,453,226547,138
16,small_leak,3,454,227047,133
16,small_leak,3,455,227547,443
16,small_leak,3,456,228047,255
16,small_leak,3,457,228547,235
16,small_leak,3,458,229047,234
16,small_leak,3,459,229547,159
16,small_leak,3,460,230047,149
16,small_leak,3,461,230547,121
16,small_leak,3,462,231047,121
16,small_leak,3,463,231547,189
16,small_leak,3,464,232048,137
16,small_leak,3,465,232547,333
16,small_leak,3,466,233047,149
16,small_leak,3,467,233547,473
16,small_leak,3,468,234047,347
16,small_leak,3,469,234547,457
16,small_leak,3,470,235047,400
16,small_leak,3,471,235547,434
16,small_leak,3,472,236047,439
16,small_leak,3,473,236547,405
16,small_leak,3,474,237047,283
16,small_leak,3,475,237547,205
16,small_leak,3,476,238047,189
16,small_leak,3,477,238547,202
16,small_leak,3,478,239047,121
16,small_leak,3,479,239547,61
16,small_leak,3,480,240047,37
16,small_leak,3,481,240547,85
16,small_leak,3,482,241047,30
16,small_leak,3,483,241547,83
16,small_leak,3,484,242047,135
16,small_leak,3,485,242547,59
16,small_leak,3,486,243047,7
16,small_leak,3,487,243547,0
16,small_leak,3,488,244047,59
16,small_leak,3,489,244547,35
16,small_leak,3,490,245047,39
16,small_leak,3,491,245547,227
16,small_leak,3,492,246047,71
16,small_leak,3,493,246547,13
16,small_leak,3,494,247047,0
16,small_leak,3,495,247547,0
16,small_leak,3,496,248047,91
16,small_leak,3,497,248547,147
16,small_leak,3,498,249047,203
16,small_leak,3,499,249547,299
16,small_leak,3,500,250047,288
16,small_leak,3,501,250547,213
16,small_leak,3,502,251047,217
16,small_leak,3,503,251547,262
16,small_leak,3,504,252047,309
16,small_leak,3,505,252547,379
16,small_leak,3,506,253047,239
16,small_leak,3,507,253547,275
16,small_leak,3,508,254047,153
16,small_leak,3,509,254547,55
16,small_leak,3,510,255047,101
16,small_leak,3,511,255547,59
16,small_leak,3,512,256047,60
16,small_leak,3,513,256547,69
16,small_leak,3,514,257047,37
16,small_leak,3,515,257547,77
16,small_leak,3,516,258047,11
16,small_leak,3,517,258547,155
16,small_leak,3,518,259047,41
16,small_leak,3,519,259547,83
16,small_leak,3,520,260047,47
16,small_leak,3,521,260547,11
16,small_leak,3,522,261047,179
16,small_leak,3,523,261547,181
16,small_leak,3,524,262047,53
16,small_leak,3,525,262547,28
16,small_leak,3,526,263047,134
16,small_leak,3,527,263547,53
16,small_leak,3,528,264048,100
16,small_leak,3,529,264547,165
16,small_leak,3,530,265047,44
16,small_leak,3,531,265547,70
16,small_leak,3,532,266047,20
16,small_leak,3,533,266547,95
16,small_leak,3,534,267047,205
16,small_leak,3,535,267547,172
16,small_leak,3,536,268047,146
16,small_leak,3,537,268547,93
16,small_leak,3,538,269047,19
16,small_leak,3,539,269547,184
16,small_leak,3,540,270047,280
16,small_leak,3,541,270547,141
16,small_leak,3,542,271047,345
16,small_leak,3,543,271547,316
16,small_leak,3,544,272047,275
16,small_leak,3,545,272547,86
16,small_leak,3,546,273047,12
16,small_leak,3,547,273547,0
16,small_leak,3,548,274047,24
16,small_leak,3,549,274547,134
16,small_leak,3,550,275047,247
16,small_leak,3,551,275547,207
16,small_leak,3,552,276047,109
16,small_leak,3,553,276547,213
16,small_leak,3,554,277047,118
16,small_leak,3,555,277547,147
16,small_leak,3,556,278047,47
16,small_leak,3,557,278547,108
16,small_leak,3,558,279047,23
16,small_leak,3,559,279547,31
16,small_leak,3,560,280047,252
16,small_leak,3,561,280547,213
16,small_leak,3,562,281047,134
16,small_leak,3,563,281547,175
16,small_leak,3,564,282047,169
16,small_leak,3,565,282547,134
16,small_leak,3,566,283047,78
16,small_leak,3,567,283547,9
16,small_leak,3,568,284047,40
16,small_leak,3,569,284547,181
16,small_leak,3,570,285047,101
16,small_leak,3,571,285547,109
16,small_leak,3,572,286047,315
16,small_leak,3,573,286547,293
16,small_leak,3,574,287047,153
16,small_leak,3,575,287547,173
16,small_leak,3,576,288047,232
16,small_leak,3,577,288547,187
16,small_leak,3,578,289047,201
16,small_leak,3,579,289547,252
16,small_leak,3,580,290047,168
16,small_leak,3,581,290547,187
16,small_leak,3,582,291047,157
16,small_leak,3,583,291547,163
16,small_leak,3,584,292047,133
16,small_leak,3,585,292547,159
16,small_leak,3,586,293047,133
16,small_leak,3,587,293547,133
16,small_leak,3,588,294047,190
16,small_leak,3,589,294547,189
16,small_leak,3,590,295047,218
16,small_leak,3,591,295547,251
16,small_leak,3,592,296047,151
16,small_leak,3,593,296547,246
16,small_leak,3,594,297047,221
16,small_leak,3,595,297547,173
16,small_leak,3,596,298047,230
16,small_leak,3,597,298547,235
16,small_leak,3,598,299047,86
16,small_leak,3,599,299547,11
16,small_leak,3,600,300047,0
16,small_leak,3,601,300547,93
16,small_leak,3,602,301047,16
16,small_leak,3,603,301547,19
16,small_leak,3,604,302047,112
16,small_leak,3,605,302547,233
16,small_leak,3,606,303047,215
16,small_leak,3,607,303547,265
16,small_leak,3,608,304047,187
16,small_leak,3,609,304547,293
16,small_leak,3,610,305047,251
16,small_leak,3,611,305547,295
16,small_leak,3,612,306047,261
16,small_leak,3,613,306547,453
16,small_leak,3,614,307047,377
16,small_leak,3,615,307547,235
16,small_leak,3,616,308047,205
16,small_leak,3,617,308547,59
16,small_leak,3,618,309047,69
16,small_leak,3,619,309547,19
16,small_leak,3,620,310047,0
16,small_leak,3,621,310547,17
16,small_leak,3,622,311047,99
16,small_leak,3,623,311547,159
16,small_leak,3,624,312047,249
16,small_leak,3,625,312547,156
16,small_leak,3,626,313047,169
16,small_leak,3,627,313547,205
16,small_leak,3,628,314047,150
16,small_leak,3,629,314547,181
16,small_leak,3,630,315047,404
16,small_leak,3,631,315547,312
16,small_leak,3,632,316047,317
16,small_leak,3,633,316547,141
16,small_leak,3,634,317047,216
16,small_leak,3,635,317547,148
16,small_leak,3,636,318047,263
16,small_leak,3,637,318547,121
16,small_leak,3,638,319047,192
16,small_leak,3,639,319547,183
16,small_leak,3,640,320047,153
16,small_leak,3,641,320547,95
16,small_leak,3,642,321047,72
16,small_leak,3,643,321547,138
16,small_leak,3,644,322047,61
16,small_leak,3,645,322547,73
16,small_leak,3,646,323047,86
16,small_leak,3,647,323547,105
16,small_leak,3,648,324047,157
16,small_leak,3,649,324547,127
16,small_leak,3,650,325047,149
16,small_leak,3,651,325547,170
16,small_leak,3,652,326047,151
16,small_leak,3,653,326547,43
16,small_leak,3,654,327047,207
16,small_leak,3,655,327547,181
16,small_leak,3,656,328047,203
16,small_leak,3,657,328547,250
16,small_leak,3,658,329047,274
16,small_leak,3,659,329547,274
16,small_leak,3,660,330047,245
16,small_leak,3,661,330547,206
16,small_leak,3,662,331047,155
16,small_leak,3,663,331547,144
16,small_leak,3,664,332047,95
16,small_leak,3,665,332547,102
16,small_leak,3,666,333047,121
16,small_leak,3,667,333547,157
16,small_leak,3,668,334047,143
16,small_leak,3,669,334547,73
16,small_leak,3,670,335047,116
16,small_leak,3,671,335547,215
16,small_leak,3,672,336047,233
16,small_leak,3,673,336547,236
16,small_leak,3,674,337047,151
16,small_leak,3,675,337547,157
16,small_leak,3,676,338047,91
16,small_leak,3,677,338547,142
16,small_leak,3,678,339047,103
16,small_leak,3,679,339547,44
16,small_leak,3,680,340047,86
16,small_leak,3,681,340547,12
16,small_leak,3,682,341047,0
16,small_leak,3,683,341547,29
16,small_leak,3,684,342047,73
16,small_leak,3,685,342547,135
16,small_leak,3,686,343047,123
16,small_leak,3,687,343547,146
16,small_leak,3,688,344047,132
16,small_leak,3,689,344547,173
16,small_leak,3,690,345047,163
16,small_leak,3,691,345547,45
16,small_leak,3,692,346047,116
16,small_leak,3,693,346547,89
16,small_leak,3,694,347047,103
16,small_leak,3,695,347547,125
16,small_leak,3,696,348047,121
16,small_leak,3,697,348547,85
16,small_leak,3,698,349047,146
16,small_leak,3,699,349547,68
16,small_leak,3,700,350047,127
16,small_leak,3,701,350547,159
16,small_leak,3,702,351047,143
16,small_leak,3,703,351547,167
16,small_leak,3,704,352047,173
16,small_leak,3,705,352547,243
16,small_leak,3,706,353047,167
16,small_leak,3,707,353547,409
16,small_leak,3,708,354047,277
16,small_leak,3,709,354547,199
16,small_leak,3,710,355047,181
16,small_leak,3,711,355547,215
16,small_leak,3,712,356047,268
16,small_leak,3,713,356547,115
16,small_leak,3,714,357047,63
16,small_leak,3,715,357547,91
16,small_leak,3,716,358047,23
16,small_leak,3,717,358547,17
16,small_leak,3,718,359047,176
16,small_leak,3,719,359547,197
16,small_leak,3,720,360047,189
16,small_leak,3,721,360547,133
16,small_leak,3,722,361047,211
16,small_leak,3,723,361547,91
16,small_leak,3,724,362047,14
16,small_leak,3,725,362547,121
16,small_leak,3,726,363047,63
16,small_leak,3,727,363547,101
16,small_leak,3,728,364047,107
16,small_leak,3,729,364547,31
16,small_leak,3,730,365047,20
16,small_leak,3,731,365547,19
16,small_leak,3,732,366047,73
16,small_leak,3,733,366547,61
16,small_leak,3,734,367047,114
16,small_leak,3,735,367547,153
16,small_leak,3,736,368047,141
16,small_leak,3,737,368547,115
16,small_leak,3,738,369047,72
16,small_leak,3,739,369547,13
16,small_leak,3,740,370047,87
16,small_leak,3,741,370547,91
16,small_leak,3,742,371047,35
16,small_leak,3,743,371547,5
16,small_leak,3,744,372047,133
16,small_leak,3,745,372547,29
16,small_leak,3,746,373047,239
16,small_leak,3,747,373547,295
16,small_leak,3,748,374047,189
16,small_leak,3,749,374547,171
16,small_leak,3,750,375047,114
16,small_leak,3,751,375547,83
16,small_leak,3,752,376047,71
16,small_leak,3,753,376547,89
16,small_leak,3,754,377047,155
16,small_leak,3,755,377547,75
16,small_leak,3,756,378047,83
16,small_leak,3,757,378547,107
16,small_leak,3,758,379047,31
16,small_leak,3,759,379547,189
16,small_leak,3,760,380047,221
16,small_leak,3,761,380547,183
16,small_leak,3,762,381047,328
16,small_leak,3,763,381547,605
16,small_leak,3,764,382047,285
16,small_leak,3,765,382547,157
16,small_leak,3,766,383047,95
16,small_leak,3,767,383547,45
16,small_leak,3,768,384047,0
16,small_leak,3,769,384547,0
16,small_leak,3,770,385047,334
16,small_leak,3,771,385547,107
16,small_leak,3,772,386047,374
16,small_leak,3,773,386547,147
16,small_leak,3,774,387047,95
16,small_leak,3,775,387547,142
16,small_leak,3,776,388047,36
16,small_leak,3,777,388547,9
16,small_leak,3,778,389047,0
16,small_leak,3,779,389547,0
16,small_leak,3,780,390047,277
16,small_leak,3,781,390547,189
16,small_leak,3,782,391047,216
16,small_leak,3,783,391547,69
16,small_leak,3,784,392047,298
16,small_leak,3,785,392547,317
16,small_leak,3,786,393047,247
16,small_leak,3,787,393547,215
16,small_leak,3,788,394047,215
16,small_leak,3,789,394547,105
16,small_leak,3,790,395047,126
16,small_leak,3,791,395547,104
16,small_leak,3,792,396047,115
16,small_leak,3,793,396547,69
16,small_leak,3,794,397047,115
16,small_leak,3,795,397547,269
16,small_leak,3,796,398047,229
16,small_leak,3,797,398547,168
16,small_leak,3,798,399047,184
16,small_leak,3,799,399547,269
16,small_leak,3,800,400047,253
16,small_leak,3,801,400547,296
16,small_leak,3,802,401047,231
16,small_leak,3,803,401547,234
16,small_leak,3,804,402047,179
16,small_leak,3,805,402547,167
16,small_leak,3,806,403047,187
16,small_leak,3,807,403547,165
16,small_leak,3,808,404047,153
16,small_leak,3,809,404547,181
16,small_leak,3,810,405047,141
16,small_leak,3,811,405547,211
16,small_leak,3,812,406047,311
16,small_leak,3,813,406547,133
16,small_leak,3,814,407047,135
16,small_leak,3,815,407547,95
16,small_leak,3,816,408047,149
16,small_leak,3,817,408547,58
16,small_leak,3,818,409047,158
16,small_leak,3,819,409547,142
16,small_leak,3,820,410047,94
16,small_leak,3,821,410547,106
16,small_leak,3,822,411047,170
16,small_leak,3,823,411547,185
16,small_leak,3,824,412047,283
16,small_leak,3,825,412547,316
16,small_leak,3,826,413047,295
16,small_leak,3,827,413547,277
16,small_leak,3,828,414047,235
16,small_leak,3,829,414547,345
16,small_leak,3,830,415047,159
16,small_leak,3,831,415547,215
16,small_leak,3,832,416047,226
16,small_leak,3,833,416547,275
16,small_leak,3,834,417047,332
16,small_leak,3,835,417547,279
16,small_leak,3,836,418047,191
16,small_leak,3,837,418547,189
16,small_leak,3,838,419047,157
16,small_leak,3,839,419547,165
16,small_leak,3,840,420047,183
16,small_leak,3,841,420547,281
16,small_leak,3,842,421047,99
16,small_leak,3,843,421547,87
16,small_leak,3,844,422047,175
16,small_leak,3,845,422547,203
16,small_leak,3,846,423047,101
16,small_leak,3,847,423547,149
16,small_leak,3,848,424047,35
16,small_leak,3,849,424547,275
16,small_leak,3,850,425047,261
16,small_leak,3,851,425547,149
16,small_leak,3,852,426047,232
16,small_leak,3,853,426547,253
16,small_leak,3,854,427047,275
16,small_leak,3,855,427547,344
16,small_leak,3,856,428047,287
16,small_leak,3,857,428547,155
16,small_leak,3,858,429047,105
16,small_leak,3,859,429547,101
16,small_leak,3,860,430047,46
16,small_leak,3,861,430547,109
16,small_leak,3,862,431047,145
16,small_leak,3,863,431547,139
16,small_leak,3,864,432047,139
16,small_leak,3,865,432547,111
16,small_leak,3,866,433047,93
16,small_leak,3,867,433547,34
16,small_leak,3,868,434047,0
16,small_leak,3,869,434547,0
16,small_leak,3,870,435047,0
16,small_leak,3,871,435547,13
16,small_leak,3,872,436047,7
16,small_leak,3,873,436547,0
16,small_leak,3,874,437047,11
16,small_leak,3,875,437547,46
16,small_leak,3,876,438047,55
16,small_leak,3,877,438547,3
16,small_leak,3,878,439047,40
16,small_leak,3,879,439547,110
16,small_leak,3,880,440047,136
16,small_leak,3,881,440547,93
16,small_leak,3,882,441047,115
16,small_leak,3,883,441547,83
16,small_leak,3,884,442047,235
16,small_leak,3,885,442547,138
16,small_leak,3,886,443047,357
16,small_leak,3,887,443547,133
16,small_leak,3,888,444047,100
16,small_leak,3,889,444547,72
16,small_leak,3,890,445047,211
16,small_leak,3,891,445547,59
16,small_leak,3,892,446047,118
16,small_leak,3,893,446547,55
16,small_leak,3,894,447047,147
16,small_leak,3,895,447547,37
16,small_leak,3,896,448047,89
16,small_leak,3,897,448547,207
16,small_leak,3,898,449047,171
16,small_leak,3,899,449547,181
16,small_leak,3,900,450047,123
16,small_leak,3,901,450547,115
16,small_leak,3,902,451047,213
16,small_leak,3,903,451547,223
16,small_leak,3,904,452047,121
16,small_leak,3,905,452547,31
16,small_leak,3,906,453047,205
16,small_leak,3,907,453547,229
16,small_leak,3,908,454047,175
16,small_leak,3,909,454547,181
16,small_leak,3,910,455047,155
16,small_leak,3,911,455547,88
16,small_leak,3,912,456047,144
16,small_leak,3,913,456547,55
16,small_leak,3,914,457047,0
16,small_leak,3,915,457547,30
16,small_leak,3,916,458047,120
16,small_leak,3,917,458547,62
16,small_leak,3,918,459047,21
16,small_leak,3,919,459547,139
16,small_leak,3,920,460047,71
16,small_leak,3,921,460547,111
16,small_leak,3,922,461047,115
16,small_leak,3,923,461547,105
16,small_leak,3,924,462047,135
16,small_leak,3,925,462547,135
16,small_leak,3,926,463047,70
16,small_leak,3,927,463547,39
16,small_leak,3,928,464047,137
16,small_leak,3,929,464547,175
16,small_leak,3,930,465047,111
16,small_leak,3,931,465547,60
16,small_leak,3,932,466047,4
16,small_leak,3,933,466547,12
16,small_leak,3,934,467048,93
16,small_leak,3,935,467547,45
16,small_leak,3,936,468047,126
16,small_leak,3,937,468547,124
16,small_leak,3,938,469047,191
16,small_leak,3,939,469547,165
16,small_leak,3,940,470047,247
16,small_leak,3,941,470547,79
16,small_leak,3,942,471047,151
16,small_leak,3,943,471547,203
16,small_leak,3,944,472047,99
16,small_leak,3,945,472547,132
16,small_leak,3,946,473047,175
16,small_leak,3,947,473547,246
16,small_leak,3,948,474047,155
16,small_leak,3,949,474547,157
16,small_leak,3,950,475047,139
16,small_leak,3,951,475547,173
16,small_leak,3,952,476047,125
16,small_leak,3,953,476547,149
16,small_leak,3,954,477047,117
16,small_leak,3,955,477547,221
16,small_leak,3,956,478047,301
16,small_leak,3,957,478547,243
16,small_leak,3,958,479047,157
16,small_leak,3,959,479547,175
16,small_leak,3,960,480047,238
16,small_leak,3,961,480547,159
16,small_leak,3,962,481047,133
16,small_leak,3,963,481547,41
16,small_leak,3,964,482047,18
16,small_leak,3,965,482547,20
16,small_leak,3,966,483047,59
16,small_leak,3,967,483547,4
16,small_leak,3,968,484047,0
16,small_leak,3,969,484547,0
16,small_leak,3,970,485047,94
16,small_leak,3,971,485547,21
16,small_leak,3,972,486047,0
16,small_leak,3,973,486547,3
16,small_leak,3,974,487047,25
16,small_leak,3,975,487547,263
16,small_leak,3,976,488047,599
16,small_leak,3,977,488547,229
16,small_leak,3,978,489047,120
16,small_leak,3,979,489547,227
16,small_leak,3,980,490047,286
16,small_leak,3,981,490547,359
16,small_leak,3,982,491047,253
16,small_leak,3,983,491547,231
16,small_leak,3,984,492047,189
16,small_leak,3,985,492547,281
16,small_leak,3,986,493047,314
16,small_leak,3,987,493547,276
16,small_leak,3,988,494047,173
16,small_leak,3,989,494547,157
16,small_leak,3,990,495047,227
16,small_leak,3,991,495547,235
16,small_leak,3,992,496047,254
16,small_leak,3,993,496547,143
16,small_leak,3,994,497047,157
16,small_leak,3,995,497547,103
16,small_leak,3,996,498047,309
16,small_leak,3,997,498547,270
16,small_leak,3,998,499047,247
16,small_leak,3,999,499547,309
16,small_leak,3,1000,500047,269
16,small_leak,3,1001,500547,338
16,small_leak,3,1002,501047,409
16,small_leak,3,1003,501547,300
16,small_leak,3,1004,502047,213
16,small_leak,3,1005,502547,150
16,small_leak,3,1006,503047,118
16,small_leak,3,1007,503547,147
16,small_leak,3,1008,504047,51
16,small_leak,3,1009,504547,29
16,small_leak,3,1010,505047,0
16,small_leak,3,1011,505547,10
16,small_leak,3,1012,506047,14
16,small_leak,3,1013,506547,48
16,small_leak,3,1014,507047,51
16,small_leak,3,1015,507547,139
16,small_leak,3,1016,508047,210
16,small_leak,3,1017,508547,253
16,small_leak,3,1018,509047,189
16,small_leak,3,1019,509547,63
16,small_leak,3,1020,510047,7
16,small_leak,3,1021,510547,29
16,small_leak,3,1022,511047,71
16,small_leak,3,1023,511547,10
16,small_leak,3,1024,512047,6
16,small_leak,3,1025,512547,108
16,small_leak,3,1026,513047,53
16,small_leak,3,1027,513547,121
16,small_leak,3,1028,514047,25
16,small_leak,3,1029,514547,187
16,small_leak,3,1030,515047,165
16,small_leak,3,1031,515547,261
16,small_leak,3,1032,516047,277
16,small_leak,3,1033,516547,218
16,small_leak,3,1034,517047,231
16,small_leak,3,1035,517547,137
16,small_leak,3,1036,518047,174
16,small_leak,3,1037,518547,70
16,small_leak,3,1038,519047,134
16,small_leak,3,1039,519547,36
16,small_leak,3,1040,520047,52
16,small_leak,3,1041,520547,135
16,small_leak,3,1042,521047,231
16,small_leak,3,1043,521547,75
16,small_leak,3,1044,522047,41
16,small_leak,3,1045,522547,45
16,small_leak,3,1046,523047,120
16,small_leak,3,1047,523547,302
16,small_leak,3,1048,524047,159
16,small_leak,3,1049,524547,245
16,small_leak,3,1050,525047,350
16,small_leak,3,1051,525547,341
16,small_leak,3,1052,526047,275
16,small_leak,3,1053,526547,203
16,small_leak,3,1054,527047,263
16,small_leak,3,1055,527547,252
16,small_leak,3,1056,528047,185
16,small_leak,3,1057,528547,205
16,small_leak,3,1058,529047,205
16,small_leak,3,1059,529547,261
16,small_leak,3,1060,530047,175
16,small_leak,3,1061,530547,251
16,small_leak,3,1062,531047,247
16,small_leak,3,1063,531547,399
16,small_leak,3,1064,532047,182
16,small_leak,3,1065,532547,268
16,small_leak,3,1066,533047,189
16,small_leak,3,1067,533547,182
16,small_leak,3,1068,534047,99
16,small_leak,3,1069,534547,17
16,small_leak,3,1070,535047,54
16,small_leak,3,1071,535547,9
16,small_leak,3,1072,536047,125
16,small_leak,3,1073,536547,125
16,small_leak,3,1074,537047,89
16,small_leak,3,1075,537547,103
16,small_leak,3,1076,538047,109
16,small_leak,3,1077,538547,41
16,small_leak,3,1078,539047,51
16,small_leak,3,1079,539547,157
16,small_leak,3,1080,540047,217
16,small_leak,3,1081,540547,64
16,small_leak,3,1082,541047,71
16,small_leak,3,1083,541547,10
16,small_leak,3,1084,542047,155
16,small_leak,3,1085,542547,425
16,small_leak,3,1086,543047,267
16,small_leak,3,1087,543547,120
16,small_leak,3,1088,544047,119
16,small_leak,3,1089,544547,71
16,small_leak,3,1090,545047,21
16,small_leak,3,1091,545547,152
16,small_leak,3,1092,546047,119
16,small_leak,3,1093,546547,156
16,small_leak,3,1094,547047,155
16,small_leak,3,1095,547547,51
16,small_leak,3,1096,548047,108
16,small_leak,3,1097,548547,175
16,small_leak,3,1098,549047,159
16,small_leak,3,1099,549547,151
16,small_leak,3,1100,550047,237
16,small_leak,3,1101,550547,377
16,small_leak,3,1102,551047,175
16,small_leak,3,1103,551547,160
16,small_leak,3,1104,552047,169
16,small_leak,3,1105,552547,45
16,small_leak,3,1106,553047,22
16,small_leak,3,1107,553547,261
16,small_leak,3,1108,554047,91
16,small_leak,3,1109,554547,16
16,small_leak,3,1110,555047,0
16,small_leak,3,1111,555547,0
16,small_leak,3,1112,556047,29
16,small_leak,3,1113,556547,85
16,small_leak,3,1114,557047,136
16,small_leak,3,1115,557547,234
16,small_leak,3,1116,558047,392
16,small_leak,3,1117,558547,212
16,small_leak,3,1118,559047,154
16,small_leak,3,1119,559547,167
16,small_leak,3,1120,560047,123
16,small_leak,3,1121,560547,77
16,small_leak,3,1122,561047,245
16,small_leak,3,1123,561547,139
16,small_leak,3,1124,562047,251
16,small_leak,3,1125,562547,373
16,small_leak,3,1126,563047,179
16,small_leak,3,1127,563547,311
16,small_leak,3,1128,564047,171
16,small_leak,3,1129,564547,191
16,small_leak,3,1130,565048,107
16,small_leak,3,1131,565547,115
16,small_leak,3,1132,566047,29
16,small_leak,3,1133,566547,2
16,small_leak,3,1134,567047,0
16,small_leak,3,1135,567547,23
16,small_leak,3,1136,568047,82
16,small_leak,3,1137,568547,69
16,small_leak,3,1138,569047,148
16,small_leak,3,1139,569547,185
16,small_leak,3,1140,570047,246
16,small_leak,3,1141,570547,155
16,small_leak,3,1142,571047,100
16,small_leak,3,1143,571547,103
16,small_leak,3,1144,572047,71
16,small_leak,3,1145,572547,135
16,small_leak,3,1146,573047,104
16,small_leak,3,1147,573547,189
16,small_leak,3,1148,574047,209
16,small_leak,3,1149,574547,171
16,small_leak,3,1150,575047,246
16,small_leak,3,1151,575547,247
16,small_leak,3,1152,576047,251
16,small_leak,3,1153,576547,183
16,small_leak,3,1154,577047,107
16,small_leak,3,1155,577547,23
16,small_leak,3,1156,578047,41
16,small_leak,3,1157,578547,71
16,small_leak,3,1158,579047,53
16,small_leak,3,1159,579547,33
16,small_leak,3,1160,580047,77
16,small_leak,3,1161,580547,39
16,small_leak,3,1162,581047,149
16,small_leak,3,1163,581547,221
16,small_leak,3,1164,582047,338
16,small_leak,3,1165,582547,245
16,small_leak,3,1166,583047,170
16,small_leak,3,1167,583547,198
16,small_leak,3,1168,584047,189
16,small_leak,3,1169,584547,213
16,small_leak,3,1170,585047,263
16,small_leak,3,1171,585547,179
16,small_leak,3,1172,586047,140
16,small_leak,3,1173,586547,135
16,small_leak,3,1174,587047,232
16,small_leak,3,1175,587547,188
16,small_leak,3,1176,588047,171
16,small_leak,3,1177,588547,95
16,small_leak,3,1178,589047,72
16,small_leak,3,1179,589547,133
16,small_leak,3,1180,590047,58
16,small_leak,3,1181,590547,91
16,small_leak,3,1182,591047,244
16,small_leak,3,1183,591547,261
16,small_leak,3,1184,592047,203
16,small_leak,3,1185,592547,228
16,small_leak,3,1186,593047,253
16,small_leak,3,1187,593547,233
16,small_leak,3,1188,594047,332
16,small_leak,3,1189,594547,306
16,small_leak,3,1190,595047,229
16,small_leak,3,1191,595547,141
16,small_leak,3,1192,596047,213
16,small_leak,3,1193,596547,232
16,small_leak,3,1194,597047,95
16,small_leak,3,1195,597547,56
16,small_leak,3,1196,598047,4
16,small_leak,3,1197,598547,0
16,small_leak,3,1198,599047,28
16,small_leak,3,1199,599547,26
16,small_leak,3,1200,600047,0
16,small_leak,3,1201,600547,45
16,small_leak,3,1202,601047,46
16,small_leak,3,1203,601547,187
16,small_leak,3,1204,602047,54
16,small_leak,3,1205,602547,179
16,small_leak,3,1206,603047,69
16,small_leak,3,1207,603547,149
16,small_leak,3,1208,604047,54
16,small_leak,3,1209,604547,208
16,small_leak,3,1210,605047,330
16,small_leak,3,1211,605547,262
16,small_leak,3,1212,606047,119
16,small_leak,3,1213,606547,191
16,small_leak,3,1214,607047,199
16,small_leak,3,1215,607547,55
16,small_leak,3,1216,608047,83
16,small_leak,3,1217,608547,175
16,small_leak,3,1218,609047,99
16,small_leak,3,1219,609547,120
16,small_leak,3,1220,610047,77
16,small_leak,3,1221,610547,211
16,small_leak,3,1222,611047,151
16,small_leak,3,1223,611547,88
16,small_leak,3,1224,612047,90
16,small_leak,3,1225,612547,109
16,small_leak,3,1226,613047,149
16,small_leak,3,1227,613547,109
16,small_leak,3,1228,614047,91
16,small_leak,3,1229,614547,18
16,small_leak,3,1230,615047,0
16,small_leak,3,1231,615547,30
16,small_leak,3,1232,616047,27
16,small_leak,3,1233,616547,61
16,small_leak,3,1234,617047,10
16,small_leak,3,1235,617547,0
16,small_leak,3,1236,618047,0
16,small_leak,3,1237,618547,61
16,small_leak,3,1238,619047,125
16,small_leak,3,1239,619547,149
16,small_leak,3,1240,620047,267
16,small_leak,3,1241,620547,141
16,small_leak,3,1242,621047,203
16,small_leak,3,1243,621547,118
16,small_leak,3,1244,622047,171
16,small_leak,3,1245,622547,218
16,small_leak,3,1246,623047,267
16,small_leak,3,1247,623547,297
16,small_leak,3,1248,624047,326
16,small_leak,3,1249,624547,149
16,small_leak,3,1250,625047,159
16,small_leak,3,1251,625547,189
16,small_leak,3,1252,626047,56
16,small_leak,3,1253,626547,146
16,small_leak,3,1254,627047,149
16,small_leak,3,1255,627547,74
16,small_leak,3,1256,628047,133
16,small_leak,3,1257,628547,73
16,small_leak,3,1258,629047,189
16,small_leak,3,1259,629547,215
16,small_leak,3,1260,630047,229
16,small_leak,3,1261,630547,160
16,small_leak,3,1262,631047,55
16,small_leak,3,1263,631547,17
16,small_leak,3,1264,632047,285
16,small_leak,3,1265,632547,231
16,small_leak,3,1266,633047,211
16,small_leak,3,1267,633547,311
16,small_leak,3,1268,634047,283
16,small_leak,3,1269,634547,246
16,small_leak,3,1270,635047,230
16,small_leak,3,1271,635547,199
16,small_leak,3,1272,636047,187
16,small_leak,3,1273,636547,109
16,small_leak,3,1274,637047,245
16,small_leak,3,1275,637547,82
16,small_leak,3,1276,638047,169
16,small_leak,3,1277,638547,133
16,small_leak,3,1278,639047,99
16,small_leak,3,1279,639547,126
16,small_leak,3,1280,640047,54
16,small_leak,3,1281,640547,107
16,small_leak,3,1282,641047,69
16,small_leak,3,1283,641547,117
16,small_leak,3,1284,642047,60
16,small_leak,3,1285,642547,2
16,small_leak,3,1286,643047,0
16,small_leak,3,1287,643547,0
16,small_leak,3,1288,644047,104
16,small_leak,3,1289,644547,254
16,small_leak,3,1290,645047,124
16,small_leak,3,1291,645547,175
16,small_leak,3,1292,646047,286
16,small_leak,3,1293,646547,163
16,small_leak,3,1294,647047,150
16,small_leak,3,1295,647547,219
16,small_leak,3,1296,648047,159
16,small_leak,3,1297,648547,103
16,small_leak,3,1298,649047,73
16,small_leak,3,1299,649547,168
16,small_leak,3,1300,650047,73
16,small_leak,3,1301,650547,104
16,small_leak,3,1302,651047,109
16,small_leak,3,1303,651547,99
16,small_leak,3,1304,652047,19
16,small_leak,3,1305,652547,3
16,small_leak,3,1306,653048,0
16,small_leak,3,1307,653547,0
16,small_leak,3,1308,654047,0
16,small_leak,3,1309,654547,11
16,small_leak,3,1310,655047,11
16,small_leak,3,1311,655547,47
16,small_leak,3,1312,656047,115
16,small_leak,3,1313,656547,188
16,small_leak,3,1314,657047,201
16,small_leak,3,1315,657547,237
16,small_leak,3,1316,658048,158
16,small_leak,3,1317,658547,191
16,small_leak,3,1318,659047,134
16,small_leak,3,1319,659547,116
16,small_leak,3,1320,660047,121
16,small_leak,3,1321,660547,182
16,small_leak,3,1322,661047,292
16,small_leak,3,1323,661547,463
16,small_leak,3,1324,662047,467
16,small_leak,3,1325,662547,406
16,small_leak,3,1326,663047,447
16,small_leak,3,1327,663547,445
16,small_leak,3,1328,664047,484
16,small_leak,3,1329,664547,269
16,small_leak,3,1330,665047,187
16,small_leak,3,1331,665547,228
16,small_leak,3,1332,666047,311
16,small_leak,3,1333,666547,214
16,small_leak,3,1334,667047,63
16,small_leak,3,1335,667547,222
16,small_leak,3,1336,668047,135
16,small_leak,3,1337,668547,172
16,small_leak,3,1338,669047,47
16,small_leak,3,1339,669547,0
16,small_leak,3,1340,670047,0
16,small_leak,3,1341,670547,0
16,small_leak,3,1342,671047,196
16,small_leak,3,1343,671547,110
16,small_leak,3,1344,672047,39
16,small_leak,3,1345,672547,111
16,small_leak,3,1346,673047,52
16,small_leak,3,1347,673547,42
16,small_leak,3,1348,674048,24
16,small_leak,3,1349,674547,29
16,small_leak,3,1350,675047,53
16,small_leak,3,1351,675547,1
16,small_leak,3,1352,676047,88
16,small_leak,3,1353,676547,25
16,small_leak,3,1354,677047,0
16,small_leak,3,1355,677547,9
16,small_leak,3,1356,678047,254
16,small_leak,3,1357,678547,155
16,small_leak,3,1358,679047,251
16,small_leak,3,1359,679547,229
16,small_leak,3,1360,680047,236
16,small_leak,3,1361,680547,221
16,small_leak,3,1362,681047,131
16,small_leak,3,1363,681547,116
16,small_leak,3,1364,682047,203
16,small_leak,3,1365,682547,140
16,small_leak,3,1366,683047,142
16,small_leak,3,1367,683547,107
16,small_leak,3,1368,684047,119
16,small_leak,3,1369,684547,173
16,small_leak,3,1370,685047,59
16,small_leak,3,1371,685547,0
16,small_leak,3,1372,686047,205
16,small_leak,3,1373,686547,229
16,small_leak,3,1374,687047,281
16,small_leak,3,1375,687547,185
16,small_leak,3,1376,688047,269
16,small_leak,3,1377,688547,303
16,small_leak,3,1378,689048,345
16,small_leak,3,1379,689547,441
16,small_leak,3,1380,690047,310
16,small_leak,3,1381,690547,185
16,small_leak,3,1382,691047,137
16,small_leak,3,1383,691547,180
16,small_leak,3,1384,692047,117
16,small_leak,3,1385,692547,73
16,small_leak,3,1386,693047,7
16,small_leak,3,1387,693547,0
16,small_leak,3,1388,694047,158
16,small_leak,3,1389,694547,85
16,small_leak,3,1390,695047,19
16,small_leak,3,1391,695547,19
16,small_leak,3,1392,696047,52
16,small_leak,3,1393,696547,0
16,small_leak,3,1394,697047,0
16,small_leak,3,1395,697547,0
16,small_leak,3,1396,698047,0
16,small_leak,3,1397,698547,235
16,small_leak,3,1398,699047,201
16,small_leak,3,1399,699547,88
16,small_leak,3,1400,700047,12
16,small_leak,3,1401,700547,70
16,small_leak,3,1402,701047,4
16,small_leak,3,1403,701547,10
16,small_leak,3,1404,702047,0
16,small_leak,3,1405,702547,85
16,small_leak,3,1406,703047,191
16,small_leak,3,1407,703547,108
16,small_leak,3,1408,704047,309
16,small_leak,3,1409,704547,600
16,small_leak,3,1410,705047,445
16,small_leak,3,1411,705547,491
16,small_leak,3,1412,706047,199
16,small_leak,3,1413,706547,165
16,small_leak,3,1414,707047,245
16,small_leak,3,1415,707547,326
16,small_leak,3,1416,708047,239
16,small_leak,3,1417,708547,239
16,small_leak,3,1418,709047,117
16,small_leak,3,1419,709547,123
16,small_leak,3,1420,710047,239
16,small_leak,3,1421,710547,178
16,small_leak,3,1422,711047,143
16,small_leak,3,1423,711547,199
16,small_leak,3,1424,712047,141
16,small_leak,3,1425,712547,125
16,small_leak,3,1426,713047,63
16,small_leak,3,1427,713547,229
16,small_leak,3,1428,714047,52
16,small_leak,3,1429,714547,137
16,small_leak,3,1430,715047,136
16,small_leak,3,1431,715547,37
16,small_leak,3,1432,716047,181
16,small_leak,3,1433,716547,171
16,small_leak,3,1434,717047,163
16,small_leak,3,1435,717547,107
16,small_leak,3,1436,718047,171
16,small_leak,3,1437,718547,167
16,small_leak,3,1438,719047,499
16,small_leak,3,1439,719547,333
16,small_leak,3,1440,720047,247
16,small_leak,3,1441,720547,317
16,small_leak,3,1442,721047,393
16,small_leak,3,1443,721547,267
16,small_leak,3,1444,722047,439
16,small_leak,3,1445,722547,391
16,small_leak,3,1446,723047,356
16,small_leak,3,1447,723547,399
16,small_leak,3,1448,724047,355
16,small_leak,3,1449,724547,315
16,small_leak,3,1450,725047,375
16,small_leak,3,1451,725547,347
16,small_leak,3,1452,726047,269
16,small_leak,3,1453,726547,137
16,small_leak,3,1454,727047,211
16,small_leak,3,1455,727547,111
16,small_leak,3,1456,728047,76
16,small_leak,3,1457,728547,152
16,small_leak,3,1458,729048,55
16,small_leak,3,1459,729547,61
16,small_leak,3,1460,730047,141
16,small_leak,3,1461,730547,84
16,small_leak,3,1462,731047,61
16,small_leak,3,1463,731547,53
16,small_leak,3,1464,732047,43
16,small_leak,3,1465,732547,62
16,small_leak,3,1466,733047,93
16,small_leak,3,1467,733547,117
16,small_leak,3,1468,734047,28
16,small_leak,3,1469,734547,0
16,small_leak,3,1470,735047,83
16,small_leak,3,1471,735547,20
16,small_leak,3,1472,736047,189
16,small_leak,3,1473,736547,123
16,small_leak,3,1474,737047,73
16,small_leak,3,1475,737547,105
16,small_leak,3,1476,738047,147
16,small_leak,3,1477,738547,205
16,small_leak,3,1478,739047,173
16,small_leak,3,1479,739547,111
16,small_leak,3,1480,740047,123
16,small_leak,3,1481,740547,107
16,small_leak,3,1482,741047,91
16,small_leak,3,1483,741547,21
16,small_leak,3,1484,742047,18
16,small_leak,3,1485,742547,0
16,small_leak,3,1486,743047,139
16,small_leak,3,1487,743547,51
16,small_leak,3,1488,744047,93
16,small_leak,3,1489,744547,98
16,small_leak,3,1490,745047,94
16,small_leak,3,1491,745547,123
16,small_leak,3,1492,746047,117
16,small_leak,3,1493,746547,51
16,small_leak,3,1494,747047,16
16,small_leak,3,1495,747547,67
16,small_leak,3,1496,748047,212
16,small_leak,3,1497,748547,114
16,small_leak,3,1498,749047,253
16,small_leak,3,1499,749547,252
16,small_leak,3,1500,750047,134
16,small_leak,3,1501,750547,137
16,small_leak,3,1502,751047,117
16,small_leak,3,1503,751547,219
16,small_leak,3,1504,752047,188
16,small_leak,3,1505,752547,122
16,small_leak,3,1506,753047,78
16,small_leak,3,1507,753547,135
16,small_leak,3,1508,754048,52
16,small_leak,3,1509,754547,29
16,small_leak,3,1510,755047,301
16,small_leak,3,1511,755547,277
16,small_leak,3,1512,756047,426
16,small_leak,3,1513,756547,454
16,small_leak,3,1514,757047,424
16,small_leak,3,1515,757547,405
16,small_leak,3,1516,758047,313
16,small_leak,3,1517,758547,277
16,small_leak,3,1518,759047,338
16,small_leak,3,1519,759547,207
16,small_leak,3,1520,760047,190
16,small_leak,3,1521,760547,119
16,small_leak,3,1522,761047,197
16,small_leak,3,1523,761547,281
16,small_leak,3,1524,762047,137
16,small_leak,3,1525,762547,98
16,small_leak,3,1526,763047,19
16,small_leak,3,1527,763547,71
16,small_leak,3,1528,764047,8
16,small_leak,3,1529,764547,85
16,small_leak,3,1530,765047,82
16,small_leak,3,1531,765547,106
16,small_leak,3,1532,766047,99
16,small_leak,3,1533,766547,19
16,small_leak,3,1534,767048,2
16,small_leak,3,1535,767547,83
16,small_leak,3,1536,768047,18
16,small_leak,3,1537,768547,19
16,small_leak,3,1538,769047,0
16,small_leak,3,1539,769547,0
16,small_leak,3,1540,770047,42
16,small_leak,3,1541,770547,23
16,small_leak,3,1542,771047,51
16,small_leak,3,1543,771547,0
16,small_leak,3,1544,772047,89
16,small_leak,3,1545,772547,17
16,small_leak,3,1546,773047,0
16,small_leak,3,1547,773547,169
16,small_leak,3,1548,774047,187
16,small_leak,3,1549,774547,249
16,small_leak,3,1550,775047,212
16,small_leak,3,1551,775547,311
16,small_leak,3,1552,776047,227
16,small_leak,3,1553,776547,93
16,small_leak,3,1554,777047,250
16,small_leak,3,1555,777547,303
16,small_leak,3,1556,778047,215
16,small_leak,3,1557,778547,103
16,small_leak,3,1558,779047,232
16,small_leak,3,1559,779547,236
16,small_leak,3,1560,780047,154
16,small_leak,3,1561,780547,227
16,small_leak,3,1562,781047,99
16,small_leak,3,1563,781547,187
16,small_leak,3,1564,782047,287
16,small_leak,3,1565,782547,191
16,small_leak,3,1566,783047,247
16,small_leak,3,1567,783547,143
16,small_leak,3,1568,784047,174
16,small_leak,3,1569,784547,163
16,small_leak,3,1570,785047,141
16,small_leak,3,1571,785547,151
16,small_leak,3,1572,786047,160
16,small_leak,3,1573,786547,159
16,small_leak,3,1574,787047,85
16,small_leak,3,1575,787547,150
16,small_leak,3,1576,788047,87
16,small_leak,3,1577,788547,12
16,small_leak,3,1578,789047,23
16,small_leak,3,1579,789547,183
16,small_leak,3,1580,790047,58
16,small_leak,3,1581,790547,88
16,small_leak,3,1582,791047,17
16,small_leak,3,1583,791547,61
16,small_leak,3,1584,792047,269
16,small_leak,3,1585,792547,183
16,small_leak,3,1586,793047,123
16,small_leak,3,1587,793547,253
16,small_leak,3,1588,794047,309
16,small_leak,3,1589,794547,333
16,small_leak,3,1590,795047,186
16,small_leak,3,1591,795547,123
16,small_leak,3,1592,796047,112
16,small_leak,3,1593,796547,85
16,small_leak,3,1594,797047,157
16,small_leak,3,1595,797547,159
16,small_leak,3,1596,798047,169
16,small_leak,3,1597,798547,280
16,small_leak,3,1598,799047,157
16,small_leak,3,1599,799547,313
16,small_leak,3,1600,800047,147
16,small_leak,3,1601,800547,199
16,small_leak,3,1602,801047,176
16,small_leak,3,1603,801547,200
16,small_leak,3,1604,802047,76
16,small_leak,3,1605,802547,8
16,small_leak,3,1606,803047,95
16,small_leak,3,1607,803547,56
16,small_leak,3,1608,804047,12
16,small_leak,3,1609,804547,29
16,small_leak,3,1610,805047,100
16,small_leak,3,1611,805547,125
16,small_leak,3,1612,806047,135
16,small_leak,3,1613,806547,58
16,small_leak,3,1614,807047,266
16,small_leak,3,1615,807547,329
16,small_leak,3,1616,808047,314
16,small_leak,3,1617,808547,311
16,small_leak,3,1618,809047,191
16,small_leak,3,1619,809547,210
16,small_leak,3,1620,810047,346
16,small_leak,3,1621,810547,355
16,small_leak,3,1622,811047,223
16,small_leak,3,1623,811547,187
16,small_leak,3,1624,812047,169
16,small_leak,3,1625,812547,143
16,small_leak,3,1626,813047,147
16,small_leak,3,1627,813547,235
16,small_leak,3,1628,814047,189
16,small_leak,3,1629,814547,135
16,small_leak,3,1630,815047,147
16,small_leak,3,1631,815547,118
16,small_leak,3,1632,816047,135
16,small_leak,3,1633,816547,77
16,small_leak,3,1634,817047,26
16,small_leak,3,1635,817547,0
16,small_leak,3,1636,818047,49
16,small_leak,3,1637,818547,39
16,small_leak,3,1638,819047,35
16,small_leak,3,1639,819547,87
16,small_leak,3,1640,820047,23
16,small_leak,3,1641,820547,42
16,small_leak,3,1642,821047,117
16,small_leak,3,1643,821547,111
16,small_leak,3,1644,822047,100
16,small_leak,3,1645,822547,167
16,small_leak,3,1646,823047,115
16,small_leak,3,1647,823547,232
16,small_leak,3,1648,824047,112
16,small_leak,3,1649,824547,159
16,small_leak,3,1650,825047,223
16,small_leak,3,1651,825547,238
16,small_leak,3,1652,826047,237
16,small_leak,3,1653,826547,429
16,small_leak,3,1654,827047,411
16,small_leak,3,1655,827547,363
16,small_leak,3,1656,828047,343
16,small_leak,3,1657,828547,237
16,small_leak,3,1658,829047,159
16,small_leak,3,1659,829547,202
16,small_leak,3,1660,830047,255
16,small_leak,3,1661,830547,87
16,small_leak,3,1662,831047,151
16,small_leak,3,1663,831547,137
16,small_leak,3,1664,832047,101
16,small_leak,3,1665,832547,101
16,small_leak,3,1666,833047,21
16,small_leak,3,1667,833547,143
16,small_leak,3,1668,834047,42
16,small_leak,3,1669,834547,84
16,small_leak,3,1670,835047,12
16,small_leak,3,1671,835547,13
16,small_leak,3,1672,836047,3
16,small_leak,3,1673,836547,108
16,small_leak,3,1674,837047,392
16,small_leak,3,1675,837547,173
16,small_leak,3,1676,838047,140
16,small_leak,3,1677,838547,243
16,small_leak,3,1678,839047,189
16,small_leak,3,1679,839547,355
16,small_leak,3,1680,840047,182
16,small_leak,3,1681,840547,281
16,small_leak,3,1682,841047,199
16,small_leak,3,1683,841547,235
16,small_leak,3,1684,842047,111
16,small_leak,3,1685,842547,51
16,small_leak,3,1686,843047,1
16,small_leak,3,1687,843547,0
16,small_leak,3,1688,844047,0
16,small_leak,3,1689,844547,100
16,small_leak,3,1690,845047,63
16,small_leak,3,1691,845547,45
16,small_leak,3,1692,846047,159
16,small_leak,3,1693,846547,199
16,small_leak,3,1694,847047,253
16,small_leak,3,1695,847547,78
16,small_leak,3,1696,848047,375
16,small_leak,3,1697,848547,171
16,small_leak,3,1698,849047,340
16,small_leak,3,1699,849547,209
16,small_leak,3,1700,850047,75
16,small_leak,3,1701,850547,61
16,small_leak,3,1702,851047,39
16,small_leak,3,1703,851547,57
16,small_leak,3,1704,852047,2
16,small_leak,3,1705,852547,0
16,small_leak,3,1706,853047,247
16,small_leak,3,1707,853547,214
16,small_leak,3,1708,854047,307
16,small_leak,3,1709,854547,357
16,small_leak,3,1710,855047,243
16,small_leak,3,1711,855547,185
16,small_leak,3,1712,856047,231
16,small_leak,3,1713,856547,236
16,small_leak,3,1714,857047,211
16,small_leak,3,1715,857547,268
16,small_leak,3,1716,858047,772
16,small_leak,3,1717,858547,248
16,small_leak,3,1718,859047,261
16,small_leak,3,1719,859547,217
16,small_leak,3,1720,860047,149
16,small_leak,3,1721,860547,109
16,small_leak,3,1722,861047,35
16,small_leak,3,1723,861547,0
16,small_leak,3,1724,862047,0
16,small_leak,3,1725,862547,0
16,small_leak,3,1726,863047,50
16,small_leak,3,1727,863547,71
16,small_leak,3,1728,864047,125
16,small_leak,3,1729,864547,301
16,small_leak,3,1730,865047,167
16,small_leak,3,1731,865547,168
16,small_leak,3,1732,866047,120
16,small_leak,3,1733,866547,46
16,small_leak,3,1734,867047,0
16,small_leak,3,1735,867547,122
16,small_leak,3,1736,868047,43
16,small_leak,3,1737,868547,79
16,small_leak,3,1738,869047,287
16,small_leak,3,1739,869547,281
16,small_leak,3,1740,870047,245
16,small_leak,3,1741,870547,175
16,small_leak,3,1742,871047,187
16,small_leak,3,1743,871547,123
16,small_leak,3,1744,872047,120
16,small_leak,3,1745,872547,167
16,small_leak,3,1746,873047,151
16,small_leak,3,1747,873547,217
16,small_leak,3,1748,874047,217
16,small_leak,3,1749,874547,283
16,small_leak,3,1750,875047,99
16,small_leak,3,1751,875547,247
16,small_leak,3,1752,876047,191
16,small_leak,3,1753,876547,89
16,small_leak,3,1754,877047,21
16,small_leak,3,1755,877547,7
16,small_leak,3,1756,878047,0
16,small_leak,3,1757,878547,0
16,small_leak,3,1758,879047,43
16,small_leak,3,1759,879547,133
16,small_leak,3,1760,880047,414
16,small_leak,3,1761,880547,179
16,small_leak,3,1762,881047,261
16,small_leak,3,1763,881547,345
16,small_leak,3,1764,882047,313
16,small_leak,3,1765,882547,343
16,small_leak,3,1766,883047,332
16,small_leak,3,1767,883547,157
16,small_leak,3,1768,884047,311
16,small_leak,3,1769,884547,105
16,small_leak,3,1770,885047,23
16,small_leak,3,1771,885547,303
16,small_leak,3,1772,886047,183
16,small_leak,3,1773,886547,396
16,small_leak,3,1774,887047,211
16,small_leak,3,1775,887547,173
16,small_leak,3,1776,888048,619
16,small_leak,3,1777,888547,652
16,small_leak,3,1778,889047,379
16,small_leak,3,1779,889547,371
16,small_leak,3,1780,890047,247
16,small_leak,3,1781,890547,232
16,small_leak,3,1782,891047,341
16,small_leak,3,1783,891547,359
16,small_leak,3,1784,892047,169
16,small_leak,3,1785,892547,311
16,small_leak,3,1786,893047,143
16,small_leak,3,1787,893547,71
16,small_leak,3,1788,894047,146
16,small_leak,3,1789,894547,69
16,small_leak,3,1790,895047,45
16,small_leak,3,1791,895547,0
16,small_leak,3,1792,896047,0
16,small_leak,3,1793,896547,0
16,small_leak,3,1794,897047,0
16,small_leak,3,1795,897547,0
16,small_leak,3,1796,898047,0
16,small_leak,3,1797,898547,59
16,small_leak,3,1798,899047,4
16,small_leak,3,1799,899547,17
16,small_leak,3,1800,900047,13
16,small_leak,3,1801,900547,0
16,small_leak,3,1802,901047,83
16,small_leak,3,1803,901547,122
16,small_leak,3,1804,902047,68
16,small_leak,3,1805,902547,39
16,small_leak,3,1806,903047,125
16,small_leak,3,1807,903547,51
16,small_leak,3,1808,904047,181
16,small_leak,3,1809,904547,117
16,small_leak,3,1810,905047,107
16,small_leak,3,1811,905547,21
16,small_leak,3,1812,906047,0
16,small_leak,3,1813,906547,85
16,small_leak,3,1814,907047,172
16,small_leak,3,1815,907547,460
16,small_leak,3,1816,908047,727
16,small_leak,3,1817,908547,491
16,small_leak,3,1818,909047,351
16,small_leak,3,1819,909547,459
16,small_leak,3,1820,910047,443
16,small_leak,3,1821,910547,483
16,small_leak,3,1822,911047,367
16,small_leak,3,1823,911547,362
16,small_leak,3,1824,912047,263
16,small_leak,3,1825,912547,174
16,small_leak,3,1826,913047,139
16,small_leak,3,1827,913547,91
16,small_leak,3,1828,914047,127
16,small_leak,3,1829,914547,119
16,small_leak,3,1830,915047,63
16,small_leak,3,1831,915547,87
16,small_leak,3,1832,916047,100
16,small_leak,3,1833,916547,74
16,small_leak,3,1834,917047,37
16,small_leak,3,1835,917547,59
16,small_leak,3,1836,918047,31
16,small_leak,3,1837,918547,0
16,small_leak,3,1838,919047,0
16,small_leak,3,1839,919547,77
16,small_leak,3,1840,920047,9
16,small_leak,3,1841,920547,60
16,small_leak,3,1842,921048,101
16,small_leak,3,1843,921547,20
16,small_leak,3,1844,922047,230
16,small_leak,3,1845,922547,285
16,small_leak,3,1846,923047,183
16,small_leak,3,1847,923547,163
16,small_leak,3,1848,924047,199
16,small_leak,3,1849,924547,141
16,small_leak,3,1850,925047,211
16,small_leak,3,1851,925547,235
16,small_leak,3,1852,926047,217
16,small_leak,3,1853,926547,173
16,small_leak,3,1854,927047,214
16,small_leak,3,1855,927547,251
16,small_leak,3,1856,928047,151
16,small_leak,3,1857,928547,230
16,small_leak,3,1858,929047,215
16,small_leak,3,1859,929547,141
16,small_leak,3,1860,930047,147
16,small_leak,3,1861,930547,59
16,small_leak,3,1862,931047,4
16,small_leak,3,1863,931547,7
16,small_leak,3,1864,932047,55
16,small_leak,3,1865,932547,147
16,small_leak,3,1866,933047,39
16,small_leak,3,1867,933547,121
16,small_leak,3,1868,934047,43
16,small_leak,3,1869,934547,155
16,small_leak,3,1870,935047,173
16,small_leak,3,1871,935547,199
16,small_leak,3,1872,936047,179
16,small_leak,3,1873,936547,283
16,small_leak,3,1874,937047,136
16,small_leak,3,1875,937547,287
16,small_leak,3,1876,938047,201
16,small_leak,3,1877,938547,191
16,small_leak,3,1878,939047,201
16,small_leak,3,1879,939547,127
16,small_leak,3,1880,940047,88
16,small_leak,3,1881,940547,181
16,small_leak,3,1882,941047,173
16,small_leak,3,1883,941547,155
16,small_leak,3,1884,942047,165
16,small_leak,3,1885,942547,207
16,small_leak,3,1886,943047,139
16,small_leak,3,1887,943547,55
16,small_leak,3,1888,944047,191
16,small_leak,3,1889,944547,250
16,small_leak,3,1890,945047,77
16,small_leak,3,1891,945547,304
16,small_leak,3,1892,946047,263
16,small_leak,3,1893,946547,199
16,small_leak,3,1894,947047,99
16,small_leak,3,1895,947547,218
16,small_leak,3,1896,948047,205
16,small_leak,3,1897,948547,239
16,small_leak,3,1898,949047,151
16,small_leak,3,1899,949547,175
16,small_leak,3,1900,950047,295
16,small_leak,3,1901,950547,215
16,small_leak,3,1902,951047,270
16,small_leak,3,1903,951547,251
16,small_leak,3,1904,952047,191
16,small_leak,3,1905,952547,182
16,small_leak,3,1906,953047,117
16,small_leak,3,1907,953547,119
16,small_leak,3,1908,954047,239
16,small_leak,3,1909,954547,105
16,small_leak,3,1910,955047,125
16,small_leak,3,1911,955547,187
16,small_leak,3,1912,956047,153
16,small_leak,3,1913,956547,120
16,small_leak,3,1914,957047,166
16,small_leak,3,1915,957547,167
16,small_leak,3,1916,958047,133
16,small_leak,3,1917,958547,36
16,small_leak,3,1918,959047,181
16,small_leak,3,1919,959547,139
16,small_leak,3,1920,960047,281
16,small_leak,3,1921,960547,223
16,small_leak,3,1922,961047,109
16,small_leak,3,1923,961547,115
16,small_leak,3,1924,962047,123
16,small_leak,3,1925,962547,123
16,small_leak,3,1926,963047,150
16,small_leak,3,1927,963547,205
16,small_leak,3,1928,964047,234
16,small_leak,3,1929,964547,173
16,small_leak,3,1930,965047,187
16,small_leak,3,1931,965547,123
16,small_leak,3,1932,966047,49
16,small_leak,3,1933,966547,25
16,small_leak,3,1934,967047,82
16,small_leak,3,1935,967547,77
16,small_leak,3,1936,968047,24
16,small_leak,3,1937,968547,0
16,small_leak,3,1938,969047,136
16,small_leak,3,1939,969547,63
16,small_leak,3,1940,970047,5
16,small_leak,3,1941,970547,0
16,small_leak,3,1942,971047,0
16,small_leak,3,1943,971547,0
16,small_leak,3,1944,972047,80
16,small_leak,3,1945,972547,71
16,small_leak,3,1946,973047,11
16,small_leak,3,1947,973547,255
16,small_leak,3,1948,974047,153
16,small_leak,3,1949,974547,41
16,small_leak,3,1950,975047,156
16,small_leak,3,1951,975547,314
16,small_leak,3,1952,976047,281
16,small_leak,3,1953,976547,429
16,small_leak,3,1954,977047,310
16,small_leak,3,1955,977547,116
16,small_leak,3,1956,978047,110
16,small_leak,3,1957,978547,88
16,small_leak,3,1958,979047,69
16,small_leak,3,1959,979547,5
16,small_leak,3,1960,980047,0
16,small_leak,3,1961,980547,0
16,small_leak,3,1962,981047,45
16,small_leak,3,1963,981547,199
16,small_leak,3,1964,982047,71
16,small_leak,3,1965,982547,7
16,small_leak,3,1966,983047,0
16,small_leak,3,1967,983547,0
16,small_leak,3,1968,984047,69
16,small_leak,3,1969,984547,105
16,small_leak,3,1970,985047,189
16,small_leak,3,1971,985547,157
16,small_leak,3,1972,986047,201
16,small_leak,3,1973,986547,142
16,small_leak,3,1974,987047,87
16,small_leak,3,1975,987547,24
16,small_leak,3,1976,988047,61
16,small_leak,3,1977,988547,26
16,small_leak,3,1978,989047,0
16,small_leak,3,1979,989547,0
16,small_leak,3,1980,990047,0
16,small_leak,3,1981,990547,0
16,small_leak,3,1982,991047,21
16,small_leak,3,1983,991547,0
16,small_leak,3,1984,992047,0
16,small_leak,3,1985,992547,43
16,small_leak,3,1986,993047,62
16,small_leak,3,1987,993547,43
16,small_leak,3,1988,994047,7
16,small_leak,3,1989,994547,230
16,small_leak,3,1990,995047,119
16,small_leak,3,1991,995547,81
16,small_leak,3,1992,996047,170
16,small_leak,3,1993,996547,203
16,small_leak,3,1994,997047,267
16,small_leak,3,1995,997547,159
16,small_leak,3,1996,998047,229
16,small_leak,3,1997,998547,229
16,small_leak,3,1998,999047,227
16,small_leak,3,1999,999547,118
16,small_leak,4,0,48,530
16,small_leak,4,1,547,264
16,small_leak,4,2,1047,303
16,small_leak,4,3,1547,228
16,small_leak,4,4,2047,71
16,small_leak,4,5,2547,149
16,small_leak,4,6,3047,69
16,small_leak,4,7,3547,46
16,small_leak,4,8,4047,87
16,small_leak,4,9,4547,60
16,small_leak,4,10,5047,201
16,small_leak,4,11,5547,69
16,small_leak,4,12,6047,25
16,small_leak,4,13,6547,53
16,small_leak,4,14,7047,84
16,small_leak,4,15,7547,12
16,small_leak,4,16,8047,0
16,small_leak,4,17,8547,0
16,small_leak,4,18,9047,0
16,small_leak,4,19,9547,0
16,small_leak,4,20,10047,45
16,small_leak,4,21,10547,19
16,small_leak,4,22,11047,120
16,small_leak,4,23,11547,212
16,small_leak,4,24,12047,89
16,small_leak,4,25,12547,282
16,small_leak,4,26,13047,255
16,small_leak,4,27,13547,253
16,small_leak,4,28,14048,190
16,small_leak,4,29,14547,264
16,small_leak,4,30,15047,375
16,small_leak,4,31,15547,463
16,small_leak,4,32,16047,521
16,small_leak,4,33,16547,280
16,small_leak,4,34,17047,291
16,small_leak,4,35,17547,192
16,small_leak,4,36,18047,367
16,small_leak,4,37,18547,218
16,small_leak,4,38,19047,205
16,small_leak,4,39,19547,356
16,small_leak,4,40,20047,429
16,small_leak,4,41,20547,317
16,small_leak,4,42,21047,265
16,small_leak,4,43,21547,285
16,small_leak,4,44,22047,168
16,small_leak,4,45,22547,198
16,small_leak,4,46,23047,199
16,small_leak,4,47,23547,185
16,small_leak,4,48,24047,75
16,small_leak,4,49,24547,101
16,small_leak,4,50,25047,26
16,small_leak,4,51,25547,145
16,small_leak,4,52,26047,169
16,small_leak,4,53,26547,52
16,small_leak,4,54,27047,166
16,small_leak,4,55,27547,301
16,small_leak,4,56,28047,293
16,small_leak,4,57,28547,288
16,small_leak,4,58,29047,249
16,small_leak,4,59,29547,217
16,small_leak,4,60,30047,100
16,small_leak,4,61,30547,71
16,small_leak,4,62,31047,61
16,small_leak,4,63,31547,69
16,small_leak,4,64,32047,159
16,small_leak,4,65,32547,118
16,small_leak,4,66,33047,59
16,small_leak,4,67,33547,53
16,small_leak,4,68,34047,35
16,small_leak,4,69,34547,0
16,small_leak,4,70,35047,43
16,small_leak,4,71,35547,2
16,small_leak,4,72,36047,6
16,small_leak,4,73,36547,271
16,small_leak,4,74,37047,121
16,small_leak,4,75,37547,89
16,small_leak,4,76,38047,17
16,small_leak,4,77,38547,0
16,small_leak,4,78,39047,0
16,small_leak,4,79,39547,139
16,small_leak,4,80,40047,357
16,small_leak,4,81,40547,185
16,small_leak,4,82,41047,111
16,small_leak,4,83,41547,347
16,small_leak,4,84,42047,217
16,small_leak,4,85,42547,307
16,small_leak,4,86,43047,235
16,small_leak,4,87,43547,183
16,small_leak,4,88,44047,303
16,small_leak,4,89,44547,118
16,small_leak,4,90,45047,248
16,small_leak,4,91,45547,170
16,small_leak,4,92,46047,143
16,small_leak,4,93,46547,153
16,small_leak,4,94,47047,68
16,small_leak,4,95,47547,153
16,small_leak,4,96,48047,141
16,small_leak,4,97,48547,216
16,small_leak,4,98,49047,82
16,small_leak,4,99,49547,150
16,small_leak,4,100,50047,61
16,small_leak,4,101,50547,19
16,small_leak,4,102,51047,105
16,small_leak,4,103,51547,37
16,small_leak,4,104,52048,31
16,small_leak,4,105,52547,83
16,small_leak,4,106,53047,11
16,small_leak,4,107,53547,0
16,small_leak,4,108,54047,43
16,small_leak,4,109,54547,46
16,small_leak,4,110,55047,157
16,small_leak,4,111,55547,107
16,small_leak,4,112,56047,123
16,small_leak,4,113,56547,116
16,small_leak,4,114,57047,142
16,small_leak,4,115,57547,218
16,small_leak,4,116,58047,421
16,small_leak,4,117,58547,155
16,small_leak,4,118,59047,175
16,small_leak,4,119,59547,231
16,small_leak,4,120,60047,123
16,small_leak,4,121,60547,187
16,small_leak,4,122,61047,142
16,small_leak,4,123,61547,136
16,small_leak,4,124,62047,95
16,small_leak,4,125,62547,136
16,small_leak,4,126,63047,35
16,small_leak,4,127,63547,63
16,small_leak,4,128,64047,121
16,small_leak,4,129,64547,98
16,small_leak,4,130,65047,138
16,small_leak,4,131,65547,381
16,small_leak,4,132,66047,335
16,small_leak,4,133,66547,475
16,small_leak,4,134,67047,619
16,small_leak,4,135,67547,275
16,small_leak,4,136,68047,331
16,small_leak,4,137,68547,346
16,small_leak,4,138,69047,283
16,small_leak,4,139,69547,219
16,small_leak,4,140,70047,203
16,small_leak,4,141,70547,122
16,small_leak,4,142,71047,200
16,small_leak,4,143,71547,138
16,small_leak,4,144,72047,204
16,small_leak,4,145,72547,71
16,small_leak,4,146,73047,183
16,small_leak,4,147,73547,119
16,small_leak,4,148,74047,132
16,small_leak,4,149,74547,84
16,small_leak,4,150,75047,121
16,small_leak,4,151,75547,175
16,small_leak,4,152,76047,160
16,small_leak,4,153,76547,117
16,small_leak,4,154,77047,105
16,small_leak,4,155,77547,89
16,small_leak,4,156,78047,87
16,small_leak,4,157,78547,125
16,small_leak,4,158,79047,139
16,small_leak,4,159,79547,108
16,small_leak,4,160,80047,43
16,small_leak,4,161,80547,17
16,small_leak,4,162,81047,0
16,small_leak,4,163,81547,0
16,small_leak,4,164,82047,88
16,small_leak,4,165,82547,37
16,small_leak,4,166,83047,134
16,small_leak,4,167,83547,185
16,small_leak,4,168,84047,206
16,small_leak,4,169,84547,243
16,small_leak,4,170,85047,267
16,small_leak,4,171,85547,471
16,small_leak,4,172,86047,251
16,small_leak,4,173,86547,301
16,small_leak,4,174,87047,261
16,small_leak,4,175,87547,190
16,small_leak,4,176,88047,188
16,small_leak,4,177,88547,115
16,small_leak,4,178,89047,75
16,small_leak,4,179,89547,43
16,small_leak,4,180,90047,123
16,small_leak,4,181,90547,37
16,small_leak,4,182,91047,0
16,small_leak,4,183,91547,0
16,small_leak,4,184,92047,1
16,small_leak,4,185,92547,0
16,small_leak,4,186,93047,0
16,small_leak,4,187,93547,43
16,small_leak,4,188,94048,9
16,small_leak,4,189,94547,0
16,small_leak,4,190,95047,0
16,small_leak,4,191,95547,0
16,small_leak,4,192,96047,239
16,small_leak,4,193,96547,75
16,small_leak,4,194,97047,8
16,small_leak,4,195,97547,47
16,small_leak,4,196,98047,182
16,small_leak,4,197,98547,275
16,small_leak,4,198,99047,455
16,small_leak,4,199,99547,413
16,small_leak,4,200,100047,301
16,small_leak,4,201,100547,245
16,small_leak,4,202,101047,231
16,small_leak,4,203,101547,219
16,small_leak,4,204,102047,85
16,small_leak,4,205,102547,136
16,small_leak,4,206,103047,249
16,small_leak,4,207,103547,77
16,small_leak,4,208,104047,151
16,small_leak,4,209,104547,104
16,small_leak,4,210,105047,187
16,small_leak,4,211,105547,235
16,small_leak,4,212,106047,135
16,small_leak,4,213,106547,115
16,small_leak,4,214,107047,55
16,small_leak,4,215,107547,35
16,small_leak,4,216,108047,103
16,small_leak,4,217,108547,103
16,small_leak,4,218,109047,229
16,small_leak,4,219,109547,249
16,small_leak,4,220,110047,266
16,small_leak,4,221,110547,249
16,small_leak,4,222,111047,222
16,small_leak,4,223,111547,295
16,small_leak,4,224,112047,93
16,small_leak,4,225,112547,265
16,small_leak,4,226,113047,233
16,small_leak,4,227,113547,141
16,small_leak,4,228,114047,292
16,small_leak,4,229,114547,137
16,small_leak,4,230,115047,157
16,small_leak,4,231,115547,153
16,small_leak,4,232,116047,111
16,small_leak,4,233,116547,152
16,small_leak,4,234,117047,253
16,small_leak,4,235,117547,251
16,small_leak,4,236,118047,183
16,small_leak,4,237,118547,51
16,small_leak,4,238,119047,116
16,small_leak,4,239,119547,126
16,small_leak,4,240,120047,104
16,small_leak,4,241,120547,21
16,small_leak,4,242,121047,142
16,small_leak,4,243,121547,72
16,small_leak,4,244,122047,119
16,small_leak,4,245,122547,163
16,small_leak,4,246,123047,201
16,small_leak,4,247,123547,128
16,small_leak,4,248,124047,101
16,small_leak,4,249,124547,61
16,small_leak,4,250,125047,6
16,small_leak,4,251,125547,139
16,small_leak,4,252,126047,125
16,small_leak,4,253,126547,219
16,small_leak,4,254,127047,147
16,small_leak,4,255,127547,190
16,small_leak,4,256,128047,125
16,small_leak,4,257,128547,154
16,small_leak,4,258,129047,143
16,small_leak,4,259,129547,333
16,small_leak,4,260,130048,180
16,small_leak,4,261,130547,211
16,small_leak,4,262,131047,363
16,small_leak,4,263,131547,315
16,small_leak,4,264,132047,310
16,small_leak,4,265,132547,104
16,small_leak,4,266,133047,41
16,small_leak,4,267,133547,27
16,small_leak,4,268,134047,0
16,small_leak,4,269,134547,0
16,small_leak,4,270,135047,166
16,small_leak,4,271,135547,213
16,small_leak,4,272,136047,119
16,small_leak,4,273,136547,155
16,small_leak,4,274,137047,184
16,small_leak,4,275,137547,153
16,small_leak,4,276,138047,117
16,small_leak,4,277,138547,180
16,small_leak,4,278,139047,191
16,small_leak,4,279,139547,132
16,small_leak,4,280,140047,116
16,small_leak,4,281,140547,25
16,small_leak,4,282,141047,0
16,small_leak,4,283,141547,0
16,small_leak,4,284,142047,0
16,small_leak,4,285,142547,187
16,small_leak,4,286,143047,160
16,small_leak,4,287,143547,53
16,small_leak,4,288,144047,1
16,small_leak,4,289,144547,101
16,small_leak,4,290,145047,210
16,small_leak,4,291,145547,59
16,small_leak,4,292,146047,4
16,small_leak,4,293,146547,83
16,small_leak,4,294,147047,11
16,small_leak,4,295,147547,216
16,small_leak,4,296,148047,229
16,small_leak,4,297,148547,221
16,small_leak,4,298,149047,119
16,small_leak,4,299,149547,191
16,small_leak,4,300,150047,159
16,small_leak,4,301,150547,253
16,small_leak,4,302,151047,175
16,small_leak,4,303,151547,245
16,small_leak,4,304,152047,311
16,small_leak,4,305,152547,221
16,small_leak,4,306,153047,261
16,small_leak,4,307,153547,133
16,small_leak,4,308,154047,141
16,small_leak,4,309,154547,176
16,small_leak,4,310,155047,140
16,small_leak,4,311,155547,115
16,small_leak,4,312,156047,147
16,small_leak,4,313,156547,199
16,small_leak,4,314,157047,163
16,small_leak,4,315,157547,181
16,small_leak,4,316,158047,179
16,small_leak,4,317,158547,314
16,small_leak,4,318,159047,103
16,small_leak,4,319,159547,157
16,small_leak,4,320,160047,127
16,small_leak,4,321,160547,70
16,small_leak,4,322,161047,255
16,small_leak,4,323,161547,212
16,small_leak,4,324,162047,243
16,small_leak,4,325,162547,75
16,small_leak,4,326,163047,203
16,small_leak,4,327,163547,111
16,small_leak,4,328,164047,141
16,small_leak,4,329,164547,325
16,small_leak,4,330,165047,156
16,small_leak,4,331,165547,192
16,small_leak,4,332,166047,256
16,small_leak,4,333,166547,279
16,small_leak,4,334,167047,553
16,small_leak,4,335,167547,309
16,small_leak,4,336,168047,397
16,small_leak,4,337,168547,403
16,small_leak,4,338,169047,341
16,small_leak,4,339,169547,339
16,small_leak,4,340,170047,237
16,small_leak,4,341,170547,244
16,small_leak,4,342,171047,265
16,small_leak,4,343,171547,249
16,small_leak,4,344,172047,290
16,small_leak,4,345,172547,148
16,small_leak,4,346,173047,203
16,small_leak,4,347,173547,222
16,small_leak,4,348,174047,175
16,small_leak,4,349,174547,85
16,small_leak,4,350,175047,63
16,small_leak,4,351,175547,9
16,small_leak,4,352,176047,0
16,small_leak,4,353,176547,0
16,small_leak,4,354,177047,87
16,small_leak,4,355,177547,21
16,small_leak,4,356,178047,26
16,small_leak,4,357,178547,38
16,small_leak,4,358,179047,0
16,small_leak,4,359,179547,19
16,small_leak,4,360,180047,69
16,small_leak,4,361,180547,29
16,small_leak,4,362,181047,205
16,small_leak,4,363,181547,58
16,small_leak,4,364,182047,13
16,small_leak,4,365,182547,104
16,small_leak,4,366,183047,77
16,small_leak,4,367,183547,41
16,small_leak,4,368,184047,156
16,small_leak,4,369,184547,101
16,small_leak,4,370,185047,99
16,small_leak,4,371,185547,156
16,small_leak,4,372,186047,111
16,small_leak,4,373,186547,142
16,small_leak,4,374,187047,141
16,small_leak,4,375,187547,139
16,small_leak,4,376,188047,149
16,small_leak,4,377,188547,140
16,small_leak,4,378,189047,115
16,small_leak,4,379,189547,27
16,small_leak,4,380,190047,46
16,small_leak,4,381,190547,13
16,small_leak,4,382,191047,59
16,small_leak,4,383,191547,191
16,small_leak,4,384,192047,63
16,small_leak,4,385,192547,296
16,small_leak,4,386,193047,191
16,small_leak,4,387,193547,135
16,small_leak,4,388,194047,236
16,small_leak,4,389,194547,295
16,small_leak,4,390,195047,315
16,small_leak,4,391,195547,349
16,small_leak,4,392,196047,365
16,small_leak,4,393,196547,268
16,small_leak,4,394,197047,182
16,small_leak,4,395,197547,197
16,small_leak,4,396,198047,146
16,small_leak,4,397,198547,36
16,small_leak,4,398,199047,69
16,small_leak,4,399,199547,157
16,small_leak,4,400,200047,47
16,small_leak,4,401,200547,103
16,small_leak,4,402,201047,30
16,small_leak,4,403,201547,123
16,small_leak,4,404,202047,44
16,small_leak,4,405,202547,75
16,small_leak,4,406,203047,9
16,small_leak,4,407,203547,85
16,small_leak,4,408,204047,12
16,small_leak,4,409,204547,133
16,small_leak,4,410,205047,30
16,small_leak,4,411,205547,69
16,small_leak,4,412,206047,204
16,small_leak,4,413,206547,57
16,small_leak,4,414,207047,53
16,small_leak,4,415,207547,31
16,small_leak,4,416,208047,127
16,small_leak,4,417,208547,101
16,small_leak,4,418,209047,55
16,small_leak,4,419,209547,67
16,small_leak,4,420,210047,94
16,small_leak,4,421,210547,250
16,small_leak,4,422,211047,294
16,small_leak,4,423,211547,186
16,small_leak,4,424,212047,340
16,small_leak,4,425,212547,252
16,small_leak,4,426,213047,85
16,small_leak,4,427,213547,12
16,small_leak,4,428,214047,165
16,small_leak,4,429,214547,184
16,small_leak,4,430,215047,261
16,small_leak,4,431,215547,80
16,small_leak,4,432,216047,37
16,small_leak,4,433,216547,135
16,small_leak,4,434,217047,260
16,small_leak,4,435,217547,231
16,small_leak,4,436,218047,220
16,small_leak,4,437,218547,150
16,small_leak,4,438,219047,163
16,small_leak,4,439,219547,205
16,small_leak,4,440,220047,199
16,small_leak,4,441,220547,218
16,small_leak,4,442,221047,203
16,small_leak,4,443,221547,92
16,small_leak,4,444,222047,45
16,small_leak,4,445,222547,18
16,small_leak,4,446,223047,41
16,small_leak,4,447,223547,45
16,small_leak,4,448,224047,85
16,small_leak,4,449,224547,13
16,small_leak,4,450,225047,0
16,small_leak,4,451,225547,0
16,small_leak,4,452,226048,18
16,small_leak,4,453,226547,222
16,small_leak,4,454,227047,187
16,small_leak,4,455,227547,220
16,small_leak,4,456,228047,99
16,small_leak,4,457,228547,242
16,small_leak,4,458,229047,301
16,small_leak,4,459,229547,229
16,small_leak,4,460,230047,138
16,small_leak,4,461,230547,313
16,small_leak,4,462,231047,283
16,small_leak,4,463,231547,205
16,small_leak,4,464,232047,331
16,small_leak,4,465,232547,435
16,small_leak,4,466,233047,312
16,small_leak,4,467,233547,589
16,small_leak,4,468,234047,601
16,small_leak,4,469,234547,519
16,small_leak,4,470,235047,469
16,small_leak,4,471,235547,446
16,small_leak,4,472,236047,381
16,small_leak,4,473,236547,283
16,small_leak,4,474,237047,263
16,small_leak,4,475,237547,140
16,small_leak,4,476,238047,168
16,small_leak,4,477,238547,227
16,small_leak,4,478,239047,71
16,small_leak,4,479,239547,21
16,small_leak,4,480,240047,88
16,small_leak,4,481,240547,16
16,small_leak,4,482,241047,9
16,small_leak,4,483,241547,149
16,small_leak,4,484,242047,109
16,small_leak,4,485,242547,183
16,small_leak,4,486,243047,173
16,small_leak,4,487,243547,180
16,small_leak,4,488,244047,184
16,small_leak,4,489,244547,81
16,small_leak,4,490,245047,51
16,small_leak,4,491,245547,0
16,small_leak,4,492,246047,0
16,small_leak,4,493,246547,0
16,small_leak,4,494,247047,0
16,small_leak,4,495,247547,0
16,small_leak,4,496,248047,36
16,small_leak,4,497,248547,50
16,small_leak,4,498,249047,29
16,small_leak,4,499,249547,94
16,small_leak,4,500,250047,29
16,small_leak,4,501,250547,43
16,small_leak,4,502,251047,171
16,small_leak,4,503,251547,107
16,small_leak,4,504,252047,175
16,small_leak,4,505,252547,183
16,small_leak,4,506,253047,125
16,small_leak,4,507,253547,201
16,small_leak,4,508,254047,172
16,small_leak,4,509,254547,351
16,small_leak,4,510,255047,179
16,small_leak,4,511,255547,175
16,small_leak,4,512,256047,158
16,small_leak,4,513,256547,250
16,small_leak,4,514,257047,79
16,small_leak,4,515,257547,184
16,small_leak,4,516,258047,60
16,small_leak,4,517,258547,240
16,small_leak,4,518,259047,183
16,small_leak,4,519,259547,53
16,small_leak,4,520,260047,212
16,small_leak,4,521,260547,64
16,small_leak,4,522,261047,85
16,small_leak,4,523,261547,82
16,small_leak,4,524,262047,235
16,small_leak,4,525,262547,156
16,small_leak,4,526,263047,146
16,small_leak,4,527,263547,227
16,small_leak,4,528,264047,341
16,small_leak,4,529,264547,271
16,small_leak,4,530,265047,269
16,small_leak,4,531,265547,223
16,small_leak,4,532,266047,175
16,small_leak,4,533,266547,106
16,small_leak,4,534,267047,168
16,small_leak,4,535,267547,203
16,small_leak,4,536,268047,203
16,small_leak,4,537,268547,107
16,small_leak,4,538,269047,109
16,small_leak,4,539,269547,109
16,small_leak,4,540,270047,23
16,small_leak,4,541,270547,103
16,small_leak,4,542,271047,190
16,small_leak,4,543,271547,341
16,small_leak,4,544,272047,349
16,small_leak,4,545,272547,234
16,small_leak,4,546,273047,173
16,small_leak,4,547,273547,121
16,small_leak,4,548,274047,121
16,small_leak,4,549,274547,269
16,small_leak,4,550,275047,199
16,small_leak,4,551,275547,174
16,small_leak,4,552,276047,87
16,small_leak,4,553,276547,13
16,small_leak,4,554,277047,0
16,small_leak,4,555,277547,0
16,small_leak,4,556,278047,0
16,small_leak,4,557,278547,0
16,small_leak,4,558,279047,75
16,small_leak,4,559,279547,45
16,small_leak,4,560,280047,23
16,small_leak,4,561,280547,0
16,small_leak,4,562,281047,118
16,small_leak,4,563,281547,107
16,small_leak,4,564,282047,250
16,small_leak,4,565,282547,232
16,small_leak,4,566,283047,356
16,small_leak,4,567,283547,359
16,small_leak,4,568,284047,280
16,small_leak,4,569,284547,376
16,small_leak,4,570,285047,317
16,small_leak,4,571,285547,341
16,small_leak,4,572,286047,213
16,small_leak,4,573,286547,235
16,small_leak,4,574,287047,143
16,small_leak,4,575,287547,51
16,small_leak,4,576,288047,2
16,small_leak,4,577,288547,0
16,small_leak,4,578,289047,0
16,small_leak,4,579,289547,0
16,small_leak,4,580,290047,155
16,small_leak,4,581,290547,57
16,small_leak,4,582,291047,90
16,small_leak,4,583,291547,110
16,small_leak,4,584,292047,87
16,small_leak,4,585,292547,13
16,small_leak,4,586,293047,207
16,small_leak,4,587,293547,72
16,small_leak,4,588,294047,263
16,small_leak,4,589,294547,105
16,small_leak,4,590,295047,175
16,small_leak,4,591,295547,47
16,small_leak,4,592,296047,421
16,small_leak,4,593,296547,211
16,small_leak,4,594,297047,215
16,small_leak,4,595,297547,153
16,small_leak,4,596,298047,263
16,small_leak,4,597,298547,447
16,small_leak,4,598,299047,377
16,small_leak,4,599,299547,335
16,small_leak,4,600,300047,247
16,small_leak,4,601,300547,444
16,small_leak,4,602,301047,269
16,small_leak,4,603,301547,203
16,small_leak,4,604,302047,343
16,small_leak,4,605,302547,249
16,small_leak,4,606,303047,214
16,small_leak,4,607,303547,210
16,small_leak,4,608,304047,85
16,small_leak,4,609,304547,27
16,small_leak,4,610,305047,12
16,small_leak,4,611,305547,69
16,small_leak,4,612,306047,7
16,small_leak,4,613,306547,0
16,small_leak,4,614,307047,91
16,small_leak,4,615,307547,11
16,small_leak,4,616,308047,16
16,small_leak,4,617,308547,46
16,small_leak,4,618,309047,249
16,small_leak,4,619,309547,299
16,small_leak,4,620,310047,411
16,small_leak,4,621,310547,293
16,small_leak,4,622,311047,201
16,small_leak,4,623,311547,157
16,small_leak,4,624,312047,231
16,small_leak,4,625,312547,87
16,small_leak,4,626,313047,136
16,small_leak,4,627,313547,107
16,small_leak,4,628,314047,30
16,small_leak,4,629,314547,0
16,small_leak,4,630,315047,158
16,small_leak,4,631,315547,43
16,small_leak,4,632,316047,84
16,small_leak,4,633,316547,53
16,small_leak,4,634,317047,117
16,small_leak,4,635,317547,24
16,small_leak,4,636,318047,55
16,small_leak,4,637,318547,79
16,small_leak,4,638,319047,149
16,small_leak,4,639,319547,227
16,small_leak,4,640,320047,71
16,small_leak,4,641,320547,254
16,small_leak,4,642,321047,314
16,small_leak,4,643,321547,431
16,small_leak,4,644,322047,423
16,small_leak,4,645,322547,447
16,small_leak,4,646,323047,345
16,small_leak,4,647,323547,382
16,small_leak,4,648,324047,333
16,small_leak,4,649,324547,334
16,small_leak,4,650,325047,367
16,small_leak,4,651,325547,271
16,small_leak,4,652,326047,203
16,small_leak,4,653,326547,210
16,small_leak,4,654,327047,61
16,small_leak,4,655,327547,30
16,small_leak,4,656,328047,105
16,small_leak,4,657,328547,55
16,small_leak,4,658,329047,39
16,small_leak,4,659,329547,125
16,small_leak,4,660,330047,29
16,small_leak,4,661,330547,0
16,small_leak,4,662,331047,0
16,small_leak,4,663,331547,0
16,small_leak,4,664,332047,89
16,small_leak,4,665,332547,213
16,small_leak,4,666,333047,59
16,small_leak,4,667,333547,109
16,small_leak,4,668,334047,27
16,small_leak,4,669,334547,179
16,small_leak,4,670,335047,51
16,small_leak,4,671,335547,39
16,small_leak,4,672,336047,61
16,small_leak,4,673,336547,20
16,small_leak,4,674,337047,125
16,small_leak,4,675,337547,40
16,small_leak,4,676,338047,261
16,small_leak,4,677,338547,267
16,small_leak,4,678,339047,205
16,small_leak,4,679,339547,143
16,small_leak,4,680,340047,237
16,small_leak,4,681,340547,85
16,small_leak,4,682,341047,126
16,small_leak,4,683,341547,93
16,small_leak,4,684,342047,110
16,small_leak,4,685,342547,141
16,small_leak,4,686,343047,177
16,small_leak,4,687,343547,47
16,small_leak,4,688,344047,27
16,small_leak,4,689,344547,29
16,small_leak,4,690,345047,37
16,small_leak,4,691,345547,0
16,small_leak,4,692,346047,115
16,small_leak,4,693,346547,435
16,small_leak,4,694,347047,185
16,small_leak,4,695,347547,227
16,small_leak,4,696,348047,282
16,small_leak,4,697,348547,167
16,small_leak,4,698,349047,373
16,small_leak,4,699,349547,312
16,small_leak,4,700,350047,277
16,small_leak,4,701,350547,253
16,small_leak,4,702,351047,307
16,small_leak,4,703,351547,232
16,small_leak,4,704,352047,203
16,small_leak,4,705,352547,176
16,small_leak,4,706,353047,150
16,small_leak,4,707,353547,170
16,small_leak,4,708,354047,223
16,small_leak,4,709,354547,137
16,small_leak,4,710,355047,33
16,small_leak,4,711,355547,57
16,small_leak,4,712,356047,12
16,small_leak,4,713,356547,106
16,small_leak,4,714,357047,23
16,small_leak,4,715,357547,28
16,small_leak,4,716,358047,253
16,small_leak,4,717,358547,127
16,small_leak,4,718,359047,267
16,small_leak,4,719,359547,88
16,small_leak,4,720,360047,169
16,small_leak,4,721,360547,211
16,small_leak,4,722,361047,120
16,small_leak,4,723,361547,149
16,small_leak,4,724,362047,348
16,small_leak,4,725,362547,701
16,small_leak,4,726,363047,517
16,small_leak,4,727,363547,483
16,small_leak,4,728,364047,440
16,small_leak,4,729,364547,347
16,small_leak,4,730,365047,341
16,small_leak,4,731,365547,297
16,small_leak,4,732,366047,231
16,small_leak,4,733,366547,146
16,small_leak,4,734,367047,141
16,small_leak,4,735,367547,201
16,small_leak,4,736,368047,119
16,small_leak,4,737,368547,115
16,small_leak,4,738,369047,101
16,small_leak,4,739,369547,69
16,small_leak,4,740,370047,39
16,small_leak,4,741,370547,138
16,small_leak,4,742,371047,172
16,small_leak,4,743,371547,82
16,small_leak,4,744,372047,51
16,small_leak,4,745,372547,295
16,small_leak,4,746,373047,103
16,small_leak,4,747,373547,93
16,small_leak,4,748,374047,26
16,small_leak,4,749,374547,111
16,small_leak,4,750,375047,43
16,small_leak,4,751,375547,7
16,small_leak,4,752,376047,76
16,small_leak,4,753,376547,109
16,small_leak,4,754,377047,86
16,small_leak,4,755,377547,25
16,small_leak,4,756,378047,181
16,small_leak,4,757,378547,361
16,small_leak,4,758,379047,164
16,small_leak,4,759,379547,201
16,small_leak,4,760,380047,142
16,small_leak,4,761,380547,183
16,small_leak,4,762,381047,315
16,small_leak,4,763,381547,375
16,small_leak,4,764,382047,275
16,small_leak,4,765,382547,127
16,small_leak,4,766,383047,164
16,small_leak,4,767,383547,346
16,small_leak,4,768,384047,254
16,small_leak,4,769,384547,199
16,small_leak,4,770,385047,79
16,small_leak,4,771,385547,203
16,small_leak,4,772,386047,174
16,small_leak,4,773,386547,125
16,small_leak,4,774,387047,123
16,small_leak,4,775,387547,97
16,small_leak,4,776,388047,18
16,small_leak,4,777,388547,0
16,small_leak,4,778,389047,98
16,small_leak,4,779,389547,111
16,small_leak,4,780,390047,99
16,small_leak,4,781,390547,68
16,small_leak,4,782,391047,3
16,small_leak,4,783,391547,0
16,small_leak,4,784,392047,0
16,small_leak,4,785,392547,0
16,small_leak,4,786,393047,1
16,small_leak,4,787,393547,0
16,small_leak,4,788,394047,0
16,small_leak,4,789,394547,0
16,small_leak,4,790,395047,105
16,small_leak,4,791,395547,87
16,small_leak,4,792,396047,227
16,small_leak,4,793,396547,139
16,small_leak,4,794,397047,279
16,small_leak,4,795,397547,409
16,small_leak,4,796,398047,269
16,small_leak,4,797,398547,617
16,small_leak,4,798,399047,651
16,small_leak,4,799,399547,472
16,small_leak,4,800,400047,361
16,small_leak,4,801,400547,215
16,small_leak,4,802,401047,69
16,small_leak,4,803,401547,303
16,small_leak,4,804,402047,231
16,small_leak,4,805,402547,249
16,small_leak,4,806,403047,173
16,small_leak,4,807,403547,153
16,small_leak,4,808,404047,153
16,small_leak,4,809,404547,166
16,small_leak,4,810,405047,163
16,small_leak,4,811,405547,72
16,small_leak,4,812,406047,110
16,small_leak,4,813,406547,71
16,small_leak,4,814,407047,20
16,small_leak,4,815,407547,11
16,small_leak,4,816,408047,58
16,small_leak,4,817,408547,28
16,small_leak,4,818,409047,28
16,small_leak,4,819,409547,71
16,small_leak,4,820,410047,42
16,small_leak,4,821,410547,13
16,small_leak,4,822,411047,0
16,small_leak,4,823,411547,0
16,small_leak,4,824,412047,0
16,small_leak,4,825,412547,0
16,small_leak,4,826,413047,0
16,small_leak,4,827,413547,109
16,small_leak,4,828,414047,246
16,small_leak,4,829,414547,243
16,small_leak,4,830,415047,153
16,small_leak,4,831,415547,40
16,small_leak,4,832,416047,220
16,small_leak,4,833,416547,315
16,small_leak,4,834,417047,375
16,small_leak,4,835,417547,325
16,small_leak,4,836,418047,437
16,small_leak,4,837,418547,297
16,small_leak,4,838,419048,329
16,small_leak,4,839,419547,320
16,small_leak,4,840,420047,329
16,small_leak,4,841,420547,248
16,small_leak,4,842,421047,285
16,small_leak,4,843,421547,313
16,small_leak,4,844,422047,239
16,small_leak,4,845,422547,325
16,small_leak,4,846,423047,203
16,small_leak,4,847,423547,170
16,small_leak,4,848,424047,247
16,small_leak,4,849,424547,99
16,small_leak,4,850,425047,212
16,small_leak,4,851,425547,155
16,small_leak,4,852,426047,41
16,small_leak,4,853,426547,137
16,small_leak,4,854,427047,151
16,small_leak,4,855,427547,57
16,small_leak,4,856,428047,175
16,small_leak,4,857,428547,146
16,small_leak,4,858,429047,73
16,small_leak,4,859,429547,123
16,small_leak,4,860,430047,101
16,small_leak,4,861,430547,18
16,small_leak,4,862,431047,0
16,small_leak,4,863,431547,72
16,small_leak,4,864,432047,22
16,small_leak,4,865,432547,90
16,small_leak,4,866,433047,29
16,small_leak,4,867,433547,139
16,small_leak,4,868,434047,139
16,small_leak,4,869,434547,158
16,small_leak,4,870,435047,215
16,small_leak,4,871,435547,267
16,small_leak,4,872,436047,250
16,small_leak,4,873,436547,198
16,small_leak,4,874,437047,141
16,small_leak,4,875,437547,239
16,small_leak,4,876,438047,399
16,small_leak,4,877,438547,319
16,small_leak,4,878,439047,218
16,small_leak,4,879,439547,151
16,small_leak,4,880,440047,207
16,small_leak,4,881,440547,206
16,small_leak,4,882,441047,76
16,small_leak,4,883,441547,123
16,small_leak,4,884,442047,308
16,small_leak,4,885,442547,115
16,small_leak,4,886,443047,52
16,small_leak,4,887,443547,1
16,small_leak,4,888,444047,85
16,small_leak,4,889,444547,191
16,small_leak,4,890,445047,84
16,small_leak,4,891,445547,142
16,small_leak,4,892,446047,171
16,small_leak,4,893,446547,154
16,small_leak,4,894,447047,154
16,small_leak,4,895,447547,123
16,small_leak,4,896,448047,207
16,small_leak,4,897,448547,180
16,small_leak,4,898,449047,179
16,small_leak,4,899,449547,69
16,small_leak,4,900,450047,87
16,small_leak,4,901,450547,39
16,small_leak,4,902,451047,233
16,small_leak,4,903,451547,202
16,small_leak,4,904,452047,95
16,small_leak,4,905,452547,121
16,small_leak,4,906,453047,109
16,small_leak,4,907,453547,77
16,small_leak,4,908,454047,251
16,small_leak,4,909,454547,109
16,small_leak,4,910,455047,75
16,small_leak,4,911,455547,99
16,small_leak,4,912,456047,59
16,small_leak,4,913,456547,11
16,small_leak,4,914,457047,0
16,small_leak,4,915,457547,343
16,small_leak,4,916,458047,297
16,small_leak,4,917,458547,94
16,small_leak,4,918,459047,237
16,small_leak,4,919,459547,87
16,small_leak,4,920,460047,104
16,small_leak,4,921,460547,203
16,small_leak,4,922,461047,59
16,small_leak,4,923,461547,5
16,small_leak,4,924,462047,106
16,small_leak,4,925,462547,26
16,small_leak,4,926,463047,117
16,small_leak,4,927,463547,26
16,small_leak,4,928,464047,83
16,small_leak,4,929,464547,11
16,small_leak,4,930,465047,75
16,small_leak,4,931,465547,153
16,small_leak,4,932,466047,181
16,small_leak,4,933,466547,87
16,small_leak,4,934,467047,143
16,small_leak,4,935,467547,45
16,small_leak,4,936,468047,127
16,small_leak,4,937,468547,165
16,small_leak,4,938,469047,233
16,small_leak,4,939,469547,307
16,small_leak,4,940,470047,293
16,small_leak,4,941,470547,329
16,small_leak,4,942,471047,284
16,small_leak,4,943,471547,302
16,small_leak,4,944,472047,349
16,small_leak,4,945,472547,163
16,small_leak,4,946,473047,165
16,small_leak,4,947,473547,171
16,small_leak,4,948,474047,91
16,small_leak,4,949,474547,227
16,small_leak,4,950,475047,310
16,small_leak,4,951,475547,249
16,small_leak,4,952,476047,247
16,small_leak,4,953,476547,192
16,small_leak,4,954,477047,201
16,small_leak,4,955,477547,198
16,small_leak,4,956,478047,213
16,small_leak,4,957,478547,233
16,small_leak,4,958,479047,109
16,small_leak,4,959,479547,260
16,small_leak,4,960,480047,283
16,small_leak,4,961,480547,220
16,small_leak,4,962,481047,139
16,small_leak,4,963,481547,277
16,small_leak,4,964,482047,309
16,small_leak,4,965,482547,275
16,small_leak,4,966,483048,173
16,small_leak,4,967,483547,186
16,small_leak,4,968,484047,239
16,small_leak,4,969,484547,182
16,small_leak,4,970,485047,118
16,small_leak,4,971,485547,155
16,small_leak,4,972,486047,74
16,small_leak,4,973,486547,85
16,small_leak,4,974,487047,101
16,small_leak,4,975,487547,304
16,small_leak,4,976,488047,100
16,small_leak,4,977,488547,312
16,small_leak,4,978,489047,283
16,small_leak,4,979,489547,155
16,small_leak,4,980,490047,155
16,small_leak,4,981,490547,219
16,small_leak,4,982,491047,191
16,small_leak,4,983,491547,173
16,small_leak,4,984,492047,95
16,small_leak,4,985,492547,176
16,small_leak,4,986,493047,180
16,small_leak,4,987,493547,52
16,small_leak,4,988,494047,1
16,small_leak,4,989,494547,0
16,small_leak,4,990,495047,102
16,small_leak,4,991,495547,20
16,small_leak,4,992,496047,87
16,small_leak,4,993,496547,135
16,small_leak,4,994,497047,311
16,small_leak,4,995,497547,168
16,small_leak,4,996,498047,189
16,small_leak,4,997,498547,203
16,small_leak,4,998,499047,291
16,small_leak,4,999,499547,379
16,small_leak,4,1000,500047,315
16,small_leak,4,1001,500547,261
16,small_leak,4,1002,501047,311
16,small_leak,4,1003,501547,198
16,small_leak,4,1004,502048,151
16,small_leak,4,1005,502547,137
16,small_leak,4,1006,503047,233
16,small_leak,4,1007,503547,89
16,small_leak,4,1008,504047,107
16,small_leak,4,1009,504547,135
16,small_leak,4,1010,505047,53
16,small_leak,4,1011,505547,84
16,small_leak,4,1012,506047,19
16,small_leak,4,1013,506547,92
16,small_leak,4,1014,507047,171
16,small_leak,4,1015,507547,46
16,small_leak,4,1016,508047,0
16,small_leak,4,1017,508547,0
16,small_leak,4,1018,509047,119
16,small_leak,4,1019,509547,125
16,small_leak,4,1020,510047,29
16,small_leak,4,1021,510547,38
16,small_leak,4,1022,511047,75
16,small_leak,4,1023,511547,147
16,small_leak,4,1024,512047,283
16,small_leak,4,1025,512547,215
16,small_leak,4,1026,513047,151
16,small_leak,4,1027,513547,190
16,small_leak,4,1028,514047,175
16,small_leak,4,1029,514547,171
16,small_leak,4,1030,515047,47
16,small_leak,4,1031,515547,0
16,small_leak,4,1032,516047,0
16,small_leak,4,1033,516547,101
16,small_leak,4,1034,517047,37
16,small_leak,4,1035,517547,40
16,small_leak,4,1036,518047,9
16,small_leak,4,1037,518547,85
16,small_leak,4,1038,519047,117
16,small_leak,4,1039,519547,71
16,small_leak,4,1040,520047,419
16,small_leak,4,1041,520547,138
16,small_leak,4,1042,521047,35
16,small_leak,4,1043,521547,123
16,small_leak,4,1044,522047,206
16,small_leak,4,1045,522547,259
16,small_leak,4,1046,523047,341
16,small_leak,4,1047,523547,375
16,small_leak,4,1048,524047,285
16,small_leak,4,1049,524547,203
16,small_leak,4,1050,525047,179
16,small_leak,4,1051,525547,210
16,small_leak,4,1052,526047,222
16,small_leak,4,1053,526547,160
16,small_leak,4,1054,527047,265
16,small_leak,4,1055,527547,207
16,small_leak,4,1056,528047,115
16,small_leak,4,1057,528547,107
16,small_leak,4,1058,529047,22
16,small_leak,4,1059,529547,0
16,small_leak,4,1060,530047,0
16,small_leak,4,1061,530547,0
16,small_leak,4,1062,531047,0
16,small_leak,4,1063,531547,87
16,small_leak,4,1064,532047,105
16,small_leak,4,1065,532547,29
16,small_leak,4,1066,533047,29
16,small_leak,4,1067,533547,21
16,small_leak,4,1068,534047,0
16,small_leak,4,1069,534547,0
16,small_leak,4,1070,535047,4
16,small_leak,4,1071,535547,0
16,small_leak,4,1072,536047,0
16,small_leak,4,1073,536547,0
16,small_leak,4,1074,537047,0
16,small_leak,4,1075,537547,0
16,small_leak,4,1076,538047,71
16,small_leak,4,1077,538547,17
16,small_leak,4,1078,539047,133
16,small_leak,4,1079,539547,29
16,small_leak,4,1080,540047,189
16,small_leak,4,1081,540547,91
16,small_leak,4,1082,541047,233
16,small_leak,4,1083,541547,309
16,small_leak,4,1084,542047,237
16,small_leak,4,1085,542547,267
16,small_leak,4,1086,543047,237
16,small_leak,4,1087,543547,181
16,small_leak,4,1088,544047,159
16,small_leak,4,1089,544547,281
16,small_leak,4,1090,545047,360
16,small_leak,4,1091,545547,315
16,small_leak,4,1092,546047,335
16,small_leak,4,1093,546547,334
16,small_leak,4,1094,547047,309
16,small_leak,4,1095,547547,265
16,small_leak,4,1096,548047,301
16,small_leak,4,1097,548547,267
16,small_leak,4,1098,549047,261
16,small_leak,4,1099,549547,158
16,small_leak,4,1100,550047,281
16,small_leak,4,1101,550547,94
16,small_leak,4,1102,551047,57
16,small_leak,4,1103,551547,101
16,small_leak,4,1104,552047,118
16,small_leak,4,1105,552547,107
16,small_leak,4,1106,553047,24
16,small_leak,4,1107,553547,309
16,small_leak,4,1108,554047,105
16,small_leak,4,1109,554547,149
16,small_leak,4,1110,555047,232
16,small_leak,4,1111,555547,347
16,small_leak,4,1112,556047,310
16,small_leak,4,1113,556547,173
16,small_leak,4,1114,557047,218
16,small_leak,4,1115,557547,141
16,small_leak,4,1116,558047,183
16,small_leak,4,1117,558547,157
16,small_leak,4,1118,559047,110
16,small_leak,4,1119,559547,22
16,small_leak,4,1120,560048,101
16,small_leak,4,1121,560547,182
16,small_leak,4,1122,561047,69
16,small_leak,4,1123,561547,147
16,small_leak,4,1124,562047,104
16,small_leak,4,1125,562547,326
16,small_leak,4,1126,563047,239
16,small_leak,4,1127,563547,315
16,small_leak,4,1128,564047,245
16,small_leak,4,1129,564547,94
16,small_leak,4,1130,565047,19
16,small_leak,4,1131,565547,299
16,small_leak,4,1132,566047,407
16,small_leak,4,1133,566547,461
16,small_leak,4,1134,567047,426
16,small_leak,4,1135,567547,344
16,small_leak,4,1136,568047,315
16,small_leak,4,1137,568547,340
16,small_leak,4,1138,569047,331
16,small_leak,4,1139,569547,298
16,small_leak,4,1140,570047,251
16,small_leak,4,1141,570547,164
16,small_leak,4,1142,571047,219
16,small_leak,4,1143,571547,108
16,small_leak,4,1144,572047,79
16,small_leak,4,1145,572547,10
16,small_leak,4,1146,573047,0
16,small_leak,4,1147,573547,0
16,small_leak,4,1148,574047,183
16,small_leak,4,1149,574547,52
16,small_leak,4,1150,575047,0
16,small_leak,4,1151,575547,201
16,small_leak,4,1152,576047,89
16,small_leak,4,1153,576547,79
16,small_leak,4,1154,577047,93
16,small_leak,4,1155,577547,18
16,small_leak,4,1156,578047,0
16,small_leak,4,1157,578547,0
16,small_leak,4,1158,579047,0
16,small_leak,4,1159,579547,55
16,small_leak,4,1160,580047,85
16,small_leak,4,1161,580547,133
16,small_leak,4,1162,581047,165
16,small_leak,4,1163,581547,254
16,small_leak,4,1164,582047,82
16,small_leak,4,1165,582547,10
16,small_leak,4,1166,583047,0
16,small_leak,4,1167,583547,0
16,small_leak,4,1168,584047,169
16,small_leak,4,1169,584547,60
16,small_leak,4,1170,585047,62
16,small_leak,4,1171,585547,239
16,small_leak,4,1172,586047,312
16,small_leak,4,1173,586547,216
16,small_leak,4,1174,587047,283
16,small_leak,4,1175,587547,392
16,small_leak,4,1176,588047,308
16,small_leak,4,1177,588547,376
16,small_leak,4,1178,589047,379
16,small_leak,4,1179,589547,527
16,small_leak,4,1180,590047,414
16,small_leak,4,1181,590547,320
16,small_leak,4,1182,591047,231
16,small_leak,4,1183,591547,137
16,small_leak,4,1184,592047,53
16,small_leak,4,1185,592547,104
16,small_leak,4,1186,593047,117
16,small_leak,4,1187,593547,38
16,small_leak,4,1188,594047,1
16,small_leak,4,1189,594547,200
16,small_leak,4,1190,595047,109
16,small_leak,4,1191,595547,189
16,small_leak,4,1192,596047,163
16,small_leak,4,1193,596547,124
16,small_leak,4,1194,597047,207
16,small_leak,4,1195,597547,244
16,small_leak,4,1196,598047,125
16,small_leak,4,1197,598547,198
16,small_leak,4,1198,599047,159
16,small_leak,4,1199,599547,119
16,small_leak,4,1200,600047,30
16,small_leak,4,1201,600547,0
16,small_leak,4,1202,601047,117
16,small_leak,4,1203,601547,235
16,small_leak,4,1204,602047,89
16,small_leak,4,1205,602547,106
16,small_leak,4,1206,603047,202
16,small_leak,4,1207,603547,169
16,small_leak,4,1208,604047,89
16,small_leak,4,1209,604547,137
16,small_leak,4,1210,605047,219
16,small_leak,4,1211,605547,141
16,small_leak,4,1212,606047,39
16,small_leak,4,1213,606547,90
16,small_leak,4,1214,607047,245
16,small_leak,4,1215,607547,247
16,small_leak,4,1216,608047,199
16,small_leak,4,1217,608547,308
16,small_leak,4,1218,609047,245
16,small_leak,4,1219,609547,137
16,small_leak,4,1220,610047,31
16,small_leak,4,1221,610547,5
16,small_leak,4,1222,611047,0
16,small_leak,4,1223,611547,47
16,small_leak,4,1224,612047,29
16,small_leak,4,1225,612547,267
16,small_leak,4,1226,613047,85
16,small_leak,4,1227,613547,186
16,small_leak,4,1228,614047,274
16,small_leak,4,1229,614547,88
16,small_leak,4,1230,615047,100
16,small_leak,4,1231,615547,216
16,small_leak,4,1232,616047,77
16,small_leak,4,1233,616547,133
16,small_leak,4,1234,617048,109
16,small_leak,4,1235,617547,421
16,small_leak,4,1236,618047,149
16,small_leak,4,1237,618547,51
16,small_leak,4,1238,619047,121
16,small_leak,4,1239,619547,27
16,small_leak,4,1240,620047,17
16,small_leak,4,1241,620547,137
16,small_leak,4,1242,621047,33
16,small_leak,4,1243,621547,124
16,small_leak,4,1244,622047,121
16,small_leak,4,1245,622547,93
16,small_leak,4,1246,623047,22
16,small_leak,4,1247,623547,121
16,small_leak,4,1248,624047,180
16,small_leak,4,1249,624547,331
16,small_leak,4,1250,625047,316
16,small_leak,4,1251,625547,227
16,small_leak,4,1252,626047,151
16,small_leak,4,1253,626547,72
16,small_leak,4,1254,627047,174
16,small_leak,4,1255,627547,215
16,small_leak,4,1256,628047,345
16,small_leak,4,1257,628547,150
16,small_leak,4,1258,629047,151
16,small_leak,4,1259,629547,146
16,small_leak,4,1260,630047,231
16,small_leak,4,1261,630547,101
16,small_leak,4,1262,631047,156
16,small_leak,4,1263,631547,115
16,small_leak,4,1264,632047,88
16,small_leak,4,1265,632547,164
16,small_leak,4,1266,633047,217
16,small_leak,4,1267,633547,169
16,small_leak,4,1268,634047,218
16,small_leak,4,1269,634547,75
16,small_leak,4,1270,635047,99
16,small_leak,4,1271,635547,67
16,small_leak,4,1272,636047,185
16,small_leak,4,1273,636547,113
16,small_leak,4,1274,637047,153
16,small_leak,4,1275,637547,212
16,small_leak,4,1276,638047,89
16,small_leak,4,1277,638547,125
16,small_leak,4,1278,639047,29
16,small_leak,4,1279,639547,0
16,small_leak,4,1280,640047,21
16,small_leak,4,1281,640547,7
16,small_leak,4,1282,641047,203
16,small_leak,4,1283,641547,61
16,small_leak,4,1284,642047,39
16,small_leak,4,1285,642547,76
16,small_leak,4,1286,643047,20
16,small_leak,4,1287,643547,57
16,small_leak,4,1288,644047,119
16,small_leak,4,1289,644547,107
16,small_leak,4,1290,645047,125
16,small_leak,4,1291,645547,119
16,small_leak,4,1292,646047,115
16,small_leak,4,1293,646547,141
16,small_leak,4,1294,647047,244
16,small_leak,4,1295,647547,622
16,small_leak,4,1296,648047,402
16,small_leak,4,1297,648547,377
16,small_leak,4,1298,649047,405
16,small_leak,4,1299,649547,363
16,small_leak,4,1300,650047,355
16,small_leak,4,1301,650547,377
16,small_leak,4,1302,651047,310
16,small_leak,4,1303,651547,233
16,small_leak,4,1304,652048,201
16,small_leak,4,1305,652547,244
16,small_leak,4,1306,653047,132
16,small_leak,4,1307,653547,199
16,small_leak,4,1308,654047,143
16,small_leak,4,1309,654547,165
16,small_leak,4,1310,655047,134
16,small_leak,4,1311,655547,43
16,small_leak,4,1312,656047,1
16,small_leak,4,1313,656547,87
16,small_leak,4,1314,657047,87
16,small_leak,4,1315,657547,40
16,small_leak,4,1316,658047,0
16,small_leak,4,1317,658547,0
16,small_leak,4,1318,659047,0
16,small_leak,4,1319,659547,0
16,small_leak,4,1320,660047,51
16,small_leak,4,1321,660547,63
16,small_leak,4,1322,661047,36
16,small_leak,4,1323,661547,43
16,small_leak,4,1324,662047,147
16,small_leak,4,1325,662547,105
16,small_leak,4,1326,663047,168
16,small_leak,4,1327,663547,288
16,small_leak,4,1328,664047,93
16,small_leak,4,1329,664547,16
16,small_leak,4,1330,665047,0
16,small_leak,4,1331,665547,112
16,small_leak,4,1332,666047,29
16,small_leak,4,1333,666547,0
16,small_leak,4,1334,667047,45
16,small_leak,4,1335,667547,0
16,small_leak,4,1336,668047,0
16,small_leak,4,1337,668547,84
16,small_leak,4,1338,669047,120
16,small_leak,4,1339,669547,25
16,small_leak,4,1340,670047,50
16,small_leak,4,1341,670547,123
16,small_leak,4,1342,671047,29
16,small_leak,4,1343,671547,9
16,small_leak,4,1344,672047,16
16,small_leak,4,1345,672547,85
16,small_leak,4,1346,673047,141
16,small_leak,4,1347,673547,109
16,small_leak,4,1348,674047,118
16,small_leak,4,1349,674547,99
16,small_leak,4,1350,675047,157
16,small_leak,4,1351,675547,121
16,small_leak,4,1352,676047,89
16,small_leak,4,1353,676547,88
16,small_leak,4,1354,677047,17
16,small_leak,4,1355,677547,91
16,small_leak,4,1356,678047,105
16,small_leak,4,1357,678547,21
16,small_leak,4,1358,679047,201
16,small_leak,4,1359,679547,79
16,small_leak,4,1360,680047,10
16,small_leak,4,1361,680547,167
16,small_leak,4,1362,681047,99
16,small_leak,4,1363,681547,22
16,small_leak,4,1364,682047,0
16,small_leak,4,1365,682547,41
16,small_leak,4,1366,683047,0
16,small_leak,4,1367,683547,99
16,small_leak,4,1368,684047,48
16,small_leak,4,1369,684547,159
16,small_leak,4,1370,685047,83
16,small_leak,4,1371,685547,199
16,small_leak,4,1372,686047,203
16,small_leak,4,1373,686547,116
16,small_leak,4,1374,687047,232
16,small_leak,4,1375,687547,95
16,small_leak,4,1376,688047,105
16,small_leak,4,1377,688547,214
16,small_leak,4,1378,689047,312
16,small_leak,4,1379,689547,410
16,small_leak,4,1380,690047,253
16,small_leak,4,1381,690547,199
16,small_leak,4,1382,691047,241
16,small_leak,4,1383,691547,469
16,small_leak,4,1384,692047,326
16,small_leak,4,1385,692547,295
16,small_leak,4,1386,693047,237
16,small_leak,4,1387,693547,201
16,small_leak,4,1388,694047,230
16,small_leak,4,1389,694547,169
16,small_leak,4,1390,695047,205
16,small_leak,4,1391,695547,219
16,small_leak,4,1392,696047,147
16,small_leak,4,1393,696547,232
16,small_leak,4,1394,697047,198
16,small_leak,4,1395,697547,298
16,small_leak,4,1396,698047,299
16,small_leak,4,1397,698547,174
16,small_leak,4,1398,699047,198
16,small_leak,4,1399,699547,181
16,small_leak,4,1400,700047,215
16,small_leak,4,1401,700547,239
16,small_leak,4,1402,701047,123
16,small_leak,4,1403,701547,261
16,small_leak,4,1404,702047,299
16,small_leak,4,1405,702547,231
16,small_leak,4,1406,703047,333
16,small_leak,4,1407,703547,349
16,small_leak,4,1408,704048,302
16,small_leak,4,1409,704547,311
16,small_leak,4,1410,705047,331
16,small_leak,4,1411,705547,308
16,small_leak,4,1412,706047,297
16,small_leak,4,1413,706547,283
16,small_leak,4,1414,707047,203
16,small_leak,4,1415,707547,167
16,small_leak,4,1416,708047,165
16,small_leak,4,1417,708547,91
16,small_leak,4,1418,709047,111
16,small_leak,4,1419,709547,109
16,small_leak,4,1420,710047,133
16,small_leak,4,1421,710547,91
16,small_leak,4,1422,711047,103
16,small_leak,4,1423,711547,151
16,small_leak,4,1424,712047,121
16,small_leak,4,1425,712547,27
16,small_leak,4,1426,713047,0
16,small_leak,4,1427,713547,133
16,small_leak,4,1428,714047,31
16,small_leak,4,1429,714547,375
16,small_leak,4,1430,715047,138
16,small_leak,4,1431,715547,134
16,small_leak,4,1432,716047,164
16,small_leak,4,1433,716547,43
16,small_leak,4,1434,717047,160
16,small_leak,4,1435,717547,167
16,small_leak,4,1436,718047,186
16,small_leak,4,1437,718547,132
16,small_leak,4,1438,719047,140
16,small_leak,4,1439,719547,237
16,small_leak,4,1440,720047,151
16,small_leak,4,1441,720547,124
16,small_leak,4,1442,721047,95
16,small_leak,4,1443,721547,205
16,small_leak,4,1444,722047,155
16,small_leak,4,1445,722547,235
16,small_leak,4,1446,723047,186
16,small_leak,4,1447,723547,203
16,small_leak,4,1448,724047,138
16,small_leak,4,1449,724547,53
16,small_leak,4,1450,725047,84
16,small_leak,4,1451,725547,159
16,small_leak,4,1452,726047,178
16,small_leak,4,1453,726547,83
16,small_leak,4,1454,727047,141
16,small_leak,4,1455,727547,202
16,small_leak,4,1456,728047,133
16,small_leak,4,1457,728547,147
16,small_leak,4,1458,729047,86
16,small_leak,4,1459,729547,155
16,small_leak,4,1460,730047,105
16,small_leak,4,1461,730547,102
16,small_leak,4,1462,731047,173
16,small_leak,4,1463,731547,311
16,small_leak,4,1464,732047,101
16,small_leak,4,1465,732547,19
16,small_leak,4,1466,733047,0
16,small_leak,4,1467,733547,279
16,small_leak,4,1468,734048,245
16,small_leak,4,1469,734547,284
16,small_leak,4,1470,735047,279
16,small_leak,4,1471,735547,429
16,small_leak,4,1472,736047,377
16,small_leak,4,1473,736547,179
16,small_leak,4,1474,737047,251
16,small_leak,4,1475,737547,191
16,small_leak,4,1476,738047,179
16,small_leak,4,1477,738547,165
16,small_leak,4,1478,739047,207
16,small_leak,4,1479,739547,61
16,small_leak,4,1480,740047,107
16,small_leak,4,1481,740547,139
16,small_leak,4,1482,741047,149
16,small_leak,4,1483,741547,105
16,small_leak,4,1484,742047,168
16,small_leak,4,1485,742547,201
16,small_leak,4,1486,743047,165
16,small_leak,4,1487,743547,199
16,small_leak,4,1488,744047,218
16,small_leak,4,1489,744547,210
16,small_leak,4,1490,745047,101
16,small_leak,4,1491,745547,19
16,small_leak,4,1492,746047,78
16,small_leak,4,1493,746547,85
16,small_leak,4,1494,747047,189
16,small_leak,4,1495,747547,140
16,small_leak,4,1496,748047,253
16,small_leak,4,1497,748547,81
16,small_leak,4,1498,749047,197
16,small_leak,4,1499,749547,71
16,small_leak,4,1500,750047,121
16,small_leak,4,1501,750547,39
16,small_leak,4,1502,751047,111
16,small_leak,4,1503,751547,73
16,small_leak,4,1504,752047,41
16,small_leak,4,1505,752547,95
16,small_leak,4,1506,753047,20
16,small_leak,4,1507,753547,127
16,small_leak,4,1508,754047,201
16,small_leak,4,1509,754547,135
16,small_leak,4,1510,755047,175
16,small_leak,4,1511,755547,262
16,small_leak,4,1512,756048,265
16,small_leak,4,1513,756547,147
16,small_leak,4,1514,757047,53
16,small_leak,4,1515,757547,186
16,small_leak,4,1516,758047,59
16,small_leak,4,1517,758547,89
16,small_leak,4,1518,759048,13
16,small_leak,4,1519,759547,93
16,small_leak,4,1520,760047,103
16,small_leak,4,1521,760547,81
16,small_leak,4,1522,761047,159
16,small_leak,4,1523,761547,117
16,small_leak,4,1524,762047,57
16,small_leak,4,1525,762547,141
16,small_leak,4,1526,763047,141
16,small_leak,4,1527,763547,53
16,small_leak,4,1528,764047,211
16,small_leak,4,1529,764547,119
16,small_leak,4,1530,765047,117
16,small_leak,4,1531,765547,173
16,small_leak,4,1532,766047,229
16,small_leak,4,1533,766547,141
16,small_leak,4,1534,767047,115
16,small_leak,4,1535,767547,205
16,small_leak,4,1536,768047,62
16,small_leak,4,1537,768547,5
16,small_leak,4,1538,769047,0
16,small_leak,4,1539,769547,0
16,small_leak,4,1540,770047,42
16,small_leak,4,1541,770547,37
16,small_leak,4,1542,771047,0
16,small_leak,4,1543,771547,0
16,small_leak,4,1544,772047,0
16,small_leak,4,1545,772547,16
16,small_leak,4,1546,773047,102
16,small_leak,4,1547,773547,20
16,small_leak,4,1548,774047,153
16,small_leak,4,1549,774547,40
16,small_leak,4,1550,775047,9
16,small_leak,4,1551,775547,99
16,small_leak,4,1552,776048,20
16,small_leak,4,1553,776547,123
16,small_leak,4,1554,777047,28
16,small_leak,4,1555,777547,0
16,small_leak,4,1556,778047,157
16,small_leak,4,1557,778547,168
16,small_leak,4,1558,779047,85
16,small_leak,4,1559,779547,223
16,small_leak,4,1560,780047,201
16,small_leak,4,1561,780547,221
16,small_leak,4,1562,781047,222
16,small_leak,4,1563,781547,111
16,small_leak,4,1564,782047,104
16,small_leak,4,1565,782547,185
16,small_leak,4,1566,783047,215
16,small_leak,4,1567,783547,185
16,small_leak,4,1568,784047,236
16,small_leak,4,1569,784547,103
16,small_leak,4,1570,785047,21
16,small_leak,4,1571,785547,90
16,small_leak,4,1572,786047,21
16,small_leak,4,1573,786547,47
16,small_leak,4,1574,787047,205
16,small_leak,4,1575,787547,61
16,small_leak,4,1576,788047,19
16,small_leak,4,1577,788547,61
16,small_leak,4,1578,789047,95
16,small_leak,4,1579,789547,120
16,small_leak,4,1580,790047,171
16,small_leak,4,1581,790547,409
16,small_leak,4,1582,791047,325
16,small_leak,4,1583,791547,349
16,small_leak,4,1584,792048,332
16,small_leak,4,1585,792547,390
16,small_leak,4,1586,793047,420
16,small_leak,4,1587,793547,243
16,small_leak,4,1588,794047,312
16,small_leak,4,1589,794547,269
16,small_leak,4,1590,795047,200
16,small_leak,4,1591,795547,213
16,small_leak,4,1592,796047,89
16,small_leak,4,1593,796547,16
16,small_leak,4,1594,797047,85
16,small_leak,4,1595,797547,13
16,small_leak,4,1596,798047,0
16,small_leak,4,1597,798547,0
16,small_leak,4,1598,799047,101
16,small_leak,4,1599,799547,61
16,small_leak,4,1600,800047,17
16,small_leak,4,1601,800547,123
16,small_leak,4,1602,801047,29
16,small_leak,4,1603,801547,0
16,small_leak,4,1604,802047,92
16,small_leak,4,1605,802547,59
16,small_leak,4,1606,803047,57
16,small_leak,4,1607,803547,167
16,small_leak,4,1608,804047,148
16,small_leak,4,1609,804547,105
16,small_leak,4,1610,805047,137
16,small_leak,4,1611,805547,91
16,small_leak,4,1612,806047,153
16,small_leak,4,1613,806547,103
16,small_leak,4,1614,807047,231
16,small_leak,4,1615,807547,75
16,small_leak,4,1616,808047,283
16,small_leak,4,1617,808547,272
16,small_leak,4,1618,809047,203
16,small_leak,4,1619,809547,247
16,small_leak,4,1620,810047,287
16,small_leak,4,1621,810547,303
16,small_leak,4,1622,811047,341
16,small_leak,4,1623,811547,295
16,small_leak,4,1624,812047,397
16,small_leak,4,1625,812547,376
16,small_leak,4,1626,813047,409
16,small_leak,4,1627,813547,295
16,small_leak,4,1628,814047,281
16,small_leak,4,1629,814547,118
16,small_leak,4,1630,815047,159
16,small_leak,4,1631,815547,109
16,small_leak,4,1632,816047,95
16,small_leak,4,1633,816547,18
16,small_leak,4,1634,817047,63
16,small_leak,4,1635,817547,5
16,small_leak,4,1636,818047,0
16,small_leak,4,1637,818547,106
16,small_leak,4,1638,819047,509
16,small_leak,4,1639,819547,173
16,small_leak,4,1640,820047,214
16,small_leak,4,1641,820547,274
16,small_leak,4,1642,821047,225
16,small_leak,4,1643,821547,199
16,small_leak,4,1644,822047,156
16,small_leak,4,1645,822547,229
16,small_leak,4,1646,823047,409
16,small_leak,4,1647,823547,149
16,small_leak,4,1648,824047,59
16,small_leak,4,1649,824547,3
16,small_leak,4,1650,825047,0
16,small_leak,4,1651,825547,0
16,small_leak,4,1652,826047,0
16,small_leak,4,1653,826547,262
16,small_leak,4,1654,827047,333
16,small_leak,4,1655,827547,358
16,small_leak,4,1656,828047,371
16,small_leak,4,1657,828547,299
16,small_leak,4,1658,829047,295
16,small_leak,4,1659,829547,237
16,small_leak,4,1660,830047,169
16,small_leak,4,1661,830547,168
16,small_leak,4,1662,831047,151
16,small_leak,4,1663,831547,138
16,small_leak,4,1664,832047,74
16,small_leak,4,1665,832547,61
16,small_leak,4,1666,833047,191
16,small_leak,4,1667,833547,297
16,small_leak,4,1668,834047,219
16,small_leak,4,1669,834547,245
16,small_leak,4,1670,835047,247
16,small_leak,4,1671,835547,216
16,small_leak,4,1672,836047,357
16,small_leak,4,1673,836547,381
16,small_leak,4,1674,837047,347
16,small_leak,4,1675,837547,317
16,small_leak,4,1676,838047,391
16,small_leak,4,1677,838547,341
16,small_leak,4,1678,839047,357
16,small_leak,4,1679,839547,311
16,small_leak,4,1680,840047,207
16,small_leak,4,1681,840547,215
16,small_leak,4,1682,841047,175
16,small_leak,4,1683,841547,150
16,small_leak,4,1684,842047,138
16,small_leak,4,1685,842547,156
16,small_leak,4,1686,843047,123
16,small_leak,4,1687,843547,205
16,small_leak,4,1688,844047,147
16,small_leak,4,1689,844547,74
16,small_leak,4,1690,845047,9
16,small_leak,4,1691,845547,0
16,small_leak,4,1692,846047,0
16,small_leak,4,1693,846547,0
16,small_leak,4,1694,847047,0
16,small_leak,4,1695,847547,0
16,small_leak,4,1696,848047,0
16,small_leak,4,1697,848547,0
16,small_leak,4,1698,849047,0
16,small_leak,4,1699,849547,0
16,small_leak,4,1700,850047,0
16,small_leak,4,1701,850547,0
16,small_leak,4,1702,851047,123
16,small_leak,4,1703,851547,229
16,small_leak,4,1704,852047,222
16,small_leak,4,1705,852547,210
16,small_leak,4,1706,853047,186
16,small_leak,4,1707,853547,219
16,small_leak,4,1708,854047,191
16,small_leak,4,1709,854547,118
16,small_leak,4,1710,855047,27
16,small_leak,4,1711,855547,216
16,small_leak,4,1712,856047,76
16,small_leak,4,1713,856547,141
16,small_leak,4,1714,857047,37
16,small_leak,4,1715,857547,421
16,small_leak,4,1716,858047,139
16,small_leak,4,1717,858547,443
16,small_leak,4,1718,859048,379
16,small_leak,4,1719,859547,229
16,small_leak,4,1720,860047,189
16,small_leak,4,1721,860547,346
16,small_leak,4,1722,861047,231
16,small_leak,4,1723,861547,107
16,small_leak,4,1724,862047,253
16,small_leak,4,1725,862547,495
16,small_leak,4,1726,863047,354
16,small_leak,4,1727,863547,115
16,small_leak,4,1728,864047,170
16,small_leak,4,1729,864547,123
16,small_leak,4,1730,865047,29
16,small_leak,4,1731,865547,0
16,small_leak,4,1732,866047,231
16,small_leak,4,1733,866547,99
16,small_leak,4,1734,867047,155
16,small_leak,4,1735,867547,231
16,small_leak,4,1736,868047,186
16,small_leak,4,1737,868547,269
16,small_leak,4,1738,869047,232
16,small_leak,4,1739,869547,203
16,small_leak,4,1740,870047,103
16,small_leak,4,1741,870547,192
16,small_leak,4,1742,871047,309
16,small_leak,4,1743,871547,163
16,small_leak,4,1744,872047,198
16,small_leak,4,1745,872547,139
16,small_leak,4,1746,873047,83
16,small_leak,4,1747,873547,11
16,small_leak,4,1748,874047,18
16,small_leak,4,1749,874547,52
16,small_leak,4,1750,875047,95
16,small_leak,4,1751,875547,136
16,small_leak,4,1752,876047,33
16,small_leak,4,1753,876547,28
16,small_leak,4,1754,877047,0
16,small_leak,4,1755,877547,0
16,small_leak,4,1756,878047,12
16,small_leak,4,1757,878547,39
16,small_leak,4,1758,879047,4
16,small_leak,4,1759,879547,53
16,small_leak,4,1760,880047,221
16,small_leak,4,1761,880547,183
16,small_leak,4,1762,881047,479
16,small_leak,4,1763,881547,191
16,small_leak,4,1764,882047,183
16,small_leak,4,1765,882547,111
16,small_leak,4,1766,883047,573
16,small_leak,4,1767,883547,376
16,small_leak,4,1768,884047,249
16,small_leak,4,1769,884547,313
16,small_leak,4,1770,885047,580
16,small_leak,4,1771,885547,381
16,small_leak,4,1772,886047,493
16,small_leak,4,1773,886547,431
16,small_leak,4,1774,887047,347
16,small_leak,4,1775,887547,265
16,small_leak,4,1776,888047,231
16,small_leak,4,1777,888547,239
16,small_leak,4,1778,889047,265
16,small_leak,4,1779,889547,151
16,small_leak,4,1780,890047,89
16,small_leak,4,1781,890547,16
16,small_leak,4,1782,891047,31
16,small_leak,4,1783,891547,68
16,small_leak,4,1784,892047,6
16,small_leak,4,1785,892547,102
16,small_leak,4,1786,893047,21
16,small_leak,4,1787,893547,101
16,small_leak,4,1788,894047,117
16,small_leak,4,1789,894547,25
16,small_leak,4,1790,895047,0
16,small_leak,4,1791,895547,0
16,small_leak,4,1792,896047,0
16,small_leak,4,1793,896547,298
16,small_leak,4,1794,897047,98
16,small_leak,4,1795,897547,105
16,small_leak,4,1796,898047,263
16,small_leak,4,1797,898547,233
16,small_leak,4,1798,899047,441
16,small_leak,4,1799,899547,185
16,small_leak,4,1800,900047,311
16,small_leak,4,1801,900547,240
16,small_leak,4,1802,901047,300
16,small_leak,4,1803,901547,343
16,small_leak,4,1804,902047,443
16,small_leak,4,1805,902547,221
16,small_leak,4,1806,903047,325
16,small_leak,4,1807,903547,264
16,small_leak,4,1808,904047,304
16,small_leak,4,1809,904547,191
16,small_leak,4,1810,905047,217
16,small_leak,4,1811,905547,127
16,small_leak,4,1812,906047,229
16,small_leak,4,1813,906547,73
16,small_leak,4,1814,907047,141
16,small_leak,4,1815,907547,36
16,small_leak,4,1816,908047,203
16,small_leak,4,1817,908547,188
16,small_leak,4,1818,909047,183
16,small_leak,4,1819,909547,87
16,small_leak,4,1820,910047,121
16,small_leak,4,1821,910547,36
16,small_leak,4,1822,911047,117
16,small_leak,4,1823,911547,154
16,small_leak,4,1824,912047,220
16,small_leak,4,1825,912547,185
16,small_leak,4,1826,913047,184
16,small_leak,4,1827,913547,235
16,small_leak,4,1828,914047,269
16,small_leak,4,1829,914547,344
16,small_leak,4,1830,915047,331
16,small_leak,4,1831,915547,355
16,small_leak,4,1832,916047,335
16,small_leak,4,1833,916547,173
16,small_leak,4,1834,917047,199
16,small_leak,4,1835,917547,283
16,small_leak,4,1836,918047,232
16,small_leak,4,1837,918547,135
16,small_leak,4,1838,919047,134
16,small_leak,4,1839,919547,87
16,small_leak,4,1840,920047,57
16,small_leak,4,1841,920547,1
16,small_leak,4,1842,921047,3
16,small_leak,4,1843,921547,150
16,small_leak,4,1844,922047,166
16,small_leak,4,1845,922547,58
16,small_leak,4,1846,923047,247
16,small_leak,4,1847,923547,76
16,small_leak,4,1848,924047,10
16,small_leak,4,1849,924547,176
16,small_leak,4,1850,925047,51
16,small_leak,4,1851,925547,203
16,small_leak,4,1852,926047,259
16,small_leak,4,1853,926547,184
16,small_leak,4,1854,927047,125
16,small_leak,4,1855,927547,295
16,small_leak,4,1856,928047,361
16,small_leak,4,1857,928547,155
16,small_leak,4,1858,929047,186
16,small_leak,4,1859,929547,169
16,small_leak,4,1860,930047,219
16,small_leak,4,1861,930547,173
16,small_leak,4,1862,931047,179
16,small_leak,4,1863,931547,71
16,small_leak,4,1864,932048,125
16,small_leak,4,1865,932547,38
16,small_leak,4,1866,933047,31
16,small_leak,4,1867,933547,0
16,small_leak,4,1868,934047,11
16,small_leak,4,1869,934547,12
16,small_leak,4,1870,935047,63
16,small_leak,4,1871,935547,125
16,small_leak,4,1872,936047,155
16,small_leak,4,1873,936547,106
16,small_leak,4,1874,937047,43
16,small_leak,4,1875,937547,0
16,small_leak,4,1876,938047,29
16,small_leak,4,1877,938547,31
16,small_leak,4,1878,939047,170
16,small_leak,4,1879,939547,219
16,small_leak,4,1880,940047,219
16,small_leak,4,1881,940547,165
16,small_leak,4,1882,941047,269
16,small_leak,4,1883,941547,105
16,small_leak,4,1884,942047,135
16,small_leak,4,1885,942547,99
16,small_leak,4,1886,943047,309
16,small_leak,4,1887,943547,159
16,small_leak,4,1888,944047,157
16,small_leak,4,1889,944547,189
16,small_leak,4,1890,945047,232
16,small_leak,4,1891,945547,279
16,small_leak,4,1892,946047,153
16,small_leak,4,1893,946547,213
16,small_leak,4,1894,947047,239
16,small_leak,4,1895,947547,281
16,small_leak,4,1896,948047,185
16,small_leak,4,1897,948547,191
16,small_leak,4,1898,949047,181
16,small_leak,4,1899,949547,156
16,small_leak,4,1900,950047,125
16,small_leak,4,1901,950547,39
16,small_leak,4,1902,951047,266
16,small_leak,4,1903,951547,84
16,small_leak,4,1904,952047,103
16,small_leak,4,1905,952547,73
16,small_leak,4,1906,953047,9
16,small_leak,4,1907,953547,0
16,small_leak,4,1908,954047,110
16,small_leak,4,1909,954547,38
16,small_leak,4,1910,955047,279
16,small_leak,4,1911,955547,89
16,small_leak,4,1912,956047,235
16,small_leak,4,1913,956547,199
16,small_leak,4,1914,957047,137
16,small_leak,4,1915,957547,236
16,small_leak,4,1916,958047,125
16,small_leak,4,1917,958547,261
16,small_leak,4,1918,959047,211
16,small_leak,4,1919,959547,265
16,small_leak,4,1920,960047,157
16,small_leak,4,1921,960547,179
16,small_leak,4,1922,961047,170
16,small_leak,4,1923,961547,125
16,small_leak,4,1924,962047,106
16,small_leak,4,1925,962547,61
16,small_leak,4,1926,963047,20
16,small_leak,4,1927,963547,95
16,small_leak,4,1928,964047,121
16,small_leak,4,1929,964547,91
16,small_leak,4,1930,965047,57
16,small_leak,4,1931,965547,120
16,small_leak,4,1932,966047,29
16,small_leak,4,1933,966547,123
16,small_leak,4,1934,967047,207
16,small_leak,4,1935,967547,251
16,small_leak,4,1936,968047,136
16,small_leak,4,1937,968547,124
16,small_leak,4,1938,969047,77
16,small_leak,4,1939,969547,126
16,small_leak,4,1940,970047,29
16,small_leak,4,1941,970547,0
16,small_leak,4,1942,971047,0
16,small_leak,4,1943,971547,205
16,small_leak,4,1944,972047,125
16,small_leak,4,1945,972547,59
16,small_leak,4,1946,973047,151
16,small_leak,4,1947,973547,233
16,small_leak,4,1948,974047,297
16,small_leak,4,1949,974547,104
16,small_leak,4,1950,975047,22
16,small_leak,4,1951,975547,103
16,small_leak,4,1952,976047,54
16,small_leak,4,1953,976547,107
16,small_leak,4,1954,977047,30
16,small_leak,4,1955,977547,139
16,small_leak,4,1956,978047,57
16,small_leak,4,1957,978547,85
16,small_leak,4,1958,979047,327
16,small_leak,4,1959,979547,110
16,small_leak,4,1960,980047,263
16,small_leak,4,1961,980547,362
16,small_leak,4,1962,981047,260
16,small_leak,4,1963,981547,185
16,small_leak,4,1964,982047,189
16,small_leak,4,1965,982547,180
16,small_leak,4,1966,983047,142
16,small_leak,4,1967,983547,183
16,small_leak,4,1968,984047,164
16,small_leak,4,1969,984547,99
16,small_leak,4,1970,985047,63
16,small_leak,4,1971,985547,102
16,small_leak,4,1972,986047,95
16,small_leak,4,1973,986547,26
16,small_leak,4,1974,987047,0
16,small_leak,4,1975,987547,0
16,small_leak,4,1976,988048,0
16,small_leak,4,1977,988547,147
16,small_leak,4,1978,989047,37
16,small_leak,4,1979,989547,93
16,small_leak,4,1980,990047,17
16,small_leak,4,1981,990547,0
16,small_leak,4,1982,991047,0
16,small_leak,4,1983,991547,243
16,small_leak,4,1984,992047,76
16,small_leak,4,1985,992547,274
16,small_leak,4,1986,993047,247
16,small_leak,4,1987,993547,331
16,small_leak,4,1988,994047,381
16,small_leak,4,1989,994547,213
16,small_leak,4,1990,995047,156
16,small_leak,4,1991,995547,297
16,small_leak,4,1992,996047,154
16,small_leak,4,1993,996547,239
16,small_leak,4,1994,997047,312
16,small_leak,4,1995,997547,241
16,small_leak,4,1996,998047,202
16,small_leak,4,1997,998547,317
16,small_leak,4,1998,999047,303
16,small_leak,4,1999,999547,325
