run_id,leak_condition,window_id,sample_index,time_us,adc_raw
12,small_leak,0,0,79,262
12,small_leak,0,1,547,233
12,small_leak,0,2,1047,287
12,small_leak,0,3,1547,213
12,small_leak,0,4,2047,223
12,small_leak,0,5,2547,205
12,small_leak,0,6,3047,233
12,small_leak,0,7,3547,169
12,small_leak,0,8,4047,169
12,small_leak,0,9,4547,143
12,small_leak,0,10,5047,110
12,small_leak,0,11,5547,135
12,small_leak,0,12,6047,175
12,small_leak,0,13,6547,213
12,small_leak,0,14,7047,192
12,small_leak,0,15,7547,107
12,small_leak,0,16,8047,121
12,small_leak,0,17,8547,57
12,small_leak,0,18,9047,109
12,small_leak,0,19,9547,40
12,small_leak,0,20,10047,180
12,small_leak,0,21,10547,142
12,small_leak,0,22,11047,266
12,small_leak,0,23,11547,215
12,small_leak,0,24,12047,307
12,small_leak,0,25,12547,104
12,small_leak,0,26,13047,137
12,small_leak,0,27,13547,268
12,small_leak,0,28,14047,93
12,small_leak,0,29,14547,124
12,small_leak,0,30,15047,91
12,small_leak,0,31,15547,17
12,small_leak,0,32,16047,123
12,small_leak,0,33,16547,75
12,small_leak,0,34,17047,90
12,small_leak,0,35,17547,99
12,small_leak,0,36,18047,146
12,small_leak,0,37,18547,203
12,small_leak,0,38,19047,174
12,small_leak,0,39,19547,103
12,small_leak,0,40,20047,247
12,small_leak,0,41,20547,342
12,small_leak,0,42,21047,275
12,small_leak,0,43,21547,146
12,small_leak,0,44,22047,159
12,small_leak,0,45,22547,221
12,small_leak,0,46,23047,237
12,small_leak,0,47,23547,203
12,small_leak,0,48,24047,227
12,small_leak,0,49,24547,215
12,small_leak,0,50,25047,122
12,small_leak,0,51,25547,138
12,small_leak,0,52,26047,165
12,small_leak,0,53,26547,189
12,small_leak,0,54,27047,179
12,small_leak,0,55,27547,141
12,small_leak,0,56,28047,147
12,small_leak,0,57,28547,77
12,small_leak,0,58,29047,21
12,small_leak,0,59,29547,0
12,small_leak,0,60,30047,91
12,small_leak,0,61,30547,50
12,small_leak,0,62,31047,126
12,small_leak,0,63,31547,165
12,small_leak,0,64,32047,407
12,small_leak,0,65,32547,211
12,small_leak,0,66,33047,163
12,small_leak,0,67,33547,212
12,small_leak,0,68,34047,60
12,small_leak,0,69,34547,30
12,small_leak,0,70,35047,19
12,small_leak,0,71,35547,8
12,small_leak,0,72,36047,0
12,small_leak,0,73,36547,169
12,small_leak,0,74,37047,165
12,small_leak,0,75,37547,169
12,small_leak,0,76,38047,83
12,small_leak,0,77,38547,85
12,small_leak,0,78,39047,171
12,small_leak,0,79,39547,75
12,small_leak,0,80,40047,21
12,small_leak,0,81,40547,43
12,small_leak,0,82,41047,91
12,small_leak,0,83,41547,79
12,small_leak,0,84,42047,8
12,small_leak,0,85,42547,101
12,small_leak,0,86,43047,118
12,small_leak,0,87,43547,33
12,small_leak,0,88,44047,46
12,small_leak,0,89,44547,365
12,small_leak,0,90,45047,345
12,small_leak,0,91,45547,175
12,small_leak,0,92,46047,190
12,small_leak,0,93,46547,135
12,small_leak,0,94,47047,117
12,small_leak,0,95,47547,104
12,small_leak,0,96,48047,68
12,small_leak,0,97,48547,37
12,small_leak,0,98,49047,92
12,small_leak,0,99,49547,218
12,small_leak,0,100,50047,255
12,small_leak,0,101,50547,295
12,small_leak,0,102,51047,278
12,small_leak,0,103,51547,313
12,small_leak,0,104,52047,337
12,small_leak,0,105,52547,364
12,small_leak,0,106,53047,299
12,small_leak,0,107,53547,237
12,small_leak,0,108,54047,245
12,small_leak,0,109,54547,293
12,small_leak,0,110,55047,297
12,small_leak,0,111,55547,244
12,small_leak,0,112,56047,251
12,small_leak,0,113,56547,339
12,small_leak,0,114,57047,288
12,small_leak,0,115,57547,213
12,small_leak,0,116,58047,229
12,small_leak,0,117,58547,173
12,small_leak,0,118,59047,187
12,small_leak,0,119,59547,122
12,small_leak,0,120,60047,57
12,small_leak,0,121,60547,2
12,small_leak,0,122,61047,0
12,small_leak,0,123,61547,0
12,small_leak,0,124,62047,0
12,small_leak,0,125,62547,0
12,small_leak,0,126,63047,0
12,small_leak,0,127,63547,0
12,small_leak,0,128,64047,0
12,small_leak,0,129,64547,0
12,small_leak,0,130,65047,0
12,small_leak,0,131,65547,0
12,small_leak,0,132,66047,59
12,small_leak,0,133,66547,87
12,small_leak,0,134,67047,75
12,small_leak,0,135,67547,199
12,small_leak,0,136,68047,50
12,small_leak,0,137,68547,123
12,small_leak,0,138,69047,27
12,small_leak,0,139,69547,159
12,small_leak,0,140,70047,260
12,small_leak,0,141,70547,315
12,small_leak,0,142,71047,363
12,small_leak,0,143,71547,301
12,small_leak,0,144,72047,329
12,small_leak,0,145,72547,250
12,small_leak,0,146,73047,344
12,small_leak,0,147,73547,357
12,small_leak,0,148,74047,313
12,small_leak,0,149,74547,204
12,small_leak,0,150,75047,158
12,small_leak,0,151,75547,92
12,small_leak,0,152,76047,69
12,small_leak,0,153,76547,103
12,small_leak,0,154,77047,23
12,small_leak,0,155,77547,29
12,small_leak,0,156,78047,0
12,small_leak,0,157,78547,0
12,small_leak,0,158,79047,83
12,small_leak,0,159,79547,3
12,small_leak,0,160,80047,0
12,small_leak,0,161,80547,0
12,small_leak,0,162,81047,39
12,small_leak,0,163,81547,0
12,small_leak,0,164,82047,135
12,small_leak,0,165,82547,204
12,small_leak,0,166,83047,275
12,small_leak,0,167,83547,183
12,small_leak,0,168,84047,391
12,small_leak,0,169,84547,269
12,small_leak,0,170,85047,295
12,small_leak,0,171,85547,345
12,small_leak,0,172,86047,391
12,small_leak,0,173,86547,489
12,small_leak,0,174,87047,366
12,small_leak,0,175,87547,399
12,small_leak,0,176,88047,265
12,small_leak,0,177,88547,295
12,small_leak,0,178,89047,246
12,small_leak,0,179,89547,181
12,small_leak,0,180,90047,231
12,small_leak,0,181,90547,150
12,small_leak,0,182,91047,282
12,small_leak,0,183,91547,395
12,small_leak,0,184,92047,227
12,small_leak,0,185,92547,275
12,small_leak,0,186,93047,149
12,small_leak,0,187,93547,228
12,small_leak,0,188,94047,239
12,small_leak,0,189,94547,243
12,small_leak,0,190,95047,233
12,small_leak,0,191,95547,238
12,small_leak,0,192,96047,170
12,small_leak,0,193,96548,105
12,small_leak,0,194,97047,117
12,small_leak,0,195,97547,211
12,small_leak,0,196,98047,296
12,small_leak,0,197,98547,211
12,small_leak,0,198,99047,68
12,small_leak,0,199,99547,5
12,small_leak,0,200,100047,14
12,small_leak,0,201,100547,165
12,small_leak,0,202,101047,110
12,small_leak,0,203,101547,56
12,small_leak,0,204,102047,58
12,small_leak,0,205,102547,88
12,small_leak,0,206,103047,25
12,small_leak,0,207,103547,70
12,small_leak,0,208,104047,172
12,small_leak,0,209,104547,109
12,small_leak,0,210,105047,151
12,small_leak,0,211,105547,101
12,small_leak,0,212,106047,133
12,small_leak,0,213,106547,109
12,small_leak,0,214,107047,137
12,small_leak,0,215,107547,155
12,small_leak,0,216,108047,201
12,small_leak,0,217,108547,181
12,small_leak,0,218,109047,217
12,small_leak,0,219,109547,285
12,small_leak,0,220,110047,239
12,small_leak,0,221,110547,391
12,small_leak,0,222,111047,331
12,small_leak,0,223,111547,303
12,small_leak,0,224,112047,342
12,small_leak,0,225,112547,203
12,small_leak,0,226,113047,331
12,small_leak,0,227,113547,235
12,small_leak,0,228,114047,276
12,small_leak,0,229,114547,247
12,small_leak,0,230,115047,279
12,small_leak,0,231,115547,189
12,small_leak,0,232,116047,243
12,small_leak,0,233,116547,281
12,small_leak,0,234,117047,240
12,small_leak,0,235,117547,239
12,small_leak,0,236,118047,242
12,small_leak,0,237,118547,250
12,small_leak,0,238,119047,171
12,small_leak,0,239,119547,229
12,small_leak,0,240,120047,184
12,small_leak,0,241,120547,199
12,small_leak,0,242,121047,211
12,small_leak,0,243,121547,165
12,small_leak,0,244,122047,95
12,small_leak,0,245,122547,111
12,small_leak,0,246,123047,137
12,small_leak,0,247,123547,73
12,small_leak,0,248,124047,69
12,small_leak,0,249,124547,155
12,small_leak,0,250,125047,285
12,small_leak,0,251,125547,261
12,small_leak,0,252,126047,260
12,small_leak,0,253,126547,150
12,small_leak,0,254,127047,138
12,small_leak,0,255,127547,85
12,small_leak,0,256,128047,70
12,small_leak,0,257,128547,125
12,small_leak,0,258,129047,247
12,small_leak,0,259,129547,137
12,small_leak,0,260,130047,171
12,small_leak,0,261,130547,127
12,small_leak,0,262,131047,249
12,small_leak,0,263,131547,230
12,small_leak,0,264,132047,105
12,small_leak,0,265,132547,207
12,small_leak,0,266,133047,176
12,small_leak,0,267,133547,133
12,small_leak,0,268,134047,187
12,small_leak,0,269,134547,123
12,small_leak,0,270,135047,92
12,small_leak,0,271,135547,207
12,small_leak,0,272,136047,211
12,small_leak,0,273,136547,179
12,small_leak,0,274,137047,269
12,small_leak,0,275,137547,189
12,small_leak,0,276,138047,175
12,small_leak,0,277,138547,153
12,small_leak,0,278,139047,181
12,small_leak,0,279,139547,203
12,small_leak,0,280,140047,151
12,small_leak,0,281,140547,170
12,small_leak,0,282,141047,140
12,small_leak,0,283,141547,77
12,small_leak,0,284,142047,16
12,small_leak,0,285,142547,53
12,small_leak,0,286,143047,53
12,small_leak,0,287,143547,139
12,small_leak,0,288,144047,79
12,small_leak,0,289,144547,90
12,small_leak,0,290,145047,125
12,small_leak,0,291,145547,72
12,small_leak,0,292,146047,107
12,small_leak,0,293,146547,155
12,small_leak,0,294,147047,235
12,small_leak,0,295,147547,274
12,small_leak,0,296,148047,188
12,small_leak,0,297,148547,133
12,small_leak,0,298,149047,244
12,small_leak,0,299,149547,75
12,small_leak,0,300,150047,52
12,small_leak,0,301,150547,152
12,small_leak,0,302,151047,57
12,small_leak,0,303,151547,38
12,small_leak,0,304,152047,81
12,small_leak,0,305,152547,109
12,small_leak,0,306,153047,170
12,small_leak,0,307,153547,173
12,small_leak,0,308,154047,127
12,small_leak,0,309,154547,77
12,small_leak,0,310,155047,104
12,small_leak,0,311,155547,56
12,small_leak,0,312,156047,28
12,small_leak,0,313,156547,175
12,small_leak,0,314,157047,47
12,small_leak,0,315,157547,0
12,small_leak,0,316,158047,1
12,small_leak,0,317,158547,9
12,small_leak,0,318,159047,95
12,small_leak,0,319,159547,103
12,small_leak,0,320,160047,94
12,small_leak,0,321,160547,17
12,small_leak,0,322,161047,0
12,small_leak,0,323,161547,72
12,small_leak,0,324,162047,11
12,small_leak,0,325,162547,100
12,small_leak,0,326,163047,71
12,small_leak,0,327,163547,62
12,small_leak,0,328,164047,253
12,small_leak,0,329,164547,244
12,small_leak,0,330,165047,212
12,small_leak,0,331,165547,191
12,small_leak,0,332,166047,224
12,small_leak,0,333,166547,101
12,small_leak,0,334,167047,101
12,small_leak,0,335,167547,152
12,small_leak,0,336,168047,78
12,small_leak,0,337,168547,152
12,small_leak,0,338,169047,251
12,small_leak,0,339,169547,300
12,small_leak,0,340,170047,229
12,small_leak,0,341,170547,312
12,small_leak,0,342,171047,152
12,small_leak,0,343,171547,124
12,small_leak,0,344,172047,447
12,small_leak,0,345,172547,203
12,small_leak,0,346,173047,234
12,small_leak,0,347,173547,235
12,small_leak,0,348,174047,239
12,small_leak,0,349,174547,225
12,small_leak,0,350,175047,105
12,small_leak,0,351,175547,51
12,small_leak,0,352,176047,0
12,small_leak,0,353,176547,28
12,small_leak,0,354,177047,0
12,small_leak,0,355,177547,54
12,small_leak,0,356,178047,87
12,small_leak,0,357,178547,48
12,small_leak,0,358,179047,123
12,small_leak,0,359,179547,75
12,small_leak,0,360,180047,200
12,small_leak,0,361,180547,63
12,small_leak,0,362,181047,190
12,small_leak,0,363,181547,73
12,small_leak,0,364,182047,139
12,small_leak,0,365,182547,57
12,small_leak,0,366,183047,39
12,small_leak,0,367,183547,191
12,small_leak,0,368,184047,245
12,small_leak,0,369,184548,79
12,small_leak,0,370,185047,248
12,small_leak,0,371,185547,175
12,small_leak,0,372,186047,143
12,small_leak,0,373,186547,94
12,small_leak,0,374,187047,282
12,small_leak,0,375,187547,125
12,small_leak,0,376,188047,180
12,small_leak,0,377,188547,253
12,small_leak,0,378,189047,169
12,small_leak,0,379,189547,215
12,small_leak,0,380,190047,233
12,small_leak,0,381,190547,158
12,small_leak,0,382,191047,203
12,small_leak,0,383,191547,245
12,small_leak,0,384,192047,89
12,small_leak,0,385,192547,203
12,small_leak,0,386,193047,164
12,small_leak,0,387,193547,169
12,small_leak,0,388,194047,45
12,small_leak,0,389,194547,43
12,small_leak,0,390,195047,108
12,small_leak,0,391,195547,163
12,small_leak,0,392,196047,249
12,small_leak,0,393,196547,127
12,small_leak,0,394,197047,163
12,small_leak,0,395,197547,175
12,small_leak,0,396,198047,171
12,small_leak,0,397,198547,182
12,small_leak,0,398,199047,273
12,small_leak,0,399,199547,347
12,small_leak,0,400,200047,271
12,small_leak,0,401,200547,255
12,small_leak,0,402,201047,211
12,small_leak,0,403,201547,287
12,small_leak,0,404,202047,199
12,small_leak,0,405,202547,173
12,small_leak,0,406,203047,180
12,small_leak,0,407,203547,201
12,small_leak,0,408,204047,138
12,small_leak,0,409,204547,93
12,small_leak,0,410,205047,31
12,small_leak,0,411,205547,69
12,small_leak,0,412,206047,153
12,small_leak,0,413,206547,82
12,small_leak,0,414,207047,11
12,small_leak,0,415,207547,139
12,small_leak,0,416,208047,31
12,small_leak,0,417,208547,43
12,small_leak,0,418,209047,73
12,small_leak,0,419,209547,111
12,small_leak,0,420,210047,71
12,small_leak,0,421,210547,127
12,small_leak,0,422,211047,92
12,small_leak,0,423,211547,69
12,small_leak,0,424,212047,165
12,small_leak,0,425,212547,75
12,small_leak,0,426,213047,167
12,small_leak,0,427,213547,219
12,small_leak,0,428,214047,211
12,small_leak,0,429,214547,251
12,small_leak,0,430,215047,295
12,small_leak,0,431,215547,180
12,small_leak,0,432,216047,159
12,small_leak,0,433,216547,299
12,small_leak,0,434,217047,217
12,small_leak,0,435,217547,192
12,small_leak,0,436,218047,55
12,small_leak,0,437,218547,44
12,small_leak,0,438,219047,37
12,small_leak,0,439,219547,143
12,small_leak,0,440,220047,149
12,small_leak,0,441,220547,39
12,small_leak,0,442,221047,135
12,small_leak,0,443,221547,111
12,small_leak,0,444,222047,63
12,small_leak,0,445,222547,111
12,small_leak,0,446,223047,147
12,small_leak,0,447,223547,133
12,small_leak,0,448,224047,201
12,small_leak,0,449,224547,296
12,small_leak,0,450,225047,325
12,small_leak,0,451,225547,347
12,small_leak,0,452,226047,610
12,small_leak,0,453,226547,407
12,small_leak,0,454,227047,392
12,small_leak,0,455,227547,325
12,small_leak,0,456,228047,187
12,small_leak,0,457,228547,407
12,small_leak,0,458,229047,211
12,small_leak,0,459,229547,315
12,small_leak,0,460,230047,307
12,small_leak,0,461,230547,425
12,small_leak,0,462,231047,163
12,small_leak,0,463,231547,246
12,small_leak,0,464,232047,327
12,small_leak,0,465,232547,247
12,small_leak,0,466,233047,147
12,small_leak,0,467,233547,253
12,small_leak,0,468,234047,212
12,small_leak,0,469,234547,151
12,small_leak,0,470,235047,175
12,small_leak,0,471,235547,120
12,small_leak,0,472,236047,110
12,small_leak,0,473,236547,98
12,small_leak,0,474,237047,30
12,small_leak,0,475,237547,0
12,small_leak,0,476,238047,132
12,small_leak,0,477,238547,103
12,small_leak,0,478,239047,71
12,small_leak,0,479,239547,85
12,small_leak,0,480,240047,91
12,small_leak,0,481,240547,39
12,small_leak,0,482,241047,0
12,small_leak,0,483,241547,25
12,small_leak,0,484,242047,11
12,small_leak,0,485,242547,53
12,small_leak,0,486,243047,250
12,small_leak,0,487,243547,125
12,small_leak,0,488,244047,29
12,small_leak,0,489,244547,100
12,small_leak,0,490,245047,159
12,small_leak,0,491,245547,155
12,small_leak,0,492,246047,168
12,small_leak,0,493,246547,141
12,small_leak,0,494,247047,35
12,small_leak,0,495,247547,77
12,small_leak,0,496,248047,55
12,small_leak,0,497,248547,1
12,small_leak,0,498,249047,0
12,small_leak,0,499,249547,47
12,small_leak,0,500,250047,5
12,small_leak,0,501,250547,0
12,small_leak,0,502,251047,0
12,small_leak,0,503,251547,1
12,small_leak,0,504,252047,69
12,small_leak,0,505,252547,222
12,small_leak,0,506,253047,218
12,small_leak,0,507,253547,269
12,small_leak,0,508,254047,295
12,small_leak,0,509,254547,221
12,small_leak,0,510,255047,279
12,small_leak,0,511,255547,416
12,small_leak,0,512,256047,297
12,small_leak,0,513,256547,334
12,small_leak,0,514,257047,271
12,small_leak,0,515,257547,295
12,small_leak,0,516,258047,132
12,small_leak,0,517,258547,171
12,small_leak,0,518,259047,243
12,small_leak,0,519,259547,222
12,small_leak,0,520,260047,155
12,small_leak,0,521,260547,187
12,small_leak,0,522,261047,191
12,small_leak,0,523,261547,211
12,small_leak,0,524,262047,77
12,small_leak,0,525,262547,233
12,small_leak,0,526,263047,89
12,small_leak,0,527,263547,159
12,small_leak,0,528,264047,123
12,small_leak,0,529,264547,104
12,small_leak,0,530,265047,145
12,small_leak,0,531,265547,83
12,small_leak,0,532,266047,159
12,small_leak,0,533,266547,187
12,small_leak,0,534,267047,180
12,small_leak,0,535,267547,157
12,small_leak,0,536,268047,71
12,small_leak,0,537,268547,169
12,small_leak,0,538,269047,168
12,small_leak,0,539,269547,137
12,small_leak,0,540,270047,87
12,small_leak,0,541,270547,47
12,small_leak,0,542,271047,190
12,small_leak,0,543,271547,244
12,small_leak,0,544,272047,233
12,small_leak,0,545,272547,286
12,small_leak,0,546,273047,187
12,small_leak,0,547,273547,247
12,small_leak,0,548,274047,200
12,small_leak,0,549,274547,288
12,small_leak,0,550,275047,307
12,small_leak,0,551,275547,223
12,small_leak,0,552,276047,221
12,small_leak,0,553,276547,269
12,small_leak,0,554,277047,232
12,small_leak,0,555,277547,355
12,small_leak,0,556,278047,301
12,small_leak,0,557,278547,301
12,small_leak,0,558,279047,241
12,small_leak,0,559,279547,285
12,small_leak,0,560,280047,236
12,small_leak,0,561,280547,103
12,small_leak,0,562,281047,119
12,small_leak,0,563,281547,159
12,small_leak,0,564,282047,143
12,small_leak,0,565,282547,329
12,small_leak,0,566,283047,271
12,small_leak,0,567,283547,174
12,small_leak,0,568,284047,201
12,small_leak,0,569,284547,173
12,small_leak,0,570,285047,173
12,small_leak,0,571,285547,201
12,small_leak,0,572,286047,206
12,small_leak,0,573,286547,185
12,small_leak,0,574,287047,206
12,small_leak,0,575,287547,203
12,small_leak,0,576,288047,262
12,small_leak,0,577,288547,106
12,small_leak,0,578,289047,315
12,small_leak,0,579,289547,235
12,small_leak,0,580,290047,287
12,small_leak,0,581,290547,215
12,small_leak,0,582,291047,231
12,small_leak,0,583,291547,149
12,small_leak,0,584,292047,77
12,small_leak,0,585,292547,79
12,small_leak,0,586,293047,205
12,small_leak,0,587,293547,155
12,small_leak,0,588,294047,40
12,small_leak,0,589,294547,197
12,small_leak,0,590,295047,153
12,small_leak,0,591,295547,55
12,small_leak,0,592,296047,1
12,small_leak,0,593,296547,77
12,small_leak,0,594,297047,46
12,small_leak,0,595,297547,0
12,small_leak,0,596,298047,1
12,small_leak,0,597,298547,78
12,small_leak,0,598,299047,157
12,small_leak,0,599,299547,104
12,small_leak,0,600,300047,77
12,small_leak,0,601,300547,183
12,small_leak,0,602,301047,135
12,small_leak,0,603,301547,169
12,small_leak,0,604,302047,219
12,small_leak,0,605,302547,169
12,small_leak,0,606,303047,45
12,small_leak,0,607,303547,229
12,small_leak,0,608,304047,212
12,small_leak,0,609,304547,221
12,small_leak,0,610,305047,137
12,small_leak,0,611,305547,231
12,small_leak,0,612,306047,281
12,small_leak,0,613,306547,265
12,small_leak,0,614,307047,275
12,small_leak,0,615,307547,191
12,small_leak,0,616,308047,151
12,small_leak,0,617,308547,159
12,small_leak,0,618,309047,173
12,small_leak,0,619,309547,105
12,small_leak,0,620,310047,91
12,small_leak,0,621,310547,109
12,small_leak,0,622,311047,117
12,small_leak,0,623,311547,54
12,small_leak,0,624,312047,1
12,small_leak,0,625,312547,45
12,small_leak,0,626,313047,0
12,small_leak,0,627,313547,0
12,small_leak,0,628,314047,102
12,small_leak,0,629,314547,86
12,small_leak,0,630,315047,81
12,small_leak,0,631,315547,184
12,small_leak,0,632,316047,182
12,small_leak,0,633,316547,179
12,small_leak,0,634,317047,119
12,small_leak,0,635,317547,332
12,small_leak,0,636,318047,203
12,small_leak,0,637,318547,275
12,small_leak,0,638,319047,287
12,small_leak,0,639,319547,243
12,small_leak,0,640,320047,171
12,small_leak,0,641,320547,220
12,small_leak,0,642,321047,291
12,small_leak,0,643,321547,199
12,small_leak,0,644,322047,133
12,small_leak,0,645,322547,159
12,small_leak,0,646,323047,87
12,small_leak,0,647,323547,127
12,small_leak,0,648,324047,148
12,small_leak,0,649,324547,37
12,small_leak,0,650,325047,99
12,small_leak,0,651,325547,219
12,small_leak,0,652,326047,69
12,small_leak,0,653,326547,123
12,small_leak,0,654,327047,149
12,small_leak,0,655,327547,136
12,small_leak,0,656,328047,165
12,small_leak,0,657,328547,317
12,small_leak,0,658,329047,291
12,small_leak,0,659,329547,250
12,small_leak,0,660,330047,235
12,small_leak,0,661,330547,190
12,small_leak,0,662,331047,170
12,small_leak,0,663,331547,47
12,small_leak,0,664,332047,68
12,small_leak,0,665,332547,175
12,small_leak,0,666,333047,159
12,small_leak,0,667,333547,205
12,small_leak,0,668,334047,133
12,small_leak,0,669,334547,127
12,small_leak,0,670,335047,135
12,small_leak,0,671,335547,31
12,small_leak,0,672,336047,9
12,small_leak,0,673,336547,77
12,small_leak,0,674,337047,151
12,small_leak,0,675,337547,39
12,small_leak,0,676,338047,109
12,small_leak,0,677,338547,99
12,small_leak,0,678,339047,93
12,small_leak,0,679,339547,179
12,small_leak,0,680,340047,125
12,small_leak,0,681,340547,30
12,small_leak,0,682,341047,137
12,small_leak,0,683,341547,37
12,small_leak,0,684,342047,185
12,small_leak,0,685,342547,139
12,small_leak,0,686,343047,222
12,small_leak,0,687,343547,267
12,small_leak,0,688,344047,255
12,small_leak,0,689,344547,303
12,small_leak,0,690,345047,339
12,small_leak,0,691,345547,443
12,small_leak,0,692,346047,191
12,small_leak,0,693,346547,152
12,small_leak,0,694,347047,70
12,small_leak,0,695,347547,109
12,small_leak,0,696,348047,59
12,small_leak,0,697,348547,11
12,small_leak,0,698,349047,48
12,small_leak,0,699,349547,47
12,small_leak,0,700,350047,43
12,small_leak,0,701,350547,75
12,small_leak,0,702,351047,165
12,small_leak,0,703,351547,133
12,small_leak,0,704,352047,153
12,small_leak,0,705,352547,115
12,small_leak,0,706,353047,293
12,small_leak,0,707,353547,123
12,small_leak,0,708,354047,134
12,small_leak,0,709,354547,203
12,small_leak,0,710,355047,171
12,small_leak,0,711,355547,239
12,small_leak,0,712,356047,292
12,small_leak,0,713,356547,203
12,small_leak,0,714,357047,173
12,small_leak,0,715,357547,71
12,small_leak,0,716,358047,125
12,small_leak,0,717,358547,110
12,small_leak,0,718,359047,239
12,small_leak,0,719,359547,249
12,small_leak,0,720,360047,283
12,small_leak,0,721,360547,197
12,small_leak,0,722,361047,119
12,small_leak,0,723,361547,170
12,small_leak,0,724,362047,149
12,small_leak,0,725,362547,205
12,small_leak,0,726,363047,198
12,small_leak,0,727,363547,271
12,small_leak,0,728,364047,207
12,small_leak,0,729,364547,211
12,small_leak,0,730,365047,283
12,small_leak,0,731,365547,227
12,small_leak,0,732,366047,166
12,small_leak,0,733,366547,189
12,small_leak,0,734,367047,217
12,small_leak,0,735,367547,133
12,small_leak,0,736,368047,153
12,small_leak,0,737,368547,123
12,small_leak,0,738,369047,225
12,small_leak,0,739,369547,245
12,small_leak,0,740,370047,221
12,small_leak,0,741,370547,266
12,small_leak,0,742,371047,87
12,small_leak,0,743,371547,85
12,small_leak,0,744,372047,263
12,small_leak,0,745,372547,287
12,small_leak,0,746,373047,303
12,small_leak,0,747,373547,149
12,small_leak,0,748,374047,121
12,small_leak,0,749,374547,89
12,small_leak,0,750,375047,23
12,small_leak,0,751,375547,73
12,small_leak,0,752,376047,25
12,small_leak,0,753,376547,327
12,small_leak,0,754,377047,203
12,small_leak,0,755,377547,103
12,small_leak,0,756,378047,76
12,small_leak,0,757,378547,75
12,small_leak,0,758,379047,109
12,small_leak,0,759,379547,240
12,small_leak,0,760,380047,153
12,small_leak,0,761,380547,216
12,small_leak,0,762,381047,231
12,small_leak,0,763,381547,226
12,small_leak,0,764,382047,201
12,small_leak,0,765,382547,167
12,small_leak,0,766,383047,275
12,small_leak,0,767,383547,247
12,small_leak,0,768,384047,253
12,small_leak,0,769,384547,270
12,small_leak,0,770,385047,307
12,small_leak,0,771,385547,255
12,small_leak,0,772,386047,223
12,small_leak,0,773,386547,211
12,small_leak,0,774,387047,135
12,small_leak,0,775,387547,70
12,small_leak,0,776,388047,7
12,small_leak,0,777,388547,0
12,small_leak,0,778,389047,39
12,small_leak,0,779,389547,43
12,small_leak,0,780,390047,51
12,small_leak,0,781,390547,29
12,small_leak,0,782,391047,143
12,small_leak,0,783,391547,267
12,small_leak,0,784,392047,83
12,small_leak,0,785,392547,46
12,small_leak,0,786,393047,41
12,small_leak,0,787,393547,26
12,small_leak,0,788,394047,0
12,small_leak,0,789,394547,0
12,small_leak,0,790,395047,0
12,small_leak,0,791,395547,0
12,small_leak,0,792,396047,82
12,small_leak,0,793,396547,135
12,small_leak,0,794,397047,283
12,small_leak,0,795,397547,279
12,small_leak,0,796,398047,311
12,small_leak,0,797,398547,342
12,small_leak,0,798,399047,284
12,small_leak,0,799,399547,228
12,small_leak,0,800,400047,315
12,small_leak,0,801,400547,335
12,small_leak,0,802,401047,204
12,small_leak,0,803,401547,374
12,small_leak,0,804,402047,302
12,small_leak,0,805,402547,315
12,small_leak,0,806,403047,101
12,small_leak,0,807,403547,211
12,small_leak,0,808,404047,182
12,small_leak,0,809,404547,89
12,small_leak,0,810,405047,25
12,small_leak,0,811,405547,0
12,small_leak,0,812,406047,47
12,small_leak,0,813,406547,59
12,small_leak,0,814,407047,73
12,small_leak,0,815,407547,31
12,small_leak,0,816,408047,59
12,small_leak,0,817,408547,2
12,small_leak,0,818,409047,0
12,small_leak,0,819,409547,136
12,small_leak,0,820,410047,295
12,small_leak,0,821,410547,109
12,small_leak,0,822,411047,147
12,small_leak,0,823,411547,44
12,small_leak,0,824,412047,0
12,small_leak,0,825,412547,117
12,small_leak,0,826,413047,24
12,small_leak,0,827,413547,0
12,small_leak,0,828,414047,277
12,small_leak,0,829,414547,84
12,small_leak,0,830,415047,121
12,small_leak,0,831,415547,175
12,small_leak,0,832,416047,279
12,small_leak,0,833,416547,191
12,small_leak,0,834,417047,325
12,small_leak,0,835,417547,285
12,small_leak,0,836,418047,187
12,small_leak,0,837,418547,227
12,small_leak,0,838,419047,159
12,small_leak,0,839,419547,61
12,small_leak,0,840,420047,133
12,small_leak,0,841,420547,265
12,small_leak,0,842,421047,253
12,small_leak,0,843,421547,265
12,small_leak,0,844,422047,301
12,small_leak,0,845,422547,168
12,small_leak,0,846,423047,91
12,small_leak,0,847,423547,139
12,small_leak,0,848,424047,231
12,small_leak,0,849,424547,181
12,small_leak,0,850,425047,185
12,small_leak,0,851,425547,133
12,small_leak,0,852,426047,151
12,small_leak,0,853,426547,149
12,small_leak,0,854,427047,121
12,small_leak,0,855,427547,159
12,small_leak,0,856,428047,77
12,small_leak,0,857,428547,214
12,small_leak,0,858,429047,245
12,small_leak,0,859,429547,276
12,small_leak,0,860,430047,285
12,small_leak,0,861,430547,205
12,small_leak,0,862,431047,115
12,small_leak,0,863,431547,191
12,small_leak,0,864,432047,265
12,small_leak,0,865,432547,347
12,small_leak,0,866,433047,167
12,small_leak,0,867,433547,142
12,small_leak,0,868,434047,157
12,small_leak,0,869,434547,283
12,small_leak,0,870,435047,439
12,small_leak,0,871,435547,427
12,small_leak,0,872,436047,469
12,small_leak,0,873,436547,395
12,small_leak,0,874,437047,307
12,small_leak,0,875,437547,331
12,small_leak,0,876,438047,315
12,small_leak,0,877,438547,304
12,small_leak,0,878,439047,245
12,small_leak,0,879,439547,98
12,small_leak,0,880,440047,23
12,small_leak,0,881,440547,0
12,small_leak,0,882,441047,115
12,small_leak,0,883,441547,44
12,small_leak,0,884,442047,149
12,small_leak,0,885,442547,125
12,small_leak,0,886,443047,216
12,small_leak,0,887,443547,277
12,small_leak,0,888,444047,215
12,small_leak,0,889,444547,215
12,small_leak,0,890,445047,165
12,small_leak,0,891,445547,119
12,small_leak,0,892,446047,205
12,small_leak,0,893,446547,197
12,small_leak,0,894,447047,151
12,small_leak,0,895,447547,73
12,small_leak,0,896,448047,159
12,small_leak,0,897,448547,105
12,small_leak,0,898,449047,139
12,small_leak,0,899,449547,187
12,small_leak,0,900,450047,249
12,small_leak,0,901,450547,153
12,small_leak,0,902,451047,105
12,small_leak,0,903,451547,43
12,small_leak,0,904,452047,76
12,small_leak,0,905,452547,23
12,small_leak,0,906,453047,0
12,small_leak,0,907,453547,22
12,small_leak,0,908,454047,0
12,small_leak,0,909,454547,0
12,small_leak,0,910,455047,0
12,small_leak,0,911,455547,148
12,small_leak,0,912,456047,151
12,small_leak,0,913,456547,94
12,small_leak,0,914,457047,175
12,small_leak,0,915,457547,53
12,small_leak,0,916,458047,228
12,small_leak,0,917,458547,197
12,small_leak,0,918,459047,87
12,small_leak,0,919,459547,125
12,small_leak,0,920,460047,80
12,small_leak,0,921,460547,139
12,small_leak,0,922,461047,101
12,small_leak,0,923,461547,105
12,small_leak,0,924,462047,101
12,small_leak,0,925,462547,158
12,small_leak,0,926,463047,45
12,small_leak,0,927,463547,0
12,small_leak,0,928,464047,25
12,small_leak,0,929,464547,72
12,small_leak,0,930,465047,114
12,small_leak,0,931,465547,19
12,small_leak,0,932,466047,199
12,small_leak,0,933,466547,119
12,small_leak,0,934,467047,73
12,small_leak,0,935,467547,101
12,small_leak,0,936,468047,105
12,small_leak,0,937,468547,20
12,small_leak,0,938,469047,0
12,small_leak,0,939,469547,0
12,small_leak,0,940,470047,6
12,small_leak,0,941,470547,35
12,small_leak,0,942,471047,133
12,small_leak,0,943,471547,231
12,small_leak,0,944,472047,69
12,small_leak,0,945,472547,7
12,small_leak,0,946,473047,74
12,small_leak,0,947,473547,91
12,small_leak,0,948,474047,205
12,small_leak,0,949,474547,165
12,small_leak,0,950,475047,220
12,small_leak,0,951,475547,249
12,small_leak,0,952,476047,197
12,small_leak,0,953,476547,189
12,small_leak,0,954,477047,102
12,small_leak,0,955,477547,20
12,small_leak,0,956,478047,127
12,small_leak,0,957,478547,151
12,small_leak,0,958,479047,248
12,small_leak,0,959,479547,120
12,small_leak,0,960,480047,100
12,small_leak,0,961,480547,91
12,small_leak,0,962,481047,274
12,small_leak,0,963,481547,180
12,small_leak,0,964,482047,147
12,small_leak,0,965,482547,269
12,small_leak,0,966,483047,293
12,small_leak,0,967,483547,349
12,small_leak,0,968,484047,303
12,small_leak,0,969,484547,265
12,small_leak,0,970,485047,314
12,small_leak,0,971,485547,396
12,small_leak,0,972,486047,251
12,small_leak,0,973,486547,361
12,small_leak,0,974,487047,345
12,small_leak,0,975,487548,200
12,small_leak,0,976,488047,249
12,small_leak,0,977,488547,267
12,small_leak,0,978,489047,141
12,small_leak,0,979,489547,203
12,small_leak,0,980,490047,167
12,small_leak,0,981,490547,229
12,small_leak,0,982,491047,203
12,small_leak,0,983,491547,59
12,small_leak,0,984,492047,153
12,small_leak,0,985,492547,133
12,small_leak,0,986,493047,160
12,small_leak,0,987,493547,89
12,small_leak,0,988,494047,211
12,small_leak,0,989,494547,157
12,small_leak,0,990,495047,125
12,small_leak,0,991,495547,231
12,small_leak,0,992,496047,142
12,small_leak,0,993,496547,105
12,small_leak,0,994,497047,117
12,small_leak,0,995,497547,44
12,small_leak,0,996,498047,75
12,small_leak,0,997,498547,93
12,small_leak,0,998,499047,101
12,small_leak,0,999,499547,171
12,small_leak,0,1000,500047,135
12,small_leak,0,1001,500547,73
12,small_leak,0,1002,501047,204
12,small_leak,0,1003,501547,295
12,small_leak,0,1004,502047,284
12,small_leak,0,1005,502547,226
12,small_leak,0,1006,503047,213
12,small_leak,0,1007,503547,171
12,small_leak,0,1008,504047,133
12,small_leak,0,1009,504547,232
12,small_leak,0,1010,505047,233
12,small_leak,0,1011,505547,271
12,small_leak,0,1012,506047,344
12,small_leak,0,1013,506547,282
12,small_leak,0,1014,507047,89
12,small_leak,0,1015,507547,197
12,small_leak,0,1016,508047,327
12,small_leak,0,1017,508547,125
12,small_leak,0,1018,509047,201
12,small_leak,0,1019,509547,153
12,small_leak,0,1020,510047,260
12,small_leak,0,1021,510547,261
12,small_leak,0,1022,511047,185
12,small_leak,0,1023,511547,141
12,small_leak,0,1024,512047,171
12,small_leak,0,1025,512547,245
12,small_leak,0,1026,513047,251
12,small_leak,0,1027,513547,263
12,small_leak,0,1028,514047,317
12,small_leak,0,1029,514547,179
12,small_leak,0,1030,515047,135
12,small_leak,0,1031,515547,197
12,small_leak,0,1032,516047,184
12,small_leak,0,1033,516547,347
12,small_leak,0,1034,517047,229
12,small_leak,0,1035,517547,269
12,small_leak,0,1036,518047,160
12,small_leak,0,1037,518547,123
12,small_leak,0,1038,519047,187
12,small_leak,0,1039,519547,121
12,small_leak,0,1040,520047,211
12,small_leak,0,1041,520547,119
12,small_leak,0,1042,521047,38
12,small_leak,0,1043,521547,0
12,small_leak,0,1044,522047,0
12,small_leak,0,1045,522547,0
12,small_leak,0,1046,523047,0
12,small_leak,0,1047,523547,0
12,small_leak,0,1048,524047,0
12,small_leak,0,1049,524547,0
12,small_leak,0,1050,525047,4
12,small_leak,0,1051,525547,77
12,small_leak,0,1052,526047,343
12,small_leak,0,1053,526547,185
12,small_leak,0,1054,527047,89
12,small_leak,0,1055,527547,268
12,small_leak,0,1056,528047,147
12,small_leak,0,1057,528547,309
12,small_leak,0,1058,529047,361
12,small_leak,0,1059,529547,296
12,small_leak,0,1060,530047,411
12,small_leak,0,1061,530547,422
12,small_leak,0,1062,531047,391
12,small_leak,0,1063,531547,228
12,small_leak,0,1064,532047,300
12,small_leak,0,1065,532547,219
12,small_leak,0,1066,533047,198
12,small_leak,0,1067,533547,234
12,small_leak,0,1068,534047,317
12,small_leak,0,1069,534547,139
12,small_leak,0,1070,535047,77
12,small_leak,0,1071,535547,73
12,small_leak,0,1072,536047,13
12,small_leak,0,1073,536547,0
12,small_leak,0,1074,537047,489
12,small_leak,0,1075,537547,285
12,small_leak,0,1076,538047,286
12,small_leak,0,1077,538547,146
12,small_leak,0,1078,539047,159
12,small_leak,0,1079,539547,48
12,small_leak,0,1080,540047,100
12,small_leak,0,1081,540547,99
12,small_leak,0,1082,541047,46
12,small_leak,0,1083,541547,93
12,small_leak,0,1084,542047,125
12,small_leak,0,1085,542547,59
12,small_leak,0,1086,543047,62
12,small_leak,0,1087,543547,169
12,small_leak,0,1088,544047,192
12,small_leak,0,1089,544547,69
12,small_leak,0,1090,545047,255
12,small_leak,0,1091,545547,135
12,small_leak,0,1092,546047,255
12,small_leak,0,1093,546547,105
12,small_leak,0,1094,547047,149
12,small_leak,0,1095,547547,215
12,small_leak,0,1096,548047,149
12,small_leak,0,1097,548547,217
12,small_leak,0,1098,549047,207
12,small_leak,0,1099,549547,153
12,small_leak,0,1100,550047,45
12,small_leak,0,1101,550547,153
12,small_leak,0,1102,551047,220
12,small_leak,0,1103,551547,285
12,small_leak,0,1104,552047,173
12,small_leak,0,1105,552547,333
12,small_leak,0,1106,553047,213
12,small_leak,0,1107,553547,238
12,small_leak,0,1108,554047,277
12,small_leak,0,1109,554547,167
12,small_leak,0,1110,555047,335
12,small_leak,0,1111,555547,285
12,small_leak,0,1112,556047,219
12,small_leak,0,1113,556547,253
12,small_leak,0,1114,557047,90
12,small_leak,0,1115,557547,106
12,small_leak,0,1116,558047,137
12,small_leak,0,1117,558547,125
12,small_leak,0,1118,559047,126
12,small_leak,0,1119,559547,198
12,small_leak,0,1120,560047,181
12,small_leak,0,1121,560547,255
12,small_leak,0,1122,561047,159
12,small_leak,0,1123,561547,199
12,small_leak,0,1124,562047,200
12,small_leak,0,1125,562547,351
12,small_leak,0,1126,563047,221
12,small_leak,0,1127,563547,199
12,small_leak,0,1128,564047,175
12,small_leak,0,1129,564547,153
12,small_leak,0,1130,565047,143
12,small_leak,0,1131,565547,135
12,small_leak,0,1132,566047,157
12,small_leak,0,1133,566547,299
12,small_leak,0,1134,567047,197
12,small_leak,0,1135,567547,308
12,small_leak,0,1136,568047,114
12,small_leak,0,1137,568547,117
12,small_leak,0,1138,569047,159
12,small_leak,0,1139,569547,177
12,small_leak,0,1140,570047,255
12,small_leak,0,1141,570547,110
12,small_leak,0,1142,571047,93
12,small_leak,0,1143,571547,164
12,small_leak,0,1144,572047,153
12,small_leak,0,1145,572547,137
12,small_leak,0,1146,573047,167
12,small_leak,0,1147,573547,84
12,small_leak,0,1148,574047,37
12,small_leak,0,1149,574547,57
12,small_leak,0,1150,575047,9
12,small_leak,0,1151,575547,0
12,small_leak,0,1152,576047,117
12,small_leak,0,1153,576547,25
12,small_leak,0,1154,577047,125
12,small_leak,0,1155,577547,51
12,small_leak,0,1156,578047,0
12,small_leak,0,1157,578547,4
12,small_leak,0,1158,579047,0
12,small_leak,0,1159,579547,121
12,small_leak,0,1160,580047,63
12,small_leak,0,1161,580547,121
12,small_leak,0,1162,581047,205
12,small_leak,0,1163,581547,159
12,small_leak,0,1164,582047,184
12,small_leak,0,1165,582547,152
12,small_leak,0,1166,583047,39
12,small_leak,0,1167,583547,0
12,small_leak,0,1168,584047,92
12,small_leak,0,1169,584548,88
12,small_leak,0,1170,585047,59
12,small_leak,0,1171,585547,99
12,small_leak,0,1172,586047,163
12,small_leak,0,1173,586547,287
12,small_leak,0,1174,587047,302
12,small_leak,0,1175,587547,233
12,small_leak,0,1176,588047,199
12,small_leak,0,1177,588547,200
12,small_leak,0,1178,589047,443
12,small_leak,0,1179,589547,403
12,small_leak,0,1180,590047,407
12,small_leak,0,1181,590547,136
12,small_leak,0,1182,591047,366
12,small_leak,0,1183,591547,299
12,small_leak,0,1184,592047,297
12,small_leak,0,1185,592547,229
12,small_leak,0,1186,593047,270
12,small_leak,0,1187,593547,287
12,small_leak,0,1188,594047,231
12,small_leak,0,1189,594547,187
12,small_leak,0,1190,595047,61
12,small_leak,0,1191,595547,46
12,small_leak,0,1192,596047,187
12,small_leak,0,1193,596547,143
12,small_leak,0,1194,597047,61
12,small_leak,0,1195,597547,47
12,small_leak,0,1196,598047,0
12,small_leak,0,1197,598547,0
12,small_leak,0,1198,599047,2
12,small_leak,0,1199,599547,0
12,small_leak,0,1200,600047,0
12,small_leak,0,1201,600547,69
12,small_leak,0,1202,601047,140
12,small_leak,0,1203,601547,169
12,small_leak,0,1204,602047,199
12,small_leak,0,1205,602547,121
12,small_leak,0,1206,603047,287
12,small_leak,0,1207,603547,341
12,small_leak,0,1208,604047,190
12,small_leak,0,1209,604547,247
12,small_leak,0,1210,605047,279
12,small_leak,0,1211,605547,247
12,small_leak,0,1212,606047,346
12,small_leak,0,1213,606547,301
12,small_leak,0,1214,607047,266
12,small_leak,0,1215,607547,377
12,small_leak,0,1216,608047,222
12,small_leak,0,1217,608547,213
12,small_leak,0,1218,609047,273
12,small_leak,0,1219,609547,149
12,small_leak,0,1220,610047,37
12,small_leak,0,1221,610547,91
12,small_leak,0,1222,611047,80
12,small_leak,0,1223,611547,127
12,small_leak,0,1224,612047,73
12,small_leak,0,1225,612547,73
12,small_leak,0,1226,613047,179
12,small_leak,0,1227,613547,203
12,small_leak,0,1228,614047,114
12,small_leak,0,1229,614547,199
12,small_leak,0,1230,615047,198
12,small_leak,0,1231,615547,106
12,small_leak,0,1232,616047,31
12,small_leak,0,1233,616547,247
12,small_leak,0,1234,617047,205
12,small_leak,0,1235,617547,102
12,small_leak,0,1236,618047,99
12,small_leak,0,1237,618547,18
12,small_leak,0,1238,619047,0
12,small_leak,0,1239,619547,136
12,small_leak,0,1240,620047,166
12,small_leak,0,1241,620547,103
12,small_leak,0,1242,621047,171
12,small_leak,0,1243,621547,135
12,small_leak,0,1244,622047,119
12,small_leak,0,1245,622547,28
12,small_leak,0,1246,623047,23
12,small_leak,0,1247,623547,95
12,small_leak,0,1248,624047,55
12,small_leak,0,1249,624547,91
12,small_leak,0,1250,625047,106
12,small_leak,0,1251,625547,90
12,small_leak,0,1252,626047,69
12,small_leak,0,1253,626547,37
12,small_leak,0,1254,627047,71
12,small_leak,0,1255,627547,153
12,small_leak,0,1256,628047,205
12,small_leak,0,1257,628547,179
12,small_leak,0,1258,629047,176
12,small_leak,0,1259,629547,166
12,small_leak,0,1260,630047,117
12,small_leak,0,1261,630547,141
12,small_leak,0,1262,631047,112
12,small_leak,0,1263,631547,69
12,small_leak,0,1264,632047,57
12,small_leak,0,1265,632547,62
12,small_leak,0,1266,633047,99
12,small_leak,0,1267,633547,28
12,small_leak,0,1268,634047,166
12,small_leak,0,1269,634547,373
12,small_leak,0,1270,635047,205
12,small_leak,0,1271,635547,378
12,small_leak,0,1272,636047,216
12,small_leak,0,1273,636547,251
12,small_leak,0,1274,637047,183
12,small_leak,0,1275,637547,437
12,small_leak,0,1276,638047,331
12,small_leak,0,1277,638547,302
12,small_leak,0,1278,639047,217
12,small_leak,0,1279,639547,311
12,small_leak,0,1280,640047,327
12,small_leak,0,1281,640547,280
12,small_leak,0,1282,641047,303
12,small_leak,0,1283,641547,221
12,small_leak,0,1284,642047,244
12,small_leak,0,1285,642547,227
12,small_leak,0,1286,643047,116
12,small_leak,0,1287,643547,111
12,small_leak,0,1288,644047,87
12,small_leak,0,1289,644547,44
12,small_leak,0,1290,645047,7
12,small_leak,0,1291,645547,13
12,small_leak,0,1292,646047,60
12,small_leak,0,1293,646547,33
12,small_leak,0,1294,647047,84
12,small_leak,0,1295,647547,77
12,small_leak,0,1296,648047,151
12,small_leak,0,1297,648547,99
12,small_leak,0,1298,649047,28
12,small_leak,0,1299,649547,0
12,small_leak,0,1300,650047,136
12,small_leak,0,1301,650547,39
12,small_leak,0,1302,651047,0
12,small_leak,0,1303,651547,27
12,small_leak,0,1304,652047,107
12,small_leak,0,1305,652547,123
12,small_leak,0,1306,653047,297
12,small_leak,0,1307,653547,99
12,small_leak,0,1308,654047,90
12,small_leak,0,1309,654547,375
12,small_leak,0,1310,655047,315
12,small_leak,0,1311,655548,165
12,small_leak,0,1312,656047,279
12,small_leak,0,1313,656547,327
12,small_leak,0,1314,657047,211
12,small_leak,0,1315,657547,349
12,small_leak,0,1316,658047,278
12,small_leak,0,1317,658547,361
12,small_leak,0,1318,659047,347
12,small_leak,0,1319,659547,394
12,small_leak,0,1320,660047,263
12,small_leak,0,1321,660547,357
12,small_leak,0,1322,661047,408
12,small_leak,0,1323,661547,209
12,small_leak,0,1324,662047,222
12,small_leak,0,1325,662547,151
12,small_leak,0,1326,663047,43
12,small_leak,0,1327,663547,104
12,small_leak,0,1328,664047,117
12,small_leak,0,1329,664547,59
12,small_leak,0,1330,665047,91
12,small_leak,0,1331,665547,63
12,small_leak,0,1332,666047,53
12,small_leak,0,1333,666547,6
12,small_leak,0,1334,667047,39
12,small_leak,0,1335,667547,0
12,small_leak,0,1336,668047,151
12,small_leak,0,1337,668547,107
12,small_leak,0,1338,669047,137
12,small_leak,0,1339,669547,247
12,small_leak,0,1340,670047,123
12,small_leak,0,1341,670547,106
12,small_leak,0,1342,671047,188
12,small_leak,0,1343,671547,176
12,small_leak,0,1344,672047,245
12,small_leak,0,1345,672547,216
12,small_leak,0,1346,673047,214
12,small_leak,0,1347,673547,109
12,small_leak,0,1348,674047,172
12,small_leak,0,1349,674547,159
12,small_leak,0,1350,675047,197
12,small_leak,0,1351,675547,137
12,small_leak,0,1352,676047,136
12,small_leak,0,1353,676547,111
12,small_leak,0,1354,677047,435
12,small_leak,0,1355,677547,211
12,small_leak,0,1356,678047,155
12,small_leak,0,1357,678547,143
12,small_leak,0,1358,679047,106
12,small_leak,0,1359,679547,170
12,small_leak,0,1360,680047,133
12,small_leak,0,1361,680547,201
12,small_leak,0,1362,681047,133
12,small_leak,0,1363,681547,107
12,small_leak,0,1364,682047,189
12,small_leak,0,1365,682547,140
12,small_leak,0,1366,683047,109
12,small_leak,0,1367,683547,105
12,small_leak,0,1368,684047,88
12,small_leak,0,1369,684547,169
12,small_leak,0,1370,685047,186
12,small_leak,0,1371,685547,83
12,small_leak,0,1372,686047,10
12,small_leak,0,1373,686547,406
12,small_leak,0,1374,687047,317
12,small_leak,0,1375,687547,247
12,small_leak,0,1376,688047,227
12,small_leak,0,1377,688547,202
12,small_leak,0,1378,689047,325
12,small_leak,0,1379,689547,356
12,small_leak,0,1380,690047,341
12,small_leak,0,1381,690547,341
12,small_leak,0,1382,691047,301
12,small_leak,0,1383,691547,99
12,small_leak,0,1384,692047,18
12,small_leak,0,1385,692547,102
12,small_leak,0,1386,693047,19
12,small_leak,0,1387,693547,0
12,small_leak,0,1388,694047,203
12,small_leak,0,1389,694547,255
12,small_leak,0,1390,695047,99
12,small_leak,0,1391,695547,107
12,small_leak,0,1392,696047,218
12,small_leak,0,1393,696547,185
12,small_leak,0,1394,697047,229
12,small_leak,0,1395,697547,157
12,small_leak,0,1396,698047,41
12,small_leak,0,1397,698547,69
12,small_leak,0,1398,699047,89
12,small_leak,0,1399,699547,103
12,small_leak,0,1400,700047,21
12,small_leak,0,1401,700547,39
12,small_leak,0,1402,701047,0
12,small_leak,0,1403,701547,0
12,small_leak,0,1404,702047,13
12,small_leak,0,1405,702547,0
12,small_leak,0,1406,703047,26
12,small_leak,0,1407,703547,6
12,small_leak,0,1408,704047,0
12,small_leak,0,1409,704547,0
12,small_leak,0,1410,705047,0
12,small_leak,0,1411,705547,137
12,small_leak,0,1412,706047,163
12,small_leak,0,1413,706547,91
12,small_leak,0,1414,707047,53
12,small_leak,0,1415,707547,301
12,small_leak,0,1416,708047,293
12,small_leak,0,1417,708547,191
12,small_leak,0,1418,709047,174
12,small_leak,0,1419,709547,270
12,small_leak,0,1420,710047,268
12,small_leak,0,1421,710547,247
12,small_leak,0,1422,711047,77
12,small_leak,0,1423,711547,165
12,small_leak,0,1424,712047,309
12,small_leak,0,1425,712547,99
12,small_leak,0,1426,713047,88
12,small_leak,0,1427,713547,63
12,small_leak,0,1428,714047,119
12,small_leak,0,1429,714547,307
12,small_leak,0,1430,715047,230
12,small_leak,0,1431,715547,223
12,small_leak,0,1432,716047,149
12,small_leak,0,1433,716547,201
12,small_leak,0,1434,717047,131
12,small_leak,0,1435,717547,243
12,small_leak,0,1436,718047,247
12,small_leak,0,1437,718547,275
12,small_leak,0,1438,719047,463
12,small_leak,0,1439,719547,247
12,small_leak,0,1440,720047,181
12,small_leak,0,1441,720547,126
12,small_leak,0,1442,721047,163
12,small_leak,0,1443,721547,93
12,small_leak,0,1444,722047,108
12,small_leak,0,1445,722547,410
12,small_leak,0,1446,723047,265
12,small_leak,0,1447,723547,263
12,small_leak,0,1448,724047,483
12,small_leak,0,1449,724547,267
12,small_leak,0,1450,725047,275
12,small_leak,0,1451,725548,283
12,small_leak,0,1452,726047,292
12,small_leak,0,1453,726547,235
12,small_leak,0,1454,727047,132
12,small_leak,0,1455,727547,221
12,small_leak,0,1456,728047,199
12,small_leak,0,1457,728547,123
12,small_leak,0,1458,729047,163
12,small_leak,0,1459,729547,209
12,small_leak,0,1460,730047,91
12,small_leak,0,1461,730547,37
12,small_leak,0,1462,731047,0
12,small_leak,0,1463,731547,59
12,small_leak,0,1464,732047,56
12,small_leak,0,1465,732547,35
12,small_leak,0,1466,733047,9
12,small_leak,0,1467,733547,59
12,small_leak,0,1468,734047,2
12,small_leak,0,1469,734547,19
12,small_leak,0,1470,735047,73
12,small_leak,0,1471,735547,33
12,small_leak,0,1472,736047,0
12,small_leak,0,1473,736547,137
12,small_leak,0,1474,737047,85
12,small_leak,0,1475,737547,28
12,small_leak,0,1476,738047,39
12,small_leak,0,1477,738547,13
12,small_leak,0,1478,739047,0
12,small_leak,0,1479,739547,106
12,small_leak,0,1480,740047,21
12,small_leak,0,1481,740547,167
12,small_leak,0,1482,741047,58
12,small_leak,0,1483,741547,99
12,small_leak,0,1484,742047,20
12,small_leak,0,1485,742547,77
12,small_leak,0,1486,743047,191
12,small_leak,0,1487,743547,187
12,small_leak,0,1488,744047,279
12,small_leak,0,1489,744547,303
12,small_leak,0,1490,745047,311
12,small_leak,0,1491,745547,311
12,small_leak,0,1492,746047,326
12,small_leak,0,1493,746547,291
12,small_leak,0,1494,747047,279
12,small_leak,0,1495,747547,428
12,small_leak,0,1496,748047,299
12,small_leak,0,1497,748547,457
12,small_leak,0,1498,749047,361
12,small_leak,0,1499,749547,319
12,small_leak,0,1500,750047,234
12,small_leak,0,1501,750547,190
12,small_leak,0,1502,751047,181
12,small_leak,0,1503,751548,119
12,small_leak,0,1504,752047,154
12,small_leak,0,1505,752547,123
12,small_leak,0,1506,753047,210
12,small_leak,0,1507,753547,135
12,small_leak,0,1508,754047,123
12,small_leak,0,1509,754547,138
12,small_leak,0,1510,755047,199
12,small_leak,0,1511,755547,157
12,small_leak,0,1512,756047,155
12,small_leak,0,1513,756547,105
12,small_leak,0,1514,757047,269
12,small_leak,0,1515,757547,107
12,small_leak,0,1516,758047,153
12,small_leak,0,1517,758547,85
12,small_leak,0,1518,759047,71
12,small_leak,0,1519,759547,57
12,small_leak,0,1520,760047,105
12,small_leak,0,1521,760547,111
12,small_leak,0,1522,761047,189
12,small_leak,0,1523,761547,139
12,small_leak,0,1524,762047,169
12,small_leak,0,1525,762547,198
12,small_leak,0,1526,763047,213
12,small_leak,0,1527,763547,180
12,small_leak,0,1528,764047,252
12,small_leak,0,1529,764547,269
12,small_leak,0,1530,765047,214
12,small_leak,0,1531,765547,347
12,small_leak,0,1532,766047,237
12,small_leak,0,1533,766547,294
12,small_leak,0,1534,767047,235
12,small_leak,0,1535,767547,243
12,small_leak,0,1536,768047,199
12,small_leak,0,1537,768547,248
12,small_leak,0,1538,769047,227
12,small_leak,0,1539,769547,253
12,small_leak,0,1540,770047,245
12,small_leak,0,1541,770547,315
12,small_leak,0,1542,771047,267
12,small_leak,0,1543,771547,203
12,small_leak,0,1544,772047,136
12,small_leak,0,1545,772547,198
12,small_leak,0,1546,773047,200
12,small_leak,0,1547,773547,307
12,small_leak,0,1548,774047,133
12,small_leak,0,1549,774547,38
12,small_leak,0,1550,775047,0
12,small_leak,0,1551,775547,0
12,small_leak,0,1552,776047,233
12,small_leak,0,1553,776547,75
12,small_leak,0,1554,777047,245
12,small_leak,0,1555,777547,167
12,small_leak,0,1556,778047,45
12,small_leak,0,1557,778547,248
12,small_leak,0,1558,779047,279
12,small_leak,0,1559,779547,284
12,small_leak,0,1560,780047,287
12,small_leak,0,1561,780547,199
12,small_leak,0,1562,781047,75
12,small_leak,0,1563,781547,68
12,small_leak,0,1564,782047,90
12,small_leak,0,1565,782547,16
12,small_leak,0,1566,783047,0
12,small_leak,0,1567,783547,0
12,small_leak,0,1568,784047,0
12,small_leak,0,1569,784547,0
12,small_leak,0,1570,785047,0
12,small_leak,0,1571,785547,0
12,small_leak,0,1572,786047,0
12,small_leak,0,1573,786547,0
12,small_leak,0,1574,787047,139
12,small_leak,0,1575,787547,106
12,small_leak,0,1576,788047,357
12,small_leak,0,1577,788547,116
12,small_leak,0,1578,789047,122
12,small_leak,0,1579,789547,88
12,small_leak,0,1580,790047,67
12,small_leak,0,1581,790547,435
12,small_leak,0,1582,791047,143
12,small_leak,0,1583,791547,247
12,small_leak,0,1584,792047,347
12,small_leak,0,1585,792547,187
12,small_leak,0,1586,793047,265
12,small_leak,0,1587,793547,264
12,small_leak,0,1588,794047,293
12,small_leak,0,1589,794548,143
12,small_leak,0,1590,795047,244
12,small_leak,0,1591,795547,395
12,small_leak,0,1592,796047,124
12,small_leak,0,1593,796547,165
12,small_leak,0,1594,797047,221
12,small_leak,0,1595,797547,298
12,small_leak,0,1596,798047,93
12,small_leak,0,1597,798547,88
12,small_leak,0,1598,799047,281
12,small_leak,0,1599,799547,364
12,small_leak,0,1600,800047,131
12,small_leak,0,1601,800547,41
12,small_leak,0,1602,801047,57
12,small_leak,0,1603,801547,117
12,small_leak,0,1604,802047,91
12,small_leak,0,1605,802547,17
12,small_leak,0,1606,803047,124
12,small_leak,0,1607,803547,28
12,small_leak,0,1608,804047,0
12,small_leak,0,1609,804547,167
12,small_leak,0,1610,805047,43
12,small_leak,0,1611,805547,59
12,small_leak,0,1612,806047,139
12,small_leak,0,1613,806547,204
12,small_leak,0,1614,807047,179
12,small_leak,0,1615,807547,171
12,small_leak,0,1616,808047,301
12,small_leak,0,1617,808547,189
12,small_leak,0,1618,809047,167
12,small_leak,0,1619,809547,152
12,small_leak,0,1620,810047,181
12,small_leak,0,1621,810547,90
12,small_leak,0,1622,811047,31
12,small_leak,0,1623,811547,61
12,small_leak,0,1624,812047,101
12,small_leak,0,1625,812547,149
12,small_leak,0,1626,813047,106
12,small_leak,0,1627,813547,155
12,small_leak,0,1628,814047,156
12,small_leak,0,1629,814547,173
12,small_leak,0,1630,815047,98
12,small_leak,0,1631,815547,181
12,small_leak,0,1632,816047,231
12,small_leak,0,1633,816547,278
12,small_leak,0,1634,817047,326
12,small_leak,0,1635,817547,493
12,small_leak,0,1636,818047,364
12,small_leak,0,1637,818547,356
12,small_leak,0,1638,819047,270
12,small_leak,0,1639,819547,340
12,small_leak,0,1640,820047,331
12,small_leak,0,1641,820547,279
12,small_leak,0,1642,821047,281
12,small_leak,0,1643,821547,169
12,small_leak,0,1644,822047,343
12,small_leak,0,1645,822547,239
12,small_leak,0,1646,823047,247
12,small_leak,0,1647,823547,215
12,small_leak,0,1648,824047,137
12,small_leak,0,1649,824547,261
12,small_leak,0,1650,825047,231
12,small_leak,0,1651,825547,187
12,small_leak,0,1652,826047,118
12,small_leak,0,1653,826547,199
12,small_leak,0,1654,827047,167
12,small_leak,0,1655,827547,232
12,small_leak,0,1656,828047,139
12,small_leak,0,1657,828547,125
12,small_leak,0,1658,829047,111
12,small_leak,0,1659,829547,125
12,small_leak,0,1660,830047,215
12,small_leak,0,1661,830547,228
12,small_leak,0,1662,831047,200
12,small_leak,0,1663,831547,187
12,small_leak,0,1664,832047,175
12,small_leak,0,1665,832547,102
12,small_leak,0,1666,833047,147
12,small_leak,0,1667,833547,155
12,small_leak,0,1668,834047,443
12,small_leak,0,1669,834547,163
12,small_leak,0,1670,835047,404
12,small_leak,0,1671,835547,301
12,small_leak,0,1672,836047,173
12,small_leak,0,1673,836547,133
12,small_leak,0,1674,837047,137
12,small_leak,0,1675,837547,173
12,small_leak,0,1676,838047,101
12,small_leak,0,1677,838547,159
12,small_leak,0,1678,839047,51
12,small_leak,0,1679,839547,19
12,small_leak,0,1680,840047,0
12,small_leak,0,1681,840547,0
12,small_leak,0,1682,841047,91
12,small_leak,0,1683,841547,79
12,small_leak,0,1684,842047,152
12,small_leak,0,1685,842547,37
12,small_leak,0,1686,843047,362
12,small_leak,0,1687,843547,303
12,small_leak,0,1688,844047,210
12,small_leak,0,1689,844547,279
12,small_leak,0,1690,845047,391
12,small_leak,0,1691,845547,379
12,small_leak,0,1692,846047,327
12,small_leak,0,1693,846547,262
12,small_leak,0,1694,847047,297
12,small_leak,0,1695,847547,282
12,small_leak,0,1696,848047,236
12,small_leak,0,1697,848547,239
12,small_leak,0,1698,849047,328
12,small_leak,0,1699,849547,313
12,small_leak,0,1700,850047,227
12,small_leak,0,1701,850547,73
12,small_leak,0,1702,851047,137
12,small_leak,0,1703,851547,57
12,small_leak,0,1704,852047,10
12,small_leak,0,1705,852547,149
12,small_leak,0,1706,853047,38
12,small_leak,0,1707,853547,207
12,small_leak,0,1708,854047,89
12,small_leak,0,1709,854547,114
12,small_leak,0,1710,855047,55
12,small_leak,0,1711,855547,89
12,small_leak,0,1712,856047,139
12,small_leak,0,1713,856547,37
12,small_leak,0,1714,857047,0
12,small_leak,0,1715,857547,0
12,small_leak,0,1716,858047,106
12,small_leak,0,1717,858547,43
12,small_leak,0,1718,859047,31
12,small_leak,0,1719,859547,75
12,small_leak,0,1720,860047,124
12,small_leak,0,1721,860547,141
12,small_leak,0,1722,861047,255
12,small_leak,0,1723,861547,149
12,small_leak,0,1724,862047,221
12,small_leak,0,1725,862547,243
12,small_leak,0,1726,863047,201
12,small_leak,0,1727,863547,175
12,small_leak,0,1728,864047,207
12,small_leak,0,1729,864547,229
12,small_leak,0,1730,865047,212
12,small_leak,0,1731,865547,233
12,small_leak,0,1732,866047,185
12,small_leak,0,1733,866547,294
12,small_leak,0,1734,867047,247
12,small_leak,0,1735,867547,294
12,small_leak,0,1736,868047,167
12,small_leak,0,1737,868547,117
12,small_leak,0,1738,869047,183
12,small_leak,0,1739,869547,103
12,small_leak,0,1740,870047,45
12,small_leak,0,1741,870547,56
12,small_leak,0,1742,871047,175
12,small_leak,0,1743,871547,58
12,small_leak,0,1744,872047,2
12,small_leak,0,1745,872547,0
12,small_leak,0,1746,873047,0
12,small_leak,0,1747,873547,13
12,small_leak,0,1748,874047,103
12,small_leak,0,1749,874547,21
12,small_leak,0,1750,875047,91
12,small_leak,0,1751,875547,109
12,small_leak,0,1752,876047,202
12,small_leak,0,1753,876547,179
12,small_leak,0,1754,877047,209
12,small_leak,0,1755,877547,131
12,small_leak,0,1756,878047,205
12,small_leak,0,1757,878547,85
12,small_leak,0,1758,879047,12
12,small_leak,0,1759,879547,179
12,small_leak,0,1760,880047,104
12,small_leak,0,1761,880547,25
12,small_leak,0,1762,881047,145
12,small_leak,0,1763,881547,72
12,small_leak,0,1764,882047,23
12,small_leak,0,1765,882547,87
12,small_leak,0,1766,883047,149
12,small_leak,0,1767,883547,93
12,small_leak,0,1768,884047,175
12,small_leak,0,1769,884547,296
12,small_leak,0,1770,885047,200
12,small_leak,0,1771,885547,344
12,small_leak,0,1772,886047,301
12,small_leak,0,1773,886547,211
12,small_leak,0,1774,887047,291
12,small_leak,0,1775,887547,247
12,small_leak,0,1776,888047,155
12,small_leak,0,1777,888547,126
12,small_leak,0,1778,889047,169
12,small_leak,0,1779,889547,138
12,small_leak,0,1780,890047,125
12,small_leak,0,1781,890547,216
12,small_leak,0,1782,891047,173
12,small_leak,0,1783,891547,47
12,small_leak,0,1784,892047,95
12,small_leak,0,1785,892547,61
12,small_leak,0,1786,893047,91
12,small_leak,0,1787,893547,176
12,small_leak,0,1788,894047,119
12,small_leak,0,1789,894547,25
12,small_leak,0,1790,895047,9
12,small_leak,0,1791,895547,11
12,small_leak,0,1792,896047,5
12,small_leak,0,1793,896547,0
12,small_leak,0,1794,897047,0
12,small_leak,0,1795,897547,17
12,small_leak,0,1796,898047,159
12,small_leak,0,1797,898547,291
12,small_leak,0,1798,899047,303
12,small_leak,0,1799,899547,248
12,small_leak,0,1800,900047,266
12,small_leak,0,1801,900547,88
12,small_leak,0,1802,901047,90
12,small_leak,0,1803,901547,61
12,small_leak,0,1804,902047,251
12,small_leak,0,1805,902547,170
12,small_leak,0,1806,903047,331
12,small_leak,0,1807,903547,283
12,small_leak,0,1808,904047,157
12,small_leak,0,1809,904547,186
12,small_leak,0,1810,905047,227
12,small_leak,0,1811,905547,279
12,small_leak,0,1812,906047,543
12,small_leak,0,1813,906547,297
12,small_leak,0,1814,907047,215
12,small_leak,0,1815,907547,228
12,small_leak,0,1816,908047,231
12,small_leak,0,1817,908547,280
12,small_leak,0,1818,909047,213
12,small_leak,0,1819,909547,243
12,small_leak,0,1820,910047,175
12,small_leak,0,1821,910547,123
12,small_leak,0,1822,911047,233
12,small_leak,0,1823,911547,103
12,small_leak,0,1824,912047,159
12,small_leak,0,1825,912547,213
12,small_leak,0,1826,913047,102
12,small_leak,0,1827,913547,73
12,small_leak,0,1828,914047,219
12,small_leak,0,1829,914547,150
12,small_leak,0,1830,915047,189
12,small_leak,0,1831,915547,234
12,small_leak,0,1832,916047,231
12,small_leak,0,1833,916547,142
12,small_leak,0,1834,917047,175
12,small_leak,0,1835,917547,328
12,small_leak,0,1836,918047,227
12,small_leak,0,1837,918547,173
12,small_leak,0,1838,919047,137
12,small_leak,0,1839,919547,163
12,small_leak,0,1840,920047,100
12,small_leak,0,1841,920547,94
12,small_leak,0,1842,921047,136
12,small_leak,0,1843,921547,86
12,small_leak,0,1844,922047,69
12,small_leak,0,1845,922548,6
12,small_leak,0,1846,923047,53
12,small_leak,0,1847,923547,202
12,small_leak,0,1848,924047,57
12,small_leak,0,1849,924547,87
12,small_leak,0,1850,925047,76
12,small_leak,0,1851,925547,35
12,small_leak,0,1852,926047,227
12,small_leak,0,1853,926547,186
12,small_leak,0,1854,927047,121
12,small_leak,0,1855,927547,111
12,small_leak,0,1856,928047,90
12,small_leak,0,1857,928547,135
12,small_leak,0,1858,929047,173
12,small_leak,0,1859,929547,200
12,small_leak,0,1860,930047,123
12,small_leak,0,1861,930547,69
12,small_leak,0,1862,931047,159
12,small_leak,0,1863,931547,139
12,small_leak,0,1864,932047,105
12,small_leak,0,1865,932547,151
12,small_leak,0,1866,933047,239
12,small_leak,0,1867,933547,149
12,small_leak,0,1868,934047,151
12,small_leak,0,1869,934547,139
12,small_leak,0,1870,935047,163
12,small_leak,0,1871,935547,89
12,small_leak,0,1872,936047,12
12,small_leak,0,1873,936547,17
12,small_leak,0,1874,937047,69
12,small_leak,0,1875,937547,6
12,small_leak,0,1876,938047,0
12,small_leak,0,1877,938547,165
12,small_leak,0,1878,939047,107
12,small_leak,0,1879,939547,269
12,small_leak,0,1880,940047,108
12,small_leak,0,1881,940547,163
12,small_leak,0,1882,941047,106
12,small_leak,0,1883,941547,165
12,small_leak,0,1884,942047,89
12,small_leak,0,1885,942547,102
12,small_leak,0,1886,943047,179
12,small_leak,0,1887,943547,135
12,small_leak,0,1888,944047,160
12,small_leak,0,1889,944547,233
12,small_leak,0,1890,945047,265
12,small_leak,0,1891,945547,325
12,small_leak,0,1892,946047,265
12,small_leak,0,1893,946547,231
12,small_leak,0,1894,947047,229
12,small_leak,0,1895,947547,235
12,small_leak,0,1896,948047,203
12,small_leak,0,1897,948547,164
12,small_leak,0,1898,949047,109
12,small_leak,0,1899,949547,136
12,small_leak,0,1900,950047,77
12,small_leak,0,1901,950547,215
12,small_leak,0,1902,951047,253
12,small_leak,0,1903,951547,215
12,small_leak,0,1904,952047,249
12,small_leak,0,1905,952547,233
12,small_leak,0,1906,953047,135
12,small_leak,0,1907,953547,91
12,small_leak,0,1908,954047,179
12,small_leak,0,1909,954547,233
12,small_leak,0,1910,955047,271
12,small_leak,0,1911,955547,189
12,small_leak,0,1912,956047,132
12,small_leak,0,1913,956547,185
12,small_leak,0,1914,957047,117
12,small_leak,0,1915,957547,69
12,small_leak,0,1916,958047,175
12,small_leak,0,1917,958547,158
12,small_leak,0,1918,959047,148
12,small_leak,0,1919,959547,61
12,small_leak,0,1920,960047,61
12,small_leak,0,1921,960548,304
12,small_leak,0,1922,961047,249
12,small_leak,0,1923,961547,174
12,small_leak,0,1924,962047,183
12,small_leak,0,1925,962547,287
12,small_leak,0,1926,963047,203
12,small_leak,0,1927,963547,152
12,small_leak,0,1928,964047,109
12,small_leak,0,1929,964547,77
12,small_leak,0,1930,965047,153
12,small_leak,0,1931,965547,138
12,small_leak,0,1932,966047,102
12,small_leak,0,1933,966547,114
12,small_leak,0,1934,967047,211
12,small_leak,0,1935,967547,61
12,small_leak,0,1936,968047,92
12,small_leak,0,1937,968547,98
12,small_leak,0,1938,969047,56
12,small_leak,0,1939,969547,133
12,small_leak,0,1940,970047,83
12,small_leak,0,1941,970547,145
12,small_leak,0,1942,971047,68
12,small_leak,0,1943,971547,131
12,small_leak,0,1944,972047,29
12,small_leak,0,1945,972547,180
12,small_leak,0,1946,973047,311
12,small_leak,0,1947,973547,102
12,small_leak,0,1948,974047,149
12,small_leak,0,1949,974547,119
12,small_leak,0,1950,975047,26
12,small_leak,0,1951,975547,136
12,small_leak,0,1952,976047,175
12,small_leak,0,1953,976547,217
12,small_leak,0,1954,977047,154
12,small_leak,0,1955,977547,247
12,small_leak,0,1956,978047,109
12,small_leak,0,1957,978547,119
12,small_leak,0,1958,979047,69
12,small_leak,0,1959,979547,69
12,small_leak,0,1960,980047,211
12,small_leak,0,1961,980547,267
12,small_leak,0,1962,981047,182
12,small_leak,0,1963,981547,213
12,small_leak,0,1964,982047,169
12,small_leak,0,1965,982547,169
12,small_leak,0,1966,983047,101
12,small_leak,0,1967,983547,179
12,small_leak,0,1968,984047,303
12,small_leak,0,1969,984547,141
12,small_leak,0,1970,985047,218
12,small_leak,0,1971,985547,208
12,small_leak,0,1972,986047,213
12,small_leak,0,1973,986547,247
12,small_leak,0,1974,987047,235
12,small_leak,0,1975,987547,275
12,small_leak,0,1976,988047,167
12,small_leak,0,1977,988547,207
12,small_leak,0,1978,989047,203
12,small_leak,0,1979,989547,173
12,small_leak,0,1980,990047,250
12,small_leak,0,1981,990547,268
12,small_leak,0,1982,991047,151
12,small_leak,0,1983,991547,152
12,small_leak,0,1984,992047,120
12,small_leak,0,1985,992547,141
12,small_leak,0,1986,993047,106
12,small_leak,0,1987,993547,156
12,small_leak,0,1988,994047,42
12,small_leak,0,1989,994547,105
12,small_leak,0,1990,995047,62
12,small_leak,0,1991,995547,187
12,small_leak,0,1992,996047,265
12,small_leak,0,1993,996547,233
12,small_leak,0,1994,997047,221
12,small_leak,0,1995,997547,239
12,small_leak,0,1996,998047,276
12,small_leak,0,1997,998547,217
12,small_leak,0,1998,999047,205
12,small_leak,0,1999,999547,325
12,small_leak,1,0,49,0
12,small_leak,1,1,547,0
12,small_leak,1,2,1047,0
12,small_leak,1,3,1547,0
12,small_leak,1,4,2047,39
12,small_leak,1,5,2547,91
12,small_leak,1,6,3047,47
12,small_leak,1,7,3547,25
12,small_leak,1,8,4047,21
12,small_leak,1,9,4547,105
12,small_leak,1,10,5047,169
12,small_leak,1,11,5547,52
12,small_leak,1,12,6047,243
12,small_leak,1,13,6547,84
12,small_leak,1,14,7047,42
12,small_leak,1,15,7547,260
12,small_leak,1,16,8047,231
12,small_leak,1,17,8547,109
12,small_leak,1,18,9047,211
12,small_leak,1,19,9547,92
12,small_leak,1,20,10047,197
12,small_leak,1,21,10547,57
12,small_leak,1,22,11047,67
12,small_leak,1,23,11547,43
12,small_leak,1,24,12047,0
12,small_leak,1,25,12547,101
12,small_leak,1,26,13047,20
12,small_leak,1,27,13547,0
12,small_leak,1,28,14047,0
12,small_leak,1,29,14547,95
12,small_leak,1,30,15047,18
12,small_leak,1,31,15547,125
12,small_leak,1,32,16047,341
12,small_leak,1,33,16547,294
12,small_leak,1,34,17047,207
12,small_leak,1,35,17547,151
12,small_leak,1,36,18047,143
12,small_leak,1,37,18547,122
12,small_leak,1,38,19047,88
12,small_leak,1,39,19547,335
12,small_leak,1,40,20047,374
12,small_leak,1,41,20547,311
12,small_leak,1,42,21047,150
12,small_leak,1,43,21547,79
12,small_leak,1,44,22047,293
12,small_leak,1,45,22547,164
12,small_leak,1,46,23047,137
12,small_leak,1,47,23547,247
12,small_leak,1,48,24047,429
12,small_leak,1,49,24547,329
12,small_leak,1,50,25047,229
12,small_leak,1,51,25547,173
12,small_leak,1,52,26047,282
12,small_leak,1,53,26547,359
12,small_leak,1,54,27047,314
12,small_leak,1,55,27547,330
12,small_leak,1,56,28047,326
12,small_leak,1,57,28547,343
12,small_leak,1,58,29047,309
12,small_leak,1,59,29547,284
12,small_leak,1,60,30047,109
12,small_leak,1,61,30547,93
12,small_leak,1,62,31047,111
12,small_leak,1,63,31547,207
12,small_leak,1,64,32047,309
12,small_leak,1,65,32547,199
12,small_leak,1,66,33047,276
12,small_leak,1,67,33547,343
12,small_leak,1,68,34047,493
12,small_leak,1,69,34547,357
12,small_leak,1,70,35047,249
12,small_leak,1,71,35547,355
12,small_leak,1,72,36047,248
12,small_leak,1,73,36547,363
12,small_leak,1,74,37047,344
12,small_leak,1,75,37547,347
12,small_leak,1,76,38047,219
12,small_leak,1,77,38547,181
12,small_leak,1,78,39047,247
12,small_leak,1,79,39547,77
12,small_leak,1,80,40047,132
12,small_leak,1,81,40547,28
12,small_leak,1,82,41047,169
12,small_leak,1,83,41547,59
12,small_leak,1,84,42047,265
12,small_leak,1,85,42547,109
12,small_leak,1,86,43047,70
12,small_leak,1,87,43547,33
12,small_leak,1,88,44047,155
12,small_leak,1,89,44547,142
12,small_leak,1,90,45047,262
12,small_leak,1,91,45547,325
12,small_leak,1,92,46047,359
12,small_leak,1,93,46547,360
12,small_leak,1,94,47047,437
12,small_leak,1,95,47547,472
12,small_leak,1,96,48047,221
12,small_leak,1,97,48547,123
12,small_leak,1,98,49047,27
12,small_leak,1,99,49547,124
12,small_leak,1,100,50047,267
12,small_leak,1,101,50547,202
12,small_leak,1,102,51047,175
12,small_leak,1,103,51547,139
12,small_leak,1,104,52047,35
12,small_leak,1,105,52547,217
12,small_leak,1,106,53047,77
12,small_leak,1,107,53547,9
12,small_leak,1,108,54047,0
12,small_leak,1,109,54547,87
12,small_leak,1,110,55047,103
12,small_leak,1,111,55547,117
12,small_leak,1,112,56047,156
12,small_leak,1,113,56547,92
12,small_leak,1,114,57047,103
12,small_leak,1,115,57547,87
12,small_leak,1,116,58047,87
12,small_leak,1,117,58547,173
12,small_leak,1,118,59047,237
12,small_leak,1,119,59547,173
12,small_leak,1,120,60047,189
12,small_leak,1,121,60547,111
12,small_leak,1,122,61047,154
12,small_leak,1,123,61547,171
12,small_leak,1,124,62047,133
12,small_leak,1,125,62547,103
12,small_leak,1,126,63047,133
12,small_leak,1,127,63547,111
12,small_leak,1,128,64047,55
12,small_leak,1,129,64547,1
12,small_leak,1,130,65047,101
12,small_leak,1,131,65547,152
12,small_leak,1,132,66047,59
12,small_leak,1,133,66547,44
12,small_leak,1,134,67047,19
12,small_leak,1,135,67547,186
12,small_leak,1,136,68047,183
12,small_leak,1,137,68547,249
12,small_leak,1,138,69047,239
12,small_leak,1,139,69547,151
12,small_leak,1,140,70047,206
12,small_leak,1,141,70547,217
12,small_leak,1,142,71047,485
12,small_leak,1,143,71547,496
12,small_leak,1,144,72047,267
12,small_leak,1,145,72547,243
12,small_leak,1,146,73047,362
12,small_leak,1,147,73547,382
12,small_leak,1,148,74047,261
12,small_leak,1,149,74547,285
12,small_leak,1,150,75047,181
12,small_leak,1,151,75547,219
12,small_leak,1,152,76047,169
12,small_leak,1,153,76547,141
12,small_leak,1,154,77047,87
12,small_leak,1,155,77547,139
12,small_leak,1,156,78047,237
12,small_leak,1,157,78547,75
12,small_leak,1,158,79047,141
12,small_leak,1,159,79547,83
12,small_leak,1,160,80047,245
12,small_leak,1,161,80547,159
12,small_leak,1,162,81047,87
12,small_leak,1,163,81547,181
12,small_leak,1,164,82047,109
12,small_leak,1,165,82547,126
12,small_leak,1,166,83047,108
12,small_leak,1,167,83547,139
12,small_leak,1,168,84047,123
12,small_leak,1,169,84547,101
12,small_leak,1,170,85047,245
12,small_leak,1,171,85547,301
12,small_leak,1,172,86047,404
12,small_leak,1,173,86547,312
12,small_leak,1,174,87047,329
12,small_leak,1,175,87547,303
12,small_leak,1,176,88047,293
12,small_leak,1,177,88548,261
12,small_leak,1,178,89047,291
12,small_leak,1,179,89547,249
12,small_leak,1,180,90047,181
12,small_leak,1,181,90547,125
12,small_leak,1,182,91047,87
12,small_leak,1,183,91547,56
12,small_leak,1,184,92047,51
12,small_leak,1,185,92547,111
12,small_leak,1,186,93047,84
12,small_leak,1,187,93547,170
12,small_leak,1,188,94047,105
12,small_leak,1,189,94547,92
12,small_leak,1,190,95047,160
12,small_leak,1,191,95547,77
12,small_leak,1,192,96047,92
12,small_leak,1,193,96547,56
12,small_leak,1,194,97047,39
12,small_leak,1,195,97547,5
12,small_leak,1,196,98047,0
12,small_leak,1,197,98547,0
12,small_leak,1,198,99047,0
12,small_leak,1,199,99547,16
12,small_leak,1,200,100047,0
12,small_leak,1,201,100547,93
12,small_leak,1,202,101047,62
12,small_leak,1,203,101547,36
12,small_leak,1,204,102047,83
12,small_leak,1,205,102547,72
12,small_leak,1,206,103047,178
12,small_leak,1,207,103547,339
12,small_leak,1,208,104047,327
12,small_leak,1,209,104547,331
12,small_leak,1,210,105047,461
12,small_leak,1,211,105547,427
12,small_leak,1,212,106047,383
12,small_leak,1,213,106547,391
12,small_leak,1,214,107047,394
12,small_leak,1,215,107547,402
12,small_leak,1,216,108047,390
12,small_leak,1,217,108547,297
12,small_leak,1,218,109047,309
12,small_leak,1,219,109547,253
12,small_leak,1,220,110047,293
12,small_leak,1,221,110547,168
12,small_leak,1,222,111047,152
12,small_leak,1,223,111547,63
12,small_leak,1,224,112047,5
12,small_leak,1,225,112547,0
12,small_leak,1,226,113047,299
12,small_leak,1,227,113547,141
12,small_leak,1,228,114047,34
12,small_leak,1,229,114547,121
12,small_leak,1,230,115047,28
12,small_leak,1,231,115547,139
12,small_leak,1,232,116047,41
12,small_leak,1,233,116547,89
12,small_leak,1,234,117047,221
12,small_leak,1,235,117547,275
12,small_leak,1,236,118047,87
12,small_leak,1,237,118547,85
12,small_leak,1,238,119047,229
12,small_leak,1,239,119548,297
12,small_leak,1,240,120047,269
12,small_leak,1,241,120547,352
12,small_leak,1,242,121047,327
12,small_leak,1,243,121547,292
12,small_leak,1,244,122047,279
12,small_leak,1,245,122547,219
12,small_leak,1,246,123047,248
12,small_leak,1,247,123547,231
12,small_leak,1,248,124047,261
12,small_leak,1,249,124547,179
12,small_leak,1,250,125047,119
12,small_leak,1,251,125547,98
12,small_leak,1,252,126047,147
12,small_leak,1,253,126547,67
12,small_leak,1,254,127047,31
12,small_leak,1,255,127547,126
12,small_leak,1,256,128047,51
12,small_leak,1,257,128547,165
12,small_leak,1,258,129047,173
12,small_leak,1,259,129547,45
12,small_leak,1,260,130047,101
12,small_leak,1,261,130547,69
12,small_leak,1,262,131047,7
12,small_leak,1,263,131547,199
12,small_leak,1,264,132047,83
12,small_leak,1,265,132547,11
12,small_leak,1,266,133047,0
12,small_leak,1,267,133547,97
12,small_leak,1,268,134047,31
12,small_leak,1,269,134547,109
12,small_leak,1,270,135047,235
12,small_leak,1,271,135547,90
12,small_leak,1,272,136047,126
12,small_leak,1,273,136547,215
12,small_leak,1,274,137047,239
12,small_leak,1,275,137547,187
12,small_leak,1,276,138047,103
12,small_leak,1,277,138547,93
12,small_leak,1,278,139047,71
12,small_leak,1,279,139547,186
12,small_leak,1,280,140047,184
12,small_leak,1,281,140547,189
12,small_leak,1,282,141047,133
12,small_leak,1,283,141547,35
12,small_leak,1,284,142047,61
12,small_leak,1,285,142547,39
12,small_leak,1,286,143047,117
12,small_leak,1,287,143547,345
12,small_leak,1,288,144047,123
12,small_leak,1,289,144547,22
12,small_leak,1,290,145047,0
12,small_leak,1,291,145547,0
12,small_leak,1,292,146047,0
12,small_leak,1,293,146547,37
12,small_leak,1,294,147047,74
12,small_leak,1,295,147547,47
12,small_leak,1,296,148047,7
12,small_leak,1,297,148547,29
12,small_leak,1,298,149047,0
12,small_leak,1,299,149547,44
12,small_leak,1,300,150047,0
12,small_leak,1,301,150547,93
12,small_leak,1,302,151047,123
12,small_leak,1,303,151547,143
12,small_leak,1,304,152047,53
12,small_leak,1,305,152547,227
12,small_leak,1,306,153047,215
12,small_leak,1,307,153547,183
12,small_leak,1,308,154047,175
12,small_leak,1,309,154547,217
12,small_leak,1,310,155047,146
12,small_leak,1,311,155547,137
12,small_leak,1,312,156047,223
12,small_leak,1,313,156547,343
12,small_leak,1,314,157047,179
12,small_leak,1,315,157547,77
12,small_leak,1,316,158047,84
12,small_leak,1,317,158547,24
12,small_leak,1,318,159047,87
12,small_leak,1,319,159547,81
12,small_leak,1,320,160047,23
12,small_leak,1,321,160547,59
12,small_leak,1,322,161047,101
12,small_leak,1,323,161547,211
12,small_leak,1,324,162047,60
12,small_leak,1,325,162547,157
12,small_leak,1,326,163047,132
12,small_leak,1,327,163547,231
12,small_leak,1,328,164047,198
12,small_leak,1,329,164547,219
12,small_leak,1,330,165047,187
12,small_leak,1,331,165547,215
12,small_leak,1,332,166047,205
12,small_leak,1,333,166547,329
12,small_leak,1,334,167047,148
12,small_leak,1,335,167547,395
12,small_leak,1,336,168047,293
12,small_leak,1,337,168547,213
12,small_leak,1,338,169047,213
12,small_leak,1,339,169547,81
12,small_leak,1,340,170047,21
12,small_leak,1,341,170547,0
12,small_leak,1,342,171047,300
12,small_leak,1,343,171547,107
12,small_leak,1,344,172047,70
12,small_leak,1,345,172547,85
12,small_leak,1,346,173047,172
12,small_leak,1,347,173547,107
12,small_leak,1,348,174047,264
12,small_leak,1,349,174547,374
12,small_leak,1,350,175047,309
12,small_leak,1,351,175547,176
12,small_leak,1,352,176047,245
12,small_leak,1,353,176547,252
12,small_leak,1,354,177047,268
12,small_leak,1,355,177547,251
12,small_leak,1,356,178047,133
12,small_leak,1,357,178547,283
12,small_leak,1,358,179047,111
12,small_leak,1,359,179547,26
12,small_leak,1,360,180047,200
12,small_leak,1,361,180547,277
12,small_leak,1,362,181047,395
12,small_leak,1,363,181547,359
12,small_leak,1,364,182047,355
12,small_leak,1,365,182547,293
12,small_leak,1,366,183047,253
12,small_leak,1,367,183547,308
12,small_leak,1,368,184047,374
12,small_leak,1,369,184547,230
12,small_leak,1,370,185047,282
12,small_leak,1,371,185547,271
12,small_leak,1,372,186047,295
12,small_leak,1,373,186547,210
12,small_leak,1,374,187047,124
12,small_leak,1,375,187547,165
12,small_leak,1,376,188047,57
12,small_leak,1,377,188547,189
12,small_leak,1,378,189047,199
12,small_leak,1,379,189547,217
12,small_leak,1,380,190047,284
12,small_leak,1,381,190547,327
12,small_leak,1,382,191047,271
12,small_leak,1,383,191547,249
12,small_leak,1,384,192047,143
12,small_leak,1,385,192547,160
12,small_leak,1,386,193047,90
12,small_leak,1,387,193547,227
12,small_leak,1,388,194047,212
12,small_leak,1,389,194547,145
12,small_leak,1,390,195047,137
12,small_leak,1,391,195547,120
12,small_leak,1,392,196047,108
12,small_leak,1,393,196547,55
12,small_leak,1,394,197047,51
12,small_leak,1,395,197547,57
12,small_leak,1,396,198047,93
12,small_leak,1,397,198547,53
12,small_leak,1,398,199047,154
12,small_leak,1,399,199547,45
12,small_leak,1,400,200047,109
12,small_leak,1,401,200547,132
12,small_leak,1,402,201047,125
12,small_leak,1,403,201547,125
12,small_leak,1,404,202047,41
12,small_leak,1,405,202547,99
12,small_leak,1,406,203047,105
12,small_leak,1,407,203547,164
12,small_leak,1,408,204047,56
12,small_leak,1,409,204547,136
12,small_leak,1,410,205047,47
12,small_leak,1,411,205547,22
12,small_leak,1,412,206047,68
12,small_leak,1,413,206547,201
12,small_leak,1,414,207047,116
12,small_leak,1,415,207547,107
12,small_leak,1,416,208047,132
12,small_leak,1,417,208547,217
12,small_leak,1,418,209047,329
12,small_leak,1,419,209547,371
12,small_leak,1,420,210047,121
12,small_leak,1,421,210547,357
12,small_leak,1,422,211047,235
12,small_leak,1,423,211547,147
12,small_leak,1,424,212047,56
12,small_leak,1,425,212547,1
12,small_leak,1,426,213047,53
12,small_leak,1,427,213547,1
12,small_leak,1,428,214047,22
12,small_leak,1,429,214547,94
12,small_leak,1,430,215047,18
12,small_leak,1,431,215547,133
12,small_leak,1,432,216047,116
12,small_leak,1,433,216547,179
12,small_leak,1,434,217047,165
12,small_leak,1,435,217547,111
12,small_leak,1,436,218047,171
12,small_leak,1,437,218547,293
12,small_leak,1,438,219047,311
12,small_leak,1,439,219547,102
12,small_leak,1,440,220047,79
12,small_leak,1,441,220547,187
12,small_leak,1,442,221047,213
12,small_leak,1,443,221547,69
12,small_leak,1,444,222047,7
12,small_leak,1,445,222547,131
12,small_leak,1,446,223047,174
12,small_leak,1,447,223547,398
12,small_leak,1,448,224047,330
12,small_leak,1,449,224547,135
12,small_leak,1,450,225047,169
12,small_leak,1,451,225547,171
12,small_leak,1,452,226047,99
12,small_leak,1,453,226547,69
12,small_leak,1,454,227047,150
12,small_leak,1,455,227548,212
12,small_leak,1,456,228047,271
12,small_leak,1,457,228547,293
12,small_leak,1,458,229047,211
12,small_leak,1,459,229547,297
12,small_leak,1,460,230047,229
12,small_leak,1,461,230547,292
12,small_leak,1,462,231047,242
12,small_leak,1,463,231547,83
12,small_leak,1,464,232047,10
12,small_leak,1,465,232547,91
12,small_leak,1,466,233047,163
12,small_leak,1,467,233547,151
12,small_leak,1,468,234047,205
12,small_leak,1,469,234547,345
12,small_leak,1,470,235047,317
12,small_leak,1,471,235547,318
12,small_leak,1,472,236047,345
12,small_leak,1,473,236547,368
12,small_leak,1,474,237047,173
12,small_leak,1,475,237547,171
12,small_leak,1,476,238047,201
12,small_leak,1,477,238547,175
12,small_leak,1,478,239047,55
12,small_leak,1,479,239547,45
12,small_leak,1,480,240047,0
12,small_leak,1,481,240547,2
12,small_leak,1,482,241047,0
12,small_leak,1,483,241547,0
12,small_leak,1,484,242047,45
12,small_leak,1,485,242547,1
12,small_leak,1,486,243047,0
12,small_leak,1,487,243547,0
12,small_leak,1,488,244047,0
12,small_leak,1,489,244547,0
12,small_leak,1,490,245047,0
12,small_leak,1,491,245547,0
12,small_leak,1,492,246047,0
12,small_leak,1,493,246547,0
12,small_leak,1,494,247047,21
12,small_leak,1,495,247547,85
12,small_leak,1,496,248047,168
12,small_leak,1,497,248547,200
12,small_leak,1,498,249047,239
12,small_leak,1,499,249547,391
12,small_leak,1,500,250047,409
12,small_leak,1,501,250547,381
12,small_leak,1,502,251047,361
12,small_leak,1,503,251547,334
12,small_leak,1,504,252047,288
12,small_leak,1,505,252547,393
12,small_leak,1,506,253047,207
12,small_leak,1,507,253547,121
12,small_leak,1,508,254047,136
12,small_leak,1,509,254547,183
12,small_leak,1,510,255047,275
12,small_leak,1,511,255547,160
12,small_leak,1,512,256047,365
12,small_leak,1,513,256547,261
12,small_leak,1,514,257047,297
12,small_leak,1,515,257547,254
12,small_leak,1,516,258047,173
12,small_leak,1,517,258547,251
12,small_leak,1,518,259047,230
12,small_leak,1,519,259547,109
12,small_leak,1,520,260047,146
12,small_leak,1,521,260547,35
12,small_leak,1,522,261047,105
12,small_leak,1,523,261547,73
12,small_leak,1,524,262047,9
12,small_leak,1,525,262547,107
12,small_leak,1,526,263047,57
12,small_leak,1,527,263547,57
12,small_leak,1,528,264047,87
12,small_leak,1,529,264547,18
12,small_leak,1,530,265047,167
12,small_leak,1,531,265547,188
12,small_leak,1,532,266047,303
12,small_leak,1,533,266547,293
12,small_leak,1,534,267047,274
12,small_leak,1,535,267547,231
12,small_leak,1,536,268047,277
12,small_leak,1,537,268547,283
12,small_leak,1,538,269047,295
12,small_leak,1,539,269547,279
12,small_leak,1,540,270047,282
12,small_leak,1,541,270547,123
12,small_leak,1,542,271047,115
12,small_leak,1,543,271547,269
12,small_leak,1,544,272047,117
12,small_leak,1,545,272547,167
12,small_leak,1,546,273047,243
12,small_leak,1,547,273547,77
12,small_leak,1,548,274047,169
12,small_leak,1,549,274547,157
12,small_leak,1,550,275047,219
12,small_leak,1,551,275547,69
12,small_leak,1,552,276047,9
12,small_leak,1,553,276547,48
12,small_leak,1,554,277047,35
12,small_leak,1,555,277547,285
12,small_leak,1,556,278047,100
12,small_leak,1,557,278547,155
12,small_leak,1,558,279047,218
12,small_leak,1,559,279547,100
12,small_leak,1,560,280047,189
12,small_leak,1,561,280547,167
12,small_leak,1,562,281047,265
12,small_leak,1,563,281547,245
12,small_leak,1,564,282047,135
12,small_leak,1,565,282547,101
12,small_leak,1,566,283047,200
12,small_leak,1,567,283547,179
12,small_leak,1,568,284047,51
12,small_leak,1,569,284547,55
12,small_leak,1,570,285047,58
12,small_leak,1,571,285547,148
12,small_leak,1,572,286047,107
12,small_leak,1,573,286547,149
12,small_leak,1,574,287047,87
12,small_leak,1,575,287547,11
12,small_leak,1,576,288047,84
12,small_leak,1,577,288547,41
12,small_leak,1,578,289047,121
12,small_leak,1,579,289547,107
12,small_leak,1,580,290047,137
12,small_leak,1,581,290547,109
12,small_leak,1,582,291047,229
12,small_leak,1,583,291547,263
12,small_leak,1,584,292047,83
12,small_leak,1,585,292547,135
12,small_leak,1,586,293047,103
12,small_leak,1,587,293547,213
12,small_leak,1,588,294047,383
12,small_leak,1,589,294547,121
12,small_leak,1,590,295047,205
12,small_leak,1,591,295547,187
12,small_leak,1,592,296047,187
12,small_leak,1,593,296547,235
12,small_leak,1,594,297047,177
12,small_leak,1,595,297547,207
12,small_leak,1,596,298047,61
12,small_leak,1,597,298547,69
12,small_leak,1,598,299047,5
12,small_leak,1,599,299547,36
12,small_leak,1,600,300047,261
12,small_leak,1,601,300547,216
12,small_leak,1,602,301047,135
12,small_leak,1,603,301547,281
12,small_leak,1,604,302047,149
12,small_leak,1,605,302547,119
12,small_leak,1,606,303047,167
12,small_leak,1,607,303547,299
12,small_leak,1,608,304047,243
12,small_leak,1,609,304547,269
12,small_leak,1,610,305047,197
12,small_leak,1,611,305547,231
12,small_leak,1,612,306047,181
12,small_leak,1,613,306547,165
12,small_leak,1,614,307047,115
12,small_leak,1,615,307547,175
12,small_leak,1,616,308047,236
12,small_leak,1,617,308547,360
12,small_leak,1,618,309047,201
12,small_leak,1,619,309547,233
12,small_leak,1,620,310047,93
12,small_leak,1,621,310547,232
12,small_leak,1,622,311047,91
12,small_leak,1,623,311547,137
12,small_leak,1,624,312047,69
12,small_leak,1,625,312547,101
12,small_leak,1,626,313047,165
12,small_leak,1,627,313547,281
12,small_leak,1,628,314047,121
12,small_leak,1,629,314547,57
12,small_leak,1,630,315047,4
12,small_leak,1,631,315547,137
12,small_leak,1,632,316047,83
12,small_leak,1,633,316547,173
12,small_leak,1,634,317047,190
12,small_leak,1,635,317547,371
12,small_leak,1,636,318047,283
12,small_leak,1,637,318547,485
12,small_leak,1,638,319047,477
12,small_leak,1,639,319547,312
12,small_leak,1,640,320047,185
12,small_leak,1,641,320547,147
12,small_leak,1,642,321047,112
12,small_leak,1,643,321547,160
12,small_leak,1,644,322047,95
12,small_leak,1,645,322547,21
12,small_leak,1,646,323047,205
12,small_leak,1,647,323547,149
12,small_leak,1,648,324047,57
12,small_leak,1,649,324547,119
12,small_leak,1,650,325047,84
12,small_leak,1,651,325547,45
12,small_leak,1,652,326047,133
12,small_leak,1,653,326547,96
12,small_leak,1,654,327047,37
12,small_leak,1,655,327547,137
12,small_leak,1,656,328047,31
12,small_leak,1,657,328547,0
12,small_leak,1,658,329047,83
12,small_leak,1,659,329547,67
12,small_leak,1,660,330047,175
12,small_leak,1,661,330547,75
12,small_leak,1,662,331047,175
12,small_leak,1,663,331547,137
12,small_leak,1,664,332047,68
12,small_leak,1,665,332547,265
12,small_leak,1,666,333047,151
12,small_leak,1,667,333547,293
12,small_leak,1,668,334047,329
12,small_leak,1,669,334547,244
12,small_leak,1,670,335047,197
12,small_leak,1,671,335547,232
12,small_leak,1,672,336047,189
12,small_leak,1,673,336547,215
12,small_leak,1,674,337047,359
12,small_leak,1,675,337547,150
12,small_leak,1,676,338047,149
12,small_leak,1,677,338547,219
12,small_leak,1,678,339047,251
12,small_leak,1,679,339547,277
12,small_leak,1,680,340047,329
12,small_leak,1,681,340547,247
12,small_leak,1,682,341047,211
12,small_leak,1,683,341547,119
12,small_leak,1,684,342047,26
12,small_leak,1,685,342547,33
12,small_leak,1,686,343047,119
12,small_leak,1,687,343547,71
12,small_leak,1,688,344047,165
12,small_leak,1,689,344547,171
12,small_leak,1,690,345047,114
12,small_leak,1,691,345547,156
12,small_leak,1,692,346047,142
12,small_leak,1,693,346547,230
12,small_leak,1,694,347047,301
12,small_leak,1,695,347547,284
12,small_leak,1,696,348047,260
12,small_leak,1,697,348547,185
12,small_leak,1,698,349047,223
12,small_leak,1,699,349547,205
12,small_leak,1,700,350047,211
12,small_leak,1,701,350547,99
12,small_leak,1,702,351047,217
12,small_leak,1,703,351548,63
12,small_leak,1,704,352047,181
12,small_leak,1,705,352547,226
12,small_leak,1,706,353047,233
12,small_leak,1,707,353547,169
12,small_leak,1,708,354047,217
12,small_leak,1,709,354547,241
12,small_leak,1,710,355047,197
12,small_leak,1,711,355547,180
12,small_leak,1,712,356047,159
12,small_leak,1,713,356547,190
12,small_leak,1,714,357047,73
12,small_leak,1,715,357547,71
12,small_leak,1,716,358047,180
12,small_leak,1,717,358547,106
12,small_leak,1,718,359047,127
12,small_leak,1,719,359547,153
12,small_leak,1,720,360047,159
12,small_leak,1,721,360547,123
12,small_leak,1,722,361047,89
12,small_leak,1,723,361547,121
12,small_leak,1,724,362047,27
12,small_leak,1,725,362547,230
12,small_leak,1,726,363047,71
12,small_leak,1,727,363547,127
12,small_leak,1,728,364047,61
12,small_leak,1,729,364547,52
12,small_leak,1,730,365047,23
12,small_leak,1,731,365547,90
12,small_leak,1,732,366047,86
12,small_leak,1,733,366547,185
12,small_leak,1,734,367047,190
12,small_leak,1,735,367547,173
12,small_leak,1,736,368047,341
12,small_leak,1,737,368547,207
12,small_leak,1,738,369047,293
12,small_leak,1,739,369547,229
12,small_leak,1,740,370047,277
12,small_leak,1,741,370547,215
12,small_leak,1,742,371047,205
12,small_leak,1,743,371547,213
12,small_leak,1,744,372047,191
12,small_leak,1,745,372547,71
12,small_leak,1,746,373047,411
12,small_leak,1,747,373547,167
12,small_leak,1,748,374047,107
12,small_leak,1,749,374547,43
12,small_leak,1,750,375047,159
12,small_leak,1,751,375547,60
12,small_leak,1,752,376047,163
12,small_leak,1,753,376547,51
12,small_leak,1,754,377047,5
12,small_leak,1,755,377547,7
12,small_leak,1,756,378047,0
12,small_leak,1,757,378547,119
12,small_leak,1,758,379047,103
12,small_leak,1,759,379547,91
12,small_leak,1,760,380047,146
12,small_leak,1,761,380547,157
12,small_leak,1,762,381047,41
12,small_leak,1,763,381547,103
12,small_leak,1,764,382047,93
12,small_leak,1,765,382547,104
12,small_leak,1,766,383047,69
12,small_leak,1,767,383547,77
12,small_leak,1,768,384047,109
12,small_leak,1,769,384547,99
12,small_leak,1,770,385047,77
12,small_leak,1,771,385547,111
12,small_leak,1,772,386047,168
12,small_leak,1,773,386547,239
12,small_leak,1,774,387047,77
12,small_leak,1,775,387547,25
12,small_leak,1,776,388047,307
12,small_leak,1,777,388547,293
12,small_leak,1,778,389047,197
12,small_leak,1,779,389547,218
12,small_leak,1,780,390047,235
12,small_leak,1,781,390547,165
12,small_leak,1,782,391047,141
12,small_leak,1,783,391547,125
12,small_leak,1,784,392047,69
12,small_leak,1,785,392547,101
12,small_leak,1,786,393047,133
12,small_leak,1,787,393547,156
12,small_leak,1,788,394047,123
12,small_leak,1,789,394547,63
12,small_leak,1,790,395047,53
12,small_leak,1,791,395547,30
12,small_leak,1,792,396047,39
12,small_leak,1,793,396547,147
12,small_leak,1,794,397047,107
12,small_leak,1,795,397547,121
12,small_leak,1,796,398047,107
12,small_leak,1,797,398547,91
12,small_leak,1,798,399047,125
12,small_leak,1,799,399547,159
12,small_leak,1,800,400047,92
12,small_leak,1,801,400547,54
12,small_leak,1,802,401047,83
12,small_leak,1,803,401547,39
12,small_leak,1,804,402047,0
12,small_leak,1,805,402547,0
12,small_leak,1,806,403047,0
12,small_leak,1,807,403547,27
12,small_leak,1,808,404047,57
12,small_leak,1,809,404547,91
12,small_leak,1,810,405047,137
12,small_leak,1,811,405547,429
12,small_leak,1,812,406047,335
12,small_leak,1,813,406547,495
12,small_leak,1,814,407047,409
12,small_leak,1,815,407547,392
12,small_leak,1,816,408047,198
12,small_leak,1,817,408547,70
12,small_leak,1,818,409047,10
12,small_leak,1,819,409547,261
12,small_leak,1,820,410047,87
12,small_leak,1,821,410547,143
12,small_leak,1,822,411047,99
12,small_leak,1,823,411547,17
12,small_leak,1,824,412047,60
12,small_leak,1,825,412547,71
12,small_leak,1,826,413047,185
12,small_leak,1,827,413547,421
12,small_leak,1,828,414047,429
12,small_leak,1,829,414547,216
12,small_leak,1,830,415047,255
12,small_leak,1,831,415547,338
12,small_leak,1,832,416047,357
12,small_leak,1,833,416547,297
12,small_leak,1,834,417047,535
12,small_leak,1,835,417547,419
12,small_leak,1,836,418047,304
12,small_leak,1,837,418547,301
12,small_leak,1,838,419047,287
12,small_leak,1,839,419547,315
12,small_leak,1,840,420047,221
12,small_leak,1,841,420547,261
12,small_leak,1,842,421047,255
12,small_leak,1,843,421547,214
12,small_leak,1,844,422047,124
12,small_leak,1,845,422547,154
12,small_leak,1,846,423047,165
12,small_leak,1,847,423547,191
12,small_leak,1,848,424047,56
12,small_leak,1,849,424547,137
12,small_leak,1,850,425047,57
12,small_leak,1,851,425547,93
12,small_leak,1,852,426047,85
12,small_leak,1,853,426547,220
12,small_leak,1,854,427047,174
12,small_leak,1,855,427547,109
12,small_leak,1,856,428047,211
12,small_leak,1,857,428547,199
12,small_leak,1,858,429047,155
12,small_leak,1,859,429547,116
12,small_leak,1,860,430047,167
12,small_leak,1,861,430547,93
12,small_leak,1,862,431047,111
12,small_leak,1,863,431547,76
12,small_leak,1,864,432047,19
12,small_leak,1,865,432547,0
12,small_leak,1,866,433047,0
12,small_leak,1,867,433547,8
12,small_leak,1,868,434047,0
12,small_leak,1,869,434547,202
12,small_leak,1,870,435047,251
12,small_leak,1,871,435547,77
12,small_leak,1,872,436047,105
12,small_leak,1,873,436547,21
12,small_leak,1,874,437047,123
12,small_leak,1,875,437547,221
12,small_leak,1,876,438047,215
12,small_leak,1,877,438547,237
12,small_leak,1,878,439047,171
12,small_leak,1,879,439547,187
12,small_leak,1,880,440047,197
12,small_leak,1,881,440547,204
12,small_leak,1,882,441047,221
12,small_leak,1,883,441547,310
12,small_leak,1,884,442047,373
12,small_leak,1,885,442547,313
12,small_leak,1,886,443047,314
12,small_leak,1,887,443547,185
12,small_leak,1,888,444047,295
12,small_leak,1,889,444547,185
12,small_leak,1,890,445047,70
12,small_leak,1,891,445547,95
12,small_leak,1,892,446047,141
12,small_leak,1,893,446547,191
12,small_leak,1,894,447047,94
12,small_leak,1,895,447547,153
12,small_leak,1,896,448047,75
12,small_leak,1,897,448547,69
12,small_leak,1,898,449047,10
12,small_leak,1,899,449547,91
12,small_leak,1,900,450047,42
12,small_leak,1,901,450547,73
12,small_leak,1,902,451047,135
12,small_leak,1,903,451547,231
12,small_leak,1,904,452047,234
12,small_leak,1,905,452547,231
12,small_leak,1,906,453047,203
12,small_leak,1,907,453547,274
12,small_leak,1,908,454047,149
12,small_leak,1,909,454547,137
12,small_leak,1,910,455047,107
12,small_leak,1,911,455547,30
12,small_leak,1,912,456047,120
12,small_leak,1,913,456547,90
12,small_leak,1,914,457047,155
12,small_leak,1,915,457547,59
12,small_leak,1,916,458047,111
12,small_leak,1,917,458547,78
12,small_leak,1,918,459047,71
12,small_leak,1,919,459547,153
12,small_leak,1,920,460047,314
12,small_leak,1,921,460547,207
12,small_leak,1,922,461047,442
12,small_leak,1,923,461547,186
12,small_leak,1,924,462047,223
12,small_leak,1,925,462547,211
12,small_leak,1,926,463047,308
12,small_leak,1,927,463547,371
12,small_leak,1,928,464047,358
12,small_leak,1,929,464547,347
12,small_leak,1,930,465047,295
12,small_leak,1,931,465547,315
12,small_leak,1,932,466047,339
12,small_leak,1,933,466547,271
12,small_leak,1,934,467047,253
12,small_leak,1,935,467547,200
12,small_leak,1,936,468047,179
12,small_leak,1,937,468547,125
12,small_leak,1,938,469047,331
12,small_leak,1,939,469547,180
12,small_leak,1,940,470047,52
12,small_leak,1,941,470547,297
12,small_leak,1,942,471047,254
12,small_leak,1,943,471547,204
12,small_leak,1,944,472047,179
12,small_leak,1,945,472547,172
12,small_leak,1,946,473047,122
12,small_leak,1,947,473547,155
12,small_leak,1,948,474047,203
12,small_leak,1,949,474547,124
12,small_leak,1,950,475047,251
12,small_leak,1,951,475547,105
12,small_leak,1,952,476047,61
12,small_leak,1,953,476547,77
12,small_leak,1,954,477047,9
12,small_leak,1,955,477547,90
12,small_leak,1,956,478047,43
12,small_leak,1,957,478547,105
12,small_leak,1,958,479047,100
12,small_leak,1,959,479547,23
12,small_leak,1,960,480047,163
12,small_leak,1,961,480547,165
12,small_leak,1,962,481047,57
12,small_leak,1,963,481547,233
12,small_leak,1,964,482047,71
12,small_leak,1,965,482547,116
12,small_leak,1,966,483047,91
12,small_leak,1,967,483547,180
12,small_leak,1,968,484047,86
12,small_leak,1,969,484547,16
12,small_leak,1,970,485047,33
12,small_leak,1,971,485547,47
12,small_leak,1,972,486047,107
12,small_leak,1,973,486547,313
12,small_leak,1,974,487047,287
12,small_leak,1,975,487547,277
12,small_leak,1,976,488047,347
12,small_leak,1,977,488547,393
12,small_leak,1,978,489047,250
12,small_leak,1,979,489547,379
12,small_leak,1,980,490047,409
12,small_leak,1,981,490547,319
12,small_leak,1,982,491047,199
12,small_leak,1,983,491547,291
12,small_leak,1,984,492047,373
12,small_leak,1,985,492547,119
12,small_leak,1,986,493047,27
12,small_leak,1,987,493547,0
12,small_leak,1,988,494047,531
12,small_leak,1,989,494547,173
12,small_leak,1,990,495047,266
12,small_leak,1,991,495547,181
12,small_leak,1,992,496047,158
12,small_leak,1,993,496547,63
12,small_leak,1,994,497047,27
12,small_leak,1,995,497547,171
12,small_leak,1,996,498047,167
12,small_leak,1,997,498547,137
12,small_leak,1,998,499047,37
12,small_leak,1,999,499547,77
12,small_leak,1,1000,500047,167
12,small_leak,1,1001,500547,151
12,small_leak,1,1002,501047,41
12,small_leak,1,1003,501547,183
12,small_leak,1,1004,502047,147
12,small_leak,1,1005,502547,230
12,small_leak,1,1006,503047,98
12,small_leak,1,1007,503547,27
12,small_leak,1,1008,504047,109
12,small_leak,1,1009,504547,155
12,small_leak,1,1010,505047,107
12,small_leak,1,1011,505547,21
12,small_leak,1,1012,506047,53
12,small_leak,1,1013,506547,52
12,small_leak,1,1014,507047,119
12,small_leak,1,1015,507547,240
12,small_leak,1,1016,508047,189
12,small_leak,1,1017,508547,75
12,small_leak,1,1018,509047,179
12,small_leak,1,1019,509547,155
12,small_leak,1,1020,510047,111
12,small_leak,1,1021,510547,197
12,small_leak,1,1022,511047,229
12,small_leak,1,1023,511547,349
12,small_leak,1,1024,512047,329
12,small_leak,1,1025,512547,431
12,small_leak,1,1026,513047,359
12,small_leak,1,1027,513547,279
12,small_leak,1,1028,514047,458
12,small_leak,1,1029,514547,279
12,small_leak,1,1030,515047,313
12,small_leak,1,1031,515547,227
12,small_leak,1,1032,516047,235
12,small_leak,1,1033,516547,236
12,small_leak,1,1034,517047,213
12,small_leak,1,1035,517547,267
12,small_leak,1,1036,518047,147
12,small_leak,1,1037,518547,235
12,small_leak,1,1038,519047,81
12,small_leak,1,1039,519547,231
12,small_leak,1,1040,520047,211
12,small_leak,1,1041,520547,173
12,small_leak,1,1042,521047,231
12,small_leak,1,1043,521547,226
12,small_leak,1,1044,522047,235
12,small_leak,1,1045,522547,73
12,small_leak,1,1046,523047,54
12,small_leak,1,1047,523547,7
12,small_leak,1,1048,524047,0
12,small_leak,1,1049,524547,0
12,small_leak,1,1050,525047,0
12,small_leak,1,1051,525547,9
12,small_leak,1,1052,526047,21
12,small_leak,1,1053,526547,0
12,small_leak,1,1054,527047,0
12,small_leak,1,1055,527547,59
12,small_leak,1,1056,528047,36
12,small_leak,1,1057,528547,58
12,small_leak,1,1058,529047,103
12,small_leak,1,1059,529547,233
12,small_leak,1,1060,530047,73
12,small_leak,1,1061,530547,99
12,small_leak,1,1062,531047,132
12,small_leak,1,1063,531547,92
12,small_leak,1,1064,532047,439
12,small_leak,1,1065,532547,163
12,small_leak,1,1066,533047,389
12,small_leak,1,1067,533547,139
12,small_leak,1,1068,534047,295
12,small_leak,1,1069,534547,203
12,small_leak,1,1070,535047,239
12,small_leak,1,1071,535547,268
12,small_leak,1,1072,536047,236
12,small_leak,1,1073,536547,328
12,small_leak,1,1074,537047,234
12,small_leak,1,1075,537547,191
12,small_leak,1,1076,538047,199
12,small_leak,1,1077,538547,121
12,small_leak,1,1078,539047,237
12,small_leak,1,1079,539547,219
12,small_leak,1,1080,540047,205
12,small_leak,1,1081,540547,187
12,small_leak,1,1082,541047,184
12,small_leak,1,1083,541547,149
12,small_leak,1,1084,542047,150
12,small_leak,1,1085,542547,133
12,small_leak,1,1086,543047,121
12,small_leak,1,1087,543547,59
12,small_leak,1,1088,544047,38
12,small_leak,1,1089,544547,7
12,small_leak,1,1090,545047,0
12,small_leak,1,1091,545547,0
12,small_leak,1,1092,546047,74
12,small_leak,1,1093,546547,79
12,small_leak,1,1094,547047,28
12,small_leak,1,1095,547547,8
12,small_leak,1,1096,548047,0
12,small_leak,1,1097,548547,207
12,small_leak,1,1098,549047,77
12,small_leak,1,1099,549547,101
12,small_leak,1,1100,550047,139
12,small_leak,1,1101,550547,61
12,small_leak,1,1102,551047,47
12,small_leak,1,1103,551547,93
12,small_leak,1,1104,552047,125
12,small_leak,1,1105,552547,163
12,small_leak,1,1106,553047,147
12,small_leak,1,1107,553547,122
12,small_leak,1,1108,554047,249
12,small_leak,1,1109,554547,189
12,small_leak,1,1110,555047,191
12,small_leak,1,1111,555547,293
12,small_leak,1,1112,556047,359
12,small_leak,1,1113,556547,285
12,small_leak,1,1114,557047,235
12,small_leak,1,1115,557547,280
12,small_leak,1,1116,558047,244
12,small_leak,1,1117,558547,169
12,small_leak,1,1118,559047,93
12,small_leak,1,1119,559547,44
12,small_leak,1,1120,560047,0
12,small_leak,1,1121,560547,22
12,small_leak,1,1122,561047,8
12,small_leak,1,1123,561547,103
12,small_leak,1,1124,562047,107
12,small_leak,1,1125,562547,88
12,small_leak,1,1126,563047,159
12,small_leak,1,1127,563547,117
12,small_leak,1,1128,564047,327
12,small_leak,1,1129,564547,201
12,small_leak,1,1130,565047,142
12,small_leak,1,1131,565547,205
12,small_leak,1,1132,566047,227
12,small_leak,1,1133,566547,157
12,small_leak,1,1134,567047,152
12,small_leak,1,1135,567547,52
12,small_leak,1,1136,568047,143
12,small_leak,1,1137,568547,117
12,small_leak,1,1138,569047,111
12,small_leak,1,1139,569547,83
12,small_leak,1,1140,570047,181
12,small_leak,1,1141,570547,55
12,small_leak,1,1142,571047,199
12,small_leak,1,1143,571547,61
12,small_leak,1,1144,572047,127
12,small_leak,1,1145,572547,176
12,small_leak,1,1146,573047,133
12,small_leak,1,1147,573547,90
12,small_leak,1,1148,574047,79
12,small_leak,1,1149,574547,141
12,small_leak,1,1150,575047,155
12,small_leak,1,1151,575547,143
12,small_leak,1,1152,576047,187
12,small_leak,1,1153,576547,309
12,small_leak,1,1154,577047,251
12,small_leak,1,1155,577547,271
12,small_leak,1,1156,578047,255
12,small_leak,1,1157,578547,342
12,small_leak,1,1158,579047,407
12,small_leak,1,1159,579547,269
12,small_leak,1,1160,580047,313
12,small_leak,1,1161,580547,337
12,small_leak,1,1162,581047,205
12,small_leak,1,1163,581547,84
12,small_leak,1,1164,582047,11
12,small_leak,1,1165,582547,197
12,small_leak,1,1166,583047,181
12,small_leak,1,1167,583547,39
12,small_leak,1,1168,584047,56
12,small_leak,1,1169,584547,4
12,small_leak,1,1170,585047,133
12,small_leak,1,1171,585547,157
12,small_leak,1,1172,586047,119
12,small_leak,1,1173,586547,93
12,small_leak,1,1174,587047,131
12,small_leak,1,1175,587547,176
12,small_leak,1,1176,588047,201
12,small_leak,1,1177,588547,277
12,small_leak,1,1178,589047,219
12,small_leak,1,1179,589547,249
12,small_leak,1,1180,590047,213
12,small_leak,1,1181,590547,218
12,small_leak,1,1182,591047,119
12,small_leak,1,1183,591547,73
12,small_leak,1,1184,592047,266
12,small_leak,1,1185,592547,90
12,small_leak,1,1186,593047,187
12,small_leak,1,1187,593547,123
12,small_leak,1,1188,594047,217
12,small_leak,1,1189,594547,83
12,small_leak,1,1190,595047,149
12,small_leak,1,1191,595547,151
12,small_leak,1,1192,596047,117
12,small_leak,1,1193,596547,219
12,small_leak,1,1194,597047,213
12,small_leak,1,1195,597547,147
12,small_leak,1,1196,598047,247
12,small_leak,1,1197,598547,329
12,small_leak,1,1198,599047,205
12,small_leak,1,1199,599547,250
12,small_leak,1,1200,600047,206
12,small_leak,1,1201,600547,204
12,small_leak,1,1202,601047,167
12,small_leak,1,1203,601547,226
12,small_leak,1,1204,602047,72
12,small_leak,1,1205,602547,6
12,small_leak,1,1206,603047,0
12,small_leak,1,1207,603548,9
12,small_leak,1,1208,604047,21
12,small_leak,1,1209,604547,170
12,small_leak,1,1210,605047,88
12,small_leak,1,1211,605547,328
12,small_leak,1,1212,606047,247
12,small_leak,1,1213,606547,271
12,small_leak,1,1214,607047,295
12,small_leak,1,1215,607547,265
12,small_leak,1,1216,608047,343
12,small_leak,1,1217,608547,288
12,small_leak,1,1218,609047,197
12,small_leak,1,1219,609547,270
12,small_leak,1,1220,610047,319
12,small_leak,1,1221,610547,286
12,small_leak,1,1222,611047,297
12,small_leak,1,1223,611547,225
12,small_leak,1,1224,612047,227
12,small_leak,1,1225,612547,216
12,small_leak,1,1226,613047,173
12,small_leak,1,1227,613547,253
12,small_leak,1,1228,614047,79
12,small_leak,1,1229,614547,127
12,small_leak,1,1230,615047,40
12,small_leak,1,1231,615547,116
12,small_leak,1,1232,616047,190
12,small_leak,1,1233,616547,116
12,small_leak,1,1234,617047,115
12,small_leak,1,1235,617547,24
12,small_leak,1,1236,618047,0
12,small_leak,1,1237,618547,0
12,small_leak,1,1238,619047,0
12,small_leak,1,1239,619547,0
12,small_leak,1,1240,620047,0
12,small_leak,1,1241,620547,12
12,small_leak,1,1242,621047,48
12,small_leak,1,1243,621547,0
12,small_leak,1,1244,622047,198
12,small_leak,1,1245,622547,125
12,small_leak,1,1246,623047,155
12,small_leak,1,1247,623547,171
12,small_leak,1,1248,624047,327
12,small_leak,1,1249,624547,253
12,small_leak,1,1250,625047,94
12,small_leak,1,1251,625547,155
12,small_leak,1,1252,626047,142
12,small_leak,1,1253,626547,35
12,small_leak,1,1254,627047,140
12,small_leak,1,1255,627547,179
12,small_leak,1,1256,628047,159
12,small_leak,1,1257,628547,151
12,small_leak,1,1258,629047,111
12,small_leak,1,1259,629547,182
12,small_leak,1,1260,630047,53
12,small_leak,1,1261,630547,86
12,small_leak,1,1262,631047,108
12,small_leak,1,1263,631547,186
12,small_leak,1,1264,632047,236
12,small_leak,1,1265,632547,229
12,small_leak,1,1266,633047,147
12,small_leak,1,1267,633547,135
12,small_leak,1,1268,634047,125
12,small_leak,1,1269,634547,108
12,small_leak,1,1270,635047,105
12,small_leak,1,1271,635547,186
12,small_leak,1,1272,636047,165
12,small_leak,1,1273,636547,185
12,small_leak,1,1274,637047,53
12,small_leak,1,1275,637547,0
12,small_leak,1,1276,638047,285
12,small_leak,1,1277,638547,300
12,small_leak,1,1278,639047,123
12,small_leak,1,1279,639547,135
12,small_leak,1,1280,640047,148
12,small_leak,1,1281,640547,254
12,small_leak,1,1282,641047,248
12,small_leak,1,1283,641547,171
12,small_leak,1,1284,642047,243
12,small_leak,1,1285,642547,141
12,small_leak,1,1286,643047,179
12,small_leak,1,1287,643547,121
12,small_leak,1,1288,644047,27
12,small_leak,1,1289,644547,77
12,small_leak,1,1290,645047,165
12,small_leak,1,1291,645547,75
12,small_leak,1,1292,646047,107
12,small_leak,1,1293,646547,169
12,small_leak,1,1294,647047,349
12,small_leak,1,1295,647547,109
12,small_leak,1,1296,648047,147
12,small_leak,1,1297,648547,117
12,small_leak,1,1298,649047,31
12,small_leak,1,1299,649547,213
12,small_leak,1,1300,650047,77
12,small_leak,1,1301,650547,461
12,small_leak,1,1302,651047,153
12,small_leak,1,1303,651547,126
12,small_leak,1,1304,652047,157
12,small_leak,1,1305,652547,152
12,small_leak,1,1306,653047,102
12,small_leak,1,1307,653547,115
12,small_leak,1,1308,654047,26
12,small_leak,1,1309,654547,105
12,small_leak,1,1310,655047,330
12,small_leak,1,1311,655547,237
12,small_leak,1,1312,656047,419
12,small_leak,1,1313,656547,318
12,small_leak,1,1314,657047,237
12,small_leak,1,1315,657547,176
12,small_leak,1,1316,658047,221
12,small_leak,1,1317,658547,112
12,small_leak,1,1318,659047,189
12,small_leak,1,1319,659547,266
12,small_leak,1,1320,660047,297
12,small_leak,1,1321,660547,243
12,small_leak,1,1322,661047,375
12,small_leak,1,1323,661547,175
12,small_leak,1,1324,662047,215
12,small_leak,1,1325,662547,278
12,small_leak,1,1326,663047,342
12,small_leak,1,1327,663547,370
12,small_leak,1,1328,664047,325
12,small_leak,1,1329,664547,297
12,small_leak,1,1330,665047,279
12,small_leak,1,1331,665547,170
12,small_leak,1,1332,666047,119
12,small_leak,1,1333,666547,175
12,small_leak,1,1334,667047,188
12,small_leak,1,1335,667547,313
12,small_leak,1,1336,668047,215
12,small_leak,1,1337,668547,73
12,small_leak,1,1338,669047,201
12,small_leak,1,1339,669547,109
12,small_leak,1,1340,670047,80
12,small_leak,1,1341,670547,21
12,small_leak,1,1342,671047,39
12,small_leak,1,1343,671547,35
12,small_leak,1,1344,672047,0
12,small_leak,1,1345,672547,88
12,small_leak,1,1346,673047,53
12,small_leak,1,1347,673547,157
12,small_leak,1,1348,674047,43
12,small_leak,1,1349,674547,313
12,small_leak,1,1350,675047,117
12,small_leak,1,1351,675547,293
12,small_leak,1,1352,676047,173
12,small_leak,1,1353,676547,217
12,small_leak,1,1354,677047,63
12,small_leak,1,1355,677547,55
12,small_leak,1,1356,678047,53
12,small_leak,1,1357,678547,163
12,small_leak,1,1358,679047,119
12,small_leak,1,1359,679547,26
12,small_leak,1,1360,680047,0
12,small_leak,1,1361,680547,150
12,small_leak,1,1362,681047,261
12,small_leak,1,1363,681547,181
12,small_leak,1,1364,682047,207
12,small_leak,1,1365,682547,150
12,small_leak,1,1366,683047,53
12,small_leak,1,1367,683547,185
12,small_leak,1,1368,684047,210
12,small_leak,1,1369,684547,250
12,small_leak,1,1370,685047,262
12,small_leak,1,1371,685547,301
12,small_leak,1,1372,686047,293
12,small_leak,1,1373,686547,327
12,small_leak,1,1374,687047,366
12,small_leak,1,1375,687547,201
12,small_leak,1,1376,688047,170
12,small_leak,1,1377,688547,229
12,small_leak,1,1378,689047,351
12,small_leak,1,1379,689547,277
12,small_leak,1,1380,690047,249
12,small_leak,1,1381,690547,251
12,small_leak,1,1382,691047,280
12,small_leak,1,1383,691547,243
12,small_leak,1,1384,692047,229
12,small_leak,1,1385,692547,227
12,small_leak,1,1386,693047,136
12,small_leak,1,1387,693547,125
12,small_leak,1,1388,694047,101
12,small_leak,1,1389,694547,62
12,small_leak,1,1390,695047,135
12,small_leak,1,1391,695547,102
12,small_leak,1,1392,696047,21
12,small_leak,1,1393,696547,179
12,small_leak,1,1394,697047,54
12,small_leak,1,1395,697547,1
12,small_leak,1,1396,698047,0
12,small_leak,1,1397,698547,153
12,small_leak,1,1398,699047,153
12,small_leak,1,1399,699547,174
12,small_leak,1,1400,700047,51
12,small_leak,1,1401,700547,169
12,small_leak,1,1402,701047,159
12,small_leak,1,1403,701547,83
12,small_leak,1,1404,702047,24
12,small_leak,1,1405,702547,219
12,small_leak,1,1406,703047,251
12,small_leak,1,1407,703547,415
12,small_leak,1,1408,704047,199
12,small_leak,1,1409,704547,169
12,small_leak,1,1410,705047,171
12,small_leak,1,1411,705547,219
12,small_leak,1,1412,706047,105
12,small_leak,1,1413,706547,261
12,small_leak,1,1414,707047,223
12,small_leak,1,1415,707547,181
12,small_leak,1,1416,708047,117
12,small_leak,1,1417,708547,232
12,small_leak,1,1418,709047,139
12,small_leak,1,1419,709547,35
12,small_leak,1,1420,710047,33
12,small_leak,1,1421,710547,0
12,small_leak,1,1422,711047,0
12,small_leak,1,1423,711547,0
12,small_leak,1,1424,712047,0
12,small_leak,1,1425,712547,119
12,small_leak,1,1426,713047,253
12,small_leak,1,1427,713547,89
12,small_leak,1,1428,714047,183
12,small_leak,1,1429,714547,183
12,small_leak,1,1430,715047,155
12,small_leak,1,1431,715547,216
12,small_leak,1,1432,716047,183
12,small_leak,1,1433,716547,267
12,small_leak,1,1434,717047,234
12,small_leak,1,1435,717547,153
12,small_leak,1,1436,718047,119
12,small_leak,1,1437,718547,126
12,small_leak,1,1438,719047,134
12,small_leak,1,1439,719547,63
12,small_leak,1,1440,720047,199
12,small_leak,1,1441,720547,61
12,small_leak,1,1442,721047,166
12,small_leak,1,1443,721547,53
12,small_leak,1,1444,722047,120
12,small_leak,1,1445,722547,269
12,small_leak,1,1446,723047,176
12,small_leak,1,1447,723547,203
12,small_leak,1,1448,724047,226
12,small_leak,1,1449,724547,235
12,small_leak,1,1450,725047,259
12,small_leak,1,1451,725547,261
12,small_leak,1,1452,726047,239
12,small_leak,1,1453,726547,171
12,small_leak,1,1454,727047,283
12,small_leak,1,1455,727547,185
12,small_leak,1,1456,728047,220
12,small_leak,1,1457,728547,185
12,small_leak,1,1458,729047,167
12,small_leak,1,1459,729547,127
12,small_leak,1,1460,730047,122
12,small_leak,1,1461,730547,225
12,small_leak,1,1462,731047,87
12,small_leak,1,1463,731547,101
12,small_leak,1,1464,732047,123
12,small_leak,1,1465,732547,115
12,small_leak,1,1466,733047,101
12,small_leak,1,1467,733547,50
12,small_leak,1,1468,734047,88
12,small_leak,1,1469,734547,12
12,small_leak,1,1470,735047,29
12,small_leak,1,1471,735547,111
12,small_leak,1,1472,736047,119
12,small_leak,1,1473,736547,27
12,small_leak,1,1474,737047,91
12,small_leak,1,1475,737547,149
12,small_leak,1,1476,738047,213
12,small_leak,1,1477,738547,264
12,small_leak,1,1478,739047,263
12,small_leak,1,1479,739547,141
12,small_leak,1,1480,740047,185
12,small_leak,1,1481,740547,207
12,small_leak,1,1482,741047,313
12,small_leak,1,1483,741547,260
12,small_leak,1,1484,742047,249
12,small_leak,1,1485,742547,221
12,small_leak,1,1486,743047,206
12,small_leak,1,1487,743547,190
12,small_leak,1,1488,744047,104
12,small_leak,1,1489,744547,75
12,small_leak,1,1490,745047,175
12,small_leak,1,1491,745547,164
12,small_leak,1,1492,746047,78
12,small_leak,1,1493,746547,9
12,small_leak,1,1494,747047,60
12,small_leak,1,1495,747547,52
12,small_leak,1,1496,748047,123
12,small_leak,1,1497,748547,56
12,small_leak,1,1498,749047,89
12,small_leak,1,1499,749547,158
12,small_leak,1,1500,750047,131
12,small_leak,1,1501,750547,143
12,small_leak,1,1502,751047,57
12,small_leak,1,1503,751547,11
12,small_leak,1,1504,752047,0
12,small_leak,1,1505,752547,0
12,small_leak,1,1506,753047,25
12,small_leak,1,1507,753547,55
12,small_leak,1,1508,754047,2
12,small_leak,1,1509,754547,0
12,small_leak,1,1510,755047,0
12,small_leak,1,1511,755547,0
12,small_leak,1,1512,756047,11
12,small_leak,1,1513,756547,147
12,small_leak,1,1514,757047,457
12,small_leak,1,1515,757547,199
12,small_leak,1,1516,758047,244
12,small_leak,1,1517,758547,245
12,small_leak,1,1518,759047,277
12,small_leak,1,1519,759547,279
12,small_leak,1,1520,760047,401
12,small_leak,1,1521,760547,396
12,small_leak,1,1522,761047,288
12,small_leak,1,1523,761547,253
12,small_leak,1,1524,762047,425
12,small_leak,1,1525,762547,267
12,small_leak,1,1526,763047,249
12,small_leak,1,1527,763547,173
12,small_leak,1,1528,764047,232
12,small_leak,1,1529,764547,221
12,small_leak,1,1530,765047,165
12,small_leak,1,1531,765547,139
12,small_leak,1,1532,766047,152
12,small_leak,1,1533,766547,147
12,small_leak,1,1534,767047,90
12,small_leak,1,1535,767547,87
12,small_leak,1,1536,768047,207
12,small_leak,1,1537,768547,164
12,small_leak,1,1538,769047,123
12,small_leak,1,1539,769547,163
12,small_leak,1,1540,770047,243
12,small_leak,1,1541,770547,133
12,small_leak,1,1542,771047,93
12,small_leak,1,1543,771547,21
12,small_leak,1,1544,772047,93
12,small_leak,1,1545,772547,165
12,small_leak,1,1546,773047,215
12,small_leak,1,1547,773547,109
12,small_leak,1,1548,774047,221
12,small_leak,1,1549,774547,190
12,small_leak,1,1550,775047,382
12,small_leak,1,1551,775547,391
12,small_leak,1,1552,776047,335
12,small_leak,1,1553,776547,107
12,small_leak,1,1554,777047,237
12,small_leak,1,1555,777547,115
12,small_leak,1,1556,778047,91
12,small_leak,1,1557,778547,219
12,small_leak,1,1558,779047,76
12,small_leak,1,1559,779547,255
12,small_leak,1,1560,780047,249
12,small_leak,1,1561,780547,93
12,small_leak,1,1562,781047,17
12,small_leak,1,1563,781547,39
12,small_leak,1,1564,782047,0
12,small_leak,1,1565,782547,0
12,small_leak,1,1566,783047,0
12,small_leak,1,1567,783547,0
12,small_leak,1,1568,784047,42
12,small_leak,1,1569,784547,11
12,small_leak,1,1570,785047,0
12,small_leak,1,1571,785547,0
12,small_leak,1,1572,786047,20
12,small_leak,1,1573,786547,135
12,small_leak,1,1574,787047,149
12,small_leak,1,1575,787547,233
12,small_leak,1,1576,788047,89
12,small_leak,1,1577,788547,175
12,small_leak,1,1578,789047,303
12,small_leak,1,1579,789547,251
12,small_leak,1,1580,790047,280
12,small_leak,1,1581,790547,266
12,small_leak,1,1582,791047,167
12,small_leak,1,1583,791547,168
12,small_leak,1,1584,792047,149
12,small_leak,1,1585,792547,60
12,small_leak,1,1586,793047,241
12,small_leak,1,1587,793547,105
12,small_leak,1,1588,794047,133
12,small_leak,1,1589,794547,157
12,small_leak,1,1590,795047,201
12,small_leak,1,1591,795547,197
12,small_leak,1,1592,796047,166
12,small_leak,1,1593,796547,158
12,small_leak,1,1594,797047,174
12,small_leak,1,1595,797547,181
12,small_leak,1,1596,798047,117
12,small_leak,1,1597,798547,213
12,small_leak,1,1598,799047,137
12,small_leak,1,1599,799547,107
12,small_leak,1,1600,800047,187
12,small_leak,1,1601,800547,205
12,small_leak,1,1602,801047,59
12,small_leak,1,1603,801547,232
12,small_leak,1,1604,802047,277
12,small_leak,1,1605,802547,261
12,small_leak,1,1606,803047,175
12,small_leak,1,1607,803547,122
12,small_leak,1,1608,804047,170
12,small_leak,1,1609,804547,141
12,small_leak,1,1610,805047,36
12,small_leak,1,1611,805547,68
12,small_leak,1,1612,806047,167
12,small_leak,1,1613,806547,254
12,small_leak,1,1614,807047,371
12,small_leak,1,1615,807547,379
12,small_leak,1,1616,808047,333
12,small_leak,1,1617,808547,329
12,small_leak,1,1618,809047,411
12,small_leak,1,1619,809547,254
12,small_leak,1,1620,810047,202
12,small_leak,1,1621,810547,216
12,small_leak,1,1622,811047,205
12,small_leak,1,1623,811547,61
12,small_leak,1,1624,812047,334
12,small_leak,1,1625,812547,107
12,small_leak,1,1626,813047,85
12,small_leak,1,1627,813547,121
12,small_leak,1,1628,814047,39
12,small_leak,1,1629,814547,67
12,small_leak,1,1630,815047,77
12,small_leak,1,1631,815547,6
12,small_leak,1,1632,816047,90
12,small_leak,1,1633,816547,189
12,small_leak,1,1634,817047,153
12,small_leak,1,1635,817547,83
12,small_leak,1,1636,818047,143
12,small_leak,1,1637,818547,222
12,small_leak,1,1638,819047,179
12,small_leak,1,1639,819547,223
12,small_leak,1,1640,820047,149
12,small_leak,1,1641,820547,175
12,small_leak,1,1642,821047,98
12,small_leak,1,1643,821547,143
12,small_leak,1,1644,822047,220
12,small_leak,1,1645,822547,211
12,small_leak,1,1646,823047,201
12,small_leak,1,1647,823547,265
12,small_leak,1,1648,824047,187
12,small_leak,1,1649,824547,325
12,small_leak,1,1650,825047,119
12,small_leak,1,1651,825547,211
12,small_leak,1,1652,826047,213
12,small_leak,1,1653,826547,293
12,small_leak,1,1654,827047,186
12,small_leak,1,1655,827547,239
12,small_leak,1,1656,828047,287
12,small_leak,1,1657,828547,126
12,small_leak,1,1658,829047,157
12,small_leak,1,1659,829547,212
12,small_leak,1,1660,830047,99
12,small_leak,1,1661,830548,181
12,small_leak,1,1662,831047,285
12,small_leak,1,1663,831547,215
12,small_leak,1,1664,832047,218
12,small_leak,1,1665,832547,308
12,small_leak,1,1666,833047,288
12,small_leak,1,1667,833547,277
12,small_leak,1,1668,834047,159
12,small_leak,1,1669,834547,331
12,small_leak,1,1670,835047,455
12,small_leak,1,1671,835547,377
12,small_leak,1,1672,836047,325
12,small_leak,1,1673,836547,425
12,small_leak,1,1674,837047,359
12,small_leak,1,1675,837547,217
12,small_leak,1,1676,838047,188
12,small_leak,1,1677,838547,165
12,small_leak,1,1678,839047,165
12,small_leak,1,1679,839547,170
12,small_leak,1,1680,840047,119
12,small_leak,1,1681,840547,45
12,small_leak,1,1682,841047,0
12,small_leak,1,1683,841547,1
12,small_leak,1,1684,842047,0
12,small_leak,1,1685,842547,249
12,small_leak,1,1686,843047,85
12,small_leak,1,1687,843547,293
12,small_leak,1,1688,844047,93
12,small_leak,1,1689,844547,93
12,small_leak,1,1690,845047,135
12,small_leak,1,1691,845547,156
12,small_leak,1,1692,846047,182
12,small_leak,1,1693,846547,233
12,small_leak,1,1694,847047,149
12,small_leak,1,1695,847547,159
12,small_leak,1,1696,848047,117
12,small_leak,1,1697,848547,73
12,small_leak,1,1698,849047,167
12,small_leak,1,1699,849547,137
12,small_leak,1,1700,850047,172
12,small_leak,1,1701,850547,229
12,small_leak,1,1702,851047,160
12,small_leak,1,1703,851547,53
12,small_leak,1,1704,852047,203
12,small_leak,1,1705,852547,61
12,small_leak,1,1706,853047,73
12,small_leak,1,1707,853547,43
12,small_leak,1,1708,854047,61
12,small_leak,1,1709,854547,35
12,small_leak,1,1710,855047,67
12,small_leak,1,1711,855547,159
12,small_leak,1,1712,856047,189
12,small_leak,1,1713,856547,313
12,small_leak,1,1714,857047,307
12,small_leak,1,1715,857547,379
12,small_leak,1,1716,858047,297
12,small_leak,1,1717,858547,303
12,small_leak,1,1718,859047,167
12,small_leak,1,1719,859547,229
12,small_leak,1,1720,860047,75
12,small_leak,1,1721,860547,174
12,small_leak,1,1722,861047,60
12,small_leak,1,1723,861547,57
12,small_leak,1,1724,862047,153
12,small_leak,1,1725,862547,155
12,small_leak,1,1726,863047,333
12,small_leak,1,1727,863547,249
12,small_leak,1,1728,864047,115
12,small_leak,1,1729,864547,83
12,small_leak,1,1730,865047,109
12,small_leak,1,1731,865547,22
12,small_leak,1,1732,866047,9
12,small_leak,1,1733,866547,0
12,small_leak,1,1734,867047,45
12,small_leak,1,1735,867547,430
12,small_leak,1,1736,868047,215
12,small_leak,1,1737,868547,218
12,small_leak,1,1738,869047,382
12,small_leak,1,1739,869547,175
12,small_leak,1,1740,870047,92
12,small_leak,1,1741,870547,165
12,small_leak,1,1742,871047,52
12,small_leak,1,1743,871547,151
12,small_leak,1,1744,872047,232
12,small_leak,1,1745,872547,154
12,small_leak,1,1746,873047,69
12,small_leak,1,1747,873547,53
12,small_leak,1,1748,874047,73
12,small_leak,1,1749,874547,11
12,small_leak,1,1750,875047,31
12,small_leak,1,1751,875547,94
12,small_leak,1,1752,876047,21
12,small_leak,1,1753,876547,11
12,small_leak,1,1754,877047,0
12,small_leak,1,1755,877547,0
12,small_leak,1,1756,878047,72
12,small_leak,1,1757,878547,19
12,small_leak,1,1758,879047,0
12,small_leak,1,1759,879547,29
12,small_leak,1,1760,880047,0
12,small_leak,1,1761,880547,0
12,small_leak,1,1762,881047,108
12,small_leak,1,1763,881547,98
12,small_leak,1,1764,882047,37
12,small_leak,1,1765,882547,125
12,small_leak,1,1766,883047,115
12,small_leak,1,1767,883547,143
12,small_leak,1,1768,884047,107
12,small_leak,1,1769,884547,44
12,small_leak,1,1770,885047,186
12,small_leak,1,1771,885547,191
12,small_leak,1,1772,886047,141
12,small_leak,1,1773,886547,138
12,small_leak,1,1774,887047,76
12,small_leak,1,1775,887547,206
12,small_leak,1,1776,888047,309
12,small_leak,1,1777,888547,341
12,small_leak,1,1778,889047,207
12,small_leak,1,1779,889547,286
12,small_leak,1,1780,890047,233
12,small_leak,1,1781,890547,167
12,small_leak,1,1782,891047,237
12,small_leak,1,1783,891547,285
12,small_leak,1,1784,892047,347
12,small_leak,1,1785,892547,359
12,small_leak,1,1786,893047,251
12,small_leak,1,1787,893547,219
12,small_leak,1,1788,894047,339
12,small_leak,1,1789,894547,233
12,small_leak,1,1790,895047,179
12,small_leak,1,1791,895547,189
12,small_leak,1,1792,896047,174
12,small_leak,1,1793,896547,155
12,small_leak,1,1794,897047,215
12,small_leak,1,1795,897547,283
12,small_leak,1,1796,898047,140
12,small_leak,1,1797,898547,137
12,small_leak,1,1798,899047,71
12,small_leak,1,1799,899547,99
12,small_leak,1,1800,900047,223
12,small_leak,1,1801,900547,186
12,small_leak,1,1802,901047,283
12,small_leak,1,1803,901547,89
12,small_leak,1,1804,902047,179
12,small_leak,1,1805,902547,83
12,small_leak,1,1806,903047,10
12,small_leak,1,1807,903547,76
12,small_leak,1,1808,904047,157
12,small_leak,1,1809,904547,121
12,small_leak,1,1810,905047,63
12,small_leak,1,1811,905547,5
12,small_leak,1,1812,906047,0
12,small_leak,1,1813,906547,89
12,small_leak,1,1814,907047,61
12,small_leak,1,1815,907547,5
12,small_leak,1,1816,908047,40
12,small_leak,1,1817,908547,349
12,small_leak,1,1818,909047,211
12,small_leak,1,1819,909547,223
12,small_leak,1,1820,910047,378
12,small_leak,1,1821,910547,377
12,small_leak,1,1822,911047,330
12,small_leak,1,1823,911547,347
12,small_leak,1,1824,912047,376
12,small_leak,1,1825,912547,213
12,small_leak,1,1826,913047,175
12,small_leak,1,1827,913547,220
12,small_leak,1,1828,914047,265
12,small_leak,1,1829,914547,393
12,small_leak,1,1830,915047,125
12,small_leak,1,1831,915547,141
12,small_leak,1,1832,916047,159
12,small_leak,1,1833,916547,43
12,small_leak,1,1834,917047,55
12,small_leak,1,1835,917547,123
12,small_leak,1,1836,918047,184
12,small_leak,1,1837,918547,181
12,small_leak,1,1838,919047,199
12,small_leak,1,1839,919547,248
12,small_leak,1,1840,920047,172
12,small_leak,1,1841,920547,94
12,small_leak,1,1842,921047,111
12,small_leak,1,1843,921547,137
12,small_leak,1,1844,922047,93
12,small_leak,1,1845,922547,255
12,small_leak,1,1846,923047,149
12,small_leak,1,1847,923547,125
12,small_leak,1,1848,924047,91
12,small_leak,1,1849,924547,143
12,small_leak,1,1850,925047,185
12,small_leak,1,1851,925547,231
12,small_leak,1,1852,926047,267
12,small_leak,1,1853,926547,247
12,small_leak,1,1854,927047,330
12,small_leak,1,1855,927547,247
12,small_leak,1,1856,928047,237
12,small_leak,1,1857,928547,216
12,small_leak,1,1858,929047,93
12,small_leak,1,1859,929547,121
12,small_leak,1,1860,930047,310
12,small_leak,1,1861,930547,201
12,small_leak,1,1862,931047,281
12,small_leak,1,1863,931547,271
12,small_leak,1,1864,932047,179
12,small_leak,1,1865,932547,233
12,small_leak,1,1866,933047,221
12,small_leak,1,1867,933547,233
12,small_leak,1,1868,934047,256
12,small_leak,1,1869,934547,231
12,small_leak,1,1870,935047,277
12,small_leak,1,1871,935547,152
12,small_leak,1,1872,936047,211
12,small_leak,1,1873,936547,262
12,small_leak,1,1874,937047,156
12,small_leak,1,1875,937547,171
12,small_leak,1,1876,938047,192
12,small_leak,1,1877,938547,180
12,small_leak,1,1878,939047,141
12,small_leak,1,1879,939547,121
12,small_leak,1,1880,940047,116
12,small_leak,1,1881,940547,175
12,small_leak,1,1882,941047,207
12,small_leak,1,1883,941547,205
12,small_leak,1,1884,942047,382
12,small_leak,1,1885,942547,365
12,small_leak,1,1886,943047,287
12,small_leak,1,1887,943547,299
12,small_leak,1,1888,944047,169
12,small_leak,1,1889,944547,221
12,small_leak,1,1890,945047,317
12,small_leak,1,1891,945547,201
12,small_leak,1,1892,946047,329
12,small_leak,1,1893,946547,104
12,small_leak,1,1894,947047,316
12,small_leak,1,1895,947547,217
12,small_leak,1,1896,948047,106
12,small_leak,1,1897,948547,143
12,small_leak,1,1898,949047,319
12,small_leak,1,1899,949547,248
12,small_leak,1,1900,950047,155
12,small_leak,1,1901,950547,201
12,small_leak,1,1902,951047,180
12,small_leak,1,1903,951548,55
12,small_leak,1,1904,952047,133
12,small_leak,1,1905,952547,41
12,small_leak,1,1906,953047,25
12,small_leak,1,1907,953547,94
12,small_leak,1,1908,954047,168
12,small_leak,1,1909,954547,45
12,small_leak,1,1910,955047,124
12,small_leak,1,1911,955547,43
12,small_leak,1,1912,956047,99
12,small_leak,1,1913,956547,69
12,small_leak,1,1914,957047,106
12,small_leak,1,1915,957547,141
12,small_leak,1,1916,958047,147
12,small_leak,1,1917,958547,98
12,small_leak,1,1918,959047,101
12,small_leak,1,1919,959547,169
12,small_leak,1,1920,960047,185
12,small_leak,1,1921,960547,169
12,small_leak,1,1922,961047,45
12,small_leak,1,1923,961547,95
12,small_leak,1,1924,962047,187
12,small_leak,1,1925,962547,267
12,small_leak,1,1926,963047,285
12,small_leak,1,1927,963547,167
12,small_leak,1,1928,964047,106
12,small_leak,1,1929,964547,229
12,small_leak,1,1930,965047,71
12,small_leak,1,1931,965547,167
12,small_leak,1,1932,966047,82
12,small_leak,1,1933,966547,93
12,small_leak,1,1934,967047,101
12,small_leak,1,1935,967547,141
12,small_leak,1,1936,968047,123
12,small_leak,1,1937,968547,115
12,small_leak,1,1938,969047,410
12,small_leak,1,1939,969547,171
12,small_leak,1,1940,970047,101
12,small_leak,1,1941,970547,19
12,small_leak,1,1942,971047,0
12,small_leak,1,1943,971547,20
12,small_leak,1,1944,972047,0
12,small_leak,1,1945,972547,202
12,small_leak,1,1946,973047,285
12,small_leak,1,1947,973547,202
12,small_leak,1,1948,974047,75
12,small_leak,1,1949,974547,103
12,small_leak,1,1950,975047,29
12,small_leak,1,1951,975547,0
12,small_leak,1,1952,976047,60
12,small_leak,1,1953,976547,91
12,small_leak,1,1954,977047,13
12,small_leak,1,1955,977547,109
12,small_leak,1,1956,978047,271
12,small_leak,1,1957,978547,188
12,small_leak,1,1958,979047,207
12,small_leak,1,1959,979547,249
12,small_leak,1,1960,980047,243
12,small_leak,1,1961,980547,77
12,small_leak,1,1962,981047,217
12,small_leak,1,1963,981547,114
12,small_leak,1,1964,982047,79
12,small_leak,1,1965,982547,141
12,small_leak,1,1966,983047,265
12,small_leak,1,1967,983547,135
12,small_leak,1,1968,984047,76
12,small_leak,1,1969,984547,205
12,small_leak,1,1970,985047,167
12,small_leak,1,1971,985547,151
12,small_leak,1,1972,986047,203
12,small_leak,1,1973,986547,291
12,small_leak,1,1974,987047,157
12,small_leak,1,1975,987547,239
12,small_leak,1,1976,988047,261
12,small_leak,1,1977,988547,266
12,small_leak,1,1978,989047,313
12,small_leak,1,1979,989547,296
12,small_leak,1,1980,990047,108
12,small_leak,1,1981,990547,21
12,small_leak,1,1982,991047,215
12,small_leak,1,1983,991547,61
12,small_leak,1,1984,992047,121
12,small_leak,1,1985,992547,309
12,small_leak,1,1986,993047,206
12,small_leak,1,1987,993547,147
12,small_leak,1,1988,994047,234
12,small_leak,1,1989,994547,335
12,small_leak,1,1990,995047,279
12,small_leak,1,1991,995547,251
12,small_leak,1,1992,996047,223
12,small_leak,1,1993,996547,176
12,small_leak,1,1994,997047,205
12,small_leak,1,1995,997547,169
12,small_leak,1,1996,998047,149
12,small_leak,1,1997,998547,101
12,small_leak,1,1998,999047,111
12,small_leak,1,1999,999547,92
12,small_leak,2,0,48,220
12,small_leak,2,1,547,66
12,small_leak,2,2,1048,140
12,small_leak,2,3,1547,95
12,small_leak,2,4,2047,18
12,small_leak,2,5,2547,14
12,small_leak,2,6,3047,51
12,small_leak,2,7,3547,141
12,small_leak,2,8,4047,33
12,small_leak,2,9,4547,0
12,small_leak,2,10,5047,261
12,small_leak,2,11,5547,361
12,small_leak,2,12,6047,335
12,small_leak,2,13,6547,223
12,small_leak,2,14,7047,133
12,small_leak,2,15,7547,110
12,small_leak,2,16,8047,197
12,small_leak,2,17,8547,55
12,small_leak,2,18,9047,75
12,small_leak,2,19,9547,127
12,small_leak,2,20,10047,212
12,small_leak,2,21,10547,104
12,small_leak,2,22,11047,61
12,small_leak,2,23,11547,57
12,small_leak,2,24,12047,75
12,small_leak,2,25,12547,40
12,small_leak,2,26,13047,94
12,small_leak,2,27,13547,62
12,small_leak,2,28,14047,95
12,small_leak,2,29,14547,227
12,small_leak,2,30,15047,120
12,small_leak,2,31,15547,235
12,small_leak,2,32,16047,178
12,small_leak,2,33,16547,221
12,small_leak,2,34,17047,79
12,small_leak,2,35,17547,287
12,small_leak,2,36,18047,119
12,small_leak,2,37,18547,203
12,small_leak,2,38,19047,175
12,small_leak,2,39,19547,47
12,small_leak,2,40,20047,71
12,small_leak,2,41,20547,5
12,small_leak,2,42,21047,74
12,small_leak,2,43,21547,285
12,small_leak,2,44,22047,171
12,small_leak,2,45,22547,117
12,small_leak,2,46,23047,125
12,small_leak,2,47,23547,142
12,small_leak,2,48,24047,121
12,small_leak,2,49,24547,255
12,small_leak,2,50,25047,127
12,small_leak,2,51,25547,231
12,small_leak,2,52,26047,159
12,small_leak,2,53,26547,213
12,small_leak,2,54,27047,295
12,small_leak,2,55,27547,250
12,small_leak,2,56,28047,375
12,small_leak,2,57,28547,371
12,small_leak,2,58,29047,317
12,small_leak,2,59,29547,360
12,small_leak,2,60,30047,359
12,small_leak,2,61,30547,358
12,small_leak,2,62,31047,281
12,small_leak,2,63,31547,295
12,small_leak,2,64,32047,245
12,small_leak,2,65,32547,267
12,small_leak,2,66,33047,233
12,small_leak,2,67,33547,249
12,small_leak,2,68,34047,187
12,small_leak,2,69,34547,137
12,small_leak,2,70,35047,38
12,small_leak,2,71,35547,98
12,small_leak,2,72,36047,18
12,small_leak,2,73,36547,14
12,small_leak,2,74,37047,110
12,small_leak,2,75,37547,23
12,small_leak,2,76,38047,0
12,small_leak,2,77,38547,0
12,small_leak,2,78,39047,0
12,small_leak,2,79,39547,7
12,small_leak,2,80,40047,117
12,small_leak,2,81,40547,72
12,small_leak,2,82,41047,7
12,small_leak,2,83,41547,0
12,small_leak,2,84,42047,25
12,small_leak,2,85,42547,105
12,small_leak,2,86,43047,37
12,small_leak,2,87,43547,18
12,small_leak,2,88,44047,263
12,small_leak,2,89,44547,121
12,small_leak,2,90,45047,249
12,small_leak,2,91,45547,251
12,small_leak,2,92,46047,243
12,small_leak,2,93,46547,234
12,small_leak,2,94,47047,240
12,small_leak,2,95,47547,285
12,small_leak,2,96,48047,198
12,small_leak,2,97,48547,125
12,small_leak,2,98,49047,93
12,small_leak,2,99,49547,182
12,small_leak,2,100,50047,69
12,small_leak,2,101,50547,63
12,small_leak,2,102,51047,52
12,small_leak,2,103,51547,87
12,small_leak,2,104,52047,13
12,small_leak,2,105,52547,39
12,small_leak,2,106,53047,85
12,small_leak,2,107,53547,95
12,small_leak,2,108,54047,207
12,small_leak,2,109,54547,203
12,small_leak,2,110,55047,191
12,small_leak,2,111,55547,263
12,small_leak,2,112,56047,163
12,small_leak,2,113,56547,137
12,small_leak,2,114,57047,69
12,small_leak,2,115,57547,47
12,small_leak,2,116,58047,184
12,small_leak,2,117,58547,155
12,small_leak,2,118,59047,247
12,small_leak,2,119,59547,262
12,small_leak,2,120,60047,251
12,small_leak,2,121,60547,283
12,small_leak,2,122,61047,279
12,small_leak,2,123,61547,303
12,small_leak,2,124,62047,287
12,small_leak,2,125,62547,237
12,small_leak,2,126,63047,361
12,small_leak,2,127,63547,332
12,small_leak,2,128,64047,327
12,small_leak,2,129,64547,275
12,small_leak,2,130,65047,163
12,small_leak,2,131,65547,269
12,small_leak,2,132,66047,274
12,small_leak,2,133,66547,245
12,small_leak,2,134,67047,165
12,small_leak,2,135,67547,103
12,small_leak,2,136,68047,63
12,small_leak,2,137,68547,7
12,small_leak,2,138,69047,128
12,small_leak,2,139,69547,87
12,small_leak,2,140,70047,12
12,small_leak,2,141,70547,59
12,small_leak,2,142,71047,234
12,small_leak,2,143,71547,76
12,small_leak,2,144,72047,317
12,small_leak,2,145,72547,251
12,small_leak,2,146,73047,198
12,small_leak,2,147,73547,149
12,small_leak,2,148,74047,223
12,small_leak,2,149,74547,178
12,small_leak,2,150,75047,110
12,small_leak,2,151,75547,125
12,small_leak,2,152,76047,71
12,small_leak,2,153,76547,116
12,small_leak,2,154,77047,25
12,small_leak,2,155,77547,105
12,small_leak,2,156,78047,168
12,small_leak,2,157,78547,116
12,small_leak,2,158,79047,187
12,small_leak,2,159,79547,184
12,small_leak,2,160,80047,185
12,small_leak,2,161,80547,179
12,small_leak,2,162,81047,227
12,small_leak,2,163,81547,235
12,small_leak,2,164,82047,110
12,small_leak,2,165,82547,95
12,small_leak,2,166,83047,31
12,small_leak,2,167,83547,0
12,small_leak,2,168,84047,52
12,small_leak,2,169,84547,0
12,small_leak,2,170,85047,59
12,small_leak,2,171,85547,120
12,small_leak,2,172,86047,37
12,small_leak,2,173,86547,151
12,small_leak,2,174,87047,251
12,small_leak,2,175,87547,244
12,small_leak,2,176,88047,267
12,small_leak,2,177,88547,339
12,small_leak,2,178,89047,356
12,small_leak,2,179,89547,283
12,small_leak,2,180,90047,302
12,small_leak,2,181,90547,221
12,small_leak,2,182,91047,188
12,small_leak,2,183,91547,97
12,small_leak,2,184,92047,106
12,small_leak,2,185,92547,149
12,small_leak,2,186,93047,253
12,small_leak,2,187,93547,118
12,small_leak,2,188,94047,28
12,small_leak,2,189,94547,105
12,small_leak,2,190,95047,154
12,small_leak,2,191,95547,243
12,small_leak,2,192,96047,74
12,small_leak,2,193,96547,93
12,small_leak,2,194,97047,237
12,small_leak,2,195,97547,158
12,small_leak,2,196,98047,173
12,small_leak,2,197,98547,136
12,small_leak,2,198,99047,100
12,small_leak,2,199,99547,47
12,small_leak,2,200,100047,150
12,small_leak,2,201,100547,99
12,small_leak,2,202,101047,245
12,small_leak,2,203,101547,292
12,small_leak,2,204,102047,223
12,small_leak,2,205,102547,221
12,small_leak,2,206,103047,231
12,small_leak,2,207,103547,190
12,small_leak,2,208,104047,186
12,small_leak,2,209,104547,327
12,small_leak,2,210,105047,319
12,small_leak,2,211,105547,103
12,small_leak,2,212,106047,83
12,small_leak,2,213,106547,270
12,small_leak,2,214,107047,229
12,small_leak,2,215,107547,115
12,small_leak,2,216,108047,249
12,small_leak,2,217,108547,192
12,small_leak,2,218,109047,176
12,small_leak,2,219,109547,69
12,small_leak,2,220,110047,31
12,small_leak,2,221,110547,99
12,small_leak,2,222,111047,140
12,small_leak,2,223,111547,74
12,small_leak,2,224,112047,19
12,small_leak,2,225,112547,25
12,small_leak,2,226,113047,19
12,small_leak,2,227,113547,179
12,small_leak,2,228,114047,313
12,small_leak,2,229,114547,287
12,small_leak,2,230,115047,201
12,small_leak,2,231,115547,261
12,small_leak,2,232,116047,239
12,small_leak,2,233,116547,217
12,small_leak,2,234,117047,175
12,small_leak,2,235,117547,297
12,small_leak,2,236,118047,358
12,small_leak,2,237,118547,211
12,small_leak,2,238,119047,253
12,small_leak,2,239,119547,234
12,small_leak,2,240,120047,255
12,small_leak,2,241,120547,175
12,small_leak,2,242,121047,197
12,small_leak,2,243,121547,151
12,small_leak,2,244,122047,114
12,small_leak,2,245,122547,45
12,small_leak,2,246,123047,27
12,small_leak,2,247,123547,23
12,small_leak,2,248,124047,121
12,small_leak,2,249,124547,75
12,small_leak,2,250,125047,236
12,small_leak,2,251,125547,181
12,small_leak,2,252,126047,77
12,small_leak,2,253,126547,217
12,small_leak,2,254,127047,137
12,small_leak,2,255,127547,43
12,small_leak,2,256,128047,151
12,small_leak,2,257,128547,115
12,small_leak,2,258,129047,271
12,small_leak,2,259,129547,221
12,small_leak,2,260,130047,104
12,small_leak,2,261,130547,57
12,small_leak,2,262,131047,69
12,small_leak,2,263,131547,8
12,small_leak,2,264,132047,93
12,small_leak,2,265,132547,58
12,small_leak,2,266,133047,29
12,small_leak,2,267,133547,199
12,small_leak,2,268,134047,285
12,small_leak,2,269,134547,271
12,small_leak,2,270,135047,288
12,small_leak,2,271,135547,267
12,small_leak,2,272,136047,243
12,small_leak,2,273,136547,263
12,small_leak,2,274,137047,361
12,small_leak,2,275,137547,355
12,small_leak,2,276,138047,276
12,small_leak,2,277,138547,286
12,small_leak,2,278,139047,295
12,small_leak,2,279,139547,250
12,small_leak,2,280,140047,176
12,small_leak,2,281,140547,293
12,small_leak,2,282,141047,363
12,small_leak,2,283,141547,239
12,small_leak,2,284,142047,119
12,small_leak,2,285,142547,63
12,small_leak,2,286,143047,5
12,small_leak,2,287,143547,0
12,small_leak,2,288,144047,0
12,small_leak,2,289,144547,236
12,small_leak,2,290,145047,253
12,small_leak,2,291,145547,151
12,small_leak,2,292,146047,171
12,small_leak,2,293,146547,167
12,small_leak,2,294,147047,45
12,small_leak,2,295,147547,91
12,small_leak,2,296,148047,153
12,small_leak,2,297,148547,94
12,small_leak,2,298,149047,201
12,small_leak,2,299,149547,105
12,small_leak,2,300,150047,213
12,small_leak,2,301,150547,62
12,small_leak,2,302,151047,39
12,small_leak,2,303,151547,0
12,small_leak,2,304,152047,47
12,small_leak,2,305,152547,106
12,small_leak,2,306,153047,27
12,small_leak,2,307,153547,37
12,small_leak,2,308,154047,0
12,small_leak,2,309,154547,85
12,small_leak,2,310,155047,11
12,small_leak,2,311,155547,0
12,small_leak,2,312,156047,0
12,small_leak,2,313,156547,147
12,small_leak,2,314,157047,189
12,small_leak,2,315,157547,154
12,small_leak,2,316,158047,282
12,small_leak,2,317,158547,169
12,small_leak,2,318,159047,45
12,small_leak,2,319,159547,207
12,small_leak,2,320,160047,192
12,small_leak,2,321,160547,141
12,small_leak,2,322,161047,143
12,small_leak,2,323,161547,267
12,small_leak,2,324,162047,220
12,small_leak,2,325,162547,199
12,small_leak,2,326,163047,187
12,small_leak,2,327,163547,121
12,small_leak,2,328,164047,119
12,small_leak,2,329,164547,90
12,small_leak,2,330,165047,109
12,small_leak,2,331,165547,115
12,small_leak,2,332,166047,77
12,small_leak,2,333,166547,107
12,small_leak,2,334,167047,140
12,small_leak,2,335,167547,141
12,small_leak,2,336,168047,216
12,small_leak,2,337,168547,275
12,small_leak,2,338,169047,119
12,small_leak,2,339,169547,116
12,small_leak,2,340,170047,183
12,small_leak,2,341,170547,157
12,small_leak,2,342,171047,170
12,small_leak,2,343,171547,263
12,small_leak,2,344,172047,399
12,small_leak,2,345,172547,270
12,small_leak,2,346,173047,335
12,small_leak,2,347,173547,218
12,small_leak,2,348,174047,487
12,small_leak,2,349,174547,411
12,small_leak,2,350,175047,381
12,small_leak,2,351,175547,331
12,small_leak,2,352,176047,317
12,small_leak,2,353,176547,236
12,small_leak,2,354,177047,219
12,small_leak,2,355,177547,197
12,small_leak,2,356,178047,180
12,small_leak,2,357,178547,106
12,small_leak,2,358,179047,136
12,small_leak,2,359,179547,72
12,small_leak,2,360,180047,27
12,small_leak,2,361,180547,41
12,small_leak,2,362,181047,5
12,small_leak,2,363,181547,0
12,small_leak,2,364,182047,38
12,small_leak,2,365,182547,247
12,small_leak,2,366,183047,86
12,small_leak,2,367,183547,379
12,small_leak,2,368,184047,422
12,small_leak,2,369,184547,269
12,small_leak,2,370,185047,413
12,small_leak,2,371,185547,341
12,small_leak,2,372,186047,365
12,small_leak,2,373,186547,279
12,small_leak,2,374,187047,303
12,small_leak,2,375,187547,309
12,small_leak,2,376,188047,273
12,small_leak,2,377,188547,293
12,small_leak,2,378,189047,384
12,small_leak,2,379,189547,155
12,small_leak,2,380,190047,154
12,small_leak,2,381,190547,205
12,small_leak,2,382,191047,329
12,small_leak,2,383,191547,191
12,small_leak,2,384,192047,295
12,small_leak,2,385,192547,271
12,small_leak,2,386,193047,283
12,small_leak,2,387,193547,251
12,small_leak,2,388,194047,307
12,small_leak,2,389,194547,251
12,small_leak,2,390,195047,82
12,small_leak,2,391,195547,101
12,small_leak,2,392,196047,135
12,small_leak,2,393,196547,87
12,small_leak,2,394,197047,55
12,small_leak,2,395,197547,1
12,small_leak,2,396,198047,0
12,small_leak,2,397,198547,0
12,small_leak,2,398,199047,141
12,small_leak,2,399,199547,31
12,small_leak,2,400,200047,13
12,small_leak,2,401,200547,2
12,small_leak,2,402,201047,51
12,small_leak,2,403,201547,99
12,small_leak,2,404,202047,234
12,small_leak,2,405,202547,171
12,small_leak,2,406,203047,139
12,small_leak,2,407,203547,143
12,small_leak,2,408,204047,153
12,small_leak,2,409,204547,183
12,small_leak,2,410,205047,200
12,small_leak,2,411,205547,76
12,small_leak,2,412,206047,105
12,small_leak,2,413,206547,21
12,small_leak,2,414,207047,123
12,small_leak,2,415,207547,151
12,small_leak,2,416,208047,38
12,small_leak,2,417,208547,101
12,small_leak,2,418,209047,81
12,small_leak,2,419,209547,107
12,small_leak,2,420,210047,239
12,small_leak,2,421,210547,132
12,small_leak,2,422,211047,90
12,small_leak,2,423,211547,139
12,small_leak,2,424,212047,118
12,small_leak,2,425,212547,206
12,small_leak,2,426,213047,243
12,small_leak,2,427,213547,115
12,small_leak,2,428,214047,25
12,small_leak,2,429,214547,88
12,small_leak,2,430,215047,163
12,small_leak,2,431,215547,58
12,small_leak,2,432,216047,111
12,small_leak,2,433,216547,177
12,small_leak,2,434,217047,239
12,small_leak,2,435,217547,251
12,small_leak,2,436,218047,181
12,small_leak,2,437,218547,243
12,small_leak,2,438,219047,205
12,small_leak,2,439,219547,223
12,small_leak,2,440,220047,446
12,small_leak,2,441,220547,173
12,small_leak,2,442,221047,152
12,small_leak,2,443,221547,120
12,small_leak,2,444,222047,117
12,small_leak,2,445,222547,25
12,small_leak,2,446,223047,28
12,small_leak,2,447,223547,45
12,small_leak,2,448,224047,91
12,small_leak,2,449,224547,167
12,small_leak,2,450,225047,163
12,small_leak,2,451,225547,117
12,small_leak,2,452,226047,147
12,small_leak,2,453,226547,159
12,small_leak,2,454,227047,176
12,small_leak,2,455,227547,109
12,small_leak,2,456,228047,176
12,small_leak,2,457,228547,311
12,small_leak,2,458,229047,218
12,small_leak,2,459,229547,231
12,small_leak,2,460,230047,197
12,small_leak,2,461,230547,55
12,small_leak,2,462,231047,423
12,small_leak,2,463,231547,265
12,small_leak,2,464,232047,302
12,small_leak,2,465,232547,283
12,small_leak,2,466,233047,249
12,small_leak,2,467,233547,199
12,small_leak,2,468,234047,187
12,small_leak,2,469,234547,164
12,small_leak,2,470,235047,211
12,small_leak,2,471,235547,141
12,small_leak,2,472,236047,154
12,small_leak,2,473,236547,101
12,small_leak,2,474,237048,105
12,small_leak,2,475,237547,21
12,small_leak,2,476,238047,53
12,small_leak,2,477,238547,157
12,small_leak,2,478,239047,103
12,small_leak,2,479,239547,143
12,small_leak,2,480,240047,141
12,small_leak,2,481,240547,150
12,small_leak,2,482,241047,147
12,small_leak,2,483,241547,201
12,small_leak,2,484,242047,146
12,small_leak,2,485,242547,37
12,small_leak,2,486,243047,111
12,small_leak,2,487,243547,112
12,small_leak,2,488,244047,215
12,small_leak,2,489,244547,171
12,small_leak,2,490,245047,93
12,small_leak,2,491,245547,232
12,small_leak,2,492,246047,254
12,small_leak,2,493,246547,217
12,small_leak,2,494,247047,249
12,small_leak,2,495,247547,287
12,small_leak,2,496,248047,173
12,small_leak,2,497,248547,142
12,small_leak,2,498,249047,153
12,small_leak,2,499,249547,151
12,small_leak,2,500,250048,201
12,small_leak,2,501,250547,120
12,small_leak,2,502,251047,159
12,small_leak,2,503,251547,141
12,small_leak,2,504,252047,155
12,small_leak,2,505,252547,119
12,small_leak,2,506,253047,136
12,small_leak,2,507,253547,111
12,small_leak,2,508,254047,117
12,small_leak,2,509,254547,120
12,small_leak,2,510,255047,31
12,small_leak,2,511,255547,0
12,small_leak,2,512,256047,19
12,small_leak,2,513,256547,18
12,small_leak,2,514,257047,8
12,small_leak,2,515,257547,0
12,small_leak,2,516,258047,0
12,small_leak,2,517,258547,17
12,small_leak,2,518,259047,0
12,small_leak,2,519,259547,108
12,small_leak,2,520,260047,138
12,small_leak,2,521,260547,142
12,small_leak,2,522,261047,139
12,small_leak,2,523,261547,211
12,small_leak,2,524,262047,251
12,small_leak,2,525,262547,311
12,small_leak,2,526,263048,271
12,small_leak,2,527,263547,312
12,small_leak,2,528,264047,248
12,small_leak,2,529,264547,243
12,small_leak,2,530,265047,345
12,small_leak,2,531,265547,384
12,small_leak,2,532,266047,279
12,small_leak,2,533,266547,467
12,small_leak,2,534,267047,285
12,small_leak,2,535,267547,137
12,small_leak,2,536,268047,125
12,small_leak,2,537,268547,249
12,small_leak,2,538,269047,144
12,small_leak,2,539,269547,280
12,small_leak,2,540,270047,213
12,small_leak,2,541,270547,201
12,small_leak,2,542,271047,211
12,small_leak,2,543,271547,168
12,small_leak,2,544,272047,179
12,small_leak,2,545,272547,68
12,small_leak,2,546,273047,101
12,small_leak,2,547,273547,207
12,small_leak,2,548,274047,98
12,small_leak,2,549,274547,115
12,small_leak,2,550,275047,93
12,small_leak,2,551,275547,189
12,small_leak,2,552,276047,146
12,small_leak,2,553,276547,93
12,small_leak,2,554,277047,101
12,small_leak,2,555,277547,69
12,small_leak,2,556,278047,34
12,small_leak,2,557,278547,0
12,small_leak,2,558,279047,0
12,small_leak,2,559,279547,143
12,small_leak,2,560,280047,69
12,small_leak,2,561,280547,28
12,small_leak,2,562,281047,7
12,small_leak,2,563,281547,63
12,small_leak,2,564,282047,157
12,small_leak,2,565,282547,137
12,small_leak,2,566,283047,103
12,small_leak,2,567,283547,31
12,small_leak,2,568,284047,121
12,small_leak,2,569,284547,187
12,small_leak,2,570,285047,147
12,small_leak,2,571,285547,153
12,small_leak,2,572,286047,135
12,small_leak,2,573,286547,267
12,small_leak,2,574,287047,227
12,small_leak,2,575,287547,69
12,small_leak,2,576,288047,137
12,small_leak,2,577,288547,189
12,small_leak,2,578,289047,223
12,small_leak,2,579,289547,206
12,small_leak,2,580,290047,151
12,small_leak,2,581,290547,106
12,small_leak,2,582,291047,373
12,small_leak,2,583,291547,171
12,small_leak,2,584,292047,204
12,small_leak,2,585,292547,252
12,small_leak,2,586,293047,188
12,small_leak,2,587,293547,73
12,small_leak,2,588,294047,93
12,small_leak,2,589,294547,199
12,small_leak,2,590,295047,145
12,small_leak,2,591,295547,179
12,small_leak,2,592,296047,191
12,small_leak,2,593,296547,143
12,small_leak,2,594,297047,163
12,small_leak,2,595,297547,210
12,small_leak,2,596,298047,208
12,small_leak,2,597,298547,183
12,small_leak,2,598,299047,165
12,small_leak,2,599,299547,214
12,small_leak,2,600,300047,233
12,small_leak,2,601,300547,163
12,small_leak,2,602,301047,250
12,small_leak,2,603,301547,255
12,small_leak,2,604,302047,293
12,small_leak,2,605,302547,239
12,small_leak,2,606,303047,271
12,small_leak,2,607,303547,279
12,small_leak,2,608,304047,343
12,small_leak,2,609,304547,339
12,small_leak,2,610,305047,243
12,small_leak,2,611,305547,319
12,small_leak,2,612,306047,297
12,small_leak,2,613,306547,202
12,small_leak,2,614,307047,231
12,small_leak,2,615,307547,119
12,small_leak,2,616,308047,61
12,small_leak,2,617,308547,4
12,small_leak,2,618,309047,73
12,small_leak,2,619,309547,61
12,small_leak,2,620,310047,134
12,small_leak,2,621,310547,40
12,small_leak,2,622,311047,61
12,small_leak,2,623,311547,29
12,small_leak,2,624,312047,165
12,small_leak,2,625,312547,185
12,small_leak,2,626,313047,138
12,small_leak,2,627,313547,220
12,small_leak,2,628,314047,301
12,small_leak,2,629,314547,295
12,small_leak,2,630,315047,145
12,small_leak,2,631,315547,205
12,small_leak,2,632,316047,202
12,small_leak,2,633,316547,204
12,small_leak,2,634,317047,223
12,small_leak,2,635,317547,236
12,small_leak,2,636,318047,100
12,small_leak,2,637,318547,92
12,small_leak,2,638,319047,159
12,small_leak,2,639,319547,58
12,small_leak,2,640,320047,121
12,small_leak,2,641,320547,234
12,small_leak,2,642,321047,212
12,small_leak,2,643,321547,157
12,small_leak,2,644,322047,313
12,small_leak,2,645,322547,300
12,small_leak,2,646,323047,211
12,small_leak,2,647,323547,168
12,small_leak,2,648,324047,237
12,small_leak,2,649,324547,203
12,small_leak,2,650,325047,209
12,small_leak,2,651,325547,155
12,small_leak,2,652,326047,117
12,small_leak,2,653,326547,183
12,small_leak,2,654,327047,69
12,small_leak,2,655,327547,6
12,small_leak,2,656,328047,40
12,small_leak,2,657,328547,166
12,small_leak,2,658,329047,110
12,small_leak,2,659,329547,25
12,small_leak,2,660,330047,88
12,small_leak,2,661,330547,91
12,small_leak,2,662,331047,217
12,small_leak,2,663,331547,119
12,small_leak,2,664,332047,127
12,small_leak,2,665,332547,253
12,small_leak,2,666,333047,211
12,small_leak,2,667,333547,70
12,small_leak,2,668,334047,71
12,small_leak,2,669,334547,235
12,small_leak,2,670,335047,75
12,small_leak,2,671,335547,140
12,small_leak,2,672,336047,275
12,small_leak,2,673,336547,159
12,small_leak,2,674,337047,165
12,small_leak,2,675,337547,131
12,small_leak,2,676,338047,211
12,small_leak,2,677,338547,81
12,small_leak,2,678,339047,67
12,small_leak,2,679,339547,133
12,small_leak,2,680,340047,99
12,small_leak,2,681,340547,210
12,small_leak,2,682,341047,203
12,small_leak,2,683,341547,79
12,small_leak,2,684,342047,111
12,small_leak,2,685,342547,128
12,small_leak,2,686,343047,175
12,small_leak,2,687,343547,83
12,small_leak,2,688,344047,213
12,small_leak,2,689,344547,173
12,small_leak,2,690,345047,176
12,small_leak,2,691,345547,190
12,small_leak,2,692,346047,119
12,small_leak,2,693,346547,26
12,small_leak,2,694,347047,0
12,small_leak,2,695,347547,0
12,small_leak,2,696,348047,201
12,small_leak,2,697,348547,239
12,small_leak,2,698,349047,307
12,small_leak,2,699,349547,99
12,small_leak,2,700,350047,41
12,small_leak,2,701,350547,253
12,small_leak,2,702,351047,121
12,small_leak,2,703,351547,232
12,small_leak,2,704,352047,201
12,small_leak,2,705,352547,341
12,small_leak,2,706,353047,149
12,small_leak,2,707,353547,255
12,small_leak,2,708,354047,347
12,small_leak,2,709,354547,459
12,small_leak,2,710,355047,447
12,small_leak,2,711,355547,375
12,small_leak,2,712,356047,359
12,small_leak,2,713,356547,266
12,small_leak,2,714,357047,343
12,small_leak,2,715,357547,301
12,small_leak,2,716,358047,309
12,small_leak,2,717,358547,249
12,small_leak,2,718,359047,203
12,small_leak,2,719,359547,204
12,small_leak,2,720,360047,101
12,small_leak,2,721,360547,88
12,small_leak,2,722,361047,263
12,small_leak,2,723,361547,99
12,small_leak,2,724,362047,93
12,small_leak,2,725,362547,14
12,small_leak,2,726,363047,0
12,small_leak,2,727,363547,51
12,small_leak,2,728,364047,0
12,small_leak,2,729,364547,57
12,small_leak,2,730,365047,19
12,small_leak,2,731,365547,0
12,small_leak,2,732,366047,0
12,small_leak,2,733,366547,51
12,small_leak,2,734,367047,250
12,small_leak,2,735,367547,147
12,small_leak,2,736,368047,87
12,small_leak,2,737,368547,89
12,small_leak,2,738,369047,19
12,small_leak,2,739,369547,45
12,small_leak,2,740,370047,119
12,small_leak,2,741,370547,28
12,small_leak,2,742,371047,144
12,small_leak,2,743,371547,293
12,small_leak,2,744,372047,239
12,small_leak,2,745,372547,254
12,small_leak,2,746,373047,243
12,small_leak,2,747,373547,221
12,small_leak,2,748,374047,349
12,small_leak,2,749,374547,264
12,small_leak,2,750,375047,405
12,small_leak,2,751,375547,329
12,small_leak,2,752,376047,392
12,small_leak,2,753,376547,279
12,small_leak,2,754,377047,403
12,small_leak,2,755,377547,345
12,small_leak,2,756,378047,276
12,small_leak,2,757,378547,279
12,small_leak,2,758,379047,215
12,small_leak,2,759,379547,279
12,small_leak,2,760,380047,211
12,small_leak,2,761,380547,313
12,small_leak,2,762,381047,268
12,small_leak,2,763,381547,295
12,small_leak,2,764,382047,297
12,small_leak,2,765,382547,281
12,small_leak,2,766,383047,214
12,small_leak,2,767,383547,173
12,small_leak,2,768,384047,220
12,small_leak,2,769,384547,133
12,small_leak,2,770,385047,51
12,small_leak,2,771,385547,190
12,small_leak,2,772,386047,265
12,small_leak,2,773,386547,98
12,small_leak,2,774,387047,22
12,small_leak,2,775,387547,85
12,small_leak,2,776,388047,29
12,small_leak,2,777,388547,11
12,small_leak,2,778,389047,0
12,small_leak,2,779,389547,40
12,small_leak,2,780,390047,63
12,small_leak,2,781,390547,53
12,small_leak,2,782,391047,22
12,small_leak,2,783,391547,103
12,small_leak,2,784,392047,51
12,small_leak,2,785,392547,0
12,small_leak,2,786,393047,1
12,small_leak,2,787,393547,137
12,small_leak,2,788,394047,35
12,small_leak,2,789,394547,42
12,small_leak,2,790,395047,199
12,small_leak,2,791,395547,132
12,small_leak,2,792,396047,71
12,small_leak,2,793,396547,549
12,small_leak,2,794,397047,521
12,small_leak,2,795,397547,395
12,small_leak,2,796,398047,405
12,small_leak,2,797,398547,308
12,small_leak,2,798,399047,263
12,small_leak,2,799,399547,237
12,small_leak,2,800,400047,445
12,small_leak,2,801,400547,164
12,small_leak,2,802,401047,160
12,small_leak,2,803,401547,316
12,small_leak,2,804,402047,158
12,small_leak,2,805,402547,112
12,small_leak,2,806,403047,151
12,small_leak,2,807,403547,149
12,small_leak,2,808,404047,115
12,small_leak,2,809,404547,233
12,small_leak,2,810,405047,112
12,small_leak,2,811,405547,153
12,small_leak,2,812,406047,223
12,small_leak,2,813,406547,87
12,small_leak,2,814,407047,243
12,small_leak,2,815,407547,189
12,small_leak,2,816,408047,168
12,small_leak,2,817,408547,176
12,small_leak,2,818,409047,79
12,small_leak,2,819,409547,138
12,small_leak,2,820,410047,93
12,small_leak,2,821,410547,14
12,small_leak,2,822,411047,67
12,small_leak,2,823,411547,201
12,small_leak,2,824,412047,155
12,small_leak,2,825,412547,228
12,small_leak,2,826,413047,217
12,small_leak,2,827,413547,63
12,small_leak,2,828,414047,135
12,small_leak,2,829,414547,140
12,small_leak,2,830,415047,144
12,small_leak,2,831,415547,63
12,small_leak,2,832,416047,125
12,small_leak,2,833,416547,107
12,small_leak,2,834,417047,204
12,small_leak,2,835,417547,261
12,small_leak,2,836,418047,255
12,small_leak,2,837,418547,253
12,small_leak,2,838,419047,285
12,small_leak,2,839,419547,240
12,small_leak,2,840,420047,197
12,small_leak,2,841,420547,151
12,small_leak,2,842,421047,115
12,small_leak,2,843,421547,24
12,small_leak,2,844,422047,71
12,small_leak,2,845,422547,205
12,small_leak,2,846,423047,234
12,small_leak,2,847,423547,234
12,small_leak,2,848,424047,269
12,small_leak,2,849,424547,207
12,small_leak,2,850,425047,213
12,small_leak,2,851,425547,267
12,small_leak,2,852,426047,111
12,small_leak,2,853,426547,115
12,small_leak,2,854,427047,123
12,small_leak,2,855,427547,182
12,small_leak,2,856,428047,153
12,small_leak,2,857,428547,248
12,small_leak,2,858,429047,210
12,small_leak,2,859,429547,239
12,small_leak,2,860,430047,147
12,small_leak,2,861,430547,123
12,small_leak,2,862,431047,163
12,small_leak,2,863,431547,167
12,small_leak,2,864,432047,91
12,small_leak,2,865,432547,235
12,small_leak,2,866,433047,221
12,small_leak,2,867,433547,203
12,small_leak,2,868,434047,227
12,small_leak,2,869,434547,205
12,small_leak,2,870,435047,119
12,small_leak,2,871,435547,43
12,small_leak,2,872,436047,171
12,small_leak,2,873,436547,109
12,small_leak,2,874,437047,211
12,small_leak,2,875,437547,175
12,small_leak,2,876,438047,107
12,small_leak,2,877,438547,205
12,small_leak,2,878,439047,189
12,small_leak,2,879,439547,176
12,small_leak,2,880,440047,127
12,small_leak,2,881,440547,282
12,small_leak,2,882,441047,88
12,small_leak,2,883,441547,57
12,small_leak,2,884,442047,1
12,small_leak,2,885,442547,25
12,small_leak,2,886,443047,146
12,small_leak,2,887,443547,164
12,small_leak,2,888,444047,43
12,small_leak,2,889,444547,179
12,small_leak,2,890,445047,107
12,small_leak,2,891,445547,87
12,small_leak,2,892,446047,159
12,small_leak,2,893,446547,93
12,small_leak,2,894,447047,140
12,small_leak,2,895,447547,67
12,small_leak,2,896,448047,149
12,small_leak,2,897,448547,155
12,small_leak,2,898,449047,234
12,small_leak,2,899,449547,157
12,small_leak,2,900,450047,159
12,small_leak,2,901,450547,192
12,small_leak,2,902,451047,274
12,small_leak,2,903,451547,122
12,small_leak,2,904,452047,76
12,small_leak,2,905,452547,53
12,small_leak,2,906,453047,55
12,small_leak,2,907,453547,109
12,small_leak,2,908,454047,93
12,small_leak,2,909,454547,47
12,small_leak,2,910,455047,17
12,small_leak,2,911,455547,1
12,small_leak,2,912,456047,0
12,small_leak,2,913,456547,200
12,small_leak,2,914,457047,191
12,small_leak,2,915,457547,117
12,small_leak,2,916,458047,46
12,small_leak,2,917,458547,0
12,small_leak,2,918,459047,105
12,small_leak,2,919,459547,45
12,small_leak,2,920,460047,43
12,small_leak,2,921,460547,0
12,small_leak,2,922,461047,0
12,small_leak,2,923,461547,59
12,small_leak,2,924,462047,98
12,small_leak,2,925,462547,61
12,small_leak,2,926,463047,331
12,small_leak,2,927,463547,181
12,small_leak,2,928,464047,264
12,small_leak,2,929,464547,266
12,small_leak,2,930,465047,87
12,small_leak,2,931,465547,109
12,small_leak,2,932,466047,92
12,small_leak,2,933,466547,175
12,small_leak,2,934,467047,471
12,small_leak,2,935,467547,232
12,small_leak,2,936,468047,211
12,small_leak,2,937,468547,313
12,small_leak,2,938,469047,141
12,small_leak,2,939,469547,163
12,small_leak,2,940,470047,43
12,small_leak,2,941,470547,189
12,small_leak,2,942,471047,247
12,small_leak,2,943,471547,413
12,small_leak,2,944,472047,220
12,small_leak,2,945,472547,135
12,small_leak,2,946,473047,244
12,small_leak,2,947,473547,207
12,small_leak,2,948,474047,219
12,small_leak,2,949,474547,118
12,small_leak,2,950,475047,135
12,small_leak,2,951,475547,226
12,small_leak,2,952,476047,301
12,small_leak,2,953,476547,183
12,small_leak,2,954,477047,160
12,small_leak,2,955,477547,205
12,small_leak,2,956,478047,167
12,small_leak,2,957,478547,122
12,small_leak,2,958,479047,101
12,small_leak,2,959,479547,135
12,small_leak,2,960,480047,67
12,small_leak,2,961,480547,5
12,small_leak,2,962,481047,0
12,small_leak,2,963,481547,0
12,small_leak,2,964,482047,0
12,small_leak,2,965,482547,0
12,small_leak,2,966,483047,68
12,small_leak,2,967,483547,5
12,small_leak,2,968,484047,0
12,small_leak,2,969,484547,0
12,small_leak,2,970,485047,1
12,small_leak,2,971,485547,122
12,small_leak,2,972,486047,39
12,small_leak,2,973,486547,159
12,small_leak,2,974,487047,157
12,small_leak,2,975,487547,111
12,small_leak,2,976,488047,165
12,small_leak,2,977,488547,259
12,small_leak,2,978,489047,251
12,small_leak,2,979,489547,347
12,small_leak,2,980,490047,279
12,small_leak,2,981,490547,255
12,small_leak,2,982,491047,266
12,small_leak,2,983,491547,227
12,small_leak,2,984,492047,287
12,small_leak,2,985,492547,253
12,small_leak,2,986,493047,248
12,small_leak,2,987,493547,297
12,small_leak,2,988,494047,173
12,small_leak,2,989,494547,223
12,small_leak,2,990,495047,226
12,small_leak,2,991,495547,165
12,small_leak,2,992,496047,339
12,small_leak,2,993,496547,365
12,small_leak,2,994,497047,313
12,small_leak,2,995,497547,276
12,small_leak,2,996,498047,180
12,small_leak,2,997,498547,327
12,small_leak,2,998,499047,236
12,small_leak,2,999,499547,127
12,small_leak,2,1000,500047,164
12,small_leak,2,1001,500547,151
12,small_leak,2,1002,501047,93
12,small_leak,2,1003,501547,111
12,small_leak,2,1004,502047,79
12,small_leak,2,1005,502547,157
12,small_leak,2,1006,503047,122
12,small_leak,2,1007,503547,151
12,small_leak,2,1008,504047,82
12,small_leak,2,1009,504547,57
12,small_leak,2,1010,505047,80
12,small_leak,2,1011,505547,9
12,small_leak,2,1012,506047,133
12,small_leak,2,1013,506547,155
12,small_leak,2,1014,507047,61
12,small_leak,2,1015,507547,184
12,small_leak,2,1016,508047,379
12,small_leak,2,1017,508547,263
12,small_leak,2,1018,509047,285
12,small_leak,2,1019,509547,343
12,small_leak,2,1020,510047,333
12,small_leak,2,1021,510547,383
12,small_leak,2,1022,511047,505
12,small_leak,2,1023,511547,383
12,small_leak,2,1024,512047,309
12,small_leak,2,1025,512547,279
12,small_leak,2,1026,513047,276
12,small_leak,2,1027,513547,297
12,small_leak,2,1028,514047,427
12,small_leak,2,1029,514547,287
12,small_leak,2,1030,515047,158
12,small_leak,2,1031,515547,133
12,small_leak,2,1032,516047,30
12,small_leak,2,1033,516547,149
12,small_leak,2,1034,517047,38
12,small_leak,2,1035,517547,77
12,small_leak,2,1036,518047,10
12,small_leak,2,1037,518547,0
12,small_leak,2,1038,519047,94
12,small_leak,2,1039,519547,94
12,small_leak,2,1040,520047,158
12,small_leak,2,1041,520547,118
12,small_leak,2,1042,521047,111
12,small_leak,2,1043,521547,95
12,small_leak,2,1044,522047,185
12,small_leak,2,1045,522547,101
12,small_leak,2,1046,523047,153
12,small_leak,2,1047,523547,109
12,small_leak,2,1048,524047,105
12,small_leak,2,1049,524547,56
12,small_leak,2,1050,525047,85
12,small_leak,2,1051,525547,71
12,small_leak,2,1052,526047,59
12,small_leak,2,1053,526547,2
12,small_leak,2,1054,527047,45
12,small_leak,2,1055,527547,68
12,small_leak,2,1056,528047,55
12,small_leak,2,1057,528547,76
12,small_leak,2,1058,529047,70
12,small_leak,2,1059,529547,120
12,small_leak,2,1060,530047,148
12,small_leak,2,1061,530547,37
12,small_leak,2,1062,531047,47
12,small_leak,2,1063,531547,143
12,small_leak,2,1064,532047,239
12,small_leak,2,1065,532547,297
12,small_leak,2,1066,533047,287
12,small_leak,2,1067,533547,210
12,small_leak,2,1068,534047,287
12,small_leak,2,1069,534547,357
12,small_leak,2,1070,535047,348
12,small_leak,2,1071,535547,213
12,small_leak,2,1072,536047,279
12,small_leak,2,1073,536547,376
12,small_leak,2,1074,537047,276
12,small_leak,2,1075,537547,384
12,small_leak,2,1076,538047,334
12,small_leak,2,1077,538547,317
12,small_leak,2,1078,539047,317
12,small_leak,2,1079,539547,263
12,small_leak,2,1080,540047,425
12,small_leak,2,1081,540547,345
12,small_leak,2,1082,541047,313
12,small_leak,2,1083,541547,284
12,small_leak,2,1084,542047,277
12,small_leak,2,1085,542547,202
12,small_leak,2,1086,543047,109
12,small_leak,2,1087,543547,159
12,small_leak,2,1088,544047,151
12,small_leak,2,1089,544547,139
12,small_leak,2,1090,545047,95
12,small_leak,2,1091,545547,170
12,small_leak,2,1092,546047,91
12,small_leak,2,1093,546547,69
12,small_leak,2,1094,547047,17
12,small_leak,2,1095,547547,30
12,small_leak,2,1096,548047,5
12,small_leak,2,1097,548547,63
12,small_leak,2,1098,549047,45
12,small_leak,2,1099,549547,30
12,small_leak,2,1100,550047,91
12,small_leak,2,1101,550547,38
12,small_leak,2,1102,551047,3
12,small_leak,2,1103,551547,37
12,small_leak,2,1104,552047,0
12,small_leak,2,1105,552547,173
12,small_leak,2,1106,553047,135
12,small_leak,2,1107,553547,191
12,small_leak,2,1108,554047,133
12,small_leak,2,1109,554547,47
12,small_leak,2,1110,555047,135
12,small_leak,2,1111,555547,85
12,small_leak,2,1112,556047,172
12,small_leak,2,1113,556547,115
12,small_leak,2,1114,557047,119
12,small_leak,2,1115,557547,286
12,small_leak,2,1116,558047,157
12,small_leak,2,1117,558547,69
12,small_leak,2,1118,559047,219
12,small_leak,2,1119,559547,125
12,small_leak,2,1120,560047,30
12,small_leak,2,1121,560547,0
12,small_leak,2,1122,561047,0
12,small_leak,2,1123,561547,39
12,small_leak,2,1124,562047,175
12,small_leak,2,1125,562547,105
12,small_leak,2,1126,563047,26
12,small_leak,2,1127,563547,109
12,small_leak,2,1128,564047,107
12,small_leak,2,1129,564547,89
12,small_leak,2,1130,565047,75
12,small_leak,2,1131,565547,191
12,small_leak,2,1132,566047,151
12,small_leak,2,1133,566547,158
12,small_leak,2,1134,567047,355
12,small_leak,2,1135,567547,183
12,small_leak,2,1136,568047,199
12,small_leak,2,1137,568547,187
12,small_leak,2,1138,569047,411
12,small_leak,2,1139,569547,144
12,small_leak,2,1140,570047,239
12,small_leak,2,1141,570547,285
12,small_leak,2,1142,571047,267
12,small_leak,2,1143,571547,301
12,small_leak,2,1144,572047,139
12,small_leak,2,1145,572547,123
12,small_leak,2,1146,573047,138
12,small_leak,2,1147,573547,176
12,small_leak,2,1148,574048,211
12,small_leak,2,1149,574547,179
12,small_leak,2,1150,575047,265
12,small_leak,2,1151,575547,112
12,small_leak,2,1152,576047,111
12,small_leak,2,1153,576547,157
12,small_leak,2,1154,577047,202
12,small_leak,2,1155,577547,311
12,small_leak,2,1156,578047,157
12,small_leak,2,1157,578547,51
12,small_leak,2,1158,579047,139
12,small_leak,2,1159,579547,251
12,small_leak,2,1160,580047,233
12,small_leak,2,1161,580547,157
12,small_leak,2,1162,581047,163
12,small_leak,2,1163,581547,212
12,small_leak,2,1164,582047,61
12,small_leak,2,1165,582547,3
12,small_leak,2,1166,583047,267
12,small_leak,2,1167,583547,312
12,small_leak,2,1168,584047,101
12,small_leak,2,1169,584547,117
12,small_leak,2,1170,585047,205
12,small_leak,2,1171,585547,183
12,small_leak,2,1172,586047,296
12,small_leak,2,1173,586547,343
12,small_leak,2,1174,587047,347
12,small_leak,2,1175,587547,304
12,small_leak,2,1176,588047,351
12,small_leak,2,1177,588547,229
12,small_leak,2,1178,589047,135
12,small_leak,2,1179,589547,125
12,small_leak,2,1180,590047,85
12,small_leak,2,1181,590547,28
12,small_leak,2,1182,591047,0
12,small_leak,2,1183,591547,0
12,small_leak,2,1184,592047,0
12,small_leak,2,1185,592547,0
12,small_leak,2,1186,593047,0
12,small_leak,2,1187,593547,0
12,small_leak,2,1188,594047,9
12,small_leak,2,1189,594547,0
12,small_leak,2,1190,595047,0
12,small_leak,2,1191,595547,0
12,small_leak,2,1192,596047,85
12,small_leak,2,1193,596547,348
12,small_leak,2,1194,597047,200
12,small_leak,2,1195,597547,185
12,small_leak,2,1196,598047,185
12,small_leak,2,1197,598547,311
12,small_leak,2,1198,599047,163
12,small_leak,2,1199,599547,191
12,small_leak,2,1200,600047,171
12,small_leak,2,1201,600547,127
12,small_leak,2,1202,601047,85
12,small_leak,2,1203,601547,265
12,small_leak,2,1204,602047,220
12,small_leak,2,1205,602547,243
12,small_leak,2,1206,603047,331
12,small_leak,2,1207,603547,211
12,small_leak,2,1208,604047,181
12,small_leak,2,1209,604547,251
12,small_leak,2,1210,605047,294
12,small_leak,2,1211,605547,280
12,small_leak,2,1212,606047,145
12,small_leak,2,1213,606547,36
12,small_leak,2,1214,607047,164
12,small_leak,2,1215,607547,53
12,small_leak,2,1216,608047,1
12,small_leak,2,1217,608547,165
12,small_leak,2,1218,609047,275
12,small_leak,2,1219,609547,147
12,small_leak,2,1220,610047,38
12,small_leak,2,1221,610547,181
12,small_leak,2,1222,611047,285
12,small_leak,2,1223,611547,149
12,small_leak,2,1224,612047,213
12,small_leak,2,1225,612547,279
12,small_leak,2,1226,613047,232
12,small_leak,2,1227,613547,315
12,small_leak,2,1228,614047,303
12,small_leak,2,1229,614547,335
12,small_leak,2,1230,615047,210
12,small_leak,2,1231,615547,179
12,small_leak,2,1232,616047,179
12,small_leak,2,1233,616547,295
12,small_leak,2,1234,617047,211
12,small_leak,2,1235,617547,202
12,small_leak,2,1236,618047,205
12,small_leak,2,1237,618547,187
12,small_leak,2,1238,619047,171
12,small_leak,2,1239,619547,203
12,small_leak,2,1240,620047,99
12,small_leak,2,1241,620547,189
12,small_leak,2,1242,621047,155
12,small_leak,2,1243,621547,121
12,small_leak,2,1244,622047,110
12,small_leak,2,1245,622547,83
12,small_leak,2,1246,623047,45
12,small_leak,2,1247,623547,191
12,small_leak,2,1248,624047,104
12,small_leak,2,1249,624547,22
12,small_leak,2,1250,625047,157
12,small_leak,2,1251,625547,121
12,small_leak,2,1252,626047,103
12,small_leak,2,1253,626547,148
12,small_leak,2,1254,627047,313
12,small_leak,2,1255,627547,255
12,small_leak,2,1256,628047,181
12,small_leak,2,1257,628547,200
12,small_leak,2,1258,629047,390
12,small_leak,2,1259,629547,461
12,small_leak,2,1260,630047,531
12,small_leak,2,1261,630547,463
12,small_leak,2,1262,631048,410
12,small_leak,2,1263,631547,407
12,small_leak,2,1264,632047,485
12,small_leak,2,1265,632547,398
12,small_leak,2,1266,633047,366
12,small_leak,2,1267,633547,271
12,small_leak,2,1268,634047,283
12,small_leak,2,1269,634547,213
12,small_leak,2,1270,635047,141
12,small_leak,2,1271,635547,73
12,small_leak,2,1272,636047,116
12,small_leak,2,1273,636547,47
12,small_leak,2,1274,637047,24
12,small_leak,2,1275,637547,63
12,small_leak,2,1276,638047,4
12,small_leak,2,1277,638547,0
12,small_leak,2,1278,639047,0
12,small_leak,2,1279,639547,0
12,small_leak,2,1280,640047,119
12,small_leak,2,1281,640547,45
12,small_leak,2,1282,641047,30
12,small_leak,2,1283,641547,109
12,small_leak,2,1284,642047,28
12,small_leak,2,1285,642547,160
12,small_leak,2,1286,643047,43
12,small_leak,2,1287,643547,13
12,small_leak,2,1288,644047,0
12,small_leak,2,1289,644547,0
12,small_leak,2,1290,645047,0
12,small_leak,2,1291,645547,7
12,small_leak,2,1292,646047,72
12,small_leak,2,1293,646547,11
12,small_leak,2,1294,647047,78
12,small_leak,2,1295,647547,87
12,small_leak,2,1296,648047,13
12,small_leak,2,1297,648547,0
12,small_leak,2,1298,649047,221
12,small_leak,2,1299,649547,68
12,small_leak,2,1300,650047,5
12,small_leak,2,1301,650547,38
12,small_leak,2,1302,651047,209
12,small_leak,2,1303,651547,279
12,small_leak,2,1304,652047,267
12,small_leak,2,1305,652547,191
12,small_leak,2,1306,653047,267
12,small_leak,2,1307,653547,239
12,small_leak,2,1308,654047,346
12,small_leak,2,1309,654547,428
12,small_leak,2,1310,655047,310
12,small_leak,2,1311,655547,457
12,small_leak,2,1312,656047,307
12,small_leak,2,1313,656547,405
12,small_leak,2,1314,657047,379
12,small_leak,2,1315,657547,347
12,small_leak,2,1316,658047,317
12,small_leak,2,1317,658547,263
12,small_leak,2,1318,659047,191
12,small_leak,2,1319,659547,173
12,small_leak,2,1320,660047,316
12,small_leak,2,1321,660547,115
12,small_leak,2,1322,661047,50
12,small_leak,2,1323,661547,50
12,small_leak,2,1324,662047,0
12,small_leak,2,1325,662547,76
12,small_leak,2,1326,663047,69
12,small_leak,2,1327,663547,71
12,small_leak,2,1328,664047,7
12,small_leak,2,1329,664547,39
12,small_leak,2,1330,665047,157
12,small_leak,2,1331,665547,160
12,small_leak,2,1332,666047,176
12,small_leak,2,1333,666547,198
12,small_leak,2,1334,667047,173
12,small_leak,2,1335,667547,499
12,small_leak,2,1336,668047,198
12,small_leak,2,1337,668547,263
12,small_leak,2,1338,669047,213
12,small_leak,2,1339,669547,145
12,small_leak,2,1340,670047,99
12,small_leak,2,1341,670547,37
12,small_leak,2,1342,671047,117
12,small_leak,2,1343,671547,167
12,small_leak,2,1344,672047,43
12,small_leak,2,1345,672547,0
12,small_leak,2,1346,673047,69
12,small_leak,2,1347,673547,29
12,small_leak,2,1348,674047,139
12,small_leak,2,1349,674547,231
12,small_leak,2,1350,675047,143
12,small_leak,2,1351,675547,103
12,small_leak,2,1352,676047,149
12,small_leak,2,1353,676547,78
12,small_leak,2,1354,677047,101
12,small_leak,2,1355,677547,85
12,small_leak,2,1356,678047,87
12,small_leak,2,1357,678547,173
12,small_leak,2,1358,679047,173
12,small_leak,2,1359,679547,124
12,small_leak,2,1360,680047,202
12,small_leak,2,1361,680547,188
12,small_leak,2,1362,681047,165
12,small_leak,2,1363,681547,95
12,small_leak,2,1364,682047,173
12,small_leak,2,1365,682547,175
12,small_leak,2,1366,683047,203
12,small_leak,2,1367,683547,211
12,small_leak,2,1368,684047,211
12,small_leak,2,1369,684547,155
12,small_leak,2,1370,685047,213
12,small_leak,2,1371,685547,232
12,small_leak,2,1372,686047,159
12,small_leak,2,1373,686547,141
12,small_leak,2,1374,687047,122
12,small_leak,2,1375,687547,182
12,small_leak,2,1376,688047,157
12,small_leak,2,1377,688547,234
12,small_leak,2,1378,689047,297
12,small_leak,2,1379,689547,183
12,small_leak,2,1380,690047,315
12,small_leak,2,1381,690547,254
12,small_leak,2,1382,691047,251
12,small_leak,2,1383,691547,221
12,small_leak,2,1384,692047,213
12,small_leak,2,1385,692547,227
12,small_leak,2,1386,693047,261
12,small_leak,2,1387,693547,153
12,small_leak,2,1388,694047,203
12,small_leak,2,1389,694547,121
12,small_leak,2,1390,695047,71
12,small_leak,2,1391,695547,51
12,small_leak,2,1392,696047,4
12,small_leak,2,1393,696547,0
12,small_leak,2,1394,697047,87
12,small_leak,2,1395,697547,41
12,small_leak,2,1396,698047,55
12,small_leak,2,1397,698547,100
12,small_leak,2,1398,699047,154
12,small_leak,2,1399,699547,77
12,small_leak,2,1400,700047,393
12,small_leak,2,1401,700547,153
12,small_leak,2,1402,701047,235
12,small_leak,2,1403,701547,236
12,small_leak,2,1404,702047,327
12,small_leak,2,1405,702547,281
12,small_leak,2,1406,703047,223
12,small_leak,2,1407,703547,261
12,small_leak,2,1408,704047,205
12,small_leak,2,1409,704547,312
12,small_leak,2,1410,705047,307
12,small_leak,2,1411,705547,227
12,small_leak,2,1412,706047,164
12,small_leak,2,1413,706547,135
12,small_leak,2,1414,707047,261
12,small_leak,2,1415,707547,151
12,small_leak,2,1416,708047,205
12,small_leak,2,1417,708547,123
12,small_leak,2,1418,709047,151
12,small_leak,2,1419,709547,141
12,small_leak,2,1420,710047,120
12,small_leak,2,1421,710547,106
12,small_leak,2,1422,711047,285
12,small_leak,2,1423,711547,204
12,small_leak,2,1424,712047,123
12,small_leak,2,1425,712547,107
12,small_leak,2,1426,713047,146
12,small_leak,2,1427,713547,115
12,small_leak,2,1428,714047,137
12,small_leak,2,1429,714547,101
12,small_leak,2,1430,715047,20
12,small_leak,2,1431,715547,48
12,small_leak,2,1432,716047,0
12,small_leak,2,1433,716547,83
12,small_leak,2,1434,717047,22
12,small_leak,2,1435,717547,29
12,small_leak,2,1436,718047,87
12,small_leak,2,1437,718547,53
12,small_leak,2,1438,719047,44
12,small_leak,2,1439,719547,48
12,small_leak,2,1440,720047,29
12,small_leak,2,1441,720547,0
12,small_leak,2,1442,721047,25
12,small_leak,2,1443,721547,55
12,small_leak,2,1444,722047,149
12,small_leak,2,1445,722547,75
12,small_leak,2,1446,723047,31
12,small_leak,2,1447,723547,6
12,small_leak,2,1448,724047,17
12,small_leak,2,1449,724547,49
12,small_leak,2,1450,725047,79
12,small_leak,2,1451,725547,77
12,small_leak,2,1452,726047,61
12,small_leak,2,1453,726547,153
12,small_leak,2,1454,727047,171
12,small_leak,2,1455,727547,269
12,small_leak,2,1456,728047,360
12,small_leak,2,1457,728547,246
12,small_leak,2,1458,729047,153
12,small_leak,2,1459,729547,99
12,small_leak,2,1460,730047,55
12,small_leak,2,1461,730547,182
12,small_leak,2,1462,731047,51
12,small_leak,2,1463,731547,134
12,small_leak,2,1464,732047,189
12,small_leak,2,1465,732547,93
12,small_leak,2,1466,733047,233
12,small_leak,2,1467,733547,303
12,small_leak,2,1468,734047,300
12,small_leak,2,1469,734547,325
12,small_leak,2,1470,735047,411
12,small_leak,2,1471,735547,291
12,small_leak,2,1472,736047,166
12,small_leak,2,1473,736547,139
12,small_leak,2,1474,737047,35
12,small_leak,2,1475,737547,181
12,small_leak,2,1476,738047,73
12,small_leak,2,1477,738547,37
12,small_leak,2,1478,739047,93
12,small_leak,2,1479,739547,93
12,small_leak,2,1480,740047,51
12,small_leak,2,1481,740547,71
12,small_leak,2,1482,741047,25
12,small_leak,2,1483,741547,0
12,small_leak,2,1484,742047,0
12,small_leak,2,1485,742547,0
12,small_leak,2,1486,743047,0
12,small_leak,2,1487,743547,0
12,small_leak,2,1488,744047,0
12,small_leak,2,1489,744547,0
12,small_leak,2,1490,745047,43
12,small_leak,2,1491,745547,83
12,small_leak,2,1492,746047,17
12,small_leak,2,1493,746547,140
12,small_leak,2,1494,747047,116
12,small_leak,2,1495,747547,57
12,small_leak,2,1496,748047,287
12,small_leak,2,1497,748547,211
12,small_leak,2,1498,749047,261
12,small_leak,2,1499,749547,239
12,small_leak,2,1500,750047,300
12,small_leak,2,1501,750547,295
12,small_leak,2,1502,751047,213
12,small_leak,2,1503,751547,313
12,small_leak,2,1504,752047,411
12,small_leak,2,1505,752547,325
12,small_leak,2,1506,753047,316
12,small_leak,2,1507,753547,319
12,small_leak,2,1508,754047,255
12,small_leak,2,1509,754547,201
12,small_leak,2,1510,755047,149
12,small_leak,2,1511,755547,149
12,small_leak,2,1512,756047,89
12,small_leak,2,1513,756547,91
12,small_leak,2,1514,757047,220
12,small_leak,2,1515,757547,141
12,small_leak,2,1516,758047,215
12,small_leak,2,1517,758547,153
12,small_leak,2,1518,759047,341
12,small_leak,2,1519,759547,261
12,small_leak,2,1520,760047,261
12,small_leak,2,1521,760547,266
12,small_leak,2,1522,761047,328
12,small_leak,2,1523,761547,221
12,small_leak,2,1524,762047,242
12,small_leak,2,1525,762547,191
12,small_leak,2,1526,763047,311
12,small_leak,2,1527,763547,115
12,small_leak,2,1528,764047,118
12,small_leak,2,1529,764547,51
12,small_leak,2,1530,765047,61
12,small_leak,2,1531,765547,3
12,small_leak,2,1532,766047,245
12,small_leak,2,1533,766547,75
12,small_leak,2,1534,767047,103
12,small_leak,2,1535,767547,125
12,small_leak,2,1536,768047,29
12,small_leak,2,1537,768547,105
12,small_leak,2,1538,769047,251
12,small_leak,2,1539,769547,341
12,small_leak,2,1540,770047,109
12,small_leak,2,1541,770547,157
12,small_leak,2,1542,771047,347
12,small_leak,2,1543,771547,235
12,small_leak,2,1544,772047,201
12,small_leak,2,1545,772547,253
12,small_leak,2,1546,773047,473
12,small_leak,2,1547,773547,441
12,small_leak,2,1548,774047,542
12,small_leak,2,1549,774547,364
12,small_leak,2,1550,775047,391
12,small_leak,2,1551,775547,283
12,small_leak,2,1552,776047,421
12,small_leak,2,1553,776547,413
12,small_leak,2,1554,777047,306
12,small_leak,2,1555,777547,263
12,small_leak,2,1556,778047,333
12,small_leak,2,1557,778547,341
12,small_leak,2,1558,779047,288
12,small_leak,2,1559,779547,186
12,small_leak,2,1560,780047,153
12,small_leak,2,1561,780547,71
12,small_leak,2,1562,781047,70
12,small_leak,2,1563,781547,6
12,small_leak,2,1564,782047,0
12,small_leak,2,1565,782547,0
12,small_leak,2,1566,783047,0
12,small_leak,2,1567,783547,230
12,small_leak,2,1568,784047,83
12,small_leak,2,1569,784547,136
12,small_leak,2,1570,785047,102
12,small_leak,2,1571,785547,157
12,small_leak,2,1572,786047,149
12,small_leak,2,1573,786547,283
12,small_leak,2,1574,787047,235
12,small_leak,2,1575,787547,308
12,small_leak,2,1576,788047,231
12,small_leak,2,1577,788547,244
12,small_leak,2,1578,789047,179
12,small_leak,2,1579,789547,261
12,small_leak,2,1580,790047,165
12,small_leak,2,1581,790547,91
12,small_leak,2,1582,791047,31
12,small_leak,2,1583,791547,44
12,small_leak,2,1584,792047,52
12,small_leak,2,1585,792547,95
12,small_leak,2,1586,793047,158
12,small_leak,2,1587,793547,109
12,small_leak,2,1588,794047,186
12,small_leak,2,1589,794547,277
12,small_leak,2,1590,795047,143
12,small_leak,2,1591,795547,416
12,small_leak,2,1592,796047,200
12,small_leak,2,1593,796547,155
12,small_leak,2,1594,797047,240
12,small_leak,2,1595,797547,219
12,small_leak,2,1596,798047,199
12,small_leak,2,1597,798547,171
12,small_leak,2,1598,799047,53
12,small_leak,2,1599,799547,1
12,small_leak,2,1600,800047,40
12,small_leak,2,1601,800547,39
12,small_leak,2,1602,801047,30
12,small_leak,2,1603,801547,0
12,small_leak,2,1604,802047,69
12,small_leak,2,1605,802547,8
12,small_leak,2,1606,803047,0
12,small_leak,2,1607,803547,74
12,small_leak,2,1608,804047,249
12,small_leak,2,1609,804547,82
12,small_leak,2,1610,805047,135
12,small_leak,2,1611,805547,141
12,small_leak,2,1612,806047,37
12,small_leak,2,1613,806547,42
12,small_leak,2,1614,807047,9
12,small_leak,2,1615,807547,43
12,small_leak,2,1616,808047,137
12,small_leak,2,1617,808547,105
12,small_leak,2,1618,809047,123
12,small_leak,2,1619,809547,119
12,small_leak,2,1620,810047,105
12,small_leak,2,1621,810547,199
12,small_leak,2,1622,811047,181
12,small_leak,2,1623,811547,200
12,small_leak,2,1624,812047,365
12,small_leak,2,1625,812547,508
12,small_leak,2,1626,813047,284
12,small_leak,2,1627,813547,245
12,small_leak,2,1628,814047,136
12,small_leak,2,1629,814547,123
12,small_leak,2,1630,815047,191
12,small_leak,2,1631,815547,395
12,small_leak,2,1632,816047,245
12,small_leak,2,1633,816547,275
12,small_leak,2,1634,817047,223
12,small_leak,2,1635,817547,286
12,small_leak,2,1636,818047,273
12,small_leak,2,1637,818547,248
12,small_leak,2,1638,819047,118
12,small_leak,2,1639,819547,101
12,small_leak,2,1640,820047,173
12,small_leak,2,1641,820547,153
12,small_leak,2,1642,821047,215
12,small_leak,2,1643,821547,125
12,small_leak,2,1644,822047,206
12,small_leak,2,1645,822547,189
12,small_leak,2,1646,823047,229
12,small_leak,2,1647,823547,199
12,small_leak,2,1648,824047,115
12,small_leak,2,1649,824547,99
12,small_leak,2,1650,825047,18
12,small_leak,2,1651,825547,0
12,small_leak,2,1652,826047,0
12,small_leak,2,1653,826547,0
12,small_leak,2,1654,827047,43
12,small_leak,2,1655,827547,0
12,small_leak,2,1656,828047,142
12,small_leak,2,1657,828547,187
12,small_leak,2,1658,829047,55
12,small_leak,2,1659,829547,1
12,small_leak,2,1660,830047,0
12,small_leak,2,1661,830547,211
12,small_leak,2,1662,831047,146
12,small_leak,2,1663,831547,47
12,small_leak,2,1664,832047,0
12,small_leak,2,1665,832547,8
12,small_leak,2,1666,833047,14
12,small_leak,2,1667,833547,379
12,small_leak,2,1668,834047,123
12,small_leak,2,1669,834547,29
12,small_leak,2,1670,835047,109
12,small_leak,2,1671,835547,299
12,small_leak,2,1672,836047,569
12,small_leak,2,1673,836547,185
12,small_leak,2,1674,837047,211
12,small_leak,2,1675,837547,201
12,small_leak,2,1676,838047,149
12,small_leak,2,1677,838547,87
12,small_leak,2,1678,839047,215
12,small_leak,2,1679,839547,173
12,small_leak,2,1680,840047,247
12,small_leak,2,1681,840547,172
12,small_leak,2,1682,841047,105
12,small_leak,2,1683,841547,21
12,small_leak,2,1684,842047,31
12,small_leak,2,1685,842547,252
12,small_leak,2,1686,843047,289
12,small_leak,2,1687,843547,261
12,small_leak,2,1688,844047,159
12,small_leak,2,1689,844547,46
12,small_leak,2,1690,845047,107
12,small_leak,2,1691,845547,69
12,small_leak,2,1692,846047,75
12,small_leak,2,1693,846547,51
12,small_leak,2,1694,847047,84
12,small_leak,2,1695,847547,68
12,small_leak,2,1696,848047,127
12,small_leak,2,1697,848547,153
12,small_leak,2,1698,849047,41
12,small_leak,2,1699,849547,37
12,small_leak,2,1700,850047,81
12,small_leak,2,1701,850547,91
12,small_leak,2,1702,851047,87
12,small_leak,2,1703,851547,277
12,small_leak,2,1704,852047,102
12,small_leak,2,1705,852547,169
12,small_leak,2,1706,853047,188
12,small_leak,2,1707,853547,190
12,small_leak,2,1708,854047,56
12,small_leak,2,1709,854547,107
12,small_leak,2,1710,855047,192
12,small_leak,2,1711,855547,264
12,small_leak,2,1712,856047,304
12,small_leak,2,1713,856547,383
12,small_leak,2,1714,857047,277
12,small_leak,2,1715,857547,263
12,small_leak,2,1716,858047,309
12,small_leak,2,1717,858547,271
12,small_leak,2,1718,859047,233
12,small_leak,2,1719,859547,311
12,small_leak,2,1720,860047,231
12,small_leak,2,1721,860547,126
12,small_leak,2,1722,861047,41
12,small_leak,2,1723,861547,2
12,small_leak,2,1724,862047,0
12,small_leak,2,1725,862547,26
12,small_leak,2,1726,863047,0
12,small_leak,2,1727,863547,6
12,small_leak,2,1728,864047,94
12,small_leak,2,1729,864547,27
12,small_leak,2,1730,865047,63
12,small_leak,2,1731,865547,157
12,small_leak,2,1732,866047,140
12,small_leak,2,1733,866547,135
12,small_leak,2,1734,867047,231
12,small_leak,2,1735,867547,263
12,small_leak,2,1736,868047,439
12,small_leak,2,1737,868547,253
12,small_leak,2,1738,869047,287
12,small_leak,2,1739,869547,285
12,small_leak,2,1740,870047,251
12,small_leak,2,1741,870547,268
12,small_leak,2,1742,871047,279
12,small_leak,2,1743,871547,139
12,small_leak,2,1744,872047,247
12,small_leak,2,1745,872547,225
12,small_leak,2,1746,873047,311
12,small_leak,2,1747,873547,261
12,small_leak,2,1748,874047,154
12,small_leak,2,1749,874547,202
12,small_leak,2,1750,875047,166
12,small_leak,2,1751,875547,214
12,small_leak,2,1752,876047,169
12,small_leak,2,1753,876547,304
12,small_leak,2,1754,877047,333
12,small_leak,2,1755,877547,217
12,small_leak,2,1756,878047,125
12,small_leak,2,1757,878547,165
12,small_leak,2,1758,879047,175
12,small_leak,2,1759,879547,135
12,small_leak,2,1760,880047,59
12,small_leak,2,1761,880547,79
12,small_leak,2,1762,881047,110
12,small_leak,2,1763,881547,183
12,small_leak,2,1764,882047,228
12,small_leak,2,1765,882547,228
12,small_leak,2,1766,883047,169
12,small_leak,2,1767,883547,167
12,small_leak,2,1768,884048,217
12,small_leak,2,1769,884547,172
12,small_leak,2,1770,885047,125
12,small_leak,2,1771,885547,189
12,small_leak,2,1772,886047,75
12,small_leak,2,1773,886547,137
12,small_leak,2,1774,887047,246
12,small_leak,2,1775,887547,77
12,small_leak,2,1776,888047,60
12,small_leak,2,1777,888547,61
12,small_leak,2,1778,889047,189
12,small_leak,2,1779,889547,134
12,small_leak,2,1780,890047,152
12,small_leak,2,1781,890547,139
12,small_leak,2,1782,891047,109
12,small_leak,2,1783,891547,109
12,small_leak,2,1784,892047,221
12,small_leak,2,1785,892547,93
12,small_leak,2,1786,893047,23
12,small_leak,2,1787,893547,124
12,small_leak,2,1788,894047,237
12,small_leak,2,1789,894547,240
12,small_leak,2,1790,895047,238
12,small_leak,2,1791,895547,147
12,small_leak,2,1792,896047,349
12,small_leak,2,1793,896547,428
12,small_leak,2,1794,897047,276
12,small_leak,2,1795,897547,412
12,small_leak,2,1796,898047,203
12,small_leak,2,1797,898547,281
12,small_leak,2,1798,899047,347
12,small_leak,2,1799,899547,239
12,small_leak,2,1800,900047,379
12,small_leak,2,1801,900547,345
12,small_leak,2,1802,901047,293
12,small_leak,2,1803,901547,339
12,small_leak,2,1804,902047,203
12,small_leak,2,1805,902547,192
12,small_leak,2,1806,903047,169
12,small_leak,2,1807,903547,59
12,small_leak,2,1808,904047,3
12,small_leak,2,1809,904547,0
12,small_leak,2,1810,905047,75
12,small_leak,2,1811,905547,155
12,small_leak,2,1812,906047,223
12,small_leak,2,1813,906547,211
12,small_leak,2,1814,907047,189
12,small_leak,2,1815,907547,233
12,small_leak,2,1816,908047,229
12,small_leak,2,1817,908547,173
12,small_leak,2,1818,909047,108
12,small_leak,2,1819,909547,91
12,small_leak,2,1820,910048,17
12,small_leak,2,1821,910547,120
12,small_leak,2,1822,911047,37
12,small_leak,2,1823,911547,45
12,small_leak,2,1824,912047,30
12,small_leak,2,1825,912547,21
12,small_leak,2,1826,913047,0
12,small_leak,2,1827,913547,0
12,small_leak,2,1828,914047,25
12,small_leak,2,1829,914547,0
12,small_leak,2,1830,915047,0
12,small_leak,2,1831,915547,0
12,small_leak,2,1832,916047,138
12,small_leak,2,1833,916547,152
12,small_leak,2,1834,917047,208
12,small_leak,2,1835,917547,265
12,small_leak,2,1836,918047,267
12,small_leak,2,1837,918547,360
12,small_leak,2,1838,919047,264
12,small_leak,2,1839,919547,215
12,small_leak,2,1840,920047,249
12,small_leak,2,1841,920547,283
12,small_leak,2,1842,921047,616
12,small_leak,2,1843,921547,298
12,small_leak,2,1844,922047,110
12,small_leak,2,1845,922547,358
12,small_leak,2,1846,923047,347
12,small_leak,2,1847,923547,111
12,small_leak,2,1848,924047,248
12,small_leak,2,1849,924547,239
12,small_leak,2,1850,925047,220
12,small_leak,2,1851,925547,229
12,small_leak,2,1852,926047,219
12,small_leak,2,1853,926547,124
12,small_leak,2,1854,927047,63
12,small_leak,2,1855,927547,182
12,small_leak,2,1856,928047,123
12,small_leak,2,1857,928547,39
12,small_leak,2,1858,929047,0
12,small_leak,2,1859,929547,181
12,small_leak,2,1860,930047,245
12,small_leak,2,1861,930547,107
12,small_leak,2,1862,931047,111
12,small_leak,2,1863,931547,23
12,small_leak,2,1864,932047,0
12,small_leak,2,1865,932547,106
12,small_leak,2,1866,933047,205
12,small_leak,2,1867,933547,213
12,small_leak,2,1868,934047,184
12,small_leak,2,1869,934547,263
12,small_leak,2,1870,935047,165
12,small_leak,2,1871,935547,261
12,small_leak,2,1872,936047,179
12,small_leak,2,1873,936547,347
12,small_leak,2,1874,937047,266
12,small_leak,2,1875,937547,254
12,small_leak,2,1876,938047,226
12,small_leak,2,1877,938547,441
12,small_leak,2,1878,939047,237
12,small_leak,2,1879,939547,283
12,small_leak,2,1880,940047,269
12,small_leak,2,1881,940547,483
12,small_leak,2,1882,941047,329
12,small_leak,2,1883,941547,115
12,small_leak,2,1884,942047,279
12,small_leak,2,1885,942547,223
12,small_leak,2,1886,943047,263
12,small_leak,2,1887,943547,296
12,small_leak,2,1888,944047,505
12,small_leak,2,1889,944547,221
12,small_leak,2,1890,945047,87
12,small_leak,2,1891,945547,275
12,small_leak,2,1892,946047,291
12,small_leak,2,1893,946547,174
12,small_leak,2,1894,947047,227
12,small_leak,2,1895,947547,201
12,small_leak,2,1896,948047,188
12,small_leak,2,1897,948547,118
12,small_leak,2,1898,949047,210
12,small_leak,2,1899,949547,149
12,small_leak,2,1900,950047,38
12,small_leak,2,1901,950547,97
12,small_leak,2,1902,951047,126
12,small_leak,2,1903,951547,163
12,small_leak,2,1904,952047,43
12,small_leak,2,1905,952547,0
12,small_leak,2,1906,953047,0
12,small_leak,2,1907,953547,0
12,small_leak,2,1908,954047,0
12,small_leak,2,1909,954547,91
12,small_leak,2,1910,955048,155
12,small_leak,2,1911,955547,95
12,small_leak,2,1912,956047,106
12,small_leak,2,1913,956547,31
12,small_leak,2,1914,957047,169
12,small_leak,2,1915,957547,95
12,small_leak,2,1916,958047,77
12,small_leak,2,1917,958547,71
12,small_leak,2,1918,959047,17
12,small_leak,2,1919,959547,99
12,small_leak,2,1920,960047,59
12,small_leak,2,1921,960547,41
12,small_leak,2,1922,961047,199
12,small_leak,2,1923,961547,191
12,small_leak,2,1924,962047,219
12,small_leak,2,1925,962547,325
12,small_leak,2,1926,963047,187
12,small_leak,2,1927,963547,149
12,small_leak,2,1928,964047,104
12,small_leak,2,1929,964547,251
12,small_leak,2,1930,965047,119
12,small_leak,2,1931,965547,203
12,small_leak,2,1932,966047,93
12,small_leak,2,1933,966547,105
12,small_leak,2,1934,967047,73
12,small_leak,2,1935,967547,41
12,small_leak,2,1936,968047,0
12,small_leak,2,1937,968547,0
12,small_leak,2,1938,969047,0
12,small_leak,2,1939,969547,0
12,small_leak,2,1940,970047,59
12,small_leak,2,1941,970547,7
12,small_leak,2,1942,971047,0
12,small_leak,2,1943,971547,99
12,small_leak,2,1944,972047,153
12,small_leak,2,1945,972547,158
12,small_leak,2,1946,973047,252
12,small_leak,2,1947,973547,254
12,small_leak,2,1948,974047,353
12,small_leak,2,1949,974547,427
12,small_leak,2,1950,975047,395
12,small_leak,2,1951,975547,453
12,small_leak,2,1952,976047,397
12,small_leak,2,1953,976547,293
12,small_leak,2,1954,977047,279
12,small_leak,2,1955,977547,93
12,small_leak,2,1956,978047,215
12,small_leak,2,1957,978547,123
12,small_leak,2,1958,979047,52
12,small_leak,2,1959,979547,31
12,small_leak,2,1960,980047,87
12,small_leak,2,1961,980547,51
12,small_leak,2,1962,981047,41
12,small_leak,2,1963,981547,12
12,small_leak,2,1964,982047,89
12,small_leak,2,1965,982547,13
12,small_leak,2,1966,983047,26
12,small_leak,2,1967,983547,41
12,small_leak,2,1968,984047,0
12,small_leak,2,1969,984547,133
12,small_leak,2,1970,985047,87
12,small_leak,2,1971,985547,40
12,small_leak,2,1972,986047,0
12,small_leak,2,1973,986547,71
12,small_leak,2,1974,987047,229
12,small_leak,2,1975,987547,84
12,small_leak,2,1976,988047,345
12,small_leak,2,1977,988547,215
12,small_leak,2,1978,989047,227
12,small_leak,2,1979,989547,285
12,small_leak,2,1980,990047,261
12,small_leak,2,1981,990547,302
12,small_leak,2,1982,991047,181
12,small_leak,2,1983,991547,125
12,small_leak,2,1984,992047,51
12,small_leak,2,1985,992547,99
12,small_leak,2,1986,993047,207
12,small_leak,2,1987,993547,103
12,small_leak,2,1988,994047,36
12,small_leak,2,1989,994547,73
12,small_leak,2,1990,995047,88
12,small_leak,2,1991,995547,13
12,small_leak,2,1992,996047,249
12,small_leak,2,1993,996547,88
12,small_leak,2,1994,997047,93
12,small_leak,2,1995,997547,46
12,small_leak,2,1996,998047,1
12,small_leak,2,1997,998547,212
12,small_leak,2,1998,999047,286
12,small_leak,2,1999,999547,157
12,small_leak,3,0,48,123
12,small_leak,3,1,547,101
12,small_leak,3,2,1047,59
12,small_leak,3,3,1547,63
12,small_leak,3,4,2047,117
12,small_leak,3,5,2547,101
12,small_leak,3,6,3047,233
12,small_leak,3,7,3547,149
12,small_leak,3,8,4047,107
12,small_leak,3,9,4547,140
12,small_leak,3,10,5047,75
12,small_leak,3,11,5547,89
12,small_leak,3,12,6047,315
12,small_leak,3,13,6547,155
12,small_leak,3,14,7047,144
12,small_leak,3,15,7547,36
12,small_leak,3,16,8047,38
12,small_leak,3,17,8547,141
12,small_leak,3,18,9047,136
12,small_leak,3,19,9547,123
12,small_leak,3,20,10047,51
12,small_leak,3,21,10547,111
12,small_leak,3,22,11047,165
12,small_leak,3,23,11547,244
12,small_leak,3,24,12047,243
12,small_leak,3,25,12547,280
12,small_leak,3,26,13047,244
12,small_leak,3,27,13547,107
12,small_leak,3,28,14047,175
12,small_leak,3,29,14547,240
12,small_leak,3,30,15047,217
12,small_leak,3,31,15547,348
12,small_leak,3,32,16047,221
12,small_leak,3,33,16547,229
12,small_leak,3,34,17047,330
12,small_leak,3,35,17547,171
12,small_leak,3,36,18047,47
12,small_leak,3,37,18547,124
12,small_leak,3,38,19047,125
12,small_leak,3,39,19547,171
12,small_leak,3,40,20047,168
12,small_leak,3,41,20547,286
12,small_leak,3,42,21047,211
12,small_leak,3,43,21547,238
12,small_leak,3,44,22047,263
12,small_leak,3,45,22547,171
12,small_leak,3,46,23047,105
12,small_leak,3,47,23547,31
12,small_leak,3,48,24047,99
12,small_leak,3,49,24547,235
12,small_leak,3,50,25047,140
12,small_leak,3,51,25547,143
12,small_leak,3,52,26047,142
12,small_leak,3,53,26547,101
12,small_leak,3,54,27047,107
12,small_leak,3,55,27547,153
12,small_leak,3,56,28047,62
12,small_leak,3,57,28547,91
12,small_leak,3,58,29047,108
12,small_leak,3,59,29547,89
12,small_leak,3,60,30047,103
12,small_leak,3,61,30547,173
12,small_leak,3,62,31047,160
12,small_leak,3,63,31547,104
12,small_leak,3,64,32047,95
12,small_leak,3,65,32547,379
12,small_leak,3,66,33047,123
12,small_leak,3,67,33547,205
12,small_leak,3,68,34047,259
12,small_leak,3,69,34547,233
12,small_leak,3,70,35047,162
12,small_leak,3,71,35547,80
12,small_leak,3,72,36047,69
12,small_leak,3,73,36547,142
12,small_leak,3,74,37047,141
12,small_leak,3,75,37547,53
12,small_leak,3,76,38047,159
12,small_leak,3,77,38547,51
12,small_leak,3,78,39047,19
12,small_leak,3,79,39547,186
12,small_leak,3,80,40047,181
12,small_leak,3,81,40547,213
12,small_leak,3,82,41047,77
12,small_leak,3,83,41547,223
12,small_leak,3,84,42047,215
12,small_leak,3,85,42547,118
12,small_leak,3,86,43047,333
12,small_leak,3,87,43547,205
12,small_leak,3,88,44047,197
12,small_leak,3,89,44547,251
12,small_leak,3,90,45047,147
12,small_leak,3,91,45547,314
12,small_leak,3,92,46047,219
12,small_leak,3,93,46547,249
12,small_leak,3,94,47047,159
12,small_leak,3,95,47547,115
12,small_leak,3,96,48047,84
12,small_leak,3,97,48547,101
12,small_leak,3,98,49047,191
12,small_leak,3,99,49547,169
12,small_leak,3,100,50047,234
12,small_leak,3,101,50547,381
12,small_leak,3,102,51047,123
12,small_leak,3,103,51547,278
12,small_leak,3,104,52047,139
12,small_leak,3,105,52547,153
12,small_leak,3,106,53047,41
12,small_leak,3,107,53547,57
12,small_leak,3,108,54047,52
12,small_leak,3,109,54547,12
12,small_leak,3,110,55047,2
12,small_leak,3,111,55547,0
12,small_leak,3,112,56047,41
12,small_leak,3,113,56547,136
12,small_leak,3,114,57047,179
12,small_leak,3,115,57547,223
12,small_leak,3,116,58047,204
12,small_leak,3,117,58547,163
12,small_leak,3,118,59047,76
12,small_leak,3,119,59547,88
12,small_leak,3,120,60047,173
12,small_leak,3,121,60547,179
12,small_leak,3,122,61047,151
12,small_leak,3,123,61547,239
12,small_leak,3,124,62047,235
12,small_leak,3,125,62547,148
12,small_leak,3,126,63047,287
12,small_leak,3,127,63547,307
12,small_leak,3,128,64047,175
12,small_leak,3,129,64547,281
12,small_leak,3,130,65047,249
12,small_leak,3,131,65547,173
12,small_leak,3,132,66047,123
12,small_leak,3,133,66547,153
12,small_leak,3,134,67047,137
12,small_leak,3,135,67547,89
12,small_leak,3,136,68047,75
12,small_leak,3,137,68547,71
12,small_leak,3,138,69047,6
12,small_leak,3,139,69547,0
12,small_leak,3,140,70047,0
12,small_leak,3,141,70547,55
12,small_leak,3,142,71047,3
12,small_leak,3,143,71547,307
12,small_leak,3,144,72047,167
12,small_leak,3,145,72547,77
12,small_leak,3,146,73047,246
12,small_leak,3,147,73547,106
12,small_leak,3,148,74047,167
12,small_leak,3,149,74547,307
12,small_leak,3,150,75047,173
12,small_leak,3,151,75547,309
12,small_leak,3,152,76047,404
12,small_leak,3,153,76547,329
12,small_leak,3,154,77047,204
12,small_leak,3,155,77547,125
12,small_leak,3,156,78047,278
12,small_leak,3,157,78547,153
12,small_leak,3,158,79047,79
12,small_leak,3,159,79547,164
12,small_leak,3,160,80047,59
12,small_leak,3,161,80547,79
12,small_leak,3,162,81047,119
12,small_leak,3,163,81547,86
12,small_leak,3,164,82047,13
12,small_leak,3,165,82547,249
12,small_leak,3,166,83047,154
12,small_leak,3,167,83547,181
12,small_leak,3,168,84047,94
12,small_leak,3,169,84547,17
12,small_leak,3,170,85047,117
12,small_leak,3,171,85547,89
12,small_leak,3,172,86047,115
12,small_leak,3,173,86547,137
12,small_leak,3,174,87047,179
12,small_leak,3,175,87547,139
12,small_leak,3,176,88047,89
12,small_leak,3,177,88547,126
12,small_leak,3,178,89047,173
12,small_leak,3,179,89547,102
12,small_leak,3,180,90047,160
12,small_leak,3,181,90547,105
12,small_leak,3,182,91047,154
12,small_leak,3,183,91547,152
12,small_leak,3,184,92047,181
12,small_leak,3,185,92547,103
12,small_leak,3,186,93047,118
12,small_leak,3,187,93547,77
12,small_leak,3,188,94047,121
12,small_leak,3,189,94547,83
12,small_leak,3,190,95047,171
12,small_leak,3,191,95547,117
12,small_leak,3,192,96047,149
12,small_leak,3,193,96547,265
12,small_leak,3,194,97047,318
12,small_leak,3,195,97547,237
12,small_leak,3,196,98047,212
12,small_leak,3,197,98547,216
12,small_leak,3,198,99047,157
12,small_leak,3,199,99547,301
12,small_leak,3,200,100047,106
12,small_leak,3,201,100547,156
12,small_leak,3,202,101047,126
12,small_leak,3,203,101547,119
12,small_leak,3,204,102047,186
12,small_leak,3,205,102547,147
12,small_leak,3,206,103047,201
12,small_leak,3,207,103547,149
12,small_leak,3,208,104047,185
12,small_leak,3,209,104547,117
12,small_leak,3,210,105047,93
12,small_leak,3,211,105547,171
12,small_leak,3,212,106047,214
12,small_leak,3,213,106547,268
12,small_leak,3,214,107047,347
12,small_leak,3,215,107547,277
12,small_leak,3,216,108047,276
12,small_leak,3,217,108547,254
12,small_leak,3,218,109047,202
12,small_leak,3,219,109547,217
12,small_leak,3,220,110047,239
12,small_leak,3,221,110547,221
12,small_leak,3,222,111047,99
12,small_leak,3,223,111547,131
12,small_leak,3,224,112047,125
12,small_leak,3,225,112547,41
12,small_leak,3,226,113047,174
12,small_leak,3,227,113547,74
12,small_leak,3,228,114047,169
12,small_leak,3,229,114547,69
12,small_leak,3,230,115047,152
12,small_leak,3,231,115547,109
12,small_leak,3,232,116047,72
12,small_leak,3,233,116547,75
12,small_leak,3,234,117047,9
12,small_leak,3,235,117547,118
12,small_leak,3,236,118047,43
12,small_leak,3,237,118547,0
12,small_leak,3,238,119047,0
12,small_leak,3,239,119547,0
12,small_leak,3,240,120047,51
12,small_leak,3,241,120547,122
12,small_leak,3,242,121047,116
12,small_leak,3,243,121547,11
12,small_leak,3,244,122047,66
12,small_leak,3,245,122547,79
12,small_leak,3,246,123047,93
12,small_leak,3,247,123547,75
12,small_leak,3,248,124047,67
12,small_leak,3,249,124547,152
12,small_leak,3,250,125047,265
12,small_leak,3,251,125547,87
12,small_leak,3,252,126047,245
12,small_leak,3,253,126547,111
12,small_leak,3,254,127047,63
12,small_leak,3,255,127547,275
12,small_leak,3,256,128047,200
12,small_leak,3,257,128547,117
12,small_leak,3,258,129047,173
12,small_leak,3,259,129547,163
12,small_leak,3,260,130047,117
12,small_leak,3,261,130547,211
12,small_leak,3,262,131047,382
12,small_leak,3,263,131547,440
12,small_leak,3,264,132047,401
12,small_leak,3,265,132547,370
12,small_leak,3,266,133047,293
12,small_leak,3,267,133547,425
12,small_leak,3,268,134047,537
12,small_leak,3,269,134547,371
12,small_leak,3,270,135047,221
12,small_leak,3,271,135547,175
12,small_leak,3,272,136047,115
12,small_leak,3,273,136547,239
12,small_leak,3,274,137047,342
12,small_leak,3,275,137547,109
12,small_leak,3,276,138047,251
12,small_leak,3,277,138547,127
12,small_leak,3,278,139047,183
12,small_leak,3,279,139547,107
12,small_leak,3,280,140047,77
12,small_leak,3,281,140547,25
12,small_leak,3,282,141047,61
12,small_leak,3,283,141547,171
12,small_leak,3,284,142047,52
12,small_leak,3,285,142547,2
12,small_leak,3,286,143047,0
12,small_leak,3,287,143547,0
12,small_leak,3,288,144047,20
12,small_leak,3,289,144547,101
12,small_leak,3,290,145047,91
12,small_leak,3,291,145547,105
12,small_leak,3,292,146047,87
12,small_leak,3,293,146547,116
12,small_leak,3,294,147047,215
12,small_leak,3,295,147547,181
12,small_leak,3,296,148047,189
12,small_leak,3,297,148547,62
12,small_leak,3,298,149047,138
12,small_leak,3,299,149547,328
12,small_leak,3,300,150047,139
12,small_leak,3,301,150547,294
12,small_leak,3,302,151047,266
12,small_leak,3,303,151547,295
12,small_leak,3,304,152047,475
12,small_leak,3,305,152547,425
12,small_leak,3,306,153047,380
12,small_leak,3,307,153547,405
12,small_leak,3,308,154047,349
12,small_leak,3,309,154547,205
12,small_leak,3,310,155047,355
12,small_leak,3,311,155547,261
12,small_leak,3,312,156047,415
12,small_leak,3,313,156547,272
12,small_leak,3,314,157047,190
12,small_leak,3,315,157547,99
12,small_leak,3,316,158047,41
12,small_leak,3,317,158547,107
12,small_leak,3,318,159047,184
12,small_leak,3,319,159547,204
12,small_leak,3,320,160047,77
12,small_leak,3,321,160547,11
12,small_leak,3,322,161047,0
12,small_leak,3,323,161547,91
12,small_leak,3,324,162047,71
12,small_leak,3,325,162547,73
12,small_leak,3,326,163047,9
12,small_leak,3,327,163547,7
12,small_leak,3,328,164047,0
12,small_leak,3,329,164547,0
12,small_leak,3,330,165048,1
12,small_leak,3,331,165547,0
12,small_leak,3,332,166047,0
12,small_leak,3,333,166547,0
12,small_leak,3,334,167047,0
12,small_leak,3,335,167547,0
12,small_leak,3,336,168047,0
12,small_leak,3,337,168547,127
12,small_leak,3,338,169047,156
12,small_leak,3,339,169547,263
12,small_leak,3,340,170047,328
12,small_leak,3,341,170547,269
12,small_leak,3,342,171047,159
12,small_leak,3,343,171547,157
12,small_leak,3,344,172047,181
12,small_leak,3,345,172547,199
12,small_leak,3,346,173047,124
12,small_leak,3,347,173547,165
12,small_leak,3,348,174047,87
12,small_leak,3,349,174547,109
12,small_leak,3,350,175047,141
12,small_leak,3,351,175547,60
12,small_leak,3,352,176047,182
12,small_leak,3,353,176547,187
12,small_leak,3,354,177047,209
12,small_leak,3,355,177547,249
12,small_leak,3,356,178047,207
12,small_leak,3,357,178547,185
12,small_leak,3,358,179047,157
12,small_leak,3,359,179547,295
12,small_leak,3,360,180047,156
12,small_leak,3,361,180547,285
12,small_leak,3,362,181047,285
12,small_leak,3,363,181547,246
12,small_leak,3,364,182047,291
12,small_leak,3,365,182547,251
12,small_leak,3,366,183047,295
12,small_leak,3,367,183547,221
12,small_leak,3,368,184047,262
12,small_leak,3,369,184547,295
12,small_leak,3,370,185047,359
12,small_leak,3,371,185547,217
12,small_leak,3,372,186047,167
12,small_leak,3,373,186547,243
12,small_leak,3,374,187047,220
12,small_leak,3,375,187547,239
12,small_leak,3,376,188047,85
12,small_leak,3,377,188547,117
12,small_leak,3,378,189047,158
12,small_leak,3,379,189547,179
12,small_leak,3,380,190047,110
12,small_leak,3,381,190547,109
12,small_leak,3,382,191047,156
12,small_leak,3,383,191547,171
12,small_leak,3,384,192047,197
12,small_leak,3,385,192547,267
12,small_leak,3,386,193047,219
12,small_leak,3,387,193547,186
12,small_leak,3,388,194047,100
12,small_leak,3,389,194547,124
12,small_leak,3,390,195047,75
12,small_leak,3,391,195547,251
12,small_leak,3,392,196047,99
12,small_leak,3,393,196547,105
12,small_leak,3,394,197047,85
12,small_leak,3,395,197547,68
12,small_leak,3,396,198047,100
12,small_leak,3,397,198547,95
12,small_leak,3,398,199047,93
12,small_leak,3,399,199547,99
12,small_leak,3,400,200047,279
12,small_leak,3,401,200547,157
12,small_leak,3,402,201047,165
12,small_leak,3,403,201547,101
12,small_leak,3,404,202047,85
12,small_leak,3,405,202547,299
12,small_leak,3,406,203047,239
12,small_leak,3,407,203547,235
12,small_leak,3,408,204047,233
12,small_leak,3,409,204547,231
12,small_leak,3,410,205047,211
12,small_leak,3,411,205547,239
12,small_leak,3,412,206047,164
12,small_leak,3,413,206547,187
12,small_leak,3,414,207047,127
12,small_leak,3,415,207547,100
12,small_leak,3,416,208047,105
12,small_leak,3,417,208547,119
12,small_leak,3,418,209047,125
12,small_leak,3,419,209547,155
12,small_leak,3,420,210047,228
12,small_leak,3,421,210547,93
12,small_leak,3,422,211047,149
12,small_leak,3,423,211547,101
12,small_leak,3,424,212047,171
12,small_leak,3,425,212547,156
12,small_leak,3,426,213047,205
12,small_leak,3,427,213547,245
12,small_leak,3,428,214047,265
12,small_leak,3,429,214547,263
12,small_leak,3,430,215047,179
12,small_leak,3,431,215547,148
12,small_leak,3,432,216047,148
12,small_leak,3,433,216547,147
12,small_leak,3,434,217047,137
12,small_leak,3,435,217547,175
12,small_leak,3,436,218047,181
12,small_leak,3,437,218547,83
12,small_leak,3,438,219047,149
12,small_leak,3,439,219547,100
12,small_leak,3,440,220047,133
12,small_leak,3,441,220547,29
12,small_leak,3,442,221047,119
12,small_leak,3,443,221547,154
12,small_leak,3,444,222047,187
12,small_leak,3,445,222547,107
12,small_leak,3,446,223047,67
12,small_leak,3,447,223547,87
12,small_leak,3,448,224047,83
12,small_leak,3,449,224547,136
12,small_leak,3,450,225047,121
12,small_leak,3,451,225547,148
12,small_leak,3,452,226047,183
12,small_leak,3,453,226547,284
12,small_leak,3,454,227047,229
12,small_leak,3,455,227547,299
12,small_leak,3,456,228047,212
12,small_leak,3,457,228547,183
12,small_leak,3,458,229047,155
12,small_leak,3,459,229547,71
12,small_leak,3,460,230047,230
12,small_leak,3,461,230547,109
12,small_leak,3,462,231047,61
12,small_leak,3,463,231547,3
12,small_leak,3,464,232047,151
12,small_leak,3,465,232547,73
12,small_leak,3,466,233047,108
12,small_leak,3,467,233547,85
12,small_leak,3,468,234047,174
12,small_leak,3,469,234547,92
12,small_leak,3,470,235047,38
12,small_leak,3,471,235547,149
12,small_leak,3,472,236047,261
12,small_leak,3,473,236547,137
12,small_leak,3,474,237047,87
12,small_leak,3,475,237547,163
12,small_leak,3,476,238047,200
12,small_leak,3,477,238547,197
12,small_leak,3,478,239047,95
12,small_leak,3,479,239547,101
12,small_leak,3,480,240047,175
12,small_leak,3,481,240547,45
12,small_leak,3,482,241047,75
12,small_leak,3,483,241547,99
12,small_leak,3,484,242047,30
12,small_leak,3,485,242547,27
12,small_leak,3,486,243047,42
12,small_leak,3,487,243547,9
12,small_leak,3,488,244047,77
12,small_leak,3,489,244547,269
12,small_leak,3,490,245047,215
12,small_leak,3,491,245547,284
12,small_leak,3,492,246047,265
12,small_leak,3,493,246547,281
12,small_leak,3,494,247047,395
12,small_leak,3,495,247547,229
12,small_leak,3,496,248047,140
12,small_leak,3,497,248547,31
12,small_leak,3,498,249047,311
12,small_leak,3,499,249547,180
12,small_leak,3,500,250047,71
12,small_leak,3,501,250547,37
12,small_leak,3,502,251047,56
12,small_leak,3,503,251547,97
12,small_leak,3,504,252047,75
12,small_leak,3,505,252547,7
12,small_leak,3,506,253047,0
12,small_leak,3,507,253547,19
12,small_leak,3,508,254047,48
12,small_leak,3,509,254547,0
12,small_leak,3,510,255047,0
12,small_leak,3,511,255547,3
12,small_leak,3,512,256047,0
12,small_leak,3,513,256547,0
12,small_leak,3,514,257047,91
12,small_leak,3,515,257547,93
12,small_leak,3,516,258047,17
12,small_leak,3,517,258547,0
12,small_leak,3,518,259047,299
12,small_leak,3,519,259547,263
12,small_leak,3,520,260047,278
12,small_leak,3,521,260547,215
12,small_leak,3,522,261047,232
12,small_leak,3,523,261547,227
12,small_leak,3,524,262047,283
12,small_leak,3,525,262547,171
12,small_leak,3,526,263047,55
12,small_leak,3,527,263547,339
12,small_leak,3,528,264047,427
12,small_leak,3,529,264547,348
12,small_leak,3,530,265047,365
12,small_leak,3,531,265547,269
12,small_leak,3,532,266047,341
12,small_leak,3,533,266547,217
12,small_leak,3,534,267047,232
12,small_leak,3,535,267547,247
12,small_leak,3,536,268047,221
12,small_leak,3,537,268547,249
12,small_leak,3,538,269047,159
12,small_leak,3,539,269547,42
12,small_leak,3,540,270047,221
12,small_leak,3,541,270547,69
12,small_leak,3,542,271047,6
12,small_leak,3,543,271547,119
12,small_leak,3,544,272047,239
12,small_leak,3,545,272547,73
12,small_leak,3,546,273047,213
12,small_leak,3,547,273547,107
12,small_leak,3,548,274047,136
12,small_leak,3,549,274547,47
12,small_leak,3,550,275047,111
12,small_leak,3,551,275547,204
12,small_leak,3,552,276047,186
12,small_leak,3,553,276547,436
12,small_leak,3,554,277047,312
12,small_leak,3,555,277547,299
12,small_leak,3,556,278047,175
12,small_leak,3,557,278547,191
12,small_leak,3,558,279047,116
12,small_leak,3,559,279547,155
12,small_leak,3,560,280047,223
12,small_leak,3,561,280547,216
12,small_leak,3,562,281047,246
12,small_leak,3,563,281547,255
12,small_leak,3,564,282047,249
12,small_leak,3,565,282547,261
12,small_leak,3,566,283047,297
12,small_leak,3,567,283547,333
12,small_leak,3,568,284047,244
12,small_leak,3,569,284547,278
12,small_leak,3,570,285047,236
12,small_leak,3,571,285547,219
12,small_leak,3,572,286047,102
12,small_leak,3,573,286547,133
12,small_leak,3,574,287047,155
12,small_leak,3,575,287547,278
12,small_leak,3,576,288047,221
12,small_leak,3,577,288547,246
12,small_leak,3,578,289047,181
12,small_leak,3,579,289547,317
12,small_leak,3,580,290047,277
12,small_leak,3,581,290547,105
12,small_leak,3,582,291047,138
12,small_leak,3,583,291547,43
12,small_leak,3,584,292047,25
12,small_leak,3,585,292547,83
12,small_leak,3,586,293047,232
12,small_leak,3,587,293547,244
12,small_leak,3,588,294047,217
12,small_leak,3,589,294547,108
12,small_leak,3,590,295047,131
12,small_leak,3,591,295547,200
12,small_leak,3,592,296047,106
12,small_leak,3,593,296547,227
12,small_leak,3,594,297047,149
12,small_leak,3,595,297547,227
12,small_leak,3,596,298047,151
12,small_leak,3,597,298547,207
12,small_leak,3,598,299047,157
12,small_leak,3,599,299547,141
12,small_leak,3,600,300047,125
12,small_leak,3,601,300547,107
12,small_leak,3,602,301047,39
12,small_leak,3,603,301547,71
12,small_leak,3,604,302047,102
12,small_leak,3,605,302547,117
12,small_leak,3,606,303047,134
12,small_leak,3,607,303547,213
12,small_leak,3,608,304047,153
12,small_leak,3,609,304547,214
12,small_leak,3,610,305047,89
12,small_leak,3,611,305547,87
12,small_leak,3,612,306047,239
12,small_leak,3,613,306547,125
12,small_leak,3,614,307047,29
12,small_leak,3,615,307547,121
12,small_leak,3,616,308047,134
12,small_leak,3,617,308547,110
12,small_leak,3,618,309047,127
12,small_leak,3,619,309547,248
12,small_leak,3,620,310047,217
12,small_leak,3,621,310547,215
12,small_leak,3,622,311047,205
12,small_leak,3,623,311547,174
12,small_leak,3,624,312047,121
12,small_leak,3,625,312547,93
12,small_leak,3,626,313047,108
12,small_leak,3,627,313547,231
12,small_leak,3,628,314047,123
12,small_leak,3,629,314547,182
12,small_leak,3,630,315047,163
12,small_leak,3,631,315547,183
12,small_leak,3,632,316047,169
12,small_leak,3,633,316547,45
12,small_leak,3,634,317047,155
12,small_leak,3,635,317547,41
12,small_leak,3,636,318047,103
12,small_leak,3,637,318547,181
12,small_leak,3,638,319047,55
12,small_leak,3,639,319547,0
12,small_leak,3,640,320047,5
12,small_leak,3,641,320547,96
12,small_leak,3,642,321047,45
12,small_leak,3,643,321547,36
12,small_leak,3,644,322047,82
12,small_leak,3,645,322547,109
12,small_leak,3,646,323047,101
12,small_leak,3,647,323547,89
12,small_leak,3,648,324047,201
12,small_leak,3,649,324547,287
12,small_leak,3,650,325047,467
12,small_leak,3,651,325547,523
12,small_leak,3,652,326047,543
12,small_leak,3,653,326547,435
12,small_leak,3,654,327047,389
12,small_leak,3,655,327547,421
12,small_leak,3,656,328047,207
12,small_leak,3,657,328547,159
12,small_leak,3,658,329047,311
12,small_leak,3,659,329547,317
12,small_leak,3,660,330047,233
12,small_leak,3,661,330547,284
12,small_leak,3,662,331047,115
12,small_leak,3,663,331547,288
12,small_leak,3,664,332047,110
12,small_leak,3,665,332547,75
12,small_leak,3,666,333047,94
12,small_leak,3,667,333547,78
12,small_leak,3,668,334047,9
12,small_leak,3,669,334547,22
12,small_leak,3,670,335047,12
12,small_leak,3,671,335547,44
12,small_leak,3,672,336047,127
12,small_leak,3,673,336547,61
12,small_leak,3,674,337047,57
12,small_leak,3,675,337547,37
12,small_leak,3,676,338047,53
12,small_leak,3,677,338547,63
12,small_leak,3,678,339047,44
12,small_leak,3,679,339547,93
12,small_leak,3,680,340047,159
12,small_leak,3,681,340547,69
12,small_leak,3,682,341047,17
12,small_leak,3,683,341547,43
12,small_leak,3,684,342047,58
12,small_leak,3,685,342547,205
12,small_leak,3,686,343047,61
12,small_leak,3,687,343547,174
12,small_leak,3,688,344047,79
12,small_leak,3,689,344547,57
12,small_leak,3,690,345047,151
12,small_leak,3,691,345547,57
12,small_leak,3,692,346047,3
12,small_leak,3,693,346547,0
12,small_leak,3,694,347047,22
12,small_leak,3,695,347547,180
12,small_leak,3,696,348047,51
12,small_leak,3,697,348547,82
12,small_leak,3,698,349047,55
12,small_leak,3,699,349547,175
12,small_leak,3,700,350047,205
12,small_leak,3,701,350547,59
12,small_leak,3,702,351047,203
12,small_leak,3,703,351547,153
12,small_leak,3,704,352047,214
12,small_leak,3,705,352547,212
12,small_leak,3,706,353047,157
12,small_leak,3,707,353547,87
12,small_leak,3,708,354047,38
12,small_leak,3,709,354547,7
12,small_leak,3,710,355047,123
12,small_leak,3,711,355547,73
12,small_leak,3,712,356047,8
12,small_leak,3,713,356547,0
12,small_leak,3,714,357047,0
12,small_leak,3,715,357547,79
12,small_leak,3,716,358047,216
12,small_leak,3,717,358547,141
12,small_leak,3,718,359047,167
12,small_leak,3,719,359547,147
12,small_leak,3,720,360047,192
12,small_leak,3,721,360547,104
12,small_leak,3,722,361047,25
12,small_leak,3,723,361547,243
12,small_leak,3,724,362047,143
12,small_leak,3,725,362547,58
12,small_leak,3,726,363047,25
12,small_leak,3,727,363547,134
12,small_leak,3,728,364047,411
12,small_leak,3,729,364547,135
12,small_leak,3,730,365047,85
12,small_leak,3,731,365547,118
12,small_leak,3,732,366047,122
12,small_leak,3,733,366547,83
12,small_leak,3,734,367047,173
12,small_leak,3,735,367547,436
12,small_leak,3,736,368047,212
12,small_leak,3,737,368547,147
12,small_leak,3,738,369047,217
12,small_leak,3,739,369547,273
12,small_leak,3,740,370047,298
12,small_leak,3,741,370547,207
12,small_leak,3,742,371047,105
12,small_leak,3,743,371547,19
12,small_leak,3,744,372047,0
12,small_leak,3,745,372547,78
12,small_leak,3,746,373047,168
12,small_leak,3,747,373547,45
12,small_leak,3,748,374047,269
12,small_leak,3,749,374547,166
12,small_leak,3,750,375047,217
12,small_leak,3,751,375547,234
12,small_leak,3,752,376047,242
12,small_leak,3,753,376547,295
12,small_leak,3,754,377047,146
12,small_leak,3,755,377547,155
12,small_leak,3,756,378047,45
12,small_leak,3,757,378547,239
12,small_leak,3,758,379047,152
12,small_leak,3,759,379547,135
12,small_leak,3,760,380047,186
12,small_leak,3,761,380547,107
12,small_leak,3,762,381047,131
12,small_leak,3,763,381547,28
12,small_leak,3,764,382047,93
12,small_leak,3,765,382547,151
12,small_leak,3,766,383047,143
12,small_leak,3,767,383547,244
12,small_leak,3,768,384047,83
12,small_leak,3,769,384547,75
12,small_leak,3,770,385047,8
12,small_leak,3,771,385547,125
12,small_leak,3,772,386047,219
12,small_leak,3,773,386547,139
12,small_leak,3,774,387047,165
12,small_leak,3,775,387547,108
12,small_leak,3,776,388047,227
12,small_leak,3,777,388547,220
12,small_leak,3,778,389047,133
12,small_leak,3,779,389547,30
12,small_leak,3,780,390047,245
12,small_leak,3,781,390547,269
12,small_leak,3,782,391047,533
12,small_leak,3,783,391547,255
12,small_leak,3,784,392047,303
12,small_leak,3,785,392547,226
12,small_leak,3,786,393047,335
12,small_leak,3,787,393547,356
12,small_leak,3,788,394047,283
12,small_leak,3,789,394547,259
12,small_leak,3,790,395047,319
12,small_leak,3,791,395547,244
12,small_leak,3,792,396047,191
12,small_leak,3,793,396547,109
12,small_leak,3,794,397047,265
12,small_leak,3,795,397547,183
12,small_leak,3,796,398047,319
12,small_leak,3,797,398547,188
12,small_leak,3,798,399047,204
12,small_leak,3,799,399547,213
12,small_leak,3,800,400047,249
12,small_leak,3,801,400547,167
12,small_leak,3,802,401047,100
12,small_leak,3,803,401547,169
12,small_leak,3,804,402047,205
12,small_leak,3,805,402547,83
12,small_leak,3,806,403047,159
12,small_leak,3,807,403547,237
12,small_leak,3,808,404047,114
12,small_leak,3,809,404547,99
12,small_leak,3,810,405047,133
12,small_leak,3,811,405547,153
12,small_leak,3,812,406047,303
12,small_leak,3,813,406547,227
12,small_leak,3,814,407047,157
12,small_leak,3,815,407547,472
12,small_leak,3,816,408047,311
12,small_leak,3,817,408547,139
12,small_leak,3,818,409047,137
12,small_leak,3,819,409547,233
12,small_leak,3,820,410048,103
12,small_leak,3,821,410547,175
12,small_leak,3,822,411047,227
12,small_leak,3,823,411547,159
12,small_leak,3,824,412047,173
12,small_leak,3,825,412547,183
12,small_leak,3,826,413047,223
12,small_leak,3,827,413547,275
12,small_leak,3,828,414047,87
12,small_leak,3,829,414547,214
12,small_leak,3,830,415047,61
12,small_leak,3,831,415547,184
12,small_leak,3,832,416047,174
12,small_leak,3,833,416547,277
12,small_leak,3,834,417047,211
12,small_leak,3,835,417547,274
12,small_leak,3,836,418047,123
12,small_leak,3,837,418547,235
12,small_leak,3,838,419047,183
12,small_leak,3,839,419547,167
12,small_leak,3,840,420047,167
12,small_leak,3,841,420547,189
12,small_leak,3,842,421047,111
12,small_leak,3,843,421547,85
12,small_leak,3,844,422047,164
12,small_leak,3,845,422547,42
12,small_leak,3,846,423047,73
12,small_leak,3,847,423547,189
12,small_leak,3,848,424047,135
12,small_leak,3,849,424547,123
12,small_leak,3,850,425047,25
12,small_leak,3,851,425547,0
12,small_leak,3,852,426047,85
12,small_leak,3,853,426547,92
12,small_leak,3,854,427047,221
12,small_leak,3,855,427547,68
12,small_leak,3,856,428047,216
12,small_leak,3,857,428547,133
12,small_leak,3,858,429047,116
12,small_leak,3,859,429547,213
12,small_leak,3,860,430047,213
12,small_leak,3,861,430547,235
12,small_leak,3,862,431047,355
12,small_leak,3,863,431547,265
12,small_leak,3,864,432047,205
12,small_leak,3,865,432547,335
12,small_leak,3,866,433047,411
12,small_leak,3,867,433547,380
12,small_leak,3,868,434047,355
12,small_leak,3,869,434547,353
12,small_leak,3,870,435047,309
12,small_leak,3,871,435547,363
12,small_leak,3,872,436047,298
12,small_leak,3,873,436547,231
12,small_leak,3,874,437047,165
12,small_leak,3,875,437547,135
12,small_leak,3,876,438047,165
12,small_leak,3,877,438547,107
12,small_leak,3,878,439047,125
12,small_leak,3,879,439547,87
12,small_leak,3,880,440047,55
12,small_leak,3,881,440547,2
12,small_leak,3,882,441047,73
12,small_leak,3,883,441547,87
12,small_leak,3,884,442047,111
12,small_leak,3,885,442547,111
12,small_leak,3,886,443047,28
12,small_leak,3,887,443547,25
12,small_leak,3,888,444047,293
12,small_leak,3,889,444547,211
12,small_leak,3,890,445047,204
12,small_leak,3,891,445547,149
12,small_leak,3,892,446047,201
12,small_leak,3,893,446547,150
12,small_leak,3,894,447047,151
12,small_leak,3,895,447547,75
12,small_leak,3,896,448047,47
12,small_leak,3,897,448547,53
12,small_leak,3,898,449047,59
12,small_leak,3,899,449547,85
12,small_leak,3,900,450047,45
12,small_leak,3,901,450547,75
12,small_leak,3,902,451047,174
12,small_leak,3,903,451547,89
12,small_leak,3,904,452047,168
12,small_leak,3,905,452547,43
12,small_leak,3,906,453047,175
12,small_leak,3,907,453547,77
12,small_leak,3,908,454047,118
12,small_leak,3,909,454547,117
12,small_leak,3,910,455048,103
12,small_leak,3,911,455547,101
12,small_leak,3,912,456047,171
12,small_leak,3,913,456547,178
12,small_leak,3,914,457047,154
12,small_leak,3,915,457547,143
12,small_leak,3,916,458047,149
12,small_leak,3,917,458547,293
12,small_leak,3,918,459047,93
12,small_leak,3,919,459547,158
12,small_leak,3,920,460047,41
12,small_leak,3,921,460547,183
12,small_leak,3,922,461047,93
12,small_leak,3,923,461547,153
12,small_leak,3,924,462047,157
12,small_leak,3,925,462547,109
12,small_leak,3,926,463047,79
12,small_leak,3,927,463547,98
12,small_leak,3,928,464047,61
12,small_leak,3,929,464547,247
12,small_leak,3,930,465047,265
12,small_leak,3,931,465547,349
12,small_leak,3,932,466047,214
12,small_leak,3,933,466547,236
12,small_leak,3,934,467047,179
12,small_leak,3,935,467547,288
12,small_leak,3,936,468047,402
12,small_leak,3,937,468547,215
12,small_leak,3,938,469047,213
12,small_leak,3,939,469547,99
12,small_leak,3,940,470047,137
12,small_leak,3,941,470547,121
12,small_leak,3,942,471047,183
12,small_leak,3,943,471547,236
12,small_leak,3,944,472047,134
12,small_leak,3,945,472547,40
12,small_leak,3,946,473047,181
12,small_leak,3,947,473547,49
12,small_leak,3,948,474047,83
12,small_leak,3,949,474547,115
12,small_leak,3,950,475047,111
12,small_leak,3,951,475547,24
12,small_leak,3,952,476047,115
12,small_leak,3,953,476547,167
12,small_leak,3,954,477047,107
12,small_leak,3,955,477547,21
12,small_leak,3,956,478047,0
12,small_leak,3,957,478547,250
12,small_leak,3,958,479047,227
12,small_leak,3,959,479547,73
12,small_leak,3,960,480047,93
12,small_leak,3,961,480547,192
12,small_leak,3,962,481047,175
12,small_leak,3,963,481547,409
12,small_leak,3,964,482047,269
12,small_leak,3,965,482547,201
12,small_leak,3,966,483047,220
12,small_leak,3,967,483547,291
12,small_leak,3,968,484047,120
12,small_leak,3,969,484547,163
12,small_leak,3,970,485047,169
12,small_leak,3,971,485547,75
12,small_leak,3,972,486047,9
12,small_leak,3,973,486547,0
12,small_leak,3,974,487047,9
12,small_leak,3,975,487547,0
12,small_leak,3,976,488047,0
12,small_leak,3,977,488547,0
12,small_leak,3,978,489047,0
12,small_leak,3,979,489547,0
12,small_leak,3,980,490047,0
12,small_leak,3,981,490547,54
12,small_leak,3,982,491047,265
12,small_leak,3,983,491547,103
12,small_leak,3,984,492047,117
12,small_leak,3,985,492547,131
12,small_leak,3,986,493047,127
12,small_leak,3,987,493547,237
12,small_leak,3,988,494047,75
12,small_leak,3,989,494547,163
12,small_leak,3,990,495047,61
12,small_leak,3,991,495547,135
12,small_leak,3,992,496047,180
12,small_leak,3,993,496547,147
12,small_leak,3,994,497047,163
12,small_leak,3,995,497547,188
12,small_leak,3,996,498047,223
12,small_leak,3,997,498547,357
12,small_leak,3,998,499047,329
12,small_leak,3,999,499547,409
12,small_leak,3,1000,500047,436
12,small_leak,3,1001,500547,589
12,small_leak,3,1002,501047,342
12,small_leak,3,1003,501547,244
12,small_leak,3,1004,502047,275
12,small_leak,3,1005,502547,165
12,small_leak,3,1006,503048,60
12,small_leak,3,1007,503547,239
12,small_leak,3,1008,504047,228
12,small_leak,3,1009,504547,341
12,small_leak,3,1010,505047,280
12,small_leak,3,1011,505547,283
12,small_leak,3,1012,506047,239
12,small_leak,3,1013,506547,156
12,small_leak,3,1014,507047,246
12,small_leak,3,1015,507547,190
12,small_leak,3,1016,508047,169
12,small_leak,3,1017,508547,295
12,small_leak,3,1018,509047,132
12,small_leak,3,1019,509547,262
12,small_leak,3,1020,510047,186
12,small_leak,3,1021,510547,269
12,small_leak,3,1022,511047,213
12,small_leak,3,1023,511547,199
12,small_leak,3,1024,512047,101
12,small_leak,3,1025,512547,55
12,small_leak,3,1026,513047,53
12,small_leak,3,1027,513547,75
12,small_leak,3,1028,514047,106
12,small_leak,3,1029,514547,229
12,small_leak,3,1030,515047,72
12,small_leak,3,1031,515547,133
12,small_leak,3,1032,516047,140
12,small_leak,3,1033,516547,179
12,small_leak,3,1034,517047,251
12,small_leak,3,1035,517547,215
12,small_leak,3,1036,518047,281
12,small_leak,3,1037,518547,263
12,small_leak,3,1038,519047,265
12,small_leak,3,1039,519547,237
12,small_leak,3,1040,520047,371
12,small_leak,3,1041,520547,459
12,small_leak,3,1042,521047,275
12,small_leak,3,1043,521547,237
12,small_leak,3,1044,522047,251
12,small_leak,3,1045,522547,265
12,small_leak,3,1046,523048,188
12,small_leak,3,1047,523547,151
12,small_leak,3,1048,524047,296
12,small_leak,3,1049,524547,233
12,small_leak,3,1050,525047,342
12,small_leak,3,1051,525547,254
12,small_leak,3,1052,526047,231
12,small_leak,3,1053,526547,153
12,small_leak,3,1054,527047,331
12,small_leak,3,1055,527547,231
12,small_leak,3,1056,528047,340
12,small_leak,3,1057,528547,344
12,small_leak,3,1058,529047,299
12,small_leak,3,1059,529547,239
12,small_leak,3,1060,530047,217
12,small_leak,3,1061,530547,104
12,small_leak,3,1062,531047,119
12,small_leak,3,1063,531547,155
12,small_leak,3,1064,532047,88
12,small_leak,3,1065,532547,125
12,small_leak,3,1066,533047,82
12,small_leak,3,1067,533547,119
12,small_leak,3,1068,534047,69
12,small_leak,3,1069,534547,58
12,small_leak,3,1070,535047,2
12,small_leak,3,1071,535547,0
12,small_leak,3,1072,536047,167
12,small_leak,3,1073,536547,101
12,small_leak,3,1074,537047,21
12,small_leak,3,1075,537547,0
12,small_leak,3,1076,538047,26
12,small_leak,3,1077,538547,4
12,small_leak,3,1078,539047,45
12,small_leak,3,1079,539547,71
12,small_leak,3,1080,540047,296
12,small_leak,3,1081,540547,273
12,small_leak,3,1082,541047,283
12,small_leak,3,1083,541547,299
12,small_leak,3,1084,542047,286
12,small_leak,3,1085,542547,284
12,small_leak,3,1086,543047,297
12,small_leak,3,1087,543547,378
12,small_leak,3,1088,544047,235
12,small_leak,3,1089,544547,311
12,small_leak,3,1090,545047,268
12,small_leak,3,1091,545547,199
12,small_leak,3,1092,546047,147
12,small_leak,3,1093,546547,169
12,small_leak,3,1094,547047,181
12,small_leak,3,1095,547547,81
12,small_leak,3,1096,548047,40
12,small_leak,3,1097,548547,36
12,small_leak,3,1098,549047,0
12,small_leak,3,1099,549547,229
12,small_leak,3,1100,550047,73
12,small_leak,3,1101,550547,29
12,small_leak,3,1102,551047,62
12,small_leak,3,1103,551547,221
12,small_leak,3,1104,552047,142
12,small_leak,3,1105,552547,200
12,small_leak,3,1106,553047,57
12,small_leak,3,1107,553547,22
12,small_leak,3,1108,554047,0
12,small_leak,3,1109,554547,0
12,small_leak,3,1110,555047,0
12,small_leak,3,1111,555547,0
12,small_leak,3,1112,556047,0
12,small_leak,3,1113,556547,0
12,small_leak,3,1114,557047,0
12,small_leak,3,1115,557547,91
12,small_leak,3,1116,558047,227
12,small_leak,3,1117,558547,116
12,small_leak,3,1118,559047,187
12,small_leak,3,1119,559547,179
12,small_leak,3,1120,560047,235
12,small_leak,3,1121,560547,171
12,small_leak,3,1122,561047,108
12,small_leak,3,1123,561547,72
12,small_leak,3,1124,562047,212
12,small_leak,3,1125,562547,372
12,small_leak,3,1126,563047,312
12,small_leak,3,1127,563547,135
12,small_leak,3,1128,564047,503
12,small_leak,3,1129,564547,550
12,small_leak,3,1130,565047,277
12,small_leak,3,1131,565547,499
12,small_leak,3,1132,566047,618
12,small_leak,3,1133,566547,580
12,small_leak,3,1134,567047,475
12,small_leak,3,1135,567547,409
12,small_leak,3,1136,568047,288
12,small_leak,3,1137,568547,421
12,small_leak,3,1138,569047,281
12,small_leak,3,1139,569547,207
12,small_leak,3,1140,570047,227
12,small_leak,3,1141,570547,209
12,small_leak,3,1142,571047,119
12,small_leak,3,1143,571547,111
12,small_leak,3,1144,572047,25
12,small_leak,3,1145,572547,25
12,small_leak,3,1146,573047,0
12,small_leak,3,1147,573547,0
12,small_leak,3,1148,574047,0
12,small_leak,3,1149,574547,0
12,small_leak,3,1150,575047,0
12,small_leak,3,1151,575547,0
12,small_leak,3,1152,576047,0
12,small_leak,3,1153,576547,0
12,small_leak,3,1154,577047,0
12,small_leak,3,1155,577547,0
12,small_leak,3,1156,578047,21
12,small_leak,3,1157,578547,135
12,small_leak,3,1158,579047,74
12,small_leak,3,1159,579547,75
12,small_leak,3,1160,580047,36
12,small_leak,3,1161,580547,170
12,small_leak,3,1162,581047,189
12,small_leak,3,1163,581547,164
12,small_leak,3,1164,582047,285
12,small_leak,3,1165,582547,279
12,small_leak,3,1166,583047,218
12,small_leak,3,1167,583547,263
12,small_leak,3,1168,584047,279
12,small_leak,3,1169,584547,345
12,small_leak,3,1170,585047,218
12,small_leak,3,1171,585547,251
12,small_leak,3,1172,586047,183
12,small_leak,3,1173,586547,478
12,small_leak,3,1174,587047,375
12,small_leak,3,1175,587547,292
12,small_leak,3,1176,588047,157
12,small_leak,3,1177,588547,83
12,small_leak,3,1178,589047,41
12,small_leak,3,1179,589547,7
12,small_leak,3,1180,590047,41
12,small_leak,3,1181,590547,143
12,small_leak,3,1182,591047,185
12,small_leak,3,1183,591547,107
12,small_leak,3,1184,592047,159
12,small_leak,3,1185,592547,267
12,small_leak,3,1186,593047,199
12,small_leak,3,1187,593547,56
12,small_leak,3,1188,594047,147
12,small_leak,3,1189,594547,123
12,small_leak,3,1190,595047,151
12,small_leak,3,1191,595547,40
12,small_leak,3,1192,596047,233
12,small_leak,3,1193,596547,108
12,small_leak,3,1194,597047,47
12,small_leak,3,1195,597547,0
12,small_leak,3,1196,598047,0
12,small_leak,3,1197,598547,0
12,small_leak,3,1198,599047,0
12,small_leak,3,1199,599547,0
12,small_leak,3,1200,600047,0
12,small_leak,3,1201,600547,0
12,small_leak,3,1202,601047,0
12,small_leak,3,1203,601547,0
12,small_leak,3,1204,602047,127
12,small_leak,3,1205,602547,40
12,small_leak,3,1206,603047,72
12,small_leak,3,1207,603547,71
12,small_leak,3,1208,604047,8
12,small_leak,3,1209,604547,0
12,small_leak,3,1210,605047,51
12,small_leak,3,1211,605547,297
12,small_leak,3,1212,606047,367
12,small_leak,3,1213,606547,351
12,small_leak,3,1214,607047,383
12,small_leak,3,1215,607547,487
12,small_leak,3,1216,608047,300
12,small_leak,3,1217,608547,391
12,small_leak,3,1218,609047,379
12,small_leak,3,1219,609547,347
12,small_leak,3,1220,610047,265
12,small_leak,3,1221,610547,230
12,small_leak,3,1222,611047,325
12,small_leak,3,1223,611547,311
12,small_leak,3,1224,612047,327
12,small_leak,3,1225,612547,296
12,small_leak,3,1226,613047,291
12,small_leak,3,1227,613547,95
12,small_leak,3,1228,614047,275
12,small_leak,3,1229,614547,141
12,small_leak,3,1230,615047,36
12,small_leak,3,1231,615547,61
12,small_leak,3,1232,616047,118
12,small_leak,3,1233,616547,191
12,small_leak,3,1234,617047,168
12,small_leak,3,1235,617547,151
12,small_leak,3,1236,618047,99
12,small_leak,3,1237,618547,19
12,small_leak,3,1238,619047,0
12,small_leak,3,1239,619547,245
12,small_leak,3,1240,620047,303
12,small_leak,3,1241,620547,143
12,small_leak,3,1242,621047,204
12,small_leak,3,1243,621547,135
12,small_leak,3,1244,622047,40
12,small_leak,3,1245,622547,0
12,small_leak,3,1246,623047,150
12,small_leak,3,1247,623547,109
12,small_leak,3,1248,624047,211
12,small_leak,3,1249,624547,181
12,small_leak,3,1250,625047,355
12,small_leak,3,1251,625547,277
12,small_leak,3,1252,626048,215
12,small_leak,3,1253,626547,229
12,small_leak,3,1254,627047,179
12,small_leak,3,1255,627547,149
12,small_leak,3,1256,628047,268
12,small_leak,3,1257,628547,288
12,small_leak,3,1258,629047,191
12,small_leak,3,1259,629547,179
12,small_leak,3,1260,630047,100
12,small_leak,3,1261,630547,141
12,small_leak,3,1262,631047,68
12,small_leak,3,1263,631547,240
12,small_leak,3,1264,632047,101
12,small_leak,3,1265,632547,83
12,small_leak,3,1266,633047,67
12,small_leak,3,1267,633547,345
12,small_leak,3,1268,634047,109
12,small_leak,3,1269,634547,143
12,small_leak,3,1270,635047,89
12,small_leak,3,1271,635547,124
12,small_leak,3,1272,636047,118
12,small_leak,3,1273,636547,153
12,small_leak,3,1274,637047,93
12,small_leak,3,1275,637547,93
12,small_leak,3,1276,638047,141
12,small_leak,3,1277,638547,267
12,small_leak,3,1278,639047,103
12,small_leak,3,1279,639547,116
12,small_leak,3,1280,640047,308
12,small_leak,3,1281,640547,154
12,small_leak,3,1282,641047,47
12,small_leak,3,1283,641547,155
12,small_leak,3,1284,642047,172
12,small_leak,3,1285,642547,167
12,small_leak,3,1286,643047,215
12,small_leak,3,1287,643547,239
12,small_leak,3,1288,644047,139
12,small_leak,3,1289,644547,183
12,small_leak,3,1290,645047,230
12,small_leak,3,1291,645547,183
12,small_leak,3,1292,646047,151
12,small_leak,3,1293,646547,181
12,small_leak,3,1294,647047,295
12,small_leak,3,1295,647547,221
12,small_leak,3,1296,648047,175
12,small_leak,3,1297,648547,157
12,small_leak,3,1298,649047,175
12,small_leak,3,1299,649547,47
12,small_leak,3,1300,650047,43
12,small_leak,3,1301,650547,85
12,small_leak,3,1302,651047,171
12,small_leak,3,1303,651547,86
12,small_leak,3,1304,652047,69
12,small_leak,3,1305,652547,72
12,small_leak,3,1306,653047,31
12,small_leak,3,1307,653547,215
12,small_leak,3,1308,654047,203
12,small_leak,3,1309,654547,179
12,small_leak,3,1310,655047,223
12,small_leak,3,1311,655547,115
12,small_leak,3,1312,656047,227
12,small_leak,3,1313,656547,311
12,small_leak,3,1314,657047,145
12,small_leak,3,1315,657547,163
12,small_leak,3,1316,658047,103
12,small_leak,3,1317,658547,211
12,small_leak,3,1318,659047,155
12,small_leak,3,1319,659547,135
12,small_leak,3,1320,660047,43
12,small_leak,3,1321,660547,11
12,small_leak,3,1322,661047,21
12,small_leak,3,1323,661547,63
12,small_leak,3,1324,662047,341
12,small_leak,3,1325,662547,285
12,small_leak,3,1326,663047,145
12,small_leak,3,1327,663547,45
12,small_leak,3,1328,664047,0
12,small_leak,3,1329,664547,20
12,small_leak,3,1330,665047,153
12,small_leak,3,1331,665547,205
12,small_leak,3,1332,666047,232
12,small_leak,3,1333,666547,184
12,small_leak,3,1334,667047,175
12,small_leak,3,1335,667547,153
12,small_leak,3,1336,668047,217
12,small_leak,3,1337,668547,236
12,small_leak,3,1338,669047,308
12,small_leak,3,1339,669547,311
12,small_leak,3,1340,670047,398
12,small_leak,3,1341,670547,459
12,small_leak,3,1342,671047,333
12,small_leak,3,1343,671547,313
12,small_leak,3,1344,672047,217
12,small_leak,3,1345,672547,223
12,small_leak,3,1346,673047,155
12,small_leak,3,1347,673547,117
12,small_leak,3,1348,674047,171
12,small_leak,3,1349,674547,56
12,small_leak,3,1350,675047,31
12,small_leak,3,1351,675547,0
12,small_leak,3,1352,676047,0
12,small_leak,3,1353,676547,0
12,small_leak,3,1354,677047,0
12,small_leak,3,1355,677547,0
12,small_leak,3,1356,678047,37
12,small_leak,3,1357,678547,6
12,small_leak,3,1358,679047,47
12,small_leak,3,1359,679547,0
12,small_leak,3,1360,680047,51
12,small_leak,3,1361,680547,3
12,small_leak,3,1362,681047,67
12,small_leak,3,1363,681547,5
12,small_leak,3,1364,682047,68
12,small_leak,3,1365,682547,70
12,small_leak,3,1366,683047,205
12,small_leak,3,1367,683547,201
12,small_leak,3,1368,684047,122
12,small_leak,3,1369,684547,117
12,small_leak,3,1370,685047,134
12,small_leak,3,1371,685547,159
12,small_leak,3,1372,686047,139
12,small_leak,3,1373,686547,381
12,small_leak,3,1374,687047,199
12,small_leak,3,1375,687547,281
12,small_leak,3,1376,688047,117
12,small_leak,3,1377,688547,165
12,small_leak,3,1378,689047,143
12,small_leak,3,1379,689547,210
12,small_leak,3,1380,690047,114
12,small_leak,3,1381,690547,184
12,small_leak,3,1382,691047,165
12,small_leak,3,1383,691547,147
12,small_leak,3,1384,692047,357
12,small_leak,3,1385,692547,283
12,small_leak,3,1386,693047,235
12,small_leak,3,1387,693547,397
12,small_leak,3,1388,694048,280
12,small_leak,3,1389,694547,295
12,small_leak,3,1390,695047,309
12,small_leak,3,1391,695547,277
12,small_leak,3,1392,696047,290
12,small_leak,3,1393,696547,345
12,small_leak,3,1394,697047,173
12,small_leak,3,1395,697547,167
12,small_leak,3,1396,698047,179
12,small_leak,3,1397,698547,115
12,small_leak,3,1398,699048,57
12,small_leak,3,1399,699547,107
12,small_leak,3,1400,700047,174
12,small_leak,3,1401,700547,85
12,small_leak,3,1402,701047,54
12,small_leak,3,1403,701547,79
12,small_leak,3,1404,702047,95
12,small_leak,3,1405,702547,71
12,small_leak,3,1406,703047,81
12,small_leak,3,1407,703547,31
12,small_leak,3,1408,704047,77
12,small_leak,3,1409,704547,9
12,small_leak,3,1410,705048,150
12,small_leak,3,1411,705547,48
12,small_leak,3,1412,706047,271
12,small_leak,3,1413,706547,149
12,small_leak,3,1414,707047,189
12,small_leak,3,1415,707547,125
12,small_leak,3,1416,708047,153
12,small_leak,3,1417,708547,167
12,small_leak,3,1418,709047,171
12,small_leak,3,1419,709547,214
12,small_leak,3,1420,710047,199
12,small_leak,3,1421,710547,247
12,small_leak,3,1422,711047,163
12,small_leak,3,1423,711547,165
12,small_leak,3,1424,712047,159
12,small_leak,3,1425,712547,205
12,small_leak,3,1426,713047,189
12,small_leak,3,1427,713547,170
12,small_leak,3,1428,714047,93
12,small_leak,3,1429,714547,62
12,small_leak,3,1430,715047,99
12,small_leak,3,1431,715547,99
12,small_leak,3,1432,716047,233
12,small_leak,3,1433,716547,101
12,small_leak,3,1434,717047,88
12,small_leak,3,1435,717547,77
12,small_leak,3,1436,718047,121
12,small_leak,3,1437,718547,217
12,small_leak,3,1438,719047,275
12,small_leak,3,1439,719547,163
12,small_leak,3,1440,720047,159
12,small_leak,3,1441,720547,93
12,small_leak,3,1442,721047,83
12,small_leak,3,1443,721547,181
12,small_leak,3,1444,722047,316
12,small_leak,3,1445,722547,159
12,small_leak,3,1446,723047,211
12,small_leak,3,1447,723547,265
12,small_leak,3,1448,724047,205
12,small_leak,3,1449,724547,120
12,small_leak,3,1450,725047,184
12,small_leak,3,1451,725547,79
12,small_leak,3,1452,726047,219
12,small_leak,3,1453,726547,122
12,small_leak,3,1454,727047,175
12,small_leak,3,1455,727547,182
12,small_leak,3,1456,728047,218
12,small_leak,3,1457,728547,233
12,small_leak,3,1458,729047,228
12,small_leak,3,1459,729547,230
12,small_leak,3,1460,730047,233
12,small_leak,3,1461,730547,218
12,small_leak,3,1462,731047,201
12,small_leak,3,1463,731547,254
12,small_leak,3,1464,732047,83
12,small_leak,3,1465,732547,22
12,small_leak,3,1466,733047,47
12,small_leak,3,1467,733547,9
12,small_leak,3,1468,734047,0
12,small_leak,3,1469,734547,0
12,small_leak,3,1470,735047,0
12,small_leak,3,1471,735547,23
12,small_leak,3,1472,736047,39
12,small_leak,3,1473,736547,0
12,small_leak,3,1474,737047,0
12,small_leak,3,1475,737547,117
12,small_leak,3,1476,738047,39
12,small_leak,3,1477,738547,4
12,small_leak,3,1478,739047,0
12,small_leak,3,1479,739547,104
12,small_leak,3,1480,740047,23
12,small_leak,3,1481,740547,185
12,small_leak,3,1482,741047,231
12,small_leak,3,1483,741547,227
12,small_leak,3,1484,742047,351
12,small_leak,3,1485,742547,413
12,small_leak,3,1486,743047,318
12,small_leak,3,1487,743547,333
12,small_leak,3,1488,744047,250
12,small_leak,3,1489,744547,305
12,small_leak,3,1490,745047,263
12,small_leak,3,1491,745547,187
12,small_leak,3,1492,746047,97
12,small_leak,3,1493,746547,67
12,small_leak,3,1494,747047,6
12,small_leak,3,1495,747547,1
12,small_leak,3,1496,748047,17
12,small_leak,3,1497,748547,123
12,small_leak,3,1498,749047,310
12,small_leak,3,1499,749547,191
12,small_leak,3,1500,750047,343
12,small_leak,3,1501,750547,133
12,small_leak,3,1502,751047,178
12,small_leak,3,1503,751547,96
12,small_leak,3,1504,752047,165
12,small_leak,3,1505,752547,185
12,small_leak,3,1506,753047,283
12,small_leak,3,1507,753547,249
12,small_leak,3,1508,754047,164
12,small_leak,3,1509,754547,211
12,small_leak,3,1510,755047,277
12,small_leak,3,1511,755547,249
12,small_leak,3,1512,756047,293
12,small_leak,3,1513,756547,197
12,small_leak,3,1514,757047,183
12,small_leak,3,1515,757547,78
12,small_leak,3,1516,758047,10
12,small_leak,3,1517,758547,0
12,small_leak,3,1518,759047,0
12,small_leak,3,1519,759547,0
12,small_leak,3,1520,760047,0
12,small_leak,3,1521,760547,0
12,small_leak,3,1522,761047,95
12,small_leak,3,1523,761547,108
12,small_leak,3,1524,762047,26
12,small_leak,3,1525,762547,104
12,small_leak,3,1526,763047,225
12,small_leak,3,1527,763547,263
12,small_leak,3,1528,764047,382
12,small_leak,3,1529,764547,371
12,small_leak,3,1530,765047,427
12,small_leak,3,1531,765547,409
12,small_leak,3,1532,766047,359
12,small_leak,3,1533,766547,121
12,small_leak,3,1534,767047,327
12,small_leak,3,1535,767547,155
12,small_leak,3,1536,768047,199
12,small_leak,3,1537,768547,245
12,small_leak,3,1538,769047,285
12,small_leak,3,1539,769547,211
12,small_leak,3,1540,770047,243
12,small_leak,3,1541,770547,207
12,small_leak,3,1542,771047,222
12,small_leak,3,1543,771547,235
12,small_leak,3,1544,772047,437
12,small_leak,3,1545,772547,413
12,small_leak,3,1546,773047,476
12,small_leak,3,1547,773547,354
12,small_leak,3,1548,774047,293
12,small_leak,3,1549,774547,277
12,small_leak,3,1550,775047,325
12,small_leak,3,1551,775547,216
12,small_leak,3,1552,776047,245
12,small_leak,3,1553,776547,155
12,small_leak,3,1554,777047,229
12,small_leak,3,1555,777547,77
12,small_leak,3,1556,778047,147
12,small_leak,3,1557,778547,37
12,small_leak,3,1558,779047,0
12,small_leak,3,1559,779547,0
12,small_leak,3,1560,780047,99
12,small_leak,3,1561,780547,55
12,small_leak,3,1562,781047,93
12,small_leak,3,1563,781547,71
12,small_leak,3,1564,782047,31
12,small_leak,3,1565,782547,102
12,small_leak,3,1566,783047,30
12,small_leak,3,1567,783547,126
12,small_leak,3,1568,784047,73
12,small_leak,3,1569,784547,31
12,small_leak,3,1570,785047,118
12,small_leak,3,1571,785547,173
12,small_leak,3,1572,786047,95
12,small_leak,3,1573,786547,420
12,small_leak,3,1574,787048,341
12,small_leak,3,1575,787547,355
12,small_leak,3,1576,788047,281
12,small_leak,3,1577,788547,192
12,small_leak,3,1578,789047,297
12,small_leak,3,1579,789547,233
12,small_leak,3,1580,790047,236
12,small_leak,3,1581,790547,270
12,small_leak,3,1582,791047,265
12,small_leak,3,1583,791547,253
12,small_leak,3,1584,792047,261
12,small_leak,3,1585,792547,265
12,small_leak,3,1586,793048,219
12,small_leak,3,1587,793547,153
12,small_leak,3,1588,794047,157
12,small_leak,3,1589,794547,151
12,small_leak,3,1590,795047,101
12,small_leak,3,1591,795547,159
12,small_leak,3,1592,796047,102
12,small_leak,3,1593,796547,211
12,small_leak,3,1594,797047,143
12,small_leak,3,1595,797547,207
12,small_leak,3,1596,798047,171
12,small_leak,3,1597,798547,110
12,small_leak,3,1598,799047,127
12,small_leak,3,1599,799547,137
12,small_leak,3,1600,800047,71
12,small_leak,3,1601,800547,53
12,small_leak,3,1602,801047,67
12,small_leak,3,1603,801547,121
12,small_leak,3,1604,802047,109
12,small_leak,3,1605,802547,95
12,small_leak,3,1606,803047,82
12,small_leak,3,1607,803547,84
12,small_leak,3,1608,804047,20
12,small_leak,3,1609,804547,107
12,small_leak,3,1610,805047,36
12,small_leak,3,1611,805547,26
12,small_leak,3,1612,806047,1
12,small_leak,3,1613,806547,204
12,small_leak,3,1614,807047,313
12,small_leak,3,1615,807547,501
12,small_leak,3,1616,808047,197
12,small_leak,3,1617,808547,357
12,small_leak,3,1618,809047,349
12,small_leak,3,1619,809547,314
12,small_leak,3,1620,810047,303
12,small_leak,3,1621,810547,439
12,small_leak,3,1622,811047,461
12,small_leak,3,1623,811547,263
12,small_leak,3,1624,812047,173
12,small_leak,3,1625,812547,217
12,small_leak,3,1626,813047,180
12,small_leak,3,1627,813547,201
12,small_leak,3,1628,814047,112
12,small_leak,3,1629,814547,74
12,small_leak,3,1630,815047,153
12,small_leak,3,1631,815547,39
12,small_leak,3,1632,816047,85
12,small_leak,3,1633,816547,57
12,small_leak,3,1634,817048,71
12,small_leak,3,1635,817547,83
12,small_leak,3,1636,818047,12
12,small_leak,3,1637,818547,73
12,small_leak,3,1638,819047,39
12,small_leak,3,1639,819547,59
12,small_leak,3,1640,820047,229
12,small_leak,3,1641,820547,73
12,small_leak,3,1642,821047,29
12,small_leak,3,1643,821547,85
12,small_leak,3,1644,822047,56
12,small_leak,3,1645,822547,108
12,small_leak,3,1646,823047,23
12,small_leak,3,1647,823547,171
12,small_leak,3,1648,824047,156
12,small_leak,3,1649,824547,189
12,small_leak,3,1650,825047,199
12,small_leak,3,1651,825547,157
12,small_leak,3,1652,826047,205
12,small_leak,3,1653,826547,163
12,small_leak,3,1654,827047,207
12,small_leak,3,1655,827547,249
12,small_leak,3,1656,828047,156
12,small_leak,3,1657,828547,91
12,small_leak,3,1658,829047,55
12,small_leak,3,1659,829547,111
12,small_leak,3,1660,830047,189
12,small_leak,3,1661,830547,93
12,small_leak,3,1662,831047,245
12,small_leak,3,1663,831547,75
12,small_leak,3,1664,832047,201
12,small_leak,3,1665,832547,93
12,small_leak,3,1666,833047,73
12,small_leak,3,1667,833547,185
12,small_leak,3,1668,834047,141
12,small_leak,3,1669,834547,312
12,small_leak,3,1670,835047,248
12,small_leak,3,1671,835547,201
12,small_leak,3,1672,836047,250
12,small_leak,3,1673,836547,362
12,small_leak,3,1674,837047,269
12,small_leak,3,1675,837547,407
12,small_leak,3,1676,838047,267
12,small_leak,3,1677,838547,270
12,small_leak,3,1678,839047,157
12,small_leak,3,1679,839547,39
12,small_leak,3,1680,840047,173
12,small_leak,3,1681,840547,308
12,small_leak,3,1682,841047,201
12,small_leak,3,1683,841547,164
12,small_leak,3,1684,842047,246
12,small_leak,3,1685,842547,223
12,small_leak,3,1686,843047,185
12,small_leak,3,1687,843547,135
12,small_leak,3,1688,844047,151
12,small_leak,3,1689,844547,39
12,small_leak,3,1690,845047,69
12,small_leak,3,1691,845547,55
12,small_leak,3,1692,846047,78
12,small_leak,3,1693,846547,121
12,small_leak,3,1694,847047,44
12,small_leak,3,1695,847547,86
12,small_leak,3,1696,848047,103
12,small_leak,3,1697,848547,197
12,small_leak,3,1698,849047,57
12,small_leak,3,1699,849547,1
12,small_leak,3,1700,850047,0
12,small_leak,3,1701,850547,0
12,small_leak,3,1702,851047,175
12,small_leak,3,1703,851547,268
12,small_leak,3,1704,852047,93
12,small_leak,3,1705,852547,107
12,small_leak,3,1706,853047,33
12,small_leak,3,1707,853547,183
12,small_leak,3,1708,854047,91
12,small_leak,3,1709,854547,245
12,small_leak,3,1710,855047,277
12,small_leak,3,1711,855547,335
12,small_leak,3,1712,856047,315
12,small_leak,3,1713,856547,244
12,small_leak,3,1714,857047,243
12,small_leak,3,1715,857547,157
12,small_leak,3,1716,858047,191
12,small_leak,3,1717,858547,159
12,small_leak,3,1718,859047,215
12,small_leak,3,1719,859547,150
12,small_leak,3,1720,860047,39
12,small_leak,3,1721,860547,182
12,small_leak,3,1722,861047,122
12,small_leak,3,1723,861547,93
12,small_leak,3,1724,862047,221
12,small_leak,3,1725,862547,168
12,small_leak,3,1726,863047,167
12,small_leak,3,1727,863547,207
12,small_leak,3,1728,864047,151
12,small_leak,3,1729,864547,83
12,small_leak,3,1730,865047,188
12,small_leak,3,1731,865547,106
12,small_leak,3,1732,866047,99
12,small_leak,3,1733,866547,184
12,small_leak,3,1734,867047,115
12,small_leak,3,1735,867547,167
12,small_leak,3,1736,868047,90
12,small_leak,3,1737,868547,287
12,small_leak,3,1738,869047,218
12,small_leak,3,1739,869547,218
12,small_leak,3,1740,870047,201
12,small_leak,3,1741,870547,95
12,small_leak,3,1742,871047,347
12,small_leak,3,1743,871547,153
12,small_leak,3,1744,872047,203
12,small_leak,3,1745,872547,58
12,small_leak,3,1746,873047,40
12,small_leak,3,1747,873547,285
12,small_leak,3,1748,874047,116
12,small_leak,3,1749,874547,137
12,small_leak,3,1750,875047,142
12,small_leak,3,1751,875547,217
12,small_leak,3,1752,876047,166
12,small_leak,3,1753,876547,171
12,small_leak,3,1754,877047,253
12,small_leak,3,1755,877547,236
12,small_leak,3,1756,878047,104
12,small_leak,3,1757,878547,189
12,small_leak,3,1758,879047,176
12,small_leak,3,1759,879547,48
12,small_leak,3,1760,880047,2
12,small_leak,3,1761,880547,150
12,small_leak,3,1762,881047,143
12,small_leak,3,1763,881547,37
12,small_leak,3,1764,882047,0
12,small_leak,3,1765,882547,82
12,small_leak,3,1766,883047,127
12,small_leak,3,1767,883547,89
12,small_leak,3,1768,884047,103
12,small_leak,3,1769,884547,93
12,small_leak,3,1770,885047,47
12,small_leak,3,1771,885547,20
12,small_leak,3,1772,886047,197
12,small_leak,3,1773,886547,88
12,small_leak,3,1774,887047,125
12,small_leak,3,1775,887547,89
12,small_leak,3,1776,888047,68
12,small_leak,3,1777,888547,107
12,small_leak,3,1778,889047,44
12,small_leak,3,1779,889547,153
12,small_leak,3,1780,890047,77
12,small_leak,3,1781,890547,95
12,small_leak,3,1782,891047,47
12,small_leak,3,1783,891547,248
12,small_leak,3,1784,892047,331
12,small_leak,3,1785,892547,267
12,small_leak,3,1786,893047,231
12,small_leak,3,1787,893547,139
12,small_leak,3,1788,894047,119
12,small_leak,3,1789,894547,39
12,small_leak,3,1790,895047,0
12,small_leak,3,1791,895547,0
12,small_leak,3,1792,896047,347
12,small_leak,3,1793,896547,154
12,small_leak,3,1794,897047,41
12,small_leak,3,1795,897547,72
12,small_leak,3,1796,898047,87
12,small_leak,3,1797,898547,63
12,small_leak,3,1798,899047,6
12,small_leak,3,1799,899547,0
12,small_leak,3,1800,900047,12
12,small_leak,3,1801,900547,118
12,small_leak,3,1802,901047,22
12,small_leak,3,1803,901547,131
12,small_leak,3,1804,902047,232
12,small_leak,3,1805,902547,197
12,small_leak,3,1806,903047,203
12,small_leak,3,1807,903547,107
12,small_leak,3,1808,904047,251
12,small_leak,3,1809,904547,217
12,small_leak,3,1810,905047,285
12,small_leak,3,1811,905547,297
12,small_leak,3,1812,906047,376
12,small_leak,3,1813,906547,355
12,small_leak,3,1814,907047,311
12,small_leak,3,1815,907547,351
12,small_leak,3,1816,908047,351
12,small_leak,3,1817,908547,233
12,small_leak,3,1818,909047,252
12,small_leak,3,1819,909547,271
12,small_leak,3,1820,910047,105
12,small_leak,3,1821,910547,67
12,small_leak,3,1822,911047,135
12,small_leak,3,1823,911547,109
12,small_leak,3,1824,912047,77
12,small_leak,3,1825,912547,115
12,small_leak,3,1826,913047,25
12,small_leak,3,1827,913547,151
12,small_leak,3,1828,914047,38
12,small_leak,3,1829,914547,155
12,small_leak,3,1830,915047,173
12,small_leak,3,1831,915547,159
12,small_leak,3,1832,916047,221
12,small_leak,3,1833,916547,229
12,small_leak,3,1834,917047,229
12,small_leak,3,1835,917547,167
12,small_leak,3,1836,918048,71
12,small_leak,3,1837,918547,182
12,small_leak,3,1838,919047,157
12,small_leak,3,1839,919547,118
12,small_leak,3,1840,920047,147
12,small_leak,3,1841,920547,55
12,small_leak,3,1842,921047,190
12,small_leak,3,1843,921547,276
12,small_leak,3,1844,922047,234
12,small_leak,3,1845,922547,168
12,small_leak,3,1846,923047,149
12,small_leak,3,1847,923547,205
12,small_leak,3,1848,924047,147
12,small_leak,3,1849,924547,87
12,small_leak,3,1850,925047,108
12,small_leak,3,1851,925547,340
12,small_leak,3,1852,926047,339
12,small_leak,3,1853,926547,237
12,small_leak,3,1854,927047,200
12,small_leak,3,1855,927547,253
12,small_leak,3,1856,928047,215
12,small_leak,3,1857,928547,167
12,small_leak,3,1858,929047,201
12,small_leak,3,1859,929547,157
12,small_leak,3,1860,930047,82
12,small_leak,3,1861,930547,121
12,small_leak,3,1862,931047,85
12,small_leak,3,1863,931547,26
12,small_leak,3,1864,932047,8
12,small_leak,3,1865,932547,201
12,small_leak,3,1866,933047,173
12,small_leak,3,1867,933547,139
12,small_leak,3,1868,934047,37
12,small_leak,3,1869,934547,133
12,small_leak,3,1870,935047,79
12,small_leak,3,1871,935547,79
12,small_leak,3,1872,936047,163
12,small_leak,3,1873,936547,142
12,small_leak,3,1874,937047,243
12,small_leak,3,1875,937547,263
12,small_leak,3,1876,938047,332
12,small_leak,3,1877,938547,267
12,small_leak,3,1878,939047,211
12,small_leak,3,1879,939547,253
12,small_leak,3,1880,940047,235
12,small_leak,3,1881,940547,184
12,small_leak,3,1882,941047,151
12,small_leak,3,1883,941547,89
12,small_leak,3,1884,942047,107
12,small_leak,3,1885,942547,214
12,small_leak,3,1886,943047,204
12,small_leak,3,1887,943547,165
12,small_leak,3,1888,944047,133
12,small_leak,3,1889,944547,293
12,small_leak,3,1890,945047,175
12,small_leak,3,1891,945547,119
12,small_leak,3,1892,946047,56
12,small_leak,3,1893,946547,2
12,small_leak,3,1894,947047,17
12,small_leak,3,1895,947547,185
12,small_leak,3,1896,948047,137
12,small_leak,3,1897,948547,205
12,small_leak,3,1898,949047,173
12,small_leak,3,1899,949547,149
12,small_leak,3,1900,950047,148
12,small_leak,3,1901,950547,233
12,small_leak,3,1902,951047,217
12,small_leak,3,1903,951547,249
12,small_leak,3,1904,952047,359
12,small_leak,3,1905,952547,435
12,small_leak,3,1906,953047,176
12,small_leak,3,1907,953547,247
12,small_leak,3,1908,954047,143
12,small_leak,3,1909,954547,223
12,small_leak,3,1910,955047,243
12,small_leak,3,1911,955547,123
12,small_leak,3,1912,956047,175
12,small_leak,3,1913,956547,182
12,small_leak,3,1914,957047,250
12,small_leak,3,1915,957547,216
12,small_leak,3,1916,958047,300
12,small_leak,3,1917,958547,327
12,small_leak,3,1918,959047,122
12,small_leak,3,1919,959547,124
12,small_leak,3,1920,960047,29
12,small_leak,3,1921,960547,63
12,small_leak,3,1922,961047,61
12,small_leak,3,1923,961547,89
12,small_leak,3,1924,962047,13
12,small_leak,3,1925,962547,0
12,small_leak,3,1926,963047,83
12,small_leak,3,1927,963547,10
12,small_leak,3,1928,964047,21
12,small_leak,3,1929,964547,45
12,small_leak,3,1930,965047,19
12,small_leak,3,1931,965547,0
12,small_leak,3,1932,966047,168
12,small_leak,3,1933,966547,69
12,small_leak,3,1934,967047,7
12,small_leak,3,1935,967547,0
12,small_leak,3,1936,968047,147
12,small_leak,3,1937,968547,51
12,small_leak,3,1938,969047,101
12,small_leak,3,1939,969547,105
12,small_leak,3,1940,970047,182
12,small_leak,3,1941,970547,199
12,small_leak,3,1942,971047,180
12,small_leak,3,1943,971547,191
12,small_leak,3,1944,972047,77
12,small_leak,3,1945,972547,315
12,small_leak,3,1946,973047,158
12,small_leak,3,1947,973547,93
12,small_leak,3,1948,974047,228
12,small_leak,3,1949,974547,275
12,small_leak,3,1950,975047,292
12,small_leak,3,1951,975547,167
12,small_leak,3,1952,976047,139
12,small_leak,3,1953,976547,135
12,small_leak,3,1954,977047,85
12,small_leak,3,1955,977547,140
12,small_leak,3,1956,978047,77
12,small_leak,3,1957,978547,53
12,small_leak,3,1958,979047,169
12,small_leak,3,1959,979547,220
12,small_leak,3,1960,980047,87
12,small_leak,3,1961,980547,118
12,small_leak,3,1962,981047,77
12,small_leak,3,1963,981547,142
12,small_leak,3,1964,982047,47
12,small_leak,3,1965,982547,78
12,small_leak,3,1966,983047,149
12,small_leak,3,1967,983547,37
12,small_leak,3,1968,984047,125
12,small_leak,3,1969,984547,93
12,small_leak,3,1970,985047,146
12,small_leak,3,1971,985547,108
12,small_leak,3,1972,986047,47
12,small_leak,3,1973,986547,24
12,small_leak,3,1974,987047,0
12,small_leak,3,1975,987547,0
12,small_leak,3,1976,988047,243
12,small_leak,3,1977,988547,87
12,small_leak,3,1978,989047,143
12,small_leak,3,1979,989547,157
12,small_leak,3,1980,990047,203
12,small_leak,3,1981,990547,57
12,small_leak,3,1982,991047,40
12,small_leak,3,1983,991547,103
12,small_leak,3,1984,992047,201
12,small_leak,3,1985,992547,168
12,small_leak,3,1986,993047,280
12,small_leak,3,1987,993547,245
12,small_leak,3,1988,994047,295
12,small_leak,3,1989,994547,221
12,small_leak,3,1990,995047,264
12,small_leak,3,1991,995547,229
12,small_leak,3,1992,996047,219
12,small_leak,3,1993,996547,198
12,small_leak,3,1994,997047,203
12,small_leak,3,1995,997547,148
12,small_leak,3,1996,998047,138
12,small_leak,3,1997,998547,247
12,small_leak,3,1998,999047,287
12,small_leak,3,1999,999547,281
12,small_leak,4,0,48,275
12,small_leak,4,1,547,211
12,small_leak,4,2,1047,141
12,small_leak,4,3,1547,135
12,small_leak,4,4,2047,149
12,small_leak,4,5,2547,45
12,small_leak,4,6,3047,143
12,small_leak,4,7,3547,173
12,small_leak,4,8,4047,175
12,small_leak,4,9,4547,111
12,small_leak,4,10,5047,23
12,small_leak,4,11,5547,71
12,small_leak,4,12,6047,136
12,small_leak,4,13,6547,156
12,small_leak,4,14,7047,238
12,small_leak,4,15,7547,75
12,small_leak,4,16,8047,167
12,small_leak,4,17,8547,108
12,small_leak,4,18,9047,179
12,small_leak,4,19,9547,175
12,small_leak,4,20,10047,274
12,small_leak,4,21,10547,312
12,small_leak,4,22,11047,291
12,small_leak,4,23,11547,240
12,small_leak,4,24,12047,159
12,small_leak,4,25,12547,229
12,small_leak,4,26,13047,167
12,small_leak,4,27,13547,151
12,small_leak,4,28,14047,72
12,small_leak,4,29,14547,91
12,small_leak,4,30,15047,110
12,small_leak,4,31,15547,159
12,small_leak,4,32,16047,41
12,small_leak,4,33,16547,59
12,small_leak,4,34,17047,25
12,small_leak,4,35,17547,0
12,small_leak,4,36,18047,12
12,small_leak,4,37,18547,134
12,small_leak,4,38,19047,59
12,small_leak,4,39,19547,57
12,small_leak,4,40,20047,39
12,small_leak,4,41,20547,91
12,small_leak,4,42,21047,153
12,small_leak,4,43,21547,285
12,small_leak,4,44,22047,183
12,small_leak,4,45,22547,235
12,small_leak,4,46,23047,296
12,small_leak,4,47,23547,216
12,small_leak,4,48,24047,351
12,small_leak,4,49,24547,218
12,small_leak,4,50,25047,329
12,small_leak,4,51,25547,103
12,small_leak,4,52,26047,179
12,small_leak,4,53,26547,139
12,small_leak,4,54,27047,79
12,small_leak,4,55,27547,98
12,small_leak,4,56,28048,29
12,small_leak,4,57,28547,75
12,small_leak,4,58,29047,73
12,small_leak,4,59,29547,17
12,small_leak,4,60,30047,16
12,small_leak,4,61,30547,165
12,small_leak,4,62,31047,222
12,small_leak,4,63,31547,69
12,small_leak,4,64,32047,9
12,small_leak,4,65,32547,133
12,small_leak,4,66,33047,172
12,small_leak,4,67,33547,291
12,small_leak,4,68,34047,311
12,small_leak,4,69,34547,338
12,small_leak,4,70,35047,415
12,small_leak,4,71,35547,237
12,small_leak,4,72,36047,453
12,small_leak,4,73,36547,462
12,small_leak,4,74,37047,482
12,small_leak,4,75,37547,298
12,small_leak,4,76,38047,240
12,small_leak,4,77,38547,198
12,small_leak,4,78,39047,253
12,small_leak,4,79,39547,349
12,small_leak,4,80,40047,393
12,small_leak,4,81,40547,147
12,small_leak,4,82,41047,125
12,small_leak,4,83,41547,189
12,small_leak,4,84,42047,101
12,small_leak,4,85,42547,19
12,small_leak,4,86,43047,0
12,small_leak,4,87,43547,155
12,small_leak,4,88,44047,40
12,small_leak,4,89,44547,51
12,small_leak,4,90,45047,2
12,small_leak,4,91,45547,0
12,small_leak,4,92,46047,54
12,small_leak,4,93,46547,0
12,small_leak,4,94,47047,215
12,small_leak,4,95,47547,271
12,small_leak,4,96,48047,249
12,small_leak,4,97,48547,147
12,small_leak,4,98,49047,215
12,small_leak,4,99,49547,174
12,small_leak,4,100,50047,253
12,small_leak,4,101,50547,219
12,small_leak,4,102,51047,150
12,small_leak,4,103,51547,125
12,small_leak,4,104,52047,127
12,small_leak,4,105,52547,93
12,small_leak,4,106,53047,102
12,small_leak,4,107,53547,155
12,small_leak,4,108,54047,133
12,small_leak,4,109,54547,94
12,small_leak,4,110,55047,123
12,small_leak,4,111,55547,70
12,small_leak,4,112,56047,156
12,small_leak,4,113,56547,75
12,small_leak,4,114,57047,197
12,small_leak,4,115,57547,235
12,small_leak,4,116,58047,175
12,small_leak,4,117,58547,147
12,small_leak,4,118,59047,217
12,small_leak,4,119,59547,169
12,small_leak,4,120,60047,158
12,small_leak,4,121,60547,190
12,small_leak,4,122,61047,175
12,small_leak,4,123,61547,137
12,small_leak,4,124,62047,104
12,small_leak,4,125,62547,212
12,small_leak,4,126,63047,237
12,small_leak,4,127,63547,264
12,small_leak,4,128,64047,147
12,small_leak,4,129,64547,79
12,small_leak,4,130,65047,187
12,small_leak,4,131,65547,125
12,small_leak,4,132,66047,156
12,small_leak,4,133,66547,105
12,small_leak,4,134,67047,269
12,small_leak,4,135,67547,137
12,small_leak,4,136,68047,227
12,small_leak,4,137,68547,160
12,small_leak,4,138,69047,78
12,small_leak,4,139,69547,47
12,small_leak,4,140,70047,57
12,small_leak,4,141,70547,86
12,small_leak,4,142,71047,85
12,small_leak,4,143,71547,143
12,small_leak,4,144,72047,139
12,small_leak,4,145,72547,171
12,small_leak,4,146,73047,157
12,small_leak,4,147,73547,198
12,small_leak,4,148,74047,155
12,small_leak,4,149,74547,124
12,small_leak,4,150,75047,159
12,small_leak,4,151,75547,325
12,small_leak,4,152,76047,155
12,small_leak,4,153,76547,78
12,small_leak,4,154,77047,94
12,small_leak,4,155,77547,83
12,small_leak,4,156,78047,243
12,small_leak,4,157,78547,219
12,small_leak,4,158,79047,153
12,small_leak,4,159,79547,219
12,small_leak,4,160,80047,181
12,small_leak,4,161,80547,167
12,small_leak,4,162,81047,287
12,small_leak,4,163,81547,175
12,small_leak,4,164,82047,199
12,small_leak,4,165,82547,117
12,small_leak,4,166,83047,90
12,small_leak,4,167,83547,91
12,small_leak,4,168,84047,39
12,small_leak,4,169,84547,46
12,small_leak,4,170,85047,57
12,small_leak,4,171,85547,139
12,small_leak,4,172,86047,34
12,small_leak,4,173,86547,43
12,small_leak,4,174,87047,68
12,small_leak,4,175,87547,171
12,small_leak,4,176,88047,309
12,small_leak,4,177,88547,93
12,small_leak,4,178,89047,109
12,small_leak,4,179,89547,52
12,small_leak,4,180,90047,153
12,small_leak,4,181,90547,237
12,small_leak,4,182,91047,502
12,small_leak,4,183,91547,252
12,small_leak,4,184,92047,328
12,small_leak,4,185,92547,267
12,small_leak,4,186,93047,215
12,small_leak,4,187,93547,251
12,small_leak,4,188,94047,240
12,small_leak,4,189,94547,135
12,small_leak,4,190,95047,114
12,small_leak,4,191,95547,269
12,small_leak,4,192,96048,227
12,small_leak,4,193,96547,198
12,small_leak,4,194,97047,265
12,small_leak,4,195,97547,251
12,small_leak,4,196,98047,395
12,small_leak,4,197,98547,284
12,small_leak,4,198,99047,232
12,small_leak,4,199,99547,255
12,small_leak,4,200,100047,79
12,small_leak,4,201,100547,111
12,small_leak,4,202,101047,84
12,small_leak,4,203,101547,10
12,small_leak,4,204,102047,6
12,small_leak,4,205,102547,69
12,small_leak,4,206,103047,5
12,small_leak,4,207,103547,61
12,small_leak,4,208,104047,7
12,small_leak,4,209,104547,0
12,small_leak,4,210,105047,91
12,small_leak,4,211,105547,18
12,small_leak,4,212,106047,0
12,small_leak,4,213,106547,0
12,small_leak,4,214,107047,40
12,small_leak,4,215,107547,77
12,small_leak,4,216,108047,11
12,small_leak,4,217,108547,0
12,small_leak,4,218,109047,0
12,small_leak,4,219,109547,0
12,small_leak,4,220,110047,0
12,small_leak,4,221,110547,180
12,small_leak,4,222,111047,143
12,small_leak,4,223,111547,429
12,small_leak,4,224,112047,461
12,small_leak,4,225,112547,362
12,small_leak,4,226,113047,119
12,small_leak,4,227,113547,29
12,small_leak,4,228,114047,280
12,small_leak,4,229,114547,157
12,small_leak,4,230,115047,42
12,small_leak,4,231,115547,63
12,small_leak,4,232,116047,2
12,small_leak,4,233,116547,293
12,small_leak,4,234,117047,169
12,small_leak,4,235,117547,235
12,small_leak,4,236,118047,237
12,small_leak,4,237,118547,99
12,small_leak,4,238,119047,157
12,small_leak,4,239,119547,406
12,small_leak,4,240,120047,136
12,small_leak,4,241,120547,215
12,small_leak,4,242,121047,235
12,small_leak,4,243,121547,111
12,small_leak,4,244,122047,61
12,small_leak,4,245,122547,147
12,small_leak,4,246,123047,126
12,small_leak,4,247,123547,31
12,small_leak,4,248,124047,0
12,small_leak,4,249,124547,0
12,small_leak,4,250,125047,0
12,small_leak,4,251,125547,0
12,small_leak,4,252,126047,50
12,small_leak,4,253,126547,29
12,small_leak,4,254,127047,31
12,small_leak,4,255,127547,173
12,small_leak,4,256,128047,51
12,small_leak,4,257,128547,70
12,small_leak,4,258,129047,157
12,small_leak,4,259,129547,153
12,small_leak,4,260,130047,87
12,small_leak,4,261,130547,135
12,small_leak,4,262,131047,281
12,small_leak,4,263,131547,327
12,small_leak,4,264,132047,355
12,small_leak,4,265,132547,299
12,small_leak,4,266,133047,171
12,small_leak,4,267,133547,183
12,small_leak,4,268,134048,211
12,small_leak,4,269,134547,213
12,small_leak,4,270,135047,123
12,small_leak,4,271,135547,314
12,small_leak,4,272,136047,303
12,small_leak,4,273,136547,271
12,small_leak,4,274,137047,237
12,small_leak,4,275,137547,255
12,small_leak,4,276,138047,202
12,small_leak,4,277,138547,229
12,small_leak,4,278,139047,183
12,small_leak,4,279,139547,275
12,small_leak,4,280,140047,262
12,small_leak,4,281,140547,111
12,small_leak,4,282,141047,311
12,small_leak,4,283,141547,221
12,small_leak,4,284,142047,175
12,small_leak,4,285,142547,149
12,small_leak,4,286,143047,60
12,small_leak,4,287,143547,181
12,small_leak,4,288,144047,122
12,small_leak,4,289,144547,109
12,small_leak,4,290,145047,234
12,small_leak,4,291,145547,287
12,small_leak,4,292,146047,225
12,small_leak,4,293,146547,249
12,small_leak,4,294,147047,234
12,small_leak,4,295,147547,182
12,small_leak,4,296,148047,239
12,small_leak,4,297,148547,204
12,small_leak,4,298,149047,93
12,small_leak,4,299,149547,17
12,small_leak,4,300,150047,76
12,small_leak,4,301,150547,71
12,small_leak,4,302,151047,47
12,small_leak,4,303,151547,152
12,small_leak,4,304,152047,85
12,small_leak,4,305,152547,159
12,small_leak,4,306,153047,91
12,small_leak,4,307,153547,137
12,small_leak,4,308,154047,167
12,small_leak,4,309,154547,91
12,small_leak,4,310,155047,61
12,small_leak,4,311,155547,89
12,small_leak,4,312,156047,139
12,small_leak,4,313,156547,77
12,small_leak,4,314,157047,176
12,small_leak,4,315,157547,53
12,small_leak,4,316,158047,116
12,small_leak,4,317,158547,47
12,small_leak,4,318,159047,2
12,small_leak,4,319,159547,367
12,small_leak,4,320,160047,291
12,small_leak,4,321,160547,245
12,small_leak,4,322,161047,167
12,small_leak,4,323,161547,203
12,small_leak,4,324,162047,370
12,small_leak,4,325,162547,117
12,small_leak,4,326,163047,333
12,small_leak,4,327,163547,444
12,small_leak,4,328,164047,265
12,small_leak,4,329,164547,276
12,small_leak,4,330,165047,143
12,small_leak,4,331,165547,201
12,small_leak,4,332,166047,58
12,small_leak,4,333,166547,175
12,small_leak,4,334,167047,173
12,small_leak,4,335,167547,218
12,small_leak,4,336,168047,102
12,small_leak,4,337,168547,117
12,small_leak,4,338,169047,183
12,small_leak,4,339,169547,263
12,small_leak,4,340,170047,236
12,small_leak,4,341,170547,198
12,small_leak,4,342,171047,117
12,small_leak,4,343,171547,73
12,small_leak,4,344,172047,9
12,small_leak,4,345,172547,0
12,small_leak,4,346,173047,41
12,small_leak,4,347,173547,0
12,small_leak,4,348,174047,0
12,small_leak,4,349,174547,0
12,small_leak,4,350,175047,109
12,small_leak,4,351,175547,89
12,small_leak,4,352,176047,16
12,small_leak,4,353,176547,0
12,small_leak,4,354,177047,207
12,small_leak,4,355,177547,77
12,small_leak,4,356,178047,92
12,small_leak,4,357,178547,107
12,small_leak,4,358,179047,60
12,small_leak,4,359,179547,145
12,small_leak,4,360,180047,359
12,small_leak,4,361,180547,360
12,small_leak,4,362,181047,446
12,small_leak,4,363,181547,307
12,small_leak,4,364,182047,447
12,small_leak,4,365,182547,291
12,small_leak,4,366,183047,341
12,small_leak,4,367,183547,297
12,small_leak,4,368,184047,341
12,small_leak,4,369,184547,245
12,small_leak,4,370,185047,280
12,small_leak,4,371,185547,421
12,small_leak,4,372,186047,445
12,small_leak,4,373,186547,391
12,small_leak,4,374,187047,277
12,small_leak,4,375,187547,300
12,small_leak,4,376,188047,328
12,small_leak,4,377,188547,275
12,small_leak,4,378,189047,277
12,small_leak,4,379,189547,264
12,small_leak,4,380,190047,231
12,small_leak,4,381,190547,219
12,small_leak,4,382,191047,329
12,small_leak,4,383,191547,155
12,small_leak,4,384,192047,221
12,small_leak,4,385,192547,79
12,small_leak,4,386,193047,95
12,small_leak,4,387,193547,232
12,small_leak,4,388,194047,117
12,small_leak,4,389,194547,275
12,small_leak,4,390,195047,107
12,small_leak,4,391,195547,301
12,small_leak,4,392,196047,317
12,small_leak,4,393,196547,207
12,small_leak,4,394,197047,261
12,small_leak,4,395,197547,355
12,small_leak,4,396,198047,265
12,small_leak,4,397,198547,280
12,small_leak,4,398,199047,290
12,small_leak,4,399,199547,283
12,small_leak,4,400,200047,222
12,small_leak,4,401,200547,121
12,small_leak,4,402,201047,39
12,small_leak,4,403,201547,120
12,small_leak,4,404,202047,68
12,small_leak,4,405,202547,45
12,small_leak,4,406,203047,0
12,small_leak,4,407,203547,0
12,small_leak,4,408,204047,0
12,small_leak,4,409,204547,0
12,small_leak,4,410,205047,11
12,small_leak,4,411,205547,51
12,small_leak,4,412,206047,39
12,small_leak,4,413,206547,62
12,small_leak,4,414,207047,43
12,small_leak,4,415,207547,58
12,small_leak,4,416,208047,7
12,small_leak,4,417,208547,0
12,small_leak,4,418,209047,287
12,small_leak,4,419,209547,249
12,small_leak,4,420,210047,111
12,small_leak,4,421,210547,111
12,small_leak,4,422,211047,601
12,small_leak,4,423,211547,297
12,small_leak,4,424,212047,212
12,small_leak,4,425,212547,157
12,small_leak,4,426,213047,259
12,small_leak,4,427,213547,167
12,small_leak,4,428,214047,189
12,small_leak,4,429,214547,186
12,small_leak,4,430,215047,57
12,small_leak,4,431,215547,142
12,small_leak,4,432,216047,204
12,small_leak,4,433,216547,153
12,small_leak,4,434,217047,39
12,small_leak,4,435,217547,179
12,small_leak,4,436,218047,149
12,small_leak,4,437,218547,163
12,small_leak,4,438,219047,107
12,small_leak,4,439,219547,111
12,small_leak,4,440,220047,223
12,small_leak,4,441,220547,108
12,small_leak,4,442,221047,86
12,small_leak,4,443,221547,163
12,small_leak,4,444,222047,125
12,small_leak,4,445,222547,99
12,small_leak,4,446,223047,115
12,small_leak,4,447,223547,238
12,small_leak,4,448,224047,111
12,small_leak,4,449,224547,125
12,small_leak,4,450,225047,73
12,small_leak,4,451,225547,7
12,small_leak,4,452,226047,0
12,small_leak,4,453,226547,79
12,small_leak,4,454,227047,82
12,small_leak,4,455,227547,9
12,small_leak,4,456,228047,201
12,small_leak,4,457,228547,88
12,small_leak,4,458,229047,229
12,small_leak,4,459,229547,227
12,small_leak,4,460,230047,186
12,small_leak,4,461,230547,121
12,small_leak,4,462,231047,200
12,small_leak,4,463,231547,115
12,small_leak,4,464,232047,251
12,small_leak,4,465,232547,199
12,small_leak,4,466,233047,201
12,small_leak,4,467,233547,137
12,small_leak,4,468,234047,155
12,small_leak,4,469,234547,235
12,small_leak,4,470,235047,396
12,small_leak,4,471,235547,303
12,small_leak,4,472,236047,137
12,small_leak,4,473,236547,31
12,small_leak,4,474,237047,0
12,small_leak,4,475,237547,0
12,small_leak,4,476,238047,59
12,small_leak,4,477,238547,75
12,small_leak,4,478,239047,176
12,small_leak,4,479,239547,156
12,small_leak,4,480,240047,215
12,small_leak,4,481,240547,274
12,small_leak,4,482,241047,191
12,small_leak,4,483,241547,164
12,small_leak,4,484,242047,112
12,small_leak,4,485,242547,117
12,small_leak,4,486,243047,212
12,small_leak,4,487,243547,60
12,small_leak,4,488,244047,201
12,small_leak,4,489,244547,158
12,small_leak,4,490,245047,111
12,small_leak,4,491,245547,137
12,small_leak,4,492,246047,183
12,small_leak,4,493,246547,101
12,small_leak,4,494,247047,123
12,small_leak,4,495,247547,106
12,small_leak,4,496,248047,185
12,small_leak,4,497,248547,173
12,small_leak,4,498,249047,89
12,small_leak,4,499,249547,201
12,small_leak,4,500,250047,159
12,small_leak,4,501,250547,133
12,small_leak,4,502,251047,90
12,small_leak,4,503,251547,283
12,small_leak,4,504,252047,251
12,small_leak,4,505,252547,229
12,small_leak,4,506,253047,275
12,small_leak,4,507,253547,142
12,small_leak,4,508,254047,189
12,small_leak,4,509,254547,99
12,small_leak,4,510,255047,157
12,small_leak,4,511,255547,115
12,small_leak,4,512,256047,127
12,small_leak,4,513,256547,28
12,small_leak,4,514,257047,302
12,small_leak,4,515,257547,212
12,small_leak,4,516,258047,233
12,small_leak,4,517,258547,249
12,small_leak,4,518,259047,292
12,small_leak,4,519,259547,163
12,small_leak,4,520,260047,205
12,small_leak,4,521,260547,423
12,small_leak,4,522,261047,239
12,small_leak,4,523,261547,226
12,small_leak,4,524,262047,152
12,small_leak,4,525,262547,440
12,small_leak,4,526,263047,271
12,small_leak,4,527,263547,340
12,small_leak,4,528,264047,247
12,small_leak,4,529,264547,235
12,small_leak,4,530,265047,188
12,small_leak,4,531,265547,364
12,small_leak,4,532,266047,299
12,small_leak,4,533,266547,236
12,small_leak,4,534,267047,174
12,small_leak,4,535,267547,189
12,small_leak,4,536,268047,55
12,small_leak,4,537,268547,67
12,small_leak,4,538,269047,61
12,small_leak,4,539,269547,75
12,small_leak,4,540,270047,156
12,small_leak,4,541,270547,156
12,small_leak,4,542,271047,125
12,small_leak,4,543,271547,98
12,small_leak,4,544,272047,201
12,small_leak,4,545,272547,139
12,small_leak,4,546,273047,63
12,small_leak,4,547,273547,149
12,small_leak,4,548,274047,139
12,small_leak,4,549,274547,237
12,small_leak,4,550,275047,190
12,small_leak,4,551,275547,269
12,small_leak,4,552,276047,249
12,small_leak,4,553,276547,173
12,small_leak,4,554,277047,231
12,small_leak,4,555,277547,187
12,small_leak,4,556,278047,176
12,small_leak,4,557,278547,149
12,small_leak,4,558,279047,76
12,small_leak,4,559,279547,33
12,small_leak,4,560,280047,165
12,small_leak,4,561,280547,149
12,small_leak,4,562,281047,142
12,small_leak,4,563,281547,108
12,small_leak,4,564,282047,46
12,small_leak,4,565,282547,8
12,small_leak,4,566,283047,21
12,small_leak,4,567,283547,105
12,small_leak,4,568,284047,166
12,small_leak,4,569,284547,189
12,small_leak,4,570,285047,244
12,small_leak,4,571,285547,251
12,small_leak,4,572,286047,179
12,small_leak,4,573,286547,248
12,small_leak,4,574,287047,183
12,small_leak,4,575,287547,171
12,small_leak,4,576,288047,187
12,small_leak,4,577,288547,95
12,small_leak,4,578,289047,133
12,small_leak,4,579,289547,89
12,small_leak,4,580,290047,135
12,small_leak,4,581,290547,71
12,small_leak,4,582,291047,137
12,small_leak,4,583,291547,141
12,small_leak,4,584,292047,151
12,small_leak,4,585,292547,183
12,small_leak,4,586,293047,168
12,small_leak,4,587,293547,43
12,small_leak,4,588,294047,117
12,small_leak,4,589,294547,125
12,small_leak,4,590,295047,204
12,small_leak,4,591,295547,171
12,small_leak,4,592,296047,151
12,small_leak,4,593,296547,103
12,small_leak,4,594,297047,152
12,small_leak,4,595,297547,57
12,small_leak,4,596,298047,37
12,small_leak,4,597,298547,227
12,small_leak,4,598,299047,107
12,small_leak,4,599,299547,169
12,small_leak,4,600,300047,77
12,small_leak,4,601,300547,122
12,small_leak,4,602,301047,108
12,small_leak,4,603,301547,201
12,small_leak,4,604,302047,137
12,small_leak,4,605,302547,167
12,small_leak,4,606,303047,219
12,small_leak,4,607,303547,281
12,small_leak,4,608,304047,505
12,small_leak,4,609,304547,335
12,small_leak,4,610,305047,313
12,small_leak,4,611,305547,279
12,small_leak,4,612,306047,249
12,small_leak,4,613,306547,263
12,small_leak,4,614,307047,243
12,small_leak,4,615,307547,163
12,small_leak,4,616,308047,118
12,small_leak,4,617,308547,26
12,small_leak,4,618,309047,0
12,small_leak,4,619,309547,23
12,small_leak,4,620,310047,31
12,small_leak,4,621,310547,0
12,small_leak,4,622,311047,56
12,small_leak,4,623,311547,2
12,small_leak,4,624,312047,0
12,small_leak,4,625,312547,0
12,small_leak,4,626,313047,0
12,small_leak,4,627,313547,0
12,small_leak,4,628,314047,0
12,small_leak,4,629,314547,0
12,small_leak,4,630,315047,0
12,small_leak,4,631,315547,0
12,small_leak,4,632,316047,0
12,small_leak,4,633,316547,0
12,small_leak,4,634,317047,0
12,small_leak,4,635,317547,17
12,small_leak,4,636,318047,26
12,small_leak,4,637,318547,0
12,small_leak,4,638,319047,77
12,small_leak,4,639,319547,18
12,small_leak,4,640,320047,69
12,small_leak,4,641,320547,69
12,small_leak,4,642,321047,115
12,small_leak,4,643,321547,205
12,small_leak,4,644,322047,243
12,small_leak,4,645,322547,283
12,small_leak,4,646,323047,365
12,small_leak,4,647,323547,381
12,small_leak,4,648,324047,359
12,small_leak,4,649,324547,365
12,small_leak,4,650,325047,233
12,small_leak,4,651,325547,262
12,small_leak,4,652,326047,239
12,small_leak,4,653,326547,217
12,small_leak,4,654,327047,149
12,small_leak,4,655,327547,93
12,small_leak,4,656,328047,205
12,small_leak,4,657,328547,71
12,small_leak,4,658,329048,27
12,small_leak,4,659,329547,57
12,small_leak,4,660,330047,81
12,small_leak,4,661,330547,8
12,small_leak,4,662,331047,0
12,small_leak,4,663,331547,203
12,small_leak,4,664,332047,71
12,small_leak,4,665,332547,6
12,small_leak,4,666,333047,39
12,small_leak,4,667,333547,88
12,small_leak,4,668,334047,29
12,small_leak,4,669,334547,109
12,small_leak,4,670,335047,198
12,small_leak,4,671,335547,149
12,small_leak,4,672,336047,123
12,small_leak,4,673,336547,183
12,small_leak,4,674,337047,221
12,small_leak,4,675,337547,310
12,small_leak,4,676,338047,227
12,small_leak,4,677,338547,282
12,small_leak,4,678,339047,231
12,small_leak,4,679,339547,215
12,small_leak,4,680,340047,261
12,small_leak,4,681,340547,283
12,small_leak,4,682,341047,205
12,small_leak,4,683,341547,151
12,small_leak,4,684,342047,123
12,small_leak,4,685,342547,186
12,small_leak,4,686,343047,136
12,small_leak,4,687,343547,134
12,small_leak,4,688,344047,189
12,small_leak,4,689,344547,232
12,small_leak,4,690,345047,221
12,small_leak,4,691,345547,249
12,small_leak,4,692,346047,185
12,small_leak,4,693,346547,77
12,small_leak,4,694,347047,73
12,small_leak,4,695,347547,226
12,small_leak,4,696,348047,137
12,small_leak,4,697,348547,75
12,small_leak,4,698,349047,141
12,small_leak,4,699,349547,191
12,small_leak,4,700,350047,94
12,small_leak,4,701,350547,125
12,small_leak,4,702,351047,157
12,small_leak,4,703,351547,168
12,small_leak,4,704,352047,167
12,small_leak,4,705,352547,140
12,small_leak,4,706,353047,141
12,small_leak,4,707,353547,172
12,small_leak,4,708,354047,364
12,small_leak,4,709,354547,245
12,small_leak,4,710,355047,277
12,small_leak,4,711,355547,152
12,small_leak,4,712,356047,245
12,small_leak,4,713,356547,263
12,small_leak,4,714,357047,267
12,small_leak,4,715,357547,204
12,small_leak,4,716,358047,179
12,small_leak,4,717,358547,220
12,small_leak,4,718,359047,197
12,small_leak,4,719,359547,214
12,small_leak,4,720,360047,219
12,small_leak,4,721,360547,395
12,small_leak,4,722,361047,311
12,small_leak,4,723,361547,380
12,small_leak,4,724,362047,287
12,small_leak,4,725,362547,264
12,small_leak,4,726,363047,283
12,small_leak,4,727,363547,200
12,small_leak,4,728,364047,149
12,small_leak,4,729,364547,95
12,small_leak,4,730,365047,59
12,small_leak,4,731,365547,39
12,small_leak,4,732,366047,92
12,small_leak,4,733,366547,92
12,small_leak,4,734,367047,91
12,small_leak,4,735,367547,154
12,small_leak,4,736,368047,147
12,small_leak,4,737,368547,134
12,small_leak,4,738,369047,171
12,small_leak,4,739,369547,55
12,small_leak,4,740,370047,2
12,small_leak,4,741,370547,118
12,small_leak,4,742,371047,27
12,small_leak,4,743,371547,375
12,small_leak,4,744,372047,179
12,small_leak,4,745,372547,267
12,small_leak,4,746,373047,251
12,small_leak,4,747,373547,300
12,small_leak,4,748,374047,197
12,small_leak,4,749,374547,309
12,small_leak,4,750,375047,281
12,small_leak,4,751,375547,223
12,small_leak,4,752,376047,151
12,small_leak,4,753,376547,227
12,small_leak,4,754,377047,70
12,small_leak,4,755,377547,149
12,small_leak,4,756,378047,229
12,small_leak,4,757,378547,178
12,small_leak,4,758,379047,163
12,small_leak,4,759,379547,45
12,small_leak,4,760,380047,0
12,small_leak,4,761,380547,18
12,small_leak,4,762,381047,39
12,small_leak,4,763,381547,283
12,small_leak,4,764,382048,187
12,small_leak,4,765,382547,228
12,small_leak,4,766,383047,267
12,small_leak,4,767,383547,269
12,small_leak,4,768,384047,139
12,small_leak,4,769,384547,139
12,small_leak,4,770,385047,179
12,small_leak,4,771,385547,104
12,small_leak,4,772,386047,138
12,small_leak,4,773,386547,170
12,small_leak,4,774,387047,121
12,small_leak,4,775,387547,27
12,small_leak,4,776,388047,86
12,small_leak,4,777,388547,29
12,small_leak,4,778,389047,0
12,small_leak,4,779,389547,69
12,small_leak,4,780,390047,107
12,small_leak,4,781,390547,198
12,small_leak,4,782,391047,221
12,small_leak,4,783,391547,325
12,small_leak,4,784,392047,228
12,small_leak,4,785,392547,267
12,small_leak,4,786,393047,344
12,small_leak,4,787,393547,297
12,small_leak,4,788,394047,296
12,small_leak,4,789,394547,216
12,small_leak,4,790,395047,124
12,small_leak,4,791,395547,39
12,small_leak,4,792,396047,0
12,small_leak,4,793,396547,175
12,small_leak,4,794,397047,122
12,small_leak,4,795,397547,27
12,small_leak,4,796,398047,0
12,small_leak,4,797,398547,0
12,small_leak,4,798,399047,0
12,small_leak,4,799,399547,0
12,small_leak,4,800,400047,38
12,small_leak,4,801,400547,0
12,small_leak,4,802,401047,0
12,small_leak,4,803,401547,120
12,small_leak,4,804,402047,26
12,small_leak,4,805,402547,4
12,small_leak,4,806,403047,124
12,small_leak,4,807,403547,316
12,small_leak,4,808,404047,302
12,small_leak,4,809,404547,213
12,small_leak,4,810,405047,120
12,small_leak,4,811,405547,28
12,small_leak,4,812,406047,7
12,small_leak,4,813,406547,10
12,small_leak,4,814,407047,205
12,small_leak,4,815,407547,671
12,small_leak,4,816,408047,487
12,small_leak,4,817,408547,453
12,small_leak,4,818,409047,466
12,small_leak,4,819,409547,267
12,small_leak,4,820,410047,223
12,small_leak,4,821,410547,473
12,small_leak,4,822,411047,287
12,small_leak,4,823,411547,359
12,small_leak,4,824,412047,253
12,small_leak,4,825,412547,243
12,small_leak,4,826,413047,123
12,small_leak,4,827,413547,253
12,small_leak,4,828,414047,79
12,small_leak,4,829,414547,40
12,small_leak,4,830,415047,45
12,small_leak,4,831,415547,76
12,small_leak,4,832,416047,122
12,small_leak,4,833,416547,211
12,small_leak,4,834,417047,62
12,small_leak,4,835,417547,10
12,small_leak,4,836,418047,107
12,small_leak,4,837,418547,121
12,small_leak,4,838,419047,245
12,small_leak,4,839,419547,147
12,small_leak,4,840,420047,189
12,small_leak,4,841,420547,398
12,small_leak,4,842,421047,213
12,small_leak,4,843,421547,237
12,small_leak,4,844,422047,188
12,small_leak,4,845,422547,229
12,small_leak,4,846,423047,111
12,small_leak,4,847,423547,99
12,small_leak,4,848,424047,62
12,small_leak,4,849,424547,9
12,small_leak,4,850,425047,0
12,small_leak,4,851,425547,89
12,small_leak,4,852,426047,17
12,small_leak,4,853,426547,0
12,small_leak,4,854,427047,149
12,small_leak,4,855,427547,415
12,small_leak,4,856,428047,454
12,small_leak,4,857,428547,235
12,small_leak,4,858,429047,170
12,small_leak,4,859,429547,167
12,small_leak,4,860,430047,91
12,small_leak,4,861,430547,62
12,small_leak,4,862,431047,3
12,small_leak,4,863,431547,206
12,small_leak,4,864,432047,278
12,small_leak,4,865,432547,297
12,small_leak,4,866,433047,123
12,small_leak,4,867,433547,120
12,small_leak,4,868,434047,139
12,small_leak,4,869,434547,119
12,small_leak,4,870,435047,139
12,small_leak,4,871,435547,115
12,small_leak,4,872,436047,123
12,small_leak,4,873,436547,133
12,small_leak,4,874,437047,172
12,small_leak,4,875,437547,87
12,small_leak,4,876,438047,203
12,small_leak,4,877,438547,91
12,small_leak,4,878,439047,46
12,small_leak,4,879,439547,0
12,small_leak,4,880,440047,0
12,small_leak,4,881,440547,0
12,small_leak,4,882,441047,0
12,small_leak,4,883,441547,18
12,small_leak,4,884,442047,169
12,small_leak,4,885,442547,98
12,small_leak,4,886,443047,201
12,small_leak,4,887,443547,215
12,small_leak,4,888,444047,89
12,small_leak,4,889,444547,27
12,small_leak,4,890,445047,137
12,small_leak,4,891,445547,157
12,small_leak,4,892,446047,182
12,small_leak,4,893,446547,281
12,small_leak,4,894,447047,287
12,small_leak,4,895,447547,92
12,small_leak,4,896,448047,175
12,small_leak,4,897,448547,211
12,small_leak,4,898,449047,160
12,small_leak,4,899,449547,145
12,small_leak,4,900,450047,229
12,small_leak,4,901,450547,107
12,small_leak,4,902,451047,69
12,small_leak,4,903,451547,31
12,small_leak,4,904,452047,47
12,small_leak,4,905,452547,0
12,small_leak,4,906,453047,117
12,small_leak,4,907,453547,104
12,small_leak,4,908,454047,101
12,small_leak,4,909,454547,127
12,small_leak,4,910,455047,173
12,small_leak,4,911,455547,47
12,small_leak,4,912,456047,191
12,small_leak,4,913,456547,243
12,small_leak,4,914,457047,315
12,small_leak,4,915,457547,136
12,small_leak,4,916,458047,57
12,small_leak,4,917,458547,6
12,small_leak,4,918,459047,0
12,small_leak,4,919,459547,0
12,small_leak,4,920,460047,70
12,small_leak,4,921,460547,31
12,small_leak,4,922,461047,0
12,small_leak,4,923,461547,30
12,small_leak,4,924,462047,111
12,small_leak,4,925,462547,23
12,small_leak,4,926,463047,0
12,small_leak,4,927,463547,36
12,small_leak,4,928,464047,0
12,small_leak,4,929,464547,0
12,small_leak,4,930,465047,45
12,small_leak,4,931,465547,25
12,small_leak,4,932,466047,43
12,small_leak,4,933,466547,111
12,small_leak,4,934,467047,91
12,small_leak,4,935,467547,115
12,small_leak,4,936,468047,25
12,small_leak,4,937,468547,107
12,small_leak,4,938,469047,87
12,small_leak,4,939,469547,106
12,small_leak,4,940,470047,117
12,small_leak,4,941,470547,142
12,small_leak,4,942,471047,173
12,small_leak,4,943,471547,211
12,small_leak,4,944,472047,84
12,small_leak,4,945,472547,221
12,small_leak,4,946,473047,117
12,small_leak,4,947,473547,293
12,small_leak,4,948,474047,175
12,small_leak,4,949,474547,197
12,small_leak,4,950,475047,237
12,small_leak,4,951,475547,307
12,small_leak,4,952,476047,151
12,small_leak,4,953,476547,127
12,small_leak,4,954,477047,179
12,small_leak,4,955,477547,233
12,small_leak,4,956,478047,159
12,small_leak,4,957,478547,133
12,small_leak,4,958,479047,202
12,small_leak,4,959,479547,205
12,small_leak,4,960,480047,184
12,small_leak,4,961,480547,136
12,small_leak,4,962,481047,147
12,small_leak,4,963,481547,124
12,small_leak,4,964,482047,218
12,small_leak,4,965,482547,182
12,small_leak,4,966,483047,242
12,small_leak,4,967,483547,185
12,small_leak,4,968,484047,297
12,small_leak,4,969,484547,229
12,small_leak,4,970,485047,243
12,small_leak,4,971,485547,407
12,small_leak,4,972,486047,181
12,small_leak,4,973,486547,296
12,small_leak,4,974,487047,315
12,small_leak,4,975,487547,309
12,small_leak,4,976,488047,281
12,small_leak,4,977,488547,359
12,small_leak,4,978,489047,282
12,small_leak,4,979,489547,355
12,small_leak,4,980,490047,437
12,small_leak,4,981,490547,458
12,small_leak,4,982,491047,286
12,small_leak,4,983,491547,345
12,small_leak,4,984,492047,219
12,small_leak,4,985,492547,307
12,small_leak,4,986,493047,231
12,small_leak,4,987,493547,333
12,small_leak,4,988,494047,255
12,small_leak,4,989,494547,205
12,small_leak,4,990,495047,409
12,small_leak,4,991,495547,299
12,small_leak,4,992,496047,203
12,small_leak,4,993,496547,169
12,small_leak,4,994,497047,223
12,small_leak,4,995,497547,157
12,small_leak,4,996,498047,241
12,small_leak,4,997,498547,219
12,small_leak,4,998,499047,286
12,small_leak,4,999,499547,213
12,small_leak,4,1000,500047,101
12,small_leak,4,1001,500547,205
12,small_leak,4,1002,501047,345
12,small_leak,4,1003,501547,197
12,small_leak,4,1004,502047,265
12,small_leak,4,1005,502547,268
12,small_leak,4,1006,503047,331
12,small_leak,4,1007,503547,222
12,small_leak,4,1008,504047,372
12,small_leak,4,1009,504547,285
12,small_leak,4,1010,505047,223
12,small_leak,4,1011,505547,292
12,small_leak,4,1012,506047,383
12,small_leak,4,1013,506547,173
12,small_leak,4,1014,507047,247
12,small_leak,4,1015,507547,293
12,small_leak,4,1016,508047,307
12,small_leak,4,1017,508547,275
12,small_leak,4,1018,509047,347
12,small_leak,4,1019,509547,319
12,small_leak,4,1020,510047,315
12,small_leak,4,1021,510547,227
12,small_leak,4,1022,511047,217
12,small_leak,4,1023,511547,139
12,small_leak,4,1024,512047,253
12,small_leak,4,1025,512547,219
12,small_leak,4,1026,513047,148
12,small_leak,4,1027,513547,107
12,small_leak,4,1028,514047,197
12,small_leak,4,1029,514547,185
12,small_leak,4,1030,515047,243
12,small_leak,4,1031,515547,106
12,small_leak,4,1032,516047,263
12,small_leak,4,1033,516547,137
12,small_leak,4,1034,517047,221
12,small_leak,4,1035,517547,149
12,small_leak,4,1036,518047,134
12,small_leak,4,1037,518547,174
12,small_leak,4,1038,519047,174
12,small_leak,4,1039,519547,175
12,small_leak,4,1040,520047,167
12,small_leak,4,1041,520547,174
12,small_leak,4,1042,521047,155
12,small_leak,4,1043,521547,199
12,small_leak,4,1044,522047,125
12,small_leak,4,1045,522547,109
12,small_leak,4,1046,523047,111
12,small_leak,4,1047,523547,71
12,small_leak,4,1048,524047,253
12,small_leak,4,1049,524547,78
12,small_leak,4,1050,525047,139
12,small_leak,4,1051,525547,166
12,small_leak,4,1052,526047,163
12,small_leak,4,1053,526547,207
12,small_leak,4,1054,527047,99
12,small_leak,4,1055,527547,101
12,small_leak,4,1056,528047,153
12,small_leak,4,1057,528547,228
12,small_leak,4,1058,529047,279
12,small_leak,4,1059,529547,234
12,small_leak,4,1060,530047,229
12,small_leak,4,1061,530547,159
12,small_leak,4,1062,531047,187
12,small_leak,4,1063,531547,329
12,small_leak,4,1064,532047,237
12,small_leak,4,1065,532547,275
12,small_leak,4,1066,533047,179
12,small_leak,4,1067,533547,106
12,small_leak,4,1068,534047,146
12,small_leak,4,1069,534547,125
12,small_leak,4,1070,535047,155
12,small_leak,4,1071,535547,147
12,small_leak,4,1072,536047,108
12,small_leak,4,1073,536547,99
12,small_leak,4,1074,537047,119
12,small_leak,4,1075,537547,123
12,small_leak,4,1076,538047,160
12,small_leak,4,1077,538547,94
12,small_leak,4,1078,539047,19
12,small_leak,4,1079,539547,2
12,small_leak,4,1080,540047,0
12,small_leak,4,1081,540547,75
12,small_leak,4,1082,541047,117
12,small_leak,4,1083,541547,93
12,small_leak,4,1084,542047,147
12,small_leak,4,1085,542547,165
12,small_leak,4,1086,543047,153
12,small_leak,4,1087,543547,165
12,small_leak,4,1088,544047,212
12,small_leak,4,1089,544547,61
12,small_leak,4,1090,545047,31
12,small_leak,4,1091,545547,79
12,small_leak,4,1092,546047,17
12,small_leak,4,1093,546547,217
12,small_leak,4,1094,547047,175
12,small_leak,4,1095,547547,201
12,small_leak,4,1096,548047,233
12,small_leak,4,1097,548547,223
12,small_leak,4,1098,549047,247
12,small_leak,4,1099,549547,164
12,small_leak,4,1100,550047,199
12,small_leak,4,1101,550547,347
12,small_leak,4,1102,551047,183
12,small_leak,4,1103,551547,219
12,small_leak,4,1104,552047,169
12,small_leak,4,1105,552547,121
12,small_leak,4,1106,553047,77
12,small_leak,4,1107,553547,237
12,small_leak,4,1108,554047,105
12,small_leak,4,1109,554547,52
12,small_leak,4,1110,555047,153
12,small_leak,4,1111,555547,107
12,small_leak,4,1112,556047,88
12,small_leak,4,1113,556547,124
12,small_leak,4,1114,557047,201
12,small_leak,4,1115,557547,221
12,small_leak,4,1116,558047,186
12,small_leak,4,1117,558547,223
12,small_leak,4,1118,559047,266
12,small_leak,4,1119,559547,213
12,small_leak,4,1120,560047,71
12,small_leak,4,1121,560547,72
12,small_leak,4,1122,561047,7
12,small_leak,4,1123,561547,0
12,small_leak,4,1124,562047,46
12,small_leak,4,1125,562547,0
12,small_leak,4,1126,563047,0
12,small_leak,4,1127,563547,0
12,small_leak,4,1128,564047,0
12,small_leak,4,1129,564547,0
12,small_leak,4,1130,565047,0
12,small_leak,4,1131,565547,0
12,small_leak,4,1132,566047,0
12,small_leak,4,1133,566547,0
12,small_leak,4,1134,567047,0
12,small_leak,4,1135,567547,0
12,small_leak,4,1136,568047,0
12,small_leak,4,1137,568547,30
12,small_leak,4,1138,569048,221
12,small_leak,4,1139,569547,267
12,small_leak,4,1140,570047,153
12,small_leak,4,1141,570547,233
12,small_leak,4,1142,571047,149
12,small_leak,4,1143,571547,233
12,small_leak,4,1144,572047,315
12,small_leak,4,1145,572547,299
12,small_leak,4,1146,573047,247
12,small_leak,4,1147,573547,236
12,small_leak,4,1148,574047,207
12,small_leak,4,1149,574547,247
12,small_leak,4,1150,575047,233
12,small_leak,4,1151,575547,245
12,small_leak,4,1152,576047,261
12,small_leak,4,1153,576547,277
12,small_leak,4,1154,577047,269
12,small_leak,4,1155,577547,329
12,small_leak,4,1156,578047,124
12,small_leak,4,1157,578547,123
12,small_leak,4,1158,579047,247
12,small_leak,4,1159,579547,164
12,small_leak,4,1160,580047,147
12,small_leak,4,1161,580547,237
12,small_leak,4,1162,581047,202
12,small_leak,4,1163,581547,223
12,small_leak,4,1164,582047,136
12,small_leak,4,1165,582547,174
12,small_leak,4,1166,583047,169
12,small_leak,4,1167,583547,231
12,small_leak,4,1168,584047,326
12,small_leak,4,1169,584547,227
12,small_leak,4,1170,585047,317
12,small_leak,4,1171,585547,139
12,small_leak,4,1172,586047,171
12,small_leak,4,1173,586547,45
12,small_leak,4,1174,587047,29
12,small_leak,4,1175,587547,253
12,small_leak,4,1176,588047,182
12,small_leak,4,1177,588547,157
12,small_leak,4,1178,589047,83
12,small_leak,4,1179,589547,70
12,small_leak,4,1180,590047,91
12,small_leak,4,1181,590547,255
12,small_leak,4,1182,591047,138
12,small_leak,4,1183,591547,101
12,small_leak,4,1184,592047,47
12,small_leak,4,1185,592547,103
12,small_leak,4,1186,593047,152
12,small_leak,4,1187,593547,51
12,small_leak,4,1188,594047,58
12,small_leak,4,1189,594547,199
12,small_leak,4,1190,595047,153
12,small_leak,4,1191,595547,243
12,small_leak,4,1192,596047,231
12,small_leak,4,1193,596547,269
12,small_leak,4,1194,597047,261
12,small_leak,4,1195,597547,342
12,small_leak,4,1196,598047,377
12,small_leak,4,1197,598547,351
12,small_leak,4,1198,599047,264
12,small_leak,4,1199,599547,383
12,small_leak,4,1200,600047,359
12,small_leak,4,1201,600547,308
12,small_leak,4,1202,601047,159
12,small_leak,4,1203,601547,217
12,small_leak,4,1204,602047,145
12,small_leak,4,1205,602547,116
12,small_leak,4,1206,603047,211
12,small_leak,4,1207,603547,67
12,small_leak,4,1208,604047,18
12,small_leak,4,1209,604547,45
12,small_leak,4,1210,605047,295
12,small_leak,4,1211,605547,94
12,small_leak,4,1212,606047,17
12,small_leak,4,1213,606547,156
12,small_leak,4,1214,607047,285
12,small_leak,4,1215,607547,341
12,small_leak,4,1216,608047,495
12,small_leak,4,1217,608547,399
12,small_leak,4,1218,609047,275
12,small_leak,4,1219,609547,263
12,small_leak,4,1220,610047,297
12,small_leak,4,1221,610547,226
12,small_leak,4,1222,611047,123
12,small_leak,4,1223,611547,287
12,small_leak,4,1224,612047,334
12,small_leak,4,1225,612547,213
12,small_leak,4,1226,613047,269
12,small_leak,4,1227,613547,189
12,small_leak,4,1228,614047,277
12,small_leak,4,1229,614547,211
12,small_leak,4,1230,615047,286
12,small_leak,4,1231,615547,275
12,small_leak,4,1232,616047,221
12,small_leak,4,1233,616547,311
12,small_leak,4,1234,617047,207
12,small_leak,4,1235,617547,107
12,small_leak,4,1236,618047,111
12,small_leak,4,1237,618547,109
12,small_leak,4,1238,619047,91
12,small_leak,4,1239,619547,104
12,small_leak,4,1240,620047,79
12,small_leak,4,1241,620547,25
12,small_leak,4,1242,621047,271
12,small_leak,4,1243,621547,85
12,small_leak,4,1244,622047,169
12,small_leak,4,1245,622547,71
12,small_leak,4,1246,623047,17
12,small_leak,4,1247,623547,106
12,small_leak,4,1248,624047,127
12,small_leak,4,1249,624547,142
12,small_leak,4,1250,625047,169
12,small_leak,4,1251,625547,51
12,small_leak,4,1252,626047,171
12,small_leak,4,1253,626547,207
12,small_leak,4,1254,627047,199
12,small_leak,4,1255,627547,105
12,small_leak,4,1256,628047,165
12,small_leak,4,1257,628547,127
12,small_leak,4,1258,629047,235
12,small_leak,4,1259,629547,273
12,small_leak,4,1260,630047,109
12,small_leak,4,1261,630547,201
12,small_leak,4,1262,631047,189
12,small_leak,4,1263,631547,57
12,small_leak,4,1264,632047,92
12,small_leak,4,1265,632547,61
12,small_leak,4,1266,633047,214
12,small_leak,4,1267,633547,245
12,small_leak,4,1268,634047,79
12,small_leak,4,1269,634547,77
12,small_leak,4,1270,635047,89
12,small_leak,4,1271,635547,280
12,small_leak,4,1272,636047,279
12,small_leak,4,1273,636547,315
12,small_leak,4,1274,637047,235
12,small_leak,4,1275,637547,265
12,small_leak,4,1276,638047,293
12,small_leak,4,1277,638547,359
12,small_leak,4,1278,639048,304
12,small_leak,4,1279,639547,251
12,small_leak,4,1280,640047,286
12,small_leak,4,1281,640547,293
12,small_leak,4,1282,641047,147
12,small_leak,4,1283,641547,207
12,small_leak,4,1284,642047,145
12,small_leak,4,1285,642547,169
12,small_leak,4,1286,643047,57
12,small_leak,4,1287,643547,101
12,small_leak,4,1288,644047,21
12,small_leak,4,1289,644547,0
12,small_leak,4,1290,645047,0
12,small_leak,4,1291,645547,4
12,small_leak,4,1292,646047,24
12,small_leak,4,1293,646547,0
12,small_leak,4,1294,647047,21
12,small_leak,4,1295,647547,4
12,small_leak,4,1296,648047,159
12,small_leak,4,1297,648547,43
12,small_leak,4,1298,649047,0
12,small_leak,4,1299,649547,146
12,small_leak,4,1300,650047,204
12,small_leak,4,1301,650547,203
12,small_leak,4,1302,651047,121
12,small_leak,4,1303,651547,180
12,small_leak,4,1304,652047,120
12,small_leak,4,1305,652547,175
12,small_leak,4,1306,653047,270
12,small_leak,4,1307,653547,85
12,small_leak,4,1308,654047,87
12,small_leak,4,1309,654547,90
12,small_leak,4,1310,655047,139
12,small_leak,4,1311,655547,31
12,small_leak,4,1312,656047,25
12,small_leak,4,1313,656547,4
12,small_leak,4,1314,657047,109
12,small_leak,4,1315,657547,207
12,small_leak,4,1316,658047,314
12,small_leak,4,1317,658547,153
12,small_leak,4,1318,659047,284
12,small_leak,4,1319,659547,326
12,small_leak,4,1320,660047,375
12,small_leak,4,1321,660547,425
12,small_leak,4,1322,661047,329
12,small_leak,4,1323,661547,283
12,small_leak,4,1324,662047,391
12,small_leak,4,1325,662547,251
12,small_leak,4,1326,663047,203
12,small_leak,4,1327,663547,157
12,small_leak,4,1328,664047,109
12,small_leak,4,1329,664547,87
12,small_leak,4,1330,665047,125
12,small_leak,4,1331,665547,33
12,small_leak,4,1332,666047,0
12,small_leak,4,1333,666547,0
12,small_leak,4,1334,667047,9
12,small_leak,4,1335,667547,35
12,small_leak,4,1336,668047,0
12,small_leak,4,1337,668547,0
12,small_leak,4,1338,669047,0
12,small_leak,4,1339,669547,0
12,small_leak,4,1340,670047,0
12,small_leak,4,1341,670547,5
12,small_leak,4,1342,671047,19
12,small_leak,4,1343,671547,45
12,small_leak,4,1344,672047,0
12,small_leak,4,1345,672547,119
12,small_leak,4,1346,673047,84
12,small_leak,4,1347,673547,11
12,small_leak,4,1348,674047,0
12,small_leak,4,1349,674547,29
12,small_leak,4,1350,675047,204
12,small_leak,4,1351,675547,151
12,small_leak,4,1352,676047,45
12,small_leak,4,1353,676547,99
12,small_leak,4,1354,677047,103
12,small_leak,4,1355,677547,77
12,small_leak,4,1356,678047,95
12,small_leak,4,1357,678547,46
12,small_leak,4,1358,679047,135
12,small_leak,4,1359,679547,199
12,small_leak,4,1360,680047,279
12,small_leak,4,1361,680547,179
12,small_leak,4,1362,681047,242
12,small_leak,4,1363,681547,235
12,small_leak,4,1364,682047,205
12,small_leak,4,1365,682547,275
12,small_leak,4,1366,683047,222
12,small_leak,4,1367,683547,280
12,small_leak,4,1368,684047,265
12,small_leak,4,1369,684547,381
12,small_leak,4,1370,685047,250
12,small_leak,4,1371,685547,203
12,small_leak,4,1372,686047,235
12,small_leak,4,1373,686547,301
12,small_leak,4,1374,687047,105
12,small_leak,4,1375,687547,207
12,small_leak,4,1376,688047,73
12,small_leak,4,1377,688547,175
12,small_leak,4,1378,689047,311
12,small_leak,4,1379,689547,179
12,small_leak,4,1380,690047,303
12,small_leak,4,1381,690547,125
12,small_leak,4,1382,691047,115
12,small_leak,4,1383,691547,284
12,small_leak,4,1384,692047,239
12,small_leak,4,1385,692547,293
12,small_leak,4,1386,693047,263
12,small_leak,4,1387,693547,133
12,small_leak,4,1388,694047,88
12,small_leak,4,1389,694547,393
12,small_leak,4,1390,695047,187
12,small_leak,4,1391,695547,171
12,small_leak,4,1392,696047,231
12,small_leak,4,1393,696547,173
12,small_leak,4,1394,697047,171
12,small_leak,4,1395,697547,186
12,small_leak,4,1396,698047,116
12,small_leak,4,1397,698547,131
12,small_leak,4,1398,699047,139
12,small_leak,4,1399,699547,173
12,small_leak,4,1400,700047,156
12,small_leak,4,1401,700547,151
12,small_leak,4,1402,701047,94
12,small_leak,4,1403,701547,17
12,small_leak,4,1404,702047,102
12,small_leak,4,1405,702547,30
12,small_leak,4,1406,703047,109
12,small_leak,4,1407,703547,276
12,small_leak,4,1408,704047,239
12,small_leak,4,1409,704547,343
12,small_leak,4,1410,705047,225
12,small_leak,4,1411,705547,347
12,small_leak,4,1412,706047,318
12,small_leak,4,1413,706547,301
12,small_leak,4,1414,707047,313
12,small_leak,4,1415,707547,229
12,small_leak,4,1416,708047,149
12,small_leak,4,1417,708547,141
12,small_leak,4,1418,709047,75
12,small_leak,4,1419,709547,173
12,small_leak,4,1420,710047,124
12,small_leak,4,1421,710547,71
12,small_leak,4,1422,711047,46
12,small_leak,4,1423,711547,109
12,small_leak,4,1424,712047,23
12,small_leak,4,1425,712547,100
12,small_leak,4,1426,713047,200
12,small_leak,4,1427,713547,231
12,small_leak,4,1428,714047,277
12,small_leak,4,1429,714547,217
12,small_leak,4,1430,715047,277
12,small_leak,4,1431,715547,203
12,small_leak,4,1432,716047,137
12,small_leak,4,1433,716547,105
12,small_leak,4,1434,717047,150
12,small_leak,4,1435,717547,146
12,small_leak,4,1436,718047,80
12,small_leak,4,1437,718547,105
12,small_leak,4,1438,719047,43
12,small_leak,4,1439,719547,89
12,small_leak,4,1440,720047,91
12,small_leak,4,1441,720547,103
12,small_leak,4,1442,721047,286
12,small_leak,4,1443,721547,201
12,small_leak,4,1444,722047,277
12,small_leak,4,1445,722547,339
12,small_leak,4,1446,723047,240
12,small_leak,4,1447,723547,247
12,small_leak,4,1448,724047,190
12,small_leak,4,1449,724547,123
12,small_leak,4,1450,725047,157
12,small_leak,4,1451,725547,171
12,small_leak,4,1452,726047,199
12,small_leak,4,1453,726547,191
12,small_leak,4,1454,727047,99
12,small_leak,4,1455,727547,106
12,small_leak,4,1456,728047,216
12,small_leak,4,1457,728547,121
12,small_leak,4,1458,729047,120
12,small_leak,4,1459,729547,157
12,small_leak,4,1460,730047,149
12,small_leak,4,1461,730547,98
12,small_leak,4,1462,731047,72
12,small_leak,4,1463,731547,125
12,small_leak,4,1464,732047,29
12,small_leak,4,1465,732547,68
12,small_leak,4,1466,733047,292
12,small_leak,4,1467,733547,107
12,small_leak,4,1468,734047,23
12,small_leak,4,1469,734547,107
12,small_leak,4,1470,735047,51
12,small_leak,4,1471,735547,57
12,small_leak,4,1472,736047,87
12,small_leak,4,1473,736547,111
12,small_leak,4,1474,737047,22
12,small_leak,4,1475,737547,189
12,small_leak,4,1476,738047,103
12,small_leak,4,1477,738547,109
12,small_leak,4,1478,739047,179
12,small_leak,4,1479,739547,157
12,small_leak,4,1480,740047,248
12,small_leak,4,1481,740547,279
12,small_leak,4,1482,741047,166
12,small_leak,4,1483,741547,155
12,small_leak,4,1484,742047,146
12,small_leak,4,1485,742547,190
12,small_leak,4,1486,743047,167
12,small_leak,4,1487,743547,164
12,small_leak,4,1488,744047,205
12,small_leak,4,1489,744547,292
12,small_leak,4,1490,745047,148
12,small_leak,4,1491,745547,138
12,small_leak,4,1492,746047,181
12,small_leak,4,1493,746547,189
12,small_leak,4,1494,747047,55
12,small_leak,4,1495,747547,92
12,small_leak,4,1496,748047,23
12,small_leak,4,1497,748547,0
12,small_leak,4,1498,749047,155
12,small_leak,4,1499,749547,42
12,small_leak,4,1500,750047,88
12,small_leak,4,1501,750547,213
12,small_leak,4,1502,751047,126
12,small_leak,4,1503,751547,219
12,small_leak,4,1504,752047,365
12,small_leak,4,1505,752547,281
12,small_leak,4,1506,753047,337
12,small_leak,4,1507,753547,440
12,small_leak,4,1508,754047,313
12,small_leak,4,1509,754547,313
12,small_leak,4,1510,755047,250
12,small_leak,4,1511,755547,253
12,small_leak,4,1512,756047,244
12,small_leak,4,1513,756547,175
12,small_leak,4,1514,757047,217
12,small_leak,4,1515,757547,77
12,small_leak,4,1516,758047,175
12,small_leak,4,1517,758547,103
12,small_leak,4,1518,759047,165
12,small_leak,4,1519,759547,45
12,small_leak,4,1520,760047,41
12,small_leak,4,1521,760547,105
12,small_leak,4,1522,761047,19
12,small_leak,4,1523,761547,181
12,small_leak,4,1524,762047,232
12,small_leak,4,1525,762547,101
12,small_leak,4,1526,763047,94
12,small_leak,4,1527,763547,55
12,small_leak,4,1528,764047,71
12,small_leak,4,1529,764547,180
12,small_leak,4,1530,765047,215
12,small_leak,4,1531,765547,122
12,small_leak,4,1532,766047,44
12,small_leak,4,1533,766547,168
12,small_leak,4,1534,767047,139
12,small_leak,4,1535,767547,150
12,small_leak,4,1536,768047,39
12,small_leak,4,1537,768547,109
12,small_leak,4,1538,769047,153
12,small_leak,4,1539,769547,77
12,small_leak,4,1540,770047,111
12,small_leak,4,1541,770547,89
12,small_leak,4,1542,771047,213
12,small_leak,4,1543,771547,215
12,small_leak,4,1544,772047,148
12,small_leak,4,1545,772547,116
12,small_leak,4,1546,773047,261
12,small_leak,4,1547,773547,176
12,small_leak,4,1548,774047,278
12,small_leak,4,1549,774547,159
12,small_leak,4,1550,775047,191
12,small_leak,4,1551,775547,215
12,small_leak,4,1552,776047,173
12,small_leak,4,1553,776547,339
12,small_leak,4,1554,777047,235
12,small_leak,4,1555,777547,237
12,small_leak,4,1556,778047,219
12,small_leak,4,1557,778547,227
12,small_leak,4,1558,779048,180
12,small_leak,4,1559,779547,301
12,small_leak,4,1560,780047,338
12,small_leak,4,1561,780547,328
12,small_leak,4,1562,781047,242
12,small_leak,4,1563,781547,79
12,small_leak,4,1564,782047,41
12,small_leak,4,1565,782547,0
12,small_leak,4,1566,783047,0
12,small_leak,4,1567,783547,53
12,small_leak,4,1568,784047,141
12,small_leak,4,1569,784547,35
12,small_leak,4,1570,785047,93
12,small_leak,4,1571,785547,71
12,small_leak,4,1572,786047,151
12,small_leak,4,1573,786547,41
12,small_leak,4,1574,787047,133
12,small_leak,4,1575,787547,217
12,small_leak,4,1576,788047,165
12,small_leak,4,1577,788547,155
12,small_leak,4,1578,789047,135
12,small_leak,4,1579,789547,156
12,small_leak,4,1580,790047,63
12,small_leak,4,1581,790547,157
12,small_leak,4,1582,791047,86
12,small_leak,4,1583,791547,82
12,small_leak,4,1584,792047,175
12,small_leak,4,1585,792547,46
12,small_leak,4,1586,793047,120
12,small_leak,4,1587,793547,26
12,small_leak,4,1588,794047,0
12,small_leak,4,1589,794547,141
12,small_leak,4,1590,795047,198
12,small_leak,4,1591,795547,216
12,small_leak,4,1592,796047,69
12,small_leak,4,1593,796547,51
12,small_leak,4,1594,797047,1
12,small_leak,4,1595,797547,43
12,small_leak,4,1596,798047,0
12,small_leak,4,1597,798547,111
12,small_leak,4,1598,799047,79
12,small_leak,4,1599,799547,53
12,small_leak,4,1600,800047,51
12,small_leak,4,1601,800547,83
12,small_leak,4,1602,801047,235
12,small_leak,4,1603,801547,312
12,small_leak,4,1604,802047,331
12,small_leak,4,1605,802547,277
12,small_leak,4,1606,803047,251
12,small_leak,4,1607,803547,269
12,small_leak,4,1608,804047,309
12,small_leak,4,1609,804547,220
12,small_leak,4,1610,805047,71
12,small_leak,4,1611,805547,176
12,small_leak,4,1612,806047,101
12,small_leak,4,1613,806547,220
12,small_leak,4,1614,807047,68
12,small_leak,4,1615,807547,6
12,small_leak,4,1616,808047,85
12,small_leak,4,1617,808547,107
12,small_leak,4,1618,809047,214
12,small_leak,4,1619,809547,63
12,small_leak,4,1620,810047,59
12,small_leak,4,1621,810547,176
12,small_leak,4,1622,811047,197
12,small_leak,4,1623,811547,172
12,small_leak,4,1624,812047,173
12,small_leak,4,1625,812547,103
12,small_leak,4,1626,813047,91
12,small_leak,4,1627,813547,53
12,small_leak,4,1628,814047,213
12,small_leak,4,1629,814547,217
12,small_leak,4,1630,815047,67
12,small_leak,4,1631,815547,215
12,small_leak,4,1632,816047,133
12,small_leak,4,1633,816547,31
12,small_leak,4,1634,817047,412
12,small_leak,4,1635,817547,157
12,small_leak,4,1636,818047,44
12,small_leak,4,1637,818547,136
12,small_leak,4,1638,819047,53
12,small_leak,4,1639,819547,279
12,small_leak,4,1640,820047,153
12,small_leak,4,1641,820547,57
12,small_leak,4,1642,821047,326
12,small_leak,4,1643,821547,245
12,small_leak,4,1644,822047,199
12,small_leak,4,1645,822547,119
12,small_leak,4,1646,823047,107
12,small_leak,4,1647,823547,39
12,small_leak,4,1648,824047,158
12,small_leak,4,1649,824547,156
12,small_leak,4,1650,825047,175
12,small_leak,4,1651,825547,133
12,small_leak,4,1652,826047,185
12,small_leak,4,1653,826547,85
12,small_leak,4,1654,827047,169
12,small_leak,4,1655,827547,45
12,small_leak,4,1656,828047,205
12,small_leak,4,1657,828547,117
12,small_leak,4,1658,829047,141
12,small_leak,4,1659,829547,153
12,small_leak,4,1660,830047,247
12,small_leak,4,1661,830547,287
12,small_leak,4,1662,831047,190
12,small_leak,4,1663,831547,297
12,small_leak,4,1664,832047,314
12,small_leak,4,1665,832547,276
12,small_leak,4,1666,833047,325
12,small_leak,4,1667,833547,223
12,small_leak,4,1668,834047,312
12,small_leak,4,1669,834547,310
12,small_leak,4,1670,835047,281
12,small_leak,4,1671,835547,299
12,small_leak,4,1672,836047,265
12,small_leak,4,1673,836547,231
12,small_leak,4,1674,837047,121
12,small_leak,4,1675,837547,123
12,small_leak,4,1676,838047,151
12,small_leak,4,1677,838547,133
12,small_leak,4,1678,839047,273
12,small_leak,4,1679,839547,120
12,small_leak,4,1680,840047,89
12,small_leak,4,1681,840547,372
12,small_leak,4,1682,841047,122
12,small_leak,4,1683,841547,221
12,small_leak,4,1684,842047,264
12,small_leak,4,1685,842547,84
12,small_leak,4,1686,843047,11
12,small_leak,4,1687,843547,0
12,small_leak,4,1688,844047,23
12,small_leak,4,1689,844547,87
12,small_leak,4,1690,845047,213
12,small_leak,4,1691,845547,139
12,small_leak,4,1692,846047,106
12,small_leak,4,1693,846547,231
12,small_leak,4,1694,847047,368
12,small_leak,4,1695,847547,280
12,small_leak,4,1696,848047,311
12,small_leak,4,1697,848547,296
12,small_leak,4,1698,849047,413
12,small_leak,4,1699,849547,255
12,small_leak,4,1700,850047,245
12,small_leak,4,1701,850547,285
12,small_leak,4,1702,851047,371
12,small_leak,4,1703,851547,282
12,small_leak,4,1704,852047,354
12,small_leak,4,1705,852547,165
12,small_leak,4,1706,853048,107
12,small_leak,4,1707,853547,85
12,small_leak,4,1708,854047,16
12,small_leak,4,1709,854547,152
12,small_leak,4,1710,855047,295
12,small_leak,4,1711,855547,347
12,small_leak,4,1712,856047,163
12,small_leak,4,1713,856547,101
12,small_leak,4,1714,857047,199
12,small_leak,4,1715,857547,213
12,small_leak,4,1716,858047,247
12,small_leak,4,1717,858547,199
12,small_leak,4,1718,859047,180
12,small_leak,4,1719,859547,134
12,small_leak,4,1720,860047,143
12,small_leak,4,1721,860547,46
12,small_leak,4,1722,861047,85
12,small_leak,4,1723,861547,13
12,small_leak,4,1724,862047,0
12,small_leak,4,1725,862547,0
12,small_leak,4,1726,863047,10
12,small_leak,4,1727,863547,21
12,small_leak,4,1728,864047,0
12,small_leak,4,1729,864547,0
12,small_leak,4,1730,865047,150
12,small_leak,4,1731,865547,44
12,small_leak,4,1732,866047,1
12,small_leak,4,1733,866547,93
12,small_leak,4,1734,867047,69
12,small_leak,4,1735,867547,137
12,small_leak,4,1736,868047,116
12,small_leak,4,1737,868547,164
12,small_leak,4,1738,869047,150
12,small_leak,4,1739,869547,173
12,small_leak,4,1740,870047,229
12,small_leak,4,1741,870547,235
12,small_leak,4,1742,871047,211
12,small_leak,4,1743,871547,231
12,small_leak,4,1744,872047,291
12,small_leak,4,1745,872547,219
12,small_leak,4,1746,873047,155
12,small_leak,4,1747,873547,135
12,small_leak,4,1748,874047,42
12,small_leak,4,1749,874547,101
12,small_leak,4,1750,875047,167
12,small_leak,4,1751,875547,148
12,small_leak,4,1752,876047,163
12,small_leak,4,1753,876547,187
12,small_leak,4,1754,877047,199
12,small_leak,4,1755,877547,239
12,small_leak,4,1756,878047,219
12,small_leak,4,1757,878547,191
12,small_leak,4,1758,879047,175
12,small_leak,4,1759,879547,153
12,small_leak,4,1760,880047,191
12,small_leak,4,1761,880547,217
12,small_leak,4,1762,881047,149
12,small_leak,4,1763,881547,229
12,small_leak,4,1764,882047,206
12,small_leak,4,1765,882547,207
12,small_leak,4,1766,883047,119
12,small_leak,4,1767,883547,122
12,small_leak,4,1768,884047,39
12,small_leak,4,1769,884547,146
12,small_leak,4,1770,885047,139
12,small_leak,4,1771,885547,47
12,small_leak,4,1772,886047,0
12,small_leak,4,1773,886547,155
12,small_leak,4,1774,887047,202
12,small_leak,4,1775,887547,149
12,small_leak,4,1776,888047,211
12,small_leak,4,1777,888547,252
12,small_leak,4,1778,889047,235
12,small_leak,4,1779,889547,134
12,small_leak,4,1780,890047,203
12,small_leak,4,1781,890547,175
12,small_leak,4,1782,891047,151
12,small_leak,4,1783,891547,55
12,small_leak,4,1784,892047,183
12,small_leak,4,1785,892547,233
12,small_leak,4,1786,893047,219
12,small_leak,4,1787,893547,239
12,small_leak,4,1788,894047,247
12,small_leak,4,1789,894547,237
12,small_leak,4,1790,895047,75
12,small_leak,4,1791,895547,77
12,small_leak,4,1792,896047,269
12,small_leak,4,1793,896547,214
12,small_leak,4,1794,897047,62
12,small_leak,4,1795,897547,6
12,small_leak,4,1796,898047,4
12,small_leak,4,1797,898547,57
12,small_leak,4,1798,899047,5
12,small_leak,4,1799,899547,0
12,small_leak,4,1800,900047,19
12,small_leak,4,1801,900547,48
12,small_leak,4,1802,901047,0
12,small_leak,4,1803,901547,43
12,small_leak,4,1804,902047,111
12,small_leak,4,1805,902547,147
12,small_leak,4,1806,903047,277
12,small_leak,4,1807,903547,210
12,small_leak,4,1808,904047,134
12,small_leak,4,1809,904547,167
12,small_leak,4,1810,905047,188
12,small_leak,4,1811,905547,296
12,small_leak,4,1812,906047,227
12,small_leak,4,1813,906547,326
12,small_leak,4,1814,907047,103
12,small_leak,4,1815,907547,72
12,small_leak,4,1816,908047,26
12,small_leak,4,1817,908547,59
12,small_leak,4,1818,909047,43
12,small_leak,4,1819,909547,201
12,small_leak,4,1820,910047,430
12,small_leak,4,1821,910547,157
12,small_leak,4,1822,911047,43
12,small_leak,4,1823,911547,189
12,small_leak,4,1824,912047,299
12,small_leak,4,1825,912547,164
12,small_leak,4,1826,913047,61
12,small_leak,4,1827,913547,77
12,small_leak,4,1828,914047,92
12,small_leak,4,1829,914547,71
12,small_leak,4,1830,915047,92
12,small_leak,4,1831,915547,77
12,small_leak,4,1832,916047,102
12,small_leak,4,1833,916547,182
12,small_leak,4,1834,917047,173
12,small_leak,4,1835,917547,299
12,small_leak,4,1836,918047,229
12,small_leak,4,1837,918547,285
12,small_leak,4,1838,919047,314
12,small_leak,4,1839,919547,135
12,small_leak,4,1840,920047,207
12,small_leak,4,1841,920547,308
12,small_leak,4,1842,921047,299
12,small_leak,4,1843,921547,411
12,small_leak,4,1844,922047,365
12,small_leak,4,1845,922547,377
12,small_leak,4,1846,923048,341
12,small_leak,4,1847,923547,173
12,small_leak,4,1848,924047,392
12,small_leak,4,1849,924547,312
12,small_leak,4,1850,925047,164
12,small_leak,4,1851,925547,179
12,small_leak,4,1852,926047,141
12,small_leak,4,1853,926547,44
12,small_leak,4,1854,927047,1
12,small_leak,4,1855,927547,0
12,small_leak,4,1856,928047,14
12,small_leak,4,1857,928547,2
12,small_leak,4,1858,929047,110
12,small_leak,4,1859,929547,235
12,small_leak,4,1860,930047,233
12,small_leak,4,1861,930547,307
12,small_leak,4,1862,931047,101
12,small_leak,4,1863,931547,90
12,small_leak,4,1864,932047,156
12,small_leak,4,1865,932547,303
12,small_leak,4,1866,933047,309
12,small_leak,4,1867,933547,356
12,small_leak,4,1868,934047,149
12,small_leak,4,1869,934547,231
12,small_leak,4,1870,935047,377
12,small_leak,4,1871,935547,221
12,small_leak,4,1872,936047,254
12,small_leak,4,1873,936547,328
12,small_leak,4,1874,937047,358
12,small_leak,4,1875,937547,227
12,small_leak,4,1876,938047,165
12,small_leak,4,1877,938547,205
12,small_leak,4,1878,939048,179
12,small_leak,4,1879,939547,90
12,small_leak,4,1880,940047,111
12,small_leak,4,1881,940547,124
12,small_leak,4,1882,941047,277
12,small_leak,4,1883,941547,105
12,small_leak,4,1884,942047,179
12,small_leak,4,1885,942547,120
12,small_leak,4,1886,943047,137
12,small_leak,4,1887,943547,103
12,small_leak,4,1888,944047,137
12,small_leak,4,1889,944547,151
12,small_leak,4,1890,945047,52
12,small_leak,4,1891,945547,205
12,small_leak,4,1892,946047,108
12,small_leak,4,1893,946547,69
12,small_leak,4,1894,947047,107
12,small_leak,4,1895,947547,141
12,small_leak,4,1896,948047,240
12,small_leak,4,1897,948547,266
12,small_leak,4,1898,949047,200
12,small_leak,4,1899,949547,233
12,small_leak,4,1900,950047,105
12,small_leak,4,1901,950547,190
12,small_leak,4,1902,951047,185
12,small_leak,4,1903,951547,87
12,small_leak,4,1904,952047,139
12,small_leak,4,1905,952547,47
12,small_leak,4,1906,953047,116
12,small_leak,4,1907,953547,197
12,small_leak,4,1908,954047,191
12,small_leak,4,1909,954547,61
12,small_leak,4,1910,955047,133
12,small_leak,4,1911,955547,103
12,small_leak,4,1912,956047,174
12,small_leak,4,1913,956547,171
12,small_leak,4,1914,957047,263
12,small_leak,4,1915,957547,201
12,small_leak,4,1916,958047,182
12,small_leak,4,1917,958547,207
12,small_leak,4,1918,959048,223
12,small_leak,4,1919,959547,434
12,small_leak,4,1920,960047,199
12,small_leak,4,1921,960547,412
12,small_leak,4,1922,961047,275
12,small_leak,4,1923,961547,231
12,small_leak,4,1924,962047,189
12,small_leak,4,1925,962547,232
12,small_leak,4,1926,963047,191
12,small_leak,4,1927,963547,231
12,small_leak,4,1928,964047,159
12,small_leak,4,1929,964547,78
12,small_leak,4,1930,965047,76
12,small_leak,4,1931,965547,46
12,small_leak,4,1932,966047,9
12,small_leak,4,1933,966547,0
12,small_leak,4,1934,967047,0
12,small_leak,4,1935,967547,35
12,small_leak,4,1936,968047,3
12,small_leak,4,1937,968547,72
12,small_leak,4,1938,969047,73
12,small_leak,4,1939,969547,133
12,small_leak,4,1940,970047,73
12,small_leak,4,1941,970547,85
12,small_leak,4,1942,971047,11
12,small_leak,4,1943,971547,0
12,small_leak,4,1944,972047,109
12,small_leak,4,1945,972547,238
12,small_leak,4,1946,973047,90
12,small_leak,4,1947,973547,108
12,small_leak,4,1948,974047,22
12,small_leak,4,1949,974547,155
12,small_leak,4,1950,975047,89
12,small_leak,4,1951,975547,278
12,small_leak,4,1952,976047,233
12,small_leak,4,1953,976547,267
12,small_leak,4,1954,977047,227
12,small_leak,4,1955,977547,243
12,small_leak,4,1956,978047,493
12,small_leak,4,1957,978547,549
12,small_leak,4,1958,979048,407
12,small_leak,4,1959,979547,397
12,small_leak,4,1960,980047,285
12,small_leak,4,1961,980547,507
12,small_leak,4,1962,981047,391
12,small_leak,4,1963,981547,234
12,small_leak,4,1964,982047,283
12,small_leak,4,1965,982547,255
12,small_leak,4,1966,983047,360
12,small_leak,4,1967,983547,237
12,small_leak,4,1968,984047,188
12,small_leak,4,1969,984547,154
12,small_leak,4,1970,985047,137
12,small_leak,4,1971,985547,88
12,small_leak,4,1972,986047,13
12,small_leak,4,1973,986547,0
12,small_leak,4,1974,987047,0
12,small_leak,4,1975,987547,171
12,small_leak,4,1976,988047,111
12,small_leak,4,1977,988547,23
12,small_leak,4,1978,989047,101
12,small_leak,4,1979,989547,69
12,small_leak,4,1980,990047,27
12,small_leak,4,1981,990547,36
12,small_leak,4,1982,991047,107
12,small_leak,4,1983,991547,21
12,small_leak,4,1984,992047,0
12,small_leak,4,1985,992547,121
12,small_leak,4,1986,993047,45
12,small_leak,4,1987,993547,87
12,small_leak,4,1988,994047,14
12,small_leak,4,1989,994547,67
12,small_leak,4,1990,995047,54
12,small_leak,4,1991,995547,166
12,small_leak,4,1992,996047,117
12,small_leak,4,1993,996547,123
12,small_leak,4,1994,997047,133
12,small_leak,4,1995,997547,281
12,small_leak,4,1996,998047,807
12,small_leak,4,1997,998547,414
12,small_leak,4,1998,999047,441
12,small_leak,4,1999,999547,339
