run_id,leak_condition,window_id,sample_index,time_us,adc_raw
33,large_leak,0,0,90,143
33,large_leak,0,1,552,139
33,large_leak,0,2,1047,133
33,large_leak,0,3,1552,121
33,large_leak,0,4,2047,106
33,large_leak,0,5,2552,103
33,large_leak,0,6,3047,105
33,large_leak,0,7,3552,100
33,large_leak,0,8,4047,89
33,large_leak,0,9,4551,101
33,large_leak,0,10,5047,111
33,large_leak,0,11,5551,131
33,large_leak,0,12,6048,137
33,large_leak,0,13,6551,141
33,large_leak,0,14,7048,145
33,large_leak,0,15,7552,140
33,large_leak,0,16,8048,137
33,large_leak,0,17,8552,137
33,large_leak,0,18,9047,124
33,large_leak,0,19,9552,115
33,large_leak,0,20,10047,89
33,large_leak,0,21,10551,57
33,large_leak,0,22,11048,38
33,large_leak,0,23,11552,29
33,large_leak,0,24,12047,31
33,large_leak,0,25,12552,42
33,large_leak,0,26,13047,68
33,large_leak,0,27,13552,97
33,large_leak,0,28,14047,116
33,large_leak,0,29,14551,159
33,large_leak,0,30,15047,207
33,large_leak,0,31,15551,237
33,large_leak,0,32,16048,245
33,large_leak,0,33,16551,237
33,large_leak,0,34,17048,223
33,large_leak,0,35,17552,215
33,large_leak,0,36,18047,207
33,large_leak,0,37,18552,200
33,large_leak,0,38,19047,188
33,large_leak,0,39,19551,183
33,large_leak,0,40,20047,159
33,large_leak,0,41,20551,147
33,large_leak,0,42,21048,133
33,large_leak,0,43,21552,121
33,large_leak,0,44,22047,111
33,large_leak,0,45,22552,89
33,large_leak,0,46,23047,74
33,large_leak,0,47,23552,87
33,large_leak,0,48,24047,93
33,large_leak,0,49,24551,93
33,large_leak,0,50,25047,89
33,large_leak,0,51,25551,84
33,large_leak,0,52,26048,88
33,large_leak,0,53,26552,93
33,large_leak,0,54,27048,101
33,large_leak,0,55,27552,107
33,large_leak,0,56,28048,120
33,large_leak,0,57,28552,149
33,large_leak,0,58,29048,167
33,large_leak,0,59,29552,172
33,large_leak,0,60,30048,167
33,large_leak,0,61,30552,152
33,large_leak,0,62,31047,135
33,large_leak,0,63,31552,109
33,large_leak,0,64,32047,97
33,large_leak,0,65,32551,95
33,large_leak,0,66,33047,92
33,large_leak,0,67,33551,88
33,large_leak,0,68,34048,75
33,large_leak,0,69,34552,74
33,large_leak,0,70,35047,85
33,large_leak,0,71,35552,93
33,large_leak,0,72,36047,103
33,large_leak,0,73,36551,109
33,large_leak,0,74,37048,121
33,large_leak,0,75,37552,149
33,large_leak,0,76,38048,150
33,large_leak,0,77,38552,143
33,large_leak,0,78,39047,137
33,large_leak,0,79,39552,135
33,large_leak,0,80,40047,137
33,large_leak,0,81,40552,152
33,large_leak,0,82,41047,165
33,large_leak,0,83,41551,165
33,large_leak,0,84,42047,149
33,large_leak,0,85,42551,125
33,large_leak,0,86,43048,105
33,large_leak,0,87,43552,101
33,large_leak,0,88,44047,93
33,large_leak,0,89,44552,79
33,large_leak,0,90,45047,67
33,large_leak,0,91,45552,77
33,large_leak,0,92,46047,88
33,large_leak,0,93,46551,87
33,large_leak,0,94,47048,68
33,large_leak,0,95,47552,40
33,large_leak,0,96,48047,27
33,large_leak,0,97,48552,36
33,large_leak,0,98,49047,28
33,large_leak,0,99,49551,18
33,large_leak,0,100,50048,23
33,large_leak,0,101,50552,27
33,large_leak,0,102,51047,8
33,large_leak,0,103,51552,5
33,large_leak,0,104,52047,1
33,large_leak,0,105,52552,5
33,large_leak,0,106,53047,22
33,large_leak,0,107,53551,19
33,large_leak,0,108,54047,5
33,large_leak,0,109,54551,9
33,large_leak,0,110,55048,10
33,large_leak,0,111,55551,8
33,large_leak,0,112,56048,9
33,large_leak,0,113,56551,6
33,large_leak,0,114,57048,0
33,large_leak,0,115,57552,0
33,large_leak,0,116,58047,0
33,large_leak,0,117,58552,19
33,large_leak,0,118,59047,37
33,large_leak,0,119,59551,71
33,large_leak,0,120,60048,106
33,large_leak,0,121,60552,141
33,large_leak,0,122,61048,160
33,large_leak,0,123,61551,173
33,large_leak,0,124,62048,181
33,large_leak,0,125,62551,190
33,large_leak,0,126,63048,197
33,large_leak,0,127,63552,201
33,large_leak,0,128,64047,204
33,large_leak,0,129,64552,199
33,large_leak,0,130,65047,184
33,large_leak,0,131,65551,170
33,large_leak,0,132,66047,141
33,large_leak,0,133,66551,111
33,large_leak,0,134,67048,92
33,large_leak,0,135,67552,69
33,large_leak,0,136,68047,42
33,large_leak,0,137,68552,17
33,large_leak,0,138,69047,0
33,large_leak,0,139,69552,0
33,large_leak,0,140,70047,0
33,large_leak,0,141,70551,0
33,large_leak,0,142,71048,0
33,large_leak,0,143,71552,0
33,large_leak,0,144,72048,0
33,large_leak,0,145,72552,47
33,large_leak,0,146,73048,95
33,large_leak,0,147,73552,133
33,large_leak,0,148,74047,153
33,large_leak,0,149,74552,175
33,large_leak,0,150,75047,175
33,large_leak,0,151,75551,165
33,large_leak,0,152,76047,143
33,large_leak,0,153,76551,135
33,large_leak,0,154,77047,137
33,large_leak,0,155,77551,141
33,large_leak,0,156,78047,140
33,large_leak,0,157,78551,139
33,large_leak,0,158,79048,135
33,large_leak,0,159,79552,124
33,large_leak,0,160,80048,125
33,large_leak,0,161,80552,119
33,large_leak,0,162,81047,86
33,large_leak,0,163,81552,71
33,large_leak,0,164,82047,69
33,large_leak,0,165,82551,69
33,large_leak,0,166,83048,71
33,large_leak,0,167,83552,71
33,large_leak,0,168,84048,83
33,large_leak,0,169,84551,87
33,large_leak,0,170,85048,99
33,large_leak,0,171,85551,112
33,large_leak,0,172,86048,121
33,large_leak,0,173,86552,121
33,large_leak,0,174,87048,118
33,large_leak,0,175,87552,125
33,large_leak,0,176,88047,123
33,large_leak,0,177,88552,117
33,large_leak,0,178,89047,121
33,large_leak,0,179,89551,123
33,large_leak,0,180,90047,119
33,large_leak,0,181,90551,136
33,large_leak,0,182,91048,151
33,large_leak,0,183,91552,171
33,large_leak,0,184,92047,201
33,large_leak,0,185,92552,217
33,large_leak,0,186,93047,213
33,large_leak,0,187,93552,208
33,large_leak,0,188,94047,216
33,large_leak,0,189,94551,206
33,large_leak,0,190,95047,174
33,large_leak,0,191,95551,159
33,large_leak,0,192,96048,134
33,large_leak,0,193,96552,109
33,large_leak,0,194,97047,109
33,large_leak,0,195,97552,121
33,large_leak,0,196,98047,98
33,large_leak,0,197,98551,73
33,large_leak,0,198,99048,59
33,large_leak,0,199,99552,54
33,large_leak,0,200,100048,45
33,large_leak,0,201,100551,69
33,large_leak,0,202,101048,88
33,large_leak,0,203,101552,89
33,large_leak,0,204,102048,75
33,large_leak,0,205,102552,71
33,large_leak,0,206,103047,67
33,large_leak,0,207,103552,52
33,large_leak,0,208,104047,29
33,large_leak,0,209,104552,19
33,large_leak,0,210,105047,23
33,large_leak,0,211,105551,24
33,large_leak,0,212,106047,28
33,large_leak,0,213,106551,23
33,large_leak,0,214,107048,7
33,large_leak,0,215,107552,7
33,large_leak,0,216,108048,4
33,large_leak,0,217,108552,10
33,large_leak,0,218,109047,20
33,large_leak,0,219,109552,37
33,large_leak,0,220,110047,57
33,large_leak,0,221,110552,88
33,large_leak,0,222,111047,110
33,large_leak,0,223,111551,133
33,large_leak,0,224,112048,138
33,large_leak,0,225,112551,152
33,large_leak,0,226,113048,163
33,large_leak,0,227,113552,182
33,large_leak,0,228,114047,187
33,large_leak,0,229,114552,185
33,large_leak,0,230,115047,186
33,large_leak,0,231,115551,207
33,large_leak,0,232,116047,184
33,large_leak,0,233,116551,146
33,large_leak,0,234,117048,103
33,large_leak,0,235,117552,60
33,large_leak,0,236,118048,53
33,large_leak,0,237,118552,51
33,large_leak,0,238,119047,36
33,large_leak,0,239,119552,17
33,large_leak,0,240,120047,0
33,large_leak,0,241,120551,0
33,large_leak,0,242,121047,0
33,large_leak,0,243,121551,0
33,large_leak,0,244,122048,0
33,large_leak,0,245,122552,0
33,large_leak,0,246,123048,0
33,large_leak,0,247,123552,0
33,large_leak,0,248,124047,0
33,large_leak,0,249,124552,0
33,large_leak,0,250,125047,11
33,large_leak,0,251,125552,63
33,large_leak,0,252,126047,103
33,large_leak,0,253,126551,124
33,large_leak,0,254,127048,141
33,large_leak,0,255,127552,153
33,large_leak,0,256,128047,156
33,large_leak,0,257,128552,141
33,large_leak,0,258,129047,115
33,large_leak,0,259,129552,57
33,large_leak,0,260,130047,11
33,large_leak,0,261,130551,0
33,large_leak,0,262,131047,0
33,large_leak,0,263,131551,0
33,large_leak,0,264,132048,0
33,large_leak,0,265,132552,0
33,large_leak,0,266,133048,0
33,large_leak,0,267,133552,0
33,large_leak,0,268,134047,0
33,large_leak,0,269,134552,0
33,large_leak,0,270,135047,0
33,large_leak,0,271,135551,0
33,large_leak,0,272,136047,0
33,large_leak,0,273,136551,0
33,large_leak,0,274,137047,0
33,large_leak,0,275,137551,0
33,large_leak,0,276,138048,0
33,large_leak,0,277,138551,0
33,large_leak,0,278,139048,0
33,large_leak,0,279,139552,0
33,large_leak,0,280,140048,1
33,large_leak,0,281,140552,39
33,large_leak,0,282,141047,40
33,large_leak,0,283,141552,39
33,large_leak,0,284,142047,45
33,large_leak,0,285,142551,46
33,large_leak,0,286,143047,37
33,large_leak,0,287,143551,27
33,large_leak,0,288,144048,9
33,large_leak,0,289,144552,12
33,large_leak,0,290,145047,11
33,large_leak,0,291,145552,8
33,large_leak,0,292,146047,18
33,large_leak,0,293,146551,51
33,large_leak,0,294,147047,105
33,large_leak,0,295,147551,179
33,large_leak,0,296,148048,185
33,large_leak,0,297,148552,207
33,large_leak,0,298,149048,217
33,large_leak,0,299,149552,223
33,large_leak,0,300,150047,239
33,large_leak,0,301,150552,237
33,large_leak,0,302,151047,221
33,large_leak,0,303,151552,199
33,large_leak,0,304,152047,157
33,large_leak,0,305,152551,123
33,large_leak,0,306,153047,101
33,large_leak,0,307,153551,88
33,large_leak,0,308,154048,85
33,large_leak,0,309,154552,85
33,large_leak,0,310,155048,82
33,large_leak,0,311,155552,87
33,large_leak,0,312,156047,93
33,large_leak,0,313,156552,117
33,large_leak,0,314,157047,139
33,large_leak,0,315,157552,133
33,large_leak,0,316,158047,115
33,large_leak,0,317,158551,92
33,large_leak,0,318,159047,85
33,large_leak,0,319,159551,79
33,large_leak,0,320,160048,59
33,large_leak,0,321,160551,52
33,large_leak,0,322,161048,41
33,large_leak,0,323,161552,42
33,large_leak,0,324,162047,45
33,large_leak,0,325,162552,63
33,large_leak,0,326,163047,83
33,large_leak,0,327,163551,91
33,large_leak,0,328,164048,91
33,large_leak,0,329,164551,104
33,large_leak,0,330,165048,119
33,large_leak,0,331,165552,126
33,large_leak,0,332,166047,121
33,large_leak,0,333,166552,111
33,large_leak,0,334,167047,95
33,large_leak,0,335,167552,95
33,large_leak,0,336,168047,91
33,large_leak,0,337,168551,87
33,large_leak,0,338,169047,81
33,large_leak,0,339,169551,83
33,large_leak,0,340,170048,91
33,large_leak,0,341,170552,101
33,large_leak,0,342,171048,103
33,large_leak,0,343,171552,110
33,large_leak,0,344,172047,123
33,large_leak,0,345,172552,157
33,large_leak,0,346,173047,179
33,large_leak,0,347,173552,182
33,large_leak,0,348,174047,185
33,large_leak,0,349,174552,202
33,large_leak,0,350,175047,216
33,large_leak,0,351,175551,219
33,large_leak,0,352,176047,217
33,large_leak,0,353,176551,201
33,large_leak,0,354,177048,181
33,large_leak,0,355,177552,169
33,large_leak,0,356,178048,155
33,large_leak,0,357,178552,143
33,large_leak,0,358,179047,140
33,large_leak,0,359,179552,117
33,large_leak,0,360,180047,89
33,large_leak,0,361,180552,79
33,large_leak,0,362,181047,85
33,large_leak,0,363,181551,71
33,large_leak,0,364,182047,45
33,large_leak,0,365,182551,73
33,large_leak,0,366,183048,93
33,large_leak,0,367,183552,105
33,large_leak,0,368,184047,126
33,large_leak,0,369,184552,149
33,large_leak,0,370,185047,151
33,large_leak,0,371,185552,141
33,large_leak,0,372,186047,121
33,large_leak,0,373,186551,108
33,large_leak,0,374,187047,109
33,large_leak,0,375,187551,110
33,large_leak,0,376,188048,101
33,large_leak,0,377,188552,101
33,large_leak,0,378,189047,91
33,large_leak,0,379,189552,85
33,large_leak,0,380,190047,85
33,large_leak,0,381,190552,111
33,large_leak,0,382,191047,149
33,large_leak,0,383,191551,166
33,large_leak,0,384,192048,167
33,large_leak,0,385,192552,175
33,large_leak,0,386,193048,190
33,large_leak,0,387,193552,183
33,large_leak,0,388,194047,150
33,large_leak,0,389,194552,117
33,large_leak,0,390,195047,85
33,large_leak,0,391,195552,54
33,large_leak,0,392,196047,29
33,large_leak,0,393,196551,6
33,large_leak,0,394,197048,0
33,large_leak,0,395,197552,0
33,large_leak,0,396,198047,0
33,large_leak,0,397,198552,0
33,large_leak,0,398,199047,0
33,large_leak,0,399,199552,0
33,large_leak,0,400,200047,0
33,large_leak,0,401,200551,0
33,large_leak,0,402,201048,0
33,large_leak,0,403,201551,23
33,large_leak,0,404,202048,41
33,large_leak,0,405,202551,55
33,large_leak,0,406,203048,61
33,large_leak,0,407,203552,85
33,large_leak,0,408,204047,82
33,large_leak,0,409,204552,67
33,large_leak,0,410,205047,55
33,large_leak,0,411,205551,52
33,large_leak,0,412,206047,47
33,large_leak,0,413,206551,39
33,large_leak,0,414,207048,21
33,large_leak,0,415,207552,22
33,large_leak,0,416,208048,37
33,large_leak,0,417,208552,45
33,large_leak,0,418,209047,33
33,large_leak,0,419,209552,30
33,large_leak,0,420,210047,21
33,large_leak,0,421,210552,2
33,large_leak,0,422,211047,0
33,large_leak,0,423,211551,0
33,large_leak,0,424,212048,0
33,large_leak,0,425,212551,0
33,large_leak,0,426,213048,0
33,large_leak,0,427,213551,0
33,large_leak,0,428,214048,0
33,large_leak,0,429,214552,0
33,large_leak,0,430,215048,22
33,large_leak,0,431,215552,30
33,large_leak,0,432,216047,47
33,large_leak,0,433,216552,62
33,large_leak,0,434,217047,63
33,large_leak,0,435,217551,53
33,large_leak,0,436,218048,41
33,large_leak,0,437,218551,37
33,large_leak,0,438,219048,47
33,large_leak,0,439,219552,60
33,large_leak,0,440,220048,71
33,large_leak,0,441,220552,59
33,large_leak,0,442,221047,56
33,large_leak,0,443,221552,71
33,large_leak,0,444,222047,53
33,large_leak,0,445,222552,25
33,large_leak,0,446,223047,1
33,large_leak,0,447,223551,0
33,large_leak,0,448,224048,0
33,large_leak,0,449,224552,0
33,large_leak,0,450,225047,0
33,large_leak,0,451,225552,0
33,large_leak,0,452,226047,0
33,large_leak,0,453,226552,0
33,large_leak,0,454,227047,0
33,large_leak,0,455,227551,0
33,large_leak,0,456,228048,35
33,large_leak,0,457,228551,69
33,large_leak,0,458,229048,88
33,large_leak,0,459,229551,109
33,large_leak,0,460,230048,125
33,large_leak,0,461,230551,120
33,large_leak,0,462,231048,108
33,large_leak,0,463,231552,104
33,large_leak,0,464,232048,107
33,large_leak,0,465,232552,115
33,large_leak,0,466,233048,100
33,large_leak,0,467,233552,83
33,large_leak,0,468,234047,79
33,large_leak,0,469,234552,83
33,large_leak,0,470,235047,83
33,large_leak,0,471,235551,89
33,large_leak,0,472,236048,75
33,large_leak,0,473,236552,69
33,large_leak,0,474,237048,70
33,large_leak,0,475,237552,84
33,large_leak,0,476,238048,83
33,large_leak,0,477,238552,87
33,large_leak,0,478,239048,89
33,large_leak,0,479,239552,87
33,large_leak,0,480,240047,88
33,large_leak,0,481,240552,95
33,large_leak,0,482,241047,99
33,large_leak,0,483,241552,103
33,large_leak,0,484,242047,95
33,large_leak,0,485,242551,84
33,large_leak,0,486,243048,83
33,large_leak,0,487,243552,85
33,large_leak,0,488,244048,89
33,large_leak,0,489,244552,101
33,large_leak,0,490,245047,124
33,large_leak,0,491,245552,142
33,large_leak,0,492,246047,138
33,large_leak,0,493,246551,137
33,large_leak,0,494,247047,151
33,large_leak,0,495,247551,159
33,large_leak,0,496,248048,157
33,large_leak,0,497,248552,155
33,large_leak,0,498,249048,126
33,large_leak,0,499,249552,109
33,large_leak,0,500,250048,93
33,large_leak,0,501,250552,88
33,large_leak,0,502,251047,99
33,large_leak,0,503,251552,115
33,large_leak,0,504,252047,115
33,large_leak,0,505,252552,139
33,large_leak,0,506,253047,151
33,large_leak,0,507,253551,162
33,large_leak,0,508,254048,150
33,large_leak,0,509,254552,122
33,large_leak,0,510,255048,94
33,large_leak,0,511,255552,74
33,large_leak,0,512,256047,72
33,large_leak,0,513,256552,61
33,large_leak,0,514,257047,43
33,large_leak,0,515,257552,29
33,large_leak,0,516,258047,19
33,large_leak,0,517,258551,22
33,large_leak,0,518,259048,53
33,large_leak,0,519,259551,75
33,large_leak,0,520,260048,103
33,large_leak,0,521,260552,141
33,large_leak,0,522,261047,159
33,large_leak,0,523,261552,174
33,large_leak,0,524,262047,178
33,large_leak,0,525,262551,172
33,large_leak,0,526,263048,155
33,large_leak,0,527,263552,125
33,large_leak,0,528,264048,93
33,large_leak,0,529,264551,57
33,large_leak,0,530,265048,27
33,large_leak,0,531,265552,6
33,large_leak,0,532,266047,0
33,large_leak,0,533,266552,0
33,large_leak,0,534,267047,0
33,large_leak,0,535,267552,0
33,large_leak,0,536,268047,0
33,large_leak,0,537,268551,0
33,large_leak,0,538,269047,0
33,large_leak,0,539,269551,0
33,large_leak,0,540,270048,0
33,large_leak,0,541,270552,18
33,large_leak,0,542,271048,41
33,large_leak,0,543,271552,73
33,large_leak,0,544,272047,93
33,large_leak,0,545,272552,125
33,large_leak,0,546,273047,153
33,large_leak,0,547,273552,160
33,large_leak,0,548,274047,159
33,large_leak,0,549,274551,147
33,large_leak,0,550,275048,141
33,large_leak,0,551,275552,137
33,large_leak,0,552,276048,123
33,large_leak,0,553,276552,117
33,large_leak,0,554,277048,111
33,large_leak,0,555,277551,104
33,large_leak,0,556,278048,85
33,large_leak,0,557,278551,61
33,large_leak,0,558,279048,55
33,large_leak,0,559,279552,42
33,large_leak,0,560,280047,36
33,large_leak,0,561,280552,31
33,large_leak,0,562,281047,21
33,large_leak,0,563,281552,23
33,large_leak,0,564,282047,37
33,large_leak,0,565,282551,47
33,large_leak,0,566,283048,69
33,large_leak,0,567,283552,88
33,large_leak,0,568,284048,85
33,large_leak,0,569,284552,91
33,large_leak,0,570,285047,93
33,large_leak,0,571,285552,77
33,large_leak,0,572,286047,63
33,large_leak,0,573,286552,72
33,large_leak,0,574,287047,87
33,large_leak,0,575,287551,107
33,large_leak,0,576,288048,135
33,large_leak,0,577,288552,141
33,large_leak,0,578,289048,138
33,large_leak,0,579,289552,139
33,large_leak,0,580,290048,123
33,large_leak,0,581,290551,107
33,large_leak,0,582,291048,101
33,large_leak,0,583,291551,79
33,large_leak,0,584,292048,47
33,large_leak,0,585,292552,13
33,large_leak,0,586,293047,0
33,large_leak,0,587,293552,0
33,large_leak,0,588,294047,0
33,large_leak,0,589,294551,0
33,large_leak,0,590,295047,0
33,large_leak,0,591,295551,0
33,large_leak,0,592,296048,0
33,large_leak,0,593,296551,0
33,large_leak,0,594,297048,0
33,large_leak,0,595,297552,0
33,large_leak,0,596,298047,0
33,large_leak,0,597,298552,0
33,large_leak,0,598,299047,0
33,large_leak,0,599,299551,0
33,large_leak,0,600,300047,0
33,large_leak,0,601,300551,0
33,large_leak,0,602,301048,0
33,large_leak,0,603,301552,0
33,large_leak,0,604,302047,0
33,large_leak,0,605,302552,0
33,large_leak,0,606,303047,0
33,large_leak,0,607,303552,0
33,large_leak,0,608,304047,0
33,large_leak,0,609,304551,0
33,large_leak,0,610,305048,33
33,large_leak,0,611,305552,47
33,large_leak,0,612,306048,57
33,large_leak,0,613,306552,74
33,large_leak,0,614,307047,79
33,large_leak,0,615,307552,75
33,large_leak,0,616,308047,54
33,large_leak,0,617,308552,48
33,large_leak,0,618,309047,42
33,large_leak,0,619,309551,31
33,large_leak,0,620,310048,22
33,large_leak,0,621,310552,11
33,large_leak,0,622,311047,1
33,large_leak,0,623,311552,0
33,large_leak,0,624,312047,0
33,large_leak,0,625,312551,0
33,large_leak,0,626,313048,0
33,large_leak,0,627,313551,45
33,large_leak,0,628,314048,71
33,large_leak,0,629,314552,79
33,large_leak,0,630,315047,103
33,large_leak,0,631,315552,140
33,large_leak,0,632,316047,149
33,large_leak,0,633,316551,149
33,large_leak,0,634,317048,139
33,large_leak,0,635,317551,118
33,large_leak,0,636,318048,95
33,large_leak,0,637,318551,79
33,large_leak,0,638,319048,51
33,large_leak,0,639,319552,18
33,large_leak,0,640,320047,4
33,large_leak,0,641,320552,13
33,large_leak,0,642,321047,23
33,large_leak,0,643,321551,35
33,large_leak,0,644,322048,25
33,large_leak,0,645,322552,37
33,large_leak,0,646,323047,71
33,large_leak,0,647,323552,83
33,large_leak,0,648,324047,71
33,large_leak,0,649,324551,58
33,large_leak,0,650,325047,53
33,large_leak,0,651,325551,41
33,large_leak,0,652,326048,9
33,large_leak,0,653,326552,0
33,large_leak,0,654,327047,0
33,large_leak,0,655,327552,0
33,large_leak,0,656,328047,0
33,large_leak,0,657,328552,0
33,large_leak,0,658,329047,0
33,large_leak,0,659,329551,0
33,large_leak,0,660,330048,0
33,large_leak,0,661,330552,53
33,large_leak,0,662,331048,86
33,large_leak,0,663,331552,125
33,large_leak,0,664,332047,159
33,large_leak,0,665,332552,159
33,large_leak,0,666,333047,167
33,large_leak,0,667,333551,157
33,large_leak,0,668,334048,141
33,large_leak,0,669,334552,141
33,large_leak,0,670,335048,125
33,large_leak,0,671,335552,102
33,large_leak,0,672,336048,90
33,large_leak,0,673,336552,99
33,large_leak,0,674,337047,110
33,large_leak,0,675,337552,125
33,large_leak,0,676,338047,148
33,large_leak,0,677,338552,170
33,large_leak,0,678,339047,183
33,large_leak,0,679,339551,191
33,large_leak,0,680,340048,197
33,large_leak,0,681,340552,203
33,large_leak,0,682,341047,204
33,large_leak,0,683,341552,191
33,large_leak,0,684,342047,169
33,large_leak,0,685,342552,159
33,large_leak,0,686,343047,152
33,large_leak,0,687,343551,141
33,large_leak,0,688,344048,121
33,large_leak,0,689,344552,118
33,large_leak,0,690,345048,115
33,large_leak,0,691,345551,123
33,large_leak,0,692,346048,147
33,large_leak,0,693,346551,159
33,large_leak,0,694,347048,155
33,large_leak,0,695,347552,141
33,large_leak,0,696,348047,138
33,large_leak,0,697,348552,120
33,large_leak,0,698,349047,91
33,large_leak,0,699,349552,85
33,large_leak,0,700,350047,75
33,large_leak,0,701,350551,61
33,large_leak,0,702,351048,35
33,large_leak,0,703,351551,12
33,large_leak,0,704,352048,2
33,large_leak,0,705,352551,5
33,large_leak,0,706,353048,6
33,large_leak,0,707,353552,0
33,large_leak,0,708,354047,0
33,large_leak,0,709,354552,0
33,large_leak,0,710,355047,17
33,large_leak,0,711,355551,30
33,large_leak,0,712,356048,43
33,large_leak,0,713,356552,55
33,large_leak,0,714,357048,73
33,large_leak,0,715,357551,94
33,large_leak,0,716,358048,111
33,large_leak,0,717,358551,132
33,large_leak,0,718,359048,142
33,large_leak,0,719,359552,157
33,large_leak,0,720,360048,173
33,large_leak,0,721,360552,187
33,large_leak,0,722,361047,172
33,large_leak,0,723,361552,157
33,large_leak,0,724,362047,148
33,large_leak,0,725,362551,137
33,large_leak,0,726,363048,116
33,large_leak,0,727,363552,107
33,large_leak,0,728,364048,96
33,large_leak,0,729,364552,93
33,large_leak,0,730,365047,62
33,large_leak,0,731,365552,43
33,large_leak,0,732,366047,37
33,large_leak,0,733,366551,29
33,large_leak,0,734,367047,10
33,large_leak,0,735,367551,0
33,large_leak,0,736,368048,0
33,large_leak,0,737,368552,0
33,large_leak,0,738,369048,0
33,large_leak,0,739,369552,27
33,large_leak,0,740,370047,47
33,large_leak,0,741,370552,91
33,large_leak,0,742,371047,126
33,large_leak,0,743,371552,169
33,large_leak,0,744,372047,215
33,large_leak,0,745,372551,255
33,large_leak,0,746,373048,281
33,large_leak,0,747,373552,287
33,large_leak,0,748,374047,299
33,large_leak,0,749,374552,295
33,large_leak,0,750,375047,276
33,large_leak,0,751,375551,252
33,large_leak,0,752,376048,222
33,large_leak,0,753,376552,179
33,large_leak,0,754,377048,147
33,large_leak,0,755,377552,107
33,large_leak,0,756,378048,74
33,large_leak,0,757,378552,58
33,large_leak,0,758,379047,44
33,large_leak,0,759,379552,26
33,large_leak,0,760,380047,19
33,large_leak,0,761,380551,25
33,large_leak,0,762,381047,23
33,large_leak,0,763,381551,25
33,large_leak,0,764,382048,20
33,large_leak,0,765,382552,17
33,large_leak,0,766,383048,20
33,large_leak,0,767,383552,37
33,large_leak,0,768,384047,59
33,large_leak,0,769,384552,71
33,large_leak,0,770,385047,58
33,large_leak,0,771,385552,43
33,large_leak,0,772,386047,35
33,large_leak,0,773,386551,30
33,large_leak,0,774,387048,26
33,large_leak,0,775,387552,21
33,large_leak,0,776,388047,21
33,large_leak,0,777,388552,18
33,large_leak,0,778,389047,5
33,large_leak,0,779,389552,0
33,large_leak,0,780,390047,0
33,large_leak,0,781,390551,0
33,large_leak,0,782,391048,2
33,large_leak,0,783,391552,12
33,large_leak,0,784,392047,37
33,large_leak,0,785,392552,59
33,large_leak,0,786,393047,87
33,large_leak,0,787,393551,118
33,large_leak,0,788,394048,136
33,large_leak,0,789,394552,137
33,large_leak,0,790,395048,139
33,large_leak,0,791,395552,149
33,large_leak,0,792,396047,152
33,large_leak,0,793,396552,151
33,large_leak,0,794,397047,141
33,large_leak,0,795,397552,131
33,large_leak,0,796,398047,109
33,large_leak,0,797,398551,99
33,large_leak,0,798,399047,87
33,large_leak,0,799,399551,82
33,large_leak,0,800,400047,75
33,large_leak,0,801,400551,59
33,large_leak,0,802,401048,51
33,large_leak,0,803,401552,57
33,large_leak,0,804,402048,61
33,large_leak,0,805,402552,53
33,large_leak,0,806,403047,60
33,large_leak,0,807,403552,85
33,large_leak,0,808,404047,98
33,large_leak,0,809,404552,108
33,large_leak,0,810,405047,119
33,large_leak,0,811,405551,147
33,large_leak,0,812,406048,179
33,large_leak,0,813,406552,205
33,large_leak,0,814,407047,204
33,large_leak,0,815,407552,211
33,large_leak,0,816,408047,203
33,large_leak,0,817,408551,185
33,large_leak,0,818,409048,173
33,large_leak,0,819,409552,163
33,large_leak,0,820,410047,142
33,large_leak,0,821,410552,125
33,large_leak,0,822,411047,119
33,large_leak,0,823,411552,114
33,large_leak,0,824,412047,89
33,large_leak,0,825,412551,83
33,large_leak,0,826,413048,74
33,large_leak,0,827,413551,85
33,large_leak,0,828,414048,92
33,large_leak,0,829,414552,89
33,large_leak,0,830,415047,93
33,large_leak,0,831,415552,105
33,large_leak,0,832,416047,98
33,large_leak,0,833,416552,79
33,large_leak,0,834,417047,69
33,large_leak,0,835,417551,55
33,large_leak,0,836,418048,51
33,large_leak,0,837,418551,47
33,large_leak,0,838,419048,45
33,large_leak,0,839,419552,31
33,large_leak,0,840,420047,26
33,large_leak,0,841,420552,26
33,large_leak,0,842,421047,27
33,large_leak,0,843,421551,30
33,large_leak,0,844,422047,30
33,large_leak,0,845,422551,40
33,large_leak,0,846,423047,61
33,large_leak,0,847,423551,73
33,large_leak,0,848,424048,73
33,large_leak,0,849,424552,63
33,large_leak,0,850,425047,41
33,large_leak,0,851,425552,20
33,large_leak,0,852,426047,18
33,large_leak,0,853,426551,21
33,large_leak,0,854,427047,13
33,large_leak,0,855,427551,5
33,large_leak,0,856,428048,0
33,large_leak,0,857,428551,0
33,large_leak,0,858,429048,0
33,large_leak,0,859,429552,3
33,large_leak,0,860,430048,8
33,large_leak,0,861,430552,11
33,large_leak,0,862,431047,11
33,large_leak,0,863,431552,37
33,large_leak,0,864,432047,48
33,large_leak,0,865,432551,57
33,large_leak,0,866,433047,58
33,large_leak,0,867,433551,69
33,large_leak,0,868,434048,73
33,large_leak,0,869,434552,74
33,large_leak,0,870,435048,69
33,large_leak,0,871,435552,57
33,large_leak,0,872,436047,45
33,large_leak,0,873,436552,42
33,large_leak,0,874,437047,42
33,large_leak,0,875,437551,45
33,large_leak,0,876,438048,53
33,large_leak,0,877,438551,57
33,large_leak,0,878,439048,77
33,large_leak,0,879,439552,123
33,large_leak,0,880,440048,163
33,large_leak,0,881,440552,201
33,large_leak,0,882,441047,234
33,large_leak,0,883,441552,237
33,large_leak,0,884,442047,236
33,large_leak,0,885,442552,251
33,large_leak,0,886,443047,267
33,large_leak,0,887,443551,269
33,large_leak,0,888,444047,251
33,large_leak,0,889,444551,227
33,large_leak,0,890,445048,188
33,large_leak,0,891,445552,166
33,large_leak,0,892,446047,149
33,large_leak,0,893,446552,120
33,large_leak,0,894,447047,99
33,large_leak,0,895,447552,75
33,large_leak,0,896,448047,41
33,large_leak,0,897,448552,31
33,large_leak,0,898,449047,31
33,large_leak,0,899,449551,39
33,large_leak,0,900,450047,38
33,large_leak,0,901,450551,30
33,large_leak,0,902,451048,25
33,large_leak,0,903,451552,21
33,large_leak,0,904,452047,23
33,large_leak,0,905,452552,36
33,large_leak,0,906,453047,23
33,large_leak,0,907,453552,9
33,large_leak,0,908,454047,7
33,large_leak,0,909,454551,0
33,large_leak,0,910,455048,3
33,large_leak,0,911,455552,8
33,large_leak,0,912,456047,5
33,large_leak,0,913,456552,0
33,large_leak,0,914,457047,0
33,large_leak,0,915,457551,0
33,large_leak,0,916,458047,0
33,large_leak,0,917,458551,0
33,large_leak,0,918,459048,0
33,large_leak,0,919,459552,0
33,large_leak,0,920,460048,0
33,large_leak,0,921,460552,0
33,large_leak,0,922,461047,0
33,large_leak,0,923,461552,0
33,large_leak,0,924,462047,0
33,large_leak,0,925,462551,18
33,large_leak,0,926,463048,22
33,large_leak,0,927,463552,47
33,large_leak,0,928,464048,79
33,large_leak,0,929,464551,104
33,large_leak,0,930,465048,141
33,large_leak,0,931,465552,183
33,large_leak,0,932,466047,215
33,large_leak,0,933,466552,245
33,large_leak,0,934,467047,264
33,large_leak,0,935,467551,255
33,large_leak,0,936,468048,245
33,large_leak,0,937,468552,251
33,large_leak,0,938,469047,217
33,large_leak,0,939,469552,174
33,large_leak,0,940,470047,133
33,large_leak,0,941,470551,103
33,large_leak,0,942,471048,93
33,large_leak,0,943,471552,85
33,large_leak,0,944,472048,79
33,large_leak,0,945,472551,74
33,large_leak,0,946,473048,76
33,large_leak,0,947,473551,75
33,large_leak,0,948,474048,61
33,large_leak,0,949,474552,43
33,large_leak,0,950,475047,45
33,large_leak,0,951,475552,39
33,large_leak,0,952,476047,45
33,large_leak,0,953,476552,61
33,large_leak,0,954,477047,58
33,large_leak,0,955,477551,45
33,large_leak,0,956,478047,36
33,large_leak,0,957,478551,35
33,large_leak,0,958,479048,42
33,large_leak,0,959,479552,43
33,large_leak,0,960,480047,39
33,large_leak,0,961,480552,23
33,large_leak,0,962,481047,12
33,large_leak,0,963,481552,9
33,large_leak,0,964,482047,3
33,large_leak,0,965,482551,0
33,large_leak,0,966,483048,0
33,large_leak,0,967,483552,9
33,large_leak,0,968,484047,8
33,large_leak,0,969,484552,1
33,large_leak,0,970,485047,0
33,large_leak,0,971,485552,0
33,large_leak,0,972,486047,0
33,large_leak,0,973,486551,0
33,large_leak,0,974,487048,12
33,large_leak,0,975,487552,51
33,large_leak,0,976,488047,76
33,large_leak,0,977,488552,84
33,large_leak,0,978,489047,77
33,large_leak,0,979,489552,76
33,large_leak,0,980,490047,71
33,large_leak,0,981,490551,56
33,large_leak,0,982,491048,38
33,large_leak,0,983,491552,25
33,large_leak,0,984,492048,13
33,large_leak,0,985,492552,13
33,large_leak,0,986,493047,22
33,large_leak,0,987,493552,39
33,large_leak,0,988,494047,70
33,large_leak,0,989,494551,112
33,large_leak,0,990,495047,149
33,large_leak,0,991,495551,179
33,large_leak,0,992,496047,191
33,large_leak,0,993,496551,197
33,large_leak,0,994,497048,188
33,large_leak,0,995,497552,175
33,large_leak,0,996,498047,141
33,large_leak,0,997,498552,106
33,large_leak,0,998,499047,73
33,large_leak,0,999,499552,43
33,large_leak,0,1000,500047,26
33,large_leak,0,1001,500551,19
33,large_leak,0,1002,501048,21
33,large_leak,0,1003,501552,24
33,large_leak,0,1004,502047,35
33,large_leak,0,1005,502552,39
33,large_leak,0,1006,503047,73
33,large_leak,0,1007,503552,83
33,large_leak,0,1008,504047,79
33,large_leak,0,1009,504551,84
33,large_leak,0,1010,505047,99
33,large_leak,0,1011,505551,109
33,large_leak,0,1012,506048,109
33,large_leak,0,1013,506552,106
33,large_leak,0,1014,507047,95
33,large_leak,0,1015,507552,104
33,large_leak,0,1016,508047,110
33,large_leak,0,1017,508552,107
33,large_leak,0,1018,509047,95
33,large_leak,0,1019,509551,90
33,large_leak,0,1020,510048,72
33,large_leak,0,1021,510552,53
33,large_leak,0,1022,511047,37
33,large_leak,0,1023,511552,35
33,large_leak,0,1024,512047,25
33,large_leak,0,1025,512552,28
33,large_leak,0,1026,513047,45
33,large_leak,0,1027,513551,56
33,large_leak,0,1028,514047,63
33,large_leak,0,1029,514551,60
33,large_leak,0,1030,515047,59
33,large_leak,0,1031,515552,81
33,large_leak,0,1032,516048,77
33,large_leak,0,1033,516552,93
33,large_leak,0,1034,517047,133
33,large_leak,0,1035,517552,169
33,large_leak,0,1036,518047,184
33,large_leak,0,1037,518552,167
33,large_leak,0,1038,519047,125
33,large_leak,0,1039,519551,125
33,large_leak,0,1040,520047,91
33,large_leak,0,1041,520551,63
33,large_leak,0,1042,521047,44
33,large_leak,0,1043,521551,28
33,large_leak,0,1044,522048,11
33,large_leak,0,1045,522552,2
33,large_leak,0,1046,523048,0
33,large_leak,0,1047,523552,0
33,large_leak,0,1048,524048,0
33,large_leak,0,1049,524552,0
33,large_leak,0,1050,525047,13
33,large_leak,0,1051,525552,44
33,large_leak,0,1052,526047,68
33,large_leak,0,1053,526552,104
33,large_leak,0,1054,527047,143
33,large_leak,0,1055,527551,160
33,large_leak,0,1056,528048,175
33,large_leak,0,1057,528551,183
33,large_leak,0,1058,529048,200
33,large_leak,0,1059,529552,207
33,large_leak,0,1060,530048,217
33,large_leak,0,1061,530552,213
33,large_leak,0,1062,531048,221
33,large_leak,0,1063,531552,233
33,large_leak,0,1064,532047,232
33,large_leak,0,1065,532552,223
33,large_leak,0,1066,533047,215
33,large_leak,0,1067,533552,191
33,large_leak,0,1068,534047,171
33,large_leak,0,1069,534551,153
33,large_leak,0,1070,535047,145
33,large_leak,0,1071,535551,135
33,large_leak,0,1072,536048,117
33,large_leak,0,1073,536552,111
33,large_leak,0,1074,537048,110
33,large_leak,0,1075,537552,111
33,large_leak,0,1076,538048,109
33,large_leak,0,1077,538552,125
33,large_leak,0,1078,539047,158
33,large_leak,0,1079,539552,170
33,large_leak,0,1080,540047,189
33,large_leak,0,1081,540552,221
33,large_leak,0,1082,541047,237
33,large_leak,0,1083,541551,243
33,large_leak,0,1084,542047,223
33,large_leak,0,1085,542551,199
33,large_leak,0,1086,543048,187
33,large_leak,0,1087,543551,185
33,large_leak,0,1088,544048,153
33,large_leak,0,1089,544552,127
33,large_leak,0,1090,545047,111
33,large_leak,0,1091,545552,68
33,large_leak,0,1092,546047,75
33,large_leak,0,1093,546551,81
33,large_leak,0,1094,547048,89
33,large_leak,0,1095,547552,103
33,large_leak,0,1096,548047,89
33,large_leak,0,1097,548552,79
33,large_leak,0,1098,549047,66
33,large_leak,0,1099,549552,45
33,large_leak,0,1100,550047,24
33,large_leak,0,1101,550551,4
33,large_leak,0,1102,551047,0
33,large_leak,0,1103,551551,0
33,large_leak,0,1104,552048,0
33,large_leak,0,1105,552552,0
33,large_leak,0,1106,553047,0
33,large_leak,0,1107,553552,0
33,large_leak,0,1108,554047,0
33,large_leak,0,1109,554551,0
33,large_leak,0,1110,555047,0
33,large_leak,0,1111,555551,0
33,large_leak,0,1112,556048,0
33,large_leak,0,1113,556552,0
33,large_leak,0,1114,557047,0
33,large_leak,0,1115,557552,0
33,large_leak,0,1116,558047,0
33,large_leak,0,1117,558551,37
33,large_leak,0,1118,559048,53
33,large_leak,0,1119,559552,82
33,large_leak,0,1120,560047,103
33,large_leak,0,1121,560552,111
33,large_leak,0,1122,561047,119
33,large_leak,0,1123,561552,140
33,large_leak,0,1124,562047,171
33,large_leak,0,1125,562552,189
33,large_leak,0,1126,563047,199
33,large_leak,0,1127,563551,219
33,large_leak,0,1128,564048,263
33,large_leak,0,1129,564552,301
33,large_leak,0,1130,565047,330
33,large_leak,0,1131,565552,356
33,large_leak,0,1132,566047,343
33,large_leak,0,1133,566552,318
33,large_leak,0,1134,567047,293
33,large_leak,0,1135,567551,263
33,large_leak,0,1136,568048,235
33,large_leak,0,1137,568551,189
33,large_leak,0,1138,569048,137
33,large_leak,0,1139,569552,93
33,large_leak,0,1140,570047,67
33,large_leak,0,1141,570552,18
33,large_leak,0,1142,571047,22
33,large_leak,0,1143,571552,17
33,large_leak,0,1144,572047,21
33,large_leak,0,1145,572551,35
33,large_leak,0,1146,573047,46
33,large_leak,0,1147,573551,60
33,large_leak,0,1148,574048,75
33,large_leak,0,1149,574552,83
33,large_leak,0,1150,575047,70
33,large_leak,0,1151,575552,47
33,large_leak,0,1152,576047,57
33,large_leak,0,1153,576551,76
33,large_leak,0,1154,577047,106
33,large_leak,0,1155,577551,116
33,large_leak,0,1156,578047,95
33,large_leak,0,1157,578551,74
33,large_leak,0,1158,579047,59
33,large_leak,0,1159,579551,51
33,large_leak,0,1160,580048,37
33,large_leak,0,1161,580552,27
33,large_leak,0,1162,581047,28
33,large_leak,0,1163,581552,29
33,large_leak,0,1164,582047,17
33,large_leak,0,1165,582552,21
33,large_leak,0,1166,583047,29
33,large_leak,0,1167,583551,28
33,large_leak,0,1168,584047,28
33,large_leak,0,1169,584551,39
33,large_leak,0,1170,585048,41
33,large_leak,0,1171,585552,55
33,large_leak,0,1172,586047,72
33,large_leak,0,1173,586552,93
33,large_leak,0,1174,587047,88
33,large_leak,0,1175,587551,106
33,large_leak,0,1176,588047,121
33,large_leak,0,1177,588551,147
33,large_leak,0,1178,589048,159
33,large_leak,0,1179,589552,159
33,large_leak,0,1180,590047,139
33,large_leak,0,1181,590552,107
33,large_leak,0,1182,591047,83
33,large_leak,0,1183,591552,37
33,large_leak,0,1184,592047,11
33,large_leak,0,1185,592552,0
33,large_leak,0,1186,593047,0
33,large_leak,0,1187,593551,0
33,large_leak,0,1188,594047,0
33,large_leak,0,1189,594551,0
33,large_leak,0,1190,595048,0
33,large_leak,0,1191,595551,11
33,large_leak,0,1192,596048,19
33,large_leak,0,1193,596552,5
33,large_leak,0,1194,597048,0
33,large_leak,0,1195,597551,0
33,large_leak,0,1196,598048,0
33,large_leak,0,1197,598551,0
33,large_leak,0,1198,599048,0
33,large_leak,0,1199,599552,10
33,large_leak,0,1200,600048,21
33,large_leak,0,1201,600551,27
33,large_leak,0,1202,601048,57
33,large_leak,0,1203,601552,79
33,large_leak,0,1204,602048,85
33,large_leak,0,1205,602552,117
33,large_leak,0,1206,603048,171
33,large_leak,0,1207,603552,212
33,large_leak,0,1208,604048,229
33,large_leak,0,1209,604551,242
33,large_leak,0,1210,605048,233
33,large_leak,0,1211,605552,217
33,large_leak,0,1212,606048,197
33,large_leak,0,1213,606551,180
33,large_leak,0,1214,607048,166
33,large_leak,0,1215,607551,167
33,large_leak,0,1216,608048,155
33,large_leak,0,1217,608551,135
33,large_leak,0,1218,609048,120
33,large_leak,0,1219,609551,119
33,large_leak,0,1220,610048,115
33,large_leak,0,1221,610552,119
33,large_leak,0,1222,611047,119
33,large_leak,0,1223,611552,119
33,large_leak,0,1224,612047,125
33,large_leak,0,1225,612551,144
33,large_leak,0,1226,613048,163
33,large_leak,0,1227,613552,169
33,large_leak,0,1228,614048,173
33,large_leak,0,1229,614552,175
33,large_leak,0,1230,615048,159
33,large_leak,0,1231,615552,151
33,large_leak,0,1232,616047,142
33,large_leak,0,1233,616552,137
33,large_leak,0,1234,617047,136
33,large_leak,0,1235,617552,125
33,large_leak,0,1236,618047,121
33,large_leak,0,1237,618551,109
33,large_leak,0,1238,619048,115
33,large_leak,0,1239,619552,147
33,large_leak,0,1240,620048,139
33,large_leak,0,1241,620552,134
33,large_leak,0,1242,621047,136
33,large_leak,0,1243,621552,149
33,large_leak,0,1244,622047,158
33,large_leak,0,1245,622551,167
33,large_leak,0,1246,623047,171
33,large_leak,0,1247,623551,167
33,large_leak,0,1248,624048,157
33,large_leak,0,1249,624551,159
33,large_leak,0,1250,625048,176
33,large_leak,0,1251,625551,182
33,large_leak,0,1252,626048,168
33,large_leak,0,1253,626552,155
33,large_leak,0,1254,627047,133
33,large_leak,0,1255,627552,107
33,large_leak,0,1256,628047,85
33,large_leak,0,1257,628551,72
33,large_leak,0,1258,629047,55
33,large_leak,0,1259,629551,47
33,large_leak,0,1260,630048,55
33,large_leak,0,1261,630551,43
33,large_leak,0,1262,631048,26
33,large_leak,0,1263,631552,30
33,large_leak,0,1264,632047,17
33,large_leak,0,1265,632552,0
33,large_leak,0,1266,633047,0
33,large_leak,0,1267,633552,11
33,large_leak,0,1268,634047,31
33,large_leak,0,1269,634551,53
33,large_leak,0,1270,635048,70
33,large_leak,0,1271,635552,77
33,large_leak,0,1272,636047,93
33,large_leak,0,1273,636552,117
33,large_leak,0,1274,637047,125
33,large_leak,0,1275,637552,139
33,large_leak,0,1276,638047,159
33,large_leak,0,1277,638551,181
33,large_leak,0,1278,639047,181
33,large_leak,0,1279,639551,172
33,large_leak,0,1280,640048,160
33,large_leak,0,1281,640552,155
33,large_leak,0,1282,641048,149
33,large_leak,0,1283,641552,151
33,large_leak,0,1284,642047,135
33,large_leak,0,1285,642552,105
33,large_leak,0,1286,643047,87
33,large_leak,0,1287,643551,69
33,large_leak,0,1288,644048,53
33,large_leak,0,1289,644552,41
33,large_leak,0,1290,645048,36
33,large_leak,0,1291,645552,25
33,large_leak,0,1292,646048,27
33,large_leak,0,1293,646552,46
33,large_leak,0,1294,647048,45
33,large_leak,0,1295,647552,39
33,large_leak,0,1296,648047,45
33,large_leak,0,1297,648552,69
33,large_leak,0,1298,649047,87
33,large_leak,0,1299,649552,111
33,large_leak,0,1300,650047,138
33,large_leak,0,1301,650551,140
33,large_leak,0,1302,651048,139
33,large_leak,0,1303,651552,159
33,large_leak,0,1304,652048,170
33,large_leak,0,1305,652551,163
33,large_leak,0,1306,653048,149
33,large_leak,0,1307,653552,125
33,large_leak,0,1308,654047,117
33,large_leak,0,1309,654552,122
33,large_leak,0,1310,655047,109
33,large_leak,0,1311,655551,93
33,large_leak,0,1312,656047,85
33,large_leak,0,1313,656551,73
33,large_leak,0,1314,657048,60
33,large_leak,0,1315,657551,56
33,large_leak,0,1316,658048,51
33,large_leak,0,1317,658552,53
33,large_leak,0,1318,659047,71
33,large_leak,0,1319,659552,87
33,large_leak,0,1320,660047,107
33,large_leak,0,1321,660552,137
33,large_leak,0,1322,661047,155
33,large_leak,0,1323,661551,173
33,large_leak,0,1324,662048,183
33,large_leak,0,1325,662552,201
33,large_leak,0,1326,663047,207
33,large_leak,0,1327,663552,229
33,large_leak,0,1328,664047,227
33,large_leak,0,1329,664552,232
33,large_leak,0,1330,665047,234
33,large_leak,0,1331,665551,235
33,large_leak,0,1332,666047,223
33,large_leak,0,1333,666551,218
33,large_leak,0,1334,667048,185
33,large_leak,0,1335,667552,164
33,large_leak,0,1336,668048,153
33,large_leak,0,1337,668552,137
33,large_leak,0,1338,669047,94
33,large_leak,0,1339,669552,61
33,large_leak,0,1340,670047,59
33,large_leak,0,1341,670551,53
33,large_leak,0,1342,671047,37
33,large_leak,0,1343,671551,28
33,large_leak,0,1344,672048,57
33,large_leak,0,1345,672552,88
33,large_leak,0,1346,673048,82
33,large_leak,0,1347,673552,71
33,large_leak,0,1348,674048,57
33,large_leak,0,1349,674552,79
33,large_leak,0,1350,675047,75
33,large_leak,0,1351,675552,81
33,large_leak,0,1352,676047,93
33,large_leak,0,1353,676551,117
33,large_leak,0,1354,677047,147
33,large_leak,0,1355,677551,171
33,large_leak,0,1356,678047,206
33,large_leak,0,1357,678551,235
33,large_leak,0,1358,679048,243
33,large_leak,0,1359,679552,221
33,large_leak,0,1360,680047,189
33,large_leak,0,1361,680552,158
33,large_leak,0,1362,681047,135
33,large_leak,0,1363,681551,101
33,large_leak,0,1364,682048,57
33,large_leak,0,1365,682551,21
33,large_leak,0,1366,683048,0
33,large_leak,0,1367,683552,0
33,large_leak,0,1368,684047,0
33,large_leak,0,1369,684552,0
33,large_leak,0,1370,685047,0
33,large_leak,0,1371,685552,0
33,large_leak,0,1372,686047,0
33,large_leak,0,1373,686551,0
33,large_leak,0,1374,687047,0
33,large_leak,0,1375,687551,0
33,large_leak,0,1376,688048,0
33,large_leak,0,1377,688551,27
33,large_leak,0,1378,689048,30
33,large_leak,0,1379,689552,30
33,large_leak,0,1380,690047,23
33,large_leak,0,1381,690552,20
33,large_leak,0,1382,691047,27
33,large_leak,0,1383,691551,40
33,large_leak,0,1384,692047,35
33,large_leak,0,1385,692551,26
33,large_leak,0,1386,693048,27
33,large_leak,0,1387,693551,37
33,large_leak,0,1388,694048,39
33,large_leak,0,1389,694552,45
33,large_leak,0,1390,695047,45
33,large_leak,0,1391,695552,55
33,large_leak,0,1392,696047,61
33,large_leak,0,1393,696552,59
33,large_leak,0,1394,697047,61
33,large_leak,0,1395,697551,58
33,large_leak,0,1396,698047,57
33,large_leak,0,1397,698551,83
33,large_leak,0,1398,699047,107
33,large_leak,0,1399,699551,135
33,large_leak,0,1400,700048,164
33,large_leak,0,1401,700551,199
33,large_leak,0,1402,701048,215
33,large_leak,0,1403,701552,239
33,large_leak,0,1404,702047,273
33,large_leak,0,1405,702552,276
33,large_leak,0,1406,703047,251
33,large_leak,0,1407,703551,237
33,large_leak,0,1408,704048,217
33,large_leak,0,1409,704552,187
33,large_leak,0,1410,705048,157
33,large_leak,0,1411,705552,126
33,large_leak,0,1412,706047,93
33,large_leak,0,1413,706552,73
33,large_leak,0,1414,707047,43
33,large_leak,0,1415,707551,16
33,large_leak,0,1416,708048,0
33,large_leak,0,1417,708552,0
33,large_leak,0,1418,709048,0
33,large_leak,0,1419,709551,0
33,large_leak,0,1420,710048,0
33,large_leak,0,1421,710552,0
33,large_leak,0,1422,711047,0
33,large_leak,0,1423,711552,0
33,large_leak,0,1424,712047,81
33,large_leak,0,1425,712551,122
33,large_leak,0,1426,713047,159
33,large_leak,0,1427,713551,173
33,large_leak,0,1428,714048,164
33,large_leak,0,1429,714551,155
33,large_leak,0,1430,715048,152
33,large_leak,0,1431,715552,143
33,large_leak,0,1432,716048,120
33,large_leak,0,1433,716552,104
33,large_leak,0,1434,717047,93
33,large_leak,0,1435,717552,84
33,large_leak,0,1436,718047,79
33,large_leak,0,1437,718552,77
33,large_leak,0,1438,719047,73
33,large_leak,0,1439,719551,77
33,large_leak,0,1440,720048,75
33,large_leak,0,1441,720551,71
33,large_leak,0,1442,721048,63
33,large_leak,0,1443,721551,56
33,large_leak,0,1444,722048,63
33,large_leak,0,1445,722552,86
33,large_leak,0,1446,723047,71
33,large_leak,0,1447,723552,68
33,large_leak,0,1448,724047,93
33,large_leak,0,1449,724551,91
33,large_leak,0,1450,725047,98
33,large_leak,0,1451,725551,105
33,large_leak,0,1452,726048,111
33,large_leak,0,1453,726551,146
33,large_leak,0,1454,727048,179
33,large_leak,0,1455,727552,184
33,large_leak,0,1456,728048,190
33,large_leak,0,1457,728552,190
33,large_leak,0,1458,729047,163
33,large_leak,0,1459,729552,135
33,large_leak,0,1460,730047,119
33,large_leak,0,1461,730552,92
33,large_leak,0,1462,731047,71
33,large_leak,0,1463,731551,63
33,large_leak,0,1464,732048,27
33,large_leak,0,1465,732551,11
33,large_leak,0,1466,733048,27
33,large_leak,0,1467,733552,37
33,large_leak,0,1468,734047,25
33,large_leak,0,1469,734552,23
33,large_leak,0,1470,735047,7
33,large_leak,0,1471,735552,5
33,large_leak,0,1472,736047,11
33,large_leak,0,1473,736551,4
33,large_leak,0,1474,737047,0
33,large_leak,0,1475,737551,0
33,large_leak,0,1476,738048,0
33,large_leak,0,1477,738552,0
33,large_leak,0,1478,739047,0
33,large_leak,0,1479,739552,0
33,large_leak,0,1480,740047,0
33,large_leak,0,1481,740552,0
33,large_leak,0,1482,741047,0
33,large_leak,0,1483,741551,0
33,large_leak,0,1484,742048,0
33,large_leak,0,1485,742552,0
33,large_leak,0,1486,743047,0
33,large_leak,0,1487,743552,0
33,large_leak,0,1488,744047,0
33,large_leak,0,1489,744552,37
33,large_leak,0,1490,745047,41
33,large_leak,0,1491,745551,29
33,large_leak,0,1492,746048,33
33,large_leak,0,1493,746552,48
33,large_leak,0,1494,747048,64
33,large_leak,0,1495,747552,91
33,large_leak,0,1496,748047,105
33,large_leak,0,1497,748552,125
33,large_leak,0,1498,749047,157
33,large_leak,0,1499,749551,160
33,large_leak,0,1500,750048,137
33,large_leak,0,1501,750551,111
33,large_leak,0,1502,751048,105
33,large_leak,0,1503,751552,100
33,large_leak,0,1504,752047,77
33,large_leak,0,1505,752552,75
33,large_leak,0,1506,753047,63
33,large_leak,0,1507,753551,77
33,large_leak,0,1508,754048,86
33,large_leak,0,1509,754551,105
33,large_leak,0,1510,755048,103
33,large_leak,0,1511,755552,116
33,large_leak,0,1512,756047,107
33,large_leak,0,1513,756552,101
33,large_leak,0,1514,757047,95
33,large_leak,0,1515,757551,99
33,large_leak,0,1516,758048,88
33,large_leak,0,1517,758552,69
33,large_leak,0,1518,759047,51
33,large_leak,0,1519,759552,57
33,large_leak,0,1520,760047,71
33,large_leak,0,1521,760551,72
33,large_leak,0,1522,761048,67
33,large_leak,0,1523,761552,63
33,large_leak,0,1524,762047,71
33,large_leak,0,1525,762552,71
33,large_leak,0,1526,763047,69
33,large_leak,0,1527,763552,35
33,large_leak,0,1528,764047,28
33,large_leak,0,1529,764551,18
33,large_leak,0,1530,765048,4
33,large_leak,0,1531,765552,0
33,large_leak,0,1532,766047,0
33,large_leak,0,1533,766552,0
33,large_leak,0,1534,767047,0
33,large_leak,0,1535,767552,0
33,large_leak,0,1536,768047,4
33,large_leak,0,1537,768551,21
33,large_leak,0,1538,769048,46
33,large_leak,0,1539,769552,73
33,large_leak,0,1540,770047,87
33,large_leak,0,1541,770552,92
33,large_leak,0,1542,771047,97
33,large_leak,0,1543,771552,119
33,large_leak,0,1544,772047,122
33,large_leak,0,1545,772551,124
33,large_leak,0,1546,773047,151
33,large_leak,0,1547,773551,165
33,large_leak,0,1548,774048,187
33,large_leak,0,1549,774551,200
33,large_leak,0,1550,775048,213
33,large_leak,0,1551,775551,230
33,large_leak,0,1552,776048,233
33,large_leak,0,1553,776552,221
33,large_leak,0,1554,777047,197
33,large_leak,0,1555,777552,179
33,large_leak,0,1556,778047,167
33,large_leak,0,1557,778552,175
33,large_leak,0,1558,779047,183
33,large_leak,0,1559,779552,183
33,large_leak,0,1560,780047,179
33,large_leak,0,1561,780551,185
33,large_leak,0,1562,781048,187
33,large_leak,0,1563,781552,181
33,large_leak,0,1564,782048,174
33,large_leak,0,1565,782552,158
33,large_leak,0,1566,783047,138
33,large_leak,0,1567,783552,136
33,large_leak,0,1568,784047,134
33,large_leak,0,1569,784551,123
33,large_leak,0,1570,785048,109
33,large_leak,0,1571,785552,91
33,large_leak,0,1572,786047,73
33,large_leak,0,1573,786552,68
33,large_leak,0,1574,787047,47
33,large_leak,0,1575,787552,39
33,large_leak,0,1576,788047,23
33,large_leak,0,1577,788551,27
33,large_leak,0,1578,789047,48
33,large_leak,0,1579,789551,59
33,large_leak,0,1580,790048,61
33,large_leak,0,1581,790551,75
33,large_leak,0,1582,791048,92
33,large_leak,0,1583,791551,103
33,large_leak,0,1584,792048,125
33,large_leak,0,1585,792552,169
33,large_leak,0,1586,793048,211
33,large_leak,0,1587,793552,247
33,large_leak,0,1588,794047,275
33,large_leak,0,1589,794552,275
33,large_leak,0,1590,795047,246
33,large_leak,0,1591,795552,211
33,large_leak,0,1592,796047,173
33,large_leak,0,1593,796551,145
33,large_leak,0,1594,797047,109
33,large_leak,0,1595,797551,79
33,large_leak,0,1596,798048,55
33,large_leak,0,1597,798552,37
33,large_leak,0,1598,799047,24
33,large_leak,0,1599,799552,18
33,large_leak,0,1600,800047,2
33,large_leak,0,1601,800551,0
33,large_leak,0,1602,801047,0
33,large_leak,0,1603,801551,0
33,large_leak,0,1604,802048,0
33,large_leak,0,1605,802551,0
33,large_leak,0,1606,803048,0
33,large_leak,0,1607,803552,0
33,large_leak,0,1608,804048,0
33,large_leak,0,1609,804552,17
33,large_leak,0,1610,805047,24
33,large_leak,0,1611,805552,41
33,large_leak,0,1612,806047,53
33,large_leak,0,1613,806552,57
33,large_leak,0,1614,807047,45
33,large_leak,0,1615,807551,39
33,large_leak,0,1616,808048,14
33,large_leak,0,1617,808552,7
33,large_leak,0,1618,809047,21
33,large_leak,0,1619,809552,18
33,large_leak,0,1620,810047,25
33,large_leak,0,1621,810552,31
33,large_leak,0,1622,811047,68
33,large_leak,0,1623,811551,109
33,large_leak,0,1624,812048,139
33,large_leak,0,1625,812551,167
33,large_leak,0,1626,813048,185
33,large_leak,0,1627,813552,198
33,large_leak,0,1628,814047,199
33,large_leak,0,1629,814552,201
33,large_leak,0,1630,815047,201
33,large_leak,0,1631,815551,181
33,large_leak,0,1632,816048,149
33,large_leak,0,1633,816552,115
33,large_leak,0,1634,817047,99
33,large_leak,0,1635,817552,86
33,large_leak,0,1636,818047,62
33,large_leak,0,1637,818551,47
33,large_leak,0,1638,819047,56
33,large_leak,0,1639,819551,47
33,large_leak,0,1640,820048,42
33,large_leak,0,1641,820552,44
33,large_leak,0,1642,821048,41
33,large_leak,0,1643,821552,39
33,large_leak,0,1644,822048,48
33,large_leak,0,1645,822552,58
33,large_leak,0,1646,823047,46
33,large_leak,0,1647,823552,40
33,large_leak,0,1648,824047,42
33,large_leak,0,1649,824552,45
33,large_leak,0,1650,825047,61
33,large_leak,0,1651,825551,75
33,large_leak,0,1652,826048,69
33,large_leak,0,1653,826552,56
33,large_leak,0,1654,827048,67
33,large_leak,0,1655,827552,91
33,large_leak,0,1656,828048,101
33,large_leak,0,1657,828551,95
33,large_leak,0,1658,829048,91
33,large_leak,0,1659,829552,93
33,large_leak,0,1660,830047,79
33,large_leak,0,1661,830552,63
33,large_leak,0,1662,831047,71
33,large_leak,0,1663,831552,71
33,large_leak,0,1664,832047,77
33,large_leak,0,1665,832551,87
33,large_leak,0,1666,833047,85
33,large_leak,0,1667,833551,103
33,large_leak,0,1668,834048,119
33,large_leak,0,1669,834552,103
33,large_leak,0,1670,835047,92
33,large_leak,0,1671,835552,93
33,large_leak,0,1672,836047,77
33,large_leak,0,1673,836552,57
33,large_leak,0,1674,837047,39
33,large_leak,0,1675,837551,12
33,large_leak,0,1676,838048,0
33,large_leak,0,1677,838552,0
33,large_leak,0,1678,839048,0
33,large_leak,0,1679,839551,0
33,large_leak,0,1680,840048,0
33,large_leak,0,1681,840552,0
33,large_leak,0,1682,841047,12
33,large_leak,0,1683,841552,43
33,large_leak,0,1684,842047,72
33,large_leak,0,1685,842551,79
33,large_leak,0,1686,843047,103
33,large_leak,0,1687,843551,115
33,large_leak,0,1688,844048,115
33,large_leak,0,1689,844552,127
33,large_leak,0,1690,845048,141
33,large_leak,0,1691,845552,126
33,large_leak,0,1692,846047,135
33,large_leak,0,1693,846552,137
33,large_leak,0,1694,847047,124
33,large_leak,0,1695,847552,121
33,large_leak,0,1696,848047,131
33,large_leak,0,1697,848551,137
33,large_leak,0,1698,849048,137
33,large_leak,0,1699,849551,123
33,large_leak,0,1700,850048,95
33,large_leak,0,1701,850552,77
33,large_leak,0,1702,851047,77
33,large_leak,0,1703,851552,85
33,large_leak,0,1704,852047,72
33,large_leak,0,1705,852552,58
33,large_leak,0,1706,853047,37
33,large_leak,0,1707,853551,21
33,large_leak,0,1708,854048,9
33,large_leak,0,1709,854552,0
33,large_leak,0,1710,855047,0
33,large_leak,0,1711,855552,0
33,large_leak,0,1712,856047,0
33,large_leak,0,1713,856551,0
33,large_leak,0,1714,857048,0
33,large_leak,0,1715,857552,0
33,large_leak,0,1716,858047,0
33,large_leak,0,1717,858552,26
33,large_leak,0,1718,859047,43
33,large_leak,0,1719,859551,72
33,large_leak,0,1720,860048,77
33,large_leak,0,1721,860552,58
33,large_leak,0,1722,861047,37
33,large_leak,0,1723,861552,29
33,large_leak,0,1724,862047,33
33,large_leak,0,1725,862552,31
33,large_leak,0,1726,863047,25
33,large_leak,0,1727,863551,21
33,large_leak,0,1728,864047,10
33,large_leak,0,1729,864551,7
33,large_leak,0,1730,865048,10
33,large_leak,0,1731,865552,10
33,large_leak,0,1732,866048,1
33,large_leak,0,1733,866552,0
33,large_leak,0,1734,867047,5
33,large_leak,0,1735,867552,22
33,large_leak,0,1736,868047,55
33,large_leak,0,1737,868552,87
33,large_leak,0,1738,869047,93
33,large_leak,0,1739,869551,105
33,large_leak,0,1740,870048,119
33,large_leak,0,1741,870552,137
33,large_leak,0,1742,871048,167
33,large_leak,0,1743,871552,171
33,large_leak,0,1744,872047,153
33,large_leak,0,1745,872552,124
33,large_leak,0,1746,873047,101
33,large_leak,0,1747,873551,73
33,large_leak,0,1748,874047,51
33,large_leak,0,1749,874551,26
33,large_leak,0,1750,875048,10
33,large_leak,0,1751,875552,0
33,large_leak,0,1752,876048,0
33,large_leak,0,1753,876552,5
33,large_leak,0,1754,877047,22
33,large_leak,0,1755,877552,33
33,large_leak,0,1756,878047,44
33,large_leak,0,1757,878551,47
33,large_leak,0,1758,879047,63
33,large_leak,0,1759,879551,96
33,large_leak,0,1760,880048,106
33,large_leak,0,1761,880551,133
33,large_leak,0,1762,881048,157
33,large_leak,0,1763,881552,157
33,large_leak,0,1764,882047,146
33,large_leak,0,1765,882552,148
33,large_leak,0,1766,883047,151
33,large_leak,0,1767,883552,146
33,large_leak,0,1768,884047,125
33,large_leak,0,1769,884551,101
33,large_leak,0,1770,885048,83
33,large_leak,0,1771,885552,77
33,large_leak,0,1772,886047,69
33,large_leak,0,1773,886552,56
33,large_leak,0,1774,887047,63
33,large_leak,0,1775,887552,73
33,large_leak,0,1776,888047,75
33,large_leak,0,1777,888551,99
33,large_leak,0,1778,889048,109
33,large_leak,0,1779,889552,114
33,large_leak,0,1780,890048,106
33,large_leak,0,1781,890552,103
33,large_leak,0,1782,891047,87
33,large_leak,0,1783,891552,85
33,large_leak,0,1784,892047,93
33,large_leak,0,1785,892552,107
33,large_leak,0,1786,893047,103
33,large_leak,0,1787,893551,105
33,large_leak,0,1788,894048,122
33,large_leak,0,1789,894551,151
33,large_leak,0,1790,895048,172
33,large_leak,0,1791,895552,186
33,large_leak,0,1792,896047,217
33,large_leak,0,1793,896552,245
33,large_leak,0,1794,897047,246
33,large_leak,0,1795,897551,237
33,large_leak,0,1796,898047,231
33,large_leak,0,1797,898551,220
33,large_leak,0,1798,899048,201
33,large_leak,0,1799,899551,171
33,large_leak,0,1800,900048,149
33,large_leak,0,1801,900552,136
33,large_leak,0,1802,901048,112
33,large_leak,0,1803,901552,106
33,large_leak,0,1804,902048,86
33,large_leak,0,1805,902552,62
33,large_leak,0,1806,903047,54
33,large_leak,0,1807,903552,60
33,large_leak,0,1808,904047,64
33,large_leak,0,1809,904552,71
33,large_leak,0,1810,905047,63
33,large_leak,0,1811,905551,61
33,large_leak,0,1812,906047,76
33,large_leak,0,1813,906551,90
33,large_leak,0,1814,907048,107
33,large_leak,0,1815,907552,123
33,large_leak,0,1816,908048,126
33,large_leak,0,1817,908552,117
33,large_leak,0,1818,909047,89
33,large_leak,0,1819,909552,68
33,large_leak,0,1820,910047,45
33,large_leak,0,1821,910551,29
33,large_leak,0,1822,911048,7
33,large_leak,0,1823,911552,0
33,large_leak,0,1824,912047,0
33,large_leak,0,1825,912552,0
33,large_leak,0,1826,913047,0
33,large_leak,0,1827,913551,0
33,large_leak,0,1828,914048,0
33,large_leak,0,1829,914552,0
33,large_leak,0,1830,915047,0
33,large_leak,0,1831,915552,0
33,large_leak,0,1832,916047,0
33,large_leak,0,1833,916552,0
33,large_leak,0,1834,917047,23
33,large_leak,0,1835,917551,47
33,large_leak,0,1836,918047,47
33,large_leak,0,1837,918551,56
33,large_leak,0,1838,919048,60
33,large_leak,0,1839,919552,61
33,large_leak,0,1840,920047,75
33,large_leak,0,1841,920552,87
33,large_leak,0,1842,921047,85
33,large_leak,0,1843,921551,89
33,large_leak,0,1844,922047,77
33,large_leak,0,1845,922551,61
33,large_leak,0,1846,923048,46
33,large_leak,0,1847,923552,40
33,large_leak,0,1848,924047,43
33,large_leak,0,1849,924552,44
33,large_leak,0,1850,925047,47
33,large_leak,0,1851,925552,55
33,large_leak,0,1852,926047,61
33,large_leak,0,1853,926551,90
33,large_leak,0,1854,927048,107
33,large_leak,0,1855,927552,112
33,large_leak,0,1856,928048,135
33,large_leak,0,1857,928552,165
33,large_leak,0,1858,929047,173
33,large_leak,0,1859,929552,169
33,large_leak,0,1860,930047,159
33,large_leak,0,1861,930551,150
33,large_leak,0,1862,931047,147
33,large_leak,0,1863,931551,153
33,large_leak,0,1864,932048,147
33,large_leak,0,1865,932551,136
33,large_leak,0,1866,933048,147
33,large_leak,0,1867,933552,173
33,large_leak,0,1868,934048,173
33,large_leak,0,1869,934552,159
33,large_leak,0,1870,935047,147
33,large_leak,0,1871,935552,137
33,large_leak,0,1872,936047,111
33,large_leak,0,1873,936551,87
33,large_leak,0,1874,937047,43
33,large_leak,0,1875,937551,12
33,large_leak,0,1876,938047,0
33,large_leak,0,1877,938551,0
33,large_leak,0,1878,939048,0
33,large_leak,0,1879,939552,0
33,large_leak,0,1880,940047,5
33,large_leak,0,1881,940552,23
33,large_leak,0,1882,941047,30
33,large_leak,0,1883,941552,45
33,large_leak,0,1884,942047,53
33,large_leak,0,1885,942551,53
33,large_leak,0,1886,943047,84
33,large_leak,0,1887,943551,116
33,large_leak,0,1888,944048,110
33,large_leak,0,1889,944551,120
33,large_leak,0,1890,945048,127
33,large_leak,0,1891,945552,123
33,large_leak,0,1892,946047,105
33,large_leak,0,1893,946552,106
33,large_leak,0,1894,947047,108
33,large_leak,0,1895,947551,107
33,large_leak,0,1896,948048,89
33,large_leak,0,1897,948552,53
33,large_leak,0,1898,949048,19
33,large_leak,0,1899,949552,2
33,large_leak,0,1900,950047,0
33,large_leak,0,1901,950552,2
33,large_leak,0,1902,951047,13
33,large_leak,0,1903,951552,21
33,large_leak,0,1904,952047,36
33,large_leak,0,1905,952551,69
33,large_leak,0,1906,953048,95
33,large_leak,0,1907,953552,119
33,large_leak,0,1908,954047,118
33,large_leak,0,1909,954552,116
33,large_leak,0,1910,955047,108
33,large_leak,0,1911,955551,99
33,large_leak,0,1912,956047,85
33,large_leak,0,1913,956551,75
33,large_leak,0,1914,957048,61
33,large_leak,0,1915,957552,43
33,large_leak,0,1916,958047,29
33,large_leak,0,1917,958552,25
33,large_leak,0,1918,959047,21
33,large_leak,0,1919,959552,27
33,large_leak,0,1920,960047,43
33,large_leak,0,1921,960551,69
33,large_leak,0,1922,961048,87
33,large_leak,0,1923,961552,105
33,large_leak,0,1924,962047,127
33,large_leak,0,1925,962552,163
33,large_leak,0,1926,963047,172
33,large_leak,0,1927,963551,175
33,large_leak,0,1928,964047,183
33,large_leak,0,1929,964551,187
33,large_leak,0,1930,965048,174
33,large_leak,0,1931,965551,152
33,large_leak,0,1932,966048,121
33,large_leak,0,1933,966551,103
33,large_leak,0,1934,967048,77
33,large_leak,0,1935,967552,59
33,large_leak,0,1936,968047,44
33,large_leak,0,1937,968552,39
33,large_leak,0,1938,969047,45
33,large_leak,0,1939,969552,51
33,large_leak,0,1940,970047,51
33,large_leak,0,1941,970551,56
33,large_leak,0,1942,971048,71
33,large_leak,0,1943,971552,78
33,large_leak,0,1944,972047,77
33,large_leak,0,1945,972552,78
33,large_leak,0,1946,973047,89
33,large_leak,0,1947,973552,88
33,large_leak,0,1948,974047,73
33,large_leak,0,1949,974551,89
33,large_leak,0,1950,975047,75
33,large_leak,0,1951,975551,27
33,large_leak,0,1952,976047,26
33,large_leak,0,1953,976551,25
33,large_leak,0,1954,977048,26
33,large_leak,0,1955,977552,19
33,large_leak,0,1956,978047,23
33,large_leak,0,1957,978552,29
33,large_leak,0,1958,979047,33
33,large_leak,0,1959,979551,28
33,large_leak,0,1960,980048,25
33,large_leak,0,1961,980552,22
33,large_leak,0,1962,981048,17
33,large_leak,0,1963,981552,11
33,large_leak,0,1964,982047,3
33,large_leak,0,1965,982552,16
33,large_leak,0,1966,983047,7
33,large_leak,0,1967,983552,19
33,large_leak,0,1968,984047,55
33,large_leak,0,1969,984551,93
33,large_leak,0,1970,985047,122
33,large_leak,0,1971,985551,137
33,large_leak,0,1972,986047,160
33,large_leak,0,1973,986551,185
33,large_leak,0,1974,987048,187
33,large_leak,0,1975,987551,171
33,large_leak,0,1976,988048,147
33,large_leak,0,1977,988551,115
33,large_leak,0,1978,989048,74
33,large_leak,0,1979,989552,38
33,large_leak,0,1980,990047,17
33,large_leak,0,1981,990552,8
33,large_leak,0,1982,991047,19
33,large_leak,0,1983,991552,35
33,large_leak,0,1984,992047,27
33,large_leak,0,1985,992552,22
33,large_leak,0,1986,993047,36
33,large_leak,0,1987,993552,61
33,large_leak,0,1988,994047,91
33,large_leak,0,1989,994551,97
33,large_leak,0,1990,995047,85
33,large_leak,0,1991,995551,61
33,large_leak,0,1992,996048,45
33,large_leak,0,1993,996552,23
33,large_leak,0,1994,997047,12
33,large_leak,0,1995,997552,0
33,large_leak,0,1996,998047,0
33,large_leak,0,1997,998552,0
33,large_leak,0,1998,999047,0
33,large_leak,0,1999,999551,0
33,large_leak,1,0,49,157
33,large_leak,1,1,547,149
33,large_leak,1,2,1047,137
33,large_leak,1,3,1547,120
33,large_leak,1,4,2047,89
33,large_leak,1,5,2547,45
33,large_leak,1,6,3047,11
33,large_leak,1,7,3547,6
33,large_leak,1,8,4047,11
33,large_leak,1,9,4547,7
33,large_leak,1,10,5047,12
33,large_leak,1,11,5547,40
33,large_leak,1,12,6047,75
33,large_leak,1,13,6547,95
33,large_leak,1,14,7047,104
33,large_leak,1,15,7547,119
33,large_leak,1,16,8047,159
33,large_leak,1,17,8547,220
33,large_leak,1,18,9047,237
33,large_leak,1,19,9547,234
33,large_leak,1,20,10047,244
33,large_leak,1,21,10547,229
33,large_leak,1,22,11047,205
33,large_leak,1,23,11547,197
33,large_leak,1,24,12047,179
33,large_leak,1,25,12547,153
33,large_leak,1,26,13047,139
33,large_leak,1,27,13547,115
33,large_leak,1,28,14047,87
33,large_leak,1,29,14547,69
33,large_leak,1,30,15047,59
33,large_leak,1,31,15547,57
33,large_leak,1,32,16047,52
33,large_leak,1,33,16547,51
33,large_leak,1,34,17047,75
33,large_leak,1,35,17547,78
33,large_leak,1,36,18047,85
33,large_leak,1,37,18547,99
33,large_leak,1,38,19047,93
33,large_leak,1,39,19547,117
33,large_leak,1,40,20047,157
33,large_leak,1,41,20547,181
33,large_leak,1,42,21047,211
33,large_leak,1,43,21547,237
33,large_leak,1,44,22047,245
33,large_leak,1,45,22547,255
33,large_leak,1,46,23047,265
33,large_leak,1,47,23547,251
33,large_leak,1,48,24047,232
33,large_leak,1,49,24547,198
33,large_leak,1,50,25047,153
33,large_leak,1,51,25547,120
33,large_leak,1,52,26047,99
33,large_leak,1,53,26547,63
33,large_leak,1,54,27047,47
33,large_leak,1,55,27547,39
33,large_leak,1,56,28047,31
33,large_leak,1,57,28547,45
33,large_leak,1,58,29047,82
33,large_leak,1,59,29547,103
33,large_leak,1,60,30047,105
33,large_leak,1,61,30547,115
33,large_leak,1,62,31047,134
33,large_leak,1,63,31547,136
33,large_leak,1,64,32047,127
33,large_leak,1,65,32547,107
33,large_leak,1,66,33047,98
33,large_leak,1,67,33547,87
33,large_leak,1,68,34047,72
33,large_leak,1,69,34547,39
33,large_leak,1,70,35047,10
33,large_leak,1,71,35547,0
33,large_leak,1,72,36047,10
33,large_leak,1,73,36547,24
33,large_leak,1,74,37047,36
33,large_leak,1,75,37547,44
33,large_leak,1,76,38047,56
33,large_leak,1,77,38547,59
33,large_leak,1,78,39047,75
33,large_leak,1,79,39547,69
33,large_leak,1,80,40047,47
33,large_leak,1,81,40547,33
33,large_leak,1,82,41047,29
33,large_leak,1,83,41547,18
33,large_leak,1,84,42047,10
33,large_leak,1,85,42547,13
33,large_leak,1,86,43047,18
33,large_leak,1,87,43547,1
33,large_leak,1,88,44047,0
33,large_leak,1,89,44547,0
33,large_leak,1,90,45047,0
33,large_leak,1,91,45547,0
33,large_leak,1,92,46047,0
33,large_leak,1,93,46547,0
33,large_leak,1,94,47047,0
33,large_leak,1,95,47547,0
33,large_leak,1,96,48047,0
33,large_leak,1,97,48547,0
33,large_leak,1,98,49047,11
33,large_leak,1,99,49547,31
33,large_leak,1,100,50047,51
33,large_leak,1,101,50547,76
33,large_leak,1,102,51047,104
33,large_leak,1,103,51547,107
33,large_leak,1,104,52047,93
33,large_leak,1,105,52547,61
33,large_leak,1,106,53047,45
33,large_leak,1,107,53547,43
33,large_leak,1,108,54047,52
33,large_leak,1,109,54547,55
33,large_leak,1,110,55047,59
33,large_leak,1,111,55547,55
33,large_leak,1,112,56047,75
33,large_leak,1,113,56547,133
33,large_leak,1,114,57047,183
33,large_leak,1,115,57547,207
33,large_leak,1,116,58047,227
33,large_leak,1,117,58547,232
33,large_leak,1,118,59047,216
33,large_leak,1,119,59547,201
33,large_leak,1,120,60047,188
33,large_leak,1,121,60547,169
33,large_leak,1,122,61047,165
33,large_leak,1,123,61547,149
33,large_leak,1,124,62047,119
33,large_leak,1,125,62547,91
33,large_leak,1,126,63047,61
33,large_leak,1,127,63547,39
33,large_leak,1,128,64047,21
33,large_leak,1,129,64547,2
33,large_leak,1,130,65047,0
33,large_leak,1,131,65547,0
33,large_leak,1,132,66047,0
33,large_leak,1,133,66547,0
33,large_leak,1,134,67047,0
33,large_leak,1,135,67547,0
33,large_leak,1,136,68047,0
33,large_leak,1,137,68547,0
33,large_leak,1,138,69047,0
33,large_leak,1,139,69547,0
33,large_leak,1,140,70047,44
33,large_leak,1,141,70547,68
33,large_leak,1,142,71047,91
33,large_leak,1,143,71547,112
33,large_leak,1,144,72047,133
33,large_leak,1,145,72547,153
33,large_leak,1,146,73047,136
33,large_leak,1,147,73547,115
33,large_leak,1,148,74047,106
33,large_leak,1,149,74547,101
33,large_leak,1,150,75047,94
33,large_leak,1,151,75547,87
33,large_leak,1,152,76047,95
33,large_leak,1,153,76547,94
33,large_leak,1,154,77047,93
33,large_leak,1,155,77547,105
33,large_leak,1,156,78047,117
33,large_leak,1,157,78547,139
33,large_leak,1,158,79047,151
33,large_leak,1,159,79547,149
33,large_leak,1,160,80047,137
33,large_leak,1,161,80547,112
33,large_leak,1,162,81047,91
33,large_leak,1,163,81547,57
33,large_leak,1,164,82047,26
33,large_leak,1,165,82547,4
33,large_leak,1,166,83047,0
33,large_leak,1,167,83547,0
33,large_leak,1,168,84047,0
33,large_leak,1,169,84547,0
33,large_leak,1,170,85047,0
33,large_leak,1,171,85547,0
33,large_leak,1,172,86047,0
33,large_leak,1,173,86547,0
33,large_leak,1,174,87047,0
33,large_leak,1,175,87547,35
33,large_leak,1,176,88047,62
33,large_leak,1,177,88547,92
33,large_leak,1,178,89047,115
33,large_leak,1,179,89547,142
33,large_leak,1,180,90047,168
33,large_leak,1,181,90547,179
33,large_leak,1,182,91047,183
33,large_leak,1,183,91547,181
33,large_leak,1,184,92047,165
33,large_leak,1,185,92547,147
33,large_leak,1,186,93047,117
33,large_leak,1,187,93547,83
33,large_leak,1,188,94047,62
33,large_leak,1,189,94547,41
33,large_leak,1,190,95047,10
33,large_leak,1,191,95547,0
33,large_leak,1,192,96047,0
33,large_leak,1,193,96547,0
33,large_leak,1,194,97047,0
33,large_leak,1,195,97547,0
33,large_leak,1,196,98047,0
33,large_leak,1,197,98547,0
33,large_leak,1,198,99047,1
33,large_leak,1,199,99547,91
33,large_leak,1,200,100047,112
33,large_leak,1,201,100547,121
33,large_leak,1,202,101047,146
33,large_leak,1,203,101547,171
33,large_leak,1,204,102047,187
33,large_leak,1,205,102547,192
33,large_leak,1,206,103047,179
33,large_leak,1,207,103547,149
33,large_leak,1,208,104047,117
33,large_leak,1,209,104547,91
33,large_leak,1,210,105047,59
33,large_leak,1,211,105547,38
33,large_leak,1,212,106047,9
33,large_leak,1,213,106547,0
33,large_leak,1,214,107047,0
33,large_leak,1,215,107547,0
33,large_leak,1,216,108047,0
33,large_leak,1,217,108547,8
33,large_leak,1,218,109047,18
33,large_leak,1,219,109547,23
33,large_leak,1,220,110047,61
33,large_leak,1,221,110547,90
33,large_leak,1,222,111047,109
33,large_leak,1,223,111547,149
33,large_leak,1,224,112047,183
33,large_leak,1,225,112547,191
33,large_leak,1,226,113047,183
33,large_leak,1,227,113547,172
33,large_leak,1,228,114047,171
33,large_leak,1,229,114547,154
33,large_leak,1,230,115047,123
33,large_leak,1,231,115547,98
33,large_leak,1,232,116047,63
33,large_leak,1,233,116547,51
33,large_leak,1,234,117047,30
33,large_leak,1,235,117547,18
33,large_leak,1,236,118047,8
33,large_leak,1,237,118547,7
33,large_leak,1,238,119047,0
33,large_leak,1,239,119547,0
33,large_leak,1,240,120047,0
33,large_leak,1,241,120547,13
33,large_leak,1,242,121047,21
33,large_leak,1,243,121547,37
33,large_leak,1,244,122047,43
33,large_leak,1,245,122547,70
33,large_leak,1,246,123047,104
33,large_leak,1,247,123547,137
33,large_leak,1,248,124047,157
33,large_leak,1,249,124547,178
33,large_leak,1,250,125047,205
33,large_leak,1,251,125547,212
33,large_leak,1,252,126047,214
33,large_leak,1,253,126547,213
33,large_leak,1,254,127047,211
33,large_leak,1,255,127547,208
33,large_leak,1,256,128047,197
33,large_leak,1,257,128547,167
33,large_leak,1,258,129047,154
33,large_leak,1,259,129547,165
33,large_leak,1,260,130047,175
33,large_leak,1,261,130547,181
33,large_leak,1,262,131047,205
33,large_leak,1,263,131547,219
33,large_leak,1,264,132047,203
33,large_leak,1,265,132547,203
33,large_leak,1,266,133047,200
33,large_leak,1,267,133547,186
33,large_leak,1,268,134047,188
33,large_leak,1,269,134547,168
33,large_leak,1,270,135047,125
33,large_leak,1,271,135547,109
33,large_leak,1,272,136047,103
33,large_leak,1,273,136547,81
33,large_leak,1,274,137047,63
33,large_leak,1,275,137547,56
33,large_leak,1,276,138047,59
33,large_leak,1,277,138547,56
33,large_leak,1,278,139047,69
33,large_leak,1,279,139547,84
33,large_leak,1,280,140047,87
33,large_leak,1,281,140547,87
33,large_leak,1,282,141047,100
33,large_leak,1,283,141547,117
33,large_leak,1,284,142047,122
33,large_leak,1,285,142547,127
33,large_leak,1,286,143047,152
33,large_leak,1,287,143547,167
33,large_leak,1,288,144047,172
33,large_leak,1,289,144547,180
33,large_leak,1,290,145047,185
33,large_leak,1,291,145547,184
33,large_leak,1,292,146047,184
33,large_leak,1,293,146547,169
33,large_leak,1,294,147047,153
33,large_leak,1,295,147547,140
33,large_leak,1,296,148047,119
33,large_leak,1,297,148547,98
33,large_leak,1,298,149047,63
33,large_leak,1,299,149547,45
33,large_leak,1,300,150047,37
33,large_leak,1,301,150547,12
33,large_leak,1,302,151047,0
33,large_leak,1,303,151547,0
33,large_leak,1,304,152047,0
33,large_leak,1,305,152547,0
33,large_leak,1,306,153047,0
33,large_leak,1,307,153547,0
33,large_leak,1,308,154047,0
33,large_leak,1,309,154547,0
33,large_leak,1,310,155047,0
33,large_leak,1,311,155547,0
33,large_leak,1,312,156047,0
33,large_leak,1,313,156547,0
33,large_leak,1,314,157047,0
33,large_leak,1,315,157547,0
33,large_leak,1,316,158047,29
33,large_leak,1,317,158547,63
33,large_leak,1,318,159047,99
33,large_leak,1,319,159547,156
33,large_leak,1,320,160047,210
33,large_leak,1,321,160547,243
33,large_leak,1,322,161047,255
33,large_leak,1,323,161547,254
33,large_leak,1,324,162047,243
33,large_leak,1,325,162547,222
33,large_leak,1,326,163047,191
33,large_leak,1,327,163547,157
33,large_leak,1,328,164047,127
33,large_leak,1,329,164547,95
33,large_leak,1,330,165047,77
33,large_leak,1,331,165547,59
33,large_leak,1,332,166047,31
33,large_leak,1,333,166547,12
33,large_leak,1,334,167047,7
33,large_leak,1,335,167547,3
33,large_leak,1,336,168047,7
33,large_leak,1,337,168547,7
33,large_leak,1,338,169047,10
33,large_leak,1,339,169547,29
33,large_leak,1,340,170047,53
33,large_leak,1,341,170547,59
33,large_leak,1,342,171047,61
33,large_leak,1,343,171547,61
33,large_leak,1,344,172047,58
33,large_leak,1,345,172547,57
33,large_leak,1,346,173047,45
33,large_leak,1,347,173547,28
33,large_leak,1,348,174047,27
33,large_leak,1,349,174547,22
33,large_leak,1,350,175047,8
33,large_leak,1,351,175547,7
33,large_leak,1,352,176047,0
33,large_leak,1,353,176547,0
33,large_leak,1,354,177047,9
33,large_leak,1,355,177547,30
33,large_leak,1,356,178047,41
33,large_leak,1,357,178547,53
33,large_leak,1,358,179047,73
33,large_leak,1,359,179547,73
33,large_leak,1,360,180047,63
33,large_leak,1,361,180547,63
33,large_leak,1,362,181047,73
33,large_leak,1,363,181547,89
33,large_leak,1,364,182047,105
33,large_leak,1,365,182547,105
33,large_leak,1,366,183047,103
33,large_leak,1,367,183547,101
33,large_leak,1,368,184047,101
33,large_leak,1,369,184547,103
33,large_leak,1,370,185047,121
33,large_leak,1,371,185547,135
33,large_leak,1,372,186047,145
33,large_leak,1,373,186547,157
33,large_leak,1,374,187047,173
33,large_leak,1,375,187547,185
33,large_leak,1,376,188047,189
33,large_leak,1,377,188547,188
33,large_leak,1,378,189047,183
33,large_leak,1,379,189547,183
33,large_leak,1,380,190047,159
33,large_leak,1,381,190547,138
33,large_leak,1,382,191047,115
33,large_leak,1,383,191547,82
33,large_leak,1,384,192047,47
33,large_leak,1,385,192547,37
33,large_leak,1,386,193047,36
33,large_leak,1,387,193547,37
33,large_leak,1,388,194047,37
33,large_leak,1,389,194547,29
33,large_leak,1,390,195047,27
33,large_leak,1,391,195547,27
33,large_leak,1,392,196047,45
33,large_leak,1,393,196547,67
33,large_leak,1,394,197047,85
33,large_leak,1,395,197547,93
33,large_leak,1,396,198047,108
33,large_leak,1,397,198547,111
33,large_leak,1,398,199047,102
33,large_leak,1,399,199547,93
33,large_leak,1,400,200047,76
33,large_leak,1,401,200547,52
33,large_leak,1,402,201047,35
33,large_leak,1,403,201547,28
33,large_leak,1,404,202047,25
33,large_leak,1,405,202547,27
33,large_leak,1,406,203047,41
33,large_leak,1,407,203547,53
33,large_leak,1,408,204047,73
33,large_leak,1,409,204547,101
33,large_leak,1,410,205047,115
33,large_leak,1,411,205547,141
33,large_leak,1,412,206047,160
33,large_leak,1,413,206547,167
33,large_leak,1,414,207047,159
33,large_leak,1,415,207547,157
33,large_leak,1,416,208047,151
33,large_leak,1,417,208547,123
33,large_leak,1,418,209047,94
33,large_leak,1,419,209547,77
33,large_leak,1,420,210047,71
33,large_leak,1,421,210547,72
33,large_leak,1,422,211047,83
33,large_leak,1,423,211547,74
33,large_leak,1,424,212047,52
33,large_leak,1,425,212547,39
33,large_leak,1,426,213047,27
33,large_leak,1,427,213547,31
33,large_leak,1,428,214047,55
33,large_leak,1,429,214547,79
33,large_leak,1,430,215047,108
33,large_leak,1,431,215547,127
33,large_leak,1,432,216047,141
33,large_leak,1,433,216547,139
33,large_leak,1,434,217047,122
33,large_leak,1,435,217547,103
33,large_leak,1,436,218047,91
33,large_leak,1,437,218547,91
33,large_leak,1,438,219047,95
33,large_leak,1,439,219547,93
33,large_leak,1,440,220047,73
33,large_leak,1,441,220547,55
33,large_leak,1,442,221047,23
33,large_leak,1,443,221547,1
33,large_leak,1,444,222047,0
33,large_leak,1,445,222547,0
33,large_leak,1,446,223047,0
33,large_leak,1,447,223547,9
33,large_leak,1,448,224047,12
33,large_leak,1,449,224547,11
33,large_leak,1,450,225047,9
33,large_leak,1,451,225547,27
33,large_leak,1,452,226047,43
33,large_leak,1,453,226547,60
33,large_leak,1,454,227047,85
33,large_leak,1,455,227547,95
33,large_leak,1,456,228047,109
33,large_leak,1,457,228547,117
33,large_leak,1,458,229047,109
33,large_leak,1,459,229547,101
33,large_leak,1,460,230047,93
33,large_leak,1,461,230547,79
33,large_leak,1,462,231047,74
33,large_leak,1,463,231547,87
33,large_leak,1,464,232047,103
33,large_leak,1,465,232547,108
33,large_leak,1,466,233047,121
33,large_leak,1,467,233547,141
33,large_leak,1,468,234047,156
33,large_leak,1,469,234547,166
33,large_leak,1,470,235047,171
33,large_leak,1,471,235547,179
33,large_leak,1,472,236047,173
33,large_leak,1,473,236547,147
33,large_leak,1,474,237047,123
33,large_leak,1,475,237547,90
33,large_leak,1,476,238047,43
33,large_leak,1,477,238547,11
33,large_leak,1,478,239047,5
33,large_leak,1,479,239547,0
33,large_leak,1,480,240047,0
33,large_leak,1,481,240547,0
33,large_leak,1,482,241047,0
33,large_leak,1,483,241547,0
33,large_leak,1,484,242047,0
33,large_leak,1,485,242547,0
33,large_leak,1,486,243047,0
33,large_leak,1,487,243547,0
33,large_leak,1,488,244047,0
33,large_leak,1,489,244547,0
33,large_leak,1,490,245047,12
33,large_leak,1,491,245547,35
33,large_leak,1,492,246047,37
33,large_leak,1,493,246547,29
33,large_leak,1,494,247047,37
33,large_leak,1,495,247547,43
33,large_leak,1,496,248047,45
33,large_leak,1,497,248547,45
33,large_leak,1,498,249047,41
33,large_leak,1,499,249547,52
33,large_leak,1,500,250047,59
33,large_leak,1,501,250547,67
33,large_leak,1,502,251047,60
33,large_leak,1,503,251547,46
33,large_leak,1,504,252047,37
33,large_leak,1,505,252547,38
33,large_leak,1,506,253047,53
33,large_leak,1,507,253547,57
33,large_leak,1,508,254047,53
33,large_leak,1,509,254547,60
33,large_leak,1,510,255047,78
33,large_leak,1,511,255547,87
33,large_leak,1,512,256047,109
33,large_leak,1,513,256547,142
33,large_leak,1,514,257047,165
33,large_leak,1,515,257547,169
33,large_leak,1,516,258047,175
33,large_leak,1,517,258547,189
33,large_leak,1,518,259047,217
33,large_leak,1,519,259547,219
33,large_leak,1,520,260047,200
33,large_leak,1,521,260547,168
33,large_leak,1,522,261047,153
33,large_leak,1,523,261547,134
33,large_leak,1,524,262047,109
33,large_leak,1,525,262547,91
33,large_leak,1,526,263047,58
33,large_leak,1,527,263547,36
33,large_leak,1,528,264047,38
33,large_leak,1,529,264547,43
33,large_leak,1,530,265047,58
33,large_leak,1,531,265547,68
33,large_leak,1,532,266047,74
33,large_leak,1,533,266547,77
33,large_leak,1,534,267047,91
33,large_leak,1,535,267547,116
33,large_leak,1,536,268047,148
33,large_leak,1,537,268547,168
33,large_leak,1,538,269047,185
33,large_leak,1,539,269547,189
33,large_leak,1,540,270047,198
33,large_leak,1,541,270547,213
33,large_leak,1,542,271047,219
33,large_leak,1,543,271547,212
33,large_leak,1,544,272047,211
33,large_leak,1,545,272547,205
33,large_leak,1,546,273047,199
33,large_leak,1,547,273547,181
33,large_leak,1,548,274047,157
33,large_leak,1,549,274547,139
33,large_leak,1,550,275047,123
33,large_leak,1,551,275547,107
33,large_leak,1,552,276047,93
33,large_leak,1,553,276547,95
33,large_leak,1,554,277047,91
33,large_leak,1,555,277547,68
33,large_leak,1,556,278047,38
33,large_leak,1,557,278547,7
33,large_leak,1,558,279047,0
33,large_leak,1,559,279547,0
33,large_leak,1,560,280047,0
33,large_leak,1,561,280547,0
33,large_leak,1,562,281047,0
33,large_leak,1,563,281547,0
33,large_leak,1,564,282047,0
33,large_leak,1,565,282547,0
33,large_leak,1,566,283047,0
33,large_leak,1,567,283547,0
33,large_leak,1,568,284047,17
33,large_leak,1,569,284547,31
33,large_leak,1,570,285047,41
33,large_leak,1,571,285547,33
33,large_leak,1,572,286047,35
33,large_leak,1,573,286547,29
33,large_leak,1,574,287047,18
33,large_leak,1,575,287547,1
33,large_leak,1,576,288047,0
33,large_leak,1,577,288547,0
33,large_leak,1,578,289047,0
33,large_leak,1,579,289547,0
33,large_leak,1,580,290047,0
33,large_leak,1,581,290547,11
33,large_leak,1,582,291047,31
33,large_leak,1,583,291547,76
33,large_leak,1,584,292047,117
33,large_leak,1,585,292547,164
33,large_leak,1,586,293047,202
33,large_leak,1,587,293547,233
33,large_leak,1,588,294047,251
33,large_leak,1,589,294547,255
33,large_leak,1,590,295047,255
33,large_leak,1,591,295547,265
33,large_leak,1,592,296047,255
33,large_leak,1,593,296547,239
33,large_leak,1,594,297047,213
33,large_leak,1,595,297547,173
33,large_leak,1,596,298047,147
33,large_leak,1,597,298547,124
33,large_leak,1,598,299047,105
33,large_leak,1,599,299547,84
33,large_leak,1,600,300047,56
33,large_leak,1,601,300547,45
33,large_leak,1,602,301047,47
33,large_leak,1,603,301547,57
33,large_leak,1,604,302047,83
33,large_leak,1,605,302547,107
33,large_leak,1,606,303047,127
33,large_leak,1,607,303547,121
33,large_leak,1,608,304047,116
33,large_leak,1,609,304547,107
33,large_leak,1,610,305047,91
33,large_leak,1,611,305547,59
33,large_leak,1,612,306047,21
33,large_leak,1,613,306547,0
33,large_leak,1,614,307047,0
33,large_leak,1,615,307547,0
33,large_leak,1,616,308047,0
33,large_leak,1,617,308547,0
33,large_leak,1,618,309047,0
33,large_leak,1,619,309547,0
33,large_leak,1,620,310047,0
33,large_leak,1,621,310547,21
33,large_leak,1,622,311047,36
33,large_leak,1,623,311547,52
33,large_leak,1,624,312047,68
33,large_leak,1,625,312547,85
33,large_leak,1,626,313047,93
33,large_leak,1,627,313547,91
33,large_leak,1,628,314047,87
33,large_leak,1,629,314547,83
33,large_leak,1,630,315047,74
33,large_leak,1,631,315547,44
33,large_leak,1,632,316047,17
33,large_leak,1,633,316547,8
33,large_leak,1,634,317047,3
33,large_leak,1,635,317547,3
33,large_leak,1,636,318047,3
33,large_leak,1,637,318547,7
33,large_leak,1,638,319047,5
33,large_leak,1,639,319547,19
33,large_leak,1,640,320047,35
33,large_leak,1,641,320547,58
33,large_leak,1,642,321047,83
33,large_leak,1,643,321547,106
33,large_leak,1,644,322047,119
33,large_leak,1,645,322547,123
33,large_leak,1,646,323047,133
33,large_leak,1,647,323547,126
33,large_leak,1,648,324047,119
33,large_leak,1,649,324547,126
33,large_leak,1,650,325047,139
33,large_leak,1,651,325547,142
33,large_leak,1,652,326047,167
33,large_leak,1,653,326547,191
33,large_leak,1,654,327047,208
33,large_leak,1,655,327547,217
33,large_leak,1,656,328047,226
33,large_leak,1,657,328547,207
33,large_leak,1,658,329047,185
33,large_leak,1,659,329547,169
33,large_leak,1,660,330047,157
33,large_leak,1,661,330547,151
33,large_leak,1,662,331047,158
33,large_leak,1,663,331547,167
33,large_leak,1,664,332047,169
33,large_leak,1,665,332547,163
33,large_leak,1,666,333047,149
33,large_leak,1,667,333547,139
33,large_leak,1,668,334047,135
33,large_leak,1,669,334547,125
33,large_leak,1,670,335047,125
33,large_leak,1,671,335547,137
33,large_leak,1,672,336047,143
33,large_leak,1,673,336547,155
33,large_leak,1,674,337047,169
33,large_leak,1,675,337547,183
33,large_leak,1,676,338047,199
33,large_leak,1,677,338547,199
33,large_leak,1,678,339047,189
33,large_leak,1,679,339547,182
33,large_leak,1,680,340047,170
33,large_leak,1,681,340547,155
33,large_leak,1,682,341047,151
33,large_leak,1,683,341547,143
33,large_leak,1,684,342047,121
33,large_leak,1,685,342547,99
33,large_leak,1,686,343047,95
33,large_leak,1,687,343547,91
33,large_leak,1,688,344047,73
33,large_leak,1,689,344547,71
33,large_leak,1,690,345047,69
33,large_leak,1,691,345547,51
33,large_leak,1,692,346047,53
33,large_leak,1,693,346547,43
33,large_leak,1,694,347047,28
33,large_leak,1,695,347547,21
33,large_leak,1,696,348047,9
33,large_leak,1,697,348547,2
33,large_leak,1,698,349047,0
33,large_leak,1,699,349547,8
33,large_leak,1,700,350047,9
33,large_leak,1,701,350547,10
33,large_leak,1,702,351047,5
33,large_leak,1,703,351547,21
33,large_leak,1,704,352047,36
33,large_leak,1,705,352547,44
33,large_leak,1,706,353047,46
33,large_leak,1,707,353547,39
33,large_leak,1,708,354047,25
33,large_leak,1,709,354547,8
33,large_leak,1,710,355047,4
33,large_leak,1,711,355547,0
33,large_leak,1,712,356047,0
33,large_leak,1,713,356547,0
33,large_leak,1,714,357047,0
33,large_leak,1,715,357547,0
33,large_leak,1,716,358047,0
33,large_leak,1,717,358547,0
33,large_leak,1,718,359047,0
33,large_leak,1,719,359547,0
33,large_leak,1,720,360047,13
33,large_leak,1,721,360547,37
33,large_leak,1,722,361047,55
33,large_leak,1,723,361547,68
33,large_leak,1,724,362047,79
33,large_leak,1,725,362547,91
33,large_leak,1,726,363047,111
33,large_leak,1,727,363547,127
33,large_leak,1,728,364047,121
33,large_leak,1,729,364547,99
33,large_leak,1,730,365047,90
33,large_leak,1,731,365547,75
33,large_leak,1,732,366047,45
33,large_leak,1,733,366547,17
33,large_leak,1,734,367047,0
33,large_leak,1,735,367547,0
33,large_leak,1,736,368047,31
33,large_leak,1,737,368547,52
33,large_leak,1,738,369047,63
33,large_leak,1,739,369547,86
33,large_leak,1,740,370047,107
33,large_leak,1,741,370547,126
33,large_leak,1,742,371047,135
33,large_leak,1,743,371547,135
33,large_leak,1,744,372047,147
33,large_leak,1,745,372547,159
33,large_leak,1,746,373047,163
33,large_leak,1,747,373547,167
33,large_leak,1,748,374047,167
33,large_leak,1,749,374547,154
33,large_leak,1,750,375047,147
33,large_leak,1,751,375547,137
33,large_leak,1,752,376047,127
33,large_leak,1,753,376547,116
33,large_leak,1,754,377047,107
33,large_leak,1,755,377547,87
33,large_leak,1,756,378047,74
33,large_leak,1,757,378547,84
33,large_leak,1,758,379047,103
33,large_leak,1,759,379547,107
33,large_leak,1,760,380047,101
33,large_leak,1,761,380547,104
33,large_leak,1,762,381047,101
33,large_leak,1,763,381547,89
33,large_leak,1,764,382047,89
33,large_leak,1,765,382547,83
33,large_leak,1,766,383047,83
33,large_leak,1,767,383547,99
33,large_leak,1,768,384047,101
33,large_leak,1,769,384547,104
33,large_leak,1,770,385047,123
33,large_leak,1,771,385547,135
33,large_leak,1,772,386047,141
33,large_leak,1,773,386547,149
33,large_leak,1,774,387047,150
33,large_leak,1,775,387547,132
33,large_leak,1,776,388047,105
33,large_leak,1,777,388547,89
33,large_leak,1,778,389047,69
33,large_leak,1,779,389547,59
33,large_leak,1,780,390047,43
33,large_leak,1,781,390547,27
33,large_leak,1,782,391047,9
33,large_leak,1,783,391547,0
33,large_leak,1,784,392047,0
33,large_leak,1,785,392547,0
33,large_leak,1,786,393047,0
33,large_leak,1,787,393547,0
33,large_leak,1,788,394047,0
33,large_leak,1,789,394547,0
33,large_leak,1,790,395047,22
33,large_leak,1,791,395547,31
33,large_leak,1,792,396047,45
33,large_leak,1,793,396547,62
33,large_leak,1,794,397047,69
33,large_leak,1,795,397547,67
33,large_leak,1,796,398047,74
33,large_leak,1,797,398547,84
33,large_leak,1,798,399047,99
33,large_leak,1,799,399547,107
33,large_leak,1,800,400047,93
33,large_leak,1,801,400547,86
33,large_leak,1,802,401047,90
33,large_leak,1,803,401547,104
33,large_leak,1,804,402047,109
33,large_leak,1,805,402547,104
33,large_leak,1,806,403047,95
33,large_leak,1,807,403547,95
33,large_leak,1,808,404047,95
33,large_leak,1,809,404547,99
33,large_leak,1,810,405047,94
33,large_leak,1,811,405547,85
33,large_leak,1,812,406047,79
33,large_leak,1,813,406547,100
33,large_leak,1,814,407047,120
33,large_leak,1,815,407547,149
33,large_leak,1,816,408047,169
33,large_leak,1,817,408547,170
33,large_leak,1,818,409047,165
33,large_leak,1,819,409547,151
33,large_leak,1,820,410047,138
33,large_leak,1,821,410547,117
33,large_leak,1,822,411047,91
33,large_leak,1,823,411547,75
33,large_leak,1,824,412047,63
33,large_leak,1,825,412547,69
33,large_leak,1,826,413047,77
33,large_leak,1,827,413547,93
33,large_leak,1,828,414047,106
33,large_leak,1,829,414547,111
33,large_leak,1,830,415047,119
33,large_leak,1,831,415547,137
33,large_leak,1,832,416047,134
33,large_leak,1,833,416547,136
33,large_leak,1,834,417047,127
33,large_leak,1,835,417547,103
33,large_leak,1,836,418047,79
33,large_leak,1,837,418547,55
33,large_leak,1,838,419047,28
33,large_leak,1,839,419547,18
33,large_leak,1,840,420047,3
33,large_leak,1,841,420547,0
33,large_leak,1,842,421047,0
33,large_leak,1,843,421547,0
33,large_leak,1,844,422047,0
33,large_leak,1,845,422547,0
33,large_leak,1,846,423047,0
33,large_leak,1,847,423547,8
33,large_leak,1,848,424047,19
33,large_leak,1,849,424547,23
33,large_leak,1,850,425047,16
33,large_leak,1,851,425547,6
33,large_leak,1,852,426047,8
33,large_leak,1,853,426547,24
33,large_leak,1,854,427047,40
33,large_leak,1,855,427547,51
33,large_leak,1,856,428047,79
33,large_leak,1,857,428547,107
33,large_leak,1,858,429047,138
33,large_leak,1,859,429547,171
33,large_leak,1,860,430047,187
33,large_leak,1,861,430547,183
33,large_leak,1,862,431047,168
33,large_leak,1,863,431547,157
33,large_leak,1,864,432047,139
33,large_leak,1,865,432547,115
33,large_leak,1,866,433047,95
33,large_leak,1,867,433547,72
33,large_leak,1,868,434047,31
33,large_leak,1,869,434547,7
33,large_leak,1,870,435047,0
33,large_leak,1,871,435547,7
33,large_leak,1,872,436047,17
33,large_leak,1,873,436547,29
33,large_leak,1,874,437047,30
33,large_leak,1,875,437547,45
33,large_leak,1,876,438047,73
33,large_leak,1,877,438547,87
33,large_leak,1,878,439047,95
33,large_leak,1,879,439547,107
33,large_leak,1,880,440047,92
33,large_leak,1,881,440547,56
33,large_leak,1,882,441047,31
33,large_leak,1,883,441547,28
33,large_leak,1,884,442047,28
33,large_leak,1,885,442547,56
33,large_leak,1,886,443047,90
33,large_leak,1,887,443547,99
33,large_leak,1,888,444047,138
33,large_leak,1,889,444547,173
33,large_leak,1,890,445047,179
33,large_leak,1,891,445547,172
33,large_leak,1,892,446047,165
33,large_leak,1,893,446547,164
33,large_leak,1,894,447047,154
33,large_leak,1,895,447547,137
33,large_leak,1,896,448047,135
33,large_leak,1,897,448547,153
33,large_leak,1,898,449047,181
33,large_leak,1,899,449547,203
33,large_leak,1,900,450047,213
33,large_leak,1,901,450547,211
33,large_leak,1,902,451047,211
33,large_leak,1,903,451547,215
33,large_leak,1,904,452047,212
33,large_leak,1,905,452547,199
33,large_leak,1,906,453047,183
33,large_leak,1,907,453547,157
33,large_leak,1,908,454047,135
33,large_leak,1,909,454547,95
33,large_leak,1,910,455047,53
33,large_leak,1,911,455547,30
33,large_leak,1,912,456047,19
33,large_leak,1,913,456547,0
33,large_leak,1,914,457047,0
33,large_leak,1,915,457547,0
33,large_leak,1,916,458047,19
33,large_leak,1,917,458547,25
33,large_leak,1,918,459047,37
33,large_leak,1,919,459547,59
33,large_leak,1,920,460047,103
33,large_leak,1,921,460547,139
33,large_leak,1,922,461047,171
33,large_leak,1,923,461547,191
33,large_leak,1,924,462047,210
33,large_leak,1,925,462547,218
33,large_leak,1,926,463047,216
33,large_leak,1,927,463547,198
33,large_leak,1,928,464047,171
33,large_leak,1,929,464547,147
33,large_leak,1,930,465047,125
33,large_leak,1,931,465547,127
33,large_leak,1,932,466047,141
33,large_leak,1,933,466547,125
33,large_leak,1,934,467047,95
33,large_leak,1,935,467547,78
33,large_leak,1,936,468047,59
33,large_leak,1,937,468547,44
33,large_leak,1,938,469047,41
33,large_leak,1,939,469547,43
33,large_leak,1,940,470047,51
33,large_leak,1,941,470547,47
33,large_leak,1,942,471047,45
33,large_leak,1,943,471547,51
33,large_leak,1,944,472047,54
33,large_leak,1,945,472547,55
33,large_leak,1,946,473047,51
33,large_leak,1,947,473547,38
33,large_leak,1,948,474047,29
33,large_leak,1,949,474547,29
33,large_leak,1,950,475047,47
33,large_leak,1,951,475547,57
33,large_leak,1,952,476047,63
33,large_leak,1,953,476547,58
33,large_leak,1,954,477047,52
33,large_leak,1,955,477547,45
33,large_leak,1,956,478047,46
33,large_leak,1,957,478547,59
33,large_leak,1,958,479047,86
33,large_leak,1,959,479547,105
33,large_leak,1,960,480047,117
33,large_leak,1,961,480547,135
33,large_leak,1,962,481047,141
33,large_leak,1,963,481547,143
33,large_leak,1,964,482047,143
33,large_leak,1,965,482547,135
33,large_leak,1,966,483047,122
33,large_leak,1,967,483547,121
33,large_leak,1,968,484047,122
33,large_leak,1,969,484547,121
33,large_leak,1,970,485047,137
33,large_leak,1,971,485547,143
33,large_leak,1,972,486047,126
33,large_leak,1,973,486547,106
33,large_leak,1,974,487047,83
33,large_leak,1,975,487547,37
33,large_leak,1,976,488047,10
33,large_leak,1,977,488547,0
33,large_leak,1,978,489047,0
33,large_leak,1,979,489547,0
33,large_leak,1,980,490047,0
33,large_leak,1,981,490547,0
33,large_leak,1,982,491047,0
33,large_leak,1,983,491547,0
33,large_leak,1,984,492047,0
33,large_leak,1,985,492547,0
33,large_leak,1,986,493047,47
33,large_leak,1,987,493547,84
33,large_leak,1,988,494047,112
33,large_leak,1,989,494547,127
33,large_leak,1,990,495047,153
33,large_leak,1,991,495547,166
33,large_leak,1,992,496047,159
33,large_leak,1,993,496547,179
33,large_leak,1,994,497047,183
33,large_leak,1,995,497547,175
33,large_leak,1,996,498047,175
33,large_leak,1,997,498547,183
33,large_leak,1,998,499047,171
33,large_leak,1,999,499547,159
33,large_leak,1,1000,500047,152
33,large_leak,1,1001,500547,143
33,large_leak,1,1002,501047,141
33,large_leak,1,1003,501547,151
33,large_leak,1,1004,502047,165
33,large_leak,1,1005,502547,181
33,large_leak,1,1006,503047,184
33,large_leak,1,1007,503547,196
33,large_leak,1,1008,504047,180
33,large_leak,1,1009,504547,151
33,large_leak,1,1010,505047,139
33,large_leak,1,1011,505547,133
33,large_leak,1,1012,506047,104
33,large_leak,1,1013,506547,63
33,large_leak,1,1014,507047,31
33,large_leak,1,1015,507547,7
33,large_leak,1,1016,508047,0
33,large_leak,1,1017,508547,0
33,large_leak,1,1018,509047,0
33,large_leak,1,1019,509547,0
33,large_leak,1,1020,510047,0
33,large_leak,1,1021,510547,0
33,large_leak,1,1022,511047,0
33,large_leak,1,1023,511547,0
33,large_leak,1,1024,512047,0
33,large_leak,1,1025,512547,0
33,large_leak,1,1026,513047,0
33,large_leak,1,1027,513547,0
33,large_leak,1,1028,514047,0
33,large_leak,1,1029,514547,0
33,large_leak,1,1030,515047,0
33,large_leak,1,1031,515547,4
33,large_leak,1,1032,516047,38
33,large_leak,1,1033,516547,72
33,large_leak,1,1034,517047,93
33,large_leak,1,1035,517547,90
33,large_leak,1,1036,518047,88
33,large_leak,1,1037,518547,83
33,large_leak,1,1038,519047,95
33,large_leak,1,1039,519547,115
33,large_leak,1,1040,520047,116
33,large_leak,1,1041,520547,123
33,large_leak,1,1042,521047,123
33,large_leak,1,1043,521547,121
33,large_leak,1,1044,522047,118
33,large_leak,1,1045,522547,107
33,large_leak,1,1046,523047,84
33,large_leak,1,1047,523547,56
33,large_leak,1,1048,524047,57
33,large_leak,1,1049,524547,57
33,large_leak,1,1050,525047,43
33,large_leak,1,1051,525547,29
33,large_leak,1,1052,526047,31
33,large_leak,1,1053,526547,33
33,large_leak,1,1054,527047,51
33,large_leak,1,1055,527547,73
33,large_leak,1,1056,528047,91
33,large_leak,1,1057,528547,112
33,large_leak,1,1058,529047,121
33,large_leak,1,1059,529547,121
33,large_leak,1,1060,530047,111
33,large_leak,1,1061,530547,103
33,large_leak,1,1062,531047,125
33,large_leak,1,1063,531547,157
33,large_leak,1,1064,532047,137
33,large_leak,1,1065,532547,124
33,large_leak,1,1066,533047,138
33,large_leak,1,1067,533547,143
33,large_leak,1,1068,534047,155
33,large_leak,1,1069,534547,167
33,large_leak,1,1070,535047,174
33,large_leak,1,1071,535547,187
33,large_leak,1,1072,536047,189
33,large_leak,1,1073,536547,187
33,large_leak,1,1074,537047,175
33,large_leak,1,1075,537547,159
33,large_leak,1,1076,538047,133
33,large_leak,1,1077,538547,100
33,large_leak,1,1078,539047,84
33,large_leak,1,1079,539547,75
33,large_leak,1,1080,540047,75
33,large_leak,1,1081,540547,69
33,large_leak,1,1082,541047,51
33,large_leak,1,1083,541547,35
33,large_leak,1,1084,542047,35
33,large_leak,1,1085,542547,31
33,large_leak,1,1086,543047,24
33,large_leak,1,1087,543547,28
33,large_leak,1,1088,544047,45
33,large_leak,1,1089,544547,57
33,large_leak,1,1090,545047,77
33,large_leak,1,1091,545547,83
33,large_leak,1,1092,546047,95
33,large_leak,1,1093,546547,105
33,large_leak,1,1094,547047,109
33,large_leak,1,1095,547547,104
33,large_leak,1,1096,548047,106
33,large_leak,1,1097,548547,107
33,large_leak,1,1098,549047,93
33,large_leak,1,1099,549547,67
33,large_leak,1,1100,550047,37
33,large_leak,1,1101,550547,27
33,large_leak,1,1102,551047,16
33,large_leak,1,1103,551547,0
33,large_leak,1,1104,552047,0
33,large_leak,1,1105,552547,1
33,large_leak,1,1106,553047,4
33,large_leak,1,1107,553547,22
33,large_leak,1,1108,554047,39
33,large_leak,1,1109,554547,51
33,large_leak,1,1110,555047,73
33,large_leak,1,1111,555547,84
33,large_leak,1,1112,556047,104
33,large_leak,1,1113,556547,123
33,large_leak,1,1114,557047,123
33,large_leak,1,1115,557547,116
33,large_leak,1,1116,558047,115
33,large_leak,1,1117,558547,109
33,large_leak,1,1118,559047,109
33,large_leak,1,1119,559547,105
33,large_leak,1,1120,560047,99
33,large_leak,1,1121,560547,104
33,large_leak,1,1122,561047,116
33,large_leak,1,1123,561547,141
33,large_leak,1,1124,562047,157
33,large_leak,1,1125,562547,181
33,large_leak,1,1126,563047,205
33,large_leak,1,1127,563547,213
33,large_leak,1,1128,564047,213
33,large_leak,1,1129,564547,213
33,large_leak,1,1130,565047,214
33,large_leak,1,1131,565547,219
33,large_leak,1,1132,566047,203
33,large_leak,1,1133,566547,171
33,large_leak,1,1134,567047,141
33,large_leak,1,1135,567547,111
33,large_leak,1,1136,568047,89
33,large_leak,1,1137,568547,59
33,large_leak,1,1138,569047,40
33,large_leak,1,1139,569547,33
33,large_leak,1,1140,570047,36
33,large_leak,1,1141,570547,38
33,large_leak,1,1142,571047,53
33,large_leak,1,1143,571547,89
33,large_leak,1,1144,572047,119
33,large_leak,1,1145,572547,149
33,large_leak,1,1146,573047,158
33,large_leak,1,1147,573547,172
33,large_leak,1,1148,574047,197
33,large_leak,1,1149,574547,219
33,large_leak,1,1150,575047,219
33,large_leak,1,1151,575547,207
33,large_leak,1,1152,576047,191
33,large_leak,1,1153,576547,181
33,large_leak,1,1154,577047,170
33,large_leak,1,1155,577547,149
33,large_leak,1,1156,578047,133
33,large_leak,1,1157,578547,119
33,large_leak,1,1158,579047,109
33,large_leak,1,1159,579547,99
33,large_leak,1,1160,580047,99
33,large_leak,1,1161,580547,91
33,large_leak,1,1162,581047,85
33,large_leak,1,1163,581547,93
33,large_leak,1,1164,582047,99
33,large_leak,1,1165,582547,86
33,large_leak,1,1166,583047,69
33,large_leak,1,1167,583547,59
33,large_leak,1,1168,584047,59
33,large_leak,1,1169,584547,45
33,large_leak,1,1170,585047,45
33,large_leak,1,1171,585547,45
33,large_leak,1,1172,586047,39
33,large_leak,1,1173,586547,44
33,large_leak,1,1174,587047,47
33,large_leak,1,1175,587547,43
33,large_leak,1,1176,588047,29
33,large_leak,1,1177,588547,9
33,large_leak,1,1178,589047,6
33,large_leak,1,1179,589547,11
33,large_leak,1,1180,590047,19
33,large_leak,1,1181,590547,19
33,large_leak,1,1182,591047,21
33,large_leak,1,1183,591547,23
33,large_leak,1,1184,592047,23
33,large_leak,1,1185,592547,22
33,large_leak,1,1186,593047,17
33,large_leak,1,1187,593547,9
33,large_leak,1,1188,594047,9
33,large_leak,1,1189,594547,20
33,large_leak,1,1190,595047,27
33,large_leak,1,1191,595547,31
33,large_leak,1,1192,596047,40
33,large_leak,1,1193,596547,43
33,large_leak,1,1194,597047,63
33,large_leak,1,1195,597547,83
33,large_leak,1,1196,598047,89
33,large_leak,1,1197,598547,88
33,large_leak,1,1198,599047,85
33,large_leak,1,1199,599547,75
33,large_leak,1,1200,600047,69
33,large_leak,1,1201,600547,56
33,large_leak,1,1202,601047,55
33,large_leak,1,1203,601547,47
33,large_leak,1,1204,602047,53
33,large_leak,1,1205,602547,57
33,large_leak,1,1206,603047,61
33,large_leak,1,1207,603547,75
33,large_leak,1,1208,604047,83
33,large_leak,1,1209,604547,96
33,large_leak,1,1210,605047,122
33,large_leak,1,1211,605547,152
33,large_leak,1,1212,606047,107
33,large_leak,1,1213,606547,83
33,large_leak,1,1214,607047,77
33,large_leak,1,1215,607547,59
33,large_leak,1,1216,608047,53
33,large_leak,1,1217,608547,25
33,large_leak,1,1218,609047,0
33,large_leak,1,1219,609547,0
33,large_leak,1,1220,610047,11
33,large_leak,1,1221,610547,26
33,large_leak,1,1222,611047,59
33,large_leak,1,1223,611547,89
33,large_leak,1,1224,612047,117
33,large_leak,1,1225,612547,121
33,large_leak,1,1226,613047,136
33,large_leak,1,1227,613547,141
33,large_leak,1,1228,614047,140
33,large_leak,1,1229,614547,133
33,large_leak,1,1230,615047,119
33,large_leak,1,1231,615547,124
33,large_leak,1,1232,616047,124
33,large_leak,1,1233,616547,107
33,large_leak,1,1234,617047,93
33,large_leak,1,1235,617547,76
33,large_leak,1,1236,618047,69
33,large_leak,1,1237,618547,61
33,large_leak,1,1238,619047,63
33,large_leak,1,1239,619547,63
33,large_leak,1,1240,620047,75
33,large_leak,1,1241,620547,87
33,large_leak,1,1242,621047,105
33,large_leak,1,1243,621547,115
33,large_leak,1,1244,622047,117
33,large_leak,1,1245,622547,133
33,large_leak,1,1246,623047,141
33,large_leak,1,1247,623547,136
33,large_leak,1,1248,624047,115
33,large_leak,1,1249,624547,90
33,large_leak,1,1250,625047,84
33,large_leak,1,1251,625547,88
33,large_leak,1,1252,626047,105
33,large_leak,1,1253,626547,108
33,large_leak,1,1254,627047,117
33,large_leak,1,1255,627547,115
33,large_leak,1,1256,628047,104
33,large_leak,1,1257,628547,99
33,large_leak,1,1258,629047,92
33,large_leak,1,1259,629547,77
33,large_leak,1,1260,630047,53
33,large_leak,1,1261,630547,36
33,large_leak,1,1262,631047,22
33,large_leak,1,1263,631547,9
33,large_leak,1,1264,632047,0
33,large_leak,1,1265,632547,0
33,large_leak,1,1266,633047,0
33,large_leak,1,1267,633547,0
33,large_leak,1,1268,634047,0
33,large_leak,1,1269,634547,0
33,large_leak,1,1270,635047,0
33,large_leak,1,1271,635547,0
33,large_leak,1,1272,636047,0
33,large_leak,1,1273,636547,0
33,large_leak,1,1274,637047,0
33,large_leak,1,1275,637547,39
33,large_leak,1,1276,638047,60
33,large_leak,1,1277,638547,91
33,large_leak,1,1278,639047,127
33,large_leak,1,1279,639547,153
33,large_leak,1,1280,640047,174
33,large_leak,1,1281,640547,189
33,large_leak,1,1282,641047,197
33,large_leak,1,1283,641547,184
33,large_leak,1,1284,642047,165
33,large_leak,1,1285,642547,151
33,large_leak,1,1286,643047,136
33,large_leak,1,1287,643547,117
33,large_leak,1,1288,644047,104
33,large_leak,1,1289,644547,73
33,large_leak,1,1290,645047,44
33,large_leak,1,1291,645547,55
33,large_leak,1,1292,646047,61
33,large_leak,1,1293,646547,59
33,large_leak,1,1294,647047,71
33,large_leak,1,1295,647547,75
33,large_leak,1,1296,648047,86
33,large_leak,1,1297,648547,89
33,large_leak,1,1298,649047,87
33,large_leak,1,1299,649547,91
33,large_leak,1,1300,650047,101
33,large_leak,1,1301,650547,99
33,large_leak,1,1302,651047,88
33,large_leak,1,1303,651547,103
33,large_leak,1,1304,652047,103
33,large_leak,1,1305,652547,103
33,large_leak,1,1306,653047,105
33,large_leak,1,1307,653547,110
33,large_leak,1,1308,654047,115
33,large_leak,1,1309,654547,124
33,large_leak,1,1310,655047,133
33,large_leak,1,1311,655547,135
33,large_leak,1,1312,656047,146
33,large_leak,1,1313,656547,166
33,large_leak,1,1314,657047,168
33,large_leak,1,1315,657547,145
33,large_leak,1,1316,658047,117
33,large_leak,1,1317,658547,102
33,large_leak,1,1318,659047,98
33,large_leak,1,1319,659547,93
33,large_leak,1,1320,660047,71
33,large_leak,1,1321,660547,62
33,large_leak,1,1322,661047,64
33,large_leak,1,1323,661547,39
33,large_leak,1,1324,662047,26
33,large_leak,1,1325,662547,13
33,large_leak,1,1326,663047,0
33,large_leak,1,1327,663547,0
33,large_leak,1,1328,664047,0
33,large_leak,1,1329,664547,0
33,large_leak,1,1330,665047,0
33,large_leak,1,1331,665547,0
33,large_leak,1,1332,666047,0
33,large_leak,1,1333,666547,0
33,large_leak,1,1334,667047,0
33,large_leak,1,1335,667547,0
33,large_leak,1,1336,668047,0
33,large_leak,1,1337,668547,0
33,large_leak,1,1338,669047,0
33,large_leak,1,1339,669547,46
33,large_leak,1,1340,670047,119
33,large_leak,1,1341,670547,167
33,large_leak,1,1342,671047,182
33,large_leak,1,1343,671547,168
33,large_leak,1,1344,672047,159
33,large_leak,1,1345,672547,159
33,large_leak,1,1346,673047,146
33,large_leak,1,1347,673547,123
33,large_leak,1,1348,674047,117
33,large_leak,1,1349,674547,109
33,large_leak,1,1350,675047,99
33,large_leak,1,1351,675547,99
33,large_leak,1,1352,676047,117
33,large_leak,1,1353,676547,119
33,large_leak,1,1354,677047,118
33,large_leak,1,1355,677547,117
33,large_leak,1,1356,678047,125
33,large_leak,1,1357,678547,139
33,large_leak,1,1358,679047,142
33,large_leak,1,1359,679547,138
33,large_leak,1,1360,680047,139
33,large_leak,1,1361,680547,148
33,large_leak,1,1362,681047,157
33,large_leak,1,1363,681547,175
33,large_leak,1,1364,682047,180
33,large_leak,1,1365,682547,179
33,large_leak,1,1366,683047,165
33,large_leak,1,1367,683547,158
33,large_leak,1,1368,684047,162
33,large_leak,1,1369,684547,154
33,large_leak,1,1370,685047,133
33,large_leak,1,1371,685547,105
33,large_leak,1,1372,686047,75
33,large_leak,1,1373,686547,63
33,large_leak,1,1374,687047,71
33,large_leak,1,1375,687547,86
33,large_leak,1,1376,688047,101
33,large_leak,1,1377,688547,99
33,large_leak,1,1378,689047,95
33,large_leak,1,1379,689547,86
33,large_leak,1,1380,690047,85
33,large_leak,1,1381,690547,77
33,large_leak,1,1382,691047,84
33,large_leak,1,1383,691547,77
33,large_leak,1,1384,692047,59
33,large_leak,1,1385,692547,44
33,large_leak,1,1386,693047,35
33,large_leak,1,1387,693547,27
33,large_leak,1,1388,694047,16
33,large_leak,1,1389,694547,10
33,large_leak,1,1390,695047,25
33,large_leak,1,1391,695547,58
33,large_leak,1,1392,696047,95
33,large_leak,1,1393,696547,115
33,large_leak,1,1394,697047,147
33,large_leak,1,1395,697547,168
33,large_leak,1,1396,698047,187
33,large_leak,1,1397,698547,202
33,large_leak,1,1398,699047,186
33,large_leak,1,1399,699547,163
33,large_leak,1,1400,700047,143
33,large_leak,1,1401,700547,107
33,large_leak,1,1402,701047,75
33,large_leak,1,1403,701547,61
33,large_leak,1,1404,702047,45
33,large_leak,1,1405,702547,23
33,large_leak,1,1406,703047,13
33,large_leak,1,1407,703547,5
33,large_leak,1,1408,704047,18
33,large_leak,1,1409,704547,42
33,large_leak,1,1410,705047,72
33,large_leak,1,1411,705547,89
33,large_leak,1,1412,706047,99
33,large_leak,1,1413,706547,102
33,large_leak,1,1414,707047,111
33,large_leak,1,1415,707547,108
33,large_leak,1,1416,708047,82
33,large_leak,1,1417,708547,59
33,large_leak,1,1418,709047,53
33,large_leak,1,1419,709547,48
33,large_leak,1,1420,710047,50
33,large_leak,1,1421,710547,53
33,large_leak,1,1422,711047,58
33,large_leak,1,1423,711547,72
33,large_leak,1,1424,712047,88
33,large_leak,1,1425,712547,104
33,large_leak,1,1426,713047,103
33,large_leak,1,1427,713547,103
33,large_leak,1,1428,714047,103
33,large_leak,1,1429,714547,103
33,large_leak,1,1430,715047,106
33,large_leak,1,1431,715547,123
33,large_leak,1,1432,716047,125
33,large_leak,1,1433,716547,119
33,large_leak,1,1434,717047,106
33,large_leak,1,1435,717547,108
33,large_leak,1,1436,718047,109
33,large_leak,1,1437,718547,103
33,large_leak,1,1438,719047,99
33,large_leak,1,1439,719547,99
33,large_leak,1,1440,720047,109
33,large_leak,1,1441,720547,137
33,large_leak,1,1442,721047,135
33,large_leak,1,1443,721547,121
33,large_leak,1,1444,722047,115
33,large_leak,1,1445,722547,116
33,large_leak,1,1446,723047,141
33,large_leak,1,1447,723547,163
33,large_leak,1,1448,724047,175
33,large_leak,1,1449,724547,171
33,large_leak,1,1450,725047,167
33,large_leak,1,1451,725547,159
33,large_leak,1,1452,726047,163
33,large_leak,1,1453,726547,151
33,large_leak,1,1454,727047,133
33,large_leak,1,1455,727547,103
33,large_leak,1,1456,728047,85
33,large_leak,1,1457,728547,67
33,large_leak,1,1458,729047,41
33,large_leak,1,1459,729547,20
33,large_leak,1,1460,730047,1
33,large_leak,1,1461,730547,0
33,large_leak,1,1462,731047,0
33,large_leak,1,1463,731547,0
33,large_leak,1,1464,732047,0
33,large_leak,1,1465,732547,17
33,large_leak,1,1466,733047,50
33,large_leak,1,1467,733547,79
33,large_leak,1,1468,734047,103
33,large_leak,1,1469,734547,112
33,large_leak,1,1470,735047,117
33,large_leak,1,1471,735547,89
33,large_leak,1,1472,736047,59
33,large_leak,1,1473,736547,27
33,large_leak,1,1474,737047,1
33,large_leak,1,1475,737547,0
33,large_leak,1,1476,738047,0
33,large_leak,1,1477,738547,0
33,large_leak,1,1478,739047,0
33,large_leak,1,1479,739547,0
33,large_leak,1,1480,740047,0
33,large_leak,1,1481,740547,8
33,large_leak,1,1482,741047,38
33,large_leak,1,1483,741547,67
33,large_leak,1,1484,742047,79
33,large_leak,1,1485,742547,75
33,large_leak,1,1486,743047,84
33,large_leak,1,1487,743547,86
33,large_leak,1,1488,744047,63
33,large_leak,1,1489,744547,43
33,large_leak,1,1490,745047,18
33,large_leak,1,1491,745547,8
33,large_leak,1,1492,746047,18
33,large_leak,1,1493,746547,41
33,large_leak,1,1494,747047,62
33,large_leak,1,1495,747547,77
33,large_leak,1,1496,748047,87
33,large_leak,1,1497,748547,105
33,large_leak,1,1498,749047,116
33,large_leak,1,1499,749547,127
33,large_leak,1,1500,750047,133
33,large_leak,1,1501,750547,126
33,large_leak,1,1502,751047,153
33,large_leak,1,1503,751547,169
33,large_leak,1,1504,752047,179
33,large_leak,1,1505,752547,168
33,large_leak,1,1506,753047,144
33,large_leak,1,1507,753547,117
33,large_leak,1,1508,754047,83
33,large_leak,1,1509,754547,42
33,large_leak,1,1510,755047,11
33,large_leak,1,1511,755547,0
33,large_leak,1,1512,756047,0
33,large_leak,1,1513,756547,0
33,large_leak,1,1514,757047,0
33,large_leak,1,1515,757547,0
33,large_leak,1,1516,758047,0
33,large_leak,1,1517,758547,0
33,large_leak,1,1518,759047,0
33,large_leak,1,1519,759547,0
33,large_leak,1,1520,760047,0
33,large_leak,1,1521,760547,0
33,large_leak,1,1522,761047,0
33,large_leak,1,1523,761547,23
33,large_leak,1,1524,762047,41
33,large_leak,1,1525,762547,40
33,large_leak,1,1526,763047,27
33,large_leak,1,1527,763547,6
33,large_leak,1,1528,764047,0
33,large_leak,1,1529,764547,19
33,large_leak,1,1530,765047,16
33,large_leak,1,1531,765547,7
33,large_leak,1,1532,766047,28
33,large_leak,1,1533,766547,57
33,large_leak,1,1534,767047,76
33,large_leak,1,1535,767547,80
33,large_leak,1,1536,768047,83
33,large_leak,1,1537,768547,101
33,large_leak,1,1538,769047,133
33,large_leak,1,1539,769547,152
33,large_leak,1,1540,770047,173
33,large_leak,1,1541,770547,187
33,large_leak,1,1542,771047,192
33,large_leak,1,1543,771547,192
33,large_leak,1,1544,772047,175
33,large_leak,1,1545,772547,157
33,large_leak,1,1546,773047,136
33,large_leak,1,1547,773547,111
33,large_leak,1,1548,774047,101
33,large_leak,1,1549,774547,93
33,large_leak,1,1550,775047,86
33,large_leak,1,1551,775547,84
33,large_leak,1,1552,776047,71
33,large_leak,1,1553,776547,53
33,large_leak,1,1554,777047,53
33,large_leak,1,1555,777547,58
33,large_leak,1,1556,778047,77
33,large_leak,1,1557,778547,83
33,large_leak,1,1558,779047,89
33,large_leak,1,1559,779547,101
33,large_leak,1,1560,780047,107
33,large_leak,1,1561,780547,97
33,large_leak,1,1562,781047,91
33,large_leak,1,1563,781547,95
33,large_leak,1,1564,782047,99
33,large_leak,1,1565,782547,95
33,large_leak,1,1566,783047,89
33,large_leak,1,1567,783547,83
33,large_leak,1,1568,784047,67
33,large_leak,1,1569,784547,61
33,large_leak,1,1570,785047,69
33,large_leak,1,1571,785547,57
33,large_leak,1,1572,786047,69
33,large_leak,1,1573,786547,75
33,large_leak,1,1574,787047,85
33,large_leak,1,1575,787547,107
33,large_leak,1,1576,788047,141
33,large_leak,1,1577,788547,149
33,large_leak,1,1578,789047,151
33,large_leak,1,1579,789547,159
33,large_leak,1,1580,790047,169
33,large_leak,1,1581,790547,171
33,large_leak,1,1582,791047,165
33,large_leak,1,1583,791547,137
33,large_leak,1,1584,792047,101
33,large_leak,1,1585,792547,73
33,large_leak,1,1586,793047,60
33,large_leak,1,1587,793547,39
33,large_leak,1,1588,794047,13
33,large_leak,1,1589,794547,0
33,large_leak,1,1590,795047,0
33,large_leak,1,1591,795547,0
33,large_leak,1,1592,796047,0
33,large_leak,1,1593,796547,0
33,large_leak,1,1594,797047,5
33,large_leak,1,1595,797547,9
33,large_leak,1,1596,798047,17
33,large_leak,1,1597,798547,43
33,large_leak,1,1598,799047,77
33,large_leak,1,1599,799547,93
33,large_leak,1,1600,800047,103
33,large_leak,1,1601,800547,108
33,large_leak,1,1602,801047,109
33,large_leak,1,1603,801547,115
33,large_leak,1,1604,802047,99
33,large_leak,1,1605,802547,87
33,large_leak,1,1606,803047,94
33,large_leak,1,1607,803547,107
33,large_leak,1,1608,804047,117
33,large_leak,1,1609,804547,123
33,large_leak,1,1610,805047,139
33,large_leak,1,1611,805547,147
33,large_leak,1,1612,806047,153
33,large_leak,1,1613,806547,155
33,large_leak,1,1614,807047,155
33,large_leak,1,1615,807547,157
33,large_leak,1,1616,808047,149
33,large_leak,1,1617,808547,139
33,large_leak,1,1618,809047,119
33,large_leak,1,1619,809547,106
33,large_leak,1,1620,810047,116
33,large_leak,1,1621,810547,118
33,large_leak,1,1622,811047,115
33,large_leak,1,1623,811547,105
33,large_leak,1,1624,812047,103
33,large_leak,1,1625,812547,100
33,large_leak,1,1626,813047,101
33,large_leak,1,1627,813547,109
33,large_leak,1,1628,814047,115
33,large_leak,1,1629,814547,121
33,large_leak,1,1630,815047,119
33,large_leak,1,1631,815547,121
33,large_leak,1,1632,816047,115
33,large_leak,1,1633,816547,103
33,large_leak,1,1634,817047,107
33,large_leak,1,1635,817547,107
33,large_leak,1,1636,818047,100
33,large_leak,1,1637,818547,71
33,large_leak,1,1638,819047,59
33,large_leak,1,1639,819547,56
33,large_leak,1,1640,820047,45
33,large_leak,1,1641,820547,29
33,large_leak,1,1642,821047,23
33,large_leak,1,1643,821547,30
33,large_leak,1,1644,822047,39
33,large_leak,1,1645,822547,43
33,large_leak,1,1646,823047,51
33,large_leak,1,1647,823547,72
33,large_leak,1,1648,824047,103
33,large_leak,1,1649,824547,136
33,large_leak,1,1650,825047,153
33,large_leak,1,1651,825547,167
33,large_leak,1,1652,826047,173
33,large_leak,1,1653,826547,157
33,large_leak,1,1654,827047,123
33,large_leak,1,1655,827547,90
33,large_leak,1,1656,828047,73
33,large_leak,1,1657,828547,73
33,large_leak,1,1658,829047,74
33,large_leak,1,1659,829547,53
33,large_leak,1,1660,830047,33
33,large_leak,1,1661,830547,23
33,large_leak,1,1662,831047,31
33,large_leak,1,1663,831547,42
33,large_leak,1,1664,832047,36
33,large_leak,1,1665,832547,37
33,large_leak,1,1666,833047,45
33,large_leak,1,1667,833547,45
33,large_leak,1,1668,834047,44
33,large_leak,1,1669,834547,39
33,large_leak,1,1670,835047,34
33,large_leak,1,1671,835547,31
33,large_leak,1,1672,836047,24
33,large_leak,1,1673,836547,17
33,large_leak,1,1674,837047,39
33,large_leak,1,1675,837547,53
33,large_leak,1,1676,838047,45
33,large_leak,1,1677,838547,53
33,large_leak,1,1678,839047,68
33,large_leak,1,1679,839547,74
33,large_leak,1,1680,840047,81
33,large_leak,1,1681,840547,75
33,large_leak,1,1682,841047,59
33,large_leak,1,1683,841547,48
33,large_leak,1,1684,842047,43
33,large_leak,1,1685,842547,37
33,large_leak,1,1686,843047,39
33,large_leak,1,1687,843547,41
33,large_leak,1,1688,844047,43
33,large_leak,1,1689,844547,24
33,large_leak,1,1690,845047,9
33,large_leak,1,1691,845547,0
33,large_leak,1,1692,846047,0
33,large_leak,1,1693,846547,0
33,large_leak,1,1694,847047,18
33,large_leak,1,1695,847547,30
33,large_leak,1,1696,848047,57
33,large_leak,1,1697,848547,99
33,large_leak,1,1698,849047,126
33,large_leak,1,1699,849547,152
33,large_leak,1,1700,850047,168
33,large_leak,1,1701,850547,167
33,large_leak,1,1702,851047,172
33,large_leak,1,1703,851547,171
33,large_leak,1,1704,852047,156
33,large_leak,1,1705,852547,143
33,large_leak,1,1706,853048,133
33,large_leak,1,1707,853547,106
33,large_leak,1,1708,854047,82
33,large_leak,1,1709,854547,55
33,large_leak,1,1710,855047,43
33,large_leak,1,1711,855547,47
33,large_leak,1,1712,856047,55
33,large_leak,1,1713,856547,48
33,large_leak,1,1714,857047,49
33,large_leak,1,1715,857547,47
33,large_leak,1,1716,858047,42
33,large_leak,1,1717,858547,47
33,large_leak,1,1718,859047,47
33,large_leak,1,1719,859547,41
33,large_leak,1,1720,860047,29
33,large_leak,1,1721,860547,47
33,large_leak,1,1722,861047,71
33,large_leak,1,1723,861547,83
33,large_leak,1,1724,862047,103
33,large_leak,1,1725,862547,116
33,large_leak,1,1726,863047,123
33,large_leak,1,1727,863547,142
33,large_leak,1,1728,864047,149
33,large_leak,1,1729,864547,146
33,large_leak,1,1730,865047,138
33,large_leak,1,1731,865547,127
33,large_leak,1,1732,866047,112
33,large_leak,1,1733,866547,92
33,large_leak,1,1734,867047,89
33,large_leak,1,1735,867547,85
33,large_leak,1,1736,868047,63
33,large_leak,1,1737,868547,43
33,large_leak,1,1738,869047,37
33,large_leak,1,1739,869547,31
33,large_leak,1,1740,870047,30
33,large_leak,1,1741,870547,19
33,large_leak,1,1742,871047,10
33,large_leak,1,1743,871547,9
33,large_leak,1,1744,872047,0
33,large_leak,1,1745,872547,0
33,large_leak,1,1746,873047,0
33,large_leak,1,1747,873547,0
33,large_leak,1,1748,874047,9
33,large_leak,1,1749,874547,21
33,large_leak,1,1750,875047,44
33,large_leak,1,1751,875547,78
33,large_leak,1,1752,876047,90
33,large_leak,1,1753,876547,118
33,large_leak,1,1754,877047,151
33,large_leak,1,1755,877547,165
33,large_leak,1,1756,878047,174
33,large_leak,1,1757,878547,181
33,large_leak,1,1758,879047,186
33,large_leak,1,1759,879547,184
33,large_leak,1,1760,880047,173
33,large_leak,1,1761,880547,167
33,large_leak,1,1762,881047,165
33,large_leak,1,1763,881547,167
33,large_leak,1,1764,882047,163
33,large_leak,1,1765,882547,139
33,large_leak,1,1766,883047,118
33,large_leak,1,1767,883547,107
33,large_leak,1,1768,884047,91
33,large_leak,1,1769,884547,84
33,large_leak,1,1770,885047,79
33,large_leak,1,1771,885547,78
33,large_leak,1,1772,886047,85
33,large_leak,1,1773,886547,106
33,large_leak,1,1774,887047,120
33,large_leak,1,1775,887547,120
33,large_leak,1,1776,888047,127
33,large_leak,1,1777,888547,141
33,large_leak,1,1778,889047,146
33,large_leak,1,1779,889547,151
33,large_leak,1,1780,890047,151
33,large_leak,1,1781,890547,149
33,large_leak,1,1782,891047,155
33,large_leak,1,1783,891547,149
33,large_leak,1,1784,892047,134
33,large_leak,1,1785,892547,111
33,large_leak,1,1786,893047,107
33,large_leak,1,1787,893547,101
33,large_leak,1,1788,894047,92
33,large_leak,1,1789,894547,93
33,large_leak,1,1790,895047,83
33,large_leak,1,1791,895547,77
33,large_leak,1,1792,896047,89
33,large_leak,1,1793,896547,92
33,large_leak,1,1794,897047,88
33,large_leak,1,1795,897547,97
33,large_leak,1,1796,898047,111
33,large_leak,1,1797,898547,137
33,large_leak,1,1798,899047,157
33,large_leak,1,1799,899547,175
33,large_leak,1,1800,900047,175
33,large_leak,1,1801,900547,159
33,large_leak,1,1802,901047,157
33,large_leak,1,1803,901547,136
33,large_leak,1,1804,902047,107
33,large_leak,1,1805,902547,103
33,large_leak,1,1806,903047,75
33,large_leak,1,1807,903547,55
33,large_leak,1,1808,904047,41
33,large_leak,1,1809,904547,25
33,large_leak,1,1810,905047,10
33,large_leak,1,1811,905547,2
33,large_leak,1,1812,906047,0
33,large_leak,1,1813,906547,0
33,large_leak,1,1814,907047,0
33,large_leak,1,1815,907547,0
33,large_leak,1,1816,908047,0
33,large_leak,1,1817,908547,0
33,large_leak,1,1818,909047,0
33,large_leak,1,1819,909547,0
33,large_leak,1,1820,910047,0
33,large_leak,1,1821,910547,5
33,large_leak,1,1822,911047,12
33,large_leak,1,1823,911547,25
33,large_leak,1,1824,912047,43
33,large_leak,1,1825,912547,67
33,large_leak,1,1826,913047,90
33,large_leak,1,1827,913547,108
33,large_leak,1,1828,914047,124
33,large_leak,1,1829,914547,134
33,large_leak,1,1830,915047,139
33,large_leak,1,1831,915547,147
33,large_leak,1,1832,916047,155
33,large_leak,1,1833,916547,165
33,large_leak,1,1834,917047,158
33,large_leak,1,1835,917547,153
33,large_leak,1,1836,918047,126
33,large_leak,1,1837,918547,106
33,large_leak,1,1838,919047,89
33,large_leak,1,1839,919547,61
33,large_leak,1,1840,920047,31
33,large_leak,1,1841,920547,21
33,large_leak,1,1842,921047,13
33,large_leak,1,1843,921547,3
33,large_leak,1,1844,922047,8
33,large_leak,1,1845,922547,0
33,large_leak,1,1846,923047,0
33,large_leak,1,1847,923547,0
33,large_leak,1,1848,924047,0
33,large_leak,1,1849,924547,0
33,large_leak,1,1850,925047,0
33,large_leak,1,1851,925547,0
33,large_leak,1,1852,926047,9
33,large_leak,1,1853,926547,29
33,large_leak,1,1854,927047,75
33,large_leak,1,1855,927547,117
33,large_leak,1,1856,928047,155
33,large_leak,1,1857,928547,182
33,large_leak,1,1858,929047,184
33,large_leak,1,1859,929547,190
33,large_leak,1,1860,930047,205
33,large_leak,1,1861,930547,205
33,large_leak,1,1862,931047,185
33,large_leak,1,1863,931547,167
33,large_leak,1,1864,932047,157
33,large_leak,1,1865,932547,144
33,large_leak,1,1866,933047,116
33,large_leak,1,1867,933547,68
33,large_leak,1,1868,934047,45
33,large_leak,1,1869,934547,43
33,large_leak,1,1870,935047,17
33,large_leak,1,1871,935547,0
33,large_leak,1,1872,936047,0
33,large_leak,1,1873,936547,4
33,large_leak,1,1874,937047,5
33,large_leak,1,1875,937547,7
33,large_leak,1,1876,938047,0
33,large_leak,1,1877,938547,0
33,large_leak,1,1878,939047,0
33,large_leak,1,1879,939547,20
33,large_leak,1,1880,940047,51
33,large_leak,1,1881,940547,75
33,large_leak,1,1882,941047,79
33,large_leak,1,1883,941547,77
33,large_leak,1,1884,942047,85
33,large_leak,1,1885,942547,101
33,large_leak,1,1886,943047,111
33,large_leak,1,1887,943547,112
33,large_leak,1,1888,944047,118
33,large_leak,1,1889,944547,151
33,large_leak,1,1890,945047,168
33,large_leak,1,1891,945547,169
33,large_leak,1,1892,946047,164
33,large_leak,1,1893,946547,159
33,large_leak,1,1894,947047,151
33,large_leak,1,1895,947547,147
33,large_leak,1,1896,948047,147
33,large_leak,1,1897,948547,142
33,large_leak,1,1898,949047,153
33,large_leak,1,1899,949547,167
33,large_leak,1,1900,950047,165
33,large_leak,1,1901,950547,156
33,large_leak,1,1902,951047,153
33,large_leak,1,1903,951547,153
33,large_leak,1,1904,952047,149
33,large_leak,1,1905,952547,147
33,large_leak,1,1906,953047,139
33,large_leak,1,1907,953547,146
33,large_leak,1,1908,954047,157
33,large_leak,1,1909,954547,164
33,large_leak,1,1910,955047,175
33,large_leak,1,1911,955547,172
33,large_leak,1,1912,956047,149
33,large_leak,1,1913,956547,109
33,large_leak,1,1914,957047,90
33,large_leak,1,1915,957547,75
33,large_leak,1,1916,958047,55
33,large_leak,1,1917,958547,43
33,large_leak,1,1918,959047,28
33,large_leak,1,1919,959547,11
33,large_leak,1,1920,960047,17
33,large_leak,1,1921,960547,25
33,large_leak,1,1922,961047,46
33,large_leak,1,1923,961547,37
33,large_leak,1,1924,962047,27
33,large_leak,1,1925,962547,26
33,large_leak,1,1926,963047,29
33,large_leak,1,1927,963547,39
33,large_leak,1,1928,964047,45
33,large_leak,1,1929,964547,47
33,large_leak,1,1930,965047,58
33,large_leak,1,1931,965547,57
33,large_leak,1,1932,966047,55
33,large_leak,1,1933,966547,59
33,large_leak,1,1934,967047,73
33,large_leak,1,1935,967547,83
33,large_leak,1,1936,968047,88
33,large_leak,1,1937,968547,104
33,large_leak,1,1938,969047,121
33,large_leak,1,1939,969547,123
33,large_leak,1,1940,970047,115
33,large_leak,1,1941,970547,91
33,large_leak,1,1942,971047,71
33,large_leak,1,1943,971547,47
33,large_leak,1,1944,972047,39
33,large_leak,1,1945,972547,31
33,large_leak,1,1946,973047,23
33,large_leak,1,1947,973547,19
33,large_leak,1,1948,974047,13
33,large_leak,1,1949,974547,22
33,large_leak,1,1950,975047,39
33,large_leak,1,1951,975547,51
33,large_leak,1,1952,976047,47
33,large_leak,1,1953,976547,29
33,large_leak,1,1954,977047,37
33,large_leak,1,1955,977547,51
33,large_leak,1,1956,978047,61
33,large_leak,1,1957,978547,71
33,large_leak,1,1958,979047,63
33,large_leak,1,1959,979547,60
33,large_leak,1,1960,980047,75
33,large_leak,1,1961,980547,95
33,large_leak,1,1962,981047,107
33,large_leak,1,1963,981547,105
33,large_leak,1,1964,982047,101
33,large_leak,1,1965,982547,120
33,large_leak,1,1966,983047,133
33,large_leak,1,1967,983547,141
33,large_leak,1,1968,984047,132
33,large_leak,1,1969,984547,111
33,large_leak,1,1970,985047,115
33,large_leak,1,1971,985547,116
33,large_leak,1,1972,986047,118
33,large_leak,1,1973,986547,125
33,large_leak,1,1974,987047,135
33,large_leak,1,1975,987547,139
33,large_leak,1,1976,988047,147
33,large_leak,1,1977,988547,148
33,large_leak,1,1978,989047,135
33,large_leak,1,1979,989547,125
33,large_leak,1,1980,990047,111
33,large_leak,1,1981,990547,93
33,large_leak,1,1982,991047,83
33,large_leak,1,1983,991547,77
33,large_leak,1,1984,992047,73
33,large_leak,1,1985,992547,53
33,large_leak,1,1986,993047,28
33,large_leak,1,1987,993547,10
33,large_leak,1,1988,994047,8
33,large_leak,1,1989,994547,9
33,large_leak,1,1990,995047,0
33,large_leak,1,1991,995547,10
33,large_leak,1,1992,996047,9
33,large_leak,1,1993,996547,11
33,large_leak,1,1994,997047,19
33,large_leak,1,1995,997547,23
33,large_leak,1,1996,998047,51
33,large_leak,1,1997,998547,60
33,large_leak,1,1998,999047,52
33,large_leak,1,1999,999547,40
33,large_leak,2,0,48,166
33,large_leak,2,1,547,135
33,large_leak,2,2,1047,109
33,large_leak,2,3,1547,76
33,large_leak,2,4,2047,61
33,large_leak,2,5,2547,53
33,large_leak,2,6,3047,29
33,large_leak,2,7,3547,23
33,large_leak,2,8,4047,31
33,large_leak,2,9,4547,43
33,large_leak,2,10,5047,47
33,large_leak,2,11,5547,55
33,large_leak,2,12,6047,79
33,large_leak,2,13,6547,110
33,large_leak,2,14,7047,133
33,large_leak,2,15,7547,135
33,large_leak,2,16,8047,122
33,large_leak,2,17,8547,133
33,large_leak,2,18,9047,135
33,large_leak,2,19,9547,135
33,large_leak,2,20,10047,136
33,large_leak,2,21,10547,120
33,large_leak,2,22,11047,136
33,large_leak,2,23,11547,153
33,large_leak,2,24,12047,171
33,large_leak,2,25,12547,181
33,large_leak,2,26,13047,199
33,large_leak,2,27,13547,187
33,large_leak,2,28,14047,183
33,large_leak,2,29,14547,163
33,large_leak,2,30,15047,139
33,large_leak,2,31,15547,122
33,large_leak,2,32,16047,125
33,large_leak,2,33,16547,143
33,large_leak,2,34,17047,163
33,large_leak,2,35,17547,172
33,large_leak,2,36,18047,173
33,large_leak,2,37,18547,167
33,large_leak,2,38,19047,169
33,large_leak,2,39,19547,169
33,large_leak,2,40,20047,165
33,large_leak,2,41,20547,153
33,large_leak,2,42,21047,139
33,large_leak,2,43,21547,109
33,large_leak,2,44,22047,85
33,large_leak,2,45,22547,69
33,large_leak,2,46,23047,40
33,large_leak,2,47,23547,26
33,large_leak,2,48,24047,25
33,large_leak,2,49,24547,18
33,large_leak,2,50,25047,26
33,large_leak,2,51,25547,46
33,large_leak,2,52,26047,77
33,large_leak,2,53,26547,111
33,large_leak,2,54,27047,160
33,large_leak,2,55,27547,211
33,large_leak,2,56,28047,237
33,large_leak,2,57,28547,269
33,large_leak,2,58,29047,283
33,large_leak,2,59,29547,287
33,large_leak,2,60,30047,295
33,large_leak,2,61,30547,279
33,large_leak,2,62,31047,250
33,large_leak,2,63,31547,231
33,large_leak,2,64,32047,206
33,large_leak,2,65,32547,173
33,large_leak,2,66,33047,155
33,large_leak,2,67,33547,147
33,large_leak,2,68,34047,163
33,large_leak,2,69,34547,191
33,large_leak,2,70,35047,236
33,large_leak,2,71,35547,274
33,large_leak,2,72,36047,301
33,large_leak,2,73,36547,303
33,large_leak,2,74,37047,297
33,large_leak,2,75,37547,285
33,large_leak,2,76,38047,253
33,large_leak,2,77,38547,197
33,large_leak,2,78,39047,148
33,large_leak,2,79,39547,105
33,large_leak,2,80,40047,53
33,large_leak,2,81,40547,29
33,large_leak,2,82,41047,38
33,large_leak,2,83,41547,39
33,large_leak,2,84,42047,44
33,large_leak,2,85,42547,51
33,large_leak,2,86,43047,51
33,large_leak,2,87,43547,59
33,large_leak,2,88,44047,59
33,large_leak,2,89,44547,47
33,large_leak,2,90,45047,48
33,large_leak,2,91,45547,33
33,large_leak,2,92,46047,9
33,large_leak,2,93,46547,0
33,large_leak,2,94,47047,0
33,large_leak,2,95,47547,0
33,large_leak,2,96,48047,0
33,large_leak,2,97,48547,0
33,large_leak,2,98,49047,0
33,large_leak,2,99,49547,0
33,large_leak,2,100,50047,0
33,large_leak,2,101,50547,25
33,large_leak,2,102,51047,43
33,large_leak,2,103,51547,61
33,large_leak,2,104,52047,77
33,large_leak,2,105,52547,104
33,large_leak,2,106,53047,123
33,large_leak,2,107,53547,124
33,large_leak,2,108,54047,137
33,large_leak,2,109,54547,134
33,large_leak,2,110,55047,126
33,large_leak,2,111,55547,116
33,large_leak,2,112,56047,100
33,large_leak,2,113,56547,82
33,large_leak,2,114,57047,69
33,large_leak,2,115,57547,55
33,large_leak,2,116,58047,35
33,large_leak,2,117,58547,13
33,large_leak,2,118,59047,6
33,large_leak,2,119,59547,1
33,large_leak,2,120,60047,0
33,large_leak,2,121,60547,0
33,large_leak,2,122,61047,8
33,large_leak,2,123,61547,29
33,large_leak,2,124,62047,63
33,large_leak,2,125,62547,89
33,large_leak,2,126,63047,106
33,large_leak,2,127,63547,125
33,large_leak,2,128,64047,133
33,large_leak,2,129,64547,108
33,large_leak,2,130,65047,82
33,large_leak,2,131,65547,57
33,large_leak,2,132,66047,47
33,large_leak,2,133,66547,25
33,large_leak,2,134,67047,1
33,large_leak,2,135,67547,0
33,large_leak,2,136,68047,0
33,large_leak,2,137,68547,0
33,large_leak,2,138,69047,0
33,large_leak,2,139,69547,0
33,large_leak,2,140,70047,0
33,large_leak,2,141,70547,0
33,large_leak,2,142,71047,0
33,large_leak,2,143,71547,41
33,large_leak,2,144,72047,67
33,large_leak,2,145,72547,77
33,large_leak,2,146,73047,77
33,large_leak,2,147,73547,84
33,large_leak,2,148,74047,91
33,large_leak,2,149,74547,91
33,large_leak,2,150,75047,89
33,large_leak,2,151,75547,87
33,large_leak,2,152,76047,105
33,large_leak,2,153,76547,116
33,large_leak,2,154,77047,111
33,large_leak,2,155,77547,109
33,large_leak,2,156,78047,103
33,large_leak,2,157,78547,91
33,large_leak,2,158,79047,75
33,large_leak,2,159,79547,43
33,large_leak,2,160,80047,31
33,large_leak,2,161,80547,26
33,large_leak,2,162,81047,17
33,large_leak,2,163,81547,20
33,large_leak,2,164,82047,6
33,large_leak,2,165,82547,6
33,large_leak,2,166,83047,19
33,large_leak,2,167,83547,36
33,large_leak,2,168,84047,78
33,large_leak,2,169,84547,105
33,large_leak,2,170,85047,109
33,large_leak,2,171,85547,119
33,large_leak,2,172,86047,138
33,large_leak,2,173,86547,140
33,large_leak,2,174,87047,138
33,large_leak,2,175,87547,137
33,large_leak,2,176,88047,136
33,large_leak,2,177,88547,137
33,large_leak,2,178,89047,149
33,large_leak,2,179,89547,149
33,large_leak,2,180,90047,137
33,large_leak,2,181,90547,116
33,large_leak,2,182,91047,94
33,large_leak,2,183,91547,102
33,large_leak,2,184,92047,117
33,large_leak,2,185,92547,110
33,large_leak,2,186,93047,99
33,large_leak,2,187,93547,71
33,large_leak,2,188,94047,57
33,large_leak,2,189,94547,57
33,large_leak,2,190,95047,47
33,large_leak,2,191,95547,28
33,large_leak,2,192,96047,19
33,large_leak,2,193,96547,21
33,large_leak,2,194,97047,25
33,large_leak,2,195,97547,24
33,large_leak,2,196,98047,23
33,large_leak,2,197,98547,33
33,large_leak,2,198,99047,48
33,large_leak,2,199,99547,59
33,large_leak,2,200,100047,70
33,large_leak,2,201,100547,54
33,large_leak,2,202,101047,46
33,large_leak,2,203,101547,43
33,large_leak,2,204,102047,23
33,large_leak,2,205,102547,11
33,large_leak,2,206,103047,9
33,large_leak,2,207,103547,0
33,large_leak,2,208,104047,0
33,large_leak,2,209,104547,0
33,large_leak,2,210,105047,0
33,large_leak,2,211,105547,0
33,large_leak,2,212,106047,0
33,large_leak,2,213,106547,0
33,large_leak,2,214,107047,0
33,large_leak,2,215,107547,13
33,large_leak,2,216,108047,51
33,large_leak,2,217,108547,74
33,large_leak,2,218,109047,73
33,large_leak,2,219,109547,78
33,large_leak,2,220,110047,101
33,large_leak,2,221,110547,112
33,large_leak,2,222,111047,111
33,large_leak,2,223,111547,103
33,large_leak,2,224,112047,85
33,large_leak,2,225,112547,73
33,large_leak,2,226,113047,71
33,large_leak,2,227,113547,53
33,large_leak,2,228,114047,21
33,large_leak,2,229,114547,16
33,large_leak,2,230,115047,17
33,large_leak,2,231,115547,23
33,large_leak,2,232,116047,35
33,large_leak,2,233,116547,59
33,large_leak,2,234,117047,98
33,large_leak,2,235,117547,139
33,large_leak,2,236,118047,173
33,large_leak,2,237,118547,184
33,large_leak,2,238,119047,180
33,large_leak,2,239,119547,171
33,large_leak,2,240,120047,158
33,large_leak,2,241,120547,138
33,large_leak,2,242,121047,123
33,large_leak,2,243,121547,119
33,large_leak,2,244,122047,93
33,large_leak,2,245,122547,84
33,large_leak,2,246,123047,93
33,large_leak,2,247,123547,99
33,large_leak,2,248,124047,107
33,large_leak,2,249,124547,115
33,large_leak,2,250,125047,121
33,large_leak,2,251,125547,107
33,large_leak,2,252,126047,91
33,large_leak,2,253,126547,76
33,large_leak,2,254,127047,69
33,large_leak,2,255,127547,55
33,large_leak,2,256,128047,43
33,large_leak,2,257,128547,29
33,large_leak,2,258,129047,47
33,large_leak,2,259,129547,54
33,large_leak,2,260,130047,40
33,large_leak,2,261,130547,28
33,large_leak,2,262,131047,39
33,large_leak,2,263,131547,51
33,large_leak,2,264,132047,47
33,large_leak,2,265,132547,57
33,large_leak,2,266,133047,69
33,large_leak,2,267,133547,73
33,large_leak,2,268,134047,71
33,large_leak,2,269,134547,88
33,large_leak,2,270,135047,107
33,large_leak,2,271,135547,119
33,large_leak,2,272,136047,121
33,large_leak,2,273,136547,111
33,large_leak,2,274,137047,103
33,large_leak,2,275,137547,93
33,large_leak,2,276,138047,79
33,large_leak,2,277,138547,43
33,large_leak,2,278,139047,8
33,large_leak,2,279,139547,0
33,large_leak,2,280,140047,0
33,large_leak,2,281,140547,0
33,large_leak,2,282,141047,0
33,large_leak,2,283,141547,0
33,large_leak,2,284,142047,0
33,large_leak,2,285,142547,0
33,large_leak,2,286,143047,0
33,large_leak,2,287,143547,0
33,large_leak,2,288,144047,7
33,large_leak,2,289,144547,35
33,large_leak,2,290,145047,57
33,large_leak,2,291,145547,71
33,large_leak,2,292,146047,91
33,large_leak,2,293,146547,111
33,large_leak,2,294,147047,121
33,large_leak,2,295,147547,119
33,large_leak,2,296,148047,105
33,large_leak,2,297,148547,89
33,large_leak,2,298,149047,93
33,large_leak,2,299,149547,123
33,large_leak,2,300,150047,141
33,large_leak,2,301,150547,149
33,large_leak,2,302,151047,156
33,large_leak,2,303,151547,155
33,large_leak,2,304,152047,153
33,large_leak,2,305,152547,149
33,large_leak,2,306,153047,147
33,large_leak,2,307,153547,140
33,large_leak,2,308,154047,137
33,large_leak,2,309,154547,138
33,large_leak,2,310,155047,134
33,large_leak,2,311,155547,121
33,large_leak,2,312,156047,119
33,large_leak,2,313,156547,115
33,large_leak,2,314,157047,115
33,large_leak,2,315,157547,120
33,large_leak,2,316,158047,137
33,large_leak,2,317,158547,151
33,large_leak,2,318,159047,143
33,large_leak,2,319,159547,137
33,large_leak,2,320,160047,133
33,large_leak,2,321,160547,141
33,large_leak,2,322,161047,146
33,large_leak,2,323,161547,157
33,large_leak,2,324,162047,136
33,large_leak,2,325,162547,87
33,large_leak,2,326,163047,47
33,large_leak,2,327,163547,13
33,large_leak,2,328,164047,0
33,large_leak,2,329,164547,0
33,large_leak,2,330,165047,0
33,large_leak,2,331,165547,0
33,large_leak,2,332,166047,0
33,large_leak,2,333,166547,17
33,large_leak,2,334,167047,57
33,large_leak,2,335,167547,92
33,large_leak,2,336,168047,109
33,large_leak,2,337,168547,147
33,large_leak,2,338,169047,166
33,large_leak,2,339,169547,172
33,large_leak,2,340,170047,183
33,large_leak,2,341,170547,181
33,large_leak,2,342,171047,169
33,large_leak,2,343,171547,151
33,large_leak,2,344,172047,119
33,large_leak,2,345,172547,91
33,large_leak,2,346,173047,85
33,large_leak,2,347,173547,74
33,large_leak,2,348,174047,60
33,large_leak,2,349,174547,46
33,large_leak,2,350,175047,45
33,large_leak,2,351,175547,52
33,large_leak,2,352,176047,60
33,large_leak,2,353,176547,69
33,large_leak,2,354,177047,53
33,large_leak,2,355,177547,44
33,large_leak,2,356,178047,44
33,large_leak,2,357,178547,44
33,large_leak,2,358,179047,37
33,large_leak,2,359,179547,31
33,large_leak,2,360,180047,20
33,large_leak,2,361,180547,27
33,large_leak,2,362,181047,13
33,large_leak,2,363,181547,0
33,large_leak,2,364,182047,0
33,large_leak,2,365,182547,0
33,large_leak,2,366,183047,11
33,large_leak,2,367,183547,13
33,large_leak,2,368,184047,12
33,large_leak,2,369,184547,5
33,large_leak,2,370,185047,0
33,large_leak,2,371,185547,10
33,large_leak,2,372,186047,27
33,large_leak,2,373,186547,37
33,large_leak,2,374,187047,45
33,large_leak,2,375,187547,57
33,large_leak,2,376,188047,55
33,large_leak,2,377,188547,63
33,large_leak,2,378,189047,59
33,large_leak,2,379,189547,53
33,large_leak,2,380,190047,53
33,large_leak,2,381,190547,47
33,large_leak,2,382,191047,41
33,large_leak,2,383,191547,40
33,large_leak,2,384,192047,39
33,large_leak,2,385,192547,41
33,large_leak,2,386,193047,43
33,large_leak,2,387,193547,55
33,large_leak,2,388,194047,69
33,large_leak,2,389,194547,79
33,large_leak,2,390,195047,84
33,large_leak,2,391,195547,75
33,large_leak,2,392,196047,72
33,large_leak,2,393,196547,70
33,large_leak,2,394,197047,79
33,large_leak,2,395,197547,89
33,large_leak,2,396,198047,101
33,large_leak,2,397,198547,115
33,large_leak,2,398,199047,137
33,large_leak,2,399,199547,152
33,large_leak,2,400,200047,154
33,large_leak,2,401,200547,160
33,large_leak,2,402,201047,173
33,large_leak,2,403,201547,171
33,large_leak,2,404,202047,168
33,large_leak,2,405,202547,158
33,large_leak,2,406,203047,125
33,large_leak,2,407,203547,105
33,large_leak,2,408,204047,101
33,large_leak,2,409,204547,99
33,large_leak,2,410,205047,94
33,large_leak,2,411,205547,91
33,large_leak,2,412,206047,92
33,large_leak,2,413,206547,88
33,large_leak,2,414,207047,83
33,large_leak,2,415,207547,74
33,large_leak,2,416,208047,57
33,large_leak,2,417,208547,39
33,large_leak,2,418,209047,39
33,large_leak,2,419,209547,37
33,large_leak,2,420,210047,26
33,large_leak,2,421,210547,21
33,large_leak,2,422,211047,27
33,large_leak,2,423,211547,21
33,large_leak,2,424,212047,23
33,large_leak,2,425,212547,53
33,large_leak,2,426,213047,83
33,large_leak,2,427,213547,105
33,large_leak,2,428,214047,145
33,large_leak,2,429,214547,175
33,large_leak,2,430,215047,192
33,large_leak,2,431,215547,215
33,large_leak,2,432,216047,213
33,large_leak,2,433,216547,200
33,large_leak,2,434,217047,181
33,large_leak,2,435,217547,165
33,large_leak,2,436,218047,140
33,large_leak,2,437,218547,109
33,large_leak,2,438,219047,77
33,large_leak,2,439,219547,53
33,large_leak,2,440,220047,51
33,large_leak,2,441,220547,56
33,large_leak,2,442,221047,63
33,large_leak,2,443,221547,60
33,large_leak,2,444,222047,47
33,large_leak,2,445,222547,41
33,large_leak,2,446,223047,45
33,large_leak,2,447,223547,46
33,large_leak,2,448,224047,68
33,large_leak,2,449,224547,87
33,large_leak,2,450,225047,95
33,large_leak,2,451,225547,114
33,large_leak,2,452,226047,134
33,large_leak,2,453,226547,138
33,large_leak,2,454,227047,127
33,large_leak,2,455,227547,109
33,large_leak,2,456,228047,88
33,large_leak,2,457,228547,58
33,large_leak,2,458,229047,45
33,large_leak,2,459,229547,30
33,large_leak,2,460,230047,26
33,large_leak,2,461,230547,29
33,large_leak,2,462,231047,35
33,large_leak,2,463,231547,56
33,large_leak,2,464,232047,77
33,large_leak,2,465,232547,83
33,large_leak,2,466,233047,92
33,large_leak,2,467,233547,111
33,large_leak,2,468,234047,125
33,large_leak,2,469,234547,127
33,large_leak,2,470,235047,134
33,large_leak,2,471,235547,140
33,large_leak,2,472,236047,149
33,large_leak,2,473,236547,149
33,large_leak,2,474,237047,141
33,large_leak,2,475,237547,142
33,large_leak,2,476,238047,135
33,large_leak,2,477,238547,121
33,large_leak,2,478,239047,113
33,large_leak,2,479,239547,117
33,large_leak,2,480,240047,123
33,large_leak,2,481,240547,121
33,large_leak,2,482,241047,115
33,large_leak,2,483,241547,103
33,large_leak,2,484,242047,105
33,large_leak,2,485,242547,119
33,large_leak,2,486,243047,109
33,large_leak,2,487,243547,93
33,large_leak,2,488,244047,90
33,large_leak,2,489,244547,72
33,large_leak,2,490,245047,42
33,large_leak,2,491,245547,20
33,large_leak,2,492,246047,1
33,large_leak,2,493,246547,0
33,large_leak,2,494,247047,0
33,large_leak,2,495,247547,0
33,large_leak,2,496,248047,0
33,large_leak,2,497,248547,0
33,large_leak,2,498,249047,0
33,large_leak,2,499,249547,22
33,large_leak,2,500,250047,31
33,large_leak,2,501,250547,51
33,large_leak,2,502,251047,93
33,large_leak,2,503,251547,159
33,large_leak,2,504,252047,203
33,large_leak,2,505,252547,215
33,large_leak,2,506,253047,228
33,large_leak,2,507,253547,235
33,large_leak,2,508,254047,269
33,large_leak,2,509,254547,280
33,large_leak,2,510,255047,264
33,large_leak,2,511,255547,238
33,large_leak,2,512,256047,205
33,large_leak,2,513,256547,185
33,large_leak,2,514,257047,170
33,large_leak,2,515,257547,135
33,large_leak,2,516,258047,93
33,large_leak,2,517,258547,60
33,large_leak,2,518,259047,45
33,large_leak,2,519,259547,39
33,large_leak,2,520,260047,35
33,large_leak,2,521,260547,53
33,large_leak,2,522,261047,60
33,large_leak,2,523,261547,57
33,large_leak,2,524,262047,51
33,large_leak,2,525,262547,45
33,large_leak,2,526,263047,41
33,large_leak,2,527,263547,39
33,large_leak,2,528,264047,13
33,large_leak,2,529,264547,8
33,large_leak,2,530,265047,6
33,large_leak,2,531,265547,18
33,large_leak,2,532,266047,33
33,large_leak,2,533,266547,36
33,large_leak,2,534,267047,23
33,large_leak,2,535,267547,36
33,large_leak,2,536,268047,45
33,large_leak,2,537,268547,60
33,large_leak,2,538,269047,85
33,large_leak,2,539,269547,111
33,large_leak,2,540,270047,125
33,large_leak,2,541,270547,126
33,large_leak,2,542,271047,139
33,large_leak,2,543,271547,123
33,large_leak,2,544,272047,121
33,large_leak,2,545,272547,117
33,large_leak,2,546,273047,93
33,large_leak,2,547,273547,81
33,large_leak,2,548,274047,83
33,large_leak,2,549,274547,69
33,large_leak,2,550,275047,37
33,large_leak,2,551,275547,19
33,large_leak,2,552,276047,4
33,large_leak,2,553,276547,0
33,large_leak,2,554,277047,5
33,large_leak,2,555,277547,5
33,large_leak,2,556,278047,0
33,large_leak,2,557,278547,0
33,large_leak,2,558,279047,27
33,large_leak,2,559,279547,41
33,large_leak,2,560,280047,43
33,large_leak,2,561,280547,44
33,large_leak,2,562,281047,77
33,large_leak,2,563,281547,101
33,large_leak,2,564,282047,111
33,large_leak,2,565,282547,103
33,large_leak,2,566,283047,111
33,large_leak,2,567,283547,107
33,large_leak,2,568,284047,103
33,large_leak,2,569,284547,93
33,large_leak,2,570,285047,77
33,large_leak,2,571,285547,60
33,large_leak,2,572,286047,42
33,large_leak,2,573,286547,24
33,large_leak,2,574,287047,6
33,large_leak,2,575,287547,0
33,large_leak,2,576,288047,1
33,large_leak,2,577,288547,0
33,large_leak,2,578,289047,0
33,large_leak,2,579,289547,0
33,large_leak,2,580,290047,0
33,large_leak,2,581,290547,31
33,large_leak,2,582,291047,59
33,large_leak,2,583,291547,71
33,large_leak,2,584,292047,88
33,large_leak,2,585,292547,110
33,large_leak,2,586,293047,122
33,large_leak,2,587,293547,139
33,large_leak,2,588,294047,149
33,large_leak,2,589,294547,159
33,large_leak,2,590,295047,167
33,large_leak,2,591,295547,153
33,large_leak,2,592,296047,133
33,large_leak,2,593,296547,116
33,large_leak,2,594,297047,101
33,large_leak,2,595,297547,87
33,large_leak,2,596,298047,69
33,large_leak,2,597,298547,30
33,large_leak,2,598,299047,7
33,large_leak,2,599,299547,0
33,large_leak,2,600,300047,0
33,large_leak,2,601,300547,0
33,large_leak,2,602,301047,0
33,large_leak,2,603,301547,0
33,large_leak,2,604,302047,45
33,large_leak,2,605,302547,88
33,large_leak,2,606,303047,142
33,large_leak,2,607,303547,180
33,large_leak,2,608,304047,212
33,large_leak,2,609,304547,228
33,large_leak,2,610,305047,211
33,large_leak,2,611,305547,176
33,large_leak,2,612,306047,141
33,large_leak,2,613,306547,93
33,large_leak,2,614,307047,53
33,large_leak,2,615,307547,19
33,large_leak,2,616,308047,0
33,large_leak,2,617,308547,0
33,large_leak,2,618,309047,0
33,large_leak,2,619,309547,0
33,large_leak,2,620,310047,0
33,large_leak,2,621,310547,0
33,large_leak,2,622,311047,0
33,large_leak,2,623,311547,14
33,large_leak,2,624,312047,26
33,large_leak,2,625,312547,43
33,large_leak,2,626,313047,62
33,large_leak,2,627,313547,93
33,large_leak,2,628,314047,110
33,large_leak,2,629,314547,117
33,large_leak,2,630,315047,125
33,large_leak,2,631,315547,127
33,large_leak,2,632,316047,148
33,large_leak,2,633,316547,167
33,large_leak,2,634,317047,175
33,large_leak,2,635,317547,172
33,large_leak,2,636,318047,173
33,large_leak,2,637,318547,190
33,large_leak,2,638,319047,207
33,large_leak,2,639,319547,211
33,large_leak,2,640,320047,191
33,large_leak,2,641,320547,171
33,large_leak,2,642,321047,158
33,large_leak,2,643,321547,137
33,large_leak,2,644,322047,105
33,large_leak,2,645,322547,90
33,large_leak,2,646,323047,86
33,large_leak,2,647,323547,84
33,large_leak,2,648,324047,89
33,large_leak,2,649,324547,94
33,large_leak,2,650,325047,91
33,large_leak,2,651,325547,91
33,large_leak,2,652,326047,88
33,large_leak,2,653,326547,92
33,large_leak,2,654,327047,87
33,large_leak,2,655,327547,77
33,large_leak,2,656,328047,67
33,large_leak,2,657,328547,47
33,large_leak,2,658,329047,41
33,large_leak,2,659,329547,35
33,large_leak,2,660,330047,27
33,large_leak,2,661,330547,27
33,large_leak,2,662,331047,46
33,large_leak,2,663,331547,69
33,large_leak,2,664,332047,83
33,large_leak,2,665,332547,85
33,large_leak,2,666,333047,92
33,large_leak,2,667,333547,99
33,large_leak,2,668,334047,107
33,large_leak,2,669,334547,115
33,large_leak,2,670,335047,135
33,large_leak,2,671,335547,151
33,large_leak,2,672,336047,151
33,large_leak,2,673,336547,149
33,large_leak,2,674,337047,139
33,large_leak,2,675,337547,106
33,large_leak,2,676,338047,99
33,large_leak,2,677,338547,95
33,large_leak,2,678,339047,77
33,large_leak,2,679,339547,51
33,large_leak,2,680,340047,39
33,large_leak,2,681,340547,37
33,large_leak,2,682,341047,33
33,large_leak,2,683,341547,10
33,large_leak,2,684,342047,5
33,large_leak,2,685,342547,14
33,large_leak,2,686,343047,35
33,large_leak,2,687,343547,57
33,large_leak,2,688,344047,85
33,large_leak,2,689,344547,107
33,large_leak,2,690,345047,117
33,large_leak,2,691,345547,134
33,large_leak,2,692,346047,140
33,large_leak,2,693,346547,119
33,large_leak,2,694,347047,117
33,large_leak,2,695,347547,117
33,large_leak,2,696,348047,121
33,large_leak,2,697,348547,133
33,large_leak,2,698,349047,124
33,large_leak,2,699,349547,135
33,large_leak,2,700,350047,153
33,large_leak,2,701,350547,159
33,large_leak,2,702,351047,147
33,large_leak,2,703,351547,119
33,large_leak,2,704,352047,101
33,large_leak,2,705,352547,72
33,large_leak,2,706,353047,43
33,large_leak,2,707,353547,19
33,large_leak,2,708,354047,0
33,large_leak,2,709,354547,0
33,large_leak,2,710,355047,0
33,large_leak,2,711,355547,0
33,large_leak,2,712,356047,0
33,large_leak,2,713,356547,9
33,large_leak,2,714,357047,17
33,large_leak,2,715,357547,35
33,large_leak,2,716,358047,59
33,large_leak,2,717,358547,82
33,large_leak,2,718,359047,95
33,large_leak,2,719,359547,104
33,large_leak,2,720,360047,102
33,large_leak,2,721,360547,90
33,large_leak,2,722,361047,99
33,large_leak,2,723,361547,93
33,large_leak,2,724,362047,103
33,large_leak,2,725,362547,115
33,large_leak,2,726,363047,101
33,large_leak,2,727,363547,87
33,large_leak,2,728,364047,74
33,large_leak,2,729,364547,61
33,large_leak,2,730,365047,59
33,large_leak,2,731,365547,54
33,large_leak,2,732,366047,31
33,large_leak,2,733,366547,21
33,large_leak,2,734,367047,13
33,large_leak,2,735,367547,0
33,large_leak,2,736,368047,0
33,large_leak,2,737,368547,0
33,large_leak,2,738,369047,0
33,large_leak,2,739,369547,0
33,large_leak,2,740,370047,0
33,large_leak,2,741,370547,61
33,large_leak,2,742,371047,103
33,large_leak,2,743,371547,143
33,large_leak,2,744,372047,178
33,large_leak,2,745,372547,200
33,large_leak,2,746,373047,215
33,large_leak,2,747,373547,216
33,large_leak,2,748,374047,211
33,large_leak,2,749,374547,213
33,large_leak,2,750,375047,219
33,large_leak,2,751,375547,213
33,large_leak,2,752,376047,201
33,large_leak,2,753,376547,200
33,large_leak,2,754,377047,215
33,large_leak,2,755,377547,215
33,large_leak,2,756,378047,211
33,large_leak,2,757,378547,199
33,large_leak,2,758,379047,171
33,large_leak,2,759,379547,150
33,large_leak,2,760,380047,137
33,large_leak,2,761,380547,113
33,large_leak,2,762,381047,93
33,large_leak,2,763,381547,87
33,large_leak,2,764,382047,105
33,large_leak,2,765,382547,127
33,large_leak,2,766,383047,154
33,large_leak,2,767,383547,205
33,large_leak,2,768,384047,249
33,large_leak,2,769,384547,296
33,large_leak,2,770,385047,319
33,large_leak,2,771,385547,317
33,large_leak,2,772,386047,313
33,large_leak,2,773,386547,313
33,large_leak,2,774,387047,295
33,large_leak,2,775,387547,261
33,large_leak,2,776,388047,227
33,large_leak,2,777,388547,180
33,large_leak,2,778,389047,151
33,large_leak,2,779,389547,135
33,large_leak,2,780,390047,109
33,large_leak,2,781,390547,63
33,large_leak,2,782,391047,29
33,large_leak,2,783,391547,19
33,large_leak,2,784,392047,7
33,large_leak,2,785,392547,1
33,large_leak,2,786,393047,0
33,large_leak,2,787,393547,0
33,large_leak,2,788,394047,13
33,large_leak,2,789,394547,41
33,large_leak,2,790,395047,53
33,large_leak,2,791,395547,76
33,large_leak,2,792,396047,101
33,large_leak,2,793,396547,115
33,large_leak,2,794,397047,140
33,large_leak,2,795,397547,167
33,large_leak,2,796,398047,199
33,large_leak,2,797,398547,211
33,large_leak,2,798,399047,233
33,large_leak,2,799,399547,251
33,large_leak,2,800,400047,251
33,large_leak,2,801,400547,254
33,large_leak,2,802,401047,253
33,large_leak,2,803,401547,248
33,large_leak,2,804,402047,233
33,large_leak,2,805,402547,212
33,large_leak,2,806,403047,184
33,large_leak,2,807,403547,155
33,large_leak,2,808,404047,125
33,large_leak,2,809,404547,101
33,large_leak,2,810,405047,75
33,large_leak,2,811,405547,37
33,large_leak,2,812,406047,19
33,large_leak,2,813,406547,18
33,large_leak,2,814,407047,10
33,large_leak,2,815,407547,6
33,large_leak,2,816,408047,5
33,large_leak,2,817,408547,0
33,large_leak,2,818,409047,0
33,large_leak,2,819,409547,0
33,large_leak,2,820,410047,0
33,large_leak,2,821,410547,0
33,large_leak,2,822,411047,0
33,large_leak,2,823,411547,0
33,large_leak,2,824,412047,0
33,large_leak,2,825,412547,0
33,large_leak,2,826,413047,0
33,large_leak,2,827,413547,0
33,large_leak,2,828,414047,0
33,large_leak,2,829,414547,0
33,large_leak,2,830,415047,0
33,large_leak,2,831,415547,0
33,large_leak,2,832,416047,0
33,large_leak,2,833,416547,0
33,large_leak,2,834,417047,0
33,large_leak,2,835,417547,0
33,large_leak,2,836,418047,30
33,large_leak,2,837,418547,61
33,large_leak,2,838,419047,89
33,large_leak,2,839,419547,116
33,large_leak,2,840,420047,140
33,large_leak,2,841,420547,149
33,large_leak,2,842,421047,150
33,large_leak,2,843,421547,152
33,large_leak,2,844,422047,149
33,large_leak,2,845,422547,143
33,large_leak,2,846,423047,134
33,large_leak,2,847,423547,127
33,large_leak,2,848,424047,120
33,large_leak,2,849,424547,108
33,large_leak,2,850,425047,103
33,large_leak,2,851,425547,103
33,large_leak,2,852,426047,101
33,large_leak,2,853,426547,101
33,large_leak,2,854,427047,87
33,large_leak,2,855,427547,72
33,large_leak,2,856,428047,45
33,large_leak,2,857,428547,25
33,large_leak,2,858,429047,9
33,large_leak,2,859,429547,0
33,large_leak,2,860,430047,10
33,large_leak,2,861,430547,19
33,large_leak,2,862,431047,26
33,large_leak,2,863,431547,29
33,large_leak,2,864,432047,39
33,large_leak,2,865,432547,42
33,large_leak,2,866,433047,53
33,large_leak,2,867,433547,57
33,large_leak,2,868,434047,73
33,large_leak,2,869,434547,87
33,large_leak,2,870,435047,90
33,large_leak,2,871,435547,103
33,large_leak,2,872,436047,117
33,large_leak,2,873,436547,115
33,large_leak,2,874,437047,109
33,large_leak,2,875,437547,99
33,large_leak,2,876,438047,70
33,large_leak,2,877,438547,51
33,large_leak,2,878,439047,43
33,large_leak,2,879,439547,10
33,large_leak,2,880,440047,0
33,large_leak,2,881,440547,0
33,large_leak,2,882,441047,0
33,large_leak,2,883,441547,0
33,large_leak,2,884,442047,0
33,large_leak,2,885,442547,5
33,large_leak,2,886,443047,9
33,large_leak,2,887,443547,25
33,large_leak,2,888,444047,43
33,large_leak,2,889,444547,52
33,large_leak,2,890,445047,55
33,large_leak,2,891,445547,53
33,large_leak,2,892,446047,62
33,large_leak,2,893,446547,77
33,large_leak,2,894,447047,79
33,large_leak,2,895,447547,83
33,large_leak,2,896,448047,57
33,large_leak,2,897,448547,55
33,large_leak,2,898,449047,61
33,large_leak,2,899,449547,72
33,large_leak,2,900,450047,91
33,large_leak,2,901,450547,120
33,large_leak,2,902,451047,146
33,large_leak,2,903,451547,153
33,large_leak,2,904,452047,159
33,large_leak,2,905,452547,179
33,large_leak,2,906,453047,215
33,large_leak,2,907,453547,233
33,large_leak,2,908,454047,265
33,large_leak,2,909,454547,265
33,large_leak,2,910,455047,253
33,large_leak,2,911,455547,227
33,large_leak,2,912,456047,184
33,large_leak,2,913,456547,149
33,large_leak,2,914,457047,115
33,large_leak,2,915,457547,83
33,large_leak,2,916,458047,55
33,large_leak,2,917,458547,24
33,large_leak,2,918,459047,9
33,large_leak,2,919,459547,7
33,large_leak,2,920,460047,0
33,large_leak,2,921,460547,0
33,large_leak,2,922,461047,0
33,large_leak,2,923,461547,0
33,large_leak,2,924,462047,0
33,large_leak,2,925,462547,0
33,large_leak,2,926,463047,0
33,large_leak,2,927,463547,0
33,large_leak,2,928,464047,1
33,large_leak,2,929,464547,51
33,large_leak,2,930,465047,75
33,large_leak,2,931,465547,111
33,large_leak,2,932,466047,137
33,large_leak,2,933,466547,158
33,large_leak,2,934,467047,189
33,large_leak,2,935,467547,219
33,large_leak,2,936,468047,239
33,large_leak,2,937,468547,233
33,large_leak,2,938,469047,213
33,large_leak,2,939,469547,191
33,large_leak,2,940,470047,163
33,large_leak,2,941,470547,125
33,large_leak,2,942,471047,86
33,large_leak,2,943,471547,41
33,large_leak,2,944,472047,23
33,large_leak,2,945,472547,27
33,large_leak,2,946,473047,28
33,large_leak,2,947,473547,26
33,large_leak,2,948,474047,29
33,large_leak,2,949,474547,42
33,large_leak,2,950,475047,69
33,large_leak,2,951,475547,91
33,large_leak,2,952,476047,110
33,large_leak,2,953,476547,121
33,large_leak,2,954,477047,123
33,large_leak,2,955,477547,111
33,large_leak,2,956,478047,91
33,large_leak,2,957,478547,76
33,large_leak,2,958,479047,78
33,large_leak,2,959,479547,59
33,large_leak,2,960,480047,45
33,large_leak,2,961,480547,36
33,large_leak,2,962,481047,51
33,large_leak,2,963,481547,73
33,large_leak,2,964,482047,92
33,large_leak,2,965,482547,135
33,large_leak,2,966,483047,155
33,large_leak,2,967,483547,165
33,large_leak,2,968,484047,174
33,large_leak,2,969,484547,189
33,large_leak,2,970,485047,200
33,large_leak,2,971,485547,191
33,large_leak,2,972,486047,187
33,large_leak,2,973,486547,173
33,large_leak,2,974,487047,168
33,large_leak,2,975,487547,174
33,large_leak,2,976,488047,199
33,large_leak,2,977,488547,189
33,large_leak,2,978,489047,173
33,large_leak,2,979,489547,164
33,large_leak,2,980,490047,147
33,large_leak,2,981,490547,137
33,large_leak,2,982,491047,121
33,large_leak,2,983,491547,121
33,large_leak,2,984,492047,141
33,large_leak,2,985,492547,149
33,large_leak,2,986,493047,151
33,large_leak,2,987,493547,158
33,large_leak,2,988,494047,175
33,large_leak,2,989,494547,184
33,large_leak,2,990,495047,188
33,large_leak,2,991,495547,175
33,large_leak,2,992,496047,151
33,large_leak,2,993,496547,141
33,large_leak,2,994,497047,124
33,large_leak,2,995,497547,93
33,large_leak,2,996,498047,71
33,large_leak,2,997,498547,51
33,large_leak,2,998,499047,43
33,large_leak,2,999,499547,55
33,large_leak,2,1000,500047,71
33,large_leak,2,1001,500547,101
33,large_leak,2,1002,501047,124
33,large_leak,2,1003,501547,141
33,large_leak,2,1004,502047,150
33,large_leak,2,1005,502547,157
33,large_leak,2,1006,503047,164
33,large_leak,2,1007,503547,168
33,large_leak,2,1008,504047,167
33,large_leak,2,1009,504547,152
33,large_leak,2,1010,505047,121
33,large_leak,2,1011,505547,75
33,large_leak,2,1012,506047,38
33,large_leak,2,1013,506547,17
33,large_leak,2,1014,507047,7
33,large_leak,2,1015,507547,9
33,large_leak,2,1016,508047,5
33,large_leak,2,1017,508547,6
33,large_leak,2,1018,509047,7
33,large_leak,2,1019,509547,21
33,large_leak,2,1020,510047,53
33,large_leak,2,1021,510547,73
33,large_leak,2,1022,511047,91
33,large_leak,2,1023,511547,109
33,large_leak,2,1024,512047,119
33,large_leak,2,1025,512547,133
33,large_leak,2,1026,513047,150
33,large_leak,2,1027,513547,153
33,large_leak,2,1028,514047,154
33,large_leak,2,1029,514547,152
33,large_leak,2,1030,515047,145
33,large_leak,2,1031,515547,125
33,large_leak,2,1032,516047,119
33,large_leak,2,1033,516547,109
33,large_leak,2,1034,517047,76
33,large_leak,2,1035,517547,45
33,large_leak,2,1036,518047,37
33,large_leak,2,1037,518547,26
33,large_leak,2,1038,519047,27
33,large_leak,2,1039,519547,28
33,large_leak,2,1040,520047,25
33,large_leak,2,1041,520547,31
33,large_leak,2,1042,521047,43
33,large_leak,2,1043,521547,42
33,large_leak,2,1044,522047,28
33,large_leak,2,1045,522547,14
33,large_leak,2,1046,523047,2
33,large_leak,2,1047,523547,0
33,large_leak,2,1048,524047,0
33,large_leak,2,1049,524547,0
33,large_leak,2,1050,525047,0
33,large_leak,2,1051,525547,11
33,large_leak,2,1052,526047,35
33,large_leak,2,1053,526547,55
33,large_leak,2,1054,527047,71
33,large_leak,2,1055,527547,85
33,large_leak,2,1056,528047,113
33,large_leak,2,1057,528547,143
33,large_leak,2,1058,529047,165
33,large_leak,2,1059,529547,179
33,large_leak,2,1060,530047,199
33,large_leak,2,1061,530547,213
33,large_leak,2,1062,531047,229
33,large_leak,2,1063,531547,245
33,large_leak,2,1064,532047,245
33,large_leak,2,1065,532547,233
33,large_leak,2,1066,533047,227
33,large_leak,2,1067,533547,214
33,large_leak,2,1068,534047,191
33,large_leak,2,1069,534547,183
33,large_leak,2,1070,535047,168
33,large_leak,2,1071,535547,141
33,large_leak,2,1072,536047,123
33,large_leak,2,1073,536547,109
33,large_leak,2,1074,537047,95
33,large_leak,2,1075,537547,83
33,large_leak,2,1076,538047,73
33,large_leak,2,1077,538547,82
33,large_leak,2,1078,539047,102
33,large_leak,2,1079,539547,123
33,large_leak,2,1080,540047,147
33,large_leak,2,1081,540547,167
33,large_leak,2,1082,541047,183
33,large_leak,2,1083,541547,190
33,large_leak,2,1084,542047,189
33,large_leak,2,1085,542547,177
33,large_leak,2,1086,543047,149
33,large_leak,2,1087,543547,116
33,large_leak,2,1088,544047,73
33,large_leak,2,1089,544547,25
33,large_leak,2,1090,545047,1
33,large_leak,2,1091,545547,0
33,large_leak,2,1092,546047,0
33,large_leak,2,1093,546547,0
33,large_leak,2,1094,547047,0
33,large_leak,2,1095,547547,0
33,large_leak,2,1096,548047,0
33,large_leak,2,1097,548547,0
33,large_leak,2,1098,549047,0
33,large_leak,2,1099,549547,0
33,large_leak,2,1100,550047,0
33,large_leak,2,1101,550547,0
33,large_leak,2,1102,551047,17
33,large_leak,2,1103,551547,37
33,large_leak,2,1104,552047,61
33,large_leak,2,1105,552547,74
33,large_leak,2,1106,553047,76
33,large_leak,2,1107,553547,51
33,large_leak,2,1108,554047,16
33,large_leak,2,1109,554547,0
33,large_leak,2,1110,555047,0
33,large_leak,2,1111,555547,0
33,large_leak,2,1112,556047,0
33,large_leak,2,1113,556547,0
33,large_leak,2,1114,557047,0
33,large_leak,2,1115,557547,0
33,large_leak,2,1116,558047,0
33,large_leak,2,1117,558547,0
33,large_leak,2,1118,559047,0
33,large_leak,2,1119,559547,31
33,large_leak,2,1120,560047,73
33,large_leak,2,1121,560547,109
33,large_leak,2,1122,561047,111
33,large_leak,2,1123,561547,111
33,large_leak,2,1124,562047,107
33,large_leak,2,1125,562547,74
33,large_leak,2,1126,563047,29
33,large_leak,2,1127,563547,3
33,large_leak,2,1128,564047,0
33,large_leak,2,1129,564547,0
33,large_leak,2,1130,565047,0
33,large_leak,2,1131,565547,0
33,large_leak,2,1132,566047,0
33,large_leak,2,1133,566547,0
33,large_leak,2,1134,567047,25
33,large_leak,2,1135,567547,45
33,large_leak,2,1136,568047,74
33,large_leak,2,1137,568547,104
33,large_leak,2,1138,569047,131
33,large_leak,2,1139,569547,167
33,large_leak,2,1140,570047,175
33,large_leak,2,1141,570547,144
33,large_leak,2,1142,571047,132
33,large_leak,2,1143,571547,125
33,large_leak,2,1144,572047,122
33,large_leak,2,1145,572547,112
33,large_leak,2,1146,573047,107
33,large_leak,2,1147,573547,109
33,large_leak,2,1148,574047,117
33,large_leak,2,1149,574547,121
33,large_leak,2,1150,575047,120
33,large_leak,2,1151,575547,99
33,large_leak,2,1152,576047,67
33,large_leak,2,1153,576547,25
33,large_leak,2,1154,577047,2
33,large_leak,2,1155,577547,0
33,large_leak,2,1156,578047,0
33,large_leak,2,1157,578547,0
33,large_leak,2,1158,579047,0
33,large_leak,2,1159,579547,0
33,large_leak,2,1160,580047,0
33,large_leak,2,1161,580547,18
33,large_leak,2,1162,581047,57
33,large_leak,2,1163,581547,87
33,large_leak,2,1164,582047,108
33,large_leak,2,1165,582547,135
33,large_leak,2,1166,583047,160
33,large_leak,2,1167,583547,185
33,large_leak,2,1168,584047,185
33,large_leak,2,1169,584547,156
33,large_leak,2,1170,585047,112
33,large_leak,2,1171,585547,87
33,large_leak,2,1172,586047,61
33,large_leak,2,1173,586547,44
33,large_leak,2,1174,587047,38
33,large_leak,2,1175,587547,29
33,large_leak,2,1176,588047,24
33,large_leak,2,1177,588547,37
33,large_leak,2,1178,589047,53
33,large_leak,2,1179,589547,83
33,large_leak,2,1180,590047,115
33,large_leak,2,1181,590547,135
33,large_leak,2,1182,591047,137
33,large_leak,2,1183,591547,139
33,large_leak,2,1184,592047,139
33,large_leak,2,1185,592547,141
33,large_leak,2,1186,593047,127
33,large_leak,2,1187,593547,109
33,large_leak,2,1188,594047,91
33,large_leak,2,1189,594547,85
33,large_leak,2,1190,595047,89
33,large_leak,2,1191,595547,89
33,large_leak,2,1192,596047,104
33,large_leak,2,1193,596547,119
33,large_leak,2,1194,597047,124
33,large_leak,2,1195,597547,140
33,large_leak,2,1196,598047,147
33,large_leak,2,1197,598547,139
33,large_leak,2,1198,599047,149
33,large_leak,2,1199,599547,153
33,large_leak,2,1200,600047,141
33,large_leak,2,1201,600547,121
33,large_leak,2,1202,601047,111
33,large_leak,2,1203,601547,108
33,large_leak,2,1204,602047,101
33,large_leak,2,1205,602547,95
33,large_leak,2,1206,603047,93
33,large_leak,2,1207,603547,100
33,large_leak,2,1208,604047,101
33,large_leak,2,1209,604547,86
33,large_leak,2,1210,605047,75
33,large_leak,2,1211,605547,77
33,large_leak,2,1212,606047,71
33,large_leak,2,1213,606547,61
33,large_leak,2,1214,607047,74
33,large_leak,2,1215,607547,88
33,large_leak,2,1216,608047,110
33,large_leak,2,1217,608547,125
33,large_leak,2,1218,609047,142
33,large_leak,2,1219,609547,149
33,large_leak,2,1220,610047,147
33,large_leak,2,1221,610547,147
33,large_leak,2,1222,611047,149
33,large_leak,2,1223,611547,156
33,large_leak,2,1224,612047,158
33,large_leak,2,1225,612547,148
33,large_leak,2,1226,613047,124
33,large_leak,2,1227,613547,108
33,large_leak,2,1228,614047,91
33,large_leak,2,1229,614547,73
33,large_leak,2,1230,615047,43
33,large_leak,2,1231,615547,19
33,large_leak,2,1232,616047,0
33,large_leak,2,1233,616547,0
33,large_leak,2,1234,617047,0
33,large_leak,2,1235,617547,0
33,large_leak,2,1236,618047,0
33,large_leak,2,1237,618547,0
33,large_leak,2,1238,619047,24
33,large_leak,2,1239,619547,39
33,large_leak,2,1240,620047,69
33,large_leak,2,1241,620547,99
33,large_leak,2,1242,621047,139
33,large_leak,2,1243,621547,171
33,large_leak,2,1244,622047,173
33,large_leak,2,1245,622547,175
33,large_leak,2,1246,623047,183
33,large_leak,2,1247,623547,185
33,large_leak,2,1248,624047,172
33,large_leak,2,1249,624547,151
33,large_leak,2,1250,625047,117
33,large_leak,2,1251,625547,83
33,large_leak,2,1252,626047,71
33,large_leak,2,1253,626547,59
33,large_leak,2,1254,627047,51
33,large_leak,2,1255,627547,55
33,large_leak,2,1256,628047,59
33,large_leak,2,1257,628547,75
33,large_leak,2,1258,629047,93
33,large_leak,2,1259,629547,111
33,large_leak,2,1260,630047,137
33,large_leak,2,1261,630547,138
33,large_leak,2,1262,631047,135
33,large_leak,2,1263,631547,121
33,large_leak,2,1264,632047,100
33,large_leak,2,1265,632547,85
33,large_leak,2,1266,633047,77
33,large_leak,2,1267,633547,75
33,large_leak,2,1268,634047,60
33,large_leak,2,1269,634547,37
33,large_leak,2,1270,635047,30
33,large_leak,2,1271,635547,30
33,large_leak,2,1272,636047,19
33,large_leak,2,1273,636547,13
33,large_leak,2,1274,637047,5
33,large_leak,2,1275,637547,0
33,large_leak,2,1276,638047,0
33,large_leak,2,1277,638547,2
33,large_leak,2,1278,639047,29
33,large_leak,2,1279,639547,58
33,large_leak,2,1280,640047,79
33,large_leak,2,1281,640547,93
33,large_leak,2,1282,641047,87
33,large_leak,2,1283,641547,83
33,large_leak,2,1284,642047,85
33,large_leak,2,1285,642547,93
33,large_leak,2,1286,643047,107
33,large_leak,2,1287,643547,116
33,large_leak,2,1288,644047,116
33,large_leak,2,1289,644547,111
33,large_leak,2,1290,645047,123
33,large_leak,2,1291,645547,126
33,large_leak,2,1292,646047,108
33,large_leak,2,1293,646547,105
33,large_leak,2,1294,647047,120
33,large_leak,2,1295,647547,125
33,large_leak,2,1296,648047,118
33,large_leak,2,1297,648547,101
33,large_leak,2,1298,649047,85
33,large_leak,2,1299,649547,81
33,large_leak,2,1300,650047,85
33,large_leak,2,1301,650547,83
33,large_leak,2,1302,651047,92
33,large_leak,2,1303,651547,105
33,large_leak,2,1304,652047,117
33,large_leak,2,1305,652547,120
33,large_leak,2,1306,653047,99
33,large_leak,2,1307,653547,87
33,large_leak,2,1308,654047,95
33,large_leak,2,1309,654547,78
33,large_leak,2,1310,655047,46
33,large_leak,2,1311,655547,23
33,large_leak,2,1312,656047,26
33,large_leak,2,1313,656547,41
33,large_leak,2,1314,657047,51
33,large_leak,2,1315,657547,45
33,large_leak,2,1316,658047,39
33,large_leak,2,1317,658547,22
33,large_leak,2,1318,659047,2
33,large_leak,2,1319,659547,0
33,large_leak,2,1320,660047,0
33,large_leak,2,1321,660547,0
33,large_leak,2,1322,661047,0
33,large_leak,2,1323,661547,0
33,large_leak,2,1324,662047,0
33,large_leak,2,1325,662547,0
33,large_leak,2,1326,663047,29
33,large_leak,2,1327,663547,79
33,large_leak,2,1328,664047,118
33,large_leak,2,1329,664547,149
33,large_leak,2,1330,665047,189
33,large_leak,2,1331,665547,221
33,large_leak,2,1332,666047,227
33,large_leak,2,1333,666547,211
33,large_leak,2,1334,667047,179
33,large_leak,2,1335,667547,141
33,large_leak,2,1336,668047,117
33,large_leak,2,1337,668547,85
33,large_leak,2,1338,669047,44
33,large_leak,2,1339,669547,27
33,large_leak,2,1340,670047,17
33,large_leak,2,1341,670547,13
33,large_leak,2,1342,671047,24
33,large_leak,2,1343,671547,41
33,large_leak,2,1344,672047,55
33,large_leak,2,1345,672547,63
33,large_leak,2,1346,673047,75
33,large_leak,2,1347,673547,85
33,large_leak,2,1348,674047,87
33,large_leak,2,1349,674547,98
33,large_leak,2,1350,675047,119
33,large_leak,2,1351,675547,125
33,large_leak,2,1352,676047,132
33,large_leak,2,1353,676547,139
33,large_leak,2,1354,677047,151
33,large_leak,2,1355,677547,147
33,large_leak,2,1356,678047,139
33,large_leak,2,1357,678547,125
33,large_leak,2,1358,679047,123
33,large_leak,2,1359,679547,123
33,large_leak,2,1360,680047,125
33,large_leak,2,1361,680547,119
33,large_leak,2,1362,681047,117
33,large_leak,2,1363,681547,103
33,large_leak,2,1364,682047,95
33,large_leak,2,1365,682547,99
33,large_leak,2,1366,683047,101
33,large_leak,2,1367,683547,93
33,large_leak,2,1368,684047,85
33,large_leak,2,1369,684547,83
33,large_leak,2,1370,685047,69
33,large_leak,2,1371,685547,46
33,large_leak,2,1372,686047,26
33,large_leak,2,1373,686547,11
33,large_leak,2,1374,687047,0
33,large_leak,2,1375,687547,0
33,large_leak,2,1376,688047,1
33,large_leak,2,1377,688547,24
33,large_leak,2,1378,689047,55
33,large_leak,2,1379,689547,72
33,large_leak,2,1380,690047,73
33,large_leak,2,1381,690547,71
33,large_leak,2,1382,691047,70
33,large_leak,2,1383,691547,61
33,large_leak,2,1384,692047,60
33,large_leak,2,1385,692547,58
33,large_leak,2,1386,693047,64
33,large_leak,2,1387,693547,63
33,large_leak,2,1388,694047,57
33,large_leak,2,1389,694547,47
33,large_leak,2,1390,695047,37
33,large_leak,2,1391,695547,27
33,large_leak,2,1392,696047,27
33,large_leak,2,1393,696547,23
33,large_leak,2,1394,697047,9
33,large_leak,2,1395,697547,21
33,large_leak,2,1396,698047,11
33,large_leak,2,1397,698547,0
33,large_leak,2,1398,699047,0
33,large_leak,2,1399,699547,0
33,large_leak,2,1400,700047,0
33,large_leak,2,1401,700547,2
33,large_leak,2,1402,701047,12
33,large_leak,2,1403,701547,16
33,large_leak,2,1404,702047,22
33,large_leak,2,1405,702547,27
33,large_leak,2,1406,703047,19
33,large_leak,2,1407,703547,7
33,large_leak,2,1408,704047,5
33,large_leak,2,1409,704547,0
33,large_leak,2,1410,705047,0
33,large_leak,2,1411,705547,11
33,large_leak,2,1412,706047,27
33,large_leak,2,1413,706547,41
33,large_leak,2,1414,707047,43
33,large_leak,2,1415,707547,40
33,large_leak,2,1416,708047,25
33,large_leak,2,1417,708547,19
33,large_leak,2,1418,709047,22
33,large_leak,2,1419,709547,19
33,large_leak,2,1420,710047,25
33,large_leak,2,1421,710547,51
33,large_leak,2,1422,711047,85
33,large_leak,2,1423,711547,95
33,large_leak,2,1424,712047,90
33,large_leak,2,1425,712547,79
33,large_leak,2,1426,713047,82
33,large_leak,2,1427,713547,73
33,large_leak,2,1428,714047,59
33,large_leak,2,1429,714547,43
33,large_leak,2,1430,715047,45
33,large_leak,2,1431,715547,47
33,large_leak,2,1432,716047,54
33,large_leak,2,1433,716547,70
33,large_leak,2,1434,717047,89
33,large_leak,2,1435,717547,107
33,large_leak,2,1436,718047,125
33,large_leak,2,1437,718547,149
33,large_leak,2,1438,719047,171
33,large_leak,2,1439,719547,181
33,large_leak,2,1440,720047,182
33,large_leak,2,1441,720547,173
33,large_leak,2,1442,721047,183
33,large_leak,2,1443,721547,187
33,large_leak,2,1444,722047,187
33,large_leak,2,1445,722547,185
33,large_leak,2,1446,723047,181
33,large_leak,2,1447,723547,182
33,large_leak,2,1448,724047,171
33,large_leak,2,1449,724547,163
33,large_leak,2,1450,725047,167
33,large_leak,2,1451,725547,176
33,large_leak,2,1452,726047,191
33,large_leak,2,1453,726547,204
33,large_leak,2,1454,727047,207
33,large_leak,2,1455,727547,208
33,large_leak,2,1456,728047,219
33,large_leak,2,1457,728547,235
33,large_leak,2,1458,729047,249
33,large_leak,2,1459,729547,251
33,large_leak,2,1460,730047,236
33,large_leak,2,1461,730547,211
33,large_leak,2,1462,731047,180
33,large_leak,2,1463,731547,159
33,large_leak,2,1464,732047,143
33,large_leak,2,1465,732547,119
33,large_leak,2,1466,733047,92
33,large_leak,2,1467,733547,61
33,large_leak,2,1468,734047,47
33,large_leak,2,1469,734547,45
33,large_leak,2,1470,735047,56
33,large_leak,2,1471,735547,73
33,large_leak,2,1472,736047,91
33,large_leak,2,1473,736547,117
33,large_leak,2,1474,737047,144
33,large_leak,2,1475,737547,165
33,large_leak,2,1476,738047,181
33,large_leak,2,1477,738547,191
33,large_leak,2,1478,739047,192
33,large_leak,2,1479,739547,183
33,large_leak,2,1480,740047,167
33,large_leak,2,1481,740547,148
33,large_leak,2,1482,741047,115
33,large_leak,2,1483,741547,78
33,large_leak,2,1484,742047,53
33,large_leak,2,1485,742547,18
33,large_leak,2,1486,743047,0
33,large_leak,2,1487,743547,0
33,large_leak,2,1488,744047,0
33,large_leak,2,1489,744547,0
33,large_leak,2,1490,745047,0
33,large_leak,2,1491,745547,0
33,large_leak,2,1492,746047,0
33,large_leak,2,1493,746547,0
33,large_leak,2,1494,747047,0
33,large_leak,2,1495,747547,41
33,large_leak,2,1496,748047,56
33,large_leak,2,1497,748547,62
33,large_leak,2,1498,749047,73
33,large_leak,2,1499,749547,75
33,large_leak,2,1500,750047,93
33,large_leak,2,1501,750547,125
33,large_leak,2,1502,751047,156
33,large_leak,2,1503,751547,190
33,large_leak,2,1504,752047,205
33,large_leak,2,1505,752547,168
33,large_leak,2,1506,753047,149
33,large_leak,2,1507,753547,125
33,large_leak,2,1508,754047,103
33,large_leak,2,1509,754547,80
33,large_leak,2,1510,755047,53
33,large_leak,2,1511,755547,18
33,large_leak,2,1512,756047,0
33,large_leak,2,1513,756547,0
33,large_leak,2,1514,757047,0
33,large_leak,2,1515,757547,0
33,large_leak,2,1516,758047,0
33,large_leak,2,1517,758547,0
33,large_leak,2,1518,759047,0
33,large_leak,2,1519,759547,0
33,large_leak,2,1520,760047,0
33,large_leak,2,1521,760547,0
33,large_leak,2,1522,761047,0
33,large_leak,2,1523,761547,0
33,large_leak,2,1524,762047,0
33,large_leak,2,1525,762547,25
33,large_leak,2,1526,763047,71
33,large_leak,2,1527,763547,104
33,large_leak,2,1528,764047,121
33,large_leak,2,1529,764547,133
33,large_leak,2,1530,765047,127
33,large_leak,2,1531,765547,151
33,large_leak,2,1532,766047,171
33,large_leak,2,1533,766547,178
33,large_leak,2,1534,767047,157
33,large_leak,2,1535,767547,127
33,large_leak,2,1536,768047,112
33,large_leak,2,1537,768547,106
33,large_leak,2,1538,769047,86
33,large_leak,2,1539,769547,54
33,large_leak,2,1540,770047,25
33,large_leak,2,1541,770547,1
33,large_leak,2,1542,771047,0
33,large_leak,2,1543,771547,0
33,large_leak,2,1544,772047,0
33,large_leak,2,1545,772547,0
33,large_leak,2,1546,773047,0
33,large_leak,2,1547,773547,2
33,large_leak,2,1548,774047,2
33,large_leak,2,1549,774547,10
33,large_leak,2,1550,775047,33
33,large_leak,2,1551,775547,57
33,large_leak,2,1552,776047,57
33,large_leak,2,1553,776547,55
33,large_leak,2,1554,777047,57
33,large_leak,2,1555,777547,77
33,large_leak,2,1556,778047,105
33,large_leak,2,1557,778547,117
33,large_leak,2,1558,779047,118
33,large_leak,2,1559,779547,134
33,large_leak,2,1560,780047,135
33,large_leak,2,1561,780547,123
33,large_leak,2,1562,781047,105
33,large_leak,2,1563,781547,86
33,large_leak,2,1564,782047,69
33,large_leak,2,1565,782547,54
33,large_leak,2,1566,783047,37
33,large_leak,2,1567,783547,23
33,large_leak,2,1568,784047,24
33,large_leak,2,1569,784547,29
33,large_leak,2,1570,785047,31
33,large_leak,2,1571,785547,43
33,large_leak,2,1572,786047,52
33,large_leak,2,1573,786547,67
33,large_leak,2,1574,787047,98
33,large_leak,2,1575,787547,135
33,large_leak,2,1576,788047,155
33,large_leak,2,1577,788547,181
33,large_leak,2,1578,789047,202
33,large_leak,2,1579,789547,199
33,large_leak,2,1580,790047,185
33,large_leak,2,1581,790547,173
33,large_leak,2,1582,791047,151
33,large_leak,2,1583,791547,133
33,large_leak,2,1584,792047,119
33,large_leak,2,1585,792547,108
33,large_leak,2,1586,793047,105
33,large_leak,2,1587,793547,103
33,large_leak,2,1588,794047,91
33,large_leak,2,1589,794547,77
33,large_leak,2,1590,795047,77
33,large_leak,2,1591,795547,70
33,large_leak,2,1592,796047,76
33,large_leak,2,1593,796547,89
33,large_leak,2,1594,797047,105
33,large_leak,2,1595,797547,115
33,large_leak,2,1596,798047,124
33,large_leak,2,1597,798547,138
33,large_leak,2,1598,799047,143
33,large_leak,2,1599,799547,148
33,large_leak,2,1600,800047,139
33,large_leak,2,1601,800547,137
33,large_leak,2,1602,801047,140
33,large_leak,2,1603,801547,133
33,large_leak,2,1604,802047,125
33,large_leak,2,1605,802547,121
33,large_leak,2,1606,803047,119
33,large_leak,2,1607,803547,132
33,large_leak,2,1608,804047,138
33,large_leak,2,1609,804547,145
33,large_leak,2,1610,805047,141
33,large_leak,2,1611,805547,143
33,large_leak,2,1612,806047,149
33,large_leak,2,1613,806547,148
33,large_leak,2,1614,807047,158
33,large_leak,2,1615,807547,151
33,large_leak,2,1616,808047,148
33,large_leak,2,1617,808547,143
33,large_leak,2,1618,809047,121
33,large_leak,2,1619,809547,104
33,large_leak,2,1620,810047,95
33,large_leak,2,1621,810547,63
33,large_leak,2,1622,811047,28
33,large_leak,2,1623,811547,20
33,large_leak,2,1624,812047,0
33,large_leak,2,1625,812547,0
33,large_leak,2,1626,813047,0
33,large_leak,2,1627,813547,0
33,large_leak,2,1628,814047,0
33,large_leak,2,1629,814547,0
33,large_leak,2,1630,815047,11
33,large_leak,2,1631,815547,18
33,large_leak,2,1632,816047,33
33,large_leak,2,1633,816547,39
33,large_leak,2,1634,817047,52
33,large_leak,2,1635,817547,57
33,large_leak,2,1636,818047,59
33,large_leak,2,1637,818547,55
33,large_leak,2,1638,819047,60
33,large_leak,2,1639,819547,85
33,large_leak,2,1640,820047,93
33,large_leak,2,1641,820547,103
33,large_leak,2,1642,821047,117
33,large_leak,2,1643,821547,122
33,large_leak,2,1644,822047,127
33,large_leak,2,1645,822547,120
33,large_leak,2,1646,823047,88
33,large_leak,2,1647,823547,59
33,large_leak,2,1648,824047,52
33,large_leak,2,1649,824547,59
33,large_leak,2,1650,825047,44
33,large_leak,2,1651,825547,13
33,large_leak,2,1652,826047,0
33,large_leak,2,1653,826547,0
33,large_leak,2,1654,827047,0
33,large_leak,2,1655,827547,0
33,large_leak,2,1656,828047,0
33,large_leak,2,1657,828547,0
33,large_leak,2,1658,829047,0
33,large_leak,2,1659,829547,0
33,large_leak,2,1660,830047,0
33,large_leak,2,1661,830547,0
33,large_leak,2,1662,831047,55
33,large_leak,2,1663,831547,94
33,large_leak,2,1664,832047,147
33,large_leak,2,1665,832547,191
33,large_leak,2,1666,833047,223
33,large_leak,2,1667,833547,228
33,large_leak,2,1668,834047,216
33,large_leak,2,1669,834547,185
33,large_leak,2,1670,835047,127
33,large_leak,2,1671,835547,69
33,large_leak,2,1672,836047,20
33,large_leak,2,1673,836547,0
33,large_leak,2,1674,837047,0
33,large_leak,2,1675,837547,0
33,large_leak,2,1676,838047,0
33,large_leak,2,1677,838547,0
33,large_leak,2,1678,839047,0
33,large_leak,2,1679,839547,0
33,large_leak,2,1680,840047,0
33,large_leak,2,1681,840547,0
33,large_leak,2,1682,841047,0
33,large_leak,2,1683,841547,40
33,large_leak,2,1684,842047,94
33,large_leak,2,1685,842547,133
33,large_leak,2,1686,843047,157
33,large_leak,2,1687,843547,186
33,large_leak,2,1688,844047,215
33,large_leak,2,1689,844547,229
33,large_leak,2,1690,845047,227
33,large_leak,2,1691,845547,205
33,large_leak,2,1692,846047,173
33,large_leak,2,1693,846547,133
33,large_leak,2,1694,847047,87
33,large_leak,2,1695,847547,41
33,large_leak,2,1696,848047,11
33,large_leak,2,1697,848547,4
33,large_leak,2,1698,849047,11
33,large_leak,2,1699,849547,22
33,large_leak,2,1700,850047,4
33,large_leak,2,1701,850547,3
33,large_leak,2,1702,851047,30
33,large_leak,2,1703,851547,75
33,large_leak,2,1704,852047,123
33,large_leak,2,1705,852547,151
33,large_leak,2,1706,853047,163
33,large_leak,2,1707,853547,167
33,large_leak,2,1708,854047,172
33,large_leak,2,1709,854547,173
33,large_leak,2,1710,855047,165
33,large_leak,2,1711,855547,164
33,large_leak,2,1712,856047,143
33,large_leak,2,1713,856547,102
33,large_leak,2,1714,857047,73
33,large_leak,2,1715,857547,55
33,large_leak,2,1716,858047,43
33,large_leak,2,1717,858547,30
33,large_leak,2,1718,859047,20
33,large_leak,2,1719,859547,5
33,large_leak,2,1720,860047,25
33,large_leak,2,1721,860547,44
33,large_leak,2,1722,861047,47
33,large_leak,2,1723,861547,39
33,large_leak,2,1724,862047,11
33,large_leak,2,1725,862547,0
33,large_leak,2,1726,863047,0
33,large_leak,2,1727,863547,0
33,large_leak,2,1728,864047,0
33,large_leak,2,1729,864547,0
33,large_leak,2,1730,865047,0
33,large_leak,2,1731,865547,0
33,large_leak,2,1732,866047,0
33,large_leak,2,1733,866547,0
33,large_leak,2,1734,867047,0
33,large_leak,2,1735,867547,75
33,large_leak,2,1736,868047,120
33,large_leak,2,1737,868547,139
33,large_leak,2,1738,869047,148
33,large_leak,2,1739,869547,147
33,large_leak,2,1740,870047,135
33,large_leak,2,1741,870547,109
33,large_leak,2,1742,871047,77
33,large_leak,2,1743,871547,51
33,large_leak,2,1744,872047,28
33,large_leak,2,1745,872547,8
33,large_leak,2,1746,873047,1
33,large_leak,2,1747,873547,4
33,large_leak,2,1748,874047,1
33,large_leak,2,1749,874547,11
33,large_leak,2,1750,875047,30
33,large_leak,2,1751,875547,43
33,large_leak,2,1752,876047,39
33,large_leak,2,1753,876547,25
33,large_leak,2,1754,877047,20
33,large_leak,2,1755,877547,23
33,large_leak,2,1756,878047,37
33,large_leak,2,1757,878547,57
33,large_leak,2,1758,879047,78
33,large_leak,2,1759,879547,101
33,large_leak,2,1760,880047,119
33,large_leak,2,1761,880547,135
33,large_leak,2,1762,881047,133
33,large_leak,2,1763,881547,119
33,large_leak,2,1764,882047,105
33,large_leak,2,1765,882547,100
33,large_leak,2,1766,883047,99
33,large_leak,2,1767,883547,87
33,large_leak,2,1768,884047,69
33,large_leak,2,1769,884547,53
33,large_leak,2,1770,885047,41
33,large_leak,2,1771,885547,21
33,large_leak,2,1772,886047,22
33,large_leak,2,1773,886547,17
33,large_leak,2,1774,887047,12
33,large_leak,2,1775,887547,17
33,large_leak,2,1776,888047,13
33,large_leak,2,1777,888547,17
33,large_leak,2,1778,889047,25
33,large_leak,2,1779,889547,31
33,large_leak,2,1780,890047,43
33,large_leak,2,1781,890547,50
33,large_leak,2,1782,891048,56
33,large_leak,2,1783,891547,38
33,large_leak,2,1784,892047,56
33,large_leak,2,1785,892547,73
33,large_leak,2,1786,893047,79
33,large_leak,2,1787,893547,79
33,large_leak,2,1788,894047,73
33,large_leak,2,1789,894547,73
33,large_leak,2,1790,895047,101
33,large_leak,2,1791,895547,117
33,large_leak,2,1792,896047,137
33,large_leak,2,1793,896547,151
33,large_leak,2,1794,897047,155
33,large_leak,2,1795,897547,165
33,large_leak,2,1796,898047,181
33,large_leak,2,1797,898547,187
33,large_leak,2,1798,899047,187
33,large_leak,2,1799,899547,179
33,large_leak,2,1800,900047,165
33,large_leak,2,1801,900547,152
33,large_leak,2,1802,901047,133
33,large_leak,2,1803,901547,120
33,large_leak,2,1804,902047,104
33,large_leak,2,1805,902547,73
33,large_leak,2,1806,903047,45
33,large_leak,2,1807,903547,31
33,large_leak,2,1808,904047,9
33,large_leak,2,1809,904547,0
33,large_leak,2,1810,905047,0
33,large_leak,2,1811,905547,0
33,large_leak,2,1812,906047,0
33,large_leak,2,1813,906547,0
33,large_leak,2,1814,907047,0
33,large_leak,2,1815,907547,0
33,large_leak,2,1816,908047,0
33,large_leak,2,1817,908547,3
33,large_leak,2,1818,909047,21
33,large_leak,2,1819,909547,39
33,large_leak,2,1820,910047,51
33,large_leak,2,1821,910547,54
33,large_leak,2,1822,911047,55
33,large_leak,2,1823,911547,61
33,large_leak,2,1824,912047,90
33,large_leak,2,1825,912547,89
33,large_leak,2,1826,913047,87
33,large_leak,2,1827,913547,83
33,large_leak,2,1828,914047,91
33,large_leak,2,1829,914547,77
33,large_leak,2,1830,915047,73
33,large_leak,2,1831,915547,75
33,large_leak,2,1832,916047,75
33,large_leak,2,1833,916547,89
33,large_leak,2,1834,917047,119
33,large_leak,2,1835,917547,136
33,large_leak,2,1836,918047,139
33,large_leak,2,1837,918547,135
33,large_leak,2,1838,919047,133
33,large_leak,2,1839,919547,125
33,large_leak,2,1840,920047,135
33,large_leak,2,1841,920547,143
33,large_leak,2,1842,921047,137
33,large_leak,2,1843,921547,143
33,large_leak,2,1844,922047,139
33,large_leak,2,1845,922547,135
33,large_leak,2,1846,923047,125
33,large_leak,2,1847,923547,136
33,large_leak,2,1848,924047,135
33,large_leak,2,1849,924547,109
33,large_leak,2,1850,925047,92
33,large_leak,2,1851,925547,87
33,large_leak,2,1852,926047,100
33,large_leak,2,1853,926547,107
33,large_leak,2,1854,927047,89
33,large_leak,2,1855,927547,77
33,large_leak,2,1856,928047,61
33,large_leak,2,1857,928547,53
33,large_leak,2,1858,929047,36
33,large_leak,2,1859,929547,19
33,large_leak,2,1860,930047,0
33,large_leak,2,1861,930547,0
33,large_leak,2,1862,931047,0
33,large_leak,2,1863,931547,0
33,large_leak,2,1864,932047,0
33,large_leak,2,1865,932547,0
33,large_leak,2,1866,933047,0
33,large_leak,2,1867,933547,0
33,large_leak,2,1868,934047,0
33,large_leak,2,1869,934547,0
33,large_leak,2,1870,935047,42
33,large_leak,2,1871,935547,71
33,large_leak,2,1872,936047,93
33,large_leak,2,1873,936547,117
33,large_leak,2,1874,937047,135
33,large_leak,2,1875,937547,147
33,large_leak,2,1876,938047,173
33,large_leak,2,1877,938547,185
33,large_leak,2,1878,939047,205
33,large_leak,2,1879,939547,215
33,large_leak,2,1880,940047,211
33,large_leak,2,1881,940547,201
33,large_leak,2,1882,941047,189
33,large_leak,2,1883,941547,173
33,large_leak,2,1884,942047,143
33,large_leak,2,1885,942547,134
33,large_leak,2,1886,943047,133
33,large_leak,2,1887,943547,146
33,large_leak,2,1888,944047,168
33,large_leak,2,1889,944547,184
33,large_leak,2,1890,945047,191
33,large_leak,2,1891,945547,181
33,large_leak,2,1892,946047,158
33,large_leak,2,1893,946547,147
33,large_leak,2,1894,947047,132
33,large_leak,2,1895,947547,110
33,large_leak,2,1896,948047,85
33,large_leak,2,1897,948547,73
33,large_leak,2,1898,949047,71
33,large_leak,2,1899,949547,83
33,large_leak,2,1900,950047,99
33,large_leak,2,1901,950547,106
33,large_leak,2,1902,951047,107
33,large_leak,2,1903,951547,103
33,large_leak,2,1904,952047,85
33,large_leak,2,1905,952547,77
33,large_leak,2,1906,953047,93
33,large_leak,2,1907,953547,103
33,large_leak,2,1908,954047,91
33,large_leak,2,1909,954547,63
33,large_leak,2,1910,955047,61
33,large_leak,2,1911,955547,71
33,large_leak,2,1912,956047,87
33,large_leak,2,1913,956547,115
33,large_leak,2,1914,957047,133
33,large_leak,2,1915,957547,147
33,large_leak,2,1916,958047,179
33,large_leak,2,1917,958547,219
33,large_leak,2,1918,959047,249
33,large_leak,2,1919,959547,271
33,large_leak,2,1920,960047,293
33,large_leak,2,1921,960547,295
33,large_leak,2,1922,961047,269
33,large_leak,2,1923,961547,237
33,large_leak,2,1924,962047,205
33,large_leak,2,1925,962547,175
33,large_leak,2,1926,963047,135
33,large_leak,2,1927,963547,93
33,large_leak,2,1928,964047,79
33,large_leak,2,1929,964547,75
33,large_leak,2,1930,965047,73
33,large_leak,2,1931,965547,61
33,large_leak,2,1932,966047,61
33,large_leak,2,1933,966547,85
33,large_leak,2,1934,967047,99
33,large_leak,2,1935,967547,101
33,large_leak,2,1936,968047,95
33,large_leak,2,1937,968547,101
33,large_leak,2,1938,969047,97
33,large_leak,2,1939,969547,88
33,large_leak,2,1940,970047,90
33,large_leak,2,1941,970547,83
33,large_leak,2,1942,971047,63
33,large_leak,2,1943,971547,45
33,large_leak,2,1944,972047,31
33,large_leak,2,1945,972547,21
33,large_leak,2,1946,973047,5
33,large_leak,2,1947,973547,0
33,large_leak,2,1948,974047,0
33,large_leak,2,1949,974547,3
33,large_leak,2,1950,975047,5
33,large_leak,2,1951,975547,38
33,large_leak,2,1952,976047,47
33,large_leak,2,1953,976547,38
33,large_leak,2,1954,977047,23
33,large_leak,2,1955,977547,4
33,large_leak,2,1956,978047,0
33,large_leak,2,1957,978547,0
33,large_leak,2,1958,979047,0
33,large_leak,2,1959,979547,0
33,large_leak,2,1960,980047,0
33,large_leak,2,1961,980547,0
33,large_leak,2,1962,981047,0
33,large_leak,2,1963,981547,23
33,large_leak,2,1964,982047,41
33,large_leak,2,1965,982547,52
33,large_leak,2,1966,983047,62
33,large_leak,2,1967,983547,69
33,large_leak,2,1968,984047,72
33,large_leak,2,1969,984547,57
33,large_leak,2,1970,985047,37
33,large_leak,2,1971,985547,28
33,large_leak,2,1972,986047,21
33,large_leak,2,1973,986547,20
33,large_leak,2,1974,987047,13
33,large_leak,2,1975,987547,9
33,large_leak,2,1976,988047,0
33,large_leak,2,1977,988547,7
33,large_leak,2,1978,989047,0
33,large_leak,2,1979,989547,21
33,large_leak,2,1980,990047,29
33,large_leak,2,1981,990547,31
33,large_leak,2,1982,991047,25
33,large_leak,2,1983,991547,25
33,large_leak,2,1984,992047,31
33,large_leak,2,1985,992547,35
33,large_leak,2,1986,993047,40
33,large_leak,2,1987,993547,44
33,large_leak,2,1988,994047,52
33,large_leak,2,1989,994547,61
33,large_leak,2,1990,995047,75
33,large_leak,2,1991,995547,91
33,large_leak,2,1992,996047,115
33,large_leak,2,1993,996547,141
33,large_leak,2,1994,997047,142
33,large_leak,2,1995,997547,175
33,large_leak,2,1996,998047,181
33,large_leak,2,1997,998547,181
33,large_leak,2,1998,999047,184
33,large_leak,2,1999,999547,179
33,large_leak,3,0,48,191
33,large_leak,3,1,547,181
33,large_leak,3,2,1047,165
33,large_leak,3,3,1547,148
33,large_leak,3,4,2047,137
33,large_leak,3,5,2547,133
33,large_leak,3,6,3047,120
33,large_leak,3,7,3547,106
33,large_leak,3,8,4047,91
33,large_leak,3,9,4547,79
33,large_leak,3,10,5047,79
33,large_leak,3,11,5547,85
33,large_leak,3,12,6047,84
33,large_leak,3,13,6547,84
33,large_leak,3,14,7047,68
33,large_leak,3,15,7547,53
33,large_leak,3,16,8047,61
33,large_leak,3,17,8547,62
33,large_leak,3,18,9047,48
33,large_leak,3,19,9547,36
33,large_leak,3,20,10047,39
33,large_leak,3,21,10547,29
33,large_leak,3,22,11047,28
33,large_leak,3,23,11547,41
33,large_leak,3,24,12047,46
33,large_leak,3,25,12547,52
33,large_leak,3,26,13047,61
33,large_leak,3,27,13547,58
33,large_leak,3,28,14047,61
33,large_leak,3,29,14547,73
33,large_leak,3,30,15047,78
33,large_leak,3,31,15547,77
33,large_leak,3,32,16047,79
33,large_leak,3,33,16547,87
33,large_leak,3,34,17047,91
33,large_leak,3,35,17547,98
33,large_leak,3,36,18047,121
33,large_leak,3,37,18547,151
33,large_leak,3,38,19047,158
33,large_leak,3,39,19547,157
33,large_leak,3,40,20047,160
33,large_leak,3,41,20547,163
33,large_leak,3,42,21047,166
33,large_leak,3,43,21547,181
33,large_leak,3,44,22047,199
33,large_leak,3,45,22547,187
33,large_leak,3,46,23047,167
33,large_leak,3,47,23547,154
33,large_leak,3,48,24047,159
33,large_leak,3,49,24547,180
33,large_leak,3,50,25047,199
33,large_leak,3,51,25547,203
33,large_leak,3,52,26047,191
33,large_leak,3,53,26547,188
33,large_leak,3,54,27047,184
33,large_leak,3,55,27547,171
33,large_leak,3,56,28047,151
33,large_leak,3,57,28547,127
33,large_leak,3,58,29047,123
33,large_leak,3,59,29547,125
33,large_leak,3,60,30047,148
33,large_leak,3,61,30547,154
33,large_leak,3,62,31047,155
33,large_leak,3,63,31547,157
33,large_leak,3,64,32047,153
33,large_leak,3,65,32547,138
33,large_leak,3,66,33047,105
33,large_leak,3,67,33547,57
33,large_leak,3,68,34047,21
33,large_leak,3,69,34547,0
33,large_leak,3,70,35047,0
33,large_leak,3,71,35547,0
33,large_leak,3,72,36047,0
33,large_leak,3,73,36547,0
33,large_leak,3,74,37047,0
33,large_leak,3,75,37547,0
33,large_leak,3,76,38047,0
33,large_leak,3,77,38547,0
33,large_leak,3,78,39047,0
33,large_leak,3,79,39547,0
33,large_leak,3,80,40047,25
33,large_leak,3,81,40547,51
33,large_leak,3,82,41047,78
33,large_leak,3,83,41547,116
33,large_leak,3,84,42047,168
33,large_leak,3,85,42547,208
33,large_leak,3,86,43047,227
33,large_leak,3,87,43547,246
33,large_leak,3,88,44047,260
33,large_leak,3,89,44547,254
33,large_leak,3,90,45047,239
33,large_leak,3,91,45547,227
33,large_leak,3,92,46047,185
33,large_leak,3,93,46547,151
33,large_leak,3,94,47047,145
33,large_leak,3,95,47547,149
33,large_leak,3,96,48047,139
33,large_leak,3,97,48547,142
33,large_leak,3,98,49047,159
33,large_leak,3,99,49547,167
33,large_leak,3,100,50047,177
33,large_leak,3,101,50547,189
33,large_leak,3,102,51047,192
33,large_leak,3,103,51547,188
33,large_leak,3,104,52047,179
33,large_leak,3,105,52547,168
33,large_leak,3,106,53047,155
33,large_leak,3,107,53547,140
33,large_leak,3,108,54047,107
33,large_leak,3,109,54547,85
33,large_leak,3,110,55047,69
33,large_leak,3,111,55547,57
33,large_leak,3,112,56047,73
33,large_leak,3,113,56547,86
33,large_leak,3,114,57047,98
33,large_leak,3,115,57547,114
33,large_leak,3,116,58047,125
33,large_leak,3,117,58547,136
33,large_leak,3,118,59047,147
33,large_leak,3,119,59547,152
33,large_leak,3,120,60047,167
33,large_leak,3,121,60547,187
33,large_leak,3,122,61047,197
33,large_leak,3,123,61547,209
33,large_leak,3,124,62047,219
33,large_leak,3,125,62547,213
33,large_leak,3,126,63047,205
33,large_leak,3,127,63547,203
33,large_leak,3,128,64047,191
33,large_leak,3,129,64547,168
33,large_leak,3,130,65047,152
33,large_leak,3,131,65547,138
33,large_leak,3,132,66047,122
33,large_leak,3,133,66547,134
33,large_leak,3,134,67047,135
33,large_leak,3,135,67547,119
33,large_leak,3,136,68047,119
33,large_leak,3,137,68547,127
33,large_leak,3,138,69047,151
33,large_leak,3,139,69547,160
33,large_leak,3,140,70047,154
33,large_leak,3,141,70547,135
33,large_leak,3,142,71047,124
33,large_leak,3,143,71547,136
33,large_leak,3,144,72047,134
33,large_leak,3,145,72547,99
33,large_leak,3,146,73047,61
33,large_leak,3,147,73547,37
33,large_leak,3,148,74047,12
33,large_leak,3,149,74547,0
33,large_leak,3,150,75047,0
33,large_leak,3,151,75547,0
33,large_leak,3,152,76047,0
33,large_leak,3,153,76547,0
33,large_leak,3,154,77047,0
33,large_leak,3,155,77547,0
33,large_leak,3,156,78047,0
33,large_leak,3,157,78547,25
33,large_leak,3,158,79047,55
33,large_leak,3,159,79547,73
33,large_leak,3,160,80047,106
33,large_leak,3,161,80547,147
33,large_leak,3,162,81047,141
33,large_leak,3,163,81547,136
33,large_leak,3,164,82047,146
33,large_leak,3,165,82547,168
33,large_leak,3,166,83047,185
33,large_leak,3,167,83547,153
33,large_leak,3,168,84047,102
33,large_leak,3,169,84547,75
33,large_leak,3,170,85047,51
33,large_leak,3,171,85547,19
33,large_leak,3,172,86047,0
33,large_leak,3,173,86547,0
33,large_leak,3,174,87047,0
33,large_leak,3,175,87547,0
33,large_leak,3,176,88047,0
33,large_leak,3,177,88547,0
33,large_leak,3,178,89047,0
33,large_leak,3,179,89547,0
33,large_leak,3,180,90047,29
33,large_leak,3,181,90547,53
33,large_leak,3,182,91047,78
33,large_leak,3,183,91547,101
33,large_leak,3,184,92047,108
33,large_leak,3,185,92547,107
33,large_leak,3,186,93047,98
33,large_leak,3,187,93547,74
33,large_leak,3,188,94047,46
33,large_leak,3,189,94547,27
33,large_leak,3,190,95047,5
33,large_leak,3,191,95547,0
33,large_leak,3,192,96047,0
33,large_leak,3,193,96547,0
33,large_leak,3,194,97047,0
33,large_leak,3,195,97547,0
33,large_leak,3,196,98047,0
33,large_leak,3,197,98547,0
33,large_leak,3,198,99047,0
33,large_leak,3,199,99547,0
33,large_leak,3,200,100047,1
33,large_leak,3,201,100547,37
33,large_leak,3,202,101047,56
33,large_leak,3,203,101547,73
33,large_leak,3,204,102047,82
33,large_leak,3,205,102547,87
33,large_leak,3,206,103047,88
33,large_leak,3,207,103547,78
33,large_leak,3,208,104047,70
33,large_leak,3,209,104547,53
33,large_leak,3,210,105047,51
33,large_leak,3,211,105547,56
33,large_leak,3,212,106047,47
33,large_leak,3,213,106547,39
33,large_leak,3,214,107047,29
33,large_leak,3,215,107547,24
33,large_leak,3,216,108047,10
33,large_leak,3,217,108547,1
33,large_leak,3,218,109047,0
33,large_leak,3,219,109547,0
33,large_leak,3,220,110047,7
33,large_leak,3,221,110547,8
33,large_leak,3,222,111047,10
33,large_leak,3,223,111547,21
33,large_leak,3,224,112047,42
33,large_leak,3,225,112547,72
33,large_leak,3,226,113047,91
33,large_leak,3,227,113547,88
33,large_leak,3,228,114047,79
33,large_leak,3,229,114547,63
33,large_leak,3,230,115047,55
33,large_leak,3,231,115547,55
33,large_leak,3,232,116047,55
33,large_leak,3,233,116547,43
33,large_leak,3,234,117047,39
33,large_leak,3,235,117547,57
33,large_leak,3,236,118047,76
33,large_leak,3,237,118547,62
33,large_leak,3,238,119047,63
33,large_leak,3,239,119547,47
33,large_leak,3,240,120047,15
33,large_leak,3,241,120547,0
33,large_leak,3,242,121047,0
33,large_leak,3,243,121547,0
33,large_leak,3,244,122047,0
33,large_leak,3,245,122547,0
33,large_leak,3,246,123047,0
33,large_leak,3,247,123547,7
33,large_leak,3,248,124047,29
33,large_leak,3,249,124547,56
33,large_leak,3,250,125047,95
33,large_leak,3,251,125547,123
33,large_leak,3,252,126047,147
33,large_leak,3,253,126547,165
33,large_leak,3,254,127047,180
33,large_leak,3,255,127547,180
33,large_leak,3,256,128047,167
33,large_leak,3,257,128547,147
33,large_leak,3,258,129047,136
33,large_leak,3,259,129547,135
33,large_leak,3,260,130047,119
33,large_leak,3,261,130547,100
33,large_leak,3,262,131047,91
33,large_leak,3,263,131547,71
33,large_leak,3,264,132047,55
33,large_leak,3,265,132547,45
33,large_leak,3,266,133047,28
33,large_leak,3,267,133547,7
33,large_leak,3,268,134047,18
33,large_leak,3,269,134547,35
33,large_leak,3,270,135047,35
33,large_leak,3,271,135547,51
33,large_leak,3,272,136047,69
33,large_leak,3,273,136547,77
33,large_leak,3,274,137047,84
33,large_leak,3,275,137547,79
33,large_leak,3,276,138047,61
33,large_leak,3,277,138547,55
33,large_leak,3,278,139047,59
33,large_leak,3,279,139547,57
33,large_leak,3,280,140047,57
33,large_leak,3,281,140547,56
33,large_leak,3,282,141047,61
33,large_leak,3,283,141547,76
33,large_leak,3,284,142047,83
33,large_leak,3,285,142547,83
33,large_leak,3,286,143047,91
33,large_leak,3,287,143547,101
33,large_leak,3,288,144047,117
33,large_leak,3,289,144547,135
33,large_leak,3,290,145047,141
33,large_leak,3,291,145547,135
33,large_leak,3,292,146047,151
33,large_leak,3,293,146547,179
33,large_leak,3,294,147047,179
33,large_leak,3,295,147547,163
33,large_leak,3,296,148047,165
33,large_leak,3,297,148547,170
33,large_leak,3,298,149047,167
33,large_leak,3,299,149547,152
33,large_leak,3,300,150047,127
33,large_leak,3,301,150547,106
33,large_leak,3,302,151047,116
33,large_leak,3,303,151547,139
33,large_leak,3,304,152047,149
33,large_leak,3,305,152547,147
33,large_leak,3,306,153047,125
33,large_leak,3,307,153547,117
33,large_leak,3,308,154047,123
33,large_leak,3,309,154547,127
33,large_leak,3,310,155047,119
33,large_leak,3,311,155547,105
33,large_leak,3,312,156047,117
33,large_leak,3,313,156547,140
33,large_leak,3,314,157047,157
33,large_leak,3,315,157547,179
33,large_leak,3,316,158047,205
33,large_leak,3,317,158547,217
33,large_leak,3,318,159047,211
33,large_leak,3,319,159547,190
33,large_leak,3,320,160047,183
33,large_leak,3,321,160547,166
33,large_leak,3,322,161047,149
33,large_leak,3,323,161547,123
33,large_leak,3,324,162047,93
33,large_leak,3,325,162547,56
33,large_leak,3,326,163047,41
33,large_leak,3,327,163547,37
33,large_leak,3,328,164047,25
33,large_leak,3,329,164547,24
33,large_leak,3,330,165047,13
33,large_leak,3,331,165547,6
33,large_leak,3,332,166047,7
33,large_leak,3,333,166547,0
33,large_leak,3,334,167047,3
33,large_leak,3,335,167547,5
33,large_leak,3,336,168047,10
33,large_leak,3,337,168547,28
33,large_leak,3,338,169047,40
33,large_leak,3,339,169547,35
33,large_leak,3,340,170047,37
33,large_leak,3,341,170547,55
33,large_leak,3,342,171047,73
33,large_leak,3,343,171547,83
33,large_leak,3,344,172047,61
33,large_leak,3,345,172547,69
33,large_leak,3,346,173047,99
33,large_leak,3,347,173547,105
33,large_leak,3,348,174047,105
33,large_leak,3,349,174547,101
33,large_leak,3,350,175047,102
33,large_leak,3,351,175547,99
33,large_leak,3,352,176047,87
33,large_leak,3,353,176547,93
33,large_leak,3,354,177047,89
33,large_leak,3,355,177547,60
33,large_leak,3,356,178047,51
33,large_leak,3,357,178547,31
33,large_leak,3,358,179047,19
33,large_leak,3,359,179547,28
33,large_leak,3,360,180047,47
33,large_leak,3,361,180547,54
33,large_leak,3,362,181047,57
33,large_leak,3,363,181547,60
33,large_leak,3,364,182047,45
33,large_leak,3,365,182547,26
33,large_leak,3,366,183047,2
33,large_leak,3,367,183547,0
33,large_leak,3,368,184047,0
33,large_leak,3,369,184547,0
33,large_leak,3,370,185047,0
33,large_leak,3,371,185547,0
33,large_leak,3,372,186047,0
33,large_leak,3,373,186547,0
33,large_leak,3,374,187047,0
33,large_leak,3,375,187547,0
33,large_leak,3,376,188047,0
33,large_leak,3,377,188547,0
33,large_leak,3,378,189047,0
33,large_leak,3,379,189547,12
33,large_leak,3,380,190047,28
33,large_leak,3,381,190547,54
33,large_leak,3,382,191047,91
33,large_leak,3,383,191547,119
33,large_leak,3,384,192047,115
33,large_leak,3,385,192547,115
33,large_leak,3,386,193047,137
33,large_leak,3,387,193547,148
33,large_leak,3,388,194047,149
33,large_leak,3,389,194547,153
33,large_leak,3,390,195047,165
33,large_leak,3,391,195547,160
33,large_leak,3,392,196047,151
33,large_leak,3,393,196547,139
33,large_leak,3,394,197047,125
33,large_leak,3,395,197547,121
33,large_leak,3,396,198047,109
33,large_leak,3,397,198547,89
33,large_leak,3,398,199047,87
33,large_leak,3,399,199547,86
33,large_leak,3,400,200047,93
33,large_leak,3,401,200547,99
33,large_leak,3,402,201047,103
33,large_leak,3,403,201547,104
33,large_leak,3,404,202047,142
33,large_leak,3,405,202547,165
33,large_leak,3,406,203047,153
33,large_leak,3,407,203547,136
33,large_leak,3,408,204047,117
33,large_leak,3,409,204547,95
33,large_leak,3,410,205047,83
33,large_leak,3,411,205547,69
33,large_leak,3,412,206047,69
33,large_leak,3,413,206547,89
33,large_leak,3,414,207047,103
33,large_leak,3,415,207547,105
33,large_leak,3,416,208047,105
33,large_leak,3,417,208547,103
33,large_leak,3,418,209047,101
33,large_leak,3,419,209547,105
33,large_leak,3,420,210047,93
33,large_leak,3,421,210547,57
33,large_leak,3,422,211047,28
33,large_leak,3,423,211547,7
33,large_leak,3,424,212047,13
33,large_leak,3,425,212547,21
33,large_leak,3,426,213047,5
33,large_leak,3,427,213547,0
33,large_leak,3,428,214047,0
33,large_leak,3,429,214547,0
33,large_leak,3,430,215047,0
33,large_leak,3,431,215547,7
33,large_leak,3,432,216047,11
33,large_leak,3,433,216547,16
33,large_leak,3,434,217047,13
33,large_leak,3,435,217547,17
33,large_leak,3,436,218047,23
33,large_leak,3,437,218547,36
33,large_leak,3,438,219047,38
33,large_leak,3,439,219547,43
33,large_leak,3,440,220047,47
33,large_leak,3,441,220547,61
33,large_leak,3,442,221047,83
33,large_leak,3,443,221547,91
33,large_leak,3,444,222047,103
33,large_leak,3,445,222547,109
33,large_leak,3,446,223047,119
33,large_leak,3,447,223547,140
33,large_leak,3,448,224047,169
33,large_leak,3,449,224547,197
33,large_leak,3,450,225047,204
33,large_leak,3,451,225547,206
33,large_leak,3,452,226047,205
33,large_leak,3,453,226547,212
33,large_leak,3,454,227047,206
33,large_leak,3,455,227547,187
33,large_leak,3,456,228047,169
33,large_leak,3,457,228547,147
33,large_leak,3,458,229047,127
33,large_leak,3,459,229547,111
33,large_leak,3,460,230047,104
33,large_leak,3,461,230547,87
33,large_leak,3,462,231047,62
33,large_leak,3,463,231547,51
33,large_leak,3,464,232047,53
33,large_leak,3,465,232547,55
33,large_leak,3,466,233047,48
33,large_leak,3,467,233547,55
33,large_leak,3,468,234047,87
33,large_leak,3,469,234547,105
33,large_leak,3,470,235047,125
33,large_leak,3,471,235547,160
33,large_leak,3,472,236047,188
33,large_leak,3,473,236547,203
33,large_leak,3,474,237047,213
33,large_leak,3,475,237547,210
33,large_leak,3,476,238047,201
33,large_leak,3,477,238547,183
33,large_leak,3,478,239047,141
33,large_leak,3,479,239547,79
33,large_leak,3,480,240047,39
33,large_leak,3,481,240547,7
33,large_leak,3,482,241047,0
33,large_leak,3,483,241547,0
33,large_leak,3,484,242047,0
33,large_leak,3,485,242547,0
33,large_leak,3,486,243047,0
33,large_leak,3,487,243547,19
33,large_leak,3,488,244047,31
33,large_leak,3,489,244547,42
33,large_leak,3,490,245047,46
33,large_leak,3,491,245547,55
33,large_leak,3,492,246047,58
33,large_leak,3,493,246547,52
33,large_leak,3,494,247047,62
33,large_leak,3,495,247547,79
33,large_leak,3,496,248047,93
33,large_leak,3,497,248547,101
33,large_leak,3,498,249047,103
33,large_leak,3,499,249547,105
33,large_leak,3,500,250047,111
33,large_leak,3,501,250547,124
33,large_leak,3,502,251047,135
33,large_leak,3,503,251547,141
33,large_leak,3,504,252047,137
33,large_leak,3,505,252547,123
33,large_leak,3,506,253047,123
33,large_leak,3,507,253547,136
33,large_leak,3,508,254047,137
33,large_leak,3,509,254547,137
33,large_leak,3,510,255047,143
33,large_leak,3,511,255547,141
33,large_leak,3,512,256047,137
33,large_leak,3,513,256547,154
33,large_leak,3,514,257047,167
33,large_leak,3,515,257547,157
33,large_leak,3,516,258047,155
33,large_leak,3,517,258547,148
33,large_leak,3,518,259047,109
33,large_leak,3,519,259547,92
33,large_leak,3,520,260047,91
33,large_leak,3,521,260547,71
33,large_leak,3,522,261047,41
33,large_leak,3,523,261547,25
33,large_leak,3,524,262047,17
33,large_leak,3,525,262547,12
33,large_leak,3,526,263047,17
33,large_leak,3,527,263547,11
33,large_leak,3,528,264047,20
33,large_leak,3,529,264547,31
33,large_leak,3,530,265047,53
33,large_leak,3,531,265547,85
33,large_leak,3,532,266047,111
33,large_leak,3,533,266547,126
33,large_leak,3,534,267047,141
33,large_leak,3,535,267547,151
33,large_leak,3,536,268047,153
33,large_leak,3,537,268547,155
33,large_leak,3,538,269047,139
33,large_leak,3,539,269547,120
33,large_leak,3,540,270047,116
33,large_leak,3,541,270547,99
33,large_leak,3,542,271047,79
33,large_leak,3,543,271547,73
33,large_leak,3,544,272047,51
33,large_leak,3,545,272547,29
33,large_leak,3,546,273047,21
33,large_leak,3,547,273547,21
33,large_leak,3,548,274047,31
33,large_leak,3,549,274547,43
33,large_leak,3,550,275047,47
33,large_leak,3,551,275547,43
33,large_leak,3,552,276047,46
33,large_leak,3,553,276547,51
33,large_leak,3,554,277047,41
33,large_leak,3,555,277547,36
33,large_leak,3,556,278047,41
33,large_leak,3,557,278547,55
33,large_leak,3,558,279047,69
33,large_leak,3,559,279547,63
33,large_leak,3,560,280047,75
33,large_leak,3,561,280547,88
33,large_leak,3,562,281047,99
33,large_leak,3,563,281547,101
33,large_leak,3,564,282047,101
33,large_leak,3,565,282547,92
33,large_leak,3,566,283047,87
33,large_leak,3,567,283547,93
33,large_leak,3,568,284047,91
33,large_leak,3,569,284547,79
33,large_leak,3,570,285047,73
33,large_leak,3,571,285547,93
33,large_leak,3,572,286047,110
33,large_leak,3,573,286547,135
33,large_leak,3,574,287047,157
33,large_leak,3,575,287547,163
33,large_leak,3,576,288047,165
33,large_leak,3,577,288547,181
33,large_leak,3,578,289047,205
33,large_leak,3,579,289547,189
33,large_leak,3,580,290047,165
33,large_leak,3,581,290547,133
33,large_leak,3,582,291047,104
33,large_leak,3,583,291547,85
33,large_leak,3,584,292047,73
33,large_leak,3,585,292547,59
33,large_leak,3,586,293047,45
33,large_leak,3,587,293547,28
33,large_leak,3,588,294047,25
33,large_leak,3,589,294547,25
33,large_leak,3,590,295047,41
33,large_leak,3,591,295547,63
33,large_leak,3,592,296047,85
33,large_leak,3,593,296547,87
33,large_leak,3,594,297047,90
33,large_leak,3,595,297547,95
33,large_leak,3,596,298047,107
33,large_leak,3,597,298547,95
33,large_leak,3,598,299047,78
33,large_leak,3,599,299547,57
33,large_leak,3,600,300047,45
33,large_leak,3,601,300547,39
33,large_leak,3,602,301047,28
33,large_leak,3,603,301547,27
33,large_leak,3,604,302047,27
33,large_leak,3,605,302547,41
33,large_leak,3,606,303047,62
33,large_leak,3,607,303547,69
33,large_leak,3,608,304047,59
33,large_leak,3,609,304547,61
33,large_leak,3,610,305047,72
33,large_leak,3,611,305547,57
33,large_leak,3,612,306047,29
33,large_leak,3,613,306547,12
33,large_leak,3,614,307047,11
33,large_leak,3,615,307547,27
33,large_leak,3,616,308047,39
33,large_leak,3,617,308547,45
33,large_leak,3,618,309047,52
33,large_leak,3,619,309547,60
33,large_leak,3,620,310047,57
33,large_leak,3,621,310547,52
33,large_leak,3,622,311047,61
33,large_leak,3,623,311547,79
33,large_leak,3,624,312047,99
33,large_leak,3,625,312547,103
33,large_leak,3,626,313047,103
33,large_leak,3,627,313547,104
33,large_leak,3,628,314047,115
33,large_leak,3,629,314547,117
33,large_leak,3,630,315047,119
33,large_leak,3,631,315547,119
33,large_leak,3,632,316047,133
33,large_leak,3,633,316547,139
33,large_leak,3,634,317047,127
33,large_leak,3,635,317547,109
33,large_leak,3,636,318047,102
33,large_leak,3,637,318547,85
33,large_leak,3,638,319047,91
33,large_leak,3,639,319547,91
33,large_leak,3,640,320047,101
33,large_leak,3,641,320547,85
33,large_leak,3,642,321047,73
33,large_leak,3,643,321547,73
33,large_leak,3,644,322047,73
33,large_leak,3,645,322547,72
33,large_leak,3,646,323048,53
33,large_leak,3,647,323547,21
33,large_leak,3,648,324047,7
33,large_leak,3,649,324547,4
33,large_leak,3,650,325047,0
33,large_leak,3,651,325547,0
33,large_leak,3,652,326047,0
33,large_leak,3,653,326547,0
33,large_leak,3,654,327047,0
33,large_leak,3,655,327547,0
33,large_leak,3,656,328047,0
33,large_leak,3,657,328547,0
33,large_leak,3,658,329047,1
33,large_leak,3,659,329547,0
33,large_leak,3,660,330047,0
33,large_leak,3,661,330547,0
33,large_leak,3,662,331047,21
33,large_leak,3,663,331547,55
33,large_leak,3,664,332047,86
33,large_leak,3,665,332547,103
33,large_leak,3,666,333047,121
33,large_leak,3,667,333547,160
33,large_leak,3,668,334047,187
33,large_leak,3,669,334547,199
33,large_leak,3,670,335047,207
33,large_leak,3,671,335547,182
33,large_leak,3,672,336047,149
33,large_leak,3,673,336547,117
33,large_leak,3,674,337047,91
33,large_leak,3,675,337547,62
33,large_leak,3,676,338047,25
33,large_leak,3,677,338547,6
33,large_leak,3,678,339047,2
33,large_leak,3,679,339547,1
33,large_leak,3,680,340047,0
33,large_leak,3,681,340547,0
33,large_leak,3,682,341047,0
33,large_leak,3,683,341547,0
33,large_leak,3,684,342047,0
33,large_leak,3,685,342547,0
33,large_leak,3,686,343047,0
33,large_leak,3,687,343547,0
33,large_leak,3,688,344047,17
33,large_leak,3,689,344547,17
33,large_leak,3,690,345047,29
33,large_leak,3,691,345547,37
33,large_leak,3,692,346047,24
33,large_leak,3,693,346547,26
33,large_leak,3,694,347047,26
33,large_leak,3,695,347547,22
33,large_leak,3,696,348047,19
33,large_leak,3,697,348547,11
33,large_leak,3,698,349047,10
33,large_leak,3,699,349547,7
33,large_leak,3,700,350047,9
33,large_leak,3,701,350547,7
33,large_leak,3,702,351047,11
33,large_leak,3,703,351547,23
33,large_leak,3,704,352047,59
33,large_leak,3,705,352547,76
33,large_leak,3,706,353047,74
33,large_leak,3,707,353547,73
33,large_leak,3,708,354047,50
33,large_leak,3,709,354547,41
33,large_leak,3,710,355047,45
33,large_leak,3,711,355547,53
33,large_leak,3,712,356047,71
33,large_leak,3,713,356547,79
33,large_leak,3,714,357047,109
33,large_leak,3,715,357547,149
33,large_leak,3,716,358047,188
33,large_leak,3,717,358547,226
33,large_leak,3,718,359047,236
33,large_leak,3,719,359547,229
33,large_leak,3,720,360047,215
33,large_leak,3,721,360547,210
33,large_leak,3,722,361047,205
33,large_leak,3,723,361547,185
33,large_leak,3,724,362047,171
33,large_leak,3,725,362547,165
33,large_leak,3,726,363047,133
33,large_leak,3,727,363547,91
33,large_leak,3,728,364047,71
33,large_leak,3,729,364547,61
33,large_leak,3,730,365047,46
33,large_leak,3,731,365547,39
33,large_leak,3,732,366047,35
33,large_leak,3,733,366547,31
33,large_leak,3,734,367047,45
33,large_leak,3,735,367547,55
33,large_leak,3,736,368047,51
33,large_leak,3,737,368547,38
33,large_leak,3,738,369047,27
33,large_leak,3,739,369547,13
33,large_leak,3,740,370047,11
33,large_leak,3,741,370547,25
33,large_leak,3,742,371047,46
33,large_leak,3,743,371547,73
33,large_leak,3,744,372047,121
33,large_leak,3,745,372547,173
33,large_leak,3,746,373047,221
33,large_leak,3,747,373547,269
33,large_leak,3,748,374047,311
33,large_leak,3,749,374547,329
33,large_leak,3,750,375047,339
33,large_leak,3,751,375547,327
33,large_leak,3,752,376047,293
33,large_leak,3,753,376547,269
33,large_leak,3,754,377047,236
33,large_leak,3,755,377547,201
33,large_leak,3,756,378047,167
33,large_leak,3,757,378547,147
33,large_leak,3,758,379047,104
33,large_leak,3,759,379547,71
33,large_leak,3,760,380047,60
33,large_leak,3,761,380547,42
33,large_leak,3,762,381047,39
33,large_leak,3,763,381547,56
33,large_leak,3,764,382047,77
33,large_leak,3,765,382547,100
33,large_leak,3,766,383047,123
33,large_leak,3,767,383547,139
33,large_leak,3,768,384047,149
33,large_leak,3,769,384547,139
33,large_leak,3,770,385047,126
33,large_leak,3,771,385547,135
33,large_leak,3,772,386047,134
33,large_leak,3,773,386547,122
33,large_leak,3,774,387047,117
33,large_leak,3,775,387547,109
33,large_leak,3,776,388047,95
33,large_leak,3,777,388547,75
33,large_leak,3,778,389047,51
33,large_leak,3,779,389547,37
33,large_leak,3,780,390047,29
33,large_leak,3,781,390547,39
33,large_leak,3,782,391047,47
33,large_leak,3,783,391547,50
33,large_leak,3,784,392047,51
33,large_leak,3,785,392547,57
33,large_leak,3,786,393047,58
33,large_leak,3,787,393547,48
33,large_leak,3,788,394047,23
33,large_leak,3,789,394547,7
33,large_leak,3,790,395047,16
33,large_leak,3,791,395547,17
33,large_leak,3,792,396047,9
33,large_leak,3,793,396547,16
33,large_leak,3,794,397047,9
33,large_leak,3,795,397547,0
33,large_leak,3,796,398047,19
33,large_leak,3,797,398547,29
33,large_leak,3,798,399047,57
33,large_leak,3,799,399547,87
33,large_leak,3,800,400047,99
33,large_leak,3,801,400547,101
33,large_leak,3,802,401047,95
33,large_leak,3,803,401547,77
33,large_leak,3,804,402047,47
33,large_leak,3,805,402547,26
33,large_leak,3,806,403047,11
33,large_leak,3,807,403547,0
33,large_leak,3,808,404047,0
33,large_leak,3,809,404547,0
33,large_leak,3,810,405047,0
33,large_leak,3,811,405547,0
33,large_leak,3,812,406047,0
33,large_leak,3,813,406547,1
33,large_leak,3,814,407047,0
33,large_leak,3,815,407547,13
33,large_leak,3,816,408047,31
33,large_leak,3,817,408547,55
33,large_leak,3,818,409047,71
33,large_leak,3,819,409547,71
33,large_leak,3,820,410047,69
33,large_leak,3,821,410547,68
33,large_leak,3,822,411047,47
33,large_leak,3,823,411547,18
33,large_leak,3,824,412047,0
33,large_leak,3,825,412547,0
33,large_leak,3,826,413047,0
33,large_leak,3,827,413547,0
33,large_leak,3,828,414047,0
33,large_leak,3,829,414547,0
33,large_leak,3,830,415047,47
33,large_leak,3,831,415547,95
33,large_leak,3,832,416047,134
33,large_leak,3,833,416547,155
33,large_leak,3,834,417047,174
33,large_leak,3,835,417547,181
33,large_leak,3,836,418047,187
33,large_leak,3,837,418547,191
33,large_leak,3,838,419047,191
33,large_leak,3,839,419547,201
33,large_leak,3,840,420047,213
33,large_leak,3,841,420547,221
33,large_leak,3,842,421047,219
33,large_leak,3,843,421547,216
33,large_leak,3,844,422047,221
33,large_leak,3,845,422547,223
33,large_leak,3,846,423047,214
33,large_leak,3,847,423547,189
33,large_leak,3,848,424047,175
33,large_leak,3,849,424547,171
33,large_leak,3,850,425047,163
33,large_leak,3,851,425547,167
33,large_leak,3,852,426047,160
33,large_leak,3,853,426547,159
33,large_leak,3,854,427047,153
33,large_leak,3,855,427547,125
33,large_leak,3,856,428047,101
33,large_leak,3,857,428547,93
33,large_leak,3,858,429047,77
33,large_leak,3,859,429547,51
33,large_leak,3,860,430047,23
33,large_leak,3,861,430547,0
33,large_leak,3,862,431047,0
33,large_leak,3,863,431547,0
33,large_leak,3,864,432047,0
33,large_leak,3,865,432547,0
33,large_leak,3,866,433047,0
33,large_leak,3,867,433547,0
33,large_leak,3,868,434047,11
33,large_leak,3,869,434547,27
33,large_leak,3,870,435047,23
33,large_leak,3,871,435547,11
33,large_leak,3,872,436047,25
33,large_leak,3,873,436547,31
33,large_leak,3,874,437047,28
33,large_leak,3,875,437547,40
33,large_leak,3,876,438047,57
33,large_leak,3,877,438547,84
33,large_leak,3,878,439047,89
33,large_leak,3,879,439547,96
33,large_leak,3,880,440047,120
33,large_leak,3,881,440547,149
33,large_leak,3,882,441047,166
33,large_leak,3,883,441547,173
33,large_leak,3,884,442047,185
33,large_leak,3,885,442547,203
33,large_leak,3,886,443047,218
33,large_leak,3,887,443547,237
33,large_leak,3,888,444047,236
33,large_leak,3,889,444547,231
33,large_leak,3,890,445047,237
33,large_leak,3,891,445547,255
33,large_leak,3,892,446047,278
33,large_leak,3,893,446547,283
33,large_leak,3,894,447047,277
33,large_leak,3,895,447547,265
33,large_leak,3,896,448047,240
33,large_leak,3,897,448547,216
33,large_leak,3,898,449047,183
33,large_leak,3,899,449547,150
33,large_leak,3,900,450047,111
33,large_leak,3,901,450547,89
33,large_leak,3,902,451047,79
33,large_leak,3,903,451547,70
33,large_leak,3,904,452047,55
33,large_leak,3,905,452547,36
33,large_leak,3,906,453047,11
33,large_leak,3,907,453547,28
33,large_leak,3,908,454047,61
33,large_leak,3,909,454547,99
33,large_leak,3,910,455047,126
33,large_leak,3,911,455547,144
33,large_leak,3,912,456047,152
33,large_leak,3,913,456547,155
33,large_leak,3,914,457047,157
33,large_leak,3,915,457547,153
33,large_leak,3,916,458047,141
33,large_leak,3,917,458547,137
33,large_leak,3,918,459047,135
33,large_leak,3,919,459547,111
33,large_leak,3,920,460047,109
33,large_leak,3,921,460547,84
33,large_leak,3,922,461047,69
33,large_leak,3,923,461547,71
33,large_leak,3,924,462047,70
33,large_leak,3,925,462547,73
33,large_leak,3,926,463047,77
33,large_leak,3,927,463547,77
33,large_leak,3,928,464047,68
33,large_leak,3,929,464547,63
33,large_leak,3,930,465047,63
33,large_leak,3,931,465547,63
33,large_leak,3,932,466047,56
33,large_leak,3,933,466547,51
33,large_leak,3,934,467047,45
33,large_leak,3,935,467547,53
33,large_leak,3,936,468047,63
33,large_leak,3,937,468547,94
33,large_leak,3,938,469047,137
33,large_leak,3,939,469547,167
33,large_leak,3,940,470047,187
33,large_leak,3,941,470547,197
33,large_leak,3,942,471047,191
33,large_leak,3,943,471547,185
33,large_leak,3,944,472047,176
33,large_leak,3,945,472547,164
33,large_leak,3,946,473047,145
33,large_leak,3,947,473547,116
33,large_leak,3,948,474047,105
33,large_leak,3,949,474547,88
33,large_leak,3,950,475047,69
33,large_leak,3,951,475547,72
33,large_leak,3,952,476047,83
33,large_leak,3,953,476547,77
33,large_leak,3,954,477047,86
33,large_leak,3,955,477547,116
33,large_leak,3,956,478047,147
33,large_leak,3,957,478547,157
33,large_leak,3,958,479047,154
33,large_leak,3,959,479547,139
33,large_leak,3,960,480047,125
33,large_leak,3,961,480547,111
33,large_leak,3,962,481047,75
33,large_leak,3,963,481547,41
33,large_leak,3,964,482047,35
33,large_leak,3,965,482547,28
33,large_leak,3,966,483047,21
33,large_leak,3,967,483547,26
33,large_leak,3,968,484047,23
33,large_leak,3,969,484547,27
33,large_leak,3,970,485047,22
33,large_leak,3,971,485547,7
33,large_leak,3,972,486047,0
33,large_leak,3,973,486547,0
33,large_leak,3,974,487047,0
33,large_leak,3,975,487547,0
33,large_leak,3,976,488047,0
33,large_leak,3,977,488547,0
33,large_leak,3,978,489047,0
33,large_leak,3,979,489547,41
33,large_leak,3,980,490047,61
33,large_leak,3,981,490547,85
33,large_leak,3,982,491047,102
33,large_leak,3,983,491547,109
33,large_leak,3,984,492047,120
33,large_leak,3,985,492547,134
33,large_leak,3,986,493047,135
33,large_leak,3,987,493547,122
33,large_leak,3,988,494047,103
33,large_leak,3,989,494547,91
33,large_leak,3,990,495047,59
33,large_leak,3,991,495547,21
33,large_leak,3,992,496047,0
33,large_leak,3,993,496547,0
33,large_leak,3,994,497047,0
33,large_leak,3,995,497547,0
33,large_leak,3,996,498047,0
33,large_leak,3,997,498547,0
33,large_leak,3,998,499047,3
33,large_leak,3,999,499547,5
33,large_leak,3,1000,500047,13
33,large_leak,3,1001,500547,17
33,large_leak,3,1002,501047,23
33,large_leak,3,1003,501547,29
33,large_leak,3,1004,502047,27
33,large_leak,3,1005,502547,45
33,large_leak,3,1006,503047,69
33,large_leak,3,1007,503547,71
33,large_leak,3,1008,504047,51
33,large_leak,3,1009,504547,35
33,large_leak,3,1010,505047,41
33,large_leak,3,1011,505547,45
33,large_leak,3,1012,506047,46
33,large_leak,3,1013,506547,42
33,large_leak,3,1014,507047,46
33,large_leak,3,1015,507547,62
33,large_leak,3,1016,508047,89
33,large_leak,3,1017,508547,101
33,large_leak,3,1018,509047,109
33,large_leak,3,1019,509547,125
33,large_leak,3,1020,510047,135
33,large_leak,3,1021,510547,138
33,large_leak,3,1022,511047,139
33,large_leak,3,1023,511547,140
33,large_leak,3,1024,512047,143
33,large_leak,3,1025,512547,123
33,large_leak,3,1026,513047,95
33,large_leak,3,1027,513547,89
33,large_leak,3,1028,514047,90
33,large_leak,3,1029,514547,109
33,large_leak,3,1030,515047,143
33,large_leak,3,1031,515547,155
33,large_leak,3,1032,516047,162
33,large_leak,3,1033,516547,174
33,large_leak,3,1034,517047,163
33,large_leak,3,1035,517547,140
33,large_leak,3,1036,518047,121
33,large_leak,3,1037,518547,99
33,large_leak,3,1038,519047,70
33,large_leak,3,1039,519547,42
33,large_leak,3,1040,520047,45
33,large_leak,3,1041,520547,69
33,large_leak,3,1042,521047,98
33,large_leak,3,1043,521547,135
33,large_leak,3,1044,522047,165
33,large_leak,3,1045,522547,171
33,large_leak,3,1046,523047,169
33,large_leak,3,1047,523547,157
33,large_leak,3,1048,524047,142
33,large_leak,3,1049,524547,124
33,large_leak,3,1050,525047,91
33,large_leak,3,1051,525547,60
33,large_leak,3,1052,526047,41
33,large_leak,3,1053,526547,25
33,large_leak,3,1054,527047,13
33,large_leak,3,1055,527547,0
33,large_leak,3,1056,528047,0
33,large_leak,3,1057,528547,3
33,large_leak,3,1058,529047,1
33,large_leak,3,1059,529547,9
33,large_leak,3,1060,530047,16
33,large_leak,3,1061,530547,10
33,large_leak,3,1062,531047,16
33,large_leak,3,1063,531547,5
33,large_leak,3,1064,532047,11
33,large_leak,3,1065,532547,37
33,large_leak,3,1066,533047,69
33,large_leak,3,1067,533547,103
33,large_leak,3,1068,534047,149
33,large_leak,3,1069,534547,185
33,large_leak,3,1070,535047,217
33,large_leak,3,1071,535547,229
33,large_leak,3,1072,536047,235
33,large_leak,3,1073,536547,239
33,large_leak,3,1074,537047,235
33,large_leak,3,1075,537547,227
33,large_leak,3,1076,538047,210
33,large_leak,3,1077,538547,186
33,large_leak,3,1078,539047,173
33,large_leak,3,1079,539547,171
33,large_leak,3,1080,540047,164
33,large_leak,3,1081,540547,146
33,large_leak,3,1082,541047,118
33,large_leak,3,1083,541547,107
33,large_leak,3,1084,542047,109
33,large_leak,3,1085,542547,115
33,large_leak,3,1086,543047,105
33,large_leak,3,1087,543547,93
33,large_leak,3,1088,544047,75
33,large_leak,3,1089,544547,55
33,large_leak,3,1090,545047,40
33,large_leak,3,1091,545547,31
33,large_leak,3,1092,546047,24
33,large_leak,3,1093,546547,16
33,large_leak,3,1094,547047,4
33,large_leak,3,1095,547547,3
33,large_leak,3,1096,548047,22
33,large_leak,3,1097,548547,39
33,large_leak,3,1098,549047,52
33,large_leak,3,1099,549547,70
33,large_leak,3,1100,550047,76
33,large_leak,3,1101,550547,103
33,large_leak,3,1102,551047,127
33,large_leak,3,1103,551547,149
33,large_leak,3,1104,552047,158
33,large_leak,3,1105,552547,146
33,large_leak,3,1106,553047,123
33,large_leak,3,1107,553547,103
33,large_leak,3,1108,554047,87
33,large_leak,3,1109,554547,87
33,large_leak,3,1110,555047,91
33,large_leak,3,1111,555547,83
33,large_leak,3,1112,556047,70
33,large_leak,3,1113,556547,51
33,large_leak,3,1114,557047,48
33,large_leak,3,1115,557547,59
33,large_leak,3,1116,558047,62
33,large_leak,3,1117,558547,67
33,large_leak,3,1118,559047,61
33,large_leak,3,1119,559547,68
33,large_leak,3,1120,560047,75
33,large_leak,3,1121,560547,69
33,large_leak,3,1122,561047,55
33,large_leak,3,1123,561547,48
33,large_leak,3,1124,562047,39
33,large_leak,3,1125,562547,25
33,large_leak,3,1126,563047,6
33,large_leak,3,1127,563547,0
33,large_leak,3,1128,564047,0
33,large_leak,3,1129,564547,0
33,large_leak,3,1130,565047,0
33,large_leak,3,1131,565547,0
33,large_leak,3,1132,566047,41
33,large_leak,3,1133,566547,53
33,large_leak,3,1134,567047,43
33,large_leak,3,1135,567547,24
33,large_leak,3,1136,568047,7
33,large_leak,3,1137,568547,0
33,large_leak,3,1138,569047,0
33,large_leak,3,1139,569547,0
33,large_leak,3,1140,570047,21
33,large_leak,3,1141,570547,57
33,large_leak,3,1142,571047,92
33,large_leak,3,1143,571547,117
33,large_leak,3,1144,572047,142
33,large_leak,3,1145,572547,155
33,large_leak,3,1146,573047,169
33,large_leak,3,1147,573547,180
33,large_leak,3,1148,574047,176
33,large_leak,3,1149,574547,165
33,large_leak,3,1150,575047,153
33,large_leak,3,1151,575547,138
33,large_leak,3,1152,576047,108
33,large_leak,3,1153,576547,85
33,large_leak,3,1154,577047,69
33,large_leak,3,1155,577547,44
33,large_leak,3,1156,578047,30
33,large_leak,3,1157,578547,11
33,large_leak,3,1158,579047,3
33,large_leak,3,1159,579547,0
33,large_leak,3,1160,580047,0
33,large_leak,3,1161,580547,11
33,large_leak,3,1162,581047,35
33,large_leak,3,1163,581547,57
33,large_leak,3,1164,582047,89
33,large_leak,3,1165,582547,112
33,large_leak,3,1166,583047,138
33,large_leak,3,1167,583547,165
33,large_leak,3,1168,584047,174
33,large_leak,3,1169,584547,169
33,large_leak,3,1170,585047,171
33,large_leak,3,1171,585547,165
33,large_leak,3,1172,586047,165
33,large_leak,3,1173,586547,164
33,large_leak,3,1174,587047,153
33,large_leak,3,1175,587547,138
33,large_leak,3,1176,588047,133
33,large_leak,3,1177,588547,137
33,large_leak,3,1178,589047,155
33,large_leak,3,1179,589547,164
33,large_leak,3,1180,590047,149
33,large_leak,3,1181,590547,121
33,large_leak,3,1182,591047,89
33,large_leak,3,1183,591547,49
33,large_leak,3,1184,592047,27
33,large_leak,3,1185,592547,21
33,large_leak,3,1186,593047,23
33,large_leak,3,1187,593547,18
33,large_leak,3,1188,594047,10
33,large_leak,3,1189,594547,21
33,large_leak,3,1190,595047,16
33,large_leak,3,1191,595547,25
33,large_leak,3,1192,596047,51
33,large_leak,3,1193,596547,63
33,large_leak,3,1194,597047,73
33,large_leak,3,1195,597547,76
33,large_leak,3,1196,598047,75
33,large_leak,3,1197,598547,87
33,large_leak,3,1198,599047,94
33,large_leak,3,1199,599547,91
33,large_leak,3,1200,600047,71
33,large_leak,3,1201,600547,47
33,large_leak,3,1202,601047,31
33,large_leak,3,1203,601547,9
33,large_leak,3,1204,602047,0
33,large_leak,3,1205,602547,0
33,large_leak,3,1206,603047,0
33,large_leak,3,1207,603547,0
33,large_leak,3,1208,604047,0
33,large_leak,3,1209,604547,0
33,large_leak,3,1210,605047,0
33,large_leak,3,1211,605547,0
33,large_leak,3,1212,606047,0
33,large_leak,3,1213,606547,0
33,large_leak,3,1214,607047,5
33,large_leak,3,1215,607547,53
33,large_leak,3,1216,608047,73
33,large_leak,3,1217,608547,73
33,large_leak,3,1218,609047,88
33,large_leak,3,1219,609547,101
33,large_leak,3,1220,610047,111
33,large_leak,3,1221,610547,122
33,large_leak,3,1222,611047,125
33,large_leak,3,1223,611547,123
33,large_leak,3,1224,612047,115
33,large_leak,3,1225,612547,103
33,large_leak,3,1226,613047,93
33,large_leak,3,1227,613547,90
33,large_leak,3,1228,614047,91
33,large_leak,3,1229,614547,79
33,large_leak,3,1230,615047,56
33,large_leak,3,1231,615547,31
33,large_leak,3,1232,616047,10
33,large_leak,3,1233,616547,9
33,large_leak,3,1234,617047,2
33,large_leak,3,1235,617547,0
33,large_leak,3,1236,618047,0
33,large_leak,3,1237,618547,0
33,large_leak,3,1238,619047,0
33,large_leak,3,1239,619547,0
33,large_leak,3,1240,620047,13
33,large_leak,3,1241,620547,22
33,large_leak,3,1242,621047,39
33,large_leak,3,1243,621547,71
33,large_leak,3,1244,622047,96
33,large_leak,3,1245,622547,110
33,large_leak,3,1246,623047,133
33,large_leak,3,1247,623547,157
33,large_leak,3,1248,624047,159
33,large_leak,3,1249,624547,155
33,large_leak,3,1250,625047,140
33,large_leak,3,1251,625547,117
33,large_leak,3,1252,626047,107
33,large_leak,3,1253,626547,101
33,large_leak,3,1254,627047,92
33,large_leak,3,1255,627547,85
33,large_leak,3,1256,628047,99
33,large_leak,3,1257,628547,104
33,large_leak,3,1258,629047,103
33,large_leak,3,1259,629547,104
33,large_leak,3,1260,630047,92
33,large_leak,3,1261,630547,71
33,large_leak,3,1262,631047,43
33,large_leak,3,1263,631547,25
33,large_leak,3,1264,632047,4
33,large_leak,3,1265,632547,0
33,large_leak,3,1266,633047,0
33,large_leak,3,1267,633547,0
33,large_leak,3,1268,634047,0
33,large_leak,3,1269,634547,0
33,large_leak,3,1270,635047,0
33,large_leak,3,1271,635547,0
33,large_leak,3,1272,636047,0
33,large_leak,3,1273,636547,0
33,large_leak,3,1274,637047,0
33,large_leak,3,1275,637547,2
33,large_leak,3,1276,638047,21
33,large_leak,3,1277,638547,37
33,large_leak,3,1278,639047,41
33,large_leak,3,1279,639547,46
33,large_leak,3,1280,640047,62
33,large_leak,3,1281,640547,83
33,large_leak,3,1282,641047,88
33,large_leak,3,1283,641547,87
33,large_leak,3,1284,642047,88
33,large_leak,3,1285,642547,69
33,large_leak,3,1286,643047,55
33,large_leak,3,1287,643547,39
33,large_leak,3,1288,644047,17
33,large_leak,3,1289,644547,0
33,large_leak,3,1290,645047,6
33,large_leak,3,1291,645547,23
33,large_leak,3,1292,646047,39
33,large_leak,3,1293,646547,35
33,large_leak,3,1294,647047,41
33,large_leak,3,1295,647547,59
33,large_leak,3,1296,648047,94
33,large_leak,3,1297,648547,135
33,large_leak,3,1298,649047,165
33,large_leak,3,1299,649547,189
33,large_leak,3,1300,650047,201
33,large_leak,3,1301,650547,202
33,large_leak,3,1302,651047,200
33,large_leak,3,1303,651547,175
33,large_leak,3,1304,652047,147
33,large_leak,3,1305,652547,104
33,large_leak,3,1306,653047,71
33,large_leak,3,1307,653547,61
33,large_leak,3,1308,654047,75
33,large_leak,3,1309,654547,90
33,large_leak,3,1310,655047,106
33,large_leak,3,1311,655547,103
33,large_leak,3,1312,656047,103
33,large_leak,3,1313,656547,105
33,large_leak,3,1314,657047,109
33,large_leak,3,1315,657547,107
33,large_leak,3,1316,658047,108
33,large_leak,3,1317,658547,117
33,large_leak,3,1318,659047,143
33,large_leak,3,1319,659547,159
33,large_leak,3,1320,660047,191
33,large_leak,3,1321,660547,201
33,large_leak,3,1322,661047,217
33,large_leak,3,1323,661547,243
33,large_leak,3,1324,662047,262
33,large_leak,3,1325,662547,271
33,large_leak,3,1326,663047,276
33,large_leak,3,1327,663547,251
33,large_leak,3,1328,664047,229
33,large_leak,3,1329,664547,200
33,large_leak,3,1330,665047,159
33,large_leak,3,1331,665547,116
33,large_leak,3,1332,666047,73
33,large_leak,3,1333,666547,45
33,large_leak,3,1334,667047,25
33,large_leak,3,1335,667547,10
33,large_leak,3,1336,668047,3
33,large_leak,3,1337,668547,2
33,large_leak,3,1338,669047,8
33,large_leak,3,1339,669547,16
33,large_leak,3,1340,670047,26
33,large_leak,3,1341,670547,36
33,large_leak,3,1342,671047,48
33,large_leak,3,1343,671547,69
33,large_leak,3,1344,672047,76
33,large_leak,3,1345,672547,83
33,large_leak,3,1346,673047,90
33,large_leak,3,1347,673547,97
33,large_leak,3,1348,674047,87
33,large_leak,3,1349,674547,76
33,large_leak,3,1350,675047,71
33,large_leak,3,1351,675547,47
33,large_leak,3,1352,676047,41
33,large_leak,3,1353,676547,30
33,large_leak,3,1354,677047,8
33,large_leak,3,1355,677547,0
33,large_leak,3,1356,678047,11
33,large_leak,3,1357,678547,12
33,large_leak,3,1358,679047,12
33,large_leak,3,1359,679547,24
33,large_leak,3,1360,680047,53
33,large_leak,3,1361,680547,63
33,large_leak,3,1362,681047,85
33,large_leak,3,1363,681547,107
33,large_leak,3,1364,682047,119
33,large_leak,3,1365,682547,137
33,large_leak,3,1366,683047,151
33,large_leak,3,1367,683547,155
33,large_leak,3,1368,684047,158
33,large_leak,3,1369,684547,153
33,large_leak,3,1370,685047,143
33,large_leak,3,1371,685547,152
33,large_leak,3,1372,686047,167
33,large_leak,3,1373,686547,181
33,large_leak,3,1374,687047,183
33,large_leak,3,1375,687547,170
33,large_leak,3,1376,688047,165
33,large_leak,3,1377,688547,153
33,large_leak,3,1378,689047,145
33,large_leak,3,1379,689547,125
33,large_leak,3,1380,690047,125
33,large_leak,3,1381,690547,127
33,large_leak,3,1382,691047,126
33,large_leak,3,1383,691547,124
33,large_leak,3,1384,692047,137
33,large_leak,3,1385,692547,139
33,large_leak,3,1386,693047,133
33,large_leak,3,1387,693547,127
33,large_leak,3,1388,694047,121
33,large_leak,3,1389,694547,101
33,large_leak,3,1390,695047,79
33,large_leak,3,1391,695547,61
33,large_leak,3,1392,696047,59
33,large_leak,3,1393,696547,58
33,large_leak,3,1394,697047,55
33,large_leak,3,1395,697547,52
33,large_leak,3,1396,698047,44
33,large_leak,3,1397,698547,52
33,large_leak,3,1398,699047,68
33,large_leak,3,1399,699547,73
33,large_leak,3,1400,700047,93
33,large_leak,3,1401,700547,111
33,large_leak,3,1402,701047,116
33,large_leak,3,1403,701547,115
33,large_leak,3,1404,702047,100
33,large_leak,3,1405,702547,79
33,large_leak,3,1406,703047,57
33,large_leak,3,1407,703547,22
33,large_leak,3,1408,704047,1
33,large_leak,3,1409,704547,0
33,large_leak,3,1410,705047,0
33,large_leak,3,1411,705547,0
33,large_leak,3,1412,706047,0
33,large_leak,3,1413,706547,0
33,large_leak,3,1414,707047,0
33,large_leak,3,1415,707547,9
33,large_leak,3,1416,708047,21
33,large_leak,3,1417,708547,40
33,large_leak,3,1418,709047,69
33,large_leak,3,1419,709547,87
33,large_leak,3,1420,710047,115
33,large_leak,3,1421,710547,135
33,large_leak,3,1422,711047,147
33,large_leak,3,1423,711547,159
33,large_leak,3,1424,712047,167
33,large_leak,3,1425,712547,173
33,large_leak,3,1426,713047,169
33,large_leak,3,1427,713547,167
33,large_leak,3,1428,714047,157
33,large_leak,3,1429,714547,147
33,large_leak,3,1430,715047,135
33,large_leak,3,1431,715547,119
33,large_leak,3,1432,716047,115
33,large_leak,3,1433,716547,106
33,large_leak,3,1434,717047,94
33,large_leak,3,1435,717547,89
33,large_leak,3,1436,718047,91
33,large_leak,3,1437,718547,101
33,large_leak,3,1438,719047,106
33,large_leak,3,1439,719547,107
33,large_leak,3,1440,720047,105
33,large_leak,3,1441,720547,109
33,large_leak,3,1442,721047,115
33,large_leak,3,1443,721547,105
33,large_leak,3,1444,722047,107
33,large_leak,3,1445,722547,119
33,large_leak,3,1446,723047,117
33,large_leak,3,1447,723547,108
33,large_leak,3,1448,724047,93
33,large_leak,3,1449,724547,71
33,large_leak,3,1450,725047,36
33,large_leak,3,1451,725547,6
33,large_leak,3,1452,726047,0
33,large_leak,3,1453,726547,0
33,large_leak,3,1454,727047,20
33,large_leak,3,1455,727547,30
33,large_leak,3,1456,728047,43
33,large_leak,3,1457,728547,55
33,large_leak,3,1458,729047,70
33,large_leak,3,1459,729547,91
33,large_leak,3,1460,730047,83
33,large_leak,3,1461,730547,70
33,large_leak,3,1462,731047,59
33,large_leak,3,1463,731547,63
33,large_leak,3,1464,732047,70
33,large_leak,3,1465,732547,68
33,large_leak,3,1466,733047,77
33,large_leak,3,1467,733547,55
33,large_leak,3,1468,734047,39
33,large_leak,3,1469,734547,29
33,large_leak,3,1470,735047,14
33,large_leak,3,1471,735547,3
33,large_leak,3,1472,736047,10
33,large_leak,3,1473,736547,11
33,large_leak,3,1474,737047,11
33,large_leak,3,1475,737547,38
33,large_leak,3,1476,738047,81
33,large_leak,3,1477,738547,95
33,large_leak,3,1478,739047,102
33,large_leak,3,1479,739547,115
33,large_leak,3,1480,740047,126
33,large_leak,3,1481,740547,151
33,large_leak,3,1482,741047,173
33,large_leak,3,1483,741547,189
33,large_leak,3,1484,742047,191
33,large_leak,3,1485,742547,185
33,large_leak,3,1486,743047,175
33,large_leak,3,1487,743547,160
33,large_leak,3,1488,744047,137
33,large_leak,3,1489,744547,95
33,large_leak,3,1490,745047,57
33,large_leak,3,1491,745547,29
33,large_leak,3,1492,746047,6
33,large_leak,3,1493,746547,0
33,large_leak,3,1494,747047,0
33,large_leak,3,1495,747547,0
33,large_leak,3,1496,748047,0
33,large_leak,3,1497,748547,0
33,large_leak,3,1498,749047,8
33,large_leak,3,1499,749547,39
33,large_leak,3,1500,750047,61
33,large_leak,3,1501,750547,85
33,large_leak,3,1502,751047,93
33,large_leak,3,1503,751547,121
33,large_leak,3,1504,752047,151
33,large_leak,3,1505,752547,160
33,large_leak,3,1506,753047,159
33,large_leak,3,1507,753547,153
33,large_leak,3,1508,754047,136
33,large_leak,3,1509,754547,109
33,large_leak,3,1510,755047,91
33,large_leak,3,1511,755547,69
33,large_leak,3,1512,756047,44
33,large_leak,3,1513,756547,19
33,large_leak,3,1514,757047,16
33,large_leak,3,1515,757547,22
33,large_leak,3,1516,758047,41
33,large_leak,3,1517,758547,54
33,large_leak,3,1518,759047,52
33,large_leak,3,1519,759547,43
33,large_leak,3,1520,760047,59
33,large_leak,3,1521,760547,59
33,large_leak,3,1522,761047,53
33,large_leak,3,1523,761547,45
33,large_leak,3,1524,762047,40
33,large_leak,3,1525,762547,36
33,large_leak,3,1526,763047,39
33,large_leak,3,1527,763547,46
33,large_leak,3,1528,764047,29
33,large_leak,3,1529,764547,7
33,large_leak,3,1530,765047,0
33,large_leak,3,1531,765547,2
33,large_leak,3,1532,766047,0
33,large_leak,3,1533,766547,0
33,large_leak,3,1534,767047,0
33,large_leak,3,1535,767547,0
33,large_leak,3,1536,768047,0
33,large_leak,3,1537,768547,0
33,large_leak,3,1538,769047,16
33,large_leak,3,1539,769547,40
33,large_leak,3,1540,770047,53
33,large_leak,3,1541,770547,57
33,large_leak,3,1542,771047,71
33,large_leak,3,1543,771547,87
33,large_leak,3,1544,772047,87
33,large_leak,3,1545,772547,82
33,large_leak,3,1546,773047,91
33,large_leak,3,1547,773547,83
33,large_leak,3,1548,774047,69
33,large_leak,3,1549,774547,55
33,large_leak,3,1550,775047,55
33,large_leak,3,1551,775547,55
33,large_leak,3,1552,776047,51
33,large_leak,3,1553,776547,59
33,large_leak,3,1554,777047,78
33,large_leak,3,1555,777547,100
33,large_leak,3,1556,778047,116
33,large_leak,3,1557,778547,115
33,large_leak,3,1558,779047,115
33,large_leak,3,1559,779547,121
33,large_leak,3,1560,780047,134
33,large_leak,3,1561,780547,133
33,large_leak,3,1562,781047,117
33,large_leak,3,1563,781547,103
33,large_leak,3,1564,782047,88
33,large_leak,3,1565,782547,61
33,large_leak,3,1566,783047,39
33,large_leak,3,1567,783547,37
33,large_leak,3,1568,784047,53
33,large_leak,3,1569,784547,75
33,large_leak,3,1570,785047,107
33,large_leak,3,1571,785547,141
33,large_leak,3,1572,786047,163
33,large_leak,3,1573,786547,170
33,large_leak,3,1574,787047,186
33,large_leak,3,1575,787547,195
33,large_leak,3,1576,788047,185
33,large_leak,3,1577,788547,179
33,large_leak,3,1578,789047,171
33,large_leak,3,1579,789547,152
33,large_leak,3,1580,790047,123
33,large_leak,3,1581,790547,102
33,large_leak,3,1582,791047,73
33,large_leak,3,1583,791547,39
33,large_leak,3,1584,792047,13
33,large_leak,3,1585,792547,1
33,large_leak,3,1586,793047,0
33,large_leak,3,1587,793547,0
33,large_leak,3,1588,794047,0
33,large_leak,3,1589,794547,0
33,large_leak,3,1590,795047,0
33,large_leak,3,1591,795547,0
33,large_leak,3,1592,796047,17
33,large_leak,3,1593,796547,31
33,large_leak,3,1594,797047,41
33,large_leak,3,1595,797547,45
33,large_leak,3,1596,798047,29
33,large_leak,3,1597,798547,29
33,large_leak,3,1598,799047,45
33,large_leak,3,1599,799547,45
33,large_leak,3,1600,800047,42
33,large_leak,3,1601,800547,31
33,large_leak,3,1602,801047,5
33,large_leak,3,1603,801547,0
33,large_leak,3,1604,802047,0
33,large_leak,3,1605,802547,0
33,large_leak,3,1606,803047,0
33,large_leak,3,1607,803547,0
33,large_leak,3,1608,804047,4
33,large_leak,3,1609,804547,5
33,large_leak,3,1610,805047,11
33,large_leak,3,1611,805547,17
33,large_leak,3,1612,806047,18
33,large_leak,3,1613,806547,17
33,large_leak,3,1614,807047,0
33,large_leak,3,1615,807547,0
33,large_leak,3,1616,808047,0
33,large_leak,3,1617,808547,19
33,large_leak,3,1618,809047,30
33,large_leak,3,1619,809547,39
33,large_leak,3,1620,810047,47
33,large_leak,3,1621,810547,51
33,large_leak,3,1622,811047,56
33,large_leak,3,1623,811547,59
33,large_leak,3,1624,812047,75
33,large_leak,3,1625,812547,76
33,large_leak,3,1626,813047,60
33,large_leak,3,1627,813547,59
33,large_leak,3,1628,814047,75
33,large_leak,3,1629,814547,76
33,large_leak,3,1630,815047,75
33,large_leak,3,1631,815547,72
33,large_leak,3,1632,816047,63
33,large_leak,3,1633,816547,69
33,large_leak,3,1634,817047,85
33,large_leak,3,1635,817547,87
33,large_leak,3,1636,818047,79
33,large_leak,3,1637,818547,88
33,large_leak,3,1638,819047,95
33,large_leak,3,1639,819547,83
33,large_leak,3,1640,820047,72
33,large_leak,3,1641,820547,57
33,large_leak,3,1642,821047,56
33,large_leak,3,1643,821547,75
33,large_leak,3,1644,822047,105
33,large_leak,3,1645,822547,123
33,large_leak,3,1646,823047,139
33,large_leak,3,1647,823547,147
33,large_leak,3,1648,824047,131
33,large_leak,3,1649,824547,119
33,large_leak,3,1650,825047,131
33,large_leak,3,1651,825547,151
33,large_leak,3,1652,826047,171
33,large_leak,3,1653,826547,171
33,large_leak,3,1654,827047,165
33,large_leak,3,1655,827547,158
33,large_leak,3,1656,828047,147
33,large_leak,3,1657,828547,115
33,large_leak,3,1658,829047,95
33,large_leak,3,1659,829547,91
33,large_leak,3,1660,830047,106
33,large_leak,3,1661,830547,133
33,large_leak,3,1662,831047,132
33,large_leak,3,1663,831547,122
33,large_leak,3,1664,832047,133
33,large_leak,3,1665,832547,147
33,large_leak,3,1666,833047,154
33,large_leak,3,1667,833547,156
33,large_leak,3,1668,834047,141
33,large_leak,3,1669,834547,117
33,large_leak,3,1670,835047,112
33,large_leak,3,1671,835547,134
33,large_leak,3,1672,836047,133
33,large_leak,3,1673,836547,115
33,large_leak,3,1674,837047,94
33,large_leak,3,1675,837547,101
33,large_leak,3,1676,838047,123
33,large_leak,3,1677,838547,117
33,large_leak,3,1678,839047,91
33,large_leak,3,1679,839547,76
33,large_leak,3,1680,840047,99
33,large_leak,3,1681,840547,115
33,large_leak,3,1682,841047,123
33,large_leak,3,1683,841547,131
33,large_leak,3,1684,842047,119
33,large_leak,3,1685,842547,133
33,large_leak,3,1686,843047,121
33,large_leak,3,1687,843547,107
33,large_leak,3,1688,844047,111
33,large_leak,3,1689,844547,117
33,large_leak,3,1690,845047,109
33,large_leak,3,1691,845547,99
33,large_leak,3,1692,846047,91
33,large_leak,3,1693,846547,99
33,large_leak,3,1694,847047,92
33,large_leak,3,1695,847547,83
33,large_leak,3,1696,848047,96
33,large_leak,3,1697,848547,119
33,large_leak,3,1698,849047,141
33,large_leak,3,1699,849547,141
33,large_leak,3,1700,850047,133
33,large_leak,3,1701,850547,125
33,large_leak,3,1702,851047,105
33,large_leak,3,1703,851547,75
33,large_leak,3,1704,852047,68
33,large_leak,3,1705,852547,83
33,large_leak,3,1706,853047,111
33,large_leak,3,1707,853547,135
33,large_leak,3,1708,854047,153
33,large_leak,3,1709,854547,171
33,large_leak,3,1710,855047,172
33,large_leak,3,1711,855547,173
33,large_leak,3,1712,856047,170
33,large_leak,3,1713,856547,151
33,large_leak,3,1714,857047,149
33,large_leak,3,1715,857547,157
33,large_leak,3,1716,858047,159
33,large_leak,3,1717,858547,136
33,large_leak,3,1718,859047,117
33,large_leak,3,1719,859547,109
33,large_leak,3,1720,860047,92
33,large_leak,3,1721,860547,83
33,large_leak,3,1722,861047,51
33,large_leak,3,1723,861547,24
33,large_leak,3,1724,862047,23
33,large_leak,3,1725,862547,27
33,large_leak,3,1726,863047,27
33,large_leak,3,1727,863547,40
33,large_leak,3,1728,864047,63
33,large_leak,3,1729,864547,77
33,large_leak,3,1730,865047,82
33,large_leak,3,1731,865547,89
33,large_leak,3,1732,866047,95
33,large_leak,3,1733,866547,105
33,large_leak,3,1734,867047,107
33,large_leak,3,1735,867547,107
33,large_leak,3,1736,868047,103
33,large_leak,3,1737,868547,89
33,large_leak,3,1738,869047,73
33,large_leak,3,1739,869547,41
33,large_leak,3,1740,870047,13
33,large_leak,3,1741,870547,7
33,large_leak,3,1742,871047,7
33,large_leak,3,1743,871547,0
33,large_leak,3,1744,872047,0
33,large_leak,3,1745,872547,7
33,large_leak,3,1746,873047,10
33,large_leak,3,1747,873547,3
33,large_leak,3,1748,874047,0
33,large_leak,3,1749,874547,0
33,large_leak,3,1750,875047,0
33,large_leak,3,1751,875547,0
33,large_leak,3,1752,876047,0
33,large_leak,3,1753,876547,20
33,large_leak,3,1754,877047,38
33,large_leak,3,1755,877547,55
33,large_leak,3,1756,878047,69
33,large_leak,3,1757,878547,69
33,large_leak,3,1758,879047,61
33,large_leak,3,1759,879547,46
33,large_leak,3,1760,880047,31
33,large_leak,3,1761,880547,33
33,large_leak,3,1762,881047,26
33,large_leak,3,1763,881547,5
33,large_leak,3,1764,882047,0
33,large_leak,3,1765,882547,0
33,large_leak,3,1766,883047,0
33,large_leak,3,1767,883547,16
33,large_leak,3,1768,884047,27
33,large_leak,3,1769,884547,37
33,large_leak,3,1770,885047,42
33,large_leak,3,1771,885547,47
33,large_leak,3,1772,886047,72
33,large_leak,3,1773,886547,73
33,large_leak,3,1774,887047,55
33,large_leak,3,1775,887547,50
33,large_leak,3,1776,888047,60
33,large_leak,3,1777,888547,73
33,large_leak,3,1778,889047,83
33,large_leak,3,1779,889547,88
33,large_leak,3,1780,890047,101
33,large_leak,3,1781,890547,115
33,large_leak,3,1782,891047,142
33,large_leak,3,1783,891547,181
33,large_leak,3,1784,892047,200
33,large_leak,3,1785,892547,207
33,large_leak,3,1786,893047,211
33,large_leak,3,1787,893547,203
33,large_leak,3,1788,894047,211
33,large_leak,3,1789,894547,214
33,large_leak,3,1790,895047,187
33,large_leak,3,1791,895547,165
33,large_leak,3,1792,896047,142
33,large_leak,3,1793,896547,118
33,large_leak,3,1794,897047,115
33,large_leak,3,1795,897547,134
33,large_leak,3,1796,898047,138
33,large_leak,3,1797,898547,133
33,large_leak,3,1798,899047,135
33,large_leak,3,1799,899547,135
33,large_leak,3,1800,900047,124
33,large_leak,3,1801,900547,121
33,large_leak,3,1802,901047,109
33,large_leak,3,1803,901547,109
33,large_leak,3,1804,902047,75
33,large_leak,3,1805,902547,43
33,large_leak,3,1806,903047,47
33,large_leak,3,1807,903547,59
33,large_leak,3,1808,904047,71
33,large_leak,3,1809,904547,85
33,large_leak,3,1810,905047,93
33,large_leak,3,1811,905547,108
33,large_leak,3,1812,906047,119
33,large_leak,3,1813,906547,136
33,large_leak,3,1814,907047,149
33,large_leak,3,1815,907547,148
33,large_leak,3,1816,908047,148
33,large_leak,3,1817,908547,135
33,large_leak,3,1818,909047,135
33,large_leak,3,1819,909547,125
33,large_leak,3,1820,910047,102
33,large_leak,3,1821,910547,77
33,large_leak,3,1822,911047,51
33,large_leak,3,1823,911547,31
33,large_leak,3,1824,912047,39
33,large_leak,3,1825,912547,51
33,large_leak,3,1826,913047,73
33,large_leak,3,1827,913547,103
33,large_leak,3,1828,914047,138
33,large_leak,3,1829,914547,181
33,large_leak,3,1830,915047,215
33,large_leak,3,1831,915547,235
33,large_leak,3,1832,916047,221
33,large_leak,3,1833,916547,197
33,large_leak,3,1834,917047,200
33,large_leak,3,1835,917547,180
33,large_leak,3,1836,918047,160
33,large_leak,3,1837,918547,137
33,large_leak,3,1838,919047,122
33,large_leak,3,1839,919547,109
33,large_leak,3,1840,920047,95
33,large_leak,3,1841,920547,85
33,large_leak,3,1842,921047,63
33,large_leak,3,1843,921547,43
33,large_leak,3,1844,922047,19
33,large_leak,3,1845,922547,6
33,large_leak,3,1846,923047,9
33,large_leak,3,1847,923547,9
33,large_leak,3,1848,924047,28
33,large_leak,3,1849,924547,53
33,large_leak,3,1850,925047,69
33,large_leak,3,1851,925547,83
33,large_leak,3,1852,926047,114
33,large_leak,3,1853,926547,153
33,large_leak,3,1854,927047,175
33,large_leak,3,1855,927547,191
33,large_leak,3,1856,928047,189
33,large_leak,3,1857,928547,189
33,large_leak,3,1858,929047,191
33,large_leak,3,1859,929547,187
33,large_leak,3,1860,930047,185
33,large_leak,3,1861,930547,179
33,large_leak,3,1862,931047,159
33,large_leak,3,1863,931547,143
33,large_leak,3,1864,932047,137
33,large_leak,3,1865,932547,109
33,large_leak,3,1866,933047,74
33,large_leak,3,1867,933547,53
33,large_leak,3,1868,934047,25
33,large_leak,3,1869,934547,1
33,large_leak,3,1870,935047,0
33,large_leak,3,1871,935547,0
33,large_leak,3,1872,936047,0
33,large_leak,3,1873,936547,0
33,large_leak,3,1874,937047,0
33,large_leak,3,1875,937547,0
33,large_leak,3,1876,938047,0
33,large_leak,3,1877,938547,0
33,large_leak,3,1878,939047,0
33,large_leak,3,1879,939547,0
33,large_leak,3,1880,940047,29
33,large_leak,3,1881,940547,43
33,large_leak,3,1882,941047,57
33,large_leak,3,1883,941547,77
33,large_leak,3,1884,942047,77
33,large_leak,3,1885,942547,81
33,large_leak,3,1886,943047,89
33,large_leak,3,1887,943547,101
33,large_leak,3,1888,944047,104
33,large_leak,3,1889,944547,123
33,large_leak,3,1890,945047,148
33,large_leak,3,1891,945547,155
33,large_leak,3,1892,946047,158
33,large_leak,3,1893,946547,165
33,large_leak,3,1894,947047,138
33,large_leak,3,1895,947547,105
33,large_leak,3,1896,948047,83
33,large_leak,3,1897,948547,52
33,large_leak,3,1898,949047,19
33,large_leak,3,1899,949547,0
33,large_leak,3,1900,950047,0
33,large_leak,3,1901,950547,0
33,large_leak,3,1902,951047,0
33,large_leak,3,1903,951547,0
33,large_leak,3,1904,952047,0
33,large_leak,3,1905,952547,13
33,large_leak,3,1906,953047,43
33,large_leak,3,1907,953547,55
33,large_leak,3,1908,954047,64
33,large_leak,3,1909,954547,89
33,large_leak,3,1910,955047,109
33,large_leak,3,1911,955547,133
33,large_leak,3,1912,956047,147
33,large_leak,3,1913,956547,151
33,large_leak,3,1914,957047,160
33,large_leak,3,1915,957547,155
33,large_leak,3,1916,958047,143
33,large_leak,3,1917,958547,103
33,large_leak,3,1918,959047,75
33,large_leak,3,1919,959547,57
33,large_leak,3,1920,960047,42
33,large_leak,3,1921,960547,69
33,large_leak,3,1922,961047,107
33,large_leak,3,1923,961547,148
33,large_leak,3,1924,962047,185
33,large_leak,3,1925,962547,213
33,large_leak,3,1926,963047,228
33,large_leak,3,1927,963547,239
33,large_leak,3,1928,964047,237
33,large_leak,3,1929,964547,225
33,large_leak,3,1930,965047,219
33,large_leak,3,1931,965547,166
33,large_leak,3,1932,966047,136
33,large_leak,3,1933,966547,104
33,large_leak,3,1934,967047,88
33,large_leak,3,1935,967547,81
33,large_leak,3,1936,968047,81
33,large_leak,3,1937,968547,71
33,large_leak,3,1938,969047,73
33,large_leak,3,1939,969547,91
33,large_leak,3,1940,970047,106
33,large_leak,3,1941,970547,125
33,large_leak,3,1942,971047,117
33,large_leak,3,1943,971547,93
33,large_leak,3,1944,972047,78
33,large_leak,3,1945,972547,69
33,large_leak,3,1946,973047,56
33,large_leak,3,1947,973547,35
33,large_leak,3,1948,974047,11
33,large_leak,3,1949,974547,0
33,large_leak,3,1950,975047,0
33,large_leak,3,1951,975547,0
33,large_leak,3,1952,976047,1
33,large_leak,3,1953,976547,11
33,large_leak,3,1954,977047,26
33,large_leak,3,1955,977547,39
33,large_leak,3,1956,978047,17
33,large_leak,3,1957,978547,27
33,large_leak,3,1958,979047,38
33,large_leak,3,1959,979547,27
33,large_leak,3,1960,980047,9
33,large_leak,3,1961,980547,2
33,large_leak,3,1962,981047,1
33,large_leak,3,1963,981547,9
33,large_leak,3,1964,982047,23
33,large_leak,3,1965,982547,39
33,large_leak,3,1966,983047,47
33,large_leak,3,1967,983547,55
33,large_leak,3,1968,984047,75
33,large_leak,3,1969,984547,83
33,large_leak,3,1970,985047,91
33,large_leak,3,1971,985547,91
33,large_leak,3,1972,986047,95
33,large_leak,3,1973,986547,105
33,large_leak,3,1974,987047,119
33,large_leak,3,1975,987547,139
33,large_leak,3,1976,988047,157
33,large_leak,3,1977,988547,197
33,large_leak,3,1978,989047,227
33,large_leak,3,1979,989547,237
33,large_leak,3,1980,990047,235
33,large_leak,3,1981,990547,232
33,large_leak,3,1982,991047,229
33,large_leak,3,1983,991547,197
33,large_leak,3,1984,992047,167
33,large_leak,3,1985,992547,136
33,large_leak,3,1986,993047,85
33,large_leak,3,1987,993547,53
33,large_leak,3,1988,994047,39
33,large_leak,3,1989,994547,28
33,large_leak,3,1990,995047,45
33,large_leak,3,1991,995547,71
33,large_leak,3,1992,996047,85
33,large_leak,3,1993,996547,93
33,large_leak,3,1994,997047,107
33,large_leak,3,1995,997547,119
33,large_leak,3,1996,998047,125
33,large_leak,3,1997,998547,133
33,large_leak,3,1998,999047,124
33,large_leak,3,1999,999547,105
33,large_leak,4,0,48,45
33,large_leak,4,1,547,35
33,large_leak,4,2,1047,43
33,large_leak,4,3,1547,59
33,large_leak,4,4,2047,75
33,large_leak,4,5,2547,86
33,large_leak,4,6,3047,87
33,large_leak,4,7,3547,111
33,large_leak,4,8,4047,137
33,large_leak,4,9,4547,144
33,large_leak,4,10,5047,159
33,large_leak,4,11,5547,158
33,large_leak,4,12,6047,160
33,large_leak,4,13,6547,167
33,large_leak,4,14,7047,157
33,large_leak,4,15,7547,137
33,large_leak,4,16,8047,125
33,large_leak,4,17,8547,103
33,large_leak,4,18,9047,93
33,large_leak,4,19,9547,91
33,large_leak,4,20,10047,91
33,large_leak,4,21,10547,92
33,large_leak,4,22,11047,89
33,large_leak,4,23,11547,75
33,large_leak,4,24,12047,51
33,large_leak,4,25,12547,41
33,large_leak,4,26,13047,47
33,large_leak,4,27,13547,43
33,large_leak,4,28,14047,40
33,large_leak,4,29,14547,22
33,large_leak,4,30,15047,0
33,large_leak,4,31,15547,0
33,large_leak,4,32,16047,0
33,large_leak,4,33,16547,0
33,large_leak,4,34,17047,0
33,large_leak,4,35,17547,0
33,large_leak,4,36,18047,0
33,large_leak,4,37,18547,0
33,large_leak,4,38,19047,0
33,large_leak,4,39,19547,0
33,large_leak,4,40,20047,0
33,large_leak,4,41,20547,26
33,large_leak,4,42,21047,52
33,large_leak,4,43,21547,72
33,large_leak,4,44,22047,104
33,large_leak,4,45,22547,124
33,large_leak,4,46,23047,151
33,large_leak,4,47,23547,191
33,large_leak,4,48,24047,205
33,large_leak,4,49,24547,238
33,large_leak,4,50,25047,263
33,large_leak,4,51,25547,265
33,large_leak,4,52,26047,247
33,large_leak,4,53,26547,243
33,large_leak,4,54,27047,247
33,large_leak,4,55,27547,251
33,large_leak,4,56,28047,253
33,large_leak,4,57,28547,247
33,large_leak,4,58,29047,232
33,large_leak,4,59,29547,230
33,large_leak,4,60,30047,221
33,large_leak,4,61,30547,187
33,large_leak,4,62,31047,174
33,large_leak,4,63,31547,160
33,large_leak,4,64,32047,143
33,large_leak,4,65,32547,117
33,large_leak,4,66,33047,93
33,large_leak,4,67,33547,91
33,large_leak,4,68,34047,85
33,large_leak,4,69,34547,69
33,large_leak,4,70,35047,42
33,large_leak,4,71,35547,27
33,large_leak,4,72,36047,20
33,large_leak,4,73,36547,8
33,large_leak,4,74,37047,1
33,large_leak,4,75,37547,2
33,large_leak,4,76,38047,5
33,large_leak,4,77,38547,9
33,large_leak,4,78,39047,9
33,large_leak,4,79,39547,20
33,large_leak,4,80,40047,25
33,large_leak,4,81,40547,21
33,large_leak,4,82,41047,41
33,large_leak,4,83,41547,75
33,large_leak,4,84,42047,109
33,large_leak,4,85,42547,125
33,large_leak,4,86,43047,111
33,large_leak,4,87,43547,101
33,large_leak,4,88,44047,105
33,large_leak,4,89,44547,95
33,large_leak,4,90,45047,89
33,large_leak,4,91,45547,84
33,large_leak,4,92,46047,77
33,large_leak,4,93,46547,85
33,large_leak,4,94,47047,108
33,large_leak,4,95,47547,103
33,large_leak,4,96,48047,91
33,large_leak,4,97,48547,91
33,large_leak,4,98,49047,87
33,large_leak,4,99,49547,57
33,large_leak,4,100,50047,39
33,large_leak,4,101,50547,24
33,large_leak,4,102,51047,1
33,large_leak,4,103,51547,0
33,large_leak,4,104,52047,0
33,large_leak,4,105,52547,0
33,large_leak,4,106,53047,0
33,large_leak,4,107,53547,0
33,large_leak,4,108,54047,0
33,large_leak,4,109,54547,0
33,large_leak,4,110,55047,0
33,large_leak,4,111,55547,0
33,large_leak,4,112,56047,26
33,large_leak,4,113,56547,68
33,large_leak,4,114,57047,80
33,large_leak,4,115,57547,109
33,large_leak,4,116,58047,117
33,large_leak,4,117,58547,117
33,large_leak,4,118,59047,133
33,large_leak,4,119,59547,133
33,large_leak,4,120,60047,135
33,large_leak,4,121,60547,119
33,large_leak,4,122,61047,106
33,large_leak,4,123,61547,104
33,large_leak,4,124,62047,102
33,large_leak,4,125,62547,89
33,large_leak,4,126,63047,105
33,large_leak,4,127,63547,117
33,large_leak,4,128,64047,99
33,large_leak,4,129,64547,73
33,large_leak,4,130,65047,52
33,large_leak,4,131,65547,25
33,large_leak,4,132,66047,0
33,large_leak,4,133,66547,0
33,large_leak,4,134,67047,0
33,large_leak,4,135,67547,0
33,large_leak,4,136,68047,0
33,large_leak,4,137,68547,0
33,large_leak,4,138,69047,0
33,large_leak,4,139,69547,0
33,large_leak,4,140,70047,0
33,large_leak,4,141,70547,0
33,large_leak,4,142,71047,0
33,large_leak,4,143,71547,45
33,large_leak,4,144,72047,95
33,large_leak,4,145,72547,149
33,large_leak,4,146,73047,155
33,large_leak,4,147,73547,148
33,large_leak,4,148,74047,149
33,large_leak,4,149,74547,151
33,large_leak,4,150,75047,133
33,large_leak,4,151,75547,111
33,large_leak,4,152,76047,112
33,large_leak,4,153,76547,115
33,large_leak,4,154,77047,123
33,large_leak,4,155,77547,136
33,large_leak,4,156,78047,147
33,large_leak,4,157,78547,153
33,large_leak,4,158,79047,153
33,large_leak,4,159,79547,157
33,large_leak,4,160,80047,169
33,large_leak,4,161,80547,167
33,large_leak,4,162,81047,158
33,large_leak,4,163,81547,146
33,large_leak,4,164,82047,142
33,large_leak,4,165,82547,143
33,large_leak,4,166,83047,143
33,large_leak,4,167,83547,165
33,large_leak,4,168,84047,184
33,large_leak,4,169,84547,205
33,large_leak,4,170,85047,235
33,large_leak,4,171,85547,276
33,large_leak,4,172,86047,295
33,large_leak,4,173,86547,296
33,large_leak,4,174,87047,295
33,large_leak,4,175,87547,291
33,large_leak,4,176,88047,275
33,large_leak,4,177,88547,247
33,large_leak,4,178,89047,221
33,large_leak,4,179,89547,190
33,large_leak,4,180,90047,166
33,large_leak,4,181,90547,136
33,large_leak,4,182,91047,106
33,large_leak,4,183,91547,83
33,large_leak,4,184,92047,59
33,large_leak,4,185,92547,56
33,large_leak,4,186,93047,55
33,large_leak,4,187,93547,52
33,large_leak,4,188,94047,67
33,large_leak,4,189,94547,79
33,large_leak,4,190,95047,89
33,large_leak,4,191,95547,90
33,large_leak,4,192,96047,85
33,large_leak,4,193,96547,85
33,large_leak,4,194,97047,101
33,large_leak,4,195,97547,110
33,large_leak,4,196,98047,115
33,large_leak,4,197,98547,111
33,large_leak,4,198,99047,104
33,large_leak,4,199,99547,85
33,large_leak,4,200,100047,71
33,large_leak,4,201,100547,50
33,large_leak,4,202,101047,27
33,large_leak,4,203,101547,5
33,large_leak,4,204,102047,0
33,large_leak,4,205,102547,0
33,large_leak,4,206,103047,0
33,large_leak,4,207,103547,0
33,large_leak,4,208,104047,0
33,large_leak,4,209,104547,0
33,large_leak,4,210,105047,0
33,large_leak,4,211,105547,0
33,large_leak,4,212,106047,0
33,large_leak,4,213,106547,0
33,large_leak,4,214,107047,0
33,large_leak,4,215,107547,17
33,large_leak,4,216,108047,13
33,large_leak,4,217,108547,7
33,large_leak,4,218,109047,2
33,large_leak,4,219,109547,3
33,large_leak,4,220,110047,2
33,large_leak,4,221,110547,7
33,large_leak,4,222,111047,2
33,large_leak,4,223,111547,0
33,large_leak,4,224,112047,0
33,large_leak,4,225,112547,0
33,large_leak,4,226,113047,0
33,large_leak,4,227,113547,0
33,large_leak,4,228,114047,0
33,large_leak,4,229,114547,13
33,large_leak,4,230,115047,40
33,large_leak,4,231,115547,79
33,large_leak,4,232,116047,119
33,large_leak,4,233,116547,159
33,large_leak,4,234,117047,185
33,large_leak,4,235,117547,214
33,large_leak,4,236,118047,231
33,large_leak,4,237,118547,255
33,large_leak,4,238,119047,279
33,large_leak,4,239,119547,267
33,large_leak,4,240,120047,248
33,large_leak,4,241,120547,245
33,large_leak,4,242,121047,239
33,large_leak,4,243,121547,221
33,large_leak,4,244,122047,203
33,large_leak,4,245,122547,179
33,large_leak,4,246,123047,158
33,large_leak,4,247,123547,140
33,large_leak,4,248,124047,119
33,large_leak,4,249,124547,102
33,large_leak,4,250,125047,81
33,large_leak,4,251,125547,59
33,large_leak,4,252,126047,52
33,large_leak,4,253,126547,45
33,large_leak,4,254,127047,73
33,large_leak,4,255,127547,93
33,large_leak,4,256,128047,122
33,large_leak,4,257,128547,155
33,large_leak,4,258,129047,187
33,large_leak,4,259,129547,223
33,large_leak,4,260,130047,248
33,large_leak,4,261,130547,276
33,large_leak,4,262,131047,301
33,large_leak,4,263,131547,298
33,large_leak,4,264,132047,293
33,large_leak,4,265,132547,285
33,large_leak,4,266,133047,270
33,large_leak,4,267,133547,264
33,large_leak,4,268,134047,247
33,large_leak,4,269,134547,222
33,large_leak,4,270,135047,217
33,large_leak,4,271,135547,201
33,large_leak,4,272,136047,201
33,large_leak,4,273,136547,207
33,large_leak,4,274,137047,201
33,large_leak,4,275,137547,185
33,large_leak,4,276,138047,164
33,large_leak,4,277,138547,141
33,large_leak,4,278,139047,120
33,large_leak,4,279,139547,91
33,large_leak,4,280,140047,52
33,large_leak,4,281,140547,13
33,large_leak,4,282,141047,0
33,large_leak,4,283,141547,0
33,large_leak,4,284,142047,0
33,large_leak,4,285,142547,0
33,large_leak,4,286,143047,0
33,large_leak,4,287,143547,0
33,large_leak,4,288,144047,0
33,large_leak,4,289,144547,0
33,large_leak,4,290,145047,0
33,large_leak,4,291,145547,0
33,large_leak,4,292,146047,0
33,large_leak,4,293,146547,0
33,large_leak,4,294,147047,0
33,large_leak,4,295,147547,0
33,large_leak,4,296,148047,0
33,large_leak,4,297,148547,0
33,large_leak,4,298,149047,0
33,large_leak,4,299,149547,0
33,large_leak,4,300,150047,0
33,large_leak,4,301,150547,0
33,large_leak,4,302,151047,0
33,large_leak,4,303,151547,0
33,large_leak,4,304,152047,1
33,large_leak,4,305,152547,11
33,large_leak,4,306,153047,26
33,large_leak,4,307,153547,18
33,large_leak,4,308,154047,2
33,large_leak,4,309,154547,0
33,large_leak,4,310,155047,0
33,large_leak,4,311,155547,21
33,large_leak,4,312,156047,25
33,large_leak,4,313,156547,42
33,large_leak,4,314,157047,77
33,large_leak,4,315,157547,101
33,large_leak,4,316,158047,121
33,large_leak,4,317,158547,133
33,large_leak,4,318,159047,111
33,large_leak,4,319,159547,94
33,large_leak,4,320,160047,87
33,large_leak,4,321,160547,71
33,large_leak,4,322,161047,44
33,large_leak,4,323,161547,22
33,large_leak,4,324,162047,0
33,large_leak,4,325,162547,0
33,large_leak,4,326,163047,0
33,large_leak,4,327,163547,0
33,large_leak,4,328,164047,0
33,large_leak,4,329,164547,0
33,large_leak,4,330,165047,7
33,large_leak,4,331,165547,11
33,large_leak,4,332,166047,12
33,large_leak,4,333,166547,22
33,large_leak,4,334,167047,31
33,large_leak,4,335,167547,51
33,large_leak,4,336,168047,82
33,large_leak,4,337,168547,104
33,large_leak,4,338,169047,121
33,large_leak,4,339,169547,140
33,large_leak,4,340,170047,147
33,large_leak,4,341,170547,150
33,large_leak,4,342,171047,147
33,large_leak,4,343,171547,117
33,large_leak,4,344,172047,93
33,large_leak,4,345,172547,73
33,large_leak,4,346,173047,45
33,large_leak,4,347,173547,27
33,large_leak,4,348,174047,26
33,large_leak,4,349,174547,33
33,large_leak,4,350,175047,17
33,large_leak,4,351,175547,5
33,large_leak,4,352,176047,6
33,large_leak,4,353,176547,8
33,large_leak,4,354,177047,13
33,large_leak,4,355,177547,17
33,large_leak,4,356,178047,21
33,large_leak,4,357,178547,45
33,large_leak,4,358,179047,71
33,large_leak,4,359,179547,95
33,large_leak,4,360,180047,117
33,large_leak,4,361,180547,139
33,large_leak,4,362,181047,173
33,large_leak,4,363,181547,210
33,large_leak,4,364,182047,219
33,large_leak,4,365,182547,221
33,large_leak,4,366,183047,217
33,large_leak,4,367,183547,207
33,large_leak,4,368,184047,171
33,large_leak,4,369,184547,133
33,large_leak,4,370,185047,99
33,large_leak,4,371,185547,75
33,large_leak,4,372,186047,62
33,large_leak,4,373,186547,62
33,large_leak,4,374,187047,56
33,large_leak,4,375,187547,69
33,large_leak,4,376,188047,100
33,large_leak,4,377,188547,135
33,large_leak,4,378,189047,157
33,large_leak,4,379,189547,165
33,large_leak,4,380,190047,153
33,large_leak,4,381,190547,141
33,large_leak,4,382,191047,135
33,large_leak,4,383,191547,89
33,large_leak,4,384,192047,57
33,large_leak,4,385,192547,45
33,large_leak,4,386,193047,16
33,large_leak,4,387,193547,0
33,large_leak,4,388,194047,0
33,large_leak,4,389,194547,0
33,large_leak,4,390,195047,0
33,large_leak,4,391,195547,0
33,large_leak,4,392,196047,0
33,large_leak,4,393,196547,0
33,large_leak,4,394,197047,0
33,large_leak,4,395,197547,0
33,large_leak,4,396,198047,0
33,large_leak,4,397,198547,0
33,large_leak,4,398,199047,0
33,large_leak,4,399,199547,0
33,large_leak,4,400,200047,0
33,large_leak,4,401,200547,35
33,large_leak,4,402,201047,52
33,large_leak,4,403,201547,81
33,large_leak,4,404,202047,91
33,large_leak,4,405,202547,102
33,large_leak,4,406,203047,107
33,large_leak,4,407,203547,110
33,large_leak,4,408,204047,118
33,large_leak,4,409,204547,119
33,large_leak,4,410,205047,125
33,large_leak,4,411,205547,137
33,large_leak,4,412,206047,148
33,large_leak,4,413,206547,155
33,large_leak,4,414,207047,166
33,large_leak,4,415,207547,175
33,large_leak,4,416,208047,181
33,large_leak,4,417,208547,183
33,large_leak,4,418,209047,188
33,large_leak,4,419,209547,189
33,large_leak,4,420,210047,173
33,large_leak,4,421,210547,153
33,large_leak,4,422,211047,139
33,large_leak,4,423,211547,123
33,large_leak,4,424,212047,112
33,large_leak,4,425,212547,104
33,large_leak,4,426,213047,89
33,large_leak,4,427,213547,69
33,large_leak,4,428,214047,45
33,large_leak,4,429,214547,17
33,large_leak,4,430,215047,0
33,large_leak,4,431,215547,0
33,large_leak,4,432,216047,0
33,large_leak,4,433,216547,0
33,large_leak,4,434,217047,0
33,large_leak,4,435,217547,0
33,large_leak,4,436,218047,0
33,large_leak,4,437,218547,0
33,large_leak,4,438,219047,0
33,large_leak,4,439,219547,0
33,large_leak,4,440,220047,0
33,large_leak,4,441,220547,0
33,large_leak,4,442,221047,0
33,large_leak,4,443,221547,0
33,large_leak,4,444,222047,0
33,large_leak,4,445,222547,0
33,large_leak,4,446,223047,0
33,large_leak,4,447,223547,0
33,large_leak,4,448,224047,31
33,large_leak,4,449,224547,54
33,large_leak,4,450,225047,56
33,large_leak,4,451,225547,42
33,large_leak,4,452,226047,43
33,large_leak,4,453,226547,46
33,large_leak,4,454,227047,47
33,large_leak,4,455,227547,56
33,large_leak,4,456,228047,55
33,large_leak,4,457,228547,67
33,large_leak,4,458,229047,83
33,large_leak,4,459,229547,93
33,large_leak,4,460,230047,101
33,large_leak,4,461,230547,108
33,large_leak,4,462,231047,117
33,large_leak,4,463,231547,135
33,large_leak,4,464,232047,131
33,large_leak,4,465,232547,121
33,large_leak,4,466,233047,119
33,large_leak,4,467,233547,119
33,large_leak,4,468,234047,103
33,large_leak,4,469,234547,77
33,large_leak,4,470,235047,53
33,large_leak,4,471,235547,37
33,large_leak,4,472,236047,47
33,large_leak,4,473,236547,74
33,large_leak,4,474,237047,103
33,large_leak,4,475,237547,127
33,large_leak,4,476,238047,163
33,large_leak,4,477,238547,198
33,large_leak,4,478,239047,228
33,large_leak,4,479,239547,267
33,large_leak,4,480,240047,287
33,large_leak,4,481,240547,293
33,large_leak,4,482,241047,293
33,large_leak,4,483,241547,295
33,large_leak,4,484,242047,284
33,large_leak,4,485,242547,269
33,large_leak,4,486,243047,237
33,large_leak,4,487,243547,199
33,large_leak,4,488,244047,167
33,large_leak,4,489,244547,140
33,large_leak,4,490,245047,108
33,large_leak,4,491,245547,71
33,large_leak,4,492,246047,42
33,large_leak,4,493,246547,24
33,large_leak,4,494,247047,5
33,large_leak,4,495,247547,0
33,large_leak,4,496,248047,0
33,large_leak,4,497,248547,0
33,large_leak,4,498,249047,27
33,large_leak,4,499,249547,61
33,large_leak,4,500,250047,84
33,large_leak,4,501,250547,109
33,large_leak,4,502,251047,137
33,large_leak,4,503,251547,153
33,large_leak,4,504,252047,169
33,large_leak,4,505,252547,136
33,large_leak,4,506,253047,110
33,large_leak,4,507,253547,70
33,large_leak,4,508,254047,35
33,large_leak,4,509,254547,8
33,large_leak,4,510,255047,0
33,large_leak,4,511,255547,0
33,large_leak,4,512,256047,0
33,large_leak,4,513,256547,0
33,large_leak,4,514,257047,0
33,large_leak,4,515,257547,0
33,large_leak,4,516,258047,0
33,large_leak,4,517,258547,0
33,large_leak,4,518,259047,20
33,large_leak,4,519,259547,35
33,large_leak,4,520,260047,59
33,large_leak,4,521,260547,73
33,large_leak,4,522,261047,69
33,large_leak,4,523,261547,59
33,large_leak,4,524,262047,63
33,large_leak,4,525,262547,52
33,large_leak,4,526,263047,23
33,large_leak,4,527,263547,8
33,large_leak,4,528,264047,7
33,large_leak,4,529,264547,20
33,large_leak,4,530,265047,46
33,large_leak,4,531,265547,55
33,large_leak,4,532,266047,69
33,large_leak,4,533,266547,91
33,large_leak,4,534,267047,115
33,large_leak,4,535,267547,135
33,large_leak,4,536,268047,151
33,large_leak,4,537,268547,155
33,large_leak,4,538,269047,156
33,large_leak,4,539,269547,151
33,large_leak,4,540,270047,143
33,large_leak,4,541,270547,137
33,large_leak,4,542,271047,127
33,large_leak,4,543,271547,123
33,large_leak,4,544,272047,117
33,large_leak,4,545,272547,115
33,large_leak,4,546,273047,117
33,large_leak,4,547,273547,119
33,large_leak,4,548,274047,119
33,large_leak,4,549,274547,119
33,large_leak,4,550,275047,121
33,large_leak,4,551,275547,117
33,large_leak,4,552,276047,119
33,large_leak,4,553,276547,111
33,large_leak,4,554,277047,101
33,large_leak,4,555,277547,87
33,large_leak,4,556,278047,83
33,large_leak,4,557,278547,71
33,large_leak,4,558,279047,57
33,large_leak,4,559,279547,39
33,large_leak,4,560,280047,23
33,large_leak,4,561,280547,10
33,large_leak,4,562,281047,3
33,large_leak,4,563,281547,5
33,large_leak,4,564,282047,4
33,large_leak,4,565,282547,0
33,large_leak,4,566,283047,0
33,large_leak,4,567,283547,23
33,large_leak,4,568,284047,47
33,large_leak,4,569,284547,68
33,large_leak,4,570,285047,84
33,large_leak,4,571,285547,106
33,large_leak,4,572,286047,123
33,large_leak,4,573,286547,133
33,large_leak,4,574,287047,125
33,large_leak,4,575,287547,126
33,large_leak,4,576,288047,122
33,large_leak,4,577,288547,109
33,large_leak,4,578,289047,89
33,large_leak,4,579,289547,75
33,large_leak,4,580,290047,70
33,large_leak,4,581,290547,59
33,large_leak,4,582,291047,43
33,large_leak,4,583,291547,29
33,large_leak,4,584,292047,25
33,large_leak,4,585,292547,20
33,large_leak,4,586,293047,20
33,large_leak,4,587,293547,10
33,large_leak,4,588,294047,1
33,large_leak,4,589,294547,0
33,large_leak,4,590,295047,12
33,large_leak,4,591,295547,41
33,large_leak,4,592,296047,74
33,large_leak,4,593,296547,105
33,large_leak,4,594,297047,138
33,large_leak,4,595,297547,150
33,large_leak,4,596,298047,160
33,large_leak,4,597,298547,166
33,large_leak,4,598,299047,170
33,large_leak,4,599,299547,186
33,large_leak,4,600,300047,202
33,large_leak,4,601,300547,189
33,large_leak,4,602,301047,171
33,large_leak,4,603,301547,169
33,large_leak,4,604,302047,175
33,large_leak,4,605,302547,169
33,large_leak,4,606,303047,155
33,large_leak,4,607,303547,142
33,large_leak,4,608,304047,120
33,large_leak,4,609,304547,102
33,large_leak,4,610,305047,88
33,large_leak,4,611,305547,78
33,large_leak,4,612,306047,63
33,large_leak,4,613,306547,51
33,large_leak,4,614,307047,61
33,large_leak,4,615,307547,55
33,large_leak,4,616,308047,55
33,large_leak,4,617,308547,57
33,large_leak,4,618,309047,41
33,large_leak,4,619,309547,29
33,large_leak,4,620,310047,29
33,large_leak,4,621,310547,41
33,large_leak,4,622,311047,60
33,large_leak,4,623,311547,87
33,large_leak,4,624,312047,93
33,large_leak,4,625,312547,95
33,large_leak,4,626,313047,107
33,large_leak,4,627,313547,123
33,large_leak,4,628,314047,139
33,large_leak,4,629,314547,143
33,large_leak,4,630,315047,169
33,large_leak,4,631,315547,183
33,large_leak,4,632,316047,181
33,large_leak,4,633,316547,179
33,large_leak,4,634,317047,171
33,large_leak,4,635,317547,141
33,large_leak,4,636,318047,119
33,large_leak,4,637,318547,83
33,large_leak,4,638,319047,43
33,large_leak,4,639,319547,30
33,large_leak,4,640,320047,31
33,large_leak,4,641,320547,36
33,large_leak,4,642,321047,53
33,large_leak,4,643,321547,83
33,large_leak,4,644,322047,105
33,large_leak,4,645,322547,116
33,large_leak,4,646,323047,117
33,large_leak,4,647,323547,90
33,large_leak,4,648,324047,79
33,large_leak,4,649,324547,83
33,large_leak,4,650,325047,71
33,large_leak,4,651,325547,62
33,large_leak,4,652,326047,63
33,large_leak,4,653,326547,63
33,large_leak,4,654,327047,86
33,large_leak,4,655,327547,115
33,large_leak,4,656,328047,137
33,large_leak,4,657,328547,136
33,large_leak,4,658,329047,118
33,large_leak,4,659,329547,89
33,large_leak,4,660,330047,63
33,large_leak,4,661,330547,43
33,large_leak,4,662,331047,46
33,large_leak,4,663,331547,43
33,large_leak,4,664,332047,54
33,large_leak,4,665,332547,71
33,large_leak,4,666,333047,79
33,large_leak,4,667,333547,92
33,large_leak,4,668,334047,106
33,large_leak,4,669,334547,123
33,large_leak,4,670,335047,147
33,large_leak,4,671,335547,157
33,large_leak,4,672,336047,151
33,large_leak,4,673,336547,136
33,large_leak,4,674,337047,112
33,large_leak,4,675,337547,83
33,large_leak,4,676,338047,44
33,large_leak,4,677,338547,10
33,large_leak,4,678,339047,0
33,large_leak,4,679,339547,0
33,large_leak,4,680,340047,0
33,large_leak,4,681,340547,9
33,large_leak,4,682,341047,45
33,large_leak,4,683,341547,102
33,large_leak,4,684,342047,157
33,large_leak,4,685,342547,198
33,large_leak,4,686,343047,220
33,large_leak,4,687,343547,232
33,large_leak,4,688,344047,242
33,large_leak,4,689,344547,237
33,large_leak,4,690,345047,212
33,large_leak,4,691,345547,171
33,large_leak,4,692,346047,121
33,large_leak,4,693,346547,86
33,large_leak,4,694,347047,63
33,large_leak,4,695,347547,42
33,large_leak,4,696,348047,36
33,large_leak,4,697,348547,43
33,large_leak,4,698,349047,61
33,large_leak,4,699,349547,87
33,large_leak,4,700,350047,115
33,large_leak,4,701,350547,138
33,large_leak,4,702,351047,165
33,large_leak,4,703,351547,185
33,large_leak,4,704,352047,187
33,large_leak,4,705,352547,175
33,large_leak,4,706,353047,169
33,large_leak,4,707,353547,150
33,large_leak,4,708,354047,137
33,large_leak,4,709,354547,114
33,large_leak,4,710,355047,77
33,large_leak,4,711,355547,61
33,large_leak,4,712,356047,53
33,large_leak,4,713,356547,37
33,large_leak,4,714,357047,35
33,large_leak,4,715,357547,31
33,large_leak,4,716,358047,40
33,large_leak,4,717,358547,45
33,large_leak,4,718,359047,45
33,large_leak,4,719,359547,55
33,large_leak,4,720,360047,55
33,large_leak,4,721,360547,51
33,large_leak,4,722,361047,55
33,large_leak,4,723,361547,62
33,large_leak,4,724,362047,60
33,large_leak,4,725,362547,59
33,large_leak,4,726,363047,53
33,large_leak,4,727,363547,42
33,large_leak,4,728,364047,27
33,large_leak,4,729,364547,24
33,large_leak,4,730,365047,23
33,large_leak,4,731,365547,22
33,large_leak,4,732,366047,20
33,large_leak,4,733,366547,19
33,large_leak,4,734,367047,25
33,large_leak,4,735,367547,31
33,large_leak,4,736,368047,47
33,large_leak,4,737,368547,63
33,large_leak,4,738,369047,69
33,large_leak,4,739,369547,67
33,large_leak,4,740,370047,77
33,large_leak,4,741,370547,88
33,large_leak,4,742,371047,87
33,large_leak,4,743,371547,87
33,large_leak,4,744,372047,83
33,large_leak,4,745,372547,62
33,large_leak,4,746,373047,67
33,large_leak,4,747,373547,75
33,large_leak,4,748,374047,89
33,large_leak,4,749,374547,107
33,large_leak,4,750,375047,137
33,large_leak,4,751,375547,160
33,large_leak,4,752,376047,175
33,large_leak,4,753,376547,179
33,large_leak,4,754,377047,167
33,large_leak,4,755,377547,143
33,large_leak,4,756,378047,116
33,large_leak,4,757,378547,91
33,large_leak,4,758,379047,84
33,large_leak,4,759,379547,76
33,large_leak,4,760,380047,69
33,large_leak,4,761,380547,72
33,large_leak,4,762,381047,95
33,large_leak,4,763,381547,115
33,large_leak,4,764,382047,135
33,large_leak,4,765,382547,151
33,large_leak,4,766,383047,150
33,large_leak,4,767,383547,147
33,large_leak,4,768,384047,117
33,large_leak,4,769,384547,88
33,large_leak,4,770,385047,81
33,large_leak,4,771,385547,70
33,large_leak,4,772,386047,61
33,large_leak,4,773,386547,43
33,large_leak,4,774,387047,30
33,large_leak,4,775,387547,40
33,large_leak,4,776,388047,53
33,large_leak,4,777,388547,73
33,large_leak,4,778,389047,99
33,large_leak,4,779,389547,123
33,large_leak,4,780,390047,146
33,large_leak,4,781,390547,163
33,large_leak,4,782,391047,189
33,large_leak,4,783,391547,199
33,large_leak,4,784,392047,185
33,large_leak,4,785,392547,171
33,large_leak,4,786,393047,149
33,large_leak,4,787,393547,121
33,large_leak,4,788,394047,107
33,large_leak,4,789,394547,73
33,large_leak,4,790,395047,26
33,large_leak,4,791,395547,1
33,large_leak,4,792,396047,0
33,large_leak,4,793,396547,0
33,large_leak,4,794,397047,0
33,large_leak,4,795,397547,0
33,large_leak,4,796,398047,0
33,large_leak,4,797,398547,0
33,large_leak,4,798,399047,0
33,large_leak,4,799,399547,0
33,large_leak,4,800,400047,0
33,large_leak,4,801,400547,0
33,large_leak,4,802,401047,0
33,large_leak,4,803,401547,25
33,large_leak,4,804,402047,33
33,large_leak,4,805,402547,39
33,large_leak,4,806,403047,50
33,large_leak,4,807,403547,46
33,large_leak,4,808,404047,33
33,large_leak,4,809,404547,37
33,large_leak,4,810,405047,47
33,large_leak,4,811,405547,46
33,large_leak,4,812,406047,52
33,large_leak,4,813,406547,61
33,large_leak,4,814,407047,85
33,large_leak,4,815,407547,99
33,large_leak,4,816,408047,110
33,large_leak,4,817,408547,117
33,large_leak,4,818,409047,140
33,large_leak,4,819,409547,167
33,large_leak,4,820,410047,172
33,large_leak,4,821,410547,173
33,large_leak,4,822,411047,175
33,large_leak,4,823,411547,199
33,large_leak,4,824,412047,221
33,large_leak,4,825,412547,235
33,large_leak,4,826,413047,251
33,large_leak,4,827,413547,255
33,large_leak,4,828,414047,245
33,large_leak,4,829,414547,236
33,large_leak,4,830,415047,215
33,large_leak,4,831,415547,187
33,large_leak,4,832,416047,167
33,large_leak,4,833,416547,141
33,large_leak,4,834,417047,135
33,large_leak,4,835,417547,109
33,large_leak,4,836,418047,101
33,large_leak,4,837,418547,103
33,large_leak,4,838,419047,99
33,large_leak,4,839,419547,91
33,large_leak,4,840,420047,94
33,large_leak,4,841,420547,122
33,large_leak,4,842,421047,158
33,large_leak,4,843,421547,187
33,large_leak,4,844,422047,217
33,large_leak,4,845,422547,243
33,large_leak,4,846,423047,265
33,large_leak,4,847,423547,264
33,large_leak,4,848,424047,243
33,large_leak,4,849,424547,232
33,large_leak,4,850,425047,229
33,large_leak,4,851,425547,203
33,large_leak,4,852,426047,166
33,large_leak,4,853,426547,139
33,large_leak,4,854,427047,143
33,large_leak,4,855,427547,132
33,large_leak,4,856,428047,125
33,large_leak,4,857,428547,125
33,large_leak,4,858,429047,120
33,large_leak,4,859,429547,101
33,large_leak,4,860,430047,83
33,large_leak,4,861,430547,83
33,large_leak,4,862,431047,67
33,large_leak,4,863,431547,52
33,large_leak,4,864,432047,30
33,large_leak,4,865,432547,5
33,large_leak,4,866,433047,0
33,large_leak,4,867,433547,1
33,large_leak,4,868,434047,0
33,large_leak,4,869,434547,0
33,large_leak,4,870,435047,0
33,large_leak,4,871,435547,2
33,large_leak,4,872,436047,18
33,large_leak,4,873,436547,37
33,large_leak,4,874,437047,57
33,large_leak,4,875,437547,77
33,large_leak,4,876,438047,100
33,large_leak,4,877,438547,108
33,large_leak,4,878,439047,103
33,large_leak,4,879,439547,104
33,large_leak,4,880,440047,116
33,large_leak,4,881,440547,132
33,large_leak,4,882,441047,136
33,large_leak,4,883,441547,136
33,large_leak,4,884,442047,126
33,large_leak,4,885,442547,119
33,large_leak,4,886,443047,95
33,large_leak,4,887,443547,73
33,large_leak,4,888,444047,40
33,large_leak,4,889,444547,28
33,large_leak,4,890,445047,14
33,large_leak,4,891,445547,3
33,large_leak,4,892,446047,3
33,large_leak,4,893,446547,0
33,large_leak,4,894,447047,0
33,large_leak,4,895,447547,0
33,large_leak,4,896,448047,0
33,large_leak,4,897,448547,0
33,large_leak,4,898,449047,0
33,large_leak,4,899,449547,0
33,large_leak,4,900,450047,0
33,large_leak,4,901,450547,0
33,large_leak,4,902,451047,0
33,large_leak,4,903,451547,0
33,large_leak,4,904,452047,0
33,large_leak,4,905,452547,0
33,large_leak,4,906,453047,0
33,large_leak,4,907,453547,0
33,large_leak,4,908,454047,0
33,large_leak,4,909,454547,0
33,large_leak,4,910,455047,0
33,large_leak,4,911,455547,0
33,large_leak,4,912,456047,19
33,large_leak,4,913,456547,63
33,large_leak,4,914,457047,106
33,large_leak,4,915,457547,141
33,large_leak,4,916,458047,154
33,large_leak,4,917,458547,174
33,large_leak,4,918,459047,183
33,large_leak,4,919,459547,203
33,large_leak,4,920,460047,217
33,large_leak,4,921,460547,228
33,large_leak,4,922,461047,217
33,large_leak,4,923,461547,204
33,large_leak,4,924,462047,185
33,large_leak,4,925,462547,163
33,large_leak,4,926,463047,149
33,large_leak,4,927,463547,147
33,large_leak,4,928,464047,157
33,large_leak,4,929,464547,169
33,large_leak,4,930,465047,169
33,large_leak,4,931,465547,151
33,large_leak,4,932,466047,126
33,large_leak,4,933,466547,105
33,large_leak,4,934,467047,91
33,large_leak,4,935,467547,72
33,large_leak,4,936,468047,43
33,large_leak,4,937,468547,25
33,large_leak,4,938,469047,13
33,large_leak,4,939,469547,4
33,large_leak,4,940,470047,1
33,large_leak,4,941,470547,5
33,large_leak,4,942,471047,19
33,large_leak,4,943,471547,51
33,large_leak,4,944,472047,88
33,large_leak,4,945,472547,111
33,large_leak,4,946,473047,115
33,large_leak,4,947,473547,99
33,large_leak,4,948,474047,76
33,large_leak,4,949,474547,63
33,large_leak,4,950,475047,63
33,large_leak,4,951,475547,62
33,large_leak,4,952,476047,70
33,large_leak,4,953,476547,52
33,large_leak,4,954,477047,51
33,large_leak,4,955,477547,46
33,large_leak,4,956,478047,39
33,large_leak,4,957,478547,37
33,large_leak,4,958,479047,22
33,large_leak,4,959,479547,12
33,large_leak,4,960,480047,24
33,large_leak,4,961,480547,39
33,large_leak,4,962,481047,47
33,large_leak,4,963,481547,72
33,large_leak,4,964,482047,103
33,large_leak,4,965,482547,133
33,large_leak,4,966,483047,156
33,large_leak,4,967,483547,187
33,large_leak,4,968,484047,229
33,large_leak,4,969,484547,229
33,large_leak,4,970,485047,222
33,large_leak,4,971,485547,197
33,large_leak,4,972,486047,141
33,large_leak,4,973,486547,88
33,large_leak,4,974,487047,43
33,large_leak,4,975,487547,11
33,large_leak,4,976,488047,0
33,large_leak,4,977,488547,0
33,large_leak,4,978,489047,0
33,large_leak,4,979,489547,0
33,large_leak,4,980,490047,0
33,large_leak,4,981,490547,0
33,large_leak,4,982,491047,0
33,large_leak,4,983,491547,7
33,large_leak,4,984,492047,23
33,large_leak,4,985,492547,28
33,large_leak,4,986,493047,40
33,large_leak,4,987,493547,45
33,large_leak,4,988,494047,47
33,large_leak,4,989,494547,48
33,large_leak,4,990,495047,55
33,large_leak,4,991,495547,75
33,large_leak,4,992,496047,87
33,large_leak,4,993,496547,99
33,large_leak,4,994,497047,111
33,large_leak,4,995,497547,123
33,large_leak,4,996,498047,124
33,large_leak,4,997,498547,111
33,large_leak,4,998,499047,91
33,large_leak,4,999,499547,77
33,large_leak,4,1000,500047,57
33,large_leak,4,1001,500547,47
33,large_leak,4,1002,501047,53
33,large_leak,4,1003,501547,59
33,large_leak,4,1004,502047,63
33,large_leak,4,1005,502547,53
33,large_leak,4,1006,503047,62
33,large_leak,4,1007,503547,91
33,large_leak,4,1008,504047,107
33,large_leak,4,1009,504547,111
33,large_leak,4,1010,505047,104
33,large_leak,4,1011,505547,104
33,large_leak,4,1012,506047,117
33,large_leak,4,1013,506547,140
33,large_leak,4,1014,507047,160
33,large_leak,4,1015,507547,174
33,large_leak,4,1016,508047,172
33,large_leak,4,1017,508547,165
33,large_leak,4,1018,509047,172
33,large_leak,4,1019,509547,187
33,large_leak,4,1020,510047,198
33,large_leak,4,1021,510547,191
33,large_leak,4,1022,511047,152
33,large_leak,4,1023,511547,115
33,large_leak,4,1024,512047,75
33,large_leak,4,1025,512547,31
33,large_leak,4,1026,513047,3
33,large_leak,4,1027,513547,0
33,large_leak,4,1028,514047,0
33,large_leak,4,1029,514547,0
33,large_leak,4,1030,515047,0
33,large_leak,4,1031,515547,0
33,large_leak,4,1032,516047,0
33,large_leak,4,1033,516547,0
33,large_leak,4,1034,517047,39
33,large_leak,4,1035,517547,75
33,large_leak,4,1036,518047,115
33,large_leak,4,1037,518547,147
33,large_leak,4,1038,519047,150
33,large_leak,4,1039,519547,136
33,large_leak,4,1040,520047,119
33,large_leak,4,1041,520547,111
33,large_leak,4,1042,521047,85
33,large_leak,4,1043,521547,55
33,large_leak,4,1044,522047,29
33,large_leak,4,1045,522547,5
33,large_leak,4,1046,523047,0
33,large_leak,4,1047,523547,0
33,large_leak,4,1048,524047,0
33,large_leak,4,1049,524547,0
33,large_leak,4,1050,525047,0
33,large_leak,4,1051,525547,0
33,large_leak,4,1052,526047,21
33,large_leak,4,1053,526547,53
33,large_leak,4,1054,527047,83
33,large_leak,4,1055,527547,93
33,large_leak,4,1056,528047,95
33,large_leak,4,1057,528547,101
33,large_leak,4,1058,529047,93
33,large_leak,4,1059,529547,94
33,large_leak,4,1060,530047,87
33,large_leak,4,1061,530547,63
33,large_leak,4,1062,531047,61
33,large_leak,4,1063,531547,69
33,large_leak,4,1064,532047,72
33,large_leak,4,1065,532547,71
33,large_leak,4,1066,533047,71
33,large_leak,4,1067,533547,71
33,large_leak,4,1068,534047,69
33,large_leak,4,1069,534547,87
33,large_leak,4,1070,535047,91
33,large_leak,4,1071,535547,93
33,large_leak,4,1072,536047,105
33,large_leak,4,1073,536547,117
33,large_leak,4,1074,537047,107
33,large_leak,4,1075,537547,93
33,large_leak,4,1076,538047,79
33,large_leak,4,1077,538547,77
33,large_leak,4,1078,539047,59
33,large_leak,4,1079,539547,40
33,large_leak,4,1080,540047,29
33,large_leak,4,1081,540547,41
33,large_leak,4,1082,541047,53
33,large_leak,4,1083,541547,61
33,large_leak,4,1084,542047,68
33,large_leak,4,1085,542547,67
33,large_leak,4,1086,543047,77
33,large_leak,4,1087,543547,87
33,large_leak,4,1088,544047,87
33,large_leak,4,1089,544547,75
33,large_leak,4,1090,545047,55
33,large_leak,4,1091,545547,33
33,large_leak,4,1092,546047,25
33,large_leak,4,1093,546547,20
33,large_leak,4,1094,547047,13
33,large_leak,4,1095,547547,9
33,large_leak,4,1096,548047,13
33,large_leak,4,1097,548547,27
33,large_leak,4,1098,549047,45
33,large_leak,4,1099,549547,70
33,large_leak,4,1100,550047,93
33,large_leak,4,1101,550547,109
33,large_leak,4,1102,551047,123
33,large_leak,4,1103,551547,127
33,large_leak,4,1104,552047,141
33,large_leak,4,1105,552547,148
33,large_leak,4,1106,553047,153
33,large_leak,4,1107,553547,150
33,large_leak,4,1108,554047,133
33,large_leak,4,1109,554547,108
33,large_leak,4,1110,555047,91
33,large_leak,4,1111,555547,77
33,large_leak,4,1112,556047,63
33,large_leak,4,1113,556547,55
33,large_leak,4,1114,557047,57
33,large_leak,4,1115,557547,57
33,large_leak,4,1116,558047,39
33,large_leak,4,1117,558547,39
33,large_leak,4,1118,559047,54
33,large_leak,4,1119,559547,59
33,large_leak,4,1120,560047,73
33,large_leak,4,1121,560547,77
33,large_leak,4,1122,561047,93
33,large_leak,4,1123,561547,117
33,large_leak,4,1124,562047,135
33,large_leak,4,1125,562547,149
33,large_leak,4,1126,563047,157
33,large_leak,4,1127,563547,163
33,large_leak,4,1128,564047,173
33,large_leak,4,1129,564547,171
33,large_leak,4,1130,565047,155
33,large_leak,4,1131,565547,123
33,large_leak,4,1132,566047,91
33,large_leak,4,1133,566547,59
33,large_leak,4,1134,567047,45
33,large_leak,4,1135,567547,29
33,large_leak,4,1136,568047,5
33,large_leak,4,1137,568547,3
33,large_leak,4,1138,569047,39
33,large_leak,4,1139,569547,57
33,large_leak,4,1140,570047,75
33,large_leak,4,1141,570547,91
33,large_leak,4,1142,571047,95
33,large_leak,4,1143,571547,94
33,large_leak,4,1144,572047,94
33,large_leak,4,1145,572547,89
33,large_leak,4,1146,573047,89
33,large_leak,4,1147,573547,73
33,large_leak,4,1148,574047,56
33,large_leak,4,1149,574547,40
33,large_leak,4,1150,575047,24
33,large_leak,4,1151,575547,16
33,large_leak,4,1152,576047,17
33,large_leak,4,1153,576547,26
33,large_leak,4,1154,577047,41
33,large_leak,4,1155,577547,44
33,large_leak,4,1156,578047,59
33,large_leak,4,1157,578547,73
33,large_leak,4,1158,579047,99
33,large_leak,4,1159,579547,110
33,large_leak,4,1160,580047,109
33,large_leak,4,1161,580547,115
33,large_leak,4,1162,581047,111
33,large_leak,4,1163,581547,108
33,large_leak,4,1164,582047,123
33,large_leak,4,1165,582547,133
33,large_leak,4,1166,583047,137
33,large_leak,4,1167,583547,135
33,large_leak,4,1168,584047,137
33,large_leak,4,1169,584547,151
33,large_leak,4,1170,585047,173
33,large_leak,4,1171,585547,202
33,large_leak,4,1172,586047,235
33,large_leak,4,1173,586547,275
33,large_leak,4,1174,587047,287
33,large_leak,4,1175,587547,295
33,large_leak,4,1176,588047,311
33,large_leak,4,1177,588547,329
33,large_leak,4,1178,589047,341
33,large_leak,4,1179,589547,345
33,large_leak,4,1180,590047,349
33,large_leak,4,1181,590547,351
33,large_leak,4,1182,591047,357
33,large_leak,4,1183,591547,335
33,large_leak,4,1184,592047,297
33,large_leak,4,1185,592547,279
33,large_leak,4,1186,593047,264
33,large_leak,4,1187,593547,235
33,large_leak,4,1188,594047,203
33,large_leak,4,1189,594547,159
33,large_leak,4,1190,595047,124
33,large_leak,4,1191,595547,105
33,large_leak,4,1192,596047,73
33,large_leak,4,1193,596547,40
33,large_leak,4,1194,597047,21
33,large_leak,4,1195,597547,1
33,large_leak,4,1196,598047,0
33,large_leak,4,1197,598547,0
33,large_leak,4,1198,599047,0
33,large_leak,4,1199,599547,0
33,large_leak,4,1200,600047,0
33,large_leak,4,1201,600547,0
33,large_leak,4,1202,601047,0
33,large_leak,4,1203,601547,7
33,large_leak,4,1204,602047,13
33,large_leak,4,1205,602547,8
33,large_leak,4,1206,603047,24
33,large_leak,4,1207,603547,51
33,large_leak,4,1208,604047,54
33,large_leak,4,1209,604547,39
33,large_leak,4,1210,605047,27
33,large_leak,4,1211,605547,14
33,large_leak,4,1212,606047,0
33,large_leak,4,1213,606547,0
33,large_leak,4,1214,607047,2
33,large_leak,4,1215,607547,10
33,large_leak,4,1216,608047,21
33,large_leak,4,1217,608547,26
33,large_leak,4,1218,609047,35
33,large_leak,4,1219,609547,46
33,large_leak,4,1220,610047,69
33,large_leak,4,1221,610547,77
33,large_leak,4,1222,611047,69
33,large_leak,4,1223,611547,57
33,large_leak,4,1224,612047,53
33,large_leak,4,1225,612547,52
33,large_leak,4,1226,613047,47
33,large_leak,4,1227,613547,23
33,large_leak,4,1228,614047,0
33,large_leak,4,1229,614547,0
33,large_leak,4,1230,615047,0
33,large_leak,4,1231,615547,0
33,large_leak,4,1232,616047,0
33,large_leak,4,1233,616547,0
33,large_leak,4,1234,617047,0
33,large_leak,4,1235,617547,0
33,large_leak,4,1236,618047,0
33,large_leak,4,1237,618547,0
33,large_leak,4,1238,619047,0
33,large_leak,4,1239,619547,0
33,large_leak,4,1240,620047,0
33,large_leak,4,1241,620547,27
33,large_leak,4,1242,621047,72
33,large_leak,4,1243,621547,117
33,large_leak,4,1244,622047,149
33,large_leak,4,1245,622547,175
33,large_leak,4,1246,623047,183
33,large_leak,4,1247,623547,183
33,large_leak,4,1248,624047,185
33,large_leak,4,1249,624547,171
33,large_leak,4,1250,625047,149
33,large_leak,4,1251,625547,120
33,large_leak,4,1252,626047,89
33,large_leak,4,1253,626547,74
33,large_leak,4,1254,627047,53
33,large_leak,4,1255,627547,37
33,large_leak,4,1256,628047,34
33,large_leak,4,1257,628547,23
33,large_leak,4,1258,629047,13
33,large_leak,4,1259,629547,29
33,large_leak,4,1260,630047,45
33,large_leak,4,1261,630547,68
33,large_leak,4,1262,631047,87
33,large_leak,4,1263,631547,105
33,large_leak,4,1264,632047,124
33,large_leak,4,1265,632547,149
33,large_leak,4,1266,633047,157
33,large_leak,4,1267,633547,141
33,large_leak,4,1268,634047,134
33,large_leak,4,1269,634547,114
33,large_leak,4,1270,635047,75
33,large_leak,4,1271,635547,43
33,large_leak,4,1272,636047,27
33,large_leak,4,1273,636547,7
33,large_leak,4,1274,637047,12
33,large_leak,4,1275,637547,22
33,large_leak,4,1276,638047,27
33,large_leak,4,1277,638547,41
33,large_leak,4,1278,639047,55
33,large_leak,4,1279,639547,71
33,large_leak,4,1280,640047,71
33,large_leak,4,1281,640547,79
33,large_leak,4,1282,641047,89
33,large_leak,4,1283,641547,94
33,large_leak,4,1284,642047,92
33,large_leak,4,1285,642547,91
33,large_leak,4,1286,643047,97
33,large_leak,4,1287,643547,104
33,large_leak,4,1288,644047,109
33,large_leak,4,1289,644547,111
33,large_leak,4,1290,645047,111
33,large_leak,4,1291,645547,93
33,large_leak,4,1292,646047,82
33,large_leak,4,1293,646547,78
33,large_leak,4,1294,647047,63
33,large_leak,4,1295,647547,56
33,large_leak,4,1296,648047,53
33,large_leak,4,1297,648547,47
33,large_leak,4,1298,649047,59
33,large_leak,4,1299,649547,78
33,large_leak,4,1300,650047,78
33,large_leak,4,1301,650547,75
33,large_leak,4,1302,651047,68
33,large_leak,4,1303,651547,59
33,large_leak,4,1304,652047,42
33,large_leak,4,1305,652547,27
33,large_leak,4,1306,653047,17
33,large_leak,4,1307,653547,0
33,large_leak,4,1308,654047,0
33,large_leak,4,1309,654547,0
33,large_leak,4,1310,655047,0
33,large_leak,4,1311,655547,0
33,large_leak,4,1312,656047,0
33,large_leak,4,1313,656547,0
33,large_leak,4,1314,657047,46
33,large_leak,4,1315,657547,74
33,large_leak,4,1316,658047,95
33,large_leak,4,1317,658547,111
33,large_leak,4,1318,659047,117
33,large_leak,4,1319,659547,115
33,large_leak,4,1320,660047,100
33,large_leak,4,1321,660547,101
33,large_leak,4,1322,661047,109
33,large_leak,4,1323,661547,115
33,large_leak,4,1324,662047,105
33,large_leak,4,1325,662547,117
33,large_leak,4,1326,663047,135
33,large_leak,4,1327,663547,141
33,large_leak,4,1328,664047,143
33,large_leak,4,1329,664547,141
33,large_leak,4,1330,665047,140
33,large_leak,4,1331,665547,137
33,large_leak,4,1332,666047,109
33,large_leak,4,1333,666547,95
33,large_leak,4,1334,667047,91
33,large_leak,4,1335,667547,76
33,large_leak,4,1336,668047,69
33,large_leak,4,1337,668547,69
33,large_leak,4,1338,669047,82
33,large_leak,4,1339,669547,88
33,large_leak,4,1340,670047,103
33,large_leak,4,1341,670547,114
33,large_leak,4,1342,671047,126
33,large_leak,4,1343,671547,147
33,large_leak,4,1344,672047,163
33,large_leak,4,1345,672547,167
33,large_leak,4,1346,673047,169
33,large_leak,4,1347,673547,165
33,large_leak,4,1348,674047,140
33,large_leak,4,1349,674547,116
33,large_leak,4,1350,675047,89
33,large_leak,4,1351,675547,70
33,large_leak,4,1352,676047,60
33,large_leak,4,1353,676547,51
33,large_leak,4,1354,677047,43
33,large_leak,4,1355,677547,56
33,large_leak,4,1356,678047,79
33,large_leak,4,1357,678547,115
33,large_leak,4,1358,679047,151
33,large_leak,4,1359,679547,169
33,large_leak,4,1360,680047,186
33,large_leak,4,1361,680547,211
33,large_leak,4,1362,681047,219
33,large_leak,4,1363,681547,232
33,large_leak,4,1364,682047,237
33,large_leak,4,1365,682547,219
33,large_leak,4,1366,683047,189
33,large_leak,4,1367,683547,172
33,large_leak,4,1368,684047,148
33,large_leak,4,1369,684547,115
33,large_leak,4,1370,685047,79
33,large_leak,4,1371,685547,37
33,large_leak,4,1372,686047,4
33,large_leak,4,1373,686547,0
33,large_leak,4,1374,687047,0
33,large_leak,4,1375,687547,0
33,large_leak,4,1376,688047,0
33,large_leak,4,1377,688547,0
33,large_leak,4,1378,689047,0
33,large_leak,4,1379,689547,0
33,large_leak,4,1380,690047,0
33,large_leak,4,1381,690547,0
33,large_leak,4,1382,691047,0
33,large_leak,4,1383,691547,41
33,large_leak,4,1384,692047,93
33,large_leak,4,1385,692547,159
33,large_leak,4,1386,693047,213
33,large_leak,4,1387,693547,263
33,large_leak,4,1388,694047,293
33,large_leak,4,1389,694547,305
33,large_leak,4,1390,695047,303
33,large_leak,4,1391,695547,282
33,large_leak,4,1392,696047,233
33,large_leak,4,1393,696547,175
33,large_leak,4,1394,697047,137
33,large_leak,4,1395,697547,85
33,large_leak,4,1396,698047,38
33,large_leak,4,1397,698547,5
33,large_leak,4,1398,699047,0
33,large_leak,4,1399,699547,0
33,large_leak,4,1400,700047,0
33,large_leak,4,1401,700547,0
33,large_leak,4,1402,701047,0
33,large_leak,4,1403,701547,0
33,large_leak,4,1404,702047,0
33,large_leak,4,1405,702547,0
33,large_leak,4,1406,703047,39
33,large_leak,4,1407,703547,57
33,large_leak,4,1408,704047,91
33,large_leak,4,1409,704547,145
33,large_leak,4,1410,705047,181
33,large_leak,4,1411,705547,205
33,large_leak,4,1412,706047,205
33,large_leak,4,1413,706547,199
33,large_leak,4,1414,707047,183
33,large_leak,4,1415,707547,163
33,large_leak,4,1416,708047,164
33,large_leak,4,1417,708547,149
33,large_leak,4,1418,709047,126
33,large_leak,4,1419,709547,106
33,large_leak,4,1420,710047,89
33,large_leak,4,1421,710547,84
33,large_leak,4,1422,711047,75
33,large_leak,4,1423,711547,57
33,large_leak,4,1424,712047,46
33,large_leak,4,1425,712547,67
33,large_leak,4,1426,713047,85
33,large_leak,4,1427,713547,85
33,large_leak,4,1428,714047,69
33,large_leak,4,1429,714547,57
33,large_leak,4,1430,715047,58
33,large_leak,4,1431,715547,62
33,large_leak,4,1432,716047,69
33,large_leak,4,1433,716547,52
33,large_leak,4,1434,717047,41
33,large_leak,4,1435,717547,30
33,large_leak,4,1436,718047,22
33,large_leak,4,1437,718547,13
33,large_leak,4,1438,719047,16
33,large_leak,4,1439,719547,19
33,large_leak,4,1440,720047,18
33,large_leak,4,1441,720547,21
33,large_leak,4,1442,721047,16
33,large_leak,4,1443,721547,21
33,large_leak,4,1444,722047,37
33,large_leak,4,1445,722547,58
33,large_leak,4,1446,723047,85
33,large_leak,4,1447,723547,87
33,large_leak,4,1448,724047,107
33,large_leak,4,1449,724547,135
33,large_leak,4,1450,725047,139
33,large_leak,4,1451,725547,126
33,large_leak,4,1452,726047,114
33,large_leak,4,1453,726547,98
33,large_leak,4,1454,727047,85
33,large_leak,4,1455,727547,87
33,large_leak,4,1456,728047,105
33,large_leak,4,1457,728547,123
33,large_leak,4,1458,729047,139
33,large_leak,4,1459,729547,152
33,large_leak,4,1460,730047,150
33,large_leak,4,1461,730547,163
33,large_leak,4,1462,731047,189
33,large_leak,4,1463,731547,205
33,large_leak,4,1464,732047,199
33,large_leak,4,1465,732547,173
33,large_leak,4,1466,733047,140
33,large_leak,4,1467,733547,104
33,large_leak,4,1468,734047,75
33,large_leak,4,1469,734547,41
33,large_leak,4,1470,735047,19
33,large_leak,4,1471,735547,0
33,large_leak,4,1472,736047,0
33,large_leak,4,1473,736547,0
33,large_leak,4,1474,737047,13
33,large_leak,4,1475,737547,29
33,large_leak,4,1476,738047,53
33,large_leak,4,1477,738547,88
33,large_leak,4,1478,739047,108
33,large_leak,4,1479,739547,125
33,large_leak,4,1480,740047,139
33,large_leak,4,1481,740547,155
33,large_leak,4,1482,741047,166
33,large_leak,4,1483,741547,172
33,large_leak,4,1484,742047,171
33,large_leak,4,1485,742547,157
33,large_leak,4,1486,743047,157
33,large_leak,4,1487,743547,167
33,large_leak,4,1488,744047,175
33,large_leak,4,1489,744547,207
33,large_leak,4,1490,745047,245
33,large_leak,4,1491,745547,237
33,large_leak,4,1492,746047,242
33,large_leak,4,1493,746547,249
33,large_leak,4,1494,747047,239
33,large_leak,4,1495,747547,227
33,large_leak,4,1496,748047,203
33,large_leak,4,1497,748547,166
33,large_leak,4,1498,749047,123
33,large_leak,4,1499,749547,103
33,large_leak,4,1500,750047,84
33,large_leak,4,1501,750547,54
33,large_leak,4,1502,751047,22
33,large_leak,4,1503,751547,2
33,large_leak,4,1504,752047,0
33,large_leak,4,1505,752547,0
33,large_leak,4,1506,753047,0
33,large_leak,4,1507,753547,0
33,large_leak,4,1508,754047,0
33,large_leak,4,1509,754547,0
33,large_leak,4,1510,755047,2
33,large_leak,4,1511,755547,39
33,large_leak,4,1512,756047,70
33,large_leak,4,1513,756547,103
33,large_leak,4,1514,757047,139
33,large_leak,4,1515,757547,168
33,large_leak,4,1516,758047,171
33,large_leak,4,1517,758547,167
33,large_leak,4,1518,759047,152
33,large_leak,4,1519,759547,136
33,large_leak,4,1520,760047,103
33,large_leak,4,1521,760547,61
33,large_leak,4,1522,761047,23
33,large_leak,4,1523,761547,0
33,large_leak,4,1524,762047,0
33,large_leak,4,1525,762547,0
33,large_leak,4,1526,763047,0
33,large_leak,4,1527,763547,0
33,large_leak,4,1528,764047,0
33,large_leak,4,1529,764547,0
33,large_leak,4,1530,765047,43
33,large_leak,4,1531,765547,83
33,large_leak,4,1532,766047,120
33,large_leak,4,1533,766547,142
33,large_leak,4,1534,767047,148
33,large_leak,4,1535,767547,126
33,large_leak,4,1536,768047,105
33,large_leak,4,1537,768547,104
33,large_leak,4,1538,769047,115
33,large_leak,4,1539,769547,109
33,large_leak,4,1540,770047,89
33,large_leak,4,1541,770547,77
33,large_leak,4,1542,771047,79
33,large_leak,4,1543,771547,62
33,large_leak,4,1544,772047,39
33,large_leak,4,1545,772547,19
33,large_leak,4,1546,773047,0
33,large_leak,4,1547,773547,0
33,large_leak,4,1548,774047,0
33,large_leak,4,1549,774547,0
33,large_leak,4,1550,775047,0
33,large_leak,4,1551,775547,0
33,large_leak,4,1552,776047,0
33,large_leak,4,1553,776547,18
33,large_leak,4,1554,777047,38
33,large_leak,4,1555,777547,61
33,large_leak,4,1556,778047,101
33,large_leak,4,1557,778547,155
33,large_leak,4,1558,779047,197
33,large_leak,4,1559,779547,221
33,large_leak,4,1560,780047,243
33,large_leak,4,1561,780547,247
33,large_leak,4,1562,781047,249
33,large_leak,4,1563,781547,263
33,large_leak,4,1564,782047,265
33,large_leak,4,1565,782547,237
33,large_leak,4,1566,783047,221
33,large_leak,4,1567,783547,207
33,large_leak,4,1568,784047,201
33,large_leak,4,1569,784547,183
33,large_leak,4,1570,785047,147
33,large_leak,4,1571,785547,107
33,large_leak,4,1572,786047,94
33,large_leak,4,1573,786547,105
33,large_leak,4,1574,787047,106
33,large_leak,4,1575,787547,102
33,large_leak,4,1576,788047,88
33,large_leak,4,1577,788547,59
33,large_leak,4,1578,789047,45
33,large_leak,4,1579,789547,31
33,large_leak,4,1580,790047,33
33,large_leak,4,1581,790547,47
33,large_leak,4,1582,791047,51
33,large_leak,4,1583,791547,51
33,large_leak,4,1584,792047,43
33,large_leak,4,1585,792547,39
33,large_leak,4,1586,793047,57
33,large_leak,4,1587,793547,91
33,large_leak,4,1588,794047,104
33,large_leak,4,1589,794547,115
33,large_leak,4,1590,795047,115
33,large_leak,4,1591,795547,123
33,large_leak,4,1592,796047,134
33,large_leak,4,1593,796547,137
33,large_leak,4,1594,797047,149
33,large_leak,4,1595,797547,155
33,large_leak,4,1596,798047,163
33,large_leak,4,1597,798547,183
33,large_leak,4,1598,799047,206
33,large_leak,4,1599,799547,230
33,large_leak,4,1600,800047,253
33,large_leak,4,1601,800547,276
33,large_leak,4,1602,801047,288
33,large_leak,4,1603,801547,287
33,large_leak,4,1604,802047,270
33,large_leak,4,1605,802547,238
33,large_leak,4,1606,803047,229
33,large_leak,4,1607,803547,220
33,large_leak,4,1608,804047,205
33,large_leak,4,1609,804547,189
33,large_leak,4,1610,805047,171
33,large_leak,4,1611,805547,158
33,large_leak,4,1612,806047,157
33,large_leak,4,1613,806547,151
33,large_leak,4,1614,807047,142
33,large_leak,4,1615,807547,137
33,large_leak,4,1616,808047,121
33,large_leak,4,1617,808547,107
33,large_leak,4,1618,809047,91
33,large_leak,4,1619,809547,70
33,large_leak,4,1620,810047,62
33,large_leak,4,1621,810547,58
33,large_leak,4,1622,811047,52
33,large_leak,4,1623,811547,55
33,large_leak,4,1624,812047,61
33,large_leak,4,1625,812547,86
33,large_leak,4,1626,813047,118
33,large_leak,4,1627,813547,159
33,large_leak,4,1628,814047,216
33,large_leak,4,1629,814547,273
33,large_leak,4,1630,815047,311
33,large_leak,4,1631,815547,313
33,large_leak,4,1632,816047,303
33,large_leak,4,1633,816547,308
33,large_leak,4,1634,817047,296
33,large_leak,4,1635,817547,252
33,large_leak,4,1636,818047,198
33,large_leak,4,1637,818547,133
33,large_leak,4,1638,819047,75
33,large_leak,4,1639,819547,45
33,large_leak,4,1640,820047,16
33,large_leak,4,1641,820547,0
33,large_leak,4,1642,821047,0
33,large_leak,4,1643,821547,0
33,large_leak,4,1644,822047,0
33,large_leak,4,1645,822547,0
33,large_leak,4,1646,823047,0
33,large_leak,4,1647,823547,0
33,large_leak,4,1648,824047,18
33,large_leak,4,1649,824547,39
33,large_leak,4,1650,825047,55
33,large_leak,4,1651,825547,69
33,large_leak,4,1652,826047,73
33,large_leak,4,1653,826547,79
33,large_leak,4,1654,827047,87
33,large_leak,4,1655,827547,91
33,large_leak,4,1656,828047,91
33,large_leak,4,1657,828547,87
33,large_leak,4,1658,829047,87
33,large_leak,4,1659,829547,86
33,large_leak,4,1660,830047,92
33,large_leak,4,1661,830547,102
33,large_leak,4,1662,831047,99
33,large_leak,4,1663,831547,78
33,large_leak,4,1664,832047,73
33,large_leak,4,1665,832547,55
33,large_leak,4,1666,833047,41
33,large_leak,4,1667,833547,54
33,large_leak,4,1668,834047,73
33,large_leak,4,1669,834547,69
33,large_leak,4,1670,835047,69
33,large_leak,4,1671,835547,71
33,large_leak,4,1672,836047,85
33,large_leak,4,1673,836547,121
33,large_leak,4,1674,837047,155
33,large_leak,4,1675,837547,167
33,large_leak,4,1676,838047,174
33,large_leak,4,1677,838547,184
33,large_leak,4,1678,839047,204
33,large_leak,4,1679,839547,211
33,large_leak,4,1680,840047,191
33,large_leak,4,1681,840547,183
33,large_leak,4,1682,841047,167
33,large_leak,4,1683,841547,125
33,large_leak,4,1684,842047,93
33,large_leak,4,1685,842547,72
33,large_leak,4,1686,843047,41
33,large_leak,4,1687,843547,9
33,large_leak,4,1688,844047,0
33,large_leak,4,1689,844547,0
33,large_leak,4,1690,845047,0
33,large_leak,4,1691,845547,0
33,large_leak,4,1692,846047,0
33,large_leak,4,1693,846547,0
33,large_leak,4,1694,847047,0
33,large_leak,4,1695,847547,0
33,large_leak,4,1696,848047,0
33,large_leak,4,1697,848547,0
33,large_leak,4,1698,849047,37
33,large_leak,4,1699,849547,57
33,large_leak,4,1700,850047,75
33,large_leak,4,1701,850547,93
33,large_leak,4,1702,851047,94
33,large_leak,4,1703,851547,93
33,large_leak,4,1704,852047,95
33,large_leak,4,1705,852547,75
33,large_leak,4,1706,853047,57
33,large_leak,4,1707,853547,43
33,large_leak,4,1708,854047,27
33,large_leak,4,1709,854547,16
33,large_leak,4,1710,855047,9
33,large_leak,4,1711,855547,0
33,large_leak,4,1712,856047,0
33,large_leak,4,1713,856547,0
33,large_leak,4,1714,857047,0
33,large_leak,4,1715,857547,0
33,large_leak,4,1716,858047,0
33,large_leak,4,1717,858547,0
33,large_leak,4,1718,859047,0
33,large_leak,4,1719,859547,0
33,large_leak,4,1720,860047,0
33,large_leak,4,1721,860547,0
33,large_leak,4,1722,861047,0
33,large_leak,4,1723,861547,0
33,large_leak,4,1724,862047,0
33,large_leak,4,1725,862547,0
33,large_leak,4,1726,863047,0
33,large_leak,4,1727,863547,0
33,large_leak,4,1728,864047,0
33,large_leak,4,1729,864547,16
33,large_leak,4,1730,865047,51
33,large_leak,4,1731,865547,77
33,large_leak,4,1732,866047,86
33,large_leak,4,1733,866547,99
33,large_leak,4,1734,867047,105
33,large_leak,4,1735,867547,110
33,large_leak,4,1736,868047,103
33,large_leak,4,1737,868547,84
33,large_leak,4,1738,869047,69
33,large_leak,4,1739,869547,46
33,large_leak,4,1740,870047,41
33,large_leak,4,1741,870547,36
33,large_leak,4,1742,871047,30
33,large_leak,4,1743,871547,37
33,large_leak,4,1744,872047,37
33,large_leak,4,1745,872547,28
33,large_leak,4,1746,873047,37
33,large_leak,4,1747,873547,43
33,large_leak,4,1748,874047,40
33,large_leak,4,1749,874547,27
33,large_leak,4,1750,875047,7
33,large_leak,4,1751,875547,0
33,large_leak,4,1752,876047,0
33,large_leak,4,1753,876547,0
33,large_leak,4,1754,877047,0
33,large_leak,4,1755,877547,0
33,large_leak,4,1756,878047,0
33,large_leak,4,1757,878547,0
33,large_leak,4,1758,879047,0
33,large_leak,4,1759,879547,0
33,large_leak,4,1760,880047,0
33,large_leak,4,1761,880547,0
33,large_leak,4,1762,881047,0
33,large_leak,4,1763,881547,0
33,large_leak,4,1764,882047,0
33,large_leak,4,1765,882547,0
33,large_leak,4,1766,883047,0
33,large_leak,4,1767,883547,0
33,large_leak,4,1768,884047,21
33,large_leak,4,1769,884547,46
33,large_leak,4,1770,885047,84
33,large_leak,4,1771,885547,107
33,large_leak,4,1772,886047,132
33,large_leak,4,1773,886547,157
33,large_leak,4,1774,887047,173
33,large_leak,4,1775,887547,199
33,large_leak,4,1776,888047,205
33,large_leak,4,1777,888547,217
33,large_leak,4,1778,889047,227
33,large_leak,4,1779,889547,233
33,large_leak,4,1780,890047,233
33,large_leak,4,1781,890547,221
33,large_leak,4,1782,891047,204
33,large_leak,4,1783,891547,201
33,large_leak,4,1784,892047,185
33,large_leak,4,1785,892547,165
33,large_leak,4,1786,893047,137
33,large_leak,4,1787,893547,107
33,large_leak,4,1788,894047,74
33,large_leak,4,1789,894547,57
33,large_leak,4,1790,895047,73
33,large_leak,4,1791,895547,73
33,large_leak,4,1792,896047,57
33,large_leak,4,1793,896547,57
33,large_leak,4,1794,897047,79
33,large_leak,4,1795,897547,117
33,large_leak,4,1796,898047,167
33,large_leak,4,1797,898547,201
33,large_leak,4,1798,899047,207
33,large_leak,4,1799,899547,219
33,large_leak,4,1800,900047,226
33,large_leak,4,1801,900547,235
33,large_leak,4,1802,901047,243
33,large_leak,4,1803,901547,233
33,large_leak,4,1804,902047,207
33,large_leak,4,1805,902547,185
33,large_leak,4,1806,903047,170
33,large_leak,4,1807,903547,165
33,large_leak,4,1808,904047,165
33,large_leak,4,1809,904547,167
33,large_leak,4,1810,905047,153
33,large_leak,4,1811,905547,135
33,large_leak,4,1812,906047,127
33,large_leak,4,1813,906547,148
33,large_leak,4,1814,907047,137
33,large_leak,4,1815,907547,127
33,large_leak,4,1816,908047,95
33,large_leak,4,1817,908547,63
33,large_leak,4,1818,909047,45
33,large_leak,4,1819,909547,45
33,large_leak,4,1820,910047,46
33,large_leak,4,1821,910547,45
33,large_leak,4,1822,911047,48
33,large_leak,4,1823,911547,43
33,large_leak,4,1824,912047,44
33,large_leak,4,1825,912547,55
33,large_leak,4,1826,913047,69
33,large_leak,4,1827,913547,94
33,large_leak,4,1828,914047,116
33,large_leak,4,1829,914547,135
33,large_leak,4,1830,915047,149
33,large_leak,4,1831,915547,163
33,large_leak,4,1832,916047,167
33,large_leak,4,1833,916547,160
33,large_leak,4,1834,917047,135
33,large_leak,4,1835,917547,123
33,large_leak,4,1836,918047,117
33,large_leak,4,1837,918547,93
33,large_leak,4,1838,919047,77
33,large_leak,4,1839,919547,69
33,large_leak,4,1840,920047,75
33,large_leak,4,1841,920547,83
33,large_leak,4,1842,921047,83
33,large_leak,4,1843,921547,99
33,large_leak,4,1844,922047,103
33,large_leak,4,1845,922547,109
33,large_leak,4,1846,923047,135
33,large_leak,4,1847,923547,153
33,large_leak,4,1848,924047,149
33,large_leak,4,1849,924547,143
33,large_leak,4,1850,925047,141
33,large_leak,4,1851,925547,153
33,large_leak,4,1852,926047,160
33,large_leak,4,1853,926547,163
33,large_leak,4,1854,927047,143
33,large_leak,4,1855,927547,120
33,large_leak,4,1856,928047,108
33,large_leak,4,1857,928547,85
33,large_leak,4,1858,929047,83
33,large_leak,4,1859,929547,83
33,large_leak,4,1860,930047,62
33,large_leak,4,1861,930547,43
33,large_leak,4,1862,931047,35
33,large_leak,4,1863,931547,28
33,large_leak,4,1864,932047,41
33,large_leak,4,1865,932547,77
33,large_leak,4,1866,933047,119
33,large_leak,4,1867,933547,135
33,large_leak,4,1868,934047,139
33,large_leak,4,1869,934547,164
33,large_leak,4,1870,935047,179
33,large_leak,4,1871,935547,184
33,large_leak,4,1872,936047,189
33,large_leak,4,1873,936547,185
33,large_leak,4,1874,937047,180
33,large_leak,4,1875,937547,169
33,large_leak,4,1876,938047,158
33,large_leak,4,1877,938547,155
33,large_leak,4,1878,939047,141
33,large_leak,4,1879,939547,116
33,large_leak,4,1880,940047,91
33,large_leak,4,1881,940547,67
33,large_leak,4,1882,941047,38
33,large_leak,4,1883,941547,25
33,large_leak,4,1884,942047,9
33,large_leak,4,1885,942547,8
33,large_leak,4,1886,943047,8
33,large_leak,4,1887,943547,27
33,large_leak,4,1888,944047,43
33,large_leak,4,1889,944547,69
33,large_leak,4,1890,945047,92
33,large_leak,4,1891,945547,123
33,large_leak,4,1892,946047,137
33,large_leak,4,1893,946547,150
33,large_leak,4,1894,947047,157
33,large_leak,4,1895,947547,175
33,large_leak,4,1896,948047,192
33,large_leak,4,1897,948547,187
33,large_leak,4,1898,949047,171
33,large_leak,4,1899,949547,154
33,large_leak,4,1900,950047,146
33,large_leak,4,1901,950547,137
33,large_leak,4,1902,951047,118
33,large_leak,4,1903,951547,99
33,large_leak,4,1904,952047,83
33,large_leak,4,1905,952547,61
33,large_leak,4,1906,953047,45
33,large_leak,4,1907,953547,25
33,large_leak,4,1908,954047,12
33,large_leak,4,1909,954547,0
33,large_leak,4,1910,955047,0
33,large_leak,4,1911,955547,0
33,large_leak,4,1912,956047,0
33,large_leak,4,1913,956547,0
33,large_leak,4,1914,957047,0
33,large_leak,4,1915,957547,0
33,large_leak,4,1916,958047,0
33,large_leak,4,1917,958547,0
33,large_leak,4,1918,959047,0
33,large_leak,4,1919,959547,0
33,large_leak,4,1920,960047,0
33,large_leak,4,1921,960547,0
33,large_leak,4,1922,961047,0
33,large_leak,4,1923,961547,0
33,large_leak,4,1924,962047,13
33,large_leak,4,1925,962547,23
33,large_leak,4,1926,963047,41
33,large_leak,4,1927,963547,57
33,large_leak,4,1928,964047,75
33,large_leak,4,1929,964547,76
33,large_leak,4,1930,965047,95
33,large_leak,4,1931,965547,108
33,large_leak,4,1932,966047,110
33,large_leak,4,1933,966547,134
33,large_leak,4,1934,967047,141
33,large_leak,4,1935,967547,159
33,large_leak,4,1936,968047,181
33,large_leak,4,1937,968547,199
33,large_leak,4,1938,969047,188
33,large_leak,4,1939,969547,181
33,large_leak,4,1940,970047,175
33,large_leak,4,1941,970547,159
33,large_leak,4,1942,971047,152
33,large_leak,4,1943,971547,136
33,large_leak,4,1944,972047,123
33,large_leak,4,1945,972547,119
33,large_leak,4,1946,973047,136
33,large_leak,4,1947,973547,124
33,large_leak,4,1948,974047,127
33,large_leak,4,1949,974547,131
33,large_leak,4,1950,975047,120
33,large_leak,4,1951,975547,102
33,large_leak,4,1952,976047,78
33,large_leak,4,1953,976547,79
33,large_leak,4,1954,977047,73
33,large_leak,4,1955,977547,67
33,large_leak,4,1956,978047,51
33,large_leak,4,1957,978547,45
33,large_leak,4,1958,979047,27
33,large_leak,4,1959,979547,42
33,large_leak,4,1960,980047,39
33,large_leak,4,1961,980547,31
33,large_leak,4,1962,981047,53
33,large_leak,4,1963,981547,68
33,large_leak,4,1964,982047,89
33,large_leak,4,1965,982547,105
33,large_leak,4,1966,983047,124
33,large_leak,4,1967,983547,151
33,large_leak,4,1968,984047,171
33,large_leak,4,1969,984547,179
33,large_leak,4,1970,985047,171
33,large_leak,4,1971,985547,135
33,large_leak,4,1972,986047,91
33,large_leak,4,1973,986547,47
33,large_leak,4,1974,987047,10
33,large_leak,4,1975,987547,0
33,large_leak,4,1976,988047,0
33,large_leak,4,1977,988547,0
33,large_leak,4,1978,989047,0
33,large_leak,4,1979,989547,0
33,large_leak,4,1980,990047,0
33,large_leak,4,1981,990547,0
33,large_leak,4,1982,991047,0
33,large_leak,4,1983,991547,0
33,large_leak,4,1984,992047,27
33,large_leak,4,1985,992547,59
33,large_leak,4,1986,993047,91
33,large_leak,4,1987,993547,111
33,large_leak,4,1988,994047,137
33,large_leak,4,1989,994547,149
33,large_leak,4,1990,995047,151
33,large_leak,4,1991,995547,143
33,large_leak,4,1992,996047,143
33,large_leak,4,1993,996547,125
33,large_leak,4,1994,997047,118
33,large_leak,4,1995,997547,112
33,large_leak,4,1996,998047,105
33,large_leak,4,1997,998547,104
33,large_leak,4,1998,999047,105
33,large_leak,4,1999,999547,107
