run_id,leak_condition,window_id,sample_index,time_us,adc_raw
9,no_leak,0,0,85,0
9,no_leak,0,1,552,0
9,no_leak,0,2,1047,0
9,no_leak,0,3,1551,0
9,no_leak,0,4,2048,7
9,no_leak,0,5,2552,9
9,no_leak,0,6,3047,5
9,no_leak,0,7,3552,0
9,no_leak,0,8,4047,0
9,no_leak,0,9,4552,77
9,no_leak,0,10,5048,89
9,no_leak,0,11,5552,89
9,no_leak,0,12,6048,79
9,no_leak,0,13,6552,81
9,no_leak,0,14,7047,100
9,no_leak,0,15,7552,95
9,no_leak,0,16,8047,139
9,no_leak,0,17,8551,138
9,no_leak,0,18,9048,119
9,no_leak,0,19,9552,92
9,no_leak,0,20,10047,89
9,no_leak,0,21,10552,82
9,no_leak,0,22,11047,109
9,no_leak,0,23,11551,105
9,no_leak,0,24,12048,103
9,no_leak,0,25,12552,97
9,no_leak,0,26,13047,85
9,no_leak,0,27,13552,43
9,no_leak,0,28,14047,61
9,no_leak,0,29,14551,62
9,no_leak,0,30,15048,83
9,no_leak,0,31,15552,73
9,no_leak,0,32,16048,44
9,no_leak,0,33,16552,10
9,no_leak,0,34,17047,29
9,no_leak,0,35,17552,30
9,no_leak,0,36,18048,28
9,no_leak,0,37,18552,14
9,no_leak,0,38,19047,0
9,no_leak,0,39,19552,0
9,no_leak,0,40,20047,19
9,no_leak,0,41,20552,0
9,no_leak,0,42,21048,0
9,no_leak,0,43,21551,0
9,no_leak,0,44,22048,0
9,no_leak,0,45,22552,0
9,no_leak,0,46,23047,1
9,no_leak,0,47,23552,38
9,no_leak,0,48,24047,24
9,no_leak,0,49,24552,35
9,no_leak,0,50,25047,52
9,no_leak,0,51,25551,43
9,no_leak,0,52,26048,57
9,no_leak,0,53,26552,111
9,no_leak,0,54,27048,108
9,no_leak,0,55,27552,102
9,no_leak,0,56,28047,68
9,no_leak,0,57,28552,43
9,no_leak,0,58,29047,35
9,no_leak,0,59,29552,87
9,no_leak,0,60,30048,90
9,no_leak,0,61,30551,101
9,no_leak,0,62,31048,79
9,no_leak,0,63,31552,23
9,no_leak,0,64,32047,0
9,no_leak,0,65,32552,28
9,no_leak,0,66,33047,79
9,no_leak,0,67,33552,90
9,no_leak,0,68,34048,123
9,no_leak,0,69,34552,115
9,no_leak,0,70,35048,119
9,no_leak,0,71,35552,104
9,no_leak,0,72,36047,78
9,no_leak,0,73,36551,61
9,no_leak,0,74,37048,79
9,no_leak,0,75,37552,98
9,no_leak,0,76,38048,93
9,no_leak,0,77,38552,101
9,no_leak,0,78,39047,87
9,no_leak,0,79,39551,121
9,no_leak,0,80,40048,123
9,no_leak,0,81,40552,109
9,no_leak,0,82,41047,72
9,no_leak,0,83,41552,53
9,no_leak,0,84,42047,73
9,no_leak,0,85,42552,63
9,no_leak,0,86,43048,87
9,no_leak,0,87,43551,116
9,no_leak,0,88,44048,123
9,no_leak,0,89,44552,109
9,no_leak,0,90,45047,73
9,no_leak,0,91,45552,90
9,no_leak,0,92,46048,107
9,no_leak,0,93,46551,135
9,no_leak,0,94,47048,143
9,no_leak,0,95,47552,90
9,no_leak,0,96,48047,55
9,no_leak,0,97,48552,60
9,no_leak,0,98,49047,56
9,no_leak,0,99,49552,85
9,no_leak,0,100,50047,71
9,no_leak,0,101,50551,60
9,no_leak,0,102,51048,40
9,no_leak,0,103,51552,2
9,no_leak,0,104,52047,51
9,no_leak,0,105,52551,25
9,no_leak,0,106,53047,69
9,no_leak,0,107,53551,71
9,no_leak,0,108,54048,51
9,no_leak,0,109,54552,37
9,no_leak,0,110,55047,19
9,no_leak,0,111,55551,43
9,no_leak,0,112,56048,1
9,no_leak,0,113,56552,0
9,no_leak,0,114,57047,29
9,no_leak,0,115,57552,42
9,no_leak,0,116,58048,45
9,no_leak,0,117,58552,45
9,no_leak,0,118,59047,7
9,no_leak,0,119,59552,57
9,no_leak,0,120,60047,105
9,no_leak,0,121,60551,157
9,no_leak,0,122,61048,149
9,no_leak,0,123,61552,119
9,no_leak,0,124,62047,78
9,no_leak,0,125,62552,81
9,no_leak,0,126,63047,85
9,no_leak,0,127,63552,137
9,no_leak,0,128,64047,182
9,no_leak,0,129,64551,121
9,no_leak,0,130,65048,71
9,no_leak,0,131,65552,21
9,no_leak,0,132,66047,13
9,no_leak,0,133,66552,31
9,no_leak,0,134,67048,22
9,no_leak,0,135,67552,57
9,no_leak,0,136,68047,42
9,no_leak,0,137,68552,39
9,no_leak,0,138,69047,24
9,no_leak,0,139,69551,6
9,no_leak,0,140,70048,0
9,no_leak,0,141,70552,17
9,no_leak,0,142,71047,21
9,no_leak,0,143,71552,43
9,no_leak,0,144,72047,40
9,no_leak,0,145,72551,5
9,no_leak,0,146,73047,37
9,no_leak,0,147,73551,62
9,no_leak,0,148,74048,70
9,no_leak,0,149,74552,90
9,no_leak,0,150,75047,84
9,no_leak,0,151,75552,37
9,no_leak,0,152,76047,61
9,no_leak,0,153,76551,57
9,no_leak,0,154,77048,84
9,no_leak,0,155,77552,99
9,no_leak,0,156,78048,81
9,no_leak,0,157,78552,62
9,no_leak,0,158,79047,21
9,no_leak,0,159,79552,54
9,no_leak,0,160,80048,83
9,no_leak,0,161,80552,87
9,no_leak,0,162,81048,83
9,no_leak,0,163,81552,63
9,no_leak,0,164,82047,47
9,no_leak,0,165,82552,84
9,no_leak,0,166,83048,106
9,no_leak,0,167,83551,88
9,no_leak,0,168,84048,45
9,no_leak,0,169,84552,13
9,no_leak,0,170,85047,59
9,no_leak,0,171,85552,39
9,no_leak,0,172,86047,9
9,no_leak,0,173,86551,0
9,no_leak,0,174,87048,0
9,no_leak,0,175,87552,28
9,no_leak,0,176,88048,9
9,no_leak,0,177,88552,0
9,no_leak,0,178,89047,0
9,no_leak,0,179,89552,24
9,no_leak,0,180,90047,24
9,no_leak,0,181,90551,21
9,no_leak,0,182,91048,0
9,no_leak,0,183,91552,0
9,no_leak,0,184,92047,0
9,no_leak,0,185,92552,9
9,no_leak,0,186,93047,0
9,no_leak,0,187,93551,0
9,no_leak,0,188,94048,0
9,no_leak,0,189,94551,0
9,no_leak,0,190,95048,0
9,no_leak,0,191,95552,0
9,no_leak,0,192,96047,0
9,no_leak,0,193,96552,0
9,no_leak,0,194,97047,0
9,no_leak,0,195,97551,0
9,no_leak,0,196,98048,0
9,no_leak,0,197,98552,0
9,no_leak,0,198,99047,35
9,no_leak,0,199,99552,107
9,no_leak,0,200,100047,121
9,no_leak,0,201,100551,127
9,no_leak,0,202,101048,120
9,no_leak,0,203,101551,83
9,no_leak,0,204,102048,45
9,no_leak,0,205,102552,59
9,no_leak,0,206,103047,123
9,no_leak,0,207,103552,171
9,no_leak,0,208,104048,185
9,no_leak,0,209,104552,197
9,no_leak,0,210,105047,197
9,no_leak,0,211,105552,163
9,no_leak,0,212,106047,122
9,no_leak,0,213,106551,40
9,no_leak,0,214,107048,23
9,no_leak,0,215,107551,93
9,no_leak,0,216,108048,117
9,no_leak,0,217,108552,105
9,no_leak,0,218,109047,103
9,no_leak,0,219,109551,114
9,no_leak,0,220,110048,97
9,no_leak,0,221,110552,83
9,no_leak,0,222,111047,37
9,no_leak,0,223,111552,27
9,no_leak,0,224,112047,27
9,no_leak,0,225,112551,71
9,no_leak,0,226,113048,105
9,no_leak,0,227,113552,91
9,no_leak,0,228,114047,63
9,no_leak,0,229,114552,29
9,no_leak,0,230,115047,0
9,no_leak,0,231,115551,0
9,no_leak,0,232,116048,0
9,no_leak,0,233,116551,0
9,no_leak,0,234,117048,0
9,no_leak,0,235,117552,0
9,no_leak,0,236,118047,0
9,no_leak,0,237,118551,0
9,no_leak,0,238,119048,0
9,no_leak,0,239,119552,0
9,no_leak,0,240,120048,0
9,no_leak,0,241,120552,0
9,no_leak,0,242,121047,0
9,no_leak,0,243,121551,0
9,no_leak,0,244,122048,35
9,no_leak,0,245,122551,41
9,no_leak,0,246,123048,46
9,no_leak,0,247,123552,59
9,no_leak,0,248,124047,104
9,no_leak,0,249,124551,111
9,no_leak,0,250,125048,123
9,no_leak,0,251,125552,152
9,no_leak,0,252,126047,182
9,no_leak,0,253,126552,173
9,no_leak,0,254,127047,185
9,no_leak,0,255,127552,168
9,no_leak,0,256,128047,123
9,no_leak,0,257,128551,137
9,no_leak,0,258,129048,149
9,no_leak,0,259,129552,171
9,no_leak,0,260,130048,202
9,no_leak,0,261,130552,179
9,no_leak,0,262,131047,190
9,no_leak,0,263,131551,176
9,no_leak,0,264,132047,154
9,no_leak,0,265,132551,121
9,no_leak,0,266,133048,139
9,no_leak,0,267,133552,148
9,no_leak,0,268,134047,115
9,no_leak,0,269,134552,125
9,no_leak,0,270,135047,117
9,no_leak,0,271,135551,88
9,no_leak,0,272,136048,67
9,no_leak,0,273,136551,43
9,no_leak,0,274,137048,59
9,no_leak,0,275,137552,83
9,no_leak,0,276,138047,81
9,no_leak,0,277,138551,104
9,no_leak,0,278,139048,85
9,no_leak,0,279,139551,42
9,no_leak,0,280,140048,35
9,no_leak,0,281,140552,47
9,no_leak,0,282,141047,93
9,no_leak,0,283,141551,91
9,no_leak,0,284,142048,68
9,no_leak,0,285,142551,33
9,no_leak,0,286,143048,39
9,no_leak,0,287,143552,90
9,no_leak,0,288,144047,92
9,no_leak,0,289,144551,91
9,no_leak,0,290,145048,83
9,no_leak,0,291,145552,83
9,no_leak,0,292,146047,43
9,no_leak,0,293,146552,11
9,no_leak,0,294,147047,0
9,no_leak,0,295,147552,6
9,no_leak,0,296,148047,0
9,no_leak,0,297,148551,7
9,no_leak,0,298,149048,16
9,no_leak,0,299,149552,27
9,no_leak,0,300,150047,41
9,no_leak,0,301,150552,36
9,no_leak,0,302,151047,27
9,no_leak,0,303,151551,1
9,no_leak,0,304,152048,35
9,no_leak,0,305,152552,28
9,no_leak,0,306,153047,38
9,no_leak,0,307,153552,11
9,no_leak,0,308,154047,0
9,no_leak,0,309,154552,9
9,no_leak,0,310,155048,11
9,no_leak,0,311,155552,3
9,no_leak,0,312,156047,2
9,no_leak,0,313,156552,41
9,no_leak,0,314,157047,28
9,no_leak,0,315,157551,5
9,no_leak,0,316,158048,2
9,no_leak,0,317,158552,29
9,no_leak,0,318,159048,62
9,no_leak,0,319,159552,87
9,no_leak,0,320,160047,85
9,no_leak,0,321,160552,86
9,no_leak,0,322,161048,45
9,no_leak,0,323,161552,61
9,no_leak,0,324,162048,31
9,no_leak,0,325,162552,22
9,no_leak,0,326,163047,91
9,no_leak,0,327,163552,112
9,no_leak,0,328,164047,121
9,no_leak,0,329,164551,87
9,no_leak,0,330,165048,40
9,no_leak,0,331,165551,5
9,no_leak,0,332,166048,0
9,no_leak,0,333,166552,45
9,no_leak,0,334,167047,41
9,no_leak,0,335,167552,28
9,no_leak,0,336,168048,13
9,no_leak,0,337,168551,51
9,no_leak,0,338,169048,61
9,no_leak,0,339,169552,63
9,no_leak,0,340,170047,39
9,no_leak,0,341,170552,38
9,no_leak,0,342,171047,44
9,no_leak,0,343,171551,93
9,no_leak,0,344,172048,84
9,no_leak,0,345,172552,67
9,no_leak,0,346,173047,56
9,no_leak,0,347,173552,9
9,no_leak,0,348,174047,0
9,no_leak,0,349,174551,0
9,no_leak,0,350,175048,0
9,no_leak,0,351,175552,0
9,no_leak,0,352,176047,0
9,no_leak,0,353,176552,12
9,no_leak,0,354,177047,2
9,no_leak,0,355,177551,17
9,no_leak,0,356,178048,9
9,no_leak,0,357,178551,0
9,no_leak,0,358,179048,0
9,no_leak,0,359,179552,23
9,no_leak,0,360,180047,107
9,no_leak,0,361,180552,123
9,no_leak,0,362,181047,123
9,no_leak,0,363,181551,110
9,no_leak,0,364,182048,77
9,no_leak,0,365,182552,51
9,no_leak,0,366,183047,69
9,no_leak,0,367,183552,95
9,no_leak,0,368,184047,85
9,no_leak,0,369,184552,117
9,no_leak,0,370,185048,95
9,no_leak,0,371,185552,78
9,no_leak,0,372,186047,51
9,no_leak,0,373,186552,12
9,no_leak,0,374,187048,0
9,no_leak,0,375,187552,31
9,no_leak,0,376,188047,70
9,no_leak,0,377,188552,89
9,no_leak,0,378,189047,83
9,no_leak,0,379,189552,133
9,no_leak,0,380,190048,134
9,no_leak,0,381,190552,115
9,no_leak,0,382,191047,92
9,no_leak,0,383,191552,45
9,no_leak,0,384,192047,25
9,no_leak,0,385,192552,35
9,no_leak,0,386,193048,70
9,no_leak,0,387,193552,103
9,no_leak,0,388,194047,95
9,no_leak,0,389,194552,83
9,no_leak,0,390,195047,57
9,no_leak,0,391,195552,118
9,no_leak,0,392,196048,120
9,no_leak,0,393,196552,85
9,no_leak,0,394,197048,57
9,no_leak,0,395,197552,35
9,no_leak,0,396,198047,35
9,no_leak,0,397,198551,19
9,no_leak,0,398,199048,72
9,no_leak,0,399,199551,57
9,no_leak,0,400,200048,59
9,no_leak,0,401,200552,41
9,no_leak,0,402,201047,28
9,no_leak,0,403,201552,27
9,no_leak,0,404,202047,42
9,no_leak,0,405,202551,41
9,no_leak,0,406,203048,105
9,no_leak,0,407,203552,117
9,no_leak,0,408,204048,85
9,no_leak,0,409,204552,88
9,no_leak,0,410,205047,43
9,no_leak,0,411,205551,52
9,no_leak,0,412,206048,36
9,no_leak,0,413,206552,47
9,no_leak,0,414,207047,59
9,no_leak,0,415,207552,53
9,no_leak,0,416,208047,47
9,no_leak,0,417,208551,23
9,no_leak,0,418,209048,0
9,no_leak,0,419,209552,0
9,no_leak,0,420,210047,0
9,no_leak,0,421,210551,0
9,no_leak,0,422,211048,0
9,no_leak,0,423,211552,16
9,no_leak,0,424,212048,24
9,no_leak,0,425,212552,27
9,no_leak,0,426,213047,0
9,no_leak,0,427,213552,0
9,no_leak,0,428,214047,0
9,no_leak,0,429,214551,19
9,no_leak,0,430,215048,72
9,no_leak,0,431,215552,58
9,no_leak,0,432,216047,63
9,no_leak,0,433,216552,37
9,no_leak,0,434,217047,8
9,no_leak,0,435,217551,0
9,no_leak,0,436,218048,0
9,no_leak,0,437,218552,1
9,no_leak,0,438,219048,0
9,no_leak,0,439,219552,24
9,no_leak,0,440,220047,47
9,no_leak,0,441,220551,17
9,no_leak,0,442,221048,25
9,no_leak,0,443,221552,0
9,no_leak,0,444,222047,0
9,no_leak,0,445,222552,58
9,no_leak,0,446,223047,60
9,no_leak,0,447,223552,59
9,no_leak,0,448,224048,45
9,no_leak,0,449,224551,38
9,no_leak,0,450,225048,83
9,no_leak,0,451,225552,95
9,no_leak,0,452,226047,105
9,no_leak,0,453,226552,95
9,no_leak,0,454,227047,39
9,no_leak,0,455,227551,67
9,no_leak,0,456,228048,117
9,no_leak,0,457,228552,120
9,no_leak,0,458,229047,140
9,no_leak,0,459,229552,141
9,no_leak,0,460,230047,133
9,no_leak,0,461,230551,81
9,no_leak,0,462,231048,82
9,no_leak,0,463,231552,107
9,no_leak,0,464,232047,132
9,no_leak,0,465,232552,154
9,no_leak,0,466,233047,166
9,no_leak,0,467,233552,159
9,no_leak,0,468,234047,132
9,no_leak,0,469,234551,93
9,no_leak,0,470,235048,35
9,no_leak,0,471,235552,25
9,no_leak,0,472,236047,38
9,no_leak,0,473,236552,54
9,no_leak,0,474,237047,37
9,no_leak,0,475,237551,36
9,no_leak,0,476,238048,29
9,no_leak,0,477,238552,10
9,no_leak,0,478,239047,0
9,no_leak,0,479,239552,0
9,no_leak,0,480,240047,0
9,no_leak,0,481,240552,16
9,no_leak,0,482,241048,53
9,no_leak,0,483,241551,48
9,no_leak,0,484,242048,59
9,no_leak,0,485,242552,47
9,no_leak,0,486,243047,11
9,no_leak,0,487,243552,7
9,no_leak,0,488,244048,29
9,no_leak,0,489,244552,51
9,no_leak,0,490,245048,77
9,no_leak,0,491,245552,59
9,no_leak,0,492,246047,19
9,no_leak,0,493,246552,0
9,no_leak,0,494,247048,35
9,no_leak,0,495,247552,62
9,no_leak,0,496,248047,75
9,no_leak,0,497,248552,69
9,no_leak,0,498,249047,48
9,no_leak,0,499,249552,13
9,no_leak,0,500,250047,12
9,no_leak,0,501,250551,55
9,no_leak,0,502,251048,85
9,no_leak,0,503,251552,103
9,no_leak,0,504,252047,103
9,no_leak,0,505,252552,121
9,no_leak,0,506,253047,117
9,no_leak,0,507,253551,100
9,no_leak,0,508,254048,95
9,no_leak,0,509,254551,123
9,no_leak,0,510,255048,171
9,no_leak,0,511,255552,187
9,no_leak,0,512,256047,180
9,no_leak,0,513,256552,171
9,no_leak,0,514,257047,104
9,no_leak,0,515,257551,101
9,no_leak,0,516,258048,115
9,no_leak,0,517,258552,127
9,no_leak,0,518,259047,125
9,no_leak,0,519,259552,138
9,no_leak,0,520,260047,115
9,no_leak,0,521,260552,79
9,no_leak,0,522,261048,24
9,no_leak,0,523,261551,0
9,no_leak,0,524,262048,8
9,no_leak,0,525,262552,69
9,no_leak,0,526,263047,77
9,no_leak,0,527,263552,56
9,no_leak,0,528,264047,52
9,no_leak,0,529,264551,12
9,no_leak,0,530,265048,0
9,no_leak,0,531,265551,10
9,no_leak,0,532,266048,43
9,no_leak,0,533,266552,45
9,no_leak,0,534,267047,30
9,no_leak,0,535,267552,13
9,no_leak,0,536,268048,3
9,no_leak,0,537,268552,0
9,no_leak,0,538,269047,43
9,no_leak,0,539,269552,60
9,no_leak,0,540,270047,45
9,no_leak,0,541,270551,45
9,no_leak,0,542,271048,53
9,no_leak,0,543,271552,23
9,no_leak,0,544,272047,0
9,no_leak,0,545,272552,21
9,no_leak,0,546,273047,43
9,no_leak,0,547,273551,43
9,no_leak,0,548,274048,53
9,no_leak,0,549,274552,6
9,no_leak,0,550,275047,0
9,no_leak,0,551,275552,0
9,no_leak,0,552,276047,39
9,no_leak,0,553,276551,7
9,no_leak,0,554,277048,69
9,no_leak,0,555,277552,43
9,no_leak,0,556,278047,27
9,no_leak,0,557,278552,45
9,no_leak,0,558,279047,45
9,no_leak,0,559,279552,91
9,no_leak,0,560,280047,122
9,no_leak,0,561,280551,109
9,no_leak,0,562,281048,90
9,no_leak,0,563,281552,51
9,no_leak,0,564,282048,52
9,no_leak,0,565,282552,58
9,no_leak,0,566,283047,87
9,no_leak,0,567,283551,127
9,no_leak,0,568,284048,141
9,no_leak,0,569,284551,143
9,no_leak,0,570,285048,114
9,no_leak,0,571,285552,75
9,no_leak,0,572,286047,92
9,no_leak,0,573,286551,111
9,no_leak,0,574,287048,118
9,no_leak,0,575,287552,143
9,no_leak,0,576,288047,149
9,no_leak,0,577,288552,127
9,no_leak,0,578,289047,99
9,no_leak,0,579,289551,76
9,no_leak,0,580,290048,56
9,no_leak,0,581,290552,41
9,no_leak,0,582,291047,40
9,no_leak,0,583,291552,89
9,no_leak,0,584,292047,75
9,no_leak,0,585,292551,82
9,no_leak,0,586,293048,45
9,no_leak,0,587,293552,37
9,no_leak,0,588,294047,11
9,no_leak,0,589,294552,10
9,no_leak,0,590,295047,30
9,no_leak,0,591,295551,44
9,no_leak,0,592,296048,26
9,no_leak,0,593,296552,10
9,no_leak,0,594,297047,0
9,no_leak,0,595,297552,0
9,no_leak,0,596,298047,0
9,no_leak,0,597,298552,18
9,no_leak,0,598,299047,17
9,no_leak,0,599,299551,0
9,no_leak,0,600,300048,0
9,no_leak,0,601,300552,0
9,no_leak,0,602,301048,0
9,no_leak,0,603,301552,0
9,no_leak,0,604,302047,23
9,no_leak,0,605,302552,8
9,no_leak,0,606,303047,0
9,no_leak,0,607,303551,0
9,no_leak,0,608,304048,0
9,no_leak,0,609,304552,0
9,no_leak,0,610,305047,53
9,no_leak,0,611,305552,75
9,no_leak,0,612,306047,89
9,no_leak,0,613,306551,95
9,no_leak,0,614,307048,91
9,no_leak,0,615,307552,95
9,no_leak,0,616,308047,73
9,no_leak,0,617,308552,71
9,no_leak,0,618,309047,61
9,no_leak,0,619,309551,94
9,no_leak,0,620,310048,117
9,no_leak,0,621,310552,108
9,no_leak,0,622,311047,90
9,no_leak,0,623,311552,115
9,no_leak,0,624,312047,99
9,no_leak,0,625,312552,91
9,no_leak,0,626,313048,69
9,no_leak,0,627,313552,40
9,no_leak,0,628,314048,16
9,no_leak,0,629,314552,30
9,no_leak,0,630,315047,59
9,no_leak,0,631,315552,91
9,no_leak,0,632,316047,107
9,no_leak,0,633,316551,97
9,no_leak,0,634,317048,81
9,no_leak,0,635,317552,41
9,no_leak,0,636,318048,51
9,no_leak,0,637,318552,75
9,no_leak,0,638,319047,59
9,no_leak,0,639,319551,13
9,no_leak,0,640,320048,0
9,no_leak,0,641,320552,0
9,no_leak,0,642,321047,17
9,no_leak,0,643,321552,46
9,no_leak,0,644,322048,28
9,no_leak,0,645,322551,19
9,no_leak,0,646,323048,0
9,no_leak,0,647,323552,0
9,no_leak,0,648,324047,23
9,no_leak,0,649,324551,73
9,no_leak,0,650,325048,91
9,no_leak,0,651,325551,88
9,no_leak,0,652,326048,87
9,no_leak,0,653,326552,71
9,no_leak,0,654,327047,48
9,no_leak,0,655,327551,11
9,no_leak,0,656,328048,0
9,no_leak,0,657,328552,0
9,no_leak,0,658,329047,27
9,no_leak,0,659,329552,43
9,no_leak,0,660,330047,71
9,no_leak,0,661,330551,78
9,no_leak,0,662,331048,78
9,no_leak,0,663,331551,78
9,no_leak,0,664,332048,83
9,no_leak,0,665,332552,71
9,no_leak,0,666,333047,61
9,no_leak,0,667,333552,23
9,no_leak,0,668,334048,20
9,no_leak,0,669,334552,51
9,no_leak,0,670,335047,53
9,no_leak,0,671,335552,84
9,no_leak,0,672,336047,79
9,no_leak,0,673,336551,75
9,no_leak,0,674,337048,77
9,no_leak,0,675,337552,61
9,no_leak,0,676,338047,51
9,no_leak,0,677,338552,61
9,no_leak,0,678,339047,42
9,no_leak,0,679,339551,75
9,no_leak,0,680,340048,95
9,no_leak,0,681,340552,139
9,no_leak,0,682,341048,180
9,no_leak,0,683,341552,189
9,no_leak,0,684,342047,155
9,no_leak,0,685,342551,118
9,no_leak,0,686,343048,121
9,no_leak,0,687,343552,150
9,no_leak,0,688,344047,167
9,no_leak,0,689,344552,170
9,no_leak,0,690,345047,183
9,no_leak,0,691,345552,167
9,no_leak,0,692,346047,167
9,no_leak,0,693,346551,146
9,no_leak,0,694,347048,117
9,no_leak,0,695,347552,105
9,no_leak,0,696,348047,71
9,no_leak,0,697,348551,98
9,no_leak,0,698,349048,163
9,no_leak,0,699,349552,159
9,no_leak,0,700,350048,174
9,no_leak,0,701,350552,156
9,no_leak,0,702,351047,123
9,no_leak,0,703,351552,79
9,no_leak,0,704,352048,61
9,no_leak,0,705,352552,53
9,no_leak,0,706,353048,62
9,no_leak,0,707,353552,103
9,no_leak,0,708,354047,139
9,no_leak,0,709,354551,149
9,no_leak,0,710,355048,119
9,no_leak,0,711,355552,78
9,no_leak,0,712,356047,63
9,no_leak,0,713,356552,88
9,no_leak,0,714,357047,100
9,no_leak,0,715,357551,105
9,no_leak,0,716,358048,111
9,no_leak,0,717,358551,103
9,no_leak,0,718,359048,70
9,no_leak,0,719,359552,19
9,no_leak,0,720,360047,64
9,no_leak,0,721,360551,135
9,no_leak,0,722,361048,155
9,no_leak,0,723,361551,149
9,no_leak,0,724,362048,63
9,no_leak,0,725,362552,27
9,no_leak,0,726,363047,0
9,no_leak,0,727,363552,0
9,no_leak,0,728,364047,58
9,no_leak,0,729,364551,61
9,no_leak,0,730,365048,45
9,no_leak,0,731,365552,39
9,no_leak,0,732,366048,17
9,no_leak,0,733,366552,0
9,no_leak,0,734,367047,0
9,no_leak,0,735,367551,38
9,no_leak,0,736,368048,54
9,no_leak,0,737,368551,103
9,no_leak,0,738,369048,103
9,no_leak,0,739,369552,101
9,no_leak,0,740,370047,105
9,no_leak,0,741,370551,100
9,no_leak,0,742,371048,88
9,no_leak,0,743,371552,99
9,no_leak,0,744,372047,127
9,no_leak,0,745,372552,119
9,no_leak,0,746,373047,139
9,no_leak,0,747,373552,156
9,no_leak,0,748,374047,133
9,no_leak,0,749,374551,124
9,no_leak,0,750,375048,55
9,no_leak,0,751,375552,86
9,no_leak,0,752,376047,117
9,no_leak,0,753,376552,101
9,no_leak,0,754,377047,101
9,no_leak,0,755,377551,83
9,no_leak,0,756,378048,45
9,no_leak,0,757,378552,9
9,no_leak,0,758,379048,0
9,no_leak,0,759,379552,0
9,no_leak,0,760,380047,0
9,no_leak,0,761,380551,0
9,no_leak,0,762,381048,7
9,no_leak,0,763,381552,0
9,no_leak,0,764,382047,0
9,no_leak,0,765,382552,0
9,no_leak,0,766,383047,0
9,no_leak,0,767,383551,0
9,no_leak,0,768,384048,0
9,no_leak,0,769,384552,3
9,no_leak,0,770,385047,0
9,no_leak,0,771,385552,18
9,no_leak,0,772,386047,21
9,no_leak,0,773,386551,20
9,no_leak,0,774,387048,13
9,no_leak,0,775,387552,33
9,no_leak,0,776,388047,25
9,no_leak,0,777,388552,37
9,no_leak,0,778,389047,27
9,no_leak,0,779,389551,41
9,no_leak,0,780,390048,61
9,no_leak,0,781,390552,46
9,no_leak,0,782,391048,44
9,no_leak,0,783,391552,10
9,no_leak,0,784,392047,29
9,no_leak,0,785,392551,25
9,no_leak,0,786,393048,82
9,no_leak,0,787,393552,95
9,no_leak,0,788,394048,90
9,no_leak,0,789,394552,63
9,no_leak,0,790,395047,55
9,no_leak,0,791,395552,76
9,no_leak,0,792,396048,99
9,no_leak,0,793,396551,121
9,no_leak,0,794,397048,125
9,no_leak,0,795,397552,154
9,no_leak,0,796,398047,137
9,no_leak,0,797,398552,127
9,no_leak,0,798,399047,107
9,no_leak,0,799,399551,125
9,no_leak,0,800,400048,163
9,no_leak,0,801,400552,183
9,no_leak,0,802,401047,171
9,no_leak,0,803,401552,147
9,no_leak,0,804,402047,181
9,no_leak,0,805,402551,245
9,no_leak,0,806,403048,211
9,no_leak,0,807,403552,184
9,no_leak,0,808,404047,148
9,no_leak,0,809,404552,123
9,no_leak,0,810,405047,111
9,no_leak,0,811,405551,144
9,no_leak,0,812,406048,117
9,no_leak,0,813,406552,117
9,no_leak,0,814,407047,109
9,no_leak,0,815,407552,105
9,no_leak,0,816,408047,59
9,no_leak,0,817,408552,22
9,no_leak,0,818,409048,5
9,no_leak,0,819,409552,17
9,no_leak,0,820,410047,47
9,no_leak,0,821,410552,83
9,no_leak,0,822,411047,62
9,no_leak,0,823,411551,71
9,no_leak,0,824,412048,37
9,no_leak,0,825,412551,19
9,no_leak,0,826,413048,0
9,no_leak,0,827,413552,7
9,no_leak,0,828,414047,35
9,no_leak,0,829,414552,53
9,no_leak,0,830,415048,61
9,no_leak,0,831,415552,41
9,no_leak,0,832,416048,19
9,no_leak,0,833,416552,0
9,no_leak,0,834,417047,27
9,no_leak,0,835,417551,87
9,no_leak,0,836,418048,87
9,no_leak,0,837,418552,77
9,no_leak,0,838,419048,53
9,no_leak,0,839,419552,11
9,no_leak,0,840,420047,0
9,no_leak,0,841,420552,23
9,no_leak,0,842,421048,9
9,no_leak,0,843,421551,42
9,no_leak,0,844,422048,29
9,no_leak,0,845,422552,10
9,no_leak,0,846,423047,0
9,no_leak,0,847,423551,0
9,no_leak,0,848,424048,0
9,no_leak,0,849,424551,0
9,no_leak,0,850,425048,3
9,no_leak,0,851,425552,0
9,no_leak,0,852,426047,0
9,no_leak,0,853,426551,0
9,no_leak,0,854,427048,0
9,no_leak,0,855,427551,0
9,no_leak,0,856,428048,0
9,no_leak,0,857,428552,0
9,no_leak,0,858,429047,21
9,no_leak,0,859,429551,28
9,no_leak,0,860,430048,3
9,no_leak,0,861,430552,0
9,no_leak,0,862,431047,0
9,no_leak,0,863,431552,0
9,no_leak,0,864,432047,16
9,no_leak,0,865,432551,77
9,no_leak,0,866,433048,87
9,no_leak,0,867,433551,78
9,no_leak,0,868,434048,53
9,no_leak,0,869,434552,24
9,no_leak,0,870,435047,13
9,no_leak,0,871,435552,26
9,no_leak,0,872,436047,53
9,no_leak,0,873,436551,79
9,no_leak,0,874,437048,57
9,no_leak,0,875,437552,31
9,no_leak,0,876,438047,11
9,no_leak,0,877,438552,0
9,no_leak,0,878,439047,0
9,no_leak,0,879,439552,0
9,no_leak,0,880,440048,0
9,no_leak,0,881,440551,0
9,no_leak,0,882,441048,31
9,no_leak,0,883,441552,39
9,no_leak,0,884,442047,4
9,no_leak,0,885,442551,0
9,no_leak,0,886,443048,0
9,no_leak,0,887,443552,17
9,no_leak,0,888,444047,68
9,no_leak,0,889,444552,57
9,no_leak,0,890,445047,90
9,no_leak,0,891,445552,117
9,no_leak,0,892,446048,125
9,no_leak,0,893,446552,100
9,no_leak,0,894,447047,29
9,no_leak,0,895,447552,43
9,no_leak,0,896,448047,110
9,no_leak,0,897,448551,103
9,no_leak,0,898,449048,139
9,no_leak,0,899,449552,117
9,no_leak,0,900,450047,100
9,no_leak,0,901,450552,73
9,no_leak,0,902,451047,35
9,no_leak,0,903,451551,27
9,no_leak,0,904,452048,40
9,no_leak,0,905,452552,77
9,no_leak,0,906,453047,83
9,no_leak,0,907,453552,103
9,no_leak,0,908,454047,119
9,no_leak,0,909,454552,116
9,no_leak,0,910,455047,119
9,no_leak,0,911,455551,133
9,no_leak,0,912,456048,121
9,no_leak,0,913,456552,115
9,no_leak,0,914,457047,109
9,no_leak,0,915,457552,99
9,no_leak,0,916,458048,117
9,no_leak,0,917,458552,94
9,no_leak,0,918,459047,91
9,no_leak,0,919,459552,139
9,no_leak,0,920,460047,123
9,no_leak,0,921,460551,135
9,no_leak,0,922,461048,98
9,no_leak,0,923,461552,95
9,no_leak,0,924,462047,21
9,no_leak,0,925,462552,39
9,no_leak,0,926,463047,76
9,no_leak,0,927,463551,89
9,no_leak,0,928,464048,82
9,no_leak,0,929,464552,78
9,no_leak,0,930,465047,73
9,no_leak,0,931,465552,61
9,no_leak,0,932,466047,43
9,no_leak,0,933,466551,39
9,no_leak,0,934,467048,38
9,no_leak,0,935,467552,105
9,no_leak,0,936,468047,79
9,no_leak,0,937,468552,39
9,no_leak,0,938,469047,4
9,no_leak,0,939,469552,0
9,no_leak,0,940,470048,20
9,no_leak,0,941,470552,4
9,no_leak,0,942,471047,61
9,no_leak,0,943,471552,43
9,no_leak,0,944,472047,30
9,no_leak,0,945,472552,9
9,no_leak,0,946,473047,0
9,no_leak,0,947,473551,0
9,no_leak,0,948,474048,0
9,no_leak,0,949,474551,61
9,no_leak,0,950,475048,69
9,no_leak,0,951,475552,37
9,no_leak,0,952,476047,77
9,no_leak,0,953,476552,93
9,no_leak,0,954,477048,99
9,no_leak,0,955,477552,110
9,no_leak,0,956,478048,99
9,no_leak,0,957,478552,87
9,no_leak,0,958,479047,104
9,no_leak,0,959,479551,117
9,no_leak,0,960,480048,98
9,no_leak,0,961,480552,56
9,no_leak,0,962,481047,75
9,no_leak,0,963,481552,117
9,no_leak,0,964,482047,102
9,no_leak,0,965,482551,78
9,no_leak,0,966,483048,69
9,no_leak,0,967,483551,41
9,no_leak,0,968,484048,3
9,no_leak,0,969,484552,8
9,no_leak,0,970,485047,17
9,no_leak,0,971,485552,17
9,no_leak,0,972,486048,55
9,no_leak,0,973,486552,73
9,no_leak,0,974,487048,59
9,no_leak,0,975,487552,55
9,no_leak,0,976,488047,47
9,no_leak,0,977,488551,111
9,no_leak,0,978,489047,110
9,no_leak,0,979,489551,107
9,no_leak,0,980,490048,105
9,no_leak,0,981,490552,95
9,no_leak,0,982,491047,71
9,no_leak,0,983,491552,50
9,no_leak,0,984,492047,39
9,no_leak,0,985,492551,55
9,no_leak,0,986,493048,48
9,no_leak,0,987,493552,29
9,no_leak,0,988,494047,45
9,no_leak,0,989,494552,72
9,no_leak,0,990,495047,53
9,no_leak,0,991,495552,46
9,no_leak,0,992,496048,25
9,no_leak,0,993,496552,6
9,no_leak,0,994,497048,0
9,no_leak,0,995,497552,0
9,no_leak,0,996,498047,0
9,no_leak,0,997,498552,0
9,no_leak,0,998,499047,0
9,no_leak,0,999,499551,3
9,no_leak,0,1000,500048,0
9,no_leak,0,1001,500552,0
9,no_leak,0,1002,501048,0
9,no_leak,0,1003,501552,0
9,no_leak,0,1004,502047,61
9,no_leak,0,1005,502552,85
9,no_leak,0,1006,503048,73
9,no_leak,0,1007,503552,37
9,no_leak,0,1008,504047,0
9,no_leak,0,1009,504552,45
9,no_leak,0,1010,505047,60
9,no_leak,0,1011,505551,73
9,no_leak,0,1012,506048,101
9,no_leak,0,1013,506552,85
9,no_leak,0,1014,507047,43
9,no_leak,0,1015,507552,5
9,no_leak,0,1016,508047,36
9,no_leak,0,1017,508552,87
9,no_leak,0,1018,509047,105
9,no_leak,0,1019,509551,71
9,no_leak,0,1020,510048,40
9,no_leak,0,1021,510551,3
9,no_leak,0,1022,511048,29
9,no_leak,0,1023,511552,48
9,no_leak,0,1024,512047,117
9,no_leak,0,1025,512551,120
9,no_leak,0,1026,513048,104
9,no_leak,0,1027,513552,75
9,no_leak,0,1028,514047,27
9,no_leak,0,1029,514552,0
9,no_leak,0,1030,515048,0
9,no_leak,0,1031,515551,21
9,no_leak,0,1032,516048,29
9,no_leak,0,1033,516552,103
9,no_leak,0,1034,517047,107
9,no_leak,0,1035,517552,79
9,no_leak,0,1036,518047,71
9,no_leak,0,1037,518551,57
9,no_leak,0,1038,519048,47
9,no_leak,0,1039,519552,73
9,no_leak,0,1040,520047,123
9,no_leak,0,1041,520552,149
9,no_leak,0,1042,521047,153
9,no_leak,0,1043,521552,141
9,no_leak,0,1044,522048,107
9,no_leak,0,1045,522551,72
9,no_leak,0,1046,523048,85
9,no_leak,0,1047,523552,104
9,no_leak,0,1048,524047,110
9,no_leak,0,1049,524551,115
9,no_leak,0,1050,525048,89
9,no_leak,0,1051,525551,54
9,no_leak,0,1052,526048,33
9,no_leak,0,1053,526552,0
9,no_leak,0,1054,527047,8
9,no_leak,0,1055,527552,27
9,no_leak,0,1056,528047,52
9,no_leak,0,1057,528551,61
9,no_leak,0,1058,529048,37
9,no_leak,0,1059,529551,20
9,no_leak,0,1060,530048,8
9,no_leak,0,1061,530552,12
9,no_leak,0,1062,531047,21
9,no_leak,0,1063,531552,39
9,no_leak,0,1064,532047,88
9,no_leak,0,1065,532551,90
9,no_leak,0,1066,533048,101
9,no_leak,0,1067,533551,94
9,no_leak,0,1068,534048,71
9,no_leak,0,1069,534552,94
9,no_leak,0,1070,535047,99
9,no_leak,0,1071,535552,111
9,no_leak,0,1072,536047,106
9,no_leak,0,1073,536551,84
9,no_leak,0,1074,537048,37
9,no_leak,0,1075,537552,2
9,no_leak,0,1076,538047,59
9,no_leak,0,1077,538552,47
9,no_leak,0,1078,539047,43
9,no_leak,0,1079,539551,25
9,no_leak,0,1080,540048,0
9,no_leak,0,1081,540551,0
9,no_leak,0,1082,541048,0
9,no_leak,0,1083,541552,0
9,no_leak,0,1084,542047,0
9,no_leak,0,1085,542551,0
9,no_leak,0,1086,543048,0
9,no_leak,0,1087,543552,0
9,no_leak,0,1088,544048,0
9,no_leak,0,1089,544552,0
9,no_leak,0,1090,545047,0
9,no_leak,0,1091,545551,0
9,no_leak,0,1092,546048,0
9,no_leak,0,1093,546552,25
9,no_leak,0,1094,547048,41
9,no_leak,0,1095,547552,50
9,no_leak,0,1096,548047,67
9,no_leak,0,1097,548552,43
9,no_leak,0,1098,549048,9
9,no_leak,0,1099,549552,3
9,no_leak,0,1100,550048,21
9,no_leak,0,1101,550552,51
9,no_leak,0,1102,551047,73
9,no_leak,0,1103,551551,92
9,no_leak,0,1104,552048,119
9,no_leak,0,1105,552552,111
9,no_leak,0,1106,553047,106
9,no_leak,0,1107,553552,83
9,no_leak,0,1108,554047,47
9,no_leak,0,1109,554552,41
9,no_leak,0,1110,555047,40
9,no_leak,0,1111,555551,24
9,no_leak,0,1112,556048,40
9,no_leak,0,1113,556552,38
9,no_leak,0,1114,557047,43
9,no_leak,0,1115,557552,28
9,no_leak,0,1116,558047,22
9,no_leak,0,1117,558551,0
9,no_leak,0,1118,559048,0
9,no_leak,0,1119,559552,69
9,no_leak,0,1120,560047,103
9,no_leak,0,1121,560552,117
9,no_leak,0,1122,561047,89
9,no_leak,0,1123,561551,53
9,no_leak,0,1124,562048,74
9,no_leak,0,1125,562552,125
9,no_leak,0,1126,563047,137
9,no_leak,0,1127,563552,173
9,no_leak,0,1128,564048,169
9,no_leak,0,1129,564552,157
9,no_leak,0,1130,565047,115
9,no_leak,0,1131,565552,60
9,no_leak,0,1132,566047,48
9,no_leak,0,1133,566551,97
9,no_leak,0,1134,567048,144
9,no_leak,0,1135,567552,148
9,no_leak,0,1136,568048,138
9,no_leak,0,1137,568552,151
9,no_leak,0,1138,569047,115
9,no_leak,0,1139,569551,51
9,no_leak,0,1140,570048,22
9,no_leak,0,1141,570551,53
9,no_leak,0,1142,571048,78
9,no_leak,0,1143,571552,89
9,no_leak,0,1144,572047,89
9,no_leak,0,1145,572552,76
9,no_leak,0,1146,573048,59
9,no_leak,0,1147,573552,37
9,no_leak,0,1148,574047,13
9,no_leak,0,1149,574552,0
9,no_leak,0,1150,575047,0
9,no_leak,0,1151,575551,51
9,no_leak,0,1152,576048,60
9,no_leak,0,1153,576552,73
9,no_leak,0,1154,577047,105
9,no_leak,0,1155,577552,95
9,no_leak,0,1156,578047,77
9,no_leak,0,1157,578552,62
9,no_leak,0,1158,579048,19
9,no_leak,0,1159,579552,45
9,no_leak,0,1160,580047,39
9,no_leak,0,1161,580552,42
9,no_leak,0,1162,581047,55
9,no_leak,0,1163,581551,67
9,no_leak,0,1164,582048,61
9,no_leak,0,1165,582551,35
9,no_leak,0,1166,583048,7
9,no_leak,0,1167,583552,0
9,no_leak,0,1168,584047,61
9,no_leak,0,1169,584551,101
9,no_leak,0,1170,585048,100
9,no_leak,0,1171,585552,87
9,no_leak,0,1172,586047,52
9,no_leak,0,1173,586552,9
9,no_leak,0,1174,587047,0
9,no_leak,0,1175,587551,0
9,no_leak,0,1176,588048,0
9,no_leak,0,1177,588552,10
9,no_leak,0,1178,589047,9
9,no_leak,0,1179,589552,0
9,no_leak,0,1180,590047,0
9,no_leak,0,1181,590551,0
9,no_leak,0,1182,591048,0
9,no_leak,0,1183,591552,0
9,no_leak,0,1184,592047,0
9,no_leak,0,1185,592552,0
9,no_leak,0,1186,593047,38
9,no_leak,0,1187,593551,43
9,no_leak,0,1188,594048,41
9,no_leak,0,1189,594552,59
9,no_leak,0,1190,595047,93
9,no_leak,0,1191,595552,121
9,no_leak,0,1192,596047,135
9,no_leak,0,1193,596551,115
9,no_leak,0,1194,597048,107
9,no_leak,0,1195,597552,85
9,no_leak,0,1196,598047,101
9,no_leak,0,1197,598552,107
9,no_leak,0,1198,599047,151
9,no_leak,0,1199,599551,175
9,no_leak,0,1200,600048,152
9,no_leak,0,1201,600552,139
9,no_leak,0,1202,601047,115
9,no_leak,0,1203,601552,95
9,no_leak,0,1204,602047,57
9,no_leak,0,1205,602551,23
9,no_leak,0,1206,603048,4
9,no_leak,0,1207,603552,17
9,no_leak,0,1208,604048,56
9,no_leak,0,1209,604552,91
9,no_leak,0,1210,605047,104
9,no_leak,0,1211,605551,99
9,no_leak,0,1212,606048,99
9,no_leak,0,1213,606552,88
9,no_leak,0,1214,607048,70
9,no_leak,0,1215,607552,26
9,no_leak,0,1216,608047,16
9,no_leak,0,1217,608551,42
9,no_leak,0,1218,609048,109
9,no_leak,0,1219,609552,112
9,no_leak,0,1220,610047,97
9,no_leak,0,1221,610552,92
9,no_leak,0,1222,611047,85
9,no_leak,0,1223,611552,77
9,no_leak,0,1224,612048,73
9,no_leak,0,1225,612552,51
9,no_leak,0,1226,613048,29
9,no_leak,0,1227,613552,17
9,no_leak,0,1228,614047,0
9,no_leak,0,1229,614552,13
9,no_leak,0,1230,615047,30
9,no_leak,0,1231,615551,19
9,no_leak,0,1232,616048,10
9,no_leak,0,1233,616552,13
9,no_leak,0,1234,617048,60
9,no_leak,0,1235,617552,55
9,no_leak,0,1236,618047,45
9,no_leak,0,1237,618552,39
9,no_leak,0,1238,619048,16
9,no_leak,0,1239,619552,0
9,no_leak,0,1240,620048,0
9,no_leak,0,1241,620552,22
9,no_leak,0,1242,621047,41
9,no_leak,0,1243,621551,56
9,no_leak,0,1244,622048,88
9,no_leak,0,1245,622552,91
9,no_leak,0,1246,623047,70
9,no_leak,0,1247,623552,33
9,no_leak,0,1248,624047,0
9,no_leak,0,1249,624551,60
9,no_leak,0,1250,625048,93
9,no_leak,0,1251,625552,122
9,no_leak,0,1252,626047,133
9,no_leak,0,1253,626552,137
9,no_leak,0,1254,627047,125
9,no_leak,0,1255,627551,99
9,no_leak,0,1256,628048,60
9,no_leak,0,1257,628552,85
9,no_leak,0,1258,629047,85
9,no_leak,0,1259,629552,98
9,no_leak,0,1260,630047,92
9,no_leak,0,1261,630551,118
9,no_leak,0,1262,631048,103
9,no_leak,0,1263,631552,77
9,no_leak,0,1264,632047,58
9,no_leak,0,1265,632552,61
9,no_leak,0,1266,633047,71
9,no_leak,0,1267,633551,93
9,no_leak,0,1268,634048,93
9,no_leak,0,1269,634552,80
9,no_leak,0,1270,635047,27
9,no_leak,0,1271,635552,0
9,no_leak,0,1272,636047,58
9,no_leak,0,1273,636552,67
9,no_leak,0,1274,637047,69
9,no_leak,0,1275,637551,47
9,no_leak,0,1276,638048,7
9,no_leak,0,1277,638552,0
9,no_leak,0,1278,639048,0
9,no_leak,0,1279,639552,37
9,no_leak,0,1280,640047,99
9,no_leak,0,1281,640551,111
9,no_leak,0,1282,641048,99
9,no_leak,0,1283,641552,71
9,no_leak,0,1284,642047,39
9,no_leak,0,1285,642552,41
9,no_leak,0,1286,643047,93
9,no_leak,0,1287,643551,117
9,no_leak,0,1288,644048,138
9,no_leak,0,1289,644552,154
9,no_leak,0,1290,645047,137
9,no_leak,0,1291,645552,124
9,no_leak,0,1292,646047,111
9,no_leak,0,1293,646552,99
9,no_leak,0,1294,647047,71
9,no_leak,0,1295,647551,24
9,no_leak,0,1296,648048,0
9,no_leak,0,1297,648552,0
9,no_leak,0,1298,649048,0
9,no_leak,0,1299,649552,0
9,no_leak,0,1300,650047,5
9,no_leak,0,1301,650551,17
9,no_leak,0,1302,651048,5
9,no_leak,0,1303,651551,0
9,no_leak,0,1304,652048,0
9,no_leak,0,1305,652552,0
9,no_leak,0,1306,653047,0
9,no_leak,0,1307,653551,0
9,no_leak,0,1308,654048,0
9,no_leak,0,1309,654552,0
9,no_leak,0,1310,655047,0
9,no_leak,0,1311,655552,75
9,no_leak,0,1312,656047,91
9,no_leak,0,1313,656551,103
9,no_leak,0,1314,657048,106
9,no_leak,0,1315,657551,139
9,no_leak,0,1316,658048,109
9,no_leak,0,1317,658552,57
9,no_leak,0,1318,659047,48
9,no_leak,0,1319,659552,57
9,no_leak,0,1320,660047,39
9,no_leak,0,1321,660551,74
9,no_leak,0,1322,661048,116
9,no_leak,0,1323,661551,135
9,no_leak,0,1324,662048,140
9,no_leak,0,1325,662552,117
9,no_leak,0,1326,663047,103
9,no_leak,0,1327,663551,70
9,no_leak,0,1328,664048,52
9,no_leak,0,1329,664552,73
9,no_leak,0,1330,665048,51
9,no_leak,0,1331,665552,123
9,no_leak,0,1332,666047,165
9,no_leak,0,1333,666551,166
9,no_leak,0,1334,667048,164
9,no_leak,0,1335,667552,122
9,no_leak,0,1336,668047,98
9,no_leak,0,1337,668552,85
9,no_leak,0,1338,669047,25
9,no_leak,0,1339,669552,0
9,no_leak,0,1340,670048,12
9,no_leak,0,1341,670551,28
9,no_leak,0,1342,671048,92
9,no_leak,0,1343,671552,115
9,no_leak,0,1344,672047,99
9,no_leak,0,1345,672551,104
9,no_leak,0,1346,673048,100
9,no_leak,0,1347,673551,87
9,no_leak,0,1348,674048,50
9,no_leak,0,1349,674552,39
9,no_leak,0,1350,675047,18
9,no_leak,0,1351,675552,55
9,no_leak,0,1352,676047,110
9,no_leak,0,1353,676551,125
9,no_leak,0,1354,677048,125
9,no_leak,0,1355,677552,107
9,no_leak,0,1356,678047,74
9,no_leak,0,1357,678552,55
9,no_leak,0,1358,679047,43
9,no_leak,0,1359,679551,8
9,no_leak,0,1360,680048,0
9,no_leak,0,1361,680552,0
9,no_leak,0,1362,681047,0
9,no_leak,0,1363,681552,19
9,no_leak,0,1364,682047,19
9,no_leak,0,1365,682552,25
9,no_leak,0,1366,683048,61
9,no_leak,0,1367,683552,75
9,no_leak,0,1368,684047,71
9,no_leak,0,1369,684552,57
9,no_leak,0,1370,685047,46
9,no_leak,0,1371,685551,55
9,no_leak,0,1372,686048,35
9,no_leak,0,1373,686552,77
9,no_leak,0,1374,687047,77
9,no_leak,0,1375,687552,45
9,no_leak,0,1376,688047,56
9,no_leak,0,1377,688551,41
9,no_leak,0,1378,689048,59
9,no_leak,0,1379,689552,53
9,no_leak,0,1380,690048,26
9,no_leak,0,1381,690552,0
9,no_leak,0,1382,691047,9
9,no_leak,0,1383,691551,52
9,no_leak,0,1384,692048,42
9,no_leak,0,1385,692552,58
9,no_leak,0,1386,693048,53
9,no_leak,0,1387,693552,11
9,no_leak,0,1388,694047,39
9,no_leak,0,1389,694552,53
9,no_leak,0,1390,695048,59
9,no_leak,0,1391,695552,75
9,no_leak,0,1392,696047,53
9,no_leak,0,1393,696552,58
9,no_leak,0,1394,697047,107
9,no_leak,0,1395,697551,103
9,no_leak,0,1396,698048,68
9,no_leak,0,1397,698552,25
9,no_leak,0,1398,699047,21
9,no_leak,0,1399,699552,20
9,no_leak,0,1400,700047,53
9,no_leak,0,1401,700551,88
9,no_leak,0,1402,701048,79
9,no_leak,0,1403,701552,83
9,no_leak,0,1404,702048,62
9,no_leak,0,1405,702552,45
9,no_leak,0,1406,703047,4
9,no_leak,0,1407,703551,0
9,no_leak,0,1408,704048,0
9,no_leak,0,1409,704552,0
9,no_leak,0,1410,705047,62
9,no_leak,0,1411,705552,88
9,no_leak,0,1412,706047,93
9,no_leak,0,1413,706551,101
9,no_leak,0,1414,707048,53
9,no_leak,0,1415,707552,60
9,no_leak,0,1416,708048,103
9,no_leak,0,1417,708552,189
9,no_leak,0,1418,709047,183
9,no_leak,0,1419,709551,191
9,no_leak,0,1420,710048,219
9,no_leak,0,1421,710551,200
9,no_leak,0,1422,711048,179
9,no_leak,0,1423,711552,184
9,no_leak,0,1424,712047,167
9,no_leak,0,1425,712551,137
9,no_leak,0,1426,713048,61
9,no_leak,0,1427,713551,55
9,no_leak,0,1428,714048,46
9,no_leak,0,1429,714552,41
9,no_leak,0,1430,715047,55
9,no_leak,0,1431,715551,69
9,no_leak,0,1432,716048,39
9,no_leak,0,1433,716552,30
9,no_leak,0,1434,717047,51
9,no_leak,0,1435,717552,41
9,no_leak,0,1436,718047,30
9,no_leak,0,1437,718551,28
9,no_leak,0,1438,719048,36
9,no_leak,0,1439,719552,71
9,no_leak,0,1440,720047,75
9,no_leak,0,1441,720552,51
9,no_leak,0,1442,721047,5
9,no_leak,0,1443,721551,10
9,no_leak,0,1444,722048,26
9,no_leak,0,1445,722552,25
9,no_leak,0,1446,723047,37
9,no_leak,0,1447,723552,58
9,no_leak,0,1448,724047,22
9,no_leak,0,1449,724552,11
9,no_leak,0,1450,725048,0
9,no_leak,0,1451,725552,17
9,no_leak,0,1452,726048,15
9,no_leak,0,1453,726552,41
9,no_leak,0,1454,727047,22
9,no_leak,0,1455,727551,9
9,no_leak,0,1456,728048,0
9,no_leak,0,1457,728552,29
9,no_leak,0,1458,729047,24
9,no_leak,0,1459,729552,52
9,no_leak,0,1460,730047,29
9,no_leak,0,1461,730551,20
9,no_leak,0,1462,731048,0
9,no_leak,0,1463,731552,0
9,no_leak,0,1464,732047,0
9,no_leak,0,1465,732552,0
9,no_leak,0,1466,733047,0
9,no_leak,0,1467,733551,35
9,no_leak,0,1468,734048,33
9,no_leak,0,1469,734552,44
9,no_leak,0,1470,735047,26
9,no_leak,0,1471,735552,3
9,no_leak,0,1472,736047,0
9,no_leak,0,1473,736552,29
9,no_leak,0,1474,737048,42
9,no_leak,0,1475,737551,47
9,no_leak,0,1476,738048,69
9,no_leak,0,1477,738552,75
9,no_leak,0,1478,739047,69
9,no_leak,0,1479,739552,19
9,no_leak,0,1480,740047,0
9,no_leak,0,1481,740551,0
9,no_leak,0,1482,741048,41
9,no_leak,0,1483,741551,71
9,no_leak,0,1484,742048,46
9,no_leak,0,1485,742552,40
9,no_leak,0,1486,743047,16
9,no_leak,0,1487,743551,0
9,no_leak,0,1488,744048,0
9,no_leak,0,1489,744552,0
9,no_leak,0,1490,745047,73
9,no_leak,0,1491,745552,93
9,no_leak,0,1492,746047,76
9,no_leak,0,1493,746552,59
9,no_leak,0,1494,747048,55
9,no_leak,0,1495,747552,5
9,no_leak,0,1496,748048,0
9,no_leak,0,1497,748552,43
9,no_leak,0,1498,749047,86
9,no_leak,0,1499,749551,87
9,no_leak,0,1500,750048,107
9,no_leak,0,1501,750552,101
9,no_leak,0,1502,751047,79
9,no_leak,0,1503,751552,57
9,no_leak,0,1504,752047,30
9,no_leak,0,1505,752551,51
9,no_leak,0,1506,753048,93
9,no_leak,0,1507,753552,107
9,no_leak,0,1508,754047,143
9,no_leak,0,1509,754552,141
9,no_leak,0,1510,755047,139
9,no_leak,0,1511,755551,132
9,no_leak,0,1512,756048,105
9,no_leak,0,1513,756552,61
9,no_leak,0,1514,757048,28
9,no_leak,0,1515,757552,53
9,no_leak,0,1516,758047,75
9,no_leak,0,1517,758551,116
9,no_leak,0,1518,759048,121
9,no_leak,0,1519,759552,125
9,no_leak,0,1520,760047,125
9,no_leak,0,1521,760552,93
9,no_leak,0,1522,761047,55
9,no_leak,0,1523,761551,43
9,no_leak,0,1524,762048,45
9,no_leak,0,1525,762552,89
9,no_leak,0,1526,763048,123
9,no_leak,0,1527,763552,139
9,no_leak,0,1528,764047,155
9,no_leak,0,1529,764551,155
9,no_leak,0,1530,765048,116
9,no_leak,0,1531,765552,105
9,no_leak,0,1532,766048,81
9,no_leak,0,1533,766552,87
9,no_leak,0,1534,767047,117
9,no_leak,0,1535,767551,124
9,no_leak,0,1536,768048,143
9,no_leak,0,1537,768552,132
9,no_leak,0,1538,769047,102
9,no_leak,0,1539,769552,87
9,no_leak,0,1540,770047,71
9,no_leak,0,1541,770551,37
9,no_leak,0,1542,771048,3
9,no_leak,0,1543,771552,0
9,no_leak,0,1544,772047,0
9,no_leak,0,1545,772552,1
9,no_leak,0,1546,773048,35
9,no_leak,0,1547,773552,23
9,no_leak,0,1548,774047,22
9,no_leak,0,1549,774552,13
9,no_leak,0,1550,775047,0
9,no_leak,0,1551,775552,0
9,no_leak,0,1552,776048,0
9,no_leak,0,1553,776551,0
9,no_leak,0,1554,777048,0
9,no_leak,0,1555,777552,0
9,no_leak,0,1556,778047,43
9,no_leak,0,1557,778552,51
9,no_leak,0,1558,779047,45
9,no_leak,0,1559,779551,26
9,no_leak,0,1560,780048,9
9,no_leak,0,1561,780552,0
9,no_leak,0,1562,781047,0
9,no_leak,0,1563,781552,0
9,no_leak,0,1564,782048,0
9,no_leak,0,1565,782552,5
9,no_leak,0,1566,783048,0
9,no_leak,0,1567,783552,12
9,no_leak,0,1568,784047,4
9,no_leak,0,1569,784551,0
9,no_leak,0,1570,785048,0
9,no_leak,0,1571,785552,0
9,no_leak,0,1572,786048,0
9,no_leak,0,1573,786552,25
9,no_leak,0,1574,787047,43
9,no_leak,0,1575,787551,37
9,no_leak,0,1576,788048,21
9,no_leak,0,1577,788552,87
9,no_leak,0,1578,789047,88
9,no_leak,0,1579,789552,70
9,no_leak,0,1580,790047,53
9,no_leak,0,1581,790552,101
9,no_leak,0,1582,791047,105
9,no_leak,0,1583,791551,67
9,no_leak,0,1584,792048,35
9,no_leak,0,1585,792552,25
9,no_leak,0,1586,793047,95
9,no_leak,0,1587,793552,101
9,no_leak,0,1588,794047,75
9,no_leak,0,1589,794552,37
9,no_leak,0,1590,795048,27
9,no_leak,0,1591,795551,29
9,no_leak,0,1592,796048,75
9,no_leak,0,1593,796552,81
9,no_leak,0,1594,797047,75
9,no_leak,0,1595,797551,69
9,no_leak,0,1596,798048,35
9,no_leak,0,1597,798551,3
9,no_leak,0,1598,799048,9
9,no_leak,0,1599,799552,5
9,no_leak,0,1600,800047,37
9,no_leak,0,1601,800552,71
9,no_leak,0,1602,801047,91
9,no_leak,0,1603,801551,93
9,no_leak,0,1604,802048,102
9,no_leak,0,1605,802552,111
9,no_leak,0,1606,803048,117
9,no_leak,0,1607,803552,102
9,no_leak,0,1608,804047,105
9,no_leak,0,1609,804551,111
9,no_leak,0,1610,805048,115
9,no_leak,0,1611,805552,109
9,no_leak,0,1612,806047,93
9,no_leak,0,1613,806552,141
9,no_leak,0,1614,807047,143
9,no_leak,0,1615,807551,125
9,no_leak,0,1616,808048,121
9,no_leak,0,1617,808552,144
9,no_leak,0,1618,809048,137
9,no_leak,0,1619,809552,99
9,no_leak,0,1620,810047,85
9,no_leak,0,1621,810551,103
9,no_leak,0,1622,811047,120
9,no_leak,0,1623,811552,108
9,no_leak,0,1624,812048,98
9,no_leak,0,1625,812552,63
9,no_leak,0,1626,813047,21
9,no_leak,0,1627,813551,37
9,no_leak,0,1628,814048,76
9,no_leak,0,1629,814551,85
9,no_leak,0,1630,815048,67
9,no_leak,0,1631,815552,102
9,no_leak,0,1632,816047,93
9,no_leak,0,1633,816551,51
9,no_leak,0,1634,817048,28
9,no_leak,0,1635,817552,41
9,no_leak,0,1636,818047,39
9,no_leak,0,1637,818552,61
9,no_leak,0,1638,819047,91
9,no_leak,0,1639,819551,91
9,no_leak,0,1640,820048,71
9,no_leak,0,1641,820552,53
9,no_leak,0,1642,821048,71
9,no_leak,0,1643,821552,57
9,no_leak,0,1644,822047,110
9,no_leak,0,1645,822552,152
9,no_leak,0,1646,823048,141
9,no_leak,0,1647,823551,147
9,no_leak,0,1648,824048,134
9,no_leak,0,1649,824552,71
9,no_leak,0,1650,825047,41
9,no_leak,0,1651,825551,75
9,no_leak,0,1652,826048,39
9,no_leak,0,1653,826552,22
9,no_leak,0,1654,827047,20
9,no_leak,0,1655,827552,0
9,no_leak,0,1656,828047,0
9,no_leak,0,1657,828551,0
9,no_leak,0,1658,829048,0
9,no_leak,0,1659,829552,0
9,no_leak,0,1660,830047,6
9,no_leak,0,1661,830552,3
9,no_leak,0,1662,831047,0
9,no_leak,0,1663,831551,0
9,no_leak,0,1664,832048,0
9,no_leak,0,1665,832552,0
9,no_leak,0,1666,833047,0
9,no_leak,0,1667,833552,0
9,no_leak,0,1668,834047,12
9,no_leak,0,1669,834551,14
9,no_leak,0,1670,835048,47
9,no_leak,0,1671,835552,69
9,no_leak,0,1672,836047,37
9,no_leak,0,1673,836552,25
9,no_leak,0,1674,837047,59
9,no_leak,0,1675,837551,31
9,no_leak,0,1676,838048,39
9,no_leak,0,1677,838552,92
9,no_leak,0,1678,839047,119
9,no_leak,0,1679,839552,125
9,no_leak,0,1680,840047,117
9,no_leak,0,1681,840551,111
9,no_leak,0,1682,841048,101
9,no_leak,0,1683,841552,54
9,no_leak,0,1684,842047,75
9,no_leak,0,1685,842552,78
9,no_leak,0,1686,843047,54
9,no_leak,0,1687,843552,107
9,no_leak,0,1688,844048,77
9,no_leak,0,1689,844552,39
9,no_leak,0,1690,845047,86
9,no_leak,0,1691,845552,95
9,no_leak,0,1692,846047,73
9,no_leak,0,1693,846552,51
9,no_leak,0,1694,847048,16
9,no_leak,0,1695,847552,43
9,no_leak,0,1696,848047,31
9,no_leak,0,1697,848552,55
9,no_leak,0,1698,849047,70
9,no_leak,0,1699,849551,44
9,no_leak,0,1700,850048,27
9,no_leak,0,1701,850552,1
9,no_leak,0,1702,851047,25
9,no_leak,0,1703,851552,55
9,no_leak,0,1704,852047,71
9,no_leak,0,1705,852551,87
9,no_leak,0,1706,853048,73
9,no_leak,0,1707,853552,40
9,no_leak,0,1708,854047,72
9,no_leak,0,1709,854552,87
9,no_leak,0,1710,855048,108
9,no_leak,0,1711,855552,133
9,no_leak,0,1712,856047,103
9,no_leak,0,1713,856552,61
9,no_leak,0,1714,857047,11
9,no_leak,0,1715,857551,25
9,no_leak,0,1716,858048,69
9,no_leak,0,1717,858552,104
9,no_leak,0,1718,859047,119
9,no_leak,0,1719,859552,123
9,no_leak,0,1720,860047,91
9,no_leak,0,1721,860551,53
9,no_leak,0,1722,861048,6
9,no_leak,0,1723,861552,3
9,no_leak,0,1724,862047,55
9,no_leak,0,1725,862552,115
9,no_leak,0,1726,863047,134
9,no_leak,0,1727,863551,123
9,no_leak,0,1728,864048,123
9,no_leak,0,1729,864552,107
9,no_leak,0,1730,865047,87
9,no_leak,0,1731,865552,43
9,no_leak,0,1732,866047,53
9,no_leak,0,1733,866552,59
9,no_leak,0,1734,867047,63
9,no_leak,0,1735,867551,120
9,no_leak,0,1736,868048,101
9,no_leak,0,1737,868552,82
9,no_leak,0,1738,869047,75
9,no_leak,0,1739,869552,73
9,no_leak,0,1740,870047,12
9,no_leak,0,1741,870551,6
9,no_leak,0,1742,871048,47
9,no_leak,0,1743,871551,93
9,no_leak,0,1744,872048,102
9,no_leak,0,1745,872552,109
9,no_leak,0,1746,873047,117
9,no_leak,0,1747,873551,95
9,no_leak,0,1748,874048,85
9,no_leak,0,1749,874552,70
9,no_leak,0,1750,875048,45
9,no_leak,0,1751,875552,5
9,no_leak,0,1752,876047,0
9,no_leak,0,1753,876551,18
9,no_leak,0,1754,877048,40
9,no_leak,0,1755,877551,50
9,no_leak,0,1756,878048,71
9,no_leak,0,1757,878552,109
9,no_leak,0,1758,879047,116
9,no_leak,0,1759,879551,115
9,no_leak,0,1760,880048,103
9,no_leak,0,1761,880551,78
9,no_leak,0,1762,881048,58
9,no_leak,0,1763,881552,70
9,no_leak,0,1764,882047,85
9,no_leak,0,1765,882551,121
9,no_leak,0,1766,883048,121
9,no_leak,0,1767,883552,101
9,no_leak,0,1768,884047,83
9,no_leak,0,1769,884551,25
9,no_leak,0,1770,885048,0
9,no_leak,0,1771,885551,0
9,no_leak,0,1772,886048,0
9,no_leak,0,1773,886552,39
9,no_leak,0,1774,887047,27
9,no_leak,0,1775,887551,27
9,no_leak,0,1776,888048,0
9,no_leak,0,1777,888552,0
9,no_leak,0,1778,889048,0
9,no_leak,0,1779,889552,0
9,no_leak,0,1780,890047,0
9,no_leak,0,1781,890551,0
9,no_leak,0,1782,891048,0
9,no_leak,0,1783,891552,0
9,no_leak,0,1784,892047,0
9,no_leak,0,1785,892552,0
9,no_leak,0,1786,893047,0
9,no_leak,0,1787,893551,0
9,no_leak,0,1788,894048,0
9,no_leak,0,1789,894551,0
9,no_leak,0,1790,895048,0
9,no_leak,0,1791,895552,0
9,no_leak,0,1792,896047,30
9,no_leak,0,1793,896552,19
9,no_leak,0,1794,897048,12
9,no_leak,0,1795,897552,25
9,no_leak,0,1796,898047,104
9,no_leak,0,1797,898552,100
9,no_leak,0,1798,899047,99
9,no_leak,0,1799,899552,103
9,no_leak,0,1800,900047,108
9,no_leak,0,1801,900551,28
9,no_leak,0,1802,901048,59
9,no_leak,0,1803,901552,85
9,no_leak,0,1804,902047,101
9,no_leak,0,1805,902552,99
9,no_leak,0,1806,903047,73
9,no_leak,0,1807,903551,19
9,no_leak,0,1808,904048,0
9,no_leak,0,1809,904552,43
9,no_leak,0,1810,905047,51
9,no_leak,0,1811,905552,30
9,no_leak,0,1812,906047,20
9,no_leak,0,1813,906551,19
9,no_leak,0,1814,907048,0
9,no_leak,0,1815,907551,0
9,no_leak,0,1816,908048,0
9,no_leak,0,1817,908552,0
9,no_leak,0,1818,909047,23
9,no_leak,0,1819,909552,61
9,no_leak,0,1820,910048,75
9,no_leak,0,1821,910551,99
9,no_leak,0,1822,911048,104
9,no_leak,0,1823,911552,91
9,no_leak,0,1824,912047,47
9,no_leak,0,1825,912551,25
9,no_leak,0,1826,913048,16
9,no_leak,0,1827,913552,41
9,no_leak,0,1828,914048,40
9,no_leak,0,1829,914552,55
9,no_leak,0,1830,915047,90
9,no_leak,0,1831,915551,85
9,no_leak,0,1832,916048,87
9,no_leak,0,1833,916552,75
9,no_leak,0,1834,917048,43
9,no_leak,0,1835,917552,42
9,no_leak,0,1836,918047,53
9,no_leak,0,1837,918552,77
9,no_leak,0,1838,919047,95
9,no_leak,0,1839,919551,87
9,no_leak,0,1840,920048,61
9,no_leak,0,1841,920552,49
9,no_leak,0,1842,921047,87
9,no_leak,0,1843,921551,89
9,no_leak,0,1844,922048,91
9,no_leak,0,1845,922552,55
9,no_leak,0,1846,923047,18
9,no_leak,0,1847,923552,20
9,no_leak,0,1848,924047,30
9,no_leak,0,1849,924551,51
9,no_leak,0,1850,925048,73
9,no_leak,0,1851,925551,63
9,no_leak,0,1852,926048,29
9,no_leak,0,1853,926552,86
9,no_leak,0,1854,927047,83
9,no_leak,0,1855,927552,133
9,no_leak,0,1856,928048,153
9,no_leak,0,1857,928551,139
9,no_leak,0,1858,929048,115
9,no_leak,0,1859,929552,103
9,no_leak,0,1860,930047,125
9,no_leak,0,1861,930551,148
9,no_leak,0,1862,931048,153
9,no_leak,0,1863,931552,124
9,no_leak,0,1864,932047,124
9,no_leak,0,1865,932552,117
9,no_leak,0,1866,933047,83
9,no_leak,0,1867,933552,68
9,no_leak,0,1868,934048,83
9,no_leak,0,1869,934552,91
9,no_leak,0,1870,935047,147
9,no_leak,0,1871,935552,151
9,no_leak,0,1872,936047,101
9,no_leak,0,1873,936551,59
9,no_leak,0,1874,937048,6
9,no_leak,0,1875,937552,69
9,no_leak,0,1876,938047,92
9,no_leak,0,1877,938552,121
9,no_leak,0,1878,939047,99
9,no_leak,0,1879,939551,56
9,no_leak,0,1880,940048,29
9,no_leak,0,1881,940552,0
9,no_leak,0,1882,941047,60
9,no_leak,0,1883,941552,101
9,no_leak,0,1884,942047,95
9,no_leak,0,1885,942551,72
9,no_leak,0,1886,943048,52
9,no_leak,0,1887,943552,10
9,no_leak,0,1888,944047,7
9,no_leak,0,1889,944552,59
9,no_leak,0,1890,945047,61
9,no_leak,0,1891,945551,59
9,no_leak,0,1892,946048,103
9,no_leak,0,1893,946552,103
9,no_leak,0,1894,947048,95
9,no_leak,0,1895,947552,69
9,no_leak,0,1896,948047,43
9,no_leak,0,1897,948552,37
9,no_leak,0,1898,949048,60
9,no_leak,0,1899,949552,88
9,no_leak,0,1900,950048,101
9,no_leak,0,1901,950552,87
9,no_leak,0,1902,951047,47
9,no_leak,0,1903,951551,10
9,no_leak,0,1904,952048,0
9,no_leak,0,1905,952552,0
9,no_leak,0,1906,953047,51
9,no_leak,0,1907,953552,39
9,no_leak,0,1908,954047,41
9,no_leak,0,1909,954552,37
9,no_leak,0,1910,955047,6
9,no_leak,0,1911,955551,0
9,no_leak,0,1912,956048,0
9,no_leak,0,1913,956552,44
9,no_leak,0,1914,957047,71
9,no_leak,0,1915,957552,87
9,no_leak,0,1916,958047,94
9,no_leak,0,1917,958551,89
9,no_leak,0,1918,959048,117
9,no_leak,0,1919,959552,103
9,no_leak,0,1920,960047,92
9,no_leak,0,1921,960552,71
9,no_leak,0,1922,961047,72
9,no_leak,0,1923,961551,68
9,no_leak,0,1924,962048,117
9,no_leak,0,1925,962552,109
9,no_leak,0,1926,963047,99
9,no_leak,0,1927,963552,123
9,no_leak,0,1928,964048,114
9,no_leak,0,1929,964552,91
9,no_leak,0,1930,965047,57
9,no_leak,0,1931,965552,12
9,no_leak,0,1932,966047,12
9,no_leak,0,1933,966551,17
9,no_leak,0,1934,967048,28
9,no_leak,0,1935,967552,37
9,no_leak,0,1936,968047,13
9,no_leak,0,1937,968552,0
9,no_leak,0,1938,969048,9
9,no_leak,0,1939,969551,22
9,no_leak,0,1940,970048,53
9,no_leak,0,1941,970552,58
9,no_leak,0,1942,971047,29
9,no_leak,0,1943,971551,18
9,no_leak,0,1944,972048,45
9,no_leak,0,1945,972552,107
9,no_leak,0,1946,973047,96
9,no_leak,0,1947,973552,105
9,no_leak,0,1948,974047,124
9,no_leak,0,1949,974551,121
9,no_leak,0,1950,975048,92
9,no_leak,0,1951,975552,105
9,no_leak,0,1952,976047,136
9,no_leak,0,1953,976552,147
9,no_leak,0,1954,977047,158
9,no_leak,0,1955,977551,167
9,no_leak,0,1956,978048,165
9,no_leak,0,1957,978552,135
9,no_leak,0,1958,979047,135
9,no_leak,0,1959,979552,156
9,no_leak,0,1960,980047,187
9,no_leak,0,1961,980551,184
9,no_leak,0,1962,981048,172
9,no_leak,0,1963,981552,135
9,no_leak,0,1964,982047,122
9,no_leak,0,1965,982552,151
9,no_leak,0,1966,983047,135
9,no_leak,0,1967,983551,120
9,no_leak,0,1968,984048,57
9,no_leak,0,1969,984551,54
9,no_leak,0,1970,985048,101
9,no_leak,0,1971,985552,77
9,no_leak,0,1972,986047,73
9,no_leak,0,1973,986552,28
9,no_leak,0,1974,987048,0
9,no_leak,0,1975,987551,0
9,no_leak,0,1976,988048,19
9,no_leak,0,1977,988552,68
9,no_leak,0,1978,989047,79
9,no_leak,0,1979,989551,89
9,no_leak,0,1980,990048,71
9,no_leak,0,1981,990552,31
9,no_leak,0,1982,991048,0
9,no_leak,0,1983,991552,10
9,no_leak,0,1984,992047,68
9,no_leak,0,1985,992551,79
9,no_leak,0,1986,993048,84
9,no_leak,0,1987,993552,63
9,no_leak,0,1988,994047,62
9,no_leak,0,1989,994552,56
9,no_leak,0,1990,995047,40
9,no_leak,0,1991,995551,27
9,no_leak,0,1992,996048,0
9,no_leak,0,1993,996551,0
9,no_leak,0,1994,997048,0
9,no_leak,0,1995,997552,21
9,no_leak,0,1996,998047,39
9,no_leak,0,1997,998551,26
9,no_leak,0,1998,999048,39
9,no_leak,0,1999,999552,82
9,no_leak,1,0,48,109
9,no_leak,1,1,547,55
9,no_leak,1,2,1047,9
9,no_leak,1,3,1547,2
9,no_leak,1,4,2047,19
9,no_leak,1,5,2547,3
9,no_leak,1,6,3047,46
9,no_leak,1,7,3547,69
9,no_leak,1,8,4047,25
9,no_leak,1,9,4547,10
9,no_leak,1,10,5047,0
9,no_leak,1,11,5547,0
9,no_leak,1,12,6047,0
9,no_leak,1,13,6547,0
9,no_leak,1,14,7047,0
9,no_leak,1,15,7547,0
9,no_leak,1,16,8047,0
9,no_leak,1,17,8547,37
9,no_leak,1,18,9047,39
9,no_leak,1,19,9547,37
9,no_leak,1,20,10047,26
9,no_leak,1,21,10547,11
9,no_leak,1,22,11047,0
9,no_leak,1,23,11547,0
9,no_leak,1,24,12047,0
9,no_leak,1,25,12547,6
9,no_leak,1,26,13047,33
9,no_leak,1,27,13547,91
9,no_leak,1,28,14047,63
9,no_leak,1,29,14547,86
9,no_leak,1,30,15047,62
9,no_leak,1,31,15547,51
9,no_leak,1,32,16047,9
9,no_leak,1,33,16547,0
9,no_leak,1,34,17047,0
9,no_leak,1,35,17547,34
9,no_leak,1,36,18047,62
9,no_leak,1,37,18547,85
9,no_leak,1,38,19047,126
9,no_leak,1,39,19547,120
9,no_leak,1,40,20047,117
9,no_leak,1,41,20547,109
9,no_leak,1,42,21047,69
9,no_leak,1,43,21547,13
9,no_leak,1,44,22047,3
9,no_leak,1,45,22547,0
9,no_leak,1,46,23047,12
9,no_leak,1,47,23547,9
9,no_leak,1,48,24047,0
9,no_leak,1,49,24547,0
9,no_leak,1,50,25047,0
9,no_leak,1,51,25547,48
9,no_leak,1,52,26047,76
9,no_leak,1,53,26547,73
9,no_leak,1,54,27047,75
9,no_leak,1,55,27547,77
9,no_leak,1,56,28047,71
9,no_leak,1,57,28547,51
9,no_leak,1,58,29047,74
9,no_leak,1,59,29547,45
9,no_leak,1,60,30047,40
9,no_leak,1,61,30547,123
9,no_leak,1,62,31047,143
9,no_leak,1,63,31547,146
9,no_leak,1,64,32047,131
9,no_leak,1,65,32547,125
9,no_leak,1,66,33047,138
9,no_leak,1,67,33547,149
9,no_leak,1,68,34047,139
9,no_leak,1,69,34547,122
9,no_leak,1,70,35047,118
9,no_leak,1,71,35547,111
9,no_leak,1,72,36047,91
9,no_leak,1,73,36547,72
9,no_leak,1,74,37047,117
9,no_leak,1,75,37547,169
9,no_leak,1,76,38047,157
9,no_leak,1,77,38547,154
9,no_leak,1,78,39047,137
9,no_leak,1,79,39547,79
9,no_leak,1,80,40047,88
9,no_leak,1,81,40547,69
9,no_leak,1,82,41047,85
9,no_leak,1,83,41547,103
9,no_leak,1,84,42047,136
9,no_leak,1,85,42547,119
9,no_leak,1,86,43047,102
9,no_leak,1,87,43547,59
9,no_leak,1,88,44047,41
9,no_leak,1,89,44547,55
9,no_leak,1,90,45047,60
9,no_leak,1,91,45547,71
9,no_leak,1,92,46047,93
9,no_leak,1,93,46547,76
9,no_leak,1,94,47047,73
9,no_leak,1,95,47547,61
9,no_leak,1,96,48047,23
9,no_leak,1,97,48547,4
9,no_leak,1,98,49047,0
9,no_leak,1,99,49547,12
9,no_leak,1,100,50047,29
9,no_leak,1,101,50547,22
9,no_leak,1,102,51047,7
9,no_leak,1,103,51547,0
9,no_leak,1,104,52047,0
9,no_leak,1,105,52547,31
9,no_leak,1,106,53047,47
9,no_leak,1,107,53547,18
9,no_leak,1,108,54047,3
9,no_leak,1,109,54547,0
9,no_leak,1,110,55047,0
9,no_leak,1,111,55547,30
9,no_leak,1,112,56047,55
9,no_leak,1,113,56547,60
9,no_leak,1,114,57047,51
9,no_leak,1,115,57547,43
9,no_leak,1,116,58047,61
9,no_leak,1,117,58547,84
9,no_leak,1,118,59047,93
9,no_leak,1,119,59547,138
9,no_leak,1,120,60047,165
9,no_leak,1,121,60547,150
9,no_leak,1,122,61047,101
9,no_leak,1,123,61547,56
9,no_leak,1,124,62047,57
9,no_leak,1,125,62547,59
9,no_leak,1,126,63047,43
9,no_leak,1,127,63547,100
9,no_leak,1,128,64047,89
9,no_leak,1,129,64547,40
9,no_leak,1,130,65047,17
9,no_leak,1,131,65547,0
9,no_leak,1,132,66047,0
9,no_leak,1,133,66547,56
9,no_leak,1,134,67047,103
9,no_leak,1,135,67547,93
9,no_leak,1,136,68047,62
9,no_leak,1,137,68547,27
9,no_leak,1,138,69047,1
9,no_leak,1,139,69547,2
9,no_leak,1,140,70047,61
9,no_leak,1,141,70547,73
9,no_leak,1,142,71047,83
9,no_leak,1,143,71547,73
9,no_leak,1,144,72047,59
9,no_leak,1,145,72547,47
9,no_leak,1,146,73047,25
9,no_leak,1,147,73547,25
9,no_leak,1,148,74047,24
9,no_leak,1,149,74547,44
9,no_leak,1,150,75047,74
9,no_leak,1,151,75547,88
9,no_leak,1,152,76047,71
9,no_leak,1,153,76547,55
9,no_leak,1,154,77047,25
9,no_leak,1,155,77547,0
9,no_leak,1,156,78047,25
9,no_leak,1,157,78547,47
9,no_leak,1,158,79047,59
9,no_leak,1,159,79547,72
9,no_leak,1,160,80047,69
9,no_leak,1,161,80547,54
9,no_leak,1,162,81047,47
9,no_leak,1,163,81547,8
9,no_leak,1,164,82047,25
9,no_leak,1,165,82547,67
9,no_leak,1,166,83047,72
9,no_leak,1,167,83547,51
9,no_leak,1,168,84047,84
9,no_leak,1,169,84547,89
9,no_leak,1,170,85047,77
9,no_leak,1,171,85547,63
9,no_leak,1,172,86047,71
9,no_leak,1,173,86547,71
9,no_leak,1,174,87047,87
9,no_leak,1,175,87547,103
9,no_leak,1,176,88047,101
9,no_leak,1,177,88547,53
9,no_leak,1,178,89047,26
9,no_leak,1,179,89547,0
9,no_leak,1,180,90047,41
9,no_leak,1,181,90547,29
9,no_leak,1,182,91047,47
9,no_leak,1,183,91547,42
9,no_leak,1,184,92047,8
9,no_leak,1,185,92547,0
9,no_leak,1,186,93047,0
9,no_leak,1,187,93547,0
9,no_leak,1,188,94047,0
9,no_leak,1,189,94547,17
9,no_leak,1,190,95047,30
9,no_leak,1,191,95547,71
9,no_leak,1,192,96047,75
9,no_leak,1,193,96547,61
9,no_leak,1,194,97047,53
9,no_leak,1,195,97547,22
9,no_leak,1,196,98047,18
9,no_leak,1,197,98547,51
9,no_leak,1,198,99047,111
9,no_leak,1,199,99547,109
9,no_leak,1,200,100047,133
9,no_leak,1,201,100547,117
9,no_leak,1,202,101047,91
9,no_leak,1,203,101547,73
9,no_leak,1,204,102047,70
9,no_leak,1,205,102547,67
9,no_leak,1,206,103047,103
9,no_leak,1,207,103547,121
9,no_leak,1,208,104047,104
9,no_leak,1,209,104547,108
9,no_leak,1,210,105047,105
9,no_leak,1,211,105547,53
9,no_leak,1,212,106047,57
9,no_leak,1,213,106547,87
9,no_leak,1,214,107047,84
9,no_leak,1,215,107547,123
9,no_leak,1,216,108047,147
9,no_leak,1,217,108547,124
9,no_leak,1,218,109047,109
9,no_leak,1,219,109547,59
9,no_leak,1,220,110047,79
9,no_leak,1,221,110547,104
9,no_leak,1,222,111047,105
9,no_leak,1,223,111547,103
9,no_leak,1,224,112047,105
9,no_leak,1,225,112547,85
9,no_leak,1,226,113047,77
9,no_leak,1,227,113547,77
9,no_leak,1,228,114047,77
9,no_leak,1,229,114547,75
9,no_leak,1,230,115047,89
9,no_leak,1,231,115547,75
9,no_leak,1,232,116047,26
9,no_leak,1,233,116547,85
9,no_leak,1,234,117047,83
9,no_leak,1,235,117547,99
9,no_leak,1,236,118047,83
9,no_leak,1,237,118547,21
9,no_leak,1,238,119047,45
9,no_leak,1,239,119547,75
9,no_leak,1,240,120047,118
9,no_leak,1,241,120547,108
9,no_leak,1,242,121047,83
9,no_leak,1,243,121547,53
9,no_leak,1,244,122047,39
9,no_leak,1,245,122547,1
9,no_leak,1,246,123047,0
9,no_leak,1,247,123547,36
9,no_leak,1,248,124047,23
9,no_leak,1,249,124547,39
9,no_leak,1,250,125047,61
9,no_leak,1,251,125547,74
9,no_leak,1,252,126047,76
9,no_leak,1,253,126547,53
9,no_leak,1,254,127047,31
9,no_leak,1,255,127547,17
9,no_leak,1,256,128047,20
9,no_leak,1,257,128547,31
9,no_leak,1,258,129047,56
9,no_leak,1,259,129547,28
9,no_leak,1,260,130047,69
9,no_leak,1,261,130547,47
9,no_leak,1,262,131047,21
9,no_leak,1,263,131547,1
9,no_leak,1,264,132047,0
9,no_leak,1,265,132547,0
9,no_leak,1,266,133047,0
9,no_leak,1,267,133547,27
9,no_leak,1,268,134047,16
9,no_leak,1,269,134547,23
9,no_leak,1,270,135047,19
9,no_leak,1,271,135547,7
9,no_leak,1,272,136047,0
9,no_leak,1,273,136547,0
9,no_leak,1,274,137047,1
9,no_leak,1,275,137547,37
9,no_leak,1,276,138047,76
9,no_leak,1,277,138547,75
9,no_leak,1,278,139047,85
9,no_leak,1,279,139547,55
9,no_leak,1,280,140047,23
9,no_leak,1,281,140547,9
9,no_leak,1,282,141047,37
9,no_leak,1,283,141547,61
9,no_leak,1,284,142047,79
9,no_leak,1,285,142547,77
9,no_leak,1,286,143047,69
9,no_leak,1,287,143547,53
9,no_leak,1,288,144047,26
9,no_leak,1,289,144547,10
9,no_leak,1,290,145047,37
9,no_leak,1,291,145547,83
9,no_leak,1,292,146047,93
9,no_leak,1,293,146547,86
9,no_leak,1,294,147047,52
9,no_leak,1,295,147547,40
9,no_leak,1,296,148047,39
9,no_leak,1,297,148547,30
9,no_leak,1,298,149047,62
9,no_leak,1,299,149547,73
9,no_leak,1,300,150047,139
9,no_leak,1,301,150547,111
9,no_leak,1,302,151047,89
9,no_leak,1,303,151547,41
9,no_leak,1,304,152047,81
9,no_leak,1,305,152547,119
9,no_leak,1,306,153047,135
9,no_leak,1,307,153547,125
9,no_leak,1,308,154047,86
9,no_leak,1,309,154547,57
9,no_leak,1,310,155047,9
9,no_leak,1,311,155547,13
9,no_leak,1,312,156047,45
9,no_leak,1,313,156547,85
9,no_leak,1,314,157047,88
9,no_leak,1,315,157547,94
9,no_leak,1,316,158047,71
9,no_leak,1,317,158547,37
9,no_leak,1,318,159047,29
9,no_leak,1,319,159547,77
9,no_leak,1,320,160047,87
9,no_leak,1,321,160547,119
9,no_leak,1,322,161047,101
9,no_leak,1,323,161547,103
9,no_leak,1,324,162047,56
9,no_leak,1,325,162547,11
9,no_leak,1,326,163047,21
9,no_leak,1,327,163547,73
9,no_leak,1,328,164047,125
9,no_leak,1,329,164547,107
9,no_leak,1,330,165047,104
9,no_leak,1,331,165547,69
9,no_leak,1,332,166047,43
9,no_leak,1,333,166547,31
9,no_leak,1,334,167047,21
9,no_leak,1,335,167547,26
9,no_leak,1,336,168047,55
9,no_leak,1,337,168547,85
9,no_leak,1,338,169047,93
9,no_leak,1,339,169547,79
9,no_leak,1,340,170047,38
9,no_leak,1,341,170548,9
9,no_leak,1,342,171047,0
9,no_leak,1,343,171547,63
9,no_leak,1,344,172047,84
9,no_leak,1,345,172547,75
9,no_leak,1,346,173047,69
9,no_leak,1,347,173547,31
9,no_leak,1,348,174047,18
9,no_leak,1,349,174547,0
9,no_leak,1,350,175047,0
9,no_leak,1,351,175547,23
9,no_leak,1,352,176047,69
9,no_leak,1,353,176547,79
9,no_leak,1,354,177047,73
9,no_leak,1,355,177547,52
9,no_leak,1,356,178047,23
9,no_leak,1,357,178547,0
9,no_leak,1,358,179047,20
9,no_leak,1,359,179547,34
9,no_leak,1,360,180047,59
9,no_leak,1,361,180547,63
9,no_leak,1,362,181047,94
9,no_leak,1,363,181547,82
9,no_leak,1,364,182047,77
9,no_leak,1,365,182547,37
9,no_leak,1,366,183047,37
9,no_leak,1,367,183547,69
9,no_leak,1,368,184047,137
9,no_leak,1,369,184547,150
9,no_leak,1,370,185047,140
9,no_leak,1,371,185547,117
9,no_leak,1,372,186047,105
9,no_leak,1,373,186547,85
9,no_leak,1,374,187047,78
9,no_leak,1,375,187547,89
9,no_leak,1,376,188047,135
9,no_leak,1,377,188547,109
9,no_leak,1,378,189047,86
9,no_leak,1,379,189547,73
9,no_leak,1,380,190047,55
9,no_leak,1,381,190547,7
9,no_leak,1,382,191047,11
9,no_leak,1,383,191547,55
9,no_leak,1,384,192047,93
9,no_leak,1,385,192547,102
9,no_leak,1,386,193047,91
9,no_leak,1,387,193547,75
9,no_leak,1,388,194047,48
9,no_leak,1,389,194547,6
9,no_leak,1,390,195047,23
9,no_leak,1,391,195547,61
9,no_leak,1,392,196047,67
9,no_leak,1,393,196547,63
9,no_leak,1,394,197047,24
9,no_leak,1,395,197547,1
9,no_leak,1,396,198047,0
9,no_leak,1,397,198547,21
9,no_leak,1,398,199047,37
9,no_leak,1,399,199547,46
9,no_leak,1,400,200047,37
9,no_leak,1,401,200547,71
9,no_leak,1,402,201047,41
9,no_leak,1,403,201547,18
9,no_leak,1,404,202047,11
9,no_leak,1,405,202547,21
9,no_leak,1,406,203047,55
9,no_leak,1,407,203547,71
9,no_leak,1,408,204047,55
9,no_leak,1,409,204547,91
9,no_leak,1,410,205047,117
9,no_leak,1,411,205547,131
9,no_leak,1,412,206047,117
9,no_leak,1,413,206547,95
9,no_leak,1,414,207047,123
9,no_leak,1,415,207547,141
9,no_leak,1,416,208047,116
9,no_leak,1,417,208547,87
9,no_leak,1,418,209047,100
9,no_leak,1,419,209547,105
9,no_leak,1,420,210047,93
9,no_leak,1,421,210547,69
9,no_leak,1,422,211047,57
9,no_leak,1,423,211547,36
9,no_leak,1,424,212047,40
9,no_leak,1,425,212547,22
9,no_leak,1,426,213047,25
9,no_leak,1,427,213547,38
9,no_leak,1,428,214047,25
9,no_leak,1,429,214547,19
9,no_leak,1,430,215047,75
9,no_leak,1,431,215547,61
9,no_leak,1,432,216047,74
9,no_leak,1,433,216547,41
9,no_leak,1,434,217047,69
9,no_leak,1,435,217547,57
9,no_leak,1,436,218047,92
9,no_leak,1,437,218547,145
9,no_leak,1,438,219047,149
9,no_leak,1,439,219547,137
9,no_leak,1,440,220047,115
9,no_leak,1,441,220547,89
9,no_leak,1,442,221047,83
9,no_leak,1,443,221547,57
9,no_leak,1,444,222047,79
9,no_leak,1,445,222547,81
9,no_leak,1,446,223047,21
9,no_leak,1,447,223547,0
9,no_leak,1,448,224047,0
9,no_leak,1,449,224547,37
9,no_leak,1,450,225047,21
9,no_leak,1,451,225547,13
9,no_leak,1,452,226047,5
9,no_leak,1,453,226547,0
9,no_leak,1,454,227047,0
9,no_leak,1,455,227547,0
9,no_leak,1,456,228047,2
9,no_leak,1,457,228547,41
9,no_leak,1,458,229047,31
9,no_leak,1,459,229547,19
9,no_leak,1,460,230047,7
9,no_leak,1,461,230547,55
9,no_leak,1,462,231047,75
9,no_leak,1,463,231547,56
9,no_leak,1,464,232047,34
9,no_leak,1,465,232547,1
9,no_leak,1,466,233047,0
9,no_leak,1,467,233547,0
9,no_leak,1,468,234047,1
9,no_leak,1,469,234547,37
9,no_leak,1,470,235047,45
9,no_leak,1,471,235547,57
9,no_leak,1,472,236047,53
9,no_leak,1,473,236547,23
9,no_leak,1,474,237047,3
9,no_leak,1,475,237547,0
9,no_leak,1,476,238047,0
9,no_leak,1,477,238547,37
9,no_leak,1,478,239047,35
9,no_leak,1,479,239547,39
9,no_leak,1,480,240047,71
9,no_leak,1,481,240547,43
9,no_leak,1,482,241047,45
9,no_leak,1,483,241547,33
9,no_leak,1,484,242047,8
9,no_leak,1,485,242547,0
9,no_leak,1,486,243047,0
9,no_leak,1,487,243547,59
9,no_leak,1,488,244047,72
9,no_leak,1,489,244547,125
9,no_leak,1,490,245047,123
9,no_leak,1,491,245547,124
9,no_leak,1,492,246047,132
9,no_leak,1,493,246547,117
9,no_leak,1,494,247047,105
9,no_leak,1,495,247547,151
9,no_leak,1,496,248047,125
9,no_leak,1,497,248547,120
9,no_leak,1,498,249047,89
9,no_leak,1,499,249547,69
9,no_leak,1,500,250047,61
9,no_leak,1,501,250547,61
9,no_leak,1,502,251047,45
9,no_leak,1,503,251547,22
9,no_leak,1,504,252047,0
9,no_leak,1,505,252547,0
9,no_leak,1,506,253047,5
9,no_leak,1,507,253547,55
9,no_leak,1,508,254047,71
9,no_leak,1,509,254547,38
9,no_leak,1,510,255047,37
9,no_leak,1,511,255547,95
9,no_leak,1,512,256047,153
9,no_leak,1,513,256547,182
9,no_leak,1,514,257047,159
9,no_leak,1,515,257547,151
9,no_leak,1,516,258047,72
9,no_leak,1,517,258547,45
9,no_leak,1,518,259047,95
9,no_leak,1,519,259547,141
9,no_leak,1,520,260047,134
9,no_leak,1,521,260547,121
9,no_leak,1,522,261047,94
9,no_leak,1,523,261547,51
9,no_leak,1,524,262047,13
9,no_leak,1,525,262547,0
9,no_leak,1,526,263047,0
9,no_leak,1,527,263547,23
9,no_leak,1,528,264047,26
9,no_leak,1,529,264547,4
9,no_leak,1,530,265047,5
9,no_leak,1,531,265547,1
9,no_leak,1,532,266047,2
9,no_leak,1,533,266547,11
9,no_leak,1,534,267047,7
9,no_leak,1,535,267547,0
9,no_leak,1,536,268047,0
9,no_leak,1,537,268547,0
9,no_leak,1,538,269047,0
9,no_leak,1,539,269547,0
9,no_leak,1,540,270047,58
9,no_leak,1,541,270547,59
9,no_leak,1,542,271047,63
9,no_leak,1,543,271547,42
9,no_leak,1,544,272047,13
9,no_leak,1,545,272547,12
9,no_leak,1,546,273047,39
9,no_leak,1,547,273547,27
9,no_leak,1,548,274047,55
9,no_leak,1,549,274547,47
9,no_leak,1,550,275047,61
9,no_leak,1,551,275547,39
9,no_leak,1,552,276047,13
9,no_leak,1,553,276548,3
9,no_leak,1,554,277047,11
9,no_leak,1,555,277547,25
9,no_leak,1,556,278047,45
9,no_leak,1,557,278547,38
9,no_leak,1,558,279047,25
9,no_leak,1,559,279547,0
9,no_leak,1,560,280047,59
9,no_leak,1,561,280547,20
9,no_leak,1,562,281047,4
9,no_leak,1,563,281547,0
9,no_leak,1,564,282047,47
9,no_leak,1,565,282547,83
9,no_leak,1,566,283047,73
9,no_leak,1,567,283547,75
9,no_leak,1,568,284047,41
9,no_leak,1,569,284547,33
9,no_leak,1,570,285047,68
9,no_leak,1,571,285547,56
9,no_leak,1,572,286047,47
9,no_leak,1,573,286547,41
9,no_leak,1,574,287047,29
9,no_leak,1,575,287547,0
9,no_leak,1,576,288047,21
9,no_leak,1,577,288547,47
9,no_leak,1,578,289047,29
9,no_leak,1,579,289547,1
9,no_leak,1,580,290047,0
9,no_leak,1,581,290547,11
9,no_leak,1,582,291047,24
9,no_leak,1,583,291547,21
9,no_leak,1,584,292047,20
9,no_leak,1,585,292547,0
9,no_leak,1,586,293047,0
9,no_leak,1,587,293547,6
9,no_leak,1,588,294047,0
9,no_leak,1,589,294547,0
9,no_leak,1,590,295047,0
9,no_leak,1,591,295547,17
9,no_leak,1,592,296047,74
9,no_leak,1,593,296547,71
9,no_leak,1,594,297048,40
9,no_leak,1,595,297547,20
9,no_leak,1,596,298047,17
9,no_leak,1,597,298547,56
9,no_leak,1,598,299047,89
9,no_leak,1,599,299547,75
9,no_leak,1,600,300047,58
9,no_leak,1,601,300547,55
9,no_leak,1,602,301047,109
9,no_leak,1,603,301547,152
9,no_leak,1,604,302047,153
9,no_leak,1,605,302547,148
9,no_leak,1,606,303047,88
9,no_leak,1,607,303547,106
9,no_leak,1,608,304047,86
9,no_leak,1,609,304547,73
9,no_leak,1,610,305047,155
9,no_leak,1,611,305547,115
9,no_leak,1,612,306047,103
9,no_leak,1,613,306547,92
9,no_leak,1,614,307047,68
9,no_leak,1,615,307547,56
9,no_leak,1,616,308047,71
9,no_leak,1,617,308547,47
9,no_leak,1,618,309047,84
9,no_leak,1,619,309547,79
9,no_leak,1,620,310047,90
9,no_leak,1,621,310547,61
9,no_leak,1,622,311047,29
9,no_leak,1,623,311547,0
9,no_leak,1,624,312047,22
9,no_leak,1,625,312547,76
9,no_leak,1,626,313047,93
9,no_leak,1,627,313547,91
9,no_leak,1,628,314047,103
9,no_leak,1,629,314547,83
9,no_leak,1,630,315047,71
9,no_leak,1,631,315547,19
9,no_leak,1,632,316047,43
9,no_leak,1,633,316547,90
9,no_leak,1,634,317047,71
9,no_leak,1,635,317547,117
9,no_leak,1,636,318047,111
9,no_leak,1,637,318547,85
9,no_leak,1,638,319047,56
9,no_leak,1,639,319547,8
9,no_leak,1,640,320047,9
9,no_leak,1,641,320547,46
9,no_leak,1,642,321047,72
9,no_leak,1,643,321547,101
9,no_leak,1,644,322048,107
9,no_leak,1,645,322547,83
9,no_leak,1,646,323047,75
9,no_leak,1,647,323547,67
9,no_leak,1,648,324047,21
9,no_leak,1,649,324547,54
9,no_leak,1,650,325047,39
9,no_leak,1,651,325547,63
9,no_leak,1,652,326047,121
9,no_leak,1,653,326547,117
9,no_leak,1,654,327048,115
9,no_leak,1,655,327547,92
9,no_leak,1,656,328047,47
9,no_leak,1,657,328547,43
9,no_leak,1,658,329047,71
9,no_leak,1,659,329547,103
9,no_leak,1,660,330047,125
9,no_leak,1,661,330548,149
9,no_leak,1,662,331047,138
9,no_leak,1,663,331547,103
9,no_leak,1,664,332047,59
9,no_leak,1,665,332547,61
9,no_leak,1,666,333047,75
9,no_leak,1,667,333547,114
9,no_leak,1,668,334047,93
9,no_leak,1,669,334547,63
9,no_leak,1,670,335047,42
9,no_leak,1,671,335547,17
9,no_leak,1,672,336047,0
9,no_leak,1,673,336547,0
9,no_leak,1,674,337047,0
9,no_leak,1,675,337547,25
9,no_leak,1,676,338047,31
9,no_leak,1,677,338547,11
9,no_leak,1,678,339047,0
9,no_leak,1,679,339547,0
9,no_leak,1,680,340047,0
9,no_leak,1,681,340547,21
9,no_leak,1,682,341047,52
9,no_leak,1,683,341547,93
9,no_leak,1,684,342047,89
9,no_leak,1,685,342547,105
9,no_leak,1,686,343047,91
9,no_leak,1,687,343547,43
9,no_leak,1,688,344047,107
9,no_leak,1,689,344547,120
9,no_leak,1,690,345047,137
9,no_leak,1,691,345547,148
9,no_leak,1,692,346047,127
9,no_leak,1,693,346547,104
9,no_leak,1,694,347047,103
9,no_leak,1,695,347547,103
9,no_leak,1,696,348047,101
9,no_leak,1,697,348547,140
9,no_leak,1,698,349047,80
9,no_leak,1,699,349547,52
9,no_leak,1,700,350047,57
9,no_leak,1,701,350547,73
9,no_leak,1,702,351047,41
9,no_leak,1,703,351547,31
9,no_leak,1,704,352047,25
9,no_leak,1,705,352547,75
9,no_leak,1,706,353047,74
9,no_leak,1,707,353547,69
9,no_leak,1,708,354047,57
9,no_leak,1,709,354547,18
9,no_leak,1,710,355047,45
9,no_leak,1,711,355547,57
9,no_leak,1,712,356047,89
9,no_leak,1,713,356547,91
9,no_leak,1,714,357047,71
9,no_leak,1,715,357547,30
9,no_leak,1,716,358047,0
9,no_leak,1,717,358547,47
9,no_leak,1,718,359047,99
9,no_leak,1,719,359547,111
9,no_leak,1,720,360047,95
9,no_leak,1,721,360547,59
9,no_leak,1,722,361047,29
9,no_leak,1,723,361547,30
9,no_leak,1,724,362047,87
9,no_leak,1,725,362547,111
9,no_leak,1,726,363047,117
9,no_leak,1,727,363547,121
9,no_leak,1,728,364047,93
9,no_leak,1,729,364547,22
9,no_leak,1,730,365047,25
9,no_leak,1,731,365547,40
9,no_leak,1,732,366047,59
9,no_leak,1,733,366547,57
9,no_leak,1,734,367047,76
9,no_leak,1,735,367547,82
9,no_leak,1,736,368047,39
9,no_leak,1,737,368547,24
9,no_leak,1,738,369047,0
9,no_leak,1,739,369547,0
9,no_leak,1,740,370047,0
9,no_leak,1,741,370547,37
9,no_leak,1,742,371047,11
9,no_leak,1,743,371547,11
9,no_leak,1,744,372047,0
9,no_leak,1,745,372547,2
9,no_leak,1,746,373047,0
9,no_leak,1,747,373547,0
9,no_leak,1,748,374047,7
9,no_leak,1,749,374547,0
9,no_leak,1,750,375047,39
9,no_leak,1,751,375547,33
9,no_leak,1,752,376047,23
9,no_leak,1,753,376547,6
9,no_leak,1,754,377047,0
9,no_leak,1,755,377547,39
9,no_leak,1,756,378047,56
9,no_leak,1,757,378547,93
9,no_leak,1,758,379047,93
9,no_leak,1,759,379547,56
9,no_leak,1,760,380047,18
9,no_leak,1,761,380547,43
9,no_leak,1,762,381047,89
9,no_leak,1,763,381547,101
9,no_leak,1,764,382047,134
9,no_leak,1,765,382547,95
9,no_leak,1,766,383047,47
9,no_leak,1,767,383547,31
9,no_leak,1,768,384047,35
9,no_leak,1,769,384547,110
9,no_leak,1,770,385047,155
9,no_leak,1,771,385547,167
9,no_leak,1,772,386047,155
9,no_leak,1,773,386547,115
9,no_leak,1,774,387047,123
9,no_leak,1,775,387547,61
9,no_leak,1,776,388047,45
9,no_leak,1,777,388547,60
9,no_leak,1,778,389047,67
9,no_leak,1,779,389547,81
9,no_leak,1,780,390047,125
9,no_leak,1,781,390547,117
9,no_leak,1,782,391047,123
9,no_leak,1,783,391547,110
9,no_leak,1,784,392047,120
9,no_leak,1,785,392547,123
9,no_leak,1,786,393047,111
9,no_leak,1,787,393547,125
9,no_leak,1,788,394047,137
9,no_leak,1,789,394547,127
9,no_leak,1,790,395047,79
9,no_leak,1,791,395547,40
9,no_leak,1,792,396047,1
9,no_leak,1,793,396547,0
9,no_leak,1,794,397047,0
9,no_leak,1,795,397547,45
9,no_leak,1,796,398047,37
9,no_leak,1,797,398547,21
9,no_leak,1,798,399047,40
9,no_leak,1,799,399547,23
9,no_leak,1,800,400047,0
9,no_leak,1,801,400547,0
9,no_leak,1,802,401047,0
9,no_leak,1,803,401547,0
9,no_leak,1,804,402047,0
9,no_leak,1,805,402547,0
9,no_leak,1,806,403047,20
9,no_leak,1,807,403547,5
9,no_leak,1,808,404047,2
9,no_leak,1,809,404547,0
9,no_leak,1,810,405047,0
9,no_leak,1,811,405547,0
9,no_leak,1,812,406047,0
9,no_leak,1,813,406547,0
9,no_leak,1,814,407047,0
9,no_leak,1,815,407547,0
9,no_leak,1,816,408047,0
9,no_leak,1,817,408547,0
9,no_leak,1,818,409047,0
9,no_leak,1,819,409547,45
9,no_leak,1,820,410047,69
9,no_leak,1,821,410547,89
9,no_leak,1,822,411047,87
9,no_leak,1,823,411547,67
9,no_leak,1,824,412047,61
9,no_leak,1,825,412547,73
9,no_leak,1,826,413047,93
9,no_leak,1,827,413547,120
9,no_leak,1,828,414047,117
9,no_leak,1,829,414547,88
9,no_leak,1,830,415047,71
9,no_leak,1,831,415547,83
9,no_leak,1,832,416047,81
9,no_leak,1,833,416547,51
9,no_leak,1,834,417047,46
9,no_leak,1,835,417547,44
9,no_leak,1,836,418047,43
9,no_leak,1,837,418547,47
9,no_leak,1,838,419047,22
9,no_leak,1,839,419547,25
9,no_leak,1,840,420047,26
9,no_leak,1,841,420547,83
9,no_leak,1,842,421047,110
9,no_leak,1,843,421547,139
9,no_leak,1,844,422047,179
9,no_leak,1,845,422547,186
9,no_leak,1,846,423047,187
9,no_leak,1,847,423547,198
9,no_leak,1,848,424047,181
9,no_leak,1,849,424547,122
9,no_leak,1,850,425047,112
9,no_leak,1,851,425547,107
9,no_leak,1,852,426047,105
9,no_leak,1,853,426547,119
9,no_leak,1,854,427047,141
9,no_leak,1,855,427547,143
9,no_leak,1,856,428047,121
9,no_leak,1,857,428547,110
9,no_leak,1,858,429047,99
9,no_leak,1,859,429547,41
9,no_leak,1,860,430047,45
9,no_leak,1,861,430547,85
9,no_leak,1,862,431047,115
9,no_leak,1,863,431547,109
9,no_leak,1,864,432047,135
9,no_leak,1,865,432547,107
9,no_leak,1,866,433047,75
9,no_leak,1,867,433547,31
9,no_leak,1,868,434047,11
9,no_leak,1,869,434547,46
9,no_leak,1,870,435047,69
9,no_leak,1,871,435547,69
9,no_leak,1,872,436047,63
9,no_leak,1,873,436547,53
9,no_leak,1,874,437047,7
9,no_leak,1,875,437547,1
9,no_leak,1,876,438047,99
9,no_leak,1,877,438547,119
9,no_leak,1,878,439047,123
9,no_leak,1,879,439547,113
9,no_leak,1,880,440047,79
9,no_leak,1,881,440547,18
9,no_leak,1,882,441047,46
9,no_leak,1,883,441547,71
9,no_leak,1,884,442047,88
9,no_leak,1,885,442547,82
9,no_leak,1,886,443047,93
9,no_leak,1,887,443547,121
9,no_leak,1,888,444047,109
9,no_leak,1,889,444547,89
9,no_leak,1,890,445047,47
9,no_leak,1,891,445547,69
9,no_leak,1,892,446047,85
9,no_leak,1,893,446547,95
9,no_leak,1,894,447047,120
9,no_leak,1,895,447547,141
9,no_leak,1,896,448047,154
9,no_leak,1,897,448547,113
9,no_leak,1,898,449047,85
9,no_leak,1,899,449547,26
9,no_leak,1,900,450047,16
9,no_leak,1,901,450547,26
9,no_leak,1,902,451047,36
9,no_leak,1,903,451547,73
9,no_leak,1,904,452047,63
9,no_leak,1,905,452547,43
9,no_leak,1,906,453047,10
9,no_leak,1,907,453547,11
9,no_leak,1,908,454047,0
9,no_leak,1,909,454547,57
9,no_leak,1,910,455047,56
9,no_leak,1,911,455547,71
9,no_leak,1,912,456047,79
9,no_leak,1,913,456547,53
9,no_leak,1,914,457047,29
9,no_leak,1,915,457547,16
9,no_leak,1,916,458047,0
9,no_leak,1,917,458547,0
9,no_leak,1,918,459047,0
9,no_leak,1,919,459547,2
9,no_leak,1,920,460047,27
9,no_leak,1,921,460547,30
9,no_leak,1,922,461047,9
9,no_leak,1,923,461547,0
9,no_leak,1,924,462047,11
9,no_leak,1,925,462547,60
9,no_leak,1,926,463047,89
9,no_leak,1,927,463547,83
9,no_leak,1,928,464047,69
9,no_leak,1,929,464547,12
9,no_leak,1,930,465047,53
9,no_leak,1,931,465547,77
9,no_leak,1,932,466047,85
9,no_leak,1,933,466547,79
9,no_leak,1,934,467047,54
9,no_leak,1,935,467547,19
9,no_leak,1,936,468047,0
9,no_leak,1,937,468547,28
9,no_leak,1,938,469047,63
9,no_leak,1,939,469547,104
9,no_leak,1,940,470047,124
9,no_leak,1,941,470547,109
9,no_leak,1,942,471047,87
9,no_leak,1,943,471547,75
9,no_leak,1,944,472047,72
9,no_leak,1,945,472547,59
9,no_leak,1,946,473047,89
9,no_leak,1,947,473547,126
9,no_leak,1,948,474047,138
9,no_leak,1,949,474547,117
9,no_leak,1,950,475047,99
9,no_leak,1,951,475547,69
9,no_leak,1,952,476047,83
9,no_leak,1,953,476547,91
9,no_leak,1,954,477047,106
9,no_leak,1,955,477547,121
9,no_leak,1,956,478047,77
9,no_leak,1,957,478547,88
9,no_leak,1,958,479047,103
9,no_leak,1,959,479547,119
9,no_leak,1,960,480047,103
9,no_leak,1,961,480547,75
9,no_leak,1,962,481047,89
9,no_leak,1,963,481547,103
9,no_leak,1,964,482047,135
9,no_leak,1,965,482547,135
9,no_leak,1,966,483047,99
9,no_leak,1,967,483547,53
9,no_leak,1,968,484047,69
9,no_leak,1,969,484547,89
9,no_leak,1,970,485047,107
9,no_leak,1,971,485547,122
9,no_leak,1,972,486047,110
9,no_leak,1,973,486547,83
9,no_leak,1,974,487047,42
9,no_leak,1,975,487547,43
9,no_leak,1,976,488047,35
9,no_leak,1,977,488547,67
9,no_leak,1,978,489047,92
9,no_leak,1,979,489547,91
9,no_leak,1,980,490047,77
9,no_leak,1,981,490547,29
9,no_leak,1,982,491047,75
9,no_leak,1,983,491547,85
9,no_leak,1,984,492047,54
9,no_leak,1,985,492547,30
9,no_leak,1,986,493047,0
9,no_leak,1,987,493547,31
9,no_leak,1,988,494047,58
9,no_leak,1,989,494547,27
9,no_leak,1,990,495047,3
9,no_leak,1,991,495547,0
9,no_leak,1,992,496047,0
9,no_leak,1,993,496547,0
9,no_leak,1,994,497047,0
9,no_leak,1,995,497547,14
9,no_leak,1,996,498047,0
9,no_leak,1,997,498547,0
9,no_leak,1,998,499047,10
9,no_leak,1,999,499547,19
9,no_leak,1,1000,500047,0
9,no_leak,1,1001,500547,0
9,no_leak,1,1002,501047,0
9,no_leak,1,1003,501547,0
9,no_leak,1,1004,502047,0
9,no_leak,1,1005,502547,0
9,no_leak,1,1006,503047,0
9,no_leak,1,1007,503547,0
9,no_leak,1,1008,504047,0
9,no_leak,1,1009,504547,0
9,no_leak,1,1010,505047,0
9,no_leak,1,1011,505547,18
9,no_leak,1,1012,506047,48
9,no_leak,1,1013,506547,71
9,no_leak,1,1014,507047,56
9,no_leak,1,1015,507547,41
9,no_leak,1,1016,508047,45
9,no_leak,1,1017,508547,101
9,no_leak,1,1018,509047,77
9,no_leak,1,1019,509547,98
9,no_leak,1,1020,510047,120
9,no_leak,1,1021,510547,85
9,no_leak,1,1022,511047,45
9,no_leak,1,1023,511547,26
9,no_leak,1,1024,512047,48
9,no_leak,1,1025,512547,93
9,no_leak,1,1026,513047,109
9,no_leak,1,1027,513547,92
9,no_leak,1,1028,514047,67
9,no_leak,1,1029,514547,18
9,no_leak,1,1030,515047,31
9,no_leak,1,1031,515547,83
9,no_leak,1,1032,516047,89
9,no_leak,1,1033,516547,70
9,no_leak,1,1034,517047,61
9,no_leak,1,1035,517547,11
9,no_leak,1,1036,518047,0
9,no_leak,1,1037,518547,27
9,no_leak,1,1038,519047,45
9,no_leak,1,1039,519547,70
9,no_leak,1,1040,520047,87
9,no_leak,1,1041,520547,85
9,no_leak,1,1042,521047,57
9,no_leak,1,1043,521547,27
9,no_leak,1,1044,522047,36
9,no_leak,1,1045,522547,37
9,no_leak,1,1046,523047,71
9,no_leak,1,1047,523547,81
9,no_leak,1,1048,524047,91
9,no_leak,1,1049,524547,37
9,no_leak,1,1050,525047,4
9,no_leak,1,1051,525547,0
9,no_leak,1,1052,526047,0
9,no_leak,1,1053,526547,51
9,no_leak,1,1054,527047,45
9,no_leak,1,1055,527547,43
9,no_leak,1,1056,528047,40
9,no_leak,1,1057,528547,21
9,no_leak,1,1058,529047,7
9,no_leak,1,1059,529547,0
9,no_leak,1,1060,530047,37
9,no_leak,1,1061,530547,20
9,no_leak,1,1062,531047,13
9,no_leak,1,1063,531547,1
9,no_leak,1,1064,532047,0
9,no_leak,1,1065,532547,31
9,no_leak,1,1066,533047,2
9,no_leak,1,1067,533547,0
9,no_leak,1,1068,534047,0
9,no_leak,1,1069,534547,0
9,no_leak,1,1070,535047,59
9,no_leak,1,1071,535547,87
9,no_leak,1,1072,536047,100
9,no_leak,1,1073,536547,71
9,no_leak,1,1074,537047,47
9,no_leak,1,1075,537547,115
9,no_leak,1,1076,538047,133
9,no_leak,1,1077,538547,149
9,no_leak,1,1078,539047,156
9,no_leak,1,1079,539547,156
9,no_leak,1,1080,540047,139
9,no_leak,1,1081,540547,111
9,no_leak,1,1082,541048,147
9,no_leak,1,1083,541547,167
9,no_leak,1,1084,542047,185
9,no_leak,1,1085,542547,201
9,no_leak,1,1086,543047,187
9,no_leak,1,1087,543547,179
9,no_leak,1,1088,544047,147
9,no_leak,1,1089,544547,149
9,no_leak,1,1090,545047,146
9,no_leak,1,1091,545547,105
9,no_leak,1,1092,546047,135
9,no_leak,1,1093,546547,151
9,no_leak,1,1094,547047,153
9,no_leak,1,1095,547547,134
9,no_leak,1,1096,548047,105
9,no_leak,1,1097,548547,59
9,no_leak,1,1098,549047,75
9,no_leak,1,1099,549547,75
9,no_leak,1,1100,550047,53
9,no_leak,1,1101,550547,63
9,no_leak,1,1102,551047,85
9,no_leak,1,1103,551547,99
9,no_leak,1,1104,552047,105
9,no_leak,1,1105,552547,103
9,no_leak,1,1106,553048,91
9,no_leak,1,1107,553547,87
9,no_leak,1,1108,554047,75
9,no_leak,1,1109,554547,77
9,no_leak,1,1110,555047,67
9,no_leak,1,1111,555547,88
9,no_leak,1,1112,556047,76
9,no_leak,1,1113,556547,104
9,no_leak,1,1114,557047,103
9,no_leak,1,1115,557547,117
9,no_leak,1,1116,558047,121
9,no_leak,1,1117,558547,73
9,no_leak,1,1118,559047,31
9,no_leak,1,1119,559547,37
9,no_leak,1,1120,560047,55
9,no_leak,1,1121,560547,57
9,no_leak,1,1122,561047,63
9,no_leak,1,1123,561547,18
9,no_leak,1,1124,562047,0
9,no_leak,1,1125,562547,16
9,no_leak,1,1126,563047,1
9,no_leak,1,1127,563547,0
9,no_leak,1,1128,564047,0
9,no_leak,1,1129,564547,0
9,no_leak,1,1130,565047,0
9,no_leak,1,1131,565547,0
9,no_leak,1,1132,566047,0
9,no_leak,1,1133,566547,0
9,no_leak,1,1134,567047,0
9,no_leak,1,1135,567547,0
9,no_leak,1,1136,568047,0
9,no_leak,1,1137,568547,0
9,no_leak,1,1138,569047,0
9,no_leak,1,1139,569547,25
9,no_leak,1,1140,570047,33
9,no_leak,1,1141,570547,35
9,no_leak,1,1142,571047,12
9,no_leak,1,1143,571547,0
9,no_leak,1,1144,572047,0
9,no_leak,1,1145,572547,36
9,no_leak,1,1146,573047,73
9,no_leak,1,1147,573547,123
9,no_leak,1,1148,574047,165
9,no_leak,1,1149,574547,159
9,no_leak,1,1150,575047,173
9,no_leak,1,1151,575547,173
9,no_leak,1,1152,576047,173
9,no_leak,1,1153,576547,191
9,no_leak,1,1154,577047,179
9,no_leak,1,1155,577547,166
9,no_leak,1,1156,578047,142
9,no_leak,1,1157,578547,93
9,no_leak,1,1158,579047,75
9,no_leak,1,1159,579547,95
9,no_leak,1,1160,580047,115
9,no_leak,1,1161,580547,105
9,no_leak,1,1162,581047,59
9,no_leak,1,1163,581547,103
9,no_leak,1,1164,582047,79
9,no_leak,1,1165,582547,83
9,no_leak,1,1166,583047,85
9,no_leak,1,1167,583547,85
9,no_leak,1,1168,584047,62
9,no_leak,1,1169,584547,43
9,no_leak,1,1170,585047,51
9,no_leak,1,1171,585547,67
9,no_leak,1,1172,586047,61
9,no_leak,1,1173,586547,89
9,no_leak,1,1174,587047,84
9,no_leak,1,1175,587547,89
9,no_leak,1,1176,588047,89
9,no_leak,1,1177,588547,75
9,no_leak,1,1178,589047,39
9,no_leak,1,1179,589547,45
9,no_leak,1,1180,590047,71
9,no_leak,1,1181,590547,61
9,no_leak,1,1182,591047,56
9,no_leak,1,1183,591547,53
9,no_leak,1,1184,592047,41
9,no_leak,1,1185,592547,4
9,no_leak,1,1186,593047,59
9,no_leak,1,1187,593547,69
9,no_leak,1,1188,594047,56
9,no_leak,1,1189,594547,37
9,no_leak,1,1190,595047,37
9,no_leak,1,1191,595547,19
9,no_leak,1,1192,596047,46
9,no_leak,1,1193,596547,63
9,no_leak,1,1194,597047,62
9,no_leak,1,1195,597547,63
9,no_leak,1,1196,598047,55
9,no_leak,1,1197,598547,44
9,no_leak,1,1198,599047,77
9,no_leak,1,1199,599547,106
9,no_leak,1,1200,600047,125
9,no_leak,1,1201,600547,104
9,no_leak,1,1202,601047,63
9,no_leak,1,1203,601547,53
9,no_leak,1,1204,602047,31
9,no_leak,1,1205,602547,41
9,no_leak,1,1206,603047,85
9,no_leak,1,1207,603548,94
9,no_leak,1,1208,604047,107
9,no_leak,1,1209,604547,102
9,no_leak,1,1210,605047,87
9,no_leak,1,1211,605547,25
9,no_leak,1,1212,606047,39
9,no_leak,1,1213,606547,42
9,no_leak,1,1214,607047,37
9,no_leak,1,1215,607547,5
9,no_leak,1,1216,608047,13
9,no_leak,1,1217,608547,10
9,no_leak,1,1218,609047,0
9,no_leak,1,1219,609547,0
9,no_leak,1,1220,610047,0
9,no_leak,1,1221,610547,0
9,no_leak,1,1222,611047,43
9,no_leak,1,1223,611547,41
9,no_leak,1,1224,612047,11
9,no_leak,1,1225,612547,0
9,no_leak,1,1226,613047,0
9,no_leak,1,1227,613547,0
9,no_leak,1,1228,614047,0
9,no_leak,1,1229,614547,53
9,no_leak,1,1230,615047,73
9,no_leak,1,1231,615547,73
9,no_leak,1,1232,616047,55
9,no_leak,1,1233,616547,37
9,no_leak,1,1234,617047,40
9,no_leak,1,1235,617547,39
9,no_leak,1,1236,618047,76
9,no_leak,1,1237,618547,77
9,no_leak,1,1238,619047,78
9,no_leak,1,1239,619547,87
9,no_leak,1,1240,620047,90
9,no_leak,1,1241,620547,57
9,no_leak,1,1242,621047,44
9,no_leak,1,1243,621547,17
9,no_leak,1,1244,622047,0
9,no_leak,1,1245,622547,0
9,no_leak,1,1246,623047,0
9,no_leak,1,1247,623547,0
9,no_leak,1,1248,624047,7
9,no_leak,1,1249,624547,8
9,no_leak,1,1250,625047,10
9,no_leak,1,1251,625547,9
9,no_leak,1,1252,626047,0
9,no_leak,1,1253,626547,0
9,no_leak,1,1254,627047,0
9,no_leak,1,1255,627547,16
9,no_leak,1,1256,628047,0
9,no_leak,1,1257,628547,76
9,no_leak,1,1258,629047,45
9,no_leak,1,1259,629547,30
9,no_leak,1,1260,630047,11
9,no_leak,1,1261,630547,0
9,no_leak,1,1262,631047,0
9,no_leak,1,1263,631547,51
9,no_leak,1,1264,632047,72
9,no_leak,1,1265,632547,81
9,no_leak,1,1266,633047,113
9,no_leak,1,1267,633547,132
9,no_leak,1,1268,634047,61
9,no_leak,1,1269,634547,87
9,no_leak,1,1270,635047,159
9,no_leak,1,1271,635547,191
9,no_leak,1,1272,636047,165
9,no_leak,1,1273,636547,120
9,no_leak,1,1274,637047,85
9,no_leak,1,1275,637547,106
9,no_leak,1,1276,638047,150
9,no_leak,1,1277,638547,155
9,no_leak,1,1278,639047,137
9,no_leak,1,1279,639547,110
9,no_leak,1,1280,640047,90
9,no_leak,1,1281,640547,79
9,no_leak,1,1282,641047,47
9,no_leak,1,1283,641547,0
9,no_leak,1,1284,642047,0
9,no_leak,1,1285,642547,0
9,no_leak,1,1286,643047,28
9,no_leak,1,1287,643547,31
9,no_leak,1,1288,644047,43
9,no_leak,1,1289,644547,71
9,no_leak,1,1290,645047,123
9,no_leak,1,1291,645547,153
9,no_leak,1,1292,646047,171
9,no_leak,1,1293,646547,173
9,no_leak,1,1294,647047,186
9,no_leak,1,1295,647547,158
9,no_leak,1,1296,648047,148
9,no_leak,1,1297,648547,189
9,no_leak,1,1298,649047,220
9,no_leak,1,1299,649547,221
9,no_leak,1,1300,650047,229
9,no_leak,1,1301,650547,198
9,no_leak,1,1302,651047,153
9,no_leak,1,1303,651547,108
9,no_leak,1,1304,652047,52
9,no_leak,1,1305,652547,27
9,no_leak,1,1306,653047,31
9,no_leak,1,1307,653547,56
9,no_leak,1,1308,654047,30
9,no_leak,1,1309,654547,18
9,no_leak,1,1310,655047,0
9,no_leak,1,1311,655547,0
9,no_leak,1,1312,656047,0
9,no_leak,1,1313,656547,0
9,no_leak,1,1314,657047,0
9,no_leak,1,1315,657547,0
9,no_leak,1,1316,658047,0
9,no_leak,1,1317,658547,0
9,no_leak,1,1318,659047,0
9,no_leak,1,1319,659547,0
9,no_leak,1,1320,660047,0
9,no_leak,1,1321,660547,0
9,no_leak,1,1322,661047,0
9,no_leak,1,1323,661547,0
9,no_leak,1,1324,662047,0
9,no_leak,1,1325,662547,19
9,no_leak,1,1326,663047,11
9,no_leak,1,1327,663547,40
9,no_leak,1,1328,664047,51
9,no_leak,1,1329,664547,35
9,no_leak,1,1330,665047,31
9,no_leak,1,1331,665547,13
9,no_leak,1,1332,666047,60
9,no_leak,1,1333,666547,63
9,no_leak,1,1334,667047,103
9,no_leak,1,1335,667547,87
9,no_leak,1,1336,668047,76
9,no_leak,1,1337,668547,75
9,no_leak,1,1338,669047,14
9,no_leak,1,1339,669547,0
9,no_leak,1,1340,670047,55
9,no_leak,1,1341,670547,83
9,no_leak,1,1342,671047,90
9,no_leak,1,1343,671547,93
9,no_leak,1,1344,672047,64
9,no_leak,1,1345,672547,31
9,no_leak,1,1346,673047,0
9,no_leak,1,1347,673548,41
9,no_leak,1,1348,674047,108
9,no_leak,1,1349,674547,138
9,no_leak,1,1350,675047,127
9,no_leak,1,1351,675547,111
9,no_leak,1,1352,676047,91
9,no_leak,1,1353,676547,61
9,no_leak,1,1354,677047,22
9,no_leak,1,1355,677547,5
9,no_leak,1,1356,678047,53
9,no_leak,1,1357,678547,77
9,no_leak,1,1358,679047,90
9,no_leak,1,1359,679547,88
9,no_leak,1,1360,680047,70
9,no_leak,1,1361,680547,47
9,no_leak,1,1362,681047,38
9,no_leak,1,1363,681547,20
9,no_leak,1,1364,682047,47
9,no_leak,1,1365,682547,30
9,no_leak,1,1366,683047,42
9,no_leak,1,1367,683547,71
9,no_leak,1,1368,684047,86
9,no_leak,1,1369,684547,71
9,no_leak,1,1370,685047,51
9,no_leak,1,1371,685547,24
9,no_leak,1,1372,686047,19
9,no_leak,1,1373,686547,31
9,no_leak,1,1374,687047,73
9,no_leak,1,1375,687547,91
9,no_leak,1,1376,688047,98
9,no_leak,1,1377,688547,91
9,no_leak,1,1378,689047,73
9,no_leak,1,1379,689547,55
9,no_leak,1,1380,690047,67
9,no_leak,1,1381,690547,90
9,no_leak,1,1382,691047,77
9,no_leak,1,1383,691547,85
9,no_leak,1,1384,692047,35
9,no_leak,1,1385,692547,27
9,no_leak,1,1386,693047,5
9,no_leak,1,1387,693547,0
9,no_leak,1,1388,694047,10
9,no_leak,1,1389,694547,42
9,no_leak,1,1390,695047,61
9,no_leak,1,1391,695547,51
9,no_leak,1,1392,696047,19
9,no_leak,1,1393,696547,0
9,no_leak,1,1394,697047,0
9,no_leak,1,1395,697547,0
9,no_leak,1,1396,698047,31
9,no_leak,1,1397,698547,27
9,no_leak,1,1398,699047,7
9,no_leak,1,1399,699547,0
9,no_leak,1,1400,700047,19
9,no_leak,1,1401,700547,69
9,no_leak,1,1402,701047,89
9,no_leak,1,1403,701547,85
9,no_leak,1,1404,702047,61
9,no_leak,1,1405,702547,73
9,no_leak,1,1406,703047,71
9,no_leak,1,1407,703547,61
9,no_leak,1,1408,704047,95
9,no_leak,1,1409,704547,90
9,no_leak,1,1410,705047,89
9,no_leak,1,1411,705547,93
9,no_leak,1,1412,706047,87
9,no_leak,1,1413,706548,33
9,no_leak,1,1414,707047,61
9,no_leak,1,1415,707547,83
9,no_leak,1,1416,708047,93
9,no_leak,1,1417,708547,119
9,no_leak,1,1418,709047,104
9,no_leak,1,1419,709547,77
9,no_leak,1,1420,710047,27
9,no_leak,1,1421,710547,11
9,no_leak,1,1422,711047,43
9,no_leak,1,1423,711547,91
9,no_leak,1,1424,712047,95
9,no_leak,1,1425,712547,86
9,no_leak,1,1426,713047,85
9,no_leak,1,1427,713547,73
9,no_leak,1,1428,714047,75
9,no_leak,1,1429,714547,57
9,no_leak,1,1430,715047,73
9,no_leak,1,1431,715547,73
9,no_leak,1,1432,716047,75
9,no_leak,1,1433,716547,73
9,no_leak,1,1434,717047,85
9,no_leak,1,1435,717547,69
9,no_leak,1,1436,718047,37
9,no_leak,1,1437,718547,8
9,no_leak,1,1438,719047,25
9,no_leak,1,1439,719547,45
9,no_leak,1,1440,720047,43
9,no_leak,1,1441,720547,42
9,no_leak,1,1442,721047,7
9,no_leak,1,1443,721547,0
9,no_leak,1,1444,722047,0
9,no_leak,1,1445,722547,22
9,no_leak,1,1446,723047,18
9,no_leak,1,1447,723547,42
9,no_leak,1,1448,724047,31
9,no_leak,1,1449,724547,37
9,no_leak,1,1450,725047,12
9,no_leak,1,1451,725547,53
9,no_leak,1,1452,726047,51
9,no_leak,1,1453,726547,10
9,no_leak,1,1454,727047,19
9,no_leak,1,1455,727547,48
9,no_leak,1,1456,728047,47
9,no_leak,1,1457,728547,29
9,no_leak,1,1458,729047,1
9,no_leak,1,1459,729547,35
9,no_leak,1,1460,730047,16
9,no_leak,1,1461,730547,22
9,no_leak,1,1462,731047,5
9,no_leak,1,1463,731547,0
9,no_leak,1,1464,732047,0
9,no_leak,1,1465,732547,0
9,no_leak,1,1466,733047,0
9,no_leak,1,1467,733547,0
9,no_leak,1,1468,734047,0
9,no_leak,1,1469,734547,13
9,no_leak,1,1470,735047,3
9,no_leak,1,1471,735547,0
9,no_leak,1,1472,736047,0
9,no_leak,1,1473,736547,35
9,no_leak,1,1474,737047,71
9,no_leak,1,1475,737547,52
9,no_leak,1,1476,738047,31
9,no_leak,1,1477,738547,0
9,no_leak,1,1478,739047,0
9,no_leak,1,1479,739547,0
9,no_leak,1,1480,740047,0
9,no_leak,1,1481,740547,0
9,no_leak,1,1482,741047,0
9,no_leak,1,1483,741547,0
9,no_leak,1,1484,742047,0
9,no_leak,1,1485,742547,0
9,no_leak,1,1486,743047,0
9,no_leak,1,1487,743547,0
9,no_leak,1,1488,744047,0
9,no_leak,1,1489,744547,13
9,no_leak,1,1490,745047,30
9,no_leak,1,1491,745547,51
9,no_leak,1,1492,746047,85
9,no_leak,1,1493,746547,104
9,no_leak,1,1494,747047,117
9,no_leak,1,1495,747547,108
9,no_leak,1,1496,748047,110
9,no_leak,1,1497,748547,101
9,no_leak,1,1498,749047,122
9,no_leak,1,1499,749547,137
9,no_leak,1,1500,750047,139
9,no_leak,1,1501,750547,121
9,no_leak,1,1502,751047,165
9,no_leak,1,1503,751547,181
9,no_leak,1,1504,752047,176
9,no_leak,1,1505,752547,171
9,no_leak,1,1506,753047,173
9,no_leak,1,1507,753547,157
9,no_leak,1,1508,754047,137
9,no_leak,1,1509,754547,136
9,no_leak,1,1510,755047,141
9,no_leak,1,1511,755547,157
9,no_leak,1,1512,756047,159
9,no_leak,1,1513,756547,125
9,no_leak,1,1514,757047,85
9,no_leak,1,1515,757547,61
9,no_leak,1,1516,758047,99
9,no_leak,1,1517,758547,153
9,no_leak,1,1518,759047,189
9,no_leak,1,1519,759547,189
9,no_leak,1,1520,760047,175
9,no_leak,1,1521,760547,137
9,no_leak,1,1522,761047,139
9,no_leak,1,1523,761547,173
9,no_leak,1,1524,762047,171
9,no_leak,1,1525,762547,154
9,no_leak,1,1526,763047,187
9,no_leak,1,1527,763547,214
9,no_leak,1,1528,764047,205
9,no_leak,1,1529,764547,175
9,no_leak,1,1530,765047,171
9,no_leak,1,1531,765547,170
9,no_leak,1,1532,766047,158
9,no_leak,1,1533,766547,150
9,no_leak,1,1534,767047,143
9,no_leak,1,1535,767547,123
9,no_leak,1,1536,768047,82
9,no_leak,1,1537,768547,61
9,no_leak,1,1538,769047,81
9,no_leak,1,1539,769547,137
9,no_leak,1,1540,770047,109
9,no_leak,1,1541,770547,76
9,no_leak,1,1542,771047,41
9,no_leak,1,1543,771547,87
9,no_leak,1,1544,772047,105
9,no_leak,1,1545,772547,85
9,no_leak,1,1546,773047,48
9,no_leak,1,1547,773547,31
9,no_leak,1,1548,774047,7
9,no_leak,1,1549,774547,0
9,no_leak,1,1550,775047,5
9,no_leak,1,1551,775547,37
9,no_leak,1,1552,776047,30
9,no_leak,1,1553,776547,20
9,no_leak,1,1554,777047,13
9,no_leak,1,1555,777547,0
9,no_leak,1,1556,778047,0
9,no_leak,1,1557,778547,0
9,no_leak,1,1558,779047,0
9,no_leak,1,1559,779547,41
9,no_leak,1,1560,780047,68
9,no_leak,1,1561,780547,73
9,no_leak,1,1562,781047,52
9,no_leak,1,1563,781547,5
9,no_leak,1,1564,782047,0
9,no_leak,1,1565,782547,0
9,no_leak,1,1566,783047,0
9,no_leak,1,1567,783547,1
9,no_leak,1,1568,784047,39
9,no_leak,1,1569,784547,26
9,no_leak,1,1570,785047,7
9,no_leak,1,1571,785547,0
9,no_leak,1,1572,786047,0
9,no_leak,1,1573,786547,0
9,no_leak,1,1574,787047,0
9,no_leak,1,1575,787547,0
9,no_leak,1,1576,788047,11
9,no_leak,1,1577,788547,35
9,no_leak,1,1578,789047,55
9,no_leak,1,1579,789547,76
9,no_leak,1,1580,790047,71
9,no_leak,1,1581,790547,47
9,no_leak,1,1582,791047,17
9,no_leak,1,1583,791547,24
9,no_leak,1,1584,792047,51
9,no_leak,1,1585,792547,80
9,no_leak,1,1586,793047,73
9,no_leak,1,1587,793547,47
9,no_leak,1,1588,794047,46
9,no_leak,1,1589,794547,6
9,no_leak,1,1590,795047,0
9,no_leak,1,1591,795547,0
9,no_leak,1,1592,796047,0
9,no_leak,1,1593,796547,31
9,no_leak,1,1594,797047,72
9,no_leak,1,1595,797547,87
9,no_leak,1,1596,798047,46
9,no_leak,1,1597,798547,26
9,no_leak,1,1598,799047,53
9,no_leak,1,1599,799547,119
9,no_leak,1,1600,800047,147
9,no_leak,1,1601,800547,169
9,no_leak,1,1602,801047,181
9,no_leak,1,1603,801547,157
9,no_leak,1,1604,802047,93
9,no_leak,1,1605,802547,94
9,no_leak,1,1606,803047,122
9,no_leak,1,1607,803547,139
9,no_leak,1,1608,804047,154
9,no_leak,1,1609,804547,124
9,no_leak,1,1610,805047,123
9,no_leak,1,1611,805547,44
9,no_leak,1,1612,806047,47
9,no_leak,1,1613,806547,77
9,no_leak,1,1614,807047,73
9,no_leak,1,1615,807547,117
9,no_leak,1,1616,808047,127
9,no_leak,1,1617,808547,103
9,no_leak,1,1618,809047,89
9,no_leak,1,1619,809547,55
9,no_leak,1,1620,810047,21
9,no_leak,1,1621,810547,21
9,no_leak,1,1622,811047,85
9,no_leak,1,1623,811547,93
9,no_leak,1,1624,812047,117
9,no_leak,1,1625,812547,134
9,no_leak,1,1626,813047,125
9,no_leak,1,1627,813547,99
9,no_leak,1,1628,814047,90
9,no_leak,1,1629,814547,57
9,no_leak,1,1630,815047,11
9,no_leak,1,1631,815547,37
9,no_leak,1,1632,816047,26
9,no_leak,1,1633,816547,88
9,no_leak,1,1634,817047,83
9,no_leak,1,1635,817547,76
9,no_leak,1,1636,818047,58
9,no_leak,1,1637,818547,37
9,no_leak,1,1638,819047,2
9,no_leak,1,1639,819547,0
9,no_leak,1,1640,820047,0
9,no_leak,1,1641,820547,0
9,no_leak,1,1642,821047,0
9,no_leak,1,1643,821547,0
9,no_leak,1,1644,822047,19
9,no_leak,1,1645,822547,1
9,no_leak,1,1646,823047,1
9,no_leak,1,1647,823547,7
9,no_leak,1,1648,824047,0
9,no_leak,1,1649,824547,0
9,no_leak,1,1650,825047,0
9,no_leak,1,1651,825547,0
9,no_leak,1,1652,826047,63
9,no_leak,1,1653,826547,88
9,no_leak,1,1654,827047,83
9,no_leak,1,1655,827547,83
9,no_leak,1,1656,828047,61
9,no_leak,1,1657,828547,45
9,no_leak,1,1658,829047,86
9,no_leak,1,1659,829547,125
9,no_leak,1,1660,830048,132
9,no_leak,1,1661,830547,111
9,no_leak,1,1662,831047,87
9,no_leak,1,1663,831548,37
9,no_leak,1,1664,832047,59
9,no_leak,1,1665,832547,112
9,no_leak,1,1666,833047,103
9,no_leak,1,1667,833547,108
9,no_leak,1,1668,834047,70
9,no_leak,1,1669,834547,25
9,no_leak,1,1670,835047,40
9,no_leak,1,1671,835548,61
9,no_leak,1,1672,836047,91
9,no_leak,1,1673,836547,103
9,no_leak,1,1674,837047,103
9,no_leak,1,1675,837547,83
9,no_leak,1,1676,838047,59
9,no_leak,1,1677,838547,28
9,no_leak,1,1678,839047,17
9,no_leak,1,1679,839547,29
9,no_leak,1,1680,840047,2
9,no_leak,1,1681,840547,29
9,no_leak,1,1682,841047,70
9,no_leak,1,1683,841547,59
9,no_leak,1,1684,842047,74
9,no_leak,1,1685,842547,55
9,no_leak,1,1686,843047,17
9,no_leak,1,1687,843547,0
9,no_leak,1,1688,844047,18
9,no_leak,1,1689,844547,16
9,no_leak,1,1690,845047,44
9,no_leak,1,1691,845547,43
9,no_leak,1,1692,846047,23
9,no_leak,1,1693,846547,0
9,no_leak,1,1694,847047,0
9,no_leak,1,1695,847547,43
9,no_leak,1,1696,848047,48
9,no_leak,1,1697,848547,41
9,no_leak,1,1698,849047,16
9,no_leak,1,1699,849547,44
9,no_leak,1,1700,850047,133
9,no_leak,1,1701,850547,149
9,no_leak,1,1702,851047,155
9,no_leak,1,1703,851547,155
9,no_leak,1,1704,852047,133
9,no_leak,1,1705,852547,114
9,no_leak,1,1706,853047,106
9,no_leak,1,1707,853548,88
9,no_leak,1,1708,854047,90
9,no_leak,1,1709,854547,102
9,no_leak,1,1710,855047,83
9,no_leak,1,1711,855547,57
9,no_leak,1,1712,856047,9
9,no_leak,1,1713,856547,0
9,no_leak,1,1714,857047,25
9,no_leak,1,1715,857547,20
9,no_leak,1,1716,858047,12
9,no_leak,1,1717,858547,8
9,no_leak,1,1718,859047,35
9,no_leak,1,1719,859547,4
9,no_leak,1,1720,860047,28
9,no_leak,1,1721,860547,57
9,no_leak,1,1722,861047,89
9,no_leak,1,1723,861547,55
9,no_leak,1,1724,862047,43
9,no_leak,1,1725,862547,72
9,no_leak,1,1726,863047,71
9,no_leak,1,1727,863547,73
9,no_leak,1,1728,864047,69
9,no_leak,1,1729,864547,60
9,no_leak,1,1730,865047,45
9,no_leak,1,1731,865547,18
9,no_leak,1,1732,866047,35
9,no_leak,1,1733,866547,23
9,no_leak,1,1734,867047,79
9,no_leak,1,1735,867547,99
9,no_leak,1,1736,868047,91
9,no_leak,1,1737,868547,43
9,no_leak,1,1738,869047,5
9,no_leak,1,1739,869547,0
9,no_leak,1,1740,870047,11
9,no_leak,1,1741,870547,51
9,no_leak,1,1742,871047,71
9,no_leak,1,1743,871547,36
9,no_leak,1,1744,872047,13
9,no_leak,1,1745,872547,0
9,no_leak,1,1746,873047,0
9,no_leak,1,1747,873547,0
9,no_leak,1,1748,874047,10
9,no_leak,1,1749,874547,41
9,no_leak,1,1750,875047,57
9,no_leak,1,1751,875547,41
9,no_leak,1,1752,876047,13
9,no_leak,1,1753,876547,0
9,no_leak,1,1754,877047,0
9,no_leak,1,1755,877547,4
9,no_leak,1,1756,878047,68
9,no_leak,1,1757,878547,81
9,no_leak,1,1758,879047,77
9,no_leak,1,1759,879547,47
9,no_leak,1,1760,880047,4
9,no_leak,1,1761,880547,0
9,no_leak,1,1762,881047,54
9,no_leak,1,1763,881547,95
9,no_leak,1,1764,882047,159
9,no_leak,1,1765,882547,173
9,no_leak,1,1766,883047,171
9,no_leak,1,1767,883547,167
9,no_leak,1,1768,884047,159
9,no_leak,1,1769,884547,137
9,no_leak,1,1770,885047,125
9,no_leak,1,1771,885547,147
9,no_leak,1,1772,886047,203
9,no_leak,1,1773,886547,204
9,no_leak,1,1774,887047,187
9,no_leak,1,1775,887547,164
9,no_leak,1,1776,888047,101
9,no_leak,1,1777,888547,61
9,no_leak,1,1778,889047,51
9,no_leak,1,1779,889547,57
9,no_leak,1,1780,890047,97
9,no_leak,1,1781,890547,92
9,no_leak,1,1782,891047,85
9,no_leak,1,1783,891547,69
9,no_leak,1,1784,892047,30
9,no_leak,1,1785,892547,11
9,no_leak,1,1786,893047,0
9,no_leak,1,1787,893547,0
9,no_leak,1,1788,894047,7
9,no_leak,1,1789,894547,71
9,no_leak,1,1790,895047,83
9,no_leak,1,1791,895547,88
9,no_leak,1,1792,896047,77
9,no_leak,1,1793,896547,76
9,no_leak,1,1794,897047,30
9,no_leak,1,1795,897547,31
9,no_leak,1,1796,898047,61
9,no_leak,1,1797,898547,64
9,no_leak,1,1798,899047,90
9,no_leak,1,1799,899547,71
9,no_leak,1,1800,900047,58
9,no_leak,1,1801,900547,35
9,no_leak,1,1802,901047,7
9,no_leak,1,1803,901547,0
9,no_leak,1,1804,902047,0
9,no_leak,1,1805,902547,0
9,no_leak,1,1806,903047,0
9,no_leak,1,1807,903547,0
9,no_leak,1,1808,904047,0
9,no_leak,1,1809,904547,0
9,no_leak,1,1810,905047,0
9,no_leak,1,1811,905547,0
9,no_leak,1,1812,906047,0
9,no_leak,1,1813,906547,0
9,no_leak,1,1814,907047,0
9,no_leak,1,1815,907547,0
9,no_leak,1,1816,908047,20
9,no_leak,1,1817,908547,16
9,no_leak,1,1818,909047,2
9,no_leak,1,1819,909547,0
9,no_leak,1,1820,910047,0
9,no_leak,1,1821,910547,0
9,no_leak,1,1822,911047,12
9,no_leak,1,1823,911547,61
9,no_leak,1,1824,912047,75
9,no_leak,1,1825,912547,73
9,no_leak,1,1826,913047,39
9,no_leak,1,1827,913547,17
9,no_leak,1,1828,914047,0
9,no_leak,1,1829,914547,11
9,no_leak,1,1830,915047,77
9,no_leak,1,1831,915547,101
9,no_leak,1,1832,916047,109
9,no_leak,1,1833,916547,101
9,no_leak,1,1834,917047,103
9,no_leak,1,1835,917547,105
9,no_leak,1,1836,918047,91
9,no_leak,1,1837,918547,69
9,no_leak,1,1838,919047,43
9,no_leak,1,1839,919547,69
9,no_leak,1,1840,920047,126
9,no_leak,1,1841,920547,151
9,no_leak,1,1842,921047,151
9,no_leak,1,1843,921547,126
9,no_leak,1,1844,922047,93
9,no_leak,1,1845,922547,74
9,no_leak,1,1846,923047,95
9,no_leak,1,1847,923547,108
9,no_leak,1,1848,924047,151
9,no_leak,1,1849,924547,142
9,no_leak,1,1850,925047,137
9,no_leak,1,1851,925547,86
9,no_leak,1,1852,926047,35
9,no_leak,1,1853,926547,26
9,no_leak,1,1854,927047,31
9,no_leak,1,1855,927547,29
9,no_leak,1,1856,928047,75
9,no_leak,1,1857,928547,123
9,no_leak,1,1858,929047,108
9,no_leak,1,1859,929547,119
9,no_leak,1,1860,930047,116
9,no_leak,1,1861,930547,121
9,no_leak,1,1862,931047,117
9,no_leak,1,1863,931547,116
9,no_leak,1,1864,932047,119
9,no_leak,1,1865,932547,106
9,no_leak,1,1866,933047,121
9,no_leak,1,1867,933547,152
9,no_leak,1,1868,934047,135
9,no_leak,1,1869,934547,164
9,no_leak,1,1870,935047,170
9,no_leak,1,1871,935547,156
9,no_leak,1,1872,936047,155
9,no_leak,1,1873,936547,125
9,no_leak,1,1874,937047,91
9,no_leak,1,1875,937547,44
9,no_leak,1,1876,938047,7
9,no_leak,1,1877,938547,21
9,no_leak,1,1878,939047,20
9,no_leak,1,1879,939547,37
9,no_leak,1,1880,940047,30
9,no_leak,1,1881,940547,5
9,no_leak,1,1882,941047,22
9,no_leak,1,1883,941547,47
9,no_leak,1,1884,942047,55
9,no_leak,1,1885,942547,72
9,no_leak,1,1886,943047,63
9,no_leak,1,1887,943547,36
9,no_leak,1,1888,944047,4
9,no_leak,1,1889,944547,0
9,no_leak,1,1890,945047,0
9,no_leak,1,1891,945547,45
9,no_leak,1,1892,946047,94
9,no_leak,1,1893,946547,125
9,no_leak,1,1894,947047,118
9,no_leak,1,1895,947547,120
9,no_leak,1,1896,948047,106
9,no_leak,1,1897,948547,76
9,no_leak,1,1898,949047,31
9,no_leak,1,1899,949547,0
9,no_leak,1,1900,950047,0
9,no_leak,1,1901,950547,0
9,no_leak,1,1902,951047,0
9,no_leak,1,1903,951547,0
9,no_leak,1,1904,952047,0
9,no_leak,1,1905,952547,0
9,no_leak,1,1906,953047,0
9,no_leak,1,1907,953547,0
9,no_leak,1,1908,954047,0
9,no_leak,1,1909,954547,0
9,no_leak,1,1910,955047,0
9,no_leak,1,1911,955547,0
9,no_leak,1,1912,956047,0
9,no_leak,1,1913,956547,45
9,no_leak,1,1914,957047,53
9,no_leak,1,1915,957547,89
9,no_leak,1,1916,958047,103
9,no_leak,1,1917,958547,89
9,no_leak,1,1918,959047,58
9,no_leak,1,1919,959547,95
9,no_leak,1,1920,960047,133
9,no_leak,1,1921,960547,123
9,no_leak,1,1922,961047,197
9,no_leak,1,1923,961547,167
9,no_leak,1,1924,962047,139
9,no_leak,1,1925,962547,95
9,no_leak,1,1926,963047,105
9,no_leak,1,1927,963547,171
9,no_leak,1,1928,964047,170
9,no_leak,1,1929,964547,138
9,no_leak,1,1930,965047,167
9,no_leak,1,1931,965547,175
9,no_leak,1,1932,966047,140
9,no_leak,1,1933,966547,137
9,no_leak,1,1934,967047,120
9,no_leak,1,1935,967547,101
9,no_leak,1,1936,968047,60
9,no_leak,1,1937,968547,83
9,no_leak,1,1938,969047,61
9,no_leak,1,1939,969547,42
9,no_leak,1,1940,970047,79
9,no_leak,1,1941,970547,67
9,no_leak,1,1942,971047,101
9,no_leak,1,1943,971547,104
9,no_leak,1,1944,972047,98
9,no_leak,1,1945,972547,61
9,no_leak,1,1946,973047,31
9,no_leak,1,1947,973547,35
9,no_leak,1,1948,974047,5
9,no_leak,1,1949,974547,58
9,no_leak,1,1950,975047,45
9,no_leak,1,1951,975547,43
9,no_leak,1,1952,976047,28
9,no_leak,1,1953,976547,18
9,no_leak,1,1954,977047,0
9,no_leak,1,1955,977547,0
9,no_leak,1,1956,978047,0
9,no_leak,1,1957,978547,17
9,no_leak,1,1958,979047,27
9,no_leak,1,1959,979547,44
9,no_leak,1,1960,980047,57
9,no_leak,1,1961,980547,87
9,no_leak,1,1962,981047,29
9,no_leak,1,1963,981547,20
9,no_leak,1,1964,982047,16
9,no_leak,1,1965,982547,61
9,no_leak,1,1966,983047,45
9,no_leak,1,1967,983547,68
9,no_leak,1,1968,984047,38
9,no_leak,1,1969,984547,38
9,no_leak,1,1970,985047,21
9,no_leak,1,1971,985547,11
9,no_leak,1,1972,986047,77
9,no_leak,1,1973,986547,60
9,no_leak,1,1974,987047,51
9,no_leak,1,1975,987547,16
9,no_leak,1,1976,988047,0
9,no_leak,1,1977,988547,0
9,no_leak,1,1978,989047,5
9,no_leak,1,1979,989547,4
9,no_leak,1,1980,990047,0
9,no_leak,1,1981,990547,0
9,no_leak,1,1982,991047,22
9,no_leak,1,1983,991547,17
9,no_leak,1,1984,992047,7
9,no_leak,1,1985,992548,53
9,no_leak,1,1986,993047,55
9,no_leak,1,1987,993547,42
9,no_leak,1,1988,994047,37
9,no_leak,1,1989,994547,53
9,no_leak,1,1990,995047,105
9,no_leak,1,1991,995547,115
9,no_leak,1,1992,996047,109
9,no_leak,1,1993,996547,83
9,no_leak,1,1994,997047,43
9,no_leak,1,1995,997547,53
9,no_leak,1,1996,998047,91
9,no_leak,1,1997,998547,84
9,no_leak,1,1998,999047,55
9,no_leak,1,1999,999547,7
9,no_leak,2,0,48,56
9,no_leak,2,1,547,35
9,no_leak,2,2,1047,33
9,no_leak,2,3,1547,0
9,no_leak,2,4,2047,0
9,no_leak,2,5,2547,0
9,no_leak,2,6,3047,9
9,no_leak,2,7,3547,8
9,no_leak,2,8,4047,1
9,no_leak,2,9,4547,0
9,no_leak,2,10,5047,0
9,no_leak,2,11,5547,0
9,no_leak,2,12,6047,0
9,no_leak,2,13,6547,57
9,no_leak,2,14,7047,53
9,no_leak,2,15,7547,58
9,no_leak,2,16,8047,27
9,no_leak,2,17,8547,0
9,no_leak,2,18,9047,0
9,no_leak,2,19,9547,93
9,no_leak,2,20,10047,106
9,no_leak,2,21,10547,101
9,no_leak,2,22,11047,117
9,no_leak,2,23,11547,116
9,no_leak,2,24,12047,119
9,no_leak,2,25,12547,107
9,no_leak,2,26,13047,84
9,no_leak,2,27,13547,25
9,no_leak,2,28,14047,10
9,no_leak,2,29,14547,47
9,no_leak,2,30,15047,93
9,no_leak,2,31,15547,100
9,no_leak,2,32,16047,98
9,no_leak,2,33,16547,115
9,no_leak,2,34,17047,100
9,no_leak,2,35,17547,90
9,no_leak,2,36,18047,55
9,no_leak,2,37,18547,57
9,no_leak,2,38,19047,119
9,no_leak,2,39,19547,165
9,no_leak,2,40,20047,159
9,no_leak,2,41,20547,159
9,no_leak,2,42,21047,151
9,no_leak,2,43,21547,156
9,no_leak,2,44,22047,109
9,no_leak,2,45,22547,75
9,no_leak,2,46,23047,56
9,no_leak,2,47,23547,59
9,no_leak,2,48,24047,103
9,no_leak,2,49,24547,115
9,no_leak,2,50,25047,109
9,no_leak,2,51,25547,78
9,no_leak,2,52,26047,46
9,no_leak,2,53,26547,23
9,no_leak,2,54,27047,0
9,no_leak,2,55,27547,0
9,no_leak,2,56,28047,0
9,no_leak,2,57,28547,0
9,no_leak,2,58,29047,0
9,no_leak,2,59,29547,0
9,no_leak,2,60,30047,0
9,no_leak,2,61,30547,0
9,no_leak,2,62,31047,0
9,no_leak,2,63,31547,0
9,no_leak,2,64,32047,36
9,no_leak,2,65,32547,44
9,no_leak,2,66,33047,47
9,no_leak,2,67,33547,52
9,no_leak,2,68,34047,22
9,no_leak,2,69,34547,7
9,no_leak,2,70,35047,13
9,no_leak,2,71,35547,40
9,no_leak,2,72,36047,91
9,no_leak,2,73,36547,117
9,no_leak,2,74,37047,83
9,no_leak,2,75,37547,93
9,no_leak,2,76,38047,87
9,no_leak,2,77,38547,54
9,no_leak,2,78,39047,75
9,no_leak,2,79,39547,79
9,no_leak,2,80,40047,134
9,no_leak,2,81,40547,142
9,no_leak,2,82,41047,133
9,no_leak,2,83,41547,109
9,no_leak,2,84,42047,71
9,no_leak,2,85,42547,86
9,no_leak,2,86,43047,94
9,no_leak,2,87,43547,139
9,no_leak,2,88,44047,135
9,no_leak,2,89,44547,133
9,no_leak,2,90,45047,100
9,no_leak,2,91,45547,63
9,no_leak,2,92,46047,71
9,no_leak,2,93,46547,71
9,no_leak,2,94,47047,89
9,no_leak,2,95,47547,57
9,no_leak,2,96,48047,23
9,no_leak,2,97,48547,5
9,no_leak,2,98,49047,63
9,no_leak,2,99,49547,70
9,no_leak,2,100,50047,75
9,no_leak,2,101,50547,73
9,no_leak,2,102,51047,72
9,no_leak,2,103,51547,55
9,no_leak,2,104,52047,85
9,no_leak,2,105,52547,88
9,no_leak,2,106,53047,100
9,no_leak,2,107,53547,89
9,no_leak,2,108,54047,111
9,no_leak,2,109,54547,135
9,no_leak,2,110,55047,117
9,no_leak,2,111,55547,102
9,no_leak,2,112,56047,87
9,no_leak,2,113,56547,75
9,no_leak,2,114,57047,119
9,no_leak,2,115,57547,83
9,no_leak,2,116,58047,83
9,no_leak,2,117,58547,69
9,no_leak,2,118,59047,103
9,no_leak,2,119,59547,81
9,no_leak,2,120,60047,57
9,no_leak,2,121,60547,31
9,no_leak,2,122,61047,5
9,no_leak,2,123,61547,0
9,no_leak,2,124,62047,11
9,no_leak,2,125,62547,0
9,no_leak,2,126,63047,0
9,no_leak,2,127,63547,0
9,no_leak,2,128,64047,0
9,no_leak,2,129,64547,0
9,no_leak,2,130,65047,0
9,no_leak,2,131,65547,0
9,no_leak,2,132,66047,8
9,no_leak,2,133,66547,43
9,no_leak,2,134,67047,58
9,no_leak,2,135,67547,75
9,no_leak,2,136,68047,41
9,no_leak,2,137,68547,18
9,no_leak,2,138,69047,0
9,no_leak,2,139,69547,40
9,no_leak,2,140,70047,46
9,no_leak,2,141,70547,71
9,no_leak,2,142,71047,89
9,no_leak,2,143,71547,82
9,no_leak,2,144,72047,62
9,no_leak,2,145,72547,19
9,no_leak,2,146,73047,0
9,no_leak,2,147,73547,0
9,no_leak,2,148,74047,97
9,no_leak,2,149,74547,111
9,no_leak,2,150,75047,127
9,no_leak,2,151,75547,141
9,no_leak,2,152,76047,117
9,no_leak,2,153,76547,83
9,no_leak,2,154,77047,35
9,no_leak,2,155,77547,39
9,no_leak,2,156,78047,46
9,no_leak,2,157,78547,47
9,no_leak,2,158,79047,106
9,no_leak,2,159,79547,99
9,no_leak,2,160,80047,73
9,no_leak,2,161,80547,56
9,no_leak,2,162,81047,19
9,no_leak,2,163,81547,0
9,no_leak,2,164,82047,0
9,no_leak,2,165,82547,8
9,no_leak,2,166,83047,1
9,no_leak,2,167,83547,43
9,no_leak,2,168,84047,75
9,no_leak,2,169,84547,76
9,no_leak,2,170,85047,57
9,no_leak,2,171,85547,48
9,no_leak,2,172,86047,7
9,no_leak,2,173,86547,71
9,no_leak,2,174,87047,141
9,no_leak,2,175,87547,137
9,no_leak,2,176,88047,133
9,no_leak,2,177,88547,115
9,no_leak,2,178,89047,93
9,no_leak,2,179,89547,45
9,no_leak,2,180,90047,39
9,no_leak,2,181,90547,89
9,no_leak,2,182,91047,61
9,no_leak,2,183,91547,77
9,no_leak,2,184,92047,99
9,no_leak,2,185,92547,78
9,no_leak,2,186,93047,54
9,no_leak,2,187,93547,39
9,no_leak,2,188,94047,4
9,no_leak,2,189,94547,0
9,no_leak,2,190,95047,0
9,no_leak,2,191,95547,0
9,no_leak,2,192,96047,55
9,no_leak,2,193,96547,60
9,no_leak,2,194,97047,88
9,no_leak,2,195,97547,79
9,no_leak,2,196,98047,57
9,no_leak,2,197,98547,11
9,no_leak,2,198,99047,31
9,no_leak,2,199,99547,91
9,no_leak,2,200,100047,99
9,no_leak,2,201,100547,104
9,no_leak,2,202,101047,127
9,no_leak,2,203,101547,120
9,no_leak,2,204,102047,115
9,no_leak,2,205,102547,101
9,no_leak,2,206,103047,53
9,no_leak,2,207,103547,55
9,no_leak,2,208,104047,71
9,no_leak,2,209,104547,112
9,no_leak,2,210,105047,111
9,no_leak,2,211,105547,95
9,no_leak,2,212,106047,74
9,no_leak,2,213,106547,36
9,no_leak,2,214,107047,54
9,no_leak,2,215,107547,73
9,no_leak,2,216,108047,91
9,no_leak,2,217,108547,94
9,no_leak,2,218,109047,100
9,no_leak,2,219,109547,56
9,no_leak,2,220,110047,51
9,no_leak,2,221,110547,60
9,no_leak,2,222,111047,67
9,no_leak,2,223,111547,90
9,no_leak,2,224,112047,143
9,no_leak,2,225,112547,137
9,no_leak,2,226,113047,105
9,no_leak,2,227,113547,55
9,no_leak,2,228,114047,45
9,no_leak,2,229,114547,91
9,no_leak,2,230,115047,125
9,no_leak,2,231,115547,163
9,no_leak,2,232,116047,155
9,no_leak,2,233,116547,157
9,no_leak,2,234,117047,159
9,no_leak,2,235,117547,162
9,no_leak,2,236,118047,125
9,no_leak,2,237,118547,103
9,no_leak,2,238,119047,109
9,no_leak,2,239,119547,125
9,no_leak,2,240,120047,139
9,no_leak,2,241,120547,117
9,no_leak,2,242,121047,81
9,no_leak,2,243,121547,83
9,no_leak,2,244,122047,79
9,no_leak,2,245,122547,44
9,no_leak,2,246,123047,7
9,no_leak,2,247,123547,0
9,no_leak,2,248,124047,0
9,no_leak,2,249,124547,0
9,no_leak,2,250,125047,0
9,no_leak,2,251,125547,0
9,no_leak,2,252,126047,0
9,no_leak,2,253,126547,0
9,no_leak,2,254,127047,0
9,no_leak,2,255,127547,0
9,no_leak,2,256,128047,0
9,no_leak,2,257,128547,0
9,no_leak,2,258,129047,18
9,no_leak,2,259,129547,22
9,no_leak,2,260,130047,0
9,no_leak,2,261,130547,0
9,no_leak,2,262,131047,13
9,no_leak,2,263,131547,19
9,no_leak,2,264,132048,9
9,no_leak,2,265,132547,0
9,no_leak,2,266,133047,0
9,no_leak,2,267,133547,0
9,no_leak,2,268,134047,0
9,no_leak,2,269,134547,35
9,no_leak,2,270,135047,47
9,no_leak,2,271,135547,53
9,no_leak,2,272,136047,23
9,no_leak,2,273,136547,0
9,no_leak,2,274,137047,0
9,no_leak,2,275,137547,23
9,no_leak,2,276,138047,24
9,no_leak,2,277,138547,59
9,no_leak,2,278,139047,69
9,no_leak,2,279,139547,70
9,no_leak,2,280,140047,73
9,no_leak,2,281,140547,45
9,no_leak,2,282,141047,29
9,no_leak,2,283,141547,31
9,no_leak,2,284,142047,53
9,no_leak,2,285,142547,99
9,no_leak,2,286,143047,122
9,no_leak,2,287,143547,171
9,no_leak,2,288,144047,185
9,no_leak,2,289,144547,173
9,no_leak,2,290,145047,149
9,no_leak,2,291,145547,119
9,no_leak,2,292,146047,109
9,no_leak,2,293,146547,154
9,no_leak,2,294,147047,163
9,no_leak,2,295,147547,167
9,no_leak,2,296,148047,163
9,no_leak,2,297,148547,168
9,no_leak,2,298,149047,138
9,no_leak,2,299,149547,99
9,no_leak,2,300,150047,88
9,no_leak,2,301,150547,91
9,no_leak,2,302,151047,99
9,no_leak,2,303,151547,105
9,no_leak,2,304,152047,105
9,no_leak,2,305,152547,99
9,no_leak,2,306,153047,69
9,no_leak,2,307,153547,43
9,no_leak,2,308,154047,18
9,no_leak,2,309,154547,0
9,no_leak,2,310,155047,0
9,no_leak,2,311,155547,9
9,no_leak,2,312,156047,0
9,no_leak,2,313,156547,39
9,no_leak,2,314,157047,51
9,no_leak,2,315,157547,38
9,no_leak,2,316,158047,33
9,no_leak,2,317,158547,51
9,no_leak,2,318,159047,73
9,no_leak,2,319,159547,121
9,no_leak,2,320,160047,154
9,no_leak,2,321,160547,91
9,no_leak,2,322,161047,71
9,no_leak,2,323,161547,63
9,no_leak,2,324,162047,61
9,no_leak,2,325,162547,115
9,no_leak,2,326,163047,147
9,no_leak,2,327,163547,151
9,no_leak,2,328,164047,118
9,no_leak,2,329,164547,74
9,no_leak,2,330,165047,59
9,no_leak,2,331,165547,61
9,no_leak,2,332,166047,89
9,no_leak,2,333,166547,98
9,no_leak,2,334,167047,82
9,no_leak,2,335,167547,57
9,no_leak,2,336,168047,79
9,no_leak,2,337,168547,83
9,no_leak,2,338,169047,83
9,no_leak,2,339,169547,63
9,no_leak,2,340,170047,30
9,no_leak,2,341,170547,63
9,no_leak,2,342,171047,43
9,no_leak,2,343,171547,35
9,no_leak,2,344,172047,8
9,no_leak,2,345,172547,0
9,no_leak,2,346,173047,33
9,no_leak,2,347,173547,23
9,no_leak,2,348,174047,2
9,no_leak,2,349,174547,0
9,no_leak,2,350,175047,0
9,no_leak,2,351,175547,0
9,no_leak,2,352,176047,9
9,no_leak,2,353,176547,24
9,no_leak,2,354,177047,10
9,no_leak,2,355,177547,1
9,no_leak,2,356,178047,43
9,no_leak,2,357,178547,89
9,no_leak,2,358,179047,93
9,no_leak,2,359,179547,117
9,no_leak,2,360,180047,63
9,no_leak,2,361,180547,90
9,no_leak,2,362,181047,125
9,no_leak,2,363,181547,159
9,no_leak,2,364,182047,125
9,no_leak,2,365,182547,93
9,no_leak,2,366,183047,109
9,no_leak,2,367,183547,123
9,no_leak,2,368,184047,148
9,no_leak,2,369,184547,139
9,no_leak,2,370,185047,105
9,no_leak,2,371,185547,53
9,no_leak,2,372,186047,10
9,no_leak,2,373,186547,26
9,no_leak,2,374,187047,29
9,no_leak,2,375,187547,52
9,no_leak,2,376,188047,25
9,no_leak,2,377,188547,0
9,no_leak,2,378,189047,0
9,no_leak,2,379,189547,0
9,no_leak,2,380,190047,0
9,no_leak,2,381,190547,0
9,no_leak,2,382,191047,0
9,no_leak,2,383,191547,0
9,no_leak,2,384,192047,0
9,no_leak,2,385,192547,0
9,no_leak,2,386,193047,0
9,no_leak,2,387,193547,21
9,no_leak,2,388,194047,29
9,no_leak,2,389,194547,17
9,no_leak,2,390,195047,0
9,no_leak,2,391,195547,16
9,no_leak,2,392,196047,57
9,no_leak,2,393,196547,37
9,no_leak,2,394,197047,20
9,no_leak,2,395,197547,0
9,no_leak,2,396,198047,0
9,no_leak,2,397,198547,0
9,no_leak,2,398,199047,28
9,no_leak,2,399,199547,39
9,no_leak,2,400,200047,36
9,no_leak,2,401,200547,5
9,no_leak,2,402,201047,6
9,no_leak,2,403,201547,29
9,no_leak,2,404,202047,77
9,no_leak,2,405,202547,87
9,no_leak,2,406,203047,85
9,no_leak,2,407,203547,19
9,no_leak,2,408,204047,0
9,no_leak,2,409,204547,53
9,no_leak,2,410,205047,69
9,no_leak,2,411,205547,94
9,no_leak,2,412,206047,101
9,no_leak,2,413,206547,71
9,no_leak,2,414,207047,17
9,no_leak,2,415,207547,17
9,no_leak,2,416,208047,59
9,no_leak,2,417,208547,82
9,no_leak,2,418,209047,100
9,no_leak,2,419,209547,101
9,no_leak,2,420,210047,103
9,no_leak,2,421,210547,77
9,no_leak,2,422,211047,70
9,no_leak,2,423,211547,76
9,no_leak,2,424,212047,74
9,no_leak,2,425,212547,159
9,no_leak,2,426,213047,179
9,no_leak,2,427,213547,191
9,no_leak,2,428,214047,180
9,no_leak,2,429,214547,133
9,no_leak,2,430,215047,133
9,no_leak,2,431,215547,141
9,no_leak,2,432,216047,153
9,no_leak,2,433,216547,176
9,no_leak,2,434,217047,175
9,no_leak,2,435,217547,145
9,no_leak,2,436,218047,103
9,no_leak,2,437,218547,40
9,no_leak,2,438,219047,30
9,no_leak,2,439,219547,73
9,no_leak,2,440,220047,69
9,no_leak,2,441,220547,55
9,no_leak,2,442,221047,68
9,no_leak,2,443,221547,46
9,no_leak,2,444,222047,25
9,no_leak,2,445,222547,0
9,no_leak,2,446,223047,0
9,no_leak,2,447,223547,0
9,no_leak,2,448,224047,25
9,no_leak,2,449,224547,31
9,no_leak,2,450,225047,3
9,no_leak,2,451,225547,45
9,no_leak,2,452,226047,6
9,no_leak,2,453,226547,33
9,no_leak,2,454,227047,41
9,no_leak,2,455,227547,5
9,no_leak,2,456,228047,0
9,no_leak,2,457,228547,0
9,no_leak,2,458,229047,25
9,no_leak,2,459,229547,39
9,no_leak,2,460,230047,61
9,no_leak,2,461,230547,47
9,no_leak,2,462,231047,29
9,no_leak,2,463,231547,7
9,no_leak,2,464,232047,25
9,no_leak,2,465,232547,81
9,no_leak,2,466,233047,108
9,no_leak,2,467,233547,121
9,no_leak,2,468,234047,115
9,no_leak,2,469,234547,102
9,no_leak,2,470,235047,59
9,no_leak,2,471,235547,47
9,no_leak,2,472,236047,43
9,no_leak,2,473,236547,61
9,no_leak,2,474,237047,71
9,no_leak,2,475,237547,99
9,no_leak,2,476,238047,88
9,no_leak,2,477,238547,75
9,no_leak,2,478,239047,73
9,no_leak,2,479,239547,55
9,no_leak,2,480,240047,39
9,no_leak,2,481,240547,27
9,no_leak,2,482,241047,39
9,no_leak,2,483,241547,22
9,no_leak,2,484,242047,73
9,no_leak,2,485,242547,73
9,no_leak,2,486,243047,93
9,no_leak,2,487,243547,121
9,no_leak,2,488,244047,73
9,no_leak,2,489,244547,57
9,no_leak,2,490,245047,29
9,no_leak,2,491,245547,5
9,no_leak,2,492,246047,0
9,no_leak,2,493,246547,0
9,no_leak,2,494,247047,4
9,no_leak,2,495,247547,0
9,no_leak,2,496,248047,0
9,no_leak,2,497,248547,39
9,no_leak,2,498,249047,56
9,no_leak,2,499,249547,69
9,no_leak,2,500,250047,61
9,no_leak,2,501,250547,47
9,no_leak,2,502,251047,83
9,no_leak,2,503,251547,106
9,no_leak,2,504,252047,133
9,no_leak,2,505,252547,139
9,no_leak,2,506,253047,123
9,no_leak,2,507,253547,121
9,no_leak,2,508,254047,117
9,no_leak,2,509,254547,100
9,no_leak,2,510,255047,67
9,no_leak,2,511,255547,83
9,no_leak,2,512,256047,83
9,no_leak,2,513,256547,61
9,no_leak,2,514,257047,21
9,no_leak,2,515,257547,57
9,no_leak,2,516,258047,71
9,no_leak,2,517,258547,58
9,no_leak,2,518,259047,40
9,no_leak,2,519,259547,47
9,no_leak,2,520,260047,63
9,no_leak,2,521,260547,111
9,no_leak,2,522,261047,110
9,no_leak,2,523,261547,69
9,no_leak,2,524,262047,45
9,no_leak,2,525,262547,101
9,no_leak,2,526,263047,137
9,no_leak,2,527,263547,121
9,no_leak,2,528,264047,118
9,no_leak,2,529,264547,89
9,no_leak,2,530,265047,56
9,no_leak,2,531,265547,29
9,no_leak,2,532,266047,55
9,no_leak,2,533,266547,94
9,no_leak,2,534,267047,136
9,no_leak,2,535,267547,121
9,no_leak,2,536,268047,89
9,no_leak,2,537,268547,56
9,no_leak,2,538,269047,60
9,no_leak,2,539,269547,75
9,no_leak,2,540,270047,92
9,no_leak,2,541,270547,94
9,no_leak,2,542,271047,85
9,no_leak,2,543,271547,67
9,no_leak,2,544,272047,36
9,no_leak,2,545,272547,11
9,no_leak,2,546,273047,39
9,no_leak,2,547,273547,29
9,no_leak,2,548,274047,40
9,no_leak,2,549,274547,45
9,no_leak,2,550,275047,39
9,no_leak,2,551,275547,7
9,no_leak,2,552,276047,0
9,no_leak,2,553,276547,0
9,no_leak,2,554,277047,39
9,no_leak,2,555,277547,40
9,no_leak,2,556,278047,42
9,no_leak,2,557,278547,27
9,no_leak,2,558,279047,1
9,no_leak,2,559,279547,0
9,no_leak,2,560,280047,0
9,no_leak,2,561,280547,67
9,no_leak,2,562,281047,99
9,no_leak,2,563,281547,91
9,no_leak,2,564,282047,78
9,no_leak,2,565,282547,39
9,no_leak,2,566,283047,3
9,no_leak,2,567,283547,0
9,no_leak,2,568,284047,1
9,no_leak,2,569,284547,102
9,no_leak,2,570,285047,140
9,no_leak,2,571,285547,107
9,no_leak,2,572,286047,95
9,no_leak,2,573,286547,44
9,no_leak,2,574,287047,13
9,no_leak,2,575,287547,0
9,no_leak,2,576,288047,0
9,no_leak,2,577,288547,76
9,no_leak,2,578,289047,85
9,no_leak,2,579,289548,78
9,no_leak,2,580,290047,79
9,no_leak,2,581,290547,75
9,no_leak,2,582,291047,47
9,no_leak,2,583,291547,59
9,no_leak,2,584,292047,95
9,no_leak,2,585,292547,149
9,no_leak,2,586,293047,172
9,no_leak,2,587,293547,180
9,no_leak,2,588,294047,165
9,no_leak,2,589,294547,163
9,no_leak,2,590,295047,153
9,no_leak,2,591,295547,121
9,no_leak,2,592,296047,104
9,no_leak,2,593,296547,101
9,no_leak,2,594,297047,93
9,no_leak,2,595,297547,99
9,no_leak,2,596,298047,79
9,no_leak,2,597,298547,47
9,no_leak,2,598,299047,23
9,no_leak,2,599,299547,39
9,no_leak,2,600,300047,19
9,no_leak,2,601,300547,10
9,no_leak,2,602,301047,0
9,no_leak,2,603,301547,0
9,no_leak,2,604,302047,0
9,no_leak,2,605,302547,0
9,no_leak,2,606,303047,0
9,no_leak,2,607,303547,0
9,no_leak,2,608,304047,0
9,no_leak,2,609,304547,19
9,no_leak,2,610,305047,1
9,no_leak,2,611,305547,0
9,no_leak,2,612,306047,26
9,no_leak,2,613,306547,75
9,no_leak,2,614,307047,89
9,no_leak,2,615,307547,62
9,no_leak,2,616,308047,108
9,no_leak,2,617,308547,111
9,no_leak,2,618,309047,117
9,no_leak,2,619,309547,139
9,no_leak,2,620,310047,121
9,no_leak,2,621,310547,118
9,no_leak,2,622,311047,99
9,no_leak,2,623,311547,57
9,no_leak,2,624,312047,87
9,no_leak,2,625,312547,73
9,no_leak,2,626,313047,63
9,no_leak,2,627,313547,39
9,no_leak,2,628,314047,36
9,no_leak,2,629,314547,43
9,no_leak,2,630,315047,72
9,no_leak,2,631,315547,72
9,no_leak,2,632,316047,73
9,no_leak,2,633,316547,47
9,no_leak,2,634,317047,53
9,no_leak,2,635,317547,119
9,no_leak,2,636,318047,125
9,no_leak,2,637,318547,125
9,no_leak,2,638,319047,99
9,no_leak,2,639,319547,41
9,no_leak,2,640,320047,43
9,no_leak,2,641,320547,75
9,no_leak,2,642,321047,83
9,no_leak,2,643,321547,110
9,no_leak,2,644,322047,121
9,no_leak,2,645,322547,121
9,no_leak,2,646,323047,90
9,no_leak,2,647,323547,45
9,no_leak,2,648,324047,41
9,no_leak,2,649,324547,37
9,no_leak,2,650,325047,73
9,no_leak,2,651,325547,91
9,no_leak,2,652,326047,124
9,no_leak,2,653,326547,125
9,no_leak,2,654,327047,117
9,no_leak,2,655,327547,77
9,no_leak,2,656,328047,33
9,no_leak,2,657,328547,31
9,no_leak,2,658,329047,41
9,no_leak,2,659,329547,98
9,no_leak,2,660,330047,111
9,no_leak,2,661,330547,108
9,no_leak,2,662,331047,95
9,no_leak,2,663,331547,55
9,no_leak,2,664,332047,47
9,no_leak,2,665,332547,44
9,no_leak,2,666,333047,91
9,no_leak,2,667,333547,140
9,no_leak,2,668,334048,124
9,no_leak,2,669,334547,120
9,no_leak,2,670,335047,89
9,no_leak,2,671,335547,54
9,no_leak,2,672,336047,22
9,no_leak,2,673,336547,53
9,no_leak,2,674,337047,43
9,no_leak,2,675,337547,73
9,no_leak,2,676,338047,75
9,no_leak,2,677,338547,16
9,no_leak,2,678,339047,0
9,no_leak,2,679,339547,88
9,no_leak,2,680,340047,57
9,no_leak,2,681,340547,43
9,no_leak,2,682,341047,43
9,no_leak,2,683,341547,9
9,no_leak,2,684,342047,0
9,no_leak,2,685,342547,4
9,no_leak,2,686,343047,29
9,no_leak,2,687,343547,69
9,no_leak,2,688,344047,89
9,no_leak,2,689,344547,102
9,no_leak,2,690,345047,89
9,no_leak,2,691,345547,59
9,no_leak,2,692,346047,63
9,no_leak,2,693,346547,70
9,no_leak,2,694,347047,98
9,no_leak,2,695,347547,153
9,no_leak,2,696,348047,167
9,no_leak,2,697,348547,155
9,no_leak,2,698,349047,123
9,no_leak,2,699,349547,87
9,no_leak,2,700,350047,56
9,no_leak,2,701,350547,53
9,no_leak,2,702,351047,75
9,no_leak,2,703,351547,95
9,no_leak,2,704,352047,89
9,no_leak,2,705,352547,85
9,no_leak,2,706,353047,51
9,no_leak,2,707,353547,15
9,no_leak,2,708,354047,42
9,no_leak,2,709,354547,53
9,no_leak,2,710,355047,69
9,no_leak,2,711,355547,61
9,no_leak,2,712,356047,24
9,no_leak,2,713,356547,0
9,no_leak,2,714,357047,0
9,no_leak,2,715,357547,0
9,no_leak,2,716,358047,67
9,no_leak,2,717,358547,55
9,no_leak,2,718,359047,51
9,no_leak,2,719,359547,31
9,no_leak,2,720,360047,28
9,no_leak,2,721,360547,16
9,no_leak,2,722,361047,20
9,no_leak,2,723,361547,58
9,no_leak,2,724,362047,61
9,no_leak,2,725,362547,102
9,no_leak,2,726,363047,107
9,no_leak,2,727,363547,116
9,no_leak,2,728,364047,96
9,no_leak,2,729,364547,83
9,no_leak,2,730,365047,76
9,no_leak,2,731,365547,84
9,no_leak,2,732,366047,123
9,no_leak,2,733,366547,133
9,no_leak,2,734,367047,143
9,no_leak,2,735,367547,123
9,no_leak,2,736,368047,92
9,no_leak,2,737,368547,126
9,no_leak,2,738,369047,115
9,no_leak,2,739,369547,135
9,no_leak,2,740,370047,117
9,no_leak,2,741,370547,137
9,no_leak,2,742,371047,103
9,no_leak,2,743,371548,62
9,no_leak,2,744,372047,23
9,no_leak,2,745,372547,0
9,no_leak,2,746,373047,0
9,no_leak,2,747,373547,0
9,no_leak,2,748,374047,0
9,no_leak,2,749,374547,0
9,no_leak,2,750,375047,0
9,no_leak,2,751,375547,17
9,no_leak,2,752,376047,1
9,no_leak,2,753,376547,12
9,no_leak,2,754,377047,0
9,no_leak,2,755,377547,0
9,no_leak,2,756,378047,0
9,no_leak,2,757,378547,1
9,no_leak,2,758,379047,0
9,no_leak,2,759,379547,0
9,no_leak,2,760,380047,0
9,no_leak,2,761,380547,0
9,no_leak,2,762,381047,0
9,no_leak,2,763,381547,0
9,no_leak,2,764,382047,16
9,no_leak,2,765,382547,17
9,no_leak,2,766,383047,0
9,no_leak,2,767,383547,0
9,no_leak,2,768,384047,0
9,no_leak,2,769,384547,26
9,no_leak,2,770,385047,41
9,no_leak,2,771,385547,81
9,no_leak,2,772,386047,63
9,no_leak,2,773,386547,41
9,no_leak,2,774,387047,12
9,no_leak,2,775,387547,0
9,no_leak,2,776,388047,0
9,no_leak,2,777,388547,17
9,no_leak,2,778,389047,69
9,no_leak,2,779,389547,81
9,no_leak,2,780,390047,84
9,no_leak,2,781,390547,53
9,no_leak,2,782,391047,9
9,no_leak,2,783,391547,43
9,no_leak,2,784,392047,71
9,no_leak,2,785,392547,89
9,no_leak,2,786,393047,99
9,no_leak,2,787,393547,111
9,no_leak,2,788,394047,94
9,no_leak,2,789,394547,103
9,no_leak,2,790,395047,105
9,no_leak,2,791,395547,101
9,no_leak,2,792,396047,89
9,no_leak,2,793,396547,99
9,no_leak,2,794,397047,104
9,no_leak,2,795,397547,117
9,no_leak,2,796,398047,111
9,no_leak,2,797,398547,121
9,no_leak,2,798,399047,117
9,no_leak,2,799,399547,82
9,no_leak,2,800,400047,87
9,no_leak,2,801,400547,102
9,no_leak,2,802,401047,70
9,no_leak,2,803,401547,77
9,no_leak,2,804,402047,76
9,no_leak,2,805,402547,56
9,no_leak,2,806,403047,89
9,no_leak,2,807,403547,75
9,no_leak,2,808,404047,56
9,no_leak,2,809,404547,101
9,no_leak,2,810,405047,119
9,no_leak,2,811,405547,105
9,no_leak,2,812,406047,120
9,no_leak,2,813,406547,147
9,no_leak,2,814,407047,120
9,no_leak,2,815,407547,101
9,no_leak,2,816,408047,104
9,no_leak,2,817,408547,87
9,no_leak,2,818,409047,95
9,no_leak,2,819,409547,61
9,no_leak,2,820,410047,29
9,no_leak,2,821,410547,52
9,no_leak,2,822,411047,89
9,no_leak,2,823,411547,77
9,no_leak,2,824,412047,47
9,no_leak,2,825,412547,37
9,no_leak,2,826,413047,6
9,no_leak,2,827,413547,61
9,no_leak,2,828,414047,25
9,no_leak,2,829,414547,62
9,no_leak,2,830,415047,20
9,no_leak,2,831,415547,70
9,no_leak,2,832,416047,86
9,no_leak,2,833,416547,74
9,no_leak,2,834,417047,41
9,no_leak,2,835,417547,70
9,no_leak,2,836,418047,103
9,no_leak,2,837,418547,76
9,no_leak,2,838,419047,39
9,no_leak,2,839,419547,57
9,no_leak,2,840,420047,83
9,no_leak,2,841,420547,37
9,no_leak,2,842,421047,35
9,no_leak,2,843,421547,5
9,no_leak,2,844,422047,18
9,no_leak,2,845,422547,25
9,no_leak,2,846,423047,41
9,no_leak,2,847,423547,45
9,no_leak,2,848,424047,33
9,no_leak,2,849,424547,26
9,no_leak,2,850,425047,83
9,no_leak,2,851,425547,73
9,no_leak,2,852,426047,53
9,no_leak,2,853,426547,19
9,no_leak,2,854,427047,41
9,no_leak,2,855,427547,43
9,no_leak,2,856,428047,90
9,no_leak,2,857,428547,135
9,no_leak,2,858,429047,133
9,no_leak,2,859,429547,133
9,no_leak,2,860,430047,102
9,no_leak,2,861,430547,63
9,no_leak,2,862,431048,55
9,no_leak,2,863,431547,9
9,no_leak,2,864,432047,2
9,no_leak,2,865,432547,45
9,no_leak,2,866,433047,53
9,no_leak,2,867,433547,43
9,no_leak,2,868,434047,43
9,no_leak,2,869,434547,23
9,no_leak,2,870,435047,3
9,no_leak,2,871,435547,2
9,no_leak,2,872,436047,42
9,no_leak,2,873,436547,41
9,no_leak,2,874,437047,61
9,no_leak,2,875,437547,39
9,no_leak,2,876,438047,37
9,no_leak,2,877,438547,41
9,no_leak,2,878,439047,6
9,no_leak,2,879,439547,3
9,no_leak,2,880,440047,29
9,no_leak,2,881,440547,26
9,no_leak,2,882,441047,21
9,no_leak,2,883,441547,42
9,no_leak,2,884,442047,39
9,no_leak,2,885,442547,1
9,no_leak,2,886,443047,97
9,no_leak,2,887,443547,121
9,no_leak,2,888,444047,115
9,no_leak,2,889,444547,107
9,no_leak,2,890,445047,116
9,no_leak,2,891,445547,72
9,no_leak,2,892,446047,61
9,no_leak,2,893,446547,35
9,no_leak,2,894,447047,0
9,no_leak,2,895,447547,0
9,no_leak,2,896,448047,0
9,no_leak,2,897,448547,0
9,no_leak,2,898,449047,0
9,no_leak,2,899,449547,0
9,no_leak,2,900,450047,0
9,no_leak,2,901,450547,0
9,no_leak,2,902,451047,0
9,no_leak,2,903,451547,0
9,no_leak,2,904,452047,0
9,no_leak,2,905,452547,0
9,no_leak,2,906,453047,0
9,no_leak,2,907,453547,22
9,no_leak,2,908,454047,0
9,no_leak,2,909,454547,3
9,no_leak,2,910,455047,80
9,no_leak,2,911,455547,95
9,no_leak,2,912,456047,103
9,no_leak,2,913,456547,85
9,no_leak,2,914,457047,29
9,no_leak,2,915,457547,7
9,no_leak,2,916,458047,53
9,no_leak,2,917,458547,111
9,no_leak,2,918,459047,121
9,no_leak,2,919,459547,111
9,no_leak,2,920,460047,107
9,no_leak,2,921,460547,110
9,no_leak,2,922,461047,47
9,no_leak,2,923,461547,45
9,no_leak,2,924,462047,43
9,no_leak,2,925,462547,54
9,no_leak,2,926,463047,73
9,no_leak,2,927,463547,104
9,no_leak,2,928,464047,87
9,no_leak,2,929,464547,53
9,no_leak,2,930,465047,36
9,no_leak,2,931,465547,21
9,no_leak,2,932,466047,0
9,no_leak,2,933,466547,0
9,no_leak,2,934,467048,0
9,no_leak,2,935,467547,0
9,no_leak,2,936,468047,35
9,no_leak,2,937,468547,40
9,no_leak,2,938,469047,53
9,no_leak,2,939,469547,41
9,no_leak,2,940,470047,9
9,no_leak,2,941,470547,0
9,no_leak,2,942,471047,29
9,no_leak,2,943,471547,79
9,no_leak,2,944,472047,117
9,no_leak,2,945,472547,163
9,no_leak,2,946,473047,141
9,no_leak,2,947,473547,105
9,no_leak,2,948,474047,78
9,no_leak,2,949,474547,87
9,no_leak,2,950,475047,89
9,no_leak,2,951,475547,91
9,no_leak,2,952,476047,142
9,no_leak,2,953,476547,127
9,no_leak,2,954,477047,91
9,no_leak,2,955,477547,43
9,no_leak,2,956,478047,79
9,no_leak,2,957,478547,117
9,no_leak,2,958,479047,133
9,no_leak,2,959,479547,147
9,no_leak,2,960,480047,103
9,no_leak,2,961,480547,57
9,no_leak,2,962,481047,99
9,no_leak,2,963,481547,89
9,no_leak,2,964,482047,121
9,no_leak,2,965,482547,110
9,no_leak,2,966,483047,107
9,no_leak,2,967,483547,83
9,no_leak,2,968,484047,59
9,no_leak,2,969,484547,109
9,no_leak,2,970,485047,105
9,no_leak,2,971,485547,128
9,no_leak,2,972,486047,137
9,no_leak,2,973,486547,110
9,no_leak,2,974,487047,102
9,no_leak,2,975,487547,55
9,no_leak,2,976,488047,79
9,no_leak,2,977,488547,107
9,no_leak,2,978,489047,123
9,no_leak,2,979,489547,125
9,no_leak,2,980,490047,121
9,no_leak,2,981,490547,91
9,no_leak,2,982,491047,61
9,no_leak,2,983,491547,89
9,no_leak,2,984,492047,103
9,no_leak,2,985,492547,109
9,no_leak,2,986,493047,125
9,no_leak,2,987,493547,115
9,no_leak,2,988,494047,97
9,no_leak,2,989,494547,57
9,no_leak,2,990,495047,73
9,no_leak,2,991,495547,37
9,no_leak,2,992,496047,54
9,no_leak,2,993,496547,61
9,no_leak,2,994,497047,91
9,no_leak,2,995,497547,77
9,no_leak,2,996,498047,57
9,no_leak,2,997,498547,47
9,no_leak,2,998,499047,18
9,no_leak,2,999,499547,0
9,no_leak,2,1000,500047,0
9,no_leak,2,1001,500547,0
9,no_leak,2,1002,501047,0
9,no_leak,2,1003,501547,7
9,no_leak,2,1004,502047,37
9,no_leak,2,1005,502547,45
9,no_leak,2,1006,503047,58
9,no_leak,2,1007,503547,51
9,no_leak,2,1008,504047,39
9,no_leak,2,1009,504547,25
9,no_leak,2,1010,505047,20
9,no_leak,2,1011,505547,36
9,no_leak,2,1012,506047,23
9,no_leak,2,1013,506547,35
9,no_leak,2,1014,507047,83
9,no_leak,2,1015,507547,73
9,no_leak,2,1016,508047,47
9,no_leak,2,1017,508547,12
9,no_leak,2,1018,509047,31
9,no_leak,2,1019,509547,56
9,no_leak,2,1020,510047,57
9,no_leak,2,1021,510547,54
9,no_leak,2,1022,511047,37
9,no_leak,2,1023,511547,2
9,no_leak,2,1024,512047,11
9,no_leak,2,1025,512547,71
9,no_leak,2,1026,513047,77
9,no_leak,2,1027,513547,85
9,no_leak,2,1028,514047,76
9,no_leak,2,1029,514547,57
9,no_leak,2,1030,515047,13
9,no_leak,2,1031,515547,5
9,no_leak,2,1032,516047,27
9,no_leak,2,1033,516547,45
9,no_leak,2,1034,517047,101
9,no_leak,2,1035,517547,109
9,no_leak,2,1036,518047,109
9,no_leak,2,1037,518547,89
9,no_leak,2,1038,519047,77
9,no_leak,2,1039,519547,31
9,no_leak,2,1040,520047,42
9,no_leak,2,1041,520547,77
9,no_leak,2,1042,521047,99
9,no_leak,2,1043,521547,82
9,no_leak,2,1044,522047,77
9,no_leak,2,1045,522547,97
9,no_leak,2,1046,523047,99
9,no_leak,2,1047,523547,101
9,no_leak,2,1048,524047,89
9,no_leak,2,1049,524547,73
9,no_leak,2,1050,525047,63
9,no_leak,2,1051,525547,35
9,no_leak,2,1052,526047,0
9,no_leak,2,1053,526547,19
9,no_leak,2,1054,527047,1
9,no_leak,2,1055,527547,30
9,no_leak,2,1056,528047,89
9,no_leak,2,1057,528547,103
9,no_leak,2,1058,529047,93
9,no_leak,2,1059,529547,89
9,no_leak,2,1060,530047,75
9,no_leak,2,1061,530547,54
9,no_leak,2,1062,531047,7
9,no_leak,2,1063,531547,27
9,no_leak,2,1064,532047,55
9,no_leak,2,1065,532547,57
9,no_leak,2,1066,533047,79
9,no_leak,2,1067,533547,73
9,no_leak,2,1068,534047,71
9,no_leak,2,1069,534547,41
9,no_leak,2,1070,535047,25
9,no_leak,2,1071,535547,0
9,no_leak,2,1072,536047,0
9,no_leak,2,1073,536547,0
9,no_leak,2,1074,537047,0
9,no_leak,2,1075,537547,25
9,no_leak,2,1076,538047,31
9,no_leak,2,1077,538547,41
9,no_leak,2,1078,539047,20
9,no_leak,2,1079,539547,0
9,no_leak,2,1080,540047,0
9,no_leak,2,1081,540547,13
9,no_leak,2,1082,541047,45
9,no_leak,2,1083,541547,59
9,no_leak,2,1084,542047,75
9,no_leak,2,1085,542547,46
9,no_leak,2,1086,543047,17
9,no_leak,2,1087,543547,53
9,no_leak,2,1088,544047,105
9,no_leak,2,1089,544547,83
9,no_leak,2,1090,545047,105
9,no_leak,2,1091,545547,109
9,no_leak,2,1092,546047,58
9,no_leak,2,1093,546547,45
9,no_leak,2,1094,547047,77
9,no_leak,2,1095,547547,90
9,no_leak,2,1096,548047,122
9,no_leak,2,1097,548547,91
9,no_leak,2,1098,549047,89
9,no_leak,2,1099,549547,43
9,no_leak,2,1100,550047,11
9,no_leak,2,1101,550547,0
9,no_leak,2,1102,551047,1
9,no_leak,2,1103,551547,13
9,no_leak,2,1104,552047,37
9,no_leak,2,1105,552547,61
9,no_leak,2,1106,553047,53
9,no_leak,2,1107,553547,7
9,no_leak,2,1108,554047,0
9,no_leak,2,1109,554547,0
9,no_leak,2,1110,555047,7
9,no_leak,2,1111,555547,39
9,no_leak,2,1112,556047,70
9,no_leak,2,1113,556547,69
9,no_leak,2,1114,557047,40
9,no_leak,2,1115,557547,9
9,no_leak,2,1116,558047,0
9,no_leak,2,1117,558547,0
9,no_leak,2,1118,559047,33
9,no_leak,2,1119,559547,53
9,no_leak,2,1120,560047,45
9,no_leak,2,1121,560547,71
9,no_leak,2,1122,561047,75
9,no_leak,2,1123,561547,42
9,no_leak,2,1124,562047,61
9,no_leak,2,1125,562547,55
9,no_leak,2,1126,563047,74
9,no_leak,2,1127,563547,13
9,no_leak,2,1128,564047,0
9,no_leak,2,1129,564547,53
9,no_leak,2,1130,565047,57
9,no_leak,2,1131,565547,53
9,no_leak,2,1132,566047,42
9,no_leak,2,1133,566547,23
9,no_leak,2,1134,567047,16
9,no_leak,2,1135,567547,44
9,no_leak,2,1136,568047,73
9,no_leak,2,1137,568547,74
9,no_leak,2,1138,569047,51
9,no_leak,2,1139,569547,72
9,no_leak,2,1140,570047,40
9,no_leak,2,1141,570547,28
9,no_leak,2,1142,571047,52
9,no_leak,2,1143,571547,60
9,no_leak,2,1144,572047,51
9,no_leak,2,1145,572547,61
9,no_leak,2,1146,573047,44
9,no_leak,2,1147,573547,31
9,no_leak,2,1148,574047,30
9,no_leak,2,1149,574547,71
9,no_leak,2,1150,575047,78
9,no_leak,2,1151,575547,87
9,no_leak,2,1152,576047,95
9,no_leak,2,1153,576547,52
9,no_leak,2,1154,577047,0
9,no_leak,2,1155,577547,13
9,no_leak,2,1156,578047,45
9,no_leak,2,1157,578547,47
9,no_leak,2,1158,579047,57
9,no_leak,2,1159,579547,59
9,no_leak,2,1160,580047,23
9,no_leak,2,1161,580547,0
9,no_leak,2,1162,581047,0
9,no_leak,2,1163,581547,0
9,no_leak,2,1164,582047,25
9,no_leak,2,1165,582547,26
9,no_leak,2,1166,583047,37
9,no_leak,2,1167,583547,6
9,no_leak,2,1168,584047,0
9,no_leak,2,1169,584547,0
9,no_leak,2,1170,585047,37
9,no_leak,2,1171,585547,28
9,no_leak,2,1172,586047,55
9,no_leak,2,1173,586547,38
9,no_leak,2,1174,587047,1
9,no_leak,2,1175,587547,0
9,no_leak,2,1176,588047,0
9,no_leak,2,1177,588547,0
9,no_leak,2,1178,589047,10
9,no_leak,2,1179,589547,0
9,no_leak,2,1180,590047,0
9,no_leak,2,1181,590547,0
9,no_leak,2,1182,591047,0
9,no_leak,2,1183,591547,0
9,no_leak,2,1184,592047,0
9,no_leak,2,1185,592547,21
9,no_leak,2,1186,593047,25
9,no_leak,2,1187,593547,37
9,no_leak,2,1188,594047,47
9,no_leak,2,1189,594547,54
9,no_leak,2,1190,595047,31
9,no_leak,2,1191,595547,9
9,no_leak,2,1192,596047,21
9,no_leak,2,1193,596547,59
9,no_leak,2,1194,597047,82
9,no_leak,2,1195,597547,77
9,no_leak,2,1196,598047,47
9,no_leak,2,1197,598547,31
9,no_leak,2,1198,599047,56
9,no_leak,2,1199,599547,125
9,no_leak,2,1200,600047,171
9,no_leak,2,1201,600547,165
9,no_leak,2,1202,601047,159
9,no_leak,2,1203,601547,99
9,no_leak,2,1204,602047,87
9,no_leak,2,1205,602547,95
9,no_leak,2,1206,603047,149
9,no_leak,2,1207,603547,148
9,no_leak,2,1208,604047,148
9,no_leak,2,1209,604547,134
9,no_leak,2,1210,605047,84
9,no_leak,2,1211,605547,109
9,no_leak,2,1212,606047,151
9,no_leak,2,1213,606547,163
9,no_leak,2,1214,607047,169
9,no_leak,2,1215,607547,141
9,no_leak,2,1216,608047,92
9,no_leak,2,1217,608547,93
9,no_leak,2,1218,609047,146
9,no_leak,2,1219,609547,182
9,no_leak,2,1220,610047,183
9,no_leak,2,1221,610547,186
9,no_leak,2,1222,611047,184
9,no_leak,2,1223,611547,117
9,no_leak,2,1224,612047,67
9,no_leak,2,1225,612547,55
9,no_leak,2,1226,613047,79
9,no_leak,2,1227,613547,85
9,no_leak,2,1228,614047,103
9,no_leak,2,1229,614547,114
9,no_leak,2,1230,615047,93
9,no_leak,2,1231,615547,84
9,no_leak,2,1232,616047,59
9,no_leak,2,1233,616547,39
9,no_leak,2,1234,617047,36
9,no_leak,2,1235,617547,53
9,no_leak,2,1236,618047,54
9,no_leak,2,1237,618547,115
9,no_leak,2,1238,619047,119
9,no_leak,2,1239,619547,117
9,no_leak,2,1240,620047,119
9,no_leak,2,1241,620547,104
9,no_leak,2,1242,621047,61
9,no_leak,2,1243,621547,36
9,no_leak,2,1244,622047,67
9,no_leak,2,1245,622547,60
9,no_leak,2,1246,623047,57
9,no_leak,2,1247,623547,45
9,no_leak,2,1248,624047,71
9,no_leak,2,1249,624547,101
9,no_leak,2,1250,625047,123
9,no_leak,2,1251,625547,124
9,no_leak,2,1252,626047,111
9,no_leak,2,1253,626547,111
9,no_leak,2,1254,627047,103
9,no_leak,2,1255,627547,111
9,no_leak,2,1256,628047,137
9,no_leak,2,1257,628547,141
9,no_leak,2,1258,629047,137
9,no_leak,2,1259,629547,117
9,no_leak,2,1260,630047,105
9,no_leak,2,1261,630547,103
9,no_leak,2,1262,631047,109
9,no_leak,2,1263,631547,133
9,no_leak,2,1264,632047,111
9,no_leak,2,1265,632547,57
9,no_leak,2,1266,633047,20
9,no_leak,2,1267,633547,27
9,no_leak,2,1268,634047,27
9,no_leak,2,1269,634547,29
9,no_leak,2,1270,635047,59
9,no_leak,2,1271,635547,29
9,no_leak,2,1272,636047,11
9,no_leak,2,1273,636547,0
9,no_leak,2,1274,637047,0
9,no_leak,2,1275,637547,0
9,no_leak,2,1276,638047,0
9,no_leak,2,1277,638547,16
9,no_leak,2,1278,639047,23
9,no_leak,2,1279,639547,17
9,no_leak,2,1280,640047,0
9,no_leak,2,1281,640547,0
9,no_leak,2,1282,641047,0
9,no_leak,2,1283,641547,0
9,no_leak,2,1284,642047,82
9,no_leak,2,1285,642547,98
9,no_leak,2,1286,643047,101
9,no_leak,2,1287,643547,111
9,no_leak,2,1288,644047,85
9,no_leak,2,1289,644547,46
9,no_leak,2,1290,645047,43
9,no_leak,2,1291,645547,55
9,no_leak,2,1292,646047,87
9,no_leak,2,1293,646547,109
9,no_leak,2,1294,647047,152
9,no_leak,2,1295,647547,147
9,no_leak,2,1296,648047,137
9,no_leak,2,1297,648547,104
9,no_leak,2,1298,649047,85
9,no_leak,2,1299,649547,30
9,no_leak,2,1300,650047,27
9,no_leak,2,1301,650547,44
9,no_leak,2,1302,651047,56
9,no_leak,2,1303,651547,79
9,no_leak,2,1304,652047,73
9,no_leak,2,1305,652547,69
9,no_leak,2,1306,653047,61
9,no_leak,2,1307,653547,45
9,no_leak,2,1308,654047,23
9,no_leak,2,1309,654547,11
9,no_leak,2,1310,655047,18
9,no_leak,2,1311,655547,25
9,no_leak,2,1312,656047,39
9,no_leak,2,1313,656547,29
9,no_leak,2,1314,657047,22
9,no_leak,2,1315,657547,0
9,no_leak,2,1316,658047,0
9,no_leak,2,1317,658547,0
9,no_leak,2,1318,659047,29
9,no_leak,2,1319,659547,53
9,no_leak,2,1320,660047,53
9,no_leak,2,1321,660547,41
9,no_leak,2,1322,661047,22
9,no_leak,2,1323,661547,0
9,no_leak,2,1324,662047,0
9,no_leak,2,1325,662547,25
9,no_leak,2,1326,663047,71
9,no_leak,2,1327,663547,73
9,no_leak,2,1328,664047,45
9,no_leak,2,1329,664547,29
9,no_leak,2,1330,665047,0
9,no_leak,2,1331,665547,0
9,no_leak,2,1332,666047,0
9,no_leak,2,1333,666547,3
9,no_leak,2,1334,667047,7
9,no_leak,2,1335,667548,9
9,no_leak,2,1336,668047,0
9,no_leak,2,1337,668547,0
9,no_leak,2,1338,669047,31
9,no_leak,2,1339,669547,19
9,no_leak,2,1340,670047,6
9,no_leak,2,1341,670547,0
9,no_leak,2,1342,671047,0
9,no_leak,2,1343,671547,11
9,no_leak,2,1344,672047,51
9,no_leak,2,1345,672547,71
9,no_leak,2,1346,673047,69
9,no_leak,2,1347,673547,29
9,no_leak,2,1348,674047,5
9,no_leak,2,1349,674547,19
9,no_leak,2,1350,675047,37
9,no_leak,2,1351,675547,54
9,no_leak,2,1352,676047,62
9,no_leak,2,1353,676547,103
9,no_leak,2,1354,677047,101
9,no_leak,2,1355,677547,99
9,no_leak,2,1356,678047,90
9,no_leak,2,1357,678547,94
9,no_leak,2,1358,679047,103
9,no_leak,2,1359,679547,127
9,no_leak,2,1360,680047,116
9,no_leak,2,1361,680547,87
9,no_leak,2,1362,681047,90
9,no_leak,2,1363,681547,87
9,no_leak,2,1364,682047,80
9,no_leak,2,1365,682547,22
9,no_leak,2,1366,683047,57
9,no_leak,2,1367,683547,75
9,no_leak,2,1368,684047,62
9,no_leak,2,1369,684547,85
9,no_leak,2,1370,685047,62
9,no_leak,2,1371,685547,73
9,no_leak,2,1372,686047,79
9,no_leak,2,1373,686547,41
9,no_leak,2,1374,687047,93
9,no_leak,2,1375,687547,93
9,no_leak,2,1376,688047,85
9,no_leak,2,1377,688547,57
9,no_leak,2,1378,689047,29
9,no_leak,2,1379,689547,26
9,no_leak,2,1380,690047,40
9,no_leak,2,1381,690547,73
9,no_leak,2,1382,691047,95
9,no_leak,2,1383,691547,93
9,no_leak,2,1384,692047,136
9,no_leak,2,1385,692547,133
9,no_leak,2,1386,693047,118
9,no_leak,2,1387,693547,120
9,no_leak,2,1388,694047,124
9,no_leak,2,1389,694547,148
9,no_leak,2,1390,695047,198
9,no_leak,2,1391,695547,209
9,no_leak,2,1392,696047,179
9,no_leak,2,1393,696547,143
9,no_leak,2,1394,697047,57
9,no_leak,2,1395,697547,75
9,no_leak,2,1396,698047,102
9,no_leak,2,1397,698547,116
9,no_leak,2,1398,699047,104
9,no_leak,2,1399,699547,98
9,no_leak,2,1400,700047,73
9,no_leak,2,1401,700547,26
9,no_leak,2,1402,701047,0
9,no_leak,2,1403,701547,0
9,no_leak,2,1404,702047,0
9,no_leak,2,1405,702547,35
9,no_leak,2,1406,703047,36
9,no_leak,2,1407,703547,11
9,no_leak,2,1408,704047,9
9,no_leak,2,1409,704547,0
9,no_leak,2,1410,705047,0
9,no_leak,2,1411,705547,0
9,no_leak,2,1412,706047,0
9,no_leak,2,1413,706547,0
9,no_leak,2,1414,707047,31
9,no_leak,2,1415,707547,31
9,no_leak,2,1416,708047,33
9,no_leak,2,1417,708547,31
9,no_leak,2,1418,709047,16
9,no_leak,2,1419,709547,17
9,no_leak,2,1420,710047,53
9,no_leak,2,1421,710547,95
9,no_leak,2,1422,711047,106
9,no_leak,2,1423,711547,139
9,no_leak,2,1424,712047,131
9,no_leak,2,1425,712547,108
9,no_leak,2,1426,713047,60
9,no_leak,2,1427,713547,58
9,no_leak,2,1428,714048,101
9,no_leak,2,1429,714547,139
9,no_leak,2,1430,715047,135
9,no_leak,2,1431,715547,131
9,no_leak,2,1432,716047,109
9,no_leak,2,1433,716547,93
9,no_leak,2,1434,717047,55
9,no_leak,2,1435,717547,28
9,no_leak,2,1436,718047,16
9,no_leak,2,1437,718547,26
9,no_leak,2,1438,719047,73
9,no_leak,2,1439,719547,61
9,no_leak,2,1440,720047,61
9,no_leak,2,1441,720547,41
9,no_leak,2,1442,721047,28
9,no_leak,2,1443,721547,0
9,no_leak,2,1444,722047,72
9,no_leak,2,1445,722547,111
9,no_leak,2,1446,723047,135
9,no_leak,2,1447,723547,158
9,no_leak,2,1448,724047,160
9,no_leak,2,1449,724547,159
9,no_leak,2,1450,725047,148
9,no_leak,2,1451,725547,106
9,no_leak,2,1452,726047,79
9,no_leak,2,1453,726547,84
9,no_leak,2,1454,727047,137
9,no_leak,2,1455,727547,147
9,no_leak,2,1456,728047,143
9,no_leak,2,1457,728547,109
9,no_leak,2,1458,729047,72
9,no_leak,2,1459,729547,53
9,no_leak,2,1460,730047,61
9,no_leak,2,1461,730547,57
9,no_leak,2,1462,731047,89
9,no_leak,2,1463,731547,73
9,no_leak,2,1464,732047,55
9,no_leak,2,1465,732547,31
9,no_leak,2,1466,733047,1
9,no_leak,2,1467,733547,0
9,no_leak,2,1468,734047,48
9,no_leak,2,1469,734547,55
9,no_leak,2,1470,735047,44
9,no_leak,2,1471,735547,41
9,no_leak,2,1472,736047,29
9,no_leak,2,1473,736547,0
9,no_leak,2,1474,737048,11
9,no_leak,2,1475,737547,19
9,no_leak,2,1476,738047,5
9,no_leak,2,1477,738547,0
9,no_leak,2,1478,739047,0
9,no_leak,2,1479,739547,10
9,no_leak,2,1480,740047,8
9,no_leak,2,1481,740547,0
9,no_leak,2,1482,741047,0
9,no_leak,2,1483,741547,0
9,no_leak,2,1484,742047,0
9,no_leak,2,1485,742547,12
9,no_leak,2,1486,743047,18
9,no_leak,2,1487,743547,0
9,no_leak,2,1488,744047,0
9,no_leak,2,1489,744547,0
9,no_leak,2,1490,745047,0
9,no_leak,2,1491,745547,0
9,no_leak,2,1492,746047,0
9,no_leak,2,1493,746547,0
9,no_leak,2,1494,747047,0
9,no_leak,2,1495,747547,0
9,no_leak,2,1496,748047,0
9,no_leak,2,1497,748547,0
9,no_leak,2,1498,749047,0
9,no_leak,2,1499,749547,41
9,no_leak,2,1500,750047,12
9,no_leak,2,1501,750547,0
9,no_leak,2,1502,751047,0
9,no_leak,2,1503,751547,0
9,no_leak,2,1504,752047,13
9,no_leak,2,1505,752547,30
9,no_leak,2,1506,753047,37
9,no_leak,2,1507,753547,39
9,no_leak,2,1508,754047,21
9,no_leak,2,1509,754547,0
9,no_leak,2,1510,755047,0
9,no_leak,2,1511,755547,19
9,no_leak,2,1512,756047,43
9,no_leak,2,1513,756547,59
9,no_leak,2,1514,757047,79
9,no_leak,2,1515,757547,73
9,no_leak,2,1516,758047,44
9,no_leak,2,1517,758547,13
9,no_leak,2,1518,759047,0
9,no_leak,2,1519,759547,20
9,no_leak,2,1520,760047,43
9,no_leak,2,1521,760547,69
9,no_leak,2,1522,761047,94
9,no_leak,2,1523,761547,99
9,no_leak,2,1524,762047,87
9,no_leak,2,1525,762547,77
9,no_leak,2,1526,763047,47
9,no_leak,2,1527,763547,27
9,no_leak,2,1528,764047,37
9,no_leak,2,1529,764547,38
9,no_leak,2,1530,765047,87
9,no_leak,2,1531,765547,72
9,no_leak,2,1532,766047,104
9,no_leak,2,1533,766547,109
9,no_leak,2,1534,767047,104
9,no_leak,2,1535,767547,118
9,no_leak,2,1536,768047,83
9,no_leak,2,1537,768547,73
9,no_leak,2,1538,769047,75
9,no_leak,2,1539,769547,124
9,no_leak,2,1540,770047,125
9,no_leak,2,1541,770547,122
9,no_leak,2,1542,771047,105
9,no_leak,2,1543,771547,31
9,no_leak,2,1544,772047,72
9,no_leak,2,1545,772547,109
9,no_leak,2,1546,773047,127
9,no_leak,2,1547,773547,159
9,no_leak,2,1548,774047,177
9,no_leak,2,1549,774547,172
9,no_leak,2,1550,775047,183
9,no_leak,2,1551,775547,182
9,no_leak,2,1552,776047,164
9,no_leak,2,1553,776547,150
9,no_leak,2,1554,777047,137
9,no_leak,2,1555,777547,121
9,no_leak,2,1556,778047,123
9,no_leak,2,1557,778547,105
9,no_leak,2,1558,779047,126
9,no_leak,2,1559,779547,115
9,no_leak,2,1560,780047,111
9,no_leak,2,1561,780547,87
9,no_leak,2,1562,781047,56
9,no_leak,2,1563,781547,30
9,no_leak,2,1564,782047,22
9,no_leak,2,1565,782547,20
9,no_leak,2,1566,783047,23
9,no_leak,2,1567,783547,31
9,no_leak,2,1568,784047,7
9,no_leak,2,1569,784547,0
9,no_leak,2,1570,785047,0
9,no_leak,2,1571,785548,41
9,no_leak,2,1572,786047,37
9,no_leak,2,1573,786547,54
9,no_leak,2,1574,787047,6
9,no_leak,2,1575,787547,0
9,no_leak,2,1576,788047,21
9,no_leak,2,1577,788548,45
9,no_leak,2,1578,789047,91
9,no_leak,2,1579,789547,102
9,no_leak,2,1580,790047,93
9,no_leak,2,1581,790547,55
9,no_leak,2,1582,791047,63
9,no_leak,2,1583,791547,87
9,no_leak,2,1584,792047,91
9,no_leak,2,1585,792547,108
9,no_leak,2,1586,793047,87
9,no_leak,2,1587,793547,116
9,no_leak,2,1588,794047,119
9,no_leak,2,1589,794547,103
9,no_leak,2,1590,795047,77
9,no_leak,2,1591,795547,77
9,no_leak,2,1592,796047,121
9,no_leak,2,1593,796547,101
9,no_leak,2,1594,797047,93
9,no_leak,2,1595,797547,58
9,no_leak,2,1596,798047,43
9,no_leak,2,1597,798547,45
9,no_leak,2,1598,799047,41
9,no_leak,2,1599,799547,49
9,no_leak,2,1600,800047,23
9,no_leak,2,1601,800547,0
9,no_leak,2,1602,801047,0
9,no_leak,2,1603,801547,0
9,no_leak,2,1604,802047,0
9,no_leak,2,1605,802547,0
9,no_leak,2,1606,803047,1
9,no_leak,2,1607,803547,0
9,no_leak,2,1608,804047,0
9,no_leak,2,1609,804547,0
9,no_leak,2,1610,805047,0
9,no_leak,2,1611,805547,57
9,no_leak,2,1612,806047,75
9,no_leak,2,1613,806547,75
9,no_leak,2,1614,807047,87
9,no_leak,2,1615,807547,48
9,no_leak,2,1616,808047,20
9,no_leak,2,1617,808547,9
9,no_leak,2,1618,809047,26
9,no_leak,2,1619,809547,93
9,no_leak,2,1620,810047,143
9,no_leak,2,1621,810548,139
9,no_leak,2,1622,811047,125
9,no_leak,2,1623,811547,100
9,no_leak,2,1624,812047,40
9,no_leak,2,1625,812547,18
9,no_leak,2,1626,813047,0
9,no_leak,2,1627,813547,75
9,no_leak,2,1628,814047,125
9,no_leak,2,1629,814547,103
9,no_leak,2,1630,815047,73
9,no_leak,2,1631,815547,55
9,no_leak,2,1632,816047,61
9,no_leak,2,1633,816547,45
9,no_leak,2,1634,817047,27
9,no_leak,2,1635,817547,23
9,no_leak,2,1636,818047,0
9,no_leak,2,1637,818547,0
9,no_leak,2,1638,819047,0
9,no_leak,2,1639,819547,0
9,no_leak,2,1640,820047,0
9,no_leak,2,1641,820547,0
9,no_leak,2,1642,821047,0
9,no_leak,2,1643,821547,0
9,no_leak,2,1644,822047,0
9,no_leak,2,1645,822547,0
9,no_leak,2,1646,823047,0
9,no_leak,2,1647,823547,0
9,no_leak,2,1648,824047,0
9,no_leak,2,1649,824547,0
9,no_leak,2,1650,825047,63
9,no_leak,2,1651,825547,39
9,no_leak,2,1652,826047,28
9,no_leak,2,1653,826547,27
9,no_leak,2,1654,827047,0
9,no_leak,2,1655,827547,0
9,no_leak,2,1656,828047,47
9,no_leak,2,1657,828547,52
9,no_leak,2,1658,829047,39
9,no_leak,2,1659,829547,25
9,no_leak,2,1660,830047,1
9,no_leak,2,1661,830547,0
9,no_leak,2,1662,831047,0
9,no_leak,2,1663,831547,0
9,no_leak,2,1664,832047,0
9,no_leak,2,1665,832547,0
9,no_leak,2,1666,833047,13
9,no_leak,2,1667,833547,0
9,no_leak,2,1668,834047,0
9,no_leak,2,1669,834547,0
9,no_leak,2,1670,835047,0
9,no_leak,2,1671,835547,0
9,no_leak,2,1672,836047,0
9,no_leak,2,1673,836547,39
9,no_leak,2,1674,837047,69
9,no_leak,2,1675,837547,90
9,no_leak,2,1676,838047,71
9,no_leak,2,1677,838547,74
9,no_leak,2,1678,839047,33
9,no_leak,2,1679,839547,13
9,no_leak,2,1680,840047,19
9,no_leak,2,1681,840547,51
9,no_leak,2,1682,841047,111
9,no_leak,2,1683,841547,151
9,no_leak,2,1684,842047,192
9,no_leak,2,1685,842547,185
9,no_leak,2,1686,843047,185
9,no_leak,2,1687,843547,211
9,no_leak,2,1688,844047,243
9,no_leak,2,1689,844547,191
9,no_leak,2,1690,845047,138
9,no_leak,2,1691,845547,175
9,no_leak,2,1692,846047,173
9,no_leak,2,1693,846547,167
9,no_leak,2,1694,847047,204
9,no_leak,2,1695,847547,171
9,no_leak,2,1696,848047,139
9,no_leak,2,1697,848547,165
9,no_leak,2,1698,849047,165
9,no_leak,2,1699,849547,169
9,no_leak,2,1700,850047,151
9,no_leak,2,1701,850547,104
9,no_leak,2,1702,851047,99
9,no_leak,2,1703,851547,117
9,no_leak,2,1704,852047,143
9,no_leak,2,1705,852547,185
9,no_leak,2,1706,853047,173
9,no_leak,2,1707,853547,139
9,no_leak,2,1708,854047,87
9,no_leak,2,1709,854547,78
9,no_leak,2,1710,855047,123
9,no_leak,2,1711,855547,141
9,no_leak,2,1712,856047,114
9,no_leak,2,1713,856547,90
9,no_leak,2,1714,857047,73
9,no_leak,2,1715,857547,36
9,no_leak,2,1716,858047,23
9,no_leak,2,1717,858547,0
9,no_leak,2,1718,859047,0
9,no_leak,2,1719,859547,0
9,no_leak,2,1720,860047,0
9,no_leak,2,1721,860547,21
9,no_leak,2,1722,861047,63
9,no_leak,2,1723,861547,63
9,no_leak,2,1724,862047,72
9,no_leak,2,1725,862547,57
9,no_leak,2,1726,863047,19
9,no_leak,2,1727,863547,0
9,no_leak,2,1728,864047,0
9,no_leak,2,1729,864547,0
9,no_leak,2,1730,865047,39
9,no_leak,2,1731,865547,9
9,no_leak,2,1732,866047,17
9,no_leak,2,1733,866547,48
9,no_leak,2,1734,867047,51
9,no_leak,2,1735,867547,29
9,no_leak,2,1736,868047,13
9,no_leak,2,1737,868547,0
9,no_leak,2,1738,869047,0
9,no_leak,2,1739,869547,0
9,no_leak,2,1740,870047,0
9,no_leak,2,1741,870547,30
9,no_leak,2,1742,871047,61
9,no_leak,2,1743,871547,116
9,no_leak,2,1744,872047,135
9,no_leak,2,1745,872547,125
9,no_leak,2,1746,873047,101
9,no_leak,2,1747,873547,53
9,no_leak,2,1748,874047,29
9,no_leak,2,1749,874547,67
9,no_leak,2,1750,875047,145
9,no_leak,2,1751,875547,168
9,no_leak,2,1752,876047,173
9,no_leak,2,1753,876547,165
9,no_leak,2,1754,877047,141
9,no_leak,2,1755,877547,120
9,no_leak,2,1756,878047,119
9,no_leak,2,1757,878547,150
9,no_leak,2,1758,879047,147
9,no_leak,2,1759,879547,133
9,no_leak,2,1760,880047,114
9,no_leak,2,1761,880547,36
9,no_leak,2,1762,881047,26
9,no_leak,2,1763,881547,72
9,no_leak,2,1764,882047,90
9,no_leak,2,1765,882547,92
9,no_leak,2,1766,883047,71
9,no_leak,2,1767,883547,68
9,no_leak,2,1768,884047,51
9,no_leak,2,1769,884547,19
9,no_leak,2,1770,885047,0
9,no_leak,2,1771,885547,0
9,no_leak,2,1772,886047,0
9,no_leak,2,1773,886547,23
9,no_leak,2,1774,887047,1
9,no_leak,2,1775,887547,30
9,no_leak,2,1776,888047,37
9,no_leak,2,1777,888547,12
9,no_leak,2,1778,889047,13
9,no_leak,2,1779,889547,0
9,no_leak,2,1780,890047,3
9,no_leak,2,1781,890547,31
9,no_leak,2,1782,891047,63
9,no_leak,2,1783,891547,61
9,no_leak,2,1784,892047,83
9,no_leak,2,1785,892547,43
9,no_leak,2,1786,893047,55
9,no_leak,2,1787,893547,9
9,no_leak,2,1788,894047,17
9,no_leak,2,1789,894547,25
9,no_leak,2,1790,895047,93
9,no_leak,2,1791,895547,117
9,no_leak,2,1792,896047,105
9,no_leak,2,1793,896547,101
9,no_leak,2,1794,897047,73
9,no_leak,2,1795,897547,82
9,no_leak,2,1796,898047,107
9,no_leak,2,1797,898547,134
9,no_leak,2,1798,899047,158
9,no_leak,2,1799,899547,171
9,no_leak,2,1800,900047,175
9,no_leak,2,1801,900547,176
9,no_leak,2,1802,901047,158
9,no_leak,2,1803,901547,147
9,no_leak,2,1804,902047,147
9,no_leak,2,1805,902547,115
9,no_leak,2,1806,903047,121
9,no_leak,2,1807,903547,138
9,no_leak,2,1808,904047,135
9,no_leak,2,1809,904547,101
9,no_leak,2,1810,905047,93
9,no_leak,2,1811,905547,71
9,no_leak,2,1812,906047,59
9,no_leak,2,1813,906547,33
9,no_leak,2,1814,907047,11
9,no_leak,2,1815,907547,12
9,no_leak,2,1816,908047,33
9,no_leak,2,1817,908547,25
9,no_leak,2,1818,909047,25
9,no_leak,2,1819,909547,29
9,no_leak,2,1820,910047,19
9,no_leak,2,1821,910547,0
9,no_leak,2,1822,911047,0
9,no_leak,2,1823,911547,63
9,no_leak,2,1824,912047,60
9,no_leak,2,1825,912547,51
9,no_leak,2,1826,913047,36
9,no_leak,2,1827,913547,3
9,no_leak,2,1828,914047,0
9,no_leak,2,1829,914547,7
9,no_leak,2,1830,915047,68
9,no_leak,2,1831,915547,73
9,no_leak,2,1832,916047,77
9,no_leak,2,1833,916547,48
9,no_leak,2,1834,917047,9
9,no_leak,2,1835,917547,10
9,no_leak,2,1836,918047,79
9,no_leak,2,1837,918547,88
9,no_leak,2,1838,919047,107
9,no_leak,2,1839,919547,107
9,no_leak,2,1840,920047,118
9,no_leak,2,1841,920547,98
9,no_leak,2,1842,921047,45
9,no_leak,2,1843,921547,69
9,no_leak,2,1844,922047,59
9,no_leak,2,1845,922547,85
9,no_leak,2,1846,923047,103
9,no_leak,2,1847,923547,101
9,no_leak,2,1848,924047,95
9,no_leak,2,1849,924547,107
9,no_leak,2,1850,925047,93
9,no_leak,2,1851,925547,99
9,no_leak,2,1852,926047,92
9,no_leak,2,1853,926547,99
9,no_leak,2,1854,927047,89
9,no_leak,2,1855,927547,87
9,no_leak,2,1856,928047,81
9,no_leak,2,1857,928547,116
9,no_leak,2,1858,929047,115
9,no_leak,2,1859,929547,99
9,no_leak,2,1860,930047,63
9,no_leak,2,1861,930547,31
9,no_leak,2,1862,931047,13
9,no_leak,2,1863,931547,21
9,no_leak,2,1864,932047,52
9,no_leak,2,1865,932547,31
9,no_leak,2,1866,933047,6
9,no_leak,2,1867,933547,0
9,no_leak,2,1868,934047,0
9,no_leak,2,1869,934547,0
9,no_leak,2,1870,935047,0
9,no_leak,2,1871,935547,0
9,no_leak,2,1872,936047,0
9,no_leak,2,1873,936547,0
9,no_leak,2,1874,937047,0
9,no_leak,2,1875,937547,0
9,no_leak,2,1876,938047,0
9,no_leak,2,1877,938547,4
9,no_leak,2,1878,939047,7
9,no_leak,2,1879,939547,3
9,no_leak,2,1880,940047,25
9,no_leak,2,1881,940547,51
9,no_leak,2,1882,941047,68
9,no_leak,2,1883,941547,109
9,no_leak,2,1884,942047,112
9,no_leak,2,1885,942547,105
9,no_leak,2,1886,943047,87
9,no_leak,2,1887,943547,45
9,no_leak,2,1888,944047,79
9,no_leak,2,1889,944547,103
9,no_leak,2,1890,945047,89
9,no_leak,2,1891,945547,87
9,no_leak,2,1892,946047,40
9,no_leak,2,1893,946547,28
9,no_leak,2,1894,947047,0
9,no_leak,2,1895,947547,42
9,no_leak,2,1896,948047,26
9,no_leak,2,1897,948547,59
9,no_leak,2,1898,949047,67
9,no_leak,2,1899,949547,57
9,no_leak,2,1900,950047,45
9,no_leak,2,1901,950547,19
9,no_leak,2,1902,951047,0
9,no_leak,2,1903,951547,0
9,no_leak,2,1904,952047,17
9,no_leak,2,1905,952547,29
9,no_leak,2,1906,953047,45
9,no_leak,2,1907,953547,70
9,no_leak,2,1908,954047,57
9,no_leak,2,1909,954547,108
9,no_leak,2,1910,955047,143
9,no_leak,2,1911,955547,156
9,no_leak,2,1912,956047,151
9,no_leak,2,1913,956547,146
9,no_leak,2,1914,957047,165
9,no_leak,2,1915,957547,151
9,no_leak,2,1916,958047,158
9,no_leak,2,1917,958547,179
9,no_leak,2,1918,959047,185
9,no_leak,2,1919,959547,190
9,no_leak,2,1920,960047,147
9,no_leak,2,1921,960547,89
9,no_leak,2,1922,961047,78
9,no_leak,2,1923,961547,94
9,no_leak,2,1924,962047,163
9,no_leak,2,1925,962547,165
9,no_leak,2,1926,963047,149
9,no_leak,2,1927,963547,121
9,no_leak,2,1928,964047,70
9,no_leak,2,1929,964547,55
9,no_leak,2,1930,965047,53
9,no_leak,2,1931,965547,44
9,no_leak,2,1932,966047,73
9,no_leak,2,1933,966547,54
9,no_leak,2,1934,967047,40
9,no_leak,2,1935,967547,7
9,no_leak,2,1936,968047,0
9,no_leak,2,1937,968547,0
9,no_leak,2,1938,969047,0
9,no_leak,2,1939,969547,0
9,no_leak,2,1940,970047,0
9,no_leak,2,1941,970547,9
9,no_leak,2,1942,971047,41
9,no_leak,2,1943,971547,39
9,no_leak,2,1944,972047,35
9,no_leak,2,1945,972547,6
9,no_leak,2,1946,973047,0
9,no_leak,2,1947,973547,44
9,no_leak,2,1948,974047,91
9,no_leak,2,1949,974547,79
9,no_leak,2,1950,975047,121
9,no_leak,2,1951,975547,109
9,no_leak,2,1952,976047,85
9,no_leak,2,1953,976547,71
9,no_leak,2,1954,977047,41
9,no_leak,2,1955,977547,17
9,no_leak,2,1956,978047,6
9,no_leak,2,1957,978547,26
9,no_leak,2,1958,979047,59
9,no_leak,2,1959,979547,72
9,no_leak,2,1960,980047,83
9,no_leak,2,1961,980547,100
9,no_leak,2,1962,981047,79
9,no_leak,2,1963,981547,47
9,no_leak,2,1964,982047,42
9,no_leak,2,1965,982547,39
9,no_leak,2,1966,983047,55
9,no_leak,2,1967,983547,79
9,no_leak,2,1968,984047,64
9,no_leak,2,1969,984547,59
9,no_leak,2,1970,985047,31
9,no_leak,2,1971,985547,6
9,no_leak,2,1972,986047,23
9,no_leak,2,1973,986547,69
9,no_leak,2,1974,987047,84
9,no_leak,2,1975,987547,69
9,no_leak,2,1976,988047,53
9,no_leak,2,1977,988547,69
9,no_leak,2,1978,989047,69
9,no_leak,2,1979,989547,79
9,no_leak,2,1980,990047,89
9,no_leak,2,1981,990547,127
9,no_leak,2,1982,991047,187
9,no_leak,2,1983,991547,165
9,no_leak,2,1984,992047,147
9,no_leak,2,1985,992547,79
9,no_leak,2,1986,993047,100
9,no_leak,2,1987,993547,121
9,no_leak,2,1988,994047,103
9,no_leak,2,1989,994547,147
9,no_leak,2,1990,995047,137
9,no_leak,2,1991,995547,105
9,no_leak,2,1992,996047,45
9,no_leak,2,1993,996547,51
9,no_leak,2,1994,997047,55
9,no_leak,2,1995,997547,87
9,no_leak,2,1996,998047,78
9,no_leak,2,1997,998547,45
9,no_leak,2,1998,999047,26
9,no_leak,2,1999,999547,2
9,no_leak,3,0,48,21
9,no_leak,3,1,547,9
9,no_leak,3,2,1047,0
9,no_leak,3,3,1547,0
9,no_leak,3,4,2047,0
9,no_leak,3,5,2547,43
9,no_leak,3,6,3047,55
9,no_leak,3,7,3547,29
9,no_leak,3,8,4047,9
9,no_leak,3,9,4547,0
9,no_leak,3,10,5047,6
9,no_leak,3,11,5547,19
9,no_leak,3,12,6047,25
9,no_leak,3,13,6547,95
9,no_leak,3,14,7047,61
9,no_leak,3,15,7547,73
9,no_leak,3,16,8047,77
9,no_leak,3,17,8547,68
9,no_leak,3,18,9047,47
9,no_leak,3,19,9547,69
9,no_leak,3,20,10047,71
9,no_leak,3,21,10547,98
9,no_leak,3,22,11047,92
9,no_leak,3,23,11547,108
9,no_leak,3,24,12047,105
9,no_leak,3,25,12547,115
9,no_leak,3,26,13047,142
9,no_leak,3,27,13547,125
9,no_leak,3,28,14047,119
9,no_leak,3,29,14547,101
9,no_leak,3,30,15047,105
9,no_leak,3,31,15547,115
9,no_leak,3,32,16047,156
9,no_leak,3,33,16547,163
9,no_leak,3,34,17047,144
9,no_leak,3,35,17547,95
9,no_leak,3,36,18047,63
9,no_leak,3,37,18547,107
9,no_leak,3,38,19047,120
9,no_leak,3,39,19547,105
9,no_leak,3,40,20047,103
9,no_leak,3,41,20547,51
9,no_leak,3,42,21047,13
9,no_leak,3,43,21547,17
9,no_leak,3,44,22047,53
9,no_leak,3,45,22547,63
9,no_leak,3,46,23047,105
9,no_leak,3,47,23547,139
9,no_leak,3,48,24047,147
9,no_leak,3,49,24547,150
9,no_leak,3,50,25047,109
9,no_leak,3,51,25547,83
9,no_leak,3,52,26047,87
9,no_leak,3,53,26547,71
9,no_leak,3,54,27047,60
9,no_leak,3,55,27547,47
9,no_leak,3,56,28047,75
9,no_leak,3,57,28547,71
9,no_leak,3,58,29047,72
9,no_leak,3,59,29547,33
9,no_leak,3,60,30047,9
9,no_leak,3,61,30547,0
9,no_leak,3,62,31047,2
9,no_leak,3,63,31547,21
9,no_leak,3,64,32047,39
9,no_leak,3,65,32547,25
9,no_leak,3,66,33047,4
9,no_leak,3,67,33547,0
9,no_leak,3,68,34047,0
9,no_leak,3,69,34547,35
9,no_leak,3,70,35047,43
9,no_leak,3,71,35547,57
9,no_leak,3,72,36047,47
9,no_leak,3,73,36547,13
9,no_leak,3,74,37047,0
9,no_leak,3,75,37547,0
9,no_leak,3,76,38047,0
9,no_leak,3,77,38547,68
9,no_leak,3,78,39047,89
9,no_leak,3,79,39547,61
9,no_leak,3,80,40047,35
9,no_leak,3,81,40547,0
9,no_leak,3,82,41047,0
9,no_leak,3,83,41547,18
9,no_leak,3,84,42047,3
9,no_leak,3,85,42547,0
9,no_leak,3,86,43048,0
9,no_leak,3,87,43547,0
9,no_leak,3,88,44047,4
9,no_leak,3,89,44547,11
9,no_leak,3,90,45047,5
9,no_leak,3,91,45547,0
9,no_leak,3,92,46047,0
9,no_leak,3,93,46547,0
9,no_leak,3,94,47047,0
9,no_leak,3,95,47547,0
9,no_leak,3,96,48047,21
9,no_leak,3,97,48547,56
9,no_leak,3,98,49047,78
9,no_leak,3,99,49547,73
9,no_leak,3,100,50047,71
9,no_leak,3,101,50547,55
9,no_leak,3,102,51047,83
9,no_leak,3,103,51547,141
9,no_leak,3,104,52047,184
9,no_leak,3,105,52547,175
9,no_leak,3,106,53047,159
9,no_leak,3,107,53547,141
9,no_leak,3,108,54047,115
9,no_leak,3,109,54547,91
9,no_leak,3,110,55047,139
9,no_leak,3,111,55547,153
9,no_leak,3,112,56047,141
9,no_leak,3,113,56547,106
9,no_leak,3,114,57047,43
9,no_leak,3,115,57547,43
9,no_leak,3,116,58047,87
9,no_leak,3,117,58547,71
9,no_leak,3,118,59047,103
9,no_leak,3,119,59547,117
9,no_leak,3,120,60047,88
9,no_leak,3,121,60547,57
9,no_leak,3,122,61047,43
9,no_leak,3,123,61547,91
9,no_leak,3,124,62047,146
9,no_leak,3,125,62547,157
9,no_leak,3,126,63047,145
9,no_leak,3,127,63547,116
9,no_leak,3,128,64047,51
9,no_leak,3,129,64547,33
9,no_leak,3,130,65047,19
9,no_leak,3,131,65547,25
9,no_leak,3,132,66047,28
9,no_leak,3,133,66547,37
9,no_leak,3,134,67047,18
9,no_leak,3,135,67547,10
9,no_leak,3,136,68047,0
9,no_leak,3,137,68547,0
9,no_leak,3,138,69047,0
9,no_leak,3,139,69547,0
9,no_leak,3,140,70047,0
9,no_leak,3,141,70547,0
9,no_leak,3,142,71047,19
9,no_leak,3,143,71547,31
9,no_leak,3,144,72047,11
9,no_leak,3,145,72547,7
9,no_leak,3,146,73047,8
9,no_leak,3,147,73547,5
9,no_leak,3,148,74047,31
9,no_leak,3,149,74547,51
9,no_leak,3,150,75047,89
9,no_leak,3,151,75547,101
9,no_leak,3,152,76047,91
9,no_leak,3,153,76547,85
9,no_leak,3,154,77047,44
9,no_leak,3,155,77547,63
9,no_leak,3,156,78047,84
9,no_leak,3,157,78548,95
9,no_leak,3,158,79047,107
9,no_leak,3,159,79547,85
9,no_leak,3,160,80047,51
9,no_leak,3,161,80547,59
9,no_leak,3,162,81047,70
9,no_leak,3,163,81547,111
9,no_leak,3,164,82047,100
9,no_leak,3,165,82547,85
9,no_leak,3,166,83047,42
9,no_leak,3,167,83547,38
9,no_leak,3,168,84047,93
9,no_leak,3,169,84547,105
9,no_leak,3,170,85047,115
9,no_leak,3,171,85547,133
9,no_leak,3,172,86047,118
9,no_leak,3,173,86547,147
9,no_leak,3,174,87047,187
9,no_leak,3,175,87547,181
9,no_leak,3,176,88047,157
9,no_leak,3,177,88547,95
9,no_leak,3,178,89047,97
9,no_leak,3,179,89547,143
9,no_leak,3,180,90047,169
9,no_leak,3,181,90547,149
9,no_leak,3,182,91047,92
9,no_leak,3,183,91547,55
9,no_leak,3,184,92047,29
9,no_leak,3,185,92547,59
9,no_leak,3,186,93047,60
9,no_leak,3,187,93547,71
9,no_leak,3,188,94047,70
9,no_leak,3,189,94547,47
9,no_leak,3,190,95047,7
9,no_leak,3,191,95547,0
9,no_leak,3,192,96047,0
9,no_leak,3,193,96547,28
9,no_leak,3,194,97047,9
9,no_leak,3,195,97547,33
9,no_leak,3,196,98047,25
9,no_leak,3,197,98547,0
9,no_leak,3,198,99047,0
9,no_leak,3,199,99547,0
9,no_leak,3,200,100047,0
9,no_leak,3,201,100547,0
9,no_leak,3,202,101047,11
9,no_leak,3,203,101547,0
9,no_leak,3,204,102047,0
9,no_leak,3,205,102547,0
9,no_leak,3,206,103047,12
9,no_leak,3,207,103547,4
9,no_leak,3,208,104047,0
9,no_leak,3,209,104547,0
9,no_leak,3,210,105047,18
9,no_leak,3,211,105547,59
9,no_leak,3,212,106047,73
9,no_leak,3,213,106547,77
9,no_leak,3,214,107047,55
9,no_leak,3,215,107547,44
9,no_leak,3,216,108047,21
9,no_leak,3,217,108547,23
9,no_leak,3,218,109047,20
9,no_leak,3,219,109547,83
9,no_leak,3,220,110047,89
9,no_leak,3,221,110547,73
9,no_leak,3,222,111047,56
9,no_leak,3,223,111547,46
9,no_leak,3,224,112047,31
9,no_leak,3,225,112547,25
9,no_leak,3,226,113047,0
9,no_leak,3,227,113547,18
9,no_leak,3,228,114047,9
9,no_leak,3,229,114547,41
9,no_leak,3,230,115047,74
9,no_leak,3,231,115547,62
9,no_leak,3,232,116047,43
9,no_leak,3,233,116547,21
9,no_leak,3,234,117047,62
9,no_leak,3,235,117547,86
9,no_leak,3,236,118047,158
9,no_leak,3,237,118547,149
9,no_leak,3,238,119047,135
9,no_leak,3,239,119547,122
9,no_leak,3,240,120047,85
9,no_leak,3,241,120547,91
9,no_leak,3,242,121047,111
9,no_leak,3,243,121547,133
9,no_leak,3,244,122047,173
9,no_leak,3,245,122547,151
9,no_leak,3,246,123047,140
9,no_leak,3,247,123547,125
9,no_leak,3,248,124047,99
9,no_leak,3,249,124547,47
9,no_leak,3,250,125047,59
9,no_leak,3,251,125547,89
9,no_leak,3,252,126047,135
9,no_leak,3,253,126547,149
9,no_leak,3,254,127047,141
9,no_leak,3,255,127547,123
9,no_leak,3,256,128047,103
9,no_leak,3,257,128548,102
9,no_leak,3,258,129047,93
9,no_leak,3,259,129547,75
9,no_leak,3,260,130047,47
9,no_leak,3,261,130547,55
9,no_leak,3,262,131047,93
9,no_leak,3,263,131547,93
9,no_leak,3,264,132047,90
9,no_leak,3,265,132547,118
9,no_leak,3,266,133047,104
9,no_leak,3,267,133547,101
9,no_leak,3,268,134047,39
9,no_leak,3,269,134547,48
9,no_leak,3,270,135047,63
9,no_leak,3,271,135547,47
9,no_leak,3,272,136047,58
9,no_leak,3,273,136547,61
9,no_leak,3,274,137047,40
9,no_leak,3,275,137547,19
9,no_leak,3,276,138047,0
9,no_leak,3,277,138547,0
9,no_leak,3,278,139047,17
9,no_leak,3,279,139547,21
9,no_leak,3,280,140047,25
9,no_leak,3,281,140547,37
9,no_leak,3,282,141047,25
9,no_leak,3,283,141547,17
9,no_leak,3,284,142047,63
9,no_leak,3,285,142547,91
9,no_leak,3,286,143047,121
9,no_leak,3,287,143547,117
9,no_leak,3,288,144047,98
9,no_leak,3,289,144547,74
9,no_leak,3,290,145047,89
9,no_leak,3,291,145547,121
9,no_leak,3,292,146047,143
9,no_leak,3,293,146547,127
9,no_leak,3,294,147047,98
9,no_leak,3,295,147547,71
9,no_leak,3,296,148047,28
9,no_leak,3,297,148547,46
9,no_leak,3,298,149047,91
9,no_leak,3,299,149547,102
9,no_leak,3,300,150047,87
9,no_leak,3,301,150547,90
9,no_leak,3,302,151047,79
9,no_leak,3,303,151547,57
9,no_leak,3,304,152047,18
9,no_leak,3,305,152547,0
9,no_leak,3,306,153047,0
9,no_leak,3,307,153547,0
9,no_leak,3,308,154047,1
9,no_leak,3,309,154547,0
9,no_leak,3,310,155047,48
9,no_leak,3,311,155547,61
9,no_leak,3,312,156047,61
9,no_leak,3,313,156547,35
9,no_leak,3,314,157047,30
9,no_leak,3,315,157547,25
9,no_leak,3,316,158047,71
9,no_leak,3,317,158547,123
9,no_leak,3,318,159047,125
9,no_leak,3,319,159547,139
9,no_leak,3,320,160047,127
9,no_leak,3,321,160547,121
9,no_leak,3,322,161047,107
9,no_leak,3,323,161547,83
9,no_leak,3,324,162047,29
9,no_leak,3,325,162547,0
9,no_leak,3,326,163047,0
9,no_leak,3,327,163547,0
9,no_leak,3,328,164047,20
9,no_leak,3,329,164547,10
9,no_leak,3,330,165047,3
9,no_leak,3,331,165547,0
9,no_leak,3,332,166047,0
9,no_leak,3,333,166547,0
9,no_leak,3,334,167047,0
9,no_leak,3,335,167547,0
9,no_leak,3,336,168047,23
9,no_leak,3,337,168547,39
9,no_leak,3,338,169047,41
9,no_leak,3,339,169547,31
9,no_leak,3,340,170047,18
9,no_leak,3,341,170547,1
9,no_leak,3,342,171047,0
9,no_leak,3,343,171547,6
9,no_leak,3,344,172047,33
9,no_leak,3,345,172547,91
9,no_leak,3,346,173047,99
9,no_leak,3,347,173547,92
9,no_leak,3,348,174047,70
9,no_leak,3,349,174547,67
9,no_leak,3,350,175047,30
9,no_leak,3,351,175547,10
9,no_leak,3,352,176047,0
9,no_leak,3,353,176547,24
9,no_leak,3,354,177047,43
9,no_leak,3,355,177547,56
9,no_leak,3,356,178047,39
9,no_leak,3,357,178547,35
9,no_leak,3,358,179047,40
9,no_leak,3,359,179547,5
9,no_leak,3,360,180047,57
9,no_leak,3,361,180547,77
9,no_leak,3,362,181047,87
9,no_leak,3,363,181547,85
9,no_leak,3,364,182047,58
9,no_leak,3,365,182547,30
9,no_leak,3,366,183047,27
9,no_leak,3,367,183547,36
9,no_leak,3,368,184047,22
9,no_leak,3,369,184547,35
9,no_leak,3,370,185047,31
9,no_leak,3,371,185547,5
9,no_leak,3,372,186047,0
9,no_leak,3,373,186547,0
9,no_leak,3,374,187047,0
9,no_leak,3,375,187547,27
9,no_leak,3,376,188047,49
9,no_leak,3,377,188547,61
9,no_leak,3,378,189047,72
9,no_leak,3,379,189547,77
9,no_leak,3,380,190047,95
9,no_leak,3,381,190547,116
9,no_leak,3,382,191047,125
9,no_leak,3,383,191547,103
9,no_leak,3,384,192047,78
9,no_leak,3,385,192547,99
9,no_leak,3,386,193047,135
9,no_leak,3,387,193547,133
9,no_leak,3,388,194047,107
9,no_leak,3,389,194547,60
9,no_leak,3,390,195047,63
9,no_leak,3,391,195547,50
9,no_leak,3,392,196047,77
9,no_leak,3,393,196547,87
9,no_leak,3,394,197047,57
9,no_leak,3,395,197547,19
9,no_leak,3,396,198047,0
9,no_leak,3,397,198547,17
9,no_leak,3,398,199047,55
9,no_leak,3,399,199547,57
9,no_leak,3,400,200047,33
9,no_leak,3,401,200547,0
9,no_leak,3,402,201047,41
9,no_leak,3,403,201547,55
9,no_leak,3,404,202047,69
9,no_leak,3,405,202547,71
9,no_leak,3,406,203047,47
9,no_leak,3,407,203547,35
9,no_leak,3,408,204047,55
9,no_leak,3,409,204547,69
9,no_leak,3,410,205047,61
9,no_leak,3,411,205547,57
9,no_leak,3,412,206047,39
9,no_leak,3,413,206547,18
9,no_leak,3,414,207047,11
9,no_leak,3,415,207547,43
9,no_leak,3,416,208047,45
9,no_leak,3,417,208547,29
9,no_leak,3,418,209047,39
9,no_leak,3,419,209547,7
9,no_leak,3,420,210047,0
9,no_leak,3,421,210547,0
9,no_leak,3,422,211047,0
9,no_leak,3,423,211547,0
9,no_leak,3,424,212047,2
9,no_leak,3,425,212547,13
9,no_leak,3,426,213047,9
9,no_leak,3,427,213547,0
9,no_leak,3,428,214047,0
9,no_leak,3,429,214547,0
9,no_leak,3,430,215047,53
9,no_leak,3,431,215547,63
9,no_leak,3,432,216047,85
9,no_leak,3,433,216547,81
9,no_leak,3,434,217047,53
9,no_leak,3,435,217547,20
9,no_leak,3,436,218047,23
9,no_leak,3,437,218547,51
9,no_leak,3,438,219047,108
9,no_leak,3,439,219547,146
9,no_leak,3,440,220047,156
9,no_leak,3,441,220547,135
9,no_leak,3,442,221047,109
9,no_leak,3,443,221547,89
9,no_leak,3,444,222047,93
9,no_leak,3,445,222547,153
9,no_leak,3,446,223047,152
9,no_leak,3,447,223547,175
9,no_leak,3,448,224047,175
9,no_leak,3,449,224547,151
9,no_leak,3,450,225047,112
9,no_leak,3,451,225547,72
9,no_leak,3,452,226047,75
9,no_leak,3,453,226547,23
9,no_leak,3,454,227047,79
9,no_leak,3,455,227547,73
9,no_leak,3,456,228047,77
9,no_leak,3,457,228547,58
9,no_leak,3,458,229047,61
9,no_leak,3,459,229547,21
9,no_leak,3,460,230047,0
9,no_leak,3,461,230547,0
9,no_leak,3,462,231047,0
9,no_leak,3,463,231547,42
9,no_leak,3,464,232047,5
9,no_leak,3,465,232547,1
9,no_leak,3,466,233047,0
9,no_leak,3,467,233547,0
9,no_leak,3,468,234047,0
9,no_leak,3,469,234547,0
9,no_leak,3,470,235047,0
9,no_leak,3,471,235547,36
9,no_leak,3,472,236047,39
9,no_leak,3,473,236547,41
9,no_leak,3,474,237047,13
9,no_leak,3,475,237547,4
9,no_leak,3,476,238047,29
9,no_leak,3,477,238547,47
9,no_leak,3,478,239047,115
9,no_leak,3,479,239547,157
9,no_leak,3,480,240047,159
9,no_leak,3,481,240547,167
9,no_leak,3,482,241047,133
9,no_leak,3,483,241547,83
9,no_leak,3,484,242047,93
9,no_leak,3,485,242547,111
9,no_leak,3,486,243047,165
9,no_leak,3,487,243547,203
9,no_leak,3,488,244047,189
9,no_leak,3,489,244547,167
9,no_leak,3,490,245047,139
9,no_leak,3,491,245547,108
9,no_leak,3,492,246047,87
9,no_leak,3,493,246547,83
9,no_leak,3,494,247047,123
9,no_leak,3,495,247547,121
9,no_leak,3,496,248047,102
9,no_leak,3,497,248547,79
9,no_leak,3,498,249047,55
9,no_leak,3,499,249547,8
9,no_leak,3,500,250047,0
9,no_leak,3,501,250547,11
9,no_leak,3,502,251047,28
9,no_leak,3,503,251547,33
9,no_leak,3,504,252047,59
9,no_leak,3,505,252547,59
9,no_leak,3,506,253047,41
9,no_leak,3,507,253547,35
9,no_leak,3,508,254047,61
9,no_leak,3,509,254547,83
9,no_leak,3,510,255047,107
9,no_leak,3,511,255547,92
9,no_leak,3,512,256047,57
9,no_leak,3,513,256547,23
9,no_leak,3,514,257047,59
9,no_leak,3,515,257547,61
9,no_leak,3,516,258047,88
9,no_leak,3,517,258547,92
9,no_leak,3,518,259047,94
9,no_leak,3,519,259547,75
9,no_leak,3,520,260047,49
9,no_leak,3,521,260547,41
9,no_leak,3,522,261047,14
9,no_leak,3,523,261547,57
9,no_leak,3,524,262047,71
9,no_leak,3,525,262547,56
9,no_leak,3,526,263047,42
9,no_leak,3,527,263547,20
9,no_leak,3,528,264047,1
9,no_leak,3,529,264547,0
9,no_leak,3,530,265047,0
9,no_leak,3,531,265547,0
9,no_leak,3,532,266047,23
9,no_leak,3,533,266547,53
9,no_leak,3,534,267047,41
9,no_leak,3,535,267547,24
9,no_leak,3,536,268047,18
9,no_leak,3,537,268547,33
9,no_leak,3,538,269047,37
9,no_leak,3,539,269547,38
9,no_leak,3,540,270047,24
9,no_leak,3,541,270547,75
9,no_leak,3,542,271047,47
9,no_leak,3,543,271547,29
9,no_leak,3,544,272047,43
9,no_leak,3,545,272547,46
9,no_leak,3,546,273047,57
9,no_leak,3,547,273547,43
9,no_leak,3,548,274047,81
9,no_leak,3,549,274547,118
9,no_leak,3,550,275047,125
9,no_leak,3,551,275547,108
9,no_leak,3,552,276047,105
9,no_leak,3,553,276547,33
9,no_leak,3,554,277047,57
9,no_leak,3,555,277547,74
9,no_leak,3,556,278047,99
9,no_leak,3,557,278547,117
9,no_leak,3,558,279047,124
9,no_leak,3,559,279547,84
9,no_leak,3,560,280047,28
9,no_leak,3,561,280547,39
9,no_leak,3,562,281047,100
9,no_leak,3,563,281547,101
9,no_leak,3,564,282047,119
9,no_leak,3,565,282547,137
9,no_leak,3,566,283047,139
9,no_leak,3,567,283547,133
9,no_leak,3,568,284047,111
9,no_leak,3,569,284547,98
9,no_leak,3,570,285047,71
9,no_leak,3,571,285547,94
9,no_leak,3,572,286047,82
9,no_leak,3,573,286547,61
9,no_leak,3,574,287047,35
9,no_leak,3,575,287547,72
9,no_leak,3,576,288047,71
9,no_leak,3,577,288547,57
9,no_leak,3,578,289047,48
9,no_leak,3,579,289547,8
9,no_leak,3,580,290047,0
9,no_leak,3,581,290547,58
9,no_leak,3,582,291047,58
9,no_leak,3,583,291547,69
9,no_leak,3,584,292047,59
9,no_leak,3,585,292547,59
9,no_leak,3,586,293047,75
9,no_leak,3,587,293547,90
9,no_leak,3,588,294047,92
9,no_leak,3,589,294547,122
9,no_leak,3,590,295047,89
9,no_leak,3,591,295547,41
9,no_leak,3,592,296047,75
9,no_leak,3,593,296547,105
9,no_leak,3,594,297047,91
9,no_leak,3,595,297547,77
9,no_leak,3,596,298047,43
9,no_leak,3,597,298547,85
9,no_leak,3,598,299047,85
9,no_leak,3,599,299547,63
9,no_leak,3,600,300047,43
9,no_leak,3,601,300547,39
9,no_leak,3,602,301047,50
9,no_leak,3,603,301547,27
9,no_leak,3,604,302047,0
9,no_leak,3,605,302547,0
9,no_leak,3,606,303047,0
9,no_leak,3,607,303547,31
9,no_leak,3,608,304047,1
9,no_leak,3,609,304547,0
9,no_leak,3,610,305047,0
9,no_leak,3,611,305547,0
9,no_leak,3,612,306047,28
9,no_leak,3,613,306547,45
9,no_leak,3,614,307047,27
9,no_leak,3,615,307547,2
9,no_leak,3,616,308047,0
9,no_leak,3,617,308547,0
9,no_leak,3,618,309047,0
9,no_leak,3,619,309547,0
9,no_leak,3,620,310047,11
9,no_leak,3,621,310547,12
9,no_leak,3,622,311047,13
9,no_leak,3,623,311547,0
9,no_leak,3,624,312047,0
9,no_leak,3,625,312547,0
9,no_leak,3,626,313047,0
9,no_leak,3,627,313547,42
9,no_leak,3,628,314047,42
9,no_leak,3,629,314547,51
9,no_leak,3,630,315047,105
9,no_leak,3,631,315547,99
9,no_leak,3,632,316047,89
9,no_leak,3,633,316547,55
9,no_leak,3,634,317047,31
9,no_leak,3,635,317547,50
9,no_leak,3,636,318047,93
9,no_leak,3,637,318547,119
9,no_leak,3,638,319047,118
9,no_leak,3,639,319547,121
9,no_leak,3,640,320047,107
9,no_leak,3,641,320547,57
9,no_leak,3,642,321047,62
9,no_leak,3,643,321547,94
9,no_leak,3,644,322047,121
9,no_leak,3,645,322547,137
9,no_leak,3,646,323047,142
9,no_leak,3,647,323547,137
9,no_leak,3,648,324047,112
9,no_leak,3,649,324547,85
9,no_leak,3,650,325047,47
9,no_leak,3,651,325547,0
9,no_leak,3,652,326047,9
9,no_leak,3,653,326547,85
9,no_leak,3,654,327047,105
9,no_leak,3,655,327547,107
9,no_leak,3,656,328047,92
9,no_leak,3,657,328547,107
9,no_leak,3,658,329047,137
9,no_leak,3,659,329547,146
9,no_leak,3,660,330047,149
9,no_leak,3,661,330547,119
9,no_leak,3,662,331047,85
9,no_leak,3,663,331547,72
9,no_leak,3,664,332047,91
9,no_leak,3,665,332547,121
9,no_leak,3,666,333047,119
9,no_leak,3,667,333547,101
9,no_leak,3,668,334047,91
9,no_leak,3,669,334547,88
9,no_leak,3,670,335047,115
9,no_leak,3,671,335547,126
9,no_leak,3,672,336047,121
9,no_leak,3,673,336547,111
9,no_leak,3,674,337047,71
9,no_leak,3,675,337547,71
9,no_leak,3,676,338047,90
9,no_leak,3,677,338547,115
9,no_leak,3,678,339047,138
9,no_leak,3,679,339547,125
9,no_leak,3,680,340047,117
9,no_leak,3,681,340547,93
9,no_leak,3,682,341047,119
9,no_leak,3,683,341547,115
9,no_leak,3,684,342047,105
9,no_leak,3,685,342547,101
9,no_leak,3,686,343047,87
9,no_leak,3,687,343547,61
9,no_leak,3,688,344047,56
9,no_leak,3,689,344547,94
9,no_leak,3,690,345047,73
9,no_leak,3,691,345547,39
9,no_leak,3,692,346047,23
9,no_leak,3,693,346547,31
9,no_leak,3,694,347047,57
9,no_leak,3,695,347548,63
9,no_leak,3,696,348047,51
9,no_leak,3,697,348547,41
9,no_leak,3,698,349047,10
9,no_leak,3,699,349547,11
9,no_leak,3,700,350047,9
9,no_leak,3,701,350547,37
9,no_leak,3,702,351047,31
9,no_leak,3,703,351547,25
9,no_leak,3,704,352047,20
9,no_leak,3,705,352547,0
9,no_leak,3,706,353047,0
9,no_leak,3,707,353547,0
9,no_leak,3,708,354047,11
9,no_leak,3,709,354547,1
9,no_leak,3,710,355047,0
9,no_leak,3,711,355547,0
9,no_leak,3,712,356047,12
9,no_leak,3,713,356547,55
9,no_leak,3,714,357047,75
9,no_leak,3,715,357547,78
9,no_leak,3,716,358047,93
9,no_leak,3,717,358547,89
9,no_leak,3,718,359047,62
9,no_leak,3,719,359547,53
9,no_leak,3,720,360047,25
9,no_leak,3,721,360547,26
9,no_leak,3,722,361047,104
9,no_leak,3,723,361547,119
9,no_leak,3,724,362047,134
9,no_leak,3,725,362547,109
9,no_leak,3,726,363047,93
9,no_leak,3,727,363547,78
9,no_leak,3,728,364047,31
9,no_leak,3,729,364548,23
9,no_leak,3,730,365047,27
9,no_leak,3,731,365547,39
9,no_leak,3,732,366047,73
9,no_leak,3,733,366547,77
9,no_leak,3,734,367047,71
9,no_leak,3,735,367547,63
9,no_leak,3,736,368047,88
9,no_leak,3,737,368547,67
9,no_leak,3,738,369047,59
9,no_leak,3,739,369547,31
9,no_leak,3,740,370047,24
9,no_leak,3,741,370547,0
9,no_leak,3,742,371047,0
9,no_leak,3,743,371547,0
9,no_leak,3,744,372047,25
9,no_leak,3,745,372547,40
9,no_leak,3,746,373047,45
9,no_leak,3,747,373547,59
9,no_leak,3,748,374047,59
9,no_leak,3,749,374547,20
9,no_leak,3,750,375047,19
9,no_leak,3,751,375547,55
9,no_leak,3,752,376047,137
9,no_leak,3,753,376547,155
9,no_leak,3,754,377047,146
9,no_leak,3,755,377547,151
9,no_leak,3,756,378047,95
9,no_leak,3,757,378547,81
9,no_leak,3,758,379047,99
9,no_leak,3,759,379547,91
9,no_leak,3,760,380047,103
9,no_leak,3,761,380547,107
9,no_leak,3,762,381047,107
9,no_leak,3,763,381547,87
9,no_leak,3,764,382047,41
9,no_leak,3,765,382547,12
9,no_leak,3,766,383047,0
9,no_leak,3,767,383547,5
9,no_leak,3,768,384047,24
9,no_leak,3,769,384547,63
9,no_leak,3,770,385047,75
9,no_leak,3,771,385547,107
9,no_leak,3,772,386047,109
9,no_leak,3,773,386547,103
9,no_leak,3,774,387047,89
9,no_leak,3,775,387547,85
9,no_leak,3,776,388047,62
9,no_leak,3,777,388547,39
9,no_leak,3,778,389047,58
9,no_leak,3,779,389547,77
9,no_leak,3,780,390047,69
9,no_leak,3,781,390547,83
9,no_leak,3,782,391047,69
9,no_leak,3,783,391547,23
9,no_leak,3,784,392047,39
9,no_leak,3,785,392547,83
9,no_leak,3,786,393047,87
9,no_leak,3,787,393547,76
9,no_leak,3,788,394047,44
9,no_leak,3,789,394547,27
9,no_leak,3,790,395047,0
9,no_leak,3,791,395547,9
9,no_leak,3,792,396047,18
9,no_leak,3,793,396547,101
9,no_leak,3,794,397047,89
9,no_leak,3,795,397547,76
9,no_leak,3,796,398047,69
9,no_leak,3,797,398547,47
9,no_leak,3,798,399047,7
9,no_leak,3,799,399547,0
9,no_leak,3,800,400047,5
9,no_leak,3,801,400547,23
9,no_leak,3,802,401047,55
9,no_leak,3,803,401547,54
9,no_leak,3,804,402047,77
9,no_leak,3,805,402547,52
9,no_leak,3,806,403047,11
9,no_leak,3,807,403547,52
9,no_leak,3,808,404047,78
9,no_leak,3,809,404547,112
9,no_leak,3,810,405047,115
9,no_leak,3,811,405547,95
9,no_leak,3,812,406047,30
9,no_leak,3,813,406547,6
9,no_leak,3,814,407047,55
9,no_leak,3,815,407547,39
9,no_leak,3,816,408047,93
9,no_leak,3,817,408547,89
9,no_leak,3,818,409047,63
9,no_leak,3,819,409547,45
9,no_leak,3,820,410047,6
9,no_leak,3,821,410547,0
9,no_leak,3,822,411047,19
9,no_leak,3,823,411547,62
9,no_leak,3,824,412047,82
9,no_leak,3,825,412547,45
9,no_leak,3,826,413047,24
9,no_leak,3,827,413547,0
9,no_leak,3,828,414047,0
9,no_leak,3,829,414547,39
9,no_leak,3,830,415047,39
9,no_leak,3,831,415547,78
9,no_leak,3,832,416047,72
9,no_leak,3,833,416547,36
9,no_leak,3,834,417047,16
9,no_leak,3,835,417547,0
9,no_leak,3,836,418048,0
9,no_leak,3,837,418547,51
9,no_leak,3,838,419047,69
9,no_leak,3,839,419547,90
9,no_leak,3,840,420047,93
9,no_leak,3,841,420547,88
9,no_leak,3,842,421047,108
9,no_leak,3,843,421547,102
9,no_leak,3,844,422047,87
9,no_leak,3,845,422547,57
9,no_leak,3,846,423047,35
9,no_leak,3,847,423547,38
9,no_leak,3,848,424047,103
9,no_leak,3,849,424547,109
9,no_leak,3,850,425047,133
9,no_leak,3,851,425547,123
9,no_leak,3,852,426047,115
9,no_leak,3,853,426547,103
9,no_leak,3,854,427047,73
9,no_leak,3,855,427547,71
9,no_leak,3,856,428047,75
9,no_leak,3,857,428547,89
9,no_leak,3,858,429047,103
9,no_leak,3,859,429547,89
9,no_leak,3,860,430047,79
9,no_leak,3,861,430547,41
9,no_leak,3,862,431047,6
9,no_leak,3,863,431547,0
9,no_leak,3,864,432047,52
9,no_leak,3,865,432547,75
9,no_leak,3,866,433047,101
9,no_leak,3,867,433547,101
9,no_leak,3,868,434047,107
9,no_leak,3,869,434547,97
9,no_leak,3,870,435047,99
9,no_leak,3,871,435547,69
9,no_leak,3,872,436047,76
9,no_leak,3,873,436547,83
9,no_leak,3,874,437047,105
9,no_leak,3,875,437547,133
9,no_leak,3,876,438048,111
9,no_leak,3,877,438547,77
9,no_leak,3,878,439047,58
9,no_leak,3,879,439547,16
9,no_leak,3,880,440047,28
9,no_leak,3,881,440547,47
9,no_leak,3,882,441047,39
9,no_leak,3,883,441547,41
9,no_leak,3,884,442047,23
9,no_leak,3,885,442547,0
9,no_leak,3,886,443047,0
9,no_leak,3,887,443547,0
9,no_leak,3,888,444047,23
9,no_leak,3,889,444547,31
9,no_leak,3,890,445047,35
9,no_leak,3,891,445547,25
9,no_leak,3,892,446047,36
9,no_leak,3,893,446547,8
9,no_leak,3,894,447047,25
9,no_leak,3,895,447547,43
9,no_leak,3,896,448047,71
9,no_leak,3,897,448547,43
9,no_leak,3,898,449047,5
9,no_leak,3,899,449547,56
9,no_leak,3,900,450047,87
9,no_leak,3,901,450547,73
9,no_leak,3,902,451047,58
9,no_leak,3,903,451547,47
9,no_leak,3,904,452047,6
9,no_leak,3,905,452547,0
9,no_leak,3,906,453047,26
9,no_leak,3,907,453547,19
9,no_leak,3,908,454047,20
9,no_leak,3,909,454547,7
9,no_leak,3,910,455047,0
9,no_leak,3,911,455547,51
9,no_leak,3,912,456047,53
9,no_leak,3,913,456547,42
9,no_leak,3,914,457047,25
9,no_leak,3,915,457547,82
9,no_leak,3,916,458047,123
9,no_leak,3,917,458547,73
9,no_leak,3,918,459047,35
9,no_leak,3,919,459547,30
9,no_leak,3,920,460047,19
9,no_leak,3,921,460547,42
9,no_leak,3,922,461047,71
9,no_leak,3,923,461547,56
9,no_leak,3,924,462047,26
9,no_leak,3,925,462547,0
9,no_leak,3,926,463047,0
9,no_leak,3,927,463547,0
9,no_leak,3,928,464047,0
9,no_leak,3,929,464548,0
9,no_leak,3,930,465047,0
9,no_leak,3,931,465547,0
9,no_leak,3,932,466047,0
9,no_leak,3,933,466547,41
9,no_leak,3,934,467047,53
9,no_leak,3,935,467547,57
9,no_leak,3,936,468047,53
9,no_leak,3,937,468547,37
9,no_leak,3,938,469047,21
9,no_leak,3,939,469547,21
9,no_leak,3,940,470047,0
9,no_leak,3,941,470547,0
9,no_leak,3,942,471047,5
9,no_leak,3,943,471547,4
9,no_leak,3,944,472047,0
9,no_leak,3,945,472547,27
9,no_leak,3,946,473047,39
9,no_leak,3,947,473547,27
9,no_leak,3,948,474047,19
9,no_leak,3,949,474547,3
9,no_leak,3,950,475047,41
9,no_leak,3,951,475547,41
9,no_leak,3,952,476047,39
9,no_leak,3,953,476547,30
9,no_leak,3,954,477047,17
9,no_leak,3,955,477547,92
9,no_leak,3,956,478047,103
9,no_leak,3,957,478547,93
9,no_leak,3,958,479047,68
9,no_leak,3,959,479547,91
9,no_leak,3,960,480047,109
9,no_leak,3,961,480547,123
9,no_leak,3,962,481047,112
9,no_leak,3,963,481547,93
9,no_leak,3,964,482047,103
9,no_leak,3,965,482547,135
9,no_leak,3,966,483047,137
9,no_leak,3,967,483547,141
9,no_leak,3,968,484047,119
9,no_leak,3,969,484547,53
9,no_leak,3,970,485047,69
9,no_leak,3,971,485547,115
9,no_leak,3,972,486047,85
9,no_leak,3,973,486547,142
9,no_leak,3,974,487047,146
9,no_leak,3,975,487547,119
9,no_leak,3,976,488048,102
9,no_leak,3,977,488547,109
9,no_leak,3,978,489047,89
9,no_leak,3,979,489547,83
9,no_leak,3,980,490047,77
9,no_leak,3,981,490547,108
9,no_leak,3,982,491047,127
9,no_leak,3,983,491547,101
9,no_leak,3,984,492047,71
9,no_leak,3,985,492547,103
9,no_leak,3,986,493047,127
9,no_leak,3,987,493547,127
9,no_leak,3,988,494047,90
9,no_leak,3,989,494547,75
9,no_leak,3,990,495047,81
9,no_leak,3,991,495547,83
9,no_leak,3,992,496047,99
9,no_leak,3,993,496547,83
9,no_leak,3,994,497047,69
9,no_leak,3,995,497547,52
9,no_leak,3,996,498047,31
9,no_leak,3,997,498547,19
9,no_leak,3,998,499047,39
9,no_leak,3,999,499547,61
9,no_leak,3,1000,500047,73
9,no_leak,3,1001,500547,23
9,no_leak,3,1002,501047,22
9,no_leak,3,1003,501547,79
9,no_leak,3,1004,502047,123
9,no_leak,3,1005,502547,135
9,no_leak,3,1006,503048,108
9,no_leak,3,1007,503547,47
9,no_leak,3,1008,504047,89
9,no_leak,3,1009,504547,115
9,no_leak,3,1010,505047,105
9,no_leak,3,1011,505547,103
9,no_leak,3,1012,506047,87
9,no_leak,3,1013,506547,47
9,no_leak,3,1014,507047,63
9,no_leak,3,1015,507547,78
9,no_leak,3,1016,508047,83
9,no_leak,3,1017,508548,76
9,no_leak,3,1018,509047,83
9,no_leak,3,1019,509547,25
9,no_leak,3,1020,510047,25
9,no_leak,3,1021,510547,69
9,no_leak,3,1022,511047,98
9,no_leak,3,1023,511547,105
9,no_leak,3,1024,512047,125
9,no_leak,3,1025,512547,108
9,no_leak,3,1026,513047,87
9,no_leak,3,1027,513547,61
9,no_leak,3,1028,514047,93
9,no_leak,3,1029,514547,127
9,no_leak,3,1030,515047,127
9,no_leak,3,1031,515547,115
9,no_leak,3,1032,516047,82
9,no_leak,3,1033,516547,31
9,no_leak,3,1034,517047,17
9,no_leak,3,1035,517547,84
9,no_leak,3,1036,518047,83
9,no_leak,3,1037,518547,75
9,no_leak,3,1038,519047,75
9,no_leak,3,1039,519547,45
9,no_leak,3,1040,520047,27
9,no_leak,3,1041,520547,0
9,no_leak,3,1042,521047,10
9,no_leak,3,1043,521547,43
9,no_leak,3,1044,522047,47
9,no_leak,3,1045,522547,27
9,no_leak,3,1046,523047,9
9,no_leak,3,1047,523547,0
9,no_leak,3,1048,524047,4
9,no_leak,3,1049,524547,25
9,no_leak,3,1050,525047,47
9,no_leak,3,1051,525547,75
9,no_leak,3,1052,526047,58
9,no_leak,3,1053,526547,41
9,no_leak,3,1054,527047,21
9,no_leak,3,1055,527547,71
9,no_leak,3,1056,528047,61
9,no_leak,3,1057,528547,57
9,no_leak,3,1058,529047,75
9,no_leak,3,1059,529547,72
9,no_leak,3,1060,530047,45
9,no_leak,3,1061,530547,18
9,no_leak,3,1062,531047,0
9,no_leak,3,1063,531547,1
9,no_leak,3,1064,532047,20
9,no_leak,3,1065,532547,36
9,no_leak,3,1066,533047,9
9,no_leak,3,1067,533547,9
9,no_leak,3,1068,534047,0
9,no_leak,3,1069,534547,0
9,no_leak,3,1070,535047,4
9,no_leak,3,1071,535547,21
9,no_leak,3,1072,536047,31
9,no_leak,3,1073,536547,26
9,no_leak,3,1074,537047,5
9,no_leak,3,1075,537547,0
9,no_leak,3,1076,538047,9
9,no_leak,3,1077,538547,6
9,no_leak,3,1078,539047,41
9,no_leak,3,1079,539547,45
9,no_leak,3,1080,540047,10
9,no_leak,3,1081,540547,0
9,no_leak,3,1082,541047,0
9,no_leak,3,1083,541547,37
9,no_leak,3,1084,542047,37
9,no_leak,3,1085,542547,30
9,no_leak,3,1086,543047,51
9,no_leak,3,1087,543547,69
9,no_leak,3,1088,544047,57
9,no_leak,3,1089,544547,45
9,no_leak,3,1090,545047,57
9,no_leak,3,1091,545547,89
9,no_leak,3,1092,546047,143
9,no_leak,3,1093,546547,137
9,no_leak,3,1094,547047,99
9,no_leak,3,1095,547547,127
9,no_leak,3,1096,548047,147
9,no_leak,3,1097,548547,110
9,no_leak,3,1098,549047,119
9,no_leak,3,1099,549547,99
9,no_leak,3,1100,550047,31
9,no_leak,3,1101,550547,31
9,no_leak,3,1102,551047,79
9,no_leak,3,1103,551547,85
9,no_leak,3,1104,552047,59
9,no_leak,3,1105,552547,59
9,no_leak,3,1106,553047,12
9,no_leak,3,1107,553547,7
9,no_leak,3,1108,554047,55
9,no_leak,3,1109,554547,83
9,no_leak,3,1110,555047,134
9,no_leak,3,1111,555547,119
9,no_leak,3,1112,556047,107
9,no_leak,3,1113,556547,82
9,no_leak,3,1114,557047,59
9,no_leak,3,1115,557547,55
9,no_leak,3,1116,558047,72
9,no_leak,3,1117,558547,78
9,no_leak,3,1118,559047,121
9,no_leak,3,1119,559547,133
9,no_leak,3,1120,560047,103
9,no_leak,3,1121,560547,121
9,no_leak,3,1122,561047,93
9,no_leak,3,1123,561547,29
9,no_leak,3,1124,562047,39
9,no_leak,3,1125,562547,53
9,no_leak,3,1126,563047,71
9,no_leak,3,1127,563547,84
9,no_leak,3,1128,564047,71
9,no_leak,3,1129,564547,74
9,no_leak,3,1130,565047,59
9,no_leak,3,1131,565547,61
9,no_leak,3,1132,566047,19
9,no_leak,3,1133,566547,0
9,no_leak,3,1134,567047,24
9,no_leak,3,1135,567547,37
9,no_leak,3,1136,568047,70
9,no_leak,3,1137,568547,99
9,no_leak,3,1138,569047,83
9,no_leak,3,1139,569547,75
9,no_leak,3,1140,570047,21
9,no_leak,3,1141,570547,0
9,no_leak,3,1142,571047,0
9,no_leak,3,1143,571547,40
9,no_leak,3,1144,572047,57
9,no_leak,3,1145,572547,59
9,no_leak,3,1146,573047,74
9,no_leak,3,1147,573547,87
9,no_leak,3,1148,574047,62
9,no_leak,3,1149,574547,19
9,no_leak,3,1150,575047,26
9,no_leak,3,1151,575547,41
9,no_leak,3,1152,576047,61
9,no_leak,3,1153,576547,98
9,no_leak,3,1154,577047,101
9,no_leak,3,1155,577547,72
9,no_leak,3,1156,578047,25
9,no_leak,3,1157,578547,0
9,no_leak,3,1158,579047,9
9,no_leak,3,1159,579547,59
9,no_leak,3,1160,580047,91
9,no_leak,3,1161,580547,81
9,no_leak,3,1162,581047,37
9,no_leak,3,1163,581548,6
9,no_leak,3,1164,582047,0
9,no_leak,3,1165,582547,45
9,no_leak,3,1166,583047,55
9,no_leak,3,1167,583547,59
9,no_leak,3,1168,584047,27
9,no_leak,3,1169,584547,4
9,no_leak,3,1170,585047,0
9,no_leak,3,1171,585547,8
9,no_leak,3,1172,586047,10
9,no_leak,3,1173,586547,0
9,no_leak,3,1174,587047,0
9,no_leak,3,1175,587547,0
9,no_leak,3,1176,588047,0
9,no_leak,3,1177,588547,20
9,no_leak,3,1178,589047,53
9,no_leak,3,1179,589547,38
9,no_leak,3,1180,590047,4
9,no_leak,3,1181,590547,0
9,no_leak,3,1182,591047,59
9,no_leak,3,1183,591547,91
9,no_leak,3,1184,592047,105
9,no_leak,3,1185,592547,109
9,no_leak,3,1186,593047,40
9,no_leak,3,1187,593547,43
9,no_leak,3,1188,594047,63
9,no_leak,3,1189,594547,109
9,no_leak,3,1190,595047,95
9,no_leak,3,1191,595547,52
9,no_leak,3,1192,596047,17
9,no_leak,3,1193,596547,0
9,no_leak,3,1194,597047,0
9,no_leak,3,1195,597547,0
9,no_leak,3,1196,598047,0
9,no_leak,3,1197,598547,0
9,no_leak,3,1198,599047,0
9,no_leak,3,1199,599547,0
9,no_leak,3,1200,600047,0
9,no_leak,3,1201,600547,0
9,no_leak,3,1202,601047,0
9,no_leak,3,1203,601547,0
9,no_leak,3,1204,602047,25
9,no_leak,3,1205,602547,42
9,no_leak,3,1206,603047,53
9,no_leak,3,1207,603547,23
9,no_leak,3,1208,604047,9
9,no_leak,3,1209,604547,0
9,no_leak,3,1210,605047,29
9,no_leak,3,1211,605547,63
9,no_leak,3,1212,606047,93
9,no_leak,3,1213,606547,61
9,no_leak,3,1214,607047,36
9,no_leak,3,1215,607547,23
9,no_leak,3,1216,608047,54
9,no_leak,3,1217,608547,76
9,no_leak,3,1218,609047,91
9,no_leak,3,1219,609547,77
9,no_leak,3,1220,610047,69
9,no_leak,3,1221,610547,19
9,no_leak,3,1222,611047,42
9,no_leak,3,1223,611547,61
9,no_leak,3,1224,612047,61
9,no_leak,3,1225,612547,53
9,no_leak,3,1226,613047,25
9,no_leak,3,1227,613547,0
9,no_leak,3,1228,614047,0
9,no_leak,3,1229,614547,38
9,no_leak,3,1230,615047,55
9,no_leak,3,1231,615547,62
9,no_leak,3,1232,616047,71
9,no_leak,3,1233,616547,57
9,no_leak,3,1234,617047,51
9,no_leak,3,1235,617547,9
9,no_leak,3,1236,618047,1
9,no_leak,3,1237,618547,31
9,no_leak,3,1238,619047,104
9,no_leak,3,1239,619547,125
9,no_leak,3,1240,620047,139
9,no_leak,3,1241,620547,121
9,no_leak,3,1242,621047,91
9,no_leak,3,1243,621547,93
9,no_leak,3,1244,622047,133
9,no_leak,3,1245,622547,170
9,no_leak,3,1246,623047,200
9,no_leak,3,1247,623547,197
9,no_leak,3,1248,624047,183
9,no_leak,3,1249,624547,152
9,no_leak,3,1250,625047,85
9,no_leak,3,1251,625547,87
9,no_leak,3,1252,626047,125
9,no_leak,3,1253,626547,137
9,no_leak,3,1254,627047,157
9,no_leak,3,1255,627547,159
9,no_leak,3,1256,628047,167
9,no_leak,3,1257,628547,163
9,no_leak,3,1258,629047,139
9,no_leak,3,1259,629547,122
9,no_leak,3,1260,630047,125
9,no_leak,3,1261,630547,133
9,no_leak,3,1262,631047,159
9,no_leak,3,1263,631547,170
9,no_leak,3,1264,632047,181
9,no_leak,3,1265,632547,167
9,no_leak,3,1266,633047,126
9,no_leak,3,1267,633547,137
9,no_leak,3,1268,634047,139
9,no_leak,3,1269,634547,185
9,no_leak,3,1270,635047,184
9,no_leak,3,1271,635547,154
9,no_leak,3,1272,636047,141
9,no_leak,3,1273,636547,93
9,no_leak,3,1274,637047,87
9,no_leak,3,1275,637547,112
9,no_leak,3,1276,638047,123
9,no_leak,3,1277,638547,159
9,no_leak,3,1278,639047,151
9,no_leak,3,1279,639547,131
9,no_leak,3,1280,640047,79
9,no_leak,3,1281,640547,40
9,no_leak,3,1282,641047,21
9,no_leak,3,1283,641547,24
9,no_leak,3,1284,642047,19
9,no_leak,3,1285,642547,68
9,no_leak,3,1286,643047,59
9,no_leak,3,1287,643547,41
9,no_leak,3,1288,644047,27
9,no_leak,3,1289,644547,0
9,no_leak,3,1290,645047,0
9,no_leak,3,1291,645547,0
9,no_leak,3,1292,646047,0
9,no_leak,3,1293,646547,17
9,no_leak,3,1294,647047,31
9,no_leak,3,1295,647547,31
9,no_leak,3,1296,648047,27
9,no_leak,3,1297,648547,1
9,no_leak,3,1298,649047,0
9,no_leak,3,1299,649547,0
9,no_leak,3,1300,650047,0
9,no_leak,3,1301,650547,0
9,no_leak,3,1302,651047,19
9,no_leak,3,1303,651547,10
9,no_leak,3,1304,652047,17
9,no_leak,3,1305,652547,11
9,no_leak,3,1306,653047,2
9,no_leak,3,1307,653547,37
9,no_leak,3,1308,654047,51
9,no_leak,3,1309,654547,40
9,no_leak,3,1310,655047,12
9,no_leak,3,1311,655547,0
9,no_leak,3,1312,656047,55
9,no_leak,3,1313,656547,69
9,no_leak,3,1314,657047,55
9,no_leak,3,1315,657547,43
9,no_leak,3,1316,658047,5
9,no_leak,3,1317,658547,0
9,no_leak,3,1318,659047,62
9,no_leak,3,1319,659547,62
9,no_leak,3,1320,660047,46
9,no_leak,3,1321,660547,52
9,no_leak,3,1322,661047,25
9,no_leak,3,1323,661547,5
9,no_leak,3,1324,662047,0
9,no_leak,3,1325,662547,0
9,no_leak,3,1326,663047,35
9,no_leak,3,1327,663548,37
9,no_leak,3,1328,664047,29
9,no_leak,3,1329,664547,11
9,no_leak,3,1330,665047,1
9,no_leak,3,1331,665547,0
9,no_leak,3,1332,666047,0
9,no_leak,3,1333,666547,12
9,no_leak,3,1334,667047,29
9,no_leak,3,1335,667547,22
9,no_leak,3,1336,668047,0
9,no_leak,3,1337,668547,0
9,no_leak,3,1338,669047,0
9,no_leak,3,1339,669547,0
9,no_leak,3,1340,670047,24
9,no_leak,3,1341,670547,39
9,no_leak,3,1342,671047,35
9,no_leak,3,1343,671547,20
9,no_leak,3,1344,672047,47
9,no_leak,3,1345,672547,39
9,no_leak,3,1346,673047,84
9,no_leak,3,1347,673547,94
9,no_leak,3,1348,674047,70
9,no_leak,3,1349,674547,43
9,no_leak,3,1350,675047,91
9,no_leak,3,1351,675547,109
9,no_leak,3,1352,676047,104
9,no_leak,3,1353,676547,75
9,no_leak,3,1354,677047,26
9,no_leak,3,1355,677547,39
9,no_leak,3,1356,678047,20
9,no_leak,3,1357,678547,45
9,no_leak,3,1358,679047,52
9,no_leak,3,1359,679547,40
9,no_leak,3,1360,680048,27
9,no_leak,3,1361,680547,4
9,no_leak,3,1362,681047,3
9,no_leak,3,1363,681547,16
9,no_leak,3,1364,682047,46
9,no_leak,3,1365,682547,57
9,no_leak,3,1366,683047,62
9,no_leak,3,1367,683547,54
9,no_leak,3,1368,684047,39
9,no_leak,3,1369,684547,53
9,no_leak,3,1370,685047,37
9,no_leak,3,1371,685547,43
9,no_leak,3,1372,686047,59
9,no_leak,3,1373,686547,29
9,no_leak,3,1374,687047,83
9,no_leak,3,1375,687547,99
9,no_leak,3,1376,688047,85
9,no_leak,3,1377,688547,87
9,no_leak,3,1378,689047,57
9,no_leak,3,1379,689547,109
9,no_leak,3,1380,690047,121
9,no_leak,3,1381,690547,138
9,no_leak,3,1382,691047,157
9,no_leak,3,1383,691547,102
9,no_leak,3,1384,692047,147
9,no_leak,3,1385,692547,139
9,no_leak,3,1386,693047,141
9,no_leak,3,1387,693547,139
9,no_leak,3,1388,694047,122
9,no_leak,3,1389,694547,146
9,no_leak,3,1390,695047,116
9,no_leak,3,1391,695547,115
9,no_leak,3,1392,696047,103
9,no_leak,3,1393,696547,149
9,no_leak,3,1394,697047,137
9,no_leak,3,1395,697547,151
9,no_leak,3,1396,698047,122
9,no_leak,3,1397,698547,95
9,no_leak,3,1398,699047,100
9,no_leak,3,1399,699547,105
9,no_leak,3,1400,700047,139
9,no_leak,3,1401,700547,173
9,no_leak,3,1402,701047,151
9,no_leak,3,1403,701547,107
9,no_leak,3,1404,702047,62
9,no_leak,3,1405,702547,92
9,no_leak,3,1406,703047,88
9,no_leak,3,1407,703547,68
9,no_leak,3,1408,704047,69
9,no_leak,3,1409,704547,41
9,no_leak,3,1410,705047,25
9,no_leak,3,1411,705547,61
9,no_leak,3,1412,706047,57
9,no_leak,3,1413,706547,52
9,no_leak,3,1414,707047,31
9,no_leak,3,1415,707547,69
9,no_leak,3,1416,708047,93
9,no_leak,3,1417,708547,68
9,no_leak,3,1418,709047,39
9,no_leak,3,1419,709547,33
9,no_leak,3,1420,710047,85
9,no_leak,3,1421,710548,107
9,no_leak,3,1422,711047,114
9,no_leak,3,1423,711547,108
9,no_leak,3,1424,712047,89
9,no_leak,3,1425,712547,55
9,no_leak,3,1426,713047,25
9,no_leak,3,1427,713547,29
9,no_leak,3,1428,714047,88
9,no_leak,3,1429,714547,72
9,no_leak,3,1430,715047,110
9,no_leak,3,1431,715547,95
9,no_leak,3,1432,716047,75
9,no_leak,3,1433,716547,59
9,no_leak,3,1434,717047,23
9,no_leak,3,1435,717547,0
9,no_leak,3,1436,718047,0
9,no_leak,3,1437,718547,31
9,no_leak,3,1438,719047,52
9,no_leak,3,1439,719547,100
9,no_leak,3,1440,720047,105
9,no_leak,3,1441,720547,117
9,no_leak,3,1442,721047,105
9,no_leak,3,1443,721547,57
9,no_leak,3,1444,722047,31
9,no_leak,3,1445,722547,37
9,no_leak,3,1446,723047,76
9,no_leak,3,1447,723547,107
9,no_leak,3,1448,724047,93
9,no_leak,3,1449,724547,61
9,no_leak,3,1450,725047,73
9,no_leak,3,1451,725547,123
9,no_leak,3,1452,726047,123
9,no_leak,3,1453,726547,122
9,no_leak,3,1454,727047,147
9,no_leak,3,1455,727547,151
9,no_leak,3,1456,728047,111
9,no_leak,3,1457,728547,108
9,no_leak,3,1458,729047,107
9,no_leak,3,1459,729547,107
9,no_leak,3,1460,730047,118
9,no_leak,3,1461,730547,137
9,no_leak,3,1462,731047,163
9,no_leak,3,1463,731547,169
9,no_leak,3,1464,732047,170
9,no_leak,3,1465,732547,135
9,no_leak,3,1466,733047,93
9,no_leak,3,1467,733547,102
9,no_leak,3,1468,734047,116
9,no_leak,3,1469,734547,119
9,no_leak,3,1470,735047,147
9,no_leak,3,1471,735547,115
9,no_leak,3,1472,736047,107
9,no_leak,3,1473,736547,62
9,no_leak,3,1474,737047,21
9,no_leak,3,1475,737547,10
9,no_leak,3,1476,738047,43
9,no_leak,3,1477,738547,55
9,no_leak,3,1478,739047,62
9,no_leak,3,1479,739547,61
9,no_leak,3,1480,740047,19
9,no_leak,3,1481,740547,0
9,no_leak,3,1482,741047,0
9,no_leak,3,1483,741547,0
9,no_leak,3,1484,742047,67
9,no_leak,3,1485,742547,47
9,no_leak,3,1486,743047,55
9,no_leak,3,1487,743547,23
9,no_leak,3,1488,744047,16
9,no_leak,3,1489,744547,0
9,no_leak,3,1490,745047,0
9,no_leak,3,1491,745547,0
9,no_leak,3,1492,746047,0
9,no_leak,3,1493,746547,0
9,no_leak,3,1494,747047,0
9,no_leak,3,1495,747547,24
9,no_leak,3,1496,748047,27
9,no_leak,3,1497,748547,35
9,no_leak,3,1498,749047,3
9,no_leak,3,1499,749547,0
9,no_leak,3,1500,750047,0
9,no_leak,3,1501,750547,0
9,no_leak,3,1502,751047,0
9,no_leak,3,1503,751547,0
9,no_leak,3,1504,752047,11
9,no_leak,3,1505,752547,27
9,no_leak,3,1506,753047,39
9,no_leak,3,1507,753547,37
9,no_leak,3,1508,754047,11
9,no_leak,3,1509,754547,7
9,no_leak,3,1510,755047,0
9,no_leak,3,1511,755547,0
9,no_leak,3,1512,756047,27
9,no_leak,3,1513,756547,72
9,no_leak,3,1514,757047,90
9,no_leak,3,1515,757547,89
9,no_leak,3,1516,758047,85
9,no_leak,3,1517,758547,85
9,no_leak,3,1518,759047,51
9,no_leak,3,1519,759547,71
9,no_leak,3,1520,760048,87
9,no_leak,3,1521,760547,111
9,no_leak,3,1522,761047,105
9,no_leak,3,1523,761547,89
9,no_leak,3,1524,762047,55
9,no_leak,3,1525,762547,10
9,no_leak,3,1526,763047,0
9,no_leak,3,1527,763547,21
9,no_leak,3,1528,764047,52
9,no_leak,3,1529,764547,55
9,no_leak,3,1530,765047,47
9,no_leak,3,1531,765547,29
9,no_leak,3,1532,766047,17
9,no_leak,3,1533,766547,11
9,no_leak,3,1534,767047,0
9,no_leak,3,1535,767547,18
9,no_leak,3,1536,768047,13
9,no_leak,3,1537,768547,36
9,no_leak,3,1538,769047,77
9,no_leak,3,1539,769547,77
9,no_leak,3,1540,770047,41
9,no_leak,3,1541,770547,69
9,no_leak,3,1542,771047,118
9,no_leak,3,1543,771547,140
9,no_leak,3,1544,772047,137
9,no_leak,3,1545,772547,121
9,no_leak,3,1546,773047,92
9,no_leak,3,1547,773547,53
9,no_leak,3,1548,774047,28
9,no_leak,3,1549,774547,45
9,no_leak,3,1550,775047,99
9,no_leak,3,1551,775547,127
9,no_leak,3,1552,776047,143
9,no_leak,3,1553,776547,125
9,no_leak,3,1554,777047,115
9,no_leak,3,1555,777547,89
9,no_leak,3,1556,778047,95
9,no_leak,3,1557,778547,91
9,no_leak,3,1558,779047,59
9,no_leak,3,1559,779547,56
9,no_leak,3,1560,780047,83
9,no_leak,3,1561,780547,89
9,no_leak,3,1562,781047,71
9,no_leak,3,1563,781547,79
9,no_leak,3,1564,782047,71
9,no_leak,3,1565,782547,81
9,no_leak,3,1566,783047,83
9,no_leak,3,1567,783547,75
9,no_leak,3,1568,784047,52
9,no_leak,3,1569,784547,59
9,no_leak,3,1570,785047,27
9,no_leak,3,1571,785547,24
9,no_leak,3,1572,786047,54
9,no_leak,3,1573,786547,55
9,no_leak,3,1574,787047,31
9,no_leak,3,1575,787547,9
9,no_leak,3,1576,788047,51
9,no_leak,3,1577,788547,104
9,no_leak,3,1578,789047,147
9,no_leak,3,1579,789547,141
9,no_leak,3,1580,790047,147
9,no_leak,3,1581,790547,146
9,no_leak,3,1582,791048,142
9,no_leak,3,1583,791547,123
9,no_leak,3,1584,792047,119
9,no_leak,3,1585,792547,99
9,no_leak,3,1586,793047,91
9,no_leak,3,1587,793547,69
9,no_leak,3,1588,794047,42
9,no_leak,3,1589,794547,4
9,no_leak,3,1590,795047,27
9,no_leak,3,1591,795547,26
9,no_leak,3,1592,796047,23
9,no_leak,3,1593,796547,5
9,no_leak,3,1594,797047,0
9,no_leak,3,1595,797547,0
9,no_leak,3,1596,798047,0
9,no_leak,3,1597,798547,0
9,no_leak,3,1598,799047,0
9,no_leak,3,1599,799547,1
9,no_leak,3,1600,800047,0
9,no_leak,3,1601,800547,0
9,no_leak,3,1602,801047,1
9,no_leak,3,1603,801547,13
9,no_leak,3,1604,802047,10
9,no_leak,3,1605,802547,3
9,no_leak,3,1606,803047,0
9,no_leak,3,1607,803547,21
9,no_leak,3,1608,804047,103
9,no_leak,3,1609,804547,95
9,no_leak,3,1610,805047,91
9,no_leak,3,1611,805547,45
9,no_leak,3,1612,806047,29
9,no_leak,3,1613,806547,89
9,no_leak,3,1614,807047,99
9,no_leak,3,1615,807547,159
9,no_leak,3,1616,808047,155
9,no_leak,3,1617,808547,120
9,no_leak,3,1618,809047,86
9,no_leak,3,1619,809547,52
9,no_leak,3,1620,810047,36
9,no_leak,3,1621,810547,67
9,no_leak,3,1622,811047,89
9,no_leak,3,1623,811547,107
9,no_leak,3,1624,812047,76
9,no_leak,3,1625,812548,45
9,no_leak,3,1626,813047,51
9,no_leak,3,1627,813547,36
9,no_leak,3,1628,814047,23
9,no_leak,3,1629,814547,39
9,no_leak,3,1630,815047,69
9,no_leak,3,1631,815547,103
9,no_leak,3,1632,816047,101
9,no_leak,3,1633,816547,93
9,no_leak,3,1634,817047,100
9,no_leak,3,1635,817547,55
9,no_leak,3,1636,818047,36
9,no_leak,3,1637,818547,1
9,no_leak,3,1638,819047,6
9,no_leak,3,1639,819547,29
9,no_leak,3,1640,820047,40
9,no_leak,3,1641,820548,55
9,no_leak,3,1642,821047,77
9,no_leak,3,1643,821547,79
9,no_leak,3,1644,822047,79
9,no_leak,3,1645,822547,87
9,no_leak,3,1646,823047,56
9,no_leak,3,1647,823547,63
9,no_leak,3,1648,824047,88
9,no_leak,3,1649,824547,93
9,no_leak,3,1650,825047,149
9,no_leak,3,1651,825547,165
9,no_leak,3,1652,826047,157
9,no_leak,3,1653,826547,147
9,no_leak,3,1654,827047,99
9,no_leak,3,1655,827547,95
9,no_leak,3,1656,828047,109
9,no_leak,3,1657,828547,127
9,no_leak,3,1658,829047,139
9,no_leak,3,1659,829547,155
9,no_leak,3,1660,830047,146
9,no_leak,3,1661,830547,141
9,no_leak,3,1662,831047,115
9,no_leak,3,1663,831547,73
9,no_leak,3,1664,832047,101
9,no_leak,3,1665,832547,75
9,no_leak,3,1666,833047,70
9,no_leak,3,1667,833547,116
9,no_leak,3,1668,834047,112
9,no_leak,3,1669,834547,93
9,no_leak,3,1670,835048,63
9,no_leak,3,1671,835547,51
9,no_leak,3,1672,836047,53
9,no_leak,3,1673,836547,51
9,no_leak,3,1674,837047,52
9,no_leak,3,1675,837547,53
9,no_leak,3,1676,838047,56
9,no_leak,3,1677,838547,44
9,no_leak,3,1678,839047,23
9,no_leak,3,1679,839547,3
9,no_leak,3,1680,840047,8
9,no_leak,3,1681,840547,33
9,no_leak,3,1682,841047,29
9,no_leak,3,1683,841547,39
9,no_leak,3,1684,842047,43
9,no_leak,3,1685,842547,25
9,no_leak,3,1686,843047,0
9,no_leak,3,1687,843547,25
9,no_leak,3,1688,844047,61
9,no_leak,3,1689,844547,47
9,no_leak,3,1690,845047,29
9,no_leak,3,1691,845547,0
9,no_leak,3,1692,846047,28
9,no_leak,3,1693,846547,6
9,no_leak,3,1694,847047,36
9,no_leak,3,1695,847547,41
9,no_leak,3,1696,848047,8
9,no_leak,3,1697,848547,4
9,no_leak,3,1698,849047,36
9,no_leak,3,1699,849547,53
9,no_leak,3,1700,850047,73
9,no_leak,3,1701,850547,56
9,no_leak,3,1702,851047,22
9,no_leak,3,1703,851547,27
9,no_leak,3,1704,852047,91
9,no_leak,3,1705,852547,88
9,no_leak,3,1706,853047,89
9,no_leak,3,1707,853547,75
9,no_leak,3,1708,854047,30
9,no_leak,3,1709,854547,35
9,no_leak,3,1710,855047,55
9,no_leak,3,1711,855547,83
9,no_leak,3,1712,856047,77
9,no_leak,3,1713,856547,63
9,no_leak,3,1714,857047,54
9,no_leak,3,1715,857547,30
9,no_leak,3,1716,858047,5
9,no_leak,3,1717,858547,21
9,no_leak,3,1718,859047,45
9,no_leak,3,1719,859547,55
9,no_leak,3,1720,860047,61
9,no_leak,3,1721,860547,45
9,no_leak,3,1722,861047,29
9,no_leak,3,1723,861547,17
9,no_leak,3,1724,862047,33
9,no_leak,3,1725,862547,39
9,no_leak,3,1726,863047,22
9,no_leak,3,1727,863547,5
9,no_leak,3,1728,864047,0
9,no_leak,3,1729,864547,0
9,no_leak,3,1730,865047,61
9,no_leak,3,1731,865547,56
9,no_leak,3,1732,866047,51
9,no_leak,3,1733,866547,68
9,no_leak,3,1734,867047,41
9,no_leak,3,1735,867547,9
9,no_leak,3,1736,868047,7
9,no_leak,3,1737,868547,29
9,no_leak,3,1738,869047,63
9,no_leak,3,1739,869547,75
9,no_leak,3,1740,870047,72
9,no_leak,3,1741,870547,54
9,no_leak,3,1742,871047,19
9,no_leak,3,1743,871547,9
9,no_leak,3,1744,872047,59
9,no_leak,3,1745,872547,61
9,no_leak,3,1746,873047,61
9,no_leak,3,1747,873547,70
9,no_leak,3,1748,874047,85
9,no_leak,3,1749,874547,83
9,no_leak,3,1750,875047,73
9,no_leak,3,1751,875547,44
9,no_leak,3,1752,876047,40
9,no_leak,3,1753,876547,42
9,no_leak,3,1754,877047,59
9,no_leak,3,1755,877547,17
9,no_leak,3,1756,878047,0
9,no_leak,3,1757,878547,27
9,no_leak,3,1758,879047,5
9,no_leak,3,1759,879547,0
9,no_leak,3,1760,880047,0
9,no_leak,3,1761,880547,0
9,no_leak,3,1762,881047,0
9,no_leak,3,1763,881547,12
9,no_leak,3,1764,882047,21
9,no_leak,3,1765,882547,0
9,no_leak,3,1766,883048,0
9,no_leak,3,1767,883547,0
9,no_leak,3,1768,884047,41
9,no_leak,3,1769,884547,20
9,no_leak,3,1770,885047,12
9,no_leak,3,1771,885547,7
9,no_leak,3,1772,886047,1
9,no_leak,3,1773,886547,0
9,no_leak,3,1774,887047,0
9,no_leak,3,1775,887547,28
9,no_leak,3,1776,888047,59
9,no_leak,3,1777,888547,41
9,no_leak,3,1778,889047,18
9,no_leak,3,1779,889547,9
9,no_leak,3,1780,890047,51
9,no_leak,3,1781,890547,71
9,no_leak,3,1782,891047,93
9,no_leak,3,1783,891547,105
9,no_leak,3,1784,892047,92
9,no_leak,3,1785,892547,112
9,no_leak,3,1786,893047,126
9,no_leak,3,1787,893547,136
9,no_leak,3,1788,894047,121
9,no_leak,3,1789,894547,61
9,no_leak,3,1790,895047,60
9,no_leak,3,1791,895547,125
9,no_leak,3,1792,896047,147
9,no_leak,3,1793,896547,117
9,no_leak,3,1794,897047,115
9,no_leak,3,1795,897547,101
9,no_leak,3,1796,898047,54
9,no_leak,3,1797,898547,55
9,no_leak,3,1798,899047,87
9,no_leak,3,1799,899547,86
9,no_leak,3,1800,900047,126
9,no_leak,3,1801,900547,142
9,no_leak,3,1802,901047,143
9,no_leak,3,1803,901547,135
9,no_leak,3,1804,902047,80
9,no_leak,3,1805,902547,46
9,no_leak,3,1806,903047,39
9,no_leak,3,1807,903547,57
9,no_leak,3,1808,904047,125
9,no_leak,3,1809,904547,123
9,no_leak,3,1810,905047,109
9,no_leak,3,1811,905547,95
9,no_leak,3,1812,906047,71
9,no_leak,3,1813,906547,36
9,no_leak,3,1814,907047,47
9,no_leak,3,1815,907547,43
9,no_leak,3,1816,908047,79
9,no_leak,3,1817,908547,90
9,no_leak,3,1818,909047,117
9,no_leak,3,1819,909547,111
9,no_leak,3,1820,910047,97
9,no_leak,3,1821,910547,69
9,no_leak,3,1822,911047,55
9,no_leak,3,1823,911547,9
9,no_leak,3,1824,912047,23
9,no_leak,3,1825,912547,9
9,no_leak,3,1826,913047,57
9,no_leak,3,1827,913547,23
9,no_leak,3,1828,914047,9
9,no_leak,3,1829,914547,0
9,no_leak,3,1830,915047,0
9,no_leak,3,1831,915547,0
9,no_leak,3,1832,916047,0
9,no_leak,3,1833,916547,19
9,no_leak,3,1834,917047,4
9,no_leak,3,1835,917547,0
9,no_leak,3,1836,918047,0
9,no_leak,3,1837,918547,0
9,no_leak,3,1838,919047,42
9,no_leak,3,1839,919547,43
9,no_leak,3,1840,920047,37
9,no_leak,3,1841,920547,23
9,no_leak,3,1842,921047,9
9,no_leak,3,1843,921547,0
9,no_leak,3,1844,922047,11
9,no_leak,3,1845,922547,39
9,no_leak,3,1846,923047,68
9,no_leak,3,1847,923547,117
9,no_leak,3,1848,924047,105
9,no_leak,3,1849,924547,107
9,no_leak,3,1850,925047,76
9,no_leak,3,1851,925547,19
9,no_leak,3,1852,926047,36
9,no_leak,3,1853,926547,51
9,no_leak,3,1854,927047,107
9,no_leak,3,1855,927547,101
9,no_leak,3,1856,928047,72
9,no_leak,3,1857,928547,31
9,no_leak,3,1858,929047,0
9,no_leak,3,1859,929547,0
9,no_leak,3,1860,930047,40
9,no_leak,3,1861,930547,35
9,no_leak,3,1862,931047,41
9,no_leak,3,1863,931547,28
9,no_leak,3,1864,932047,4
9,no_leak,3,1865,932547,0
9,no_leak,3,1866,933047,0
9,no_leak,3,1867,933547,0
9,no_leak,3,1868,934047,0
9,no_leak,3,1869,934547,0
9,no_leak,3,1870,935047,5
9,no_leak,3,1871,935547,0
9,no_leak,3,1872,936047,0
9,no_leak,3,1873,936547,0
9,no_leak,3,1874,937047,0
9,no_leak,3,1875,937547,0
9,no_leak,3,1876,938047,24
9,no_leak,3,1877,938547,36
9,no_leak,3,1878,939047,47
9,no_leak,3,1879,939547,71
9,no_leak,3,1880,940047,37
9,no_leak,3,1881,940547,57
9,no_leak,3,1882,941047,84
9,no_leak,3,1883,941547,105
9,no_leak,3,1884,942047,128
9,no_leak,3,1885,942547,182
9,no_leak,3,1886,943047,182
9,no_leak,3,1887,943547,181
9,no_leak,3,1888,944047,158
9,no_leak,3,1889,944547,137
9,no_leak,3,1890,945047,168
9,no_leak,3,1891,945547,169
9,no_leak,3,1892,946047,219
9,no_leak,3,1893,946547,219
9,no_leak,3,1894,947047,187
9,no_leak,3,1895,947547,181
9,no_leak,3,1896,948047,167
9,no_leak,3,1897,948547,187
9,no_leak,3,1898,949047,189
9,no_leak,3,1899,949547,199
9,no_leak,3,1900,950047,205
9,no_leak,3,1901,950547,200
9,no_leak,3,1902,951047,149
9,no_leak,3,1903,951547,109
9,no_leak,3,1904,952047,73
9,no_leak,3,1905,952547,62
9,no_leak,3,1906,953047,37
9,no_leak,3,1907,953547,46
9,no_leak,3,1908,954047,89
9,no_leak,3,1909,954547,95
9,no_leak,3,1910,955047,77
9,no_leak,3,1911,955547,38
9,no_leak,3,1912,956047,53
9,no_leak,3,1913,956547,60
9,no_leak,3,1914,957047,94
9,no_leak,3,1915,957547,136
9,no_leak,3,1916,958047,103
9,no_leak,3,1917,958547,79
9,no_leak,3,1918,959047,59
9,no_leak,3,1919,959547,83
9,no_leak,3,1920,960047,106
9,no_leak,3,1921,960547,123
9,no_leak,3,1922,961047,112
9,no_leak,3,1923,961547,100
9,no_leak,3,1924,962047,56
9,no_leak,3,1925,962547,90
9,no_leak,3,1926,963047,87
9,no_leak,3,1927,963547,86
9,no_leak,3,1928,964047,67
9,no_leak,3,1929,964547,58
9,no_leak,3,1930,965047,16
9,no_leak,3,1931,965547,51
9,no_leak,3,1932,966047,95
9,no_leak,3,1933,966547,74
9,no_leak,3,1934,967048,33
9,no_leak,3,1935,967547,1
9,no_leak,3,1936,968047,0
9,no_leak,3,1937,968547,0
9,no_leak,3,1938,969047,43
9,no_leak,3,1939,969547,31
9,no_leak,3,1940,970047,27
9,no_leak,3,1941,970547,27
9,no_leak,3,1942,971047,19
9,no_leak,3,1943,971547,19
9,no_leak,3,1944,972047,0
9,no_leak,3,1945,972547,29
9,no_leak,3,1946,973047,0
9,no_leak,3,1947,973547,11
9,no_leak,3,1948,974047,54
9,no_leak,3,1949,974547,103
9,no_leak,3,1950,975047,87
9,no_leak,3,1951,975547,70
9,no_leak,3,1952,976047,61
9,no_leak,3,1953,976547,53
9,no_leak,3,1954,977047,60
9,no_leak,3,1955,977547,21
9,no_leak,3,1956,978047,45
9,no_leak,3,1957,978547,17
9,no_leak,3,1958,979047,72
9,no_leak,3,1959,979547,103
9,no_leak,3,1960,980047,89
9,no_leak,3,1961,980547,70
9,no_leak,3,1962,981047,75
9,no_leak,3,1963,981547,52
9,no_leak,3,1964,982047,31
9,no_leak,3,1965,982547,1
9,no_leak,3,1966,983047,0
9,no_leak,3,1967,983547,0
9,no_leak,3,1968,984047,1
9,no_leak,3,1969,984547,53
9,no_leak,3,1970,985047,93
9,no_leak,3,1971,985547,94
9,no_leak,3,1972,986047,91
9,no_leak,3,1973,986547,83
9,no_leak,3,1974,987047,71
9,no_leak,3,1975,987547,37
9,no_leak,3,1976,988047,10
9,no_leak,3,1977,988547,0
9,no_leak,3,1978,989047,5
9,no_leak,3,1979,989547,51
9,no_leak,3,1980,990047,45
9,no_leak,3,1981,990547,58
9,no_leak,3,1982,991047,92
9,no_leak,3,1983,991547,82
9,no_leak,3,1984,992047,81
9,no_leak,3,1985,992547,61
9,no_leak,3,1986,993047,47
9,no_leak,3,1987,993547,23
9,no_leak,3,1988,994047,6
9,no_leak,3,1989,994547,0
9,no_leak,3,1990,995047,0
9,no_leak,3,1991,995547,0
9,no_leak,3,1992,996047,11
9,no_leak,3,1993,996547,21
9,no_leak,3,1994,997047,36
9,no_leak,3,1995,997547,71
9,no_leak,3,1996,998047,61
9,no_leak,3,1997,998547,55
9,no_leak,3,1998,999047,39
9,no_leak,3,1999,999547,7
9,no_leak,4,0,48,27
9,no_leak,4,1,547,53
9,no_leak,4,2,1047,40
9,no_leak,4,3,1547,29
9,no_leak,4,4,2047,0
9,no_leak,4,5,2547,41
9,no_leak,4,6,3047,26
9,no_leak,4,7,3547,13
9,no_leak,4,8,4047,14
9,no_leak,4,9,4547,0
9,no_leak,4,10,5047,0
9,no_leak,4,11,5547,0
9,no_leak,4,12,6047,0
9,no_leak,4,13,6547,0
9,no_leak,4,14,7047,0
9,no_leak,4,15,7547,0
9,no_leak,4,16,8047,0
9,no_leak,4,17,8547,0
9,no_leak,4,18,9047,11
9,no_leak,4,19,9547,18
9,no_leak,4,20,10047,0
9,no_leak,4,21,10547,0
9,no_leak,4,22,11047,29
9,no_leak,4,23,11547,28
9,no_leak,4,24,12047,28
9,no_leak,4,25,12547,3
9,no_leak,4,26,13047,23
9,no_leak,4,27,13547,92
9,no_leak,4,28,14047,106
9,no_leak,4,29,14547,101
9,no_leak,4,30,15047,95
9,no_leak,4,31,15547,61
9,no_leak,4,32,16047,89
9,no_leak,4,33,16547,103
9,no_leak,4,34,17047,82
9,no_leak,4,35,17547,89
9,no_leak,4,36,18047,78
9,no_leak,4,37,18547,79
9,no_leak,4,38,19047,61
9,no_leak,4,39,19547,29
9,no_leak,4,40,20047,75
9,no_leak,4,41,20547,71
9,no_leak,4,42,21047,31
9,no_leak,4,43,21547,2
9,no_leak,4,44,22047,37
9,no_leak,4,45,22547,59
9,no_leak,4,46,23047,63
9,no_leak,4,47,23547,73
9,no_leak,4,48,24047,45
9,no_leak,4,49,24547,107
9,no_leak,4,50,25047,105
9,no_leak,4,51,25547,103
9,no_leak,4,52,26047,73
9,no_leak,4,53,26548,76
9,no_leak,4,54,27047,121
9,no_leak,4,55,27547,123
9,no_leak,4,56,28047,114
9,no_leak,4,57,28547,77
9,no_leak,4,58,29047,37
9,no_leak,4,59,29547,10
9,no_leak,4,60,30047,44
9,no_leak,4,61,30547,59
9,no_leak,4,62,31047,77
9,no_leak,4,63,31547,109
9,no_leak,4,64,32047,113
9,no_leak,4,65,32547,122
9,no_leak,4,66,33047,111
9,no_leak,4,67,33547,107
9,no_leak,4,68,34047,105
9,no_leak,4,69,34547,126
9,no_leak,4,70,35047,123
9,no_leak,4,71,35547,150
9,no_leak,4,72,36047,141
9,no_leak,4,73,36547,111
9,no_leak,4,74,37047,73
9,no_leak,4,75,37547,30
9,no_leak,4,76,38047,31
9,no_leak,4,77,38547,55
9,no_leak,4,78,39047,63
9,no_leak,4,79,39547,77
9,no_leak,4,80,40047,79
9,no_leak,4,81,40547,75
9,no_leak,4,82,41047,38
9,no_leak,4,83,41547,7
9,no_leak,4,84,42047,12
9,no_leak,4,85,42547,60
9,no_leak,4,86,43047,126
9,no_leak,4,87,43547,125
9,no_leak,4,88,44047,117
9,no_leak,4,89,44547,97
9,no_leak,4,90,45047,44
9,no_leak,4,91,45547,17
9,no_leak,4,92,46047,0
9,no_leak,4,93,46547,17
9,no_leak,4,94,47047,56
9,no_leak,4,95,47547,61
9,no_leak,4,96,48047,47
9,no_leak,4,97,48547,31
9,no_leak,4,98,49047,2
9,no_leak,4,99,49547,0
9,no_leak,4,100,50047,0
9,no_leak,4,101,50547,0
9,no_leak,4,102,51047,0
9,no_leak,4,103,51547,13
9,no_leak,4,104,52047,25
9,no_leak,4,105,52547,5
9,no_leak,4,106,53047,7
9,no_leak,4,107,53547,0
9,no_leak,4,108,54047,0
9,no_leak,4,109,54547,0
9,no_leak,4,110,55047,15
9,no_leak,4,111,55547,84
9,no_leak,4,112,56047,99
9,no_leak,4,113,56547,104
9,no_leak,4,114,57047,124
9,no_leak,4,115,57547,93
9,no_leak,4,116,58047,75
9,no_leak,4,117,58547,115
9,no_leak,4,118,59047,105
9,no_leak,4,119,59547,99
9,no_leak,4,120,60047,107
9,no_leak,4,121,60547,88
9,no_leak,4,122,61047,91
9,no_leak,4,123,61547,139
9,no_leak,4,124,62047,169
9,no_leak,4,125,62547,179
9,no_leak,4,126,63047,165
9,no_leak,4,127,63547,123
9,no_leak,4,128,64047,120
9,no_leak,4,129,64547,120
9,no_leak,4,130,65047,117
9,no_leak,4,131,65547,93
9,no_leak,4,132,66047,77
9,no_leak,4,133,66547,55
9,no_leak,4,134,67047,54
9,no_leak,4,135,67547,44
9,no_leak,4,136,68047,55
9,no_leak,4,137,68547,74
9,no_leak,4,138,69047,51
9,no_leak,4,139,69547,45
9,no_leak,4,140,70047,54
9,no_leak,4,141,70547,59
9,no_leak,4,142,71047,64
9,no_leak,4,143,71547,91
9,no_leak,4,144,72047,103
9,no_leak,4,145,72547,68
9,no_leak,4,146,73047,58
9,no_leak,4,147,73547,73
9,no_leak,4,148,74047,142
9,no_leak,4,149,74547,173
9,no_leak,4,150,75047,165
9,no_leak,4,151,75547,168
9,no_leak,4,152,76047,123
9,no_leak,4,153,76547,105
9,no_leak,4,154,77047,93
9,no_leak,4,155,77547,60
9,no_leak,4,156,78047,23
9,no_leak,4,157,78547,0
9,no_leak,4,158,79047,0
9,no_leak,4,159,79547,28
9,no_leak,4,160,80047,48
9,no_leak,4,161,80547,30
9,no_leak,4,162,81047,11
9,no_leak,4,163,81547,0
9,no_leak,4,164,82047,0
9,no_leak,4,165,82547,0
9,no_leak,4,166,83047,12
9,no_leak,4,167,83547,4
9,no_leak,4,168,84047,0
9,no_leak,4,169,84547,0
9,no_leak,4,170,85047,26
9,no_leak,4,171,85547,35
9,no_leak,4,172,86047,59
9,no_leak,4,173,86547,11
9,no_leak,4,174,87047,45
9,no_leak,4,175,87547,83
9,no_leak,4,176,88047,107
9,no_leak,4,177,88547,107
9,no_leak,4,178,89047,75
9,no_leak,4,179,89547,39
9,no_leak,4,180,90047,96
9,no_leak,4,181,90547,88
9,no_leak,4,182,91047,44
9,no_leak,4,183,91547,119
9,no_leak,4,184,92047,121
9,no_leak,4,185,92547,117
9,no_leak,4,186,93047,77
9,no_leak,4,187,93547,105
9,no_leak,4,188,94047,141
9,no_leak,4,189,94547,142
9,no_leak,4,190,95047,125
9,no_leak,4,191,95547,67
9,no_leak,4,192,96047,31
9,no_leak,4,193,96547,63
9,no_leak,4,194,97047,138
9,no_leak,4,195,97547,124
9,no_leak,4,196,98047,119
9,no_leak,4,197,98547,93
9,no_leak,4,198,99047,75
9,no_leak,4,199,99547,51
9,no_leak,4,200,100047,19
9,no_leak,4,201,100547,0
9,no_leak,4,202,101047,0
9,no_leak,4,203,101547,1
9,no_leak,4,204,102047,25
9,no_leak,4,205,102547,41
9,no_leak,4,206,103047,39
9,no_leak,4,207,103547,33
9,no_leak,4,208,104047,12
9,no_leak,4,209,104547,0
9,no_leak,4,210,105047,0
9,no_leak,4,211,105547,22
9,no_leak,4,212,106047,10
9,no_leak,4,213,106547,25
9,no_leak,4,214,107047,20
9,no_leak,4,215,107547,9
9,no_leak,4,216,108047,27
9,no_leak,4,217,108547,63
9,no_leak,4,218,109047,89
9,no_leak,4,219,109547,87
9,no_leak,4,220,110047,51
9,no_leak,4,221,110547,23
9,no_leak,4,222,111047,89
9,no_leak,4,223,111547,53
9,no_leak,4,224,112047,77
9,no_leak,4,225,112547,69
9,no_leak,4,226,113047,38
9,no_leak,4,227,113547,14
9,no_leak,4,228,114047,0
9,no_leak,4,229,114547,0
9,no_leak,4,230,115047,20
9,no_leak,4,231,115547,47
9,no_leak,4,232,116047,68
9,no_leak,4,233,116547,61
9,no_leak,4,234,117047,55
9,no_leak,4,235,117547,19
9,no_leak,4,236,118047,0
9,no_leak,4,237,118548,0
9,no_leak,4,238,119047,25
9,no_leak,4,239,119547,83
9,no_leak,4,240,120047,111
9,no_leak,4,241,120547,110
9,no_leak,4,242,121047,123
9,no_leak,4,243,121547,100
9,no_leak,4,244,122047,99
9,no_leak,4,245,122547,103
9,no_leak,4,246,123047,123
9,no_leak,4,247,123547,123
9,no_leak,4,248,124047,138
9,no_leak,4,249,124547,157
9,no_leak,4,250,125047,153
9,no_leak,4,251,125547,148
9,no_leak,4,252,126047,120
9,no_leak,4,253,126547,83
9,no_leak,4,254,127047,37
9,no_leak,4,255,127547,51
9,no_leak,4,256,128047,45
9,no_leak,4,257,128547,17
9,no_leak,4,258,129047,0
9,no_leak,4,259,129547,0
9,no_leak,4,260,130047,0
9,no_leak,4,261,130547,0
9,no_leak,4,262,131047,3
9,no_leak,4,263,131547,0
9,no_leak,4,264,132047,0
9,no_leak,4,265,132547,0
9,no_leak,4,266,133047,0
9,no_leak,4,267,133547,0
9,no_leak,4,268,134047,43
9,no_leak,4,269,134547,40
9,no_leak,4,270,135047,29
9,no_leak,4,271,135547,30
9,no_leak,4,272,136047,2
9,no_leak,4,273,136547,17
9,no_leak,4,274,137047,59
9,no_leak,4,275,137547,88
9,no_leak,4,276,138047,91
9,no_leak,4,277,138547,109
9,no_leak,4,278,139047,87
9,no_leak,4,279,139547,52
9,no_leak,4,280,140047,93
9,no_leak,4,281,140547,102
9,no_leak,4,282,141047,136
9,no_leak,4,283,141547,153
9,no_leak,4,284,142047,123
9,no_leak,4,285,142547,51
9,no_leak,4,286,143047,62
9,no_leak,4,287,143547,91
9,no_leak,4,288,144047,101
9,no_leak,4,289,144547,101
9,no_leak,4,290,145047,83
9,no_leak,4,291,145547,48
9,no_leak,4,292,146047,82
9,no_leak,4,293,146547,83
9,no_leak,4,294,147047,92
9,no_leak,4,295,147547,87
9,no_leak,4,296,148047,31
9,no_leak,4,297,148547,53
9,no_leak,4,298,149047,70
9,no_leak,4,299,149547,88
9,no_leak,4,300,150047,125
9,no_leak,4,301,150547,88
9,no_leak,4,302,151047,47
9,no_leak,4,303,151547,75
9,no_leak,4,304,152047,67
9,no_leak,4,305,152547,67
9,no_leak,4,306,153047,59
9,no_leak,4,307,153547,44
9,no_leak,4,308,154047,44
9,no_leak,4,309,154547,5
9,no_leak,4,310,155047,0
9,no_leak,4,311,155547,37
9,no_leak,4,312,156047,39
9,no_leak,4,313,156547,29
9,no_leak,4,314,157047,10
9,no_leak,4,315,157547,0
9,no_leak,4,316,158047,37
9,no_leak,4,317,158547,63
9,no_leak,4,318,159047,91
9,no_leak,4,319,159547,92
9,no_leak,4,320,160047,69
9,no_leak,4,321,160547,21
9,no_leak,4,322,161047,52
9,no_leak,4,323,161547,101
9,no_leak,4,324,162047,91
9,no_leak,4,325,162547,100
9,no_leak,4,326,163047,79
9,no_leak,4,327,163547,28
9,no_leak,4,328,164047,55
9,no_leak,4,329,164547,103
9,no_leak,4,330,165047,101
9,no_leak,4,331,165547,109
9,no_leak,4,332,166047,133
9,no_leak,4,333,166547,121
9,no_leak,4,334,167047,115
9,no_leak,4,335,167547,109
9,no_leak,4,336,168047,138
9,no_leak,4,337,168547,124
9,no_leak,4,338,169047,137
9,no_leak,4,339,169547,175
9,no_leak,4,340,170047,167
9,no_leak,4,341,170547,149
9,no_leak,4,342,171047,101
9,no_leak,4,343,171547,97
9,no_leak,4,344,172047,111
9,no_leak,4,345,172547,111
9,no_leak,4,346,173047,91
9,no_leak,4,347,173547,76
9,no_leak,4,348,174047,101
9,no_leak,4,349,174547,105
9,no_leak,4,350,175047,102
9,no_leak,4,351,175547,103
9,no_leak,4,352,176048,75
9,no_leak,4,353,176547,51
9,no_leak,4,354,177047,27
9,no_leak,4,355,177547,63
9,no_leak,4,356,178047,53
9,no_leak,4,357,178547,72
9,no_leak,4,358,179047,40
9,no_leak,4,359,179547,13
9,no_leak,4,360,180047,0
9,no_leak,4,361,180547,11
9,no_leak,4,362,181047,21
9,no_leak,4,363,181547,43
9,no_leak,4,364,182047,13
9,no_leak,4,365,182547,0
9,no_leak,4,366,183047,0
9,no_leak,4,367,183547,0
9,no_leak,4,368,184047,26
9,no_leak,4,369,184547,13
9,no_leak,4,370,185047,0
9,no_leak,4,371,185547,21
9,no_leak,4,372,186047,79
9,no_leak,4,373,186547,79
9,no_leak,4,374,187047,56
9,no_leak,4,375,187547,37
9,no_leak,4,376,188047,43
9,no_leak,4,377,188547,75
9,no_leak,4,378,189047,99
9,no_leak,4,379,189547,119
9,no_leak,4,380,190047,105
9,no_leak,4,381,190547,153
9,no_leak,4,382,191047,166
9,no_leak,4,383,191547,133
9,no_leak,4,384,192047,107
9,no_leak,4,385,192547,78
9,no_leak,4,386,193047,71
9,no_leak,4,387,193547,83
9,no_leak,4,388,194047,153
9,no_leak,4,389,194547,135
9,no_leak,4,390,195047,110
9,no_leak,4,391,195547,109
9,no_leak,4,392,196047,84
9,no_leak,4,393,196547,33
9,no_leak,4,394,197047,26
9,no_leak,4,395,197547,57
9,no_leak,4,396,198047,37
9,no_leak,4,397,198547,47
9,no_leak,4,398,199047,29
9,no_leak,4,399,199547,11
9,no_leak,4,400,200047,0
9,no_leak,4,401,200547,0
9,no_leak,4,402,201047,0
9,no_leak,4,403,201547,0
9,no_leak,4,404,202047,0
9,no_leak,4,405,202547,4
9,no_leak,4,406,203047,17
9,no_leak,4,407,203547,7
9,no_leak,4,408,204047,0
9,no_leak,4,409,204547,5
9,no_leak,4,410,205047,52
9,no_leak,4,411,205547,24
9,no_leak,4,412,206047,10
9,no_leak,4,413,206547,0
9,no_leak,4,414,207047,10
9,no_leak,4,415,207547,45
9,no_leak,4,416,208047,41
9,no_leak,4,417,208547,53
9,no_leak,4,418,209047,39
9,no_leak,4,419,209547,12
9,no_leak,4,420,210047,0
9,no_leak,4,421,210547,0
9,no_leak,4,422,211047,0
9,no_leak,4,423,211547,6
9,no_leak,4,424,212047,12
9,no_leak,4,425,212547,43
9,no_leak,4,426,213047,35
9,no_leak,4,427,213547,13
9,no_leak,4,428,214047,12
9,no_leak,4,429,214547,53
9,no_leak,4,430,215047,47
9,no_leak,4,431,215547,75
9,no_leak,4,432,216047,82
9,no_leak,4,433,216547,26
9,no_leak,4,434,217047,101
9,no_leak,4,435,217547,139
9,no_leak,4,436,218047,134
9,no_leak,4,437,218547,112
9,no_leak,4,438,219047,91
9,no_leak,4,439,219547,71
9,no_leak,4,440,220047,76
9,no_leak,4,441,220547,91
9,no_leak,4,442,221047,121
9,no_leak,4,443,221547,110
9,no_leak,4,444,222047,91
9,no_leak,4,445,222547,100
9,no_leak,4,446,223047,123
9,no_leak,4,447,223547,121
9,no_leak,4,448,224047,101
9,no_leak,4,449,224547,76
9,no_leak,4,450,225047,56
9,no_leak,4,451,225547,59
9,no_leak,4,452,226047,31
9,no_leak,4,453,226547,39
9,no_leak,4,454,227047,104
9,no_leak,4,455,227547,111
9,no_leak,4,456,228047,95
9,no_leak,4,457,228547,88
9,no_leak,4,458,229047,51
9,no_leak,4,459,229547,23
9,no_leak,4,460,230047,41
9,no_leak,4,461,230547,43
9,no_leak,4,462,231047,58
9,no_leak,4,463,231547,47
9,no_leak,4,464,232047,54
9,no_leak,4,465,232547,39
9,no_leak,4,466,233047,9
9,no_leak,4,467,233547,0
9,no_leak,4,468,234047,0
9,no_leak,4,469,234547,0
9,no_leak,4,470,235047,0
9,no_leak,4,471,235547,0
9,no_leak,4,472,236047,0
9,no_leak,4,473,236547,0
9,no_leak,4,474,237047,0
9,no_leak,4,475,237547,0
9,no_leak,4,476,238047,0
9,no_leak,4,477,238547,0
9,no_leak,4,478,239047,0
9,no_leak,4,479,239547,0
9,no_leak,4,480,240047,0
9,no_leak,4,481,240547,0
9,no_leak,4,482,241047,0
9,no_leak,4,483,241547,9
9,no_leak,4,484,242047,82
9,no_leak,4,485,242547,95
9,no_leak,4,486,243047,109
9,no_leak,4,487,243547,93
9,no_leak,4,488,244047,53
9,no_leak,4,489,244547,69
9,no_leak,4,490,245047,103
9,no_leak,4,491,245547,116
9,no_leak,4,492,246047,119
9,no_leak,4,493,246547,123
9,no_leak,4,494,247047,111
9,no_leak,4,495,247547,67
9,no_leak,4,496,248047,53
9,no_leak,4,497,248547,86
9,no_leak,4,498,249047,78
9,no_leak,4,499,249547,60
9,no_leak,4,500,250047,72
9,no_leak,4,501,250547,59
9,no_leak,4,502,251047,43
9,no_leak,4,503,251547,7
9,no_leak,4,504,252047,0
9,no_leak,4,505,252547,29
9,no_leak,4,506,253047,35
9,no_leak,4,507,253547,45
9,no_leak,4,508,254047,41
9,no_leak,4,509,254548,21
9,no_leak,4,510,255047,12
9,no_leak,4,511,255547,27
9,no_leak,4,512,256047,47
9,no_leak,4,513,256547,37
9,no_leak,4,514,257047,29
9,no_leak,4,515,257547,51
9,no_leak,4,516,258047,89
9,no_leak,4,517,258547,75
9,no_leak,4,518,259047,61
9,no_leak,4,519,259547,42
9,no_leak,4,520,260047,61
9,no_leak,4,521,260547,87
9,no_leak,4,522,261047,57
9,no_leak,4,523,261547,31
9,no_leak,4,524,262047,7
9,no_leak,4,525,262547,41
9,no_leak,4,526,263047,57
9,no_leak,4,527,263547,88
9,no_leak,4,528,264047,123
9,no_leak,4,529,264547,85
9,no_leak,4,530,265047,83
9,no_leak,4,531,265547,110
9,no_leak,4,532,266047,115
9,no_leak,4,533,266547,175
9,no_leak,4,534,267047,189
9,no_leak,4,535,267547,163
9,no_leak,4,536,268047,123
9,no_leak,4,537,268547,160
9,no_leak,4,538,269047,139
9,no_leak,4,539,269547,132
9,no_leak,4,540,270047,85
9,no_leak,4,541,270547,53
9,no_leak,4,542,271047,86
9,no_leak,4,543,271547,109
9,no_leak,4,544,272047,95
9,no_leak,4,545,272547,75
9,no_leak,4,546,273047,57
9,no_leak,4,547,273547,45
9,no_leak,4,548,274047,10
9,no_leak,4,549,274547,23
9,no_leak,4,550,275047,14
9,no_leak,4,551,275547,41
9,no_leak,4,552,276047,25
9,no_leak,4,553,276547,16
9,no_leak,4,554,277047,60
9,no_leak,4,555,277547,86
9,no_leak,4,556,278047,60
9,no_leak,4,557,278547,43
9,no_leak,4,558,279047,13
9,no_leak,4,559,279547,0
9,no_leak,4,560,280047,21
9,no_leak,4,561,280547,18
9,no_leak,4,562,281047,22
9,no_leak,4,563,281547,57
9,no_leak,4,564,282047,55
9,no_leak,4,565,282547,41
9,no_leak,4,566,283047,24
9,no_leak,4,567,283547,12
9,no_leak,4,568,284047,9
9,no_leak,4,569,284547,36
9,no_leak,4,570,285047,35
9,no_leak,4,571,285547,53
9,no_leak,4,572,286047,55
9,no_leak,4,573,286547,53
9,no_leak,4,574,287047,54
9,no_leak,4,575,287547,22
9,no_leak,4,576,288047,51
9,no_leak,4,577,288547,40
9,no_leak,4,578,289047,91
9,no_leak,4,579,289547,75
9,no_leak,4,580,290047,116
9,no_leak,4,581,290547,121
9,no_leak,4,582,291047,111
9,no_leak,4,583,291547,77
9,no_leak,4,584,292047,59
9,no_leak,4,585,292547,37
9,no_leak,4,586,293047,45
9,no_leak,4,587,293547,69
9,no_leak,4,588,294047,45
9,no_leak,4,589,294547,71
9,no_leak,4,590,295047,92
9,no_leak,4,591,295547,111
9,no_leak,4,592,296047,109
9,no_leak,4,593,296547,101
9,no_leak,4,594,297047,79
9,no_leak,4,595,297547,43
9,no_leak,4,596,298047,72
9,no_leak,4,597,298547,47
9,no_leak,4,598,299047,87
9,no_leak,4,599,299547,103
9,no_leak,4,600,300047,125
9,no_leak,4,601,300547,122
9,no_leak,4,602,301047,137
9,no_leak,4,603,301547,111
9,no_leak,4,604,302047,69
9,no_leak,4,605,302547,48
9,no_leak,4,606,303047,59
9,no_leak,4,607,303547,41
9,no_leak,4,608,304047,75
9,no_leak,4,609,304547,87
9,no_leak,4,610,305047,83
9,no_leak,4,611,305547,85
9,no_leak,4,612,306047,55
9,no_leak,4,613,306547,72
9,no_leak,4,614,307047,92
9,no_leak,4,615,307547,70
9,no_leak,4,616,308047,107
9,no_leak,4,617,308547,109
9,no_leak,4,618,309047,87
9,no_leak,4,619,309547,73
9,no_leak,4,620,310047,78
9,no_leak,4,621,310547,87
9,no_leak,4,622,311047,135
9,no_leak,4,623,311547,127
9,no_leak,4,624,312047,107
9,no_leak,4,625,312547,71
9,no_leak,4,626,313047,45
9,no_leak,4,627,313547,19
9,no_leak,4,628,314047,17
9,no_leak,4,629,314547,3
9,no_leak,4,630,315047,9
9,no_leak,4,631,315547,0
9,no_leak,4,632,316047,0
9,no_leak,4,633,316547,0
9,no_leak,4,634,317047,0
9,no_leak,4,635,317547,0
9,no_leak,4,636,318047,0
9,no_leak,4,637,318547,4
9,no_leak,4,638,319047,9
9,no_leak,4,639,319547,0
9,no_leak,4,640,320047,0
9,no_leak,4,641,320547,23
9,no_leak,4,642,321047,45
9,no_leak,4,643,321547,27
9,no_leak,4,644,322047,5
9,no_leak,4,645,322547,9
9,no_leak,4,646,323047,5
9,no_leak,4,647,323547,0
9,no_leak,4,648,324047,0
9,no_leak,4,649,324547,0
9,no_leak,4,650,325047,0
9,no_leak,4,651,325547,0
9,no_leak,4,652,326047,0
9,no_leak,4,653,326547,37
9,no_leak,4,654,327047,39
9,no_leak,4,655,327547,7
9,no_leak,4,656,328047,1
9,no_leak,4,657,328547,37
9,no_leak,4,658,329047,29
9,no_leak,4,659,329547,47
9,no_leak,4,660,330047,29
9,no_leak,4,661,330547,0
9,no_leak,4,662,331047,0
9,no_leak,4,663,331547,40
9,no_leak,4,664,332047,29
9,no_leak,4,665,332547,26
9,no_leak,4,666,333047,0
9,no_leak,4,667,333547,22
9,no_leak,4,668,334047,42
9,no_leak,4,669,334547,13
9,no_leak,4,670,335047,24
9,no_leak,4,671,335547,57
9,no_leak,4,672,336047,29
9,no_leak,4,673,336547,28
9,no_leak,4,674,337047,71
9,no_leak,4,675,337547,107
9,no_leak,4,676,338047,132
9,no_leak,4,677,338547,159
9,no_leak,4,678,339047,147
9,no_leak,4,679,339547,153
9,no_leak,4,680,340047,157
9,no_leak,4,681,340547,158
9,no_leak,4,682,341047,169
9,no_leak,4,683,341547,126
9,no_leak,4,684,342047,103
9,no_leak,4,685,342547,155
9,no_leak,4,686,343047,153
9,no_leak,4,687,343547,141
9,no_leak,4,688,344047,78
9,no_leak,4,689,344547,93
9,no_leak,4,690,345047,69
9,no_leak,4,691,345547,107
9,no_leak,4,692,346047,137
9,no_leak,4,693,346547,118
9,no_leak,4,694,347047,75
9,no_leak,4,695,347547,111
9,no_leak,4,696,348047,120
9,no_leak,4,697,348547,121
9,no_leak,4,698,349047,115
9,no_leak,4,699,349547,135
9,no_leak,4,700,350047,109
9,no_leak,4,701,350547,88
9,no_leak,4,702,351047,149
9,no_leak,4,703,351547,146
9,no_leak,4,704,352047,125
9,no_leak,4,705,352547,85
9,no_leak,4,706,353047,45
9,no_leak,4,707,353547,39
9,no_leak,4,708,354047,77
9,no_leak,4,709,354547,90
9,no_leak,4,710,355047,77
9,no_leak,4,711,355547,41
9,no_leak,4,712,356047,7
9,no_leak,4,713,356547,5
9,no_leak,4,714,357047,0
9,no_leak,4,715,357547,45
9,no_leak,4,716,358047,27
9,no_leak,4,717,358547,95
9,no_leak,4,718,359047,106
9,no_leak,4,719,359547,103
9,no_leak,4,720,360047,83
9,no_leak,4,721,360547,75
9,no_leak,4,722,361047,111
9,no_leak,4,723,361547,139
9,no_leak,4,724,362047,143
9,no_leak,4,725,362547,147
9,no_leak,4,726,363047,121
9,no_leak,4,727,363547,71
9,no_leak,4,728,364047,67
9,no_leak,4,729,364547,139
9,no_leak,4,730,365047,133
9,no_leak,4,731,365547,159
9,no_leak,4,732,366047,140
9,no_leak,4,733,366547,76
9,no_leak,4,734,367047,26
9,no_leak,4,735,367547,3
9,no_leak,4,736,368047,26
9,no_leak,4,737,368547,78
9,no_leak,4,738,369047,109
9,no_leak,4,739,369547,83
9,no_leak,4,740,370047,55
9,no_leak,4,741,370547,18
9,no_leak,4,742,371047,0
9,no_leak,4,743,371547,0
9,no_leak,4,744,372047,0
9,no_leak,4,745,372547,21
9,no_leak,4,746,373047,59
9,no_leak,4,747,373547,76
9,no_leak,4,748,374047,62
9,no_leak,4,749,374547,45
9,no_leak,4,750,375047,16
9,no_leak,4,751,375547,0
9,no_leak,4,752,376047,0
9,no_leak,4,753,376547,18
9,no_leak,4,754,377047,29
9,no_leak,4,755,377547,27
9,no_leak,4,756,378047,36
9,no_leak,4,757,378547,27
9,no_leak,4,758,379047,0
9,no_leak,4,759,379547,0
9,no_leak,4,760,380047,17
9,no_leak,4,761,380547,29
9,no_leak,4,762,381047,17
9,no_leak,4,763,381547,29
9,no_leak,4,764,382047,21
9,no_leak,4,765,382547,8
9,no_leak,4,766,383047,0
9,no_leak,4,767,383547,13
9,no_leak,4,768,384047,28
9,no_leak,4,769,384547,56
9,no_leak,4,770,385047,87
9,no_leak,4,771,385547,71
9,no_leak,4,772,386047,45
9,no_leak,4,773,386547,8
9,no_leak,4,774,387047,17
9,no_leak,4,775,387547,93
9,no_leak,4,776,388047,89
9,no_leak,4,777,388547,94
9,no_leak,4,778,389047,83
9,no_leak,4,779,389547,38
9,no_leak,4,780,390047,48
9,no_leak,4,781,390547,104
9,no_leak,4,782,391047,83
9,no_leak,4,783,391547,71
9,no_leak,4,784,392047,35
9,no_leak,4,785,392547,0
9,no_leak,4,786,393047,0
9,no_leak,4,787,393547,23
9,no_leak,4,788,394047,29
9,no_leak,4,789,394547,31
9,no_leak,4,790,395047,45
9,no_leak,4,791,395547,5
9,no_leak,4,792,396047,0
9,no_leak,4,793,396547,33
9,no_leak,4,794,397047,88
9,no_leak,4,795,397547,88
9,no_leak,4,796,398047,61
9,no_leak,4,797,398547,47
9,no_leak,4,798,399047,12
9,no_leak,4,799,399547,48
9,no_leak,4,800,400047,91
9,no_leak,4,801,400547,117
9,no_leak,4,802,401047,117
9,no_leak,4,803,401547,126
9,no_leak,4,804,402047,119
9,no_leak,4,805,402547,93
9,no_leak,4,806,403047,82
9,no_leak,4,807,403547,79
9,no_leak,4,808,404047,101
9,no_leak,4,809,404547,142
9,no_leak,4,810,405047,141
9,no_leak,4,811,405547,109
9,no_leak,4,812,406047,61
9,no_leak,4,813,406547,25
9,no_leak,4,814,407047,0
9,no_leak,4,815,407547,0
9,no_leak,4,816,408047,0
9,no_leak,4,817,408547,41
9,no_leak,4,818,409047,61
9,no_leak,4,819,409547,62
9,no_leak,4,820,410047,61
9,no_leak,4,821,410547,69
9,no_leak,4,822,411047,57
9,no_leak,4,823,411547,39
9,no_leak,4,824,412047,29
9,no_leak,4,825,412547,7
9,no_leak,4,826,413047,47
9,no_leak,4,827,413547,47
9,no_leak,4,828,414047,22
9,no_leak,4,829,414547,52
9,no_leak,4,830,415047,17
9,no_leak,4,831,415547,1
9,no_leak,4,832,416048,0
9,no_leak,4,833,416547,0
9,no_leak,4,834,417047,51
9,no_leak,4,835,417547,57
9,no_leak,4,836,418047,55
9,no_leak,4,837,418547,37
9,no_leak,4,838,419047,2
9,no_leak,4,839,419547,39
9,no_leak,4,840,420047,90
9,no_leak,4,841,420547,164
9,no_leak,4,842,421047,173
9,no_leak,4,843,421547,155
9,no_leak,4,844,422047,143
9,no_leak,4,845,422547,121
9,no_leak,4,846,423047,83
9,no_leak,4,847,423547,73
9,no_leak,4,848,424047,53
9,no_leak,4,849,424547,21
9,no_leak,4,850,425047,29
9,no_leak,4,851,425547,70
9,no_leak,4,852,426047,135
9,no_leak,4,853,426547,134
9,no_leak,4,854,427047,135
9,no_leak,4,855,427547,121
9,no_leak,4,856,428047,105
9,no_leak,4,857,428547,57
9,no_leak,4,858,429047,53
9,no_leak,4,859,429547,89
9,no_leak,4,860,430047,141
9,no_leak,4,861,430547,133
9,no_leak,4,862,431047,124
9,no_leak,4,863,431547,95
9,no_leak,4,864,432047,59
9,no_leak,4,865,432547,12
9,no_leak,4,866,433047,36
9,no_leak,4,867,433547,47
9,no_leak,4,868,434047,47
9,no_leak,4,869,434547,37
9,no_leak,4,870,435047,1
9,no_leak,4,871,435547,0
9,no_leak,4,872,436047,46
9,no_leak,4,873,436547,43
9,no_leak,4,874,437047,47
9,no_leak,4,875,437547,31
9,no_leak,4,876,438047,6
9,no_leak,4,877,438547,0
9,no_leak,4,878,439047,0
9,no_leak,4,879,439547,0
9,no_leak,4,880,440047,6
9,no_leak,4,881,440547,13
9,no_leak,4,882,441047,7
9,no_leak,4,883,441547,0
9,no_leak,4,884,442047,0
9,no_leak,4,885,442547,0
9,no_leak,4,886,443047,9
9,no_leak,4,887,443547,0
9,no_leak,4,888,444047,0
9,no_leak,4,889,444547,0
9,no_leak,4,890,445047,0
9,no_leak,4,891,445547,0
9,no_leak,4,892,446047,0
9,no_leak,4,893,446547,0
9,no_leak,4,894,447047,0
9,no_leak,4,895,447547,0
9,no_leak,4,896,448047,0
9,no_leak,4,897,448547,0
9,no_leak,4,898,449047,0
9,no_leak,4,899,449547,0
9,no_leak,4,900,450047,0
9,no_leak,4,901,450547,0
9,no_leak,4,902,451047,0
9,no_leak,4,903,451547,0
9,no_leak,4,904,452047,0
9,no_leak,4,905,452547,0
9,no_leak,4,906,453047,0
9,no_leak,4,907,453547,0
9,no_leak,4,908,454047,0
9,no_leak,4,909,454547,0
9,no_leak,4,910,455047,0
9,no_leak,4,911,455547,0
9,no_leak,4,912,456047,0
9,no_leak,4,913,456547,0
9,no_leak,4,914,457047,19
9,no_leak,4,915,457547,55
9,no_leak,4,916,458047,75
9,no_leak,4,917,458547,54
9,no_leak,4,918,459047,26
9,no_leak,4,919,459547,53
9,no_leak,4,920,460047,38
9,no_leak,4,921,460547,39
9,no_leak,4,922,461047,61
9,no_leak,4,923,461547,73
9,no_leak,4,924,462047,85
9,no_leak,4,925,462547,88
9,no_leak,4,926,463047,82
9,no_leak,4,927,463547,85
9,no_leak,4,928,464047,72
9,no_leak,4,929,464547,64
9,no_leak,4,930,465047,93
9,no_leak,4,931,465547,93
9,no_leak,4,932,466047,47
9,no_leak,4,933,466547,87
9,no_leak,4,934,467047,85
9,no_leak,4,935,467547,47
9,no_leak,4,936,468047,68
9,no_leak,4,937,468547,77
9,no_leak,4,938,469047,79
9,no_leak,4,939,469547,91
9,no_leak,4,940,470047,63
9,no_leak,4,941,470547,75
9,no_leak,4,942,471047,21
9,no_leak,4,943,471547,2
9,no_leak,4,944,472047,61
9,no_leak,4,945,472547,37
9,no_leak,4,946,473047,23
9,no_leak,4,947,473547,0
9,no_leak,4,948,474047,0
9,no_leak,4,949,474547,21
9,no_leak,4,950,475047,42
9,no_leak,4,951,475547,78
9,no_leak,4,952,476047,88
9,no_leak,4,953,476547,101
9,no_leak,4,954,477047,125
9,no_leak,4,955,477547,102
9,no_leak,4,956,478047,127
9,no_leak,4,957,478547,173
9,no_leak,4,958,479047,167
9,no_leak,4,959,479547,137
9,no_leak,4,960,480047,141
9,no_leak,4,961,480547,159
9,no_leak,4,962,481047,189
9,no_leak,4,963,481547,201
9,no_leak,4,964,482047,183
9,no_leak,4,965,482547,173
9,no_leak,4,966,483047,126
9,no_leak,4,967,483547,148
9,no_leak,4,968,484047,147
9,no_leak,4,969,484547,123
9,no_leak,4,970,485047,165
9,no_leak,4,971,485547,173
9,no_leak,4,972,486047,187
9,no_leak,4,973,486547,151
9,no_leak,4,974,487047,116
9,no_leak,4,975,487547,149
9,no_leak,4,976,488047,131
9,no_leak,4,977,488547,143
9,no_leak,4,978,489047,166
9,no_leak,4,979,489547,137
9,no_leak,4,980,490047,99
9,no_leak,4,981,490547,95
9,no_leak,4,982,491047,99
9,no_leak,4,983,491547,73
9,no_leak,4,984,492047,45
9,no_leak,4,985,492547,26
9,no_leak,4,986,493047,2
9,no_leak,4,987,493547,23
9,no_leak,4,988,494047,19
9,no_leak,4,989,494547,0
9,no_leak,4,990,495047,0
9,no_leak,4,991,495547,0
9,no_leak,4,992,496047,0
9,no_leak,4,993,496547,0
9,no_leak,4,994,497047,0
9,no_leak,4,995,497547,0
9,no_leak,4,996,498047,0
9,no_leak,4,997,498547,0
9,no_leak,4,998,499047,43
9,no_leak,4,999,499547,47
9,no_leak,4,1000,500047,88
9,no_leak,4,1001,500547,48
9,no_leak,4,1002,501047,43
9,no_leak,4,1003,501547,69
9,no_leak,4,1004,502047,105
9,no_leak,4,1005,502547,139
9,no_leak,4,1006,503047,148
9,no_leak,4,1007,503547,138
9,no_leak,4,1008,504047,103
9,no_leak,4,1009,504547,73
9,no_leak,4,1010,505047,39
9,no_leak,4,1011,505547,18
9,no_leak,4,1012,506047,3
9,no_leak,4,1013,506547,9
9,no_leak,4,1014,507047,27
9,no_leak,4,1015,507547,43
9,no_leak,4,1016,508047,41
9,no_leak,4,1017,508547,57
9,no_leak,4,1018,509047,69
9,no_leak,4,1019,509547,75
9,no_leak,4,1020,510047,101
9,no_leak,4,1021,510547,119
9,no_leak,4,1022,511047,120
9,no_leak,4,1023,511547,93
9,no_leak,4,1024,512047,91
9,no_leak,4,1025,512547,70
9,no_leak,4,1026,513047,133
9,no_leak,4,1027,513547,111
9,no_leak,4,1028,514047,77
9,no_leak,4,1029,514547,92
9,no_leak,4,1030,515047,103
9,no_leak,4,1031,515547,115
9,no_leak,4,1032,516047,108
9,no_leak,4,1033,516547,89
9,no_leak,4,1034,517047,69
9,no_leak,4,1035,517547,83
9,no_leak,4,1036,518047,75
9,no_leak,4,1037,518547,86
9,no_leak,4,1038,519047,121
9,no_leak,4,1039,519547,103
9,no_leak,4,1040,520047,59
9,no_leak,4,1041,520547,99
9,no_leak,4,1042,521047,137
9,no_leak,4,1043,521547,150
9,no_leak,4,1044,522047,133
9,no_leak,4,1045,522547,99
9,no_leak,4,1046,523047,61
9,no_leak,4,1047,523547,27
9,no_leak,4,1048,524047,71
9,no_leak,4,1049,524547,85
9,no_leak,4,1050,525047,105
9,no_leak,4,1051,525547,85
9,no_leak,4,1052,526047,84
9,no_leak,4,1053,526547,40
9,no_leak,4,1054,527047,5
9,no_leak,4,1055,527547,0
9,no_leak,4,1056,528047,0
9,no_leak,4,1057,528547,26
9,no_leak,4,1058,529047,61
9,no_leak,4,1059,529547,78
9,no_leak,4,1060,530047,73
9,no_leak,4,1061,530547,54
9,no_leak,4,1062,531047,36
9,no_leak,4,1063,531547,8
9,no_leak,4,1064,532047,0
9,no_leak,4,1065,532547,0
9,no_leak,4,1066,533047,37
9,no_leak,4,1067,533547,53
9,no_leak,4,1068,534047,61
9,no_leak,4,1069,534547,56
9,no_leak,4,1070,535047,53
9,no_leak,4,1071,535547,26
9,no_leak,4,1072,536047,2
9,no_leak,4,1073,536547,0
9,no_leak,4,1074,537047,0
9,no_leak,4,1075,537547,0
9,no_leak,4,1076,538047,0
9,no_leak,4,1077,538547,0
9,no_leak,4,1078,539047,6
9,no_leak,4,1079,539547,0
9,no_leak,4,1080,540047,0
9,no_leak,4,1081,540547,0
9,no_leak,4,1082,541047,0
9,no_leak,4,1083,541547,1
9,no_leak,4,1084,542047,13
9,no_leak,4,1085,542547,61
9,no_leak,4,1086,543047,79
9,no_leak,4,1087,543547,89
9,no_leak,4,1088,544047,74
9,no_leak,4,1089,544547,39
9,no_leak,4,1090,545047,10
9,no_leak,4,1091,545547,0
9,no_leak,4,1092,546047,0
9,no_leak,4,1093,546547,1
9,no_leak,4,1094,547047,44
9,no_leak,4,1095,547547,28
9,no_leak,4,1096,548047,31
9,no_leak,4,1097,548547,29
9,no_leak,4,1098,549047,28
9,no_leak,4,1099,549547,30
9,no_leak,4,1100,550047,39
9,no_leak,4,1101,550547,51
9,no_leak,4,1102,551047,57
9,no_leak,4,1103,551547,53
9,no_leak,4,1104,552047,82
9,no_leak,4,1105,552547,19
9,no_leak,4,1106,553047,35
9,no_leak,4,1107,553547,25
9,no_leak,4,1108,554047,0
9,no_leak,4,1109,554547,41
9,no_leak,4,1110,555047,55
9,no_leak,4,1111,555547,41
9,no_leak,4,1112,556047,29
9,no_leak,4,1113,556547,24
9,no_leak,4,1114,557047,0
9,no_leak,4,1115,557547,2
9,no_leak,4,1116,558047,23
9,no_leak,4,1117,558547,95
9,no_leak,4,1118,559047,93
9,no_leak,4,1119,559547,83
9,no_leak,4,1120,560047,95
9,no_leak,4,1121,560547,86
9,no_leak,4,1122,561047,109
9,no_leak,4,1123,561547,147
9,no_leak,4,1124,562047,152
9,no_leak,4,1125,562547,145
9,no_leak,4,1126,563047,210
9,no_leak,4,1127,563547,212
9,no_leak,4,1128,564047,203
9,no_leak,4,1129,564547,143
9,no_leak,4,1130,565047,169
9,no_leak,4,1131,565547,157
9,no_leak,4,1132,566047,149
9,no_leak,4,1133,566547,115
9,no_leak,4,1134,567047,125
9,no_leak,4,1135,567547,155
9,no_leak,4,1136,568047,165
9,no_leak,4,1137,568547,141
9,no_leak,4,1138,569047,118
9,no_leak,4,1139,569547,63
9,no_leak,4,1140,570047,79
9,no_leak,4,1141,570547,111
9,no_leak,4,1142,571047,173
9,no_leak,4,1143,571547,181
9,no_leak,4,1144,572047,183
9,no_leak,4,1145,572547,191
9,no_leak,4,1146,573047,185
9,no_leak,4,1147,573547,156
9,no_leak,4,1148,574047,188
9,no_leak,4,1149,574547,175
9,no_leak,4,1150,575047,173
9,no_leak,4,1151,575547,157
9,no_leak,4,1152,576047,160
9,no_leak,4,1153,576547,212
9,no_leak,4,1154,577047,206
9,no_leak,4,1155,577547,187
9,no_leak,4,1156,578047,183
9,no_leak,4,1157,578547,197
9,no_leak,4,1158,579047,167
9,no_leak,4,1159,579547,185
9,no_leak,4,1160,580047,163
9,no_leak,4,1161,580547,102
9,no_leak,4,1162,581047,135
9,no_leak,4,1163,581547,119
9,no_leak,4,1164,582047,125
9,no_leak,4,1165,582547,111
9,no_leak,4,1166,583047,85
9,no_leak,4,1167,583547,45
9,no_leak,4,1168,584047,7
9,no_leak,4,1169,584547,0
9,no_leak,4,1170,585047,0
9,no_leak,4,1171,585547,4
9,no_leak,4,1172,586047,0
9,no_leak,4,1173,586547,0
9,no_leak,4,1174,587047,0
9,no_leak,4,1175,587547,0
9,no_leak,4,1176,588047,12
9,no_leak,4,1177,588547,1
9,no_leak,4,1178,589047,0
9,no_leak,4,1179,589547,0
9,no_leak,4,1180,590047,0
9,no_leak,4,1181,590547,0
9,no_leak,4,1182,591047,0
9,no_leak,4,1183,591547,0
9,no_leak,4,1184,592047,0
9,no_leak,4,1185,592547,0
9,no_leak,4,1186,593047,0
9,no_leak,4,1187,593547,0
9,no_leak,4,1188,594047,0
9,no_leak,4,1189,594547,0
9,no_leak,4,1190,595047,0
9,no_leak,4,1191,595547,0
9,no_leak,4,1192,596047,0
9,no_leak,4,1193,596547,0
9,no_leak,4,1194,597047,0
9,no_leak,4,1195,597547,0
9,no_leak,4,1196,598047,0
9,no_leak,4,1197,598547,0
9,no_leak,4,1198,599047,0
9,no_leak,4,1199,599547,0
9,no_leak,4,1200,600047,0
9,no_leak,4,1201,600547,0
9,no_leak,4,1202,601047,0
9,no_leak,4,1203,601547,0
9,no_leak,4,1204,602047,0
9,no_leak,4,1205,602547,0
9,no_leak,4,1206,603047,0
9,no_leak,4,1207,603547,0
9,no_leak,4,1208,604047,0
9,no_leak,4,1209,604547,0
9,no_leak,4,1210,605047,0
9,no_leak,4,1211,605547,0
9,no_leak,4,1212,606047,0
9,no_leak,4,1213,606547,0
9,no_leak,4,1214,607047,0
9,no_leak,4,1215,607547,39
9,no_leak,4,1216,608047,85
9,no_leak,4,1217,608547,119
9,no_leak,4,1218,609047,144
9,no_leak,4,1219,609547,127
9,no_leak,4,1220,610047,95
9,no_leak,4,1221,610547,132
9,no_leak,4,1222,611047,163
9,no_leak,4,1223,611547,199
9,no_leak,4,1224,612047,185
9,no_leak,4,1225,612547,142
9,no_leak,4,1226,613047,91
9,no_leak,4,1227,613547,91
9,no_leak,4,1228,614047,139
9,no_leak,4,1229,614547,137
9,no_leak,4,1230,615047,139
9,no_leak,4,1231,615547,107
9,no_leak,4,1232,616047,72
9,no_leak,4,1233,616547,79
9,no_leak,4,1234,617047,123
9,no_leak,4,1235,617547,171
9,no_leak,4,1236,618047,186
9,no_leak,4,1237,618547,198
9,no_leak,4,1238,619047,191
9,no_leak,4,1239,619547,147
9,no_leak,4,1240,620047,87
9,no_leak,4,1241,620547,73
9,no_leak,4,1242,621047,75
9,no_leak,4,1243,621547,79
9,no_leak,4,1244,622047,111
9,no_leak,4,1245,622547,115
9,no_leak,4,1246,623047,115
9,no_leak,4,1247,623547,99
9,no_leak,4,1248,624047,87
9,no_leak,4,1249,624547,52
9,no_leak,4,1250,625047,52
9,no_leak,4,1251,625547,82
9,no_leak,4,1252,626047,101
9,no_leak,4,1253,626547,149
9,no_leak,4,1254,627047,124
9,no_leak,4,1255,627547,107
9,no_leak,4,1256,628047,77
9,no_leak,4,1257,628547,31
9,no_leak,4,1258,629047,39
9,no_leak,4,1259,629547,55
9,no_leak,4,1260,630047,56
9,no_leak,4,1261,630547,71
9,no_leak,4,1262,631047,83
9,no_leak,4,1263,631547,55
9,no_leak,4,1264,632047,20
9,no_leak,4,1265,632547,0
9,no_leak,4,1266,633047,0
9,no_leak,4,1267,633547,0
9,no_leak,4,1268,634047,0
9,no_leak,4,1269,634547,0
9,no_leak,4,1270,635047,0
9,no_leak,4,1271,635547,0
9,no_leak,4,1272,636047,0
9,no_leak,4,1273,636547,0
9,no_leak,4,1274,637047,0
9,no_leak,4,1275,637547,0
9,no_leak,4,1276,638047,0
9,no_leak,4,1277,638547,21
9,no_leak,4,1278,639047,23
9,no_leak,4,1279,639547,71
9,no_leak,4,1280,640047,50
9,no_leak,4,1281,640547,25
9,no_leak,4,1282,641047,55
9,no_leak,4,1283,641547,57
9,no_leak,4,1284,642047,46
9,no_leak,4,1285,642547,56
9,no_leak,4,1286,643047,53
9,no_leak,4,1287,643547,18
9,no_leak,4,1288,644047,0
9,no_leak,4,1289,644547,0
9,no_leak,4,1290,645047,2
9,no_leak,4,1291,645547,21
9,no_leak,4,1292,646047,51
9,no_leak,4,1293,646547,59
9,no_leak,4,1294,647047,28
9,no_leak,4,1295,647547,0
9,no_leak,4,1296,648047,0
9,no_leak,4,1297,648547,0
9,no_leak,4,1298,649047,62
9,no_leak,4,1299,649547,55
9,no_leak,4,1300,650047,57
9,no_leak,4,1301,650547,41
9,no_leak,4,1302,651047,83
9,no_leak,4,1303,651547,94
9,no_leak,4,1304,652047,108
9,no_leak,4,1305,652547,87
9,no_leak,4,1306,653047,39
9,no_leak,4,1307,653547,35
9,no_leak,4,1308,654047,127
9,no_leak,4,1309,654547,139
9,no_leak,4,1310,655047,159
9,no_leak,4,1311,655547,142
9,no_leak,4,1312,656047,141
9,no_leak,4,1313,656547,127
9,no_leak,4,1314,657047,151
9,no_leak,4,1315,657547,205
9,no_leak,4,1316,658047,210
9,no_leak,4,1317,658547,188
9,no_leak,4,1318,659047,164
9,no_leak,4,1319,659547,111
9,no_leak,4,1320,660047,97
9,no_leak,4,1321,660547,125
9,no_leak,4,1322,661047,167
9,no_leak,4,1323,661547,167
9,no_leak,4,1324,662047,185
9,no_leak,4,1325,662547,179
9,no_leak,4,1326,663047,155
9,no_leak,4,1327,663547,165
9,no_leak,4,1328,664047,182
9,no_leak,4,1329,664547,187
9,no_leak,4,1330,665047,172
9,no_leak,4,1331,665547,127
9,no_leak,4,1332,666047,89
9,no_leak,4,1333,666547,21
9,no_leak,4,1334,667047,0
9,no_leak,4,1335,667547,0
9,no_leak,4,1336,668047,5
9,no_leak,4,1337,668547,7
9,no_leak,4,1338,669047,0
9,no_leak,4,1339,669547,0
9,no_leak,4,1340,670047,0
9,no_leak,4,1341,670547,0
9,no_leak,4,1342,671047,18
9,no_leak,4,1343,671547,0
9,no_leak,4,1344,672047,0
9,no_leak,4,1345,672547,0
9,no_leak,4,1346,673047,0
9,no_leak,4,1347,673547,0
9,no_leak,4,1348,674047,0
9,no_leak,4,1349,674547,0
9,no_leak,4,1350,675047,0
9,no_leak,4,1351,675547,22
9,no_leak,4,1352,676047,10
9,no_leak,4,1353,676547,0
9,no_leak,4,1354,677047,61
9,no_leak,4,1355,677547,92
9,no_leak,4,1356,678047,77
9,no_leak,4,1357,678547,91
9,no_leak,4,1358,679047,87
9,no_leak,4,1359,679547,87
9,no_leak,4,1360,680047,90
9,no_leak,4,1361,680547,39
9,no_leak,4,1362,681047,43
9,no_leak,4,1363,681547,38
9,no_leak,4,1364,682047,56
9,no_leak,4,1365,682547,75
9,no_leak,4,1366,683047,79
9,no_leak,4,1367,683547,75
9,no_leak,4,1368,684047,55
9,no_leak,4,1369,684547,24
9,no_leak,4,1370,685047,35
9,no_leak,4,1371,685547,87
9,no_leak,4,1372,686047,109
9,no_leak,4,1373,686547,120
9,no_leak,4,1374,687047,121
9,no_leak,4,1375,687547,95
9,no_leak,4,1376,688047,69
9,no_leak,4,1377,688547,46
9,no_leak,4,1378,689047,5
9,no_leak,4,1379,689547,0
9,no_leak,4,1380,690047,0
9,no_leak,4,1381,690547,0
9,no_leak,4,1382,691047,8
9,no_leak,4,1383,691547,0
9,no_leak,4,1384,692047,0
9,no_leak,4,1385,692547,0
9,no_leak,4,1386,693047,0
9,no_leak,4,1387,693547,0
9,no_leak,4,1388,694047,2
9,no_leak,4,1389,694547,25
9,no_leak,4,1390,695047,47
9,no_leak,4,1391,695547,68
9,no_leak,4,1392,696047,73
9,no_leak,4,1393,696547,69
9,no_leak,4,1394,697047,45
9,no_leak,4,1395,697547,53
9,no_leak,4,1396,698047,55
9,no_leak,4,1397,698547,63
9,no_leak,4,1398,699047,103
9,no_leak,4,1399,699547,88
9,no_leak,4,1400,700047,68
9,no_leak,4,1401,700547,45
9,no_leak,4,1402,701047,3
9,no_leak,4,1403,701547,0
9,no_leak,4,1404,702047,26
9,no_leak,4,1405,702547,29
9,no_leak,4,1406,703047,28
9,no_leak,4,1407,703547,11
9,no_leak,4,1408,704047,0
9,no_leak,4,1409,704547,0
9,no_leak,4,1410,705047,100
9,no_leak,4,1411,705547,93
9,no_leak,4,1412,706047,75
9,no_leak,4,1413,706547,40
9,no_leak,4,1414,707047,45
9,no_leak,4,1415,707547,67
9,no_leak,4,1416,708047,89
9,no_leak,4,1417,708547,123
9,no_leak,4,1418,709047,138
9,no_leak,4,1419,709547,121
9,no_leak,4,1420,710047,124
9,no_leak,4,1421,710547,163
9,no_leak,4,1422,711047,185
9,no_leak,4,1423,711547,167
9,no_leak,4,1424,712047,147
9,no_leak,4,1425,712547,103
9,no_leak,4,1426,713047,77
9,no_leak,4,1427,713547,47
9,no_leak,4,1428,714047,71
9,no_leak,4,1429,714547,82
9,no_leak,4,1430,715047,69
9,no_leak,4,1431,715547,83
9,no_leak,4,1432,716047,89
9,no_leak,4,1433,716547,90
9,no_leak,4,1434,717047,98
9,no_leak,4,1435,717547,93
9,no_leak,4,1436,718047,100
9,no_leak,4,1437,718547,101
9,no_leak,4,1438,719047,75
9,no_leak,4,1439,719547,30
9,no_leak,4,1440,720047,27
9,no_leak,4,1441,720547,13
9,no_leak,4,1442,721047,13
9,no_leak,4,1443,721547,25
9,no_leak,4,1444,722047,28
9,no_leak,4,1445,722547,30
9,no_leak,4,1446,723047,20
9,no_leak,4,1447,723547,10
9,no_leak,4,1448,724047,0
9,no_leak,4,1449,724547,0
9,no_leak,4,1450,725047,5
9,no_leak,4,1451,725547,36
9,no_leak,4,1452,726047,59
9,no_leak,4,1453,726547,73
9,no_leak,4,1454,727047,70
9,no_leak,4,1455,727547,47
9,no_leak,4,1456,728047,41
9,no_leak,4,1457,728547,2
9,no_leak,4,1458,729047,16
9,no_leak,4,1459,729547,29
9,no_leak,4,1460,730047,53
9,no_leak,4,1461,730547,27
9,no_leak,4,1462,731047,28
9,no_leak,4,1463,731547,0
9,no_leak,4,1464,732047,0
9,no_leak,4,1465,732547,0
9,no_leak,4,1466,733047,0
9,no_leak,4,1467,733547,77
9,no_leak,4,1468,734047,74
9,no_leak,4,1469,734547,101
9,no_leak,4,1470,735047,71
9,no_leak,4,1471,735547,50
9,no_leak,4,1472,736047,40
9,no_leak,4,1473,736547,47
9,no_leak,4,1474,737047,83
9,no_leak,4,1475,737547,115
9,no_leak,4,1476,738047,121
9,no_leak,4,1477,738547,102
9,no_leak,4,1478,739047,73
9,no_leak,4,1479,739547,27
9,no_leak,4,1480,740047,31
9,no_leak,4,1481,740547,67
9,no_leak,4,1482,741047,89
9,no_leak,4,1483,741547,91
9,no_leak,4,1484,742047,103
9,no_leak,4,1485,742547,94
9,no_leak,4,1486,743047,73
9,no_leak,4,1487,743547,57
9,no_leak,4,1488,744047,39
9,no_leak,4,1489,744547,11
9,no_leak,4,1490,745047,39
9,no_leak,4,1491,745547,63
9,no_leak,4,1492,746047,83
9,no_leak,4,1493,746547,80
9,no_leak,4,1494,747047,58
9,no_leak,4,1495,747547,42
9,no_leak,4,1496,748047,39
9,no_leak,4,1497,748547,73
9,no_leak,4,1498,749047,88
9,no_leak,4,1499,749547,120
9,no_leak,4,1500,750047,149
9,no_leak,4,1501,750547,151
9,no_leak,4,1502,751047,151
9,no_leak,4,1503,751547,133
9,no_leak,4,1504,752047,106
9,no_leak,4,1505,752547,133
9,no_leak,4,1506,753047,159
9,no_leak,4,1507,753547,149
9,no_leak,4,1508,754047,183
9,no_leak,4,1509,754547,164
9,no_leak,4,1510,755047,133
9,no_leak,4,1511,755547,111
9,no_leak,4,1512,756047,141
9,no_leak,4,1513,756547,167
9,no_leak,4,1514,757047,159
9,no_leak,4,1515,757547,159
9,no_leak,4,1516,758047,135
9,no_leak,4,1517,758547,79
9,no_leak,4,1518,759047,21
9,no_leak,4,1519,759547,11
9,no_leak,4,1520,760047,42
9,no_leak,4,1521,760547,43
9,no_leak,4,1522,761047,48
9,no_leak,4,1523,761547,43
9,no_leak,4,1524,762047,48
9,no_leak,4,1525,762547,27
9,no_leak,4,1526,763047,6
9,no_leak,4,1527,763547,0
9,no_leak,4,1528,764047,0
9,no_leak,4,1529,764547,24
9,no_leak,4,1530,765047,39
9,no_leak,4,1531,765547,53
9,no_leak,4,1532,766047,45
9,no_leak,4,1533,766547,10
9,no_leak,4,1534,767047,0
9,no_leak,4,1535,767547,0
9,no_leak,4,1536,768047,25
9,no_leak,4,1537,768547,29
9,no_leak,4,1538,769047,44
9,no_leak,4,1539,769547,48
9,no_leak,4,1540,770047,36
9,no_leak,4,1541,770547,31
9,no_leak,4,1542,771047,3
9,no_leak,4,1543,771547,27
9,no_leak,4,1544,772047,46
9,no_leak,4,1545,772547,55
9,no_leak,4,1546,773047,79
9,no_leak,4,1547,773547,69
9,no_leak,4,1548,774047,51
9,no_leak,4,1549,774547,17
9,no_leak,4,1550,775047,25
9,no_leak,4,1551,775547,23
9,no_leak,4,1552,776047,44
9,no_leak,4,1553,776547,61
9,no_leak,4,1554,777047,61
9,no_leak,4,1555,777547,30
9,no_leak,4,1556,778047,3
9,no_leak,4,1557,778547,0
9,no_leak,4,1558,779047,10
9,no_leak,4,1559,779547,47
9,no_leak,4,1560,780047,42
9,no_leak,4,1561,780547,37
9,no_leak,4,1562,781047,29
9,no_leak,4,1563,781547,1
9,no_leak,4,1564,782047,13
9,no_leak,4,1565,782547,73
9,no_leak,4,1566,783047,63
9,no_leak,4,1567,783548,63
9,no_leak,4,1568,784047,11
9,no_leak,4,1569,784547,0
9,no_leak,4,1570,785047,47
9,no_leak,4,1571,785547,69
9,no_leak,4,1572,786047,55
9,no_leak,4,1573,786547,59
9,no_leak,4,1574,787047,42
9,no_leak,4,1575,787547,17
9,no_leak,4,1576,788047,0
9,no_leak,4,1577,788547,13
9,no_leak,4,1578,789047,74
9,no_leak,4,1579,789547,73
9,no_leak,4,1580,790047,85
9,no_leak,4,1581,790547,133
9,no_leak,4,1582,791047,151
9,no_leak,4,1583,791547,157
9,no_leak,4,1584,792047,157
9,no_leak,4,1585,792547,141
9,no_leak,4,1586,793047,147
9,no_leak,4,1587,793548,133
9,no_leak,4,1588,794047,154
9,no_leak,4,1589,794547,125
9,no_leak,4,1590,795047,127
9,no_leak,4,1591,795547,142
9,no_leak,4,1592,796047,149
9,no_leak,4,1593,796547,117
9,no_leak,4,1594,797047,93
9,no_leak,4,1595,797547,57
9,no_leak,4,1596,798047,19
9,no_leak,4,1597,798547,0
9,no_leak,4,1598,799047,0
9,no_leak,4,1599,799547,0
9,no_leak,4,1600,800047,25
9,no_leak,4,1601,800547,9
9,no_leak,4,1602,801047,4
9,no_leak,4,1603,801547,1
9,no_leak,4,1604,802047,0
9,no_leak,4,1605,802547,0
9,no_leak,4,1606,803047,0
9,no_leak,4,1607,803547,25
9,no_leak,4,1608,804047,55
9,no_leak,4,1609,804547,72
9,no_leak,4,1610,805047,57
9,no_leak,4,1611,805547,61
9,no_leak,4,1612,806047,53
9,no_leak,4,1613,806547,21
9,no_leak,4,1614,807047,24
9,no_leak,4,1615,807547,69
9,no_leak,4,1616,808047,91
9,no_leak,4,1617,808547,125
9,no_leak,4,1618,809047,121
9,no_leak,4,1619,809547,105
9,no_leak,4,1620,810047,83
9,no_leak,4,1621,810547,53
9,no_leak,4,1622,811047,19
9,no_leak,4,1623,811547,31
9,no_leak,4,1624,812047,76
9,no_leak,4,1625,812547,99
9,no_leak,4,1626,813047,106
9,no_leak,4,1627,813547,84
9,no_leak,4,1628,814047,63
9,no_leak,4,1629,814547,23
9,no_leak,4,1630,815047,40
9,no_leak,4,1631,815547,61
9,no_leak,4,1632,816047,75
9,no_leak,4,1633,816547,37
9,no_leak,4,1634,817047,18
9,no_leak,4,1635,817547,7
9,no_leak,4,1636,818047,0
9,no_leak,4,1637,818547,0
9,no_leak,4,1638,819047,0
9,no_leak,4,1639,819547,30
9,no_leak,4,1640,820047,27
9,no_leak,4,1641,820547,36
9,no_leak,4,1642,821047,4
9,no_leak,4,1643,821547,0
9,no_leak,4,1644,822047,0
9,no_leak,4,1645,822547,0
9,no_leak,4,1646,823047,19
9,no_leak,4,1647,823547,59
9,no_leak,4,1648,824047,77
9,no_leak,4,1649,824547,68
9,no_leak,4,1650,825047,53
9,no_leak,4,1651,825547,38
9,no_leak,4,1652,826047,39
9,no_leak,4,1653,826547,68
9,no_leak,4,1654,827047,123
9,no_leak,4,1655,827547,155
9,no_leak,4,1656,828047,147
9,no_leak,4,1657,828547,121
9,no_leak,4,1658,829047,111
9,no_leak,4,1659,829547,46
9,no_leak,4,1660,830047,47
9,no_leak,4,1661,830547,29
9,no_leak,4,1662,831047,85
9,no_leak,4,1663,831547,83
9,no_leak,4,1664,832047,109
9,no_leak,4,1665,832547,75
9,no_leak,4,1666,833048,37
9,no_leak,4,1667,833547,0
9,no_leak,4,1668,834047,55
9,no_leak,4,1669,834548,101
9,no_leak,4,1670,835047,139
9,no_leak,4,1671,835547,153
9,no_leak,4,1672,836047,158
9,no_leak,4,1673,836547,135
9,no_leak,4,1674,837047,125
9,no_leak,4,1675,837547,139
9,no_leak,4,1676,838047,112
9,no_leak,4,1677,838547,83
9,no_leak,4,1678,839047,85
9,no_leak,4,1679,839547,109
9,no_leak,4,1680,840047,78
9,no_leak,4,1681,840547,89
9,no_leak,4,1682,841047,90
9,no_leak,4,1683,841547,84
9,no_leak,4,1684,842047,67
9,no_leak,4,1685,842547,24
9,no_leak,4,1686,843047,22
9,no_leak,4,1687,843547,33
9,no_leak,4,1688,844047,48
9,no_leak,4,1689,844547,72
9,no_leak,4,1690,845047,47
9,no_leak,4,1691,845547,5
9,no_leak,4,1692,846047,21
9,no_leak,4,1693,846547,59
9,no_leak,4,1694,847047,73
9,no_leak,4,1695,847547,82
9,no_leak,4,1696,848047,74
9,no_leak,4,1697,848547,22
9,no_leak,4,1698,849047,41
9,no_leak,4,1699,849547,83
9,no_leak,4,1700,850047,95
9,no_leak,4,1701,850547,141
9,no_leak,4,1702,851047,155
9,no_leak,4,1703,851547,123
9,no_leak,4,1704,852047,103
9,no_leak,4,1705,852547,62
9,no_leak,4,1706,853047,52
9,no_leak,4,1707,853547,62
9,no_leak,4,1708,854047,51
9,no_leak,4,1709,854547,17
9,no_leak,4,1710,855047,0
9,no_leak,4,1711,855547,50
9,no_leak,4,1712,856047,71
9,no_leak,4,1713,856547,55
9,no_leak,4,1714,857047,23
9,no_leak,4,1715,857547,0
9,no_leak,4,1716,858047,0
9,no_leak,4,1717,858547,0
9,no_leak,4,1718,859047,79
9,no_leak,4,1719,859547,98
9,no_leak,4,1720,860047,98
9,no_leak,4,1721,860547,115
9,no_leak,4,1722,861047,100
9,no_leak,4,1723,861547,111
9,no_leak,4,1724,862047,79
9,no_leak,4,1725,862547,71
9,no_leak,4,1726,863047,53
9,no_leak,4,1727,863547,52
9,no_leak,4,1728,864047,91
9,no_leak,4,1729,864547,112
9,no_leak,4,1730,865047,95
9,no_leak,4,1731,865547,68
9,no_leak,4,1732,866047,41
9,no_leak,4,1733,866547,7
9,no_leak,4,1734,867047,0
9,no_leak,4,1735,867547,0
9,no_leak,4,1736,868047,16
9,no_leak,4,1737,868547,25
9,no_leak,4,1738,869047,31
9,no_leak,4,1739,869547,35
9,no_leak,4,1740,870047,13
9,no_leak,4,1741,870547,5
9,no_leak,4,1742,871047,0
9,no_leak,4,1743,871547,19
9,no_leak,4,1744,872047,11
9,no_leak,4,1745,872547,37
9,no_leak,4,1746,873047,37
9,no_leak,4,1747,873547,21
9,no_leak,4,1748,874047,0
9,no_leak,4,1749,874547,0
9,no_leak,4,1750,875047,23
9,no_leak,4,1751,875547,63
9,no_leak,4,1752,876047,84
9,no_leak,4,1753,876547,47
9,no_leak,4,1754,877047,28
9,no_leak,4,1755,877547,58
9,no_leak,4,1756,878047,100
9,no_leak,4,1757,878547,107
9,no_leak,4,1758,879047,139
9,no_leak,4,1759,879547,95
9,no_leak,4,1760,880047,71
9,no_leak,4,1761,880547,27
9,no_leak,4,1762,881048,34
9,no_leak,4,1763,881547,88
9,no_leak,4,1764,882047,84
9,no_leak,4,1765,882547,102
9,no_leak,4,1766,883047,105
9,no_leak,4,1767,883547,79
9,no_leak,4,1768,884047,46
9,no_leak,4,1769,884547,6
9,no_leak,4,1770,885047,50
9,no_leak,4,1771,885547,82
9,no_leak,4,1772,886047,103
9,no_leak,4,1773,886547,137
9,no_leak,4,1774,887047,109
9,no_leak,4,1775,887547,111
9,no_leak,4,1776,888047,90
9,no_leak,4,1777,888547,83
9,no_leak,4,1778,889047,53
9,no_leak,4,1779,889547,24
9,no_leak,4,1780,890047,41
9,no_leak,4,1781,890547,38
9,no_leak,4,1782,891047,72
9,no_leak,4,1783,891547,87
9,no_leak,4,1784,892047,109
9,no_leak,4,1785,892547,125
9,no_leak,4,1786,893047,110
9,no_leak,4,1787,893547,103
9,no_leak,4,1788,894047,70
9,no_leak,4,1789,894547,57
9,no_leak,4,1790,895047,95
9,no_leak,4,1791,895547,87
9,no_leak,4,1792,896047,76
9,no_leak,4,1793,896547,88
9,no_leak,4,1794,897047,72
9,no_leak,4,1795,897547,53
9,no_leak,4,1796,898047,57
9,no_leak,4,1797,898547,75
9,no_leak,4,1798,899047,79
9,no_leak,4,1799,899547,71
9,no_leak,4,1800,900047,47
9,no_leak,4,1801,900547,37
9,no_leak,4,1802,901047,59
9,no_leak,4,1803,901547,69
9,no_leak,4,1804,902047,63
9,no_leak,4,1805,902547,61
9,no_leak,4,1806,903047,31
9,no_leak,4,1807,903547,1
9,no_leak,4,1808,904047,0
9,no_leak,4,1809,904547,45
9,no_leak,4,1810,905047,41
9,no_leak,4,1811,905547,46
9,no_leak,4,1812,906047,40
9,no_leak,4,1813,906547,5
9,no_leak,4,1814,907047,0
9,no_leak,4,1815,907547,0
9,no_leak,4,1816,908047,39
9,no_leak,4,1817,908547,67
9,no_leak,4,1818,909047,78
9,no_leak,4,1819,909547,71
9,no_leak,4,1820,910047,46
9,no_leak,4,1821,910547,13
9,no_leak,4,1822,911047,27
9,no_leak,4,1823,911547,68
9,no_leak,4,1824,912047,75
9,no_leak,4,1825,912547,73
9,no_leak,4,1826,913047,61
9,no_leak,4,1827,913547,29
9,no_leak,4,1828,914047,1
9,no_leak,4,1829,914547,37
9,no_leak,4,1830,915047,61
9,no_leak,4,1831,915547,53
9,no_leak,4,1832,916047,59
9,no_leak,4,1833,916547,59
9,no_leak,4,1834,917047,51
9,no_leak,4,1835,917547,21
9,no_leak,4,1836,918047,0
9,no_leak,4,1837,918547,25
9,no_leak,4,1838,919047,43
9,no_leak,4,1839,919547,59
9,no_leak,4,1840,920047,76
9,no_leak,4,1841,920547,77
9,no_leak,4,1842,921047,22
9,no_leak,4,1843,921547,53
9,no_leak,4,1844,922047,85
9,no_leak,4,1845,922547,73
9,no_leak,4,1846,923047,35
9,no_leak,4,1847,923547,63
9,no_leak,4,1848,924047,101
9,no_leak,4,1849,924547,69
9,no_leak,4,1850,925047,39
9,no_leak,4,1851,925547,59
9,no_leak,4,1852,926047,69
9,no_leak,4,1853,926547,91
9,no_leak,4,1854,927047,109
9,no_leak,4,1855,927547,102
9,no_leak,4,1856,928047,89
9,no_leak,4,1857,928547,91
9,no_leak,4,1858,929047,133
9,no_leak,4,1859,929547,147
9,no_leak,4,1860,930047,148
9,no_leak,4,1861,930547,120
9,no_leak,4,1862,931047,137
9,no_leak,4,1863,931547,170
9,no_leak,4,1864,932047,170
9,no_leak,4,1865,932547,142
9,no_leak,4,1866,933047,56
9,no_leak,4,1867,933547,28
9,no_leak,4,1868,934047,35
9,no_leak,4,1869,934547,41
9,no_leak,4,1870,935047,13
9,no_leak,4,1871,935547,0
9,no_leak,4,1872,936047,0
9,no_leak,4,1873,936547,0
9,no_leak,4,1874,937047,0
9,no_leak,4,1875,937547,0
9,no_leak,4,1876,938047,0
9,no_leak,4,1877,938547,0
9,no_leak,4,1878,939047,0
9,no_leak,4,1879,939547,0
9,no_leak,4,1880,940047,0
9,no_leak,4,1881,940547,0
9,no_leak,4,1882,941047,0
9,no_leak,4,1883,941547,0
9,no_leak,4,1884,942047,41
9,no_leak,4,1885,942547,51
9,no_leak,4,1886,943047,39
9,no_leak,4,1887,943547,68
9,no_leak,4,1888,944047,20
9,no_leak,4,1889,944547,0
9,no_leak,4,1890,945047,27
9,no_leak,4,1891,945547,46
9,no_leak,4,1892,946047,40
9,no_leak,4,1893,946547,12
9,no_leak,4,1894,947047,0
9,no_leak,4,1895,947547,0
9,no_leak,4,1896,948047,37
9,no_leak,4,1897,948547,53
9,no_leak,4,1898,949047,89
9,no_leak,4,1899,949547,59
9,no_leak,4,1900,950047,17
9,no_leak,4,1901,950547,51
9,no_leak,4,1902,951047,73
9,no_leak,4,1903,951547,91
9,no_leak,4,1904,952047,105
9,no_leak,4,1905,952547,71
9,no_leak,4,1906,953047,79
9,no_leak,4,1907,953547,84
9,no_leak,4,1908,954047,60
9,no_leak,4,1909,954547,57
9,no_leak,4,1910,955047,81
9,no_leak,4,1911,955547,88
9,no_leak,4,1912,956047,57
9,no_leak,4,1913,956547,125
9,no_leak,4,1914,957047,133
9,no_leak,4,1915,957547,104
9,no_leak,4,1916,958047,101
9,no_leak,4,1917,958547,110
9,no_leak,4,1918,959047,110
9,no_leak,4,1919,959547,103
9,no_leak,4,1920,960047,71
9,no_leak,4,1921,960547,103
9,no_leak,4,1922,961047,103
9,no_leak,4,1923,961547,68
9,no_leak,4,1924,962047,101
9,no_leak,4,1925,962547,149
9,no_leak,4,1926,963047,137
9,no_leak,4,1927,963547,101
9,no_leak,4,1928,964047,103
9,no_leak,4,1929,964547,109
9,no_leak,4,1930,965047,127
9,no_leak,4,1931,965547,125
9,no_leak,4,1932,966047,107
9,no_leak,4,1933,966547,77
9,no_leak,4,1934,967047,51
9,no_leak,4,1935,967547,45
9,no_leak,4,1936,968047,77
9,no_leak,4,1937,968547,69
9,no_leak,4,1938,969047,31
9,no_leak,4,1939,969547,0
9,no_leak,4,1940,970047,0
9,no_leak,4,1941,970547,33
9,no_leak,4,1942,971047,33
9,no_leak,4,1943,971547,6
9,no_leak,4,1944,972047,0
9,no_leak,4,1945,972547,0
9,no_leak,4,1946,973047,0
9,no_leak,4,1947,973547,39
9,no_leak,4,1948,974047,43
9,no_leak,4,1949,974547,47
9,no_leak,4,1950,975047,21
9,no_leak,4,1951,975547,1
9,no_leak,4,1952,976047,1
9,no_leak,4,1953,976547,53
9,no_leak,4,1954,977047,59
9,no_leak,4,1955,977547,119
9,no_leak,4,1956,978047,150
9,no_leak,4,1957,978547,153
9,no_leak,4,1958,979047,153
9,no_leak,4,1959,979547,117
9,no_leak,4,1960,980047,90
9,no_leak,4,1961,980547,87
9,no_leak,4,1962,981047,108
9,no_leak,4,1963,981547,123
9,no_leak,4,1964,982047,94
9,no_leak,4,1965,982547,101
9,no_leak,4,1966,983047,121
9,no_leak,4,1967,983547,119
9,no_leak,4,1968,984047,101
9,no_leak,4,1969,984547,77
9,no_leak,4,1970,985047,26
9,no_leak,4,1971,985547,17
9,no_leak,4,1972,986047,26
9,no_leak,4,1973,986547,71
9,no_leak,4,1974,987047,54
9,no_leak,4,1975,987547,46
9,no_leak,4,1976,988047,30
9,no_leak,4,1977,988547,17
9,no_leak,4,1978,989047,0
9,no_leak,4,1979,989547,0
9,no_leak,4,1980,990047,19
9,no_leak,4,1981,990547,55
9,no_leak,4,1982,991047,84
9,no_leak,4,1983,991547,75
9,no_leak,4,1984,992047,78
9,no_leak,4,1985,992547,56
9,no_leak,4,1986,993047,53
9,no_leak,4,1987,993547,74
9,no_leak,4,1988,994047,91
9,no_leak,4,1989,994547,103
9,no_leak,4,1990,995047,128
9,no_leak,4,1991,995547,127
9,no_leak,4,1992,996047,103
9,no_leak,4,1993,996547,105
9,no_leak,4,1994,997047,106
9,no_leak,4,1995,997547,105
9,no_leak,4,1996,998047,92
9,no_leak,4,1997,998547,73
9,no_leak,4,1998,999047,57
9,no_leak,4,1999,999547,55
