# CAPTURING
1,0,1,0,55,57
1,0,1,1,547,55
1,0,1,2,1047,55
1,0,1,3,1547,55
1,0,1,4,2047,55
1,0,1,5,2547,54
1,0,1,6,3047,55
1,0,1,7,3547,55
1,0,1,8,4047,55
1,0,1,9,4547,57
1,0,1,10,5047,55
1,0,1,11,5547,56
1,0,1,12,6047,55
1,0,1,13,6547,56
1,0,1,14,7047,55
1,0,1,15,7547,55
1,0,1,16,8047,57
1,0,1,17,8547,55
1,0,1,18,9047,56
1,0,1,19,9547,55
1,0,1,20,10047,55
1,0,1,21,10547,56
1,0,1,22,11047,58
1,0,1,23,11547,57
1,0,1,24,12047,57
1,0,1,25,12547,56
1,0,1,26,13047,57
1,0,1,27,13547,57
1,0,1,28,14047,57
1,0,1,29,14547,58
1,0,1,30,15047,58
1,0,1,31,15547,58
1,0,1,32,16047,58
1,0,1,33,16547,61
1,0,1,34,17047,59
1,0,1,35,17547,59
1,0,1,36,18047,60
1,0,1,37,18547,61
1,0,1,38,19047,61
1,0,1,39,19547,61
1,0,1,40,20047,63
1,0,1,41,20547,61
1,0,1,42,21047,62
1,0,1,43,21547,67
1,0,1,44,22047,63
1,0,1,45,22547,68
1,0,1,46,23047,63
1,0,1,47,23547,68
1,0,1,48,24047,71
1,0,1,49,24547,69
1,0,1,50,25047,69
1,0,1,51,25547,69
1,0,1,52,26047,69
1,0,1,53,26547,71
1,0,1,54,27047,71
1,0,1,55,27547,71
1,0,1,56,28047,71
1,0,1,57,28547,71
1,0,1,58,29047,71
1,0,1,59,29547,71
1,0,1,60,30047,71
1,0,1,61,30547,69
1,0,1,62,31047,72
1,0,1,63,31547,72
1,0,1,64,32047,71
1,0,1,65,32547,72
1,0,1,66,33047,73
1,0,1,67,33547,73
1,0,1,68,34047,73
1,0,1,69,34547,73
1,0,1,70,35047,72
1,0,1,71,35547,74
1,0,1,72,36047,76
1,0,1,73,36547,75
1,0,1,74,37047,78
1,0,1,75,37547,75
1,0,1,76,38047,77
1,0,1,77,38547,77
1,0,1,78,39047,78
1,0,1,79,39547,79
1,0,1,80,40047,78
1,0,1,81,40547,83
1,0,1,82,41047,83
1,0,1,83,41547,84
1,0,1,84,42047,83
1,0,1,85,42547,85
1,0,1,86,43047,83
1,0,1,87,43547,83
1,0,1,88,44047,85
1,0,1,89,44547,84
1,0,1,90,45047,83
1,0,1,91,45547,85
1,0,1,92,46047,81
1,0,1,93,46547,83
1,0,1,94,47047,84
1,0,1,95,47547,84
1,0,1,96,48047,83
1,0,1,97,48547,85
1,0,1,98,49047,84
1,0,1,99,49547,84
1,0,1,100,50047,83
1,0,1,101,50547,83
1,0,1,102,51047,82
1,0,1,103,51547,83
1,0,1,104,52047,82
1,0,1,105,52547,83
1,0,1,106,53047,79
1,0,1,107,53547,82
1,0,1,108,54047,81
1,0,1,109,54547,82
1,0,1,110,55047,79
1,0,1,111,55547,79
1,0,1,112,56047,82
1,0,1,113,56547,79
1,0,1,114,57047,79
1,0,1,115,57547,78
1,0,1,116,58047,78
1,0,1,117,58547,78
1,0,1,118,59047,79
1,0,1,119,59547,77
1,0,1,120,60047,77
1,0,1,121,60547,77
1,0,1,122,61047,77
1,0,1,123,61547,77
1,0,1,124,62047,77
1,0,1,125,62547,75
1,0,1,126,63047,75
1,0,1,127,63547,75
1,0,1,128,64047,75
1,0,1,129,64547,75
1,0,1,130,65047,74
1,0,1,131,65547,78
1,0,1,132,66047,75
1,0,1,133,66547,75
1,0,1,134,67047,75
1,0,1,135,67547,75
1,0,1,136,68047,75
1,0,1,137,68547,75
1,0,1,138,69047,73
1,0,1,139,69547,74
1,0,1,140,70047,74
1,0,1,141,70547,75
1,0,1,142,71047,73
1,0,1,143,71547,75
1,0,1,144,72047,73
1,0,1,145,72547,73
1,0,1,146,73047,72
1,0,1,147,73547,73
1,0,1,148,74047,73
1,0,1,149,74547,72
1,0,1,150,75047,71
1,0,1,151,75547,73
1,0,1,152,76047,71
1,0,1,153,76547,71
1,0,1,154,77047,71
1,0,1,155,77547,69
1,0,1,156,78047,69
1,0,1,157,78547,69
1,0,1,158,79047,69
1,0,1,159,79547,63
1,0,1,160,80047,68
1,0,1,161,80547,63
1,0,1,162,81047,61
1,0,1,163,81547,63
1,0,1,164,82047,62
1,0,1,165,82547,61
1,0,1,166,83047,61
1,0,1,167,83547,61
1,0,1,168,84047,63
1,0,1,169,84547,61
1,0,1,170,85047,61
1,0,1,171,85547,59
1,0,1,172,86047,61
1,0,1,173,86547,61
1,0,1,174,87047,61
1,0,1,175,87547,61
1,0,1,176,88047,60
1,0,1,177,88547,61
1,0,1,178,89047,67
1,0,1,179,89547,61
1,0,1,180,90047,61
1,0,1,181,90547,61
1,0,1,182,91047,61
1,0,1,183,91547,63
1,0,1,184,92047,61
1,0,1,185,92547,59
1,0,1,186,93047,61
1,0,1,187,93547,61
1,0,1,188,94047,60
1,0,1,189,94547,59
1,0,1,190,95047,60
1,0,1,191,95547,61
1,0,1,192,96047,59
1,0,1,193,96547,61
1,0,1,194,97047,60
1,0,1,195,97547,60
1,0,1,196,98047,61
1,0,1,197,98547,60
1,0,1,198,99047,60
1,0,1,199,99547,61
1,0,1,200,100047,61
1,0,1,201,100547,60
1,0,1,202,101047,62
1,0,1,203,101547,61
1,0,1,204,102047,63
1,0,1,205,102547,61
1,0,1,206,103047,61
1,0,1,207,103547,61
1,0,1,208,104047,62
1,0,1,209,104547,63
1,0,1,210,105047,62
1,0,1,211,105547,61
1,0,1,212,106047,62
1,0,1,213,106547,62
1,0,1,214,107047,62
1,0,1,215,107547,62
1,0,1,216,108047,61
1,0,1,217,108547,63
1,0,1,218,109047,61
1,0,1,219,109547,61
1,0,1,220,110047,62
1,0,1,221,110547,63
1,0,1,222,111047,63
1,0,1,223,111547,61
1,0,1,224,112047,61
1,0,1,225,112547,61
1,0,1,226,113047,62
1,0,1,227,113547,63
1,0,1,228,114047,67
1,0,1,229,114547,61
1,0,1,230,115047,67
1,0,1,231,115547,67
1,0,1,232,116047,67
1,0,1,233,116547,67
1,0,1,234,117047,67
1,0,1,235,117547,62
1,0,1,236,118047,67
1,0,1,237,118547,67
1,0,1,238,119047,68
1,0,1,239,119547,68
1,0,1,240,120047,68
1,0,1,241,120547,69
1,0,1,242,121047,68
1,0,1,243,121547,68
1,0,1,244,122047,69
1,0,1,245,122547,68
1,0,1,246,123047,69
1,0,1,247,123547,68
1,0,1,248,124047,69
1,0,1,249,124547,71
1,0,1,250,125047,69
1,0,1,251,125547,69
1,0,1,252,126047,69
1,0,1,253,126547,69
1,0,1,254,127047,69
1,0,1,255,127547,69
1,0,1,256,128047,70
1,0,1,257,128547,70
1,0,1,258,129047,69
1,0,1,259,129547,69
1,0,1,260,130047,71
1,0,1,261,130547,71
1,0,1,262,131047,69
1,0,1,263,131547,69
1,0,1,264,132047,71
1,0,1,265,132547,69
1,0,1,266,133047,69
1,0,1,267,133547,69
1,0,1,268,134047,70
1,0,1,269,134547,69
1,0,1,270,135047,70
1,0,1,271,135547,69
1,0,1,272,136047,69
1,0,1,273,136547,69
1,0,1,274,137047,68
1,0,1,275,137547,67
1,0,1,276,138047,67
1,0,1,277,138547,63
1,0,1,278,139047,63
1,0,1,279,139547,62
1,0,1,280,140047,69
1,0,1,281,140547,63
1,0,1,282,141047,62
1,0,1,283,141547,61
1,0,1,284,142047,62
1,0,1,285,142547,62
1,0,1,286,143047,61
1,0,1,287,143547,61
1,0,1,288,144047,61
1,0,1,289,144547,61
1,0,1,290,145047,61
1,0,1,291,145547,61
1,0,1,292,146047,60
1,0,1,293,146547,61
1,0,1,294,147047,61
1,0,1,295,147547,59
1,0,1,296,148047,59
1,0,1,297,148547,59
1,0,1,298,149047,59
1,0,1,299,149547,61
1,0,1,300,150047,59
1,0,1,301,150547,59
1,0,1,302,151047,59
1,0,1,303,151547,59
1,0,1,304,152047,61
1,0,1,305,152547,59
1,0,1,306,153047,59
1,0,1,307,153547,59
1,0,1,308,154047,61
1,0,1,309,154547,59
1,0,1,310,155047,60
1,0,1,311,155547,59
1,0,1,312,156047,60
1,0,1,313,156547,60
1,0,1,314,157047,59
1,0,1,315,157547,60
1,0,1,316,158047,59
1,0,1,317,158547,61
1,0,1,318,159047,61
1,0,1,319,159547,60
1,0,1,320,160047,61
1,0,1,321,160547,61
1,0,1,322,161047,61
1,0,1,323,161547,61
1,0,1,324,162047,61
1,0,1,325,162547,63
1,0,1,326,163047,61
1,0,1,327,163547,63
1,0,1,328,164047,63
1,0,1,329,164547,62
1,0,1,330,165047,63
1,0,1,331,165547,63
1,0,1,332,166047,61
1,0,1,333,166547,63
1,0,1,334,167047,63
1,0,1,335,167547,63
1,0,1,336,168047,63
1,0,1,337,168547,67
1,0,1,338,169047,63
1,0,1,339,169547,63
1,0,1,340,170047,67
1,0,1,341,170547,67
1,0,1,342,171047,68
1,0,1,343,171547,69
1,0,1,344,172047,67
1,0,1,345,172547,63
1,0,1,346,173047,68
1,0,1,347,173547,68
1,0,1,348,174047,69
1,0,1,349,174547,69
1,0,1,350,175047,68
1,0,1,351,175547,69
1,0,1,352,176047,69
1,0,1,353,176547,68
1,0,1,354,177047,70
1,0,1,355,177547,69
1,0,1,356,178047,69
1,0,1,357,178547,70
1,0,1,358,179047,71
1,0,1,359,179547,70
1,0,1,360,180047,71
1,0,1,361,180547,71
1,0,1,362,181047,71
1,0,1,363,181547,71
1,0,1,364,182047,71
1,0,1,365,182547,72
1,0,1,366,183047,71
1,0,1,367,183547,71
1,0,1,368,184047,71
1,0,1,369,184547,72
1,0,1,370,185047,71
1,0,1,371,185547,72
1,0,1,372,186047,73
1,0,1,373,186547,75
1,0,1,374,187047,72
1,0,1,375,187547,73
1,0,1,376,188047,73
1,0,1,377,188547,73
1,0,1,378,189047,73
1,0,1,379,189547,73
1,0,1,380,190047,74
1,0,1,381,190547,73
1,0,1,382,191047,75
1,0,1,383,191547,74
1,0,1,384,192047,73
1,0,1,385,192547,75
1,0,1,386,193047,73
1,0,1,387,193547,73
1,0,1,388,194047,75
1,0,1,389,194547,75
1,0,1,390,195047,74
1,0,1,391,195547,73
1,0,1,392,196047,74
1,0,1,393,196547,73
1,0,1,394,197047,75
1,0,1,395,197547,73
1,0,1,396,198047,73
1,0,1,397,198547,72
1,0,1,398,199047,73
1,0,1,399,199547,72
1,0,1,400,200047,72
1,0,1,401,200547,72
1,0,1,402,201047,72
1,0,1,403,201547,73
1,0,1,404,202047,73
1,0,1,405,202547,71
1,0,1,406,203047,71
1,0,1,407,203547,70
1,0,1,408,204047,71
1,0,1,409,204547,69
1,0,1,410,205047,69
1,0,1,411,205547,69
1,0,1,412,206047,69
1,0,1,413,206547,69
1,0,1,414,207047,69
1,0,1,415,207547,69
1,0,1,416,208047,69
1,0,1,417,208547,68
1,0,1,418,209047,68
1,0,1,419,209547,67
1,0,1,420,210047,69
1,0,1,421,210547,63
1,0,1,422,211047,68
1,0,1,423,211547,69
1,0,1,424,212047,63
1,0,1,425,212547,68
1,0,1,426,213047,63
1,0,1,427,213547,63
1,0,1,428,214047,63
1,0,1,429,214547,63
1,0,1,430,215047,63
1,0,1,431,215547,63
1,0,1,432,216047,62
1,0,1,433,216547,63
1,0,1,434,217047,62
1,0,1,435,217547,61
1,0,1,436,218047,61
1,0,1,437,218547,62
1,0,1,438,219047,63
1,0,1,439,219547,63
1,0,1,440,220047,61
1,0,1,441,220547,61
1,0,1,442,221047,60
1,0,1,443,221547,61
1,0,1,444,222047,61
1,0,1,445,222547,61
1,0,1,446,223047,61
1,0,1,447,223547,60
1,0,1,448,224047,61
1,0,1,449,224547,61
1,0,1,450,225047,61
1,0,1,451,225547,62
1,0,1,452,226047,61
1,0,1,453,226547,69
1,0,1,454,227047,61
1,0,1,455,227547,61
1,0,1,456,228047,61
1,0,1,457,228547,62
1,0,1,458,229047,62
1,0,1,459,229547,60
1,0,1,460,230047,62
1,0,1,461,230547,63
1,0,1,462,231047,63
1,0,1,463,231547,62
1,0,1,464,232047,63
1,0,1,465,232547,61
1,0,1,466,233047,62
1,0,1,467,233547,61
1,0,1,468,234047,61
1,0,1,469,234547,63
1,0,1,470,235047,63
1,0,1,471,235547,71
1,0,1,472,236047,63
1,0,1,473,236547,63
1,0,1,474,237047,63
1,0,1,475,237547,62
1,0,1,476,238047,63
1,0,1,477,238547,70
1,0,1,478,239047,63
1,0,1,479,239547,62
1,0,1,480,240047,64
1,0,1,481,240547,67
1,0,1,482,241047,63
1,0,1,483,241547,69
1,0,1,484,242047,63
1,0,1,485,242547,68
1,0,1,486,243047,63
1,0,1,487,243547,69
1,0,1,488,244047,67
1,0,1,489,244547,68
1,0,1,490,245047,67
1,0,1,491,245547,68
1,0,1,492,246047,69
1,0,1,493,246547,69
1,0,1,494,247047,69
1,0,1,495,247547,69
1,0,1,496,248047,69
1,0,1,497,248547,69
1,0,1,498,249047,69
1,0,1,499,249547,69
1,0,1,500,250047,71
1,0,1,501,250547,70
1,0,1,502,251047,70
1,0,1,503,251547,69
1,0,1,504,252047,70
1,0,1,505,252547,71
1,0,1,506,253047,70
1,0,1,507,253547,71
1,0,1,508,254047,70
1,0,1,509,254547,70
1,0,1,510,255047,70
1,0,1,511,255547,72
1,0,1,512,256047,71
1,0,1,513,256547,71
1,0,1,514,257047,71
1,0,1,515,257547,73
1,0,1,516,258047,71
1,0,1,517,258547,71
1,0,1,518,259047,71
1,0,1,519,259547,69
1,0,1,520,260047,71
1,0,1,521,260547,70
1,0,1,522,261047,72
1,0,1,523,261547,71
1,0,1,524,262047,70
1,0,1,525,262547,71
1,0,1,526,263047,70
1,0,1,527,263547,69
1,0,1,528,264047,73
1,0,1,529,264547,72
1,0,1,530,265047,71
1,0,1,531,265547,71
1,0,1,532,266047,71
1,0,1,533,266547,72
1,0,1,534,267047,71
1,0,1,535,267547,73
1,0,1,536,268047,71
1,0,1,537,268547,72
1,0,1,538,269047,71
1,0,1,539,269547,69
1,0,1,540,270047,71
1,0,1,541,270547,69
1,0,1,542,271047,71
1,0,1,543,271547,71
1,0,1,544,272047,69
1,0,1,545,272547,71
1,0,1,546,273047,69
1,0,1,547,273547,69
1,0,1,548,274047,70
1,0,1,549,274547,70
1,0,1,550,275047,70
1,0,1,551,275547,69
1,0,1,552,276047,69
1,0,1,553,276547,69
1,0,1,554,277047,69
1,0,1,555,277547,70
1,0,1,556,278047,70
1,0,1,557,278547,69
1,0,1,558,279047,70
1,0,1,559,279547,71
1,0,1,560,280047,70
1,0,1,561,280547,70
1,0,1,562,281047,71
1,0,1,563,281547,68
1,0,1,564,282047,71
1,0,1,565,282547,70
1,0,1,566,283047,69
1,0,1,567,283547,69
1,0,1,568,284047,69
1,0,1,569,284547,69
1,0,1,570,285047,70
1,0,1,571,285547,72
1,0,1,572,286047,71
1,0,1,573,286547,71
1,0,1,574,287047,71
1,0,1,575,287547,73
1,0,1,576,288047,70
1,0,1,577,288547,71
1,0,1,578,289047,70
1,0,1,579,289547,71
1,0,1,580,290047,71
1,0,1,581,290547,71
1,0,1,582,291047,71
1,0,1,583,291547,71
1,0,1,584,292047,75
1,0,1,585,292547,73
1,0,1,586,293047,71
1,0,1,587,293547,71
1,0,1,588,294047,71
1,0,1,589,294547,71
1,0,1,590,295047,72
1,0,1,591,295547,69
1,0,1,592,296047,71
1,0,1,593,296547,75
1,0,1,594,297047,71
1,0,1,595,297547,71
1,0,1,596,298047,72
1,0,1,597,298547,70
1,0,1,598,299047,72
1,0,1,599,299547,69
1,0,1,600,300047,75
1,0,1,601,300547,71
1,0,1,602,301047,71
1,0,1,603,301547,72
1,0,1,604,302047,72
1,0,1,605,302547,72
1,0,1,606,303047,72
1,0,1,607,303547,71
1,0,1,608,304047,72
1,0,1,609,304547,71
1,0,1,610,305047,73
1,0,1,611,305547,73
1,0,1,612,306047,74
1,0,1,613,306547,73
1,0,1,614,307047,73
1,0,1,615,307547,71
1,0,1,616,308047,73
1,0,1,617,308547,73
1,0,1,618,309047,73
1,0,1,619,309547,72
1,0,1,620,310047,72
1,0,1,621,310547,73
1,0,1,622,311047,74
1,0,1,623,311547,73
1,0,1,624,312047,73
1,0,1,625,312547,72
1,0,1,626,313047,73
1,0,1,627,313547,69
1,0,1,628,314047,73
1,0,1,629,314547,71
1,0,1,630,315047,71
1,0,1,631,315547,75
1,0,1,632,316047,73
1,0,1,633,316547,71
1,0,1,634,317047,73
1,0,1,635,317547,72
1,0,1,636,318047,72
1,0,1,637,318547,72
1,0,1,638,319047,71
1,0,1,639,319547,72
1,0,1,640,320047,72
1,0,1,641,320547,72
1,0,1,642,321047,73
1,0,1,643,321547,71
1,0,1,644,322047,72
1,0,1,645,322547,71
1,0,1,646,323047,71
1,0,1,647,323547,71
1,0,1,648,324047,71
1,0,1,649,324547,71
1,0,1,650,325047,71
1,0,1,651,325547,73
1,0,1,652,326047,71
1,0,1,653,326547,70
1,0,1,654,327047,71
1,0,1,655,327547,71
1,0,1,656,328047,71
1,0,1,657,328547,70
1,0,1,658,329047,69
1,0,1,659,329547,71
1,0,1,660,330047,70
1,0,1,661,330547,69
1,0,1,662,331047,69
1,0,1,663,331547,67
1,0,1,664,332047,69
1,0,1,665,332547,69
1,0,1,666,333047,69
1,0,1,667,333547,68
1,0,1,668,334047,68
1,0,1,669,334547,61
1,0,1,670,335047,67
1,0,1,671,335547,67
1,0,1,672,336047,69
1,0,1,673,336547,64
1,0,1,674,337047,63
1,0,1,675,337547,63
1,0,1,676,338047,63
1,0,1,677,338547,63
1,0,1,678,339047,68
1,0,1,679,339547,62
1,0,1,680,340047,67
1,0,1,681,340547,62
1,0,1,682,341047,63
1,0,1,683,341547,61
1,0,1,684,342047,62
1,0,1,685,342547,59
1,0,1,686,343047,62
1,0,1,687,343547,61
1,0,1,688,344047,62
1,0,1,689,344547,58
1,0,1,690,345047,61
1,0,1,691,345547,60
1,0,1,692,346047,61
1,0,1,693,346547,58
1,0,1,694,347047,60
1,0,1,695,347547,61
1,0,1,696,348047,60
1,0,1,697,348547,60
1,0,1,698,349047,61
1,0,1,699,349547,62
1,0,1,700,350047,61
1,0,1,701,350547,61
1,0,1,702,351047,61
1,0,1,703,351547,61
1,0,1,704,352047,60
1,0,1,705,352547,59
1,0,1,706,353047,59
1,0,1,707,353547,60
1,0,1,708,354047,61
1,0,1,709,354547,60
1,0,1,710,355047,59
1,0,1,711,355547,61
1,0,1,712,356047,60
1,0,1,713,356547,60
1,0,1,714,357047,60
1,0,1,715,357547,59
1,0,1,716,358047,59
1,0,1,717,358547,59
1,0,1,718,359047,61
1,0,1,719,359547,59
1,0,1,720,360047,60
1,0,1,721,360547,61
1,0,1,722,361047,61
1,0,1,723,361547,61
1,0,1,724,362047,59
1,0,1,725,362547,59
1,0,1,726,363047,60
1,0,1,727,363547,58
1,0,1,728,364047,61
1,0,1,729,364547,59
1,0,1,730,365047,60
1,0,1,731,365547,59
1,0,1,732,366047,61
1,0,1,733,366547,60
1,0,1,734,367047,61
1,0,1,735,367547,59
1,0,1,736,368047,60
1,0,1,737,368547,60
1,0,1,738,369047,60
1,0,1,739,369547,59
1,0,1,740,370047,61
1,0,1,741,370547,61
1,0,1,742,371047,61
1,0,1,743,371547,61
1,0,1,744,372047,61
1,0,1,745,372547,61
1,0,1,746,373047,61
1,0,1,747,373547,61
1,0,1,748,374047,63
1,0,1,749,374547,61
1,0,1,750,375047,61
1,0,1,751,375547,62
1,0,1,752,376047,61
1,0,1,753,376547,60
1,0,1,754,377047,61
1,0,1,755,377547,61
1,0,1,756,378047,62
1,0,1,757,378547,61
1,0,1,758,379047,61
1,0,1,759,379547,62
1,0,1,760,380047,63
1,0,1,761,380547,61
1,0,1,762,381047,61
1,0,1,763,381547,61
1,0,1,764,382047,61
1,0,1,765,382547,55
1,0,1,766,383047,61
1,0,1,767,383547,61
1,0,1,768,384047,63
1,0,1,769,384547,61
1,0,1,770,385047,62
1,0,1,771,385547,63
1,0,1,772,386047,60
1,0,1,773,386547,61
1,0,1,774,387047,63
1,0,1,775,387547,61
1,0,1,776,388047,62
1,0,1,777,388547,61
1,0,1,778,389047,63
1,0,1,779,389547,62
1,0,1,780,390047,61
1,0,1,781,390547,63
1,0,1,782,391047,63
1,0,1,783,391547,62
1,0,1,784,392047,61
1,0,1,785,392547,61
1,0,1,786,393047,61
1,0,1,787,393547,62
1,0,1,788,394047,63
1,0,1,789,394547,61
1,0,1,790,395047,61
1,0,1,791,395547,63
1,0,1,792,396047,63
1,0,1,793,396547,61
1,0,1,794,397047,63
1,0,1,795,397547,63
1,0,1,796,398047,63
1,0,1,797,398547,61
1,0,1,798,399047,61
1,0,1,799,399547,61
1,0,1,800,400047,62
1,0,1,801,400547,61
1,0,1,802,401047,61
1,0,1,803,401547,62
1,0,1,804,402047,61
1,0,1,805,402547,61
1,0,1,806,403047,61
1,0,1,807,403547,62
1,0,1,808,404047,63
1,0,1,809,404547,62
1,0,1,810,405047,62
1,0,1,811,405547,61
1,0,1,812,406047,63
1,0,1,813,406547,61
1,0,1,814,407047,62
1,0,1,815,407547,62
1,0,1,816,408047,62
1,0,1,817,408547,63
1,0,1,818,409047,61
1,0,1,819,409547,62
1,0,1,820,410047,63
1,0,1,821,410547,62
1,0,1,822,411047,63
1,0,1,823,411547,63
1,0,1,824,412047,63
1,0,1,825,412547,63
1,0,1,826,413047,63
1,0,1,827,413547,63
1,0,1,828,414047,67
1,0,1,829,414547,63
1,0,1,830,415047,63
1,0,1,831,415547,63
1,0,1,832,416047,63
1,0,1,833,416547,63
1,0,1,834,417047,63
1,0,1,835,417547,67
1,0,1,836,418047,63
1,0,1,837,418547,68
1,0,1,838,419047,69
1,0,1,839,419547,68
1,0,1,840,420047,69
1,0,1,841,420547,69
1,0,1,842,421047,68
1,0,1,843,421547,69
1,0,1,844,422047,70
1,0,1,845,422547,69
1,0,1,846,423047,69
1,0,1,847,423547,67
1,0,1,848,424047,69
1,0,1,849,424547,71
1,0,1,850,425047,69
1,0,1,851,425547,69
1,0,1,852,426047,69
1,0,1,853,426547,69
1,0,1,854,427047,70
1,0,1,855,427547,70
1,0,1,856,428047,70
1,0,1,857,428547,70
1,0,1,858,429047,71
1,0,1,859,429547,71
1,0,1,860,430047,70
1,0,1,861,430547,70
1,0,1,862,431047,71
1,0,1,863,431547,72
1,0,1,864,432047,69
1,0,1,865,432547,73
1,0,1,866,433047,71
1,0,1,867,433547,72
1,0,1,868,434047,71
1,0,1,869,434547,71
1,0,1,870,435047,72
1,0,1,871,435547,71
1,0,1,872,436047,73
1,0,1,873,436547,71
1,0,1,874,437047,73
1,0,1,875,437547,72
1,0,1,876,438047,71
1,0,1,877,438547,72
1,0,1,878,439047,71
1,0,1,879,439547,73
1,0,1,880,440047,73
1,0,1,881,440547,73
1,0,1,882,441047,73
1,0,1,883,441547,72
1,0,1,884,442047,72
1,0,1,885,442547,73
1,0,1,886,443047,73
1,0,1,887,443547,73
1,0,1,888,444047,74
1,0,1,889,444547,73
1,0,1,890,445047,74
1,0,1,891,445547,74
1,0,1,892,446047,73
1,0,1,893,446547,73
1,0,1,894,447047,73
1,0,1,895,447547,72
1,0,1,896,448047,73
1,0,1,897,448547,75
1,0,1,898,449047,74
1,0,1,899,449547,75
1,0,1,900,450047,73
1,0,1,901,450547,74
1,0,1,902,451047,74
1,0,1,903,451547,73
1,0,1,904,452047,74
1,0,1,905,452547,73
1,0,1,906,453047,75
1,0,1,907,453547,73
1,0,1,908,454047,73
1,0,1,909,454547,75
1,0,1,910,455047,72
1,0,1,911,455547,73
1,0,1,912,456047,74
1,0,1,913,456547,75
1,0,1,914,457047,73
1,0,1,915,457547,73
1,0,1,916,458047,73
1,0,1,917,458547,73
1,0,1,918,459047,74
1,0,1,919,459547,73
1,0,1,920,460047,73
1,0,1,921,460547,73
1,0,1,922,461047,74
1,0,1,923,461547,73
1,0,1,924,462047,73
1,0,1,925,462547,72
1,0,1,926,463047,73
1,0,1,927,463547,73
1,0,1,928,464047,74
1,0,1,929,464547,74
1,0,1,930,465047,73
1,0,1,931,465547,75
1,0,1,932,466047,74
1,0,1,933,466547,74
1,0,1,934,467047,75
1,0,1,935,467547,75
1,0,1,936,468047,74
1,0,1,937,468547,73
1,0,1,938,469047,75
1,0,1,939,469547,75
1,0,1,940,470047,75
1,0,1,941,470547,73
1,0,1,942,471047,74
1,0,1,943,471547,73
1,0,1,944,472047,75
1,0,1,945,472547,75
1,0,1,946,473047,75
1,0,1,947,473547,75
1,0,1,948,474047,75
1,0,1,949,474547,75
1,0,1,950,475047,73
1,0,1,951,475547,75
1,0,1,952,476047,75
1,0,1,953,476547,75
1,0,1,954,477047,75
1,0,1,955,477547,74
1,0,1,956,478047,75
1,0,1,957,478547,75
1,0,1,958,479047,75
1,0,1,959,479547,75
1,0,1,960,480047,74
1,0,1,961,480547,75
1,0,1,962,481047,75
1,0,1,963,481547,75
1,0,1,964,482047,75
1,0,1,965,482547,75
1,0,1,966,483047,75
1,0,1,967,483547,77
1,0,1,968,484047,75
1,0,1,969,484547,77
1,0,1,970,485047,76
1,0,1,971,485547,77
1,0,1,972,486047,73
1,0,1,973,486547,75
1,0,1,974,487047,76
1,0,1,975,487547,75
1,0,1,976,488047,76
1,0,1,977,488547,75
1,0,1,978,489047,75
1,0,1,979,489547,76
1,0,1,980,490047,76
1,0,1,981,490547,75
1,0,1,982,491047,76
1,0,1,983,491547,76
1,0,1,984,492047,76
1,0,1,985,492547,75
1,0,1,986,493047,75
1,0,1,987,493547,75
1,0,1,988,494047,75
1,0,1,989,494547,76
1,0,1,990,495047,75
1,0,1,991,495547,75
1,0,1,992,496047,75
1,0,1,993,496547,77
1,0,1,994,497047,75
1,0,1,995,497547,74
1,0,1,996,498047,75
1,0,1,997,498547,74
1,0,1,998,499047,75
1,0,1,999,499547,75
1,0,1,1000,500047,74
1,0,1,1001,500547,75
1,0,1,1002,501047,75
1,0,1,1003,501547,74
1,0,1,1004,502047,73
1,0,1,1005,502547,75
1,0,1,1006,503047,73
1,0,1,1007,503547,74
1,0,1,1008,504047,75
1,0,1,1009,504547,74
1,0,1,1010,505047,73
1,0,1,1011,505547,73
1,0,1,1012,506047,73
1,0,1,1013,506547,73
1,0,1,1014,507047,73
1,0,1,1015,507547,74
1,0,1,1016,508047,73
1,0,1,1017,508547,73
1,0,1,1018,509047,72
1,0,1,1019,509547,72
1,0,1,1020,510047,73
1,0,1,1021,510547,71
1,0,1,1022,511047,71
1,0,1,1023,511547,71
1,0,1,1024,512047,71
1,0,1,1025,512547,71
1,0,1,1026,513047,71
1,0,1,1027,513547,71
1,0,1,1028,514047,71
1,0,1,1029,514547,69
1,0,1,1030,515047,69
1,0,1,1031,515547,71
1,0,1,1032,516047,68
1,0,1,1033,516547,69
1,0,1,1034,517047,70
1,0,1,1035,517547,69
1,0,1,1036,518047,69
1,0,1,1037,518547,69
1,0,1,1038,519047,68
1,0,1,1039,519547,69
1,0,1,1040,520047,68
1,0,1,1041,520547,68
1,0,1,1042,521047,63
1,0,1,1043,521547,63
1,0,1,1044,522047,63
1,0,1,1045,522547,63
1,0,1,1046,523047,63
1,0,1,1047,523547,62
1,0,1,1048,524047,67
1,0,1,1049,524547,61
1,0,1,1050,525047,62
1,0,1,1051,525547,61
1,0,1,1052,526047,63
1,0,1,1053,526547,61
1,0,1,1054,527047,61
1,0,1,1055,527547,61
1,0,1,1056,528047,61
1,0,1,1057,528547,61
1,0,1,1058,529047,61
1,0,1,1059,529547,61
1,0,1,1060,530047,61
1,0,1,1061,530547,61
1,0,1,1062,531047,60
1,0,1,1063,531547,60
1,0,1,1064,532047,60
1,0,1,1065,532547,61
1,0,1,1066,533047,59
1,0,1,1067,533547,61
1,0,1,1068,534047,61
1,0,1,1069,534547,61
1,0,1,1070,535047,60
1,0,1,1071,535547,62
1,0,1,1072,536047,61
1,0,1,1073,536547,60
1,0,1,1074,537047,60
1,0,1,1075,537547,60
1,0,1,1076,538047,61
1,0,1,1077,538547,61
1,0,1,1078,539047,59
1,0,1,1079,539547,60
1,0,1,1080,540047,61
1,0,1,1081,540547,59
1,0,1,1082,541047,61
1,0,1,1083,541547,61
1,0,1,1084,542047,59
1,0,1,1085,542547,59
1,0,1,1086,543047,61
1,0,1,1087,543547,61
1,0,1,1088,544047,61
1,0,1,1089,544547,61
1,0,1,1090,545047,61
1,0,1,1091,545547,61
1,0,1,1092,546047,63
1,0,1,1093,546547,61
1,0,1,1094,547047,62
1,0,1,1095,547547,63
1,0,1,1096,548047,63
1,0,1,1097,548547,63
1,0,1,1098,549047,63
1,0,1,1099,549547,63
1,0,1,1100,550047,63
1,0,1,1101,550547,67
1,0,1,1102,551047,68
1,0,1,1103,551547,63
1,0,1,1104,552047,67
1,0,1,1105,552547,67
1,0,1,1106,553047,68
1,0,1,1107,553547,69
1,0,1,1108,554047,69
1,0,1,1109,554547,69
1,0,1,1110,555047,69
1,0,1,1111,555547,69
1,0,1,1112,556047,69
1,0,1,1113,556547,68
1,0,1,1114,557047,71
1,0,1,1115,557547,69
1,0,1,1116,558047,70
1,0,1,1117,558547,71
1,0,1,1118,559047,71
1,0,1,1119,559547,71
1,0,1,1120,560047,71
1,0,1,1121,560547,71
1,0,1,1122,561047,72
1,0,1,1123,561547,72
1,0,1,1124,562047,72
1,0,1,1125,562547,71
1,0,1,1126,563047,71
1,0,1,1127,563547,73
1,0,1,1128,564047,73
1,0,1,1129,564547,73
1,0,1,1130,565047,73
1,0,1,1131,565547,73
1,0,1,1132,566047,73
1,0,1,1133,566547,73
1,0,1,1134,567047,73
1,0,1,1135,567547,74
1,0,1,1136,568047,73
1,0,1,1137,568547,75
1,0,1,1138,569047,75
1,0,1,1139,569547,75
1,0,1,1140,570047,75
1,0,1,1141,570547,75
1,0,1,1142,571047,75
1,0,1,1143,571547,75
1,0,1,1144,572047,75
1,0,1,1145,572547,75
1,0,1,1146,573047,75
1,0,1,1147,573547,76
1,0,1,1148,574047,76
1,0,1,1149,574547,75
1,0,1,1150,575047,76
1,0,1,1151,575547,75
1,0,1,1152,576047,76
1,0,1,1153,576547,76
1,0,1,1154,577047,75
1,0,1,1155,577547,77
1,0,1,1156,578047,75
1,0,1,1157,578547,76
1,0,1,1158,579047,77
1,0,1,1159,579547,77
1,0,1,1160,580047,77
1,0,1,1161,580547,75
1,0,1,1162,581047,79
1,0,1,1163,581547,77
1,0,1,1164,582047,77
1,0,1,1165,582547,77
1,0,1,1166,583047,77
1,0,1,1167,583547,76
1,0,1,1168,584047,75
1,0,1,1169,584547,77
1,0,1,1170,585047,75
1,0,1,1171,585547,77
1,0,1,1172,586047,77
1,0,1,1173,586547,77
1,0,1,1174,587047,75
1,0,1,1175,587547,76
1,0,1,1176,588047,75
1,0,1,1177,588547,77
1,0,1,1178,589047,75
1,0,1,1179,589547,77
1,0,1,1180,590047,77
1,0,1,1181,590547,77
1,0,1,1182,591047,75
1,0,1,1183,591547,75
1,0,1,1184,592047,75
1,0,1,1185,592547,75
1,0,1,1186,593047,75
1,0,1,1187,593547,75
1,0,1,1188,594047,74
1,0,1,1189,594547,76
1,0,1,1190,595047,75
1,0,1,1191,595547,73
1,0,1,1192,596047,77
1,0,1,1193,596547,75
1,0,1,1194,597047,74
1,0,1,1195,597547,75
1,0,1,1196,598047,75
1,0,1,1197,598547,75
1,0,1,1198,599047,75
1,0,1,1199,599547,76
1,0,1,1200,600047,75
1,0,1,1201,600547,74
1,0,1,1202,601047,75
1,0,1,1203,601547,74
1,0,1,1204,602047,72
1,0,1,1205,602547,74
1,0,1,1206,603047,73
1,0,1,1207,603547,75
1,0,1,1208,604047,75
1,0,1,1209,604547,73
1,0,1,1210,605047,73
1,0,1,1211,605547,73
1,0,1,1212,606047,74
1,0,1,1213,606547,74
1,0,1,1214,607047,73
1,0,1,1215,607547,75
1,0,1,1216,608047,74
1,0,1,1217,608547,73
1,0,1,1218,609047,74
1,0,1,1219,609547,74
1,0,1,1220,610047,75
1,0,1,1221,610547,75
1,0,1,1222,611047,75
1,0,1,1223,611547,75
1,0,1,1224,612047,75
1,0,1,1225,612547,74
1,0,1,1226,613047,71
1,0,1,1227,613547,75
1,0,1,1228,614047,71
1,0,1,1229,614547,75
1,0,1,1230,615047,74
1,0,1,1231,615547,77
1,0,1,1232,616047,75
1,0,1,1233,616547,75
1,0,1,1234,617047,75
1,0,1,1235,617547,75
1,0,1,1236,618047,75
1,0,1,1237,618547,76
1,0,1,1238,619047,75
1,0,1,1239,619547,75
1,0,1,1240,620047,75
1,0,1,1241,620547,75
1,0,1,1242,621047,75
1,0,1,1243,621547,75
1,0,1,1244,622047,75
1,0,1,1245,622547,76
1,0,1,1246,623047,75
1,0,1,1247,623547,75
1,0,1,1248,624047,75
1,0,1,1249,624547,77
1,0,1,1250,625047,77
1,0,1,1251,625547,76
1,0,1,1252,626047,75
1,0,1,1253,626547,76
1,0,1,1254,627047,77
1,0,1,1255,627547,77
1,0,1,1256,628047,77
1,0,1,1257,628547,75
1,0,1,1258,629047,81
1,0,1,1259,629547,77
1,0,1,1260,630047,77
1,0,1,1261,630547,79
1,0,1,1262,631047,77
1,0,1,1263,631547,77
1,0,1,1264,632047,79
1,0,1,1265,632547,78
1,0,1,1266,633047,79
1,0,1,1267,633547,79
1,0,1,1268,634047,77
1,0,1,1269,634547,79
1,0,1,1270,635047,78
1,0,1,1271,635547,78
1,0,1,1272,636047,78
1,0,1,1273,636547,78
1,0,1,1274,637047,81
1,0,1,1275,637547,78
1,0,1,1276,638047,81
1,0,1,1277,638547,79
1,0,1,1278,639047,79
1,0,1,1279,639547,79
1,0,1,1280,640047,82
1,0,1,1281,640547,79
1,0,1,1282,641047,81
1,0,1,1283,641547,79
1,0,1,1284,642047,79
1,0,1,1285,642547,79
1,0,1,1286,643047,83
1,0,1,1287,643547,81
1,0,1,1288,644047,82
1,0,1,1289,644547,79
1,0,1,1290,645047,79
1,0,1,1291,645547,83
1,0,1,1292,646047,82
1,0,1,1293,646547,79
1,0,1,1294,647047,79
1,0,1,1295,647547,82
1,0,1,1296,648047,79
1,0,1,1297,648547,79
1,0,1,1298,649047,79
1,0,1,1299,649547,82
1,0,1,1300,650047,79
1,0,1,1301,650547,82
1,0,1,1302,651047,78
1,0,1,1303,651547,79
1,0,1,1304,652047,79
1,0,1,1305,652547,79
1,0,1,1306,653047,79
1,0,1,1307,653547,81
1,0,1,1308,654047,79
1,0,1,1309,654547,78
1,0,1,1310,655047,77
1,0,1,1311,655547,78
1,0,1,1312,656047,77
1,0,1,1313,656547,76
1,0,1,1314,657047,77
1,0,1,1315,657547,77
1,0,1,1316,658047,76
1,0,1,1317,658547,77
1,0,1,1318,659047,77
1,0,1,1319,659547,77
1,0,1,1320,660047,77
1,0,1,1321,660547,75
1,0,1,1322,661047,75
1,0,1,1323,661547,75
1,0,1,1324,662047,75
1,0,1,1325,662547,75
1,0,1,1326,663047,73
1,0,1,1327,663547,75
1,0,1,1328,664047,75
1,0,1,1329,664547,75
1,0,1,1330,665047,75
1,0,1,1331,665547,75
1,0,1,1332,666047,74
1,0,1,1333,666547,73
1,0,1,1334,667047,74
1,0,1,1335,667547,73
1,0,1,1336,668047,74
1,0,1,1337,668547,73
1,0,1,1338,669047,73
1,0,1,1339,669547,71
1,0,1,1340,670047,72
1,0,1,1341,670547,72
1,0,1,1342,671047,71
1,0,1,1343,671547,71
1,0,1,1344,672047,71
1,0,1,1345,672547,71
1,0,1,1346,673047,71
1,0,1,1347,673547,71
1,0,1,1348,674047,71
1,0,1,1349,674547,71
1,0,1,1350,675047,69
1,0,1,1351,675547,69
1,0,1,1352,676047,70
1,0,1,1353,676547,69
1,0,1,1354,677047,67
1,0,1,1355,677547,69
1,0,1,1356,678047,69
1,0,1,1357,678547,68
1,0,1,1358,679047,67
1,0,1,1359,679547,64
1,0,1,1360,680047,63
1,0,1,1361,680547,68
1,0,1,1362,681047,63
1,0,1,1363,681547,67
1,0,1,1364,682047,63
1,0,1,1365,682547,63
1,0,1,1366,683047,63
1,0,1,1367,683547,62
1,0,1,1368,684047,61
1,0,1,1369,684547,68
1,0,1,1370,685047,55
1,0,1,1371,685547,55
1,0,1,1372,686047,61
1,0,1,1373,686547,55
1,0,1,1374,687047,55
1,0,1,1375,687547,61
1,0,1,1376,688047,60
1,0,1,1377,688547,60
1,0,1,1378,689047,61
1,0,1,1379,689547,60
1,0,1,1380,690047,59
1,0,1,1381,690547,60
1,0,1,1382,691047,59
1,0,1,1383,691547,59
1,0,1,1384,692047,58
1,0,1,1385,692547,59
1,0,1,1386,693047,59
1,0,1,1387,693547,59
1,0,1,1388,694047,57
1,0,1,1389,694547,61
1,0,1,1390,695047,61
1,0,1,1391,695547,61
1,0,1,1392,696047,61
1,0,1,1393,696547,62
1,0,1,1394,697047,60
1,0,1,1395,697547,61
1,0,1,1396,698047,61
1,0,1,1397,698547,60
1,0,1,1398,699047,59
1,0,1,1399,699547,59
1,0,1,1400,700047,60
1,0,1,1401,700547,61
1,0,1,1402,701047,61
1,0,1,1403,701547,59
1,0,1,1404,702047,61
1,0,1,1405,702547,61
1,0,1,1406,703047,60
1,0,1,1407,703547,60
1,0,1,1408,704047,60
1,0,1,1409,704547,59
1,0,1,1410,705047,61
1,0,1,1411,705547,61
1,0,1,1412,706047,61
1,0,1,1413,706547,61
1,0,1,1414,707047,60
1,0,1,1415,707547,61
1,0,1,1416,708047,61
1,0,1,1417,708547,63
1,0,1,1418,709047,61
1,0,1,1419,709547,61
1,0,1,1420,710047,61
1,0,1,1421,710547,61
1,0,1,1422,711047,62
1,0,1,1423,711547,61
1,0,1,1424,712047,62
1,0,1,1425,712547,61
1,0,1,1426,713047,63
1,0,1,1427,713547,62
1,0,1,1428,714047,61
1,0,1,1429,714547,61
1,0,1,1430,715047,62
1,0,1,1431,715547,62
1,0,1,1432,716047,61
1,0,1,1433,716547,61
1,0,1,1434,717047,61
1,0,1,1435,717547,61
1,0,1,1436,718047,63
1,0,1,1437,718547,62
1,0,1,1438,719047,62
1,0,1,1439,719547,62
1,0,1,1440,720047,63
1,0,1,1441,720547,61
1,0,1,1442,721047,61
1,0,1,1443,721547,61
1,0,1,1444,722047,62
1,0,1,1445,722547,63
1,0,1,1446,723047,62
1,0,1,1447,723547,63
1,0,1,1448,724047,62
1,0,1,1449,724547,63
1,0,1,1450,725047,61
1,0,1,1451,725547,63
1,0,1,1452,726047,63
1,0,1,1453,726547,63
1,0,1,1454,727047,62
1,0,1,1455,727547,67
1,0,1,1456,728047,62
1,0,1,1457,728547,61
1,0,1,1458,729047,61
1,0,1,1459,729547,63
1,0,1,1460,730047,62
1,0,1,1461,730547,62
1,0,1,1462,731047,63
1,0,1,1463,731547,63
1,0,1,1464,732047,62
1,0,1,1465,732547,63
1,0,1,1466,733047,62
1,0,1,1467,733547,63
1,0,1,1468,734047,63
1,0,1,1469,734547,62
1,0,1,1470,735047,62
1,0,1,1471,735547,63
1,0,1,1472,736047,63
1,0,1,1473,736547,63
1,0,1,1474,737047,62
1,0,1,1475,737547,63
1,0,1,1476,738047,63
1,0,1,1477,738547,63
1,0,1,1478,739047,62
1,0,1,1479,739547,63
1,0,1,1480,740047,61
1,0,1,1481,740547,62
1,0,1,1482,741047,63
1,0,1,1483,741547,63
1,0,1,1484,742047,63
1,0,1,1485,742547,67
1,0,1,1486,743047,63
1,0,1,1487,743547,63
1,0,1,1488,744047,63
1,0,1,1489,744547,63
1,0,1,1490,745047,63
1,0,1,1491,745547,62
1,0,1,1492,746047,63
1,0,1,1493,746547,63
1,0,1,1494,747047,63
1,0,1,1495,747547,63
1,0,1,1496,748047,63
1,0,1,1497,748547,62
1,0,1,1498,749047,63
1,0,1,1499,749547,63
1,0,1,1500,750047,63
1,0,1,1501,750547,63
1,0,1,1502,751047,63
1,0,1,1503,751547,67
1,0,1,1504,752047,62
1,0,1,1505,752547,64
1,0,1,1506,753047,68
1,0,1,1507,753547,67
1,0,1,1508,754047,68
1,0,1,1509,754547,67
1,0,1,1510,755047,68
1,0,1,1511,755547,68
1,0,1,1512,756047,67
1,0,1,1513,756547,67
1,0,1,1514,757047,69
1,0,1,1515,757547,68
1,0,1,1516,758047,64
1,0,1,1517,758547,63
1,0,1,1518,759047,67
1,0,1,1519,759547,68
1,0,1,1520,760047,68
1,0,1,1521,760547,68
1,0,1,1522,761047,69
1,0,1,1523,761547,69
1,0,1,1524,762047,67
1,0,1,1525,762547,69
1,0,1,1526,763047,69
1,0,1,1527,763547,69
1,0,1,1528,764047,71
1,0,1,1529,764547,70
1,0,1,1530,765047,71
1,0,1,1531,765547,69
1,0,1,1532,766047,69
1,0,1,1533,766547,69
1,0,1,1534,767047,71
1,0,1,1535,767547,69
1,0,1,1536,768047,71
1,0,1,1537,768547,71
1,0,1,1538,769047,71
1,0,1,1539,769547,71
1,0,1,1540,770047,71
1,0,1,1541,770547,71
1,0,1,1542,771047,69
1,0,1,1543,771547,71
1,0,1,1544,772047,71
1,0,1,1545,772547,71
1,0,1,1546,773047,72
1,0,1,1547,773547,72
1,0,1,1548,774047,73
1,0,1,1549,774547,72
1,0,1,1550,775047,75
1,0,1,1551,775547,73
1,0,1,1552,776047,73
1,0,1,1553,776547,73
1,0,1,1554,777047,73
1,0,1,1555,777547,72
1,0,1,1556,778047,73
1,0,1,1557,778547,73
1,0,1,1558,779047,73
1,0,1,1559,779547,73
1,0,1,1560,780047,73
1,0,1,1561,780547,73
1,0,1,1562,781047,74
1,0,1,1563,781547,74
1,0,1,1564,782047,74
1,0,1,1565,782547,75
1,0,1,1566,783047,75
1,0,1,1567,783547,73
1,0,1,1568,784047,75
1,0,1,1569,784547,74
1,0,1,1570,785047,75
1,0,1,1571,785547,75
1,0,1,1572,786047,74
1,0,1,1573,786547,73
1,0,1,1574,787047,75
1,0,1,1575,787547,75
1,0,1,1576,788047,75
1,0,1,1577,788547,76
1,0,1,1578,789047,74
1,0,1,1579,789547,75
1,0,1,1580,790047,75
1,0,1,1581,790547,75
1,0,1,1582,791047,75
1,0,1,1583,791547,75
1,0,1,1584,792047,75
1,0,1,1585,792547,76
1,0,1,1586,793047,75
1,0,1,1587,793547,74
1,0,1,1588,794047,73
1,0,1,1589,794547,74
1,0,1,1590,795047,73
1,0,1,1591,795547,74
1,0,1,1592,796047,74
1,0,1,1593,796547,74
1,0,1,1594,797047,73
1,0,1,1595,797547,73
1,0,1,1596,798047,73
1,0,1,1597,798547,73
1,0,1,1598,799047,73
1,0,1,1599,799547,72
1,0,1,1600,800047,73
1,0,1,1601,800547,72
1,0,1,1602,801047,72
1,0,1,1603,801547,71
1,0,1,1604,802047,73
1,0,1,1605,802547,71
1,0,1,1606,803047,73
1,0,1,1607,803547,71
1,0,1,1608,804047,71
1,0,1,1609,804547,71
1,0,1,1610,805047,71
1,0,1,1611,805547,71
1,0,1,1612,806047,70
1,0,1,1613,806547,70
1,0,1,1614,807047,71
1,0,1,1615,807547,69
1,0,1,1616,808047,70
1,0,1,1617,808547,71
1,0,1,1618,809047,69
1,0,1,1619,809547,68
1,0,1,1620,810047,68
1,0,1,1621,810547,69
1,0,1,1622,811047,63
1,0,1,1623,811547,68
1,0,1,1624,812047,68
1,0,1,1625,812547,68
1,0,1,1626,813047,63
1,0,1,1627,813547,63
1,0,1,1628,814047,68
1,0,1,1629,814547,63
1,0,1,1630,815047,67
1,0,1,1631,815547,63
1,0,1,1632,816047,68
1,0,1,1633,816547,63
1,0,1,1634,817047,69
1,0,1,1635,817547,63
1,0,1,1636,818047,61
1,0,1,1637,818547,61
1,0,1,1638,819047,61
1,0,1,1639,819547,62
1,0,1,1640,820047,63
1,0,1,1641,820547,61
1,0,1,1642,821047,61
1,0,1,1643,821547,63
1,0,1,1644,822047,61
1,0,1,1645,822547,61
1,0,1,1646,823047,61
1,0,1,1647,823547,61
1,0,1,1648,824047,63
1,0,1,1649,824547,61
1,0,1,1650,825047,61
1,0,1,1651,825547,62
1,0,1,1652,826047,61
1,0,1,1653,826547,60
1,0,1,1654,827047,60
1,0,1,1655,827547,61
1,0,1,1656,828047,61
1,0,1,1657,828547,61
1,0,1,1658,829047,61
1,0,1,1659,829547,61
1,0,1,1660,830047,61
1,0,1,1661,830547,61
1,0,1,1662,831047,61
1,0,1,1663,831547,61
1,0,1,1664,832047,61
1,0,1,1665,832547,60
1,0,1,1666,833047,61
1,0,1,1667,833547,61
1,0,1,1668,834047,61
1,0,1,1669,834547,61
1,0,1,1670,835047,61
1,0,1,1671,835547,61
1,0,1,1672,836047,61
1,0,1,1673,836547,61
1,0,1,1674,837047,61
1,0,1,1675,837547,61
1,0,1,1676,838047,61
1,0,1,1677,838547,61
1,0,1,1678,839047,61
1,0,1,1679,839547,61
1,0,1,1680,840047,63
1,0,1,1681,840547,62
1,0,1,1682,841047,61
1,0,1,1683,841547,62
1,0,1,1684,842047,63
1,0,1,1685,842547,61
1,0,1,1686,843047,62
1,0,1,1687,843547,63
1,0,1,1688,844047,63
1,0,1,1689,844547,67
1,0,1,1690,845047,63
1,0,1,1691,845547,63
1,0,1,1692,846047,61
1,0,1,1693,846547,63
1,0,1,1694,847047,63
1,0,1,1695,847547,67
1,0,1,1696,848047,63
1,0,1,1697,848547,67
1,0,1,1698,849047,67
1,0,1,1699,849547,67
1,0,1,1700,850047,68
1,0,1,1701,850547,63
1,0,1,1702,851047,68
1,0,1,1703,851547,67
1,0,1,1704,852047,63
1,0,1,1705,852547,64
1,0,1,1706,853047,63
1,0,1,1707,853547,67
1,0,1,1708,854047,67
1,0,1,1709,854547,63
1,0,1,1710,855047,62
1,0,1,1711,855547,63
1,0,1,1712,856047,67
1,0,1,1713,856547,62
1,0,1,1714,857047,63
1,0,1,1715,857547,63
1,0,1,1716,858047,63
1,0,1,1717,858547,66
1,0,1,1718,859047,63
1,0,1,1719,859547,63
1,0,1,1720,860047,63
1,0,1,1721,860547,63
1,0,1,1722,861047,63
1,0,1,1723,861547,63
1,0,1,1724,862047,63
1,0,1,1725,862547,62
1,0,1,1726,863047,63
1,0,1,1727,863547,63
1,0,1,1728,864047,61
1,0,1,1729,864547,63
1,0,1,1730,865047,63
1,0,1,1731,865547,63
1,0,1,1732,866047,63
1,0,1,1733,866547,62
1,0,1,1734,867047,62
1,0,1,1735,867547,61
1,0,1,1736,868047,61
1,0,1,1737,868547,61
1,0,1,1738,869047,61
1,0,1,1739,869547,61
1,0,1,1740,870047,61
1,0,1,1741,870547,61
1,0,1,1742,871047,63
1,0,1,1743,871547,62
1,0,1,1744,872047,61
1,0,1,1745,872547,60
1,0,1,1746,873047,61
1,0,1,1747,873547,61
1,0,1,1748,874047,60
1,0,1,1749,874547,59
1,0,1,1750,875047,60
1,0,1,1751,875547,60
1,0,1,1752,876047,60
1,0,1,1753,876547,59
1,0,1,1754,877047,59
1,0,1,1755,877547,59
1,0,1,1756,878047,59
1,0,1,1757,878547,59
1,0,1,1758,879047,61
1,0,1,1759,879547,59
1,0,1,1760,880047,59
1,0,1,1761,880547,59
1,0,1,1762,881047,59
1,0,1,1763,881547,61
1,0,1,1764,882047,60
1,0,1,1765,882547,59
1,0,1,1766,883047,59
1,0,1,1767,883547,59
1,0,1,1768,884047,59
1,0,1,1769,884547,59
1,0,1,1770,885047,59
1,0,1,1771,885547,61
1,0,1,1772,886047,59
1,0,1,1773,886547,59
1,0,1,1774,887047,59
1,0,1,1775,887547,59
1,0,1,1776,888047,60
1,0,1,1777,888547,59
1,0,1,1778,889047,59
1,0,1,1779,889547,61
1,0,1,1780,890047,58
1,0,1,1781,890547,60
1,0,1,1782,891047,60
1,0,1,1783,891547,58
1,0,1,1784,892047,59
1,0,1,1785,892547,60
1,0,1,1786,893047,59
1,0,1,1787,893547,60
1,0,1,1788,894047,60
1,0,1,1789,894547,60
1,0,1,1790,895047,60
1,0,1,1791,895547,61
1,0,1,1792,896047,60
1,0,1,1793,896547,59
1,0,1,1794,897047,62
1,0,1,1795,897547,61
1,0,1,1796,898047,61
1,0,1,1797,898547,61
1,0,1,1798,899047,61
1,0,1,1799,899547,61
1,0,1,1800,900047,61
1,0,1,1801,900547,61
1,0,1,1802,901047,61
1,0,1,1803,901547,63
1,0,1,1804,902047,63
1,0,1,1805,902547,61
1,0,1,1806,903047,63
1,0,1,1807,903547,63
1,0,1,1808,904047,63
1,0,1,1809,904547,63
1,0,1,1810,905047,63
1,0,1,1811,905547,63
1,0,1,1812,906047,63
1,0,1,1813,906547,63
1,0,1,1814,907047,64
1,0,1,1815,907547,67
1,0,1,1816,908047,63
1,0,1,1817,908547,63
1,0,1,1818,909047,68
1,0,1,1819,909547,69
1,0,1,1820,910047,67
1,0,1,1821,910547,69
1,0,1,1822,911047,67
1,0,1,1823,911547,68
1,0,1,1824,912047,68
1,0,1,1825,912547,70
1,0,1,1826,913047,69
1,0,1,1827,913547,68
1,0,1,1828,914047,69
1,0,1,1829,914547,69
1,0,1,1830,915047,69
1,0,1,1831,915547,69
1,0,1,1832,916047,70
1,0,1,1833,916547,69
1,0,1,1834,917047,69
1,0,1,1835,917547,69
1,0,1,1836,918047,69
1,0,1,1837,918547,69
1,0,1,1838,919047,71
1,0,1,1839,919547,71
1,0,1,1840,920047,69
1,0,1,1841,920547,69
1,0,1,1842,921047,71
1,0,1,1843,921547,63
1,0,1,1844,922047,71
1,0,1,1845,922547,71
1,0,1,1846,923047,71
1,0,1,1847,923547,71
1,0,1,1848,924047,69
1,0,1,1849,924547,69
1,0,1,1850,925047,70
1,0,1,1851,925547,71
1,0,1,1852,926047,71
1,0,1,1853,926547,71
1,0,1,1854,927047,70
1,0,1,1855,927547,72
1,0,1,1856,928047,71
1,0,1,1857,928547,71
1,0,1,1858,929047,71
1,0,1,1859,929547,71
1,0,1,1860,930047,71
1,0,1,1861,930547,71
1,0,1,1862,931047,71
1,0,1,1863,931547,71
1,0,1,1864,932047,71
1,0,1,1865,932547,71
1,0,1,1866,933047,72
1,0,1,1867,933547,71
1,0,1,1868,934047,72
1,0,1,1869,934547,72
1,0,1,1870,935047,71
1,0,1,1871,935547,73
1,0,1,1872,936047,73
1,0,1,1873,936547,71
1,0,1,1874,937047,72
1,0,1,1875,937547,71
1,0,1,1876,938047,73
1,0,1,1877,938547,72
1,0,1,1878,939047,71
1,0,1,1879,939547,74
1,0,1,1880,940047,74
1,0,1,1881,940547,71
1,0,1,1882,941047,73
1,0,1,1883,941547,72
1,0,1,1884,942047,73
1,0,1,1885,942547,73
1,0,1,1886,943047,73
1,0,1,1887,943547,73
1,0,1,1888,944047,73
1,0,1,1889,944547,73
1,0,1,1890,945047,73
1,0,1,1891,945547,73
1,0,1,1892,946047,74
1,0,1,1893,946547,75
1,0,1,1894,947047,75
1,0,1,1895,947547,73
1,0,1,1896,948047,75
1,0,1,1897,948547,73
1,0,1,1898,949047,75
1,0,1,1899,949547,74
1,0,1,1900,950047,75
1,0,1,1901,950547,75
1,0,1,1902,951047,74
1,0,1,1903,951547,73
1,0,1,1904,952047,75
1,0,1,1905,952547,76
1,0,1,1906,953047,75
1,0,1,1907,953547,74
1,0,1,1908,954047,75
1,0,1,1909,954547,75
1,0,1,1910,955047,75
1,0,1,1911,955547,75
1,0,1,1912,956047,76
1,0,1,1913,956547,75
1,0,1,1914,957047,76
1,0,1,1915,957547,75
1,0,1,1916,958047,76
1,0,1,1917,958547,75
1,0,1,1918,959047,77
1,0,1,1919,959547,75
1,0,1,1920,960047,77
1,0,1,1921,960547,75
1,0,1,1922,961047,75
1,0,1,1923,961547,76
1,0,1,1924,962047,76
1,0,1,1925,962547,77
1,0,1,1926,963047,76
1,0,1,1927,963547,76
1,0,1,1928,964047,75
1,0,1,1929,964547,76
1,0,1,1930,965047,77
1,0,1,1931,965547,77
1,0,1,1932,966047,76
1,0,1,1933,966547,76
1,0,1,1934,967047,77
1,0,1,1935,967547,77
1,0,1,1936,968047,76
1,0,1,1937,968547,77
1,0,1,1938,969047,77
1,0,1,1939,969547,77
1,0,1,1940,970047,79
1,0,1,1941,970547,77
1,0,1,1942,971047,77
1,0,1,1943,971547,77
1,0,1,1944,972047,76
1,0,1,1945,972547,77
1,0,1,1946,973047,77
1,0,1,1947,973547,76
1,0,1,1948,974047,77
1,0,1,1949,974547,77
1,0,1,1950,975047,75
1,0,1,1951,975547,76
1,0,1,1952,976047,77
1,0,1,1953,976547,77
1,0,1,1954,977047,75
1,0,1,1955,977547,77
1,0,1,1956,978047,76
1,0,1,1957,978547,75
1,0,1,1958,979047,75
1,0,1,1959,979547,77
1,0,1,1960,980047,75
1,0,1,1961,980547,75
1,0,1,1962,981047,75
1,0,1,1963,981547,75
1,0,1,1964,982047,75
1,0,1,1965,982547,75
1,0,1,1966,983047,76
1,0,1,1967,983547,76
1,0,1,1968,984047,73
1,0,1,1969,984547,75
1,0,1,1970,985047,75
1,0,1,1971,985547,73
1,0,1,1972,986047,75
1,0,1,1973,986547,73
1,0,1,1974,987047,73
1,0,1,1975,987547,75
1,0,1,1976,988047,75
1,0,1,1977,988547,73
1,0,1,1978,989047,73
1,0,1,1979,989547,73
1,0,1,1980,990047,74
1,0,1,1981,990547,72
1,0,1,1982,991047,73
1,0,1,1983,991547,73
1,0,1,1984,992047,73
1,0,1,1985,992547,72
1,0,1,1986,993047,72
1,0,1,1987,993547,72
1,0,1,1988,994047,70
1,0,1,1989,994547,71
1,0,1,1990,995047,71
1,0,1,1991,995547,71
1,0,1,1992,996047,71
1,0,1,1993,996547,71
1,0,1,1994,997047,71
1,0,1,1995,997547,73
1,0,1,1996,998047,70
1,0,1,1997,998547,70
1,0,1,1998,999047,69
1,0,1,1999,999547,69
# END_WINDOW
# Ready: run=1, valve=0%, rate=2000 Hz, samples=2000. Send any character to record one window.

# CAPTURING
1,0,0,0,257,53
1,0,0,1,550,53
1,0,0,2,1047,54
1,0,0,3,1547,56
1,0,0,4,2047,57
1,0,0,5,2547,59
1,0,0,6,3047,59
1,0,0,7,3547,60
1,0,0,8,4047,62
1,0,0,9,4547,63
1,0,0,10,5047,68
1,0,0,11,5547,67
1,0,0,12,6047,69
1,0,0,13,6547,71
1,0,0,14,7047,73
1,0,0,15,7547,73
1,0,0,16,8047,75
1,0,0,17,8547,77
1,0,0,18,9047,76
1,0,0,19,9547,77
1,0,0,20,10047,79
1,0,0,21,10547,81
1,0,0,22,11047,83
1,0,0,23,11547,83
1,0,0,24,12047,85
1,0,0,25,12547,85
1,0,0,26,13047,86
1,0,0,27,13547,87
1,0,0,28,14047,87
1,0,0,29,14547,89
1,0,0,30,15047,91
1,0,0,31,15547,90
1,0,0,32,16047,91
1,0,0,33,16547,93
1,0,0,34,17047,94
1,0,0,35,17547,94
1,0,0,36,18047,94
1,0,0,37,18547,95
1,0,0,38,19047,95
1,0,0,39,19547,99
1,0,0,40,20047,100
1,0,0,41,20547,101
1,0,0,42,21047,101
1,0,0,43,21547,101
1,0,0,44,22047,101
1,0,0,45,22547,103
1,0,0,46,23047,103
1,0,0,47,23547,103
1,0,0,48,24047,104
1,0,0,49,24547,104
1,0,0,50,25047,105
1,0,0,51,25547,104
1,0,0,52,26047,105
1,0,0,53,26547,105
1,0,0,54,27047,105
1,0,0,55,27547,108
1,0,0,56,28047,109
1,0,0,57,28547,109
1,0,0,58,29047,109
1,0,0,59,29547,109
1,0,0,60,30047,111
1,0,0,61,30547,109
1,0,0,62,31047,110
1,0,0,63,31547,111
1,0,0,64,32047,107
1,0,0,65,32547,111
1,0,0,66,33047,111
1,0,0,67,33547,112
1,0,0,68,34047,111
1,0,0,69,34547,111
1,0,0,70,35047,115
1,0,0,71,35547,115
1,0,0,72,36047,115
1,0,0,73,36547,116
1,0,0,74,37047,116
1,0,0,75,37547,115
1,0,0,76,38047,117
1,0,0,77,38547,117
1,0,0,78,39047,116
1,0,0,79,39547,117
1,0,0,80,40047,117
1,0,0,81,40547,117
1,0,0,82,41047,119
1,0,0,83,41547,118
1,0,0,84,42047,119
1,0,0,85,42547,122
1,0,0,86,43047,119
1,0,0,87,43547,119
1,0,0,88,44047,119
1,0,0,89,44547,120
1,0,0,90,45047,120
1,0,0,91,45547,121
1,0,0,92,46047,121
1,0,0,93,46547,121
1,0,0,94,47047,121
1,0,0,95,47547,121
1,0,0,96,48047,122
1,0,0,97,48547,121
1,0,0,98,49047,121
1,0,0,99,49547,123
1,0,0,100,50047,123
1,0,0,101,50547,122
1,0,0,102,51047,123
1,0,0,103,51547,123
1,0,0,104,52047,121
1,0,0,105,52547,121
1,0,0,106,53047,123
1,0,0,107,53547,121
1,0,0,108,54047,123
1,0,0,109,54547,121
1,0,0,110,55047,122
1,0,0,111,55547,121
1,0,0,112,56047,122
1,0,0,113,56547,121
1,0,0,114,57047,122
1,0,0,115,57547,121
1,0,0,116,58047,123
1,0,0,117,58547,122
1,0,0,118,59047,122
1,0,0,119,59547,122
1,0,0,120,60047,121
1,0,0,121,60547,123
1,0,0,122,61047,123
1,0,0,123,61547,121
1,0,0,124,62047,121
1,0,0,125,62547,120
1,0,0,126,63047,121
1,0,0,127,63547,120
1,0,0,128,64047,121
1,0,0,129,64547,121
1,0,0,130,65047,121
1,0,0,131,65547,120
1,0,0,132,66047,119
1,0,0,133,66547,120
1,0,0,134,67047,119
1,0,0,135,67547,119
1,0,0,136,68047,119
1,0,0,137,68547,118
1,0,0,138,69047,117
1,0,0,139,69547,117
1,0,0,140,70047,119
1,0,0,141,70547,119
1,0,0,142,71047,117
1,0,0,143,71547,117
1,0,0,144,72047,118
1,0,0,145,72547,117
1,0,0,146,73047,117
1,0,0,147,73547,116
1,0,0,148,74047,115
1,0,0,149,74547,117
1,0,0,150,75047,117
1,0,0,151,75547,115
1,0,0,152,76047,116
1,0,0,153,76547,115
1,0,0,154,77047,117
1,0,0,155,77547,117
1,0,0,156,78047,115
1,0,0,157,78547,114
1,0,0,158,79047,111
1,0,0,159,79547,115
1,0,0,160,80047,111
1,0,0,161,80547,111
1,0,0,162,81047,110
1,0,0,163,81547,109
1,0,0,164,82047,110
1,0,0,165,82547,109
1,0,0,166,83047,109
1,0,0,167,83547,109
1,0,0,168,84047,108
1,0,0,169,84547,107
1,0,0,170,85047,106
1,0,0,171,85547,106
1,0,0,172,86047,107
1,0,0,173,86547,105
1,0,0,174,87047,105
1,0,0,175,87547,104
1,0,0,176,88047,103
1,0,0,177,88547,102
1,0,0,178,89047,101
1,0,0,179,89547,101
1,0,0,180,90047,101
1,0,0,181,90547,101
1,0,0,182,91047,99
1,0,0,183,91547,99
1,0,0,184,92047,95
1,0,0,185,92547,95
1,0,0,186,93047,95
1,0,0,187,93547,93
1,0,0,188,94047,93
1,0,0,189,94547,93
1,0,0,190,95047,93
1,0,0,191,95547,91
1,0,0,192,96047,91
1,0,0,193,96547,90
1,0,0,194,97047,90
1,0,0,195,97547,89
1,0,0,196,98047,89
1,0,0,197,98547,88
1,0,0,198,99047,87
1,0,0,199,99547,87
1,0,0,200,100047,87
1,0,0,201,100547,87
1,0,0,202,101047,85
1,0,0,203,101547,84
1,0,0,204,102047,85
1,0,0,205,102547,83
1,0,0,206,103047,83
1,0,0,207,103547,83
1,0,0,208,104047,81
1,0,0,209,104547,79
1,0,0,210,105047,77
1,0,0,211,105547,77
1,0,0,212,106047,77
1,0,0,213,106547,75
1,0,0,214,107047,75
1,0,0,215,107547,76
1,0,0,216,108047,75
1,0,0,217,108547,73
1,0,0,218,109047,73
1,0,0,219,109547,73
1,0,0,220,110047,72
1,0,0,221,110547,71
1,0,0,222,111047,71
1,0,0,223,111547,71
1,0,0,224,112047,71
1,0,0,225,112547,71
1,0,0,226,113047,69
1,0,0,227,113547,69
1,0,0,228,114047,69
1,0,0,229,114547,69
1,0,0,230,115047,68
1,0,0,231,115547,68
1,0,0,232,116047,67
1,0,0,233,116547,67
1,0,0,234,117047,63
1,0,0,235,117547,62
1,0,0,236,118047,63
1,0,0,237,118547,61
1,0,0,238,119047,61
1,0,0,239,119547,62
1,0,0,240,120047,60
1,0,0,241,120547,60
1,0,0,242,121047,60
1,0,0,243,121547,60
1,0,0,244,122047,59
1,0,0,245,122547,60
1,0,0,246,123047,59
1,0,0,247,123547,61
1,0,0,248,124047,59
1,0,0,249,124547,59
1,0,0,250,125047,59
1,0,0,251,125547,59
1,0,0,252,126047,58
1,0,0,253,126547,59
1,0,0,254,127047,59
1,0,0,255,127547,59
1,0,0,256,128047,59
1,0,0,257,128547,59
1,0,0,258,129047,57
1,0,0,259,129547,57
1,0,0,260,130047,59
1,0,0,261,130547,58
1,0,0,262,131047,58
1,0,0,263,131547,59
1,0,0,264,132047,57
1,0,0,265,132547,59
1,0,0,266,133047,59
1,0,0,267,133547,59
1,0,0,268,134047,60
1,0,0,269,134547,60
1,0,0,270,135047,59
1,0,0,271,135547,59
1,0,0,272,136047,60
1,0,0,273,136547,59
1,0,0,274,137047,59
1,0,0,275,137547,59
1,0,0,276,138047,60
1,0,0,277,138547,59
1,0,0,278,139047,60
1,0,0,279,139547,60
1,0,0,280,140047,59
1,0,0,281,140547,60
1,0,0,282,141047,59
1,0,0,283,141547,59
1,0,0,284,142047,61
1,0,0,285,142547,61
1,0,0,286,143047,61
1,0,0,287,143547,61
1,0,0,288,144047,61
1,0,0,289,144547,60
1,0,0,290,145047,61
1,0,0,291,145547,61
1,0,0,292,146047,60
1,0,0,293,146547,58
1,0,0,294,147047,61
1,0,0,295,147547,60
1,0,0,296,148047,61
1,0,0,297,148547,60
1,0,0,298,149047,60
1,0,0,299,149547,61
1,0,0,300,150047,59
1,0,0,301,150547,61
1,0,0,302,151047,61
1,0,0,303,151547,61
1,0,0,304,152047,61
1,0,0,305,152547,62
1,0,0,306,153047,62
1,0,0,307,153547,61
1,0,0,308,154047,62
1,0,0,309,154547,61
1,0,0,310,155047,63
1,0,0,311,155547,62
1,0,0,312,156047,61
1,0,0,313,156547,62
1,0,0,314,157047,69
1,0,0,315,157547,63
1,0,0,316,158047,61
1,0,0,317,158547,63
1,0,0,318,159047,63
1,0,0,319,159547,63
1,0,0,320,160047,63
1,0,0,321,160547,63
1,0,0,322,161047,68
1,0,0,323,161547,67
1,0,0,324,162047,67
1,0,0,325,162547,67
1,0,0,326,163047,68
1,0,0,327,163547,69
1,0,0,328,164047,69
1,0,0,329,164547,67
1,0,0,330,165047,68
1,0,0,331,165547,69
1,0,0,332,166047,69
1,0,0,333,166547,71
1,0,0,334,167047,69
1,0,0,335,167547,70
1,0,0,336,168047,71
1,0,0,337,168547,70
1,0,0,338,169047,71
1,0,0,339,169547,72
1,0,0,340,170047,71
1,0,0,341,170547,72
1,0,0,342,171047,72
1,0,0,343,171547,73
1,0,0,344,172047,72
1,0,0,345,172547,73
1,0,0,346,173047,73
1,0,0,347,173547,74
1,0,0,348,174047,73
1,0,0,349,174547,75
1,0,0,350,175047,76
1,0,0,351,175547,76
1,0,0,352,176047,75
1,0,0,353,176547,77
1,0,0,354,177047,75
1,0,0,355,177547,77
1,0,0,356,178047,77
1,0,0,357,178547,77
1,0,0,358,179047,77
1,0,0,359,179547,78
1,0,0,360,180047,79
1,0,0,361,180547,79
1,0,0,362,181047,79
1,0,0,363,181547,79
1,0,0,364,182047,79
1,0,0,365,182547,79
1,0,0,366,183047,83
1,0,0,367,183547,82
1,0,0,368,184047,83
1,0,0,369,184547,83
1,0,0,370,185047,83
1,0,0,371,185547,84
1,0,0,372,186047,85
1,0,0,373,186547,85
1,0,0,374,187047,86
1,0,0,375,187547,86
1,0,0,376,188047,86
1,0,0,377,188547,86
1,0,0,378,189047,87
1,0,0,379,189547,87
1,0,0,380,190047,88
1,0,0,381,190547,88
1,0,0,382,191047,88
1,0,0,383,191547,88
1,0,0,384,192047,89
1,0,0,385,192547,89
1,0,0,386,193047,87
1,0,0,387,193547,88
1,0,0,388,194047,89
1,0,0,389,194547,89
1,0,0,390,195047,89
1,0,0,391,195547,90
1,0,0,392,196047,89
1,0,0,393,196547,89
1,0,0,394,197047,89
1,0,0,395,197547,89
1,0,0,396,198047,91
1,0,0,397,198547,90
1,0,0,398,199047,91
1,0,0,399,199547,90
1,0,0,400,200047,93
1,0,0,401,200547,91
1,0,0,402,201047,91
1,0,0,403,201547,91
1,0,0,404,202047,92
1,0,0,405,202547,91
1,0,0,406,203047,92
1,0,0,407,203547,92
1,0,0,408,204047,93
1,0,0,409,204547,92
1,0,0,410,205047,91
1,0,0,411,205547,92
1,0,0,412,206047,91
1,0,0,413,206547,93
1,0,0,414,207047,95
1,0,0,415,207547,95
1,0,0,416,208047,93
1,0,0,417,208547,93
1,0,0,418,209047,93
1,0,0,419,209547,93
1,0,0,420,210047,94
1,0,0,421,210547,95
1,0,0,422,211047,93
1,0,0,423,211547,95
1,0,0,424,212047,93
1,0,0,425,212547,94
1,0,0,426,213047,95
1,0,0,427,213547,94
1,0,0,428,214047,93
1,0,0,429,214547,94
1,0,0,430,215047,95
1,0,0,431,215547,94
1,0,0,432,216047,95
1,0,0,433,216547,95
1,0,0,434,217047,95
1,0,0,435,217547,95
1,0,0,436,218047,98
1,0,0,437,218547,91
1,0,0,438,219047,93
1,0,0,439,219547,97
1,0,0,440,220047,99
1,0,0,441,220547,95
1,0,0,442,221047,97
1,0,0,443,221547,99
1,0,0,444,222047,97
1,0,0,445,222547,95
1,0,0,446,223047,99
1,0,0,447,223547,98
1,0,0,448,224047,98
1,0,0,449,224547,99
1,0,0,450,225047,101
1,0,0,451,225547,99
1,0,0,452,226047,99
1,0,0,453,226547,99
1,0,0,454,227047,99
1,0,0,455,227547,99
1,0,0,456,228047,99
1,0,0,457,228547,101
1,0,0,458,229047,99
1,0,0,459,229547,100
1,0,0,460,230047,101
1,0,0,461,230547,101
1,0,0,462,231047,100
1,0,0,463,231547,101
1,0,0,464,232047,101
1,0,0,465,232547,101
1,0,0,466,233047,102
1,0,0,467,233547,103
1,0,0,468,234047,101
1,0,0,469,234547,102
1,0,0,470,235047,101
1,0,0,471,235547,101
1,0,0,472,236047,103
1,0,0,473,236547,103
1,0,0,474,237047,101
1,0,0,475,237547,103
1,0,0,476,238047,103
1,0,0,477,238547,103
1,0,0,478,239047,103
1,0,0,479,239547,101
1,0,0,480,240047,102
1,0,0,481,240547,103
1,0,0,482,241047,103
1,0,0,483,241547,103
1,0,0,484,242047,103
1,0,0,485,242547,103
1,0,0,486,243047,103
1,0,0,487,243547,105
1,0,0,488,244047,103
1,0,0,489,244547,103
1,0,0,490,245047,103
1,0,0,491,245547,105
1,0,0,492,246047,104
1,0,0,493,246547,103
1,0,0,494,247047,105
1,0,0,495,247547,105
1,0,0,496,248047,104
1,0,0,497,248547,105
1,0,0,498,249047,105
1,0,0,499,249547,106
1,0,0,500,250047,104
1,0,0,501,250547,105
1,0,0,502,251047,104
1,0,0,503,251547,105
1,0,0,504,252047,103
1,0,0,505,252547,105
1,0,0,506,253047,104
1,0,0,507,253547,105
1,0,0,508,254047,105
1,0,0,509,254547,104
1,0,0,510,255047,105
1,0,0,511,255547,105
1,0,0,512,256047,104
1,0,0,513,256547,104
1,0,0,514,257047,105
1,0,0,515,257547,104
1,0,0,516,258047,103
1,0,0,517,258547,104
1,0,0,518,259047,105
1,0,0,519,259547,103
1,0,0,520,260047,104
1,0,0,521,260547,103
1,0,0,522,261047,104
1,0,0,523,261547,104
1,0,0,524,262047,107
1,0,0,525,262547,103
1,0,0,526,263047,103
1,0,0,527,263547,103
1,0,0,528,264047,103
1,0,0,529,264547,102
1,0,0,530,265047,102
1,0,0,531,265547,103
1,0,0,532,266047,103
1,0,0,533,266547,103
1,0,0,534,267047,102
1,0,0,535,267547,103
1,0,0,536,268047,102
1,0,0,537,268547,102
1,0,0,538,269047,101
1,0,0,539,269547,101
1,0,0,540,270047,101
1,0,0,541,270547,101
1,0,0,542,271047,98
1,0,0,543,271547,100
1,0,0,544,272047,101
1,0,0,545,272547,101
1,0,0,546,273047,100
1,0,0,547,273547,99
1,0,0,548,274047,101
1,0,0,549,274547,99
1,0,0,550,275047,99
1,0,0,551,275547,99
1,0,0,552,276047,99
1,0,0,553,276547,98
1,0,0,554,277047,95
1,0,0,555,277547,99
1,0,0,556,278047,97
1,0,0,557,278547,99
1,0,0,558,279047,94
1,0,0,559,279547,95
1,0,0,560,280047,94
1,0,0,561,280547,93
1,0,0,562,281047,95
1,0,0,563,281547,95
1,0,0,564,282047,93
1,0,0,565,282547,93
1,0,0,566,283047,94
1,0,0,567,283547,93
1,0,0,568,284047,92
1,0,0,569,284547,93
1,0,0,570,285047,92
1,0,0,571,285547,93
1,0,0,572,286047,91
1,0,0,573,286547,91
1,0,0,574,287047,90
1,0,0,575,287547,90
1,0,0,576,288047,90
1,0,0,577,288547,90
1,0,0,578,289047,91
1,0,0,579,289547,89
1,0,0,580,290047,88
1,0,0,581,290547,89
1,0,0,582,291047,89
1,0,0,583,291547,89
1,0,0,584,292047,87
1,0,0,585,292547,88
1,0,0,586,293047,87
1,0,0,587,293547,87
1,0,0,588,294047,86
1,0,0,589,294547,86
1,0,0,590,295047,87
1,0,0,591,295547,85
1,0,0,592,296047,85
1,0,0,593,296547,85
1,0,0,594,297047,84
1,0,0,595,297547,84
1,0,0,596,298047,83
1,0,0,597,298547,83
1,0,0,598,299047,81
1,0,0,599,299547,79
1,0,0,600,300047,78
1,0,0,601,300547,79
1,0,0,602,301047,78
1,0,0,603,301547,77
1,0,0,604,302047,77
1,0,0,605,302547,77
1,0,0,606,303047,77
1,0,0,607,303547,75
1,0,0,608,304047,75
1,0,0,609,304547,74
1,0,0,610,305047,74
1,0,0,611,305547,73
1,0,0,612,306047,73
1,0,0,613,306547,71
1,0,0,614,307047,71
1,0,0,615,307547,72
1,0,0,616,308047,71
1,0,0,617,308547,71
1,0,0,618,309047,69
1,0,0,619,309547,70
1,0,0,620,310047,69
1,0,0,621,310547,68
1,0,0,622,311047,63
1,0,0,623,311547,67
1,0,0,624,312047,68
1,0,0,625,312547,63
1,0,0,626,313047,61
1,0,0,627,313547,61
1,0,0,628,314047,61
1,0,0,629,314547,61
1,0,0,630,315047,61
1,0,0,631,315547,61
1,0,0,632,316047,60
1,0,0,633,316547,59
1,0,0,634,317047,59
1,0,0,635,317547,57
1,0,0,636,318047,57
1,0,0,637,318547,57
1,0,0,638,319047,56
1,0,0,639,319547,55
1,0,0,640,320047,55
1,0,0,641,320547,55
1,0,0,642,321047,53
1,0,0,643,321547,53
1,0,0,644,322047,53
1,0,0,645,322547,53
1,0,0,646,323047,51
1,0,0,647,323547,52
1,0,0,648,324047,52
1,0,0,649,324547,47
1,0,0,650,325047,48
1,0,0,651,325547,47
1,0,0,652,326047,47
1,0,0,653,326547,46
1,0,0,654,327047,45
1,0,0,655,327547,46
1,0,0,656,328047,45
1,0,0,657,328547,45
1,0,0,658,329047,44
1,0,0,659,329547,43
1,0,0,660,330047,44
1,0,0,661,330547,43
1,0,0,662,331047,42
1,0,0,663,331547,41
1,0,0,664,332047,42
1,0,0,665,332547,41
1,0,0,666,333047,39
1,0,0,667,333547,39
1,0,0,668,334047,40
1,0,0,669,334547,39
1,0,0,670,335047,39
1,0,0,671,335547,38
1,0,0,672,336047,38
1,0,0,673,336547,36
1,0,0,674,337047,37
1,0,0,675,337547,36
1,0,0,676,338047,35
1,0,0,677,338547,35
1,0,0,678,339047,36
1,0,0,679,339547,34
1,0,0,680,340047,31
1,0,0,681,340547,31
1,0,0,682,341047,30
1,0,0,683,341547,30
1,0,0,684,342047,30
1,0,0,685,342547,29
1,0,0,686,343047,29
1,0,0,687,343547,29
1,0,0,688,344047,29
1,0,0,689,344547,27
1,0,0,690,345047,29
1,0,0,691,345547,28
1,0,0,692,346047,27
1,0,0,693,346547,30
1,0,0,694,347047,28
1,0,0,695,347547,27
1,0,0,696,348047,27
1,0,0,697,348547,28
1,0,0,698,349047,27
1,0,0,699,349547,27
1,0,0,700,350047,26
1,0,0,701,350547,26
1,0,0,702,351047,27
1,0,0,703,351547,25
1,0,0,704,352047,26
1,0,0,705,352547,27
1,0,0,706,353047,26
1,0,0,707,353547,26
1,0,0,708,354047,27
1,0,0,709,354547,26
1,0,0,710,355047,26
1,0,0,711,355547,25
1,0,0,712,356047,27
1,0,0,713,356547,26
1,0,0,714,357047,25
1,0,0,715,357547,27
1,0,0,716,358047,25
1,0,0,717,358547,26
1,0,0,718,359047,26
1,0,0,719,359547,26
1,0,0,720,360047,28
1,0,0,721,360547,28
1,0,0,722,361047,26
1,0,0,723,361547,26
1,0,0,724,362047,27
1,0,0,725,362547,27
1,0,0,726,363047,29
1,0,0,727,363547,28
1,0,0,728,364047,28
1,0,0,729,364547,29
1,0,0,730,365047,29
1,0,0,731,365547,29
1,0,0,732,366047,29
1,0,0,733,366547,29
1,0,0,734,367047,29
1,0,0,735,367547,31
1,0,0,736,368047,31
1,0,0,737,368547,31
1,0,0,738,369047,31
1,0,0,739,369547,31
1,0,0,740,370047,35
1,0,0,741,370547,35
1,0,0,742,371047,35
1,0,0,743,371547,36
1,0,0,744,372047,35
1,0,0,745,372547,36
1,0,0,746,373047,37
1,0,0,747,373547,37
1,0,0,748,374047,37
1,0,0,749,374547,38
1,0,0,750,375047,38
1,0,0,751,375547,39
1,0,0,752,376047,39
1,0,0,753,376547,39
1,0,0,754,377047,39
1,0,0,755,377547,39
1,0,0,756,378047,41
1,0,0,757,378547,39
1,0,0,758,379047,41
1,0,0,759,379547,38
1,0,0,760,380047,41
1,0,0,761,380547,42
1,0,0,762,381047,42
1,0,0,763,381547,43
1,0,0,764,382047,43
1,0,0,765,382547,44
1,0,0,766,383047,43
1,0,0,767,383547,45
1,0,0,768,384047,45
1,0,0,769,384547,45
1,0,0,770,385047,46
1,0,0,771,385547,45
1,0,0,772,386047,45
1,0,0,773,386547,45
1,0,0,774,387047,47
1,0,0,775,387547,48
1,0,0,776,388047,47
1,0,0,777,388547,47
1,0,0,778,389047,48
1,0,0,779,389547,51
1,0,0,780,390047,51
1,0,0,781,390547,52
1,0,0,782,391047,51
1,0,0,783,391547,51
1,0,0,784,392047,52
1,0,0,785,392547,52
1,0,0,786,393047,53
1,0,0,787,393547,52
1,0,0,788,394047,53
1,0,0,789,394547,54
1,0,0,790,395047,53
1,0,0,791,395547,54
1,0,0,792,396047,54
1,0,0,793,396547,55
1,0,0,794,397047,55
1,0,0,795,397547,55
1,0,0,796,398047,55
1,0,0,797,398547,56
1,0,0,798,399047,56
1,0,0,799,399547,57
1,0,0,800,400047,57
1,0,0,801,400547,57
1,0,0,802,401047,57
1,0,0,803,401547,57
1,0,0,804,402047,58
1,0,0,805,402547,58
1,0,0,806,403047,59
1,0,0,807,403547,59
1,0,0,808,404047,58
1,0,0,809,404547,58
1,0,0,810,405047,59
1,0,0,811,405547,59
1,0,0,812,406047,60
1,0,0,813,406547,61
1,0,0,814,407047,61
1,0,0,815,407547,59
1,0,0,816,408047,62
1,0,0,817,408547,61
1,0,0,818,409047,60
1,0,0,819,409547,61
1,0,0,820,410047,61
1,0,0,821,410547,61
1,0,0,822,411047,60
1,0,0,823,411547,62
1,0,0,824,412047,62
1,0,0,825,412547,63
1,0,0,826,413047,61
1,0,0,827,413547,62
1,0,0,828,414047,59
1,0,0,829,414547,63
1,0,0,830,415047,67
1,0,0,831,415547,67
1,0,0,832,416047,63
1,0,0,833,416547,68
1,0,0,834,417047,67
1,0,0,835,417547,69
1,0,0,836,418047,69
1,0,0,837,418547,68
1,0,0,838,419047,69
1,0,0,839,419547,69
1,0,0,840,420047,69
1,0,0,841,420547,69
1,0,0,842,421047,69
1,0,0,843,421547,69
1,0,0,844,422047,69
1,0,0,845,422547,70
1,0,0,846,423047,71
1,0,0,847,423547,69
1,0,0,848,424047,71
1,0,0,849,424547,70
1,0,0,850,425047,71
1,0,0,851,425547,71
1,0,0,852,426047,71
1,0,0,853,426547,71
1,0,0,854,427047,71
1,0,0,855,427547,71
1,0,0,856,428047,71
1,0,0,857,428547,71
1,0,0,858,429047,73
1,0,0,859,429547,69
1,0,0,860,430047,72
1,0,0,861,430547,72
1,0,0,862,431047,72
1,0,0,863,431547,72
1,0,0,864,432047,73
1,0,0,865,432547,72
1,0,0,866,433047,73
1,0,0,867,433547,73
1,0,0,868,434047,73
1,0,0,869,434547,73
1,0,0,870,435047,73
1,0,0,871,435547,73
1,0,0,872,436047,75
1,0,0,873,436547,73
1,0,0,874,437047,75
1,0,0,875,437547,75
1,0,0,876,438047,75
1,0,0,877,438547,75
1,0,0,878,439047,73
1,0,0,879,439547,75
1,0,0,880,440047,75
1,0,0,881,440547,75
1,0,0,882,441047,75
1,0,0,883,441547,76
1,0,0,884,442047,76
1,0,0,885,442547,75
1,0,0,886,443047,77
1,0,0,887,443547,77
1,0,0,888,444047,77
1,0,0,889,444547,77
1,0,0,890,445047,77
1,0,0,891,445547,79
1,0,0,892,446047,79
1,0,0,893,446547,79
1,0,0,894,447047,79
1,0,0,895,447547,78
1,0,0,896,448047,79
1,0,0,897,448547,79
1,0,0,898,449047,79
1,0,0,899,449547,79
1,0,0,900,450047,81
1,0,0,901,450547,82
1,0,0,902,451047,83
1,0,0,903,451547,79
1,0,0,904,452047,79
1,0,0,905,452547,79
1,0,0,906,453047,79
1,0,0,907,453547,83
1,0,0,908,454047,83
1,0,0,909,454547,84
1,0,0,910,455047,84
1,0,0,911,455547,85
1,0,0,912,456047,84
1,0,0,913,456547,85
1,0,0,914,457047,84
1,0,0,915,457547,85
1,0,0,916,458047,84
1,0,0,917,458547,86
1,0,0,918,459047,85
1,0,0,919,459547,85
1,0,0,920,460047,85
1,0,0,921,460547,86
1,0,0,922,461047,87
1,0,0,923,461547,86
1,0,0,924,462047,86
1,0,0,925,462547,86
1,0,0,926,463047,87
1,0,0,927,463547,87
1,0,0,928,464047,87
1,0,0,929,464547,87
1,0,0,930,465047,87
1,0,0,931,465547,88
1,0,0,932,466047,88
1,0,0,933,466547,88
1,0,0,934,467047,88
1,0,0,935,467547,89
1,0,0,936,468047,89
1,0,0,937,468547,89
1,0,0,938,469047,89
1,0,0,939,469547,89
1,0,0,940,470047,88
1,0,0,941,470547,89
1,0,0,942,471047,89
1,0,0,943,471547,89
1,0,0,944,472047,89
1,0,0,945,472547,89
1,0,0,946,473047,90
1,0,0,947,473547,89
1,0,0,948,474047,90
1,0,0,949,474547,89
1,0,0,950,475047,90
1,0,0,951,475547,89
1,0,0,952,476047,89
1,0,0,953,476547,90
1,0,0,954,477047,89
1,0,0,955,477547,89
1,0,0,956,478047,89
1,0,0,957,478547,89
1,0,0,958,479047,89
1,0,0,959,479547,90
1,0,0,960,480047,89
1,0,0,961,480547,88
1,0,0,962,481047,88
1,0,0,963,481547,87
1,0,0,964,482047,89
1,0,0,965,482547,88
1,0,0,966,483047,89
1,0,0,967,483547,89
1,0,0,968,484047,87
1,0,0,969,484547,87
1,0,0,970,485047,87
1,0,0,971,485547,87
1,0,0,972,486047,86
1,0,0,973,486547,87
1,0,0,974,487047,86
1,0,0,975,487547,87
1,0,0,976,488047,87
1,0,0,977,488547,87
1,0,0,978,489047,87
1,0,0,979,489547,85
1,0,0,980,490047,85
1,0,0,981,490547,84
1,0,0,982,491047,85
1,0,0,983,491547,85
1,0,0,984,492047,85
1,0,0,985,492547,85
1,0,0,986,493047,85
1,0,0,987,493547,83
1,0,0,988,494047,83
1,0,0,989,494547,83
1,0,0,990,495047,82
1,0,0,991,495547,82
1,0,0,992,496047,80
1,0,0,993,496547,79
1,0,0,994,497047,78
1,0,0,995,497547,79
1,0,0,996,498047,78
1,0,0,997,498547,77
1,0,0,998,499047,77
1,0,0,999,499547,77
1,0,0,1000,500047,76
1,0,0,1001,500547,77
1,0,0,1002,501047,76
1,0,0,1003,501547,76
1,0,0,1004,502047,75
1,0,0,1005,502547,76
1,0,0,1006,503047,75
1,0,0,1007,503547,75
1,0,0,1008,504047,74
1,0,0,1009,504547,73
1,0,0,1010,505047,73
1,0,0,1011,505547,73
1,0,0,1012,506047,73
1,0,0,1013,506547,71
1,0,0,1014,507047,69
1,0,0,1015,507547,70
1,0,0,1016,508047,70
1,0,0,1017,508547,71
1,0,0,1018,509047,68
1,0,0,1019,509547,71
1,0,0,1020,510047,71
1,0,0,1021,510547,71
1,0,0,1022,511047,71
1,0,0,1023,511547,71
1,0,0,1024,512047,70
1,0,0,1025,512547,70
1,0,0,1026,513047,70
1,0,0,1027,513547,69
1,0,0,1028,514047,69
1,0,0,1029,514547,69
1,0,0,1030,515047,69
1,0,0,1031,515547,63
1,0,0,1032,516047,64
1,0,0,1033,516547,69
1,0,0,1034,517047,69
1,0,0,1035,517547,68
1,0,0,1036,518047,67
1,0,0,1037,518547,69
1,0,0,1038,519047,63
1,0,0,1039,519547,69
1,0,0,1040,520047,69
1,0,0,1041,520547,68
1,0,0,1042,521047,67
1,0,0,1043,521547,63
1,0,0,1044,522047,67
1,0,0,1045,522547,63
1,0,0,1046,523047,63
1,0,0,1047,523547,63
1,0,0,1048,524047,68
1,0,0,1049,524547,68
1,0,0,1050,525047,67
1,0,0,1051,525547,67
1,0,0,1052,526047,63
1,0,0,1053,526547,62
1,0,0,1054,527047,62
1,0,0,1055,527547,62
1,0,0,1056,528047,64
1,0,0,1057,528547,63
1,0,0,1058,529047,63
1,0,0,1059,529547,63
1,0,0,1060,530047,64
1,0,0,1061,530547,63
1,0,0,1062,531047,63
1,0,0,1063,531547,67
1,0,0,1064,532047,67
1,0,0,1065,532547,67
1,0,0,1066,533047,63
1,0,0,1067,533547,63
1,0,0,1068,534047,63
1,0,0,1069,534547,63
1,0,0,1070,535047,61
1,0,0,1071,535547,64
1,0,0,1072,536047,67
1,0,0,1073,536547,63
1,0,0,1074,537047,68
1,0,0,1075,537547,68
1,0,0,1076,538047,67
1,0,0,1077,538547,68
1,0,0,1078,539047,64
1,0,0,1079,539547,67
1,0,0,1080,540047,63
1,0,0,1081,540547,67
1,0,0,1082,541047,68
1,0,0,1083,541547,69
1,0,0,1084,542047,64
1,0,0,1085,542547,68
1,0,0,1086,543047,69
1,0,0,1087,543547,69
1,0,0,1088,544047,69
1,0,0,1089,544547,68
1,0,0,1090,545047,69
1,0,0,1091,545547,69
1,0,0,1092,546047,69
1,0,0,1093,546547,69
1,0,0,1094,547047,68
1,0,0,1095,547547,69
1,0,0,1096,548047,69
1,0,0,1097,548547,69
1,0,0,1098,549047,70
1,0,0,1099,549547,69
1,0,0,1100,550047,69
1,0,0,1101,550547,71
1,0,0,1102,551047,72
1,0,0,1103,551547,71
1,0,0,1104,552047,71
1,0,0,1105,552547,69
1,0,0,1106,553047,72
1,0,0,1107,553547,71
1,0,0,1108,554047,72
1,0,0,1109,554547,71
1,0,0,1110,555047,72
1,0,0,1111,555547,71
1,0,0,1112,556047,73
1,0,0,1113,556547,75
1,0,0,1114,557047,73
1,0,0,1115,557547,73
1,0,0,1116,558047,73
1,0,0,1117,558547,74
1,0,0,1118,559047,74
1,0,0,1119,559547,75
1,0,0,1120,560047,74
1,0,0,1121,560547,75
1,0,0,1122,561047,75
1,0,0,1123,561547,75
1,0,0,1124,562047,75
1,0,0,1125,562547,77
1,0,0,1126,563047,75
1,0,0,1127,563547,75
1,0,0,1128,564047,77
1,0,0,1129,564547,77
1,0,0,1130,565047,77
1,0,0,1131,565547,77
1,0,0,1132,566047,78
1,0,0,1133,566547,78
1,0,0,1134,567047,78
1,0,0,1135,567547,78
1,0,0,1136,568047,78
1,0,0,1137,568547,81
1,0,0,1138,569047,83
1,0,0,1139,569547,81
1,0,0,1140,570047,81
1,0,0,1141,570547,83
1,0,0,1142,571047,83
1,0,0,1143,571547,83
1,0,0,1144,572047,83
1,0,0,1145,572547,83
1,0,0,1146,573047,83
1,0,0,1147,573547,85
1,0,0,1148,574047,83
1,0,0,1149,574547,85
1,0,0,1150,575047,85
1,0,0,1151,575547,85
1,0,0,1152,576047,85
1,0,0,1153,576547,87
1,0,0,1154,577047,86
1,0,0,1155,577547,87
1,0,0,1156,578047,87
1,0,0,1157,578547,87
1,0,0,1158,579047,88
1,0,0,1159,579547,88
1,0,0,1160,580047,88
1,0,0,1161,580547,89
1,0,0,1162,581047,87
1,0,0,1163,581547,89
1,0,0,1164,582047,88
1,0,0,1165,582547,89
1,0,0,1166,583047,88
1,0,0,1167,583547,91
1,0,0,1168,584047,89
1,0,0,1169,584547,90
1,0,0,1170,585047,90
1,0,0,1171,585547,91
1,0,0,1172,586047,89
1,0,0,1173,586547,89
1,0,0,1174,587047,91
1,0,0,1175,587547,91
1,0,0,1176,588047,91
1,0,0,1177,588547,91
1,0,0,1178,589047,91
1,0,0,1179,589547,92
1,0,0,1180,590047,91
1,0,0,1181,590547,92
1,0,0,1182,591047,91
1,0,0,1183,591547,93
1,0,0,1184,592047,92
1,0,0,1185,592547,93
1,0,0,1186,593047,93
1,0,0,1187,593547,91
1,0,0,1188,594047,91
1,0,0,1189,594547,93
1,0,0,1190,595047,91
1,0,0,1191,595547,93
1,0,0,1192,596047,93
1,0,0,1193,596547,90
1,0,0,1194,597047,91
1,0,0,1195,597547,91
1,0,0,1196,598047,91
1,0,0,1197,598547,91
1,0,0,1198,599047,92
1,0,0,1199,599547,91
1,0,0,1200,600047,91
1,0,0,1201,600547,91
1,0,0,1202,601047,91
1,0,0,1203,601547,91
1,0,0,1204,602047,91
1,0,0,1205,602547,90
1,0,0,1206,603047,90
1,0,0,1207,603547,89
1,0,0,1208,604047,91
1,0,0,1209,604547,90
1,0,0,1210,605047,91
1,0,0,1211,605547,89
1,0,0,1212,606047,89
1,0,0,1213,606547,88
1,0,0,1214,607047,89
1,0,0,1215,607547,89
1,0,0,1216,608047,89
1,0,0,1217,608547,89
1,0,0,1218,609047,87
1,0,0,1219,609547,88
1,0,0,1220,610047,89
1,0,0,1221,610547,87
1,0,0,1222,611047,89
1,0,0,1223,611547,87
1,0,0,1224,612047,87
1,0,0,1225,612547,87
1,0,0,1226,613047,87
1,0,0,1227,613547,87
1,0,0,1228,614047,85
1,0,0,1229,614547,87
1,0,0,1230,615047,87
1,0,0,1231,615547,85
1,0,0,1232,616047,85
1,0,0,1233,616547,85
1,0,0,1234,617047,85
1,0,0,1235,617547,85
1,0,0,1236,618047,85
1,0,0,1237,618547,83
1,0,0,1238,619047,83
1,0,0,1239,619547,84
1,0,0,1240,620047,83
1,0,0,1241,620547,83
1,0,0,1242,621047,82
1,0,0,1243,621547,82
1,0,0,1244,622047,83
1,0,0,1245,622547,79
1,0,0,1246,623047,79
1,0,0,1247,623547,79
1,0,0,1248,624047,82
1,0,0,1249,624547,79
1,0,0,1250,625047,77
1,0,0,1251,625547,78
1,0,0,1252,626047,78
1,0,0,1253,626547,78
1,0,0,1254,627047,77
1,0,0,1255,627547,77
1,0,0,1256,628047,77
1,0,0,1257,628547,82
1,0,0,1258,629047,77
1,0,0,1259,629547,76
1,0,0,1260,630047,75
1,0,0,1261,630547,76
1,0,0,1262,631047,75
1,0,0,1263,631547,75
1,0,0,1264,632047,75
1,0,0,1265,632547,75
1,0,0,1266,633047,73
1,0,0,1267,633547,75
1,0,0,1268,634047,75
1,0,0,1269,634547,75
1,0,0,1270,635047,75
1,0,0,1271,635547,75
1,0,0,1272,636047,74
1,0,0,1273,636547,73
1,0,0,1274,637047,75
1,0,0,1275,637547,73
1,0,0,1276,638047,73
1,0,0,1277,638547,73
1,0,0,1278,639047,73
1,0,0,1279,639547,73
1,0,0,1280,640047,73
1,0,0,1281,640547,73
1,0,0,1282,641047,72
1,0,0,1283,641547,73
1,0,0,1284,642047,73
1,0,0,1285,642547,73
1,0,0,1286,643047,73
1,0,0,1287,643547,72
1,0,0,1288,644047,73
1,0,0,1289,644547,73
1,0,0,1290,645047,74
1,0,0,1291,645547,73
1,0,0,1292,646047,73
1,0,0,1293,646547,72
1,0,0,1294,647047,74
1,0,0,1295,647547,73
1,0,0,1296,648047,72
1,0,0,1297,648547,73
1,0,0,1298,649047,72
1,0,0,1299,649547,73
1,0,0,1300,650047,69
1,0,0,1301,650547,73
1,0,0,1302,651047,73
1,0,0,1303,651547,72
1,0,0,1304,652047,73
1,0,0,1305,652547,73
1,0,0,1306,653047,72
1,0,0,1307,653547,73
1,0,0,1308,654047,72
1,0,0,1309,654547,73
1,0,0,1310,655047,73
1,0,0,1311,655547,73
1,0,0,1312,656047,72
1,0,0,1313,656547,73
1,0,0,1314,657047,73
1,0,0,1315,657547,72
1,0,0,1316,658047,72
1,0,0,1317,658547,73
1,0,0,1318,659047,73
1,0,0,1319,659547,73
1,0,0,1320,660047,73
1,0,0,1321,660547,73
1,0,0,1322,661047,72
1,0,0,1323,661547,73
1,0,0,1324,662047,73
1,0,0,1325,662547,71
1,0,0,1326,663047,73
1,0,0,1327,663547,71
1,0,0,1328,664047,73
1,0,0,1329,664547,72
1,0,0,1330,665047,73
1,0,0,1331,665547,73
1,0,0,1332,666047,72
1,0,0,1333,666547,72
1,0,0,1334,667047,73
1,0,0,1335,667547,72
1,0,0,1336,668047,72
1,0,0,1337,668547,73
1,0,0,1338,669047,73
1,0,0,1339,669547,73
1,0,0,1340,670047,71
1,0,0,1341,670547,72
1,0,0,1342,671047,72
1,0,0,1343,671547,73
1,0,0,1344,672047,72
1,0,0,1345,672547,72
1,0,0,1346,673047,71
1,0,0,1347,673547,71
1,0,0,1348,674047,72
1,0,0,1349,674547,72
1,0,0,1350,675047,71
1,0,0,1351,675547,71
1,0,0,1352,676047,71
1,0,0,1353,676547,73
1,0,0,1354,677047,71
1,0,0,1355,677547,71
1,0,0,1356,678047,71
1,0,0,1357,678547,71
1,0,0,1358,679047,72
1,0,0,1359,679547,71
1,0,0,1360,680047,71
1,0,0,1361,680547,71
1,0,0,1362,681047,71
1,0,0,1363,681547,70
1,0,0,1364,682047,69
1,0,0,1365,682547,71
1,0,0,1366,683047,70
1,0,0,1367,683547,70
1,0,0,1368,684047,70
1,0,0,1369,684547,69
1,0,0,1370,685047,70
1,0,0,1371,685547,70
1,0,0,1372,686047,70
1,0,0,1373,686547,69
1,0,0,1374,687047,71
1,0,0,1375,687547,69
1,0,0,1376,688047,69
1,0,0,1377,688547,69
1,0,0,1378,689047,69
1,0,0,1379,689547,70
1,0,0,1380,690047,69
1,0,0,1381,690547,69
1,0,0,1382,691047,68
1,0,0,1383,691547,69
1,0,0,1384,692047,69
1,0,0,1385,692547,69
1,0,0,1386,693047,69
1,0,0,1387,693547,69
1,0,0,1388,694047,67
1,0,0,1389,694547,69
1,0,0,1390,695047,69
1,0,0,1391,695547,68
1,0,0,1392,696047,69
1,0,0,1393,696547,69
1,0,0,1394,697047,69
1,0,0,1395,697547,70
1,0,0,1396,698047,67
1,0,0,1397,698547,68
1,0,0,1398,699047,67
1,0,0,1399,699547,67
1,0,0,1400,700047,63
1,0,0,1401,700547,67
1,0,0,1402,701047,69
1,0,0,1403,701547,63
1,0,0,1404,702047,68
1,0,0,1405,702547,69
1,0,0,1406,703047,69
1,0,0,1407,703547,63
1,0,0,1408,704047,69
1,0,0,1409,704547,63
1,0,0,1410,705047,69
1,0,0,1411,705547,68
1,0,0,1412,706047,63
1,0,0,1413,706547,67
1,0,0,1414,707047,69
1,0,0,1415,707547,69
1,0,0,1416,708047,69
1,0,0,1417,708547,69
1,0,0,1418,709047,68
1,0,0,1419,709547,69
1,0,0,1420,710047,69
1,0,0,1421,710547,67
1,0,0,1422,711047,69
1,0,0,1423,711547,71
1,0,0,1424,712047,70
1,0,0,1425,712547,71
1,0,0,1426,713047,69
1,0,0,1427,713547,70
1,0,0,1428,714047,71
1,0,0,1429,714547,69
1,0,0,1430,715047,70
1,0,0,1431,715547,71
1,0,0,1432,716047,71
1,0,0,1433,716547,71
1,0,0,1434,717047,71
1,0,0,1435,717547,72
1,0,0,1436,718047,72
1,0,0,1437,718547,71
1,0,0,1438,719047,73
1,0,0,1439,719547,73
1,0,0,1440,720047,73
1,0,0,1441,720547,73
1,0,0,1442,721047,73
1,0,0,1443,721547,74
1,0,0,1444,722047,75
1,0,0,1445,722547,75
1,0,0,1446,723047,74
1,0,0,1447,723547,75
1,0,0,1448,724047,75
1,0,0,1449,724547,75
1,0,0,1450,725047,75
1,0,0,1451,725547,76
1,0,0,1452,726047,77
1,0,0,1453,726547,77
1,0,0,1454,727047,77
1,0,0,1455,727547,78
1,0,0,1456,728047,78
1,0,0,1457,728547,77
1,0,0,1458,729047,79
1,0,0,1459,729547,77
1,0,0,1460,730047,79
1,0,0,1461,730547,82
1,0,0,1462,731047,81
1,0,0,1463,731547,83
1,0,0,1464,732047,83
1,0,0,1465,732547,83
1,0,0,1466,733047,84
1,0,0,1467,733547,83
1,0,0,1468,734047,84
1,0,0,1469,734547,86
1,0,0,1470,735047,85
1,0,0,1471,735547,85
1,0,0,1472,736047,85
1,0,0,1473,736547,86
1,0,0,1474,737047,87
1,0,0,1475,737547,85
1,0,0,1476,738047,87
1,0,0,1477,738547,87
1,0,0,1478,739047,87
1,0,0,1479,739547,85
1,0,0,1480,740047,87
1,0,0,1481,740547,89
1,0,0,1482,741047,87
1,0,0,1483,741547,88
1,0,0,1484,742047,88
1,0,0,1485,742547,89
1,0,0,1486,743047,89
1,0,0,1487,743547,89
1,0,0,1488,744047,90
1,0,0,1489,744547,89
1,0,0,1490,745047,90
1,0,0,1491,745547,90
1,0,0,1492,746047,89
1,0,0,1493,746547,92
1,0,0,1494,747047,92
1,0,0,1495,747547,91
1,0,0,1496,748047,93
1,0,0,1497,748547,91
1,0,0,1498,749047,93
1,0,0,1499,749547,93
1,0,0,1500,750047,92
1,0,0,1501,750547,93
1,0,0,1502,751047,93
1,0,0,1503,751547,94
1,0,0,1504,752047,93
1,0,0,1505,752547,91
1,0,0,1506,753047,92
1,0,0,1507,753547,93
1,0,0,1508,754047,95
1,0,0,1509,754547,94
1,0,0,1510,755047,94
1,0,0,1511,755547,94
1,0,0,1512,756047,94
1,0,0,1513,756547,93
1,0,0,1514,757047,94
1,0,0,1515,757547,95
1,0,0,1516,758047,95
1,0,0,1517,758547,95
1,0,0,1518,759047,95
1,0,0,1519,759547,93
1,0,0,1520,760047,93
1,0,0,1521,760547,93
1,0,0,1522,761047,94
1,0,0,1523,761547,94
1,0,0,1524,762047,94
1,0,0,1525,762547,93
1,0,0,1526,763047,95
1,0,0,1527,763547,95
1,0,0,1528,764047,93
1,0,0,1529,764547,94
1,0,0,1530,765047,93
1,0,0,1531,765547,93
1,0,0,1532,766047,93
1,0,0,1533,766547,94
1,0,0,1534,767047,93
1,0,0,1535,767547,93
1,0,0,1536,768047,92
1,0,0,1537,768547,94
1,0,0,1538,769047,93
1,0,0,1539,769547,93
1,0,0,1540,770047,91
1,0,0,1541,770547,91
1,0,0,1542,771047,91
1,0,0,1543,771547,92
1,0,0,1544,772047,91
1,0,0,1545,772547,91
1,0,0,1546,773047,91
1,0,0,1547,773547,91
1,0,0,1548,774047,91
1,0,0,1549,774547,89
1,0,0,1550,775047,89
1,0,0,1551,775547,89
1,0,0,1552,776047,89
1,0,0,1553,776547,89
1,0,0,1554,777047,88
1,0,0,1555,777547,87
1,0,0,1556,778047,88
1,0,0,1557,778547,88
1,0,0,1558,779047,87
1,0,0,1559,779547,93
1,0,0,1560,780047,87
1,0,0,1561,780547,85
1,0,0,1562,781047,85
1,0,0,1563,781547,85
1,0,0,1564,782047,85
1,0,0,1565,782547,82
1,0,0,1566,783047,84
1,0,0,1567,783547,82
1,0,0,1568,784047,83
1,0,0,1569,784547,83
1,0,0,1570,785047,84
1,0,0,1571,785547,83
1,0,0,1572,786047,79
1,0,0,1573,786547,80
1,0,0,1574,787047,82
1,0,0,1575,787547,75
1,0,0,1576,788047,79
1,0,0,1577,788547,77
1,0,0,1578,789047,77
1,0,0,1579,789547,77
1,0,0,1580,790047,76
1,0,0,1581,790547,83
1,0,0,1582,791047,75
1,0,0,1583,791547,75
1,0,0,1584,792047,75
1,0,0,1585,792547,75
1,0,0,1586,793047,75
1,0,0,1587,793547,73
1,0,0,1588,794047,73
1,0,0,1589,794547,73
1,0,0,1590,795047,72
1,0,0,1591,795547,72
1,0,0,1592,796047,72
1,0,0,1593,796547,71
1,0,0,1594,797047,71
1,0,0,1595,797547,69
1,0,0,1596,798047,72
1,0,0,1597,798547,70
1,0,0,1598,799047,69
1,0,0,1599,799547,63
1,0,0,1600,800047,68
1,0,0,1601,800547,67
1,0,0,1602,801047,63
1,0,0,1603,801547,63
1,0,0,1604,802047,68
1,0,0,1605,802547,62
1,0,0,1606,803047,62
1,0,0,1607,803547,61
1,0,0,1608,804047,61
1,0,0,1609,804547,71
1,0,0,1610,805047,59
1,0,0,1611,805547,59
1,0,0,1612,806047,58
1,0,0,1613,806547,59
1,0,0,1614,807047,59
1,0,0,1615,807547,58
1,0,0,1616,808047,59
1,0,0,1617,808547,56
1,0,0,1618,809047,57
1,0,0,1619,809547,56
1,0,0,1620,810047,55
1,0,0,1621,810547,54
1,0,0,1622,811047,54
1,0,0,1623,811547,55
1,0,0,1624,812047,54
1,0,0,1625,812547,53
1,0,0,1626,813047,53
1,0,0,1627,813547,52
1,0,0,1628,814047,51
1,0,0,1629,814547,51
1,0,0,1630,815047,51
1,0,0,1631,815547,47
1,0,0,1632,816047,51
1,0,0,1633,816547,47
1,0,0,1634,817047,46
1,0,0,1635,817547,47
1,0,0,1636,818047,47
1,0,0,1637,818547,45
1,0,0,1638,819047,45
1,0,0,1639,819547,47
1,0,0,1640,820047,45
1,0,0,1641,820547,39
1,0,0,1642,821047,43
1,0,0,1643,821547,44
1,0,0,1644,822047,43
1,0,0,1645,822547,43
1,0,0,1646,823047,42
1,0,0,1647,823547,43
1,0,0,1648,824047,43
1,0,0,1649,824547,43
1,0,0,1650,825047,41
1,0,0,1651,825547,42
1,0,0,1652,826047,41
1,0,0,1653,826547,41
1,0,0,1654,827047,39
1,0,0,1655,827547,39
1,0,0,1656,828047,39
1,0,0,1657,828547,41
1,0,0,1658,829047,40
1,0,0,1659,829547,39
1,0,0,1660,830047,39
1,0,0,1661,830547,39
1,0,0,1662,831047,38
1,0,0,1663,831547,38
1,0,0,1664,832047,39
1,0,0,1665,832547,39
1,0,0,1666,833047,37
1,0,0,1667,833547,37
1,0,0,1668,834047,37
1,0,0,1669,834547,39
1,0,0,1670,835047,37
1,0,0,1671,835547,37
1,0,0,1672,836047,36
1,0,0,1673,836547,36
1,0,0,1674,837047,36
1,0,0,1675,837547,35
1,0,0,1676,838047,35
1,0,0,1677,838547,35
1,0,0,1678,839047,35
1,0,0,1679,839547,35
1,0,0,1680,840047,31
1,0,0,1681,840547,33
1,0,0,1682,841047,31
1,0,0,1683,841547,29
1,0,0,1684,842047,31
1,0,0,1685,842547,30
1,0,0,1686,843047,31
1,0,0,1687,843547,29
1,0,0,1688,844047,29
1,0,0,1689,844547,29
1,0,0,1690,845047,30
1,0,0,1691,845547,33
1,0,0,1692,846047,29
1,0,0,1693,846547,27
1,0,0,1694,847047,27
1,0,0,1695,847547,27
1,0,0,1696,848047,27
1,0,0,1697,848547,27
1,0,0,1698,849047,26
1,0,0,1699,849547,25
1,0,0,1700,850047,27
1,0,0,1701,850547,26
1,0,0,1702,851047,26
1,0,0,1703,851547,23
1,0,0,1704,852047,24
1,0,0,1705,852547,24
1,0,0,1706,853047,25
1,0,0,1707,853547,22
1,0,0,1708,854047,22
1,0,0,1709,854547,21
1,0,0,1710,855047,22
1,0,0,1711,855547,21
1,0,0,1712,856047,22
1,0,0,1713,856547,21
1,0,0,1714,857047,21
1,0,0,1715,857547,21
1,0,0,1716,858047,20
1,0,0,1717,858547,19
1,0,0,1718,859047,19
1,0,0,1719,859547,19
1,0,0,1720,860047,19
1,0,0,1721,860547,21
1,0,0,1722,861047,19
1,0,0,1723,861547,17
1,0,0,1724,862047,19
1,0,0,1725,862547,19
1,0,0,1726,863047,17
1,0,0,1727,863547,18
1,0,0,1728,864047,19
1,0,0,1729,864547,16
1,0,0,1730,865047,17
1,0,0,1731,865547,17
1,0,0,1732,866047,18
1,0,0,1733,866547,14
1,0,0,1734,867047,11
1,0,0,1735,867547,18
1,0,0,1736,868047,16
1,0,0,1737,868547,12
1,0,0,1738,869047,12
1,0,0,1739,869547,16
1,0,0,1740,870047,13
1,0,0,1741,870547,11
1,0,0,1742,871047,13
1,0,0,1743,871547,13
1,0,0,1744,872047,12
1,0,0,1745,872547,12
1,0,0,1746,873047,12
1,0,0,1747,873547,11
1,0,0,1748,874047,11
1,0,0,1749,874547,11
1,0,0,1750,875047,11
1,0,0,1751,875547,10
1,0,0,1752,876047,10
1,0,0,1753,876547,10
1,0,0,1754,877047,11
1,0,0,1755,877547,11
1,0,0,1756,878047,10
1,0,0,1757,878547,10
1,0,0,1758,879047,10
1,0,0,1759,879547,10
1,0,0,1760,880047,10
1,0,0,1761,880547,9
1,0,0,1762,881047,10
1,0,0,1763,881547,9
1,0,0,1764,882047,10
1,0,0,1765,882547,9
1,0,0,1766,883047,7
1,0,0,1767,883547,9
1,0,0,1768,884047,10
1,0,0,1769,884547,9
1,0,0,1770,885047,11
1,0,0,1771,885547,9
1,0,0,1772,886047,10
1,0,0,1773,886547,10
1,0,0,1774,887047,9
1,0,0,1775,887547,8
1,0,0,1776,888047,10
1,0,0,1777,888547,9
1,0,0,1778,889047,13
1,0,0,1779,889547,10
1,0,0,1780,890047,9
1,0,0,1781,890547,9
1,0,0,1782,891047,14
1,0,0,1783,891547,11
1,0,0,1784,892047,11
1,0,0,1785,892547,14
1,0,0,1786,893047,11
1,0,0,1787,893547,12
1,0,0,1788,894047,13
1,0,0,1789,894547,11
1,0,0,1790,895047,12
1,0,0,1791,895547,13
1,0,0,1792,896047,12
1,0,0,1793,896547,16
1,0,0,1794,897047,14
1,0,0,1795,897547,19
1,0,0,1796,898047,16
1,0,0,1797,898547,16
1,0,0,1798,899047,17
1,0,0,1799,899547,17
1,0,0,1800,900047,17
1,0,0,1801,900547,16
1,0,0,1802,901047,18
1,0,0,1803,901547,17
1,0,0,1804,902047,19
1,0,0,1805,902547,19
1,0,0,1806,903047,20
1,0,0,1807,903547,20
1,0,0,1808,904047,21
1,0,0,1809,904547,20
1,0,0,1810,905047,22
1,0,0,1811,905547,21
1,0,0,1812,906047,22
1,0,0,1813,906547,23
1,0,0,1814,907047,24
1,0,0,1815,907547,25
1,0,0,1816,908047,25
1,0,0,1817,908547,25
1,0,0,1818,909047,25
1,0,0,1819,909547,27
1,0,0,1820,910047,25
1,0,0,1821,910547,25
1,0,0,1822,911047,29
1,0,0,1823,911547,29
1,0,0,1824,912047,29
1,0,0,1825,912547,29
1,0,0,1826,913047,31
1,0,0,1827,913547,31
1,0,0,1828,914047,35
1,0,0,1829,914547,35
1,0,0,1830,915047,35
1,0,0,1831,915547,36
1,0,0,1832,916047,37
1,0,0,1833,916547,37
1,0,0,1834,917047,38
1,0,0,1835,917547,39
1,0,0,1836,918047,38
1,0,0,1837,918547,39
1,0,0,1838,919047,40
1,0,0,1839,919547,41
1,0,0,1840,920047,42
1,0,0,1841,920547,42
1,0,0,1842,921047,43
1,0,0,1843,921547,43
1,0,0,1844,922047,45
1,0,0,1845,922547,45
1,0,0,1846,923047,46
1,0,0,1847,923547,45
1,0,0,1848,924047,47
1,0,0,1849,924547,50
1,0,0,1850,925047,51
1,0,0,1851,925547,51
1,0,0,1852,926047,52
1,0,0,1853,926547,55
1,0,0,1854,927047,54
1,0,0,1855,927547,53
1,0,0,1856,928047,55
1,0,0,1857,928547,57
1,0,0,1858,929047,57
1,0,0,1859,929547,57
1,0,0,1860,930047,56
1,0,0,1861,930547,59
1,0,0,1862,931047,59
1,0,0,1863,931547,62
1,0,0,1864,932047,61
1,0,0,1865,932547,63
1,0,0,1866,933047,63
1,0,0,1867,933547,67
1,0,0,1868,934047,67
1,0,0,1869,934547,67
1,0,0,1870,935047,69
1,0,0,1871,935547,69
1,0,0,1872,936047,71
1,0,0,1873,936547,72
1,0,0,1874,937047,72
1,0,0,1875,937547,72
1,0,0,1876,938047,73
1,0,0,1877,938547,73
1,0,0,1878,939047,74
1,0,0,1879,939547,73
1,0,0,1880,940047,75
1,0,0,1881,940547,77
1,0,0,1882,941047,77
1,0,0,1883,941547,77
1,0,0,1884,942047,83
1,0,0,1885,942547,79
1,0,0,1886,943047,79
1,0,0,1887,943547,79
1,0,0,1888,944047,83
1,0,0,1889,944547,83
1,0,0,1890,945047,83
1,0,0,1891,945547,85
1,0,0,1892,946047,85
1,0,0,1893,946547,85
1,0,0,1894,947047,86
1,0,0,1895,947547,87
1,0,0,1896,948047,86
1,0,0,1897,948547,87
1,0,0,1898,949047,85
1,0,0,1899,949547,88
1,0,0,1900,950047,88
1,0,0,1901,950547,89
1,0,0,1902,951047,91
1,0,0,1903,951547,91
1,0,0,1904,952047,91
1,0,0,1905,952547,91
1,0,0,1906,953047,92
1,0,0,1907,953547,92
1,0,0,1908,954047,92
1,0,0,1909,954547,92
1,0,0,1910,955047,94
1,0,0,1911,955547,92
1,0,0,1912,956047,95
1,0,0,1913,956547,93
1,0,0,1914,957047,95
1,0,0,1915,957547,94
1,0,0,1916,958047,95
1,0,0,1917,958547,93
1,0,0,1918,959047,99
1,0,0,1919,959547,99
1,0,0,1920,960047,98
1,0,0,1921,960547,99
1,0,0,1922,961047,99
1,0,0,1923,961547,100
1,0,0,1924,962047,99
1,0,0,1925,962547,99
1,0,0,1926,963047,101
1,0,0,1927,963547,101
1,0,0,1928,964047,97
1,0,0,1929,964547,101
1,0,0,1930,965047,102
1,0,0,1931,965547,101
1,0,0,1932,966047,103
1,0,0,1933,966547,103
1,0,0,1934,967047,101
1,0,0,1935,967547,103
1,0,0,1936,968047,103
1,0,0,1937,968547,103
1,0,0,1938,969047,105
1,0,0,1939,969547,103
1,0,0,1940,970047,104
1,0,0,1941,970547,105
1,0,0,1942,971047,104
1,0,0,1943,971547,105
1,0,0,1944,972047,105
1,0,0,1945,972547,105
1,0,0,1946,973047,105
1,0,0,1947,973547,105
1,0,0,1948,974047,105
1,0,0,1949,974547,106
1,0,0,1950,975047,105
1,0,0,1951,975547,107
1,0,0,1952,976047,107
1,0,0,1953,976547,107
1,0,0,1954,977047,107
1,0,0,1955,977547,107
1,0,0,1956,978047,107
1,0,0,1957,978547,107
1,0,0,1958,979047,107
1,0,0,1959,979547,107
1,0,0,1960,980047,109
1,0,0,1961,980547,107
1,0,0,1962,981047,109
1,0,0,1963,981547,108
1,0,0,1964,982047,108
1,0,0,1965,982547,109
1,0,0,1966,983047,108
1,0,0,1967,983547,109
1,0,0,1968,984047,109
1,0,0,1969,984547,107
1,0,0,1970,985047,109
1,0,0,1971,985547,108
1,0,0,1972,986047,109
1,0,0,1973,986547,108
1,0,0,1974,987047,109
1,0,0,1975,987547,109
1,0,0,1976,988047,110
1,0,0,1977,988547,109
1,0,0,1978,989047,111
1,0,0,1979,989547,111
1,0,0,1980,990047,109
1,0,0,1981,990547,109
1,0,0,1982,991047,109
1,0,0,1983,991547,106
1,0,0,1984,992047,109
1,0,0,1985,992547,111
1,0,0,1986,993047,109
1,0,0,1987,993547,109
1,0,0,1988,994047,109
1,0,0,1989,994547,109
1,0,0,1990,995047,110
1,0,0,1991,995547,109
1,0,0,1992,996047,109
1,0,0,1993,996547,109
1,0,0,1994,997047,109
1,0,0,1995,997547,109
1,0,0,1996,998047,107
1,0,0,1997,998547,109
1,0,0,1998,999047,109
1,0,0,1999,999547,111
# END_WINDOW
# Ready: run=1, valve=0%, rate=2000 Hz, samples=2000. Send any character to record one window.
# CAPTURING
1,0,1,0,54,45
1,0,1,1,547,43
1,0,1,2,1047,42
1,0,1,3,1547,41
1,0,1,4,2047,41
1,0,1,5,2547,41
1,0,1,6,3047,40
1,0,1,7,3547,38
1,0,1,8,4047,37
1,0,1,9,4547,36
1,0,1,10,5047,37
1,0,1,11,5547,37
1,0,1,12,6047,36
1,0,1,13,6547,36
1,0,1,14,7047,35
1,0,1,15,7547,33
1,0,1,16,8047,35
1,0,1,17,8547,31
1,0,1,18,9047,31
1,0,1,19,9547,31
1,0,1,20,10047,29
1,0,1,21,10547,29
1,0,1,22,11047,29
1,0,1,23,11547,29
1,0,1,24,12047,27
1,0,1,25,12547,27
1,0,1,26,13047,26
1,0,1,27,13547,25
1,0,1,28,14047,26
1,0,1,29,14547,25
1,0,1,30,15047,26
1,0,1,31,15547,26
1,0,1,32,16047,23
1,0,1,33,16547,23
1,0,1,34,17047,24
1,0,1,35,17547,23
1,0,1,36,18047,23
1,0,1,37,18547,21
1,0,1,38,19047,21
1,0,1,39,19547,22
1,0,1,40,20047,21
1,0,1,41,20547,20
1,0,1,42,21047,21
1,0,1,43,21547,20
1,0,1,44,22047,19
1,0,1,45,22547,19
1,0,1,46,23047,19
1,0,1,47,23547,18
1,0,1,48,24047,18
1,0,1,49,24547,19
1,0,1,50,25047,18
1,0,1,51,25547,17
1,0,1,52,26047,17
1,0,1,53,26547,14
1,0,1,54,27047,13
1,0,1,55,27547,16
1,0,1,56,28047,11
1,0,1,57,28547,16
1,0,1,58,29047,12
1,0,1,59,29547,13
1,0,1,60,30047,11
1,0,1,61,30547,11
1,0,1,62,31047,11
1,0,1,63,31547,11
1,0,1,64,32047,11
1,0,1,65,32547,10
1,0,1,66,33047,11
1,0,1,67,33547,9
1,0,1,68,34047,11
1,0,1,69,34547,11
1,0,1,70,35047,11
1,0,1,71,35547,11
1,0,1,72,36047,10
1,0,1,73,36547,12
1,0,1,74,37047,12
1,0,1,75,37547,12
1,0,1,76,38047,13
1,0,1,77,38547,13
1,0,1,78,39047,13
1,0,1,79,39547,13
1,0,1,80,40047,17
1,0,1,81,40547,17
1,0,1,82,41047,19
1,0,1,83,41547,18
1,0,1,84,42047,19
1,0,1,85,42547,19
1,0,1,86,43047,20
1,0,1,87,43547,22
1,0,1,88,44047,22
1,0,1,89,44547,23
1,0,1,90,45047,22
1,0,1,91,45547,24
1,0,1,92,46047,23
1,0,1,93,46547,25
1,0,1,94,47047,25
1,0,1,95,47547,27
1,0,1,96,48047,25
1,0,1,97,48547,28
1,0,1,98,49047,28
1,0,1,99,49547,27
1,0,1,100,50047,29
1,0,1,101,50547,29
1,0,1,102,51047,30
1,0,1,103,51547,31
1,0,1,104,52047,31
1,0,1,105,52547,35
1,0,1,106,53047,36
1,0,1,107,53547,37
1,0,1,108,54047,36
1,0,1,109,54547,39
1,0,1,110,55047,39
1,0,1,111,55547,39
1,0,1,112,56047,40
1,0,1,113,56547,40
1,0,1,114,57047,42
1,0,1,115,57547,42
1,0,1,116,58047,42
1,0,1,117,58547,43
1,0,1,118,59047,45
1,0,1,119,59547,45
1,0,1,120,60047,46
1,0,1,121,60547,45
1,0,1,122,61047,47
1,0,1,123,61547,51
1,0,1,124,62047,51
1,0,1,125,62547,52
1,0,1,126,63047,53
1,0,1,127,63547,53
1,0,1,128,64047,54
1,0,1,129,64547,55
1,0,1,130,65047,55
1,0,1,131,65547,59
1,0,1,132,66047,57
1,0,1,133,66547,58
1,0,1,134,67047,59
1,0,1,135,67547,60
1,0,1,136,68047,61
1,0,1,137,68547,63
1,0,1,138,69047,63
1,0,1,139,69547,69
1,0,1,140,70047,69
1,0,1,141,70547,70
1,0,1,142,71047,72
1,0,1,143,71547,71
1,0,1,144,72047,72
1,0,1,145,72547,73
1,0,1,146,73047,73
1,0,1,147,73547,75
1,0,1,148,74047,75
1,0,1,149,74547,77
1,0,1,150,75047,75
1,0,1,151,75547,77
1,0,1,152,76047,78
1,0,1,153,76547,79
1,0,1,154,77047,83
1,0,1,155,77547,83
1,0,1,156,78047,83
1,0,1,157,78547,84
1,0,1,158,79047,83
1,0,1,159,79547,86
1,0,1,160,80047,83
1,0,1,161,80547,87
1,0,1,162,81047,87
1,0,1,163,81547,87
1,0,1,164,82047,90
1,0,1,165,82547,89
1,0,1,166,83047,89
1,0,1,167,83547,91
1,0,1,168,84047,91
1,0,1,169,84547,91
1,0,1,170,85047,93
1,0,1,171,85547,94
1,0,1,172,86047,95
1,0,1,173,86547,93
1,0,1,174,87047,97
1,0,1,175,87547,99
1,0,1,176,88047,99
1,0,1,177,88547,99
1,0,1,178,89047,101
1,0,1,179,89547,102
1,0,1,180,90047,101
1,0,1,181,90547,103
1,0,1,182,91047,104
1,0,1,183,91547,105
1,0,1,184,92047,105
1,0,1,185,92547,107
1,0,1,186,93047,107
1,0,1,187,93547,107
1,0,1,188,94047,109
1,0,1,189,94547,109
1,0,1,190,95047,111
1,0,1,191,95547,110
1,0,1,192,96047,111
1,0,1,193,96547,115
1,0,1,194,97047,115
1,0,1,195,97547,117
1,0,1,196,98047,117
1,0,1,197,98547,118
1,0,1,198,99047,119
1,0,1,199,99547,119
1,0,1,200,100047,120
1,0,1,201,100547,119
1,0,1,202,101047,121
1,0,1,203,101547,121
1,0,1,204,102047,122
1,0,1,205,102547,123
1,0,1,206,103047,123
1,0,1,207,103547,125
1,0,1,208,104047,125
1,0,1,209,104547,125
1,0,1,210,105047,125
1,0,1,211,105547,127
1,0,1,212,106047,127
1,0,1,213,106547,133
1,0,1,214,107047,133
1,0,1,215,107547,135
1,0,1,216,108047,135
1,0,1,217,108547,135
1,0,1,218,109047,135
1,0,1,219,109547,136
1,0,1,220,110047,137
1,0,1,221,110547,138
1,0,1,222,111047,139
1,0,1,223,111547,139
1,0,1,224,112047,140
1,0,1,225,112547,140
1,0,1,226,113047,141
1,0,1,227,113547,141
1,0,1,228,114047,143
1,0,1,229,114547,145
1,0,1,230,115047,146
1,0,1,231,115547,146
1,0,1,232,116047,147
1,0,1,233,116547,149
1,0,1,234,117047,149
1,0,1,235,117547,149
1,0,1,236,118047,151
1,0,1,237,118547,151
1,0,1,238,119047,151
1,0,1,239,119547,151
1,0,1,240,120047,153
1,0,1,241,120547,154
1,0,1,242,121047,153
1,0,1,243,121547,155
1,0,1,244,122047,153
1,0,1,245,122547,156
1,0,1,246,123047,157
1,0,1,247,123547,157
1,0,1,248,124047,158
1,0,1,249,124547,159
1,0,1,250,125047,159
1,0,1,251,125547,160
1,0,1,252,126047,163
1,0,1,253,126547,163
1,0,1,254,127047,164
1,0,1,255,127547,165
1,0,1,256,128047,165
1,0,1,257,128547,165
1,0,1,258,129047,165
1,0,1,259,129547,167
1,0,1,260,130047,167
1,0,1,261,130547,167
1,0,1,262,131047,168
1,0,1,263,131547,167
1,0,1,264,132047,168
1,0,1,265,132547,169
1,0,1,266,133047,168
1,0,1,267,133547,168
1,0,1,268,134047,167
1,0,1,269,134547,169
1,0,1,270,135047,169
1,0,1,271,135547,169
1,0,1,272,136047,168
1,0,1,273,136547,168
1,0,1,274,137047,169
1,0,1,275,137547,170
1,0,1,276,138047,170
1,0,1,277,138547,169
1,0,1,278,139047,170
1,0,1,279,139547,169
1,0,1,280,140047,169
1,0,1,281,140547,168
1,0,1,282,141047,169
1,0,1,283,141547,169
1,0,1,284,142047,168
1,0,1,285,142547,169
1,0,1,286,143047,169
1,0,1,287,143547,167
1,0,1,288,144047,169
1,0,1,289,144547,168
1,0,1,290,145047,169
1,0,1,291,145547,167
1,0,1,292,146047,167
1,0,1,293,146547,167
1,0,1,294,147047,167
1,0,1,295,147547,167
1,0,1,296,148047,166
1,0,1,297,148547,167
1,0,1,298,149047,167
1,0,1,299,149547,167
1,0,1,300,150047,165
1,0,1,301,150547,163
1,0,1,302,151047,164
1,0,1,303,151547,165
1,0,1,304,152047,165
1,0,1,305,152547,163
1,0,1,306,153047,164
1,0,1,307,153547,160
1,0,1,308,154047,159
1,0,1,309,154547,159
1,0,1,310,155047,160
1,0,1,311,155547,159
1,0,1,312,156047,163
1,0,1,313,156547,159
1,0,1,314,157047,159
1,0,1,315,157547,159
1,0,1,316,158047,159
1,0,1,317,158547,157
1,0,1,318,159047,159
1,0,1,319,159547,157
1,0,1,320,160047,159
1,0,1,321,160547,158
1,0,1,322,161047,157
1,0,1,323,161547,158
1,0,1,324,162047,157
1,0,1,325,162547,159
1,0,1,326,163047,157
1,0,1,327,163547,157
1,0,1,328,164047,157
1,0,1,329,164547,157
1,0,1,330,165047,157
1,0,1,331,165547,157
1,0,1,332,166047,157
1,0,1,333,166547,157
1,0,1,334,167047,157
1,0,1,335,167547,156
1,0,1,336,168047,157
1,0,1,337,168547,157
1,0,1,338,169047,158
1,0,1,339,169547,157
1,0,1,340,170047,157
1,0,1,341,170547,157
1,0,1,342,171047,156
1,0,1,343,171547,156
1,0,1,344,172047,157
1,0,1,345,172547,157
1,0,1,346,173047,157
1,0,1,347,173547,155
1,0,1,348,174047,157
1,0,1,349,174547,157
1,0,1,350,175047,156
1,0,1,351,175547,157
1,0,1,352,176047,157
1,0,1,353,176547,157
1,0,1,354,177047,159
1,0,1,355,177547,157
1,0,1,356,178047,158
1,0,1,357,178547,157
1,0,1,358,179047,159
1,0,1,359,179547,159
1,0,1,360,180047,160
1,0,1,361,180547,162
1,0,1,362,181047,163
1,0,1,363,181547,163
1,0,1,364,182047,163
1,0,1,365,182547,164
1,0,1,366,183047,164
1,0,1,367,183547,165
1,0,1,368,184047,166
1,0,1,369,184547,166
1,0,1,370,185047,167
1,0,1,371,185547,167
1,0,1,372,186047,167
1,0,1,373,186547,169
1,0,1,374,187047,169
1,0,1,375,187547,171
1,0,1,376,188047,171
1,0,1,377,188547,170
1,0,1,378,189047,171
1,0,1,379,189547,171
1,0,1,380,190047,172
1,0,1,381,190547,173
1,0,1,382,191047,174
1,0,1,383,191547,175
1,0,1,384,192047,175
1,0,1,385,192547,177
1,0,1,386,193047,179
1,0,1,387,193547,175
1,0,1,388,194047,181
1,0,1,389,194547,181
1,0,1,390,195047,181
1,0,1,391,195547,181
1,0,1,392,196047,182
1,0,1,393,196547,181
1,0,1,394,197047,183
1,0,1,395,197547,185
1,0,1,396,198047,184
1,0,1,397,198547,185
1,0,1,398,199047,185
1,0,1,399,199547,185
1,0,1,400,200047,187
1,0,1,401,200547,185
1,0,1,402,201047,188
1,0,1,403,201547,187
1,0,1,404,202047,187
1,0,1,405,202547,187
1,0,1,406,203047,189
1,0,1,407,203547,188
1,0,1,408,204047,189
1,0,1,409,204547,189
1,0,1,410,205047,189
1,0,1,411,205547,189
1,0,1,412,206047,191
1,0,1,413,206547,190
1,0,1,414,207047,189
1,0,1,415,207547,195
1,0,1,416,208047,191
1,0,1,417,208547,190
1,0,1,418,209047,190
1,0,1,419,209547,190
1,0,1,420,210047,191
1,0,1,421,210547,191
1,0,1,422,211047,189
1,0,1,423,211547,190
1,0,1,424,212047,189
1,0,1,425,212547,189
1,0,1,426,213047,190
1,0,1,427,213547,189
1,0,1,428,214047,189
1,0,1,429,214547,189
1,0,1,430,215047,189
1,0,1,431,215547,189
1,0,1,432,216047,187
1,0,1,433,216547,188
1,0,1,434,217047,188
1,0,1,435,217547,187
1,0,1,436,218047,187
1,0,1,437,218547,187
1,0,1,438,219047,186
1,0,1,439,219547,187
1,0,1,440,220047,186
1,0,1,441,220547,184
1,0,1,442,221047,185
1,0,1,443,221547,184
1,0,1,444,222047,183
1,0,1,445,222547,183
1,0,1,446,223047,183
1,0,1,447,223547,183
1,0,1,448,224047,183
1,0,1,449,224547,181
1,0,1,450,225047,181
1,0,1,451,225547,179
1,0,1,452,226047,181
1,0,1,453,226547,179
1,0,1,454,227047,175
1,0,1,455,227547,176
1,0,1,456,228047,175
1,0,1,457,228547,174
1,0,1,458,229047,173
1,0,1,459,229547,173
1,0,1,460,230047,173
1,0,1,461,230547,171
1,0,1,462,231047,169
1,0,1,463,231547,170
1,0,1,464,232047,169
1,0,1,465,232547,167
1,0,1,466,233047,168
1,0,1,467,233547,165
1,0,1,468,234047,165
1,0,1,469,234547,164
1,0,1,470,235047,163
1,0,1,471,235547,159
1,0,1,472,236047,156
1,0,1,473,236547,155
1,0,1,474,237047,155
1,0,1,475,237547,155
1,0,1,476,238047,155
1,0,1,477,238547,153
1,0,1,478,239047,152
1,0,1,479,239547,151
1,0,1,480,240047,151
1,0,1,481,240547,149
1,0,1,482,241047,147
1,0,1,483,241547,147
1,0,1,484,242047,147
1,0,1,485,242547,143
1,0,1,486,243047,141
1,0,1,487,243547,141
1,0,1,488,244047,141
1,0,1,489,244547,139
1,0,1,490,245047,137
1,0,1,491,245547,135
1,0,1,492,246047,137
1,0,1,493,246547,135
1,0,1,494,247047,134
1,0,1,495,247547,133
1,0,1,496,248047,132
1,0,1,497,248547,127
1,0,1,498,249047,125
1,0,1,499,249547,125
1,0,1,500,250047,125
1,0,1,501,250547,123
1,0,1,502,251047,123
1,0,1,503,251547,122
1,0,1,504,252047,123
1,0,1,505,252547,121
1,0,1,506,253047,121
1,0,1,507,253547,117
1,0,1,508,254047,120
1,0,1,509,254547,119
1,0,1,510,255047,118
1,0,1,511,255547,117
1,0,1,512,256047,117
1,0,1,513,256547,116
1,0,1,514,257047,115
1,0,1,515,257547,114
1,0,1,516,258047,112
1,0,1,517,258547,115
1,0,1,518,259047,114
1,0,1,519,259547,111
1,0,1,520,260047,111
1,0,1,521,260547,109
1,0,1,522,261047,109
1,0,1,523,261547,109
1,0,1,524,262047,109
1,0,1,525,262547,109
1,0,1,526,263047,109
1,0,1,527,263547,107
1,0,1,528,264047,107
1,0,1,529,264547,106
1,0,1,530,265047,107
1,0,1,531,265547,106
1,0,1,532,266047,105
1,0,1,533,266547,105
1,0,1,534,267047,104
1,0,1,535,267547,103
1,0,1,536,268047,103
1,0,1,537,268547,103
1,0,1,538,269047,101
1,0,1,539,269547,103
1,0,1,540,270047,103
1,0,1,541,270547,101
1,0,1,542,271047,99
1,0,1,543,271547,99
1,0,1,544,272047,99
1,0,1,545,272547,99
1,0,1,546,273047,95
1,0,1,547,273547,95
1,0,1,548,274047,95
1,0,1,549,274547,93
1,0,1,550,275047,93
1,0,1,551,275547,91
1,0,1,552,276047,92
1,0,1,553,276547,91
1,0,1,554,277047,91
1,0,1,555,277547,89
1,0,1,556,278047,89
1,0,1,557,278547,87
1,0,1,558,279047,89
1,0,1,559,279547,86
1,0,1,560,280047,87
1,0,1,561,280547,85
1,0,1,562,281047,85
1,0,1,563,281547,84
1,0,1,564,282047,84
1,0,1,565,282547,83
1,0,1,566,283047,81
1,0,1,567,283547,79
1,0,1,568,284047,79
1,0,1,569,284547,77
1,0,1,570,285047,77
1,0,1,571,285547,76
1,0,1,572,286047,75
1,0,1,573,286547,75
1,0,1,574,287047,73
1,0,1,575,287547,73
1,0,1,576,288047,73
1,0,1,577,288547,71
1,0,1,578,289047,71
1,0,1,579,289547,69
1,0,1,580,290047,71
1,0,1,581,290547,69
1,0,1,582,291047,69
1,0,1,583,291547,67
1,0,1,584,292047,63
1,0,1,585,292547,63
1,0,1,586,293047,61
1,0,1,587,293547,61
1,0,1,588,294047,60
1,0,1,589,294547,59
1,0,1,590,295047,60
1,0,1,591,295547,59
1,0,1,592,296047,58
1,0,1,593,296547,57
1,0,1,594,297047,57
1,0,1,595,297547,57
1,0,1,596,298047,55
1,0,1,597,298547,55
1,0,1,598,299047,55
1,0,1,599,299547,56
1,0,1,600,300047,55
1,0,1,601,300547,55
1,0,1,602,301047,54
1,0,1,603,301547,53
1,0,1,604,302047,53
1,0,1,605,302547,53
1,0,1,606,303047,53
1,0,1,607,303547,53
1,0,1,608,304047,53
1,0,1,609,304547,52
1,0,1,610,305047,51
1,0,1,611,305547,47
1,0,1,612,306047,51
1,0,1,613,306547,47
1,0,1,614,307047,47
1,0,1,615,307547,48
1,0,1,616,308047,47
1,0,1,617,308547,47
1,0,1,618,309047,45
1,0,1,619,309547,51
1,0,1,620,310047,46
1,0,1,621,310547,45
1,0,1,622,311047,46
1,0,1,623,311547,45
1,0,1,624,312047,45
1,0,1,625,312547,46
1,0,1,626,313047,45
1,0,1,627,313547,45
1,0,1,628,314047,45
1,0,1,629,314547,45
1,0,1,630,315047,43
1,0,1,631,315547,45
1,0,1,632,316047,44
1,0,1,633,316547,45
1,0,1,634,317047,45
1,0,1,635,317547,45
1,0,1,636,318047,44
1,0,1,637,318547,45
1,0,1,638,319047,43
1,0,1,639,319547,45
1,0,1,640,320047,45
1,0,1,641,320547,44
1,0,1,642,321047,44
1,0,1,643,321547,45
1,0,1,644,322047,44
1,0,1,645,322547,45
1,0,1,646,323047,44
1,0,1,647,323547,45
1,0,1,648,324047,45
1,0,1,649,324547,45
1,0,1,650,325047,45
1,0,1,651,325547,44
1,0,1,652,326047,45
1,0,1,653,326547,45
1,0,1,654,327047,45
1,0,1,655,327547,45
1,0,1,656,328047,47
1,0,1,657,328547,47
1,0,1,658,329047,46
1,0,1,659,329547,45
1,0,1,660,330047,45
1,0,1,661,330547,47
1,0,1,662,331047,47
1,0,1,663,331547,46
1,0,1,664,332047,47
1,0,1,665,332547,47
1,0,1,666,333047,47
1,0,1,667,333547,49
1,0,1,668,334047,47
1,0,1,669,334547,47
1,0,1,670,335047,48
1,0,1,671,335547,47
1,0,1,672,336047,51
1,0,1,673,336547,51
1,0,1,674,337047,52
1,0,1,675,337547,51
1,0,1,676,338047,51
1,0,1,677,338547,52
1,0,1,678,339047,51
1,0,1,679,339547,51
1,0,1,680,340047,53
1,0,1,681,340547,52
1,0,1,682,341047,53
1,0,1,683,341547,53
1,0,1,684,342047,52
1,0,1,685,342547,53
1,0,1,686,343047,53
1,0,1,687,343547,53
1,0,1,688,344047,55
1,0,1,689,344547,53
1,0,1,690,345047,54
1,0,1,691,345547,53
1,0,1,692,346047,53
1,0,1,693,346547,55
1,0,1,694,347047,55
1,0,1,695,347547,56
1,0,1,696,348047,55
1,0,1,697,348547,55
1,0,1,698,349047,56
1,0,1,699,349547,55
1,0,1,700,350047,57
1,0,1,701,350547,57
1,0,1,702,351047,57
1,0,1,703,351547,57
1,0,1,704,352047,56
1,0,1,705,352547,57
1,0,1,706,353047,57
1,0,1,707,353547,56
1,0,1,708,354047,56
1,0,1,709,354547,56
1,0,1,710,355047,57
1,0,1,711,355547,57
1,0,1,712,356047,57
1,0,1,713,356547,58
1,0,1,714,357047,57
1,0,1,715,357547,57
1,0,1,716,358047,57
1,0,1,717,358547,56
1,0,1,718,359047,57
1,0,1,719,359547,56
1,0,1,720,360047,57
1,0,1,721,360547,57
1,0,1,722,361047,55
1,0,1,723,361547,57
1,0,1,724,362047,57
1,0,1,725,362547,57
1,0,1,726,363047,56
1,0,1,727,363547,57
1,0,1,728,364047,55
1,0,1,729,364547,56
1,0,1,730,365047,57
1,0,1,731,365547,57
1,0,1,732,366047,56
1,0,1,733,366547,56
1,0,1,734,367047,56
1,0,1,735,367547,55
1,0,1,736,368047,56
1,0,1,737,368547,55
1,0,1,738,369047,55
1,0,1,739,369547,55
1,0,1,740,370047,54
1,0,1,741,370547,55
1,0,1,742,371047,54
1,0,1,743,371547,53
1,0,1,744,372047,53
1,0,1,745,372547,53
1,0,1,746,373047,52
1,0,1,747,373547,53
1,0,1,748,374047,51
1,0,1,749,374547,52
1,0,1,750,375047,50
1,0,1,751,375547,52
1,0,1,752,376047,50
1,0,1,753,376547,47
1,0,1,754,377047,48
1,0,1,755,377547,45
1,0,1,756,378047,47
1,0,1,757,378547,45
1,0,1,758,379047,45
1,0,1,759,379547,45
1,0,1,760,380047,45
1,0,1,761,380547,44
1,0,1,762,381047,44
1,0,1,763,381547,44
1,0,1,764,382047,43
1,0,1,765,382547,43
1,0,1,766,383047,41
1,0,1,767,383547,43
1,0,1,768,384047,41
1,0,1,769,384547,42
1,0,1,770,385047,41
1,0,1,771,385547,40
1,0,1,772,386047,41
1,0,1,773,386547,41
1,0,1,774,387047,39
1,0,1,775,387547,39
1,0,1,776,388047,38
1,0,1,777,388547,39
1,0,1,778,389047,37
1,0,1,779,389547,37
1,0,1,780,390047,36
1,0,1,781,390547,30
1,0,1,782,391047,35
1,0,1,783,391547,35
1,0,1,784,392047,35
1,0,1,785,392547,31
1,0,1,786,393047,31
1,0,1,787,393547,30
1,0,1,788,394047,29
1,0,1,789,394547,29
1,0,1,790,395047,27
1,0,1,791,395547,28
1,0,1,792,396047,26
1,0,1,793,396547,26
1,0,1,794,397047,25
1,0,1,795,397547,27
1,0,1,796,398047,25
1,0,1,797,398547,21
1,0,1,798,399047,25
1,0,1,799,399547,23
1,0,1,800,400047,22
1,0,1,801,400547,21
1,0,1,802,401047,21
1,0,1,803,401547,21
1,0,1,804,402047,21
1,0,1,805,402547,21
1,0,1,806,403047,20
1,0,1,807,403547,20
1,0,1,808,404047,19
1,0,1,809,404547,19
1,0,1,810,405047,17
1,0,1,811,405547,18
1,0,1,812,406047,19
1,0,1,813,406547,18
1,0,1,814,407047,13
1,0,1,815,407547,17
1,0,1,816,408047,16
1,0,1,817,408547,16
1,0,1,818,409047,13
1,0,1,819,409547,13
1,0,1,820,410047,11
1,0,1,821,410547,11
1,0,1,822,411047,11
1,0,1,823,411547,11
1,0,1,824,412047,10
1,0,1,825,412547,12
1,0,1,826,413047,9
1,0,1,827,413547,10
1,0,1,828,414047,9
1,0,1,829,414547,8
1,0,1,830,415047,7
1,0,1,831,415547,5
1,0,1,832,416047,5
1,0,1,833,416547,3
1,0,1,834,417047,5
1,0,1,835,417547,5
1,0,1,836,418047,4
1,0,1,837,418547,3
1,0,1,838,419047,3
1,0,1,839,419547,3
1,0,1,840,420047,2
1,0,1,841,420547,1
1,0,1,842,421047,1
1,0,1,843,421547,0
1,0,1,844,422047,1
1,0,1,845,422547,0
1,0,1,846,423047,0
1,0,1,847,423547,0
1,0,1,848,424047,0
1,0,1,849,424547,0
1,0,1,850,425047,0
1,0,1,851,425547,0
1,0,1,852,426047,0
1,0,1,853,426547,0
1,0,1,854,427047,0
1,0,1,855,427547,0
1,0,1,856,428047,0
1,0,1,857,428547,0
1,0,1,858,429047,0
1,0,1,859,429547,0
1,0,1,860,430047,0
1,0,1,861,430547,0
1,0,1,862,431047,0
1,0,1,863,431547,0
1,0,1,864,432047,0
1,0,1,865,432547,0
1,0,1,866,433047,0
1,0,1,867,433547,0
1,0,1,868,434047,0
1,0,1,869,434547,0
1,0,1,870,435047,0
1,0,1,871,435547,0
1,0,1,872,436047,0
1,0,1,873,436547,0
1,0,1,874,437047,0
1,0,1,875,437547,0
1,0,1,876,438047,0
1,0,1,877,438547,0
1,0,1,878,439047,0
1,0,1,879,439547,0
1,0,1,880,440047,0
1,0,1,881,440547,0
1,0,1,882,441047,0
1,0,1,883,441547,0
1,0,1,884,442047,0
1,0,1,885,442547,0
1,0,1,886,443047,0
1,0,1,887,443547,0
1,0,1,888,444047,0
1,0,1,889,444547,0
1,0,1,890,445047,0
1,0,1,891,445547,0
1,0,1,892,446047,0
1,0,1,893,446547,0
1,0,1,894,447047,0
1,0,1,895,447547,0
1,0,1,896,448047,0
1,0,1,897,448547,0
1,0,1,898,449047,0
1,0,1,899,449547,0
1,0,1,900,450047,0
1,0,1,901,450547,0
1,0,1,902,451047,0
1,0,1,903,451547,0
1,0,1,904,452047,0
1,0,1,905,452547,0
1,0,1,906,453047,0
1,0,1,907,453547,0
1,0,1,908,454047,0
1,0,1,909,454547,0
1,0,1,910,455047,0
1,0,1,911,455547,0
1,0,1,912,456047,0
1,0,1,913,456547,0
1,0,1,914,457047,0
1,0,1,915,457547,0
1,0,1,916,458047,0
1,0,1,917,458547,0
1,0,1,918,459047,0
1,0,1,919,459547,0
1,0,1,920,460047,0
1,0,1,921,460547,0
1,0,1,922,461047,0
1,0,1,923,461547,0
1,0,1,924,462047,0
1,0,1,925,462547,0
1,0,1,926,463047,0
1,0,1,927,463547,0
1,0,1,928,464047,0
1,0,1,929,464547,0
1,0,1,930,465047,0
1,0,1,931,465547,0
1,0,1,932,466047,0
1,0,1,933,466547,0
1,0,1,934,467047,0
1,0,1,935,467547,0
1,0,1,936,468047,0
1,0,1,937,468547,0
1,0,1,938,469047,0
1,0,1,939,469547,0
1,0,1,940,470047,0
1,0,1,941,470547,0
1,0,1,942,471047,0
1,0,1,943,471547,0
1,0,1,944,472047,0
1,0,1,945,472547,0
1,0,1,946,473047,0
1,0,1,947,473547,0
1,0,1,948,474047,0
1,0,1,949,474547,0
1,0,1,950,475047,0
1,0,1,951,475547,0
1,0,1,952,476047,0
1,0,1,953,476547,0
1,0,1,954,477047,0
1,0,1,955,477547,0
1,0,1,956,478047,0
1,0,1,957,478547,0
1,0,1,958,479047,0
1,0,1,959,479547,0
1,0,1,960,480047,0
1,0,1,961,480547,0
1,0,1,962,481047,0
1,0,1,963,481547,0
1,0,1,964,482047,0
1,0,1,965,482547,0
1,0,1,966,483047,0
1,0,1,967,483547,0
1,0,1,968,484047,0
1,0,1,969,484547,0
1,0,1,970,485047,0
1,0,1,971,485547,0
1,0,1,972,486047,0
1,0,1,973,486547,0
1,0,1,974,487047,0
1,0,1,975,487547,0
1,0,1,976,488047,0
1,0,1,977,488547,0
1,0,1,978,489047,0
1,0,1,979,489547,0
1,0,1,980,490047,0
1,0,1,981,490547,0
1,0,1,982,491047,0
1,0,1,983,491547,0
1,0,1,984,492047,0
1,0,1,985,492547,0
1,0,1,986,493047,0
1,0,1,987,493547,0
1,0,1,988,494047,0
1,0,1,989,494547,0
1,0,1,990,495047,0
1,0,1,991,495547,0
1,0,1,992,496047,0
1,0,1,993,496547,0
1,0,1,994,497047,0
1,0,1,995,497547,0
1,0,1,996,498047,0
1,0,1,997,498547,0
1,0,1,998,499047,0
1,0,1,999,499547,0
1,0,1,1000,500047,0
1,0,1,1001,500547,0
1,0,1,1002,501047,0
1,0,1,1003,501547,0
1,0,1,1004,502047,0
1,0,1,1005,502547,0
1,0,1,1006,503047,0
1,0,1,1007,503547,0
1,0,1,1008,504047,0
1,0,1,1009,504547,0
1,0,1,1010,505047,0
1,0,1,1011,505547,0
1,0,1,1012,506047,0
1,0,1,1013,506547,0
1,0,1,1014,507047,0
1,0,1,1015,507547,0
1,0,1,1016,508047,0
1,0,1,1017,508547,0
1,0,1,1018,509047,0
1,0,1,1019,509547,0
1,0,1,1020,510047,0
1,0,1,1021,510547,0
1,0,1,1022,511047,0
1,0,1,1023,511547,0
1,0,1,1024,512047,0
1,0,1,1025,512547,0
1,0,1,1026,513047,0
1,0,1,1027,513547,0
1,0,1,1028,514047,0
1,0,1,1029,514547,0
1,0,1,1030,515047,0
1,0,1,1031,515547,0
1,0,1,1032,516047,0
1,0,1,1033,516547,0
1,0,1,1034,517047,0
1,0,1,1035,517547,0
1,0,1,1036,518047,0
1,0,1,1037,518547,0
1,0,1,1038,519047,0
1,0,1,1039,519547,0
1,0,1,1040,520047,0
1,0,1,1041,520547,0
1,0,1,1042,521047,0
1,0,1,1043,521547,0
1,0,1,1044,522047,0
1,0,1,1045,522547,0
1,0,1,1046,523047,0
1,0,1,1047,523547,0
1,0,1,1048,524047,0
1,0,1,1049,524547,0
1,0,1,1050,525047,0
1,0,1,1051,525547,2
1,0,1,1052,526047,1
1,0,1,1053,526547,4
1,0,1,1054,527047,5
1,0,1,1055,527547,7
1,0,1,1056,528047,9
1,0,1,1057,528547,10
1,0,1,1058,529047,13
1,0,1,1059,529547,17
1,0,1,1060,530047,17
1,0,1,1061,530547,20
1,0,1,1062,531047,21
1,0,1,1063,531547,23
1,0,1,1064,532047,25
1,0,1,1065,532547,27
1,0,1,1066,533047,29
1,0,1,1067,533547,30
1,0,1,1068,534047,35
1,0,1,1069,534547,37
1,0,1,1070,535047,39
1,0,1,1071,535547,41
1,0,1,1072,536047,43
1,0,1,1073,536547,45
1,0,1,1074,537047,47
1,0,1,1075,537547,53
1,0,1,1076,538047,55
1,0,1,1077,538547,55
1,0,1,1078,539047,56
1,0,1,1079,539547,60
1,0,1,1080,540047,61
1,0,1,1081,540547,67
1,0,1,1082,541047,69
1,0,1,1083,541547,73
1,0,1,1084,542047,75
1,0,1,1085,542547,75
1,0,1,1086,543047,79
1,0,1,1087,543547,83
1,0,1,1088,544047,85
1,0,1,1089,544547,86
1,0,1,1090,545047,88
1,0,1,1091,545547,91
1,0,1,1092,546047,93
1,0,1,1093,546547,95
1,0,1,1094,547047,101
1,0,1,1095,547547,101
1,0,1,1096,548047,103
1,0,1,1097,548547,106
1,0,1,1098,549047,107
1,0,1,1099,549547,109
1,0,1,1100,550047,111
1,0,1,1101,550547,115
1,0,1,1102,551047,117
1,0,1,1103,551547,119
1,0,1,1104,552047,122
1,0,1,1105,552547,123
1,0,1,1106,553047,123
1,0,1,1107,553547,125
1,0,1,1108,554047,133
1,0,1,1109,554547,135
1,0,1,1110,555047,135
1,0,1,1111,555547,137
1,0,1,1112,556047,137
1,0,1,1113,556547,140
1,0,1,1114,557047,141
1,0,1,1115,557547,142
1,0,1,1116,558047,147
1,0,1,1117,558547,147
1,0,1,1118,559047,149
1,0,1,1119,559547,149
1,0,1,1120,560047,151
1,0,1,1121,560547,151
1,0,1,1122,561047,155
1,0,1,1123,561547,155
1,0,1,1124,562047,155
1,0,1,1125,562547,156
1,0,1,1126,563047,157
1,0,1,1127,563547,159
1,0,1,1128,564047,159
1,0,1,1129,564547,157
1,0,1,1130,565047,163
1,0,1,1131,565547,163
1,0,1,1132,566047,164
1,0,1,1133,566547,167
1,0,1,1134,567047,166
1,0,1,1135,567547,167
1,0,1,1136,568047,166
1,0,1,1137,568547,168
1,0,1,1138,569047,171
1,0,1,1139,569547,167
1,0,1,1140,570047,171
1,0,1,1141,570547,170
1,0,1,1142,571047,171
1,0,1,1143,571547,169
1,0,1,1144,572047,171
1,0,1,1145,572547,171
1,0,1,1146,573047,171
1,0,1,1147,573547,173
1,0,1,1148,574047,173
1,0,1,1149,574547,173
1,0,1,1150,575047,171
1,0,1,1151,575547,173
1,0,1,1152,576047,171
1,0,1,1153,576547,171
1,0,1,1154,577047,170
1,0,1,1155,577547,171
1,0,1,1156,578047,170
1,0,1,1157,578547,169
1,0,1,1158,579047,169
1,0,1,1159,579547,168
1,0,1,1160,580047,167
1,0,1,1161,580547,167
1,0,1,1162,581047,167
1,0,1,1163,581547,165
1,0,1,1164,582047,165
1,0,1,1165,582547,165
1,0,1,1166,583047,164
1,0,1,1167,583547,160
1,0,1,1168,584047,159
1,0,1,1169,584547,159
1,0,1,1170,585047,157
1,0,1,1171,585547,157
1,0,1,1172,586047,143
1,0,1,1173,586547,152
1,0,1,1174,587047,154
1,0,1,1175,587547,154
1,0,1,1176,588047,145
1,0,1,1177,588547,152
1,0,1,1178,589047,139
1,0,1,1179,589547,149
1,0,1,1180,590047,147
1,0,1,1181,590547,149
1,0,1,1182,591047,148
1,0,1,1183,591547,148
1,0,1,1184,592047,147
1,0,1,1185,592547,147
1,0,1,1186,593047,143
1,0,1,1187,593547,143
1,0,1,1188,594047,141
1,0,1,1189,594547,141
1,0,1,1190,595047,141
1,0,1,1191,595547,139
1,0,1,1192,596047,139
1,0,1,1193,596547,137
1,0,1,1194,597047,137
1,0,1,1195,597547,135
1,0,1,1196,598047,135
1,0,1,1197,598547,134
1,0,1,1198,599047,127
1,0,1,1199,599547,133
1,0,1,1200,600047,127
1,0,1,1201,600547,125
1,0,1,1202,601047,125
1,0,1,1203,601547,123
1,0,1,1204,602047,123
1,0,1,1205,602547,120
1,0,1,1206,603047,119
1,0,1,1207,603547,121
1,0,1,1208,604047,119
1,0,1,1209,604547,119
1,0,1,1210,605047,119
1,0,1,1211,605547,118
1,0,1,1212,606047,117
1,0,1,1213,606547,115
1,0,1,1214,607047,115
1,0,1,1215,607547,111
1,0,1,1216,608047,112
1,0,1,1217,608547,111
1,0,1,1218,609047,109
1,0,1,1219,609547,109
1,0,1,1220,610047,109
1,0,1,1221,610547,109
1,0,1,1222,611047,108
1,0,1,1223,611547,107
1,0,1,1224,612047,107
1,0,1,1225,612547,103
1,0,1,1226,613047,105
1,0,1,1227,613547,103
1,0,1,1228,614047,103
1,0,1,1229,614547,104
1,0,1,1230,615047,103
1,0,1,1231,615547,103
1,0,1,1232,616047,101
1,0,1,1233,616547,102
1,0,1,1234,617047,100
1,0,1,1235,617547,100
1,0,1,1236,618047,100
1,0,1,1237,618547,99
1,0,1,1238,619047,99
1,0,1,1239,619547,99
1,0,1,1240,620047,98
1,0,1,1241,620547,98
1,0,1,1242,621047,99
1,0,1,1243,621547,98
1,0,1,1244,622047,99
1,0,1,1245,622547,93
1,0,1,1246,623047,97
1,0,1,1247,623547,95
1,0,1,1248,624047,95
1,0,1,1249,624547,94
1,0,1,1250,625047,94
1,0,1,1251,625547,94
1,0,1,1252,626047,93
1,0,1,1253,626547,93
1,0,1,1254,627047,93
1,0,1,1255,627547,99
1,0,1,1256,628047,93
1,0,1,1257,628547,93
1,0,1,1258,629047,93
1,0,1,1259,629547,92
1,0,1,1260,630047,93
1,0,1,1261,630547,91
1,0,1,1262,631047,91
1,0,1,1263,631547,92
1,0,1,1264,632047,92
1,0,1,1265,632547,92
1,0,1,1266,633047,90
1,0,1,1267,633547,89
1,0,1,1268,634047,90
1,0,1,1269,634547,91
1,0,1,1270,635047,89
1,0,1,1271,635547,90
1,0,1,1272,636047,89
1,0,1,1273,636547,89
1,0,1,1274,637047,90
1,0,1,1275,637547,87
1,0,1,1276,638047,89
1,0,1,1277,638547,89
1,0,1,1278,639047,88
1,0,1,1279,639547,89
1,0,1,1280,640047,88
1,0,1,1281,640547,89
1,0,1,1282,641047,88
1,0,1,1283,641547,89
1,0,1,1284,642047,88
1,0,1,1285,642547,88
1,0,1,1286,643047,87
1,0,1,1287,643547,88
1,0,1,1288,644047,87
1,0,1,1289,644547,87
1,0,1,1290,645047,88
1,0,1,1291,645547,87
1,0,1,1292,646047,88
1,0,1,1293,646547,88
1,0,1,1294,647047,88
1,0,1,1295,647547,89
1,0,1,1296,648047,87
1,0,1,1297,648547,88
1,0,1,1298,649047,87
1,0,1,1299,649547,89
1,0,1,1300,650047,88
1,0,1,1301,650547,89
1,0,1,1302,651047,89
1,0,1,1303,651547,88
1,0,1,1304,652047,89
1,0,1,1305,652547,89
1,0,1,1306,653047,89
1,0,1,1307,653547,89
1,0,1,1308,654047,88
1,0,1,1309,654547,90
1,0,1,1310,655047,89
1,0,1,1311,655547,91
1,0,1,1312,656047,91
1,0,1,1313,656547,91
1,0,1,1314,657047,92
1,0,1,1315,657547,90
1,0,1,1316,658047,90
1,0,1,1317,658547,91
1,0,1,1318,659047,91
1,0,1,1319,659547,91
1,0,1,1320,660047,91
1,0,1,1321,660547,93
1,0,1,1322,661047,91
1,0,1,1323,661547,93
1,0,1,1324,662047,93
1,0,1,1325,662547,92
1,0,1,1326,663047,93
1,0,1,1327,663547,93
1,0,1,1328,664047,93
1,0,1,1329,664547,94
1,0,1,1330,665047,91
1,0,1,1331,665547,93
1,0,1,1332,666047,95
1,0,1,1333,666547,94
1,0,1,1334,667047,95
1,0,1,1335,667547,95
1,0,1,1336,668047,94
1,0,1,1337,668547,95
1,0,1,1338,669047,98
1,0,1,1339,669547,98
1,0,1,1340,670047,99
1,0,1,1341,670547,99
1,0,1,1342,671047,98
1,0,1,1343,671547,99
1,0,1,1344,672047,98
1,0,1,1345,672547,99
1,0,1,1346,673047,97
1,0,1,1347,673547,100
1,0,1,1348,674047,99
1,0,1,1349,674547,100
1,0,1,1350,675047,99
1,0,1,1351,675547,99
1,0,1,1352,676047,100
1,0,1,1353,676547,99
1,0,1,1354,677047,100
1,0,1,1355,677547,100
1,0,1,1356,678047,102
1,0,1,1357,678547,101
1,0,1,1358,679047,100
1,0,1,1359,679547,102
1,0,1,1360,680047,103
1,0,1,1361,680547,103
1,0,1,1362,681047,104
1,0,1,1363,681547,103
1,0,1,1364,682047,104
1,0,1,1365,682547,105
1,0,1,1366,683047,105
1,0,1,1367,683547,105
1,0,1,1368,684047,105
1,0,1,1369,684547,105
1,0,1,1370,685047,107
1,0,1,1371,685547,105
1,0,1,1372,686047,107
1,0,1,1373,686547,109
1,0,1,1374,687047,107
1,0,1,1375,687547,107
1,0,1,1376,688047,109
1,0,1,1377,688547,109
1,0,1,1378,689047,111
1,0,1,1379,689547,109
1,0,1,1380,690047,110
1,0,1,1381,690547,110
1,0,1,1382,691047,112
1,0,1,1383,691547,114
1,0,1,1384,692047,115
1,0,1,1385,692547,114
1,0,1,1386,693047,117
1,0,1,1387,693547,115
1,0,1,1388,694047,117
1,0,1,1389,694547,117
1,0,1,1390,695047,118
1,0,1,1391,695547,119
1,0,1,1392,696047,117
1,0,1,1393,696547,118
1,0,1,1394,697047,119
1,0,1,1395,697547,121
1,0,1,1396,698047,121
1,0,1,1397,698547,121
1,0,1,1398,699047,121
1,0,1,1399,699547,121
1,0,1,1400,700047,121
1,0,1,1401,700547,121
1,0,1,1402,701047,122
1,0,1,1403,701547,122
1,0,1,1404,702047,123
1,0,1,1405,702547,123
1,0,1,1406,703047,123
1,0,1,1407,703547,123
1,0,1,1408,704047,123
1,0,1,1409,704547,124
1,0,1,1410,705047,125
1,0,1,1411,705547,125
1,0,1,1412,706047,124
1,0,1,1413,706547,125
1,0,1,1414,707047,125
1,0,1,1415,707547,126
1,0,1,1416,708047,127
1,0,1,1417,708547,131
1,0,1,1418,709047,127
1,0,1,1419,709547,127
1,0,1,1420,710047,127
1,0,1,1421,710547,127
1,0,1,1422,711047,133
1,0,1,1423,711547,132
1,0,1,1424,712047,132
1,0,1,1425,712547,133
1,0,1,1426,713047,133
1,0,1,1427,713547,132
1,0,1,1428,714047,133
1,0,1,1429,714547,135
1,0,1,1430,715047,133
1,0,1,1431,715547,135
1,0,1,1432,716047,133
1,0,1,1433,716547,133
1,0,1,1434,717047,135
1,0,1,1435,717547,133
1,0,1,1436,718047,133
1,0,1,1437,718547,133
1,0,1,1438,719047,133
1,0,1,1439,719547,133
1,0,1,1440,720047,133
1,0,1,1441,720547,137
1,0,1,1442,721047,133
1,0,1,1443,721547,133
1,0,1,1444,722047,135
1,0,1,1445,722547,133
1,0,1,1446,723047,133
1,0,1,1447,723547,133
1,0,1,1448,724047,134
1,0,1,1449,724547,133
1,0,1,1450,725047,133
1,0,1,1451,725547,135
1,0,1,1452,726047,134
1,0,1,1453,726547,133
1,0,1,1454,727047,128
1,0,1,1455,727547,133
1,0,1,1456,728047,133
1,0,1,1457,728547,133
1,0,1,1458,729047,131
1,0,1,1459,729547,132
1,0,1,1460,730047,127
1,0,1,1461,730547,133
1,0,1,1462,731047,127
1,0,1,1463,731547,133
1,0,1,1464,732047,125
1,0,1,1465,732547,126
1,0,1,1466,733047,127
1,0,1,1467,733547,126
1,0,1,1468,734047,127
1,0,1,1469,734547,125
1,0,1,1470,735047,127
1,0,1,1471,735547,124
1,0,1,1472,736047,126
1,0,1,1473,736547,125
1,0,1,1474,737047,125
1,0,1,1475,737547,125
1,0,1,1476,738047,125
1,0,1,1477,738547,124
1,0,1,1478,739047,123
1,0,1,1479,739547,125
1,0,1,1480,740047,123
1,0,1,1481,740547,123
1,0,1,1482,741047,123
1,0,1,1483,741547,125
1,0,1,1484,742047,121
1,0,1,1485,742547,122
1,0,1,1486,743047,122
1,0,1,1487,743547,121
1,0,1,1488,744047,121
1,0,1,1489,744547,121
1,0,1,1490,745047,121
1,0,1,1491,745547,120
1,0,1,1492,746047,119
1,0,1,1493,746547,119
1,0,1,1494,747047,119
1,0,1,1495,747547,119
1,0,1,1496,748047,120
1,0,1,1497,748547,119
1,0,1,1498,749047,118
1,0,1,1499,749547,118
1,0,1,1500,750047,119
1,0,1,1501,750547,110
1,0,1,1502,751047,117
1,0,1,1503,751547,117
1,0,1,1504,752047,117
1,0,1,1505,752547,119
1,0,1,1506,753047,117
1,0,1,1507,753547,111
1,0,1,1508,754047,116
1,0,1,1509,754547,117
1,0,1,1510,755047,116
1,0,1,1511,755547,117
1,0,1,1512,756047,115
1,0,1,1513,756547,116
1,0,1,1514,757047,115
1,0,1,1515,757547,115
1,0,1,1516,758047,115
1,0,1,1517,758547,115
1,0,1,1518,759047,115
1,0,1,1519,759547,112
1,0,1,1520,760047,115
1,0,1,1521,760547,114
1,0,1,1522,761047,115
1,0,1,1523,761547,114
1,0,1,1524,762047,115
1,0,1,1525,762547,111
1,0,1,1526,763047,111
1,0,1,1527,763547,115
1,0,1,1528,764047,111
1,0,1,1529,764547,112
1,0,1,1530,765047,115
1,0,1,1531,765547,115
1,0,1,1532,766047,115
1,0,1,1533,766547,115
1,0,1,1534,767047,115
1,0,1,1535,767547,115
1,0,1,1536,768047,112
1,0,1,1537,768547,115
1,0,1,1538,769047,115
1,0,1,1539,769547,117
1,0,1,1540,770047,116
1,0,1,1541,770547,116
1,0,1,1542,771047,117
1,0,1,1543,771547,116
1,0,1,1544,772047,117
1,0,1,1545,772547,118
1,0,1,1546,773047,118
1,0,1,1547,773547,120
1,0,1,1548,774047,119
1,0,1,1549,774547,119
1,0,1,1550,775047,119
1,0,1,1551,775547,121
1,0,1,1552,776047,120
1,0,1,1553,776547,123
1,0,1,1554,777047,123
1,0,1,1555,777547,123
1,0,1,1556,778047,123
1,0,1,1557,778547,123
1,0,1,1558,779047,125
1,0,1,1559,779547,123
1,0,1,1560,780047,125
1,0,1,1561,780547,126
1,0,1,1562,781047,127
1,0,1,1563,781547,127
1,0,1,1564,782047,134
1,0,1,1565,782547,133
1,0,1,1566,783047,135
1,0,1,1567,783547,134
1,0,1,1568,784047,137
1,0,1,1569,784547,135
1,0,1,1570,785047,137
1,0,1,1571,785547,138
1,0,1,1572,786047,138
1,0,1,1573,786547,139
1,0,1,1574,787047,140
1,0,1,1575,787547,139
1,0,1,1576,788047,141
1,0,1,1577,788547,141
1,0,1,1578,789047,141
1,0,1,1579,789547,143
1,0,1,1580,790047,143
1,0,1,1581,790547,148
1,0,1,1582,791047,143
1,0,1,1583,791547,147
1,0,1,1584,792047,143
1,0,1,1585,792547,144
1,0,1,1586,793047,149
1,0,1,1587,793547,149
1,0,1,1588,794047,149
1,0,1,1589,794547,143
1,0,1,1590,795047,149
1,0,1,1591,795547,149
1,0,1,1592,796047,150
1,0,1,1593,796547,151
1,0,1,1594,797047,150
1,0,1,1595,797547,149
1,0,1,1596,798047,153
1,0,1,1597,798547,152
1,0,1,1598,799047,151
1,0,1,1599,799547,151
1,0,1,1600,800047,152
1,0,1,1601,800547,152
1,0,1,1602,801047,153
1,0,1,1603,801547,153
1,0,1,1604,802047,153
1,0,1,1605,802547,156
1,0,1,1606,803047,153
1,0,1,1607,803547,154
1,0,1,1608,804047,152
1,0,1,1609,804547,153
1,0,1,1610,805047,152
1,0,1,1611,805547,151
1,0,1,1612,806047,153
1,0,1,1613,806547,152
1,0,1,1614,807047,152
1,0,1,1615,807547,152
1,0,1,1616,808047,151
1,0,1,1617,808547,152
1,0,1,1618,809047,150
1,0,1,1619,809547,147
1,0,1,1620,810047,151
1,0,1,1621,810547,151
1,0,1,1622,811047,149
1,0,1,1623,811547,147
1,0,1,1624,812047,149
1,0,1,1625,812547,149
1,0,1,1626,813047,147
1,0,1,1627,813547,149
1,0,1,1628,814047,147
1,0,1,1629,814547,143
1,0,1,1630,815047,147
1,0,1,1631,815547,147
1,0,1,1632,816047,142
1,0,1,1633,816547,141
1,0,1,1634,817047,141
1,0,1,1635,817547,139
1,0,1,1636,818047,141
1,0,1,1637,818547,139
1,0,1,1638,819047,138
1,0,1,1639,819547,137
1,0,1,1640,820047,136
1,0,1,1641,820547,135
1,0,1,1642,821047,135
1,0,1,1643,821547,134
1,0,1,1644,822047,133
1,0,1,1645,822547,133
1,0,1,1646,823047,125
1,0,1,1647,823547,125
1,0,1,1648,824047,124
1,0,1,1649,824547,123
1,0,1,1650,825047,121
1,0,1,1651,825547,119
1,0,1,1652,826047,119
1,0,1,1653,826547,119
1,0,1,1654,827047,116
1,0,1,1655,827547,116
1,0,1,1656,828047,112
1,0,1,1657,828547,111
1,0,1,1658,829047,109
1,0,1,1659,829547,107
1,0,1,1660,830047,107
1,0,1,1661,830547,106
1,0,1,1662,831047,104
1,0,1,1663,831547,103
1,0,1,1664,832047,101
1,0,1,1665,832547,99
1,0,1,1666,833047,95
1,0,1,1667,833547,93
1,0,1,1668,834047,93
1,0,1,1669,834547,91
1,0,1,1670,835047,89
1,0,1,1671,835547,85
1,0,1,1672,836047,85
1,0,1,1673,836547,84
1,0,1,1674,837047,83
1,0,1,1675,837547,78
1,0,1,1676,838047,79
1,0,1,1677,838547,76
1,0,1,1678,839047,74
1,0,1,1679,839547,73
1,0,1,1680,840047,71
1,0,1,1681,840547,72
1,0,1,1682,841047,63
1,0,1,1683,841547,63
1,0,1,1684,842047,60
1,0,1,1685,842547,58
1,0,1,1686,843047,57
1,0,1,1687,843547,54
1,0,1,1688,844047,54
1,0,1,1689,844547,51
1,0,1,1690,845047,47
1,0,1,1691,845547,51
1,0,1,1692,846047,45
1,0,1,1693,846547,43
1,0,1,1694,847047,41
1,0,1,1695,847547,39
1,0,1,1696,848047,39
1,0,1,1697,848547,37
1,0,1,1698,849047,35
1,0,1,1699,849547,31
1,0,1,1700,850047,31
1,0,1,1701,850547,28
1,0,1,1702,851047,26
1,0,1,1703,851547,25
1,0,1,1704,852047,23
1,0,1,1705,852547,21
1,0,1,1706,853047,21
1,0,1,1707,853547,19
1,0,1,1708,854047,18
1,0,1,1709,854547,17
1,0,1,1710,855047,12
1,0,1,1711,855547,9
1,0,1,1712,856047,9
1,0,1,1713,856547,8
1,0,1,1714,857047,6
1,0,1,1715,857547,4
1,0,1,1716,858047,4
1,0,1,1717,858547,5
1,0,1,1718,859047,1
1,0,1,1719,859547,0
1,0,1,1720,860047,0
1,0,1,1721,860547,0
1,0,1,1722,861047,0
1,0,1,1723,861547,0
1,0,1,1724,862047,0
1,0,1,1725,862547,0
1,0,1,1726,863047,0
1,0,1,1727,863547,0
1,0,1,1728,864047,0
1,0,1,1729,864547,0
1,0,1,1730,865047,0
1,0,1,1731,865547,0
1,0,1,1732,866047,0
1,0,1,1733,866547,0
1,0,1,1734,867047,0
1,0,1,1735,867547,0
1,0,1,1736,868047,0
1,0,1,1737,868547,0
1,0,1,1738,869047,0
1,0,1,1739,869547,0
1,0,1,1740,870047,0
1,0,1,1741,870547,0
1,0,1,1742,871047,0
1,0,1,1743,871547,0
1,0,1,1744,872047,0
1,0,1,1745,872547,0
1,0,1,1746,873047,0
1,0,1,1747,873547,0
1,0,1,1748,874047,0
1,0,1,1749,874547,0
1,0,1,1750,875047,0
1,0,1,1751,875547,0
1,0,1,1752,876047,0
1,0,1,1753,876547,0
1,0,1,1754,877047,0
1,0,1,1755,877547,0
1,0,1,1756,878047,0
1,0,1,1757,878547,0
1,0,1,1758,879047,0
1,0,1,1759,879547,0
1,0,1,1760,880047,0
1,0,1,1761,880547,0
1,0,1,1762,881047,0
1,0,1,1763,881547,0
1,0,1,1764,882047,0
1,0,1,1765,882547,0
1,0,1,1766,883047,0
1,0,1,1767,883547,0
1,0,1,1768,884047,0
1,0,1,1769,884547,0
1,0,1,1770,885047,0
1,0,1,1771,885547,0
1,0,1,1772,886047,0
1,0,1,1773,886547,0
1,0,1,1774,887047,0
1,0,1,1775,887547,0
1,0,1,1776,888047,0
1,0,1,1777,888547,0
1,0,1,1778,889047,0
1,0,1,1779,889547,0
1,0,1,1780,890047,0
1,0,1,1781,890547,0
1,0,1,1782,891047,0
1,0,1,1783,891547,0
1,0,1,1784,892047,0
1,0,1,1785,892547,0
1,0,1,1786,893047,0
1,0,1,1787,893547,0
1,0,1,1788,894047,0
1,0,1,1789,894547,0
1,0,1,1790,895047,0
1,0,1,1791,895547,0
1,0,1,1792,896047,0
1,0,1,1793,896547,0
1,0,1,1794,897047,0
1,0,1,1795,897547,0
1,0,1,1796,898047,0
1,0,1,1797,898547,0
1,0,1,1798,899047,0
1,0,1,1799,899547,0
1,0,1,1800,900047,0
1,0,1,1801,900547,0
1,0,1,1802,901047,0
1,0,1,1803,901547,0
1,0,1,1804,902047,0
1,0,1,1805,902547,0
1,0,1,1806,903047,0
1,0,1,1807,903547,0
1,0,1,1808,904047,0
1,0,1,1809,904547,0
1,0,1,1810,905047,0
1,0,1,1811,905547,0
1,0,1,1812,906047,0
1,0,1,1813,906547,0
1,0,1,1814,907047,0
1,0,1,1815,907547,0
1,0,1,1816,908047,0
1,0,1,1817,908547,0
1,0,1,1818,909047,0
1,0,1,1819,909547,0
1,0,1,1820,910047,0
1,0,1,1821,910547,0
1,0,1,1822,911047,0
1,0,1,1823,911547,0
1,0,1,1824,912047,0
1,0,1,1825,912547,0
1,0,1,1826,913047,0
1,0,1,1827,913547,0
1,0,1,1828,914047,0
1,0,1,1829,914547,0
1,0,1,1830,915047,0
1,0,1,1831,915547,0
1,0,1,1832,916047,0
1,0,1,1833,916547,0
1,0,1,1834,917047,0
1,0,1,1835,917547,0
1,0,1,1836,918047,0
1,0,1,1837,918547,0
1,0,1,1838,919047,0
1,0,1,1839,919547,0
1,0,1,1840,920047,0
1,0,1,1841,920547,0
1,0,1,1842,921047,0
1,0,1,1843,921547,0
1,0,1,1844,922047,0
1,0,1,1845,922547,0
1,0,1,1846,923047,0
1,0,1,1847,923547,0
1,0,1,1848,924047,0
1,0,1,1849,924547,0
1,0,1,1850,925047,0
1,0,1,1851,925547,0
1,0,1,1852,926047,0
1,0,1,1853,926547,0
1,0,1,1854,927047,0
1,0,1,1855,927547,0
1,0,1,1856,928047,0
1,0,1,1857,928547,0
1,0,1,1858,929047,0
1,0,1,1859,929547,0
1,0,1,1860,930047,0
1,0,1,1861,930547,0
1,0,1,1862,931047,0
1,0,1,1863,931547,0
1,0,1,1864,932047,0
1,0,1,1865,932547,0
1,0,1,1866,933047,0
1,0,1,1867,933547,0
1,0,1,1868,934047,0
1,0,1,1869,934547,0
1,0,1,1870,935047,0
1,0,1,1871,935547,0
1,0,1,1872,936047,0
1,0,1,1873,936547,0
1,0,1,1874,937047,0
1,0,1,1875,937547,0
1,0,1,1876,938047,1
1,0,1,1877,938547,4
1,0,1,1878,939047,6
1,0,1,1879,939547,7
1,0,1,1880,940047,7
1,0,1,1881,940547,10
1,0,1,1882,941047,11
1,0,1,1883,941547,13
1,0,1,1884,942047,17
1,0,1,1885,942547,19
1,0,1,1886,943047,22
1,0,1,1887,943547,22
1,0,1,1888,944047,25
1,0,1,1889,944547,26
1,0,1,1890,945047,27
1,0,1,1891,945547,29
1,0,1,1892,946047,31
1,0,1,1893,946547,31
1,0,1,1894,947047,35
1,0,1,1895,947547,37
1,0,1,1896,948047,39
1,0,1,1897,948547,39
1,0,1,1898,949047,41
1,0,1,1899,949547,45
1,0,1,1900,950047,43
1,0,1,1901,950547,45
1,0,1,1902,951047,46
1,0,1,1903,951547,51
1,0,1,1904,952047,50
1,0,1,1905,952547,51
1,0,1,1906,953047,53
1,0,1,1907,953547,56
1,0,1,1908,954047,55
1,0,1,1909,954547,57
1,0,1,1910,955047,58
1,0,1,1911,955547,57
1,0,1,1912,956047,59
1,0,1,1913,956547,59
1,0,1,1914,957047,61
1,0,1,1915,957547,63
1,0,1,1916,958047,64
1,0,1,1917,958547,63
1,0,1,1918,959047,69
1,0,1,1919,959547,71
1,0,1,1920,960047,69
1,0,1,1921,960547,72
1,0,1,1922,961047,72
1,0,1,1923,961547,73
1,0,1,1924,962047,73
1,0,1,1925,962547,74
1,0,1,1926,963047,75
1,0,1,1927,963547,75
1,0,1,1928,964047,75
1,0,1,1929,964547,75
1,0,1,1930,965047,77
1,0,1,1931,965547,77
1,0,1,1932,966047,77
1,0,1,1933,966547,77
1,0,1,1934,967047,79
1,0,1,1935,967547,79
1,0,1,1936,968047,79
1,0,1,1937,968547,79
1,0,1,1938,969047,79
1,0,1,1939,969547,79
1,0,1,1940,970047,79
1,0,1,1941,970547,83
1,0,1,1942,971047,82
1,0,1,1943,971547,83
1,0,1,1944,972047,79
1,0,1,1945,972547,79
1,0,1,1946,973047,83
1,0,1,1947,973547,79
1,0,1,1948,974047,79
1,0,1,1949,974547,79
1,0,1,1950,975047,79
1,0,1,1951,975547,79
1,0,1,1952,976047,79
1,0,1,1953,976547,83
1,0,1,1954,977047,79
1,0,1,1955,977547,79
1,0,1,1956,978047,79
1,0,1,1957,978547,78
1,0,1,1958,979047,77
1,0,1,1959,979547,77
1,0,1,1960,980047,77
1,0,1,1961,980547,76
1,0,1,1962,981047,77
1,0,1,1963,981547,77
1,0,1,1964,982047,75
1,0,1,1965,982547,75
1,0,1,1966,983047,75
1,0,1,1967,983547,75
1,0,1,1968,984047,75
1,0,1,1969,984547,74
1,0,1,1970,985047,72
1,0,1,1971,985547,73
1,0,1,1972,986047,73
1,0,1,1973,986547,73
1,0,1,1974,987047,71
1,0,1,1975,987547,70
1,0,1,1976,988047,71
1,0,1,1977,988547,70
1,0,1,1978,989047,70
1,0,1,1979,989547,71
1,0,1,1980,990047,68
1,0,1,1981,990547,69
1,0,1,1982,991047,69
1,0,1,1983,991547,62
1,0,1,1984,992047,64
1,0,1,1985,992547,68
1,0,1,1986,993047,68
1,0,1,1987,993547,68
1,0,1,1988,994047,63
1,0,1,1989,994547,63
1,0,1,1990,995047,67
1,0,1,1991,995547,67
1,0,1,1992,996047,61
1,0,1,1993,996547,63
1,0,1,1994,997047,63
1,0,1,1995,997547,61
1,0,1,1996,998047,61
1,0,1,1997,998547,61
1,0,1,1998,999047,61
1,0,1,1999,999547,63
# END_WINDOW
# Ready: run=1, valve=0%, rate=2000 Hz, samples=2000. Send any character to record one window.
