# CAPTURING
1,100,0,0,257,69
1,100,0,1,550,62
1,100,0,2,1047,62
1,100,0,3,1547,62
1,100,0,4,2047,55
1,100,0,5,2547,55
1,100,0,6,3047,53
1,100,0,7,3547,53
1,100,0,8,4047,45
1,100,0,9,4547,54
1,100,0,10,5047,44
1,100,0,11,5547,51
1,100,0,12,6047,55
1,100,0,13,6547,51
1,100,0,14,7047,57
1,100,0,15,7547,56
1,100,0,16,8047,57
1,100,0,17,8547,63
1,100,0,18,9047,63
1,100,0,19,9547,62
1,100,0,20,10047,69
1,100,0,21,10547,63
1,100,0,22,11047,77
1,100,0,23,11547,77
1,100,0,24,12047,76
1,100,0,25,12547,79
1,100,0,26,13047,91
1,100,0,27,13547,91
1,100,0,28,14047,87
1,100,0,29,14547,91
1,100,0,30,15047,88
1,100,0,31,15547,87
1,100,0,32,16047,89
1,100,0,33,16547,76
1,100,0,34,17047,73
1,100,0,35,17547,62
1,100,0,36,18047,67
1,100,0,37,18547,51
1,100,0,38,19047,47
1,100,0,39,19547,45
1,100,0,40,20047,45
1,100,0,41,20547,39
1,100,0,42,21047,45
1,100,0,43,21547,53
1,100,0,44,22047,43
1,100,0,45,22547,51
1,100,0,46,23047,51
1,100,0,47,23547,43
1,100,0,48,24047,43
1,100,0,49,24547,48
1,100,0,50,25047,43
1,100,0,51,25547,45
1,100,0,52,26047,52
1,100,0,53,26547,55
1,100,0,54,27047,56
1,100,0,55,27547,61
1,100,0,56,28047,61
1,100,0,57,28547,57
1,100,0,58,29047,70
1,100,0,59,29547,58
1,100,0,60,30047,55
1,100,0,61,30547,57
1,100,0,62,31047,51
1,100,0,63,31547,51
1,100,0,64,32047,55
1,100,0,65,32547,45
1,100,0,66,33047,51
1,100,0,67,33547,46
1,100,0,68,34047,53
1,100,0,69,34547,52
1,100,0,70,35047,47
1,100,0,71,35547,46
1,100,0,72,36047,41
1,100,0,73,36547,47
1,100,0,74,37047,50
1,100,0,75,37547,39
1,100,0,76,38047,36
1,100,0,77,38547,43
1,100,0,78,39047,38
1,100,0,79,39547,41
1,100,0,80,40047,39
1,100,0,81,40547,41
1,100,0,82,41047,51
1,100,0,83,41547,53
1,100,0,84,42047,55
1,100,0,85,42547,60
1,100,0,86,43047,62
1,100,0,87,43547,73
1,100,0,88,44047,73
1,100,0,89,44547,69
1,100,0,90,45047,76
1,100,0,91,45547,73
1,100,0,92,46047,71
1,100,0,93,46547,74
1,100,0,94,47047,73
1,100,0,95,47547,76
1,100,0,96,48047,77
1,100,0,97,48547,83
1,100,0,98,49047,79
1,100,0,99,49547,82
1,100,0,100,50047,78
1,100,0,101,50547,77
1,100,0,102,51047,63
1,100,0,103,51547,63
1,100,0,104,52047,69
1,100,0,105,52547,54
1,100,0,106,53047,69
1,100,0,107,53547,60
1,100,0,108,54047,67
1,100,0,109,54547,67
1,100,0,110,55047,84
1,100,0,111,55547,75
1,100,0,112,56047,83
1,100,0,113,56547,85
1,100,0,114,57047,91
1,100,0,115,57547,93
1,100,0,116,58047,93
1,100,0,117,58547,105
1,100,0,118,59047,103
1,100,0,119,59547,107
1,100,0,120,60047,107
1,100,0,121,60547,109
1,100,0,122,61047,111
1,100,0,123,61547,111
1,100,0,124,62047,109
1,100,0,125,62547,115
1,100,0,126,63047,117
1,100,0,127,63547,115
1,100,0,128,64047,109
1,100,0,129,64547,117
1,100,0,130,65047,109
1,100,0,131,65547,104
1,100,0,132,66047,107
1,100,0,133,66547,102
1,100,0,134,67047,100
1,100,0,135,67547,94
1,100,0,136,68047,94
1,100,0,137,68547,93
1,100,0,138,69047,91
1,100,0,139,69547,93
1,100,0,140,70047,92
1,100,0,141,70547,89
1,100,0,142,71047,87
1,100,0,143,71547,85
1,100,0,144,72047,82
1,100,0,145,72547,83
1,100,0,146,73047,81
1,100,0,147,73547,69
1,100,0,148,74047,79
1,100,0,149,74547,76
1,100,0,150,75047,77
1,100,0,151,75547,79
1,100,0,152,76047,76
1,100,0,153,76547,85
1,100,0,154,77047,77
1,100,0,155,77547,75
1,100,0,156,78047,82
1,100,0,157,78547,71
1,100,0,158,79047,75
1,100,0,159,79547,69
1,100,0,160,80047,62
1,100,0,161,80547,71
1,100,0,162,81047,63
1,100,0,163,81547,63
1,100,0,164,82047,59
1,100,0,165,82547,63
1,100,0,166,83047,57
1,100,0,167,83547,58
1,100,0,168,84047,57
1,100,0,169,84547,55
1,100,0,170,85047,55
1,100,0,171,85547,45
1,100,0,172,86047,45
1,100,0,173,86547,45
1,100,0,174,87047,43
1,100,0,175,87547,38
1,100,0,176,88047,45
1,100,0,177,88547,37
1,100,0,178,89047,42
1,100,0,179,89547,45
1,100,0,180,90047,47
1,100,0,181,90547,45
1,100,0,182,91047,55
1,100,0,183,91547,47
1,100,0,184,92047,53
1,100,0,185,92547,56
1,100,0,186,93047,51
1,100,0,187,93547,52
1,100,0,188,94047,52
1,100,0,189,94547,53
1,100,0,190,95047,52
1,100,0,191,95547,54
1,100,0,192,96047,56
1,100,0,193,96547,57
1,100,0,194,97047,57
1,100,0,195,97547,57
1,100,0,196,98047,59
1,100,0,197,98547,63
1,100,0,198,99047,63
1,100,0,199,99547,59
1,100,0,200,100047,59
1,100,0,201,100547,57
1,100,0,202,101047,63
1,100,0,203,101547,57
1,100,0,204,102047,55
1,100,0,205,102547,56
1,100,0,206,103047,53
1,100,0,207,103547,53
1,100,0,208,104047,60
1,100,0,209,104547,52
1,100,0,210,105047,51
1,100,0,211,105547,55
1,100,0,212,106047,51
1,100,0,213,106547,47
1,100,0,214,107047,45
1,100,0,215,107547,47
1,100,0,216,108047,46
1,100,0,217,108547,47
1,100,0,218,109047,45
1,100,0,219,109547,51
1,100,0,220,110047,51
1,100,0,221,110547,57
1,100,0,222,111047,63
1,100,0,223,111547,59
1,100,0,224,112047,68
1,100,0,225,112547,72
1,100,0,226,113047,71
1,100,0,227,113547,70
1,100,0,228,114047,69
1,100,0,229,114547,61
1,100,0,230,115047,69
1,100,0,231,115547,61
1,100,0,232,116047,57
1,100,0,233,116547,55
1,100,0,234,117047,55
1,100,0,235,117547,46
1,100,0,236,118047,53
1,100,0,237,118547,48
1,100,0,238,119047,50
1,100,0,239,119547,53
1,100,0,240,120047,56
1,100,0,241,120547,55
1,100,0,242,121047,51
1,100,0,243,121547,53
1,100,0,244,122047,54
1,100,0,245,122547,45
1,100,0,246,123047,55
1,100,0,247,123547,63
1,100,0,248,124047,55
1,100,0,249,124547,64
1,100,0,250,125047,71
1,100,0,251,125547,69
1,100,0,252,126047,71
1,100,0,253,126547,77
1,100,0,254,127047,75
1,100,0,255,127547,78
1,100,0,256,128047,84
1,100,0,257,128547,87
1,100,0,258,129047,85
1,100,0,259,129547,85
1,100,0,260,130047,85
1,100,0,261,130547,79
1,100,0,262,131047,79
1,100,0,263,131547,77
1,100,0,264,132047,84
1,100,0,265,132547,78
1,100,0,266,133047,84
1,100,0,267,133547,86
1,100,0,268,134047,83
1,100,0,269,134547,85
1,100,0,270,135047,84
1,100,0,271,135547,73
1,100,0,272,136047,75
1,100,0,273,136547,73
1,100,0,274,137047,74
1,100,0,275,137547,77
1,100,0,276,138047,77
1,100,0,277,138547,87
1,100,0,278,139047,91
1,100,0,279,139547,94
1,100,0,280,140047,102
1,100,0,281,140547,104
1,100,0,282,141047,108
1,100,0,283,141547,119
1,100,0,284,142047,123
1,100,0,285,142547,133
1,100,0,286,143047,134
1,100,0,287,143547,139
1,100,0,288,144047,147
1,100,0,289,144547,147
1,100,0,290,145047,143
1,100,0,291,145547,147
1,100,0,292,146047,153
1,100,0,293,146547,149
1,100,0,294,147047,152
1,100,0,295,147547,143
1,100,0,296,148047,141
1,100,0,297,148547,141
1,100,0,298,149047,135
1,100,0,299,149547,132
1,100,0,300,150047,121
1,100,0,301,150547,120
1,100,0,302,151047,117
1,100,0,303,151547,125
1,100,0,304,152047,115
1,100,0,305,152547,117
1,100,0,306,153047,115
1,100,0,307,153547,112
1,100,0,308,154047,114
1,100,0,309,154547,109
1,100,0,310,155047,108
1,100,0,311,155547,104
1,100,0,312,156047,104
1,100,0,313,156547,93
1,100,0,314,157047,91
1,100,0,315,157547,93
1,100,0,316,158047,89
1,100,0,317,158547,89
1,100,0,318,159047,85
1,100,0,319,159547,77
1,100,0,320,160047,83
1,100,0,321,160547,76
1,100,0,322,161047,75
1,100,0,323,161547,63
1,100,0,324,162047,61
1,100,0,325,162547,57
1,100,0,326,163047,51
1,100,0,327,163547,47
1,100,0,328,164047,40
1,100,0,329,164547,39
1,100,0,330,165047,31
1,100,0,331,165547,30
1,100,0,332,166047,30
1,100,0,333,166547,29
1,100,0,334,167047,30
1,100,0,335,167547,31
1,100,0,336,168047,30
1,100,0,337,168547,27
1,100,0,338,169047,30
1,100,0,339,169547,31
1,100,0,340,170047,35
1,100,0,341,170547,33
1,100,0,342,171047,38
1,100,0,343,171547,39
1,100,0,344,172047,47
1,100,0,345,172547,51
1,100,0,346,173047,44
1,100,0,347,173547,53
1,100,0,348,174047,59
1,100,0,349,174547,53
1,100,0,350,175047,48
1,100,0,351,175547,51
1,100,0,352,176047,50
1,100,0,353,176547,41
1,100,0,354,177047,43
1,100,0,355,177547,37
1,100,0,356,178047,36
1,100,0,357,178547,41
1,100,0,358,179047,41
1,100,0,359,179547,38
1,100,0,360,180047,39
1,100,0,361,180547,43
1,100,0,362,181047,40
1,100,0,363,181547,45
1,100,0,364,182047,45
1,100,0,365,182547,48
1,100,0,366,183047,56
1,100,0,367,183547,59
1,100,0,368,184047,63
1,100,0,369,184547,71
1,100,0,370,185047,82
1,100,0,371,185547,85
1,100,0,372,186047,82
1,100,0,373,186547,88
1,100,0,374,187047,93
1,100,0,375,187547,94
1,100,0,376,188047,99
1,100,0,377,188547,101
1,100,0,378,189047,103
1,100,0,379,189547,101
1,100,0,380,190047,105
1,100,0,381,190547,115
1,100,0,382,191047,106
1,100,0,383,191547,115
1,100,0,384,192047,111
1,100,0,385,192547,115
1,100,0,386,193047,111
1,100,0,387,193547,107
1,100,0,388,194047,106
1,100,0,389,194547,99
1,100,0,390,195047,99
1,100,0,391,195547,94
1,100,0,392,196047,88
1,100,0,393,196547,87
1,100,0,394,197047,84
1,100,0,395,197547,89
1,100,0,396,198047,73
1,100,0,397,198547,81
1,100,0,398,199047,78
1,100,0,399,199547,75
1,100,0,400,200047,74
1,100,0,401,200547,77
1,100,0,402,201047,73
1,100,0,403,201547,77
1,100,0,404,202047,71
1,100,0,405,202547,73
1,100,0,406,203047,83
1,100,0,407,203547,75
1,100,0,408,204047,85
1,100,0,409,204547,77
1,100,0,410,205047,85
1,100,0,411,205547,83
1,100,0,412,206047,78
1,100,0,413,206547,76
1,100,0,414,207047,73
1,100,0,415,207547,73
1,100,0,416,208047,63
1,100,0,417,208547,62
1,100,0,418,209047,69
1,100,0,419,209547,53
1,100,0,420,210047,59
1,100,0,421,210547,57
1,100,0,422,211047,55
1,100,0,423,211547,57
1,100,0,424,212047,51
1,100,0,425,212547,56
1,100,0,426,213047,51
1,100,0,427,213547,53
1,100,0,428,214047,47
1,100,0,429,214547,48
1,100,0,430,215047,51
1,100,0,431,215547,51
1,100,0,432,216047,47
1,100,0,433,216547,48
1,100,0,434,217047,52
1,100,0,435,217547,55
1,100,0,436,218047,53
1,100,0,437,218547,59
1,100,0,438,219047,61
1,100,0,439,219547,61
1,100,0,440,220047,61
1,100,0,441,220547,71
1,100,0,442,221047,68
1,100,0,443,221547,71
1,100,0,444,222047,72
1,100,0,445,222547,69
1,100,0,446,223047,71
1,100,0,447,223547,77
1,100,0,448,224047,79
1,100,0,449,224547,75
1,100,0,450,225047,85
1,100,0,451,225547,74
1,100,0,452,226047,75
1,100,0,453,226547,83
1,100,0,454,227047,79
1,100,0,455,227547,75
1,100,0,456,228047,73
1,100,0,457,228547,73
1,100,0,458,229047,63
1,100,0,459,229547,63
1,100,0,460,230047,55
1,100,0,461,230547,62
1,100,0,462,231047,61
1,100,0,463,231547,55
1,100,0,464,232047,57
1,100,0,465,232547,59
1,100,0,466,233047,53
1,100,0,467,233547,51
1,100,0,468,234047,44
1,100,0,469,234547,45
1,100,0,470,235047,44
1,100,0,471,235547,45
1,100,0,472,236047,51
1,100,0,473,236547,52
1,100,0,474,237047,53
1,100,0,475,237547,56
1,100,0,476,238047,51
1,100,0,477,238547,57
1,100,0,478,239047,54
1,100,0,479,239547,56
1,100,0,480,240047,57
1,100,0,481,240547,67
1,100,0,482,241047,62
1,100,0,483,241547,63
1,100,0,484,242047,69
1,100,0,485,242547,68
1,100,0,486,243047,64
1,100,0,487,243547,61
1,100,0,488,244047,58
1,100,0,489,244547,63
1,100,0,490,245047,56
1,100,0,491,245547,53
1,100,0,492,246047,53
1,100,0,493,246547,53
1,100,0,494,247047,42
1,100,0,495,247547,40
1,100,0,496,248047,40
1,100,0,497,248547,41
1,100,0,498,249047,40
1,100,0,499,249547,37
1,100,0,500,250047,39
1,100,0,501,250547,34
1,100,0,502,251047,37
1,100,0,503,251547,39
1,100,0,504,252047,31
1,100,0,505,252547,39
1,100,0,506,253047,41
1,100,0,507,253547,39
1,100,0,508,254047,43
1,100,0,509,254547,45
1,100,0,510,255047,54
1,100,0,511,255547,51
1,100,0,512,256047,53
1,100,0,513,256547,57
1,100,0,514,257047,71
1,100,0,515,257547,73
1,100,0,516,258047,73
1,100,0,517,258547,81
1,100,0,518,259047,83
1,100,0,519,259547,85
1,100,0,520,260047,92
1,100,0,521,260547,89
1,100,0,522,261047,87
1,100,0,523,261547,99
1,100,0,524,262047,103
1,100,0,525,262547,99
1,100,0,526,263047,104
1,100,0,527,263547,106
1,100,0,528,264047,103
1,100,0,529,264547,110
1,100,0,530,265047,107
1,100,0,531,265547,106
1,100,0,532,266047,110
1,100,0,533,266547,111
1,100,0,534,267047,111
1,100,0,535,267547,111
1,100,0,536,268047,117
1,100,0,537,268547,116
1,100,0,538,269047,111
1,100,0,539,269547,107
1,100,0,540,270047,115
1,100,0,541,270547,109
1,100,0,542,271047,107
1,100,0,543,271547,117
1,100,0,544,272047,108
1,100,0,545,272547,115
1,100,0,546,273047,111
1,100,0,547,273547,109
1,100,0,548,274047,109
1,100,0,549,274547,103
1,100,0,550,275047,103
1,100,0,551,275547,109
1,100,0,552,276047,103
1,100,0,553,276547,100
1,100,0,554,277047,108
1,100,0,555,277547,99
1,100,0,556,278047,99
1,100,0,557,278547,90
1,100,0,558,279047,82
1,100,0,559,279547,85
1,100,0,560,280047,77
1,100,0,561,280547,72
1,100,0,562,281047,57
1,100,0,563,281547,61
1,100,0,564,282047,59
1,100,0,565,282547,55
1,100,0,566,283047,45
1,100,0,567,283547,41
1,100,0,568,284047,45
1,100,0,569,284547,43
1,100,0,570,285047,39
1,100,0,571,285547,41
1,100,0,572,286047,37
1,100,0,573,286547,45
1,100,0,574,287047,44
1,100,0,575,287547,43
1,100,0,576,288047,51
1,100,0,577,288547,55
1,100,0,578,289047,61
1,100,0,579,289547,55
1,100,0,580,290047,60
1,100,0,581,290547,67
1,100,0,582,291047,57
1,100,0,583,291547,57
1,100,0,584,292047,56
1,100,0,585,292547,60
1,100,0,586,293047,59
1,100,0,587,293547,63
1,100,0,588,294047,64
1,100,0,589,294547,62
1,100,0,590,295047,62
1,100,0,591,295547,61
1,100,0,592,296047,71
1,100,0,593,296547,68
1,100,0,594,297047,63
1,100,0,595,297547,63
1,100,0,596,298047,75
1,100,0,597,298547,73
1,100,0,598,299047,77
1,100,0,599,299547,78
1,100,0,600,300047,79
1,100,0,601,300547,78
1,100,0,602,301047,78
1,100,0,603,301547,75
1,100,0,604,302047,75
1,100,0,605,302547,75
1,100,0,606,303047,76
1,100,0,607,303547,75
1,100,0,608,304047,75
1,100,0,609,304547,73
1,100,0,610,305047,73
1,100,0,611,305547,71
1,100,0,612,306047,70
1,100,0,613,306547,59
1,100,0,614,307047,61
1,100,0,615,307547,61
1,100,0,616,308047,57
1,100,0,617,308547,51
1,100,0,618,309047,55
1,100,0,619,309547,57
1,100,0,620,310047,56
1,100,0,621,310547,55
1,100,0,622,311047,60
1,100,0,623,311547,59
1,100,0,624,312047,62
1,100,0,625,312547,64
1,100,0,626,313047,61
1,100,0,627,313547,58
1,100,0,628,314047,63
1,100,0,629,314547,73
1,100,0,630,315047,70
1,100,0,631,315547,73
1,100,0,632,316047,78
1,100,0,633,316547,83
1,100,0,634,317047,83
1,100,0,635,317547,84
1,100,0,636,318047,79
1,100,0,637,318547,83
1,100,0,638,319047,83
1,100,0,639,319547,83
1,100,0,640,320047,83
1,100,0,641,320547,93
1,100,0,642,321047,89
1,100,0,643,321547,85
1,100,0,644,322047,89
1,100,0,645,322547,87
1,100,0,646,323047,87
1,100,0,647,323547,87
1,100,0,648,324047,77
1,100,0,649,324547,78
1,100,0,650,325047,86
1,100,0,651,325547,85
1,100,0,652,326047,87
1,100,0,653,326547,82
1,100,0,654,327047,88
1,100,0,655,327547,91
1,100,0,656,328047,91
1,100,0,657,328547,91
1,100,0,658,329047,92
1,100,0,659,329547,85
1,100,0,660,330047,89
1,100,0,661,330547,93
1,100,0,662,331047,83
1,100,0,663,331547,85
1,100,0,664,332047,88
1,100,0,665,332547,77
1,100,0,666,333047,85
1,100,0,667,333547,82
1,100,0,668,334047,79
1,100,0,669,334547,84
1,100,0,670,335047,77
1,100,0,671,335547,85
1,100,0,672,336047,84
1,100,0,673,336547,85
1,100,0,674,337047,79
1,100,0,675,337547,88
1,100,0,676,338047,87
1,100,0,677,338547,85
1,100,0,678,339047,86
1,100,0,679,339547,82
1,100,0,680,340047,84
1,100,0,681,340547,83
1,100,0,682,341047,84
1,100,0,683,341547,84
1,100,0,684,342047,79
1,100,0,685,342547,79
1,100,0,686,343047,82
1,100,0,687,343547,75
1,100,0,688,344047,73
1,100,0,689,344547,71
1,100,0,690,345047,68
1,100,0,691,345547,61
1,100,0,692,346047,69
1,100,0,693,346547,67
1,100,0,694,347047,63
1,100,0,695,347547,63
1,100,0,696,348047,61
1,100,0,697,348547,69
1,100,0,698,349047,55
1,100,0,699,349547,60
1,100,0,700,350047,57
1,100,0,701,350547,47
1,100,0,702,351047,55
1,100,0,703,351547,44
1,100,0,704,352047,45
1,100,0,705,352547,53
1,100,0,706,353047,45
1,100,0,707,353547,41
1,100,0,708,354047,41
1,100,0,709,354547,46
1,100,0,710,355047,42
1,100,0,711,355547,43
1,100,0,712,356047,44
1,100,0,713,356547,43
1,100,0,714,357047,44
1,100,0,715,357547,48
1,100,0,716,358047,43
1,100,0,717,358547,43
1,100,0,718,359047,43
1,100,0,719,359547,39
1,100,0,720,360047,33
1,100,0,721,360547,37
1,100,0,722,361047,27
1,100,0,723,361547,25
1,100,0,724,362047,25
1,100,0,725,362547,21
1,100,0,726,363047,20
1,100,0,727,363547,21
1,100,0,728,364047,19
1,100,0,729,364547,20
1,100,0,730,365047,20
1,100,0,731,365547,23
1,100,0,732,366047,28
1,100,0,733,366547,35
1,100,0,734,367047,39
1,100,0,735,367547,43
1,100,0,736,368047,45
1,100,0,737,368547,53
1,100,0,738,369047,52
1,100,0,739,369547,52
1,100,0,740,370047,53
1,100,0,741,370547,52
1,100,0,742,371047,51
1,100,0,743,371547,53
1,100,0,744,372047,44
1,100,0,745,372547,55
1,100,0,746,373047,52
1,100,0,747,373547,47
1,100,0,748,374047,51
1,100,0,749,374547,54
1,100,0,750,375047,48
1,100,0,751,375547,46
1,100,0,752,376047,52
1,100,0,753,376547,53
1,100,0,754,377047,54
1,100,0,755,377547,57
1,100,0,756,378047,55
1,100,0,757,378547,69
1,100,0,758,379047,61
1,100,0,759,379547,69
1,100,0,760,380047,75
1,100,0,761,380547,73
1,100,0,762,381047,79
1,100,0,763,381547,88
1,100,0,764,382047,90
1,100,0,765,382547,89
1,100,0,766,383047,95
1,100,0,767,383547,93
1,100,0,768,384047,89
1,100,0,769,384547,92
1,100,0,770,385047,87
1,100,0,771,385547,84
1,100,0,772,386047,85
1,100,0,773,386547,85
1,100,0,774,387047,83
1,100,0,775,387547,75
1,100,0,776,388047,77
1,100,0,777,388547,67
1,100,0,778,389047,67
1,100,0,779,389547,61
1,100,0,780,390047,60
1,100,0,781,390547,61
1,100,0,782,391047,53
1,100,0,783,391547,55
1,100,0,784,392047,57
1,100,0,785,392547,48
1,100,0,786,393047,40
1,100,0,787,393547,53
1,100,0,788,394047,45
1,100,0,789,394547,45
1,100,0,790,395047,51
1,100,0,791,395547,52
1,100,0,792,396047,53
1,100,0,793,396547,69
1,100,0,794,397047,56
1,100,0,795,397547,55
1,100,0,796,398047,60
1,100,0,797,398547,67
1,100,0,798,399047,58
1,100,0,799,399547,59
1,100,0,800,400047,71
1,100,0,801,400547,61
1,100,0,802,401047,60
1,100,0,803,401547,71
1,100,0,804,402047,73
1,100,0,805,402547,61
1,100,0,806,403047,72
1,100,0,807,403547,73
1,100,0,808,404047,67
1,100,0,809,404547,63
1,100,0,810,405047,60
1,100,0,811,405547,57
1,100,0,812,406047,51
1,100,0,813,406547,47
1,100,0,814,407047,44
1,100,0,815,407547,44
1,100,0,816,408047,42
1,100,0,817,408547,50
1,100,0,818,409047,43
1,100,0,819,409547,43
1,100,0,820,410047,45
1,100,0,821,410547,47
1,100,0,822,411047,39
1,100,0,823,411547,46
1,100,0,824,412047,50
1,100,0,825,412547,43
1,100,0,826,413047,47
1,100,0,827,413547,45
1,100,0,828,414047,43
1,100,0,829,414547,43
1,100,0,830,415047,46
1,100,0,831,415547,45
1,100,0,832,416047,40
1,100,0,833,416547,53
1,100,0,834,417047,53
1,100,0,835,417547,47
1,100,0,836,418047,53
1,100,0,837,418547,53
1,100,0,838,419047,51
1,100,0,839,419547,53
1,100,0,840,420047,59
1,100,0,841,420547,61
1,100,0,842,421047,61
1,100,0,843,421547,74
1,100,0,844,422047,79
1,100,0,845,422547,75
1,100,0,846,423047,89
1,100,0,847,423547,89
1,100,0,848,424047,89
1,100,0,849,424547,95
1,100,0,850,425047,99
1,100,0,851,425547,105
1,100,0,852,426047,105
1,100,0,853,426547,108
1,100,0,854,427047,109
1,100,0,855,427547,110
1,100,0,856,428047,111
1,100,0,857,428547,107
1,100,0,858,429047,109
1,100,0,859,429547,111
1,100,0,860,430047,111
1,100,0,861,430547,111
1,100,0,862,431047,103
1,100,0,863,431547,107
1,100,0,864,432047,105
1,100,0,865,432547,103
1,100,0,866,433047,97
1,100,0,867,433547,95
1,100,0,868,434047,100
1,100,0,869,434547,91
1,100,0,870,435047,103
1,100,0,871,435547,105
1,100,0,872,436047,98
1,100,0,873,436547,105
1,100,0,874,437047,102
1,100,0,875,437547,94
1,100,0,876,438047,100
1,100,0,877,438547,95
1,100,0,878,439047,89
1,100,0,879,439547,91
1,100,0,880,440047,90
1,100,0,881,440547,87
1,100,0,882,441047,89
1,100,0,883,441547,89
1,100,0,884,442047,90
1,100,0,885,442547,85
1,100,0,886,443047,87
1,100,0,887,443547,91
1,100,0,888,444047,89
1,100,0,889,444547,85
1,100,0,890,445047,91
1,100,0,891,445547,88
1,100,0,892,446047,85
1,100,0,893,446547,89
1,100,0,894,447047,89
1,100,0,895,447547,89
1,100,0,896,448047,89
1,100,0,897,448547,92
1,100,0,898,449047,101
1,100,0,899,449547,98
1,100,0,900,450047,104
1,100,0,901,450547,101
1,100,0,902,451047,99
1,100,0,903,451547,95
1,100,0,904,452047,93
1,100,0,905,452547,95
1,100,0,906,453047,92
1,100,0,907,453547,91
1,100,0,908,454047,89
1,100,0,909,454547,98
1,100,0,910,455047,87
1,100,0,911,455547,89
1,100,0,912,456047,88
1,100,0,913,456547,83
1,100,0,914,457047,82
1,100,0,915,457547,79
1,100,0,916,458047,72
1,100,0,917,458547,73
1,100,0,918,459047,71
1,100,0,919,459547,71
1,100,0,920,460047,61
1,100,0,921,460547,63
1,100,0,922,461047,62
1,100,0,923,461547,59
1,100,0,924,462047,61
1,100,0,925,462547,60
1,100,0,926,463047,62
1,100,0,927,463547,58
1,100,0,928,464047,59
1,100,0,929,464547,63
1,100,0,930,465047,57
1,100,0,931,465547,63
1,100,0,932,466047,59
1,100,0,933,466547,61
1,100,0,934,467047,59
1,100,0,935,467547,59
1,100,0,936,468047,59
1,100,0,937,468547,52
1,100,0,938,469047,57
1,100,0,939,469547,52
1,100,0,940,470047,52
1,100,0,941,470547,53
1,100,0,942,471047,47
1,100,0,943,471547,41
1,100,0,944,472047,41
1,100,0,945,472547,29
1,100,0,946,473047,35
1,100,0,947,473547,23
1,100,0,948,474047,19
1,100,0,949,474547,18
1,100,0,950,475047,13
1,100,0,951,475547,9
1,100,0,952,476047,17
1,100,0,953,476547,18
1,100,0,954,477047,16
1,100,0,955,477547,23
1,100,0,956,478047,24
1,100,0,957,478547,24
1,100,0,958,479047,29
1,100,0,959,479547,38
1,100,0,960,480047,40
1,100,0,961,480547,52
1,100,0,962,481047,58
1,100,0,963,481547,75
1,100,0,964,482047,87
1,100,0,965,482547,88
1,100,0,966,483047,99
1,100,0,967,483547,107
1,100,0,968,484047,102
1,100,0,969,484547,103
1,100,0,970,485047,107
1,100,0,971,485547,103
1,100,0,972,486047,105
1,100,0,973,486547,102
1,100,0,974,487047,95
1,100,0,975,487547,91
1,100,0,976,488047,93
1,100,0,977,488547,89
1,100,0,978,489047,81
1,100,0,979,489547,83
1,100,0,980,490047,86
1,100,0,981,490547,76
1,100,0,982,491047,84
1,100,0,983,491547,79
1,100,0,984,492047,81
1,100,0,985,492547,73
1,100,0,986,493047,78
1,100,0,987,493547,85
1,100,0,988,494047,77
1,100,0,989,494547,85
1,100,0,990,495047,87
1,100,0,991,495547,87
1,100,0,992,496047,85
1,100,0,993,496547,91
1,100,0,994,497047,91
1,100,0,995,497547,89
1,100,0,996,498047,91
1,100,0,997,498547,93
1,100,0,998,499047,91
1,100,0,999,499547,85
1,100,0,1000,500047,90
1,100,0,1001,500547,76
1,100,0,1002,501047,79
1,100,0,1003,501547,77
1,100,0,1004,502047,75
1,100,0,1005,502547,71
1,100,0,1006,503047,69
1,100,0,1007,503547,83
1,100,0,1008,504047,62
1,100,0,1009,504547,71
1,100,0,1010,505047,71
1,100,0,1011,505547,61
1,100,0,1012,506047,61
1,100,0,1013,506547,59
1,100,0,1014,507047,63
1,100,0,1015,507547,56
1,100,0,1016,508047,67
1,100,0,1017,508547,59
1,100,0,1018,509047,60
1,100,0,1019,509547,69
1,100,0,1020,510047,57
1,100,0,1021,510547,62
1,100,0,1022,511047,55
1,100,0,1023,511547,59
1,100,0,1024,512047,59
1,100,0,1025,512547,61
1,100,0,1026,513047,60
1,100,0,1027,513547,61
1,100,0,1028,514047,71
1,100,0,1029,514547,61
1,100,0,1030,515047,71
1,100,0,1031,515547,75
1,100,0,1032,516047,75
1,100,0,1033,516547,85
1,100,0,1034,517047,86
1,100,0,1035,517547,91
1,100,0,1036,518047,93
1,100,0,1037,518547,99
1,100,0,1038,519047,101
1,100,0,1039,519547,99
1,100,0,1040,520047,105
1,100,0,1041,520547,101
1,100,0,1042,521047,103
1,100,0,1043,521547,99
1,100,0,1044,522047,103
1,100,0,1045,522547,103
1,100,0,1046,523047,92
1,100,0,1047,523547,87
1,100,0,1048,524047,91
1,100,0,1049,524547,77
1,100,0,1050,525047,75
1,100,0,1051,525547,75
1,100,0,1052,526047,62
1,100,0,1053,526547,59
1,100,0,1054,527047,59
1,100,0,1055,527547,57
1,100,0,1056,528047,52
1,100,0,1057,528547,55
1,100,0,1058,529047,55
1,100,0,1059,529547,52
1,100,0,1060,530047,57
1,100,0,1061,530547,55
1,100,0,1062,531047,53
1,100,0,1063,531547,57
1,100,0,1064,532047,51
1,100,0,1065,532547,51
1,100,0,1066,533047,53
1,100,0,1067,533547,45
1,100,0,1068,534047,44
1,100,0,1069,534547,42
1,100,0,1070,535047,37
1,100,0,1071,535547,40
1,100,0,1072,536047,39
1,100,0,1073,536547,28
1,100,0,1074,537047,31
1,100,0,1075,537547,29
1,100,0,1076,538047,28
1,100,0,1077,538547,22
1,100,0,1078,539047,27
1,100,0,1079,539547,25
1,100,0,1080,540047,12
1,100,0,1081,540547,19
1,100,0,1082,541047,18
1,100,0,1083,541547,21
1,100,0,1084,542047,23
1,100,0,1085,542547,23
1,100,0,1086,543047,22
1,100,0,1087,543547,25
1,100,0,1088,544047,28
1,100,0,1089,544547,26
1,100,0,1090,545047,31
1,100,0,1091,545547,29
1,100,0,1092,546047,29
1,100,0,1093,546547,35
1,100,0,1094,547047,29
1,100,0,1095,547547,37
1,100,0,1096,548047,35
1,100,0,1097,548547,41
1,100,0,1098,549047,47
1,100,0,1099,549547,46
1,100,0,1100,550047,51
1,100,0,1101,550547,55
1,100,0,1102,551047,61
1,100,0,1103,551547,58
1,100,0,1104,552047,55
1,100,0,1105,552547,63
1,100,0,1106,553047,63
1,100,0,1107,553547,63
1,100,0,1108,554047,69
1,100,0,1109,554547,61
1,100,0,1110,555047,61
1,100,0,1111,555547,63
1,100,0,1112,556047,63
1,100,0,1113,556547,59
1,100,0,1114,557047,62
1,100,0,1115,557547,59
1,100,0,1116,558047,63
1,100,0,1117,558547,60
1,100,0,1118,559047,53
1,100,0,1119,559547,52
1,100,0,1120,560047,53
1,100,0,1121,560547,51
1,100,0,1122,561047,52
1,100,0,1123,561547,56
1,100,0,1124,562047,57
1,100,0,1125,562547,60
1,100,0,1126,563047,68
1,100,0,1127,563547,63
1,100,0,1128,564047,69
1,100,0,1129,564547,61
1,100,0,1130,565047,69
1,100,0,1131,565547,62
1,100,0,1132,566047,69
1,100,0,1133,566547,69
1,100,0,1134,567047,67
1,100,0,1135,567547,71
1,100,0,1136,568047,62
1,100,0,1137,568547,67
1,100,0,1138,569047,73
1,100,0,1139,569547,61
1,100,0,1140,570047,61
1,100,0,1141,570547,59
1,100,0,1142,571047,63
1,100,0,1143,571547,59
1,100,0,1144,572047,57
1,100,0,1145,572547,58
1,100,0,1146,573047,52
1,100,0,1147,573547,62
1,100,0,1148,574047,52
1,100,0,1149,574547,55
1,100,0,1150,575047,52
1,100,0,1151,575547,53
1,100,0,1152,576047,56
1,100,0,1153,576547,63
1,100,0,1154,577047,55
1,100,0,1155,577547,61
1,100,0,1156,578047,63
1,100,0,1157,578547,59
1,100,0,1158,579047,59
1,100,0,1159,579547,61
1,100,0,1160,580047,69
1,100,0,1161,580547,67
1,100,0,1162,581047,69
1,100,0,1163,581547,73
1,100,0,1164,582047,74
1,100,0,1165,582547,77
1,100,0,1166,583047,73
1,100,0,1167,583547,76
1,100,0,1168,584047,74
1,100,0,1169,584547,71
1,100,0,1170,585047,68
1,100,0,1171,585547,61
1,100,0,1172,586047,70
1,100,0,1173,586547,69
1,100,0,1174,587047,61
1,100,0,1175,587547,62
1,100,0,1176,588047,61
1,100,0,1177,588547,69
1,100,0,1178,589047,69
1,100,0,1179,589547,71
1,100,0,1180,590047,63
1,100,0,1181,590547,63
1,100,0,1182,591047,73
1,100,0,1183,591547,67
1,100,0,1184,592047,67
1,100,0,1185,592547,70
1,100,0,1186,593047,69
1,100,0,1187,593547,69
1,100,0,1188,594047,74
1,100,0,1189,594547,77
1,100,0,1190,595047,77
1,100,0,1191,595547,87
1,100,0,1192,596047,89
1,100,0,1193,596547,88
1,100,0,1194,597047,93
1,100,0,1195,597547,93
1,100,0,1196,598047,91
1,100,0,1197,598547,93
1,100,0,1198,599047,95
1,100,0,1199,599547,95
1,100,0,1200,600047,99
1,100,0,1201,600547,99
1,100,0,1202,601047,100
1,100,0,1203,601547,94
1,100,0,1204,602047,99
1,100,0,1205,602547,93
1,100,0,1206,603047,93
1,100,0,1207,603547,87
1,100,0,1208,604047,87
1,100,0,1209,604547,83
1,100,0,1210,605047,77
1,100,0,1211,605547,75
1,100,0,1212,606047,70
1,100,0,1213,606547,69
1,100,0,1214,607047,73
1,100,0,1215,607547,61
1,100,0,1216,608047,71
1,100,0,1217,608547,71
1,100,0,1218,609047,69
1,100,0,1219,609547,69
1,100,0,1220,610047,73
1,100,0,1221,610547,74
1,100,0,1222,611047,81
1,100,0,1223,611547,87
1,100,0,1224,612047,87
1,100,0,1225,612547,88
1,100,0,1226,613047,98
1,100,0,1227,613547,99
1,100,0,1228,614047,99
1,100,0,1229,614547,103
1,100,0,1230,615047,105
1,100,0,1231,615547,106
1,100,0,1232,616047,109
1,100,0,1233,616547,105
1,100,0,1234,617047,105
1,100,0,1235,617547,101
1,100,0,1236,618047,94
1,100,0,1237,618547,99
1,100,0,1238,619047,89
1,100,0,1239,619547,89
1,100,0,1240,620047,91
1,100,0,1241,620547,90
1,100,0,1242,621047,87
1,100,0,1243,621547,90
1,100,0,1244,622047,92
1,100,0,1245,622547,92
1,100,0,1246,623047,93
1,100,0,1247,623547,85
1,100,0,1248,624047,91
1,100,0,1249,624547,89
1,100,0,1250,625047,83
1,100,0,1251,625547,85
1,100,0,1252,626047,87
1,100,0,1253,626547,86
1,100,0,1254,627047,85
1,100,0,1255,627547,93
1,100,0,1256,628047,89
1,100,0,1257,628547,88
1,100,0,1258,629047,98
1,100,0,1259,629547,93
1,100,0,1260,630047,88
1,100,0,1261,630547,89
1,100,0,1262,631047,80
1,100,0,1263,631547,83
1,100,0,1264,632047,84
1,100,0,1265,632547,69
1,100,0,1266,633047,71
1,100,0,1267,633547,69
1,100,0,1268,634047,69
1,100,0,1269,634547,67
1,100,0,1270,635047,59
1,100,0,1271,635547,61
1,100,0,1272,636047,57
1,100,0,1273,636547,61
1,100,0,1274,637047,56
1,100,0,1275,637547,59
1,100,0,1276,638047,55
1,100,0,1277,638547,55
1,100,0,1278,639047,56
1,100,0,1279,639547,61
1,100,0,1280,640047,55
1,100,0,1281,640547,69
1,100,0,1282,641047,71
1,100,0,1283,641547,63
1,100,0,1284,642047,74
1,100,0,1285,642547,75
1,100,0,1286,643047,73
1,100,0,1287,643547,77
1,100,0,1288,644047,79
1,100,0,1289,644547,73
1,100,0,1290,645047,76
1,100,0,1291,645547,73
1,100,0,1292,646047,76
1,100,0,1293,646547,68
1,100,0,1294,647047,69
1,100,0,1295,647547,77
1,100,0,1296,648047,75
1,100,0,1297,648547,77
1,100,0,1298,649047,78
1,100,0,1299,649547,77
1,100,0,1300,650047,81
1,100,0,1301,650547,75
1,100,0,1302,651047,73
1,100,0,1303,651547,73
1,100,0,1304,652047,71
1,100,0,1305,652547,62
1,100,0,1306,653047,61
1,100,0,1307,653547,61
1,100,0,1308,654047,62
1,100,0,1309,654547,63
1,100,0,1310,655047,59
1,100,0,1311,655547,68
1,100,0,1312,656047,72
1,100,0,1313,656547,59
1,100,0,1314,657047,69
1,100,0,1315,657547,63
1,100,0,1316,658047,68
1,100,0,1317,658547,63
1,100,0,1318,659047,69
1,100,0,1319,659547,67
1,100,0,1320,660047,69
1,100,0,1321,660547,69
1,100,0,1322,661047,59
1,100,0,1323,661547,69
1,100,0,1324,662047,61
1,100,0,1325,662547,62
1,100,0,1326,663047,69
1,100,0,1327,663547,69
1,100,0,1328,664047,61
1,100,0,1329,664547,74
1,100,0,1330,665047,67
1,100,0,1331,665547,71
1,100,0,1332,666047,61
1,100,0,1333,666547,61
1,100,0,1334,667047,72
1,100,0,1335,667547,69
1,100,0,1336,668047,63
1,100,0,1337,668547,68
1,100,0,1338,669047,74
1,100,0,1339,669547,73
1,100,0,1340,670047,77
1,100,0,1341,670547,76
1,100,0,1342,671047,77
1,100,0,1343,671547,81
1,100,0,1344,672047,76
1,100,0,1345,672547,75
1,100,0,1346,673047,78
1,100,0,1347,673547,76
1,100,0,1348,674047,71
1,100,0,1349,674547,81
1,100,0,1350,675047,79
1,100,0,1351,675547,79
1,100,0,1352,676047,83
1,100,0,1353,676547,85
1,100,0,1354,677047,79
1,100,0,1355,677547,83
1,100,0,1356,678047,83
1,100,0,1357,678547,83
1,100,0,1358,679047,77
1,100,0,1359,679547,79
1,100,0,1360,680047,83
1,100,0,1361,680547,75
1,100,0,1362,681047,79
1,100,0,1363,681547,76
1,100,0,1364,682047,73
1,100,0,1365,682547,76
1,100,0,1366,683047,73
1,100,0,1367,683547,75
1,100,0,1368,684047,81
1,100,0,1369,684547,85
1,100,0,1370,685047,78
1,100,0,1371,685547,85
1,100,0,1372,686047,91
1,100,0,1373,686547,88
1,100,0,1374,687047,87
1,100,0,1375,687547,93
1,100,0,1376,688047,88
1,100,0,1377,688547,89
1,100,0,1378,689047,95
1,100,0,1379,689547,87
1,100,0,1380,690047,91
1,100,0,1381,690547,95
1,100,0,1382,691047,87
1,100,0,1383,691547,89
1,100,0,1384,692047,91
1,100,0,1385,692547,87
1,100,0,1386,693047,89
1,100,0,1387,693547,90
1,100,0,1388,694047,87
1,100,0,1389,694547,85
1,100,0,1390,695047,88
1,100,0,1391,695547,77
1,100,0,1392,696047,84
1,100,0,1393,696547,85
1,100,0,1394,697047,77
1,100,0,1395,697547,90
1,100,0,1396,698047,85
1,100,0,1397,698547,89
1,100,0,1398,699047,95
1,100,0,1399,699547,93
1,100,0,1400,700047,103
1,100,0,1401,700547,101
1,100,0,1402,701047,110
1,100,0,1403,701547,108
1,100,0,1404,702047,110
1,100,0,1405,702547,113
1,100,0,1406,703047,104
1,100,0,1407,703547,100
1,100,0,1408,704047,105
1,100,0,1409,704547,97
1,100,0,1410,705047,101
1,100,0,1411,705547,101
1,100,0,1412,706047,101
1,100,0,1413,706547,99
1,100,0,1414,707047,95
1,100,0,1415,707547,99
1,100,0,1416,708047,95
1,100,0,1417,708547,86
1,100,0,1418,709047,87
1,100,0,1419,709547,85
1,100,0,1420,710047,77
1,100,0,1421,710547,77
1,100,0,1422,711047,75
1,100,0,1423,711547,71
1,100,0,1424,712047,71
1,100,0,1425,712547,71
1,100,0,1426,713047,73
1,100,0,1427,713547,72
1,100,0,1428,714047,69
1,100,0,1429,714547,84
1,100,0,1430,715047,73
1,100,0,1431,715547,71
1,100,0,1432,716047,75
1,100,0,1433,716547,63
1,100,0,1434,717047,63
1,100,0,1435,717547,69
1,100,0,1436,718047,58
1,100,0,1437,718547,58
1,100,0,1438,719047,56
1,100,0,1439,719547,53
1,100,0,1440,720047,53
1,100,0,1441,720547,53
1,100,0,1442,721047,50
1,100,0,1443,721547,47
1,100,0,1444,722047,53
1,100,0,1445,722547,55
1,100,0,1446,723047,53
1,100,0,1447,723547,52
1,100,0,1448,724047,51
1,100,0,1449,724547,53
1,100,0,1450,725047,51
1,100,0,1451,725547,51
1,100,0,1452,726047,48
1,100,0,1453,726547,53
1,100,0,1454,727047,59
1,100,0,1455,727547,69
1,100,0,1456,728047,73
1,100,0,1457,728547,72
1,100,0,1458,729047,81
1,100,0,1459,729547,84
1,100,0,1460,730047,87
1,100,0,1461,730547,91
1,100,0,1462,731047,88
1,100,0,1463,731547,98
1,100,0,1464,732047,95
1,100,0,1465,732547,101
1,100,0,1466,733047,104
1,100,0,1467,733547,101
1,100,0,1468,734047,103
1,100,0,1469,734547,107
1,100,0,1470,735047,107
1,100,0,1471,735547,116
1,100,0,1472,736047,119
1,100,0,1473,736547,118
1,100,0,1474,737047,117
1,100,0,1475,737547,122
1,100,0,1476,738047,117
1,100,0,1477,738547,117
1,100,0,1478,739047,111
1,100,0,1479,739547,111
1,100,0,1480,740047,107
1,100,0,1481,740547,104
1,100,0,1482,741047,109
1,100,0,1483,741547,103
1,100,0,1484,742047,101
1,100,0,1485,742547,102
1,100,0,1486,743047,93
1,100,0,1487,743547,98
1,100,0,1488,744047,91
1,100,0,1489,744547,89
1,100,0,1490,745047,85
1,100,0,1491,745547,81
1,100,0,1492,746047,85
1,100,0,1493,746547,76
1,100,0,1494,747047,74
1,100,0,1495,747547,63
1,100,0,1496,748047,71
1,100,0,1497,748547,63
1,100,0,1498,749047,57
1,100,0,1499,749547,67
1,100,0,1500,750047,54
1,100,0,1501,750547,59
1,100,0,1502,751047,57
1,100,0,1503,751547,57
1,100,0,1504,752047,53
1,100,0,1505,752547,47
1,100,0,1506,753047,45
1,100,0,1507,753547,39
1,100,0,1508,754047,40
1,100,0,1509,754547,35
1,100,0,1510,755047,29
1,100,0,1511,755547,30
1,100,0,1512,756047,31
1,100,0,1513,756547,25
1,100,0,1514,757047,25
1,100,0,1515,757547,23
1,100,0,1516,758047,24
1,100,0,1517,758547,23
1,100,0,1518,759047,23
1,100,0,1519,759547,23
1,100,0,1520,760047,27
1,100,0,1521,760547,25
1,100,0,1522,761047,27
1,100,0,1523,761547,29
1,100,0,1524,762047,23
1,100,0,1525,762547,29
1,100,0,1526,763047,31
1,100,0,1527,763547,27
1,100,0,1528,764047,37
1,100,0,1529,764547,39
1,100,0,1530,765047,37
1,100,0,1531,765547,40
1,100,0,1532,766047,37
1,100,0,1533,766547,30
1,100,0,1534,767047,43
1,100,0,1535,767547,37
1,100,0,1536,768047,42
1,100,0,1537,768547,40
1,100,0,1538,769047,41
1,100,0,1539,769547,43
1,100,0,1540,770047,35
1,100,0,1541,770547,41
1,100,0,1542,771047,40
1,100,0,1543,771547,41
1,100,0,1544,772047,41
1,100,0,1545,772547,44
1,100,0,1546,773047,51
1,100,0,1547,773547,45
1,100,0,1548,774047,53
1,100,0,1549,774547,53
1,100,0,1550,775047,50
1,100,0,1551,775547,55
1,100,0,1552,776047,53
1,100,0,1553,776547,54
1,100,0,1554,777047,56
1,100,0,1555,777547,52
1,100,0,1556,778047,57
1,100,0,1557,778547,51
1,100,0,1558,779047,56
1,100,0,1559,779547,52
1,100,0,1560,780047,48
1,100,0,1561,780547,55
1,100,0,1562,781047,54
1,100,0,1563,781547,53
1,100,0,1564,782047,52
1,100,0,1565,782547,55
1,100,0,1566,783047,51
1,100,0,1567,783547,51
1,100,0,1568,784047,51
1,100,0,1569,784547,53
1,100,0,1570,785047,47
1,100,0,1571,785547,47
1,100,0,1572,786047,47
1,100,0,1573,786547,45
1,100,0,1574,787047,46
1,100,0,1575,787547,51
1,100,0,1576,788047,56
1,100,0,1577,788547,52
1,100,0,1578,789047,60
1,100,0,1579,789547,67
1,100,0,1580,790047,68
1,100,0,1581,790547,71
1,100,0,1582,791047,73
1,100,0,1583,791547,82
1,100,0,1584,792047,75
1,100,0,1585,792547,83
1,100,0,1586,793047,87
1,100,0,1587,793547,101
1,100,0,1588,794047,93
1,100,0,1589,794547,101
1,100,0,1590,795047,111
1,100,0,1591,795547,107
1,100,0,1592,796047,124
1,100,0,1593,796547,120
1,100,0,1594,797047,111
1,100,0,1595,797547,122
1,100,0,1596,798047,123
1,100,0,1597,798547,117
1,100,0,1598,799047,119
1,100,0,1599,799547,111
1,100,0,1600,800047,109
1,100,0,1601,800547,109
1,100,0,1602,801047,108
1,100,0,1603,801547,107
1,100,0,1604,802047,101
1,100,0,1605,802547,102
1,100,0,1606,803047,100
1,100,0,1607,803547,101
1,100,0,1608,804047,93
1,100,0,1609,804547,91
1,100,0,1610,805047,103
1,100,0,1611,805547,89
1,100,0,1612,806047,95
1,100,0,1613,806547,95
1,100,0,1614,807047,91
1,100,0,1615,807547,93
1,100,0,1616,808047,95
1,100,0,1617,808547,99
1,100,0,1618,809047,99
1,100,0,1619,809547,103
1,100,0,1620,810047,105
1,100,0,1621,810547,111
1,100,0,1622,811047,108
1,100,0,1623,811547,116
1,100,0,1624,812047,111
1,100,0,1625,812547,115
1,100,0,1626,813047,119
1,100,0,1627,813547,111
1,100,0,1628,814047,118
1,100,0,1629,814547,109
1,100,0,1630,815047,109
1,100,0,1631,815547,109
1,100,0,1632,816047,109
1,100,0,1633,816547,109
1,100,0,1634,817047,103
1,100,0,1635,817547,102
1,100,0,1636,818047,105
1,100,0,1637,818547,101
1,100,0,1638,819047,90
1,100,0,1639,819547,103
1,100,0,1640,820047,89
1,100,0,1641,820547,92
1,100,0,1642,821047,91
1,100,0,1643,821547,90
1,100,0,1644,822047,93
1,100,0,1645,822547,89
1,100,0,1646,823047,93
1,100,0,1647,823547,93
1,100,0,1648,824047,93
1,100,0,1649,824547,95
1,100,0,1650,825047,99
1,100,0,1651,825547,92
1,100,0,1652,826047,94
1,100,0,1653,826547,99
1,100,0,1654,827047,89
1,100,0,1655,827547,93
1,100,0,1656,828047,85
1,100,0,1657,828547,87
1,100,0,1658,829047,85
1,100,0,1659,829547,77
1,100,0,1660,830047,75
1,100,0,1661,830547,83
1,100,0,1662,831047,71
1,100,0,1663,831547,76
1,100,0,1664,832047,71
1,100,0,1665,832547,73
1,100,0,1666,833047,71
1,100,0,1667,833547,71
1,100,0,1668,834047,70
1,100,0,1669,834547,75
1,100,0,1670,835047,63
1,100,0,1671,835547,59
1,100,0,1672,836047,69
1,100,0,1673,836547,62
1,100,0,1674,837047,61
1,100,0,1675,837547,68
1,100,0,1676,838047,69
1,100,0,1677,838547,72
1,100,0,1678,839047,71
1,100,0,1679,839547,62
1,100,0,1680,840047,74
1,100,0,1681,840547,63
1,100,0,1682,841047,73
1,100,0,1683,841547,73
1,100,0,1684,842047,72
1,100,0,1685,842547,77
1,100,0,1686,843047,78
1,100,0,1687,843547,79
1,100,0,1688,844047,87
1,100,0,1689,844547,85
1,100,0,1690,845047,87
1,100,0,1691,845547,87
1,100,0,1692,846047,91
1,100,0,1693,846547,87
1,100,0,1694,847047,85
1,100,0,1695,847547,91
1,100,0,1696,848047,83
1,100,0,1697,848547,87
1,100,0,1698,849047,88
1,100,0,1699,849547,78
1,100,0,1700,850047,85
1,100,0,1701,850547,87
1,100,0,1702,851047,85
1,100,0,1703,851547,83
1,100,0,1704,852047,86
1,100,0,1705,852547,85
1,100,0,1706,853047,91
1,100,0,1707,853547,90
1,100,0,1708,854047,87
1,100,0,1709,854547,89
1,100,0,1710,855047,87
1,100,0,1711,855547,87
1,100,0,1712,856047,84
1,100,0,1713,856547,85
1,100,0,1714,857047,75
1,100,0,1715,857547,85
1,100,0,1716,858047,77
1,100,0,1717,858547,71
1,100,0,1718,859047,72
1,100,0,1719,859547,69
1,100,0,1720,860047,59
1,100,0,1721,860547,59
1,100,0,1722,861047,55
1,100,0,1723,861547,51
1,100,0,1724,862047,51
1,100,0,1725,862547,43
1,100,0,1726,863047,43
1,100,0,1727,863547,39
1,100,0,1728,864047,35
1,100,0,1729,864547,39
1,100,0,1730,865047,31
1,100,0,1731,865547,28
1,100,0,1732,866047,29
1,100,0,1733,866547,35
1,100,0,1734,867047,30
1,100,0,1735,867547,25
1,100,0,1736,868047,30
1,100,0,1737,868547,29
1,100,0,1738,869047,28
1,100,0,1739,869547,30
1,100,0,1740,870047,35
1,100,0,1741,870547,27
1,100,0,1742,871047,37
1,100,0,1743,871547,29
1,100,0,1744,872047,35
1,100,0,1745,872547,29
1,100,0,1746,873047,31
1,100,0,1747,873547,30
1,100,0,1748,874047,30
1,100,0,1749,874547,29
1,100,0,1750,875047,25
1,100,0,1751,875547,30
1,100,0,1752,876047,28
1,100,0,1753,876547,20
1,100,0,1754,877047,21
1,100,0,1755,877547,27
1,100,0,1756,878047,25
1,100,0,1757,878547,23
1,100,0,1758,879047,30
1,100,0,1759,879547,29
1,100,0,1760,880047,29
1,100,0,1761,880547,33
1,100,0,1762,881047,37
1,100,0,1763,881547,35
1,100,0,1764,882047,40
1,100,0,1765,882547,38
1,100,0,1766,883047,43
1,100,0,1767,883547,41
1,100,0,1768,884047,47
1,100,0,1769,884547,47
1,100,0,1770,885047,40
1,100,0,1771,885547,41
1,100,0,1772,886047,42
1,100,0,1773,886547,45
1,100,0,1774,887047,49
1,100,0,1775,887547,43
1,100,0,1776,888047,46
1,100,0,1777,888547,41
1,100,0,1778,889047,38
1,100,0,1779,889547,54
1,100,0,1780,890047,39
1,100,0,1781,890547,41
1,100,0,1782,891047,52
1,100,0,1783,891547,40
1,100,0,1784,892047,53
1,100,0,1785,892547,56
1,100,0,1786,893047,53
1,100,0,1787,893547,53
1,100,0,1788,894047,58
1,100,0,1789,894547,57
1,100,0,1790,895047,54
1,100,0,1791,895547,53
1,100,0,1792,896047,55
1,100,0,1793,896547,55
1,100,0,1794,897047,55
1,100,0,1795,897547,47
1,100,0,1796,898047,47
1,100,0,1797,898547,48
1,100,0,1798,899047,48
1,100,0,1799,899547,47
1,100,0,1800,900047,47
1,100,0,1801,900547,45
1,100,0,1802,901047,56
1,100,0,1803,901547,57
1,100,0,1804,902047,57
1,100,0,1805,902547,59
1,100,0,1806,903047,63
1,100,0,1807,903547,61
1,100,0,1808,904047,72
1,100,0,1809,904547,73
1,100,0,1810,905047,67
1,100,0,1811,905547,75
1,100,0,1812,906047,73
1,100,0,1813,906547,69
1,100,0,1814,907047,73
1,100,0,1815,907547,79
1,100,0,1816,908047,73
1,100,0,1817,908547,75
1,100,0,1818,909047,77
1,100,0,1819,909547,79
1,100,0,1820,910047,84
1,100,0,1821,910547,84
1,100,0,1822,911047,79
1,100,0,1823,911547,83
1,100,0,1824,912047,77
1,100,0,1825,912547,78
1,100,0,1826,913047,79
1,100,0,1827,913547,76
1,100,0,1828,914047,75
1,100,0,1829,914547,74
1,100,0,1830,915047,75
1,100,0,1831,915547,73
1,100,0,1832,916047,71
1,100,0,1833,916547,68
1,100,0,1834,917047,59
1,100,0,1835,917547,71
1,100,0,1836,918047,72
1,100,0,1837,918547,69
1,100,0,1838,919047,70
1,100,0,1839,919547,75
1,100,0,1840,920047,61
1,100,0,1841,920547,73
1,100,0,1842,921047,73
1,100,0,1843,921547,71
1,100,0,1844,922047,68
1,100,0,1845,922547,72
1,100,0,1846,923047,77
1,100,0,1847,923547,68
1,100,0,1848,924047,83
1,100,0,1849,924547,84
1,100,0,1850,925047,76
1,100,0,1851,925547,78
1,100,0,1852,926047,83
1,100,0,1853,926547,75
1,100,0,1854,927047,76
1,100,0,1855,927547,75
1,100,0,1856,928047,73
1,100,0,1857,928547,70
1,100,0,1858,929047,71
1,100,0,1859,929547,73
1,100,0,1860,930047,61
1,100,0,1861,930547,73
1,100,0,1862,931047,69
1,100,0,1863,931547,57
1,100,0,1864,932047,60
1,100,0,1865,932547,57
1,100,0,1866,933047,55
1,100,0,1867,933547,50
1,100,0,1868,934047,51
1,100,0,1869,934547,39
1,100,0,1870,935047,43
1,100,0,1871,935547,39
1,100,0,1872,936047,39
1,100,0,1873,936547,40
1,100,0,1874,937047,37
1,100,0,1875,937547,36
1,100,0,1876,938047,36
1,100,0,1877,938547,36
1,100,0,1878,939047,37
1,100,0,1879,939547,37
1,100,0,1880,940047,37
1,100,0,1881,940547,35
1,100,0,1882,941047,38
1,100,0,1883,941547,35
1,100,0,1884,942047,40
1,100,0,1885,942547,41
1,100,0,1886,943047,40
1,100,0,1887,943547,43
1,100,0,1888,944047,55
1,100,0,1889,944547,53
1,100,0,1890,945047,56
1,100,0,1891,945547,62
1,100,0,1892,946047,59
1,100,0,1893,946547,67
1,100,0,1894,947047,72
1,100,0,1895,947547,63
1,100,0,1896,948047,69
1,100,0,1897,948547,74
1,100,0,1898,949047,70
1,100,0,1899,949547,73
1,100,0,1900,950047,78
1,100,0,1901,950547,76
1,100,0,1902,951047,85
1,100,0,1903,951547,89
1,100,0,1904,952047,88
1,100,0,1905,952547,91
1,100,0,1906,953047,93
1,100,0,1907,953547,93
1,100,0,1908,954047,99
1,100,0,1909,954547,101
1,100,0,1910,955047,93
1,100,0,1911,955547,103
1,100,0,1912,956047,103
1,100,0,1913,956547,103
1,100,0,1914,957047,105
1,100,0,1915,957547,115
1,100,0,1916,958047,105
1,100,0,1917,958547,109
1,100,0,1918,959047,115
1,100,0,1919,959547,115
1,100,0,1920,960047,111
1,100,0,1921,960547,110
1,100,0,1922,961047,111
1,100,0,1923,961547,108
1,100,0,1924,962047,104
1,100,0,1925,962547,105
1,100,0,1926,963047,107
1,100,0,1927,963547,99
1,100,0,1928,964047,103
1,100,0,1929,964547,99
1,100,0,1930,965047,95
1,100,0,1931,965547,94
1,100,0,1932,966047,86
1,100,0,1933,966547,83
1,100,0,1934,967047,85
1,100,0,1935,967547,74
1,100,0,1936,968047,73
1,100,0,1937,968547,72
1,100,0,1938,969047,72
1,100,0,1939,969547,71
1,100,0,1940,970047,54
1,100,0,1941,970547,58
1,100,0,1942,971047,59
1,100,0,1943,971547,53
1,100,0,1944,972047,55
1,100,0,1945,972547,52
1,100,0,1946,973047,53
1,100,0,1947,973547,47
1,100,0,1948,974047,47
1,100,0,1949,974547,43
1,100,0,1950,975047,41
1,100,0,1951,975547,43
1,100,0,1952,976047,45
1,100,0,1953,976547,45
1,100,0,1954,977047,45
1,100,0,1955,977547,51
1,100,0,1956,978047,47
1,100,0,1957,978547,47
1,100,0,1958,979047,47
1,100,0,1959,979547,44
1,100,0,1960,980047,46
1,100,0,1961,980547,45
1,100,0,1962,981047,43
1,100,0,1963,981547,43
1,100,0,1964,982047,37
1,100,0,1965,982547,45
1,100,0,1966,983047,43
1,100,0,1967,983547,37
1,100,0,1968,984047,41
1,100,0,1969,984547,43
1,100,0,1970,985047,41
1,100,0,1971,985547,47
1,100,0,1972,986047,47
1,100,0,1973,986547,45
1,100,0,1974,987047,45
1,100,0,1975,987547,54
1,100,0,1976,988047,53
1,100,0,1977,988547,57
1,100,0,1978,989047,59
1,100,0,1979,989547,63
1,100,0,1980,990047,71
1,100,0,1981,990547,74
1,100,0,1982,991047,75
1,100,0,1983,991547,77
1,100,0,1984,992047,72
1,100,0,1985,992547,75
1,100,0,1986,993047,75
1,100,0,1987,993547,72
1,100,0,1988,994047,72
1,100,0,1989,994547,73
1,100,0,1990,995047,69
1,100,0,1991,995547,69
1,100,0,1992,996047,69
1,100,0,1993,996547,69
1,100,0,1994,997047,69
1,100,0,1995,997547,57
1,100,0,1996,998047,69
1,100,0,1997,998547,61
1,100,0,1998,999047,67
1,100,0,1999,999547,59
# END_WINDOW
# Ready: run=1, valve=100%, rate=2000 Hz, samples=2000. Send any character to record one window.
# CAPTURING
1,100,1,0,54,51
1,100,1,1,547,39
1,100,1,2,1047,37
1,100,1,3,1547,45
1,100,1,4,2047,38
1,100,1,5,2547,36
1,100,1,6,3047,43
1,100,1,7,3547,36
1,100,1,8,4047,30
1,100,1,9,4547,43
1,100,1,10,5047,36
1,100,1,11,5547,36
1,100,1,12,6047,41
1,100,1,13,6547,36
1,100,1,14,7047,29
1,100,1,15,7547,39
1,100,1,16,8047,39
1,100,1,17,8547,27
1,100,1,18,9047,39
1,100,1,19,9547,36
1,100,1,20,10047,37
1,100,1,21,10547,30
1,100,1,22,11047,37
1,100,1,23,11547,36
1,100,1,24,12047,29
1,100,1,25,12547,35
1,100,1,26,13047,35
1,100,1,27,13547,30
1,100,1,28,14047,35
1,100,1,29,14547,31
1,100,1,30,15047,31
1,100,1,31,15547,37
1,100,1,32,16047,37
1,100,1,33,16547,39
1,100,1,34,17047,41
1,100,1,35,17547,39
1,100,1,36,18047,43
1,100,1,37,18547,42
1,100,1,38,19047,35
1,100,1,39,19547,43
1,100,1,40,20047,35
1,100,1,41,20547,40
1,100,1,42,21047,37
1,100,1,43,21547,41
1,100,1,44,22047,38
1,100,1,45,22547,45
1,100,1,46,23047,43
1,100,1,47,23547,47
1,100,1,48,24047,53
1,100,1,49,24547,51
1,100,1,50,25047,55
1,100,1,51,25547,53
1,100,1,52,26047,54
1,100,1,53,26547,55
1,100,1,54,27047,55
1,100,1,55,27547,58
1,100,1,56,28047,55
1,100,1,57,28547,54
1,100,1,58,29047,59
1,100,1,59,29547,55
1,100,1,60,30047,57
1,100,1,61,30547,57
1,100,1,62,31047,57
1,100,1,63,31547,59
1,100,1,64,32047,54
1,100,1,65,32547,53
1,100,1,66,33047,37
1,100,1,67,33547,46
1,100,1,68,34047,39
1,100,1,69,34547,39
1,100,1,70,35047,31
1,100,1,71,35547,28
1,100,1,72,36047,31
1,100,1,73,36547,41
1,100,1,74,37047,37
1,100,1,75,37547,35
1,100,1,76,38047,43
1,100,1,77,38547,46
1,100,1,78,39047,51
1,100,1,79,39547,55
1,100,1,80,40047,63
1,100,1,81,40547,63
1,100,1,82,41047,67
1,100,1,83,41547,75
1,100,1,84,42047,76
1,100,1,85,42547,83
1,100,1,86,43047,83
1,100,1,87,43547,83
1,100,1,88,44047,90
1,100,1,89,44547,93
1,100,1,90,45047,98
1,100,1,91,45547,91
1,100,1,92,46047,100
1,100,1,93,46547,103
1,100,1,94,47047,101
1,100,1,95,47547,99
1,100,1,96,48047,93
1,100,1,97,48547,94
1,100,1,98,49047,91
1,100,1,99,49547,90
1,100,1,100,50047,90
1,100,1,101,50547,84
1,100,1,102,51047,87
1,100,1,103,51547,89
1,100,1,104,52047,86
1,100,1,105,52547,85
1,100,1,106,53047,91
1,100,1,107,53547,91
1,100,1,108,54047,99
1,100,1,109,54547,101
1,100,1,110,55047,99
1,100,1,111,55547,104
1,100,1,112,56047,109
1,100,1,113,56547,105
1,100,1,114,57047,109
1,100,1,115,57547,116
1,100,1,116,58047,109
1,100,1,117,58547,107
1,100,1,118,59047,116
1,100,1,119,59547,107
1,100,1,120,60047,99
1,100,1,121,60547,102
1,100,1,122,61047,94
1,100,1,123,61547,88
1,100,1,124,62047,93
1,100,1,125,62547,88
1,100,1,126,63047,83
1,100,1,127,63547,87
1,100,1,128,64047,75
1,100,1,129,64547,75
1,100,1,130,65047,75
1,100,1,131,65547,71
1,100,1,132,66047,71
1,100,1,133,66547,70
1,100,1,134,67047,69
1,100,1,135,67547,75
1,100,1,136,68047,71
1,100,1,137,68547,72
1,100,1,138,69047,73
1,100,1,139,69547,69
1,100,1,140,70047,74
1,100,1,141,70547,72
1,100,1,142,71047,72
1,100,1,143,71547,75
1,100,1,144,72047,83
1,100,1,145,72547,83
1,100,1,146,73047,79
1,100,1,147,73547,82
1,100,1,148,74047,77
1,100,1,149,74547,71
1,100,1,150,75047,75
1,100,1,151,75547,69
1,100,1,152,76047,68
1,100,1,153,76547,63
1,100,1,154,77047,62
1,100,1,155,77547,58
1,100,1,156,78047,53
1,100,1,157,78547,53
1,100,1,158,79047,47
1,100,1,159,79547,37
1,100,1,160,80047,39
1,100,1,161,80547,42
1,100,1,162,81047,29
1,100,1,163,81547,25
1,100,1,164,82047,28
1,100,1,165,82547,24
1,100,1,166,83047,20
1,100,1,167,83547,19
1,100,1,168,84047,19
1,100,1,169,84547,26
1,100,1,170,85047,24
1,100,1,171,85547,25
1,100,1,172,86047,39
1,100,1,173,86547,36
1,100,1,174,87047,42
1,100,1,175,87547,45
1,100,1,176,88047,41
1,100,1,177,88547,47
1,100,1,178,89047,53
1,100,1,179,89547,55
1,100,1,180,90047,58
1,100,1,181,90547,70
1,100,1,182,91047,70
1,100,1,183,91547,73
1,100,1,184,92047,77
1,100,1,185,92547,75
1,100,1,186,93047,79
1,100,1,187,93547,79
1,100,1,188,94047,83
1,100,1,189,94547,77
1,100,1,190,95047,84
1,100,1,191,95547,79
1,100,1,192,96047,83
1,100,1,193,96547,71
1,100,1,194,97047,73
1,100,1,195,97547,75
1,100,1,196,98047,81
1,100,1,197,98547,83
1,100,1,198,99047,89
1,100,1,199,99547,101
1,100,1,200,100047,102
1,100,1,201,100547,108
1,100,1,202,101047,111
1,100,1,203,101547,115
1,100,1,204,102047,117
1,100,1,205,102547,123
1,100,1,206,103047,119
1,100,1,207,103547,121
1,100,1,208,104047,131
1,100,1,209,104547,120
1,100,1,210,105047,121
1,100,1,211,105547,120
1,100,1,212,106047,115
1,100,1,213,106547,115
1,100,1,214,107047,109
1,100,1,215,107547,110
1,100,1,216,108047,107
1,100,1,217,108547,101
1,100,1,218,109047,92
1,100,1,219,109547,91
1,100,1,220,110047,79
1,100,1,221,110547,77
1,100,1,222,111047,76
1,100,1,223,111547,67
1,100,1,224,112047,73
1,100,1,225,112547,74
1,100,1,226,113047,71
1,100,1,227,113547,77
1,100,1,228,114047,72
1,100,1,229,114547,74
1,100,1,230,115047,77
1,100,1,231,115547,71
1,100,1,232,116047,69
1,100,1,233,116547,69
1,100,1,234,117047,63
1,100,1,235,117547,61
1,100,1,236,118047,56
1,100,1,237,118547,55
1,100,1,238,119047,55
1,100,1,239,119547,55
1,100,1,240,120047,51
1,100,1,241,120547,51
1,100,1,242,121047,51
1,100,1,243,121547,48
1,100,1,244,122047,45
1,100,1,245,122547,41
1,100,1,246,123047,35
1,100,1,247,123547,29
1,100,1,248,124047,29
1,100,1,249,124547,25
1,100,1,250,125047,23
1,100,1,251,125547,27
1,100,1,252,126047,25
1,100,1,253,126547,25
1,100,1,254,127047,27
1,100,1,255,127547,28
1,100,1,256,128047,29
1,100,1,257,128547,29
1,100,1,258,129047,28
1,100,1,259,129547,35
1,100,1,260,130047,35
1,100,1,261,130547,39
1,100,1,262,131047,43
1,100,1,263,131547,43
1,100,1,264,132047,42
1,100,1,265,132547,51
1,100,1,266,133047,45
1,100,1,267,133547,46
1,100,1,268,134047,53
1,100,1,269,134547,55
1,100,1,270,135047,53
1,100,1,271,135547,53
1,100,1,272,136047,51
1,100,1,273,136547,43
1,100,1,274,137047,44
1,100,1,275,137547,38
1,100,1,276,138047,36
1,100,1,277,138547,37
1,100,1,278,139047,34
1,100,1,279,139547,45
1,100,1,280,140047,41
1,100,1,281,140547,47
1,100,1,282,141047,53
1,100,1,283,141547,54
1,100,1,284,142047,57
1,100,1,285,142547,57
1,100,1,286,143047,53
1,100,1,287,143547,57
1,100,1,288,144047,61
1,100,1,289,144547,61
1,100,1,290,145047,62
1,100,1,291,145547,70
1,100,1,292,146047,71
1,100,1,293,146547,72
1,100,1,294,147047,71
1,100,1,295,147547,77
1,100,1,296,148047,75
1,100,1,297,148547,75
1,100,1,298,149047,75
1,100,1,299,149547,77
1,100,1,300,150047,74
1,100,1,301,150547,76
1,100,1,302,151047,74
1,100,1,303,151547,69
1,100,1,304,152047,73
1,100,1,305,152547,79
1,100,1,306,153047,79
1,100,1,307,153547,77
1,100,1,308,154047,82
1,100,1,309,154547,75
1,100,1,310,155047,85
1,100,1,311,155547,84
1,100,1,312,156047,75
1,100,1,313,156547,77
1,100,1,314,157047,75
1,100,1,315,157547,70
1,100,1,316,158047,73
1,100,1,317,158547,69
1,100,1,318,159047,63
1,100,1,319,159547,68
1,100,1,320,160047,69
1,100,1,321,160547,68
1,100,1,322,161047,73
1,100,1,323,161547,72
1,100,1,324,162047,69
1,100,1,325,162547,73
1,100,1,326,163047,62
1,100,1,327,163547,61
1,100,1,328,164047,71
1,100,1,329,164547,56
1,100,1,330,165047,53
1,100,1,331,165547,55
1,100,1,332,166047,47
1,100,1,333,166547,47
1,100,1,334,167047,55
1,100,1,335,167547,51
1,100,1,336,168047,46
1,100,1,337,168547,53
1,100,1,338,169047,53
1,100,1,339,169547,55
1,100,1,340,170047,57
1,100,1,341,170547,55
1,100,1,342,171047,56
1,100,1,343,171547,63
1,100,1,344,172047,62
1,100,1,345,172547,70
1,100,1,346,173047,69
1,100,1,347,173547,71
1,100,1,348,174047,74
1,100,1,349,174547,77
1,100,1,350,175047,73
1,100,1,351,175547,70
1,100,1,352,176047,73
1,100,1,353,176547,70
1,100,1,354,177047,70
1,100,1,355,177547,71
1,100,1,356,178047,60
1,100,1,357,178547,63
1,100,1,358,179047,63
1,100,1,359,179547,56
1,100,1,360,180047,58
1,100,1,361,180547,63
1,100,1,362,181047,67
1,100,1,363,181547,61
1,100,1,364,182047,71
1,100,1,365,182547,71
1,100,1,366,183047,71
1,100,1,367,183547,68
1,100,1,368,184047,72
1,100,1,369,184547,61
1,100,1,370,185047,57
1,100,1,371,185547,63
1,100,1,372,186047,57
1,100,1,373,186547,55
1,100,1,374,187047,59
1,100,1,375,187547,55
1,100,1,376,188047,60
1,100,1,377,188547,71
1,100,1,378,189047,73
1,100,1,379,189547,79
1,100,1,380,190047,78
1,100,1,381,190547,83
1,100,1,382,191047,88
1,100,1,383,191547,83
1,100,1,384,192047,81
1,100,1,385,192547,87
1,100,1,386,193047,77
1,100,1,387,193547,76
1,100,1,388,194047,87
1,100,1,389,194547,76
1,100,1,390,195047,75
1,100,1,391,195547,82
1,100,1,392,196047,75
1,100,1,393,196547,76
1,100,1,394,197047,74
1,100,1,395,197547,79
1,100,1,396,198047,72
1,100,1,397,198547,69
1,100,1,398,199047,69
1,100,1,399,199547,61
1,100,1,400,200047,67
1,100,1,401,200547,62
1,100,1,402,201047,55
1,100,1,403,201547,54
1,100,1,404,202047,63
1,100,1,405,202547,59
1,100,1,406,203047,61
1,100,1,407,203547,69
1,100,1,408,204047,71
1,100,1,409,204547,73
1,100,1,410,205047,73
1,100,1,411,205547,70
1,100,1,412,206047,76
1,100,1,413,206547,74
1,100,1,414,207047,64
1,100,1,415,207547,69
1,100,1,416,208047,70
1,100,1,417,208547,75
1,100,1,418,209047,75
1,100,1,419,209547,83
1,100,1,420,210047,83
1,100,1,421,210547,83
1,100,1,422,211047,88
1,100,1,423,211547,85
1,100,1,424,212047,84
1,100,1,425,212547,83
1,100,1,426,213047,84
1,100,1,427,213547,76
1,100,1,428,214047,75
1,100,1,429,214547,73
1,100,1,430,215047,63
1,100,1,431,215547,67
1,100,1,432,216047,58
1,100,1,433,216547,59
1,100,1,434,217047,61
1,100,1,435,217547,59
1,100,1,436,218047,58
1,100,1,437,218547,69
1,100,1,438,219047,59
1,100,1,439,219547,69
1,100,1,440,220047,63
1,100,1,441,220547,68
1,100,1,442,221047,59
1,100,1,443,221547,63
1,100,1,444,222047,61
1,100,1,445,222547,67
1,100,1,446,223047,62
1,100,1,447,223547,56
1,100,1,448,224047,57
1,100,1,449,224547,57
1,100,1,450,225047,55
1,100,1,451,225547,53
1,100,1,452,226047,47
1,100,1,453,226547,45
1,100,1,454,227047,42
1,100,1,455,227547,42
1,100,1,456,228047,29
1,100,1,457,228547,27
1,100,1,458,229047,27
1,100,1,459,229547,23
1,100,1,460,230047,18
1,100,1,461,230547,23
1,100,1,462,231047,21
1,100,1,463,231547,25
1,100,1,464,232047,24
1,100,1,465,232547,36
1,100,1,466,233047,25
1,100,1,467,233547,31
1,100,1,468,234047,37
1,100,1,469,234547,35
1,100,1,470,235047,41
1,100,1,471,235547,40
1,100,1,472,236047,41
1,100,1,473,236547,47
1,100,1,474,237047,46
1,100,1,475,237547,51
1,100,1,476,238047,45
1,100,1,477,238547,59
1,100,1,478,239047,52
1,100,1,479,239547,56
1,100,1,480,240047,61
1,100,1,481,240547,54
1,100,1,482,241047,55
1,100,1,483,241547,60
1,100,1,484,242047,68
1,100,1,485,242547,62
1,100,1,486,243047,72
1,100,1,487,243547,75
1,100,1,488,244047,77
1,100,1,489,244547,77
1,100,1,490,245047,77
1,100,1,491,245547,73
1,100,1,492,246047,74
1,100,1,493,246547,67
1,100,1,494,247047,72
1,100,1,495,247547,72
1,100,1,496,248047,75
1,100,1,497,248547,73
1,100,1,498,249047,82
1,100,1,499,249547,77
1,100,1,500,250047,73
1,100,1,501,250547,73
1,100,1,502,251047,75
1,100,1,503,251547,77
1,100,1,504,252047,77
1,100,1,505,252547,75
1,100,1,506,253047,79
1,100,1,507,253547,75
1,100,1,508,254047,77
1,100,1,509,254547,74
1,100,1,510,255047,63
1,100,1,511,255547,72
1,100,1,512,256047,58
1,100,1,513,256547,69
1,100,1,514,257047,59
1,100,1,515,257547,57
1,100,1,516,258047,59
1,100,1,517,258547,59
1,100,1,518,259047,54
1,100,1,519,259547,56
1,100,1,520,260047,53
1,100,1,521,260547,57
1,100,1,522,261047,59
1,100,1,523,261547,59
1,100,1,524,262047,63
1,100,1,525,262547,60
1,100,1,526,263047,71
1,100,1,527,263547,71
1,100,1,528,264047,76
1,100,1,529,264547,75
1,100,1,530,265047,77
1,100,1,531,265547,83
1,100,1,532,266047,77
1,100,1,533,266547,81
1,100,1,534,267047,79
1,100,1,535,267547,77
1,100,1,536,268047,82
1,100,1,537,268547,83
1,100,1,538,269047,81
1,100,1,539,269547,86
1,100,1,540,270047,89
1,100,1,541,270547,83
1,100,1,542,271047,82
1,100,1,543,271547,85
1,100,1,544,272047,87
1,100,1,545,272547,82
1,100,1,546,273047,87
1,100,1,547,273547,87
1,100,1,548,274047,83
1,100,1,549,274547,91
1,100,1,550,275047,92
1,100,1,551,275547,84
1,100,1,552,276047,87
1,100,1,553,276547,91
1,100,1,554,277047,87
1,100,1,555,277547,87
1,100,1,556,278047,89
1,100,1,557,278547,87
1,100,1,558,279047,88
1,100,1,559,279547,85
1,100,1,560,280047,87
1,100,1,561,280547,74
1,100,1,562,281047,83
1,100,1,563,281547,85
1,100,1,564,282047,85
1,100,1,565,282547,82
1,100,1,566,283047,85
1,100,1,567,283547,85
1,100,1,568,284047,83
1,100,1,569,284547,76
1,100,1,570,285047,79
1,100,1,571,285547,73
1,100,1,572,286047,77
1,100,1,573,286547,74
1,100,1,574,287047,73
1,100,1,575,287547,83
1,100,1,576,288047,82
1,100,1,577,288547,83
1,100,1,578,289047,79
1,100,1,579,289547,86
1,100,1,580,290047,91
1,100,1,581,290547,83
1,100,1,582,291047,85
1,100,1,583,291547,87
1,100,1,584,292047,83
1,100,1,585,292547,83
1,100,1,586,293047,78
1,100,1,587,293547,75
1,100,1,588,294047,77
1,100,1,589,294547,73
1,100,1,590,295047,71
1,100,1,591,295547,70
1,100,1,592,296047,71
1,100,1,593,296547,70
1,100,1,594,297047,69
1,100,1,595,297547,73
1,100,1,596,298047,62
1,100,1,597,298547,63
1,100,1,598,299047,60
1,100,1,599,299547,60
1,100,1,600,300047,47
1,100,1,601,300547,58
1,100,1,602,301047,53
1,100,1,603,301547,53
1,100,1,604,302047,56
1,100,1,605,302547,47
1,100,1,606,303047,57
1,100,1,607,303547,57
1,100,1,608,304047,56
1,100,1,609,304547,56
1,100,1,610,305047,67
1,100,1,611,305547,60
1,100,1,612,306047,53
1,100,1,613,306547,57
1,100,1,614,307047,57
1,100,1,615,307547,53
1,100,1,616,308047,53
1,100,1,617,308547,53
1,100,1,618,309047,51
1,100,1,619,309547,53
1,100,1,620,310047,58
1,100,1,621,310547,53
1,100,1,622,311047,57
1,100,1,623,311547,57
1,100,1,624,312047,55
1,100,1,625,312547,61
1,100,1,626,313047,55
1,100,1,627,313547,56
1,100,1,628,314047,59
1,100,1,629,314547,57
1,100,1,630,315047,56
1,100,1,631,315547,53
1,100,1,632,316047,53
1,100,1,633,316547,55
1,100,1,634,317047,59
1,100,1,635,317547,51
1,100,1,636,318047,57
1,100,1,637,318547,61
1,100,1,638,319047,59
1,100,1,639,319547,63
1,100,1,640,320047,73
1,100,1,641,320547,63
1,100,1,642,321047,69
1,100,1,643,321547,76
1,100,1,644,322047,73
1,100,1,645,322547,76
1,100,1,646,323047,83
1,100,1,647,323547,85
1,100,1,648,324047,89
1,100,1,649,324547,91
1,100,1,650,325047,89
1,100,1,651,325547,98
1,100,1,652,326047,95
1,100,1,653,326547,95
1,100,1,654,327047,99
1,100,1,655,327547,96
1,100,1,656,328047,100
1,100,1,657,328547,107
1,100,1,658,329047,105
1,100,1,659,329547,106
1,100,1,660,330047,108
1,100,1,661,330547,103
1,100,1,662,331047,109
1,100,1,663,331547,111
1,100,1,664,332047,107
1,100,1,665,332547,110
1,100,1,666,333047,107
1,100,1,667,333547,105
1,100,1,668,334047,102
1,100,1,669,334547,103
1,100,1,670,335047,103
1,100,1,671,335547,99
1,100,1,672,336047,93
1,100,1,673,336547,91
1,100,1,674,337047,89
1,100,1,675,337547,89
1,100,1,676,338047,89
1,100,1,677,338547,88
1,100,1,678,339047,85
1,100,1,679,339547,88
1,100,1,680,340047,90
1,100,1,681,340547,90
1,100,1,682,341047,95
1,100,1,683,341547,92
1,100,1,684,342047,88
1,100,1,685,342547,99
1,100,1,686,343047,94
1,100,1,687,343547,97
1,100,1,688,344047,88
1,100,1,689,344547,91
1,100,1,690,345047,87
1,100,1,691,345547,87
1,100,1,692,346047,73
1,100,1,693,346547,69
1,100,1,694,347047,63
1,100,1,695,347547,53
1,100,1,696,348047,53
1,100,1,697,348547,53
1,100,1,698,349047,41
1,100,1,699,349547,43
1,100,1,700,350047,55
1,100,1,701,350547,38
1,100,1,702,351047,45
1,100,1,703,351547,45
1,100,1,704,352047,45
1,100,1,705,352547,53
1,100,1,706,353047,52
1,100,1,707,353547,53
1,100,1,708,354047,60
1,100,1,709,354547,61
1,100,1,710,355047,71
1,100,1,711,355547,71
1,100,1,712,356047,71
1,100,1,713,356547,73
1,100,1,714,357047,77
1,100,1,715,357547,79
1,100,1,716,358047,83
1,100,1,717,358547,83
1,100,1,718,359047,83
1,100,1,719,359547,82
1,100,1,720,360047,77
1,100,1,721,360547,85
1,100,1,722,361047,73
1,100,1,723,361547,72
1,100,1,724,362047,74
1,100,1,725,362547,63
1,100,1,726,363047,72
1,100,1,727,363547,67
1,100,1,728,364047,61
1,100,1,729,364547,59
1,100,1,730,365047,68
1,100,1,731,365547,67
1,100,1,732,366047,59
1,100,1,733,366547,59
1,100,1,734,367047,68
1,100,1,735,367547,59
1,100,1,736,368047,57
1,100,1,737,368547,59
1,100,1,738,369047,57
1,100,1,739,369547,69
1,100,1,740,370047,63
1,100,1,741,370547,61
1,100,1,742,371047,69
1,100,1,743,371547,70
1,100,1,744,372047,75
1,100,1,745,372547,70
1,100,1,746,373047,71
1,100,1,747,373547,74
1,100,1,748,374047,73
1,100,1,749,374547,71
1,100,1,750,375047,69
1,100,1,751,375547,73
1,100,1,752,376047,67
1,100,1,753,376547,61
1,100,1,754,377047,71
1,100,1,755,377547,71
1,100,1,756,378047,72
1,100,1,757,378547,75
1,100,1,758,379047,71
1,100,1,759,379547,73
1,100,1,760,380047,75
1,100,1,761,380547,71
1,100,1,762,381047,75
1,100,1,763,381547,70
1,100,1,764,382047,69
1,100,1,765,382547,69
1,100,1,766,383047,73
1,100,1,767,383547,63
1,100,1,768,384047,69
1,100,1,769,384547,70
1,100,1,770,385047,69
1,100,1,771,385547,71
1,100,1,772,386047,74
1,100,1,773,386547,77
1,100,1,774,387047,73
1,100,1,775,387547,81
1,100,1,776,388047,60
1,100,1,777,388547,67
1,100,1,778,389047,68
1,100,1,779,389547,58
1,100,1,780,390047,57
1,100,1,781,390547,54
1,100,1,782,391047,58
1,100,1,783,391547,55
1,100,1,784,392047,55
1,100,1,785,392547,53
1,100,1,786,393047,55
1,100,1,787,393547,45
1,100,1,788,394047,45
1,100,1,789,394547,45
1,100,1,790,395047,45
1,100,1,791,395547,41
1,100,1,792,396047,40
1,100,1,793,396547,39
1,100,1,794,397047,35
1,100,1,795,397547,41
1,100,1,796,398047,35
1,100,1,797,398547,37
1,100,1,798,399047,50
1,100,1,799,399547,40
1,100,1,800,400047,41
1,100,1,801,400547,51
1,100,1,802,401047,45
1,100,1,803,401547,47
1,100,1,804,402047,52
1,100,1,805,402547,53
1,100,1,806,403047,51
1,100,1,807,403547,52
1,100,1,808,404047,54
1,100,1,809,404547,58
1,100,1,810,405047,51
1,100,1,811,405547,53
1,100,1,812,406047,53
1,100,1,813,406547,44
1,100,1,814,407047,46
1,100,1,815,407547,51
1,100,1,816,408047,43
1,100,1,817,408547,45
1,100,1,818,409047,43
1,100,1,819,409547,44
1,100,1,820,410047,43
1,100,1,821,410547,40
1,100,1,822,411047,44
1,100,1,823,411547,41
1,100,1,824,412047,44
1,100,1,825,412547,51
1,100,1,826,413047,41
1,100,1,827,413547,51
1,100,1,828,414047,55
1,100,1,829,414547,48
1,100,1,830,415047,53
1,100,1,831,415547,61
1,100,1,832,416047,58
1,100,1,833,416547,67
1,100,1,834,417047,75
1,100,1,835,417547,71
1,100,1,836,418047,74
1,100,1,837,418547,77
1,100,1,838,419047,73
1,100,1,839,419547,69
1,100,1,840,420047,71
1,100,1,841,420547,61
1,100,1,842,421047,63
1,100,1,843,421547,71
1,100,1,844,422047,69
1,100,1,845,422547,69
1,100,1,846,423047,71
1,100,1,847,423547,62
1,100,1,848,424047,63
1,100,1,849,424547,58
1,100,1,850,425047,53
1,100,1,851,425547,55
1,100,1,852,426047,51
1,100,1,853,426547,52
1,100,1,854,427047,51
1,100,1,855,427547,45
1,100,1,856,428047,47
1,100,1,857,428547,46
1,100,1,858,429047,50
1,100,1,859,429547,51
1,100,1,860,430047,55
1,100,1,861,430547,55
1,100,1,862,431047,67
1,100,1,863,431547,60
1,100,1,864,432047,58
1,100,1,865,432547,63
1,100,1,866,433047,67
1,100,1,867,433547,61
1,100,1,868,434047,69
1,100,1,869,434547,69
1,100,1,870,435047,73
1,100,1,871,435547,77
1,100,1,872,436047,78
1,100,1,873,436547,87
1,100,1,874,437047,93
1,100,1,875,437547,99
1,100,1,876,438047,103
1,100,1,877,438547,99
1,100,1,878,439047,104
1,100,1,879,439547,106
1,100,1,880,440047,104
1,100,1,881,440547,103
1,100,1,882,441047,103
1,100,1,883,441547,99
1,100,1,884,442047,99
1,100,1,885,442547,107
1,100,1,886,443047,101
1,100,1,887,443547,107
1,100,1,888,444047,103
1,100,1,889,444547,105
1,100,1,890,445047,107
1,100,1,891,445547,93
1,100,1,892,446047,105
1,100,1,893,446547,91
1,100,1,894,447047,91
1,100,1,895,447547,87
1,100,1,896,448047,77
1,100,1,897,448547,87
1,100,1,898,449047,87
1,100,1,899,449547,75
1,100,1,900,450047,82
1,100,1,901,450547,83
1,100,1,902,451047,84
1,100,1,903,451547,83
1,100,1,904,452047,75
1,100,1,905,452547,75
1,100,1,906,453047,79
1,100,1,907,453547,69
1,100,1,908,454047,73
1,100,1,909,454547,69
1,100,1,910,455047,70
1,100,1,911,455547,64
1,100,1,912,456047,69
1,100,1,913,456547,61
1,100,1,914,457047,61
1,100,1,915,457547,63
1,100,1,916,458047,62
1,100,1,917,458547,56
1,100,1,918,459047,59
1,100,1,919,459547,59
1,100,1,920,460047,53
1,100,1,921,460547,55
1,100,1,922,461047,54
1,100,1,923,461547,45
1,100,1,924,462047,46
1,100,1,925,462547,55
1,100,1,926,463047,55
1,100,1,927,463547,55
1,100,1,928,464047,63
1,100,1,929,464547,67
1,100,1,930,465047,67
1,100,1,931,465547,68
1,100,1,932,466047,70
1,100,1,933,466547,63
1,100,1,934,467047,62
1,100,1,935,467547,60
1,100,1,936,468047,68
1,100,1,937,468547,57
1,100,1,938,469047,63
1,100,1,939,469547,57
1,100,1,940,470047,57
1,100,1,941,470547,63
1,100,1,942,471047,61
1,100,1,943,471547,59
1,100,1,944,472047,69
1,100,1,945,472547,74
1,100,1,946,473047,63
1,100,1,947,473547,63
1,100,1,948,474047,71
1,100,1,949,474547,62
1,100,1,950,475047,63
1,100,1,951,475547,73
1,100,1,952,476047,61
1,100,1,953,476547,72
1,100,1,954,477047,76
1,100,1,955,477547,74
1,100,1,956,478047,73
1,100,1,957,478547,75
1,100,1,958,479047,75
1,100,1,959,479547,76
1,100,1,960,480047,74
1,100,1,961,480547,67
1,100,1,962,481047,76
1,100,1,963,481547,79
1,100,1,964,482047,70
1,100,1,965,482547,75
1,100,1,966,483047,72
1,100,1,967,483547,63
1,100,1,968,484047,75
1,100,1,969,484547,71
1,100,1,970,485047,69
1,100,1,971,485547,71
1,100,1,972,486047,77
1,100,1,973,486547,79
1,100,1,974,487047,77
1,100,1,975,487547,85
1,100,1,976,488047,78
1,100,1,977,488547,80
1,100,1,978,489047,89
1,100,1,979,489547,85
1,100,1,980,490047,83
1,100,1,981,490547,101
1,100,1,982,491047,95
1,100,1,983,491547,93
1,100,1,984,492047,101
1,100,1,985,492547,99
1,100,1,986,493047,101
1,100,1,987,493547,105
1,100,1,988,494047,95
1,100,1,989,494547,101
1,100,1,990,495047,107
1,100,1,991,495547,93
1,100,1,992,496047,103
1,100,1,993,496547,103
1,100,1,994,497047,101
1,100,1,995,497547,104
1,100,1,996,498047,102
1,100,1,997,498547,109
1,100,1,998,499047,103
1,100,1,999,499547,101
1,100,1,1000,500047,110
1,100,1,1001,500547,103
1,100,1,1002,501047,103
1,100,1,1003,501547,107
1,100,1,1004,502047,103
1,100,1,1005,502547,95
1,100,1,1006,503047,93
1,100,1,1007,503547,93
1,100,1,1008,504047,84
1,100,1,1009,504547,85
1,100,1,1010,505047,75
1,100,1,1011,505547,73
1,100,1,1012,506047,76
1,100,1,1013,506547,71
1,100,1,1014,507047,70
1,100,1,1015,507547,63
1,100,1,1016,508047,59
1,100,1,1017,508547,61
1,100,1,1018,509047,59
1,100,1,1019,509547,50
1,100,1,1020,510047,55
1,100,1,1021,510547,57
1,100,1,1022,511047,46
1,100,1,1023,511547,56
1,100,1,1024,512047,52
1,100,1,1025,512547,53
1,100,1,1026,513047,55
1,100,1,1027,513547,59
1,100,1,1028,514047,54
1,100,1,1029,514547,51
1,100,1,1030,515047,54
1,100,1,1031,515547,51
1,100,1,1032,516047,43
1,100,1,1033,516547,45
1,100,1,1034,517047,46
1,100,1,1035,517547,47
1,100,1,1036,518047,53
1,100,1,1037,518547,50
1,100,1,1038,519047,48
1,100,1,1039,519547,51
1,100,1,1040,520047,55
1,100,1,1041,520547,59
1,100,1,1042,521047,48
1,100,1,1043,521547,58
1,100,1,1044,522047,59
1,100,1,1045,522547,55
1,100,1,1046,523047,61
1,100,1,1047,523547,57
1,100,1,1048,524047,58
1,100,1,1049,524547,54
1,100,1,1050,525047,53
1,100,1,1051,525547,52
1,100,1,1052,526047,53
1,100,1,1053,526547,47
1,100,1,1054,527047,51
1,100,1,1055,527547,48
1,100,1,1056,528047,52
1,100,1,1057,528547,51
1,100,1,1058,529047,51
1,100,1,1059,529547,51
1,100,1,1060,530047,51
1,100,1,1061,530547,45
1,100,1,1062,531047,52
1,100,1,1063,531547,45
1,100,1,1064,532047,52
1,100,1,1065,532547,47
1,100,1,1066,533047,51
1,100,1,1067,533547,56
1,100,1,1068,534047,55
1,100,1,1069,534547,53
1,100,1,1070,535047,57
1,100,1,1071,535547,47
1,100,1,1072,536047,55
1,100,1,1073,536547,45
1,100,1,1074,537047,42
1,100,1,1075,537547,45
1,100,1,1076,538047,43
1,100,1,1077,538547,43
1,100,1,1078,539047,48
1,100,1,1079,539547,42
1,100,1,1080,540047,46
1,100,1,1081,540547,52
1,100,1,1082,541047,55
1,100,1,1083,541547,59
1,100,1,1084,542047,59
1,100,1,1085,542547,71
1,100,1,1086,543047,69
1,100,1,1087,543547,76
1,100,1,1088,544047,84
1,100,1,1089,544547,78
1,100,1,1090,545047,84
1,100,1,1091,545547,91
1,100,1,1092,546047,93
1,100,1,1093,546547,93
1,100,1,1094,547047,101
1,100,1,1095,547547,103
1,100,1,1096,548047,99
1,100,1,1097,548547,98
1,100,1,1098,549047,103
1,100,1,1099,549547,100
1,100,1,1100,550047,96
1,100,1,1101,550547,99
1,100,1,1102,551047,93
1,100,1,1103,551547,92
1,100,1,1104,552047,92
1,100,1,1105,552547,89
1,100,1,1106,553047,84
1,100,1,1107,553547,89
1,100,1,1108,554047,85
1,100,1,1109,554547,82
1,100,1,1110,555047,82
1,100,1,1111,555547,83
1,100,1,1112,556047,75
1,100,1,1113,556547,76
1,100,1,1114,557047,75
1,100,1,1115,557547,73
1,100,1,1116,558047,73
1,100,1,1117,558547,71
1,100,1,1118,559047,69
1,100,1,1119,559547,72
1,100,1,1120,560047,71
1,100,1,1121,560547,71
1,100,1,1122,561047,73
1,100,1,1123,561547,69
1,100,1,1124,562047,71
1,100,1,1125,562547,73
1,100,1,1126,563047,72
1,100,1,1127,563547,72
1,100,1,1128,564047,61
1,100,1,1129,564547,63
1,100,1,1130,565047,59
1,100,1,1131,565547,63
1,100,1,1132,566047,61
1,100,1,1133,566547,59
1,100,1,1134,567047,59
1,100,1,1135,567547,59
1,100,1,1136,568047,58
1,100,1,1137,568547,59
1,100,1,1138,569047,68
1,100,1,1139,569547,55
1,100,1,1140,570047,71
1,100,1,1141,570547,61
1,100,1,1142,571047,61
1,100,1,1143,571547,68
1,100,1,1144,572047,61
1,100,1,1145,572547,73
1,100,1,1146,573047,75
1,100,1,1147,573547,71
1,100,1,1148,574047,78
1,100,1,1149,574547,71
1,100,1,1150,575047,87
1,100,1,1151,575547,77
1,100,1,1152,576047,86
1,100,1,1153,576547,85
1,100,1,1154,577047,82
1,100,1,1155,577547,79
1,100,1,1156,578047,83
1,100,1,1157,578547,77
1,100,1,1158,579047,75
1,100,1,1159,579547,79
1,100,1,1160,580047,77
1,100,1,1161,580547,75
1,100,1,1162,581047,79
1,100,1,1163,581547,73
1,100,1,1164,582047,75
1,100,1,1165,582547,74
1,100,1,1166,583047,61
1,100,1,1167,583547,73
1,100,1,1168,584047,63
1,100,1,1169,584547,68
1,100,1,1170,585047,63
1,100,1,1171,585547,62
1,100,1,1172,586047,59
1,100,1,1173,586547,59
1,100,1,1174,587047,69
1,100,1,1175,587547,57
1,100,1,1176,588047,69
1,100,1,1177,588547,63
1,100,1,1178,589047,73
1,100,1,1179,589547,73
1,100,1,1180,590047,71
1,100,1,1181,590547,73
1,100,1,1182,591047,71
1,100,1,1183,591547,64
1,100,1,1184,592047,67
1,100,1,1185,592547,69
1,100,1,1186,593047,67
1,100,1,1187,593547,67
1,100,1,1188,594047,62
1,100,1,1189,594547,63
1,100,1,1190,595047,61
1,100,1,1191,595547,68
1,100,1,1192,596047,70
1,100,1,1193,596547,67
1,100,1,1194,597047,68
1,100,1,1195,597547,71
1,100,1,1196,598047,72
1,100,1,1197,598547,70
1,100,1,1198,599047,69
1,100,1,1199,599547,70
1,100,1,1200,600047,63
1,100,1,1201,600547,60
1,100,1,1202,601047,59
1,100,1,1203,601547,62
1,100,1,1204,602047,68
1,100,1,1205,602547,62
1,100,1,1206,603047,63
1,100,1,1207,603547,62
1,100,1,1208,604047,67
1,100,1,1209,604547,59
1,100,1,1210,605047,59
1,100,1,1211,605547,51
1,100,1,1212,606047,54
1,100,1,1213,606547,53
1,100,1,1214,607047,55
1,100,1,1215,607547,48
1,100,1,1216,608047,54
1,100,1,1217,608547,46
1,100,1,1218,609047,53
1,100,1,1219,609547,49
1,100,1,1220,610047,55
1,100,1,1221,610547,51
1,100,1,1222,611047,57
1,100,1,1223,611547,57
1,100,1,1224,612047,55
1,100,1,1225,612547,57
1,100,1,1226,613047,55
1,100,1,1227,613547,51
1,100,1,1228,614047,47
1,100,1,1229,614547,37
1,100,1,1230,615047,39
1,100,1,1231,615547,41
1,100,1,1232,616047,38
1,100,1,1233,616547,35
1,100,1,1234,617047,33
1,100,1,1235,617547,37
1,100,1,1236,618047,29
1,100,1,1237,618547,29
1,100,1,1238,619047,26
1,100,1,1239,619547,17
1,100,1,1240,620047,25
1,100,1,1241,620547,22
1,100,1,1242,621047,17
1,100,1,1243,621547,20
1,100,1,1244,622047,17
1,100,1,1245,622547,21
1,100,1,1246,623047,20
1,100,1,1247,623547,13
1,100,1,1248,624047,29
1,100,1,1249,624547,30
1,100,1,1250,625047,39
1,100,1,1251,625547,38
1,100,1,1252,626047,43
1,100,1,1253,626547,41
1,100,1,1254,627047,41
1,100,1,1255,627547,43
1,100,1,1256,628047,36
1,100,1,1257,628547,43
1,100,1,1258,629047,43
1,100,1,1259,629547,41
1,100,1,1260,630047,48
1,100,1,1261,630547,51
1,100,1,1262,631047,54
1,100,1,1263,631547,58
1,100,1,1264,632047,59
1,100,1,1265,632547,55
1,100,1,1266,633047,57
1,100,1,1267,633547,67
1,100,1,1268,634047,58
1,100,1,1269,634547,56
1,100,1,1270,635047,59
1,100,1,1271,635547,57
1,100,1,1272,636047,47
1,100,1,1273,636547,50
1,100,1,1274,637047,53
1,100,1,1275,637547,54
1,100,1,1276,638047,51
1,100,1,1277,638547,61
1,100,1,1278,639047,63
1,100,1,1279,639547,63
1,100,1,1280,640047,69
1,100,1,1281,640547,71
1,100,1,1282,641047,67
1,100,1,1283,641547,69
1,100,1,1284,642047,73
1,100,1,1285,642547,63
1,100,1,1286,643047,74
1,100,1,1287,643547,81
1,100,1,1288,644047,77
1,100,1,1289,644547,79
1,100,1,1290,645047,87
1,100,1,1291,645547,89
1,100,1,1292,646047,89
1,100,1,1293,646547,93
1,100,1,1294,647047,104
1,100,1,1295,647547,93
1,100,1,1296,648047,102
1,100,1,1297,648547,104
1,100,1,1298,649047,95
1,100,1,1299,649547,99
1,100,1,1300,650047,97
1,100,1,1301,650547,89
1,100,1,1302,651047,85
1,100,1,1303,651547,89
1,100,1,1304,652047,87
1,100,1,1305,652547,82
1,100,1,1306,653047,83
1,100,1,1307,653547,82
1,100,1,1308,654047,79
1,100,1,1309,654547,73
1,100,1,1310,655047,70
1,100,1,1311,655547,62
1,100,1,1312,656047,57
1,100,1,1313,656547,53
1,100,1,1314,657047,52
1,100,1,1315,657547,51
1,100,1,1316,658047,43
1,100,1,1317,658547,51
1,100,1,1318,659047,48
1,100,1,1319,659547,47
1,100,1,1320,660047,56
1,100,1,1321,660547,63
1,100,1,1322,661047,61
1,100,1,1323,661547,69
1,100,1,1324,662047,71
1,100,1,1325,662547,67
1,100,1,1326,663047,71
1,100,1,1327,663547,71
1,100,1,1328,664047,63
1,100,1,1329,664547,69
1,100,1,1330,665047,61
1,100,1,1331,665547,63
1,100,1,1332,666047,62
1,100,1,1333,666547,71
1,100,1,1334,667047,63
1,100,1,1335,667547,70
1,100,1,1336,668047,71
1,100,1,1337,668547,75
1,100,1,1338,669047,74
1,100,1,1339,669547,75
1,100,1,1340,670047,83
1,100,1,1341,670547,75
1,100,1,1342,671047,79
1,100,1,1343,671547,78
1,100,1,1344,672047,79
1,100,1,1345,672547,76
1,100,1,1346,673047,87
1,100,1,1347,673547,83
1,100,1,1348,674047,85
1,100,1,1349,674547,92
1,100,1,1350,675047,88
1,100,1,1351,675547,89
1,100,1,1352,676047,87
1,100,1,1353,676547,89
1,100,1,1354,677047,87
1,100,1,1355,677547,88
1,100,1,1356,678047,84
1,100,1,1357,678547,83
1,100,1,1358,679047,89
1,100,1,1359,679547,87
1,100,1,1360,680047,87
1,100,1,1361,680547,89
1,100,1,1362,681047,100
1,100,1,1363,681547,92
1,100,1,1364,682047,93
1,100,1,1365,682547,105
1,100,1,1366,683047,101
1,100,1,1367,683547,93
1,100,1,1368,684047,99
1,100,1,1369,684547,94
1,100,1,1370,685047,90
1,100,1,1371,685547,87
1,100,1,1372,686047,87
1,100,1,1373,686547,87
1,100,1,1374,687047,83
1,100,1,1375,687547,89
1,100,1,1376,688047,83
1,100,1,1377,688547,85
1,100,1,1378,689047,89
1,100,1,1379,689547,91
1,100,1,1380,690047,86
1,100,1,1381,690547,85
1,100,1,1382,691047,92
1,100,1,1383,691547,88
1,100,1,1384,692047,91
1,100,1,1385,692547,92
1,100,1,1386,693047,91
1,100,1,1387,693547,99
1,100,1,1388,694047,99
1,100,1,1389,694547,103
1,100,1,1390,695047,103
1,100,1,1391,695547,101
1,100,1,1392,696047,103
1,100,1,1393,696547,101
1,100,1,1394,697047,99
1,100,1,1395,697547,103
1,100,1,1396,698047,93
1,100,1,1397,698547,89
1,100,1,1398,699047,90
1,100,1,1399,699547,85
1,100,1,1400,700047,85
1,100,1,1401,700547,77
1,100,1,1402,701047,82
1,100,1,1403,701547,79
1,100,1,1404,702047,69
1,100,1,1405,702547,73
1,100,1,1406,703047,69
1,100,1,1407,703547,56
1,100,1,1408,704047,61
1,100,1,1409,704547,55
1,100,1,1410,705047,43
1,100,1,1411,705547,46
1,100,1,1412,706047,47
1,100,1,1413,706547,43
1,100,1,1414,707047,52
1,100,1,1415,707547,47
1,100,1,1416,708047,57
1,100,1,1417,708547,57
1,100,1,1418,709047,57
1,100,1,1419,709547,69
1,100,1,1420,710047,67
1,100,1,1421,710547,63
1,100,1,1422,711047,69
1,100,1,1423,711547,70
1,100,1,1424,712047,63
1,100,1,1425,712547,62
1,100,1,1426,713047,63
1,100,1,1427,713547,56
1,100,1,1428,714047,54
1,100,1,1429,714547,63
1,100,1,1430,715047,55
1,100,1,1431,715547,59
1,100,1,1432,716047,60
1,100,1,1433,716547,53
1,100,1,1434,717047,56
1,100,1,1435,717547,53
1,100,1,1436,718047,45
1,100,1,1437,718547,40
1,100,1,1438,719047,43
1,100,1,1439,719547,39
1,100,1,1440,720047,41
1,100,1,1441,720547,35
1,100,1,1442,721047,47
1,100,1,1443,721547,51
1,100,1,1444,722047,43
1,100,1,1445,722547,53
1,100,1,1446,723047,59
1,100,1,1447,723547,54
1,100,1,1448,724047,59
1,100,1,1449,724547,67
1,100,1,1450,725047,61
1,100,1,1451,725547,70
1,100,1,1452,726047,71
1,100,1,1453,726547,72
1,100,1,1454,727047,70
1,100,1,1455,727547,78
1,100,1,1456,728047,75
1,100,1,1457,728547,79
1,100,1,1458,729047,91
1,100,1,1459,729547,88
1,100,1,1460,730047,87
1,100,1,1461,730547,93
1,100,1,1462,731047,93
1,100,1,1463,731547,93
1,100,1,1464,732047,89
1,100,1,1465,732547,85
1,100,1,1466,733047,87
1,100,1,1467,733547,85
1,100,1,1468,734047,77
1,100,1,1469,734547,73
1,100,1,1470,735047,76
1,100,1,1471,735547,69
1,100,1,1472,736047,67
1,100,1,1473,736547,74
1,100,1,1474,737047,69
1,100,1,1475,737547,73
1,100,1,1476,738047,79
1,100,1,1477,738547,77
1,100,1,1478,739047,84
1,100,1,1479,739547,87
1,100,1,1480,740047,83
1,100,1,1481,740547,82
1,100,1,1482,741047,85
1,100,1,1483,741547,91
1,100,1,1484,742047,90
1,100,1,1485,742547,91
1,100,1,1486,743047,98
1,100,1,1487,743547,100
1,100,1,1488,744047,95
1,100,1,1489,744547,107
1,100,1,1490,745047,107
1,100,1,1491,745547,101
1,100,1,1492,746047,101
1,100,1,1493,746547,105
1,100,1,1494,747047,104
1,100,1,1495,747547,99
1,100,1,1496,748047,98
1,100,1,1497,748547,98
1,100,1,1498,749047,100
1,100,1,1499,749547,89
1,100,1,1500,750047,93
1,100,1,1501,750547,99
1,100,1,1502,751047,89
1,100,1,1503,751547,95
1,100,1,1504,752047,89
1,100,1,1505,752547,89
1,100,1,1506,753047,89
1,100,1,1507,753547,91
1,100,1,1508,754047,77
1,100,1,1509,754547,83
1,100,1,1510,755047,83
1,100,1,1511,755547,71
1,100,1,1512,756047,78
1,100,1,1513,756547,69
1,100,1,1514,757047,75
1,100,1,1515,757547,71
1,100,1,1516,758047,75
1,100,1,1517,758547,87
1,100,1,1518,759047,83
1,100,1,1519,759547,83
1,100,1,1520,760047,93
1,100,1,1521,760547,85
1,100,1,1522,761047,86
1,100,1,1523,761547,87
1,100,1,1524,762047,87
1,100,1,1525,762547,76
1,100,1,1526,763047,79
1,100,1,1527,763547,75
1,100,1,1528,764047,69
1,100,1,1529,764547,69
1,100,1,1530,765047,69
1,100,1,1531,765547,58
1,100,1,1532,766047,63
1,100,1,1533,766547,55
1,100,1,1534,767047,57
1,100,1,1535,767547,67
1,100,1,1536,768047,56
1,100,1,1537,768547,55
1,100,1,1538,769047,55
1,100,1,1539,769547,53
1,100,1,1540,770047,59
1,100,1,1541,770547,57
1,100,1,1542,771047,53
1,100,1,1543,771547,58
1,100,1,1544,772047,61
1,100,1,1545,772547,61
1,100,1,1546,773047,61
1,100,1,1547,773547,67
1,100,1,1548,774047,70
1,100,1,1549,774547,61
1,100,1,1550,775047,71
1,100,1,1551,775547,63
1,100,1,1552,776047,61
1,100,1,1553,776547,61
1,100,1,1554,777047,61
1,100,1,1555,777547,56
1,100,1,1556,778047,59
1,100,1,1557,778547,59
1,100,1,1558,779047,62
1,100,1,1559,779547,71
1,100,1,1560,780047,71
1,100,1,1561,780547,71
1,100,1,1562,781047,81
1,100,1,1563,781547,82
1,100,1,1564,782047,88
1,100,1,1565,782547,84
1,100,1,1566,783047,93
1,100,1,1567,783547,93
1,100,1,1568,784047,93
1,100,1,1569,784547,105
1,100,1,1570,785047,102
1,100,1,1571,785547,109
1,100,1,1572,786047,106
1,100,1,1573,786547,105
1,100,1,1574,787047,107
1,100,1,1575,787547,108
1,100,1,1576,788047,107
1,100,1,1577,788547,107
1,100,1,1578,789047,104
1,100,1,1579,789547,102
1,100,1,1580,790047,99
1,100,1,1581,790547,99
1,100,1,1582,791047,89
1,100,1,1583,791547,87
1,100,1,1584,792047,82
1,100,1,1585,792547,79
1,100,1,1586,793047,82
1,100,1,1587,793547,88
1,100,1,1588,794047,87
1,100,1,1589,794547,89
1,100,1,1590,795047,89
1,100,1,1591,795547,90
1,100,1,1592,796047,89
1,100,1,1593,796547,86
1,100,1,1594,797047,84
1,100,1,1595,797547,81
1,100,1,1596,798047,73
1,100,1,1597,798547,75
1,100,1,1598,799047,66
1,100,1,1599,799547,60
1,100,1,1600,800047,69
1,100,1,1601,800547,57
1,100,1,1602,801047,55
1,100,1,1603,801547,53
1,100,1,1604,802047,57
1,100,1,1605,802547,54
1,100,1,1606,803047,47
1,100,1,1607,803547,47
1,100,1,1608,804047,47
1,100,1,1609,804547,45
1,100,1,1610,805047,44
1,100,1,1611,805547,45
1,100,1,1612,806047,45
1,100,1,1613,806547,51
1,100,1,1614,807047,50
1,100,1,1615,807547,53
1,100,1,1616,808047,59
1,100,1,1617,808547,61
1,100,1,1618,809047,58
1,100,1,1619,809547,69
1,100,1,1620,810047,69
1,100,1,1621,810547,63
1,100,1,1622,811047,69
1,100,1,1623,811547,67
1,100,1,1624,812047,61
1,100,1,1625,812547,63
1,100,1,1626,813047,56
1,100,1,1627,813547,61
1,100,1,1628,814047,53
1,100,1,1629,814547,59
1,100,1,1630,815047,57
1,100,1,1631,815547,61
1,100,1,1632,816047,62
1,100,1,1633,816547,69
1,100,1,1634,817047,72
1,100,1,1635,817547,71
1,100,1,1636,818047,71
1,100,1,1637,818547,63
1,100,1,1638,819047,63
1,100,1,1639,819547,71
1,100,1,1640,820047,61
1,100,1,1641,820547,63
1,100,1,1642,821047,69
1,100,1,1643,821547,76
1,100,1,1644,822047,72
1,100,1,1645,822547,77
1,100,1,1646,823047,75
1,100,1,1647,823547,77
1,100,1,1648,824047,79
1,100,1,1649,824547,75
1,100,1,1650,825047,76
1,100,1,1651,825547,73
1,100,1,1652,826047,73
1,100,1,1653,826547,72
1,100,1,1654,827047,71
1,100,1,1655,827547,69
1,100,1,1656,828047,60
1,100,1,1657,828547,69
1,100,1,1658,829047,69
1,100,1,1659,829547,69
1,100,1,1660,830047,73
1,100,1,1661,830547,78
1,100,1,1662,831047,77
1,100,1,1663,831547,79
1,100,1,1664,832047,83
1,100,1,1665,832547,83
1,100,1,1666,833047,76
1,100,1,1667,833547,77
1,100,1,1668,834047,76
1,100,1,1669,834547,72
1,100,1,1670,835047,73
1,100,1,1671,835547,79
1,100,1,1672,836047,73
1,100,1,1673,836547,73
1,100,1,1674,837047,83
1,100,1,1675,837547,75
1,100,1,1676,838047,77
1,100,1,1677,838547,88
1,100,1,1678,839047,78
1,100,1,1679,839547,79
1,100,1,1680,840047,85
1,100,1,1681,840547,83
1,100,1,1682,841047,83
1,100,1,1683,841547,77
1,100,1,1684,842047,85
1,100,1,1685,842547,78
1,100,1,1686,843047,83
1,100,1,1687,843547,85
1,100,1,1688,844047,85
1,100,1,1689,844547,83
1,100,1,1690,845047,86
1,100,1,1691,845547,83
1,100,1,1692,846047,81
1,100,1,1693,846547,77
1,100,1,1694,847047,83
1,100,1,1695,847547,72
1,100,1,1696,848047,71
1,100,1,1697,848547,61
1,100,1,1698,849047,61
1,100,1,1699,849547,59
1,100,1,1700,850047,51
1,100,1,1701,850547,51
1,100,1,1702,851047,47
1,100,1,1703,851547,48
1,100,1,1704,852047,51
1,100,1,1705,852547,47
1,100,1,1706,853047,53
1,100,1,1707,853547,55
1,100,1,1708,854047,55
1,100,1,1709,854547,59
1,100,1,1710,855047,59
1,100,1,1711,855547,61
1,100,1,1712,856047,61
1,100,1,1713,856547,71
1,100,1,1714,857047,73
1,100,1,1715,857547,73
1,100,1,1716,858047,79
1,100,1,1717,858547,77
1,100,1,1718,859047,83
1,100,1,1719,859547,88
1,100,1,1720,860047,87
1,100,1,1721,860547,91
1,100,1,1722,861047,93
1,100,1,1723,861547,89
1,100,1,1724,862047,90
1,100,1,1725,862547,91
1,100,1,1726,863047,92
1,100,1,1727,863547,89
1,100,1,1728,864047,79
1,100,1,1729,864547,90
1,100,1,1730,865047,88
1,100,1,1731,865547,86
1,100,1,1732,866047,89
1,100,1,1733,866547,86
1,100,1,1734,867047,91
1,100,1,1735,867547,87
1,100,1,1736,868047,91
1,100,1,1737,868547,95
1,100,1,1738,869047,85
1,100,1,1739,869547,85
1,100,1,1740,870047,88
1,100,1,1741,870547,75
1,100,1,1742,871047,83
1,100,1,1743,871547,76
1,100,1,1744,872047,75
1,100,1,1745,872547,75
1,100,1,1746,873047,79
1,100,1,1747,873547,84
1,100,1,1748,874047,82
1,100,1,1749,874547,89
1,100,1,1750,875047,89
1,100,1,1751,875547,85
1,100,1,1752,876047,84
1,100,1,1753,876547,86
1,100,1,1754,877047,85
1,100,1,1755,877547,69
1,100,1,1756,878047,72
1,100,1,1757,878547,68
1,100,1,1758,879047,63
1,100,1,1759,879547,59
1,100,1,1760,880047,53
1,100,1,1761,880547,60
1,100,1,1762,881047,56
1,100,1,1763,881547,60
1,100,1,1764,882047,58
1,100,1,1765,882547,61
1,100,1,1766,883047,71
1,100,1,1767,883547,64
1,100,1,1768,884047,63
1,100,1,1769,884547,70
1,100,1,1770,885047,69
1,100,1,1771,885547,75
1,100,1,1772,886047,72
1,100,1,1773,886547,69
1,100,1,1774,887047,73
1,100,1,1775,887547,76
1,100,1,1776,888047,72
1,100,1,1777,888547,79
1,100,1,1778,889047,84
1,100,1,1779,889547,79
1,100,1,1780,890047,85
1,100,1,1781,890547,90
1,100,1,1782,891047,84
1,100,1,1783,891547,79
1,100,1,1784,892047,73
1,100,1,1785,892547,77
1,100,1,1786,893047,72
1,100,1,1787,893547,63
1,100,1,1788,894047,68
1,100,1,1789,894547,63
1,100,1,1790,895047,59
1,100,1,1791,895547,61
1,100,1,1792,896047,62
1,100,1,1793,896547,59
1,100,1,1794,897047,69
1,100,1,1795,897547,64
1,100,1,1796,898047,59
1,100,1,1797,898547,59
1,100,1,1798,899047,63
1,100,1,1799,899547,53
1,100,1,1800,900047,55
1,100,1,1801,900547,51
1,100,1,1802,901047,48
1,100,1,1803,901547,51
1,100,1,1804,902047,47
1,100,1,1805,902547,55
1,100,1,1806,903047,51
1,100,1,1807,903547,50
1,100,1,1808,904047,59
1,100,1,1809,904547,58
1,100,1,1810,905047,71
1,100,1,1811,905547,69
1,100,1,1812,906047,72
1,100,1,1813,906547,75
1,100,1,1814,907047,71
1,100,1,1815,907547,77
1,100,1,1816,908047,70
1,100,1,1817,908547,75
1,100,1,1818,909047,83
1,100,1,1819,909547,77
1,100,1,1820,910047,86
1,100,1,1821,910547,89
1,100,1,1822,911047,92
1,100,1,1823,911547,88
1,100,1,1824,912047,86
1,100,1,1825,912547,89
1,100,1,1826,913047,83
1,100,1,1827,913547,81
1,100,1,1828,914047,85
1,100,1,1829,914547,77
1,100,1,1830,915047,63
1,100,1,1831,915547,67
1,100,1,1832,916047,63
1,100,1,1833,916547,59
1,100,1,1834,917047,61
1,100,1,1835,917547,60
1,100,1,1836,918047,59
1,100,1,1837,918547,70
1,100,1,1838,919047,69
1,100,1,1839,919547,72
1,100,1,1840,920047,67
1,100,1,1841,920547,61
1,100,1,1842,921047,71
1,100,1,1843,921547,59
1,100,1,1844,922047,59
1,100,1,1845,922547,69
1,100,1,1846,923047,61
1,100,1,1847,923547,61
1,100,1,1848,924047,73
1,100,1,1849,924547,63
1,100,1,1850,925047,70
1,100,1,1851,925547,77
1,100,1,1852,926047,73
1,100,1,1853,926547,74
1,100,1,1854,927047,67
1,100,1,1855,927547,63
1,100,1,1856,928047,63
1,100,1,1857,928547,54
1,100,1,1858,929047,49
1,100,1,1859,929547,45
1,100,1,1860,930047,41
1,100,1,1861,930547,39
1,100,1,1862,931047,43
1,100,1,1863,931547,29
1,100,1,1864,932047,37
1,100,1,1865,932547,41
1,100,1,1866,933047,27
1,100,1,1867,933547,40
1,100,1,1868,934047,41
1,100,1,1869,934547,31
1,100,1,1870,935047,27
1,100,1,1871,935547,39
1,100,1,1872,936047,29
1,100,1,1873,936547,28
1,100,1,1874,937047,27
1,100,1,1875,937547,29
1,100,1,1876,938047,35
1,100,1,1877,938547,28
1,100,1,1878,939047,44
1,100,1,1879,939547,41
1,100,1,1880,940047,45
1,100,1,1881,940547,53
1,100,1,1882,941047,57
1,100,1,1883,941547,55
1,100,1,1884,942047,57
1,100,1,1885,942547,58
1,100,1,1886,943047,58
1,100,1,1887,943547,59
1,100,1,1888,944047,59
1,100,1,1889,944547,62
1,100,1,1890,945047,69
1,100,1,1891,945547,61
1,100,1,1892,946047,58
1,100,1,1893,946547,63
1,100,1,1894,947047,67
1,100,1,1895,947547,61
1,100,1,1896,948047,61
1,100,1,1897,948547,68
1,100,1,1898,949047,71
1,100,1,1899,949547,67
1,100,1,1900,950047,63
1,100,1,1901,950547,71
1,100,1,1902,951047,61
1,100,1,1903,951547,69
1,100,1,1904,952047,77
1,100,1,1905,952547,73
1,100,1,1906,953047,73
1,100,1,1907,953547,78
1,100,1,1908,954047,77
1,100,1,1909,954547,75
1,100,1,1910,955047,85
1,100,1,1911,955547,79
1,100,1,1912,956047,84
1,100,1,1913,956547,82
1,100,1,1914,957047,89
1,100,1,1915,957547,81
1,100,1,1916,958047,91
1,100,1,1917,958547,83
1,100,1,1918,959047,73
1,100,1,1919,959547,87
1,100,1,1920,960047,78
1,100,1,1921,960547,79
1,100,1,1922,961047,83
1,100,1,1923,961547,79
1,100,1,1924,962047,85
1,100,1,1925,962547,87
1,100,1,1926,963047,83
1,100,1,1927,963547,84
1,100,1,1928,964047,84
1,100,1,1929,964547,71
1,100,1,1930,965047,75
1,100,1,1931,965547,76
1,100,1,1932,966047,63
1,100,1,1933,966547,75
1,100,1,1934,967047,76
1,100,1,1935,967547,74
1,100,1,1936,968047,77
1,100,1,1937,968547,77
1,100,1,1938,969047,87
1,100,1,1939,969547,87
1,100,1,1940,970047,85
1,100,1,1941,970547,91
1,100,1,1942,971047,85
1,100,1,1943,971547,87
1,100,1,1944,972047,79
1,100,1,1945,972547,78
1,100,1,1946,973047,72
1,100,1,1947,973547,61
1,100,1,1948,974047,69
1,100,1,1949,974547,56
1,100,1,1950,975047,55
1,100,1,1951,975547,54
1,100,1,1952,976047,45
1,100,1,1953,976547,37
1,100,1,1954,977047,37
1,100,1,1955,977547,35
1,100,1,1956,978047,24
1,100,1,1957,978547,25
1,100,1,1958,979047,21
1,100,1,1959,979547,25
1,100,1,1960,980047,25
1,100,1,1961,980547,21
1,100,1,1962,981047,23
1,100,1,1963,981547,23
1,100,1,1964,982047,18
1,100,1,1965,982547,33
1,100,1,1966,983047,26
1,100,1,1967,983547,33
1,100,1,1968,984047,39
1,100,1,1969,984547,31
1,100,1,1970,985047,40
1,100,1,1971,985547,39
1,100,1,1972,986047,39
1,100,1,1973,986547,40
1,100,1,1974,987047,39
1,100,1,1975,987547,45
1,100,1,1976,988047,51
1,100,1,1977,988547,47
1,100,1,1978,989047,55
1,100,1,1979,989547,60
1,100,1,1980,990047,61
1,100,1,1981,990547,69
1,100,1,1982,991047,63
1,100,1,1983,991547,69
1,100,1,1984,992047,72
1,100,1,1985,992547,61
1,100,1,1986,993047,61
1,100,1,1987,993547,59
1,100,1,1988,994047,61
1,100,1,1989,994547,56
1,100,1,1990,995047,59
1,100,1,1991,995547,55
1,100,1,1992,996047,69
1,100,1,1993,996547,71
1,100,1,1994,997047,70
1,100,1,1995,997547,75
1,100,1,1996,998047,77
1,100,1,1997,998547,73
1,100,1,1998,999047,87
1,100,1,1999,999547,80
# END_WINDOW
# Ready: run=1, valve=100%, rate=2000 Hz, samples=2000. Send any character to record one window.
# CAPTURING
1,100,2,0,55,103
1,100,2,1,547,105
1,100,2,2,1047,103
1,100,2,3,1547,102
1,100,2,4,2047,108
1,100,2,5,2547,107
1,100,2,6,3047,105
1,100,2,7,3547,105
1,100,2,8,4047,107
1,100,2,9,4547,105
1,100,2,10,5047,101
1,100,2,11,5547,105
1,100,2,12,6047,99
1,100,2,13,6547,99
1,100,2,14,7047,99
1,100,2,15,7547,101
1,100,2,16,8047,94
1,100,2,17,8547,91
1,100,2,18,9047,91
1,100,2,19,9547,89
1,100,2,20,10047,89
1,100,2,21,10547,93
1,100,2,22,11047,95
1,100,2,23,11547,91
1,100,2,24,12047,91
1,100,2,25,12547,95
1,100,2,26,13047,91
1,100,2,27,13547,91
1,100,2,28,14047,88
1,100,2,29,14547,88
1,100,2,30,15047,86
1,100,2,31,15547,91
1,100,2,32,16047,89
1,100,2,33,16547,90
1,100,2,34,17047,101
1,100,2,35,17547,94
1,100,2,36,18047,107
1,100,2,37,18547,106
1,100,2,38,19047,115
1,100,2,39,19547,120
1,100,2,40,20047,117
1,100,2,41,20547,121
1,100,2,42,21047,119
1,100,2,43,21547,133
1,100,2,44,22047,125
1,100,2,45,22547,119
1,100,2,46,23047,127
1,100,2,47,23547,127
1,100,2,48,24047,135
1,100,2,49,24547,125
1,100,2,50,25047,124
1,100,2,51,25547,125
1,100,2,52,26047,121
1,100,2,53,26547,119
1,100,2,54,27047,118
1,100,2,55,27547,107
1,100,2,56,28047,109
1,100,2,57,28547,106
1,100,2,58,29047,95
1,100,2,59,29547,91
1,100,2,60,30047,93
1,100,2,61,30547,85
1,100,2,62,31047,91
1,100,2,63,31547,87
1,100,2,64,32047,89
1,100,2,65,32547,90
1,100,2,66,33047,91
1,100,2,67,33547,87
1,100,2,68,34047,91
1,100,2,69,34547,88
1,100,2,70,35047,89
1,100,2,71,35547,83
1,100,2,72,36047,83
1,100,2,73,36547,83
1,100,2,74,37047,85
1,100,2,75,37547,85
1,100,2,76,38047,85
1,100,2,77,38547,83
1,100,2,78,39047,78
1,100,2,79,39547,88
1,100,2,80,40047,83
1,100,2,81,40547,76
1,100,2,82,41047,79
1,100,2,83,41547,73
1,100,2,84,42047,68
1,100,2,85,42547,72
1,100,2,86,43047,61
1,100,2,87,43547,59
1,100,2,88,44047,60
1,100,2,89,44547,57
1,100,2,90,45047,53
1,100,2,91,45547,52
1,100,2,92,46047,58
1,100,2,93,46547,45
1,100,2,94,47047,48
1,100,2,95,47547,55
1,100,2,96,48047,48
1,100,2,97,48547,54
1,100,2,98,49047,55
1,100,2,99,49547,51
1,100,2,100,50047,57
1,100,2,101,50547,53
1,100,2,102,51047,61
1,100,2,103,51547,59
1,100,2,104,52047,57
1,100,2,105,52547,71
1,100,2,106,53047,63
1,100,2,107,53547,69
1,100,2,108,54047,69
1,100,2,109,54547,69
1,100,2,110,55047,62
1,100,2,111,55547,58
1,100,2,112,56047,62
1,100,2,113,56547,59
1,100,2,114,57047,47
1,100,2,115,57547,61
1,100,2,116,58047,52
1,100,2,117,58547,41
1,100,2,118,59047,42
1,100,2,119,59547,33
1,100,2,120,60047,25
1,100,2,121,60547,29
1,100,2,122,61047,21
1,100,2,123,61547,13
1,100,2,124,62047,21
1,100,2,125,62547,13
1,100,2,126,63047,17
1,100,2,127,63547,12
1,100,2,128,64047,10
1,100,2,129,64547,9
1,100,2,130,65047,11
1,100,2,131,65547,4
1,100,2,132,66047,1
1,100,2,133,66547,10
1,100,2,134,67047,7
1,100,2,135,67547,3
1,100,2,136,68047,12
1,100,2,137,68547,11
1,100,2,138,69047,17
1,100,2,139,69547,22
1,100,2,140,70047,25
1,100,2,141,70547,25
1,100,2,142,71047,24
1,100,2,143,71547,27
1,100,2,144,72047,23
1,100,2,145,72547,24
1,100,2,146,73047,16
1,100,2,147,73547,21
1,100,2,148,74047,10
1,100,2,149,74547,9
1,100,2,150,75047,7
1,100,2,151,75547,3
1,100,2,152,76047,3
1,100,2,153,76547,2
1,100,2,154,77047,3
1,100,2,155,77547,7
1,100,2,156,78047,5
1,100,2,157,78547,18
1,100,2,158,79047,17
1,100,2,159,79547,12
1,100,2,160,80047,21
1,100,2,161,80547,21
1,100,2,162,81047,10
1,100,2,163,81547,21
1,100,2,164,82047,27
1,100,2,165,82547,25
1,100,2,166,83047,36
1,100,2,167,83547,39
1,100,2,168,84047,44
1,100,2,169,84547,47
1,100,2,170,85047,55
1,100,2,171,85547,52
1,100,2,172,86047,48
1,100,2,173,86547,57
1,100,2,174,87047,51
1,100,2,175,87547,49
1,100,2,176,88047,55
1,100,2,177,88547,47
1,100,2,178,89047,46
1,100,2,179,89547,53
1,100,2,180,90047,55
1,100,2,181,90547,53
1,100,2,182,91047,56
1,100,2,183,91547,67
1,100,2,184,92047,56
1,100,2,185,92547,55
1,100,2,186,93047,56
1,100,2,187,93547,55
1,100,2,188,94047,51
1,100,2,189,94547,45
1,100,2,190,95047,53
1,100,2,191,95547,45
1,100,2,192,96047,54
1,100,2,193,96547,56
1,100,2,194,97047,57
1,100,2,195,97547,61
1,100,2,196,98047,59
1,100,2,197,98547,67
1,100,2,198,99047,70
1,100,2,199,99547,75
1,100,2,200,100047,76
1,100,2,201,100547,75
1,100,2,202,101047,83
1,100,2,203,101547,84
1,100,2,204,102047,79
1,100,2,205,102547,89
1,100,2,206,103047,84
1,100,2,207,103547,87
1,100,2,208,104047,89
1,100,2,209,104547,95
1,100,2,210,105047,89
1,100,2,211,105547,97
1,100,2,212,106047,100
1,100,2,213,106547,93
1,100,2,214,107047,85
1,100,2,215,107547,88
1,100,2,216,108047,89
1,100,2,217,108547,87
1,100,2,218,109047,79
1,100,2,219,109547,83
1,100,2,220,110047,88
1,100,2,221,110547,84
1,100,2,222,111047,89
1,100,2,223,111547,90
1,100,2,224,112047,91
1,100,2,225,112547,91
1,100,2,226,113047,93
1,100,2,227,113547,93
1,100,2,228,114047,91
1,100,2,229,114547,91
1,100,2,230,115047,97
1,100,2,231,115547,93
1,100,2,232,116047,101
1,100,2,233,116547,100
1,100,2,234,117047,103
1,100,2,235,117547,107
1,100,2,236,118047,105
1,100,2,237,118547,109
1,100,2,238,119047,109
1,100,2,239,119547,107
1,100,2,240,120047,109
1,100,2,241,120547,105
1,100,2,242,121047,103
1,100,2,243,121547,105
1,100,2,244,122047,101
1,100,2,245,122547,100
1,100,2,246,123047,99
1,100,2,247,123547,103
1,100,2,248,124048,95
1,100,2,249,124547,94
1,100,2,250,125047,102
1,100,2,251,125547,100
1,100,2,252,126047,101
1,100,2,253,126547,102
1,100,2,254,127047,101
1,100,2,255,127547,99
1,100,2,256,128047,99
1,100,2,257,128547,100
1,100,2,258,129047,92
1,100,2,259,129547,98
1,100,2,260,130047,95
1,100,2,261,130547,95
1,100,2,262,131047,93
1,100,2,263,131547,89
1,100,2,264,132047,93
1,100,2,265,132547,92
1,100,2,266,133047,85
1,100,2,267,133547,90
1,100,2,268,134047,88
1,100,2,269,134547,85
1,100,2,270,135047,87
1,100,2,271,135547,87
1,100,2,272,136047,84
1,100,2,273,136547,83
1,100,2,274,137047,83
1,100,2,275,137547,81
1,100,2,276,138047,85
1,100,2,277,138547,85
1,100,2,278,139047,91
1,100,2,279,139547,85
1,100,2,280,140047,85
1,100,2,281,140547,83
1,100,2,282,141047,72
1,100,2,283,141547,69
1,100,2,284,142047,63
1,100,2,285,142547,61
1,100,2,286,143047,53
1,100,2,287,143547,55
1,100,2,288,144047,46
1,100,2,289,144547,50
1,100,2,290,145047,43
1,100,2,291,145547,47
1,100,2,292,146047,47
1,100,2,293,146547,43
1,100,2,294,147047,53
1,100,2,295,147547,47
1,100,2,296,148047,51
1,100,2,297,148547,57
1,100,2,298,149047,45
1,100,2,299,149547,55
1,100,2,300,150047,51
1,100,2,301,150547,51
1,100,2,302,151047,60
1,100,2,303,151547,51
1,100,2,304,152047,54
1,100,2,305,152547,61
1,100,2,306,153047,59
1,100,2,307,153547,59
1,100,2,308,154047,67
1,100,2,309,154547,74
1,100,2,310,155047,71
1,100,2,311,155547,75
1,100,2,312,156047,75
1,100,2,313,156547,74
1,100,2,314,157047,73
1,100,2,315,157547,79
1,100,2,316,158047,72
1,100,2,317,158547,77
1,100,2,318,159047,83
1,100,2,319,159547,84
1,100,2,320,160047,89
1,100,2,321,160547,87
1,100,2,322,161047,86
1,100,2,323,161547,91
1,100,2,324,162047,86
1,100,2,325,162547,84
1,100,2,326,163047,85
1,100,2,327,163547,76
1,100,2,328,164047,84
1,100,2,329,164547,83
1,100,2,330,165047,77
1,100,2,331,165547,76
1,100,2,332,166047,83
1,100,2,333,166547,76
1,100,2,334,167047,79
1,100,2,335,167547,82
1,100,2,336,168047,85
1,100,2,337,168547,79
1,100,2,338,169047,84
1,100,2,339,169547,79
1,100,2,340,170047,84
1,100,2,341,170547,78
1,100,2,342,171047,79
1,100,2,343,171547,75
1,100,2,344,172047,73
1,100,2,345,172547,76
1,100,2,346,173047,74
1,100,2,347,173547,73
1,100,2,348,174047,75
1,100,2,349,174547,79
1,100,2,350,175047,82
1,100,2,351,175547,77
1,100,2,352,176047,78
1,100,2,353,176547,84
1,100,2,354,177047,77
1,100,2,355,177547,71
1,100,2,356,178047,77
1,100,2,357,178547,71
1,100,2,358,179047,75
1,100,2,359,179547,71
1,100,2,360,180047,62
1,100,2,361,180547,68
1,100,2,362,181047,69
1,100,2,363,181547,63
1,100,2,364,182047,58
1,100,2,365,182547,63
1,100,2,366,183047,63
1,100,2,367,183547,62
1,100,2,368,184047,67
1,100,2,369,184547,62
1,100,2,370,185047,69
1,100,2,371,185547,71
1,100,2,372,186047,73
1,100,2,373,186547,71
1,100,2,374,187047,78
1,100,2,375,187547,82
1,100,2,376,188047,77
1,100,2,377,188547,88
1,100,2,378,189047,85
1,100,2,379,189547,87
1,100,2,380,190047,87
1,100,2,381,190547,91
1,100,2,382,191047,86
1,100,2,383,191547,91
1,100,2,384,192047,91
1,100,2,385,192547,88
1,100,2,386,193047,89
1,100,2,387,193547,88
1,100,2,388,194047,84
1,100,2,389,194547,91
1,100,2,390,195047,87
1,100,2,391,195547,95
1,100,2,392,196047,97
1,100,2,393,196547,99
1,100,2,394,197047,103
1,100,2,395,197547,108
1,100,2,396,198047,103
1,100,2,397,198547,111
1,100,2,398,199047,110
1,100,2,399,199547,107
1,100,2,400,200047,111
1,100,2,401,200547,116
1,100,2,402,201047,107
1,100,2,403,201547,105
1,100,2,404,202047,105
1,100,2,405,202547,102
1,100,2,406,203047,89
1,100,2,407,203547,92
1,100,2,408,204047,89
1,100,2,409,204547,83
1,100,2,410,205047,86
1,100,2,411,205547,77
1,100,2,412,206047,82
1,100,2,413,206547,77
1,100,2,414,207047,75
1,100,2,415,207547,71
1,100,2,416,208047,68
1,100,2,417,208547,61
1,100,2,418,209047,61
1,100,2,419,209547,63
1,100,2,420,210047,71
1,100,2,421,210547,70
1,100,2,422,211047,62
1,100,2,423,211547,62
1,100,2,424,212047,71
1,100,2,425,212547,70
1,100,2,426,213047,63
1,100,2,427,213547,64
1,100,2,428,214047,75
1,100,2,429,214547,73
1,100,2,430,215047,68
1,100,2,431,215547,71
1,100,2,432,216047,61
1,100,2,433,216547,59
1,100,2,434,217047,57
1,100,2,435,217547,56
1,100,2,436,218047,51
1,100,2,437,218547,55
1,100,2,438,219047,54
1,100,2,439,219547,51
1,100,2,440,220047,47
1,100,2,441,220547,45
1,100,2,442,221047,41
1,100,2,443,221547,43
1,100,2,444,222047,39
1,100,2,445,222547,39
1,100,2,446,223047,37
1,100,2,447,223547,36
1,100,2,448,224047,41
1,100,2,449,224547,41
1,100,2,450,225047,37
1,100,2,451,225547,47
1,100,2,452,226047,46
1,100,2,453,226547,43
1,100,2,454,227047,44
1,100,2,455,227547,47
1,100,2,456,228047,41
1,100,2,457,228547,35
1,100,2,458,229047,40
1,100,2,459,229547,35
1,100,2,460,230047,35
1,100,2,461,230547,39
1,100,2,462,231047,38
1,100,2,463,231547,40
1,100,2,464,232047,39
1,100,2,465,232547,39
1,100,2,466,233047,45
1,100,2,467,233547,43
1,100,2,468,234047,40
1,100,2,469,234547,47
1,100,2,470,235047,47
1,100,2,471,235547,40
1,100,2,472,236047,51
1,100,2,473,236547,45
1,100,2,474,237047,47
1,100,2,475,237547,51
1,100,2,476,238047,45
1,100,2,477,238547,45
1,100,2,478,239047,55
1,100,2,479,239547,51
1,100,2,480,240047,53
1,100,2,481,240547,41
1,100,2,482,241047,41
1,100,2,483,241547,45
1,100,2,484,242047,31
1,100,2,485,242547,35
1,100,2,486,243047,28
1,100,2,487,243547,31
1,100,2,488,244047,30
1,100,2,489,244547,29
1,100,2,490,245047,35
1,100,2,491,245547,43
1,100,2,492,246047,42
1,100,2,493,246547,48
1,100,2,494,247047,53
1,100,2,495,247547,56
1,100,2,496,248047,56
1,100,2,497,248547,55
1,100,2,498,249047,61
1,100,2,499,249547,53
1,100,2,500,250047,60
1,100,2,501,250547,58
1,100,2,502,251047,60
1,100,2,503,251547,61
1,100,2,504,252047,69
1,100,2,505,252547,63
1,100,2,506,253047,82
1,100,2,507,253547,73
1,100,2,508,254047,75
1,100,2,509,254547,83
1,100,2,510,255047,72
1,100,2,511,255547,71
1,100,2,512,256047,74
1,100,2,513,256547,71
1,100,2,514,257047,78
1,100,2,515,257547,78
1,100,2,516,258047,83
1,100,2,517,258547,85
1,100,2,518,259047,88
1,100,2,519,259547,93
1,100,2,520,260047,89
1,100,2,521,260547,89
1,100,2,522,261047,86
1,100,2,523,261547,85
1,100,2,524,262047,79
1,100,2,525,262547,74
1,100,2,526,263047,63
1,100,2,527,263547,62
1,100,2,528,264047,60
1,100,2,529,264547,47
1,100,2,530,265047,53
1,100,2,531,265547,47
1,100,2,532,266047,51
1,100,2,533,266547,45
1,100,2,534,267047,47
1,100,2,535,267547,46
1,100,2,536,268047,47
1,100,2,537,268547,45
1,100,2,538,269047,48
1,100,2,539,269547,45
1,100,2,540,270047,41
1,100,2,541,270547,43
1,100,2,542,271047,43
1,100,2,543,271547,41
1,100,2,544,272047,43
1,100,2,545,272547,47
1,100,2,546,273047,51
1,100,2,547,273547,53
1,100,2,548,274047,62
1,100,2,549,274547,61
1,100,2,550,275047,70
1,100,2,551,275547,74
1,100,2,552,276047,73
1,100,2,553,276547,75
1,100,2,554,277047,78
1,100,2,555,277547,87
1,100,2,556,278047,85
1,100,2,557,278547,93
1,100,2,558,279047,89
1,100,2,559,279547,103
1,100,2,560,280047,93
1,100,2,561,280547,104
1,100,2,562,281047,104
1,100,2,563,281547,99
1,100,2,564,282047,104
1,100,2,565,282547,101
1,100,2,566,283047,94
1,100,2,567,283547,95
1,100,2,568,284047,95
1,100,2,569,284547,94
1,100,2,570,285047,95
1,100,2,571,285547,88
1,100,2,572,286047,92
1,100,2,573,286547,98
1,100,2,574,287047,89
1,100,2,575,287547,86
1,100,2,576,288047,95
1,100,2,577,288547,89
1,100,2,578,289047,91
1,100,2,579,289547,91
1,100,2,580,290047,91
1,100,2,581,290547,95
1,100,2,582,291047,99
1,100,2,583,291547,95
1,100,2,584,292047,101
1,100,2,585,292547,105
1,100,2,586,293047,103
1,100,2,587,293547,104
1,100,2,588,294047,103
1,100,2,589,294547,103
1,100,2,590,295047,111
1,100,2,591,295547,111
1,100,2,592,296047,111
1,100,2,593,296547,118
1,100,2,594,297047,109
1,100,2,595,297547,116
1,100,2,596,298047,122
1,100,2,597,298547,119
1,100,2,598,299047,120
1,100,2,599,299547,118
1,100,2,600,300047,119
1,100,2,601,300547,119
1,100,2,602,301047,119
1,100,2,603,301547,116
1,100,2,604,302047,111
1,100,2,605,302547,117
1,100,2,606,303047,111
1,100,2,607,303547,112
1,100,2,608,304047,107
1,100,2,609,304547,103
1,100,2,610,305047,111
1,100,2,611,305547,99
1,100,2,612,306047,93
1,100,2,613,306547,91
1,100,2,614,307047,91
1,100,2,615,307547,82
1,100,2,616,308047,79
1,100,2,617,308547,69
1,100,2,618,309047,72
1,100,2,619,309547,70
1,100,2,620,310047,63
1,100,2,621,310547,58
1,100,2,622,311047,59
1,100,2,623,311547,59
1,100,2,624,312047,60
1,100,2,625,312547,71
1,100,2,626,313047,59
1,100,2,627,313547,70
1,100,2,628,314047,74
1,100,2,629,314547,69
1,100,2,630,315047,71
1,100,2,631,315547,76
1,100,2,632,316047,73
1,100,2,633,316547,78
1,100,2,634,317047,81
1,100,2,635,317547,76
1,100,2,636,318047,87
1,100,2,637,318547,77
1,100,2,638,319047,73
1,100,2,639,319547,71
1,100,2,640,320047,71
1,100,2,641,320547,71
1,100,2,642,321047,61
1,100,2,643,321547,68
1,100,2,644,322047,67
1,100,2,645,322547,63
1,100,2,646,323047,63
1,100,2,647,323547,69
1,100,2,648,324047,70
1,100,2,649,324547,71
1,100,2,650,325047,73
1,100,2,651,325547,77
1,100,2,652,326047,83
1,100,2,653,326547,87
1,100,2,654,327047,83
1,100,2,655,327547,87
1,100,2,656,328047,85
1,100,2,657,328547,77
1,100,2,658,329047,83
1,100,2,659,329547,73
1,100,2,660,330047,77
1,100,2,661,330547,71
1,100,2,662,331047,74
1,100,2,663,331547,70
1,100,2,664,332047,61
1,100,2,665,332547,61
1,100,2,666,333047,55
1,100,2,667,333547,51
1,100,2,668,334047,47
1,100,2,669,334547,43
1,100,2,670,335047,39
1,100,2,671,335547,42
1,100,2,672,336047,37
1,100,2,673,336547,37
1,100,2,674,337047,38
1,100,2,675,337547,41
1,100,2,676,338047,39
1,100,2,677,338547,41
1,100,2,678,339047,47
1,100,2,679,339547,57
1,100,2,680,340047,51
1,100,2,681,340547,58
1,100,2,682,341047,61
1,100,2,683,341547,58
1,100,2,684,342047,62
1,100,2,685,342547,71
1,100,2,686,343047,71
1,100,2,687,343547,77
1,100,2,688,344047,82
1,100,2,689,344547,78
1,100,2,690,345047,83
1,100,2,691,345547,87
1,100,2,692,346047,85
1,100,2,693,346547,76
1,100,2,694,347047,85
1,100,2,695,347547,75
1,100,2,696,348047,77
1,100,2,697,348547,77
1,100,2,698,349047,74
1,100,2,699,349547,71
1,100,2,700,350047,71
1,100,2,701,350547,72
1,100,2,702,351047,71
1,100,2,703,351547,61
1,100,2,704,352047,71
1,100,2,705,352547,63
1,100,2,706,353047,63
1,100,2,707,353547,59
1,100,2,708,354047,61
1,100,2,709,354547,60
1,100,2,710,355047,55
1,100,2,711,355547,53
1,100,2,712,356047,47
1,100,2,713,356547,53
1,100,2,714,357047,47
1,100,2,715,357547,47
1,100,2,716,358047,47
1,100,2,717,358547,54
1,100,2,718,359047,55
1,100,2,719,359547,54
1,100,2,720,360047,57
1,100,2,721,360547,55
1,100,2,722,361047,53
1,100,2,723,361547,59
1,100,2,724,362047,57
1,100,2,725,362547,55
1,100,2,726,363047,63
1,100,2,727,363547,60
1,100,2,728,364047,53
1,100,2,729,364547,56
1,100,2,730,365047,69
1,100,2,731,365547,55
1,100,2,732,366047,57
1,100,2,733,366547,69
1,100,2,734,367047,59
1,100,2,735,367547,59
1,100,2,736,368047,57
1,100,2,737,368547,58
1,100,2,738,369047,56
1,100,2,739,369547,55
1,100,2,740,370047,55
1,100,2,741,370547,47
1,100,2,742,371047,53
1,100,2,743,371547,60
1,100,2,744,372047,51
1,100,2,745,372547,48
1,100,2,746,373047,59
1,100,2,747,373547,57
1,100,2,748,374047,59
1,100,2,749,374547,69
1,100,2,750,375047,55
1,100,2,751,375547,68
1,100,2,752,376047,69
1,100,2,753,376547,57
1,100,2,754,377047,61
1,100,2,755,377547,70
1,100,2,756,378047,72
1,100,2,757,378547,73
1,100,2,758,379047,77
1,100,2,759,379547,79
1,100,2,760,380047,75
1,100,2,761,380547,83
1,100,2,762,381047,74
1,100,2,763,381547,71
1,100,2,764,382047,78
1,100,2,765,382547,75
1,100,2,766,383047,71
1,100,2,767,383547,77
1,100,2,768,384047,73
1,100,2,769,384547,67
1,100,2,770,385047,67
1,100,2,771,385547,56
1,100,2,772,386047,57
1,100,2,773,386547,56
1,100,2,774,387047,55
1,100,2,775,387547,60
1,100,2,776,388047,51
1,100,2,777,388547,57
1,100,2,778,389047,59
1,100,2,779,389547,54
1,100,2,780,390047,55
1,100,2,781,390547,60
1,100,2,782,391047,52
1,100,2,783,391547,56
1,100,2,784,392047,57
1,100,2,785,392547,53
1,100,2,786,393047,53
1,100,2,787,393547,57
1,100,2,788,394047,51
1,100,2,789,394547,53
1,100,2,790,395047,61
1,100,2,791,395547,59
1,100,2,792,396047,55
1,100,2,793,396547,61
1,100,2,794,397047,59
1,100,2,795,397547,55
1,100,2,796,398047,54
1,100,2,797,398547,53
1,100,2,798,399047,55
1,100,2,799,399547,53
1,100,2,800,400047,45
1,100,2,801,400547,55
1,100,2,802,401047,55
1,100,2,803,401547,51
1,100,2,804,402047,51
1,100,2,805,402547,53
1,100,2,806,403047,61
1,100,2,807,403547,52
1,100,2,808,404047,57
1,100,2,809,404547,71
1,100,2,810,405047,61
1,100,2,811,405547,69
1,100,2,812,406047,69
1,100,2,813,406547,68
1,100,2,814,407047,71
1,100,2,815,407547,72
1,100,2,816,408047,75
1,100,2,817,408547,76
1,100,2,818,409047,82
1,100,2,819,409547,83
1,100,2,820,410047,88
1,100,2,821,410547,89
1,100,2,822,411047,93
1,100,2,823,411547,90
1,100,2,824,412047,91
1,100,2,825,412547,101
1,100,2,826,413047,89
1,100,2,827,413547,85
1,100,2,828,414047,91
1,100,2,829,414547,82
1,100,2,830,415047,72
1,100,2,831,415547,73
1,100,2,832,416047,71
1,100,2,833,416547,71
1,100,2,834,417047,73
1,100,2,835,417547,73
1,100,2,836,418047,73
1,100,2,837,418547,77
1,100,2,838,419047,72
1,100,2,839,419547,71
1,100,2,840,420047,77
1,100,2,841,420547,69
1,100,2,842,421047,69
1,100,2,843,421547,77
1,100,2,844,422047,72
1,100,2,845,422547,74
1,100,2,846,423047,74
1,100,2,847,423547,76
1,100,2,848,424047,79
1,100,2,849,424547,77
1,100,2,850,425047,75
1,100,2,851,425547,82
1,100,2,852,426047,77
1,100,2,853,426547,75
1,100,2,854,427047,62
1,100,2,855,427547,69
1,100,2,856,428047,55
1,100,2,857,428547,59
1,100,2,858,429047,58
1,100,2,859,429547,53
1,100,2,860,430047,55
1,100,2,861,430547,60
1,100,2,862,431047,55
1,100,2,863,431547,59
1,100,2,864,432047,62
1,100,2,865,432547,70
1,100,2,866,433047,75
1,100,2,867,433547,70
1,100,2,868,434047,77
1,100,2,869,434547,75
1,100,2,870,435047,78
1,100,2,871,435547,79
1,100,2,872,436047,79
1,100,2,873,436547,73
1,100,2,874,437047,74
1,100,2,875,437547,79
1,100,2,876,438047,76
1,100,2,877,438547,75
1,100,2,878,439047,77
1,100,2,879,439547,75
1,100,2,880,440047,77
1,100,2,881,440547,74
1,100,2,882,441047,71
1,100,2,883,441547,73
1,100,2,884,442047,75
1,100,2,885,442547,72
1,100,2,886,443047,70
1,100,2,887,443547,73
1,100,2,888,444047,70
1,100,2,889,444547,73
1,100,2,890,445047,68
1,100,2,891,445547,69
1,100,2,892,446047,69
1,100,2,893,446547,71
1,100,2,894,447047,73
1,100,2,895,447547,74
1,100,2,896,448047,77
1,100,2,897,448547,72
1,100,2,898,449047,75
1,100,2,899,449547,82
1,100,2,900,450047,74
1,100,2,901,450547,70
1,100,2,902,451047,71
1,100,2,903,451547,71
1,100,2,904,452047,71
1,100,2,905,452547,77
1,100,2,906,453047,75
1,100,2,907,453547,79
1,100,2,908,454047,82
1,100,2,909,454547,85
1,100,2,910,455047,84
1,100,2,911,455547,78
1,100,2,912,456047,86
1,100,2,913,456547,89
1,100,2,914,457047,83
1,100,2,915,457547,86
1,100,2,916,458047,89
1,100,2,917,458547,84
1,100,2,918,459047,89
1,100,2,919,459547,86
1,100,2,920,460047,87
1,100,2,921,460547,87
1,100,2,922,461047,88
1,100,2,923,461547,91
1,100,2,924,462047,85
1,100,2,925,462547,87
1,100,2,926,463047,95
1,100,2,927,463547,91
1,100,2,928,464047,88
1,100,2,929,464547,89
1,100,2,930,465047,87
1,100,2,931,465547,89
1,100,2,932,466047,91
1,100,2,933,466547,91
1,100,2,934,467047,91
1,100,2,935,467547,89
1,100,2,936,468047,103
1,100,2,937,468547,100
1,100,2,938,469047,105
1,100,2,939,469547,104
1,100,2,940,470047,104
1,100,2,941,470547,105
1,100,2,942,471047,107
1,100,2,943,471547,101
1,100,2,944,472047,103
1,100,2,945,472547,92
1,100,2,946,473047,95
1,100,2,947,473547,93
1,100,2,948,474047,87
1,100,2,949,474547,91
1,100,2,950,475047,91
1,100,2,951,475547,88
1,100,2,952,476047,88
1,100,2,953,476547,88
1,100,2,954,477047,90
1,100,2,955,477547,87
1,100,2,956,478047,83
1,100,2,957,478547,89
1,100,2,958,479047,85
1,100,2,959,479547,87
1,100,2,960,480047,87
1,100,2,961,480547,83
1,100,2,962,481047,84
1,100,2,963,481547,83
1,100,2,964,482047,83
1,100,2,965,482547,77
1,100,2,966,483047,72
1,100,2,967,483547,75
1,100,2,968,484047,68
1,100,2,969,484547,63
1,100,2,970,485047,69
1,100,2,971,485547,60
1,100,2,972,486047,56
1,100,2,973,486547,55
1,100,2,974,487047,53
1,100,2,975,487547,54
1,100,2,976,488047,57
1,100,2,977,488547,55
1,100,2,978,489047,63
1,100,2,979,489547,69
1,100,2,980,490047,67
1,100,2,981,490547,75
1,100,2,982,491047,77
1,100,2,983,491547,76
1,100,2,984,492047,79
1,100,2,985,492547,79
1,100,2,986,493047,80
1,100,2,987,493547,83
1,100,2,988,494047,85
1,100,2,989,494547,73
1,100,2,990,495047,76
1,100,2,991,495547,71
1,100,2,992,496047,70
1,100,2,993,496547,74
1,100,2,994,497047,63
1,100,2,995,497547,71
1,100,2,996,498047,75
1,100,2,997,498547,72
1,100,2,998,499047,68
1,100,2,999,499547,73
1,100,2,1000,500047,73
1,100,2,1001,500547,62
1,100,2,1002,501047,71
1,100,2,1003,501547,63
1,100,2,1004,502047,69
1,100,2,1005,502547,71
1,100,2,1006,503047,72
1,100,2,1007,503547,76
1,100,2,1008,504047,77
1,100,2,1009,504547,86
1,100,2,1010,505047,89
1,100,2,1011,505547,89
1,100,2,1012,506047,91
1,100,2,1013,506547,87
1,100,2,1014,507047,86
1,100,2,1015,507547,89
1,100,2,1016,508047,87
1,100,2,1017,508547,77
1,100,2,1018,509047,79
1,100,2,1019,509547,84
1,100,2,1020,510047,83
1,100,2,1021,510547,84
1,100,2,1022,511047,87
1,100,2,1023,511547,89
1,100,2,1024,512047,92
1,100,2,1025,512547,88
1,100,2,1026,513047,93
1,100,2,1027,513547,89
1,100,2,1028,514047,93
1,100,2,1029,514547,86
1,100,2,1030,515047,87
1,100,2,1031,515547,79
1,100,2,1032,516047,86
1,100,2,1033,516547,79
1,100,2,1034,517047,77
1,100,2,1035,517547,75
1,100,2,1036,518047,75
1,100,2,1037,518547,72
1,100,2,1038,519047,69
1,100,2,1039,519547,70
1,100,2,1040,520047,62
1,100,2,1041,520547,63
1,100,2,1042,521047,59
1,100,2,1043,521547,58
1,100,2,1044,522047,55
1,100,2,1045,522547,51
1,100,2,1046,523047,50
1,100,2,1047,523547,51
1,100,2,1048,524047,53
1,100,2,1049,524547,44
1,100,2,1050,525047,56
1,100,2,1051,525547,55
1,100,2,1052,526047,57
1,100,2,1053,526547,61
1,100,2,1054,527047,61
1,100,2,1055,527547,57
1,100,2,1056,528047,60
1,100,2,1057,528547,57
1,100,2,1058,529047,58
1,100,2,1059,529547,53
1,100,2,1060,530047,41
1,100,2,1061,530547,47
1,100,2,1062,531047,44
1,100,2,1063,531547,37
1,100,2,1064,532047,39
1,100,2,1065,532547,36
1,100,2,1066,533047,36
1,100,2,1067,533547,39
1,100,2,1068,534047,37
1,100,2,1069,534547,30
1,100,2,1070,535047,37
1,100,2,1071,535547,35
1,100,2,1072,536047,35
1,100,2,1073,536547,22
1,100,2,1074,537047,28
1,100,2,1075,537547,27
1,100,2,1076,538047,25
1,100,2,1077,538547,25
1,100,2,1078,539047,30
1,100,2,1079,539547,26
1,100,2,1080,540047,37
1,100,2,1081,540547,33
1,100,2,1082,541047,37
1,100,2,1083,541547,31
1,100,2,1084,542047,33
1,100,2,1085,542547,37
1,100,2,1086,543047,31
1,100,2,1087,543547,39
1,100,2,1088,544047,39
1,100,2,1089,544547,41
1,100,2,1090,545047,44
1,100,2,1091,545547,44
1,100,2,1092,546047,45
1,100,2,1093,546547,44
1,100,2,1094,547047,52
1,100,2,1095,547547,46
1,100,2,1096,548047,45
1,100,2,1097,548547,53
1,100,2,1098,549047,51
1,100,2,1099,549547,51
1,100,2,1100,550047,52
1,100,2,1101,550547,53
1,100,2,1102,551047,43
1,100,2,1103,551547,40
1,100,2,1104,552047,37
1,100,2,1105,552547,36
1,100,2,1106,553047,41
1,100,2,1107,553547,27
1,100,2,1108,554047,39
1,100,2,1109,554547,39
1,100,2,1110,555047,33
1,100,2,1111,555547,35
1,100,2,1112,556047,37
1,100,2,1113,556547,31
1,100,2,1114,557047,30
1,100,2,1115,557547,31
1,100,2,1116,558047,31
1,100,2,1117,558547,26
1,100,2,1118,559047,29
1,100,2,1119,559547,29
1,100,2,1120,560047,27
1,100,2,1121,560547,28
1,100,2,1122,561047,23
1,100,2,1123,561547,29
1,100,2,1124,562047,22
1,100,2,1125,562547,18
1,100,2,1126,563047,17
1,100,2,1127,563547,7
1,100,2,1128,564047,17
1,100,2,1129,564547,10
1,100,2,1130,565047,11
1,100,2,1131,565547,5
1,100,2,1132,566047,11
1,100,2,1133,566547,9
1,100,2,1134,567047,10
1,100,2,1135,567547,12
1,100,2,1136,568047,9
1,100,2,1137,568547,13
1,100,2,1138,569047,19
1,100,2,1139,569547,26
1,100,2,1140,570047,31
1,100,2,1141,570547,41
1,100,2,1142,571047,45
1,100,2,1143,571547,57
1,100,2,1144,572047,57
1,100,2,1145,572547,63
1,100,2,1146,573047,73
1,100,2,1147,573547,71
1,100,2,1148,574047,78
1,100,2,1149,574547,75
1,100,2,1150,575047,75
1,100,2,1151,575547,85
1,100,2,1152,576047,86
1,100,2,1153,576547,83
1,100,2,1154,577047,79
1,100,2,1155,577547,77
1,100,2,1156,578047,75
1,100,2,1157,578547,84
1,100,2,1158,579047,73
1,100,2,1159,579547,63
1,100,2,1160,580047,75
1,100,2,1161,580547,70
1,100,2,1162,581047,67
1,100,2,1163,581547,67
1,100,2,1164,582047,62
1,100,2,1165,582547,57
1,100,2,1166,583047,60
1,100,2,1167,583547,57
1,100,2,1168,584047,59
1,100,2,1169,584547,63
1,100,2,1170,585047,59
1,100,2,1171,585547,69
1,100,2,1172,586047,72
1,100,2,1173,586547,68
1,100,2,1174,587047,75
1,100,2,1175,587547,72
1,100,2,1176,588047,73
1,100,2,1177,588547,71
1,100,2,1178,589047,73
1,100,2,1179,589547,73
1,100,2,1180,590047,73
1,100,2,1181,590547,79
1,100,2,1182,591047,73
1,100,2,1183,591547,80
1,100,2,1184,592047,83
1,100,2,1185,592547,82
1,100,2,1186,593047,88
1,100,2,1187,593547,86
1,100,2,1188,594047,88
1,100,2,1189,594547,89
1,100,2,1190,595047,89
1,100,2,1191,595547,87
1,100,2,1192,596047,91
1,100,2,1193,596547,89
1,100,2,1194,597047,90
1,100,2,1195,597547,95
1,100,2,1196,598047,95
1,100,2,1197,598547,93
1,100,2,1198,599047,97
1,100,2,1199,599547,100
1,100,2,1200,600047,94
1,100,2,1201,600547,100
1,100,2,1202,601047,100
1,100,2,1203,601547,99
1,100,2,1204,602047,94
1,100,2,1205,602547,96
1,100,2,1206,603047,99
1,100,2,1207,603547,93
1,100,2,1208,604047,91
1,100,2,1209,604547,93
1,100,2,1210,605047,91
1,100,2,1211,605547,89
1,100,2,1212,606047,87
1,100,2,1213,606547,88
1,100,2,1214,607047,92
1,100,2,1215,607547,87
1,100,2,1216,608047,85
1,100,2,1217,608547,87
1,100,2,1218,609047,82
1,100,2,1219,609547,81
1,100,2,1220,610047,75
1,100,2,1221,610547,75
1,100,2,1222,611047,69
1,100,2,1223,611547,63
1,100,2,1224,612047,63
1,100,2,1225,612547,69
1,100,2,1226,613047,59
1,100,2,1227,613547,53
1,100,2,1228,614047,58
1,100,2,1229,614547,55
1,100,2,1230,615047,54
1,100,2,1231,615547,53
1,100,2,1232,616047,51
1,100,2,1233,616547,47
1,100,2,1234,617047,47
1,100,2,1235,617547,48
1,100,2,1236,618047,47
1,100,2,1237,618547,47
1,100,2,1238,619047,53
1,100,2,1239,619547,57
1,100,2,1240,620047,61
1,100,2,1241,620547,61
1,100,2,1242,621047,71
1,100,2,1243,621547,71
1,100,2,1244,622047,73
1,100,2,1245,622547,63
1,100,2,1246,623047,63
1,100,2,1247,623547,71
1,100,2,1248,624047,73
1,100,2,1249,624547,60
1,100,2,1250,625047,69
1,100,2,1251,625547,63
1,100,2,1252,626047,67
1,100,2,1253,626547,59
1,100,2,1254,627047,59
1,100,2,1255,627547,67
1,100,2,1256,628047,62
1,100,2,1257,628547,71
1,100,2,1258,629047,72
1,100,2,1259,629547,77
1,100,2,1260,630047,73
1,100,2,1261,630547,73
1,100,2,1262,631047,75
1,100,2,1263,631547,61
1,100,2,1264,632047,71
1,100,2,1265,632547,69
1,100,2,1266,633047,69
1,100,2,1267,633547,77
1,100,2,1268,634047,75
1,100,2,1269,634547,77
1,100,2,1270,635047,77
1,100,2,1271,635547,85
1,100,2,1272,636047,84
1,100,2,1273,636547,77
1,100,2,1274,637047,84
1,100,2,1275,637547,86
1,100,2,1276,638047,77
1,100,2,1277,638547,91
1,100,2,1278,639047,93
1,100,2,1279,639547,91
1,100,2,1280,640047,99
1,100,2,1281,640547,100
1,100,2,1282,641047,99
1,100,2,1283,641547,101
1,100,2,1284,642047,107
1,100,2,1285,642547,100
1,100,2,1286,643047,109
1,100,2,1287,643547,108
1,100,2,1288,644047,105
1,100,2,1289,644547,109
1,100,2,1290,645047,109
1,100,2,1291,645547,110
1,100,2,1292,646047,109
1,100,2,1293,646547,107
1,100,2,1294,647047,111
1,100,2,1295,647547,118
1,100,2,1296,648047,111
1,100,2,1297,648547,114
1,100,2,1298,649047,117
1,100,2,1299,649547,117
1,100,2,1300,650047,111
1,100,2,1301,650547,116
1,100,2,1302,651047,111
1,100,2,1303,651547,102
1,100,2,1304,652047,99
1,100,2,1305,652547,99
1,100,2,1306,653047,85
1,100,2,1307,653547,77
1,100,2,1308,654047,79
1,100,2,1309,654547,76
1,100,2,1310,655047,73
1,100,2,1311,655547,76
1,100,2,1312,656047,69
1,100,2,1313,656547,73
1,100,2,1314,657047,68
1,100,2,1315,657547,63
1,100,2,1316,658047,61
1,100,2,1317,658547,62
1,100,2,1318,659047,61
1,100,2,1319,659547,67
1,100,2,1320,660047,63
1,100,2,1321,660547,70
1,100,2,1322,661047,68
1,100,2,1323,661547,67
1,100,2,1324,662047,69
1,100,2,1325,662547,67
1,100,2,1326,663047,68
1,100,2,1327,663547,57
1,100,2,1328,664047,61
1,100,2,1329,664547,63
1,100,2,1330,665047,62
1,100,2,1331,665547,67
1,100,2,1332,666047,72
1,100,2,1333,666547,69
1,100,2,1334,667047,68
1,100,2,1335,667547,73
1,100,2,1336,668047,73
1,100,2,1337,668547,70
1,100,2,1338,669047,69
1,100,2,1339,669547,73
1,100,2,1340,670047,71
1,100,2,1341,670547,79
1,100,2,1342,671047,72
1,100,2,1343,671547,75
1,100,2,1344,672047,77
1,100,2,1345,672547,76
1,100,2,1346,673047,74
1,100,2,1347,673547,72
1,100,2,1348,674047,77
1,100,2,1349,674547,77
1,100,2,1350,675047,77
1,100,2,1351,675547,75
1,100,2,1352,676047,71
1,100,2,1353,676547,73
1,100,2,1354,677047,63
1,100,2,1355,677547,63
1,100,2,1356,678047,63
1,100,2,1357,678547,57
1,100,2,1358,679047,69
1,100,2,1359,679547,69
1,100,2,1360,680047,59
1,100,2,1361,680547,69
1,100,2,1362,681047,73
1,100,2,1363,681547,67
1,100,2,1364,682047,75
1,100,2,1365,682547,75
1,100,2,1366,683047,73
1,100,2,1367,683547,73
1,100,2,1368,684047,74
1,100,2,1369,684547,73
1,100,2,1370,685047,74
1,100,2,1371,685547,83
1,100,2,1372,686047,87
1,100,2,1373,686547,83
1,100,2,1374,687047,86
1,100,2,1375,687547,95
1,100,2,1376,688047,99
1,100,2,1377,688547,91
1,100,2,1378,689047,102
1,100,2,1379,689547,95
1,100,2,1380,690047,93
1,100,2,1381,690547,95
1,100,2,1382,691047,93
1,100,2,1383,691547,99
1,100,2,1384,692047,93
1,100,2,1385,692547,90
1,100,2,1386,693047,98
1,100,2,1387,693547,93
1,100,2,1388,694047,90
1,100,2,1389,694547,89
1,100,2,1390,695047,87
1,100,2,1391,695547,85
1,100,2,1392,696047,85
1,100,2,1393,696547,73
1,100,2,1394,697047,77
1,100,2,1395,697547,79
1,100,2,1396,698047,71
1,100,2,1397,698547,75
1,100,2,1398,699047,77
1,100,2,1399,699547,75
1,100,2,1400,700047,73
1,100,2,1401,700547,78
1,100,2,1402,701047,82
1,100,2,1403,701547,83
1,100,2,1404,702047,82
1,100,2,1405,702547,84
1,100,2,1406,703047,85
1,100,2,1407,703547,85
1,100,2,1408,704047,92
1,100,2,1409,704547,90
1,100,2,1410,705047,91
1,100,2,1411,705547,93
1,100,2,1412,706047,92
1,100,2,1413,706547,91
1,100,2,1414,707047,93
1,100,2,1415,707547,91
1,100,2,1416,708047,85
1,100,2,1417,708547,89
1,100,2,1418,709047,76
1,100,2,1419,709547,79
1,100,2,1420,710047,77
1,100,2,1421,710547,63
1,100,2,1422,711047,62
1,100,2,1423,711547,62
1,100,2,1424,712047,59
1,100,2,1425,712547,69
1,100,2,1426,713047,61
1,100,2,1427,713547,57
1,100,2,1428,714047,59
1,100,2,1429,714547,69
1,100,2,1430,715047,61
1,100,2,1431,715547,56
1,100,2,1432,716047,61
1,100,2,1433,716547,55
1,100,2,1434,717047,55
1,100,2,1435,717547,57
1,100,2,1436,718047,47
1,100,2,1437,718547,53
1,100,2,1438,719047,48
1,100,2,1439,719547,45
1,100,2,1440,720047,47
1,100,2,1441,720547,41
1,100,2,1442,721047,39
1,100,2,1443,721547,39
1,100,2,1444,722047,39
1,100,2,1445,722547,33
1,100,2,1446,723047,31
1,100,2,1447,723547,31
1,100,2,1448,724047,37
1,100,2,1449,724547,37
1,100,2,1450,725047,41
1,100,2,1451,725547,39
1,100,2,1452,726047,41
1,100,2,1453,726547,43
1,100,2,1454,727047,31
1,100,2,1455,727547,43
1,100,2,1456,728047,39
1,100,2,1457,728547,43
1,100,2,1458,729047,43
1,100,2,1459,729547,48
1,100,2,1460,730047,45
1,100,2,1461,730547,46
1,100,2,1462,731047,44
1,100,2,1463,731547,51
1,100,2,1464,732047,51
1,100,2,1465,732547,45
1,100,2,1466,733047,55
1,100,2,1467,733547,54
1,100,2,1468,734047,53
1,100,2,1469,734547,54
1,100,2,1470,735047,61
1,100,2,1471,735547,59
1,100,2,1472,736047,53
1,100,2,1473,736547,56
1,100,2,1474,737047,56
1,100,2,1475,737547,53
1,100,2,1476,738047,56
1,100,2,1477,738547,55
1,100,2,1478,739047,52
1,100,2,1479,739547,60
1,100,2,1480,740047,55
1,100,2,1481,740547,59
1,100,2,1482,741047,61
1,100,2,1483,741547,61
1,100,2,1484,742047,69
1,100,2,1485,742547,69
1,100,2,1486,743047,69
1,100,2,1487,743547,71
1,100,2,1488,744047,74
1,100,2,1489,744547,71
1,100,2,1490,745047,71
1,100,2,1491,745547,70
1,100,2,1492,746047,68
1,100,2,1493,746547,67
1,100,2,1494,747047,67
1,100,2,1495,747547,57
1,100,2,1496,748047,52
1,100,2,1497,748547,57
1,100,2,1498,749047,51
1,100,2,1499,749547,45
1,100,2,1500,750047,47
1,100,2,1501,750547,47
1,100,2,1502,751047,43
1,100,2,1503,751547,47
1,100,2,1504,752047,42
1,100,2,1505,752547,47
1,100,2,1506,753047,42
1,100,2,1507,753547,43
1,100,2,1508,754047,47
1,100,2,1509,754547,35
1,100,2,1510,755047,43
1,100,2,1511,755547,37
1,100,2,1512,756047,35
1,100,2,1513,756547,37
1,100,2,1514,757047,39
1,100,2,1515,757547,35
1,100,2,1516,758047,37
1,100,2,1517,758547,39
1,100,2,1518,759047,40
1,100,2,1519,759547,35
1,100,2,1520,760047,31
1,100,2,1521,760547,31
1,100,2,1522,761047,29
1,100,2,1523,761547,23
1,100,2,1524,762047,27
1,100,2,1525,762547,25
1,100,2,1526,763047,22
1,100,2,1527,763547,28
1,100,2,1528,764047,30
1,100,2,1529,764547,25
1,100,2,1530,765047,37
1,100,2,1531,765547,33
1,100,2,1532,766047,31
1,100,2,1533,766547,43
1,100,2,1534,767047,43
1,100,2,1535,767547,45
1,100,2,1536,768047,55
1,100,2,1537,768547,59
1,100,2,1538,769047,59
1,100,2,1539,769547,72
1,100,2,1540,770047,77
1,100,2,1541,770547,79
1,100,2,1542,771047,88
1,100,2,1543,771547,91
1,100,2,1544,772047,99
1,100,2,1545,772547,104
1,100,2,1546,773047,105
1,100,2,1547,773547,105
1,100,2,1548,774047,115
1,100,2,1549,774547,109
1,100,2,1550,775047,104
1,100,2,1551,775547,109
1,100,2,1552,776047,105
1,100,2,1553,776547,108
1,100,2,1554,777047,104
1,100,2,1555,777547,104
1,100,2,1556,778047,103
1,100,2,1557,778547,107
1,100,2,1558,779047,106
1,100,2,1559,779547,104
1,100,2,1560,780047,105
1,100,2,1561,780547,103
1,100,2,1562,781047,105
1,100,2,1563,781547,106
1,100,2,1564,782047,103
1,100,2,1565,782547,101
1,100,2,1566,783047,107
1,100,2,1567,783547,106
1,100,2,1568,784047,105
1,100,2,1569,784547,109
1,100,2,1570,785047,105
1,100,2,1571,785547,108
1,100,2,1572,786047,110
1,100,2,1573,786547,104
1,100,2,1574,787047,107
1,100,2,1575,787547,109
1,100,2,1576,788047,103
1,100,2,1577,788547,108
1,100,2,1578,789047,110
1,100,2,1579,789547,109
1,100,2,1580,790047,114
1,100,2,1581,790547,117
1,100,2,1582,791047,109
1,100,2,1583,791547,105
1,100,2,1584,792047,112
1,100,2,1585,792547,109
1,100,2,1586,793047,103
1,100,2,1587,793547,109
1,100,2,1588,794047,106
1,100,2,1589,794547,105
1,100,2,1590,795047,110
1,100,2,1591,795547,105
1,100,2,1592,796047,104
1,100,2,1593,796547,105
1,100,2,1594,797047,101
1,100,2,1595,797547,101
1,100,2,1596,798047,102
1,100,2,1597,798547,107
1,100,2,1598,799047,100
1,100,2,1599,799547,104
1,100,2,1600,800047,105
1,100,2,1601,800547,99
1,100,2,1602,801047,99
1,100,2,1603,801547,97
1,100,2,1604,802047,93
1,100,2,1605,802547,88
1,100,2,1606,803047,85
1,100,2,1607,803547,79
1,100,2,1608,804047,85
1,100,2,1609,804547,69
1,100,2,1610,805047,68
1,100,2,1611,805547,63
1,100,2,1612,806047,57
1,100,2,1613,806547,51
1,100,2,1614,807047,53
1,100,2,1615,807547,44
1,100,2,1616,808047,45
1,100,2,1617,808547,51
1,100,2,1618,809047,41
1,100,2,1619,809547,51
1,100,2,1620,810047,53
1,100,2,1621,810547,47
1,100,2,1622,811047,53
1,100,2,1623,811547,61
1,100,2,1624,812047,57
1,100,2,1625,812547,57
1,100,2,1626,813047,69
1,100,2,1627,813547,75
1,100,2,1628,814047,72
1,100,2,1629,814547,75
1,100,2,1630,815047,77
1,100,2,1631,815547,79
1,100,2,1632,816047,79
1,100,2,1633,816547,83
1,100,2,1634,817047,84
1,100,2,1635,817547,74
1,100,2,1636,818047,77
1,100,2,1637,818547,75
1,100,2,1638,819047,82
1,100,2,1639,819547,75
1,100,2,1640,820047,75
1,100,2,1641,820547,76
1,100,2,1642,821047,83
1,100,2,1643,821547,80
1,100,2,1644,822047,73
1,100,2,1645,822547,78
1,100,2,1646,823047,79
1,100,2,1647,823547,74
1,100,2,1648,824047,77
1,100,2,1649,824547,83
1,100,2,1650,825047,85
1,100,2,1651,825547,77
1,100,2,1652,826047,77
1,100,2,1653,826547,87
1,100,2,1654,827047,81
1,100,2,1655,827547,79
1,100,2,1656,828047,89
1,100,2,1657,828547,85
1,100,2,1658,829047,83
1,100,2,1659,829547,89
1,100,2,1660,830047,85
1,100,2,1661,830547,78
1,100,2,1662,831047,77
1,100,2,1663,831547,77
1,100,2,1664,832047,73
1,100,2,1665,832547,71
1,100,2,1666,833047,69
1,100,2,1667,833547,75
1,100,2,1668,834047,71
1,100,2,1669,834547,71
1,100,2,1670,835047,69
1,100,2,1671,835547,76
1,100,2,1672,836047,67
1,100,2,1673,836547,63
1,100,2,1674,837047,63
1,100,2,1675,837547,57
1,100,2,1676,838047,57
1,100,2,1677,838547,51
1,100,2,1678,839047,47
1,100,2,1679,839547,47
1,100,2,1680,840047,42
1,100,2,1681,840547,45
1,100,2,1682,841047,45
1,100,2,1683,841547,41
1,100,2,1684,842047,43
1,100,2,1685,842547,39
1,100,2,1686,843047,41
1,100,2,1687,843547,38
1,100,2,1688,844047,31
1,100,2,1689,844547,28
1,100,2,1690,845047,28
1,100,2,1691,845547,27
1,100,2,1692,846047,20
1,100,2,1693,846547,13
1,100,2,1694,847047,17
1,100,2,1695,847547,11
1,100,2,1696,848047,16
1,100,2,1697,848547,17
1,100,2,1698,849047,16
1,100,2,1699,849547,23
1,100,2,1700,850047,24
1,100,2,1701,850547,27
1,100,2,1702,851047,27
1,100,2,1703,851547,37
1,100,2,1704,852047,39
1,100,2,1705,852547,30
1,100,2,1706,853047,44
1,100,2,1707,853547,53
1,100,2,1708,854047,51
1,100,2,1709,854547,57
1,100,2,1710,855047,60
1,100,2,1711,855547,67
1,100,2,1712,856047,76
1,100,2,1713,856547,73
1,100,2,1714,857047,83
1,100,2,1715,857547,83
1,100,2,1716,858047,89
1,100,2,1717,858547,83
1,100,2,1718,859047,87
1,100,2,1719,859547,86
1,100,2,1720,860047,85
1,100,2,1721,860547,83
1,100,2,1722,861047,89
1,100,2,1723,861547,85
1,100,2,1724,862047,87
1,100,2,1725,862547,86
1,100,2,1726,863047,89
1,100,2,1727,863547,89
1,100,2,1728,864047,90
1,100,2,1729,864547,98
1,100,2,1730,865047,95
1,100,2,1731,865547,100
1,100,2,1732,866047,97
1,100,2,1733,866547,99
1,100,2,1734,867047,101
1,100,2,1735,867547,107
1,100,2,1736,868047,105
1,100,2,1737,868547,112
1,100,2,1738,869047,119
1,100,2,1739,869547,121
1,100,2,1740,870047,123
1,100,2,1741,870547,133
1,100,2,1742,871047,139
1,100,2,1743,871547,135
1,100,2,1744,872047,135
1,100,2,1745,872547,138
1,100,2,1746,873047,134
1,100,2,1747,873547,136
1,100,2,1748,874047,134
1,100,2,1749,874547,120
1,100,2,1750,875047,119
1,100,2,1751,875547,107
1,100,2,1752,876047,105
1,100,2,1753,876547,101
1,100,2,1754,877047,92
1,100,2,1755,877547,102
1,100,2,1756,878047,93
1,100,2,1757,878547,90
1,100,2,1758,879047,91
1,100,2,1759,879547,90
1,100,2,1760,880047,85
1,100,2,1761,880547,80
1,100,2,1762,881047,81
1,100,2,1763,881547,75
1,100,2,1764,882047,79
1,100,2,1765,882547,73
1,100,2,1766,883047,73
1,100,2,1767,883547,75
1,100,2,1768,884047,72
1,100,2,1769,884547,71
1,100,2,1770,885047,67
1,100,2,1771,885547,67
1,100,2,1772,886047,75
1,100,2,1773,886547,63
1,100,2,1774,887047,69
1,100,2,1775,887547,63
1,100,2,1776,888047,57
1,100,2,1777,888547,63
1,100,2,1778,889047,56
1,100,2,1779,889547,55
1,100,2,1780,890047,57
1,100,2,1781,890547,55
1,100,2,1782,891047,55
1,100,2,1783,891547,56
1,100,2,1784,892047,57
1,100,2,1785,892547,51
1,100,2,1786,893047,56
1,100,2,1787,893547,53
1,100,2,1788,894047,45
1,100,2,1789,894547,44
1,100,2,1790,895047,43
1,100,2,1791,895547,40
1,100,2,1792,896047,38
1,100,2,1793,896547,40
1,100,2,1794,897047,41
1,100,2,1795,897547,45
1,100,2,1796,898047,53
1,100,2,1797,898547,56
1,100,2,1798,899047,58
1,100,2,1799,899547,71
1,100,2,1800,900047,74
1,100,2,1801,900547,75
1,100,2,1802,901047,73
1,100,2,1803,901547,83
1,100,2,1804,902047,81
1,100,2,1805,902547,87
1,100,2,1806,903047,79
1,100,2,1807,903547,83
1,100,2,1808,904047,87
1,100,2,1809,904547,81
1,100,2,1810,905047,78
1,100,2,1811,905547,75
1,100,2,1812,906047,73
1,100,2,1813,906547,75
1,100,2,1814,907047,69
1,100,2,1815,907547,70
1,100,2,1816,908047,63
1,100,2,1817,908547,67
1,100,2,1818,909047,69
1,100,2,1819,909547,61
1,100,2,1820,910047,69
1,100,2,1821,910547,61
1,100,2,1822,911047,59
1,100,2,1823,911547,74
1,100,2,1824,912047,71
1,100,2,1825,912547,75
1,100,2,1826,913047,76
1,100,2,1827,913547,79
1,100,2,1828,914047,83
1,100,2,1829,914547,81
1,100,2,1830,915047,81
1,100,2,1831,915547,88
1,100,2,1832,916047,79
1,100,2,1833,916547,78
1,100,2,1834,917047,85
1,100,2,1835,917547,87
1,100,2,1836,918047,78
1,100,2,1837,918547,89
1,100,2,1838,919047,89
1,100,2,1839,919547,82
1,100,2,1840,920047,91
1,100,2,1841,920547,81
1,100,2,1842,921047,77
1,100,2,1843,921547,85
1,100,2,1844,922047,77
1,100,2,1845,922547,73
1,100,2,1846,923047,79
1,100,2,1847,923547,78
1,100,2,1848,924047,83
1,100,2,1849,924547,86
1,100,2,1850,925047,85
1,100,2,1851,925547,89
1,100,2,1852,926047,83
1,100,2,1853,926547,85
1,100,2,1854,927047,87
1,100,2,1855,927547,83
1,100,2,1856,928047,85
1,100,2,1857,928547,89
1,100,2,1858,929047,82
1,100,2,1859,929547,84
1,100,2,1860,930047,78
1,100,2,1861,930547,85
1,100,2,1862,931047,77
1,100,2,1863,931547,77
1,100,2,1864,932047,78
1,100,2,1865,932547,75
1,100,2,1866,933047,71
1,100,2,1867,933547,73
1,100,2,1868,934047,61
1,100,2,1869,934547,67
1,100,2,1870,935047,57
1,100,2,1871,935547,58
1,100,2,1872,936047,59
1,100,2,1873,936547,55
1,100,2,1874,937047,58
1,100,2,1875,937547,61
1,100,2,1876,938047,61
1,100,2,1877,938547,58
1,100,2,1878,939047,61
1,100,2,1879,939547,61
1,100,2,1880,940047,57
1,100,2,1881,940547,53
1,100,2,1882,941047,47
1,100,2,1883,941547,53
1,100,2,1884,942047,51
1,100,2,1885,942547,43
1,100,2,1886,943047,46
1,100,2,1887,943547,43
1,100,2,1888,944047,47
1,100,2,1889,944547,50
1,100,2,1890,945047,43
1,100,2,1891,945547,48
1,100,2,1892,946047,47
1,100,2,1893,946547,47
1,100,2,1894,947047,43
1,100,2,1895,947547,51
1,100,2,1896,948047,45
1,100,2,1897,948547,46
1,100,2,1898,949047,51
1,100,2,1899,949547,48
1,100,2,1900,950047,45
1,100,2,1901,950547,55
1,100,2,1902,951047,55
1,100,2,1903,951547,53
1,100,2,1904,952047,56
1,100,2,1905,952547,59
1,100,2,1906,953047,54
1,100,2,1907,953547,51
1,100,2,1908,954047,50
1,100,2,1909,954547,43
1,100,2,1910,955047,41
1,100,2,1911,955547,41
1,100,2,1912,956047,35
1,100,2,1913,956547,31
1,100,2,1914,957047,37
1,100,2,1915,957547,37
1,100,2,1916,958047,33
1,100,2,1917,958547,37
1,100,2,1918,959047,40
1,100,2,1919,959547,46
1,100,2,1920,960047,47
1,100,2,1921,960547,47
1,100,2,1922,961047,59
1,100,2,1923,961547,61
1,100,2,1924,962047,61
1,100,2,1925,962547,59
1,100,2,1926,963047,69
1,100,2,1927,963547,68
1,100,2,1928,964047,69
1,100,2,1929,964547,75
1,100,2,1930,965047,73
1,100,2,1931,965547,81
1,100,2,1932,966047,79
1,100,2,1933,966547,77
1,100,2,1934,967047,89
1,100,2,1935,967547,78
1,100,2,1936,968047,84
1,100,2,1937,968547,75
1,100,2,1938,969047,79
1,100,2,1939,969547,77
1,100,2,1940,970047,82
1,100,2,1941,970547,86
1,100,2,1942,971047,79
1,100,2,1943,971547,83
1,100,2,1944,972047,83
1,100,2,1945,972547,72
1,100,2,1946,973047,83
1,100,2,1947,973547,75
1,100,2,1948,974047,77
1,100,2,1949,974547,77
1,100,2,1950,975047,81
1,100,2,1951,975547,79
1,100,2,1952,976047,83
1,100,2,1953,976547,76
1,100,2,1954,977047,70
1,100,2,1955,977547,69
1,100,2,1956,978047,62
1,100,2,1957,978547,63
1,100,2,1958,979047,63
1,100,2,1959,979547,69
1,100,2,1960,980047,69
1,100,2,1961,980547,68
1,100,2,1962,981047,71
1,100,2,1963,981547,77
1,100,2,1964,982047,75
1,100,2,1965,982547,77
1,100,2,1966,983047,83
1,100,2,1967,983547,78
1,100,2,1968,984047,77
1,100,2,1969,984547,85
1,100,2,1970,985047,72
1,100,2,1971,985547,71
1,100,2,1972,986047,77
1,100,2,1973,986547,73
1,100,2,1974,987047,71
1,100,2,1975,987547,75
1,100,2,1976,988047,73
1,100,2,1977,988547,71
1,100,2,1978,989047,70
1,100,2,1979,989547,71
1,100,2,1980,990047,67
1,100,2,1981,990547,71
1,100,2,1982,991047,63
1,100,2,1983,991547,68
1,100,2,1984,992047,69
1,100,2,1985,992547,69
1,100,2,1986,993047,75
1,100,2,1987,993547,79
1,100,2,1988,994047,83
1,100,2,1989,994547,87
1,100,2,1990,995047,93
1,100,2,1991,995547,101
1,100,2,1992,996047,105
1,100,2,1993,996547,99
1,100,2,1994,997047,99
1,100,2,1995,997547,106
1,100,2,1996,998047,91
1,100,2,1997,998547,92
1,100,2,1998,999047,91
1,100,2,1999,999547,92
# END_WINDOW
# Ready: run=1, valve=100%, rate=2000 Hz, samples=2000. Send any character to record one window.
