# CAPTURING
1,30,0,0,257,71
1,30,0,1,550,56
1,30,0,2,1047,105
1,30,0,3,1547,73
1,30,0,4,2047,99
1,30,0,5,2547,110
1,30,0,6,3047,54
1,30,0,7,3547,127
1,30,0,8,4047,95
1,30,0,9,4547,51
1,30,0,10,5047,101
1,30,0,11,5547,60
1,30,0,12,6047,93
1,30,0,13,6547,45
1,30,0,14,7047,79
1,30,0,15,7547,93
1,30,0,16,8047,56
1,30,0,17,8547,78
1,30,0,18,9047,103
1,30,0,19,9547,73
1,30,0,20,10047,81
1,30,0,21,10547,89
1,30,0,22,11047,85
1,30,0,23,11547,93
1,30,0,24,12047,37
1,30,0,25,12547,141
1,30,0,26,13047,69
1,30,0,27,13547,41
1,30,0,28,14047,93
1,30,0,29,14547,89
1,30,0,30,15047,123
1,30,0,31,15547,53
1,30,0,32,16047,155
1,30,0,33,16547,93
1,30,0,34,17047,41
1,30,0,35,17547,87
1,30,0,36,18047,123
1,30,0,37,18547,43
1,30,0,38,19047,103
1,30,0,39,19547,133
1,30,0,40,20047,45
1,30,0,41,20547,175
1,30,0,42,21047,101
1,30,0,43,21547,33
1,30,0,44,22047,163
1,30,0,45,22547,121
1,30,0,46,23047,41
1,30,0,47,23547,104
1,30,0,48,24047,89
1,30,0,49,24547,63
1,30,0,50,25047,62
1,30,0,51,25547,93
1,30,0,52,26047,87
1,30,0,53,26547,55
1,30,0,54,27047,84
1,30,0,55,27547,73
1,30,0,56,28047,93
1,30,0,57,28547,51
1,30,0,58,29047,125
1,30,0,59,29547,45
1,30,0,60,30047,87
1,30,0,61,30547,83
1,30,0,62,31047,79
1,30,0,63,31547,83
1,30,0,64,32047,99
1,30,0,65,32547,79
1,30,0,66,33047,24
1,30,0,67,33547,123
1,30,0,68,34047,59
1,30,0,69,34547,19
1,30,0,70,35047,56
1,30,0,71,35547,101
1,30,0,72,36047,43
1,30,0,73,36547,93
1,30,0,74,37047,122
1,30,0,75,37547,69
1,30,0,76,38047,89
1,30,0,77,38547,107
1,30,0,78,39047,68
1,30,0,79,39547,71
1,30,0,80,40047,109
1,30,0,81,40547,45
1,30,0,82,41047,83
1,30,0,83,41547,119
1,30,0,84,42047,77
1,30,0,85,42547,26
1,30,0,86,43047,89
1,30,0,87,43547,71
1,30,0,88,44047,63
1,30,0,89,44547,92
1,30,0,90,45047,106
1,30,0,91,45547,51
1,30,0,92,46047,89
1,30,0,93,46547,123
1,30,0,94,47047,59
1,30,0,95,47547,91
1,30,0,96,48047,107
1,30,0,97,48547,60
1,30,0,98,49047,108
1,30,0,99,49547,115
1,30,0,100,50047,41
1,30,0,101,50547,111
1,30,0,102,51047,83
1,30,0,103,51547,41
1,30,0,104,52047,59
1,30,0,105,52547,92
1,30,0,106,53047,69
1,30,0,107,53547,99
1,30,0,108,54047,118
1,30,0,109,54547,98
1,30,0,110,55047,99
1,30,0,111,55547,123
1,30,0,112,56047,85
1,30,0,113,56547,99
1,30,0,114,57047,127
1,30,0,115,57547,73
1,30,0,116,58047,102
1,30,0,117,58547,103
1,30,0,118,59047,89
1,30,0,119,59547,87
1,30,0,120,60047,69
1,30,0,121,60547,133
1,30,0,122,61047,57
1,30,0,123,61547,73
1,30,0,124,62047,99
1,30,0,125,62547,45
1,30,0,126,63047,70
1,30,0,127,63547,133
1,30,0,128,64047,48
1,30,0,129,64547,82
1,30,0,130,65047,117
1,30,0,131,65547,85
1,30,0,132,66047,27
1,30,0,133,66547,146
1,30,0,134,67047,87
1,30,0,135,67547,62
1,30,0,136,68047,135
1,30,0,137,68547,79
1,30,0,138,69047,85
1,30,0,139,69547,108
1,30,0,140,70047,81
1,30,0,141,70547,25
1,30,0,142,71047,99
1,30,0,143,71547,71
1,30,0,144,72047,21
1,30,0,145,72547,93
1,30,0,146,73047,63
1,30,0,147,73547,55
1,30,0,148,74047,83
1,30,0,149,74547,47
1,30,0,150,75047,71
1,30,0,151,75547,39
1,30,0,152,76047,53
1,30,0,153,76547,67
1,30,0,154,77047,39
1,30,0,155,77547,91
1,30,0,156,78047,52
1,30,0,157,78547,39
1,30,0,158,79047,107
1,30,0,159,79547,51
1,30,0,160,80047,95
1,30,0,161,80547,77
1,30,0,162,81047,94
1,30,0,163,81547,53
1,30,0,164,82047,111
1,30,0,165,82547,61
1,30,0,166,83047,89
1,30,0,167,83547,27
1,30,0,168,84047,101
1,30,0,169,84547,79
1,30,0,170,85047,59
1,30,0,171,85547,91
1,30,0,172,86047,88
1,30,0,173,86547,71
1,30,0,174,87047,47
1,30,0,175,87547,98
1,30,0,176,88047,31
1,30,0,177,88547,47
1,30,0,178,89047,105
1,30,0,179,89547,59
1,30,0,180,90047,56
1,30,0,181,90547,73
1,30,0,182,91047,120
1,30,0,183,91547,45
1,30,0,184,92047,40
1,30,0,185,92547,123
1,30,0,186,93047,44
1,30,0,187,93547,87
1,30,0,188,94047,105
1,30,0,189,94547,41
1,30,0,190,95047,85
1,30,0,191,95547,92
1,30,0,192,96047,57
1,30,0,193,96547,115
1,30,0,194,97047,41
1,30,0,195,97547,143
1,30,0,196,98047,51
1,30,0,197,98547,83
1,30,0,198,99047,74
1,30,0,199,99547,63
1,30,0,200,100047,51
1,30,0,201,100547,93
1,30,0,202,101047,75
1,30,0,203,101547,53
1,30,0,204,102047,89
1,30,0,205,102547,88
1,30,0,206,103047,54
1,30,0,207,103547,76
1,30,0,208,104047,106
1,30,0,209,104547,47
1,30,0,210,105047,73
1,30,0,211,105547,102
1,30,0,212,106047,70
1,30,0,213,106547,73
1,30,0,214,107047,89
1,30,0,215,107547,57
1,30,0,216,108047,39
1,30,0,217,108547,109
1,30,0,218,109047,84
1,30,0,219,109547,26
1,30,0,220,110047,98
1,30,0,221,110547,92
1,30,0,222,111047,61
1,30,0,223,111547,71
1,30,0,224,112047,111
1,30,0,225,112547,105
1,30,0,226,113047,71
1,30,0,227,113547,148
1,30,0,228,114047,69
1,30,0,229,114547,104
1,30,0,230,115047,77
1,30,0,231,115547,104
1,30,0,232,116047,63
1,30,0,233,116547,105
1,30,0,234,117047,44
1,30,0,235,117547,85
1,30,0,236,118047,89
1,30,0,237,118547,112
1,30,0,238,119047,39
1,30,0,239,119547,102
1,30,0,240,120047,73
1,30,0,241,120547,69
1,30,0,242,121047,91
1,30,0,243,121547,61
1,30,0,244,122047,73
1,30,0,245,122547,115
1,30,0,246,123047,83
1,30,0,247,123547,53
1,30,0,248,124047,123
1,30,0,249,124547,73
1,30,0,250,125047,99
1,30,0,251,125547,79
1,30,0,252,126047,73
1,30,0,253,126547,100
1,30,0,254,127047,91
1,30,0,255,127547,62
1,30,0,256,128047,124
1,30,0,257,128547,71
1,30,0,258,129047,118
1,30,0,259,129547,69
1,30,0,260,130047,119
1,30,0,261,130547,82
1,30,0,262,131047,47
1,30,0,263,131547,153
1,30,0,264,132047,71
1,30,0,265,132547,95
1,30,0,266,133047,105
1,30,0,267,133547,89
1,30,0,268,134047,87
1,30,0,269,134547,107
1,30,0,270,135047,98
1,30,0,271,135547,93
1,30,0,272,136047,43
1,30,0,273,136547,116
1,30,0,274,137047,43
1,30,0,275,137547,101
1,30,0,276,138047,105
1,30,0,277,138547,35
1,30,0,278,139047,139
1,30,0,279,139547,72
1,30,0,280,140047,94
1,30,0,281,140547,111
1,30,0,282,141047,95
1,30,0,283,141547,123
1,30,0,284,142047,123
1,30,0,285,142547,85
1,30,0,286,143047,120
1,30,0,287,143547,75
1,30,0,288,144047,136
1,30,0,289,144547,71
1,30,0,290,145047,88
1,30,0,291,145547,91
1,30,0,292,146047,59
1,30,0,293,146547,110
1,30,0,294,147047,87
1,30,0,295,147547,93
1,30,0,296,148047,89
1,30,0,297,148547,122
1,30,0,298,149047,53
1,30,0,299,149547,117
1,30,0,300,150047,58
1,30,0,301,150547,95
1,30,0,302,151047,104
1,30,0,303,151547,55
1,30,0,304,152047,135
1,30,0,305,152547,77
1,30,0,306,153047,77
1,30,0,307,153547,85
1,30,0,308,154047,99
1,30,0,309,154547,53
1,30,0,310,155047,93
1,30,0,311,155547,100
1,30,0,312,156047,63
1,30,0,313,156547,68
1,30,0,314,157047,89
1,30,0,315,157547,69
1,30,0,316,158047,37
1,30,0,317,158547,108
1,30,0,318,159047,79
1,30,0,319,159547,56
1,30,0,320,160047,146
1,30,0,321,160547,75
1,30,0,322,161047,111
1,30,0,323,161547,75
1,30,0,324,162047,107
1,30,0,325,162547,47
1,30,0,326,163047,118
1,30,0,327,163547,60
1,30,0,328,164047,51
1,30,0,329,164547,121
1,30,0,330,165047,63
1,30,0,331,165547,29
1,30,0,332,166047,107
1,30,0,333,166547,93
1,30,0,334,167047,28
1,30,0,335,167547,92
1,30,0,336,168047,101
1,30,0,337,168547,40
1,30,0,338,169047,107
1,30,0,339,169547,55
1,30,0,340,170047,79
1,30,0,341,170547,53
1,30,0,342,171047,85
1,30,0,343,171547,117
1,30,0,344,172047,44
1,30,0,345,172547,117
1,30,0,346,173047,103
1,30,0,347,173547,61
1,30,0,348,174047,104
1,30,0,349,174547,93
1,30,0,350,175047,41
1,30,0,351,175547,93
1,30,0,352,176047,47
1,30,0,353,176547,86
1,30,0,354,177047,87
1,30,0,355,177547,55
1,30,0,356,178047,105
1,30,0,357,178547,63
1,30,0,358,179047,91
1,30,0,359,179547,99
1,30,0,360,180047,51
1,30,0,361,180547,101
1,30,0,362,181047,83
1,30,0,363,181547,71
1,30,0,364,182047,69
1,30,0,365,182547,83
1,30,0,366,183047,47
1,30,0,367,183547,90
1,30,0,368,184047,60
1,30,0,369,184547,72
1,30,0,370,185047,35
1,30,0,371,185547,93
1,30,0,372,186047,71
1,30,0,373,186547,45
1,30,0,374,187047,99
1,30,0,375,187547,73
1,30,0,376,188047,53
1,30,0,377,188547,99
1,30,0,378,189047,69
1,30,0,379,189547,87
1,30,0,380,190047,83
1,30,0,381,190547,76
1,30,0,382,191047,103
1,30,0,383,191547,99
1,30,0,384,192047,55
1,30,0,385,192547,93
1,30,0,386,193047,75
1,30,0,387,193547,59
1,30,0,388,194047,69
1,30,0,389,194547,77
1,30,0,390,195047,41
1,30,0,391,195547,88
1,30,0,392,196047,79
1,30,0,393,196547,25
1,30,0,394,197047,99
1,30,0,395,197547,33
1,30,0,396,198047,77
1,30,0,397,198547,83
1,30,0,398,199047,60
1,30,0,399,199547,93
1,30,0,400,200047,48
1,30,0,401,200547,125
1,30,0,402,201047,71
1,30,0,403,201547,25
1,30,0,404,202047,153
1,30,0,405,202547,55
1,30,0,406,203047,71
1,30,0,407,203547,55
1,30,0,408,204047,30
1,30,0,409,204547,84
1,30,0,410,205047,70
1,30,0,411,205547,40
1,30,0,412,206047,115
1,30,0,413,206547,39
1,30,0,414,207047,105
1,30,0,415,207547,85
1,30,0,416,208047,77
1,30,0,417,208547,84
1,30,0,418,209047,107
1,30,0,419,209547,74
1,30,0,420,210047,59
1,30,0,421,210547,107
1,30,0,422,211047,79
1,30,0,423,211547,52
1,30,0,424,212047,77
1,30,0,425,212547,73
1,30,0,426,213047,83
1,30,0,427,213547,73
1,30,0,428,214047,75
1,30,0,429,214547,89
1,30,0,430,215047,111
1,30,0,431,215547,41
1,30,0,432,216047,111
1,30,0,433,216547,104
1,30,0,434,217047,69
1,30,0,435,217547,23
1,30,0,436,218047,74
1,30,0,437,218547,101
1,30,0,438,219047,56
1,30,0,439,219547,18
1,30,0,440,220047,169
1,30,0,441,220547,68
1,30,0,442,221047,59
1,30,0,443,221547,110
1,30,0,444,222047,63
1,30,0,445,222547,63
1,30,0,446,223047,94
1,30,0,447,223547,79
1,30,0,448,224047,61
1,30,0,449,224547,83
1,30,0,450,225047,27
1,30,0,451,225547,119
1,30,0,452,226047,42
1,30,0,453,226547,121
1,30,0,454,227047,83
1,30,0,455,227547,25
1,30,0,456,228047,147
1,30,0,457,228547,53
1,30,0,458,229047,119
1,30,0,459,229547,64
1,30,0,460,230047,85
1,30,0,461,230547,61
1,30,0,462,231047,75
1,30,0,463,231547,101
1,30,0,464,232047,31
1,30,0,465,232547,115
1,30,0,466,233047,79
1,30,0,467,233547,72
1,30,0,468,234047,92
1,30,0,469,234547,63
1,30,0,470,235047,101
1,30,0,471,235547,61
1,30,0,472,236047,118
1,30,0,473,236547,99
1,30,0,474,237047,105
1,30,0,475,237547,80
1,30,0,476,238047,121
1,30,0,477,238547,85
1,30,0,478,239047,80
1,30,0,479,239547,141
1,30,0,480,240047,53
1,30,0,481,240547,125
1,30,0,482,241047,71
1,30,0,483,241547,83
1,30,0,484,242047,116
1,30,0,485,242547,73
1,30,0,486,243047,111
1,30,0,487,243547,87
1,30,0,488,244047,55
1,30,0,489,244547,125
1,30,0,490,245047,92
1,30,0,491,245547,29
1,30,0,492,246047,103
1,30,0,493,246547,103
1,30,0,494,247047,36
1,30,0,495,247547,95
1,30,0,496,248047,101
1,30,0,497,248547,61
1,30,0,498,249047,55
1,30,0,499,249547,153
1,30,0,500,250047,55
1,30,0,501,250547,155
1,30,0,502,251047,72
1,30,0,503,251547,137
1,30,0,504,252047,75
1,30,0,505,252547,122
1,30,0,506,253047,108
1,30,0,507,253547,61
1,30,0,508,254047,109
1,30,0,509,254547,89
1,30,0,510,255047,79
1,30,0,511,255547,61
1,30,0,512,256047,115
1,30,0,513,256547,41
1,30,0,514,257047,139
1,30,0,515,257547,90
1,30,0,516,258047,93
1,30,0,517,258547,101
1,30,0,518,259047,122
1,30,0,519,259547,73
1,30,0,520,260047,111
1,30,0,521,260547,75
1,30,0,522,261047,135
1,30,0,523,261547,71
1,30,0,524,262047,82
1,30,0,525,262547,99
1,30,0,526,263047,109
1,30,0,527,263547,75
1,30,0,528,264047,71
1,30,0,529,264547,106
1,30,0,530,265047,71
1,30,0,531,265547,63
1,30,0,532,266047,139
1,30,0,533,266547,75
1,30,0,534,267047,108
1,30,0,535,267547,88
1,30,0,536,268047,122
1,30,0,537,268547,71
1,30,0,538,269047,125
1,30,0,539,269547,87
1,30,0,540,270047,40
1,30,0,541,270547,123
1,30,0,542,271047,74
1,30,0,543,271547,31
1,30,0,544,272047,107
1,30,0,545,272547,99
1,30,0,546,273047,72
1,30,0,547,273547,112
1,30,0,548,274047,71
1,30,0,549,274547,79
1,30,0,550,275047,115
1,30,0,551,275547,53
1,30,0,552,276047,103
1,30,0,553,276547,76
1,30,0,554,277047,79
1,30,0,555,277547,82
1,30,0,556,278047,57
1,30,0,557,278547,84
1,30,0,558,279047,53
1,30,0,559,279547,125
1,30,0,560,280047,48
1,30,0,561,280547,101
1,30,0,562,281047,104
1,30,0,563,281547,41
1,30,0,564,282047,117
1,30,0,565,282547,69
1,30,0,566,283047,43
1,30,0,567,283547,89
1,30,0,568,284047,101
1,30,0,569,284547,33
1,30,0,570,285047,119
1,30,0,571,285547,61
1,30,0,572,286047,61
1,30,0,573,286547,71
1,30,0,574,287047,89
1,30,0,575,287547,61
1,30,0,576,288047,99
1,30,0,577,288547,46
1,30,0,578,289047,99
1,30,0,579,289547,91
1,30,0,580,290047,28
1,30,0,581,290547,79
1,30,0,582,291047,82
1,30,0,583,291547,56
1,30,0,584,292047,63
1,30,0,585,292547,70
1,30,0,586,293047,91
1,30,0,587,293547,47
1,30,0,588,294047,104
1,30,0,589,294547,77
1,30,0,590,295047,35
1,30,0,591,295547,73
1,30,0,592,296047,72
1,30,0,593,296547,85
1,30,0,594,297047,38
1,30,0,595,297547,75
1,30,0,596,298047,76
1,30,0,597,298547,47
1,30,0,598,299047,57
1,30,0,599,299547,17
1,30,0,600,300047,143
1,30,0,601,300547,53
1,30,0,602,301047,13
1,30,0,603,301547,99
1,30,0,604,302047,39
1,30,0,605,302547,76
1,30,0,606,303047,53
1,30,0,607,303547,79
1,30,0,608,304047,51
1,30,0,609,304547,79
1,30,0,610,305047,67
1,30,0,611,305547,29
1,30,0,612,306047,121
1,30,0,613,306547,56
1,30,0,614,307047,28
1,30,0,615,307547,109
1,30,0,616,308047,93
1,30,0,617,308547,29
1,30,0,618,309047,91
1,30,0,619,309547,69
1,30,0,620,310047,44
1,30,0,621,310547,93
1,30,0,622,311047,62
1,30,0,623,311547,37
1,30,0,624,312047,59
1,30,0,625,312547,51
1,30,0,626,313047,86
1,30,0,627,313547,35
1,30,0,628,314047,85
1,30,0,629,314547,56
1,30,0,630,315047,55
1,30,0,631,315547,63
1,30,0,632,316047,59
1,30,0,633,316547,57
1,30,0,634,317047,61
1,30,0,635,317547,27
1,30,0,636,318047,101
1,30,0,637,318547,61
1,30,0,638,319047,41
1,30,0,639,319547,79
1,30,0,640,320047,73
1,30,0,641,320547,55
1,30,0,642,321047,53
1,30,0,643,321547,76
1,30,0,644,322047,28
1,30,0,645,322547,101
1,30,0,646,323047,61
1,30,0,647,323547,87
1,30,0,648,324047,45
1,30,0,649,324547,103
1,30,0,650,325047,52
1,30,0,651,325547,12
1,30,0,652,326047,117
1,30,0,653,326547,51
1,30,0,654,327047,39
1,30,0,655,327547,83
1,30,0,656,328047,103
1,30,0,657,328547,39
1,30,0,658,329047,87
1,30,0,659,329547,57
1,30,0,660,330047,89
1,30,0,661,330547,74
1,30,0,662,331047,87
1,30,0,663,331547,70
1,30,0,664,332047,72
1,30,0,665,332547,73
1,30,0,666,333047,102
1,30,0,667,333547,87
1,30,0,668,334047,43
1,30,0,669,334547,116
1,30,0,670,335047,87
1,30,0,671,335547,83
1,30,0,672,336047,93
1,30,0,673,336547,85
1,30,0,674,337047,119
1,30,0,675,337547,91
1,30,0,676,338047,72
1,30,0,677,338547,103
1,30,0,678,339047,91
1,30,0,679,339547,71
1,30,0,680,340047,121
1,30,0,681,340547,53
1,30,0,682,341047,140
1,30,0,683,341547,91
1,30,0,684,342047,77
1,30,0,685,342547,117
1,30,0,686,343047,105
1,30,0,687,343547,110
1,30,0,688,344047,68
1,30,0,689,344547,115
1,30,0,690,345047,91
1,30,0,691,345547,95
1,30,0,692,346047,124
1,30,0,693,346547,96
1,30,0,694,347047,115
1,30,0,695,347547,101
1,30,0,696,348047,101
1,30,0,697,348547,83
1,30,0,698,349047,157
1,30,0,699,349547,69
1,30,0,700,350047,124
1,30,0,701,350547,108
1,30,0,702,351047,71
1,30,0,703,351547,119
1,30,0,704,352047,135
1,30,0,705,352547,47
1,30,0,706,353047,185
1,30,0,707,353547,101
1,30,0,708,354047,88
1,30,0,709,354547,141
1,30,0,710,355047,123
1,30,0,711,355547,105
1,30,0,712,356047,119
1,30,0,713,356547,122
1,30,0,714,357047,117
1,30,0,715,357547,127
1,30,0,716,358047,104
1,30,0,717,358547,104
1,30,0,718,359047,157
1,30,0,719,359547,107
1,30,0,720,360047,127
1,30,0,721,360547,135
1,30,0,722,361047,114
1,30,0,723,361547,152
1,30,0,724,362047,93
1,30,0,725,362547,134
1,30,0,726,363047,123
1,30,0,727,363547,98
1,30,0,728,364047,121
1,30,0,729,364547,115
1,30,0,730,365047,133
1,30,0,731,365547,108
1,30,0,732,366047,137
1,30,0,733,366547,125
1,30,0,734,367047,146
1,30,0,735,367547,75
1,30,0,736,368047,175
1,30,0,737,368547,126
1,30,0,738,369047,93
1,30,0,739,369547,119
1,30,0,740,370047,84
1,30,0,741,370547,132
1,30,0,742,371047,59
1,30,0,743,371547,116
1,30,0,744,372047,90
1,30,0,745,372547,84
1,30,0,746,373047,139
1,30,0,747,373547,103
1,30,0,748,374047,105
1,30,0,749,374547,153
1,30,0,750,375047,108
1,30,0,751,375547,93
1,30,0,752,376047,175
1,30,0,753,376547,110
1,30,0,754,377047,79
1,30,0,755,377547,155
1,30,0,756,378047,127
1,30,0,757,378547,63
1,30,0,758,379047,143
1,30,0,759,379547,125
1,30,0,760,380047,69
1,30,0,761,380547,115
1,30,0,762,381047,123
1,30,0,763,381547,99
1,30,0,764,382047,107
1,30,0,765,382547,123
1,30,0,766,383047,127
1,30,0,767,383547,94
1,30,0,768,384047,135
1,30,0,769,384547,116
1,30,0,770,385047,109
1,30,0,771,385547,100
1,30,0,772,386047,131
1,30,0,773,386547,87
1,30,0,774,387047,127
1,30,0,775,387547,90
1,30,0,776,388047,107
1,30,0,777,388547,109
1,30,0,778,389047,122
1,30,0,779,389547,109
1,30,0,780,390047,87
1,30,0,781,390547,160
1,30,0,782,391047,72
1,30,0,783,391547,154
1,30,0,784,392047,133
1,30,0,785,392547,53
1,30,0,786,393047,159
1,30,0,787,393547,109
1,30,0,788,394047,79
1,30,0,789,394547,125
1,30,0,790,395047,119
1,30,0,791,395547,79
1,30,0,792,396047,123
1,30,0,793,396547,107
1,30,0,794,397047,51
1,30,0,795,397547,135
1,30,0,796,398047,118
1,30,0,797,398547,93
1,30,0,798,399047,139
1,30,0,799,399547,118
1,30,0,800,400047,53
1,30,0,801,400547,73
1,30,0,802,401047,139
1,30,0,803,401547,47
1,30,0,804,402047,123
1,30,0,805,402547,77
1,30,0,806,403047,83
1,30,0,807,403547,127
1,30,0,808,404047,121
1,30,0,809,404547,54
1,30,0,810,405047,185
1,30,0,811,405547,95
1,30,0,812,406047,112
1,30,0,813,406547,103
1,30,0,814,407047,91
1,30,0,815,407547,61
1,30,0,816,408047,120
1,30,0,817,408547,70
1,30,0,818,409047,61
1,30,0,819,409547,117
1,30,0,820,410047,61
1,30,0,821,410547,69
1,30,0,822,411047,99
1,30,0,823,411547,53
1,30,0,824,412047,74
1,30,0,825,412547,103
1,30,0,826,413047,37
1,30,0,827,413547,112
1,30,0,828,414047,69
1,30,0,829,414547,39
1,30,0,830,415047,87
1,30,0,831,415547,40
1,30,0,832,416047,59
1,30,0,833,416547,37
1,30,0,834,417047,56
1,30,0,835,417547,91
1,30,0,836,418047,72
1,30,0,837,418547,77
1,30,0,838,419047,89
1,30,0,839,419547,29
1,30,0,840,420047,103
1,30,0,841,420547,37
1,30,0,842,421047,121
1,30,0,843,421547,44
1,30,0,844,422047,125
1,30,0,845,422547,77
1,30,0,846,423047,26
1,30,0,847,423547,83
1,30,0,848,424047,69
1,30,0,849,424547,55
1,30,0,850,425047,105
1,30,0,851,425547,43
1,30,0,852,426047,87
1,30,0,853,426547,84
1,30,0,854,427047,35
1,30,0,855,427547,86
1,30,0,856,428047,106
1,30,0,857,428547,39
1,30,0,858,429047,117
1,30,0,859,429547,63
1,30,0,860,430047,83
1,30,0,861,430547,62
1,30,0,862,431047,61
1,30,0,863,431547,91
1,30,0,864,432047,41
1,30,0,865,432547,101
1,30,0,866,433047,75
1,30,0,867,433547,42
1,30,0,868,434047,103
1,30,0,869,434547,73
1,30,0,870,435047,121
1,30,0,871,435547,73
1,30,0,872,436047,127
1,30,0,873,436547,77
1,30,0,874,437047,143
1,30,0,875,437547,58
1,30,0,876,438047,141
1,30,0,877,438547,55
1,30,0,878,439047,117
1,30,0,879,439547,75
1,30,0,880,440047,23
1,30,0,881,440547,122
1,30,0,882,441047,45
1,30,0,883,441547,61
1,30,0,884,442047,85
1,30,0,885,442547,71
1,30,0,886,443047,55
1,30,0,887,443547,87
1,30,0,888,444047,92
1,30,0,889,444547,41
1,30,0,890,445047,98
1,30,0,891,445547,56
1,30,0,892,446047,69
1,30,0,893,446547,124
1,30,0,894,447047,89
1,30,0,895,447547,30
1,30,0,896,448047,125
1,30,0,897,448547,76
1,30,0,898,449047,75
1,30,0,899,449547,71
1,30,0,900,450047,99
1,30,0,901,450547,51
1,30,0,902,451047,74
1,30,0,903,451547,123
1,30,0,904,452047,58
1,30,0,905,452547,109
1,30,0,906,453047,70
1,30,0,907,453547,109
1,30,0,908,454047,39
1,30,0,909,454547,108
1,30,0,910,455047,37
1,30,0,911,455547,126
1,30,0,912,456047,68
1,30,0,913,456547,20
1,30,0,914,457047,95
1,30,0,915,457547,41
1,30,0,916,458047,87
1,30,0,917,458547,76
1,30,0,918,459047,23
1,30,0,919,459547,111
1,30,0,920,460047,73
1,30,0,921,460547,69
1,30,0,922,461047,103
1,30,0,923,461547,86
1,30,0,924,462047,79
1,30,0,925,462547,95
1,30,0,926,463047,83
1,30,0,927,463547,68
1,30,0,928,464047,74
1,30,0,929,464547,111
1,30,0,930,465047,53
1,30,0,931,465547,63
1,30,0,932,466047,85
1,30,0,933,466547,47
1,30,0,934,467047,77
1,30,0,935,467547,59
1,30,0,936,468047,39
1,30,0,937,468547,57
1,30,0,938,469047,71
1,30,0,939,469547,45
1,30,0,940,470047,53
1,30,0,941,470547,13
1,30,0,942,471047,115
1,30,0,943,471547,40
1,30,0,944,472047,79
1,30,0,945,472547,56
1,30,0,946,473047,45
1,30,0,947,473547,41
1,30,0,948,474047,31
1,30,0,949,474547,43
1,30,0,950,475047,36
1,30,0,951,475547,11
1,30,0,952,476047,58
1,30,0,953,476547,71
1,30,0,954,477047,34
1,30,0,955,477547,35
1,30,0,956,478047,119
1,30,0,957,478547,99
1,30,0,958,479047,31
1,30,0,959,479547,91
1,30,0,960,480047,101
1,30,0,961,480547,61
1,30,0,962,481047,93
1,30,0,963,481547,26
1,30,0,964,482047,95
1,30,0,965,482547,30
1,30,0,966,483047,50
1,30,0,967,483547,56
1,30,0,968,484047,51
1,30,0,969,484547,95
1,30,0,970,485047,31
1,30,0,971,485547,100
1,30,0,972,486047,61
1,30,0,973,486547,18
1,30,0,974,487047,104
1,30,0,975,487547,71
1,30,0,976,488047,23
1,30,0,977,488547,55
1,30,0,978,489047,93
1,30,0,979,489547,43
1,30,0,980,490047,86
1,30,0,981,490547,45
1,30,0,982,491047,52
1,30,0,983,491547,108
1,30,0,984,492047,53
1,30,0,985,492547,77
1,30,0,986,493047,59
1,30,0,987,493547,126
1,30,0,988,494047,76
1,30,0,989,494547,103
1,30,0,990,495047,92
1,30,0,991,495547,72
1,30,0,992,496047,71
1,30,0,993,496547,114
1,30,0,994,497047,45
1,30,0,995,497547,93
1,30,0,996,498047,29
1,30,0,997,498547,88
1,30,0,998,499047,29
1,30,0,999,499547,91
1,30,0,1000,500047,29
1,30,0,1001,500547,137
1,30,0,1002,501047,47
1,30,0,1003,501547,109
1,30,0,1004,502047,87
1,30,0,1005,502547,101
1,30,0,1006,503047,89
1,30,0,1007,503547,93
1,30,0,1008,504047,29
1,30,0,1009,504547,95
1,30,0,1010,505047,73
1,30,0,1011,505547,51
1,30,0,1012,506047,105
1,30,0,1013,506547,87
1,30,0,1014,507047,54
1,30,0,1015,507547,108
1,30,0,1016,508047,47
1,30,0,1017,508547,91
1,30,0,1018,509047,94
1,30,0,1019,509547,31
1,30,0,1020,510047,76
1,30,0,1021,510547,109
1,30,0,1022,511047,47
1,30,0,1023,511547,55
1,30,0,1024,512047,89
1,30,0,1025,512547,35
1,30,0,1026,513047,89
1,30,0,1027,513547,91
1,30,0,1028,514047,94
1,30,0,1029,514547,71
1,30,0,1030,515047,127
1,30,0,1031,515547,87
1,30,0,1032,516047,63
1,30,0,1033,516547,100
1,30,0,1034,517047,44
1,30,0,1035,517547,110
1,30,0,1036,518047,39
1,30,0,1037,518547,117
1,30,0,1038,519047,59
1,30,0,1039,519547,16
1,30,0,1040,520047,110
1,30,0,1041,520547,63
1,30,0,1042,521047,19
1,30,0,1043,521547,84
1,30,0,1044,522047,61
1,30,0,1045,522547,75
1,30,0,1046,523047,29
1,30,0,1047,523547,108
1,30,0,1048,524047,95
1,30,0,1049,524547,33
1,30,0,1050,525047,73
1,30,0,1051,525547,111
1,30,0,1052,526047,39
1,30,0,1053,526547,46
1,30,0,1054,527047,119
1,30,0,1055,527547,45
1,30,0,1056,528047,11
1,30,0,1057,528547,102
1,30,0,1058,529047,103
1,30,0,1059,529547,51
1,30,0,1060,530047,106
1,30,0,1061,530547,121
1,30,0,1062,531047,58
1,30,0,1063,531547,141
1,30,0,1064,532047,78
1,30,0,1065,532547,52
1,30,0,1066,533047,133
1,30,0,1067,533547,69
1,30,0,1068,534047,60
1,30,0,1069,534547,63
1,30,0,1070,535047,72
1,30,0,1071,535547,93
1,30,0,1072,536047,35
1,30,0,1073,536547,6
1,30,0,1074,537047,109
1,30,0,1075,537547,109
1,30,0,1076,538047,37
1,30,0,1077,538547,157
1,30,0,1078,539047,60
1,30,0,1079,539547,99
1,30,0,1080,540047,101
1,30,0,1081,540547,79
1,30,0,1082,541047,31
1,30,0,1083,541547,173
1,30,0,1084,542047,75
1,30,0,1085,542547,74
1,30,0,1086,543047,89
1,30,0,1087,543547,119
1,30,0,1088,544047,83
1,30,0,1089,544547,115
1,30,0,1090,545047,79
1,30,0,1091,545547,102
1,30,0,1092,546047,101
1,30,0,1093,546547,57
1,30,0,1094,547047,101
1,30,0,1095,547547,87
1,30,0,1096,548047,70
1,30,0,1097,548547,92
1,30,0,1098,549047,84
1,30,0,1099,549547,90
1,30,0,1100,550047,71
1,30,0,1101,550547,136
1,30,0,1102,551047,71
1,30,0,1103,551547,69
1,30,0,1104,552047,107
1,30,0,1105,552547,37
1,30,0,1106,553047,118
1,30,0,1107,553547,83
1,30,0,1108,554047,94
1,30,0,1109,554547,77
1,30,0,1110,555047,147
1,30,0,1111,555547,75
1,30,0,1112,556047,98
1,30,0,1113,556547,127
1,30,0,1114,557047,84
1,30,0,1115,557547,115
1,30,0,1116,558047,105
1,30,0,1117,558547,119
1,30,0,1118,559047,85
1,30,0,1119,559547,141
1,30,0,1120,560047,127
1,30,0,1121,560547,87
1,30,0,1122,561047,133
1,30,0,1123,561547,83
1,30,0,1124,562047,146
1,30,0,1125,562547,86
1,30,0,1126,563047,99
1,30,0,1127,563547,108
1,30,0,1128,564047,105
1,30,0,1129,564547,83
1,30,0,1130,565047,98
1,30,0,1131,565547,135
1,30,0,1132,566047,68
1,30,0,1133,566547,120
1,30,0,1134,567047,136
1,30,0,1135,567547,73
1,30,0,1136,568047,117
1,30,0,1137,568547,157
1,30,0,1138,569047,57
1,30,0,1139,569547,156
1,30,0,1140,570047,61
1,30,0,1141,570547,133
1,30,0,1142,571047,108
1,30,0,1143,571547,173
1,30,0,1144,572047,85
1,30,0,1145,572547,138
1,30,0,1146,573047,153
1,30,0,1147,573547,55
1,30,0,1148,574047,155
1,30,0,1149,574547,109
1,30,0,1150,575047,93
1,30,0,1151,575547,157
1,30,0,1152,576047,142
1,30,0,1153,576547,56
1,30,0,1154,577047,133
1,30,0,1155,577547,135
1,30,0,1156,578047,104
1,30,0,1157,578547,88
1,30,0,1158,579047,173
1,30,0,1159,579547,87
1,30,0,1160,580047,143
1,30,0,1161,580547,107
1,30,0,1162,581047,111
1,30,0,1163,581547,103
1,30,0,1164,582047,112
1,30,0,1165,582547,69
1,30,0,1166,583047,116
1,30,0,1167,583547,112
1,30,0,1168,584047,107
1,30,0,1169,584547,140
1,30,0,1170,585047,107
1,30,0,1171,585547,117
1,30,0,1172,586047,127
1,30,0,1173,586547,71
1,30,0,1174,587047,139
1,30,0,1175,587547,87
1,30,0,1176,588047,123
1,30,0,1177,588547,85
1,30,0,1178,589047,135
1,30,0,1179,589547,63
1,30,0,1180,590047,131
1,30,0,1181,590547,171
1,30,0,1182,591047,75
1,30,0,1183,591547,141
1,30,0,1184,592047,172
1,30,0,1185,592547,101
1,30,0,1186,593047,137
1,30,0,1187,593547,155
1,30,0,1188,594047,121
1,30,0,1189,594547,158
1,30,0,1190,595047,110
1,30,0,1191,595547,157
1,30,0,1192,596047,133
1,30,0,1193,596547,146
1,30,0,1194,597047,109
1,30,0,1195,597547,125
1,30,0,1196,598047,119
1,30,0,1197,598547,91
1,30,0,1198,599047,109
1,30,0,1199,599547,122
1,30,0,1200,600047,111
1,30,0,1201,600547,131
1,30,0,1202,601047,125
1,30,0,1203,601547,135
1,30,0,1204,602047,93
1,30,0,1205,602547,190
1,30,0,1206,603047,91
1,30,0,1207,603547,169
1,30,0,1208,604047,141
1,30,0,1209,604547,133
1,30,0,1210,605047,122
1,30,0,1211,605547,157
1,30,0,1212,606047,117
1,30,0,1213,606547,83
1,30,0,1214,607047,154
1,30,0,1215,607547,134
1,30,0,1216,608047,109
1,30,0,1217,608547,155
1,30,0,1218,609047,142
1,30,0,1219,609547,103
1,30,0,1220,610047,135
1,30,0,1221,610547,157
1,30,0,1222,611047,93
1,30,0,1223,611547,169
1,30,0,1224,612047,105
1,30,0,1225,612547,149
1,30,0,1226,613047,106
1,30,0,1227,613547,123
1,30,0,1228,614047,107
1,30,0,1229,614547,151
1,30,0,1230,615047,91
1,30,0,1231,615547,93
1,30,0,1232,616047,147
1,30,0,1233,616547,62
1,30,0,1234,617047,105
1,30,0,1235,617547,103
1,30,0,1236,618047,109
1,30,0,1237,618547,88
1,30,0,1238,619047,90
1,30,0,1239,619547,157
1,30,0,1240,620047,107
1,30,0,1241,620547,76
1,30,0,1242,621047,156
1,30,0,1243,621547,103
1,30,0,1244,622047,153
1,30,0,1245,622547,132
1,30,0,1246,623047,175
1,30,0,1247,623547,119
1,30,0,1248,624047,169
1,30,0,1249,624547,109
1,30,0,1250,625047,151
1,30,0,1251,625547,85
1,30,0,1252,626047,78
1,30,0,1253,626547,117
1,30,0,1254,627047,91
1,30,0,1255,627547,51
1,30,0,1256,628047,119
1,30,0,1257,628547,141
1,30,0,1258,629047,52
1,30,0,1259,629547,123
1,30,0,1260,630047,115
1,30,0,1261,630547,76
1,30,0,1262,631047,101
1,30,0,1263,631547,103
1,30,0,1264,632047,102
1,30,0,1265,632547,105
1,30,0,1266,633047,85
1,30,0,1267,633547,101
1,30,0,1268,634047,75
1,30,0,1269,634547,139
1,30,0,1270,635047,86
1,30,0,1271,635547,77
1,30,0,1272,636047,116
1,30,0,1273,636547,85
1,30,0,1274,637047,93
1,30,0,1275,637547,141
1,30,0,1276,638047,77
1,30,0,1277,638547,104
1,30,0,1278,639047,118
1,30,0,1279,639547,89
1,30,0,1280,640047,104
1,30,0,1281,640547,99
1,30,0,1282,641047,42
1,30,0,1283,641547,104
1,30,0,1284,642047,77
1,30,0,1285,642547,24
1,30,0,1286,643047,103
1,30,0,1287,643547,79
1,30,0,1288,644047,121
1,30,0,1289,644547,91
1,30,0,1290,645047,92
1,30,0,1291,645547,103
1,30,0,1292,646047,92
1,30,0,1293,646547,104
1,30,0,1294,647047,89
1,30,0,1295,647547,103
1,30,0,1296,648047,95
1,30,0,1297,648547,84
1,30,0,1298,649047,120
1,30,0,1299,649547,57
1,30,0,1300,650047,127
1,30,0,1301,650547,126
1,30,0,1302,651047,47
1,30,0,1303,651547,137
1,30,0,1304,652047,95
1,30,0,1305,652547,105
1,30,0,1306,653047,79
1,30,0,1307,653547,109
1,30,0,1308,654047,89
1,30,0,1309,654547,102
1,30,0,1310,655047,105
1,30,0,1311,655547,98
1,30,0,1312,656047,101
1,30,0,1313,656547,120
1,30,0,1314,657047,113
1,30,0,1315,657547,85
1,30,0,1316,658047,111
1,30,0,1317,658547,120
1,30,0,1318,659047,117
1,30,0,1319,659547,95
1,30,0,1320,660047,117
1,30,0,1321,660547,87
1,30,0,1322,661047,124
1,30,0,1323,661547,75
1,30,0,1324,662047,83
1,30,0,1325,662547,115
1,30,0,1326,663047,62
1,30,0,1327,663547,89
1,30,0,1328,664047,103
1,30,0,1329,664547,92
1,30,0,1330,665047,72
1,30,0,1331,665547,140
1,30,0,1332,666047,86
1,30,0,1333,666547,123
1,30,0,1334,667047,97
1,30,0,1335,667547,127
1,30,0,1336,668047,116
1,30,0,1337,668547,108
1,30,0,1338,669047,81
1,30,0,1339,669547,135
1,30,0,1340,670047,82
1,30,0,1341,670547,60
1,30,0,1342,671047,123
1,30,0,1343,671547,105
1,30,0,1344,672047,58
1,30,0,1345,672547,117
1,30,0,1346,673047,117
1,30,0,1347,673547,101
1,30,0,1348,674047,72
1,30,0,1349,674547,115
1,30,0,1350,675047,101
1,30,0,1351,675547,75
1,30,0,1352,676047,115
1,30,0,1353,676547,55
1,30,0,1354,677047,111
1,30,0,1355,677547,73
1,30,0,1356,678047,43
1,30,0,1357,678547,116
1,30,0,1358,679047,53
1,30,0,1359,679547,83
1,30,0,1360,680047,77
1,30,0,1361,680547,108
1,30,0,1362,681047,57
1,30,0,1363,681547,109
1,30,0,1364,682047,75
1,30,0,1365,682547,119
1,30,0,1366,683047,89
1,30,0,1367,683547,86
1,30,0,1368,684047,98
1,30,0,1369,684547,33
1,30,0,1370,685047,112
1,30,0,1371,685547,73
1,30,0,1372,686047,88
1,30,0,1373,686547,110
1,30,0,1374,687047,79
1,30,0,1375,687547,90
1,30,0,1376,688047,44
1,30,0,1377,688547,111
1,30,0,1378,689047,59
1,30,0,1379,689547,59
1,30,0,1380,690047,98
1,30,0,1381,690547,35
1,30,0,1382,691047,107
1,30,0,1383,691547,81
1,30,0,1384,692047,72
1,30,0,1385,692547,71
1,30,0,1386,693047,87
1,30,0,1387,693547,98
1,30,0,1388,694047,41
1,30,0,1389,694547,103
1,30,0,1390,695047,62
1,30,0,1391,695547,111
1,30,0,1392,696047,52
1,30,0,1393,696547,101
1,30,0,1394,697047,85
1,30,0,1395,697547,75
1,30,0,1396,698047,98
1,30,0,1397,698547,31
1,30,0,1398,699047,84
1,30,0,1399,699547,76
1,30,0,1400,700047,23
1,30,0,1401,700547,111
1,30,0,1402,701047,43
1,30,0,1403,701547,115
1,30,0,1404,702047,69
1,30,0,1405,702547,35
1,30,0,1406,703047,101
1,30,0,1407,703547,50
1,30,0,1408,704047,42
1,30,0,1409,704547,121
1,30,0,1410,705047,54
1,30,0,1411,705547,72
1,30,0,1412,706047,79
1,30,0,1413,706547,99
1,30,0,1414,707047,53
1,30,0,1415,707547,71
1,30,0,1416,708047,55
1,30,0,1417,708547,79
1,30,0,1418,709047,53
1,30,0,1419,709547,43
1,30,0,1420,710047,55
1,30,0,1421,710547,67
1,30,0,1422,711047,61
1,30,0,1423,711547,75
1,30,0,1424,712047,59
1,30,0,1425,712547,105
1,30,0,1426,713047,75
1,30,0,1427,713547,104
1,30,0,1428,714047,89
1,30,0,1429,714547,94
1,30,0,1430,715047,71
1,30,0,1431,715547,95
1,30,0,1432,716047,36
1,30,0,1433,716547,92
1,30,0,1434,717047,58
1,30,0,1435,717547,85
1,30,0,1436,718047,93
1,30,0,1437,718547,30
1,30,0,1438,719047,109
1,30,0,1439,719547,63
1,30,0,1440,720047,77
1,30,0,1441,720547,83
1,30,0,1442,721047,76
1,30,0,1443,721547,127
1,30,0,1444,722047,100
1,30,0,1445,722547,39
1,30,0,1446,723047,123
1,30,0,1447,723547,77
1,30,0,1448,724047,87
1,30,0,1449,724547,94
1,30,0,1450,725047,73
1,30,0,1451,725547,71
1,30,0,1452,726047,115
1,30,0,1453,726547,73
1,30,0,1454,727047,83
1,30,0,1455,727547,101
1,30,0,1456,728047,57
1,30,0,1457,728547,108
1,30,0,1458,729047,47
1,30,0,1459,729547,101
1,30,0,1460,730047,71
1,30,0,1461,730547,81
1,30,0,1462,731047,71
1,30,0,1463,731547,70
1,30,0,1464,732047,117
1,30,0,1465,732547,53
1,30,0,1466,733047,127
1,30,0,1467,733547,83
1,30,0,1468,734047,116
1,30,0,1469,734547,142
1,30,0,1470,735047,71
1,30,0,1471,735547,137
1,30,0,1472,736047,106
1,30,0,1473,736547,38
1,30,0,1474,737047,133
1,30,0,1475,737547,73
1,30,0,1476,738047,40
1,30,0,1477,738547,71
1,30,0,1478,739047,89
1,30,0,1479,739547,39
1,30,0,1480,740047,110
1,30,0,1481,740547,63
1,30,0,1482,741047,101
1,30,0,1483,741547,107
1,30,0,1484,742047,85
1,30,0,1485,742547,84
1,30,0,1486,743047,159
1,30,0,1487,743547,83
1,30,0,1488,744047,137
1,30,0,1489,744547,101
1,30,0,1490,745047,121
1,30,0,1491,745547,84
1,30,0,1492,746047,125
1,30,0,1493,746547,117
1,30,0,1494,747047,105
1,30,0,1495,747547,123
1,30,0,1496,748047,100
1,30,0,1497,748547,133
1,30,0,1498,749047,111
1,30,0,1499,749547,117
1,30,0,1500,750047,95
1,30,0,1501,750547,119
1,30,0,1502,751047,59
1,30,0,1503,751547,85
1,30,0,1504,752047,140
1,30,0,1505,752547,79
1,30,0,1506,753047,77
1,30,0,1507,753547,127
1,30,0,1508,754047,83
1,30,0,1509,754547,93
1,30,0,1510,755047,150
1,30,0,1511,755547,71
1,30,0,1512,756047,124
1,30,0,1513,756547,115
1,30,0,1514,757047,101
1,30,0,1515,757547,151
1,30,0,1516,758047,101
1,30,0,1517,758547,83
1,30,0,1518,759047,133
1,30,0,1519,759547,84
1,30,0,1520,760047,99
1,30,0,1521,760547,72
1,30,0,1522,761047,79
1,30,0,1523,761547,112
1,30,0,1524,762047,68
1,30,0,1525,762547,87
1,30,0,1526,763047,115
1,30,0,1527,763547,94
1,30,0,1528,764047,89
1,30,0,1529,764547,143
1,30,0,1530,765047,108
1,30,0,1531,765547,105
1,30,0,1532,766047,117
1,30,0,1533,766547,125
1,30,0,1534,767047,71
1,30,0,1535,767547,101
1,30,0,1536,768047,89
1,30,0,1537,768547,60
1,30,0,1538,769047,96
1,30,0,1539,769547,83
1,30,0,1540,770047,64
1,30,0,1541,770547,125
1,30,0,1542,771047,55
1,30,0,1543,771547,79
1,30,0,1544,772047,99
1,30,0,1545,772547,89
1,30,0,1546,773047,111
1,30,0,1547,773547,69
1,30,0,1548,774047,95
1,30,0,1549,774547,63
1,30,0,1550,775047,64
1,30,0,1551,775547,93
1,30,0,1552,776047,78
1,30,0,1553,776547,76
1,30,0,1554,777047,70
1,30,0,1555,777547,103
1,30,0,1556,778047,39
1,30,0,1557,778547,82
1,30,0,1558,779047,69
1,30,0,1559,779547,71
1,30,0,1560,780047,63
1,30,0,1561,780547,55
1,30,0,1562,781047,63
1,30,0,1563,781547,81
1,30,0,1564,782047,69
1,30,0,1565,782547,30
1,30,0,1566,783047,55
1,30,0,1567,783547,37
1,30,0,1568,784047,43
1,30,0,1569,784547,47
1,30,0,1570,785047,11
1,30,0,1571,785547,25
1,30,0,1572,786047,3
1,30,0,1573,786547,24
1,30,0,1574,787047,3
1,30,0,1575,787547,1
1,30,0,1576,788047,0
1,30,0,1577,788547,0
1,30,0,1578,789047,25
1,30,0,1579,789547,3
1,30,0,1580,790047,12
1,30,0,1581,790547,57
1,30,0,1582,791047,26
1,30,0,1583,791547,23
1,30,0,1584,792047,10
1,30,0,1585,792547,0
1,30,0,1586,793047,37
1,30,0,1587,793547,7
1,30,0,1588,794047,0
1,30,0,1589,794547,31
1,30,0,1590,795047,3
1,30,0,1591,795547,0
1,30,0,1592,796047,4
1,30,0,1593,796547,6
1,30,0,1594,797047,24
1,30,0,1595,797547,3
1,30,0,1596,798047,52
1,30,0,1597,798547,19
1,30,0,1598,799047,9
1,30,0,1599,799547,43
1,30,0,1600,800047,13
1,30,0,1601,800547,1
1,30,0,1602,801047,41
1,30,0,1603,801547,10
1,30,0,1604,802047,0
1,30,0,1605,802547,1
1,30,0,1606,803047,70
1,30,0,1607,803547,25
1,30,0,1608,804047,21
1,30,0,1609,804547,37
1,30,0,1610,805047,7
1,30,0,1611,805547,79
1,30,0,1612,806047,39
1,30,0,1613,806547,7
1,30,0,1614,807047,41
1,30,0,1615,807547,55
1,30,0,1616,808047,17
1,30,0,1617,808547,111
1,30,0,1618,809047,55
1,30,0,1619,809547,14
1,30,0,1620,810047,104
1,30,0,1621,810547,37
1,30,0,1622,811047,6
1,30,0,1623,811547,117
1,30,0,1624,812047,71
1,30,0,1625,812547,21
1,30,0,1626,813047,79
1,30,0,1627,813547,24
1,30,0,1628,814047,56
1,30,0,1629,814547,76
1,30,0,1630,815047,25
1,30,0,1631,815547,56
1,30,0,1632,816047,87
1,30,0,1633,816547,41
1,30,0,1634,817047,57
1,30,0,1635,817547,63
1,30,0,1636,818047,73
1,30,0,1637,818547,22
1,30,0,1638,819047,93
1,30,0,1639,819547,57
1,30,0,1640,820047,31
1,30,0,1641,820547,45
1,30,0,1642,821047,87
1,30,0,1643,821547,29
1,30,0,1644,822047,74
1,30,0,1645,822547,57
1,30,0,1646,823047,39
1,30,0,1647,823547,71
1,30,0,1648,824047,105
1,30,0,1649,824547,75
1,30,0,1650,825047,73
1,30,0,1651,825547,120
1,30,0,1652,826047,77
1,30,0,1653,826547,91
1,30,0,1654,827047,93
1,30,0,1655,827547,98
1,30,0,1656,828047,71
1,30,0,1657,828547,92
1,30,0,1658,829047,57
1,30,0,1659,829547,87
1,30,0,1660,830047,63
1,30,0,1661,830547,43
1,30,0,1662,831047,151
1,30,0,1663,831547,67
1,30,0,1664,832047,105
1,30,0,1665,832547,61
1,30,0,1666,833047,117
1,30,0,1667,833547,41
1,30,0,1668,834047,165
1,30,0,1669,834547,87
1,30,0,1670,835047,104
1,30,0,1671,835547,151
1,30,0,1672,836047,106
1,30,0,1673,836547,87
1,30,0,1674,837047,155
1,30,0,1675,837547,88
1,30,0,1676,838047,74
1,30,0,1677,838547,73
1,30,0,1678,839047,169
1,30,0,1679,839547,70
1,30,0,1680,840047,139
1,30,0,1681,840547,151
1,30,0,1682,841047,76
1,30,0,1683,841547,169
1,30,0,1684,842047,107
1,30,0,1685,842547,112
1,30,0,1686,843047,111
1,30,0,1687,843547,123
1,30,0,1688,844047,126
1,30,0,1689,844547,105
1,30,0,1690,845047,151
1,30,0,1691,845547,91
1,30,0,1692,846047,116
1,30,0,1693,846547,99
1,30,0,1694,847047,85
1,30,0,1695,847547,116
1,30,0,1696,848047,83
1,30,0,1697,848547,88
1,30,0,1698,849047,122
1,30,0,1699,849547,107
1,30,0,1700,850047,73
1,30,0,1701,850547,113
1,30,0,1702,851047,107
1,30,0,1703,851547,111
1,30,0,1704,852047,89
1,30,0,1705,852547,141
1,30,0,1706,853047,87
1,30,0,1707,853547,110
1,30,0,1708,854047,114
1,30,0,1709,854547,70
1,30,0,1710,855047,89
1,30,0,1711,855547,107
1,30,0,1712,856047,61
1,30,0,1713,856547,78
1,30,0,1714,857047,94
1,30,0,1715,857547,125
1,30,0,1716,858047,43
1,30,0,1717,858547,116
1,30,0,1718,859047,81
1,30,0,1719,859547,42
1,30,0,1720,860047,93
1,30,0,1721,860547,57
1,30,0,1722,861047,137
1,30,0,1723,861547,47
1,30,0,1724,862047,159
1,30,0,1725,862547,75
1,30,0,1726,863047,138
1,30,0,1727,863547,75
1,30,0,1728,864047,109
1,30,0,1729,864547,135
1,30,0,1730,865047,61
1,30,0,1731,865547,95
1,30,0,1732,866047,110
1,30,0,1733,866547,45
1,30,0,1734,867047,87
1,30,0,1735,867547,102
1,30,0,1736,868047,87
1,30,0,1737,868547,86
1,30,0,1738,869047,125
1,30,0,1739,869547,54
1,30,0,1740,870047,93
1,30,0,1741,870547,133
1,30,0,1742,871047,51
1,30,0,1743,871547,57
1,30,0,1744,872047,111
1,30,0,1745,872547,57
1,30,0,1746,873047,39
1,30,0,1747,873547,85
1,30,0,1748,874047,83
1,30,0,1749,874547,25
1,30,0,1750,875047,82
1,30,0,1751,875547,53
1,30,0,1752,876047,107
1,30,0,1753,876547,41
1,30,0,1754,877047,89
1,30,0,1755,877547,76
1,30,0,1756,878047,73
1,30,0,1757,878547,103
1,30,0,1758,879047,71
1,30,0,1759,879547,85
1,30,0,1760,880047,142
1,30,0,1761,880547,63
1,30,0,1762,881047,139
1,30,0,1763,881547,88
1,30,0,1764,882047,85
1,30,0,1765,882547,79
1,30,0,1766,883047,116
1,30,0,1767,883547,42
1,30,0,1768,884047,133
1,30,0,1769,884547,73
1,30,0,1770,885047,22
1,30,0,1771,885547,101
1,30,0,1772,886047,43
1,30,0,1773,886547,72
1,30,0,1774,887047,47
1,30,0,1775,887547,57
1,30,0,1776,888047,56
1,30,0,1777,888547,54
1,30,0,1778,889047,132
1,30,0,1779,889547,53
1,30,0,1780,890047,96
1,30,0,1781,890547,133
1,30,0,1782,891047,46
1,30,0,1783,891547,95
1,30,0,1784,892047,141
1,30,0,1785,892547,93
1,30,0,1786,893047,71
1,30,0,1787,893547,124
1,30,0,1788,894047,109
1,30,0,1789,894547,37
1,30,0,1790,895047,109
1,30,0,1791,895547,107
1,30,0,1792,896047,37
1,30,0,1793,896547,92
1,30,0,1794,897047,86
1,30,0,1795,897547,87
1,30,0,1796,898047,89
1,30,0,1797,898547,56
1,30,0,1798,899047,109
1,30,0,1799,899547,47
1,30,0,1800,900047,105
1,30,0,1801,900547,126
1,30,0,1802,901047,48
1,30,0,1803,901547,159
1,30,0,1804,902047,125
1,30,0,1805,902547,121
1,30,0,1806,903047,105
1,30,0,1807,903547,137
1,30,0,1808,904047,147
1,30,0,1809,904547,93
1,30,0,1810,905047,138
1,30,0,1811,905547,125
1,30,0,1812,906047,121
1,30,0,1813,906547,115
1,30,0,1814,907047,167
1,30,0,1815,907547,93
1,30,0,1816,908047,153
1,30,0,1817,908547,99
1,30,0,1818,909047,124
1,30,0,1819,909547,115
1,30,0,1820,910047,95
1,30,0,1821,910547,106
1,30,0,1822,911047,141
1,30,0,1823,911547,149
1,30,0,1824,912047,143
1,30,0,1825,912547,140
1,30,0,1826,913047,189
1,30,0,1827,913547,151
1,30,0,1828,914047,127
1,30,0,1829,914547,168
1,30,0,1830,915047,117
1,30,0,1831,915547,159
1,30,0,1832,916047,132
1,30,0,1833,916547,155
1,30,0,1834,917047,139
1,30,0,1835,917547,149
1,30,0,1836,918047,115
1,30,0,1837,918547,166
1,30,0,1838,919047,137
1,30,0,1839,919547,117
1,30,0,1840,920047,183
1,30,0,1841,920547,141
1,30,0,1842,921047,147
1,30,0,1843,921547,170
1,30,0,1844,922047,157
1,30,0,1845,922547,120
1,30,0,1846,923047,176
1,30,0,1847,923547,121
1,30,0,1848,924047,141
1,30,0,1849,924547,109
1,30,0,1850,925047,165
1,30,0,1851,925547,118
1,30,0,1852,926047,117
1,30,0,1853,926547,141
1,30,0,1854,927047,149
1,30,0,1855,927547,137
1,30,0,1856,928047,107
1,30,0,1857,928547,174
1,30,0,1858,929047,83
1,30,0,1859,929547,135
1,30,0,1860,930047,151
1,30,0,1861,930547,133
1,30,0,1862,931047,85
1,30,0,1863,931547,187
1,30,0,1864,932047,119
1,30,0,1865,932547,77
1,30,0,1866,933047,149
1,30,0,1867,933547,109
1,30,0,1868,934047,95
1,30,0,1869,934547,167
1,30,0,1870,935047,70
1,30,0,1871,935547,124
1,30,0,1872,936047,147
1,30,0,1873,936547,85
1,30,0,1874,937047,128
1,30,0,1875,937547,59
1,30,0,1876,938047,153
1,30,0,1877,938547,60
1,30,0,1878,939047,117
1,30,0,1879,939547,110
1,30,0,1880,940047,73
1,30,0,1881,940547,103
1,30,0,1882,941047,105
1,30,0,1883,941547,107
1,30,0,1884,942047,107
1,30,0,1885,942547,73
1,30,0,1886,943047,121
1,30,0,1887,943547,79
1,30,0,1888,944047,83
1,30,0,1889,944547,105
1,30,0,1890,945047,71
1,30,0,1891,945547,55
1,30,0,1892,946047,47
1,30,0,1893,946547,95
1,30,0,1894,947047,31
1,30,0,1895,947547,87
1,30,0,1896,948047,77
1,30,0,1897,948547,58
1,30,0,1898,949047,94
1,30,0,1899,949547,83
1,30,0,1900,950047,73
1,30,0,1901,950547,86
1,30,0,1902,951047,73
1,30,0,1903,951547,75
1,30,0,1904,952047,69
1,30,0,1905,952547,99
1,30,0,1906,953047,55
1,30,0,1907,953547,87
1,30,0,1908,954047,52
1,30,0,1909,954547,87
1,30,0,1910,955047,37
1,30,0,1911,955547,77
1,30,0,1912,956047,44
1,30,0,1913,956547,43
1,30,0,1914,957047,45
1,30,0,1915,957547,49
1,30,0,1916,958047,57
1,30,0,1917,958547,17
1,30,0,1918,959047,88
1,30,0,1919,959547,41
1,30,0,1920,960047,8
1,30,0,1921,960547,43
1,30,0,1922,961047,16
1,30,0,1923,961547,0
1,30,0,1924,962047,55
1,30,0,1925,962547,26
1,30,0,1926,963047,41
1,30,0,1927,963547,69
1,30,0,1928,964047,59
1,30,0,1929,964547,40
1,30,0,1930,965047,37
1,30,0,1931,965547,69
1,30,0,1932,966047,30
1,30,0,1933,966547,40
1,30,0,1934,967047,25
1,30,0,1935,967547,57
1,30,0,1936,968047,19
1,30,0,1937,968547,45
1,30,0,1938,969047,41
1,30,0,1939,969547,63
1,30,0,1940,970047,29
1,30,0,1941,970547,26
1,30,0,1942,971047,43
1,30,0,1943,971547,77
1,30,0,1944,972047,27
1,30,0,1945,972547,5
1,30,0,1946,973047,63
1,30,0,1947,973547,19
1,30,0,1948,974047,23
1,30,0,1949,974547,74
1,30,0,1950,975047,52
1,30,0,1951,975547,18
1,30,0,1952,976047,89
1,30,0,1953,976547,39
1,30,0,1954,977047,19
1,30,0,1955,977547,63
1,30,0,1956,978047,55
1,30,0,1957,978547,53
1,30,0,1958,979047,57
1,30,0,1959,979547,45
1,30,0,1960,980047,56
1,30,0,1961,980547,18
1,30,0,1962,981047,69
1,30,0,1963,981547,29
1,30,0,1964,982047,22
1,30,0,1965,982547,69
1,30,0,1966,983047,51
1,30,0,1967,983547,29
1,30,0,1968,984047,76
1,30,0,1969,984547,48
1,30,0,1970,985047,75
1,30,0,1971,985547,56
1,30,0,1972,986047,84
1,30,0,1973,986547,52
1,30,0,1974,987047,90
1,30,0,1975,987547,54
1,30,0,1976,988047,25
1,30,0,1977,988547,103
1,30,0,1978,989047,58
1,30,0,1979,989547,31
1,30,0,1980,990047,53
1,30,0,1981,990547,79
1,30,0,1982,991047,47
1,30,0,1983,991547,45
1,30,0,1984,992047,95
1,30,0,1985,992547,31
1,30,0,1986,993047,93
1,30,0,1987,993547,57
1,30,0,1988,994047,53
1,30,0,1989,994547,93
1,30,0,1990,995047,53
1,30,0,1991,995547,75
1,30,0,1992,996047,72
1,30,0,1993,996547,87
1,30,0,1994,997047,36
1,30,0,1995,997547,115
1,30,0,1996,998047,70
1,30,0,1997,998547,101
1,30,0,1998,999047,61
1,30,0,1999,999547,44
# END_WINDOW
# Ready: run=1, valve=30%, rate=2000 Hz, samples=2000. Send any character to record one window.
# CAPTURING
1,30,1,0,54,105
1,30,1,1,547,81
1,30,1,2,1047,25
1,30,1,3,1547,150
1,30,1,4,2047,55
1,30,1,5,2547,57
1,30,1,6,3047,74
1,30,1,7,3547,92
1,30,1,8,4047,102
1,30,1,9,4547,77
1,30,1,10,5047,123
1,30,1,11,5547,159
1,30,1,12,6047,95
1,30,1,13,6547,106
1,30,1,14,7047,111
1,30,1,15,7547,135
1,30,1,16,8047,73
1,30,1,17,8547,109
1,30,1,18,9047,121
1,30,1,19,9547,77
1,30,1,20,10047,127
1,30,1,21,10547,99
1,30,1,22,11047,90
1,30,1,23,11547,56
1,30,1,24,12047,146
1,30,1,25,12547,63
1,30,1,26,13047,71
1,30,1,27,13547,93
1,30,1,28,14047,99
1,30,1,29,14547,99
1,30,1,30,15047,114
1,30,1,31,15547,141
1,30,1,32,16047,119
1,30,1,33,16547,155
1,30,1,34,17047,139
1,30,1,35,17547,109
1,30,1,36,18047,187
1,30,1,37,18547,111
1,30,1,38,19047,143
1,30,1,39,19547,119
1,30,1,40,20047,121
1,30,1,41,20547,83
1,30,1,42,21047,147
1,30,1,43,21547,68
1,30,1,44,22047,149
1,30,1,45,22547,58
1,30,1,46,23047,187
1,30,1,47,23547,101
1,30,1,48,24047,69
1,30,1,49,24547,209
1,30,1,50,25047,99
1,30,1,51,25547,167
1,30,1,52,26047,210
1,30,1,53,26547,87
1,30,1,54,27047,135
1,30,1,55,27547,219
1,30,1,56,28047,93
1,30,1,57,28547,141
1,30,1,58,29047,179
1,30,1,59,29547,101
1,30,1,60,30047,100
1,30,1,61,30547,165
1,30,1,62,31047,108
1,30,1,63,31547,106
1,30,1,64,32047,150
1,30,1,65,32547,178
1,30,1,66,33047,121
1,30,1,67,33547,141
1,30,1,68,34047,165
1,30,1,69,34547,109
1,30,1,70,35047,157
1,30,1,71,35547,111
1,30,1,72,36047,143
1,30,1,73,36547,157
1,30,1,74,37047,153
1,30,1,75,37547,102
1,30,1,76,38047,156
1,30,1,77,38547,127
1,30,1,78,39047,125
1,30,1,79,39547,175
1,30,1,80,40047,117
1,30,1,81,40547,163
1,30,1,82,41047,159
1,30,1,83,41547,107
1,30,1,84,42047,159
1,30,1,85,42547,110
1,30,1,86,43047,79
1,30,1,87,43547,168
1,30,1,88,44047,77
1,30,1,89,44547,107
1,30,1,90,45047,103
1,30,1,91,45547,97
1,30,1,92,46047,119
1,30,1,93,46547,69
1,30,1,94,47047,153
1,30,1,95,47547,116
1,30,1,96,48047,153
1,30,1,97,48547,133
1,30,1,98,49047,120
1,30,1,99,49547,135
1,30,1,100,50047,103
1,30,1,101,50547,103
1,30,1,102,51047,95
1,30,1,103,51547,101
1,30,1,104,52047,101
1,30,1,105,52547,107
1,30,1,106,53047,95
1,30,1,107,53547,153
1,30,1,108,54047,149
1,30,1,109,54547,85
1,30,1,110,55047,159
1,30,1,111,55547,167
1,30,1,112,56047,108
1,30,1,113,56547,102
1,30,1,114,57047,156
1,30,1,115,57547,59
1,30,1,116,58047,139
1,30,1,117,58547,111
1,30,1,118,59047,85
1,30,1,119,59547,89
1,30,1,120,60047,123
1,30,1,121,60547,91
1,30,1,122,61047,164
1,30,1,123,61547,103
1,30,1,124,62047,93
1,30,1,125,62547,147
1,30,1,126,63047,85
1,30,1,127,63547,41
1,30,1,128,64047,159
1,30,1,129,64547,59
1,30,1,130,65047,183
1,30,1,131,65547,93
1,30,1,132,66047,29
1,30,1,133,66547,101
1,30,1,134,67047,95
1,30,1,135,67547,62
1,30,1,136,68047,63
1,30,1,137,68547,149
1,30,1,138,69047,53
1,30,1,139,69547,167
1,30,1,140,70047,105
1,30,1,141,70547,37
1,30,1,142,71047,124
1,30,1,143,71547,87
1,30,1,144,72047,31
1,30,1,145,72547,94
1,30,1,146,73047,75
1,30,1,147,73547,89
1,30,1,148,74047,119
1,30,1,149,74547,91
1,30,1,150,75047,109
1,30,1,151,75547,93
1,30,1,152,76047,102
1,30,1,153,76547,115
1,30,1,154,77047,77
1,30,1,155,77547,25
1,30,1,156,78047,101
1,30,1,157,78547,35
1,30,1,158,79047,31
1,30,1,159,79547,36
1,30,1,160,80047,8
1,30,1,161,80547,57
1,30,1,162,81047,55
1,30,1,163,81547,19
1,30,1,164,82047,89
1,30,1,165,82547,59
1,30,1,166,83047,39
1,30,1,167,83547,76
1,30,1,168,84047,83
1,30,1,169,84547,26
1,30,1,170,85047,71
1,30,1,171,85547,85
1,30,1,172,86047,31
1,30,1,173,86547,89
1,30,1,174,87047,63
1,30,1,175,87547,25
1,30,1,176,88047,105
1,30,1,177,88547,53
1,30,1,178,89047,14
1,30,1,179,89547,82
1,30,1,180,90047,71
1,30,1,181,90547,21
1,30,1,182,91047,91
1,30,1,183,91547,40
1,30,1,184,92047,26
1,30,1,185,92547,61
1,30,1,186,93047,55
1,30,1,187,93547,68
1,30,1,188,94047,31
1,30,1,189,94547,99
1,30,1,190,95047,30
1,30,1,191,95547,117
1,30,1,192,96047,41
1,30,1,193,96547,38
1,30,1,194,97047,109
1,30,1,195,97547,39
1,30,1,196,98047,52
1,30,1,197,98547,57
1,30,1,198,99047,17
1,30,1,199,99547,87
1,30,1,200,100047,73
1,30,1,201,100547,23
1,30,1,202,101047,147
1,30,1,203,101547,78
1,30,1,204,102047,100
1,30,1,205,102547,107
1,30,1,206,103047,39
1,30,1,207,103547,89
1,30,1,208,104047,105
1,30,1,209,104547,59
1,30,1,210,105047,93
1,30,1,211,105547,80
1,30,1,212,106047,117
1,30,1,213,106547,59
1,30,1,214,107047,85
1,30,1,215,107547,59
1,30,1,216,108047,60
1,30,1,217,108547,61
1,30,1,218,109047,85
1,30,1,219,109547,31
1,30,1,220,110047,44
1,30,1,221,110547,64
1,30,1,222,111047,71
1,30,1,223,111547,19
1,30,1,224,112047,60
1,30,1,225,112547,55
1,30,1,226,113047,16
1,30,1,227,113547,53
1,30,1,228,114047,34
1,30,1,229,114547,69
1,30,1,230,115047,61
1,30,1,231,115547,25
1,30,1,232,116047,83
1,30,1,233,116547,75
1,30,1,234,117047,52
1,30,1,235,117547,91
1,30,1,236,118047,95
1,30,1,237,118547,58
1,30,1,238,119047,59
1,30,1,239,119547,114
1,30,1,240,120047,72
1,30,1,241,120547,103
1,30,1,242,121047,89
1,30,1,243,121547,93
1,30,1,244,122047,89
1,30,1,245,122547,153
1,30,1,246,123047,58
1,30,1,247,123547,115
1,30,1,248,124047,89
1,30,1,249,124547,29
1,30,1,250,125047,109
1,30,1,251,125547,110
1,30,1,252,126047,39
1,30,1,253,126547,75
1,30,1,254,127047,101
1,30,1,255,127547,84
1,30,1,256,128047,37
1,30,1,257,128547,77
1,30,1,258,129047,107
1,30,1,259,129547,46
1,30,1,260,130047,95
1,30,1,261,130547,93
1,30,1,262,131047,30
1,30,1,263,131547,115
1,30,1,264,132047,41
1,30,1,265,132547,141
1,30,1,266,133047,53
1,30,1,267,133547,111
1,30,1,268,134047,133
1,30,1,269,134547,45
1,30,1,270,135047,139
1,30,1,271,135547,112
1,30,1,272,136047,139
1,30,1,273,136547,88
1,30,1,274,137047,157
1,30,1,275,137547,111
1,30,1,276,138047,109
1,30,1,277,138547,125
1,30,1,278,139047,101
1,30,1,279,139547,79
1,30,1,280,140047,107
1,30,1,281,140547,87
1,30,1,282,141047,85
1,30,1,283,141547,116
1,30,1,284,142047,91
1,30,1,285,142547,72
1,30,1,286,143047,101
1,30,1,287,143547,90
1,30,1,288,144047,52
1,30,1,289,144547,89
1,30,1,290,145047,117
1,30,1,291,145547,85
1,30,1,292,146047,27
1,30,1,293,146547,142
1,30,1,294,147047,51
1,30,1,295,147547,103
1,30,1,296,148047,122
1,30,1,297,148547,89
1,30,1,298,149047,93
1,30,1,299,149547,157
1,30,1,300,150047,111
1,30,1,301,150547,75
1,30,1,302,151047,145
1,30,1,303,151547,87
1,30,1,304,152047,89
1,30,1,305,152547,159
1,30,1,306,153047,60
1,30,1,307,153547,135
1,30,1,308,154047,107
1,30,1,309,154547,127
1,30,1,310,155047,82
1,30,1,311,155547,124
1,30,1,312,156047,88
1,30,1,313,156547,101
1,30,1,314,157047,96
1,30,1,315,157547,51
1,30,1,316,158047,117
1,30,1,317,158547,88
1,30,1,318,159047,77
1,30,1,319,159547,153
1,30,1,320,160047,72
1,30,1,321,160547,127
1,30,1,322,161047,117
1,30,1,323,161547,40
1,30,1,324,162047,151
1,30,1,325,162547,91
1,30,1,326,163047,52
1,30,1,327,163547,146
1,30,1,328,164047,117
1,30,1,329,164547,89
1,30,1,330,165047,103
1,30,1,331,165547,113
1,30,1,332,166047,153
1,30,1,333,166547,55
1,30,1,334,167047,157
1,30,1,335,167547,101
1,30,1,336,168047,41
1,30,1,337,168547,139
1,30,1,338,169047,98
1,30,1,339,169547,44
1,30,1,340,170047,133
1,30,1,341,170547,119
1,30,1,342,171047,68
1,30,1,343,171547,135
1,30,1,344,172047,103
1,30,1,345,172547,105
1,30,1,346,173047,71
1,30,1,347,173547,153
1,30,1,348,174047,81
1,30,1,349,174547,87
1,30,1,350,175047,135
1,30,1,351,175547,104
1,30,1,352,176047,102
1,30,1,353,176547,148
1,30,1,354,177047,103
1,30,1,355,177547,107
1,30,1,356,178047,121
1,30,1,357,178547,87
1,30,1,358,179047,141
1,30,1,359,179547,73
1,30,1,360,180047,101
1,30,1,361,180547,107
1,30,1,362,181047,75
1,30,1,363,181547,117
1,30,1,364,182047,107
1,30,1,365,182547,73
1,30,1,366,183047,147
1,30,1,367,183547,78
1,30,1,368,184047,93
1,30,1,369,184547,93
1,30,1,370,185047,109
1,30,1,371,185547,119
1,30,1,372,186047,109
1,30,1,373,186547,118
1,30,1,374,187047,157
1,30,1,375,187547,141
1,30,1,376,188047,72
1,30,1,377,188547,143
1,30,1,378,189047,90
1,30,1,379,189547,120
1,30,1,380,190047,138
1,30,1,381,190547,69
1,30,1,382,191047,169
1,30,1,383,191547,119
1,30,1,384,192047,121
1,30,1,385,192547,117
1,30,1,386,193047,116
1,30,1,387,193547,132
1,30,1,388,194047,91
1,30,1,389,194547,149
1,30,1,390,195047,86
1,30,1,391,195547,93
1,30,1,392,196047,133
1,30,1,393,196547,47
1,30,1,394,197047,159
1,30,1,395,197547,72
1,30,1,396,198047,39
1,30,1,397,198547,135
1,30,1,398,199047,77
1,30,1,399,199547,25
1,30,1,400,200047,120
1,30,1,401,200547,69
1,30,1,402,201047,22
1,30,1,403,201547,137
1,30,1,404,202047,63
1,30,1,405,202547,19
1,30,1,406,203047,133
1,30,1,407,203547,52
1,30,1,408,204047,89
1,30,1,409,204547,109
1,30,1,410,205047,38
1,30,1,411,205547,83
1,30,1,412,206047,101
1,30,1,413,206547,36
1,30,1,414,207047,89
1,30,1,415,207547,55
1,30,1,416,208047,17
1,30,1,417,208547,36
1,30,1,418,209047,69
1,30,1,419,209547,21
1,30,1,420,210047,38
1,30,1,421,210547,35
1,30,1,422,211047,43
1,30,1,423,211547,10
1,30,1,424,212047,46
1,30,1,425,212547,39
1,30,1,426,213047,8
1,30,1,427,213547,116
1,30,1,428,214047,61
1,30,1,429,214547,19
1,30,1,430,215047,6
1,30,1,431,215547,4
1,30,1,432,216047,41
1,30,1,433,216547,28
1,30,1,434,217047,6
1,30,1,435,217547,0
1,30,1,436,218047,45
1,30,1,437,218547,13
1,30,1,438,219047,52
1,30,1,439,219547,12
1,30,1,440,220047,26
1,30,1,441,220547,17
1,30,1,442,221047,0
1,30,1,443,221547,0
1,30,1,444,222047,0
1,30,1,445,222547,0
1,30,1,446,223047,0
1,30,1,447,223547,14
1,30,1,448,224047,0
1,30,1,449,224547,0
1,30,1,450,225047,0
1,30,1,451,225547,0
1,30,1,452,226047,0
1,30,1,453,226547,0
1,30,1,454,227047,0
1,30,1,455,227547,0
1,30,1,456,228047,0
1,30,1,457,228547,0
1,30,1,458,229047,0
1,30,1,459,229547,37
1,30,1,460,230047,7
1,30,1,461,230547,0
1,30,1,462,231047,23
1,30,1,463,231547,3
1,30,1,464,232047,1
1,30,1,465,232547,13
1,30,1,466,233047,0
1,30,1,467,233547,0
1,30,1,468,234047,2
1,30,1,469,234547,0
1,30,1,470,235047,0
1,30,1,471,235547,0
1,30,1,472,236047,0
1,30,1,473,236547,0
1,30,1,474,237047,0
1,30,1,475,237547,0
1,30,1,476,238047,0
1,30,1,477,238547,0
1,30,1,478,239047,22
1,30,1,479,239547,2
1,30,1,480,240047,0
1,30,1,481,240547,0
1,30,1,482,241047,0
1,30,1,483,241547,7
1,30,1,484,242047,0
1,30,1,485,242547,9
1,30,1,486,243047,7
1,30,1,487,243547,0
1,30,1,488,244047,0
1,30,1,489,244547,61
1,30,1,490,245047,19
1,30,1,491,245547,2
1,30,1,492,246047,35
1,30,1,493,246547,7
1,30,1,494,247047,0
1,30,1,495,247547,21
1,30,1,496,248047,3
1,30,1,497,248547,26
1,30,1,498,249047,22
1,30,1,499,249547,2
1,30,1,500,250047,24
1,30,1,501,250547,38
1,30,1,502,251047,19
1,30,1,503,251547,30
1,30,1,504,252047,39
1,30,1,505,252547,40
1,30,1,506,253047,8
1,30,1,507,253547,25
1,30,1,508,254047,51
1,30,1,509,254547,12
1,30,1,510,255047,60
1,30,1,511,255547,19
1,30,1,512,256047,62
1,30,1,513,256547,19
1,30,1,514,257047,45
1,30,1,515,257547,95
1,30,1,516,258047,29
1,30,1,517,258547,120
1,30,1,518,259047,43
1,30,1,519,259547,63
1,30,1,520,260047,91
1,30,1,521,260547,41
1,30,1,522,261047,98
1,30,1,523,261547,38
1,30,1,524,262047,117
1,30,1,525,262547,43
1,30,1,526,263047,103
1,30,1,527,263547,55
1,30,1,528,264047,87
1,30,1,529,264547,88
1,30,1,530,265047,78
1,30,1,531,265547,69
1,30,1,532,266047,137
1,30,1,533,266547,87
1,30,1,534,267047,79
1,30,1,535,267547,133
1,30,1,536,268047,95
1,30,1,537,268547,51
1,30,1,538,269047,109
1,30,1,539,269547,39
1,30,1,540,270047,147
1,30,1,541,270547,84
1,30,1,542,271047,100
1,30,1,543,271547,117
1,30,1,544,272047,135
1,30,1,545,272547,71
1,30,1,546,273047,185
1,30,1,547,273547,99
1,30,1,548,274047,115
1,30,1,549,274547,160
1,30,1,550,275047,135
1,30,1,551,275547,124
1,30,1,552,276047,173
1,30,1,553,276547,160
1,30,1,554,277047,151
1,30,1,555,277547,136
1,30,1,556,278047,155
1,30,1,557,278547,139
1,30,1,558,279047,101
1,30,1,559,279547,175
1,30,1,560,280047,135
1,30,1,561,280547,137
1,30,1,562,281047,169
1,30,1,563,281547,149
1,30,1,564,282047,147
1,30,1,565,282547,204
1,30,1,566,283047,168
1,30,1,567,283547,157
1,30,1,568,284047,151
1,30,1,569,284547,189
1,30,1,570,285047,158
1,30,1,571,285547,139
1,30,1,572,286047,141
1,30,1,573,286547,117
1,30,1,574,287047,141
1,30,1,575,287547,121
1,30,1,576,288047,164
1,30,1,577,288547,109
1,30,1,578,289047,228
1,30,1,579,289547,159
1,30,1,580,290047,172
1,30,1,581,290547,191
1,30,1,582,291047,152
1,30,1,583,291547,147
1,30,1,584,292047,179
1,30,1,585,292547,204
1,30,1,586,293047,136
1,30,1,587,293547,201
1,30,1,588,294047,219
1,30,1,589,294547,212
1,30,1,590,295047,158
1,30,1,591,295547,221
1,30,1,592,296047,240
1,30,1,593,296547,147
1,30,1,594,297047,213
1,30,1,595,297547,243
1,30,1,596,298047,121
1,30,1,597,298547,291
1,30,1,598,299047,145
1,30,1,599,299547,169
1,30,1,600,300047,235
1,30,1,601,300547,211
1,30,1,602,301047,182
1,30,1,603,301547,249
1,30,1,604,302047,189
1,30,1,605,302547,267
1,30,1,606,303047,204
1,30,1,607,303547,229
1,30,1,608,304047,200
1,30,1,609,304547,273
1,30,1,610,305047,185
1,30,1,611,305547,220
1,30,1,612,306047,172
1,30,1,613,306547,243
1,30,1,614,307047,153
1,30,1,615,307547,247
1,30,1,616,308047,199
1,30,1,617,308547,218
1,30,1,618,309047,252
1,30,1,619,309547,211
1,30,1,620,310047,245
1,30,1,621,310547,227
1,30,1,622,311047,279
1,30,1,623,311547,200
1,30,1,624,312047,253
1,30,1,625,312547,265
1,30,1,626,313047,171
1,30,1,627,313547,255
1,30,1,628,314047,213
1,30,1,629,314547,189
1,30,1,630,315047,221
1,30,1,631,315547,205
1,30,1,632,316047,163
1,30,1,633,316547,235
1,30,1,634,317047,201
1,30,1,635,317547,174
1,30,1,636,318047,219
1,30,1,637,318547,169
1,30,1,638,319047,206
1,30,1,639,319547,171
1,30,1,640,320047,191
1,30,1,641,320547,199
1,30,1,642,321047,188
1,30,1,643,321547,159
1,30,1,644,322047,244
1,30,1,645,322547,179
1,30,1,646,323047,199
1,30,1,647,323547,217
1,30,1,648,324047,186
1,30,1,649,324547,201
1,30,1,650,325047,153
1,30,1,651,325547,261
1,30,1,652,326047,197
1,30,1,653,326547,132
1,30,1,654,327047,250
1,30,1,655,327547,155
1,30,1,656,328047,199
1,30,1,657,328547,191
1,30,1,658,329047,170
1,30,1,659,329547,221
1,30,1,660,330047,125
1,30,1,661,330547,233
1,30,1,662,331047,140
1,30,1,663,331547,249
1,30,1,664,332047,109
1,30,1,665,332547,173
1,30,1,666,333047,189
1,30,1,667,333547,88
1,30,1,668,334047,185
1,30,1,669,334547,151
1,30,1,670,335047,149
1,30,1,671,335547,179
1,30,1,672,336047,159
1,30,1,673,336547,171
1,30,1,674,337047,179
1,30,1,675,337547,181
1,30,1,676,338047,216
1,30,1,677,338547,126
1,30,1,678,339047,203
1,30,1,679,339547,176
1,30,1,680,340047,170
1,30,1,681,340547,168
1,30,1,682,341047,167
1,30,1,683,341547,173
1,30,1,684,342047,148
1,30,1,685,342547,155
1,30,1,686,343047,152
1,30,1,687,343547,122
1,30,1,688,344047,155
1,30,1,689,344547,141
1,30,1,690,345047,115
1,30,1,691,345547,135
1,30,1,692,346047,163
1,30,1,693,346547,107
1,30,1,694,347047,146
1,30,1,695,347547,155
1,30,1,696,348047,73
1,30,1,697,348547,165
1,30,1,698,349047,105
1,30,1,699,349547,119
1,30,1,700,350047,103
1,30,1,701,350547,77
1,30,1,702,351047,119
1,30,1,703,351547,107
1,30,1,704,352047,93
1,30,1,705,352547,133
1,30,1,706,353047,103
1,30,1,707,353547,73
1,30,1,708,354047,155
1,30,1,709,354547,70
1,30,1,710,355047,39
1,30,1,711,355547,122
1,30,1,712,356047,47
1,30,1,713,356547,99
1,30,1,714,357047,92
1,30,1,715,357547,63
1,30,1,716,358047,89
1,30,1,717,358547,71
1,30,1,718,359047,72
1,30,1,719,359547,77
1,30,1,720,360047,41
1,30,1,721,360547,71
1,30,1,722,361047,89
1,30,1,723,361547,52
1,30,1,724,362047,45
1,30,1,725,362547,82
1,30,1,726,363047,27
1,30,1,727,363547,29
1,30,1,728,364047,84
1,30,1,729,364547,29
1,30,1,730,365047,45
1,30,1,731,365547,36
1,30,1,732,366047,7
1,30,1,733,366547,22
1,30,1,734,367047,22
1,30,1,735,367547,26
1,30,1,736,368047,5
1,30,1,737,368547,57
1,30,1,738,369047,17
1,30,1,739,369547,79
1,30,1,740,370047,53
1,30,1,741,370547,16
1,30,1,742,371047,37
1,30,1,743,371547,45
1,30,1,744,372047,10
1,30,1,745,372547,45
1,30,1,746,373047,30
1,30,1,747,373547,6
1,30,1,748,374047,2
1,30,1,749,374547,23
1,30,1,750,375047,1
1,30,1,751,375547,3
1,30,1,752,376047,0
1,30,1,753,376547,0
1,30,1,754,377047,0
1,30,1,755,377547,0
1,30,1,756,378047,0
1,30,1,757,378547,10
1,30,1,758,379047,0
1,30,1,759,379547,0
1,30,1,760,380047,0
1,30,1,761,380547,0
1,30,1,762,381047,11
1,30,1,763,381547,0
1,30,1,764,382047,0
1,30,1,765,382547,0
1,30,1,766,383047,0
1,30,1,767,383547,0
1,30,1,768,384047,0
1,30,1,769,384547,0
1,30,1,770,385047,0
1,30,1,771,385547,19
1,30,1,772,386047,1
1,30,1,773,386547,0
1,30,1,774,387047,0
1,30,1,775,387547,0
1,30,1,776,388047,0
1,30,1,777,388547,0
1,30,1,778,389047,0
1,30,1,779,389547,0
1,30,1,780,390047,24
1,30,1,781,390547,2
1,30,1,782,391047,0
1,30,1,783,391547,0
1,30,1,784,392047,3
1,30,1,785,392547,0
1,30,1,786,393047,0
1,30,1,787,393547,0
1,30,1,788,394047,0
1,30,1,789,394547,0
1,30,1,790,395047,0
1,30,1,791,395547,0
1,30,1,792,396047,0
1,30,1,793,396547,0
1,30,1,794,397047,7
1,30,1,795,397547,0
1,30,1,796,398047,0
1,30,1,797,398547,0
1,30,1,798,399047,13
1,30,1,799,399547,0
1,30,1,800,400047,0
1,30,1,801,400547,5
1,30,1,802,401047,0
1,30,1,803,401547,0
1,30,1,804,402047,12
1,30,1,805,402547,0
1,30,1,806,403047,13
1,30,1,807,403547,8
1,30,1,808,404047,0
1,30,1,809,404547,0
1,30,1,810,405047,10
1,30,1,811,405547,0
1,30,1,812,406047,0
1,30,1,813,406547,5
1,30,1,814,407047,17
1,30,1,815,407547,0
1,30,1,816,408047,41
1,30,1,817,408547,9
1,30,1,818,409047,19
1,30,1,819,409547,24
1,30,1,820,410047,3
1,30,1,821,410547,0
1,30,1,822,411047,0
1,30,1,823,411547,0
1,30,1,824,412047,0
1,30,1,825,412547,0
1,30,1,826,413047,0
1,30,1,827,413547,0
1,30,1,828,414047,0
1,30,1,829,414547,0
1,30,1,830,415047,0
1,30,1,831,415547,0
1,30,1,832,416047,41
1,30,1,833,416547,10
1,30,1,834,417047,0
1,30,1,835,417547,17
1,30,1,836,418047,13
1,30,1,837,418547,1
1,30,1,838,419047,9
1,30,1,839,419547,39
1,30,1,840,420047,13
1,30,1,841,420547,16
1,30,1,842,421047,55
1,30,1,843,421547,19
1,30,1,844,422047,3
1,30,1,845,422547,23
1,30,1,846,423047,39
1,30,1,847,423547,8
1,30,1,848,424047,0
1,30,1,849,424547,39
1,30,1,850,425047,9
1,30,1,851,425547,10
1,30,1,852,426047,24
1,30,1,853,426547,2
1,30,1,854,427047,13
1,30,1,855,427547,18
1,30,1,856,428047,0
1,30,1,857,428547,19
1,30,1,858,429047,4
1,30,1,859,429547,17
1,30,1,860,430047,28
1,30,1,861,430547,5
1,30,1,862,431047,104
1,30,1,863,431547,36
1,30,1,864,432047,7
1,30,1,865,432547,57
1,30,1,866,433047,19
1,30,1,867,433547,0
1,30,1,868,434047,27
1,30,1,869,434547,5
1,30,1,870,435047,52
1,30,1,871,435547,17
1,30,1,872,436047,2
1,30,1,873,436547,19
1,30,1,874,437047,49
1,30,1,875,437547,12
1,30,1,876,438047,55
1,30,1,877,438547,19
1,30,1,878,439047,41
1,30,1,879,439547,19
1,30,1,880,440047,29
1,30,1,881,440547,5
1,30,1,882,441047,47
1,30,1,883,441547,11
1,30,1,884,442047,0
1,30,1,885,442547,27
1,30,1,886,443047,3
1,30,1,887,443547,0
1,30,1,888,444047,0
1,30,1,889,444547,12
1,30,1,890,445047,0
1,30,1,891,445547,109
1,30,1,892,446047,37
1,30,1,893,446547,7
1,30,1,894,447047,102
1,30,1,895,447547,67
1,30,1,896,448047,20
1,30,1,897,448547,107
1,30,1,898,449047,51
1,30,1,899,449547,56
1,30,1,900,450047,40
1,30,1,901,450547,103
1,30,1,902,451047,39
1,30,1,903,451547,11
1,30,1,904,452047,37
1,30,1,905,452547,89
1,30,1,906,453047,41
1,30,1,907,453547,40
1,30,1,908,454047,75
1,30,1,909,454547,27
1,30,1,910,455047,85
1,30,1,911,455547,44
1,30,1,912,456047,86
1,30,1,913,456547,42
1,30,1,914,457047,52
1,30,1,915,457547,47
1,30,1,916,458047,91
1,30,1,917,458547,61
1,30,1,918,459047,52
1,30,1,919,459547,147
1,30,1,920,460047,63
1,30,1,921,460547,73
1,30,1,922,461047,112
1,30,1,923,461547,43
1,30,1,924,462047,99
1,30,1,925,462547,91
1,30,1,926,463047,99
1,30,1,927,463547,103
1,30,1,928,464047,99
1,30,1,929,464547,77
1,30,1,930,465047,87
1,30,1,931,465547,97
1,30,1,932,466047,70
1,30,1,933,466547,159
1,30,1,934,467047,63
1,30,1,935,467547,103
1,30,1,936,468047,135
1,30,1,937,468547,54
1,30,1,938,469047,125
1,30,1,939,469547,103
1,30,1,940,470047,117
1,30,1,941,470547,58
1,30,1,942,471047,153
1,30,1,943,471547,101
1,30,1,944,472047,100
1,30,1,945,472547,111
1,30,1,946,473047,92
1,30,1,947,473547,159
1,30,1,948,474047,119
1,30,1,949,474547,54
1,30,1,950,475047,171
1,30,1,951,475547,77
1,30,1,952,476047,149
1,30,1,953,476547,123
1,30,1,954,477047,121
1,30,1,955,477547,76
1,30,1,956,478047,171
1,30,1,957,478547,95
1,30,1,958,479047,119
1,30,1,959,479547,125
1,30,1,960,480047,57
1,30,1,961,480547,171
1,30,1,962,481047,71
1,30,1,963,481547,140
1,30,1,964,482047,167
1,30,1,965,482547,91
1,30,1,966,483047,110
1,30,1,967,483547,158
1,30,1,968,484047,109
1,30,1,969,484547,120
1,30,1,970,485047,154
1,30,1,971,485547,149
1,30,1,972,486047,171
1,30,1,973,486547,153
1,30,1,974,487047,192
1,30,1,975,487547,181
1,30,1,976,488047,127
1,30,1,977,488547,185
1,30,1,978,489047,138
1,30,1,979,489547,201
1,30,1,980,490047,166
1,30,1,981,490547,159
1,30,1,982,491047,181
1,30,1,983,491547,152
1,30,1,984,492047,183
1,30,1,985,492547,167
1,30,1,986,493047,124
1,30,1,987,493547,173
1,30,1,988,494047,173
1,30,1,989,494547,107
1,30,1,990,495047,185
1,30,1,991,495547,168
1,30,1,992,496047,151
1,30,1,993,496547,171
1,30,1,994,497047,152
1,30,1,995,497547,187
1,30,1,996,498047,107
1,30,1,997,498547,175
1,30,1,998,499047,187
1,30,1,999,499547,109
1,30,1,1000,500047,155
1,30,1,1001,500547,156
1,30,1,1002,501047,123
1,30,1,1003,501547,159
1,30,1,1004,502047,139
1,30,1,1005,502547,151
1,30,1,1006,503047,170
1,30,1,1007,503547,87
1,30,1,1008,504047,153
1,30,1,1009,504547,139
1,30,1,1010,505047,103
1,30,1,1011,505547,136
1,30,1,1012,506047,118
1,30,1,1013,506547,117
1,30,1,1014,507047,138
1,30,1,1015,507547,82
1,30,1,1016,508047,149
1,30,1,1017,508547,111
1,30,1,1018,509047,62
1,30,1,1019,509547,122
1,30,1,1020,510047,71
1,30,1,1021,510547,120
1,30,1,1022,511047,73
1,30,1,1023,511547,74
1,30,1,1024,512047,115
1,30,1,1025,512547,94
1,30,1,1026,513047,31
1,30,1,1027,513547,101
1,30,1,1028,514047,103
1,30,1,1029,514547,33
1,30,1,1030,515047,119
1,30,1,1031,515547,85
1,30,1,1032,516047,27
1,30,1,1033,516547,124
1,30,1,1034,517047,101
1,30,1,1035,517547,35
1,30,1,1036,518047,103
1,30,1,1037,518547,115
1,30,1,1038,519047,76
1,30,1,1039,519547,69
1,30,1,1040,520047,127
1,30,1,1041,520547,71
1,30,1,1042,521047,99
1,30,1,1043,521547,87
1,30,1,1044,522047,53
1,30,1,1045,522547,123
1,30,1,1046,523047,42
1,30,1,1047,523547,87
1,30,1,1048,524047,73
1,30,1,1049,524547,23
1,30,1,1050,525047,123
1,30,1,1051,525547,47
1,30,1,1052,526047,45
1,30,1,1053,526547,121
1,30,1,1054,527047,64
1,30,1,1055,527547,56
1,30,1,1056,528047,95
1,30,1,1057,528547,87
1,30,1,1058,529047,29
1,30,1,1059,529547,91
1,30,1,1060,530047,93
1,30,1,1061,530547,53
1,30,1,1062,531047,92
1,30,1,1063,531547,105
1,30,1,1064,532047,89
1,30,1,1065,532547,28
1,30,1,1066,533047,107
1,30,1,1067,533547,39
1,30,1,1068,534047,87
1,30,1,1069,534547,37
1,30,1,1070,535047,7
1,30,1,1071,535547,93
1,30,1,1072,536047,29
1,30,1,1073,536547,83
1,30,1,1074,537047,103
1,30,1,1075,537547,40
1,30,1,1076,538047,107
1,30,1,1077,538547,89
1,30,1,1078,539047,53
1,30,1,1079,539547,71
1,30,1,1080,540047,83
1,30,1,1081,540547,47
1,30,1,1082,541047,71
1,30,1,1083,541547,39
1,30,1,1084,542047,41
1,30,1,1085,542547,85
1,30,1,1086,543047,48
1,30,1,1087,543547,12
1,30,1,1088,544047,77
1,30,1,1089,544547,31
1,30,1,1090,545047,71
1,30,1,1091,545547,21
1,30,1,1092,546047,115
1,30,1,1093,546547,45
1,30,1,1094,547047,51
1,30,1,1095,547547,39
1,30,1,1096,548047,41
1,30,1,1097,548547,47
1,30,1,1098,549047,59
1,30,1,1099,549547,18
1,30,1,1100,550047,115
1,30,1,1101,550547,40
1,30,1,1102,551047,9
1,30,1,1103,551547,135
1,30,1,1104,552047,72
1,30,1,1105,552547,21
1,30,1,1106,553047,95
1,30,1,1107,553547,73
1,30,1,1108,554047,21
1,30,1,1109,554547,62
1,30,1,1110,555047,25
1,30,1,1111,555547,4
1,30,1,1112,556047,18
1,30,1,1113,556547,23
1,30,1,1114,557047,57
1,30,1,1115,557547,19
1,30,1,1116,558047,40
1,30,1,1117,558547,62
1,30,1,1118,559047,19
1,30,1,1119,559547,9
1,30,1,1120,560047,30
1,30,1,1121,560547,11
1,30,1,1122,561047,3
1,30,1,1123,561547,41
1,30,1,1124,562047,24
1,30,1,1125,562547,3
1,30,1,1126,563047,44
1,30,1,1127,563547,10
1,30,1,1128,564047,0
1,30,1,1129,564547,43
1,30,1,1130,565047,33
1,30,1,1131,565547,5
1,30,1,1132,566047,67
1,30,1,1133,566547,31
1,30,1,1134,567047,5
1,30,1,1135,567547,0
1,30,1,1136,568047,37
1,30,1,1137,568547,6
1,30,1,1138,569047,0
1,30,1,1139,569547,11
1,30,1,1140,570047,0
1,30,1,1141,570547,3
1,30,1,1142,571047,11
1,30,1,1143,571547,0
1,30,1,1144,572047,12
1,30,1,1145,572547,17
1,30,1,1146,573047,0
1,30,1,1147,573547,0
1,30,1,1148,574047,56
1,30,1,1149,574547,19
1,30,1,1150,575047,9
1,30,1,1151,575547,19
1,30,1,1152,576047,0
1,30,1,1153,576547,0
1,30,1,1154,577047,0
1,30,1,1155,577547,0
1,30,1,1156,578047,0
1,30,1,1157,578547,0
1,30,1,1158,579047,0
1,30,1,1159,579547,24
1,30,1,1160,580047,3
1,30,1,1161,580547,31
1,30,1,1162,581047,7
1,30,1,1163,581547,0
1,30,1,1164,582047,0
1,30,1,1165,582547,0
1,30,1,1166,583047,0
1,30,1,1167,583547,0
1,30,1,1168,584047,17
1,30,1,1169,584547,0
1,30,1,1170,585047,0
1,30,1,1171,585547,11
1,30,1,1172,586047,0
1,30,1,1173,586547,0
1,30,1,1174,587047,2
1,30,1,1175,587547,0
1,30,1,1176,588047,30
1,30,1,1177,588547,5
1,30,1,1178,589047,71
1,30,1,1179,589547,23
1,30,1,1180,590047,1
1,30,1,1181,590547,24
1,30,1,1182,591047,11
1,30,1,1183,591547,0
1,30,1,1184,592047,53
1,30,1,1185,592547,13
1,30,1,1186,593047,0
1,30,1,1187,593547,26
1,30,1,1188,594047,4
1,30,1,1189,594547,53
1,30,1,1190,595047,13
1,30,1,1191,595547,1
1,30,1,1192,596047,39
1,30,1,1193,596547,44
1,30,1,1194,597047,11
1,30,1,1195,597547,125
1,30,1,1196,598047,45
1,30,1,1197,598547,10
1,30,1,1198,599047,79
1,30,1,1199,599547,26
1,30,1,1200,600047,9
1,30,1,1201,600547,47
1,30,1,1202,601047,43
1,30,1,1203,601547,23
1,30,1,1204,602047,112
1,30,1,1205,602547,40
1,30,1,1206,603047,29
1,30,1,1207,603547,96
1,30,1,1208,604047,47
1,30,1,1209,604547,29
1,30,1,1210,605047,75
1,30,1,1211,605547,47
1,30,1,1212,606047,25
1,30,1,1213,606547,71
1,30,1,1214,607047,22
1,30,1,1215,607547,100
1,30,1,1216,608047,37
1,30,1,1217,608547,78
1,30,1,1218,609047,101
1,30,1,1219,609547,77
1,30,1,1220,610047,20
1,30,1,1221,610547,147
1,30,1,1222,611047,54
1,30,1,1223,611547,83
1,30,1,1224,612047,107
1,30,1,1225,612547,57
1,30,1,1226,613047,77
1,30,1,1227,613547,99
1,30,1,1228,614047,55
1,30,1,1229,614547,59
1,30,1,1230,615047,149
1,30,1,1231,615547,61
1,30,1,1232,616047,26
1,30,1,1233,616547,88
1,30,1,1234,617047,56
1,30,1,1235,617547,63
1,30,1,1236,618047,89
1,30,1,1237,618547,57
1,30,1,1238,619047,72
1,30,1,1239,619547,63
1,30,1,1240,620047,100
1,30,1,1241,620547,39
1,30,1,1242,621047,152
1,30,1,1243,621547,74
1,30,1,1244,622047,103
1,30,1,1245,622547,91
1,30,1,1246,623047,117
1,30,1,1247,623547,54
1,30,1,1248,624047,85
1,30,1,1249,624547,152
1,30,1,1250,625047,57
1,30,1,1251,625547,59
1,30,1,1252,626047,110
1,30,1,1253,626547,77
1,30,1,1254,627047,83
1,30,1,1255,627547,115
1,30,1,1256,628047,78
1,30,1,1257,628547,118
1,30,1,1258,629047,73
1,30,1,1259,629547,85
1,30,1,1260,630047,85
1,30,1,1261,630547,85
1,30,1,1262,631047,125
1,30,1,1263,631547,87
1,30,1,1264,632047,109
1,30,1,1265,632547,100
1,30,1,1266,633047,109
1,30,1,1267,633547,75
1,30,1,1268,634047,149
1,30,1,1269,634547,75
1,30,1,1270,635047,112
1,30,1,1271,635547,109
1,30,1,1272,636047,73
1,30,1,1273,636547,103
1,30,1,1274,637047,33
1,30,1,1275,637547,62
1,30,1,1276,638047,102
1,30,1,1277,638547,63
1,30,1,1278,639047,19
1,30,1,1279,639547,101
1,30,1,1280,640047,57
1,30,1,1281,640547,19
1,30,1,1282,641047,63
1,30,1,1283,641547,54
1,30,1,1284,642047,94
1,30,1,1285,642547,47
1,30,1,1286,643047,99
1,30,1,1287,643547,35
1,30,1,1288,644047,108
1,30,1,1289,644547,81
1,30,1,1290,645047,25
1,30,1,1291,645547,111
1,30,1,1292,646047,40
1,30,1,1293,646547,115
1,30,1,1294,647047,51
1,30,1,1295,647547,39
1,30,1,1296,648047,85
1,30,1,1297,648547,25
1,30,1,1298,649047,104
1,30,1,1299,649547,37
1,30,1,1300,650047,28
1,30,1,1301,650547,38
1,30,1,1302,651047,51
1,30,1,1303,651547,21
1,30,1,1304,652047,11
1,30,1,1305,652547,22
1,30,1,1306,653047,3
1,30,1,1307,653547,39
1,30,1,1308,654047,30
1,30,1,1309,654547,5
1,30,1,1310,655047,39
1,30,1,1311,655547,46
1,30,1,1312,656047,10
1,30,1,1313,656547,83
1,30,1,1314,657047,68
1,30,1,1315,657547,21
1,30,1,1316,658047,9
1,30,1,1317,658547,57
1,30,1,1318,659047,18
1,30,1,1319,659547,13
1,30,1,1320,660047,30
1,30,1,1321,660547,5
1,30,1,1322,661047,60
1,30,1,1323,661547,19
1,30,1,1324,662047,0
1,30,1,1325,662547,0
1,30,1,1326,663047,5
1,30,1,1327,663547,0
1,30,1,1328,664047,0
1,30,1,1329,664547,13
1,30,1,1330,665047,0
1,30,1,1331,665547,7
1,30,1,1332,666047,0
1,30,1,1333,666547,0
1,30,1,1334,667047,0
1,30,1,1335,667547,21
1,30,1,1336,668047,1
1,30,1,1337,668547,23
1,30,1,1338,669047,7
1,30,1,1339,669547,0
1,30,1,1340,670047,0
1,30,1,1341,670547,0
1,30,1,1342,671047,0
1,30,1,1343,671547,37
1,30,1,1344,672047,21
1,30,1,1345,672547,0
1,30,1,1346,673047,0
1,30,1,1347,673547,0
1,30,1,1348,674047,0
1,30,1,1349,674547,0
1,30,1,1350,675047,0
1,30,1,1351,675547,0
1,30,1,1352,676047,0
1,30,1,1353,676547,0
1,30,1,1354,677047,0
1,30,1,1355,677547,0
1,30,1,1356,678047,0
1,30,1,1357,678547,0
1,30,1,1358,679047,0
1,30,1,1359,679547,0
1,30,1,1360,680047,0
1,30,1,1361,680547,0
1,30,1,1362,681047,0
1,30,1,1363,681547,0
1,30,1,1364,682047,0
1,30,1,1365,682547,0
1,30,1,1366,683047,0
1,30,1,1367,683547,0
1,30,1,1368,684047,0
1,30,1,1369,684547,0
1,30,1,1370,685047,0
1,30,1,1371,685547,0
1,30,1,1372,686047,0
1,30,1,1373,686547,0
1,30,1,1374,687047,0
1,30,1,1375,687547,0
1,30,1,1376,688047,0
1,30,1,1377,688547,0
1,30,1,1378,689047,0
1,30,1,1379,689547,0
1,30,1,1380,690047,0
1,30,1,1381,690547,0
1,30,1,1382,691047,0
1,30,1,1383,691547,0
1,30,1,1384,692047,0
1,30,1,1385,692547,0
1,30,1,1386,693047,0
1,30,1,1387,693547,0
1,30,1,1388,694047,0
1,30,1,1389,694547,0
1,30,1,1390,695047,0
1,30,1,1391,695547,0
1,30,1,1392,696047,0
1,30,1,1393,696547,0
1,30,1,1394,697047,0
1,30,1,1395,697547,0
1,30,1,1396,698047,0
1,30,1,1397,698547,0
1,30,1,1398,699047,0
1,30,1,1399,699547,0
1,30,1,1400,700047,0
1,30,1,1401,700547,0
1,30,1,1402,701047,0
1,30,1,1403,701547,0
1,30,1,1404,702047,0
1,30,1,1405,702547,0
1,30,1,1406,703047,0
1,30,1,1407,703547,0
1,30,1,1408,704047,0
1,30,1,1409,704547,0
1,30,1,1410,705047,0
1,30,1,1411,705547,0
1,30,1,1412,706047,0
1,30,1,1413,706547,0
1,30,1,1414,707047,0
1,30,1,1415,707547,0
1,30,1,1416,708047,0
1,30,1,1417,708547,0
1,30,1,1418,709047,0
1,30,1,1419,709547,0
1,30,1,1420,710047,0
1,30,1,1421,710547,0
1,30,1,1422,711047,0
1,30,1,1423,711547,0
1,30,1,1424,712047,0
1,30,1,1425,712547,0
1,30,1,1426,713047,0
1,30,1,1427,713547,0
1,30,1,1428,714047,0
1,30,1,1429,714547,0
1,30,1,1430,715047,0
1,30,1,1431,715547,0
1,30,1,1432,716047,0
1,30,1,1433,716547,0
1,30,1,1434,717047,0
1,30,1,1435,717547,0
1,30,1,1436,718047,0
1,30,1,1437,718547,0
1,30,1,1438,719047,0
1,30,1,1439,719547,0
1,30,1,1440,720047,0
1,30,1,1441,720547,0
1,30,1,1442,721047,0
1,30,1,1443,721547,0
1,30,1,1444,722047,0
1,30,1,1445,722547,0
1,30,1,1446,723047,0
1,30,1,1447,723547,0
1,30,1,1448,724047,0
1,30,1,1449,724547,0
1,30,1,1450,725047,0
1,30,1,1451,725547,0
1,30,1,1452,726047,0
1,30,1,1453,726547,0
1,30,1,1454,727047,0
1,30,1,1455,727547,0
1,30,1,1456,728047,0
1,30,1,1457,728547,0
1,30,1,1458,729047,0
1,30,1,1459,729547,0
1,30,1,1460,730047,0
1,30,1,1461,730547,0
1,30,1,1462,731047,0
1,30,1,1463,731547,8
1,30,1,1464,732047,0
1,30,1,1465,732547,0
1,30,1,1466,733047,13
1,30,1,1467,733547,0
1,30,1,1468,734047,0
1,30,1,1469,734547,0
1,30,1,1470,735047,0
1,30,1,1471,735547,0
1,30,1,1472,736047,0
1,30,1,1473,736547,0
1,30,1,1474,737047,59
1,30,1,1475,737547,17
1,30,1,1476,738047,0
1,30,1,1477,738547,29
1,30,1,1478,739047,4
1,30,1,1479,739547,0
1,30,1,1480,740047,5
1,30,1,1481,740547,16
1,30,1,1482,741047,13
1,30,1,1483,741547,0
1,30,1,1484,742047,45
1,30,1,1485,742547,23
1,30,1,1486,743047,2
1,30,1,1487,743547,26
1,30,1,1488,744047,4
1,30,1,1489,744547,39
1,30,1,1490,745047,41
1,30,1,1491,745547,8
1,30,1,1492,746047,3
1,30,1,1493,746547,53
1,30,1,1494,747047,17
1,30,1,1495,747547,0
1,30,1,1496,748047,0
1,30,1,1497,748547,29
1,30,1,1498,749047,6
1,30,1,1499,749547,0
1,30,1,1500,750047,57
1,30,1,1501,750547,35
1,30,1,1502,751047,7
1,30,1,1503,751547,56
1,30,1,1504,752047,20
1,30,1,1505,752547,0
1,30,1,1506,753047,5
1,30,1,1507,753547,0
1,30,1,1508,754047,0
1,30,1,1509,754547,0
1,30,1,1510,755047,2
1,30,1,1511,755547,0
1,30,1,1512,756047,0
1,30,1,1513,756547,0
1,30,1,1514,757047,11
1,30,1,1515,757547,14
1,30,1,1516,758047,0
1,30,1,1517,758547,0
1,30,1,1518,759047,0
1,30,1,1519,759547,0
1,30,1,1520,760047,9
1,30,1,1521,760547,0
1,30,1,1522,761047,19
1,30,1,1523,761547,2
1,30,1,1524,762047,0
1,30,1,1525,762547,37
1,30,1,1526,763047,7
1,30,1,1527,763547,1
1,30,1,1528,764047,0
1,30,1,1529,764547,0
1,30,1,1530,765047,0
1,30,1,1531,765547,0
1,30,1,1532,766047,0
1,30,1,1533,766547,0
1,30,1,1534,767047,0
1,30,1,1535,767547,0
1,30,1,1536,768047,0
1,30,1,1537,768547,0
1,30,1,1538,769047,0
1,30,1,1539,769547,0
1,30,1,1540,770047,0
1,30,1,1541,770547,0
1,30,1,1542,771047,0
1,30,1,1543,771547,0
1,30,1,1544,772047,0
1,30,1,1545,772547,0
1,30,1,1546,773047,0
1,30,1,1547,773547,0
1,30,1,1548,774047,0
1,30,1,1549,774547,0
1,30,1,1550,775047,0
1,30,1,1551,775547,0
1,30,1,1552,776047,0
1,30,1,1553,776547,0
1,30,1,1554,777047,0
1,30,1,1555,777547,0
1,30,1,1556,778047,0
1,30,1,1557,778547,0
1,30,1,1558,779047,0
1,30,1,1559,779547,0
1,30,1,1560,780047,0
1,30,1,1561,780547,0
1,30,1,1562,781047,0
1,30,1,1563,781547,0
1,30,1,1564,782047,0
1,30,1,1565,782547,0
1,30,1,1566,783047,0
1,30,1,1567,783547,0
1,30,1,1568,784047,0
1,30,1,1569,784547,0
1,30,1,1570,785047,0
1,30,1,1571,785547,0
1,30,1,1572,786047,0
1,30,1,1573,786547,0
1,30,1,1574,787047,0
1,30,1,1575,787547,0
1,30,1,1576,788047,0
1,30,1,1577,788547,0
1,30,1,1578,789047,0
1,30,1,1579,789547,0
1,30,1,1580,790047,0
1,30,1,1581,790547,0
1,30,1,1582,791047,0
1,30,1,1583,791547,0
1,30,1,1584,792047,0
1,30,1,1585,792547,0
1,30,1,1586,793047,0
1,30,1,1587,793547,0
1,30,1,1588,794047,0
1,30,1,1589,794547,0
1,30,1,1590,795047,0
1,30,1,1591,795547,0
1,30,1,1592,796047,0
1,30,1,1593,796547,0
1,30,1,1594,797047,0
1,30,1,1595,797547,0
1,30,1,1596,798047,0
1,30,1,1597,798547,0
1,30,1,1598,799047,0
1,30,1,1599,799547,0
1,30,1,1600,800047,0
1,30,1,1601,800547,0
1,30,1,1602,801047,0
1,30,1,1603,801547,0
1,30,1,1604,802047,0
1,30,1,1605,802547,0
1,30,1,1606,803047,13
1,30,1,1607,803547,0
1,30,1,1608,804047,0
1,30,1,1609,804547,9
1,30,1,1610,805047,0
1,30,1,1611,805547,0
1,30,1,1612,806047,0
1,30,1,1613,806547,23
1,30,1,1614,807047,3
1,30,1,1615,807547,0
1,30,1,1616,808047,0
1,30,1,1617,808547,16
1,30,1,1618,809047,2
1,30,1,1619,809547,0
1,30,1,1620,810047,0
1,30,1,1621,810547,0
1,30,1,1622,811047,0
1,30,1,1623,811547,0
1,30,1,1624,812047,0
1,30,1,1625,812547,0
1,30,1,1626,813047,0
1,30,1,1627,813547,0
1,30,1,1628,814047,0
1,30,1,1629,814547,0
1,30,1,1630,815047,0
1,30,1,1631,815547,0
1,30,1,1632,816047,0
1,30,1,1633,816547,12
1,30,1,1634,817047,4
1,30,1,1635,817547,9
1,30,1,1636,818047,0
1,30,1,1637,818547,0
1,30,1,1638,819047,59
1,30,1,1639,819547,17
1,30,1,1640,820047,1
1,30,1,1641,820547,27
1,30,1,1642,821047,3
1,30,1,1643,821547,3
1,30,1,1644,822047,6
1,30,1,1645,822547,0
1,30,1,1646,823047,0
1,30,1,1647,823547,0
1,30,1,1648,824047,0
1,30,1,1649,824547,0
1,30,1,1650,825047,0
1,30,1,1651,825547,0
1,30,1,1652,826047,9
1,30,1,1653,826547,0
1,30,1,1654,827047,70
1,30,1,1655,827547,28
1,30,1,1656,828047,4
1,30,1,1657,828547,37
1,30,1,1658,829047,22
1,30,1,1659,829547,30
1,30,1,1660,830047,5
1,30,1,1661,830547,0
1,30,1,1662,831047,12
1,30,1,1663,831547,0
1,30,1,1664,832047,5
1,30,1,1665,832547,0
1,30,1,1666,833047,41
1,30,1,1667,833547,9
1,30,1,1668,834047,73
1,30,1,1669,834547,27
1,30,1,1670,835047,10
1,30,1,1671,835547,46
1,30,1,1672,836047,11
1,30,1,1673,836547,13
1,30,1,1674,837047,3
1,30,1,1675,837547,31
1,30,1,1676,838047,5
1,30,1,1677,838547,23
1,30,1,1678,839047,2
1,30,1,1679,839547,62
1,30,1,1680,840047,45
1,30,1,1681,840547,10
1,30,1,1682,841047,59
1,30,1,1683,841547,51
1,30,1,1684,842047,39
1,30,1,1685,842547,74
1,30,1,1686,843047,25
1,30,1,1687,843547,102
1,30,1,1688,844047,43
1,30,1,1689,844547,51
1,30,1,1690,845047,20
1,30,1,1691,845547,63
1,30,1,1692,846047,53
1,30,1,1693,846547,13
1,30,1,1694,847047,60
1,30,1,1695,847547,31
1,30,1,1696,848047,36
1,30,1,1697,848547,21
1,30,1,1698,849047,101
1,30,1,1699,849547,33
1,30,1,1700,850047,79
1,30,1,1701,850547,51
1,30,1,1702,851047,78
1,30,1,1703,851547,25
1,30,1,1704,852047,46
1,30,1,1705,852547,56
1,30,1,1706,853047,51
1,30,1,1707,853547,63
1,30,1,1708,854047,77
1,30,1,1709,854547,61
1,30,1,1710,855047,77
1,30,1,1711,855547,103
1,30,1,1712,856047,73
1,30,1,1713,856547,89
1,30,1,1714,857047,30
1,30,1,1715,857547,121
1,30,1,1716,858047,42
1,30,1,1717,858547,88
1,30,1,1718,859047,48
1,30,1,1719,859547,47
1,30,1,1720,860047,111
1,30,1,1721,860547,41
1,30,1,1722,861047,9
1,30,1,1723,861547,81
1,30,1,1724,862047,31
1,30,1,1725,862547,73
1,30,1,1726,863047,105
1,30,1,1727,863547,37
1,30,1,1728,864047,115
1,30,1,1729,864547,93
1,30,1,1730,865047,56
1,30,1,1731,865547,91
1,30,1,1732,866047,67
1,30,1,1733,866547,86
1,30,1,1734,867047,53
1,30,1,1735,867547,47
1,30,1,1736,868047,100
1,30,1,1737,868547,37
1,30,1,1738,869047,133
1,30,1,1739,869547,53
1,30,1,1740,870047,116
1,30,1,1741,870547,71
1,30,1,1742,871047,141
1,30,1,1743,871547,105
1,30,1,1744,872047,77
1,30,1,1745,872547,139
1,30,1,1746,873047,139
1,30,1,1747,873547,55
1,30,1,1748,874047,128
1,30,1,1749,874547,167
1,30,1,1750,875047,71
1,30,1,1751,875547,173
1,30,1,1752,876047,120
1,30,1,1753,876547,76
1,30,1,1754,877047,123
1,30,1,1755,877547,124
1,30,1,1756,878047,116
1,30,1,1757,878547,109
1,30,1,1758,879047,187
1,30,1,1759,879547,160
1,30,1,1760,880047,179
1,30,1,1761,880547,171
1,30,1,1762,881047,221
1,30,1,1763,881547,169
1,30,1,1764,882047,169
1,30,1,1765,882547,215
1,30,1,1766,883047,199
1,30,1,1767,883547,171
1,30,1,1768,884047,221
1,30,1,1769,884547,187
1,30,1,1770,885047,187
1,30,1,1771,885547,203
1,30,1,1772,886047,200
1,30,1,1773,886547,205
1,30,1,1774,887047,189
1,30,1,1775,887547,187
1,30,1,1776,888047,198
1,30,1,1777,888547,229
1,30,1,1778,889047,237
1,30,1,1779,889547,200
1,30,1,1780,890047,253
1,30,1,1781,890547,227
1,30,1,1782,891047,229
1,30,1,1783,891547,250
1,30,1,1784,892047,217
1,30,1,1785,892547,253
1,30,1,1786,893047,234
1,30,1,1787,893547,267
1,30,1,1788,894047,251
1,30,1,1789,894547,287
1,30,1,1790,895047,234
1,30,1,1791,895547,255
1,30,1,1792,896047,309
1,30,1,1793,896547,244
1,30,1,1794,897047,245
1,30,1,1795,897547,283
1,30,1,1796,898047,269
1,30,1,1797,898547,221
1,30,1,1798,899047,267
1,30,1,1799,899547,263
1,30,1,1800,900047,238
1,30,1,1801,900547,235
1,30,1,1802,901047,271
1,30,1,1803,901547,213
1,30,1,1804,902047,253
1,30,1,1805,902547,215
1,30,1,1806,903047,263
1,30,1,1807,903547,264
1,30,1,1808,904047,253
1,30,1,1809,904547,231
1,30,1,1810,905047,361
1,30,1,1811,905547,239
1,30,1,1812,906047,281
1,30,1,1813,906547,291
1,30,1,1814,907047,269
1,30,1,1815,907547,281
1,30,1,1816,908047,307
1,30,1,1817,908547,277
1,30,1,1818,909047,283
1,30,1,1819,909547,285
1,30,1,1820,910047,301
1,30,1,1821,910547,254
1,30,1,1822,911047,261
1,30,1,1823,911547,254
1,30,1,1824,912047,293
1,30,1,1825,912547,235
1,30,1,1826,913047,293
1,30,1,1827,913547,265
1,30,1,1828,914047,277
1,30,1,1829,914547,264
1,30,1,1830,915047,280
1,30,1,1831,915547,264
1,30,1,1832,916047,281
1,30,1,1833,916547,276
1,30,1,1834,917047,271
1,30,1,1835,917547,249
1,30,1,1836,918047,288
1,30,1,1837,918547,262
1,30,1,1838,919047,233
1,30,1,1839,919547,268
1,30,1,1840,920047,261
1,30,1,1841,920547,275
1,30,1,1842,921047,201
1,30,1,1843,921547,293
1,30,1,1844,922047,223
1,30,1,1845,922547,222
1,30,1,1846,923047,253
1,30,1,1847,923547,237
1,30,1,1848,924047,206
1,30,1,1849,924547,231
1,30,1,1850,925047,263
1,30,1,1851,925547,190
1,30,1,1852,926047,265
1,30,1,1853,926547,219
1,30,1,1854,927047,249
1,30,1,1855,927547,250
1,30,1,1856,928047,192
1,30,1,1857,928547,227
1,30,1,1858,929047,265
1,30,1,1859,929547,186
1,30,1,1860,930047,213
1,30,1,1861,930547,245
1,30,1,1862,931047,221
1,30,1,1863,931547,206
1,30,1,1864,932047,217
1,30,1,1865,932547,200
1,30,1,1866,933047,200
1,30,1,1867,933547,216
1,30,1,1868,934047,197
1,30,1,1869,934547,226
1,30,1,1870,935047,188
1,30,1,1871,935547,203
1,30,1,1872,936047,227
1,30,1,1873,936547,213
1,30,1,1874,937047,221
1,30,1,1875,937547,213
1,30,1,1876,938047,203
1,30,1,1877,938547,218
1,30,1,1878,939047,159
1,30,1,1879,939547,213
1,30,1,1880,940047,215
1,30,1,1881,940547,201
1,30,1,1882,941047,198
1,30,1,1883,941547,223
1,30,1,1884,942047,201
1,30,1,1885,942547,205
1,30,1,1886,943047,173
1,30,1,1887,943547,215
1,30,1,1888,944047,219
1,30,1,1889,944547,199
1,30,1,1890,945047,218
1,30,1,1891,945547,247
1,30,1,1892,946047,179
1,30,1,1893,946547,269
1,30,1,1894,947047,181
1,30,1,1895,947547,231
1,30,1,1896,948047,223
1,30,1,1897,948547,201
1,30,1,1898,949047,210
1,30,1,1899,949547,212
1,30,1,1900,950047,199
1,30,1,1901,950547,212
1,30,1,1902,951047,188
1,30,1,1903,951547,164
1,30,1,1904,952047,157
1,30,1,1905,952547,203
1,30,1,1906,953047,136
1,30,1,1907,953547,186
1,30,1,1908,954047,191
1,30,1,1909,954547,119
1,30,1,1910,955047,179
1,30,1,1911,955547,239
1,30,1,1912,956047,152
1,30,1,1913,956547,185
1,30,1,1914,957047,240
1,30,1,1915,957547,201
1,30,1,1916,958047,172
1,30,1,1917,958547,251
1,30,1,1918,959047,169
1,30,1,1919,959547,191
1,30,1,1920,960047,189
1,30,1,1921,960547,173
1,30,1,1922,961047,227
1,30,1,1923,961547,149
1,30,1,1924,962047,199
1,30,1,1925,962547,178
1,30,1,1926,963047,175
1,30,1,1927,963547,211
1,30,1,1928,964047,149
1,30,1,1929,964547,245
1,30,1,1930,965047,207
1,30,1,1931,965547,220
1,30,1,1932,966047,179
1,30,1,1933,966547,153
1,30,1,1934,967047,201
1,30,1,1935,967547,152
1,30,1,1936,968047,165
1,30,1,1937,968547,178
1,30,1,1938,969047,187
1,30,1,1939,969547,146
1,30,1,1940,970047,219
1,30,1,1941,970547,205
1,30,1,1942,971047,170
1,30,1,1943,971547,206
1,30,1,1944,972047,227
1,30,1,1945,972547,180
1,30,1,1946,973047,203
1,30,1,1947,973547,212
1,30,1,1948,974047,189
1,30,1,1949,974547,185
1,30,1,1950,975047,185
1,30,1,1951,975547,229
1,30,1,1952,976047,117
1,30,1,1953,976547,218
1,30,1,1954,977047,156
1,30,1,1955,977547,175
1,30,1,1956,978047,157
1,30,1,1957,978547,179
1,30,1,1958,979047,148
1,30,1,1959,979547,212
1,30,1,1960,980047,168
1,30,1,1961,980547,175
1,30,1,1962,981047,149
1,30,1,1963,981547,214
1,30,1,1964,982047,160
1,30,1,1965,982547,151
1,30,1,1966,983047,220
1,30,1,1967,983547,126
1,30,1,1968,984047,212
1,30,1,1969,984547,125
1,30,1,1970,985047,203
1,30,1,1971,985547,188
1,30,1,1972,986047,172
1,30,1,1973,986547,171
1,30,1,1974,987047,188
1,30,1,1975,987547,164
1,30,1,1976,988047,199
1,30,1,1977,988547,153
1,30,1,1978,989047,189
1,30,1,1979,989547,173
1,30,1,1980,990047,164
1,30,1,1981,990547,181
1,30,1,1982,991047,149
1,30,1,1983,991547,213
1,30,1,1984,992047,119
1,30,1,1985,992547,157
1,30,1,1986,993047,197
1,30,1,1987,993547,153
1,30,1,1988,994047,119
1,30,1,1989,994547,184
1,30,1,1990,995047,160
1,30,1,1991,995547,108
1,30,1,1992,996047,203
1,30,1,1993,996547,149
1,30,1,1994,997047,104
1,30,1,1995,997547,155
1,30,1,1996,998047,178
1,30,1,1997,998547,101
1,30,1,1998,999047,139
1,30,1,1999,999547,188
# END_WINDOW
# Ready: run=1, valve=30%, rate=2000 Hz, samples=2000. Send any character to record one window.
# CAPTURING
1,30,2,0,55,127
1,30,2,1,547,51
1,30,2,2,1047,117
1,30,2,3,1547,53
1,30,2,4,2047,125
1,30,2,5,2547,72
1,30,2,6,3047,174
1,30,2,7,3547,86
1,30,2,8,4047,133
1,30,2,9,4547,155
1,30,2,10,5047,60
1,30,2,11,5547,137
1,30,2,12,6047,146
1,30,2,13,6547,116
1,30,2,14,7047,55
1,30,2,15,7547,165
1,30,2,16,8047,123
1,30,2,17,8547,71
1,30,2,18,9047,153
1,30,2,19,9547,79
1,30,2,20,10047,111
1,30,2,21,10547,99
1,30,2,22,11047,119
1,30,2,23,11547,105
1,30,2,24,12047,97
1,30,2,25,12547,119
1,30,2,26,13047,107
1,30,2,27,13547,107
1,30,2,28,14047,83
1,30,2,29,14547,151
1,30,2,30,15047,100
1,30,2,31,15547,101
1,30,2,32,16047,157
1,30,2,33,16547,77
1,30,2,34,17047,184
1,30,2,35,17547,88
1,30,2,36,18047,155
1,30,2,37,18547,71
1,30,2,38,19047,127
1,30,2,39,19547,106
1,30,2,40,20047,85
1,30,2,41,20547,150
1,30,2,42,21047,104
1,30,2,43,21547,101
1,30,2,44,22047,169
1,30,2,45,22547,152
1,30,2,46,23047,103
1,30,2,47,23547,188
1,30,2,48,24047,153
1,30,2,49,24547,90
1,30,2,50,25047,191
1,30,2,51,25547,139
1,30,2,52,26047,69
1,30,2,53,26547,155
1,30,2,54,27047,115
1,30,2,55,27547,115
1,30,2,56,28047,109
1,30,2,57,28547,138
1,30,2,58,29047,85
1,30,2,59,29547,109
1,30,2,60,30047,86
1,30,2,61,30547,88
1,30,2,62,31047,94
1,30,2,63,31547,102
1,30,2,64,32047,117
1,30,2,65,32547,89
1,30,2,66,33047,89
1,30,2,67,33547,92
1,30,2,68,34047,119
1,30,2,69,34547,75
1,30,2,70,35047,54
1,30,2,71,35547,84
1,30,2,72,36047,89
1,30,2,73,36547,75
1,30,2,74,37047,85
1,30,2,75,37547,48
1,30,2,76,38047,121
1,30,2,77,38547,69
1,30,2,78,39047,88
1,30,2,79,39547,109
1,30,2,80,40047,47
1,30,2,81,40547,171
1,30,2,82,41047,71
1,30,2,83,41547,103
1,30,2,84,42047,117
1,30,2,85,42547,88
1,30,2,86,43047,103
1,30,2,87,43547,115
1,30,2,88,44047,100
1,30,2,89,44547,101
1,30,2,90,45047,89
1,30,2,91,45547,143
1,30,2,92,46047,60
1,30,2,93,46547,105
1,30,2,94,47047,91
1,30,2,95,47547,83
1,30,2,96,48047,105
1,30,2,97,48547,54
1,30,2,98,49047,90
1,30,2,99,49547,68
1,30,2,100,50047,55
1,30,2,101,50547,40
1,30,2,102,51047,87
1,30,2,103,51547,45
1,30,2,104,52047,89
1,30,2,105,52547,54
1,30,2,106,53047,89
1,30,2,107,53547,91
1,30,2,108,54047,43
1,30,2,109,54547,140
1,30,2,110,55047,71
1,30,2,111,55547,57
1,30,2,112,56047,101
1,30,2,113,56547,107
1,30,2,114,57047,38
1,30,2,115,57547,91
1,30,2,116,58047,111
1,30,2,117,58547,63
1,30,2,118,59047,53
1,30,2,119,59547,59
1,30,2,120,60047,135
1,30,2,121,60547,47
1,30,2,122,61047,124
1,30,2,123,61547,105
1,30,2,124,62047,36
1,30,2,125,62547,94
1,30,2,126,63047,89
1,30,2,127,63547,57
1,30,2,128,64047,91
1,30,2,129,64547,77
1,30,2,130,65047,76
1,30,2,131,65547,116
1,30,2,132,66047,70
1,30,2,133,66547,91
1,30,2,134,67047,101
1,30,2,135,67547,94
1,30,2,136,68047,90
1,30,2,137,68547,91
1,30,2,138,69047,93
1,30,2,139,69547,108
1,30,2,140,70047,59
1,30,2,141,70547,123
1,30,2,142,71047,84
1,30,2,143,71547,101
1,30,2,144,72047,103
1,30,2,145,72547,98
1,30,2,146,73047,103
1,30,2,147,73547,133
1,30,2,148,74047,57
1,30,2,149,74547,124
1,30,2,150,75047,105
1,30,2,151,75547,73
1,30,2,152,76047,94
1,30,2,153,76547,89
1,30,2,154,77047,93
1,30,2,155,77547,47
1,30,2,156,78047,127
1,30,2,157,78547,83
1,30,2,158,79047,87
1,30,2,159,79547,107
1,30,2,160,80047,93
1,30,2,161,80547,75
1,30,2,162,81047,71
1,30,2,163,81547,106
1,30,2,164,82047,36
1,30,2,165,82547,134
1,30,2,166,83047,73
1,30,2,167,83547,22
1,30,2,168,84047,147
1,30,2,169,84547,57
1,30,2,170,85047,33
1,30,2,171,85547,117
1,30,2,172,86047,79
1,30,2,173,86547,72
1,30,2,174,87047,141
1,30,2,175,87547,107
1,30,2,176,88047,83
1,30,2,177,88547,120
1,30,2,178,89047,57
1,30,2,179,89547,139
1,30,2,180,90047,75
1,30,2,181,90547,72
1,30,2,182,91047,135
1,30,2,183,91547,67
1,30,2,184,92047,125
1,30,2,185,92547,141
1,30,2,186,93047,52
1,30,2,187,93547,156
1,30,2,188,94047,103
1,30,2,189,94547,61
1,30,2,190,95047,121
1,30,2,191,95547,104
1,30,2,192,96047,60
1,30,2,193,96547,85
1,30,2,194,97047,123
1,30,2,195,97547,104
1,30,2,196,98047,36
1,30,2,197,98547,191
1,30,2,198,99047,81
1,30,2,199,99547,27
1,30,2,200,100047,122
1,30,2,201,100547,109
1,30,2,202,101047,53
1,30,2,203,101547,155
1,30,2,204,102047,78
1,30,2,205,102547,93
1,30,2,206,103047,123
1,30,2,207,103547,73
1,30,2,208,104047,92
1,30,2,209,104547,69
1,30,2,210,105047,73
1,30,2,211,105547,99
1,30,2,212,106047,59
1,30,2,213,106547,72
1,30,2,214,107047,84
1,30,2,215,107547,87
1,30,2,216,108047,45
1,30,2,217,108547,91
1,30,2,218,109047,90
1,30,2,219,109547,93
1,30,2,220,110047,99
1,30,2,221,110547,70
1,30,2,222,111047,119
1,30,2,223,111547,92
1,30,2,224,112047,141
1,30,2,225,112547,101
1,30,2,226,113047,132
1,30,2,227,113547,107
1,30,2,228,114047,51
1,30,2,229,114547,105
1,30,2,230,115047,79
1,30,2,231,115547,99
1,30,2,232,116047,53
1,30,2,233,116547,109
1,30,2,234,117047,43
1,30,2,235,117547,89
1,30,2,236,118047,27
1,30,2,237,118547,120
1,30,2,238,119047,47
1,30,2,239,119547,83
1,30,2,240,120047,83
1,30,2,241,120547,61
1,30,2,242,121047,117
1,30,2,243,121547,45
1,30,2,244,122047,91
1,30,2,245,122547,91
1,30,2,246,123047,87
1,30,2,247,123547,94
1,30,2,248,124047,71
1,30,2,249,124547,79
1,30,2,250,125047,67
1,30,2,251,125547,93
1,30,2,252,126047,50
1,30,2,253,126547,75
1,30,2,254,127047,75
1,30,2,255,127547,70
1,30,2,256,128047,50
1,30,2,257,128547,89
1,30,2,258,129047,27
1,30,2,259,129547,95
1,30,2,260,130047,39
1,30,2,261,130547,8
1,30,2,262,131047,4
1,30,2,263,131547,83
1,30,2,264,132047,27
1,30,2,265,132547,103
1,30,2,266,133047,39
1,30,2,267,133547,107
1,30,2,268,134047,43
1,30,2,269,134547,75
1,30,2,270,135047,79
1,30,2,271,135547,87
1,30,2,272,136047,31
1,30,2,273,136547,142
1,30,2,274,137047,60
1,30,2,275,137547,53
1,30,2,276,138047,85
1,30,2,277,138547,26
1,30,2,278,139047,135
1,30,2,279,139547,71
1,30,2,280,140047,25
1,30,2,281,140547,111
1,30,2,282,141047,59
1,30,2,283,141547,18
1,30,2,284,142047,141
1,30,2,285,142547,51
1,30,2,286,143047,124
1,30,2,287,143547,83
1,30,2,288,144047,61
1,30,2,289,144547,107
1,30,2,290,145047,92
1,30,2,291,145547,30
1,30,2,292,146047,41
1,30,2,293,146547,92
1,30,2,294,147047,41
1,30,2,295,147547,53
1,30,2,296,148047,85
1,30,2,297,148547,71
1,30,2,298,149047,47
1,30,2,299,149547,120
1,30,2,300,150047,106
1,30,2,301,150547,35
1,30,2,302,151047,121
1,30,2,303,151547,113
1,30,2,304,152047,100
1,30,2,305,152547,119
1,30,2,306,153047,117
1,30,2,307,153547,117
1,30,2,308,154047,117
1,30,2,309,154547,139
1,30,2,310,155047,75
1,30,2,311,155547,174
1,30,2,312,156047,85
1,30,2,313,156547,159
1,30,2,314,157047,111
1,30,2,315,157547,111
1,30,2,316,158047,139
1,30,2,317,158547,75
1,30,2,318,159047,138
1,30,2,319,159547,123
1,30,2,320,160047,138
1,30,2,321,160547,116
1,30,2,322,161047,133
1,30,2,323,161547,103
1,30,2,324,162047,150
1,30,2,325,162547,91
1,30,2,326,163047,167
1,30,2,327,163547,117
1,30,2,328,164047,147
1,30,2,329,164547,141
1,30,2,330,165047,166
1,30,2,331,165547,136
1,30,2,332,166047,134
1,30,2,333,166547,159
1,30,2,334,167047,109
1,30,2,335,167547,140
1,30,2,336,168047,104
1,30,2,337,168547,115
1,30,2,338,169047,116
1,30,2,339,169547,94
1,30,2,340,170047,125
1,30,2,341,170547,114
1,30,2,342,171047,101
1,30,2,343,171547,115
1,30,2,344,172047,133
1,30,2,345,172547,98
1,30,2,346,173047,125
1,30,2,347,173547,119
1,30,2,348,174047,71
1,30,2,349,174547,151
1,30,2,350,175047,86
1,30,2,351,175547,89
1,30,2,352,176047,138
1,30,2,353,176547,69
1,30,2,354,177047,104
1,30,2,355,177547,94
1,30,2,356,178047,149
1,30,2,357,178547,57
1,30,2,358,179047,146
1,30,2,359,179547,117
1,30,2,360,180047,95
1,30,2,361,180547,105
1,30,2,362,181047,93
1,30,2,363,181547,102
1,30,2,364,182047,77
1,30,2,365,182547,81
1,30,2,366,183047,26
1,30,2,367,183547,148
1,30,2,368,184047,59
1,30,2,369,184547,91
1,30,2,370,185047,124
1,30,2,371,185547,44
1,30,2,372,186047,115
1,30,2,373,186547,103
1,30,2,374,187047,63
1,30,2,375,187547,85
1,30,2,376,188047,143
1,30,2,377,188547,53
1,30,2,378,189047,137
1,30,2,379,189547,87
1,30,2,380,190047,93
1,30,2,381,190547,60
1,30,2,382,191047,117
1,30,2,383,191547,57
1,30,2,384,192047,74
1,30,2,385,192547,69
1,30,2,386,193047,73
1,30,2,387,193547,68
1,30,2,388,194047,55
1,30,2,389,194547,57
1,30,2,390,195047,55
1,30,2,391,195547,74
1,30,2,392,196047,29
1,30,2,393,196547,63
1,30,2,394,197047,27
1,30,2,395,197547,76
1,30,2,396,198047,23
1,30,2,397,198547,45
1,30,2,398,199047,71
1,30,2,399,199547,25
1,30,2,400,200047,77
1,30,2,401,200547,27
1,30,2,402,201047,87
1,30,2,403,201547,61
1,30,2,404,202047,19
1,30,2,405,202547,83
1,30,2,406,203047,77
1,30,2,407,203547,23
1,30,2,408,204047,71
1,30,2,409,204547,87
1,30,2,410,205047,31
1,30,2,411,205547,20
1,30,2,412,206047,55
1,30,2,413,206547,45
1,30,2,414,207047,41
1,30,2,415,207547,63
1,30,2,416,208047,23
1,30,2,417,208547,57
1,30,2,418,209047,44
1,30,2,419,209547,17
1,30,2,420,210047,53
1,30,2,421,210547,33
1,30,2,422,211047,13
1,30,2,423,211547,63
1,30,2,424,212047,26
1,30,2,425,212547,53
1,30,2,426,213047,56
1,30,2,427,213547,17
1,30,2,428,214047,62
1,30,2,429,214547,29
1,30,2,430,215047,78
1,30,2,431,215547,25
1,30,2,432,216047,20
1,30,2,433,216547,69
1,30,2,434,217047,21
1,30,2,435,217547,58
1,30,2,436,218047,43
1,30,2,437,218547,9
1,30,2,438,219047,51
1,30,2,439,219547,35
1,30,2,440,220047,30
1,30,2,441,220547,85
1,30,2,442,221047,43
1,30,2,443,221547,55
1,30,2,444,222047,39
1,30,2,445,222547,35
1,30,2,446,223047,30
1,30,2,447,223547,57
1,30,2,448,224047,39
1,30,2,449,224547,8
1,30,2,450,225047,43
1,30,2,451,225547,21
1,30,2,452,226047,47
1,30,2,453,226547,19
1,30,2,454,227047,59
1,30,2,455,227547,23
1,30,2,456,228047,25
1,30,2,457,228547,41
1,30,2,458,229047,9
1,30,2,459,229547,45
1,30,2,460,230047,59
1,30,2,461,230547,27
1,30,2,462,231047,53
1,30,2,463,231547,39
1,30,2,464,232047,55
1,30,2,465,232547,53
1,30,2,466,233047,70
1,30,2,467,233547,74
1,30,2,468,234047,39
1,30,2,469,234547,69
1,30,2,470,235047,55
1,30,2,471,235547,58
1,30,2,472,236047,37
1,30,2,473,236547,46
1,30,2,474,237047,39
1,30,2,475,237547,75
1,30,2,476,238047,46
1,30,2,477,238547,43
1,30,2,478,239047,68
1,30,2,479,239547,107
1,30,2,480,240047,40
1,30,2,481,240547,75
1,30,2,482,241047,86
1,30,2,483,241547,29
1,30,2,484,242047,71
1,30,2,485,242547,78
1,30,2,486,243047,24
1,30,2,487,243547,85
1,30,2,488,244047,50
1,30,2,489,244547,21
1,30,2,490,245047,101
1,30,2,491,245547,71
1,30,2,492,246047,21
1,30,2,493,246547,77
1,30,2,494,247047,86
1,30,2,495,247547,37
1,30,2,496,248047,71
1,30,2,497,248547,104
1,30,2,498,249047,37
1,30,2,499,249547,105
1,30,2,500,250047,37
1,30,2,501,250547,101
1,30,2,502,251047,37
1,30,2,503,251547,75
1,30,2,504,252047,109
1,30,2,505,252547,59
1,30,2,506,253047,47
1,30,2,507,253547,107
1,30,2,508,254047,64
1,30,2,509,254547,77
1,30,2,510,255047,79
1,30,2,511,255547,103
1,30,2,512,256047,67
1,30,2,513,256547,39
1,30,2,514,257047,94
1,30,2,515,257547,60
1,30,2,516,258047,61
1,30,2,517,258547,77
1,30,2,518,259047,61
1,30,2,519,259547,82
1,30,2,520,260047,37
1,30,2,521,260547,103
1,30,2,522,261047,69
1,30,2,523,261547,72
1,30,2,524,262047,61
1,30,2,525,262547,86
1,30,2,526,263047,42
1,30,2,527,263547,74
1,30,2,528,264047,89
1,30,2,529,264547,50
1,30,2,530,265047,90
1,30,2,531,265547,67
1,30,2,532,266047,85
1,30,2,533,266547,47
1,30,2,534,267047,59
1,30,2,535,267547,62
1,30,2,536,268047,47
1,30,2,537,268547,13
1,30,2,538,269047,103
1,30,2,539,269547,35
1,30,2,540,270047,13
1,30,2,541,270547,101
1,30,2,542,271047,37
1,30,2,543,271547,59
1,30,2,544,272047,57
1,30,2,545,272547,29
1,30,2,546,273047,69
1,30,2,547,273547,103
1,30,2,548,274047,37
1,30,2,549,274547,58
1,30,2,550,275047,114
1,30,2,551,275547,59
1,30,2,552,276047,52
1,30,2,553,276547,85
1,30,2,554,277047,55
1,30,2,555,277547,38
1,30,2,556,278047,87
1,30,2,557,278547,29
1,30,2,558,279047,89
1,30,2,559,279547,27
1,30,2,560,280047,42
1,30,2,561,280547,59
1,30,2,562,281047,31
1,30,2,563,281547,95
1,30,2,564,282047,37
1,30,2,565,282547,61
1,30,2,566,283047,83
1,30,2,567,283547,30
1,30,2,568,284047,79
1,30,2,569,284547,67
1,30,2,570,285047,85
1,30,2,571,285547,27
1,30,2,572,286047,103
1,30,2,573,286547,37
1,30,2,574,287047,86
1,30,2,575,287547,36
1,30,2,576,288047,57
1,30,2,577,288547,111
1,30,2,578,289047,37
1,30,2,579,289547,41
1,30,2,580,290047,92
1,30,2,581,290547,29
1,30,2,582,291047,87
1,30,2,583,291547,83
1,30,2,584,292047,41
1,30,2,585,292547,60
1,30,2,586,293047,103
1,30,2,587,293547,39
1,30,2,588,294047,87
1,30,2,589,294547,61
1,30,2,590,295047,51
1,30,2,591,295547,57
1,30,2,592,296047,90
1,30,2,593,296547,63
1,30,2,594,297047,58
1,30,2,595,297547,88
1,30,2,596,298047,69
1,30,2,597,298547,30
1,30,2,598,299047,63
1,30,2,599,299547,103
1,30,2,600,300047,35
1,30,2,601,300547,93
1,30,2,602,301047,99
1,30,2,603,301547,31
1,30,2,604,302047,125
1,30,2,605,302547,79
1,30,2,606,303047,79
1,30,2,607,303547,135
1,30,2,608,304047,57
1,30,2,609,304547,93
1,30,2,610,305047,99
1,30,2,611,305547,91
1,30,2,612,306047,60
1,30,2,613,306547,38
1,30,2,614,307047,169
1,30,2,615,307547,63
1,30,2,616,308047,110
1,30,2,617,308547,108
1,30,2,618,309047,82
1,30,2,619,309547,103
1,30,2,620,310047,170
1,30,2,621,310547,81
1,30,2,622,311047,185
1,30,2,623,311547,123
1,30,2,624,312047,122
1,30,2,625,312547,155
1,30,2,626,313047,115
1,30,2,627,313547,135
1,30,2,628,314047,121
1,30,2,629,314547,123
1,30,2,630,315047,153
1,30,2,631,315547,132
1,30,2,632,316047,151
1,30,2,633,316547,120
1,30,2,634,317047,191
1,30,2,635,317547,137
1,30,2,636,318047,153
1,30,2,637,318547,189
1,30,2,638,319047,151
1,30,2,639,319547,142
1,30,2,640,320047,153
1,30,2,641,320547,167
1,30,2,642,321047,110
1,30,2,643,321547,159
1,30,2,644,322047,147
1,30,2,645,322547,159
1,30,2,646,323047,141
1,30,2,647,323547,163
1,30,2,648,324047,164
1,30,2,649,324547,163
1,30,2,650,325047,147
1,30,2,651,325547,180
1,30,2,652,326047,157
1,30,2,653,326547,135
1,30,2,654,327047,200
1,30,2,655,327547,137
1,30,2,656,328047,197
1,30,2,657,328547,167
1,30,2,658,329047,142
1,30,2,659,329547,199
1,30,2,660,330047,176
1,30,2,661,330547,142
1,30,2,662,331047,205
1,30,2,663,331547,179
1,30,2,664,332047,149
1,30,2,665,332547,181
1,30,2,666,333047,152
1,30,2,667,333547,147
1,30,2,668,334047,220
1,30,2,669,334547,139
1,30,2,670,335047,156
1,30,2,671,335547,190
1,30,2,672,336047,137
1,30,2,673,336547,207
1,30,2,674,337047,149
1,30,2,675,337547,179
1,30,2,676,338047,155
1,30,2,677,338547,167
1,30,2,678,339047,163
1,30,2,679,339547,169
1,30,2,680,340047,175
1,30,2,681,340547,137
1,30,2,682,341047,183
1,30,2,683,341547,105
1,30,2,684,342047,184
1,30,2,685,342547,133
1,30,2,686,343047,150
1,30,2,687,343547,148
1,30,2,688,344047,173
1,30,2,689,344547,156
1,30,2,690,345047,173
1,30,2,691,345547,143
1,30,2,692,346047,159
1,30,2,693,346547,171
1,30,2,694,347047,108
1,30,2,695,347547,150
1,30,2,696,348047,149
1,30,2,697,348547,91
1,30,2,698,349047,149
1,30,2,699,349547,107
1,30,2,700,350047,105
1,30,2,701,350547,101
1,30,2,702,351047,172
1,30,2,703,351547,101
1,30,2,704,352047,70
1,30,2,705,352547,152
1,30,2,706,353047,119
1,30,2,707,353547,73
1,30,2,708,354047,168
1,30,2,709,354547,82
1,30,2,710,355047,93
1,30,2,711,355547,155
1,30,2,712,356047,63
1,30,2,713,356547,153
1,30,2,714,357047,68
1,30,2,715,357547,117
1,30,2,716,358047,110
1,30,2,717,358547,39
1,30,2,718,359047,104
1,30,2,719,359547,73
1,30,2,720,360047,44
1,30,2,721,360547,103
1,30,2,722,361047,41
1,30,2,723,361547,19
1,30,2,724,362047,25
1,30,2,725,362547,40
1,30,2,726,363047,9
1,30,2,727,363547,72
1,30,2,728,364047,47
1,30,2,729,364547,93
1,30,2,730,365047,45
1,30,2,731,365547,72
1,30,2,732,366047,121
1,30,2,733,366547,57
1,30,2,734,367047,99
1,30,2,735,367547,59
1,30,2,736,368047,85
1,30,2,737,368547,57
1,30,2,738,369047,83
1,30,2,739,369547,93
1,30,2,740,370047,31
1,30,2,741,370547,79
1,30,2,742,371047,41
1,30,2,743,371547,67
1,30,2,744,372047,53
1,30,2,745,372547,89
1,30,2,746,373047,35
1,30,2,747,373547,63
1,30,2,748,374047,85
1,30,2,749,374547,58
1,30,2,750,375047,44
1,30,2,751,375547,70
1,30,2,752,376047,89
1,30,2,753,376547,51
1,30,2,754,377047,99
1,30,2,755,377547,103
1,30,2,756,378047,47
1,30,2,757,378547,107
1,30,2,758,379047,73
1,30,2,759,379547,70
1,30,2,760,380047,45
1,30,2,761,380547,119
1,30,2,762,381047,47
1,30,2,763,381547,74
1,30,2,764,382047,103
1,30,2,765,382547,57
1,30,2,766,383047,123
1,30,2,767,383547,103
1,30,2,768,384047,75
1,30,2,769,384547,95
1,30,2,770,385047,114
1,30,2,771,385547,111
1,30,2,772,386047,44
1,30,2,773,386547,135
1,30,2,774,387047,94
1,30,2,775,387547,42
1,30,2,776,388047,155
1,30,2,777,388547,74
1,30,2,778,389047,107
1,30,2,779,389547,83
1,30,2,780,390047,101
1,30,2,781,390547,52
1,30,2,782,391047,39
1,30,2,783,391547,86
1,30,2,784,392047,85
1,30,2,785,392547,73
1,30,2,786,393047,98
1,30,2,787,393547,92
1,30,2,788,394047,107
1,30,2,789,394547,89
1,30,2,790,395047,111
1,30,2,791,395547,91
1,30,2,792,396047,144
1,30,2,793,396547,95
1,30,2,794,397047,87
1,30,2,795,397547,109
1,30,2,796,398047,101
1,30,2,797,398547,71
1,30,2,798,399047,86
1,30,2,799,399547,89
1,30,2,800,400047,71
1,30,2,801,400547,71
1,30,2,802,401047,111
1,30,2,803,401547,71
1,30,2,804,402047,101
1,30,2,805,402547,101
1,30,2,806,403047,121
1,30,2,807,403547,90
1,30,2,808,404047,120
1,30,2,809,404547,109
1,30,2,810,405047,149
1,30,2,811,405547,89
1,30,2,812,406047,134
1,30,2,813,406547,127
1,30,2,814,407047,45
1,30,2,815,407547,151
1,30,2,816,408047,83
1,30,2,817,408547,76
1,30,2,818,409047,148
1,30,2,819,409547,75
1,30,2,820,410047,110
1,30,2,821,410547,93
1,30,2,822,411047,96
1,30,2,823,411547,106
1,30,2,824,412047,119
1,30,2,825,412547,43
1,30,2,826,413047,147
1,30,2,827,413547,62
1,30,2,828,414047,135
1,30,2,829,414547,117
1,30,2,830,415047,53
1,30,2,831,415547,141
1,30,2,832,416047,137
1,30,2,833,416547,47
1,30,2,834,417047,181
1,30,2,835,417547,87
1,30,2,836,418047,125
1,30,2,837,418547,119
1,30,2,838,419047,136
1,30,2,839,419547,99
1,30,2,840,420047,137
1,30,2,841,420547,141
1,30,2,842,421047,69
1,30,2,843,421547,154
1,30,2,844,422047,157
1,30,2,845,422547,86
1,30,2,846,423047,165
1,30,2,847,423547,149
1,30,2,848,424047,138
1,30,2,849,424547,143
1,30,2,850,425047,123
1,30,2,851,425547,151
1,30,2,852,426047,125
1,30,2,853,426547,85
1,30,2,854,427047,143
1,30,2,855,427547,120
1,30,2,856,428047,83
1,30,2,857,428547,105
1,30,2,858,429047,151
1,30,2,859,429547,88
1,30,2,860,430047,111
1,30,2,861,430547,143
1,30,2,862,431047,108
1,30,2,863,431547,159
1,30,2,864,432047,122
1,30,2,865,432547,137
1,30,2,866,433047,173
1,30,2,867,433547,115
1,30,2,868,434047,154
1,30,2,869,434547,99
1,30,2,870,435047,137
1,30,2,871,435547,163
1,30,2,872,436047,103
1,30,2,873,436547,109
1,30,2,874,437047,174
1,30,2,875,437547,117
1,30,2,876,438047,100
1,30,2,877,438547,175
1,30,2,878,439047,111
1,30,2,879,439547,120
1,30,2,880,440047,109
1,30,2,881,440547,137
1,30,2,882,441047,105
1,30,2,883,441547,137
1,30,2,884,442047,136
1,30,2,885,442547,151
1,30,2,886,443047,109
1,30,2,887,443547,122
1,30,2,888,444047,116
1,30,2,889,444547,148
1,30,2,890,445047,55
1,30,2,891,445547,159
1,30,2,892,446047,104
1,30,2,893,446547,95
1,30,2,894,447047,141
1,30,2,895,447547,99
1,30,2,896,448047,105
1,30,2,897,448547,142
1,30,2,898,449047,63
1,30,2,899,449547,117
1,30,2,900,450047,93
1,30,2,901,450547,103
1,30,2,902,451047,141
1,30,2,903,451547,81
1,30,2,904,452047,83
1,30,2,905,452547,95
1,30,2,906,453047,95
1,30,2,907,453547,69
1,30,2,908,454047,120
1,30,2,909,454547,88
1,30,2,910,455047,103
1,30,2,911,455547,109
1,30,2,912,456047,75
1,30,2,913,456547,116
1,30,2,914,457047,71
1,30,2,915,457547,62
1,30,2,916,458047,152
1,30,2,917,458547,55
1,30,2,918,459047,151
1,30,2,919,459547,101
1,30,2,920,460047,109
1,30,2,921,460547,101
1,30,2,922,461047,94
1,30,2,923,461547,89
1,30,2,924,462047,93
1,30,2,925,462547,91
1,30,2,926,463047,73
1,30,2,927,463547,106
1,30,2,928,464047,95
1,30,2,929,464547,74
1,30,2,930,465047,101
1,30,2,931,465547,78
1,30,2,932,466047,122
1,30,2,933,466547,69
1,30,2,934,467047,59
1,30,2,935,467547,136
1,30,2,936,468047,55
1,30,2,937,468547,115
1,30,2,938,469047,85
1,30,2,939,469547,100
1,30,2,940,470047,98
1,30,2,941,470547,101
1,30,2,942,471047,118
1,30,2,943,471547,57
1,30,2,944,472047,126
1,30,2,945,472547,94
1,30,2,946,473047,101
1,30,2,947,473547,80
1,30,2,948,474047,139
1,30,2,949,474547,77
1,30,2,950,475047,107
1,30,2,951,475547,109
1,30,2,952,476047,53
1,30,2,953,476547,104
1,30,2,954,477047,93
1,30,2,955,477547,51
1,30,2,956,478047,105
1,30,2,957,478547,79
1,30,2,958,479047,50
1,30,2,959,479547,88
1,30,2,960,480047,71
1,30,2,961,480547,41
1,30,2,962,481047,73
1,30,2,963,481547,102
1,30,2,964,482047,44
1,30,2,965,482547,45
1,30,2,966,483047,91
1,30,2,967,483547,85
1,30,2,968,484047,26
1,30,2,969,484547,117
1,30,2,970,485047,63
1,30,2,971,485547,101
1,30,2,972,486047,52
1,30,2,973,486547,74
1,30,2,974,487047,115
1,30,2,975,487547,60
1,30,2,976,488047,55
1,30,2,977,488547,83
1,30,2,978,489047,74
1,30,2,979,489547,41
1,30,2,980,490047,84
1,30,2,981,490547,61
1,30,2,982,491047,53
1,30,2,983,491547,76
1,30,2,984,492047,73
1,30,2,985,492547,22
1,30,2,986,493047,54
1,30,2,987,493547,82
1,30,2,988,494047,41
1,30,2,989,494547,25
1,30,2,990,495047,62
1,30,2,991,495547,28
1,30,2,992,496047,75
1,30,2,993,496547,57
1,30,2,994,497047,39
1,30,2,995,497547,35
1,30,2,996,498047,103
1,30,2,997,498547,60
1,30,2,998,499047,41
1,30,2,999,499547,83
1,30,2,1000,500047,101
1,30,2,1001,500547,43
1,30,2,1002,501047,77
1,30,2,1003,501547,73
1,30,2,1004,502047,41
1,30,2,1005,502547,72
1,30,2,1006,503047,40
1,30,2,1007,503547,64
1,30,2,1008,504047,29
1,30,2,1009,504547,69
1,30,2,1010,505047,48
1,30,2,1011,505547,13
1,30,2,1012,506047,107
1,30,2,1013,506547,38
1,30,2,1014,507047,55
1,30,2,1015,507547,71
1,30,2,1016,508047,73
1,30,2,1017,508547,56
1,30,2,1018,509047,89
1,30,2,1019,509547,69
1,30,2,1020,510047,58
1,30,2,1021,510547,58
1,30,2,1022,511047,21
1,30,2,1023,511547,69
1,30,2,1024,512047,33
1,30,2,1025,512547,53
1,30,2,1026,513047,40
1,30,2,1027,513547,60
1,30,2,1028,514047,89
1,30,2,1029,514547,27
1,30,2,1030,515047,91
1,30,2,1031,515547,57
1,30,2,1032,516047,45
1,30,2,1033,516547,87
1,30,2,1034,517047,53
1,30,2,1035,517547,55
1,30,2,1036,518047,93
1,30,2,1037,518547,69
1,30,2,1038,519047,46
1,30,2,1039,519547,91
1,30,2,1040,520047,63
1,30,2,1041,520547,61
1,30,2,1042,521047,85
1,30,2,1043,521547,78
1,30,2,1044,522047,25
1,30,2,1045,522547,127
1,30,2,1046,523047,47
1,30,2,1047,523547,13
1,30,2,1048,524047,59
1,30,2,1049,524547,17
1,30,2,1050,525047,63
1,30,2,1051,525547,69
1,30,2,1052,526047,41
1,30,2,1053,526547,105
1,30,2,1054,527047,55
1,30,2,1055,527547,47
1,30,2,1056,528047,54
1,30,2,1057,528547,43
1,30,2,1058,529047,9
1,30,2,1059,529547,96
1,30,2,1060,530047,33
1,30,2,1061,530547,16
1,30,2,1062,531047,59
1,30,2,1063,531547,53
1,30,2,1064,532047,13
1,30,2,1065,532547,63
1,30,2,1066,533047,93
1,30,2,1067,533547,35
1,30,2,1068,534047,100
1,30,2,1069,534547,70
1,30,2,1070,535047,21
1,30,2,1071,535547,62
1,30,2,1072,536047,51
1,30,2,1073,536547,35
1,30,2,1074,537047,9
1,30,2,1075,537547,85
1,30,2,1076,538047,27
1,30,2,1077,538547,29
1,30,2,1078,539047,79
1,30,2,1079,539547,42
1,30,2,1080,540047,9
1,30,2,1081,540547,93
1,30,2,1082,541047,29
1,30,2,1083,541547,20
1,30,2,1084,542047,27
1,30,2,1085,542547,39
1,30,2,1086,543047,13
1,30,2,1087,543547,21
1,30,2,1088,544047,55
1,30,2,1089,544547,48
1,30,2,1090,545047,17
1,30,2,1091,545547,47
1,30,2,1092,546047,78
1,30,2,1093,546547,25
1,30,2,1094,547047,22
1,30,2,1095,547547,37
1,30,2,1096,548047,25
1,30,2,1097,548547,10
1,30,2,1098,549047,0
1,30,2,1099,549547,51
1,30,2,1100,550047,12
1,30,2,1101,550547,0
1,30,2,1102,551047,43
1,30,2,1103,551547,9
1,30,2,1104,552047,77
1,30,2,1105,552547,25
1,30,2,1106,553047,9
1,30,2,1107,553547,59
1,30,2,1108,554047,17
1,30,2,1109,554547,19
1,30,2,1110,555047,7
1,30,2,1111,555547,2
1,30,2,1112,556047,17
1,30,2,1113,556547,10
1,30,2,1114,557047,0
1,30,2,1115,557547,0
1,30,2,1116,558047,9
1,30,2,1117,558547,28
1,30,2,1118,559047,5
1,30,2,1119,559547,0
1,30,2,1120,560047,45
1,30,2,1121,560547,16
1,30,2,1122,561047,0
1,30,2,1123,561547,47
1,30,2,1124,562047,11
1,30,2,1125,562547,23
1,30,2,1126,563047,39
1,30,2,1127,563547,7
1,30,2,1128,564047,0
1,30,2,1129,564547,53
1,30,2,1130,565047,24
1,30,2,1131,565547,3
1,30,2,1132,566047,0
1,30,2,1133,566547,23
1,30,2,1134,567047,2
1,30,2,1135,567547,11
1,30,2,1136,568047,0
1,30,2,1137,568547,0
1,30,2,1138,569047,0
1,30,2,1139,569547,28
1,30,2,1140,570047,6
1,30,2,1141,570547,0
1,30,2,1142,571047,46
1,30,2,1143,571547,11
1,30,2,1144,572047,0
1,30,2,1145,572547,21
1,30,2,1146,573047,2
1,30,2,1147,573547,29
1,30,2,1148,574047,5
1,30,2,1149,574547,0
1,30,2,1150,575047,31
1,30,2,1151,575547,7
1,30,2,1152,576047,46
1,30,2,1153,576547,21
1,30,2,1154,577047,1
1,30,2,1155,577547,23
1,30,2,1156,578047,12
1,30,2,1157,578547,0
1,30,2,1158,579047,26
1,30,2,1159,579547,3
1,30,2,1160,580047,30
1,30,2,1161,580547,8
1,30,2,1162,581047,5
1,30,2,1163,581547,24
1,30,2,1164,582047,3
1,30,2,1165,582547,39
1,30,2,1166,583047,20
1,30,2,1167,583547,2
1,30,2,1168,584047,7
1,30,2,1169,584547,9
1,30,2,1170,585047,0
1,30,2,1171,585547,23
1,30,2,1172,586047,16
1,30,2,1173,586547,31
1,30,2,1174,587047,26
1,30,2,1175,587547,77
1,30,2,1176,588047,51
1,30,2,1177,588547,12
1,30,2,1178,589047,3
1,30,2,1179,589547,30
1,30,2,1180,590047,5
1,30,2,1181,590547,0
1,30,2,1182,591047,43
1,30,2,1183,591547,8
1,30,2,1184,592047,23
1,30,2,1185,592547,38
1,30,2,1186,593047,19
1,30,2,1187,593547,43
1,30,2,1188,594047,17
1,30,2,1189,594547,53
1,30,2,1190,595047,37
1,30,2,1191,595547,8
1,30,2,1192,596047,87
1,30,2,1193,596547,29
1,30,2,1194,597047,33
1,30,2,1195,597547,37
1,30,2,1196,598047,67
1,30,2,1197,598547,28
1,30,2,1198,599047,68
1,30,2,1199,599547,79
1,30,2,1200,600047,27
1,30,2,1201,600547,91
1,30,2,1202,601047,89
1,30,2,1203,601547,28
1,30,2,1204,602047,92
1,30,2,1205,602547,39
1,30,2,1206,603047,85
1,30,2,1207,603547,26
1,30,2,1208,604047,83
1,30,2,1209,604547,44
1,30,2,1210,605047,84
1,30,2,1211,605547,57
1,30,2,1212,606047,24
1,30,2,1213,606547,59
1,30,2,1214,607047,93
1,30,2,1215,607547,30
1,30,2,1216,608047,69
1,30,2,1217,608547,102
1,30,2,1218,609047,33
1,30,2,1219,609547,29
1,30,2,1220,610047,101
1,30,2,1221,610547,35
1,30,2,1222,611047,67
1,30,2,1223,611547,101
1,30,2,1224,612047,68
1,30,2,1225,612547,107
1,30,2,1226,613047,87
1,30,2,1227,613547,84
1,30,2,1228,614047,105
1,30,2,1229,614547,76
1,30,2,1230,615047,83
1,30,2,1231,615547,45
1,30,2,1232,616047,77
1,30,2,1233,616547,51
1,30,2,1234,617047,75
1,30,2,1235,617547,33
1,30,2,1236,618047,104
1,30,2,1237,618547,41
1,30,2,1238,619047,87
1,30,2,1239,619547,71
1,30,2,1240,620047,29
1,30,2,1241,620547,99
1,30,2,1242,621047,39
1,30,2,1243,621547,91
1,30,2,1244,622047,29
1,30,2,1245,622547,72
1,30,2,1246,623047,21
1,30,2,1247,623547,53
1,30,2,1248,624047,17
1,30,2,1249,624547,93
1,30,2,1250,625047,39
1,30,2,1251,625547,9
1,30,2,1252,626047,69
1,30,2,1253,626547,44
1,30,2,1254,627047,36
1,30,2,1255,627547,40
1,30,2,1256,628047,54
1,30,2,1257,628547,30
1,30,2,1258,629047,6
1,30,2,1259,629547,17
1,30,2,1260,630047,35
1,30,2,1261,630547,7
1,30,2,1262,631047,21
1,30,2,1263,631547,59
1,30,2,1264,632047,17
1,30,2,1265,632547,9
1,30,2,1266,633047,36
1,30,2,1267,633547,8
1,30,2,1268,634047,18
1,30,2,1269,634547,23
1,30,2,1270,635047,1
1,30,2,1271,635547,1
1,30,2,1272,636047,9
1,30,2,1273,636547,16
1,30,2,1274,637047,43
1,30,2,1275,637547,10
1,30,2,1276,638047,0
1,30,2,1277,638547,16
1,30,2,1278,639047,5
1,30,2,1279,639547,0
1,30,2,1280,640047,7
1,30,2,1281,640547,0
1,30,2,1282,641047,14
1,30,2,1283,641547,0
1,30,2,1284,642047,0
1,30,2,1285,642547,3
1,30,2,1286,643047,0
1,30,2,1287,643547,0
1,30,2,1288,644047,0
1,30,2,1289,644547,6
1,30,2,1290,645047,0
1,30,2,1291,645547,5
1,30,2,1292,646047,0
1,30,2,1293,646547,0
1,30,2,1294,647047,0
1,30,2,1295,647547,0
1,30,2,1296,648047,0
1,30,2,1297,648547,13
1,30,2,1298,649047,0
1,30,2,1299,649547,23
1,30,2,1300,650047,4
1,30,2,1301,650547,0
1,30,2,1302,651047,40
1,30,2,1303,651547,12
1,30,2,1304,652047,0
1,30,2,1305,652547,37
1,30,2,1306,653047,7
1,30,2,1307,653547,0
1,30,2,1308,654047,30
1,30,2,1309,654547,5
1,30,2,1310,655047,0
1,30,2,1311,655547,10
1,30,2,1312,656047,8
1,30,2,1313,656547,0
1,30,2,1314,657047,6
1,30,2,1315,657547,3
1,30,2,1316,658047,51
1,30,2,1317,658547,13
1,30,2,1318,659047,0
1,30,2,1319,659547,31
1,30,2,1320,660047,5
1,30,2,1321,660547,0
1,30,2,1322,661047,19
1,30,2,1323,661547,11
1,30,2,1324,662047,0
1,30,2,1325,662547,41
1,30,2,1326,663047,10
1,30,2,1327,663547,25
1,30,2,1328,664047,25
1,30,2,1329,664547,4
1,30,2,1330,665047,53
1,30,2,1331,665547,14
1,30,2,1332,666047,0
1,30,2,1333,666547,0
1,30,2,1334,667047,53
1,30,2,1335,667547,13
1,30,2,1336,668047,0
1,30,2,1337,668547,37
1,30,2,1338,669047,10
1,30,2,1339,669547,0
1,30,2,1340,670047,27
1,30,2,1341,670547,5
1,30,2,1342,671047,0
1,30,2,1343,671547,9
1,30,2,1344,672047,56
1,30,2,1345,672547,21
1,30,2,1346,673047,1
1,30,2,1347,673547,36
1,30,2,1348,674047,7
1,30,2,1349,674547,21
1,30,2,1350,675047,23
1,30,2,1351,675547,3
1,30,2,1352,676047,35
1,30,2,1353,676547,25
1,30,2,1354,677047,3
1,30,2,1355,677547,33
1,30,2,1356,678047,21
1,30,2,1357,678547,3
1,30,2,1358,679047,28
1,30,2,1359,679547,39
1,30,2,1360,680047,9
1,30,2,1361,680547,45
1,30,2,1362,681047,19
1,30,2,1363,681547,1
1,30,2,1364,682047,47
1,30,2,1365,682547,12
1,30,2,1366,683047,27
1,30,2,1367,683547,5
1,30,2,1368,684047,7
1,30,2,1369,684547,0
1,30,2,1370,685047,22
1,30,2,1371,685547,16
1,30,2,1372,686047,11
1,30,2,1373,686547,55
1,30,2,1374,687047,53
1,30,2,1375,687547,17
1,30,2,1376,688047,31
1,30,2,1377,688547,71
1,30,2,1378,689047,21
1,30,2,1379,689547,87
1,30,2,1380,690047,29
1,30,2,1381,690547,19
1,30,2,1382,691047,31
1,30,2,1383,691547,39
1,30,2,1384,692047,29
1,30,2,1385,692547,45
1,30,2,1386,693047,43
1,30,2,1387,693547,10
1,30,2,1388,694047,48
1,30,2,1389,694547,25
1,30,2,1390,695047,17
1,30,2,1391,695547,75
1,30,2,1392,696047,35
1,30,2,1393,696547,12
1,30,2,1394,697047,100
1,30,2,1395,697547,36
1,30,2,1396,698047,33
1,30,2,1397,698547,71
1,30,2,1398,699047,23
1,30,2,1399,699547,107
1,30,2,1400,700047,43
1,30,2,1401,700547,11
1,30,2,1402,701047,75
1,30,2,1403,701547,35
1,30,2,1404,702047,62
1,30,2,1405,702547,117
1,30,2,1406,703047,53
1,30,2,1407,703547,63
1,30,2,1408,704047,91
1,30,2,1409,704547,75
1,30,2,1410,705047,41
1,30,2,1411,705547,91
1,30,2,1412,706047,77
1,30,2,1413,706547,61
1,30,2,1414,707047,92
1,30,2,1415,707547,49
1,30,2,1416,708047,101
1,30,2,1417,708547,45
1,30,2,1418,709047,62
1,30,2,1419,709547,39
1,30,2,1420,710047,56
1,30,2,1421,710547,63
1,30,2,1422,711047,61
1,30,2,1423,711547,47
1,30,2,1424,712047,62
1,30,2,1425,712547,95
1,30,2,1426,713047,31
1,30,2,1427,713547,87
1,30,2,1428,714047,76
1,30,2,1429,714547,37
1,30,2,1430,715047,101
1,30,2,1431,715547,67
1,30,2,1432,716047,63
1,30,2,1433,716547,71
1,30,2,1434,717047,81
1,30,2,1435,717547,27
1,30,2,1436,718047,103
1,30,2,1437,718547,44
1,30,2,1438,719047,71
1,30,2,1439,719547,55
1,30,2,1440,720047,43
1,30,2,1441,720547,11
1,30,2,1442,721047,133
1,30,2,1443,721547,47
1,30,2,1444,722047,21
1,30,2,1445,722547,74
1,30,2,1446,723047,51
1,30,2,1447,723547,60
1,30,2,1448,724047,87
1,30,2,1449,724547,41
1,30,2,1450,725047,83
1,30,2,1451,725547,89
1,30,2,1452,726047,28
1,30,2,1453,726547,87
1,30,2,1454,727047,95
1,30,2,1455,727547,35
1,30,2,1456,728047,67
1,30,2,1457,728547,57
1,30,2,1458,729047,17
1,30,2,1459,729547,71
1,30,2,1460,730047,28
1,30,2,1461,730547,54
1,30,2,1462,731047,68
1,30,2,1463,731547,69
1,30,2,1464,732047,55
1,30,2,1465,732547,23
1,30,2,1466,733047,93
1,30,2,1467,733547,79
1,30,2,1468,734047,25
1,30,2,1469,734547,138
1,30,2,1470,735047,47
1,30,2,1471,735547,74
1,30,2,1472,736047,83
1,30,2,1473,736547,63
1,30,2,1474,737047,71
1,30,2,1475,737547,99
1,30,2,1476,738047,30
1,30,2,1477,738547,106
1,30,2,1478,739047,59
1,30,2,1479,739547,92
1,30,2,1480,740047,47
1,30,2,1481,740547,93
1,30,2,1482,741047,76
1,30,2,1483,741547,84
1,30,2,1484,742047,68
1,30,2,1485,742547,115
1,30,2,1486,743047,45
1,30,2,1487,743547,82
1,30,2,1488,744047,60
1,30,2,1489,744547,41
1,30,2,1490,745047,99
1,30,2,1491,745547,56
1,30,2,1492,746047,103
1,30,2,1493,746547,68
1,30,2,1494,747047,98
1,30,2,1495,747547,105
1,30,2,1496,748047,58
1,30,2,1497,748547,109
1,30,2,1498,749047,43
1,30,2,1499,749547,124
1,30,2,1500,750047,55
1,30,2,1501,750547,84
1,30,2,1502,751047,90
1,30,2,1503,751547,90
1,30,2,1504,752047,48
1,30,2,1505,752547,117
1,30,2,1506,753047,48
1,30,2,1507,753547,119
1,30,2,1508,754047,85
1,30,2,1509,754547,75
1,30,2,1510,755047,155
1,30,2,1511,755547,91
1,30,2,1512,756047,77
1,30,2,1513,756547,139
1,30,2,1514,757047,111
1,30,2,1515,757547,39
1,30,2,1516,758047,155
1,30,2,1517,758547,90
1,30,2,1518,759047,68
1,30,2,1519,759547,119
1,30,2,1520,760047,75
1,30,2,1521,760547,24
1,30,2,1522,761047,85
1,30,2,1523,761547,73
1,30,2,1524,762047,23
1,30,2,1525,762547,151
1,30,2,1526,763047,57
1,30,2,1527,763547,137
1,30,2,1528,764047,101
1,30,2,1529,764547,93
1,30,2,1530,765047,117
1,30,2,1531,765547,109
1,30,2,1532,766047,92
1,30,2,1533,766547,73
1,30,2,1534,767047,122
1,30,2,1535,767547,45
1,30,2,1536,768047,143
1,30,2,1537,768547,71
1,30,2,1538,769047,93
1,30,2,1539,769547,93
1,30,2,1540,770047,72
1,30,2,1541,770547,77
1,30,2,1542,771047,41
1,30,2,1543,771547,123
1,30,2,1544,772047,55
1,30,2,1545,772547,124
1,30,2,1546,773047,126
1,30,2,1547,773547,89
1,30,2,1548,774047,41
1,30,2,1549,774547,150
1,30,2,1550,775047,54
1,30,2,1551,775547,85
1,30,2,1552,776047,137
1,30,2,1553,776547,59
1,30,2,1554,777047,76
1,30,2,1555,777547,111
1,30,2,1556,778047,116
1,30,2,1557,778547,56
1,30,2,1558,779047,75
1,30,2,1559,779547,69
1,30,2,1560,780047,60
1,30,2,1561,780547,77
1,30,2,1562,781047,69
1,30,2,1563,781547,69
1,30,2,1564,782047,135
1,30,2,1565,782547,53
1,30,2,1566,783047,94
1,30,2,1567,783547,103
1,30,2,1568,784047,102
1,30,2,1569,784547,75
1,30,2,1570,785047,100
1,30,2,1571,785547,112
1,30,2,1572,786047,89
1,30,2,1573,786547,99
1,30,2,1574,787047,91
1,30,2,1575,787547,84
1,30,2,1576,788047,117
1,30,2,1577,788547,75
1,30,2,1578,789047,43
1,30,2,1579,789547,123
1,30,2,1580,790047,77
1,30,2,1581,790547,29
1,30,2,1582,791047,117
1,30,2,1583,791547,105
1,30,2,1584,792047,39
1,30,2,1585,792547,99
1,30,2,1586,793047,134
1,30,2,1587,793547,80
1,30,2,1588,794047,69
1,30,2,1589,794547,137
1,30,2,1590,795047,57
1,30,2,1591,795547,103
1,30,2,1592,796047,89
1,30,2,1593,796547,28
1,30,2,1594,797047,97
1,30,2,1595,797547,56
1,30,2,1596,798047,91
1,30,2,1597,798547,98
1,30,2,1598,799047,82
1,30,2,1599,799547,71
1,30,2,1600,800047,95
1,30,2,1601,800547,75
1,30,2,1602,801047,100
1,30,2,1603,801547,71
1,30,2,1604,802047,71
1,30,2,1605,802547,83
1,30,2,1606,803047,53
1,30,2,1607,803547,62
1,30,2,1608,804047,21
1,30,2,1609,804547,127
1,30,2,1610,805047,71
1,30,2,1611,805547,22
1,30,2,1612,806047,99
1,30,2,1613,806547,52
1,30,2,1614,807047,46
1,30,2,1615,807547,95
1,30,2,1616,808047,67
1,30,2,1617,808547,38
1,30,2,1618,809047,106
1,30,2,1619,809547,47
1,30,2,1620,810047,95
1,30,2,1621,810547,57
1,30,2,1622,811047,61
1,30,2,1623,811547,61
1,30,2,1624,812047,51
1,30,2,1625,812547,63
1,30,2,1626,813047,94
1,30,2,1627,813547,46
1,30,2,1628,814047,106
1,30,2,1629,814547,62
1,30,2,1630,815047,76
1,30,2,1631,815547,85
1,30,2,1632,816047,59
1,30,2,1633,816547,71
1,30,2,1634,817047,71
1,30,2,1635,817547,75
1,30,2,1636,818047,37
1,30,2,1637,818547,106
1,30,2,1638,819047,43
1,30,2,1639,819547,104
1,30,2,1640,820047,51
1,30,2,1641,820547,101
1,30,2,1642,821047,39
1,30,2,1643,821547,91
1,30,2,1644,822047,71
1,30,2,1645,822547,67
1,30,2,1646,823047,23
1,30,2,1647,823547,89
1,30,2,1648,824047,28
1,30,2,1649,824547,83
1,30,2,1650,825047,91
1,30,2,1651,825547,28
1,30,2,1652,826047,79
1,30,2,1653,826547,99
1,30,2,1654,827047,105
1,30,2,1655,827547,35
1,30,2,1656,828047,125
1,30,2,1657,828547,43
1,30,2,1658,829047,55
1,30,2,1659,829547,63
1,30,2,1660,830047,132
1,30,2,1661,830547,46
1,30,2,1662,831047,163
1,30,2,1663,831547,61
1,30,2,1664,832047,122
1,30,2,1665,832547,81
1,30,2,1666,833047,73
1,30,2,1667,833547,112
1,30,2,1668,834047,55
1,30,2,1669,834547,104
1,30,2,1670,835047,93
1,30,2,1671,835547,51
1,30,2,1672,836047,110
1,30,2,1673,836547,55
1,30,2,1674,837047,74
1,30,2,1675,837547,123
1,30,2,1676,838047,51
1,30,2,1677,838547,95
1,30,2,1678,839047,111
1,30,2,1679,839547,83
1,30,2,1680,840047,82
1,30,2,1681,840547,109
1,30,2,1682,841047,100
1,30,2,1683,841547,85
1,30,2,1684,842047,83
1,30,2,1685,842547,83
1,30,2,1686,843047,85
1,30,2,1687,843547,87
1,30,2,1688,844047,29
1,30,2,1689,844547,99
1,30,2,1690,845047,115
1,30,2,1691,845547,47
1,30,2,1692,846047,105
1,30,2,1693,846547,111
1,30,2,1694,847047,53
1,30,2,1695,847547,107
1,30,2,1696,848047,57
1,30,2,1697,848547,107
1,30,2,1698,849047,95
1,30,2,1699,849547,56
1,30,2,1700,850047,110
1,30,2,1701,850547,81
1,30,2,1702,851047,115
1,30,2,1703,851547,84
1,30,2,1704,852047,30
1,30,2,1705,852547,117
1,30,2,1706,853047,57
1,30,2,1707,853547,85
1,30,2,1708,854047,63
1,30,2,1709,854547,101
1,30,2,1710,855047,79
1,30,2,1711,855547,102
1,30,2,1712,856047,53
1,30,2,1713,856547,120
1,30,2,1714,857047,47
1,30,2,1715,857547,95
1,30,2,1716,858047,105
1,30,2,1717,858547,73
1,30,2,1718,859047,100
1,30,2,1719,859547,82
1,30,2,1720,860047,38
1,30,2,1721,860547,155
1,30,2,1722,861047,63
1,30,2,1723,861547,89
1,30,2,1724,862047,81
1,30,2,1725,862547,83
1,30,2,1726,863047,103
1,30,2,1727,863547,84
1,30,2,1728,864047,71
1,30,2,1729,864547,87
1,30,2,1730,865047,103
1,30,2,1731,865547,48
1,30,2,1732,866047,111
1,30,2,1733,866547,119
1,30,2,1734,867047,69
1,30,2,1735,867547,61
1,30,2,1736,868047,151
1,30,2,1737,868547,61
1,30,2,1738,869047,22
1,30,2,1739,869547,124
1,30,2,1740,870047,78
1,30,2,1741,870547,26
1,30,2,1742,871047,87
1,30,2,1743,871547,83
1,30,2,1744,872047,72
1,30,2,1745,872547,102
1,30,2,1746,873047,75
1,30,2,1747,873547,90
1,30,2,1748,874047,102
1,30,2,1749,874547,58
1,30,2,1750,875047,116
1,30,2,1751,875547,74
1,30,2,1752,876047,93
1,30,2,1753,876547,143
1,30,2,1754,877047,83
1,30,2,1755,877547,133
1,30,2,1756,878047,123
1,30,2,1757,878547,93
1,30,2,1758,879047,168
1,30,2,1759,879547,72
1,30,2,1760,880047,115
1,30,2,1761,880547,112
1,30,2,1762,881047,104
1,30,2,1763,881547,116
1,30,2,1764,882047,112
1,30,2,1765,882547,87
1,30,2,1766,883047,83
1,30,2,1767,883547,105
1,30,2,1768,884047,79
1,30,2,1769,884547,89
1,30,2,1770,885047,115
1,30,2,1771,885547,47
1,30,2,1772,886047,157
1,30,2,1773,886547,75
1,30,2,1774,887047,138
1,30,2,1775,887547,105
1,30,2,1776,888047,105
1,30,2,1777,888547,125
1,30,2,1778,889047,107
1,30,2,1779,889547,105
1,30,2,1780,890047,107
1,30,2,1781,890547,99
1,30,2,1782,891047,124
1,30,2,1783,891547,119
1,30,2,1784,892047,94
1,30,2,1785,892547,109
1,30,2,1786,893047,132
1,30,2,1787,893547,103
1,30,2,1788,894047,104
1,30,2,1789,894547,110
1,30,2,1790,895047,91
1,30,2,1791,895547,70
1,30,2,1792,896047,181
1,30,2,1793,896547,85
1,30,2,1794,897047,91
1,30,2,1795,897547,135
1,30,2,1796,898047,57
1,30,2,1797,898547,126
1,30,2,1798,899047,104
1,30,2,1799,899547,84
1,30,2,1800,900047,127
1,30,2,1801,900547,89
1,30,2,1802,901047,123
1,30,2,1803,901547,121
1,30,2,1804,902047,103
1,30,2,1805,902547,88
1,30,2,1806,903047,116
1,30,2,1807,903547,87
1,30,2,1808,904047,111
1,30,2,1809,904547,78
1,30,2,1810,905047,119
1,30,2,1811,905547,93
1,30,2,1812,906047,93
1,30,2,1813,906547,91
1,30,2,1814,907047,107
1,30,2,1815,907547,93
1,30,2,1816,908047,77
1,30,2,1817,908547,135
1,30,2,1818,909047,86
1,30,2,1819,909547,119
1,30,2,1820,910047,98
1,30,2,1821,910547,91
1,30,2,1822,911047,89
1,30,2,1823,911547,69
1,30,2,1824,912047,143
1,30,2,1825,912547,60
1,30,2,1826,913047,136
1,30,2,1827,913547,59
1,30,2,1828,914047,115
1,30,2,1829,914547,139
1,30,2,1830,915047,87
1,30,2,1831,915547,141
1,30,2,1832,916047,125
1,30,2,1833,916547,48
1,30,2,1834,917047,135
1,30,2,1835,917547,115
1,30,2,1836,918047,133
1,30,2,1837,918547,83
1,30,2,1838,919047,107
1,30,2,1839,919547,137
1,30,2,1840,920047,77
1,30,2,1841,920547,85
1,30,2,1842,921047,163
1,30,2,1843,921547,61
1,30,2,1844,922047,117
1,30,2,1845,922547,135
1,30,2,1846,923047,101
1,30,2,1847,923547,165
1,30,2,1848,924047,100
1,30,2,1849,924547,148
1,30,2,1850,925047,137
1,30,2,1851,925547,109
1,30,2,1852,926047,111
1,30,2,1853,926547,176
1,30,2,1854,927047,79
1,30,2,1855,927547,171
1,30,2,1856,928047,115
1,30,2,1857,928547,121
1,30,2,1858,929047,119
1,30,2,1859,929547,115
1,30,2,1860,930047,149
1,30,2,1861,930547,70
1,30,2,1862,931047,160
1,30,2,1863,931547,95
1,30,2,1864,932047,137
1,30,2,1865,932547,109
1,30,2,1866,933047,119
1,30,2,1867,933547,149
1,30,2,1868,934047,90
1,30,2,1869,934547,133
1,30,2,1870,935047,109
1,30,2,1871,935547,169
1,30,2,1872,936047,91
1,30,2,1873,936547,142
1,30,2,1874,937047,135
1,30,2,1875,937547,111
1,30,2,1876,938047,101
1,30,2,1877,938547,122
1,30,2,1878,939047,92
1,30,2,1879,939547,78
1,30,2,1880,940047,133
1,30,2,1881,940547,51
1,30,2,1882,941047,143
1,30,2,1883,941547,97
1,30,2,1884,942047,95
1,30,2,1885,942547,121
1,30,2,1886,943047,133
1,30,2,1887,943547,57
1,30,2,1888,944047,143
1,30,2,1889,944547,121
1,30,2,1890,945047,68
1,30,2,1891,945547,109
1,30,2,1892,946047,87
1,30,2,1893,946547,104
1,30,2,1894,947047,63
1,30,2,1895,947547,107
1,30,2,1896,948047,73
1,30,2,1897,948547,99
1,30,2,1898,949047,84
1,30,2,1899,949547,92
1,30,2,1900,950047,75
1,30,2,1901,950547,101
1,30,2,1902,951047,63
1,30,2,1903,951547,85
1,30,2,1904,952047,51
1,30,2,1905,952547,91
1,30,2,1906,953047,59
1,30,2,1907,953547,85
1,30,2,1908,954047,93
1,30,2,1909,954547,41
1,30,2,1910,955047,95
1,30,2,1911,955547,89
1,30,2,1912,956047,58
1,30,2,1913,956547,21
1,30,2,1914,957047,107
1,30,2,1915,957547,73
1,30,2,1916,958047,25
1,30,2,1917,958547,59
1,30,2,1918,959047,41
1,30,2,1919,959547,45
1,30,2,1920,960047,21
1,30,2,1921,960547,47
1,30,2,1922,961047,135
1,30,2,1923,961547,47
1,30,2,1924,962047,171
1,30,2,1925,962547,73
1,30,2,1926,963047,22
1,30,2,1927,963547,85
1,30,2,1928,964047,92
1,30,2,1929,964547,33
1,30,2,1930,965047,27
1,30,2,1931,965547,76
1,30,2,1932,966047,24
1,30,2,1933,966547,71
1,30,2,1934,967047,55
1,30,2,1935,967547,43
1,30,2,1936,968047,85
1,30,2,1937,968547,79
1,30,2,1938,969047,38
1,30,2,1939,969547,91
1,30,2,1940,970047,40
1,30,2,1941,970547,79
1,30,2,1942,971047,91
1,30,2,1943,971547,38
1,30,2,1944,972047,99
1,30,2,1945,972547,55
1,30,2,1946,973047,75
1,30,2,1947,973547,71
1,30,2,1948,974047,75
1,30,2,1949,974547,73
1,30,2,1950,975047,58
1,30,2,1951,975547,57
1,30,2,1952,976047,75
1,30,2,1953,976547,67
1,30,2,1954,977047,29
1,30,2,1955,977547,87
1,30,2,1956,978047,29
1,30,2,1957,978547,73
1,30,2,1958,979047,71
1,30,2,1959,979547,37
1,30,2,1960,980047,78
1,30,2,1961,980547,69
1,30,2,1962,981047,21
1,30,2,1963,981547,89
1,30,2,1964,982047,51
1,30,2,1965,982547,121
1,30,2,1966,983047,75
1,30,2,1967,983547,133
1,30,2,1968,984047,73
1,30,2,1969,984547,75
1,30,2,1970,985047,114
1,30,2,1971,985547,51
1,30,2,1972,986047,85
1,30,2,1973,986547,91
1,30,2,1974,987047,28
1,30,2,1975,987547,95
1,30,2,1976,988047,56
1,30,2,1977,988547,86
1,30,2,1978,989047,93
1,30,2,1979,989547,59
1,30,2,1980,990047,94
1,30,2,1981,990547,86
1,30,2,1982,991047,85
1,30,2,1983,991547,98
1,30,2,1984,992047,41
1,30,2,1985,992547,108
1,30,2,1986,993047,83
1,30,2,1987,993547,43
1,30,2,1988,994047,63
1,30,2,1989,994547,102
1,30,2,1990,995047,55
1,30,2,1991,995547,75
1,30,2,1992,996047,77
1,30,2,1993,996547,77
1,30,2,1994,997047,78
1,30,2,1995,997547,69
1,30,2,1996,998047,89
1,30,2,1997,998547,71
1,30,2,1998,999047,104
1,30,2,1999,999547,107
# END_WINDOW
# Ready: run=1, valve=30%, rate=2000 Hz, samples=2000. Send any character to record one window.
