# CAPTURING
1,50,0,0,257,91
1,50,0,1,550,135
1,50,0,2,1047,88
1,50,0,3,1547,27
1,50,0,4,2047,139
1,50,0,5,2547,51
1,50,0,6,3047,141
1,50,0,7,3547,117
1,50,0,8,4047,41
1,50,0,9,4547,91
1,50,0,10,5047,40
1,50,0,11,5547,7
1,50,0,12,6047,0
1,50,0,13,6547,0
1,50,0,14,7047,41
1,50,0,15,7547,8
1,50,0,16,8047,19
1,50,0,17,8547,107
1,50,0,18,9047,37
1,50,0,19,9547,7
1,50,0,20,10047,45
1,50,0,21,10547,167
1,50,0,22,11047,106
1,50,0,23,11547,37
1,50,0,24,12047,329
1,50,0,25,12547,125
1,50,0,26,13047,45
1,50,0,27,13547,165
1,50,0,28,14047,59
1,50,0,29,14547,17
1,50,0,30,15047,205
1,50,0,31,15547,83
1,50,0,32,16047,29
1,50,0,33,16547,185
1,50,0,34,17047,85
1,50,0,35,17547,141
1,50,0,36,18047,236
1,50,0,37,18547,90
1,50,0,38,19047,83
1,50,0,39,19547,197
1,50,0,40,20047,89
1,50,0,41,20547,30
1,50,0,42,21047,153
1,50,0,43,21547,55
1,50,0,44,22047,105
1,50,0,45,22547,115
1,50,0,46,23047,39
1,50,0,47,23547,100
1,50,0,48,24047,98
1,50,0,49,24547,30
1,50,0,50,25047,191
1,50,0,51,25547,75
1,50,0,52,26047,117
1,50,0,53,26547,142
1,50,0,54,27047,51
1,50,0,55,27547,35
1,50,0,56,28047,167
1,50,0,57,28547,61
1,50,0,58,29047,138
1,50,0,59,29547,237
1,50,0,60,30047,159
1,50,0,61,30547,58
1,50,0,62,31047,201
1,50,0,63,31547,85
1,50,0,64,32047,133
1,50,0,65,32547,57
1,50,0,66,33047,91
1,50,0,67,33547,77
1,50,0,68,34047,23
1,50,0,69,34547,77
1,50,0,70,35047,31
1,50,0,71,35547,16
1,50,0,72,36047,9
1,50,0,73,36547,35
1,50,0,74,37047,7
1,50,0,75,37547,0
1,50,0,76,38047,0
1,50,0,77,38547,104
1,50,0,78,39047,55
1,50,0,79,39547,13
1,50,0,80,40047,0
1,50,0,81,40547,99
1,50,0,82,41047,53
1,50,0,83,41547,12
1,50,0,84,42047,93
1,50,0,85,42547,40
1,50,0,86,43047,9
1,50,0,87,43547,100
1,50,0,88,44047,112
1,50,0,89,44547,58
1,50,0,90,45047,127
1,50,0,91,45547,84
1,50,0,92,46047,127
1,50,0,93,46547,212
1,50,0,94,47047,85
1,50,0,95,47547,169
1,50,0,96,48047,141
1,50,0,97,48547,48
1,50,0,98,49047,210
1,50,0,99,49547,174
1,50,0,100,50047,63
1,50,0,101,50547,69
1,50,0,102,51047,59
1,50,0,103,51547,103
1,50,0,104,52047,41
1,50,0,105,52547,165
1,50,0,106,53047,103
1,50,0,107,53547,61
1,50,0,108,54047,182
1,50,0,109,54547,69
1,50,0,110,55047,229
1,50,0,111,55547,88
1,50,0,112,56047,117
1,50,0,113,56547,157
1,50,0,114,57047,58
1,50,0,115,57547,119
1,50,0,116,58047,191
1,50,0,117,58547,95
1,50,0,118,59047,35
1,50,0,119,59547,235
1,50,0,120,60047,91
1,50,0,121,60547,91
1,50,0,122,61047,169
1,50,0,123,61547,284
1,50,0,124,62047,135
1,50,0,125,62547,159
1,50,0,126,63047,169
1,50,0,127,63547,183
1,50,0,128,64047,181
1,50,0,129,64547,96
1,50,0,130,65047,119
1,50,0,131,65547,41
1,50,0,132,66047,159
1,50,0,133,66547,63
1,50,0,134,67047,21
1,50,0,135,67547,7
1,50,0,136,68047,263
1,50,0,137,68547,103
1,50,0,138,69047,45
1,50,0,139,69547,142
1,50,0,140,70047,52
1,50,0,141,70547,55
1,50,0,142,71047,105
1,50,0,143,71547,41
1,50,0,144,72047,105
1,50,0,145,72547,69
1,50,0,146,73047,88
1,50,0,147,73547,42
1,50,0,148,74047,157
1,50,0,149,74547,127
1,50,0,150,75047,44
1,50,0,151,75547,243
1,50,0,152,76047,102
1,50,0,153,76547,69
1,50,0,154,77047,24
1,50,0,155,77547,157
1,50,0,156,78047,57
1,50,0,157,78547,139
1,50,0,158,79047,50
1,50,0,159,79547,167
1,50,0,160,80047,90
1,50,0,161,80547,43
1,50,0,162,81047,133
1,50,0,163,81547,68
1,50,0,164,82047,71
1,50,0,165,82547,72
1,50,0,166,83047,53
1,50,0,167,83547,70
1,50,0,168,84047,121
1,50,0,169,84547,43
1,50,0,170,85047,93
1,50,0,171,85547,35
1,50,0,172,86047,87
1,50,0,173,86547,70
1,50,0,174,87047,143
1,50,0,175,87547,83
1,50,0,176,88047,119
1,50,0,177,88547,57
1,50,0,178,89047,59
1,50,0,179,89547,267
1,50,0,180,90047,117
1,50,0,181,90547,184
1,50,0,182,91047,117
1,50,0,183,91547,52
1,50,0,184,92047,245
1,50,0,185,92547,93
1,50,0,186,93047,163
1,50,0,187,93547,69
1,50,0,188,94047,20
1,50,0,189,94547,1
1,50,0,190,95047,110
1,50,0,191,95547,39
1,50,0,192,96047,25
1,50,0,193,96547,115
1,50,0,194,97047,39
1,50,0,195,97547,8
1,50,0,196,98047,267
1,50,0,197,98547,140
1,50,0,198,99047,51
1,50,0,199,99547,141
1,50,0,200,100047,51
1,50,0,201,100547,12
1,50,0,202,101047,217
1,50,0,203,101547,83
1,50,0,204,102047,25
1,50,0,205,102547,205
1,50,0,206,103047,153
1,50,0,207,103547,55
1,50,0,208,104047,184
1,50,0,209,104547,71
1,50,0,210,105047,135
1,50,0,211,105547,94
1,50,0,212,106047,53
1,50,0,213,106547,101
1,50,0,214,107047,31
1,50,0,215,107547,175
1,50,0,216,108047,110
1,50,0,217,108547,39
1,50,0,218,109047,47
1,50,0,219,109547,56
1,50,0,220,110047,22
1,50,0,221,110547,31
1,50,0,222,111047,119
1,50,0,223,111547,42
1,50,0,224,112047,107
1,50,0,225,112547,118
1,50,0,226,113047,90
1,50,0,227,113547,29
1,50,0,228,114047,159
1,50,0,229,114547,61
1,50,0,230,115047,107
1,50,0,231,115547,53
1,50,0,232,116047,19
1,50,0,233,116547,156
1,50,0,234,117047,56
1,50,0,235,117547,122
1,50,0,236,118047,115
1,50,0,237,118547,39
1,50,0,238,119047,265
1,50,0,239,119547,101
1,50,0,240,120047,317
1,50,0,241,120547,123
1,50,0,242,121047,187
1,50,0,243,121547,126
1,50,0,244,122047,43
1,50,0,245,122547,281
1,50,0,246,123047,126
1,50,0,247,123547,104
1,50,0,248,124047,140
1,50,0,249,124547,51
1,50,0,250,125047,133
1,50,0,251,125547,163
1,50,0,252,126047,69
1,50,0,253,126547,54
1,50,0,254,127047,151
1,50,0,255,127547,67
1,50,0,256,128047,99
1,50,0,257,128547,42
1,50,0,258,129047,120
1,50,0,259,129547,237
1,50,0,260,130047,91
1,50,0,261,130547,99
1,50,0,262,131047,157
1,50,0,263,131547,191
1,50,0,264,132047,73
1,50,0,265,132547,205
1,50,0,266,133047,111
1,50,0,267,133547,39
1,50,0,268,134047,167
1,50,0,269,134547,111
1,50,0,270,135047,39
1,50,0,271,135547,199
1,50,0,272,136047,110
1,50,0,273,136547,61
1,50,0,274,137047,142
1,50,0,275,137547,58
1,50,0,276,138047,171
1,50,0,277,138547,61
1,50,0,278,139047,107
1,50,0,279,139547,75
1,50,0,280,140047,99
1,50,0,281,140547,143
1,50,0,282,141047,51
1,50,0,283,141547,73
1,50,0,284,142047,102
1,50,0,285,142547,72
1,50,0,286,143047,28
1,50,0,287,143547,102
1,50,0,288,144047,45
1,50,0,289,144547,211
1,50,0,290,145047,125
1,50,0,291,145547,137
1,50,0,292,146047,62
1,50,0,293,146547,74
1,50,0,294,147047,153
1,50,0,295,147547,71
1,50,0,296,148047,21
1,50,0,297,148547,107
1,50,0,298,149047,88
1,50,0,299,149547,71
1,50,0,300,150047,59
1,50,0,301,150547,153
1,50,0,302,151047,268
1,50,0,303,151547,123
1,50,0,304,152047,175
1,50,0,305,152547,181
1,50,0,306,153047,69
1,50,0,307,153547,22
1,50,0,308,154047,87
1,50,0,309,154547,39
1,50,0,310,155047,120
1,50,0,311,155547,101
1,50,0,312,156047,103
1,50,0,313,156547,248
1,50,0,314,157047,95
1,50,0,315,157547,223
1,50,0,316,158047,107
1,50,0,317,158547,38
1,50,0,318,159047,111
1,50,0,319,159547,85
1,50,0,320,160047,26
1,50,0,321,160547,341
1,50,0,322,161047,133
1,50,0,323,161547,89
1,50,0,324,162047,101
1,50,0,325,162547,33
1,50,0,326,163047,163
1,50,0,327,163547,59
1,50,0,328,164047,152
1,50,0,329,164547,79
1,50,0,330,165047,83
1,50,0,331,165547,136
1,50,0,332,166047,47
1,50,0,333,166547,181
1,50,0,334,167047,69
1,50,0,335,167547,83
1,50,0,336,168047,147
1,50,0,337,168547,53
1,50,0,338,169047,93
1,50,0,339,169547,119
1,50,0,340,170047,41
1,50,0,341,170547,79
1,50,0,342,171047,279
1,50,0,343,171547,107
1,50,0,344,172047,81
1,50,0,345,172547,58
1,50,0,346,173047,43
1,50,0,347,173547,82
1,50,0,348,174047,27
1,50,0,349,174547,101
1,50,0,350,175047,35
1,50,0,351,175547,69
1,50,0,352,176047,93
1,50,0,353,176547,68
1,50,0,354,177047,31
1,50,0,355,177547,56
1,50,0,356,178047,92
1,50,0,357,178547,30
1,50,0,358,179047,74
1,50,0,359,179547,21
1,50,0,360,180047,29
1,50,0,361,180547,75
1,50,0,362,181047,41
1,50,0,363,181547,19
1,50,0,364,182047,27
1,50,0,365,182547,164
1,50,0,366,183047,95
1,50,0,367,183547,30
1,50,0,368,184047,147
1,50,0,369,184547,72
1,50,0,370,185047,21
1,50,0,371,185547,124
1,50,0,372,186047,46
1,50,0,373,186547,75
1,50,0,374,187047,76
1,50,0,375,187547,24
1,50,0,376,188047,205
1,50,0,377,188547,81
1,50,0,378,189047,107
1,50,0,379,189547,93
1,50,0,380,190047,31
1,50,0,381,190547,158
1,50,0,382,191047,60
1,50,0,383,191547,77
1,50,0,384,192047,72
1,50,0,385,192547,39
1,50,0,386,193047,135
1,50,0,387,193547,47
1,50,0,388,194047,282
1,50,0,389,194547,109
1,50,0,390,195047,59
1,50,0,391,195547,156
1,50,0,392,196047,89
1,50,0,393,196547,107
1,50,0,394,197047,60
1,50,0,395,197547,127
1,50,0,396,198047,47
1,50,0,397,198547,73
1,50,0,398,199047,103
1,50,0,399,199547,35
1,50,0,400,200047,13
1,50,0,401,200547,149
1,50,0,402,201047,55
1,50,0,403,201547,150
1,50,0,404,202047,186
1,50,0,405,202547,73
1,50,0,406,203047,281
1,50,0,407,203547,109
1,50,0,408,204047,39
1,50,0,409,204547,107
1,50,0,410,205047,121
1,50,0,411,205547,69
1,50,0,412,206047,189
1,50,0,413,206547,83
1,50,0,414,207047,105
1,50,0,415,207547,89
1,50,0,416,208047,27
1,50,0,417,208547,12
1,50,0,418,209047,17
1,50,0,419,209547,0
1,50,0,420,210047,0
1,50,0,421,210547,72
1,50,0,422,211047,21
1,50,0,423,211547,1
1,50,0,424,212047,107
1,50,0,425,212547,37
1,50,0,426,213047,103
1,50,0,427,213547,46
1,50,0,428,214047,10
1,50,0,429,214547,107
1,50,0,430,215047,71
1,50,0,431,215547,53
1,50,0,432,216047,17
1,50,0,433,216547,43
1,50,0,434,217047,60
1,50,0,435,217547,45
1,50,0,436,218047,11
1,50,0,437,218547,87
1,50,0,438,219047,63
1,50,0,439,219547,19
1,50,0,440,220047,23
1,50,0,441,220547,67
1,50,0,442,221047,21
1,50,0,443,221547,95
1,50,0,444,222047,30
1,50,0,445,222547,6
1,50,0,446,223047,56
1,50,0,447,223547,20
1,50,0,448,224047,61
1,50,0,449,224547,19
1,50,0,450,225047,53
1,50,0,451,225547,101
1,50,0,452,226047,33
1,50,0,453,226547,168
1,50,0,454,227047,62
1,50,0,455,227547,19
1,50,0,456,228047,0
1,50,0,457,228547,0
1,50,0,458,229047,184
1,50,0,459,229547,71
1,50,0,460,230047,21
1,50,0,461,230547,14
1,50,0,462,231047,86
1,50,0,463,231547,27
1,50,0,464,232047,45
1,50,0,465,232547,83
1,50,0,466,233047,25
1,50,0,467,233547,107
1,50,0,468,234047,107
1,50,0,469,234547,37
1,50,0,470,235047,7
1,50,0,471,235547,43
1,50,0,472,236047,8
1,50,0,473,236547,137
1,50,0,474,237047,47
1,50,0,475,237547,11
1,50,0,476,238047,141
1,50,0,477,238547,56
1,50,0,478,239047,17
1,50,0,479,239547,0
1,50,0,480,240047,4
1,50,0,481,240547,155
1,50,0,482,241047,57
1,50,0,483,241547,189
1,50,0,484,242047,74
1,50,0,485,242547,22
1,50,0,486,243047,155
1,50,0,487,243547,57
1,50,0,488,244047,89
1,50,0,489,244547,28
1,50,0,490,245047,185
1,50,0,491,245547,77
1,50,0,492,246047,30
1,50,0,493,246547,173
1,50,0,494,247047,67
1,50,0,495,247547,61
1,50,0,496,248047,276
1,50,0,497,248547,105
1,50,0,498,249047,36
1,50,0,499,249547,227
1,50,0,500,250047,88
1,50,0,501,250547,157
1,50,0,502,251047,149
1,50,0,503,251547,89
1,50,0,504,252047,105
1,50,0,505,252547,71
1,50,0,506,253047,61
1,50,0,507,253547,147
1,50,0,508,254047,54
1,50,0,509,254547,87
1,50,0,510,255047,89
1,50,0,511,255547,62
1,50,0,512,256047,117
1,50,0,513,256547,101
1,50,0,514,257047,106
1,50,0,515,257547,255
1,50,0,516,258047,104
1,50,0,517,258547,351
1,50,0,518,259047,167
1,50,0,519,259547,121
1,50,0,520,260047,209
1,50,0,521,260547,79
1,50,0,522,261047,245
1,50,0,523,261547,155
1,50,0,524,262047,61
1,50,0,525,262547,199
1,50,0,526,263047,74
1,50,0,527,263547,183
1,50,0,528,264047,107
1,50,0,529,264547,111
1,50,0,530,265047,115
1,50,0,531,265547,151
1,50,0,532,266047,63
1,50,0,533,266547,53
1,50,0,534,267047,115
1,50,0,535,267547,55
1,50,0,536,268047,111
1,50,0,537,268547,61
1,50,0,538,269047,18
1,50,0,539,269547,88
1,50,0,540,270047,77
1,50,0,541,270547,47
1,50,0,542,271047,95
1,50,0,543,271547,37
1,50,0,544,272047,99
1,50,0,545,272547,137
1,50,0,546,273047,109
1,50,0,547,273547,174
1,50,0,548,274047,152
1,50,0,549,274547,56
1,50,0,550,275047,122
1,50,0,551,275547,43
1,50,0,552,276047,87
1,50,0,553,276547,54
1,50,0,554,277047,40
1,50,0,555,277547,88
1,50,0,556,278047,127
1,50,0,557,278547,47
1,50,0,558,279047,152
1,50,0,559,279547,55
1,50,0,560,280047,17
1,50,0,561,280547,0
1,50,0,562,281047,0
1,50,0,563,281547,14
1,50,0,564,282047,0
1,50,0,565,282547,73
1,50,0,566,283047,23
1,50,0,567,283547,3
1,50,0,568,284047,123
1,50,0,569,284547,44
1,50,0,570,285047,10
1,50,0,571,285547,155
1,50,0,572,286047,59
1,50,0,573,286547,53
1,50,0,574,287047,101
1,50,0,575,287547,33
1,50,0,576,288047,6
1,50,0,577,288547,0
1,50,0,578,289047,109
1,50,0,579,289547,37
1,50,0,580,290047,31
1,50,0,581,290547,6
1,50,0,582,291047,0
1,50,0,583,291547,18
1,50,0,584,292047,1
1,50,0,585,292547,0
1,50,0,586,293047,0
1,50,0,587,293547,0
1,50,0,588,294047,165
1,50,0,589,294547,69
1,50,0,590,295047,20
1,50,0,591,295547,47
1,50,0,592,296047,41
1,50,0,593,296547,9
1,50,0,594,297047,0
1,50,0,595,297547,0
1,50,0,596,298047,0
1,50,0,597,298547,0
1,50,0,598,299047,0
1,50,0,599,299547,0
1,50,0,600,300047,0
1,50,0,601,300547,0
1,50,0,602,301047,0
1,50,0,603,301547,0
1,50,0,604,302047,0
1,50,0,605,302547,3
1,50,0,606,303047,57
1,50,0,607,303547,19
1,50,0,608,304047,1
1,50,0,609,304547,71
1,50,0,610,305047,21
1,50,0,611,305547,2
1,50,0,612,306047,0
1,50,0,613,306547,13
1,50,0,614,307047,73
1,50,0,615,307547,21
1,50,0,616,308047,35
1,50,0,617,308547,35
1,50,0,618,309047,6
1,50,0,619,309547,51
1,50,0,620,310047,11
1,50,0,621,310547,11
1,50,0,622,311047,25
1,50,0,623,311547,3
1,50,0,624,312047,37
1,50,0,625,312547,73
1,50,0,626,313047,23
1,50,0,627,313547,111
1,50,0,628,314047,53
1,50,0,629,314547,11
1,50,0,630,315047,0
1,50,0,631,315547,26
1,50,0,632,316047,22
1,50,0,633,316547,23
1,50,0,634,317047,18
1,50,0,635,317547,87
1,50,0,636,318047,27
1,50,0,637,318547,4
1,50,0,638,319047,39
1,50,0,639,319547,7
1,50,0,640,320047,93
1,50,0,641,320547,29
1,50,0,642,321047,68
1,50,0,643,321547,20
1,50,0,644,322047,149
1,50,0,645,322547,62
1,50,0,646,323047,170
1,50,0,647,323547,62
1,50,0,648,324047,123
1,50,0,649,324547,115
1,50,0,650,325047,40
1,50,0,651,325547,119
1,50,0,652,326047,40
1,50,0,653,326547,89
1,50,0,654,327047,27
1,50,0,655,327547,69
1,50,0,656,328047,39
1,50,0,657,328547,75
1,50,0,658,329047,115
1,50,0,659,329547,39
1,50,0,660,330047,105
1,50,0,661,330547,35
1,50,0,662,331047,133
1,50,0,663,331547,45
1,50,0,664,332047,40
1,50,0,665,332547,85
1,50,0,666,333047,30
1,50,0,667,333547,86
1,50,0,668,334047,191
1,50,0,669,334547,104
1,50,0,670,335047,82
1,50,0,671,335547,109
1,50,0,672,336047,45
1,50,0,673,336547,17
1,50,0,674,337047,141
1,50,0,675,337547,51
1,50,0,676,338047,51
1,50,0,677,338547,165
1,50,0,678,339047,59
1,50,0,679,339547,171
1,50,0,680,340047,97
1,50,0,681,340547,36
1,50,0,682,341047,247
1,50,0,683,341547,97
1,50,0,684,342047,148
1,50,0,685,342547,121
1,50,0,686,343047,42
1,50,0,687,343547,111
1,50,0,688,344047,42
1,50,0,689,344547,78
1,50,0,690,345047,119
1,50,0,691,345547,156
1,50,0,692,346047,85
1,50,0,693,346547,103
1,50,0,694,347047,145
1,50,0,695,347547,101
1,50,0,696,348047,189
1,50,0,697,348547,73
1,50,0,698,349047,107
1,50,0,699,349547,105
1,50,0,700,350047,73
1,50,0,701,350547,84
1,50,0,702,351047,107
1,50,0,703,351547,127
1,50,0,704,352047,45
1,50,0,705,352547,175
1,50,0,706,353047,68
1,50,0,707,353547,168
1,50,0,708,354047,61
1,50,0,709,354547,314
1,50,0,710,355047,124
1,50,0,711,355547,310
1,50,0,712,356047,267
1,50,0,713,356547,103
1,50,0,714,357047,185
1,50,0,715,357547,85
1,50,0,716,358047,94
1,50,0,717,358547,103
1,50,0,718,359047,117
1,50,0,719,359547,61
1,50,0,720,360047,139
1,50,0,721,360547,246
1,50,0,722,361047,93
1,50,0,723,361547,179
1,50,0,724,362047,127
1,50,0,725,362547,74
1,50,0,726,363047,89
1,50,0,727,363547,119
1,50,0,728,364047,103
1,50,0,729,364547,35
1,50,0,730,365047,99
1,50,0,731,365547,31
1,50,0,732,366047,182
1,50,0,733,366547,78
1,50,0,734,367047,159
1,50,0,735,367547,83
1,50,0,736,368047,91
1,50,0,737,368547,180
1,50,0,738,369047,90
1,50,0,739,369547,37
1,50,0,740,370047,156
1,50,0,741,370547,56
1,50,0,742,371047,255
1,50,0,743,371547,163
1,50,0,744,372047,60
1,50,0,745,372547,243
1,50,0,746,373047,204
1,50,0,747,373547,127
1,50,0,748,374047,155
1,50,0,749,374547,166
1,50,0,750,375047,133
1,50,0,751,375547,160
1,50,0,752,376047,240
1,50,0,753,376547,94
1,50,0,754,377047,251
1,50,0,755,377547,227
1,50,0,756,378047,89
1,50,0,757,378547,233
1,50,0,758,379047,159
1,50,0,759,379547,57
1,50,0,760,380047,153
1,50,0,761,380547,157
1,50,0,762,381047,57
1,50,0,763,381547,156
1,50,0,764,382047,63
1,50,0,765,382547,140
1,50,0,766,383047,134
1,50,0,767,383547,191
1,50,0,768,384047,156
1,50,0,769,384547,280
1,50,0,770,385047,111
1,50,0,771,385547,182
1,50,0,772,386047,225
1,50,0,773,386547,95
1,50,0,774,387047,157
1,50,0,775,387547,73
1,50,0,776,388047,243
1,50,0,777,388547,93
1,50,0,778,389047,203
1,50,0,779,389547,101
1,50,0,780,390047,171
1,50,0,781,390547,141
1,50,0,782,391047,71
1,50,0,783,391547,183
1,50,0,784,392047,92
1,50,0,785,392547,115
1,50,0,786,393047,137
1,50,0,787,393547,93
1,50,0,788,394047,155
1,50,0,789,394547,103
1,50,0,790,395047,37
1,50,0,791,395547,143
1,50,0,792,396047,57
1,50,0,793,396547,283
1,50,0,794,397047,111
1,50,0,795,397547,240
1,50,0,796,398047,219
1,50,0,797,398547,237
1,50,0,798,399047,249
1,50,0,799,399547,152
1,50,0,800,400047,55
1,50,0,801,400547,231
1,50,0,802,401047,133
1,50,0,803,401547,46
1,50,0,804,402047,137
1,50,0,805,402547,135
1,50,0,806,403047,157
1,50,0,807,403547,126
1,50,0,808,404047,211
1,50,0,809,404547,175
1,50,0,810,405047,145
1,50,0,811,405547,197
1,50,0,812,406047,127
1,50,0,813,406547,152
1,50,0,814,407047,206
1,50,0,815,407547,77
1,50,0,816,408047,153
1,50,0,817,408547,55
1,50,0,818,409047,149
1,50,0,819,409547,59
1,50,0,820,410047,77
1,50,0,821,410547,153
1,50,0,822,411047,83
1,50,0,823,411547,201
1,50,0,824,412047,213
1,50,0,825,412547,119
1,50,0,826,413047,75
1,50,0,827,413547,244
1,50,0,828,414047,265
1,50,0,829,414547,103
1,50,0,830,415047,344
1,50,0,831,415547,137
1,50,0,832,416047,140
1,50,0,833,416547,179
1,50,0,834,417047,300
1,50,0,835,417547,119
1,50,0,836,418047,355
1,50,0,837,418547,296
1,50,0,838,419047,116
1,50,0,839,419547,293
1,50,0,840,420047,157
1,50,0,841,420547,79
1,50,0,842,421047,165
1,50,0,843,421547,117
1,50,0,844,422047,41
1,50,0,845,422547,182
1,50,0,846,423047,114
1,50,0,847,423547,137
1,50,0,848,424047,119
1,50,0,849,424547,227
1,50,0,850,425047,125
1,50,0,851,425547,93
1,50,0,852,426047,88
1,50,0,853,426547,139
1,50,0,854,427047,53
1,50,0,855,427547,157
1,50,0,856,428047,123
1,50,0,857,428547,43
1,50,0,858,429047,145
1,50,0,859,429547,125
1,50,0,860,430047,45
1,50,0,861,430547,12
1,50,0,862,431047,105
1,50,0,863,431547,123
1,50,0,864,432047,111
1,50,0,865,432547,75
1,50,0,866,433047,125
1,50,0,867,433547,165
1,50,0,868,434047,189
1,50,0,869,434547,79
1,50,0,870,435047,109
1,50,0,871,435547,120
1,50,0,872,436047,152
1,50,0,873,436547,187
1,50,0,874,437047,72
1,50,0,875,437547,246
1,50,0,876,438047,170
1,50,0,877,438547,125
1,50,0,878,439047,233
1,50,0,879,439547,88
1,50,0,880,440047,206
1,50,0,881,440547,80
1,50,0,882,441047,85
1,50,0,883,441547,27
1,50,0,884,442047,170
1,50,0,885,442547,61
1,50,0,886,443047,188
1,50,0,887,443547,125
1,50,0,888,444047,43
1,50,0,889,444547,227
1,50,0,890,445047,103
1,50,0,891,445547,35
1,50,0,892,446047,55
1,50,0,893,446547,56
1,50,0,894,447047,212
1,50,0,895,447547,81
1,50,0,896,448047,163
1,50,0,897,448547,120
1,50,0,898,449047,229
1,50,0,899,449547,89
1,50,0,900,450047,171
1,50,0,901,450547,169
1,50,0,902,451047,190
1,50,0,903,451547,157
1,50,0,904,452047,141
1,50,0,905,452547,47
1,50,0,906,453047,181
1,50,0,907,453547,169
1,50,0,908,454047,61
1,50,0,909,454547,141
1,50,0,910,455047,53
1,50,0,911,455547,207
1,50,0,912,456047,117
1,50,0,913,456547,67
1,50,0,914,457047,21
1,50,0,915,457547,155
1,50,0,916,458047,73
1,50,0,917,458547,23
1,50,0,918,459047,147
1,50,0,919,459547,54
1,50,0,920,460047,235
1,50,0,921,460547,95
1,50,0,922,461047,63
1,50,0,923,461547,111
1,50,0,924,462047,63
1,50,0,925,462547,112
1,50,0,926,463047,107
1,50,0,927,463547,91
1,50,0,928,464047,51
1,50,0,929,464547,146
1,50,0,930,465047,85
1,50,0,931,465547,53
1,50,0,932,466047,122
1,50,0,933,466547,183
1,50,0,934,467047,127
1,50,0,935,467547,215
1,50,0,936,468047,152
1,50,0,937,468547,219
1,50,0,938,469047,211
1,50,0,939,469547,147
1,50,0,940,470047,111
1,50,0,941,470547,176
1,50,0,942,471047,137
1,50,0,943,471547,243
1,50,0,944,472047,111
1,50,0,945,472547,39
1,50,0,946,473047,192
1,50,0,947,473547,76
1,50,0,948,474047,371
1,50,0,949,474547,148
1,50,0,950,475047,53
1,50,0,951,475547,269
1,50,0,952,476047,170
1,50,0,953,476547,61
1,50,0,954,477047,313
1,50,0,955,477547,148
1,50,0,956,478047,153
1,50,0,957,478547,341
1,50,0,958,479047,133
1,50,0,959,479547,205
1,50,0,960,480047,138
1,50,0,961,480547,105
1,50,0,962,481047,121
1,50,0,963,481547,149
1,50,0,964,482047,53
1,50,0,965,482547,203
1,50,0,966,483047,77
1,50,0,967,483547,228
1,50,0,968,484047,190
1,50,0,969,484547,74
1,50,0,970,485047,255
1,50,0,971,485547,216
1,50,0,972,486047,127
1,50,0,973,486547,216
1,50,0,974,487047,231
1,50,0,975,487547,138
1,50,0,976,488047,101
1,50,0,977,488547,137
1,50,0,978,489047,59
1,50,0,979,489547,120
1,50,0,980,490047,61
1,50,0,981,490547,152
1,50,0,982,491047,157
1,50,0,983,491547,58
1,50,0,984,492047,229
1,50,0,985,492547,87
1,50,0,986,493047,47
1,50,0,987,493547,237
1,50,0,988,494047,90
1,50,0,989,494547,29
1,50,0,990,495047,275
1,50,0,991,495547,115
1,50,0,992,496047,93
1,50,0,993,496547,126
1,50,0,994,497047,168
1,50,0,995,497547,157
1,50,0,996,498047,57
1,50,0,997,498547,191
1,50,0,998,499047,74
1,50,0,999,499547,117
1,50,0,1000,500047,151
1,50,0,1001,500547,95
1,50,0,1002,501047,109
1,50,0,1003,501547,126
1,50,0,1004,502047,102
1,50,0,1005,502547,101
1,50,0,1006,503047,35
1,50,0,1007,503547,190
1,50,0,1008,504047,101
1,50,0,1009,504547,33
1,50,0,1010,505047,9
1,50,0,1011,505547,172
1,50,0,1012,506047,63
1,50,0,1013,506547,203
1,50,0,1014,507047,77
1,50,0,1015,507547,31
1,50,0,1016,508047,20
1,50,0,1017,508547,11
1,50,0,1018,509047,68
1,50,0,1019,509547,20
1,50,0,1020,510047,104
1,50,0,1021,510547,62
1,50,0,1022,511047,18
1,50,0,1023,511547,227
1,50,0,1024,512047,87
1,50,0,1025,512547,29
1,50,0,1026,513047,168
1,50,0,1027,513547,133
1,50,0,1028,514047,45
1,50,0,1029,514547,137
1,50,0,1030,515047,57
1,50,0,1031,515547,127
1,50,0,1032,516047,45
1,50,0,1033,516547,168
1,50,0,1034,517047,103
1,50,0,1035,517547,35
1,50,0,1036,518047,47
1,50,0,1037,518547,147
1,50,0,1038,519047,61
1,50,0,1039,519547,18
1,50,0,1040,520047,105
1,50,0,1041,520547,41
1,50,0,1042,521047,97
1,50,0,1043,521547,118
1,50,0,1044,522047,61
1,50,0,1045,522547,24
1,50,0,1046,523047,167
1,50,0,1047,523547,60
1,50,0,1048,524047,108
1,50,0,1049,524547,39
1,50,0,1050,525047,213
1,50,0,1051,525547,91
1,50,0,1052,526047,29
1,50,0,1053,526547,166
1,50,0,1054,527047,59
1,50,0,1055,527547,123
1,50,0,1056,528047,73
1,50,0,1057,528547,21
1,50,0,1058,529047,253
1,50,0,1059,529547,125
1,50,0,1060,530047,45
1,50,0,1061,530547,139
1,50,0,1062,531047,51
1,50,0,1063,531547,185
1,50,0,1064,532047,71
1,50,0,1065,532547,68
1,50,0,1066,533047,31
1,50,0,1067,533547,6
1,50,0,1068,534047,0
1,50,0,1069,534547,89
1,50,0,1070,535047,57
1,50,0,1071,535547,17
1,50,0,1072,536047,115
1,50,0,1073,536547,79
1,50,0,1074,537047,25
1,50,0,1075,537547,45
1,50,0,1076,538047,10
1,50,0,1077,538547,56
1,50,0,1078,539047,23
1,50,0,1079,539547,3
1,50,0,1080,540047,0
1,50,0,1081,540547,0
1,50,0,1082,541047,40
1,50,0,1083,541547,85
1,50,0,1084,542047,104
1,50,0,1085,542547,36
1,50,0,1086,543047,138
1,50,0,1087,543547,55
1,50,0,1088,544047,33
1,50,0,1089,544547,86
1,50,0,1090,545047,27
1,50,0,1091,545547,4
1,50,0,1092,546047,23
1,50,0,1093,546547,2
1,50,0,1094,547047,0
1,50,0,1095,547547,17
1,50,0,1096,548047,31
1,50,0,1097,548547,6
1,50,0,1098,549047,83
1,50,0,1099,549547,30
1,50,0,1100,550047,5
1,50,0,1101,550547,3
1,50,0,1102,551047,0
1,50,0,1103,551547,53
1,50,0,1104,552047,24
1,50,0,1105,552547,4
1,50,0,1106,553047,123
1,50,0,1107,553547,44
1,50,0,1108,554047,148
1,50,0,1109,554547,179
1,50,0,1110,555047,69
1,50,0,1111,555547,55
1,50,0,1112,556047,61
1,50,0,1113,556547,48
1,50,0,1114,557047,14
1,50,0,1115,557547,173
1,50,0,1116,558047,64
1,50,0,1117,558547,124
1,50,0,1118,559047,43
1,50,0,1119,559547,37
1,50,0,1120,560047,12
1,50,0,1121,560547,152
1,50,0,1122,561047,56
1,50,0,1123,561547,16
1,50,0,1124,562047,99
1,50,0,1125,562547,30
1,50,0,1126,563047,143
1,50,0,1127,563547,69
1,50,0,1128,564047,20
1,50,0,1129,564547,108
1,50,0,1130,565047,55
1,50,0,1131,565547,16
1,50,0,1132,566047,0
1,50,0,1133,566547,17
1,50,0,1134,567047,1
1,50,0,1135,567547,61
1,50,0,1136,568047,43
1,50,0,1137,568547,10
1,50,0,1138,569047,0
1,50,0,1139,569547,0
1,50,0,1140,570047,170
1,50,0,1141,570547,62
1,50,0,1142,571047,23
1,50,0,1143,571547,71
1,50,0,1144,572047,43
1,50,0,1145,572547,91
1,50,0,1146,573047,29
1,50,0,1147,573547,101
1,50,0,1148,574047,35
1,50,0,1149,574547,216
1,50,0,1150,575047,92
1,50,0,1151,575547,30
1,50,0,1152,576047,169
1,50,0,1153,576547,81
1,50,0,1154,577047,23
1,50,0,1155,577547,95
1,50,0,1156,578047,76
1,50,0,1157,578547,25
1,50,0,1158,579047,239
1,50,0,1159,579547,93
1,50,0,1160,580047,168
1,50,0,1161,580547,67
1,50,0,1162,581047,55
1,50,0,1163,581547,107
1,50,0,1164,582047,37
1,50,0,1165,582547,123
1,50,0,1166,583047,51
1,50,0,1167,583547,12
1,50,0,1168,584047,122
1,50,0,1169,584547,42
1,50,0,1170,585047,31
1,50,0,1171,585547,35
1,50,0,1172,586047,7
1,50,0,1173,586547,29
1,50,0,1174,587047,63
1,50,0,1175,587547,19
1,50,0,1176,588047,2
1,50,0,1177,588547,115
1,50,0,1178,589047,43
1,50,0,1179,589547,9
1,50,0,1180,590047,77
1,50,0,1181,590547,55
1,50,0,1182,591047,13
1,50,0,1183,591547,0
1,50,0,1184,592047,190
1,50,0,1185,592547,77
1,50,0,1186,593047,23
1,50,0,1187,593547,103
1,50,0,1188,594047,37
1,50,0,1189,594547,7
1,50,0,1190,595047,69
1,50,0,1191,595547,23
1,50,0,1192,596047,0
1,50,0,1193,596547,0
1,50,0,1194,597047,54
1,50,0,1195,597547,13
1,50,0,1196,598047,72
1,50,0,1197,598547,42
1,50,0,1198,599047,11
1,50,0,1199,599547,11
1,50,0,1200,600047,7
1,50,0,1201,600547,0
1,50,0,1202,601047,9
1,50,0,1203,601547,123
1,50,0,1204,602047,92
1,50,0,1205,602547,35
1,50,0,1206,603047,9
1,50,0,1207,603547,69
1,50,0,1208,604047,63
1,50,0,1209,604547,36
1,50,0,1210,605047,230
1,50,0,1211,605547,116
1,50,0,1212,606047,59
1,50,0,1213,606547,145
1,50,0,1214,607047,52
1,50,0,1215,607547,93
1,50,0,1216,608047,137
1,50,0,1217,608547,89
1,50,0,1218,609047,28
1,50,0,1219,609547,139
1,50,0,1220,610047,47
1,50,0,1221,610547,172
1,50,0,1222,611047,67
1,50,0,1223,611547,36
1,50,0,1224,612047,7
1,50,0,1225,612547,106
1,50,0,1226,613047,43
1,50,0,1227,613547,27
1,50,0,1228,614047,73
1,50,0,1229,614547,22
1,50,0,1230,615047,180
1,50,0,1231,615547,148
1,50,0,1232,616047,53
1,50,0,1233,616547,169
1,50,0,1234,617047,69
1,50,0,1235,617547,279
1,50,0,1236,618047,107
1,50,0,1237,618547,69
1,50,0,1238,619047,199
1,50,0,1239,619547,77
1,50,0,1240,620047,127
1,50,0,1241,620547,86
1,50,0,1242,621047,37
1,50,0,1243,621547,92
1,50,0,1244,622047,39
1,50,0,1245,622547,7
1,50,0,1246,623047,137
1,50,0,1247,623547,89
1,50,0,1248,624047,28
1,50,0,1249,624547,77
1,50,0,1250,625047,191
1,50,0,1251,625547,85
1,50,0,1252,626047,27
1,50,0,1253,626547,141
1,50,0,1254,627047,51
1,50,0,1255,627547,251
1,50,0,1256,628047,99
1,50,0,1257,628547,149
1,50,0,1258,629047,155
1,50,0,1259,629547,57
1,50,0,1260,630047,143
1,50,0,1261,630547,139
1,50,0,1262,631047,50
1,50,0,1263,631547,127
1,50,0,1264,632047,87
1,50,0,1265,632547,27
1,50,0,1266,633047,92
1,50,0,1267,633547,69
1,50,0,1268,634047,21
1,50,0,1269,634547,171
1,50,0,1270,635047,63
1,50,0,1271,635547,52
1,50,0,1272,636047,103
1,50,0,1273,636547,79
1,50,0,1274,637047,119
1,50,0,1275,637547,120
1,50,0,1276,638047,77
1,50,0,1277,638547,73
1,50,0,1278,639047,101
1,50,0,1279,639547,186
1,50,0,1280,640047,71
1,50,0,1281,640547,60
1,50,0,1282,641047,147
1,50,0,1283,641547,59
1,50,0,1284,642047,29
1,50,0,1285,642547,182
1,50,0,1286,643047,73
1,50,0,1287,643547,251
1,50,0,1288,644047,101
1,50,0,1289,644547,190
1,50,0,1290,645047,149
1,50,0,1291,645547,61
1,50,0,1292,646047,243
1,50,0,1293,646547,105
1,50,0,1294,647047,201
1,50,0,1295,647547,136
1,50,0,1296,648047,51
1,50,0,1297,648547,165
1,50,0,1298,649047,87
1,50,0,1299,649547,121
1,50,0,1300,650047,69
1,50,0,1301,650547,231
1,50,0,1302,651047,98
1,50,0,1303,651547,31
1,50,0,1304,652047,140
1,50,0,1305,652547,59
1,50,0,1306,653047,219
1,50,0,1307,653547,91
1,50,0,1308,654047,157
1,50,0,1309,654547,107
1,50,0,1310,655047,133
1,50,0,1311,655547,46
1,50,0,1312,656047,149
1,50,0,1313,656547,146
1,50,0,1314,657047,53
1,50,0,1315,657547,125
1,50,0,1316,658047,59
1,50,0,1317,658547,89
1,50,0,1318,659047,74
1,50,0,1319,659547,23
1,50,0,1320,660047,71
1,50,0,1321,660547,31
1,50,0,1322,661047,53
1,50,0,1323,661547,56
1,50,0,1324,662047,229
1,50,0,1325,662547,101
1,50,0,1326,663047,180
1,50,0,1327,663547,69
1,50,0,1328,664047,191
1,50,0,1329,664547,72
1,50,0,1330,665047,151
1,50,0,1331,665547,54
1,50,0,1332,666047,155
1,50,0,1333,666547,57
1,50,0,1334,667047,102
1,50,0,1335,667547,89
1,50,0,1336,668047,30
1,50,0,1337,668547,123
1,50,0,1338,669047,43
1,50,0,1339,669547,9
1,50,0,1340,670047,5
1,50,0,1341,670547,2
1,50,0,1342,671047,0
1,50,0,1343,671547,44
1,50,0,1344,672047,10
1,50,0,1345,672547,0
1,50,0,1346,673047,0
1,50,0,1347,673547,0
1,50,0,1348,674047,189
1,50,0,1349,674547,73
1,50,0,1350,675047,21
1,50,0,1351,675547,123
1,50,0,1352,676047,43
1,50,0,1353,676547,25
1,50,0,1354,677047,71
1,50,0,1355,677547,75
1,50,0,1356,678047,23
1,50,0,1357,678547,83
1,50,0,1358,679047,57
1,50,0,1359,679547,17
1,50,0,1360,680047,118
1,50,0,1361,680547,117
1,50,0,1362,681047,40
1,50,0,1363,681547,9
1,50,0,1364,682047,55
1,50,0,1365,682547,47
1,50,0,1366,683047,11
1,50,0,1367,683547,43
1,50,0,1368,684047,92
1,50,0,1369,684547,55
1,50,0,1370,685047,64
1,50,0,1371,685547,53
1,50,0,1372,686047,11
1,50,0,1373,686547,57
1,50,0,1374,687047,17
1,50,0,1375,687547,47
1,50,0,1376,688047,89
1,50,0,1377,688547,28
1,50,0,1378,689047,251
1,50,0,1379,689547,105
1,50,0,1380,690047,35
1,50,0,1381,690547,157
1,50,0,1382,691047,57
1,50,0,1383,691547,67
1,50,0,1384,692047,47
1,50,0,1385,692547,11
1,50,0,1386,693047,95
1,50,0,1387,693547,37
1,50,0,1388,694047,9
1,50,0,1389,694547,76
1,50,0,1390,695047,22
1,50,0,1391,695547,85
1,50,0,1392,696047,72
1,50,0,1393,696547,22
1,50,0,1394,697047,2
1,50,0,1395,697547,121
1,50,0,1396,698047,58
1,50,0,1397,698547,28
1,50,0,1398,699047,47
1,50,0,1399,699547,19
1,50,0,1400,700047,199
1,50,0,1401,700547,76
1,50,0,1402,701047,89
1,50,0,1403,701547,77
1,50,0,1404,702047,25
1,50,0,1405,702547,3
1,50,0,1406,703047,23
1,50,0,1407,703547,39
1,50,0,1408,704047,7
1,50,0,1409,704547,157
1,50,0,1410,705047,57
1,50,0,1411,705547,127
1,50,0,1412,706047,70
1,50,0,1413,706547,21
1,50,0,1414,707047,85
1,50,0,1415,707547,26
1,50,0,1416,708047,4
1,50,0,1417,708547,77
1,50,0,1418,709047,43
1,50,0,1419,709547,10
1,50,0,1420,710047,71
1,50,0,1421,710547,69
1,50,0,1422,711047,21
1,50,0,1423,711547,2
1,50,0,1424,712047,201
1,50,0,1425,712547,76
1,50,0,1426,713047,105
1,50,0,1427,713547,69
1,50,0,1428,714047,20
1,50,0,1429,714547,42
1,50,0,1430,715047,68
1,50,0,1431,715547,20
1,50,0,1432,716047,2
1,50,0,1433,716547,68
1,50,0,1434,717047,21
1,50,0,1435,717547,139
1,50,0,1436,718047,73
1,50,0,1437,718547,25
1,50,0,1438,719047,89
1,50,0,1439,719547,173
1,50,0,1440,720047,87
1,50,0,1441,720547,27
1,50,0,1442,721047,179
1,50,0,1443,721547,217
1,50,0,1444,722047,83
1,50,0,1445,722547,188
1,50,0,1446,723047,73
1,50,0,1447,723547,22
1,50,0,1448,724047,111
1,50,0,1449,724547,70
1,50,0,1450,725047,20
1,50,0,1451,725547,137
1,50,0,1452,726047,67
1,50,0,1453,726547,23
1,50,0,1454,727047,159
1,50,0,1455,727547,59
1,50,0,1456,728047,221
1,50,0,1457,728547,86
1,50,0,1458,729047,108
1,50,0,1459,729547,143
1,50,0,1460,730047,83
1,50,0,1461,730547,137
1,50,0,1462,731047,57
1,50,0,1463,731547,43
1,50,0,1464,732047,74
1,50,0,1465,732547,75
1,50,0,1466,733047,46
1,50,0,1467,733547,53
1,50,0,1468,734047,76
1,50,0,1469,734547,123
1,50,0,1470,735047,63
1,50,0,1471,735547,91
1,50,0,1472,736047,108
1,50,0,1473,736547,85
1,50,0,1474,737047,61
1,50,0,1475,737547,111
1,50,0,1476,738047,41
1,50,0,1477,738547,137
1,50,0,1478,739047,53
1,50,0,1479,739547,203
1,50,0,1480,740047,117
1,50,0,1481,740547,53
1,50,0,1482,741047,127
1,50,0,1483,741547,99
1,50,0,1484,742047,142
1,50,0,1485,742547,112
1,50,0,1486,743047,39
1,50,0,1487,743547,142
1,50,0,1488,744047,52
1,50,0,1489,744547,135
1,50,0,1490,745047,173
1,50,0,1491,745547,67
1,50,0,1492,746047,153
1,50,0,1493,746547,79
1,50,0,1494,747047,25
1,50,0,1495,747547,88
1,50,0,1496,748047,277
1,50,0,1497,748547,107
1,50,0,1498,749047,179
1,50,0,1499,749547,223
1,50,0,1500,750047,90
1,50,0,1501,750547,86
1,50,0,1502,751047,251
1,50,0,1503,751547,185
1,50,0,1504,752047,72
1,50,0,1505,752547,235
1,50,0,1506,753047,183
1,50,0,1507,753547,71
1,50,0,1508,754047,254
1,50,0,1509,754547,141
1,50,0,1510,755047,53
1,50,0,1511,755547,200
1,50,0,1512,756047,121
1,50,0,1513,756547,47
1,50,0,1514,757047,124
1,50,0,1515,757547,109
1,50,0,1516,758047,57
1,50,0,1517,758547,108
1,50,0,1518,759047,112
1,50,0,1519,759547,39
1,50,0,1520,760047,117
1,50,0,1521,760547,69
1,50,0,1522,761047,203
1,50,0,1523,761547,111
1,50,0,1524,762047,39
1,50,0,1525,762547,139
1,50,0,1526,763047,60
1,50,0,1527,763547,76
1,50,0,1528,764047,47
1,50,0,1529,764547,109
1,50,0,1530,765047,85
1,50,0,1531,765547,47
1,50,0,1532,766047,127
1,50,0,1533,766547,57
1,50,0,1534,767047,31
1,50,0,1535,767547,136
1,50,0,1536,768047,174
1,50,0,1537,768547,64
1,50,0,1538,769047,155
1,50,0,1539,769547,223
1,50,0,1540,770047,85
1,50,0,1541,770547,264
1,50,0,1542,771047,103
1,50,0,1543,771547,232
1,50,0,1544,772047,188
1,50,0,1545,772547,73
1,50,0,1546,773047,189
1,50,0,1547,773547,236
1,50,0,1548,774047,97
1,50,0,1549,774547,253
1,50,0,1550,775047,147
1,50,0,1551,775547,95
1,50,0,1552,776047,166
1,50,0,1553,776547,61
1,50,0,1554,777047,151
1,50,0,1555,777547,61
1,50,0,1556,778047,117
1,50,0,1557,778547,61
1,50,0,1558,779047,18
1,50,0,1559,779547,63
1,50,0,1560,780047,21
1,50,0,1561,780547,51
1,50,0,1562,781047,13
1,50,0,1563,781547,223
1,50,0,1564,782047,89
1,50,0,1565,782547,51
1,50,0,1566,783047,167
1,50,0,1567,783547,92
1,50,0,1568,784047,31
1,50,0,1569,784547,309
1,50,0,1570,785047,119
1,50,0,1571,785547,103
1,50,0,1572,786047,179
1,50,0,1573,786547,69
1,50,0,1574,787047,85
1,50,0,1575,787547,26
1,50,0,1576,788047,27
1,50,0,1577,788547,165
1,50,0,1578,789047,95
1,50,0,1579,789547,30
1,50,0,1580,790047,139
1,50,0,1581,790547,51
1,50,0,1582,791047,215
1,50,0,1583,791547,85
1,50,0,1584,792047,38
1,50,0,1585,792547,48
1,50,0,1586,793047,85
1,50,0,1587,793547,149
1,50,0,1588,794047,78
1,50,0,1589,794547,24
1,50,0,1590,795047,30
1,50,0,1591,795547,171
1,50,0,1592,796047,63
1,50,0,1593,796547,21
1,50,0,1594,797047,125
1,50,0,1595,797547,44
1,50,0,1596,798047,44
1,50,0,1597,798547,102
1,50,0,1598,799047,35
1,50,0,1599,799547,61
1,50,0,1600,800047,126
1,50,0,1601,800547,45
1,50,0,1602,801047,135
1,50,0,1603,801547,47
1,50,0,1604,802047,121
1,50,0,1605,802547,61
1,50,0,1606,803047,61
1,50,0,1607,803547,73
1,50,0,1608,804047,103
1,50,0,1609,804547,37
1,50,0,1610,805047,88
1,50,0,1611,805547,27
1,50,0,1612,806047,189
1,50,0,1613,806547,72
1,50,0,1614,807047,83
1,50,0,1615,807547,99
1,50,0,1616,808047,180
1,50,0,1617,808547,89
1,50,0,1618,809047,155
1,50,0,1619,809547,103
1,50,0,1620,810047,165
1,50,0,1621,810547,110
1,50,0,1622,811047,115
1,50,0,1623,811547,46
1,50,0,1624,812047,85
1,50,0,1625,812547,35
1,50,0,1626,813047,7
1,50,0,1627,813547,187
1,50,0,1628,814047,114
1,50,0,1629,814547,39
1,50,0,1630,815047,200
1,50,0,1631,815547,75
1,50,0,1632,816047,43
1,50,0,1633,816547,71
1,50,0,1634,817047,117
1,50,0,1635,817547,55
1,50,0,1636,818047,121
1,50,0,1637,818547,73
1,50,0,1638,819047,57
1,50,0,1639,819547,217
1,50,0,1640,820047,96
1,50,0,1641,820547,87
1,50,0,1642,821047,115
1,50,0,1643,821547,39
1,50,0,1644,822047,165
1,50,0,1645,822547,112
1,50,0,1646,823047,39
1,50,0,1647,823547,91
1,50,0,1648,824047,29
1,50,0,1649,824547,92
1,50,0,1650,825047,82
1,50,0,1651,825547,73
1,50,0,1652,826047,43
1,50,0,1653,826547,139
1,50,0,1654,827047,108
1,50,0,1655,827547,37
1,50,0,1656,828047,199
1,50,0,1657,828547,117
1,50,0,1658,829047,40
1,50,0,1659,829547,61
1,50,0,1660,830047,28
1,50,0,1661,830547,75
1,50,0,1662,831047,27
1,50,0,1663,831547,111
1,50,0,1664,832047,109
1,50,0,1665,832547,37
1,50,0,1666,833047,155
1,50,0,1667,833547,117
1,50,0,1668,834047,41
1,50,0,1669,834547,61
1,50,0,1670,835047,18
1,50,0,1671,835547,118
1,50,0,1672,836047,55
1,50,0,1673,836547,16
1,50,0,1674,837047,8
1,50,0,1675,837547,45
1,50,0,1676,838047,42
1,50,0,1677,838547,62
1,50,0,1678,839047,19
1,50,0,1679,839547,33
1,50,0,1680,840047,6
1,50,0,1681,840547,142
1,50,0,1682,841047,55
1,50,0,1683,841547,13
1,50,0,1684,842047,99
1,50,0,1685,842547,174
1,50,0,1686,843047,91
1,50,0,1687,843547,144
1,50,0,1688,844047,103
1,50,0,1689,844547,46
1,50,0,1690,845047,121
1,50,0,1691,845547,85
1,50,0,1692,846047,26
1,50,0,1693,846547,184
1,50,0,1694,847047,89
1,50,0,1695,847547,27
1,50,0,1696,848047,27
1,50,0,1697,848547,171
1,50,0,1698,849047,87
1,50,0,1699,849547,27
1,50,0,1700,850047,171
1,50,0,1701,850547,77
1,50,0,1702,851047,24
1,50,0,1703,851547,165
1,50,0,1704,852047,57
1,50,0,1705,852547,167
1,50,0,1706,853047,61
1,50,0,1707,853547,141
1,50,0,1708,854047,181
1,50,0,1709,854547,69
1,50,0,1710,855047,168
1,50,0,1711,855547,61
1,50,0,1712,856047,20
1,50,0,1713,856547,106
1,50,0,1714,857047,103
1,50,0,1715,857547,37
1,50,0,1716,858047,163
1,50,0,1717,858547,105
1,50,0,1718,859047,36
1,50,0,1719,859547,89
1,50,0,1720,860047,69
1,50,0,1721,860547,21
1,50,0,1722,861047,0
1,50,0,1723,861547,139
1,50,0,1724,862047,97
1,50,0,1725,862547,120
1,50,0,1726,863047,183
1,50,0,1727,863547,136
1,50,0,1728,864047,179
1,50,0,1729,864547,75
1,50,0,1730,865047,82
1,50,0,1731,865547,39
1,50,0,1732,866047,11
1,50,0,1733,866547,217
1,50,0,1734,867047,84
1,50,0,1735,867547,176
1,50,0,1736,868047,107
1,50,0,1737,868547,64
1,50,0,1738,869047,39
1,50,0,1739,869547,93
1,50,0,1740,870047,30
1,50,0,1741,870547,101
1,50,0,1742,871047,31
1,50,0,1743,871547,115
1,50,0,1744,872047,75
1,50,0,1745,872547,182
1,50,0,1746,873047,137
1,50,0,1747,873547,48
1,50,0,1748,874047,171
1,50,0,1749,874547,103
1,50,0,1750,875047,141
1,50,0,1751,875547,76
1,50,0,1752,876047,175
1,50,0,1753,876547,217
1,50,0,1754,877047,85
1,50,0,1755,877547,191
1,50,0,1756,878047,119
1,50,0,1757,878547,41
1,50,0,1758,879047,118
1,50,0,1759,879547,42
1,50,0,1760,880047,45
1,50,0,1761,880547,43
1,50,0,1762,881047,139
1,50,0,1763,881547,53
1,50,0,1764,882047,43
1,50,0,1765,882547,159
1,50,0,1766,883047,59
1,50,0,1767,883547,207
1,50,0,1768,884047,117
1,50,0,1769,884547,41
1,50,0,1770,885047,215
1,50,0,1771,885547,85
1,50,0,1772,886047,141
1,50,0,1773,886547,85
1,50,0,1774,887047,27
1,50,0,1775,887547,108
1,50,0,1776,888047,72
1,50,0,1777,888547,69
1,50,0,1778,889047,121
1,50,0,1779,889547,53
1,50,0,1780,890047,251
1,50,0,1781,890547,115
1,50,0,1782,891047,154
1,50,0,1783,891547,69
1,50,0,1784,892047,158
1,50,0,1785,892547,168
1,50,0,1786,893047,154
1,50,0,1787,893547,55
1,50,0,1788,894047,103
1,50,0,1789,894547,175
1,50,0,1790,895047,71
1,50,0,1791,895547,198
1,50,0,1792,896047,127
1,50,0,1793,896547,45
1,50,0,1794,897047,365
1,50,0,1795,897547,147
1,50,0,1796,898047,53
1,50,0,1797,898547,197
1,50,0,1798,899047,92
1,50,0,1799,899547,70
1,50,0,1800,900047,83
1,50,0,1801,900547,25
1,50,0,1802,901047,220
1,50,0,1803,901547,111
1,50,0,1804,902047,39
1,50,0,1805,902547,124
1,50,0,1806,903047,43
1,50,0,1807,903547,39
1,50,0,1808,904047,141
1,50,0,1809,904547,51
1,50,0,1810,905047,21
1,50,0,1811,905547,192
1,50,0,1812,906047,75
1,50,0,1813,906547,237
1,50,0,1814,907047,147
1,50,0,1815,907547,61
1,50,0,1816,908047,119
1,50,0,1817,908547,117
1,50,0,1818,909047,100
1,50,0,1819,909547,93
1,50,0,1820,910047,60
1,50,0,1821,910547,157
1,50,0,1822,911047,60
1,50,0,1823,911547,126
1,50,0,1824,912047,97
1,50,0,1825,912547,35
1,50,0,1826,913047,78
1,50,0,1827,913547,26
1,50,0,1828,914047,3
1,50,0,1829,914547,11
1,50,0,1830,915047,72
1,50,0,1831,915547,21
1,50,0,1832,916047,125
1,50,0,1833,916547,55
1,50,0,1834,917047,189
1,50,0,1835,917547,73
1,50,0,1836,918047,75
1,50,0,1837,918547,38
1,50,0,1838,919047,124
1,50,0,1839,919547,43
1,50,0,1840,920047,119
1,50,0,1841,920547,40
1,50,0,1842,921047,8
1,50,0,1843,921547,109
1,50,0,1844,922047,101
1,50,0,1845,922547,38
1,50,0,1846,923047,135
1,50,0,1847,923547,116
1,50,0,1848,924047,40
1,50,0,1849,924547,199
1,50,0,1850,925047,83
1,50,0,1851,925547,107
1,50,0,1852,926047,77
1,50,0,1853,926547,176
1,50,0,1854,927047,67
1,50,0,1855,927547,77
1,50,0,1856,928047,106
1,50,0,1857,928547,37
1,50,0,1858,929047,45
1,50,0,1859,929547,75
1,50,0,1860,930047,25
1,50,0,1861,930547,94
1,50,0,1862,931047,28
1,50,0,1863,931547,168
1,50,0,1864,932047,59
1,50,0,1865,932547,45
1,50,0,1866,933047,99
1,50,0,1867,933547,31
1,50,0,1868,934047,61
1,50,0,1869,934547,19
1,50,0,1870,935047,75
1,50,0,1871,935547,37
1,50,0,1872,936047,8
1,50,0,1873,936547,119
1,50,0,1874,937047,41
1,50,0,1875,937547,153
1,50,0,1876,938047,67
1,50,0,1877,938547,19
1,50,0,1878,939047,253
1,50,0,1879,939547,139
1,50,0,1880,940047,51
1,50,0,1881,940547,228
1,50,0,1882,941047,91
1,50,0,1883,941547,269
1,50,0,1884,942047,160
1,50,0,1885,942547,59
1,50,0,1886,943047,18
1,50,0,1887,943547,77
1,50,0,1888,944047,88
1,50,0,1889,944547,75
1,50,0,1890,945047,106
1,50,0,1891,945547,174
1,50,0,1892,946047,61
1,50,0,1893,946547,222
1,50,0,1894,947047,115
1,50,0,1895,947547,82
1,50,0,1896,948047,115
1,50,0,1897,948547,41
1,50,0,1898,949047,9
1,50,0,1899,949547,143
1,50,0,1900,950047,53
1,50,0,1901,950547,31
1,50,0,1902,951047,99
1,50,0,1903,951547,102
1,50,0,1904,952047,33
1,50,0,1905,952547,235
1,50,0,1906,953047,89
1,50,0,1907,953547,107
1,50,0,1908,954047,138
1,50,0,1909,954547,121
1,50,0,1910,955047,119
1,50,0,1911,955547,151
1,50,0,1912,956047,53
1,50,0,1913,956547,163
1,50,0,1914,957047,73
1,50,0,1915,957547,186
1,50,0,1916,958047,157
1,50,0,1917,958547,61
1,50,0,1918,959047,160
1,50,0,1919,959547,59
1,50,0,1920,960047,205
1,50,0,1921,960547,100
1,50,0,1922,961047,149
1,50,0,1923,961547,135
1,50,0,1924,962047,73
1,50,0,1925,962547,21
1,50,0,1926,963047,2
1,50,0,1927,963547,28
1,50,0,1928,964047,5
1,50,0,1929,964547,19
1,50,0,1930,965047,104
1,50,0,1931,965547,171
1,50,0,1932,966047,169
1,50,0,1933,966547,126
1,50,0,1934,967047,149
1,50,0,1935,967547,102
1,50,0,1936,968047,37
1,50,0,1937,968547,101
1,50,0,1938,969047,33
1,50,0,1939,969547,111
1,50,0,1940,970047,39
1,50,0,1941,970547,84
1,50,0,1942,971047,27
1,50,0,1943,971547,247
1,50,0,1944,972047,119
1,50,0,1945,972547,41
1,50,0,1946,973047,197
1,50,0,1947,973547,237
1,50,0,1948,974047,99
1,50,0,1949,974547,143
1,50,0,1950,975047,61
1,50,0,1951,975547,53
1,50,0,1952,976047,12
1,50,0,1953,976547,46
1,50,0,1954,977047,11
1,50,0,1955,977547,0
1,50,0,1956,978047,21
1,50,0,1957,978547,18
1,50,0,1958,979047,0
1,50,0,1959,979547,0
1,50,0,1960,980047,233
1,50,0,1961,980547,88
1,50,0,1962,981047,61
1,50,0,1963,981547,85
1,50,0,1964,982047,30
1,50,0,1965,982547,94
1,50,0,1966,983047,31
1,50,0,1967,983547,82
1,50,0,1968,984047,89
1,50,0,1969,984547,91
1,50,0,1970,985047,134
1,50,0,1971,985547,46
1,50,0,1972,986047,184
1,50,0,1973,986547,86
1,50,0,1974,987047,31
1,50,0,1975,987547,59
1,50,0,1976,988047,27
1,50,0,1977,988547,149
1,50,0,1978,989047,53
1,50,0,1979,989547,120
1,50,0,1980,990047,43
1,50,0,1981,990547,69
1,50,0,1982,991047,23
1,50,0,1983,991547,61
1,50,0,1984,992047,264
1,50,0,1985,992547,103
1,50,0,1986,993047,70
1,50,0,1987,993547,125
1,50,0,1988,994047,43
1,50,0,1989,994547,51
1,50,0,1990,995047,41
1,50,0,1991,995547,53
1,50,0,1992,996047,13
1,50,0,1993,996547,91
1,50,0,1994,997047,43
1,50,0,1995,997547,19
1,50,0,1996,998047,51
1,50,0,1997,998547,13
1,50,0,1998,999047,91
1,50,0,1999,999547,69
# END_WINDOW
# Ready: run=1, valve=50%, rate=2000 Hz, samples=2000. Send any character to record one window.

# CAPTURING
1,50,2,0,55,27
1,50,2,1,547,188
1,50,2,2,1047,138
1,50,2,3,1547,51
1,50,2,4,2047,158
1,50,2,5,2547,56
1,50,2,6,3047,233
1,50,2,7,3547,137
1,50,2,8,4047,47
1,50,2,9,4547,201
1,50,2,10,5047,82
1,50,2,11,5547,24
1,50,2,12,6047,57
1,50,2,13,6547,13
1,50,2,14,7047,4
1,50,2,15,7547,69
1,50,2,16,8047,25
1,50,2,17,8547,27
1,50,2,18,9047,81
1,50,2,19,9547,27
1,50,2,20,10047,17
1,50,2,21,10547,89
1,50,2,22,11047,28
1,50,2,23,11547,134
1,50,2,24,12047,47
1,50,2,25,12547,77
1,50,2,26,13047,85
1,50,2,27,13547,55
1,50,2,28,14047,163
1,50,2,29,14547,57
1,50,2,30,15047,17
1,50,2,31,15547,76
1,50,2,32,16047,23
1,50,2,33,16547,110
1,50,2,34,17047,38
1,50,2,35,17547,133
1,50,2,36,18047,91
1,50,2,37,18547,29
1,50,2,38,19047,164
1,50,2,39,19547,101
1,50,2,40,20047,31
1,50,2,41,20547,74
1,50,2,42,21047,23
1,50,2,43,21547,24
1,50,2,44,22047,41
1,50,2,45,22547,12
1,50,2,46,23047,27
1,50,2,47,23547,3
1,50,2,48,24047,233
1,50,2,49,24547,89
1,50,2,50,25047,167
1,50,2,51,25547,203
1,50,2,52,26047,137
1,50,2,53,26547,291
1,50,2,54,27047,202
1,50,2,55,27547,75
1,50,2,56,28047,127
1,50,2,57,28547,243
1,50,2,58,29047,93
1,50,2,59,29547,48
1,50,2,60,30047,340
1,50,2,61,30547,157
1,50,2,62,31047,213
1,50,2,63,31547,135
1,50,2,64,32047,54
1,50,2,65,32547,70
1,50,2,66,33047,69
1,50,2,67,33547,127
1,50,2,68,34047,99
1,50,2,69,34547,31
1,50,2,70,35047,45
1,50,2,71,35547,10
1,50,2,72,36047,126
1,50,2,73,36547,43
1,50,2,74,37047,153
1,50,2,75,37547,99
1,50,2,76,38047,123
1,50,2,77,38547,167
1,50,2,78,39047,61
1,50,2,79,39547,315
1,50,2,80,40047,123
1,50,2,81,40547,42
1,50,2,82,41047,172
1,50,2,83,41547,126
1,50,2,84,42047,123
1,50,2,85,42547,52
1,50,2,86,43047,119
1,50,2,87,43547,101
1,50,2,88,44047,53
1,50,2,89,44547,268
1,50,2,90,45047,104
1,50,2,91,45547,287
1,50,2,92,46047,157
1,50,2,93,46547,119
1,50,2,94,47047,71
1,50,2,95,47547,142
1,50,2,96,48047,51
1,50,2,97,48547,23
1,50,2,98,49047,53
1,50,2,99,49547,37
1,50,2,100,50047,7
1,50,2,101,50547,164
1,50,2,102,51047,82
1,50,2,103,51547,25
1,50,2,104,52047,3
1,50,2,105,52547,73
1,50,2,106,53047,75
1,50,2,107,53547,25
1,50,2,108,54047,30
1,50,2,109,54547,119
1,50,2,110,55047,156
1,50,2,111,55547,127
1,50,2,112,56047,44
1,50,2,113,56547,185
1,50,2,114,57047,99
1,50,2,115,57547,30
1,50,2,116,58047,51
1,50,2,117,58547,104
1,50,2,118,59047,35
1,50,2,119,59547,291
1,50,2,120,60047,143
1,50,2,121,60547,53
1,50,2,122,61047,247
1,50,2,123,61547,93
1,50,2,124,62047,141
1,50,2,125,62547,171
1,50,2,126,63047,74
1,50,2,127,63547,61
1,50,2,128,64047,186
1,50,2,129,64547,71
1,50,2,130,65047,110
1,50,2,131,65547,57
1,50,2,132,66047,19
1,50,2,133,66547,271
1,50,2,134,67047,108
1,50,2,135,67547,325
1,50,2,136,68047,181
1,50,2,137,68547,77
1,50,2,138,69047,248
1,50,2,139,69547,101
1,50,2,140,70047,158
1,50,2,141,70547,119
1,50,2,142,71047,41
1,50,2,143,71547,120
1,50,2,144,72047,72
1,50,2,145,72547,140
1,50,2,146,73047,143
1,50,2,147,73547,163
1,50,2,148,74047,95
1,50,2,149,74547,185
1,50,2,150,75047,102
1,50,2,151,75547,31
1,50,2,152,76047,157
1,50,2,153,76547,111
1,50,2,154,77047,39
1,50,2,155,77547,50
1,50,2,156,78047,162
1,50,2,157,78547,69
1,50,2,158,79047,181
1,50,2,159,79547,119
1,50,2,160,80047,41
1,50,2,161,80547,232
1,50,2,162,81047,92
1,50,2,163,81547,216
1,50,2,164,82047,85
1,50,2,165,82547,279
1,50,2,166,83047,181
1,50,2,167,83547,69
1,50,2,168,84047,223
1,50,2,169,84547,151
1,50,2,170,85047,56
1,50,2,171,85547,267
1,50,2,172,86047,115
1,50,2,173,86547,40
1,50,2,174,87047,73
1,50,2,175,87547,52
1,50,2,176,88047,111
1,50,2,177,88547,141
1,50,2,178,89047,50
1,50,2,179,89547,116
1,50,2,180,90047,39
1,50,2,181,90547,157
1,50,2,182,91047,57
1,50,2,183,91547,77
1,50,2,184,92047,79
1,50,2,185,92547,24
1,50,2,186,93047,51
1,50,2,187,93547,111
1,50,2,188,94047,37
1,50,2,189,94547,103
1,50,2,190,95047,117
1,50,2,191,95547,41
1,50,2,192,96047,205
1,50,2,193,96547,111
1,50,2,194,97047,39
1,50,2,195,97547,149
1,50,2,196,98047,123
1,50,2,197,98547,53
1,50,2,198,99047,52
1,50,2,199,99547,124
1,50,2,200,100047,93
1,50,2,201,100547,30
1,50,2,202,101047,61
1,50,2,203,101547,91
1,50,2,204,102047,48
1,50,2,205,102547,53
1,50,2,206,103047,41
1,50,2,207,103547,10
1,50,2,208,104047,119
1,50,2,209,104547,110
1,50,2,210,105047,125
1,50,2,211,105547,116
1,50,2,212,106047,103
1,50,2,213,106547,58
1,50,2,214,107047,121
1,50,2,215,107547,167
1,50,2,216,108047,59
1,50,2,217,108547,173
1,50,2,218,109047,70
1,50,2,219,109547,149
1,50,2,220,110047,109
1,50,2,221,110547,117
1,50,2,222,111047,109
1,50,2,223,111547,37
1,50,2,224,112047,148
1,50,2,225,112547,59
1,50,2,226,113047,93
1,50,2,227,113547,99
1,50,2,228,114047,36
1,50,2,229,114547,51
1,50,2,230,115047,57
1,50,2,231,115547,14
1,50,2,232,116047,201
1,50,2,233,116547,76
1,50,2,234,117047,33
1,50,2,235,117547,118
1,50,2,236,118047,133
1,50,2,237,118547,109
1,50,2,238,119047,38
1,50,2,239,119547,101
1,50,2,240,120047,41
1,50,2,241,120547,189
1,50,2,242,121047,73
1,50,2,243,121547,21
1,50,2,244,122047,155
1,50,2,245,122547,56
1,50,2,246,123047,14
1,50,2,247,123547,159
1,50,2,248,124047,85
1,50,2,249,124547,26
1,50,2,250,125047,231
1,50,2,251,125547,88
1,50,2,252,126047,28
1,50,2,253,126547,217
1,50,2,254,127047,85
1,50,2,255,127547,124
1,50,2,256,128047,99
1,50,2,257,128547,43
1,50,2,258,129047,61
1,50,2,259,129547,100
1,50,2,260,130047,59
1,50,2,261,130547,26
1,50,2,262,131047,189
1,50,2,263,131547,74
1,50,2,264,132047,23
1,50,2,265,132547,95
1,50,2,266,133047,123
1,50,2,267,133547,43
1,50,2,268,134047,29
1,50,2,269,134547,121
1,50,2,270,135047,44
1,50,2,271,135547,188
1,50,2,272,136047,115
1,50,2,273,136547,41
1,50,2,274,137047,107
1,50,2,275,137547,153
1,50,2,276,138047,71
1,50,2,277,138547,21
1,50,2,278,139047,53
1,50,2,279,139547,63
1,50,2,280,140047,20
1,50,2,281,140547,91
1,50,2,282,141047,28
1,50,2,283,141547,4
1,50,2,284,142047,173
1,50,2,285,142547,87
1,50,2,286,143047,26
1,50,2,287,143547,71
1,50,2,288,144047,39
1,50,2,289,144547,55
1,50,2,290,145047,69
1,50,2,291,145547,119
1,50,2,292,146047,41
1,50,2,293,146547,175
1,50,2,294,147047,151
1,50,2,295,147547,62
1,50,2,296,148047,122
1,50,2,297,148547,127
1,50,2,298,149047,45
1,50,2,299,149547,118
1,50,2,300,150047,205
1,50,2,301,150547,147
1,50,2,302,151047,54
1,50,2,303,151547,280
1,50,2,304,152047,143
1,50,2,305,152547,51
1,50,2,306,153047,150
1,50,2,307,153547,69
1,50,2,308,154047,167
1,50,2,309,154547,123
1,50,2,310,155047,55
1,50,2,311,155547,55
1,50,2,312,156047,16
1,50,2,313,156547,153
1,50,2,314,157047,55
1,50,2,315,157547,174
1,50,2,316,158047,68
1,50,2,317,158547,301
1,50,2,318,159047,160
1,50,2,319,159547,89
1,50,2,320,160047,149
1,50,2,321,160547,91
1,50,2,322,161047,40
1,50,2,323,161547,174
1,50,2,324,162047,63
1,50,2,325,162547,120
1,50,2,326,163047,43
1,50,2,327,163547,182
1,50,2,328,164047,137
1,50,2,329,164547,165
1,50,2,330,165047,149
1,50,2,331,165547,55
1,50,2,332,166047,263
1,50,2,333,166547,127
1,50,2,334,167047,45
1,50,2,335,167547,85
1,50,2,336,168047,91
1,50,2,337,168547,28
1,50,2,338,169047,99
1,50,2,339,169547,37
1,50,2,340,170047,27
1,50,2,341,170547,39
1,50,2,342,171047,63
1,50,2,343,171547,87
1,50,2,344,172047,27
1,50,2,345,172547,198
1,50,2,346,173047,79
1,50,2,347,173547,146
1,50,2,348,174047,79
1,50,2,349,174547,93
1,50,2,350,175047,89
1,50,2,351,175547,27
1,50,2,352,176047,79
1,50,2,353,176547,68
1,50,2,354,177047,53
1,50,2,355,177547,141
1,50,2,356,178047,51
1,50,2,357,178547,181
1,50,2,358,179047,124
1,50,2,359,179547,44
1,50,2,360,180047,133
1,50,2,361,180547,46
1,50,2,362,181047,100
1,50,2,363,181547,98
1,50,2,364,182047,83
1,50,2,365,182547,25
1,50,2,366,183047,7
1,50,2,367,183547,55
1,50,2,368,184047,99
1,50,2,369,184547,30
1,50,2,370,185047,92
1,50,2,371,185547,28
1,50,2,372,186047,5
1,50,2,373,186547,47
1,50,2,374,187047,173
1,50,2,375,187547,67
1,50,2,376,188047,56
1,50,2,377,188547,61
1,50,2,378,189047,48
1,50,2,379,189547,60
1,50,2,380,190047,121
1,50,2,381,190547,90
1,50,2,382,191047,39
1,50,2,383,191547,123
1,50,2,384,192047,57
1,50,2,385,192547,71
1,50,2,386,193047,139
1,50,2,387,193547,51
1,50,2,388,194047,73
1,50,2,389,194547,132
1,50,2,390,195047,45
1,50,2,391,195547,73
1,50,2,392,196047,23
1,50,2,393,196547,46
1,50,2,394,197047,11
1,50,2,395,197547,121
1,50,2,396,198047,41
1,50,2,397,198547,124
1,50,2,398,199047,45
1,50,2,399,199547,109
1,50,2,400,200047,47
1,50,2,401,200547,38
1,50,2,402,201047,43
1,50,2,403,201547,101
1,50,2,404,202047,59
1,50,2,405,202547,17
1,50,2,406,203047,72
1,50,2,407,203547,119
1,50,2,408,204047,69
1,50,2,409,204547,19
1,50,2,410,205047,72
1,50,2,411,205547,23
1,50,2,412,206047,31
1,50,2,413,206547,180
1,50,2,414,207047,69
1,50,2,415,207547,35
1,50,2,416,208047,159
1,50,2,417,208547,59
1,50,2,418,209047,17
1,50,2,419,209547,62
1,50,2,420,210047,121
1,50,2,421,210547,42
1,50,2,422,211047,216
1,50,2,423,211547,85
1,50,2,424,212047,191
1,50,2,425,212547,109
1,50,2,426,213047,48
1,50,2,427,213547,31
1,50,2,428,214047,101
1,50,2,429,214547,39
1,50,2,430,215047,67
1,50,2,431,215547,103
1,50,2,432,216047,35
1,50,2,433,216547,6
1,50,2,434,217047,201
1,50,2,435,217547,76
1,50,2,436,218047,25
1,50,2,437,218547,154
1,50,2,438,219047,57
1,50,2,439,219547,121
1,50,2,440,220047,67
1,50,2,441,220547,137
1,50,2,442,221047,50
1,50,2,443,221547,77
1,50,2,444,222047,142
1,50,2,445,222547,52
1,50,2,446,223047,103
1,50,2,447,223547,75
1,50,2,448,224047,89
1,50,2,449,224547,68
1,50,2,450,225047,183
1,50,2,451,225547,75
1,50,2,452,226047,23
1,50,2,453,226547,147
1,50,2,454,227047,61
1,50,2,455,227547,45
1,50,2,456,228047,75
1,50,2,457,228547,22
1,50,2,458,229047,25
1,50,2,459,229547,96
1,50,2,460,230047,68
1,50,2,461,230547,20
1,50,2,462,231047,54
1,50,2,463,231547,77
1,50,2,464,232047,175
1,50,2,465,232547,67
1,50,2,466,233047,148
1,50,2,467,233547,207
1,50,2,468,234047,79
1,50,2,469,234547,250
1,50,2,470,235047,95
1,50,2,471,235547,31
1,50,2,472,236047,219
1,50,2,473,236547,94
1,50,2,474,237047,83
1,50,2,475,237547,24
1,50,2,476,238047,125
1,50,2,477,238547,109
1,50,2,478,239047,105
1,50,2,479,239547,142
1,50,2,480,240047,51
1,50,2,481,240547,284
1,50,2,482,241047,215
1,50,2,483,241547,84
1,50,2,484,242047,255
1,50,2,485,242547,125
1,50,2,486,243047,45
1,50,2,487,243547,139
1,50,2,488,244047,51
1,50,2,489,244547,99
1,50,2,490,245047,147
1,50,2,491,245547,122
1,50,2,492,246047,117
1,50,2,493,246547,213
1,50,2,494,247047,123
1,50,2,495,247547,97
1,50,2,496,248047,31
1,50,2,497,248547,244
1,50,2,498,249047,93
1,50,2,499,249547,207
1,50,2,500,250047,98
1,50,2,501,250547,30
1,50,2,502,251047,127
1,50,2,503,251547,45
1,50,2,504,252047,231
1,50,2,505,252547,98
1,50,2,506,253047,64
1,50,2,507,253547,143
1,50,2,508,254047,75
1,50,2,509,254547,137
1,50,2,510,255047,56
1,50,2,511,255547,185
1,50,2,512,256047,229
1,50,2,513,256547,89
1,50,2,514,257047,268
1,50,2,515,257547,111
1,50,2,516,258047,86
1,50,2,517,258547,157
1,50,2,518,259047,57
1,50,2,519,259547,167
1,50,2,520,260047,203
1,50,2,521,260547,79
1,50,2,522,261047,181
1,50,2,523,261547,245
1,50,2,524,262047,100
1,50,2,525,262547,230
1,50,2,526,263047,88
1,50,2,527,263547,183
1,50,2,528,264047,115
1,50,2,529,264547,123
1,50,2,530,265047,185
1,50,2,531,265547,71
1,50,2,532,266047,103
1,50,2,533,266547,124
1,50,2,534,267047,46
1,50,2,535,267547,159
1,50,2,536,268047,59
1,50,2,537,268547,154
1,50,2,538,269047,125
1,50,2,539,269547,55
1,50,2,540,270047,201
1,50,2,541,270547,77
1,50,2,542,271047,185
1,50,2,543,271547,109
1,50,2,544,272047,41
1,50,2,545,272547,185
1,50,2,546,273047,88
1,50,2,547,273547,48
1,50,2,548,274047,217
1,50,2,549,274547,155
1,50,2,550,275047,56
1,50,2,551,275547,127
1,50,2,552,276047,107
1,50,2,553,276547,121
1,50,2,554,277047,103
1,50,2,555,277547,35
1,50,2,556,278047,180
1,50,2,557,278547,75
1,50,2,558,279047,92
1,50,2,559,279547,179
1,50,2,560,280047,64
1,50,2,561,280547,157
1,50,2,562,281047,167
1,50,2,563,281547,61
1,50,2,564,282047,126
1,50,2,565,282547,45
1,50,2,566,283047,38
1,50,2,567,283547,237
1,50,2,568,284047,92
1,50,2,569,284547,186
1,50,2,570,285047,73
1,50,2,571,285547,153
1,50,2,572,286047,85
1,50,2,573,286547,27
1,50,2,574,287047,180
1,50,2,575,287547,68
1,50,2,576,288047,20
1,50,2,577,288547,59
1,50,2,578,289047,35
1,50,2,579,289547,283
1,50,2,580,290047,116
1,50,2,581,290547,51
1,50,2,582,291047,234
1,50,2,583,291547,91
1,50,2,584,292047,121
1,50,2,585,292547,48
1,50,2,586,293047,11
1,50,2,587,293547,0
1,50,2,588,294047,101
1,50,2,589,294547,33
1,50,2,590,295047,75
1,50,2,591,295547,23
1,50,2,592,296047,2
1,50,2,593,296547,94
1,50,2,594,297047,31
1,50,2,595,297547,5
1,50,2,596,298047,117
1,50,2,597,298547,40
1,50,2,598,299047,215
1,50,2,599,299547,87
1,50,2,600,300047,27
1,50,2,601,300547,41
1,50,2,602,301047,7
1,50,2,603,301547,6
1,50,2,604,302047,2
1,50,2,605,302547,51
1,50,2,606,303047,45
1,50,2,607,303547,9
1,50,2,608,304047,175
1,50,2,609,304547,83
1,50,2,610,305047,26
1,50,2,611,305547,270
1,50,2,612,306047,122
1,50,2,613,306547,43
1,50,2,614,307047,175
1,50,2,615,307547,77
1,50,2,616,308047,24
1,50,2,617,308547,169
1,50,2,618,309047,63
1,50,2,619,309547,22
1,50,2,620,310047,59
1,50,2,621,310547,27
1,50,2,622,311047,4
1,50,2,623,311547,0
1,50,2,624,312047,37
1,50,2,625,312547,7
1,50,2,626,313047,0
1,50,2,627,313547,153
1,50,2,628,314047,58
1,50,2,629,314547,24
1,50,2,630,315047,202
1,50,2,631,315547,77
1,50,2,632,316047,28
1,50,2,633,316547,40
1,50,2,634,317047,43
1,50,2,635,317547,31
1,50,2,636,318047,7
1,50,2,637,318547,89
1,50,2,638,319047,71
1,50,2,639,319547,20
1,50,2,640,320047,229
1,50,2,641,320547,89
1,50,2,642,321047,135
1,50,2,643,321547,75
1,50,2,644,322047,85
1,50,2,645,322547,106
1,50,2,646,323047,37
1,50,2,647,323547,85
1,50,2,648,324047,27
1,50,2,649,324547,127
1,50,2,650,325047,43
1,50,2,651,325547,17
1,50,2,652,326047,1
1,50,2,653,326547,103
1,50,2,654,327047,102
1,50,2,655,327547,35
1,50,2,656,328047,116
1,50,2,657,328547,105
1,50,2,658,329047,69
1,50,2,659,329547,165
1,50,2,660,330047,59
1,50,2,661,330547,164
1,50,2,662,331047,127
1,50,2,663,331547,43
1,50,2,664,332047,205
1,50,2,665,332547,79
1,50,2,666,333047,25
1,50,2,667,333547,124
1,50,2,668,334047,43
1,50,2,669,334547,11
1,50,2,670,335047,179
1,50,2,671,335547,71
1,50,2,672,336047,115
1,50,2,673,336547,103
1,50,2,674,337047,35
1,50,2,675,337547,109
1,50,2,676,338047,102
1,50,2,677,338547,93
1,50,2,678,339047,29
1,50,2,679,339547,200
1,50,2,680,340047,75
1,50,2,681,340547,23
1,50,2,682,341047,167
1,50,2,683,341547,60
1,50,2,684,342047,104
1,50,2,685,342547,35
1,50,2,686,343047,10
1,50,2,687,343547,181
1,50,2,688,344047,71
1,50,2,689,344547,19
1,50,2,690,345047,68
1,50,2,691,345547,197
1,50,2,692,346047,103
1,50,2,693,346547,35
1,50,2,694,347047,20
1,50,2,695,347547,85
1,50,2,696,348047,159
1,50,2,697,348547,61
1,50,2,698,349047,43
1,50,2,699,349547,119
1,50,2,700,350047,40
1,50,2,701,350547,120
1,50,2,702,351047,57
1,50,2,703,351547,17
1,50,2,704,352047,143
1,50,2,705,352547,83
1,50,2,706,353047,88
1,50,2,707,353547,44
1,50,2,708,354047,77
1,50,2,709,354547,120
1,50,2,710,355047,41
1,50,2,711,355547,115
1,50,2,712,356047,39
1,50,2,713,356547,89
1,50,2,714,357047,31
1,50,2,715,357547,199
1,50,2,716,358047,119
1,50,2,717,358547,40
1,50,2,718,359047,189
1,50,2,719,359547,104
1,50,2,720,360047,35
1,50,2,721,360547,124
1,50,2,722,361047,85
1,50,2,723,361547,27
1,50,2,724,362047,135
1,50,2,725,362547,87
1,50,2,726,363047,121
1,50,2,727,363547,43
1,50,2,728,364047,151
1,50,2,729,364547,89
1,50,2,730,365047,28
1,50,2,731,365547,164
1,50,2,732,366047,75
1,50,2,733,366547,41
1,50,2,734,367047,101
1,50,2,735,367547,31
1,50,2,736,368047,40
1,50,2,737,368547,88
1,50,2,738,369047,39
1,50,2,739,369547,87
1,50,2,740,370047,42
1,50,2,741,370547,151
1,50,2,742,371047,55
1,50,2,743,371547,125
1,50,2,744,372047,45
1,50,2,745,372547,69
1,50,2,746,373047,207
1,50,2,747,373547,79
1,50,2,748,374047,25
1,50,2,749,374547,121
1,50,2,750,375047,41
1,50,2,751,375547,60
1,50,2,752,376047,70
1,50,2,753,376547,88
1,50,2,754,377047,41
1,50,2,755,377547,103
1,50,2,756,378047,35
1,50,2,757,378547,157
1,50,2,758,379047,83
1,50,2,759,379547,27
1,50,2,760,380047,145
1,50,2,761,380547,51
1,50,2,762,381047,71
1,50,2,763,381547,75
1,50,2,764,382047,51
1,50,2,765,382547,48
1,50,2,766,383047,61
1,50,2,767,383547,117
1,50,2,768,384047,42
1,50,2,769,384547,189
1,50,2,770,385047,79
1,50,2,771,385547,25
1,50,2,772,386047,213
1,50,2,773,386547,82
1,50,2,774,387047,173
1,50,2,775,387547,140
1,50,2,776,388047,52
1,50,2,777,388547,207
1,50,2,778,389047,85
1,50,2,779,389547,167
1,50,2,780,390047,107
1,50,2,781,390547,135
1,50,2,782,391047,149
1,50,2,783,391547,53
1,50,2,784,392047,219
1,50,2,785,392547,88
1,50,2,786,393047,133
1,50,2,787,393547,127
1,50,2,788,394047,45
1,50,2,789,394547,43
1,50,2,790,395047,134
1,50,2,791,395547,45
1,50,2,792,396047,139
1,50,2,793,396547,51
1,50,2,794,397047,100
1,50,2,795,397547,93
1,50,2,796,398047,219
1,50,2,797,398547,133
1,50,2,798,399047,100
1,50,2,799,399547,213
1,50,2,800,400047,121
1,50,2,801,400547,42
1,50,2,802,401047,164
1,50,2,803,401547,61
1,50,2,804,402047,85
1,50,2,805,402547,87
1,50,2,806,403047,27
1,50,2,807,403547,159
1,50,2,808,404047,62
1,50,2,809,404547,95
1,50,2,810,405047,135
1,50,2,811,405547,47
1,50,2,812,406047,163
1,50,2,813,406547,62
1,50,2,814,407047,71
1,50,2,815,407547,67
1,50,2,816,408047,83
1,50,2,817,408547,37
1,50,2,818,409047,91
1,50,2,819,409547,87
1,50,2,820,410047,205
1,50,2,821,410547,77
1,50,2,822,411047,211
1,50,2,823,411547,99
1,50,2,824,412047,54
1,50,2,825,412547,93
1,50,2,826,413047,59
1,50,2,827,413547,17
1,50,2,828,414047,121
1,50,2,829,414547,122
1,50,2,830,415047,59
1,50,2,831,415547,115
1,50,2,832,416047,163
1,50,2,833,416547,87
1,50,2,834,417047,27
1,50,2,835,417547,183
1,50,2,836,418047,78
1,50,2,837,418547,44
1,50,2,838,419047,203
1,50,2,839,419547,111
1,50,2,840,420047,39
1,50,2,841,420547,217
1,50,2,842,421047,84
1,50,2,843,421547,25
1,50,2,844,422047,62
1,50,2,845,422547,70
1,50,2,846,423047,115
1,50,2,847,423547,119
1,50,2,848,424047,51
1,50,2,849,424547,237
1,50,2,850,425047,172
1,50,2,851,425547,62
1,50,2,852,426047,153
1,50,2,853,426547,55
1,50,2,854,427047,85
1,50,2,855,427547,127
1,50,2,856,428047,67
1,50,2,857,428547,187
1,50,2,858,429047,134
1,50,2,859,429547,47
1,50,2,860,430047,197
1,50,2,861,430547,75
1,50,2,862,431047,117
1,50,2,863,431547,123
1,50,2,864,432047,43
1,50,2,865,432547,149
1,50,2,866,433047,53
1,50,2,867,433547,133
1,50,2,868,434047,115
1,50,2,869,434547,43
1,50,2,870,435047,51
1,50,2,871,435547,29
1,50,2,872,436047,112
1,50,2,873,436547,38
1,50,2,874,437047,26
1,50,2,875,437547,158
1,50,2,876,438047,59
1,50,2,877,438547,18
1,50,2,878,439047,29
1,50,2,879,439547,57
1,50,2,880,440047,17
1,50,2,881,440547,268
1,50,2,882,441047,123
1,50,2,883,441547,283
1,50,2,884,442047,168
1,50,2,885,442547,89
1,50,2,886,443047,245
1,50,2,887,443547,95
1,50,2,888,444047,172
1,50,2,889,444547,63
1,50,2,890,445047,117
1,50,2,891,445547,149
1,50,2,892,446047,86
1,50,2,893,446547,103
1,50,2,894,447047,89
1,50,2,895,447547,41
1,50,2,896,448047,173
1,50,2,897,448547,61
1,50,2,898,449047,231
1,50,2,899,449547,89
1,50,2,900,450047,267
1,50,2,901,450547,126
1,50,2,902,451047,43
1,50,2,903,451547,214
1,50,2,904,452047,103
1,50,2,905,452547,35
1,50,2,906,453047,347
1,50,2,907,453547,159
1,50,2,908,454047,59
1,50,2,909,454547,370
1,50,2,910,455047,142
1,50,2,911,455547,286
1,50,2,912,456047,141
1,50,2,913,456547,52
1,50,2,914,457047,165
1,50,2,915,457547,59
1,50,2,916,458047,175
1,50,2,917,458547,69
1,50,2,918,459047,85
1,50,2,919,459547,172
1,50,2,920,460047,63
1,50,2,921,460547,115
1,50,2,922,461047,115
1,50,2,923,461547,39
1,50,2,924,462047,133
1,50,2,925,462547,213
1,50,2,926,463047,101
1,50,2,927,463547,171
1,50,2,928,464047,165
1,50,2,929,464547,85
1,50,2,930,465047,117
1,50,2,931,465547,114
1,50,2,932,466047,71
1,50,2,933,466547,87
1,50,2,934,467047,140
1,50,2,935,467547,61
1,50,2,936,468047,18
1,50,2,937,468547,301
1,50,2,938,469047,169
1,50,2,939,469547,61
1,50,2,940,470047,123
1,50,2,941,470547,153
1,50,2,942,471047,63
1,50,2,943,471547,99
1,50,2,944,472047,100
1,50,2,945,472547,168
1,50,2,946,473047,88
1,50,2,947,473547,31
1,50,2,948,474047,288
1,50,2,949,474547,109
1,50,2,950,475047,175
1,50,2,951,475547,153
1,50,2,952,476047,55
1,50,2,953,476547,174
1,50,2,954,477047,63
1,50,2,955,477547,88
1,50,2,956,478047,84
1,50,2,957,478547,142
1,50,2,958,479047,56
1,50,2,959,479547,119
1,50,2,960,480047,54
1,50,2,961,480547,165
1,50,2,962,481047,60
1,50,2,963,481547,139
1,50,2,964,482047,135
1,50,2,965,482547,46
1,50,2,966,483047,188
1,50,2,967,483547,73
1,50,2,968,484047,111
1,50,2,969,484547,95
1,50,2,970,485047,185
1,50,2,971,485547,89
1,50,2,972,486047,50
1,50,2,973,486547,153
1,50,2,974,487047,57
1,50,2,975,487547,16
1,50,2,976,488047,18
1,50,2,977,488547,101
1,50,2,978,489047,79
1,50,2,979,489547,25
1,50,2,980,490047,2
1,50,2,981,490547,40
1,50,2,982,491047,9
1,50,2,983,491547,94
1,50,2,984,492047,29
1,50,2,985,492547,171
1,50,2,986,493047,63
1,50,2,987,493547,31
1,50,2,988,494047,139
1,50,2,989,494547,47
1,50,2,990,495047,135
1,50,2,991,495547,47
1,50,2,992,496047,233
1,50,2,993,496547,101
1,50,2,994,497047,31
1,50,2,995,497547,167
1,50,2,996,498047,61
1,50,2,997,498547,77
1,50,2,998,499047,175
1,50,2,999,499547,69
1,50,2,1000,500047,137
1,50,2,1001,500547,73
1,50,2,1002,501047,211
1,50,2,1003,501547,99
1,50,2,1004,502047,144
1,50,2,1005,502547,51
1,50,2,1006,503047,132
1,50,2,1007,503547,119
1,50,2,1008,504047,91
1,50,2,1009,504547,29
1,50,2,1010,505047,5
1,50,2,1011,505547,76
1,50,2,1012,506047,72
1,50,2,1013,506547,21
1,50,2,1014,507047,147
1,50,2,1015,507547,57
1,50,2,1016,508047,172
1,50,2,1017,508547,123
1,50,2,1018,509047,44
1,50,2,1019,509547,293
1,50,2,1020,510047,114
1,50,2,1021,510547,281
1,50,2,1022,511047,158
1,50,2,1023,511547,58
1,50,2,1024,512047,107
1,50,2,1025,512547,73
1,50,2,1026,513047,77
1,50,2,1027,513547,134
1,50,2,1028,514047,47
1,50,2,1029,514547,92
1,50,2,1030,515047,42
1,50,2,1031,515547,78
1,50,2,1032,516047,25
1,50,2,1033,516547,151
1,50,2,1034,517047,54
1,50,2,1035,517547,209
1,50,2,1036,518047,79
1,50,2,1037,518547,67
1,50,2,1038,519047,107
1,50,2,1039,519547,55
1,50,2,1040,520047,83
1,50,2,1041,520547,27
1,50,2,1042,521047,124
1,50,2,1043,521547,55
1,50,2,1044,522047,25
1,50,2,1045,522547,31
1,50,2,1046,523047,9
1,50,2,1047,523547,135
1,50,2,1048,524047,155
1,50,2,1049,524547,71
1,50,2,1050,525047,48
1,50,2,1051,525547,135
1,50,2,1052,526047,51
1,50,2,1053,526547,203
1,50,2,1054,527047,76
1,50,2,1055,527547,95
1,50,2,1056,528047,267
1,50,2,1057,528547,109
1,50,2,1058,529047,53
1,50,2,1059,529547,211
1,50,2,1060,530047,79
1,50,2,1061,530547,249
1,50,2,1062,531047,137
1,50,2,1063,531547,51
1,50,2,1064,532047,43
1,50,2,1065,532547,68
1,50,2,1066,533047,109
1,50,2,1067,533547,39
1,50,2,1068,534047,74
1,50,2,1069,534547,22
1,50,2,1070,535047,218
1,50,2,1071,535547,91
1,50,2,1072,536047,83
1,50,2,1073,536547,69
1,50,2,1074,537047,78
1,50,2,1075,537547,24
1,50,2,1076,538047,50
1,50,2,1077,538547,75
1,50,2,1078,539047,22
1,50,2,1079,539547,112
1,50,2,1080,540047,63
1,50,2,1081,540547,141
1,50,2,1082,541047,71
1,50,2,1083,541547,127
1,50,2,1084,542047,45
1,50,2,1085,542547,101
1,50,2,1086,543047,137
1,50,2,1087,543547,58
1,50,2,1088,544047,19
1,50,2,1089,544547,197
1,50,2,1090,545047,73
1,50,2,1091,545547,23
1,50,2,1092,546047,183
1,50,2,1093,546547,103
1,50,2,1094,547047,31
1,50,2,1095,547547,235
1,50,2,1096,548047,90
1,50,2,1097,548547,45
1,50,2,1098,549047,84
1,50,2,1099,549547,27
1,50,2,1100,550047,74
1,50,2,1101,550547,38
1,50,2,1102,551047,142
1,50,2,1103,551547,51
1,50,2,1104,552047,13
1,50,2,1105,552547,101
1,50,2,1106,553047,117
1,50,2,1107,553547,55
1,50,2,1108,554047,16
1,50,2,1109,554547,153
1,50,2,1110,555047,68
1,50,2,1111,555547,213
1,50,2,1112,556047,147
1,50,2,1113,556547,53
1,50,2,1114,557047,299
1,50,2,1115,557547,117
1,50,2,1116,558047,133
1,50,2,1117,558547,51
1,50,2,1118,559047,22
1,50,2,1119,559547,127
1,50,2,1120,560047,47
1,50,2,1121,560547,11
1,50,2,1122,561047,101
1,50,2,1123,561547,71
1,50,2,1124,562047,21
1,50,2,1125,562547,133
1,50,2,1126,563047,87
1,50,2,1127,563547,27
1,50,2,1128,564047,136
1,50,2,1129,564547,45
1,50,2,1130,565047,92
1,50,2,1131,565547,48
1,50,2,1132,566047,26
1,50,2,1133,566547,56
1,50,2,1134,567047,21
1,50,2,1135,567547,202
1,50,2,1136,568047,75
1,50,2,1137,568547,117
1,50,2,1138,569047,206
1,50,2,1139,569547,79
1,50,2,1140,570047,158
1,50,2,1141,570547,92
1,50,2,1142,571047,29
1,50,2,1143,571547,149
1,50,2,1144,572047,53
1,50,2,1145,572547,231
1,50,2,1146,573047,89
1,50,2,1147,573547,28
1,50,2,1148,574047,90
1,50,2,1149,574547,29
1,50,2,1150,575047,17
1,50,2,1151,575547,35
1,50,2,1152,576047,5
1,50,2,1153,576547,83
1,50,2,1154,577047,26
1,50,2,1155,577547,31
1,50,2,1156,578047,7
1,50,2,1157,578547,0
1,50,2,1158,579047,74
1,50,2,1159,579547,23
1,50,2,1160,580047,1
1,50,2,1161,580547,16
1,50,2,1162,581047,0
1,50,2,1163,581547,29
1,50,2,1164,582047,4
1,50,2,1165,582547,0
1,50,2,1166,583047,85
1,50,2,1167,583547,29
1,50,2,1168,584047,88
1,50,2,1169,584547,54
1,50,2,1170,585047,77
1,50,2,1171,585547,59
1,50,2,1172,586047,29
1,50,2,1173,586547,153
1,50,2,1174,587047,55
1,50,2,1175,587547,159
1,50,2,1176,588047,133
1,50,2,1177,588547,45
1,50,2,1178,589047,159
1,50,2,1179,589547,200
1,50,2,1180,590047,76
1,50,2,1181,590547,199
1,50,2,1182,591047,75
1,50,2,1183,591547,21
1,50,2,1184,592047,105
1,50,2,1185,592547,55
1,50,2,1186,593047,102
1,50,2,1187,593547,87
1,50,2,1188,594047,55
1,50,2,1189,594547,155
1,50,2,1190,595047,85
1,50,2,1191,595547,229
1,50,2,1192,596047,110
1,50,2,1193,596547,89
1,50,2,1194,597047,127
1,50,2,1195,597547,45
1,50,2,1196,598047,151
1,50,2,1197,598547,54
1,50,2,1198,599047,287
1,50,2,1199,599547,110
1,50,2,1200,600047,39
1,50,2,1201,600547,83
1,50,2,1202,601047,121
1,50,2,1203,601547,42
1,50,2,1204,602047,121
1,50,2,1205,602547,91
1,50,2,1206,603047,121
1,50,2,1207,603547,59
1,50,2,1208,604047,143
1,50,2,1209,604547,79
1,50,2,1210,605047,26
1,50,2,1211,605547,187
1,50,2,1212,606047,80
1,50,2,1213,606547,179
1,50,2,1214,607047,227
1,50,2,1215,607547,87
1,50,2,1216,608047,139
1,50,2,1217,608547,47
1,50,2,1218,609047,85
1,50,2,1219,609547,79
1,50,2,1220,610047,25
1,50,2,1221,610547,91
1,50,2,1222,611047,28
1,50,2,1223,611547,44
1,50,2,1224,612047,51
1,50,2,1225,612547,53
1,50,2,1226,613047,57
1,50,2,1227,613547,17
1,50,2,1228,614047,137
1,50,2,1229,614547,47
1,50,2,1230,615047,12
1,50,2,1231,615547,73
1,50,2,1232,616047,22
1,50,2,1233,616547,95
1,50,2,1234,617047,43
1,50,2,1235,617547,13
1,50,2,1236,618047,73
1,50,2,1237,618547,45
1,50,2,1238,619047,146
1,50,2,1239,619547,52
1,50,2,1240,620047,12
1,50,2,1241,620547,168
1,50,2,1242,621047,71
1,50,2,1243,621547,20
1,50,2,1244,622047,153
1,50,2,1245,622547,59
1,50,2,1246,623047,108
1,50,2,1247,623547,74
1,50,2,1248,624047,41
1,50,2,1249,624547,19
1,50,2,1250,625047,1
1,50,2,1251,625547,93
1,50,2,1252,626047,31
1,50,2,1253,626547,61
1,50,2,1254,627047,205
1,50,2,1255,627547,77
1,50,2,1256,628047,186
1,50,2,1257,628547,186
1,50,2,1258,629047,115
1,50,2,1259,629547,39
1,50,2,1260,630047,185
1,50,2,1261,630547,104
1,50,2,1262,631047,35
1,50,2,1263,631547,158
1,50,2,1264,632047,91
1,50,2,1265,632547,73
1,50,2,1266,633047,178
1,50,2,1267,633547,83
1,50,2,1268,634047,111
1,50,2,1269,634547,148
1,50,2,1270,635047,123
1,50,2,1271,635547,137
1,50,2,1272,636047,105
1,50,2,1273,636547,125
1,50,2,1274,637047,95
1,50,2,1275,637547,187
1,50,2,1276,638047,93
1,50,2,1277,638547,235
1,50,2,1278,639047,180
1,50,2,1279,639547,69
1,50,2,1280,640047,197
1,50,2,1281,640547,75
1,50,2,1282,641047,251
1,50,2,1283,641547,107
1,50,2,1284,642047,45
1,50,2,1285,642547,17
1,50,2,1286,643047,137
1,50,2,1287,643547,99
1,50,2,1288,644047,46
1,50,2,1289,644547,87
1,50,2,1290,645047,29
1,50,2,1291,645547,75
1,50,2,1292,646047,52
1,50,2,1293,646547,13
1,50,2,1294,647047,3
1,50,2,1295,647547,59
1,50,2,1296,648047,28
1,50,2,1297,648547,43
1,50,2,1298,649047,45
1,50,2,1299,649547,13
1,50,2,1300,650047,7
1,50,2,1301,650547,137
1,50,2,1302,651047,47
1,50,2,1303,651547,103
1,50,2,1304,652047,33
1,50,2,1305,652547,81
1,50,2,1306,653047,24
1,50,2,1307,653547,87
1,50,2,1308,654047,27
1,50,2,1309,654547,54
1,50,2,1310,655047,68
1,50,2,1311,655547,20
1,50,2,1312,656047,18
1,50,2,1313,656547,83
1,50,2,1314,657047,109
1,50,2,1315,657547,38
1,50,2,1316,658047,125
1,50,2,1317,658547,111
1,50,2,1318,659047,40
1,50,2,1319,659547,181
1,50,2,1320,660047,73
1,50,2,1321,660547,22
1,50,2,1322,661047,2
1,50,2,1323,661547,92
1,50,2,1324,662047,68
1,50,2,1325,662547,20
1,50,2,1326,663047,81
1,50,2,1327,663547,47
1,50,2,1328,664047,68
1,50,2,1329,664547,71
1,50,2,1330,665047,22
1,50,2,1331,665547,135
1,50,2,1332,666047,47
1,50,2,1333,666547,45
1,50,2,1334,667047,25
1,50,2,1335,667547,4
1,50,2,1336,668047,151
1,50,2,1337,668547,58
1,50,2,1338,669047,17
1,50,2,1339,669547,163
1,50,2,1340,670047,59
1,50,2,1341,670547,91
1,50,2,1342,671047,76
1,50,2,1343,671547,105
1,50,2,1344,672047,201
1,50,2,1345,672547,75
1,50,2,1346,673047,201
1,50,2,1347,673547,78
1,50,2,1348,674047,35
1,50,2,1349,674547,139
1,50,2,1350,675047,51
1,50,2,1351,675547,111
1,50,2,1352,676047,88
1,50,2,1353,676547,197
1,50,2,1354,677047,77
1,50,2,1355,677547,175
1,50,2,1356,678047,99
1,50,2,1357,678547,31
1,50,2,1358,679047,77
1,50,2,1359,679547,60
1,50,2,1360,680047,76
1,50,2,1361,680547,23
1,50,2,1362,681047,253
1,50,2,1363,681547,123
1,50,2,1364,682047,142
1,50,2,1365,682547,101
1,50,2,1366,683047,36
1,50,2,1367,683547,53
1,50,2,1368,684047,17
1,50,2,1369,684547,3
1,50,2,1370,685047,0
1,50,2,1371,685547,0
1,50,2,1372,686047,114
1,50,2,1373,686547,57
1,50,2,1374,687047,16
1,50,2,1375,687547,126
1,50,2,1376,688047,173
1,50,2,1377,688547,68
1,50,2,1378,689047,229
1,50,2,1379,689547,87
1,50,2,1380,690047,53
1,50,2,1381,690547,165
1,50,2,1382,691047,103
1,50,2,1383,691547,43
1,50,2,1384,692047,146
1,50,2,1385,692547,73
1,50,2,1386,693047,82
1,50,2,1387,693547,28
1,50,2,1388,694047,115
1,50,2,1389,694547,104
1,50,2,1390,695047,57
1,50,2,1391,695547,119
1,50,2,1392,696047,85
1,50,2,1393,696547,166
1,50,2,1394,697047,61
1,50,2,1395,697547,243
1,50,2,1396,698047,94
1,50,2,1397,698547,30
1,50,2,1398,699047,297
1,50,2,1399,699547,126
1,50,2,1400,700047,47
1,50,2,1401,700547,107
1,50,2,1402,701047,76
1,50,2,1403,701547,140
1,50,2,1404,702047,87
1,50,2,1405,702547,167
1,50,2,1406,703047,197
1,50,2,1407,703547,73
1,50,2,1408,704047,111
1,50,2,1409,704547,180
1,50,2,1410,705047,69
1,50,2,1411,705547,150
1,50,2,1412,706047,88
1,50,2,1413,706547,85
1,50,2,1414,707047,221
1,50,2,1415,707547,87
1,50,2,1416,708047,297
1,50,2,1417,708547,119
1,50,2,1418,709047,133
1,50,2,1419,709547,183
1,50,2,1420,710047,83
1,50,2,1421,710547,70
1,50,2,1422,711047,139
1,50,2,1423,711547,86
1,50,2,1424,712047,103
1,50,2,1425,712547,35
1,50,2,1426,713047,275
1,50,2,1427,713547,156
1,50,2,1428,714047,57
1,50,2,1429,714547,314
1,50,2,1430,715047,155
1,50,2,1431,715547,157
1,50,2,1432,716047,253
1,50,2,1433,716547,99
1,50,2,1434,717047,153
1,50,2,1435,717547,125
1,50,2,1436,718047,43
1,50,2,1437,718547,77
1,50,2,1438,719047,25
1,50,2,1439,719547,106
1,50,2,1440,720047,91
1,50,2,1441,720547,29
1,50,2,1442,721047,41
1,50,2,1443,721547,51
1,50,2,1444,722047,16
1,50,2,1445,722547,0
1,50,2,1446,723047,151
1,50,2,1447,723547,55
1,50,2,1448,724047,115
1,50,2,1449,724547,63
1,50,2,1450,725047,71
1,50,2,1451,725547,22
1,50,2,1452,726047,88
1,50,2,1453,726547,29
1,50,2,1454,727047,251
1,50,2,1455,727547,99
1,50,2,1456,728047,31
1,50,2,1457,728547,119
1,50,2,1458,729047,72
1,50,2,1459,729547,121
1,50,2,1460,730047,41
1,50,2,1461,730547,309
1,50,2,1462,731047,214
1,50,2,1463,731547,83
1,50,2,1464,732047,283
1,50,2,1465,732547,121
1,50,2,1466,733047,117
1,50,2,1467,733547,123
1,50,2,1468,734047,43
1,50,2,1469,734547,33
1,50,2,1470,735047,207
1,50,2,1471,735547,78
1,50,2,1472,736047,31
1,50,2,1473,736547,71
1,50,2,1474,737047,22
1,50,2,1475,737547,45
1,50,2,1476,738047,36
1,50,2,1477,738547,67
1,50,2,1478,739047,19
1,50,2,1479,739547,63
1,50,2,1480,740047,19
1,50,2,1481,740547,105
1,50,2,1482,741047,61
1,50,2,1483,741547,18
1,50,2,1484,742047,123
1,50,2,1485,742547,89
1,50,2,1486,743047,28
1,50,2,1487,743547,107
1,50,2,1488,744047,119
1,50,2,1489,744547,61
1,50,2,1490,745047,148
1,50,2,1491,745547,77
1,50,2,1492,746047,23
1,50,2,1493,746547,30
1,50,2,1494,747047,149
1,50,2,1495,747547,55
1,50,2,1496,748047,12
1,50,2,1497,748547,133
1,50,2,1498,749047,57
1,50,2,1499,749547,205
1,50,2,1500,750047,77
1,50,2,1501,750547,23
1,50,2,1502,751047,139
1,50,2,1503,751547,141
1,50,2,1504,752047,51
1,50,2,1505,752547,18
1,50,2,1506,753047,94
1,50,2,1507,753547,57
1,50,2,1508,754047,57
1,50,2,1509,754547,142
1,50,2,1510,755047,51
1,50,2,1511,755547,173
1,50,2,1512,756047,67
1,50,2,1513,756547,71
1,50,2,1514,757047,51
1,50,2,1515,757547,47
1,50,2,1516,758047,159
1,50,2,1517,758547,59
1,50,2,1518,759047,59
1,50,2,1519,759547,89
1,50,2,1520,760047,29
1,50,2,1521,760547,295
1,50,2,1522,761047,115
1,50,2,1523,761547,69
1,50,2,1524,762047,271
1,50,2,1525,762547,114
1,50,2,1526,763047,152
1,50,2,1527,763547,139
1,50,2,1528,764047,56
1,50,2,1529,764547,246
1,50,2,1530,765047,157
1,50,2,1531,765547,58
1,50,2,1532,766047,127
1,50,2,1533,766547,118
1,50,2,1534,767047,79
1,50,2,1535,767547,75
1,50,2,1536,768047,167
1,50,2,1537,768547,74
1,50,2,1538,769047,73
1,50,2,1539,769547,235
1,50,2,1540,770047,91
1,50,2,1541,770547,169
1,50,2,1542,771047,123
1,50,2,1543,771547,41
1,50,2,1544,772047,174
1,50,2,1545,772547,63
1,50,2,1546,773047,141
1,50,2,1547,773547,119
1,50,2,1548,774047,69
1,50,2,1549,774547,128
1,50,2,1550,775047,115
1,50,2,1551,775547,104
1,50,2,1552,776047,166
1,50,2,1553,776547,111
1,50,2,1554,777047,38
1,50,2,1555,777547,148
1,50,2,1556,778047,123
1,50,2,1557,778547,92
1,50,2,1558,779047,167
1,50,2,1559,779547,67
1,50,2,1560,780047,152
1,50,2,1561,780547,182
1,50,2,1562,781047,76
1,50,2,1563,781547,23
1,50,2,1564,782047,275
1,50,2,1565,782547,107
1,50,2,1566,783047,123
1,50,2,1567,783547,56
1,50,2,1568,784047,169
1,50,2,1569,784547,75
1,50,2,1570,785047,216
1,50,2,1571,785547,138
1,50,2,1572,786047,87
1,50,2,1573,786547,171
1,50,2,1574,787047,62
1,50,2,1575,787547,104
1,50,2,1576,788047,35
1,50,2,1577,788547,79
1,50,2,1578,789047,90
1,50,2,1579,789547,52
1,50,2,1580,790047,185
1,50,2,1581,790547,151
1,50,2,1582,791047,58
1,50,2,1583,791547,171
1,50,2,1584,792047,117
1,50,2,1585,792547,40
1,50,2,1586,793047,212
1,50,2,1587,793547,83
1,50,2,1588,794047,185
1,50,2,1589,794547,187
1,50,2,1590,795047,123
1,50,2,1591,795547,178
1,50,2,1592,796047,67
1,50,2,1593,796547,133
1,50,2,1594,797047,165
1,50,2,1595,797547,132
1,50,2,1596,798047,45
1,50,2,1597,798547,248
1,50,2,1598,799047,106
1,50,2,1599,799547,100
1,50,2,1600,800047,126
1,50,2,1601,800547,107
1,50,2,1602,801047,71
1,50,2,1603,801547,155
1,50,2,1604,802047,64
1,50,2,1605,802547,91
1,50,2,1606,803047,28
1,50,2,1607,803547,103
1,50,2,1608,804047,37
1,50,2,1609,804547,136
1,50,2,1610,805047,74
1,50,2,1611,805547,124
1,50,2,1612,806047,61
1,50,2,1613,806547,27
1,50,2,1614,807047,191
1,50,2,1615,807547,93
1,50,2,1616,808047,51
1,50,2,1617,808547,91
1,50,2,1618,809047,79
1,50,2,1619,809547,53
1,50,2,1620,810047,153
1,50,2,1621,810547,156
1,50,2,1622,811047,57
1,50,2,1623,811547,99
1,50,2,1624,812047,51
1,50,2,1625,812547,11
1,50,2,1626,813047,63
1,50,2,1627,813547,21
1,50,2,1628,814047,1
1,50,2,1629,814547,39
1,50,2,1630,815047,27
1,50,2,1631,815547,112
1,50,2,1632,816047,45
1,50,2,1633,816547,10
1,50,2,1634,817047,109
1,50,2,1635,817547,45
1,50,2,1636,818047,172
1,50,2,1637,818547,69
1,50,2,1638,819047,79
1,50,2,1639,819547,71
1,50,2,1640,820047,21
1,50,2,1641,820547,285
1,50,2,1642,821047,110
1,50,2,1643,821547,101
1,50,2,1644,822047,143
1,50,2,1645,822547,53
1,50,2,1646,823047,176
1,50,2,1647,823547,85
1,50,2,1648,824047,25
1,50,2,1649,824547,137
1,50,2,1650,825047,47
1,50,2,1651,825547,72
1,50,2,1652,826047,22
1,50,2,1653,826547,169
1,50,2,1654,827047,86
1,50,2,1655,827547,255
1,50,2,1656,828047,135
1,50,2,1657,828547,47
1,50,2,1658,829047,183
1,50,2,1659,829547,187
1,50,2,1660,830047,107
1,50,2,1661,830547,43
1,50,2,1662,831047,173
1,50,2,1663,831547,63
1,50,2,1664,832047,20
1,50,2,1665,832547,125
1,50,2,1666,833047,43
1,50,2,1667,833547,101
1,50,2,1668,834047,31
1,50,2,1669,834547,221
1,50,2,1670,835047,85
1,50,2,1671,835547,119
1,50,2,1672,836047,155
1,50,2,1673,836547,111
1,50,2,1674,837047,39
1,50,2,1675,837547,227
1,50,2,1676,838047,88
1,50,2,1677,838547,147
1,50,2,1678,839047,191
1,50,2,1679,839547,73
1,50,2,1680,840047,173
1,50,2,1681,840547,112
1,50,2,1682,841047,41
1,50,2,1683,841547,155
1,50,2,1684,842047,69
1,50,2,1685,842547,99
1,50,2,1686,843047,171
1,50,2,1687,843547,62
1,50,2,1688,844047,105
1,50,2,1689,844547,126
1,50,2,1690,845047,44
1,50,2,1691,845547,10
1,50,2,1692,846047,110
1,50,2,1693,846547,138
1,50,2,1694,847047,47
1,50,2,1695,847547,136
1,50,2,1696,848047,48
1,50,2,1697,848547,77
1,50,2,1698,849047,55
1,50,2,1699,849547,41
1,50,2,1700,850047,9
1,50,2,1701,850547,155
1,50,2,1702,851047,56
1,50,2,1703,851547,201
1,50,2,1704,852047,76
1,50,2,1705,852547,24
1,50,2,1706,853047,294
1,50,2,1707,853547,115
1,50,2,1708,854047,51
1,50,2,1709,854547,187
1,50,2,1710,855047,72
1,50,2,1711,855547,20
1,50,2,1712,856047,249
1,50,2,1713,856547,197
1,50,2,1714,857047,75
1,50,2,1715,857547,203
1,50,2,1716,858047,151
1,50,2,1717,858547,55
1,50,2,1718,859047,133
1,50,2,1719,859547,58
1,50,2,1720,860047,18
1,50,2,1721,860547,201
1,50,2,1722,861047,76
1,50,2,1723,861547,184
1,50,2,1724,862047,91
1,50,2,1725,862547,30
1,50,2,1726,863047,234
1,50,2,1727,863547,89
1,50,2,1728,864047,30
1,50,2,1729,864547,123
1,50,2,1730,865047,45
1,50,2,1731,865547,13
1,50,2,1732,866047,83
1,50,2,1733,866547,26
1,50,2,1734,867047,95
1,50,2,1735,867547,39
1,50,2,1736,868047,87
1,50,2,1737,868547,127
1,50,2,1738,869047,167
1,50,2,1739,869547,117
1,50,2,1740,870047,203
1,50,2,1741,870547,82
1,50,2,1742,871047,165
1,50,2,1743,871547,139
1,50,2,1744,872047,51
1,50,2,1745,872547,13
1,50,2,1746,873047,74
1,50,2,1747,873547,21
1,50,2,1748,874047,3
1,50,2,1749,874547,0
1,50,2,1750,875047,115
1,50,2,1751,875547,39
1,50,2,1752,876047,117
1,50,2,1753,876547,39
1,50,2,1754,877047,85
1,50,2,1755,877547,105
1,50,2,1756,878047,35
1,50,2,1757,878547,7
1,50,2,1758,879047,168
1,50,2,1759,879547,79
1,50,2,1760,880047,25
1,50,2,1761,880547,238
1,50,2,1762,881047,91
1,50,2,1763,881547,88
1,50,2,1764,882047,108
1,50,2,1765,882547,75
1,50,2,1766,883047,181
1,50,2,1767,883547,71
1,50,2,1768,884047,164
1,50,2,1769,884547,61
1,50,2,1770,885047,155
1,50,2,1771,885547,62
1,50,2,1772,886047,93
1,50,2,1773,886547,158
1,50,2,1774,887047,59
1,50,2,1775,887547,54
1,50,2,1776,888047,186
1,50,2,1777,888547,71
1,50,2,1778,889047,201
1,50,2,1779,889547,89
1,50,2,1780,890047,69
1,50,2,1781,890547,219
1,50,2,1782,891047,206
1,50,2,1783,891547,77
1,50,2,1784,892047,275
1,50,2,1785,892547,115
1,50,2,1786,893047,51
1,50,2,1787,893547,127
1,50,2,1788,894047,95
1,50,2,1789,894547,30
1,50,2,1790,895047,175
1,50,2,1791,895547,149
1,50,2,1792,896047,55
1,50,2,1793,896547,293
1,50,2,1794,897047,147
1,50,2,1795,897547,52
1,50,2,1796,898047,93
1,50,2,1797,898547,157
1,50,2,1798,899047,56
1,50,2,1799,899547,93
1,50,2,1800,900047,163
1,50,2,1801,900547,61
1,50,2,1802,901047,176
1,50,2,1803,901547,253
1,50,2,1804,902047,101
1,50,2,1805,902547,217
1,50,2,1806,903047,133
1,50,2,1807,903547,147
1,50,2,1808,904047,61
1,50,2,1809,904547,236
1,50,2,1810,905047,111
1,50,2,1811,905547,39
1,50,2,1812,906047,169
1,50,2,1813,906547,87
1,50,2,1814,907047,28
1,50,2,1815,907547,166
1,50,2,1816,908047,79
1,50,2,1817,908547,24
1,50,2,1818,909047,205
1,50,2,1819,909547,147
1,50,2,1820,910047,53
1,50,2,1821,910547,165
1,50,2,1822,911047,68
1,50,2,1823,911547,20
1,50,2,1824,912047,86
1,50,2,1825,912547,39
1,50,2,1826,913047,17
1,50,2,1827,913547,23
1,50,2,1828,914047,251
1,50,2,1829,914547,100
1,50,2,1830,915047,160
1,50,2,1831,915547,59
1,50,2,1832,916047,139
1,50,2,1833,916547,72
1,50,2,1834,917047,22
1,50,2,1835,917547,170
1,50,2,1836,918047,74
1,50,2,1837,918547,22
1,50,2,1838,919047,210
1,50,2,1839,919547,77
1,50,2,1840,920047,133
1,50,2,1841,920547,115
1,50,2,1842,921047,40
1,50,2,1843,921547,8
1,50,2,1844,922047,137
1,50,2,1845,922547,47
1,50,2,1846,923047,11
1,50,2,1847,923547,303
1,50,2,1848,924047,157
1,50,2,1849,924547,57
1,50,2,1850,925047,215
1,50,2,1851,925547,122
1,50,2,1852,926047,43
1,50,2,1853,926547,157
1,50,2,1854,927047,60
1,50,2,1855,927547,19
1,50,2,1856,928047,236
1,50,2,1857,928547,91
1,50,2,1858,929047,57
1,50,2,1859,929547,55
1,50,2,1860,930047,12
1,50,2,1861,930547,103
1,50,2,1862,931047,69
1,50,2,1863,931547,22
1,50,2,1864,932047,279
1,50,2,1865,932547,107
1,50,2,1866,933047,38
1,50,2,1867,933547,158
1,50,2,1868,934047,57
1,50,2,1869,934547,18
1,50,2,1870,935047,23
1,50,2,1871,935547,3
1,50,2,1872,936047,75
1,50,2,1873,936547,23
1,50,2,1874,937047,1
1,50,2,1875,937547,166
1,50,2,1876,938047,59
1,50,2,1877,938547,19
1,50,2,1878,939047,1
1,50,2,1879,939547,120
1,50,2,1880,940047,105
1,50,2,1881,940547,52
1,50,2,1882,941047,94
1,50,2,1883,941547,30
1,50,2,1884,942047,109
1,50,2,1885,942547,37
1,50,2,1886,943047,101
1,50,2,1887,943547,37
1,50,2,1888,944047,7
1,50,2,1889,944547,29
1,50,2,1890,945047,43
1,50,2,1891,945547,9
1,50,2,1892,946047,149
1,50,2,1893,946547,53
1,50,2,1894,947047,217
1,50,2,1895,947547,97
1,50,2,1896,948047,31
1,50,2,1897,948547,31
1,50,2,1898,949047,89
1,50,2,1899,949547,34
1,50,2,1900,950047,45
1,50,2,1901,950547,84
1,50,2,1902,951047,47
1,50,2,1903,951547,10
1,50,2,1904,952047,147
1,50,2,1905,952547,56
1,50,2,1906,953047,29
1,50,2,1907,953547,39
1,50,2,1908,954047,8
1,50,2,1909,954547,68
1,50,2,1910,955047,84
1,50,2,1911,955547,30
1,50,2,1912,956047,117
1,50,2,1913,956547,45
1,50,2,1914,957047,9
1,50,2,1915,957547,87
1,50,2,1916,958047,31
1,50,2,1917,958547,5
1,50,2,1918,959047,88
1,50,2,1919,959547,31
1,50,2,1920,960047,6
1,50,2,1921,960547,138
1,50,2,1922,961047,141
1,50,2,1923,961547,50
1,50,2,1924,962047,137
1,50,2,1925,962547,52
1,50,2,1926,963047,12
1,50,2,1927,963547,17
1,50,2,1928,964047,87
1,50,2,1929,964547,27
1,50,2,1930,965047,68
1,50,2,1931,965547,83
1,50,2,1932,966047,87
1,50,2,1933,966547,77
1,50,2,1934,967047,87
1,50,2,1935,967547,79
1,50,2,1936,968047,23
1,50,2,1937,968547,41
1,50,2,1938,969047,9
1,50,2,1939,969547,90
1,50,2,1940,970047,43
1,50,2,1941,970547,183
1,50,2,1942,971047,69
1,50,2,1943,971547,21
1,50,2,1944,972047,189
1,50,2,1945,972547,73
1,50,2,1946,973047,25
1,50,2,1947,973547,229
1,50,2,1948,974047,101
1,50,2,1949,974547,77
1,50,2,1950,975047,76
1,50,2,1951,975547,117
1,50,2,1952,976047,41
1,50,2,1953,976547,71
1,50,2,1954,977047,25
1,50,2,1955,977547,189
1,50,2,1956,978047,99
1,50,2,1957,978547,31
1,50,2,1958,979047,55
1,50,2,1959,979547,16
1,50,2,1960,980047,293
1,50,2,1961,980547,115
1,50,2,1962,981047,39
1,50,2,1963,981547,105
1,50,2,1964,982047,135
1,50,2,1965,982547,48
1,50,2,1966,983047,30
1,50,2,1967,983547,141
1,50,2,1968,984047,51
1,50,2,1969,984547,68
1,50,2,1970,985047,135
1,50,2,1971,985547,108
1,50,2,1972,986047,37
1,50,2,1973,986547,93
1,50,2,1974,987047,29
1,50,2,1975,987547,5
1,50,2,1976,988047,115
1,50,2,1977,988547,44
1,50,2,1978,989047,10
1,50,2,1979,989547,107
1,50,2,1980,990047,37
1,50,2,1981,990547,90
1,50,2,1982,991047,47
1,50,2,1983,991547,121
1,50,2,1984,992047,117
1,50,2,1985,992547,51
1,50,2,1986,993047,97
1,50,2,1987,993547,149
1,50,2,1988,994047,61
1,50,2,1989,994547,19
1,50,2,1990,995047,89
1,50,2,1991,995547,53
1,50,2,1992,996047,13
1,50,2,1993,996547,73
1,50,2,1994,997047,26
1,50,2,1995,997547,3
1,50,2,1996,998047,8
1,50,2,1997,998547,170
1,50,2,1998,999047,85
1,50,2,1999,999547,25
# END_WINDOW
# Ready: run=1, valve=50%, rate=2000 Hz, samples=2000. Send any character to record one window.

# CAPTURING
1,50,3,0,54,133
1,50,3,1,547,46
1,50,3,2,1047,11
1,50,3,3,1547,79
1,50,3,4,2047,68
1,50,3,5,2547,19
1,50,3,6,3047,19
1,50,3,7,3547,39
1,50,3,8,4047,63
1,50,3,9,4547,72
1,50,3,10,5047,22
1,50,3,11,5547,68
1,50,3,12,6047,165
1,50,3,13,6547,60
1,50,3,14,7047,205
1,50,3,15,7547,119
1,50,3,16,8047,159
1,50,3,17,8547,123
1,50,3,18,9047,127
1,50,3,19,9547,109
1,50,3,20,10047,37
1,50,3,21,10547,139
1,50,3,22,11047,53
1,50,3,23,11547,12
1,50,3,24,12047,29
1,50,3,25,12547,88
1,50,3,26,13047,28
1,50,3,27,13547,75
1,50,3,28,14047,57
1,50,3,29,14547,111
1,50,3,30,15047,267
1,50,3,31,15547,103
1,50,3,32,16047,137
1,50,3,33,16547,171
1,50,3,34,17047,63
1,50,3,35,17547,204
1,50,3,36,18047,84
1,50,3,37,18547,25
1,50,3,38,19047,99
1,50,3,39,19547,31
1,50,3,40,20047,134
1,50,3,41,20547,83
1,50,3,42,21047,26
1,50,3,43,21547,93
1,50,3,44,22047,99
1,50,3,45,22547,107
1,50,3,46,23047,79
1,50,3,47,23547,181
1,50,3,48,24047,70
1,50,3,49,24547,69
1,50,3,50,25047,174
1,50,3,51,25547,115
1,50,3,52,26047,120
1,50,3,53,26547,119
1,50,3,54,27047,82
1,50,3,55,27547,107
1,50,3,56,28047,189
1,50,3,57,28547,147
1,50,3,58,29047,54
1,50,3,59,29547,201
1,50,3,60,30047,174
1,50,3,61,30547,82
1,50,3,62,31047,28
1,50,3,63,31547,140
1,50,3,64,32047,50
1,50,3,65,32547,165
1,50,3,66,33047,63
1,50,3,67,33547,71
1,50,3,68,34047,131
1,50,3,69,34547,44
1,50,3,70,35047,153
1,50,3,71,35547,112
1,50,3,72,36047,39
1,50,3,73,36547,182
1,50,3,74,37047,76
1,50,3,75,37547,23
1,50,3,76,38047,123
1,50,3,77,38547,43
1,50,3,78,39047,71
1,50,3,79,39547,72
1,50,3,80,40047,77
1,50,3,81,40547,140
1,50,3,82,41047,136
1,50,3,83,41547,200
1,50,3,84,42047,81
1,50,3,85,42547,139
1,50,3,86,43047,100
1,50,3,87,43547,53
1,50,3,88,44047,89
1,50,3,89,44547,29
1,50,3,90,45047,121
1,50,3,91,45547,169
1,50,3,92,46047,62
1,50,3,93,46547,61
1,50,3,94,47047,115
1,50,3,95,47547,107
1,50,3,96,48047,115
1,50,3,97,48547,117
1,50,3,98,49047,111
1,50,3,99,49547,221
1,50,3,100,50047,89
1,50,3,101,50547,205
1,50,3,102,51047,79
1,50,3,103,51547,103
1,50,3,104,52047,104
1,50,3,105,52547,33
1,50,3,106,53047,165
1,50,3,107,53547,77
1,50,3,108,54047,23
1,50,3,109,54547,41
1,50,3,110,55047,99
1,50,3,111,55547,31
1,50,3,112,56047,6
1,50,3,113,56547,170
1,50,3,114,57047,63
1,50,3,115,57547,157
1,50,3,116,58047,154
1,50,3,117,58547,58
1,50,3,118,59047,18
1,50,3,119,59547,52
1,50,3,120,60047,12
1,50,3,121,60547,0
1,50,3,122,61047,47
1,50,3,123,61547,12
1,50,3,124,62047,21
1,50,3,125,62547,104
1,50,3,126,63047,35
1,50,3,127,63547,137
1,50,3,128,64047,47
1,50,3,129,64547,26
1,50,3,130,65047,69
1,50,3,131,65547,21
1,50,3,132,66047,201
1,50,3,133,66547,102
1,50,3,134,67047,31
1,50,3,135,67547,170
1,50,3,136,68047,86
1,50,3,137,68547,70
1,50,3,138,69047,141
1,50,3,139,69547,51
1,50,3,140,70047,135
1,50,3,141,70547,63
1,50,3,142,71047,109
1,50,3,143,71547,88
1,50,3,144,72047,91
1,50,3,145,72547,68
1,50,3,146,73047,187
1,50,3,147,73547,157
1,50,3,148,74047,57
1,50,3,149,74547,133
1,50,3,150,75047,45
1,50,3,151,75547,20
1,50,3,152,76047,92
1,50,3,153,76547,31
1,50,3,154,77047,71
1,50,3,155,77547,87
1,50,3,156,78047,175
1,50,3,157,78547,73
1,50,3,158,79047,63
1,50,3,159,79547,105
1,50,3,160,80047,82
1,50,3,161,80547,24
1,50,3,162,81047,11
1,50,3,163,81547,92
1,50,3,164,82047,29
1,50,3,165,82547,179
1,50,3,166,83047,99
1,50,3,167,83547,31
1,50,3,168,84047,106
1,50,3,169,84547,35
1,50,3,170,85047,109
1,50,3,171,85547,121
1,50,3,172,86047,41
1,50,3,173,86547,153
1,50,3,174,87047,55
1,50,3,175,87547,47
1,50,3,176,88047,12
1,50,3,177,88547,53
1,50,3,178,89047,35
1,50,3,179,89547,6
1,50,3,180,90047,86
1,50,3,181,90547,63
1,50,3,182,91047,118
1,50,3,183,91547,40
1,50,3,184,92047,135
1,50,3,185,92547,47
1,50,3,186,93047,151
1,50,3,187,93547,54
1,50,3,188,94047,40
1,50,3,189,94547,175
1,50,3,190,95047,77
1,50,3,191,95547,75
1,50,3,192,96047,59
1,50,3,193,96547,73
1,50,3,194,97047,73
1,50,3,195,97547,23
1,50,3,196,98047,117
1,50,3,197,98547,41
1,50,3,198,99047,119
1,50,3,199,99547,74
1,50,3,200,100047,26
1,50,3,201,100547,6
1,50,3,202,101047,85
1,50,3,203,101547,26
1,50,3,204,102047,5
1,50,3,205,102547,31
1,50,3,206,103047,105
1,50,3,207,103547,64
1,50,3,208,104047,59
1,50,3,209,104547,117
1,50,3,210,105047,40
1,50,3,211,105547,137
1,50,3,212,106047,233
1,50,3,213,106547,90
1,50,3,214,107047,247
1,50,3,215,107547,145
1,50,3,216,108047,52
1,50,3,217,108547,27
1,50,3,218,109047,213
1,50,3,219,109547,83
1,50,3,220,110047,207
1,50,3,221,110547,115
1,50,3,222,111047,42
1,50,3,223,111547,41
1,50,3,224,112047,184
1,50,3,225,112547,110
1,50,3,226,113047,37
1,50,3,227,113547,160
1,50,3,228,114047,59
1,50,3,229,114547,69
1,50,3,230,115047,137
1,50,3,231,115547,85
1,50,3,232,116047,117
1,50,3,233,116547,121
1,50,3,234,117047,97
1,50,3,235,117547,121
1,50,3,236,118047,77
1,50,3,237,118547,25
1,50,3,238,119047,173
1,50,3,239,119547,115
1,50,3,240,120047,40
1,50,3,241,120547,276
1,50,3,242,121047,103
1,50,3,243,121547,146
1,50,3,244,122047,135
1,50,3,245,122547,190
1,50,3,246,123047,74
1,50,3,247,123547,179
1,50,3,248,124047,79
1,50,3,249,124547,30
1,50,3,250,125047,231
1,50,3,251,125547,107
1,50,3,252,126047,35
1,50,3,253,126547,173
1,50,3,254,127047,95
1,50,3,255,127547,86
1,50,3,256,128047,143
1,50,3,257,128547,52
1,50,3,258,129047,143
1,50,3,259,129547,56
1,50,3,260,130047,109
1,50,3,261,130547,37
1,50,3,262,131047,349
1,50,3,263,131547,217
1,50,3,264,132047,101
1,50,3,265,132547,219
1,50,3,266,133047,85
1,50,3,267,133547,214
1,50,3,268,134047,85
1,50,3,269,134547,143
1,50,3,270,135047,51
1,50,3,271,135547,285
1,50,3,272,136047,137
1,50,3,273,136547,54
1,50,3,274,137047,169
1,50,3,275,137547,79
1,50,3,276,138047,167
1,50,3,277,138547,131
1,50,3,278,139047,47
1,50,3,279,139547,184
1,50,3,280,140047,79
1,50,3,281,140547,140
1,50,3,282,141047,212
1,50,3,283,141547,107
1,50,3,284,142047,63
1,50,3,285,142547,167
1,50,3,286,143047,60
1,50,3,287,143547,141
1,50,3,288,144047,51
1,50,3,289,144547,105
1,50,3,290,145047,51
1,50,3,291,145547,167
1,50,3,292,146047,75
1,50,3,293,146547,23
1,50,3,294,147047,55
1,50,3,295,147547,219
1,50,3,296,148047,103
1,50,3,297,148547,123
1,50,3,298,149047,72
1,50,3,299,149547,51
1,50,3,300,150047,139
1,50,3,301,150547,51
1,50,3,302,151047,105
1,50,3,303,151547,35
1,50,3,304,152047,262
1,50,3,305,152547,133
1,50,3,306,153047,44
1,50,3,307,153547,227
1,50,3,308,154047,91
1,50,3,309,154547,75
1,50,3,310,155047,227
1,50,3,311,155547,148
1,50,3,312,156047,53
1,50,3,313,156547,205
1,50,3,314,157047,105
1,50,3,315,157547,39
1,50,3,316,158047,155
1,50,3,317,158547,56
1,50,3,318,159047,110
1,50,3,319,159547,57
1,50,3,320,160047,25
1,50,3,321,160547,94
1,50,3,322,161047,92
1,50,3,323,161547,99
1,50,3,324,162047,186
1,50,3,325,162547,187
1,50,3,326,163047,73
1,50,3,327,163547,255
1,50,3,328,164047,143
1,50,3,329,164547,63
1,50,3,330,165047,170
1,50,3,331,165547,61
1,50,3,332,166047,91
1,50,3,333,166547,165
1,50,3,334,167047,75
1,50,3,335,167547,140
1,50,3,336,168047,52
1,50,3,337,168547,181
1,50,3,338,169047,71
1,50,3,339,169547,212
1,50,3,340,170047,85
1,50,3,341,170547,147
1,50,3,342,171047,233
1,50,3,343,171547,89
1,50,3,344,172047,123
1,50,3,345,172547,133
1,50,3,346,173047,117
1,50,3,347,173547,127
1,50,3,348,174047,109
1,50,3,349,174547,38
1,50,3,350,175047,133
1,50,3,351,175547,171
1,50,3,352,176047,141
1,50,3,353,176547,51
1,50,3,354,177047,344
1,50,3,355,177547,134
1,50,3,356,178047,45
1,50,3,357,178547,117
1,50,3,358,179047,167
1,50,3,359,179547,61
1,50,3,360,180047,211
1,50,3,361,180547,83
1,50,3,362,181047,163
1,50,3,363,181547,84
1,50,3,364,182047,198
1,50,3,365,182547,107
1,50,3,366,183047,38
1,50,3,367,183547,47
1,50,3,368,184047,182
1,50,3,369,184547,69
1,50,3,370,185047,67
1,50,3,371,185547,19
1,50,3,372,186047,164
1,50,3,373,186547,69
1,50,3,374,187047,44
1,50,3,375,187547,13
1,50,3,376,188047,159
1,50,3,377,188547,73
1,50,3,378,189047,47
1,50,3,379,189547,149
1,50,3,380,190047,75
1,50,3,381,190547,76
1,50,3,382,191047,85
1,50,3,383,191547,93
1,50,3,384,192047,199
1,50,3,385,192547,75
1,50,3,386,193047,153
1,50,3,387,193547,67
1,50,3,388,194047,20
1,50,3,389,194547,63
1,50,3,390,195047,39
1,50,3,391,195547,45
1,50,3,392,196047,10
1,50,3,393,196547,0
1,50,3,394,197047,163
1,50,3,395,197547,59
1,50,3,396,198047,53
1,50,3,397,198547,26
1,50,3,398,199047,57
1,50,3,399,199547,16
1,50,3,400,200047,137
1,50,3,401,200547,47
1,50,3,402,201047,75
1,50,3,403,201547,140
1,50,3,404,202047,69
1,50,3,405,202547,89
1,50,3,406,203047,116
1,50,3,407,203547,63
1,50,3,408,204047,20
1,50,3,409,204547,109
1,50,3,410,205047,37
1,50,3,411,205547,93
1,50,3,412,206047,118
1,50,3,413,206547,40
1,50,3,414,207047,143
1,50,3,415,207547,99
1,50,3,416,208047,31
1,50,3,417,208547,136
1,50,3,418,209047,73
1,50,3,419,209547,23
1,50,3,420,210047,181
1,50,3,421,210547,133
1,50,3,422,211047,46
1,50,3,423,211547,85
1,50,3,424,212047,149
1,50,3,425,212547,55
1,50,3,426,213047,17
1,50,3,427,213547,45
1,50,3,428,214047,62
1,50,3,429,214547,30
1,50,3,430,215047,261
1,50,3,431,215547,101
1,50,3,432,216047,365
1,50,3,433,216547,168
1,50,3,434,217047,102
1,50,3,435,217547,172
1,50,3,436,218047,91
1,50,3,437,218547,153
1,50,3,438,219047,85
1,50,3,439,219547,147
1,50,3,440,220047,106
1,50,3,441,220547,174
1,50,3,442,221047,140
1,50,3,443,221547,119
1,50,3,444,222047,147
1,50,3,445,222547,213
1,50,3,446,223047,82
1,50,3,447,223547,185
1,50,3,448,224047,71
1,50,3,449,224547,169
1,50,3,450,225047,138
1,50,3,451,225547,49
1,50,3,452,226047,111
1,50,3,453,226547,151
1,50,3,454,227047,63
1,50,3,455,227547,236
1,50,3,456,228047,119
1,50,3,457,228547,43
1,50,3,458,229047,141
1,50,3,459,229547,267
1,50,3,460,230047,134
1,50,3,461,230547,55
1,50,3,462,231047,205
1,50,3,463,231547,149
1,50,3,464,232047,53
1,50,3,465,232547,157
1,50,3,466,233047,95
1,50,3,467,233547,33
1,50,3,468,234047,157
1,50,3,469,234547,58
1,50,3,470,235047,55
1,50,3,471,235547,83
1,50,3,472,236047,119
1,50,3,473,236547,59
1,50,3,474,237047,251
1,50,3,475,237547,159
1,50,3,476,238047,58
1,50,3,477,238547,216
1,50,3,478,239047,83
1,50,3,479,239547,25
1,50,3,480,240047,119
1,50,3,481,240547,67
1,50,3,482,241047,75
1,50,3,483,241547,147
1,50,3,484,242047,53
1,50,3,485,242547,16
1,50,3,486,243047,265
1,50,3,487,243547,103
1,50,3,488,244047,86
1,50,3,489,244547,133
1,50,3,490,245047,44
1,50,3,491,245547,215
1,50,3,492,246047,83
1,50,3,493,246547,69
1,50,3,494,247047,237
1,50,3,495,247547,91
1,50,3,496,248047,213
1,50,3,497,248547,83
1,50,3,498,249047,111
1,50,3,499,249547,136
1,50,3,500,250047,45
1,50,3,501,250547,47
1,50,3,502,251047,11
1,50,3,503,251547,123
1,50,3,504,252047,137
1,50,3,505,252547,50
1,50,3,506,253047,99
1,50,3,507,253547,53
1,50,3,508,254047,59
1,50,3,509,254547,59
1,50,3,510,255047,69
1,50,3,511,255547,20
1,50,3,512,256047,205
1,50,3,513,256547,83
1,50,3,514,257047,137
1,50,3,515,257547,63
1,50,3,516,258047,214
1,50,3,517,258547,140
1,50,3,518,259047,52
1,50,3,519,259547,111
1,50,3,520,260047,138
1,50,3,521,260547,127
1,50,3,522,261047,45
1,50,3,523,261547,179
1,50,3,524,262047,75
1,50,3,525,262547,203
1,50,3,526,263047,139
1,50,3,527,263547,47
1,50,3,528,264047,39
1,50,3,529,264547,55
1,50,3,530,265047,39
1,50,3,531,265547,8
1,50,3,532,266047,0
1,50,3,533,266547,147
1,50,3,534,267047,53
1,50,3,535,267547,205
1,50,3,536,268047,77
1,50,3,537,268547,231
1,50,3,538,269047,154
1,50,3,539,269547,57
1,50,3,540,270047,155
1,50,3,541,270547,117
1,50,3,542,271047,41
1,50,3,543,271547,235
1,50,3,544,272047,134
1,50,3,545,272547,46
1,50,3,546,273047,81
1,50,3,547,273547,125
1,50,3,548,274047,45
1,50,3,549,274547,10
1,50,3,550,275047,175
1,50,3,551,275547,75
1,50,3,552,276047,263
1,50,3,553,276547,106
1,50,3,554,277047,36
1,50,3,555,277547,226
1,50,3,556,278047,87
1,50,3,557,278547,83
1,50,3,558,279047,55
1,50,3,559,279547,154
1,50,3,560,280047,86
1,50,3,561,280547,187
1,50,3,562,281047,179
1,50,3,563,281547,69
1,50,3,564,282047,302
1,50,3,565,282547,157
1,50,3,566,283047,57
1,50,3,567,283547,111
1,50,3,568,284047,95
1,50,3,569,284547,30
1,50,3,570,285047,99
1,50,3,571,285547,45
1,50,3,572,286047,121
1,50,3,573,286547,75
1,50,3,574,287047,23
1,50,3,575,287547,235
1,50,3,576,288047,91
1,50,3,577,288547,287
1,50,3,578,289047,134
1,50,3,579,289547,53
1,50,3,580,290047,197
1,50,3,581,290547,84
1,50,3,582,291047,27
1,50,3,583,291547,70
1,50,3,584,292047,277
1,50,3,585,292547,106
1,50,3,586,293047,189
1,50,3,587,293547,167
1,50,3,588,294047,60
1,50,3,589,294547,176
1,50,3,590,295047,114
1,50,3,591,295547,61
1,50,3,592,296047,171
1,50,3,593,296547,73
1,50,3,594,297047,53
1,50,3,595,297547,79
1,50,3,596,298047,97
1,50,3,597,298547,31
1,50,3,598,299047,57
1,50,3,599,299547,202
1,50,3,600,300047,75
1,50,3,601,300547,137
1,50,3,602,301047,127
1,50,3,603,301547,45
1,50,3,604,302047,139
1,50,3,605,302547,55
1,50,3,606,303047,107
1,50,3,607,303547,110
1,50,3,608,304047,39
1,50,3,609,304547,188
1,50,3,610,305047,75
1,50,3,611,305547,146
1,50,3,612,306047,52
1,50,3,613,306547,216
1,50,3,614,307047,83
1,50,3,615,307547,154
1,50,3,616,308047,155
1,50,3,617,308547,107
1,50,3,618,309047,61
1,50,3,619,309547,135
1,50,3,620,310047,46
1,50,3,621,310547,169
1,50,3,622,311047,77
1,50,3,623,311547,24
1,50,3,624,312047,84
1,50,3,625,312547,72
1,50,3,626,313047,38
1,50,3,627,313547,11
1,50,3,628,314047,119
1,50,3,629,314547,41
1,50,3,630,315047,83
1,50,3,631,315547,26
1,50,3,632,316047,281
1,50,3,633,316547,109
1,50,3,634,317047,199
1,50,3,635,317547,175
1,50,3,636,318047,68
1,50,3,637,318547,104
1,50,3,638,319047,109
1,50,3,639,319547,37
1,50,3,640,320047,202
1,50,3,641,320547,103
1,50,3,642,321047,92
1,50,3,643,321547,135
1,50,3,644,322047,99
1,50,3,645,322547,120
1,50,3,646,323047,41
1,50,3,647,323547,26
1,50,3,648,324047,151
1,50,3,649,324547,55
1,50,3,650,325047,82
1,50,3,651,325547,202
1,50,3,652,326047,106
1,50,3,653,326547,56
1,50,3,654,327047,240
1,50,3,655,327547,93
1,50,3,656,328047,104
1,50,3,657,328547,122
1,50,3,658,329047,43
1,50,3,659,329547,156
1,50,3,660,330047,91
1,50,3,661,330547,38
1,50,3,662,331047,50
1,50,3,663,331547,285
1,50,3,664,332047,115
1,50,3,665,332547,149
1,50,3,666,333047,331
1,50,3,667,333547,126
1,50,3,668,334047,267
1,50,3,669,334547,105
1,50,3,670,335047,127
1,50,3,671,335547,77
1,50,3,672,336047,174
1,50,3,673,336547,136
1,50,3,674,337047,47
1,50,3,675,337547,103
1,50,3,676,338047,227
1,50,3,677,338547,167
1,50,3,678,339047,58
1,50,3,679,339547,183
1,50,3,680,340047,173
1,50,3,681,340547,143
1,50,3,682,341047,142
1,50,3,683,341547,57
1,50,3,684,342047,146
1,50,3,685,342547,181
1,50,3,686,343047,71
1,50,3,687,343547,75
1,50,3,688,344047,23
1,50,3,689,344547,35
1,50,3,690,345047,9
1,50,3,691,345547,77
1,50,3,692,346047,30
1,50,3,693,346547,5
1,50,3,694,347047,0
1,50,3,695,347547,84
1,50,3,696,348047,26
1,50,3,697,348547,83
1,50,3,698,349047,30
1,50,3,699,349547,57
1,50,3,700,350047,98
1,50,3,701,350547,87
1,50,3,702,351047,27
1,50,3,703,351547,49
1,50,3,704,352047,164
1,50,3,705,352547,119
1,50,3,706,353047,41
1,50,3,707,353547,87
1,50,3,708,354047,76
1,50,3,709,354547,45
1,50,3,710,355047,82
1,50,3,711,355547,25
1,50,3,712,356047,101
1,50,3,713,356547,29
1,50,3,714,357047,123
1,50,3,715,357547,48
1,50,3,716,358047,70
1,50,3,717,358547,55
1,50,3,718,359047,13
1,50,3,719,359547,0
1,50,3,720,360047,21
1,50,3,721,360547,5
1,50,3,722,361047,0
1,50,3,723,361547,157
1,50,3,724,362047,57
1,50,3,725,362547,83
1,50,3,726,363047,89
1,50,3,727,363547,28
1,50,3,728,364047,53
1,50,3,729,364547,37
1,50,3,730,365047,115
1,50,3,731,365547,40
1,50,3,732,366047,63
1,50,3,733,366547,19
1,50,3,734,367047,9
1,50,3,735,367547,219
1,50,3,736,368047,86
1,50,3,737,368547,163
1,50,3,738,369047,137
1,50,3,739,369547,45
1,50,3,740,370047,213
1,50,3,741,370547,126
1,50,3,742,371047,79
1,50,3,743,371547,93
1,50,3,744,372047,141
1,50,3,745,372547,55
1,50,3,746,373047,139
1,50,3,747,373547,95
1,50,3,748,374047,29
1,50,3,749,374547,90
1,50,3,750,375047,84
1,50,3,751,375547,37
1,50,3,752,376047,18
1,50,3,753,376547,249
1,50,3,754,377047,95
1,50,3,755,377547,89
1,50,3,756,378047,235
1,50,3,757,378547,91
1,50,3,758,379047,74
1,50,3,759,379547,59
1,50,3,760,380047,139
1,50,3,761,380547,53
1,50,3,762,381047,179
1,50,3,763,381547,77
1,50,3,764,382047,23
1,50,3,765,382547,39
1,50,3,766,383047,158
1,50,3,767,383547,60
1,50,3,768,384047,105
1,50,3,769,384547,116
1,50,3,770,385047,42
1,50,3,771,385547,152
1,50,3,772,386047,92
1,50,3,773,386547,28
1,50,3,774,387047,155
1,50,3,775,387547,121
1,50,3,776,388047,43
1,50,3,777,388547,203
1,50,3,778,389047,84
1,50,3,779,389547,209
1,50,3,780,390047,98
1,50,3,781,390547,30
1,50,3,782,391047,44
1,50,3,783,391547,88
1,50,3,784,392047,27
1,50,3,785,392547,255
1,50,3,786,393047,105
1,50,3,787,393547,37
1,50,3,788,394047,183
1,50,3,789,394547,71
1,50,3,790,395047,25
1,50,3,791,395547,137
1,50,3,792,396047,53
1,50,3,793,396547,29
1,50,3,794,397047,153
1,50,3,795,397547,183
1,50,3,796,398047,69
1,50,3,797,398547,222
1,50,3,798,399047,87
1,50,3,799,399547,27
1,50,3,800,400047,221
1,50,3,801,400547,87
1,50,3,802,401047,37
1,50,3,803,401547,111
1,50,3,804,402047,37
1,50,3,805,402547,191
1,50,3,806,403047,81
1,50,3,807,403547,45
1,50,3,808,404047,75
1,50,3,809,404547,21
1,50,3,810,405047,183
1,50,3,811,405547,72
1,50,3,812,406047,159
1,50,3,813,406547,59
1,50,3,814,407047,76
1,50,3,815,407547,299
1,50,3,816,408047,138
1,50,3,817,408547,151
1,50,3,818,409047,137
1,50,3,819,409547,115
1,50,3,820,410047,102
1,50,3,821,410547,94
1,50,3,822,411047,29
1,50,3,823,411547,200
1,50,3,824,412047,77
1,50,3,825,412547,207
1,50,3,826,413047,87
1,50,3,827,413547,27
1,50,3,828,414047,139
1,50,3,829,414547,53
1,50,3,830,415047,92
1,50,3,831,415547,33
1,50,3,832,416047,81
1,50,3,833,416547,57
1,50,3,834,417047,17
1,50,3,835,417547,137
1,50,3,836,418047,126
1,50,3,837,418547,45
1,50,3,838,419047,140
1,50,3,839,419547,51
1,50,3,840,420047,190
1,50,3,841,420547,85
1,50,3,842,421047,101
1,50,3,843,421547,75
1,50,3,844,422047,22
1,50,3,845,422547,149
1,50,3,846,423047,79
1,50,3,847,423547,23
1,50,3,848,424047,106
1,50,3,849,424547,35
1,50,3,850,425047,191
1,50,3,851,425547,89
1,50,3,852,426047,27
1,50,3,853,426547,109
1,50,3,854,427047,55
1,50,3,855,427547,45
1,50,3,856,428047,57
1,50,3,857,428547,118
1,50,3,858,429047,156
1,50,3,859,429547,58
1,50,3,860,430047,219
1,50,3,861,430547,153
1,50,3,862,431047,57
1,50,3,863,431547,69
1,50,3,864,432047,37
1,50,3,865,432547,7
1,50,3,866,433047,107
1,50,3,867,433547,52
1,50,3,868,434047,240
1,50,3,869,434547,126
1,50,3,870,435047,117
1,50,3,871,435547,207
1,50,3,872,436047,79
1,50,3,873,436547,148
1,50,3,874,437047,141
1,50,3,875,437547,51
1,50,3,876,438047,236
1,50,3,877,438547,102
1,50,3,878,439047,51
1,50,3,879,439547,266
1,50,3,880,440047,103
1,50,3,881,440547,219
1,50,3,882,441047,87
1,50,3,883,441547,55
1,50,3,884,442047,116
1,50,3,885,442547,55
1,50,3,886,443047,25
1,50,3,887,443547,115
1,50,3,888,444047,51
1,50,3,889,444547,73
1,50,3,890,445047,149
1,50,3,891,445547,71
1,50,3,892,446047,77
1,50,3,893,446547,143
1,50,3,894,447047,74
1,50,3,895,447547,30
1,50,3,896,448047,119
1,50,3,897,448547,235
1,50,3,898,449047,99
1,50,3,899,449547,283
1,50,3,900,450047,165
1,50,3,901,450547,75
1,50,3,902,451047,179
1,50,3,903,451547,69
1,50,3,904,452047,122
1,50,3,905,452547,43
1,50,3,906,453047,31
1,50,3,907,453547,41
1,50,3,908,454047,9
1,50,3,909,454547,173
1,50,3,910,455047,133
1,50,3,911,455547,45
1,50,3,912,456047,288
1,50,3,913,456547,118
1,50,3,914,457047,206
1,50,3,915,457547,159
1,50,3,916,458047,57
1,50,3,917,458547,89
1,50,3,918,459047,28
1,50,3,919,459547,91
1,50,3,920,460047,69
1,50,3,921,460547,112
1,50,3,922,461047,63
1,50,3,923,461547,21
1,50,3,924,462047,149
1,50,3,925,462547,54
1,50,3,926,463047,72
1,50,3,927,463547,77
1,50,3,928,464047,24
1,50,3,929,464547,203
1,50,3,930,465047,121
1,50,3,931,465547,43
1,50,3,932,466047,173
1,50,3,933,466547,125
1,50,3,934,467047,43
1,50,3,935,467547,121
1,50,3,936,468047,43
1,50,3,937,468547,61
1,50,3,938,469047,203
1,50,3,939,469547,109
1,50,3,940,470047,37
1,50,3,941,470547,157
1,50,3,942,471047,110
1,50,3,943,471547,87
1,50,3,944,472047,79
1,50,3,945,472547,103
1,50,3,946,473047,39
1,50,3,947,473547,93
1,50,3,948,474047,59
1,50,3,949,474547,88
1,50,3,950,475047,27
1,50,3,951,475547,157
1,50,3,952,476047,57
1,50,3,953,476547,123
1,50,3,954,477047,59
1,50,3,955,477547,80
1,50,3,956,478047,151
1,50,3,957,478547,69
1,50,3,958,479047,27
1,50,3,959,479547,45
1,50,3,960,480047,185
1,50,3,961,480547,71
1,50,3,962,481047,108
1,50,3,963,481547,125
1,50,3,964,482047,57
1,50,3,965,482547,188
1,50,3,966,483047,75
1,50,3,967,483547,239
1,50,3,968,484047,109
1,50,3,969,484547,39
1,50,3,970,485047,219
1,50,3,971,485547,145
1,50,3,972,486047,91
1,50,3,973,486547,90
1,50,3,974,487047,188
1,50,3,975,487547,123
1,50,3,976,488047,109
1,50,3,977,488547,107
1,50,3,978,489047,38
1,50,3,979,489547,44
1,50,3,980,490047,105
1,50,3,981,490547,109
1,50,3,982,491047,39
1,50,3,983,491547,90
1,50,3,984,492047,29
1,50,3,985,492547,95
1,50,3,986,493047,136
1,50,3,987,493547,56
1,50,3,988,494047,59
1,50,3,989,494547,205
1,50,3,990,495047,78
1,50,3,991,495547,187
1,50,3,992,496047,71
1,50,3,993,496547,106
1,50,3,994,497047,42
1,50,3,995,497547,11
1,50,3,996,498047,0
1,50,3,997,498547,42
1,50,3,998,499047,12
1,50,3,999,499547,90
1,50,3,1000,500047,41
1,50,3,1001,500547,167
1,50,3,1002,501047,91
1,50,3,1003,501547,30
1,50,3,1004,502047,77
1,50,3,1005,502547,25
1,50,3,1006,503047,169
1,50,3,1007,503547,86
1,50,3,1008,504047,26
1,50,3,1009,504547,117
1,50,3,1010,505047,41
1,50,3,1011,505547,79
1,50,3,1012,506047,165
1,50,3,1013,506547,133
1,50,3,1014,507047,151
1,50,3,1015,507547,228
1,50,3,1016,508047,88
1,50,3,1017,508547,212
1,50,3,1018,509047,102
1,50,3,1019,509547,40
1,50,3,1020,510047,87
1,50,3,1021,510547,26
1,50,3,1022,511047,24
1,50,3,1023,511547,115
1,50,3,1024,512047,38
1,50,3,1025,512547,229
1,50,3,1026,513047,141
1,50,3,1027,513547,48
1,50,3,1028,514047,174
1,50,3,1029,514547,63
1,50,3,1030,515047,175
1,50,3,1031,515547,69
1,50,3,1032,516047,173
1,50,3,1033,516547,67
1,50,3,1034,517047,20
1,50,3,1035,517547,167
1,50,3,1036,518047,157
1,50,3,1037,518547,57
1,50,3,1038,519047,17
1,50,3,1039,519547,50
1,50,3,1040,520047,30
1,50,3,1041,520547,79
1,50,3,1042,521047,41
1,50,3,1043,521547,8
1,50,3,1044,522047,1
1,50,3,1045,522547,37
1,50,3,1046,523047,6
1,50,3,1047,523547,0
1,50,3,1048,524047,0
1,50,3,1049,524547,103
1,50,3,1050,525047,35
1,50,3,1051,525547,13
1,50,3,1052,526047,37
1,50,3,1053,526547,95
1,50,3,1054,527047,57
1,50,3,1055,527547,17
1,50,3,1056,528047,69
1,50,3,1057,528547,19
1,50,3,1058,529047,189
1,50,3,1059,529547,85
1,50,3,1060,530047,26
1,50,3,1061,530547,283
1,50,3,1062,531047,119
1,50,3,1063,531547,109
1,50,3,1064,532047,57
1,50,3,1065,532547,76
1,50,3,1066,533047,123
1,50,3,1067,533547,44
1,50,3,1068,534047,115
1,50,3,1069,534547,41
1,50,3,1070,535047,39
1,50,3,1071,535547,96
1,50,3,1072,536047,33
1,50,3,1073,536547,77
1,50,3,1074,537047,23
1,50,3,1075,537547,179
1,50,3,1076,538047,68
1,50,3,1077,538547,53
1,50,3,1078,539047,145
1,50,3,1079,539547,53
1,50,3,1080,540047,85
1,50,3,1081,540547,27
1,50,3,1082,541047,4
1,50,3,1083,541547,79
1,50,3,1084,542047,25
1,50,3,1085,542547,13
1,50,3,1086,543047,0
1,50,3,1087,543547,0
1,50,3,1088,544047,181
1,50,3,1089,544547,79
1,50,3,1090,545047,24
1,50,3,1091,545547,157
1,50,3,1092,546047,68
1,50,3,1093,546547,25
1,50,3,1094,547047,125
1,50,3,1095,547547,43
1,50,3,1096,548047,235
1,50,3,1097,548547,89
1,50,3,1098,549047,92
1,50,3,1099,549547,123
1,50,3,1100,550047,43
1,50,3,1101,550547,209
1,50,3,1102,551047,97
1,50,3,1103,551547,29
1,50,3,1104,552047,125
1,50,3,1105,552547,139
1,50,3,1106,553047,90
1,50,3,1107,553547,28
1,50,3,1108,554047,212
1,50,3,1109,554547,115
1,50,3,1110,555047,40
1,50,3,1111,555547,248
1,50,3,1112,556047,99
1,50,3,1113,556547,115
1,50,3,1114,557047,69
1,50,3,1115,557547,77
1,50,3,1116,558047,84
1,50,3,1117,558547,25
1,50,3,1118,559047,119
1,50,3,1119,559547,59
1,50,3,1120,560047,117
1,50,3,1121,560547,168
1,50,3,1122,561047,61
1,50,3,1123,561547,88
1,50,3,1124,562047,171
1,50,3,1125,562547,61
1,50,3,1126,563047,55
1,50,3,1127,563547,169
1,50,3,1128,564047,93
1,50,3,1129,564547,149
1,50,3,1130,565047,115
1,50,3,1131,565547,187
1,50,3,1132,566047,72
1,50,3,1133,566547,147
1,50,3,1134,567047,229
1,50,3,1135,567547,89
1,50,3,1136,568047,251
1,50,3,1137,568547,101
1,50,3,1138,569047,229
1,50,3,1139,569547,89
1,50,3,1140,570047,142
1,50,3,1141,570547,51
1,50,3,1142,571047,103
1,50,3,1143,571547,36
1,50,3,1144,572047,187
1,50,3,1145,572547,75
1,50,3,1146,573047,22
1,50,3,1147,573547,199
1,50,3,1148,574047,158
1,50,3,1149,574547,58
1,50,3,1150,575047,167
1,50,3,1151,575547,63
1,50,3,1152,576047,138
1,50,3,1153,576547,76
1,50,3,1154,577047,23
1,50,3,1155,577547,30
1,50,3,1156,578047,116
1,50,3,1157,578547,77
1,50,3,1158,579047,23
1,50,3,1159,579547,126
1,50,3,1160,580047,59
1,50,3,1161,580547,19
1,50,3,1162,581047,263
1,50,3,1163,581547,99
1,50,3,1164,582047,73
1,50,3,1165,582547,183
1,50,3,1166,583047,71
1,50,3,1167,583547,219
1,50,3,1168,584047,109
1,50,3,1169,584547,37
1,50,3,1170,585047,169
1,50,3,1171,585547,63
1,50,3,1172,586047,190
1,50,3,1173,586547,181
1,50,3,1174,587047,69
1,50,3,1175,587547,233
1,50,3,1176,588047,123
1,50,3,1177,588547,41
1,50,3,1178,589047,119
1,50,3,1179,589547,41
1,50,3,1180,590047,9
1,50,3,1181,590547,306
1,50,3,1182,591047,120
1,50,3,1183,591547,48
1,50,3,1184,592047,249
1,50,3,1185,592547,102
1,50,3,1186,593047,87
1,50,3,1187,593547,189
1,50,3,1188,594047,74
1,50,3,1189,594547,55
1,50,3,1190,595047,124
1,50,3,1191,595547,169
1,50,3,1192,596047,67
1,50,3,1193,596547,139
1,50,3,1194,597047,75
1,50,3,1195,597547,26
1,50,3,1196,598047,182
1,50,3,1197,598547,205
1,50,3,1198,599047,79
1,50,3,1199,599547,211
1,50,3,1200,600047,119
1,50,3,1201,600547,109
1,50,3,1202,601047,59
1,50,3,1203,601547,221
1,50,3,1204,602047,89
1,50,3,1205,602547,28
1,50,3,1206,603047,176
1,50,3,1207,603547,71
1,50,3,1208,604047,21
1,50,3,1209,604547,363
1,50,3,1210,605047,184
1,50,3,1211,605547,71
1,50,3,1212,606047,165
1,50,3,1213,606547,59
1,50,3,1214,607047,17
1,50,3,1215,607547,181
1,50,3,1216,608047,69
1,50,3,1217,608547,89
1,50,3,1218,609047,115
1,50,3,1219,609547,118
1,50,3,1220,610047,155
1,50,3,1221,610547,55
1,50,3,1222,611047,188
1,50,3,1223,611547,72
1,50,3,1224,612047,22
1,50,3,1225,612547,153
1,50,3,1226,613047,79
1,50,3,1227,613547,25
1,50,3,1228,614047,123
1,50,3,1229,614547,43
1,50,3,1230,615047,242
1,50,3,1231,615547,95
1,50,3,1232,616047,31
1,50,3,1233,616547,211
1,50,3,1234,617047,82
1,50,3,1235,617547,79
1,50,3,1236,618047,77
1,50,3,1237,618547,29
1,50,3,1238,619047,91
1,50,3,1239,619547,111
1,50,3,1240,620047,39
1,50,3,1241,620547,69
1,50,3,1242,621047,231
1,50,3,1243,621547,90
1,50,3,1244,622047,210
1,50,3,1245,622547,159
1,50,3,1246,623047,57
1,50,3,1247,623547,384
1,50,3,1248,624047,149
1,50,3,1249,624547,53
1,50,3,1250,625047,189
1,50,3,1251,625547,203
1,50,3,1252,626047,77
1,50,3,1253,626547,181
1,50,3,1254,627047,105
1,50,3,1255,627547,35
1,50,3,1256,628047,175
1,50,3,1257,628547,69
1,50,3,1258,629047,35
1,50,3,1259,629547,95
1,50,3,1260,630047,31
1,50,3,1261,630547,169
1,50,3,1262,631047,77
1,50,3,1263,631547,23
1,50,3,1264,632047,55
1,50,3,1265,632547,61
1,50,3,1266,633047,19
1,50,3,1267,633547,2
1,50,3,1268,634047,55
1,50,3,1269,634547,13
1,50,3,1270,635047,93
1,50,3,1271,635547,167
1,50,3,1272,636047,60
1,50,3,1273,636547,219
1,50,3,1274,637047,101
1,50,3,1275,637547,33
1,50,3,1276,638047,43
1,50,3,1277,638547,77
1,50,3,1278,639047,22
1,50,3,1279,639547,9
1,50,3,1280,640047,98
1,50,3,1281,640547,52
1,50,3,1282,641047,13
1,50,3,1283,641547,74
1,50,3,1284,642047,117
1,50,3,1285,642547,40
1,50,3,1286,643047,143
1,50,3,1287,643547,127
1,50,3,1288,644047,53
1,50,3,1289,644547,214
1,50,3,1290,645047,85
1,50,3,1291,645547,47
1,50,3,1292,646047,11
1,50,3,1293,646547,95
1,50,3,1294,647047,43
1,50,3,1295,647547,11
1,50,3,1296,648047,74
1,50,3,1297,648547,23
1,50,3,1298,649047,119
1,50,3,1299,649547,41
1,50,3,1300,650047,109
1,50,3,1301,650547,83
1,50,3,1302,651047,25
1,50,3,1303,651547,111
1,50,3,1304,652047,93
1,50,3,1305,652547,29
1,50,3,1306,653047,160
1,50,3,1307,653547,61
1,50,3,1308,654047,19
1,50,3,1309,654547,133
1,50,3,1310,655047,45
1,50,3,1311,655547,75
1,50,3,1312,656047,23
1,50,3,1313,656547,31
1,50,3,1314,657047,103
1,50,3,1315,657547,33
1,50,3,1316,658047,51
1,50,3,1317,658547,47
1,50,3,1318,659047,22
1,50,3,1319,659547,89
1,50,3,1320,660047,71
1,50,3,1321,660547,21
1,50,3,1322,661047,125
1,50,3,1323,661547,43
1,50,3,1324,662047,115
1,50,3,1325,662547,45
1,50,3,1326,663047,149
1,50,3,1327,663547,68
1,50,3,1328,664047,120
1,50,3,1329,664547,79
1,50,3,1330,665047,25
1,50,3,1331,665547,105
1,50,3,1332,666047,78
1,50,3,1333,666547,45
1,50,3,1334,667047,123
1,50,3,1335,667547,43
1,50,3,1336,668047,31
1,50,3,1337,668547,93
1,50,3,1338,669047,29
1,50,3,1339,669547,90
1,50,3,1340,670047,30
1,50,3,1341,670547,23
1,50,3,1342,671047,99
1,50,3,1343,671547,31
1,50,3,1344,672047,81
1,50,3,1345,672547,61
1,50,3,1346,673047,27
1,50,3,1347,673547,3
1,50,3,1348,674047,235
1,50,3,1349,674547,95
1,50,3,1350,675047,33
1,50,3,1351,675547,160
1,50,3,1352,676047,59
1,50,3,1353,676547,182
1,50,3,1354,677047,81
1,50,3,1355,677547,25
1,50,3,1356,678047,227
1,50,3,1357,678547,90
1,50,3,1358,679047,320
1,50,3,1359,679547,133
1,50,3,1360,680047,172
1,50,3,1361,680547,137
1,50,3,1362,681047,93
1,50,3,1363,681547,35
1,50,3,1364,682047,110
1,50,3,1365,682547,41
1,50,3,1366,683047,26
1,50,3,1367,683547,5
1,50,3,1368,684047,121
1,50,3,1369,684547,59
1,50,3,1370,685047,19
1,50,3,1371,685547,19
1,50,3,1372,686047,95
1,50,3,1373,686547,30
1,50,3,1374,687047,23
1,50,3,1375,687547,127
1,50,3,1376,688047,45
1,50,3,1377,688547,147
1,50,3,1378,689047,181
1,50,3,1379,689547,69
1,50,3,1380,690047,233
1,50,3,1381,690547,99
1,50,3,1382,691047,31
1,50,3,1383,691547,212
1,50,3,1384,692047,163
1,50,3,1385,692547,60
1,50,3,1386,693047,121
1,50,3,1387,693547,137
1,50,3,1388,694047,53
1,50,3,1389,694547,232
1,50,3,1390,695047,124
1,50,3,1391,695547,43
1,50,3,1392,696047,189
1,50,3,1393,696547,75
1,50,3,1394,697047,211
1,50,3,1395,697547,189
1,50,3,1396,698047,75
1,50,3,1397,698547,189
1,50,3,1398,699047,73
1,50,3,1399,699547,138
1,50,3,1400,700047,69
1,50,3,1401,700547,20
1,50,3,1402,701047,107
1,50,3,1403,701547,35
1,50,3,1404,702047,73
1,50,3,1405,702547,22
1,50,3,1406,703047,142
1,50,3,1407,703547,107
1,50,3,1408,704047,37
1,50,3,1409,704547,124
1,50,3,1410,705047,76
1,50,3,1411,705547,23
1,50,3,1412,706047,117
1,50,3,1413,706547,253
1,50,3,1414,707047,101
1,50,3,1415,707547,307
1,50,3,1416,708047,147
1,50,3,1417,708547,229
1,50,3,1418,709047,91
1,50,3,1419,709547,125
1,50,3,1420,710047,139
1,50,3,1421,710547,48
1,50,3,1422,711047,190
1,50,3,1423,711547,73
1,50,3,1424,712047,21
1,50,3,1425,712547,153
1,50,3,1426,713047,120
1,50,3,1427,713547,48
1,50,3,1428,714047,95
1,50,3,1429,714547,127
1,50,3,1430,715047,157
1,50,3,1431,715547,199
1,50,3,1432,716047,75
1,50,3,1433,716547,119
1,50,3,1434,717047,71
1,50,3,1435,717547,166
1,50,3,1436,718047,83
1,50,3,1437,718547,50
1,50,3,1438,719047,19
1,50,3,1439,719547,59
1,50,3,1440,720047,63
1,50,3,1441,720547,30
1,50,3,1442,721047,6
1,50,3,1443,721547,123
1,50,3,1444,722047,63
1,50,3,1445,722547,83
1,50,3,1446,723047,235
1,50,3,1447,723547,117
1,50,3,1448,724047,237
1,50,3,1449,724547,123
1,50,3,1450,725047,229
1,50,3,1451,725547,121
1,50,3,1452,726047,42
1,50,3,1453,726547,175
1,50,3,1454,727047,71
1,50,3,1455,727547,238
1,50,3,1456,728047,91
1,50,3,1457,728547,37
1,50,3,1458,729047,191
1,50,3,1459,729547,75
1,50,3,1460,730047,349
1,50,3,1461,730547,135
1,50,3,1462,731047,45
1,50,3,1463,731547,108
1,50,3,1464,732047,61
1,50,3,1465,732547,103
1,50,3,1466,733047,34
1,50,3,1467,733547,69
1,50,3,1468,734047,21
1,50,3,1469,734547,121
1,50,3,1470,735047,41
1,50,3,1471,735547,13
1,50,3,1472,736047,73
1,50,3,1473,736547,44
1,50,3,1474,737047,21
1,50,3,1475,737547,217
1,50,3,1476,738047,101
1,50,3,1477,738547,151
1,50,3,1478,739047,119
1,50,3,1479,739547,41
1,50,3,1480,740047,159
1,50,3,1481,740547,74
1,50,3,1482,741047,79
1,50,3,1483,741547,102
1,50,3,1484,742047,235
1,50,3,1485,742547,91
1,50,3,1486,743047,171
1,50,3,1487,743547,169
1,50,3,1488,744047,62
1,50,3,1489,744547,251
1,50,3,1490,745047,95
1,50,3,1491,745547,31
1,50,3,1492,746047,166
1,50,3,1493,746547,77
1,50,3,1494,747047,185
1,50,3,1495,747547,74
1,50,3,1496,748047,39
1,50,3,1497,748547,254
1,50,3,1498,749047,149
1,50,3,1499,749547,53
1,50,3,1500,750047,109
1,50,3,1501,750547,89
1,50,3,1502,751047,27
1,50,3,1503,751547,125
1,50,3,1504,752047,42
1,50,3,1505,752547,9
1,50,3,1506,753047,243
1,50,3,1507,753547,93
1,50,3,1508,754047,30
1,50,3,1509,754547,110
1,50,3,1510,755047,107
1,50,3,1511,755547,39
1,50,3,1512,756047,148
1,50,3,1513,756547,167
1,50,3,1514,757047,58
1,50,3,1515,757547,173
1,50,3,1516,758047,75
1,50,3,1517,758547,109
1,50,3,1518,759047,70
1,50,3,1519,759547,217
1,50,3,1520,760047,93
1,50,3,1521,760547,77
1,50,3,1522,761047,155
1,50,3,1523,761547,56
1,50,3,1524,762047,22
1,50,3,1525,762547,143
1,50,3,1526,763047,51
1,50,3,1527,763547,72
1,50,3,1528,764047,165
1,50,3,1529,764547,60
1,50,3,1530,765047,153
1,50,3,1531,765547,157
1,50,3,1532,766047,57
1,50,3,1533,766547,232
1,50,3,1534,767047,103
1,50,3,1535,767547,141
1,50,3,1536,768047,100
1,50,3,1537,768547,33
1,50,3,1538,769047,173
1,50,3,1539,769547,75
1,50,3,1540,770047,232
1,50,3,1541,770547,111
1,50,3,1542,771047,39
1,50,3,1543,771547,235
1,50,3,1544,772047,89
1,50,3,1545,772547,71
1,50,3,1546,773047,199
1,50,3,1547,773547,75
1,50,3,1548,774047,115
1,50,3,1549,774547,39
1,50,3,1550,775047,44
1,50,3,1551,775547,165
1,50,3,1552,776047,60
1,50,3,1553,776547,55
1,50,3,1554,777047,139
1,50,3,1555,777547,112
1,50,3,1556,778047,83
1,50,3,1557,778547,31
1,50,3,1558,779047,134
1,50,3,1559,779547,46
1,50,3,1560,780047,11
1,50,3,1561,780547,59
1,50,3,1562,781047,18
1,50,3,1563,781547,133
1,50,3,1564,782047,45
1,50,3,1565,782547,41
1,50,3,1566,783047,148
1,50,3,1567,783547,59
1,50,3,1568,784047,169
1,50,3,1569,784547,78
1,50,3,1570,785047,25
1,50,3,1571,785547,151
1,50,3,1572,786047,55
1,50,3,1573,786547,202
1,50,3,1574,787047,103
1,50,3,1575,787547,36
1,50,3,1576,788047,42
1,50,3,1577,788547,10
1,50,3,1578,789047,45
1,50,3,1579,789547,188
1,50,3,1580,790047,71
1,50,3,1581,790547,105
1,50,3,1582,791047,109
1,50,3,1583,791547,79
1,50,3,1584,792047,25
1,50,3,1585,792547,127
1,50,3,1586,793047,53
1,50,3,1587,793547,19
1,50,3,1588,794047,157
1,50,3,1589,794547,59
1,50,3,1590,795047,47
1,50,3,1591,795547,133
1,50,3,1592,796047,45
1,50,3,1593,796547,105
1,50,3,1594,797047,95
1,50,3,1595,797547,117
1,50,3,1596,798047,67
1,50,3,1597,798547,19
1,50,3,1598,799047,235
1,50,3,1599,799547,92
1,50,3,1600,800047,28
1,50,3,1601,800547,155
1,50,3,1602,801047,57
1,50,3,1603,801547,219
1,50,3,1604,802047,98
1,50,3,1605,802547,90
1,50,3,1606,803047,30
1,50,3,1607,803547,10
1,50,3,1608,804047,109
1,50,3,1609,804547,89
1,50,3,1610,805047,57
1,50,3,1611,805547,109
1,50,3,1612,806047,61
1,50,3,1613,806547,40
1,50,3,1614,807047,61
1,50,3,1615,807547,23
1,50,3,1616,808047,55
1,50,3,1617,808547,68
1,50,3,1618,809047,120
1,50,3,1619,809547,108
1,50,3,1620,810047,37
1,50,3,1621,810547,152
1,50,3,1622,811047,93
1,50,3,1623,811547,69
1,50,3,1624,812047,175
1,50,3,1625,812547,67
1,50,3,1626,813047,37
1,50,3,1627,813547,192
1,50,3,1628,814047,73
1,50,3,1629,814547,137
1,50,3,1630,815047,58
1,50,3,1631,815547,27
1,50,3,1632,816047,116
1,50,3,1633,816547,40
1,50,3,1634,817047,45
1,50,3,1635,817547,9
1,50,3,1636,818047,59
1,50,3,1637,818547,19
1,50,3,1638,819047,29
1,50,3,1639,819547,19
1,50,3,1640,820047,85
1,50,3,1641,820547,79
1,50,3,1642,821047,89
1,50,3,1643,821547,106
1,50,3,1644,822047,36
1,50,3,1645,822547,212
1,50,3,1646,823047,79
1,50,3,1647,823547,25
1,50,3,1648,824047,134
1,50,3,1649,824547,58
1,50,3,1650,825047,167
1,50,3,1651,825547,89
1,50,3,1652,826047,29
1,50,3,1653,826547,116
1,50,3,1654,827047,47
1,50,3,1655,827547,107
1,50,3,1656,828047,90
1,50,3,1657,828547,39
1,50,3,1658,829047,24
1,50,3,1659,829547,121
1,50,3,1660,830047,43
1,50,3,1661,830547,116
1,50,3,1662,831047,58
1,50,3,1663,831547,87
1,50,3,1664,832047,136
1,50,3,1665,832547,85
1,50,3,1666,833047,27
1,50,3,1667,833547,73
1,50,3,1668,834047,72
1,50,3,1669,834547,21
1,50,3,1670,835047,183
1,50,3,1671,835547,70
1,50,3,1672,836047,135
1,50,3,1673,836547,47
1,50,3,1674,837047,10
1,50,3,1675,837547,279
1,50,3,1676,838047,132
1,50,3,1677,838547,45
1,50,3,1678,839047,234
1,50,3,1679,839547,88
1,50,3,1680,840047,293
1,50,3,1681,840547,231
1,50,3,1682,841047,89
1,50,3,1683,841547,198
1,50,3,1684,842047,78
1,50,3,1685,842547,141
1,50,3,1686,843047,71
1,50,3,1687,843547,86
1,50,3,1688,844047,91
1,50,3,1689,844547,141
1,50,3,1690,845047,240
1,50,3,1691,845547,95
1,50,3,1692,846047,207
1,50,3,1693,846547,119
1,50,3,1694,847047,43
1,50,3,1695,847547,163
1,50,3,1696,848047,59
1,50,3,1697,848547,183
1,50,3,1698,849047,171
1,50,3,1699,849547,63
1,50,3,1700,850047,127
1,50,3,1701,850547,213
1,50,3,1702,851047,82
1,50,3,1703,851547,157
1,50,3,1704,852047,61
1,50,3,1705,852547,166
1,50,3,1706,853047,123
1,50,3,1707,853547,43
1,50,3,1708,854047,166
1,50,3,1709,854547,68
1,50,3,1710,855047,20
1,50,3,1711,855547,85
1,50,3,1712,856047,26
1,50,3,1713,856547,107
1,50,3,1714,857047,47
1,50,3,1715,857547,11
1,50,3,1716,858047,83
1,50,3,1717,858547,175
1,50,3,1718,859047,115
1,50,3,1719,859547,62
1,50,3,1720,860047,205
1,50,3,1721,860547,78
1,50,3,1722,861047,148
1,50,3,1723,861547,89
1,50,3,1724,862047,28
1,50,3,1725,862547,117
1,50,3,1726,863047,53
1,50,3,1727,863547,13
1,50,3,1728,864047,137
1,50,3,1729,864547,67
1,50,3,1730,865047,62
1,50,3,1731,865547,156
1,50,3,1732,866047,140
1,50,3,1733,866547,51
1,50,3,1734,867047,89
1,50,3,1735,867547,166
1,50,3,1736,868047,60
1,50,3,1737,868547,85
1,50,3,1738,869047,27
1,50,3,1739,869547,3
1,50,3,1740,870047,0
1,50,3,1741,870547,9
1,50,3,1742,871047,1
1,50,3,1743,871547,1
1,50,3,1744,872047,31
1,50,3,1745,872547,5
1,50,3,1746,873047,12
1,50,3,1747,873547,39
1,50,3,1748,874047,23
1,50,3,1749,874547,18
1,50,3,1750,875047,0
1,50,3,1751,875547,73
1,50,3,1752,876047,23
1,50,3,1753,876547,75
1,50,3,1754,877047,93
1,50,3,1755,877547,29
1,50,3,1756,878047,5
1,50,3,1757,878547,139
1,50,3,1758,879047,59
1,50,3,1759,879547,38
1,50,3,1760,880047,75
1,50,3,1761,880547,95
1,50,3,1762,881047,171
1,50,3,1763,881547,63
1,50,3,1764,882047,179
1,50,3,1765,882547,93
1,50,3,1766,883047,29
1,50,3,1767,883547,202
1,50,3,1768,884047,84
1,50,3,1769,884547,43
1,50,3,1770,885047,122
1,50,3,1771,885547,59
1,50,3,1772,886047,132
1,50,3,1773,886547,101
1,50,3,1774,887047,77
1,50,3,1775,887547,35
1,50,3,1776,888047,21
1,50,3,1777,888547,121
1,50,3,1778,889047,43
1,50,3,1779,889547,10
1,50,3,1780,890047,95
1,50,3,1781,890547,183
1,50,3,1782,891047,71
1,50,3,1783,891547,149
1,50,3,1784,892047,77
1,50,3,1785,892547,84
1,50,3,1786,893047,127
1,50,3,1787,893547,115
1,50,3,1788,894047,39
1,50,3,1789,894547,203
1,50,3,1790,895047,87
1,50,3,1791,895547,43
1,50,3,1792,896047,55
1,50,3,1793,896547,13
1,50,3,1794,897047,57
1,50,3,1795,897547,141
1,50,3,1796,898047,85
1,50,3,1797,898547,117
1,50,3,1798,899047,73
1,50,3,1799,899547,164
1,50,3,1800,900047,59
1,50,3,1801,900547,94
1,50,3,1802,901047,112
1,50,3,1803,901547,39
1,50,3,1804,902047,137
1,50,3,1805,902547,61
1,50,3,1806,903047,171
1,50,3,1807,903547,121
1,50,3,1808,904047,43
1,50,3,1809,904547,89
1,50,3,1810,905047,47
1,50,3,1811,905547,124
1,50,3,1812,906047,43
1,50,3,1813,906547,125
1,50,3,1814,907047,71
1,50,3,1815,907547,21
1,50,3,1816,908047,94
1,50,3,1817,908547,71
1,50,3,1818,909047,21
1,50,3,1819,909547,46
1,50,3,1820,910047,52
1,50,3,1821,910547,79
1,50,3,1822,911047,25
1,50,3,1823,911547,118
1,50,3,1824,912047,40
1,50,3,1825,912547,215
1,50,3,1826,913047,84
1,50,3,1827,913547,189
1,50,3,1828,914047,110
1,50,3,1829,914547,125
1,50,3,1830,915047,167
1,50,3,1831,915547,60
1,50,3,1832,916047,133
1,50,3,1833,916547,100
1,50,3,1834,917047,31
1,50,3,1835,917547,233
1,50,3,1836,918047,93
1,50,3,1837,918547,81
1,50,3,1838,919047,222
1,50,3,1839,919547,117
1,50,3,1840,920047,50
1,50,3,1841,920547,41
1,50,3,1842,921047,28
1,50,3,1843,921547,169
1,50,3,1844,922047,70
1,50,3,1845,922547,21
1,50,3,1846,923047,127
1,50,3,1847,923547,45
1,50,3,1848,924047,119
1,50,3,1849,924547,40
1,50,3,1850,925047,38
1,50,3,1851,925547,35
1,50,3,1852,926047,73
1,50,3,1853,926547,23
1,50,3,1854,927047,51
1,50,3,1855,927547,27
1,50,3,1856,928047,61
1,50,3,1857,928547,115
1,50,3,1858,929047,39
1,50,3,1859,929547,115
1,50,3,1860,930047,46
1,50,3,1861,930547,10
1,50,3,1862,931047,118
1,50,3,1863,931547,41
1,50,3,1864,932047,9
1,50,3,1865,932547,5
1,50,3,1866,933047,106
1,50,3,1867,933547,37
1,50,3,1868,934047,119
1,50,3,1869,934547,41
1,50,3,1870,935047,90
1,50,3,1871,935547,27
1,50,3,1872,936047,90
1,50,3,1873,936547,61
1,50,3,1874,937047,18
1,50,3,1875,937547,91
1,50,3,1876,938047,106
1,50,3,1877,938547,99
1,50,3,1878,939047,31
1,50,3,1879,939547,248
1,50,3,1880,940047,145
1,50,3,1881,940547,52
1,50,3,1882,941047,231
1,50,3,1883,941547,115
1,50,3,1884,942047,78
1,50,3,1885,942547,188
1,50,3,1886,943047,74
1,50,3,1887,943547,191
1,50,3,1888,944047,74
1,50,3,1889,944547,138
1,50,3,1890,945047,121
1,50,3,1891,945547,43
1,50,3,1892,946047,115
1,50,3,1893,946547,93
1,50,3,1894,947047,203
1,50,3,1895,947547,87
1,50,3,1896,948047,167
1,50,3,1897,948547,155
1,50,3,1898,949047,134
1,50,3,1899,949547,45
1,50,3,1900,950047,111
1,50,3,1901,950547,105
1,50,3,1902,951047,121
1,50,3,1903,951547,61
1,50,3,1904,952047,59
1,50,3,1905,952547,83
1,50,3,1906,953047,56
1,50,3,1907,953547,41
1,50,3,1908,954047,57
1,50,3,1909,954547,88
1,50,3,1910,955047,26
1,50,3,1911,955547,9
1,50,3,1912,956047,169
1,50,3,1913,956547,68
1,50,3,1914,957047,59
1,50,3,1915,957547,106
1,50,3,1916,958047,121
1,50,3,1917,958547,103
1,50,3,1918,959047,155
1,50,3,1919,959547,89
1,50,3,1920,960047,157
1,50,3,1921,960547,147
1,50,3,1922,961047,60
1,50,3,1923,961547,37
1,50,3,1924,962047,95
1,50,3,1925,962547,59
1,50,3,1926,963047,17
1,50,3,1927,963547,37
1,50,3,1928,964047,103
1,50,3,1929,964547,31
1,50,3,1930,965047,73
1,50,3,1931,965547,90
1,50,3,1932,966047,29
1,50,3,1933,966547,133
1,50,3,1934,967047,85
1,50,3,1935,967547,26
1,50,3,1936,968047,79
1,50,3,1937,968547,245
1,50,3,1938,969047,93
1,50,3,1939,969547,139
1,50,3,1940,970047,47
1,50,3,1941,970547,12
1,50,3,1942,971047,75
1,50,3,1943,971547,45
1,50,3,1944,972047,10
1,50,3,1945,972547,1
1,50,3,1946,973047,176
1,50,3,1947,973547,68
1,50,3,1948,974047,201
1,50,3,1949,974547,81
1,50,3,1950,975047,25
1,50,3,1951,975547,154
1,50,3,1952,976047,75
1,50,3,1953,976547,24
1,50,3,1954,977047,71
1,50,3,1955,977547,101
1,50,3,1956,978047,33
1,50,3,1957,978547,330
1,50,3,1958,979047,134
1,50,3,1959,979547,56
1,50,3,1960,980047,107
1,50,3,1961,980547,83
1,50,3,1962,981047,24
1,50,3,1963,981547,107
1,50,3,1964,982047,37
1,50,3,1965,982547,83
1,50,3,1966,983047,114
1,50,3,1967,983547,39
1,50,3,1968,984047,80
1,50,3,1969,984547,76
1,50,3,1970,985047,31
1,50,3,1971,985547,149
1,50,3,1972,986047,55
1,50,3,1973,986547,109
1,50,3,1974,987047,102
1,50,3,1975,987547,38
1,50,3,1976,988047,229
1,50,3,1977,988547,107
1,50,3,1978,989047,37
1,50,3,1979,989547,9
1,50,3,1980,990047,125
1,50,3,1981,990547,44
1,50,3,1982,991047,11
1,50,3,1983,991547,201
1,50,3,1984,992047,79
1,50,3,1985,992547,23
1,50,3,1986,993047,217
1,50,3,1987,993547,154
1,50,3,1988,994047,55
1,50,3,1989,994547,221
1,50,3,1990,995047,85
1,50,3,1991,995547,28
1,50,3,1992,996047,127
1,50,3,1993,996547,45
1,50,3,1994,997047,91
1,50,3,1995,997547,73
1,50,3,1996,998047,25
1,50,3,1997,998547,13
1,50,3,1998,999047,99
1,50,3,1999,999547,123
# END_WINDOW
# Ready: run=1, valve=50%, rate=2000 Hz, samples=2000. Send any character to record one window.
