# CAPTURING
1,70,0,0,257,0
1,70,0,1,550,0
1,70,0,2,1047,87
1,70,0,3,1547,57
1,70,0,4,2047,17
1,70,0,5,2547,233
1,70,0,6,3047,229
1,70,0,7,3547,93
1,70,0,8,4047,172
1,70,0,9,4547,223
1,70,0,10,5047,87
1,70,0,11,5547,227
1,70,0,12,6047,151
1,70,0,13,6547,55
1,70,0,14,7047,279
1,70,0,15,7547,163
1,70,0,16,8047,59
1,70,0,17,8547,213
1,70,0,18,9047,111
1,70,0,19,9547,38
1,70,0,20,10047,12
1,70,0,21,10547,421
1,70,0,22,11047,163
1,70,0,23,11547,159
1,70,0,24,12047,167
1,70,0,25,12547,61
1,70,0,26,13047,19
1,70,0,27,13547,408
1,70,0,28,14047,155
1,70,0,29,14547,111
1,70,0,30,15047,179
1,70,0,31,15547,70
1,70,0,32,16047,181
1,70,0,33,16547,93
1,70,0,34,17047,31
1,70,0,35,17547,339
1,70,0,36,18047,165
1,70,0,37,18547,60
1,70,0,38,19047,88
1,70,0,39,19547,133
1,70,0,40,20047,103
1,70,0,41,20547,85
1,70,0,42,21047,74
1,70,0,43,21547,119
1,70,0,44,22047,167
1,70,0,45,22547,103
1,70,0,46,23047,104
1,70,0,47,23547,147
1,70,0,48,24047,220
1,70,0,49,24547,86
1,70,0,50,25047,171
1,70,0,51,25547,235
1,70,0,52,26047,103
1,70,0,53,26547,199
1,70,0,54,27047,275
1,70,0,55,27547,105
1,70,0,56,28047,37
1,70,0,57,28547,231
1,70,0,58,29047,91
1,70,0,59,29547,39
1,70,0,60,30047,171
1,70,0,61,30547,67
1,70,0,62,31047,19
1,70,0,63,31547,231
1,70,0,64,32047,99
1,70,0,65,32547,37
1,70,0,66,33047,262
1,70,0,67,33547,101
1,70,0,68,34047,34
1,70,0,69,34547,157
1,70,0,70,35047,57
1,70,0,71,35547,149
1,70,0,72,36047,91
1,70,0,73,36547,28
1,70,0,74,37047,127
1,70,0,75,37547,93
1,70,0,76,38047,149
1,70,0,77,38547,99
1,70,0,78,39047,252
1,70,0,79,39547,160
1,70,0,80,40047,59
1,70,0,81,40547,93
1,70,0,82,41047,169
1,70,0,83,41547,147
1,70,0,84,42047,54
1,70,0,85,42547,175
1,70,0,86,43047,83
1,70,0,87,43547,227
1,70,0,88,44047,87
1,70,0,89,44547,173
1,70,0,90,45047,69
1,70,0,91,45547,167
1,70,0,92,46047,93
1,70,0,93,46547,211
1,70,0,94,47047,133
1,70,0,95,47547,288
1,70,0,96,48047,189
1,70,0,97,48547,73
1,70,0,98,49047,20
1,70,0,99,49547,189
1,70,0,100,50047,85
1,70,0,101,50547,27
1,70,0,102,51047,260
1,70,0,103,51547,117
1,70,0,104,52047,40
1,70,0,105,52547,501
1,70,0,106,53047,263
1,70,0,107,53547,103
1,70,0,108,54047,471
1,70,0,109,54547,199
1,70,0,110,55047,77
1,70,0,111,55547,187
1,70,0,112,56047,72
1,70,0,113,56547,33
1,70,0,114,57047,76
1,70,0,115,57547,383
1,70,0,116,58047,156
1,70,0,117,58547,57
1,70,0,118,59047,218
1,70,0,119,59547,102
1,70,0,120,60047,78
1,70,0,121,60547,63
1,70,0,122,61047,44
1,70,0,123,61547,151
1,70,0,124,62047,55
1,70,0,125,62547,251
1,70,0,126,63047,102
1,70,0,127,63547,31
1,70,0,128,64047,78
1,70,0,129,64547,127
1,70,0,130,65047,45
1,70,0,131,65547,221
1,70,0,132,66047,99
1,70,0,133,66547,79
1,70,0,134,67047,121
1,70,0,135,67547,44
1,70,0,136,68047,36
1,70,0,137,68547,6
1,70,0,138,69047,227
1,70,0,139,69547,123
1,70,0,140,70047,43
1,70,0,141,70547,429
1,70,0,142,71047,203
1,70,0,143,71547,77
1,70,0,144,72047,182
1,70,0,145,72547,191
1,70,0,146,73047,105
1,70,0,147,73547,37
1,70,0,148,74047,319
1,70,0,149,74547,213
1,70,0,150,75047,83
1,70,0,151,75547,169
1,70,0,152,76047,61
1,70,0,153,76547,20
1,70,0,154,77047,75
1,70,0,155,77547,24
1,70,0,156,78047,3
1,70,0,157,78547,35
1,70,0,158,79047,104
1,70,0,159,79547,35
1,70,0,160,80047,47
1,70,0,161,80547,101
1,70,0,162,81047,105
1,70,0,163,81547,37
1,70,0,164,82047,157
1,70,0,165,82547,57
1,70,0,166,83047,253
1,70,0,167,83547,271
1,70,0,168,84047,105
1,70,0,169,84547,35
1,70,0,170,85047,213
1,70,0,171,85547,82
1,70,0,172,86047,26
1,70,0,173,86547,59
1,70,0,174,87047,179
1,70,0,175,87547,121
1,70,0,176,88047,43
1,70,0,177,88547,159
1,70,0,178,89047,169
1,70,0,179,89547,174
1,70,0,180,90047,86
1,70,0,181,90547,77
1,70,0,182,91047,152
1,70,0,183,91547,55
1,70,0,184,92047,17
1,70,0,185,92547,151
1,70,0,186,93047,55
1,70,0,187,93547,158
1,70,0,188,94047,101
1,70,0,189,94547,40
1,70,0,190,95047,8
1,70,0,191,95547,87
1,70,0,192,96047,27
1,70,0,193,96547,79
1,70,0,194,97047,85
1,70,0,195,97547,26
1,70,0,196,98047,16
1,70,0,197,98547,104
1,70,0,198,99047,40
1,70,0,199,99547,9
1,70,0,200,100047,158
1,70,0,201,100547,170
1,70,0,202,101047,63
1,70,0,203,101547,359
1,70,0,204,102047,319
1,70,0,205,102547,123
1,70,0,206,103047,47
1,70,0,207,103547,303
1,70,0,208,104047,119
1,70,0,209,104547,307
1,70,0,210,105047,261
1,70,0,211,105547,101
1,70,0,212,106047,237
1,70,0,213,106547,91
1,70,0,214,107047,28
1,70,0,215,107547,85
1,70,0,216,108047,83
1,70,0,217,108547,26
1,70,0,218,109047,211
1,70,0,219,109547,81
1,70,0,220,110047,244
1,70,0,221,110547,93
1,70,0,222,111047,31
1,70,0,223,111547,229
1,70,0,224,112047,153
1,70,0,225,112547,55
1,70,0,226,113047,53
1,70,0,227,113547,157
1,70,0,228,114047,57
1,70,0,229,114547,53
1,70,0,230,115047,245
1,70,0,231,115547,95
1,70,0,232,116047,467
1,70,0,233,116547,211
1,70,0,234,117047,79
1,70,0,235,117547,25
1,70,0,236,118047,4
1,70,0,237,118547,9
1,70,0,238,119047,103
1,70,0,239,119547,35
1,70,0,240,120047,309
1,70,0,241,120547,135
1,70,0,242,121047,47
1,70,0,243,121547,150
1,70,0,244,122047,94
1,70,0,245,122547,31
1,70,0,246,123047,202
1,70,0,247,123547,185
1,70,0,248,124047,75
1,70,0,249,124547,56
1,70,0,250,125047,384
1,70,0,251,125547,157
1,70,0,252,126047,57
1,70,0,253,126547,135
1,70,0,254,127047,73
1,70,0,255,127547,81
1,70,0,256,128047,39
1,70,0,257,128547,43
1,70,0,258,129047,9
1,70,0,259,129547,145
1,70,0,260,130047,53
1,70,0,261,130547,243
1,70,0,262,131047,99
1,70,0,263,131547,41
1,70,0,264,132047,205
1,70,0,265,132547,79
1,70,0,266,133047,248
1,70,0,267,133547,191
1,70,0,268,134047,74
1,70,0,269,134547,213
1,70,0,270,135047,91
1,70,0,271,135547,41
1,70,0,272,136047,201
1,70,0,273,136547,75
1,70,0,274,137047,280
1,70,0,275,137547,253
1,70,0,276,138047,99
1,70,0,277,138547,219
1,70,0,278,139047,85
1,70,0,279,139547,346
1,70,0,280,140047,141
1,70,0,281,140547,61
1,70,0,282,141047,313
1,70,0,283,141547,120
1,70,0,284,142047,47
1,70,0,285,142547,280
1,70,0,286,143047,141
1,70,0,287,143547,52
1,70,0,288,144047,178
1,70,0,289,144547,73
1,70,0,290,145047,22
1,70,0,291,145547,146
1,70,0,292,146047,107
1,70,0,293,146547,37
1,70,0,294,147047,7
1,70,0,295,147547,47
1,70,0,296,148047,10
1,70,0,297,148547,1
1,70,0,298,149047,16
1,70,0,299,149547,0
1,70,0,300,150047,0
1,70,0,301,150547,0
1,70,0,302,151047,265
1,70,0,303,151547,119
1,70,0,304,152047,362
1,70,0,305,152547,203
1,70,0,306,153047,77
1,70,0,307,153547,347
1,70,0,308,154047,341
1,70,0,309,154547,133
1,70,0,310,155047,413
1,70,0,311,155547,287
1,70,0,312,156047,111
1,70,0,313,156547,38
1,70,0,314,157047,240
1,70,0,315,157547,92
1,70,0,316,158047,30
1,70,0,317,158547,86
1,70,0,318,159047,25
1,70,0,319,159547,3
1,70,0,320,160047,187
1,70,0,321,160547,72
1,70,0,322,161047,180
1,70,0,323,161547,76
1,70,0,324,162047,149
1,70,0,325,162547,68
1,70,0,326,163047,76
1,70,0,327,163547,85
1,70,0,328,164047,26
1,70,0,329,164547,188
1,70,0,330,165047,87
1,70,0,331,165547,29
1,70,0,332,166047,217
1,70,0,333,166547,343
1,70,0,334,167047,135
1,70,0,335,167547,79
1,70,0,336,168047,339
1,70,0,337,168547,169
1,70,0,338,169047,62
1,70,0,339,169547,313
1,70,0,340,170047,121
1,70,0,341,170547,43
1,70,0,342,171047,439
1,70,0,343,171547,184
1,70,0,344,172047,79
1,70,0,345,172547,383
1,70,0,346,173047,151
1,70,0,347,173547,116
1,70,0,348,174047,333
1,70,0,349,174547,132
1,70,0,350,175047,45
1,70,0,351,175547,107
1,70,0,352,176047,42
1,70,0,353,176547,9
1,70,0,354,177047,0
1,70,0,355,177547,0
1,70,0,356,178047,0
1,70,0,357,178547,0
1,70,0,358,179047,0
1,70,0,359,179547,37
1,70,0,360,180047,121
1,70,0,361,180547,43
1,70,0,362,181047,106
1,70,0,363,181547,202
1,70,0,364,182047,93
1,70,0,365,182547,165
1,70,0,366,183047,94
1,70,0,367,183547,335
1,70,0,368,184047,174
1,70,0,369,184547,69
1,70,0,370,185047,245
1,70,0,371,185547,123
1,70,0,372,186047,83
1,70,0,373,186547,166
1,70,0,374,187047,143
1,70,0,375,187547,75
1,70,0,376,188047,23
1,70,0,377,188547,164
1,70,0,378,189047,135
1,70,0,379,189547,46
1,70,0,380,190047,344
1,70,0,381,190547,191
1,70,0,382,191047,75
1,70,0,383,191547,251
1,70,0,384,192047,170
1,70,0,385,192547,61
1,70,0,386,193047,119
1,70,0,387,193547,59
1,70,0,388,194047,17
1,70,0,389,194547,52
1,70,0,390,195047,296
1,70,0,391,195547,121
1,70,0,392,196047,41
1,70,0,393,196547,613
1,70,0,394,197047,229
1,70,0,395,197547,88
1,70,0,396,198047,313
1,70,0,397,198547,175
1,70,0,398,199047,67
1,70,0,399,199547,313
1,70,0,400,200047,137
1,70,0,401,200547,191
1,70,0,402,201047,74
1,70,0,403,201547,267
1,70,0,404,202047,127
1,70,0,405,202547,45
1,70,0,406,203047,179
1,70,0,407,203547,93
1,70,0,408,204047,31
1,70,0,409,204547,243
1,70,0,410,205047,103
1,70,0,411,205547,33
1,70,0,412,206047,5
1,70,0,413,206547,141
1,70,0,414,207047,51
1,70,0,415,207547,12
1,70,0,416,208047,101
1,70,0,417,208547,37
1,70,0,418,209047,8
1,70,0,419,209547,51
1,70,0,420,210047,61
1,70,0,421,210547,18
1,70,0,422,211047,39
1,70,0,423,211547,203
1,70,0,424,212047,111
1,70,0,425,212547,40
1,70,0,426,213047,264
1,70,0,427,213547,263
1,70,0,428,214047,101
1,70,0,429,214547,188
1,70,0,430,215047,103
1,70,0,431,215547,37
1,70,0,432,216047,213
1,70,0,433,216547,165
1,70,0,434,217047,61
1,70,0,435,217547,255
1,70,0,436,218047,99
1,70,0,437,218547,297
1,70,0,438,219047,180
1,70,0,439,219547,69
1,70,0,440,220047,371
1,70,0,441,220547,181
1,70,0,442,221047,70
1,70,0,443,221547,235
1,70,0,444,222047,99
1,70,0,445,222547,173
1,70,0,446,223047,63
1,70,0,447,223547,311
1,70,0,448,224047,121
1,70,0,449,224547,135
1,70,0,450,225047,270
1,70,0,451,225547,105
1,70,0,452,226047,297
1,70,0,453,226547,184
1,70,0,454,227047,72
1,70,0,455,227547,135
1,70,0,456,228047,334
1,70,0,457,228547,135
1,70,0,458,229047,46
1,70,0,459,229547,179
1,70,0,460,230047,248
1,70,0,461,230547,95
1,70,0,462,231047,160
1,70,0,463,231547,231
1,70,0,464,232047,89
1,70,0,465,232547,105
1,70,0,466,233047,233
1,70,0,467,233547,167
1,70,0,468,234047,59
1,70,0,469,234547,219
1,70,0,470,235047,215
1,70,0,471,235547,83
1,70,0,472,236047,34
1,70,0,473,236547,317
1,70,0,474,237047,123
1,70,0,475,237547,367
1,70,0,476,238047,154
1,70,0,477,238547,262
1,70,0,478,239047,163
1,70,0,479,239547,79
1,70,0,480,240047,279
1,70,0,481,240547,106
1,70,0,482,241047,211
1,70,0,483,241547,220
1,70,0,484,242047,85
1,70,0,485,242547,270
1,70,0,486,243047,123
1,70,0,487,243547,43
1,70,0,488,244047,9
1,70,0,489,244547,73
1,70,0,490,245047,190
1,70,0,491,245547,75
1,70,0,492,246047,309
1,70,0,493,246547,209
1,70,0,494,247047,81
1,70,0,495,247547,383
1,70,0,496,248047,299
1,70,0,497,248547,117
1,70,0,498,249047,203
1,70,0,499,249547,83
1,70,0,500,250047,22
1,70,0,501,250547,134
1,70,0,502,251047,201
1,70,0,503,251547,75
1,70,0,504,252047,231
1,70,0,505,252547,135
1,70,0,506,253047,45
1,70,0,507,253547,203
1,70,0,508,254047,109
1,70,0,509,254547,37
1,70,0,510,255047,245
1,70,0,511,255547,200
1,70,0,512,256047,75
1,70,0,513,256547,23
1,70,0,514,257047,4
1,70,0,515,257547,153
1,70,0,516,258047,56
1,70,0,517,258547,337
1,70,0,518,259047,221
1,70,0,519,259547,86
1,70,0,520,260047,350
1,70,0,521,260547,137
1,70,0,522,261047,51
1,70,0,523,261547,216
1,70,0,524,262047,135
1,70,0,525,262547,45
1,70,0,526,263047,102
1,70,0,527,263547,59
1,70,0,528,264047,35
1,70,0,529,264547,7
1,70,0,530,265047,136
1,70,0,531,265547,47
1,70,0,532,266047,231
1,70,0,533,266547,94
1,70,0,534,267047,199
1,70,0,535,267547,267
1,70,0,536,268047,105
1,70,0,537,268547,63
1,70,0,538,269047,227
1,70,0,539,269547,213
1,70,0,540,270047,83
1,70,0,541,270547,59
1,70,0,542,271047,61
1,70,0,543,271547,18
1,70,0,544,272047,399
1,70,0,545,272547,155
1,70,0,546,273047,63
1,70,0,547,273547,345
1,70,0,548,274047,137
1,70,0,549,274547,122
1,70,0,550,275047,157
1,70,0,551,275547,59
1,70,0,552,276047,77
1,70,0,553,276547,23
1,70,0,554,277047,210
1,70,0,555,277547,79
1,70,0,556,278047,25
1,70,0,557,278547,155
1,70,0,558,279047,56
1,70,0,559,279547,13
1,70,0,560,280047,269
1,70,0,561,280547,183
1,70,0,562,281047,71
1,70,0,563,281547,213
1,70,0,564,282047,91
1,70,0,565,282547,155
1,70,0,566,283047,157
1,70,0,567,283547,57
1,70,0,568,284047,285
1,70,0,569,284547,169
1,70,0,570,285047,63
1,70,0,571,285547,122
1,70,0,572,286047,293
1,70,0,573,286547,116
1,70,0,574,287047,69
1,70,0,575,287547,253
1,70,0,576,288047,151
1,70,0,577,288547,56
1,70,0,578,289047,391
1,70,0,579,289547,154
1,70,0,580,290047,57
1,70,0,581,290547,18
1,70,0,582,291047,309
1,70,0,583,291547,127
1,70,0,584,292047,45
1,70,0,585,292547,310
1,70,0,586,293047,137
1,70,0,587,293547,52
1,70,0,588,294047,252
1,70,0,589,294547,105
1,70,0,590,295047,37
1,70,0,591,295547,123
1,70,0,592,296047,43
1,70,0,593,296547,37
1,70,0,594,297047,30
1,70,0,595,297547,273
1,70,0,596,298047,231
1,70,0,597,298547,89
1,70,0,598,299047,282
1,70,0,599,299547,143
1,70,0,600,300047,53
1,70,0,601,300547,250
1,70,0,602,301047,103
1,70,0,603,301547,75
1,70,0,604,302047,24
1,70,0,605,302547,470
1,70,0,606,303047,209
1,70,0,607,303547,103
1,70,0,608,304047,311
1,70,0,609,304547,122
1,70,0,610,305047,42
1,70,0,611,305547,311
1,70,0,612,306047,362
1,70,0,613,306547,141
1,70,0,614,307047,309
1,70,0,615,307547,371
1,70,0,616,308047,143
1,70,0,617,308547,283
1,70,0,618,309047,210
1,70,0,619,309547,78
1,70,0,620,310047,91
1,70,0,621,310547,41
1,70,0,622,311047,165
1,70,0,623,311547,61
1,70,0,624,312047,19
1,70,0,625,312547,189
1,70,0,626,313047,263
1,70,0,627,313547,102
1,70,0,628,314047,375
1,70,0,629,314547,159
1,70,0,630,315047,109
1,70,0,631,315547,143
1,70,0,632,316047,51
1,70,0,633,316547,12
1,70,0,634,317047,22
1,70,0,635,317547,4
1,70,0,636,318047,235
1,70,0,637,318547,101
1,70,0,638,319047,107
1,70,0,639,319547,138
1,70,0,640,320047,47
1,70,0,641,320547,11
1,70,0,642,321047,0
1,70,0,643,321547,174
1,70,0,644,322047,87
1,70,0,645,322547,27
1,70,0,646,323047,223
1,70,0,647,323547,88
1,70,0,648,324047,27
1,70,0,649,324547,11
1,70,0,650,325047,39
1,70,0,651,325547,10
1,70,0,652,326047,0
1,70,0,653,326547,127
1,70,0,654,327047,205
1,70,0,655,327547,77
1,70,0,656,328047,350
1,70,0,657,328547,153
1,70,0,658,329047,56
1,70,0,659,329547,160
1,70,0,660,330047,108
1,70,0,661,330547,37
1,70,0,662,331047,207
1,70,0,663,331547,191
1,70,0,664,332047,74
1,70,0,665,332547,441
1,70,0,666,333047,243
1,70,0,667,333547,93
1,70,0,668,334047,356
1,70,0,669,334547,217
1,70,0,670,335047,83
1,70,0,671,335547,295
1,70,0,672,336047,117
1,70,0,673,336547,227
1,70,0,674,337047,87
1,70,0,675,337547,31
1,70,0,676,338047,218
1,70,0,677,338547,87
1,70,0,678,339047,169
1,70,0,679,339547,90
1,70,0,680,340047,297
1,70,0,681,340547,307
1,70,0,682,341047,119
1,70,0,683,341547,264
1,70,0,684,342047,300
1,70,0,685,342547,140
1,70,0,686,343047,308
1,70,0,687,343547,229
1,70,0,688,344047,89
1,70,0,689,344547,227
1,70,0,690,345047,106
1,70,0,691,345547,37
1,70,0,692,346047,237
1,70,0,693,346547,135
1,70,0,694,347047,47
1,70,0,695,347547,188
1,70,0,696,348047,90
1,70,0,697,348547,29
1,70,0,698,349047,3
1,70,0,699,349547,273
1,70,0,700,350047,117
1,70,0,701,350547,39
1,70,0,702,351047,235
1,70,0,703,351547,89
1,70,0,704,352047,29
1,70,0,705,352547,331
1,70,0,706,353047,135
1,70,0,707,353547,47
1,70,0,708,354047,167
1,70,0,709,354547,61
1,70,0,710,355047,24
1,70,0,711,355547,89
1,70,0,712,356047,190
1,70,0,713,356547,246
1,70,0,714,357047,95
1,70,0,715,357547,211
1,70,0,716,358047,200
1,70,0,717,358547,77
1,70,0,718,359047,186
1,70,0,719,359547,73
1,70,0,720,360047,22
1,70,0,721,360547,24
1,70,0,722,361047,85
1,70,0,723,361547,29
1,70,0,724,362047,115
1,70,0,725,362547,39
1,70,0,726,363047,191
1,70,0,727,363547,73
1,70,0,728,364047,316
1,70,0,729,364547,137
1,70,0,730,365047,47
1,70,0,731,365547,453
1,70,0,732,366047,173
1,70,0,733,366547,63
1,70,0,734,367047,135
1,70,0,735,367547,139
1,70,0,736,368047,55
1,70,0,737,368547,17
1,70,0,738,369047,111
1,70,0,739,369547,59
1,70,0,740,370047,45
1,70,0,741,370547,559
1,70,0,742,371047,212
1,70,0,743,371547,335
1,70,0,744,372047,314
1,70,0,745,372547,122
1,70,0,746,373047,389
1,70,0,747,373547,150
1,70,0,748,374047,55
1,70,0,749,374547,19
1,70,0,750,375047,0
1,70,0,751,375547,35
1,70,0,752,376047,18
1,70,0,753,376547,0
1,70,0,754,377047,119
1,70,0,755,377547,69
1,70,0,756,378047,21
1,70,0,757,378547,93
1,70,0,758,379047,78
1,70,0,759,379547,220
1,70,0,760,380047,85
1,70,0,761,380547,75
1,70,0,762,381047,139
1,70,0,763,381547,51
1,70,0,764,382047,101
1,70,0,765,382547,147
1,70,0,766,383047,115
1,70,0,767,383547,41
1,70,0,768,384047,182
1,70,0,769,384547,73
1,70,0,770,385047,243
1,70,0,771,385547,89
1,70,0,772,386047,437
1,70,0,773,386547,215
1,70,0,774,387047,103
1,70,0,775,387547,299
1,70,0,776,388047,185
1,70,0,777,388547,73
1,70,0,778,389047,235
1,70,0,779,389547,103
1,70,0,780,390047,35
1,70,0,781,390547,172
1,70,0,782,391047,91
1,70,0,783,391547,123
1,70,0,784,392047,149
1,70,0,785,392547,169
1,70,0,786,393047,87
1,70,0,787,393547,165
1,70,0,788,394047,74
1,70,0,789,394547,25
1,70,0,790,395047,137
1,70,0,791,395547,51
1,70,0,792,396047,11
1,70,0,793,396547,3
1,70,0,794,397047,0
1,70,0,795,397547,263
1,70,0,796,398047,105
1,70,0,797,398547,71
1,70,0,798,399047,331
1,70,0,799,399547,125
1,70,0,800,400047,159
1,70,0,801,400547,246
1,70,0,802,401047,95
1,70,0,803,401547,30
1,70,0,804,402047,310
1,70,0,805,402547,131
1,70,0,806,403047,45
1,70,0,807,403547,10
1,70,0,808,404047,312
1,70,0,809,404547,123
1,70,0,810,405047,44
1,70,0,811,405547,317
1,70,0,812,406047,123
1,70,0,813,406547,159
1,70,0,814,407047,116
1,70,0,815,407547,40
1,70,0,816,408047,107
1,70,0,817,408547,43
1,70,0,818,409047,27
1,70,0,819,409547,5
1,70,0,820,410047,0
1,70,0,821,410547,25
1,70,0,822,411047,6
1,70,0,823,411547,1
1,70,0,824,412047,147
1,70,0,825,412547,54
1,70,0,826,413047,27
1,70,0,827,413547,125
1,70,0,828,414047,43
1,70,0,829,414547,151
1,70,0,830,415047,67
1,70,0,831,415547,109
1,70,0,832,416047,187
1,70,0,833,416547,73
1,70,0,834,417047,205
1,70,0,835,417547,137
1,70,0,836,418047,49
1,70,0,837,418547,137
1,70,0,838,419047,50
1,70,0,839,419547,11
1,70,0,840,420047,87
1,70,0,841,420547,87
1,70,0,842,421047,93
1,70,0,843,421547,56
1,70,0,844,422047,164
1,70,0,845,422547,59
1,70,0,846,423047,89
1,70,0,847,423547,28
1,70,0,848,424047,250
1,70,0,849,424547,97
1,70,0,850,425047,51
1,70,0,851,425547,31
1,70,0,852,426047,143
1,70,0,853,426547,77
1,70,0,854,427047,39
1,70,0,855,427547,182
1,70,0,856,428047,70
1,70,0,857,428547,20
1,70,0,858,429047,346
1,70,0,859,429547,179
1,70,0,860,430047,88
1,70,0,861,430547,220
1,70,0,862,431047,87
1,70,0,863,431547,39
1,70,0,864,432047,139
1,70,0,865,432547,56
1,70,0,866,433047,17
1,70,0,867,433547,261
1,70,0,868,434047,127
1,70,0,869,434547,45
1,70,0,870,435047,99
1,70,0,871,435547,191
1,70,0,872,436047,94
1,70,0,873,436547,45
1,70,0,874,437047,163
1,70,0,875,437547,59
1,70,0,876,438047,142
1,70,0,877,438547,84
1,70,0,878,439047,25
1,70,0,879,439547,5
1,70,0,880,440047,185
1,70,0,881,440547,83
1,70,0,882,441047,88
1,70,0,883,441547,38
1,70,0,884,442047,235
1,70,0,885,442547,211
1,70,0,886,443047,151
1,70,0,887,443547,55
1,70,0,888,444047,17
1,70,0,889,444547,91
1,70,0,890,445047,29
1,70,0,891,445547,292
1,70,0,892,446047,205
1,70,0,893,446547,78
1,70,0,894,447047,205
1,70,0,895,447547,264
1,70,0,896,448047,102
1,70,0,897,448547,405
1,70,0,898,449047,267
1,70,0,899,449547,105
1,70,0,900,450047,154
1,70,0,901,450547,83
1,70,0,902,451047,25
1,70,0,903,451547,85
1,70,0,904,452047,43
1,70,0,905,452547,10
1,70,0,906,453047,205
1,70,0,907,453547,91
1,70,0,908,454047,114
1,70,0,909,454547,191
1,70,0,910,455048,169
1,70,0,911,455547,63
1,70,0,912,456047,349
1,70,0,913,456547,141
1,70,0,914,457047,55
1,70,0,915,457547,317
1,70,0,916,458047,135
1,70,0,917,458547,51
1,70,0,918,459047,295
1,70,0,919,459547,139
1,70,0,920,460047,51
1,70,0,921,460547,198
1,70,0,922,461047,133
1,70,0,923,461547,45
1,70,0,924,462047,121
1,70,0,925,462547,165
1,70,0,926,463047,413
1,70,0,927,463547,185
1,70,0,928,464047,207
1,70,0,929,464547,211
1,70,0,930,465047,79
1,70,0,931,465547,23
1,70,0,932,466047,95
1,70,0,933,466547,47
1,70,0,934,467047,22
1,70,0,935,467547,3
1,70,0,936,468047,447
1,70,0,937,468547,170
1,70,0,938,469047,63
1,70,0,939,469547,455
1,70,0,940,470047,171
1,70,0,941,470547,67
1,70,0,942,471047,339
1,70,0,943,471547,133
1,70,0,944,472047,126
1,70,0,945,472547,237
1,70,0,946,473047,91
1,70,0,947,473547,330
1,70,0,948,474047,164
1,70,0,949,474547,60
1,70,0,950,475047,249
1,70,0,951,475547,105
1,70,0,952,476047,223
1,70,0,953,476547,216
1,70,0,954,477047,87
1,70,0,955,477547,315
1,70,0,956,478047,218
1,70,0,957,478547,86
1,70,0,958,479047,101
1,70,0,959,479547,31
1,70,0,960,480047,39
1,70,0,961,480547,8
1,70,0,962,481047,212
1,70,0,963,481547,123
1,70,0,964,482047,43
1,70,0,965,482547,277
1,70,0,966,483047,175
1,70,0,967,483547,69
1,70,0,968,484047,95
1,70,0,969,484547,282
1,70,0,970,485047,109
1,70,0,971,485547,229
1,70,0,972,486047,229
1,70,0,973,486547,89
1,70,0,974,487047,28
1,70,0,975,487547,281
1,70,0,976,488047,155
1,70,0,977,488547,59
1,70,0,978,489047,137
1,70,0,979,489547,47
1,70,0,980,490047,201
1,70,0,981,490547,110
1,70,0,982,491047,197
1,70,0,983,491547,169
1,70,0,984,492047,60
1,70,0,985,492547,245
1,70,0,986,493047,250
1,70,0,987,493547,101
1,70,0,988,494047,34
1,70,0,989,494547,359
1,70,0,990,495047,175
1,70,0,991,495547,69
1,70,0,992,496047,313
1,70,0,993,496547,137
1,70,0,994,497047,79
1,70,0,995,497547,222
1,70,0,996,498047,87
1,70,0,997,498547,27
1,70,0,998,499047,333
1,70,0,999,499547,133
1,70,0,1000,500047,51
1,70,0,1001,500547,169
1,70,0,1002,501047,67
1,70,0,1003,501547,121
1,70,0,1004,502047,127
1,70,0,1005,502547,45
1,70,0,1006,503047,7
1,70,0,1007,503547,201
1,70,0,1008,504047,93
1,70,0,1009,504547,84
1,70,0,1010,505047,172
1,70,0,1011,505547,63
1,70,0,1012,506047,83
1,70,0,1013,506547,25
1,70,0,1014,507047,137
1,70,0,1015,507547,59
1,70,0,1016,508047,19
1,70,0,1017,508547,173
1,70,0,1018,509047,132
1,70,0,1019,509547,43
1,70,0,1020,510047,109
1,70,0,1021,510547,106
1,70,0,1022,511047,37
1,70,0,1023,511547,11
1,70,0,1024,512047,222
1,70,0,1025,512547,85
1,70,0,1026,513047,41
1,70,0,1027,513547,251
1,70,0,1028,514047,99
1,70,0,1029,514547,31
1,70,0,1030,515047,237
1,70,0,1031,515547,123
1,70,0,1032,516047,43
1,70,0,1033,516547,247
1,70,0,1034,517047,181
1,70,0,1035,517547,69
1,70,0,1036,518047,371
1,70,0,1037,518547,281
1,70,0,1038,519047,109
1,70,0,1039,519547,209
1,70,0,1040,520047,253
1,70,0,1041,520547,101
1,70,0,1042,521047,217
1,70,0,1043,521547,286
1,70,0,1044,522047,111
1,70,0,1045,522547,171
1,70,0,1046,523047,103
1,70,0,1047,523547,205
1,70,0,1048,524047,232
1,70,0,1049,524547,180
1,70,0,1050,525047,92
1,70,0,1051,525547,157
1,70,0,1052,526047,57
1,70,0,1053,526547,119
1,70,0,1054,527047,41
1,70,0,1055,527547,10
1,70,0,1056,528047,239
1,70,0,1057,528547,105
1,70,0,1058,529047,37
1,70,0,1059,529547,125
1,70,0,1060,530047,192
1,70,0,1061,530547,88
1,70,0,1062,531047,29
1,70,0,1063,531547,90
1,70,0,1064,532047,159
1,70,0,1065,532547,58
1,70,0,1066,533047,307
1,70,0,1067,533547,135
1,70,0,1068,534047,45
1,70,0,1069,534547,109
1,70,0,1070,535047,37
1,70,0,1071,535547,7
1,70,0,1072,536047,101
1,70,0,1073,536547,43
1,70,0,1074,537047,175
1,70,0,1075,537547,99
1,70,0,1076,538047,325
1,70,0,1077,538547,169
1,70,0,1078,539047,247
1,70,0,1079,539547,159
1,70,0,1080,540047,59
1,70,0,1081,540547,53
1,70,0,1082,541047,51
1,70,0,1083,541547,13
1,70,0,1084,542047,287
1,70,0,1085,542547,227
1,70,0,1086,543047,87
1,70,0,1087,543547,414
1,70,0,1088,544047,252
1,70,0,1089,544547,99
1,70,0,1090,545047,235
1,70,0,1091,545547,397
1,70,0,1092,546047,153
1,70,0,1093,546547,205
1,70,0,1094,547047,339
1,70,0,1095,547547,126
1,70,0,1096,548047,171
1,70,0,1097,548547,151
1,70,0,1098,549047,55
1,70,0,1099,549547,17
1,70,0,1100,550047,201
1,70,0,1101,550547,119
1,70,0,1102,551047,41
1,70,0,1103,551547,62
1,70,0,1104,552047,75
1,70,0,1105,552547,87
1,70,0,1106,553047,27
1,70,0,1107,553547,236
1,70,0,1108,554047,122
1,70,0,1109,554547,43
1,70,0,1110,555047,179
1,70,0,1111,555547,191
1,70,0,1112,556047,75
1,70,0,1113,556547,343
1,70,0,1114,557047,155
1,70,0,1115,557547,57
1,70,0,1116,558047,253
1,70,0,1117,558547,110
1,70,0,1118,559047,277
1,70,0,1119,559547,134
1,70,0,1120,560047,185
1,70,0,1121,560547,141
1,70,0,1122,561047,51
1,70,0,1123,561547,13
1,70,0,1124,562047,267
1,70,0,1125,562547,104
1,70,0,1126,563047,331
1,70,0,1127,563547,175
1,70,0,1128,564047,69
1,70,0,1129,564547,277
1,70,0,1130,565047,206
1,70,0,1131,565547,78
1,70,0,1132,566047,279
1,70,0,1133,566547,109
1,70,0,1134,567047,37
1,70,0,1135,567547,87
1,70,0,1136,568047,196
1,70,0,1137,568547,75
1,70,0,1138,569047,23
1,70,0,1139,569547,139
1,70,0,1140,570047,51
1,70,0,1141,570547,12
1,70,0,1142,571047,287
1,70,0,1143,571547,123
1,70,0,1144,572047,41
1,70,0,1145,572547,72
1,70,0,1146,573047,76
1,70,0,1147,573547,23
1,70,0,1148,574047,41
1,70,0,1149,574547,47
1,70,0,1150,575047,17
1,70,0,1151,575547,203
1,70,0,1152,576047,78
1,70,0,1153,576547,189
1,70,0,1154,577047,73
1,70,0,1155,577547,187
1,70,0,1156,578047,168
1,70,0,1157,578547,61
1,70,0,1158,579047,231
1,70,0,1159,579547,171
1,70,0,1160,580047,67
1,70,0,1161,580547,207
1,70,0,1162,581047,119
1,70,0,1163,581547,41
1,70,0,1164,582047,184
1,70,0,1165,582547,71
1,70,0,1166,583047,171
1,70,0,1167,583547,63
1,70,0,1168,584047,231
1,70,0,1169,584547,377
1,70,0,1170,585047,149
1,70,0,1171,585547,55
1,70,0,1172,586047,325
1,70,0,1173,586547,151
1,70,0,1174,587047,55
1,70,0,1175,587547,423
1,70,0,1176,588047,163
1,70,0,1177,588547,60
1,70,0,1178,589047,523
1,70,0,1179,589547,202
1,70,0,1180,590047,76
1,70,0,1181,590547,287
1,70,0,1182,591047,327
1,70,0,1183,591547,123
1,70,0,1184,592047,349
1,70,0,1185,592547,207
1,70,0,1186,593047,79
1,70,0,1187,593547,296
1,70,0,1188,594047,299
1,70,0,1189,594547,116
1,70,0,1190,595047,221
1,70,0,1191,595547,167
1,70,0,1192,596047,63
1,70,0,1193,596547,59
1,70,0,1194,597047,115
1,70,0,1195,597547,245
1,70,0,1196,598047,99
1,70,0,1197,598547,204
1,70,0,1198,599047,75
1,70,0,1199,599547,27
1,70,0,1200,600047,165
1,70,0,1201,600547,61
1,70,0,1202,601047,252
1,70,0,1203,601547,146
1,70,0,1204,602047,53
1,70,0,1205,602547,93
1,70,0,1206,603047,36
1,70,0,1207,603547,25
1,70,0,1208,604047,1
1,70,0,1209,604547,122
1,70,0,1210,605047,76
1,70,0,1211,605547,47
1,70,0,1212,606047,95
1,70,0,1213,606547,155
1,70,0,1214,607047,57
1,70,0,1215,607547,347
1,70,0,1216,608047,142
1,70,0,1217,608547,52
1,70,0,1218,609047,375
1,70,0,1219,609547,155
1,70,0,1220,610047,57
1,70,0,1221,610547,413
1,70,0,1222,611047,157
1,70,0,1223,611547,368
1,70,0,1224,612047,255
1,70,0,1225,612547,102
1,70,0,1226,613047,190
1,70,0,1227,613547,83
1,70,0,1228,614047,27
1,70,0,1229,614547,189
1,70,0,1230,615047,147
1,70,0,1231,615547,53
1,70,0,1232,616047,91
1,70,0,1233,616547,103
1,70,0,1234,617047,36
1,70,0,1235,617547,227
1,70,0,1236,618047,85
1,70,0,1237,618547,28
1,70,0,1238,619047,4
1,70,0,1239,619547,0
1,70,0,1240,620047,22
1,70,0,1241,620547,5
1,70,0,1242,621047,293
1,70,0,1243,621547,123
1,70,0,1244,622047,281
1,70,0,1245,622547,275
1,70,0,1246,623047,159
1,70,0,1247,623547,107
1,70,0,1248,624047,315
1,70,0,1249,624547,121
1,70,0,1250,625047,141
1,70,0,1251,625547,243
1,70,0,1252,626047,116
1,70,0,1253,626547,231
1,70,0,1254,627047,445
1,70,0,1255,627547,173
1,70,0,1256,628047,255
1,70,0,1257,628547,355
1,70,0,1258,629047,165
1,70,0,1259,629547,349
1,70,0,1260,630047,187
1,70,0,1261,630547,73
1,70,0,1262,631047,151
1,70,0,1263,631547,106
1,70,0,1264,632047,148
1,70,0,1265,632547,115
1,70,0,1266,633047,39
1,70,0,1267,633547,111
1,70,0,1268,634047,37
1,70,0,1269,634547,344
1,70,0,1270,635047,135
1,70,0,1271,635547,103
1,70,0,1272,636047,270
1,70,0,1273,636547,105
1,70,0,1274,637047,213
1,70,0,1275,637547,83
1,70,0,1276,638047,337
1,70,0,1277,638547,133
1,70,0,1278,639047,111
1,70,0,1279,639547,93
1,70,0,1280,640047,29
1,70,0,1281,640547,340
1,70,0,1282,641047,214
1,70,0,1283,641547,83
1,70,0,1284,642047,315
1,70,0,1285,642547,309
1,70,0,1286,643047,119
1,70,0,1287,643547,553
1,70,0,1288,644047,233
1,70,0,1289,644547,92
1,70,0,1290,645047,165
1,70,0,1291,645547,63
1,70,0,1292,646047,160
1,70,0,1293,646547,110
1,70,0,1294,647047,37
1,70,0,1295,647547,9
1,70,0,1296,648047,121
1,70,0,1297,648547,43
1,70,0,1298,649047,117
1,70,0,1299,649547,105
1,70,0,1300,650047,165
1,70,0,1301,650547,61
1,70,0,1302,651047,201
1,70,0,1303,651547,77
1,70,0,1304,652047,23
1,70,0,1305,652547,167
1,70,0,1306,653047,61
1,70,0,1307,653547,20
1,70,0,1308,654047,131
1,70,0,1309,654547,73
1,70,0,1310,655047,35
1,70,0,1311,655547,212
1,70,0,1312,656047,83
1,70,0,1313,656547,31
1,70,0,1314,657047,185
1,70,0,1315,657547,72
1,70,0,1316,658047,157
1,70,0,1317,658547,83
1,70,0,1318,659047,26
1,70,0,1319,659547,61
1,70,0,1320,660047,63
1,70,0,1321,660547,47
1,70,0,1322,661047,19
1,70,0,1323,661547,68
1,70,0,1324,662047,53
1,70,0,1325,662547,146
1,70,0,1326,663047,52
1,70,0,1327,663547,12
1,70,0,1328,664047,83
1,70,0,1329,664547,43
1,70,0,1330,665047,10
1,70,0,1331,665547,39
1,70,0,1332,666047,8
1,70,0,1333,666547,0
1,70,0,1334,667047,5
1,70,0,1335,667547,0
1,70,0,1336,668047,63
1,70,0,1337,668547,61
1,70,0,1338,669047,18
1,70,0,1339,669547,143
1,70,0,1340,670047,53
1,70,0,1341,670547,16
1,70,0,1342,671047,94
1,70,0,1343,671547,83
1,70,0,1344,672047,51
1,70,0,1345,672547,75
1,70,0,1346,673047,77
1,70,0,1347,673547,24
1,70,0,1348,674047,265
1,70,0,1349,674547,105
1,70,0,1350,675047,69
1,70,0,1351,675547,297
1,70,0,1352,676047,298
1,70,0,1353,676547,116
1,70,0,1354,677047,234
1,70,0,1355,677547,169
1,70,0,1356,678047,63
1,70,0,1357,678547,19
1,70,0,1358,679047,60
1,70,0,1359,679547,16
1,70,0,1360,680047,103
1,70,0,1361,680547,37
1,70,0,1362,681047,213
1,70,0,1363,681547,85
1,70,0,1364,682047,51
1,70,0,1365,682547,125
1,70,0,1366,683047,43
1,70,0,1367,683547,269
1,70,0,1368,684047,147
1,70,0,1369,684547,53
1,70,0,1370,685047,142
1,70,0,1371,685547,51
1,70,0,1372,686047,93
1,70,0,1373,686547,30
1,70,0,1374,687047,67
1,70,0,1375,687547,215
1,70,0,1376,688047,83
1,70,0,1377,688547,237
1,70,0,1378,689047,146
1,70,0,1379,689547,53
1,70,0,1380,690047,179
1,70,0,1381,690547,311
1,70,0,1382,691047,125
1,70,0,1383,691547,46
1,70,0,1384,692047,343
1,70,0,1385,692547,269
1,70,0,1386,693047,105
1,70,0,1387,693547,288
1,70,0,1388,694047,132
1,70,0,1389,694547,47
1,70,0,1390,695047,297
1,70,0,1391,695547,163
1,70,0,1392,696047,59
1,70,0,1393,696547,421
1,70,0,1394,697047,163
1,70,0,1395,697547,86
1,70,0,1396,698047,175
1,70,0,1397,698547,68
1,70,0,1398,699047,20
1,70,0,1399,699547,3
1,70,0,1400,700047,43
1,70,0,1401,700547,37
1,70,0,1402,701047,9
1,70,0,1403,701547,205
1,70,0,1404,702047,83
1,70,0,1405,702547,23
1,70,0,1406,703047,317
1,70,0,1407,703547,124
1,70,0,1408,704047,53
1,70,0,1409,704547,237
1,70,0,1410,705047,98
1,70,0,1411,705547,31
1,70,0,1412,706047,139
1,70,0,1413,706547,147
1,70,0,1414,707047,54
1,70,0,1415,707547,14
1,70,0,1416,708047,120
1,70,0,1417,708547,59
1,70,0,1418,709047,37
1,70,0,1419,709547,105
1,70,0,1420,710047,35
1,70,0,1421,710547,235
1,70,0,1422,711047,221
1,70,0,1423,711547,87
1,70,0,1424,712047,372
1,70,0,1425,712547,175
1,70,0,1426,713047,69
1,70,0,1427,713547,443
1,70,0,1428,714047,171
1,70,0,1429,714547,63
1,70,0,1430,715047,231
1,70,0,1431,715547,90
1,70,0,1432,716047,30
1,70,0,1433,716547,235
1,70,0,1434,717047,92
1,70,0,1435,717547,81
1,70,0,1436,718047,392
1,70,0,1437,718547,197
1,70,0,1438,719047,75
1,70,0,1439,719547,382
1,70,0,1440,720047,167
1,70,0,1441,720547,61
1,70,0,1442,721047,153
1,70,0,1443,721547,107
1,70,0,1444,722047,38
1,70,0,1445,722547,165
1,70,0,1446,723047,73
1,70,0,1447,723547,262
1,70,0,1448,724047,125
1,70,0,1449,724547,45
1,70,0,1450,725047,341
1,70,0,1451,725547,133
1,70,0,1452,726047,47
1,70,0,1453,726547,294
1,70,0,1454,727047,117
1,70,0,1455,727547,41
1,70,0,1456,728047,318
1,70,0,1457,728547,123
1,70,0,1458,729047,232
1,70,0,1459,729547,275
1,70,0,1460,730047,107
1,70,0,1461,730547,37
1,70,0,1462,731047,287
1,70,0,1463,731547,111
1,70,0,1464,732047,101
1,70,0,1465,732547,276
1,70,0,1466,733047,170
1,70,0,1467,733547,62
1,70,0,1468,734047,260
1,70,0,1469,734547,124
1,70,0,1470,735047,43
1,70,0,1471,735547,281
1,70,0,1472,736047,112
1,70,0,1473,736547,39
1,70,0,1474,737047,503
1,70,0,1475,737547,189
1,70,0,1476,738047,73
1,70,0,1477,738547,329
1,70,0,1478,739047,132
1,70,0,1479,739547,46
1,70,0,1480,740047,45
1,70,0,1481,740547,119
1,70,0,1482,741047,42
1,70,0,1483,741547,11
1,70,0,1484,742047,105
1,70,0,1485,742547,43
1,70,0,1486,743047,8
1,70,0,1487,743547,163
1,70,0,1488,744047,74
1,70,0,1489,744547,23
1,70,0,1490,745047,2
1,70,0,1491,745547,0
1,70,0,1492,746047,0
1,70,0,1493,746547,28
1,70,0,1494,747047,239
1,70,0,1495,747547,155
1,70,0,1496,748047,309
1,70,0,1497,748547,199
1,70,0,1498,749047,74
1,70,0,1499,749547,26
1,70,0,1500,750047,309
1,70,0,1501,750547,141
1,70,0,1502,751047,95
1,70,0,1503,751547,103
1,70,0,1504,752047,37
1,70,0,1505,752547,8
1,70,0,1506,753047,72
1,70,0,1507,753547,95
1,70,0,1508,754047,63
1,70,0,1509,754547,19
1,70,0,1510,755047,201
1,70,0,1511,755547,244
1,70,0,1512,756047,93
1,70,0,1513,756547,30
1,70,0,1514,757047,139
1,70,0,1515,757547,51
1,70,0,1516,758047,11
1,70,0,1517,758547,63
1,70,0,1518,759047,20
1,70,0,1519,759547,182
1,70,0,1520,760047,71
1,70,0,1521,760547,121
1,70,0,1522,761047,53
1,70,0,1523,761547,202
1,70,0,1524,762047,76
1,70,0,1525,762547,153
1,70,0,1526,763047,197
1,70,0,1527,763547,75
1,70,0,1528,764047,169
1,70,0,1529,764547,74
1,70,0,1530,765047,23
1,70,0,1531,765547,3
1,70,0,1532,766047,155
1,70,0,1533,766547,103
1,70,0,1534,767047,43
1,70,0,1535,767547,63
1,70,0,1536,768047,119
1,70,0,1537,768547,181
1,70,0,1538,769047,333
1,70,0,1539,769547,127
1,70,0,1540,770047,313
1,70,0,1541,770547,221
1,70,0,1542,771047,86
1,70,0,1543,771547,125
1,70,0,1544,772047,67
1,70,0,1545,772547,21
1,70,0,1546,773047,31
1,70,0,1547,773547,5
1,70,0,1548,774047,0
1,70,0,1549,774547,219
1,70,0,1550,775047,94
1,70,0,1551,775547,31
1,70,0,1552,776047,159
1,70,0,1553,776547,182
1,70,0,1554,777047,71
1,70,0,1555,777547,171
1,70,0,1556,778047,99
1,70,0,1557,778547,31
1,70,0,1558,779047,5
1,70,0,1559,779547,27
1,70,0,1560,780047,133
1,70,0,1561,780547,57
1,70,0,1562,781047,45
1,70,0,1563,781547,181
1,70,0,1564,782047,69
1,70,0,1565,782547,79
1,70,0,1566,783047,159
1,70,0,1567,783547,59
1,70,0,1568,784047,23
1,70,0,1569,784547,243
1,70,0,1570,785047,93
1,70,0,1571,785547,207
1,70,0,1572,786047,165
1,70,0,1573,786547,61
1,70,0,1574,787047,19
1,70,0,1575,787547,134
1,70,0,1576,788047,118
1,70,0,1577,788547,41
1,70,0,1578,789047,201
1,70,0,1579,789547,371
1,70,0,1580,790047,149
1,70,0,1581,790547,54
1,70,0,1582,791047,393
1,70,0,1583,791547,151
1,70,0,1584,792047,87
1,70,0,1585,792547,79
1,70,0,1586,793047,25
1,70,0,1587,793547,99
1,70,0,1588,794047,106
1,70,0,1589,794547,239
1,70,0,1590,795047,115
1,70,0,1591,795547,207
1,70,0,1592,796047,332
1,70,0,1593,796547,131
1,70,0,1594,797047,213
1,70,0,1595,797547,264
1,70,0,1596,798047,103
1,70,0,1597,798547,141
1,70,0,1598,799047,359
1,70,0,1599,799547,213
1,70,0,1600,800047,83
1,70,0,1601,800547,549
1,70,0,1602,801047,206
1,70,0,1603,801547,79
1,70,0,1604,802047,371
1,70,0,1605,802547,165
1,70,0,1606,803047,61
1,70,0,1607,803547,278
1,70,0,1608,804047,107
1,70,0,1609,804547,90
1,70,0,1610,805047,198
1,70,0,1611,805547,151
1,70,0,1612,806047,55
1,70,0,1613,806547,284
1,70,0,1614,807047,216
1,70,0,1615,807547,84
1,70,0,1616,808047,207
1,70,0,1617,808547,409
1,70,0,1618,809047,167
1,70,0,1619,809547,62
1,70,0,1620,810047,340
1,70,0,1621,810547,141
1,70,0,1622,811047,83
1,70,0,1623,811547,181
1,70,0,1624,812047,69
1,70,0,1625,812547,102
1,70,0,1626,813047,111
1,70,0,1627,813547,39
1,70,0,1628,814047,202
1,70,0,1629,814547,94
1,70,0,1630,815047,30
1,70,0,1631,815547,5
1,70,0,1632,816047,465
1,70,0,1633,816547,205
1,70,0,1634,817047,78
1,70,0,1635,817547,521
1,70,0,1636,818047,215
1,70,0,1637,818547,85
1,70,0,1638,819047,303
1,70,0,1639,819547,119
1,70,0,1640,820047,41
1,70,0,1641,820547,239
1,70,0,1642,821047,93
1,70,0,1643,821547,184
1,70,0,1644,822047,76
1,70,0,1645,822547,23
1,70,0,1646,823047,285
1,70,0,1647,823547,135
1,70,0,1648,824047,54
1,70,0,1649,824547,271
1,70,0,1650,825047,133
1,70,0,1651,825547,171
1,70,0,1652,826047,95
1,70,0,1653,826547,35
1,70,0,1654,827047,7
1,70,0,1655,827547,105
1,70,0,1656,828047,119
1,70,0,1657,828547,41
1,70,0,1658,829047,155
1,70,0,1659,829547,75
1,70,0,1660,830047,24
1,70,0,1661,830547,311
1,70,0,1662,831047,141
1,70,0,1663,831547,51
1,70,0,1664,832047,77
1,70,0,1665,832547,101
1,70,0,1666,833047,37
1,70,0,1667,833547,6
1,70,0,1668,834047,10
1,70,0,1669,834547,121
1,70,0,1670,835047,83
1,70,0,1671,835547,79
1,70,0,1672,836047,69
1,70,0,1673,836547,21
1,70,0,1674,837047,247
1,70,0,1675,837547,155
1,70,0,1676,838047,57
1,70,0,1677,838547,419
1,70,0,1678,839047,171
1,70,0,1679,839547,105
1,70,0,1680,840047,305
1,70,0,1681,840547,119
1,70,0,1682,841047,219
1,70,0,1683,841547,103
1,70,0,1684,842047,36
1,70,0,1685,842547,7
1,70,0,1686,843047,216
1,70,0,1687,843547,109
1,70,0,1688,844047,189
1,70,0,1689,844547,155
1,70,0,1690,845047,227
1,70,0,1691,845547,88
1,70,0,1692,846047,151
1,70,0,1693,846547,84
1,70,0,1694,847047,137
1,70,0,1695,847547,79
1,70,0,1696,848047,25
1,70,0,1697,848547,9
1,70,0,1698,849047,0
1,70,0,1699,849547,18
1,70,0,1700,850047,152
1,70,0,1701,850547,55
1,70,0,1702,851047,36
1,70,0,1703,851547,16
1,70,0,1704,852047,109
1,70,0,1705,852547,39
1,70,0,1706,853047,51
1,70,0,1707,853547,205
1,70,0,1708,854047,77
1,70,0,1709,854547,383
1,70,0,1710,855047,181
1,70,0,1711,855547,71
1,70,0,1712,856047,146
1,70,0,1713,856547,53
1,70,0,1714,857047,14
1,70,0,1715,857547,0
1,70,0,1716,858047,127
1,70,0,1717,858547,148
1,70,0,1718,859047,207
1,70,0,1719,859547,90
1,70,0,1720,860047,49
1,70,0,1721,860547,281
1,70,0,1722,861047,124
1,70,0,1723,861547,44
1,70,0,1724,862047,237
1,70,0,1725,862547,93
1,70,0,1726,863047,29
1,70,0,1727,863547,109
1,70,0,1728,864047,37
1,70,0,1729,864547,7
1,70,0,1730,865047,297
1,70,0,1731,865547,117
1,70,0,1732,866047,40
1,70,0,1733,866547,312
1,70,0,1734,867047,136
1,70,0,1735,867547,47
1,70,0,1736,868047,359
1,70,0,1737,868547,167
1,70,0,1738,869047,61
1,70,0,1739,869547,181
1,70,0,1740,870047,70
1,70,0,1741,870547,30
1,70,0,1742,871047,335
1,70,0,1743,871547,179
1,70,0,1744,872047,197
1,70,0,1745,872547,171
1,70,0,1746,873047,63
1,70,0,1747,873547,135
1,70,0,1748,874047,83
1,70,0,1749,874547,186
1,70,0,1750,875047,254
1,70,0,1751,875547,101
1,70,0,1752,876047,38
1,70,0,1753,876547,148
1,70,0,1754,877047,55
1,70,0,1755,877547,14
1,70,0,1756,878047,86
1,70,0,1757,878547,27
1,70,0,1758,879047,73
1,70,0,1759,879547,50
1,70,0,1760,880047,246
1,70,0,1761,880547,169
1,70,0,1762,881047,63
1,70,0,1763,881547,325
1,70,0,1764,882047,255
1,70,0,1765,882547,101
1,70,0,1766,883047,143
1,70,0,1767,883547,53
1,70,0,1768,884047,13
1,70,0,1769,884547,0
1,70,0,1770,885047,121
1,70,0,1771,885547,43
1,70,0,1772,886047,13
1,70,0,1773,886547,168
1,70,0,1774,887047,95
1,70,0,1775,887547,37
1,70,0,1776,888047,82
1,70,0,1777,888547,27
1,70,0,1778,889047,165
1,70,0,1779,889547,60
1,70,0,1780,890047,277
1,70,0,1781,890547,107
1,70,0,1782,891047,39
1,70,0,1783,891547,117
1,70,0,1784,892047,41
1,70,0,1785,892547,9
1,70,0,1786,893047,233
1,70,0,1787,893547,99
1,70,0,1788,894047,30
1,70,0,1789,894547,155
1,70,0,1790,895047,57
1,70,0,1791,895547,47
1,70,0,1792,896047,106
1,70,0,1793,896547,77
1,70,0,1794,897047,25
1,70,0,1795,897547,123
1,70,0,1796,898047,47
1,70,0,1797,898547,11
1,70,0,1798,899047,155
1,70,0,1799,899547,59
1,70,0,1800,900047,19
1,70,0,1801,900547,281
1,70,0,1802,901047,107
1,70,0,1803,901547,175
1,70,0,1804,902047,312
1,70,0,1805,902547,165
1,70,0,1806,903047,60
1,70,0,1807,903547,409
1,70,0,1808,904047,159
1,70,0,1809,904547,60
1,70,0,1810,905047,179
1,70,0,1811,905547,69
1,70,0,1812,906047,21
1,70,0,1813,906547,163
1,70,0,1814,907047,227
1,70,0,1815,907547,89
1,70,0,1816,908047,153
1,70,0,1817,908547,245
1,70,0,1818,909047,99
1,70,0,1819,909547,31
1,70,0,1820,910047,211
1,70,0,1821,910547,230
1,70,0,1822,911047,105
1,70,0,1823,911547,55
1,70,0,1824,912047,298
1,70,0,1825,912547,117
1,70,0,1826,913047,41
1,70,0,1827,913547,295
1,70,0,1828,914047,125
1,70,0,1829,914547,45
1,70,0,1830,915047,91
1,70,0,1831,915547,29
1,70,0,1832,916047,5
1,70,0,1833,916547,276
1,70,0,1834,917047,203
1,70,0,1835,917547,77
1,70,0,1836,918047,340
1,70,0,1837,918547,339
1,70,0,1838,919047,133
1,70,0,1839,919547,199
1,70,0,1840,920047,271
1,70,0,1841,920547,105
1,70,0,1842,921047,37
1,70,0,1843,921547,239
1,70,0,1844,922047,93
1,70,0,1845,922547,205
1,70,0,1846,923047,341
1,70,0,1847,923547,182
1,70,0,1848,924047,73
1,70,0,1849,924547,199
1,70,0,1850,925047,76
1,70,0,1851,925547,81
1,70,0,1852,926047,123
1,70,0,1853,926547,95
1,70,0,1854,927047,101
1,70,0,1855,927547,91
1,70,0,1856,928047,171
1,70,0,1857,928547,62
1,70,0,1858,929047,138
1,70,0,1859,929547,217
1,70,0,1860,930047,87
1,70,0,1861,930547,27
1,70,0,1862,931047,51
1,70,0,1863,931547,55
1,70,0,1864,932047,17
1,70,0,1865,932547,0
1,70,0,1866,933047,0
1,70,0,1867,933547,135
1,70,0,1868,934047,48
1,70,0,1869,934547,12
1,70,0,1870,935047,173
1,70,0,1871,935547,69
1,70,0,1872,936047,99
1,70,0,1873,936547,206
1,70,0,1874,937047,88
1,70,0,1875,937547,101
1,70,0,1876,938047,229
1,70,0,1877,938547,89
1,70,0,1878,939047,271
1,70,0,1879,939547,104
1,70,0,1880,940047,424
1,70,0,1881,940547,216
1,70,0,1882,941047,85
1,70,0,1883,941547,171
1,70,0,1884,942047,70
1,70,0,1885,942547,131
1,70,0,1886,943047,236
1,70,0,1887,943547,92
1,70,0,1888,944047,244
1,70,0,1889,944547,107
1,70,0,1890,945047,59
1,70,0,1891,945547,77
1,70,0,1892,946047,25
1,70,0,1893,946547,125
1,70,0,1894,947047,43
1,70,0,1895,947547,47
1,70,0,1896,948047,74
1,70,0,1897,948547,22
1,70,0,1898,949047,166
1,70,0,1899,949547,75
1,70,0,1900,950047,104
1,70,0,1901,950547,217
1,70,0,1902,951047,87
1,70,0,1903,951547,31
1,70,0,1904,952047,7
1,70,0,1905,952547,57
1,70,0,1906,953047,17
1,70,0,1907,953547,213
1,70,0,1908,954047,85
1,70,0,1909,954547,184
1,70,0,1910,955047,236
1,70,0,1911,955547,160
1,70,0,1912,956047,63
1,70,0,1913,956547,343
1,70,0,1914,957047,137
1,70,0,1915,957547,51
1,70,0,1916,958047,133
1,70,0,1917,958547,52
1,70,0,1918,959047,13
1,70,0,1919,959547,0
1,70,0,1920,960047,7
1,70,0,1921,960547,0
1,70,0,1922,961047,77
1,70,0,1923,961547,23
1,70,0,1924,962047,155
1,70,0,1925,962547,71
1,70,0,1926,963047,22
1,70,0,1927,963547,1
1,70,0,1928,964047,17
1,70,0,1929,964547,19
1,70,0,1930,965047,0
1,70,0,1931,965547,0
1,70,0,1932,966047,16
1,70,0,1933,966547,107
1,70,0,1934,967047,37
1,70,0,1935,967547,243
1,70,0,1936,968047,111
1,70,0,1937,968547,39
1,70,0,1938,969047,9
1,70,0,1939,969547,154
1,70,0,1940,970047,62
1,70,0,1941,970547,19
1,70,0,1942,971047,75
1,70,0,1943,971547,59
1,70,0,1944,972047,231
1,70,0,1945,972547,127
1,70,0,1946,973047,45
1,70,0,1947,973547,63
1,70,0,1948,974047,229
1,70,0,1949,974547,99
1,70,0,1950,975047,31
1,70,0,1951,975547,191
1,70,0,1952,976047,74
1,70,0,1953,976547,142
1,70,0,1954,977047,51
1,70,0,1955,977547,59
1,70,0,1956,978047,18
1,70,0,1957,978547,152
1,70,0,1958,979047,56
1,70,0,1959,979547,320
1,70,0,1960,980047,138
1,70,0,1961,980547,50
1,70,0,1962,981047,356
1,70,0,1963,981547,157
1,70,0,1964,982047,57
1,70,0,1965,982547,277
1,70,0,1966,983047,239
1,70,0,1967,983547,93
1,70,0,1968,984047,149
1,70,0,1969,984547,287
1,70,0,1970,985047,123
1,70,0,1971,985547,125
1,70,0,1972,986047,298
1,70,0,1973,986547,117
1,70,0,1974,987047,263
1,70,0,1975,987547,274
1,70,0,1976,988047,107
1,70,0,1977,988547,189
1,70,0,1978,989047,87
1,70,0,1979,989547,140
1,70,0,1980,990047,52
1,70,0,1981,990547,295
1,70,0,1982,991047,216
1,70,0,1983,991547,85
1,70,0,1984,992047,333
1,70,0,1985,992547,155
1,70,0,1986,993047,56
1,70,0,1987,993547,361
1,70,0,1988,994047,147
1,70,0,1989,994547,89
1,70,0,1990,995047,187
1,70,0,1991,995547,85
1,70,0,1992,996047,28
1,70,0,1993,996547,154
1,70,0,1994,997047,56
1,70,0,1995,997547,17
1,70,0,1996,998047,271
1,70,0,1997,998547,111
1,70,0,1998,999047,53
1,70,0,1999,999547,269
# END_WINDOW
# Ready: run=1, valve=70%, rate=2000 Hz, samples=2000. Send any character to record one window.
# CAPTURING
1,70,1,0,54,168
1,70,1,1,547,61
1,70,1,2,1047,124
1,70,1,3,1547,83
1,70,1,4,2047,25
1,70,1,5,2547,210
1,70,1,6,3047,84
1,70,1,7,3547,200
1,70,1,8,4047,209
1,70,1,9,4547,253
1,70,1,10,5047,198
1,70,1,11,5547,76
1,70,1,12,6047,397
1,70,1,13,6547,152
1,70,1,14,7047,55
1,70,1,15,7547,57
1,70,1,16,8047,14
1,70,1,17,8547,11
1,70,1,18,9047,173
1,70,1,19,9547,69
1,70,1,20,10047,43
1,70,1,21,10547,227
1,70,1,22,11047,87
1,70,1,23,11547,69
1,70,1,24,12047,21
1,70,1,25,12547,238
1,70,1,26,13047,155
1,70,1,27,13547,56
1,70,1,28,14047,415
1,70,1,29,14547,203
1,70,1,30,15047,77
1,70,1,31,15547,264
1,70,1,32,16047,103
1,70,1,33,16547,204
1,70,1,34,17047,152
1,70,1,35,17547,103
1,70,1,36,18047,99
1,70,1,37,18547,31
1,70,1,38,19047,121
1,70,1,39,19547,43
1,70,1,40,20047,149
1,70,1,41,20547,190
1,70,1,42,21047,74
1,70,1,43,21547,128
1,70,1,44,22047,45
1,70,1,45,22547,11
1,70,1,46,23047,263
1,70,1,47,23547,149
1,70,1,48,24047,54
1,70,1,49,24547,166
1,70,1,50,25047,141
1,70,1,51,25547,55
1,70,1,52,26047,140
1,70,1,53,26547,51
1,70,1,54,27047,136
1,70,1,55,27547,89
1,70,1,56,28047,28
1,70,1,57,28547,176
1,70,1,58,29047,69
1,70,1,59,29547,115
1,70,1,60,30047,39
1,70,1,61,30547,331
1,70,1,62,31047,151
1,70,1,63,31547,55
1,70,1,64,32047,179
1,70,1,65,32547,69
1,70,1,66,33047,72
1,70,1,67,33547,22
1,70,1,68,34047,248
1,70,1,69,34547,123
1,70,1,70,35047,45
1,70,1,71,35547,329
1,70,1,72,36047,125
1,70,1,73,36547,99
1,70,1,74,37047,261
1,70,1,75,37547,100
1,70,1,76,38047,147
1,70,1,77,38547,95
1,70,1,78,39047,31
1,70,1,79,39547,187
1,70,1,80,40047,71
1,70,1,81,40547,22
1,70,1,82,41047,347
1,70,1,83,41547,135
1,70,1,84,42047,334
1,70,1,85,42547,319
1,70,1,86,43047,123
1,70,1,87,43547,343
1,70,1,88,44047,201
1,70,1,89,44547,75
1,70,1,90,45047,37
1,70,1,91,45547,127
1,70,1,92,46047,209
1,70,1,93,46547,85
1,70,1,94,47047,33
1,70,1,95,47547,244
1,70,1,96,48047,95
1,70,1,97,48547,29
1,70,1,98,49047,5
1,70,1,99,49547,87
1,70,1,100,50047,27
1,70,1,101,50547,87
1,70,1,102,51047,59
1,70,1,103,51547,17
1,70,1,104,52047,187
1,70,1,105,52547,181
1,70,1,106,53047,71
1,70,1,107,53547,21
1,70,1,108,54047,2
1,70,1,109,54547,137
1,70,1,110,55047,47
1,70,1,111,55547,12
1,70,1,112,56047,79
1,70,1,113,56547,92
1,70,1,114,57047,33
1,70,1,115,57547,183
1,70,1,116,58047,73
1,70,1,117,58547,21
1,70,1,118,59047,36
1,70,1,119,59547,203
1,70,1,120,60047,77
1,70,1,121,60547,24
1,70,1,122,61047,231
1,70,1,123,61547,119
1,70,1,124,62047,41
1,70,1,125,62547,207
1,70,1,126,63047,99
1,70,1,127,63547,33
1,70,1,128,64047,205
1,70,1,129,64547,88
1,70,1,130,65047,28
1,70,1,131,65547,4
1,70,1,132,66047,123
1,70,1,133,66547,60
1,70,1,134,67047,185
1,70,1,135,67547,89
1,70,1,136,68047,28
1,70,1,137,68547,77
1,70,1,138,69047,185
1,70,1,139,69547,71
1,70,1,140,70047,155
1,70,1,141,70547,105
1,70,1,142,71047,37
1,70,1,143,71547,7
1,70,1,144,72047,173
1,70,1,145,72547,93
1,70,1,146,73047,47
1,70,1,147,73547,173
1,70,1,148,74047,235
1,70,1,149,74547,108
1,70,1,150,75047,116
1,70,1,151,75547,59
1,70,1,152,76047,233
1,70,1,153,76547,109
1,70,1,154,77047,39
1,70,1,155,77547,7
1,70,1,156,78047,443
1,70,1,157,78547,168
1,70,1,158,79047,62
1,70,1,159,79547,165
1,70,1,160,80047,71
1,70,1,161,80547,21
1,70,1,162,81047,171
1,70,1,163,81547,90
1,70,1,164,82047,28
1,70,1,165,82547,71
1,70,1,166,83047,21
1,70,1,167,83547,1
1,70,1,168,84047,0
1,70,1,169,84547,0
1,70,1,170,85047,0
1,70,1,171,85547,72
1,70,1,172,86047,265
1,70,1,173,86547,107
1,70,1,174,87047,296
1,70,1,175,87547,159
1,70,1,176,88047,62
1,70,1,177,88547,63
1,70,1,178,89047,200
1,70,1,179,89547,75
1,70,1,180,90047,340
1,70,1,181,90547,213
1,70,1,182,91047,83
1,70,1,183,91547,218
1,70,1,184,92047,88
1,70,1,185,92547,55
1,70,1,186,93047,307
1,70,1,187,93547,149
1,70,1,188,94047,295
1,70,1,189,94547,180
1,70,1,190,95047,146
1,70,1,191,95547,365
1,70,1,192,96047,142
1,70,1,193,96547,275
1,70,1,194,97047,235
1,70,1,195,97547,91
1,70,1,196,98047,411
1,70,1,197,98547,157
1,70,1,198,99047,57
1,70,1,199,99547,158
1,70,1,200,100047,71
1,70,1,201,100547,21
1,70,1,202,101047,21
1,70,1,203,101547,175
1,70,1,204,102047,67
1,70,1,205,102547,335
1,70,1,206,103047,189
1,70,1,207,103547,74
1,70,1,208,104047,116
1,70,1,209,104547,93
1,70,1,210,105047,31
1,70,1,211,105547,5
1,70,1,212,106047,277
1,70,1,213,106547,121
1,70,1,214,107047,46
1,70,1,215,107547,287
1,70,1,216,108047,365
1,70,1,217,108547,155
1,70,1,218,109047,168
1,70,1,219,109547,99
1,70,1,220,110047,104
1,70,1,221,110547,37
1,70,1,222,111047,121
1,70,1,223,111547,47
1,70,1,224,112047,11
1,70,1,225,112547,159
1,70,1,226,113047,59
1,70,1,227,113547,18
1,70,1,228,114047,211
1,70,1,229,114547,95
1,70,1,230,115047,31
1,70,1,231,115547,79
1,70,1,232,116047,24
1,70,1,233,116547,2
1,70,1,234,117047,0
1,70,1,235,117547,5
1,70,1,236,118047,93
1,70,1,237,118547,30
1,70,1,238,119047,47
1,70,1,239,119547,313
1,70,1,240,120047,121
1,70,1,241,120547,69
1,70,1,242,121047,234
1,70,1,243,121547,108
1,70,1,244,122047,37
1,70,1,245,122547,122
1,70,1,246,123047,166
1,70,1,247,123547,99
1,70,1,248,124047,171
1,70,1,249,124547,71
1,70,1,250,125047,136
1,70,1,251,125547,89
1,70,1,252,126047,27
1,70,1,253,126547,5
1,70,1,254,127047,0
1,70,1,255,127547,34
1,70,1,256,128047,7
1,70,1,257,128547,29
1,70,1,258,129047,4
1,70,1,259,129547,307
1,70,1,260,130047,126
1,70,1,261,130547,63
1,70,1,262,131047,247
1,70,1,263,131547,95
1,70,1,264,132047,394
1,70,1,265,132547,265
1,70,1,266,133047,102
1,70,1,267,133547,45
1,70,1,268,134047,215
1,70,1,269,134547,84
1,70,1,270,135047,26
1,70,1,271,135547,179
1,70,1,272,136047,85
1,70,1,273,136547,63
1,70,1,274,137047,69
1,70,1,275,137547,431
1,70,1,276,138047,165
1,70,1,277,138547,231
1,70,1,278,139047,103
1,70,1,279,139547,131
1,70,1,280,140047,51
1,70,1,281,140547,168
1,70,1,282,141047,221
1,70,1,283,141547,87
1,70,1,284,142047,347
1,70,1,285,142547,200
1,70,1,286,143047,75
1,70,1,287,143547,231
1,70,1,288,144047,231
1,70,1,289,144547,89
1,70,1,290,145047,155
1,70,1,291,145547,105
1,70,1,292,146047,104
1,70,1,293,146547,33
1,70,1,294,147047,187
1,70,1,295,147547,73
1,70,1,296,148047,173
1,70,1,297,148547,127
1,70,1,298,149047,44
1,70,1,299,149547,189
1,70,1,300,150047,181
1,70,1,301,150547,125
1,70,1,302,151047,95
1,70,1,303,151547,91
1,70,1,304,152047,42
1,70,1,305,152547,55
1,70,1,306,153047,158
1,70,1,307,153547,58
1,70,1,308,154047,227
1,70,1,309,154547,90
1,70,1,310,155047,43
1,70,1,311,155547,157
1,70,1,312,156047,135
1,70,1,313,156547,85
1,70,1,314,157047,231
1,70,1,315,157547,351
1,70,1,316,158047,137
1,70,1,317,158547,518
1,70,1,318,159047,215
1,70,1,319,159547,115
1,70,1,320,160047,70
1,70,1,321,160547,138
1,70,1,322,161047,109
1,70,1,323,161547,199
1,70,1,324,162047,75
1,70,1,325,162547,297
1,70,1,326,163047,150
1,70,1,327,163547,199
1,70,1,328,164047,187
1,70,1,329,164547,95
1,70,1,330,165047,146
1,70,1,331,165547,75
1,70,1,332,166047,23
1,70,1,333,166547,2
1,70,1,334,167047,39
1,70,1,335,167547,454
1,70,1,336,168047,173
1,70,1,337,168547,63
1,70,1,338,169047,263
1,70,1,339,169547,103
1,70,1,340,170047,35
1,70,1,341,170547,287
1,70,1,342,171047,111
1,70,1,343,171547,71
1,70,1,344,172047,174
1,70,1,345,172547,63
1,70,1,346,173047,29
1,70,1,347,173547,267
1,70,1,348,174047,103
1,70,1,349,174547,35
1,70,1,350,175047,135
1,70,1,351,175547,100
1,70,1,352,176047,61
1,70,1,353,176547,313
1,70,1,354,177047,123
1,70,1,355,177547,43
1,70,1,356,178047,173
1,70,1,357,178547,117
1,70,1,358,179047,63
1,70,1,359,179547,20
1,70,1,360,180047,315
1,70,1,361,180547,124
1,70,1,362,181047,43
1,70,1,363,181547,132
1,70,1,364,182047,109
1,70,1,365,182547,79
1,70,1,366,183047,141
1,70,1,367,183547,105
1,70,1,368,184047,100
1,70,1,369,184547,91
1,70,1,370,185047,141
1,70,1,371,185547,188
1,70,1,372,186047,72
1,70,1,373,186547,127
1,70,1,374,187047,56
1,70,1,375,187547,16
1,70,1,376,188047,100
1,70,1,377,188547,108
1,70,1,378,189047,211
1,70,1,379,189547,133
1,70,1,380,190047,158
1,70,1,381,190547,117
1,70,1,382,191047,53
1,70,1,383,191547,260
1,70,1,384,192047,109
1,70,1,385,192547,39
1,70,1,386,193047,217
1,70,1,387,193547,101
1,70,1,388,194047,46
1,70,1,389,194547,173
1,70,1,390,195047,67
1,70,1,391,195547,101
1,70,1,392,196047,155
1,70,1,393,196547,56
1,70,1,394,197047,231
1,70,1,395,197547,107
1,70,1,396,198047,39
1,70,1,397,198547,7
1,70,1,398,199047,117
1,70,1,399,199547,41
1,70,1,400,200047,103
1,70,1,401,200547,159
1,70,1,402,201047,58
1,70,1,403,201547,60
1,70,1,404,202047,90
1,70,1,405,202547,82
1,70,1,406,203047,58
1,70,1,407,203547,75
1,70,1,408,204047,111
1,70,1,409,204547,39
1,70,1,410,205047,155
1,70,1,411,205547,61
1,70,1,412,206047,45
1,70,1,413,206547,221
1,70,1,414,207047,85
1,70,1,415,207547,211
1,70,1,416,208047,82
1,70,1,417,208547,235
1,70,1,418,209047,98
1,70,1,419,209547,33
1,70,1,420,210047,76
1,70,1,421,210547,23
1,70,1,422,211047,107
1,70,1,423,211547,37
1,70,1,424,212047,117
1,70,1,425,212547,53
1,70,1,426,213047,13
1,70,1,427,213547,93
1,70,1,428,214047,115
1,70,1,429,214547,39
1,70,1,430,215047,281
1,70,1,431,215547,109
1,70,1,432,216047,39
1,70,1,433,216547,157
1,70,1,434,217047,57
1,70,1,435,217547,167
1,70,1,436,218047,152
1,70,1,437,218547,55
1,70,1,438,219047,28
1,70,1,439,219547,73
1,70,1,440,220047,22
1,70,1,441,220547,3
1,70,1,442,221047,223
1,70,1,443,221547,87
1,70,1,444,222047,205
1,70,1,445,222547,339
1,70,1,446,223047,127
1,70,1,447,223547,278
1,70,1,448,224047,191
1,70,1,449,224547,75
1,70,1,450,225047,23
1,70,1,451,225547,247
1,70,1,452,226047,141
1,70,1,453,226547,51
1,70,1,454,227047,463
1,70,1,455,227547,231
1,70,1,456,228047,91
1,70,1,457,228547,393
1,70,1,458,229047,236
1,70,1,459,229547,91
1,70,1,460,230047,110
1,70,1,461,230547,38
1,70,1,462,231047,223
1,70,1,463,231547,86
1,70,1,464,232047,28
1,70,1,465,232547,71
1,70,1,466,233047,133
1,70,1,467,233547,47
1,70,1,468,234047,237
1,70,1,469,234547,124
1,70,1,470,235047,45
1,70,1,471,235547,264
1,70,1,472,236047,170
1,70,1,473,236547,63
1,70,1,474,237047,467
1,70,1,475,237547,245
1,70,1,476,238047,96
1,70,1,477,238547,173
1,70,1,478,239047,107
1,70,1,479,239547,38
1,70,1,480,240047,175
1,70,1,481,240547,69
1,70,1,482,241047,20
1,70,1,483,241547,1
1,70,1,484,242047,110
1,70,1,485,242547,54
1,70,1,486,243047,77
1,70,1,487,243547,23
1,70,1,488,244047,408
1,70,1,489,244547,164
1,70,1,490,245047,64
1,70,1,491,245547,264
1,70,1,492,246047,102
1,70,1,493,246547,30
1,70,1,494,247047,253
1,70,1,495,247547,99
1,70,1,496,248047,63
1,70,1,497,248547,286
1,70,1,498,249047,116
1,70,1,499,249547,173
1,70,1,500,250047,119
1,70,1,501,250547,205
1,70,1,502,251047,77
1,70,1,503,251547,150
1,70,1,504,252047,100
1,70,1,505,252547,31
1,70,1,506,253047,147
1,70,1,507,253547,60
1,70,1,508,254047,18
1,70,1,509,254547,150
1,70,1,510,255047,109
1,70,1,511,255547,38
1,70,1,512,256047,183
1,70,1,513,256547,167
1,70,1,514,257047,61
1,70,1,515,257547,18
1,70,1,516,258047,0
1,70,1,517,258547,102
1,70,1,518,259047,112
1,70,1,519,259547,230
1,70,1,520,260047,89
1,70,1,521,260547,362
1,70,1,522,261047,167
1,70,1,523,261547,137
1,70,1,524,262047,61
1,70,1,525,262547,292
1,70,1,526,263047,115
1,70,1,527,263547,454
1,70,1,528,264047,300
1,70,1,529,264547,117
1,70,1,530,265047,613
1,70,1,531,265547,232
1,70,1,532,266048,152
1,70,1,533,266547,99
1,70,1,534,267047,35
1,70,1,535,267547,24
1,70,1,536,268047,115
1,70,1,537,268547,40
1,70,1,538,269047,8
1,70,1,539,269547,57
1,70,1,540,270047,18
1,70,1,541,270547,7
1,70,1,542,271047,5
1,70,1,543,271547,41
1,70,1,544,272047,191
1,70,1,545,272547,79
1,70,1,546,273047,140
1,70,1,547,273547,235
1,70,1,548,274047,123
1,70,1,549,274547,44
1,70,1,550,275047,140
1,70,1,551,275547,51
1,70,1,552,276047,13
1,70,1,553,276547,238
1,70,1,554,277047,166
1,70,1,555,277547,63
1,70,1,556,278047,333
1,70,1,557,278547,153
1,70,1,558,279047,187
1,70,1,559,279547,173
1,70,1,560,280047,253
1,70,1,561,280547,105
1,70,1,562,281047,295
1,70,1,563,281547,119
1,70,1,564,282047,43
1,70,1,565,282547,63
1,70,1,566,283047,42
1,70,1,567,283547,9
1,70,1,568,284047,0
1,70,1,569,284547,190
1,70,1,570,285047,73
1,70,1,571,285547,190
1,70,1,572,286047,115
1,70,1,573,286547,39
1,70,1,574,287047,94
1,70,1,575,287547,31
1,70,1,576,288047,6
1,70,1,577,288547,39
1,70,1,578,289047,8
1,70,1,579,289547,79
1,70,1,580,290047,46
1,70,1,581,290547,199
1,70,1,582,291047,186
1,70,1,583,291547,77
1,70,1,584,292047,267
1,70,1,585,292547,133
1,70,1,586,293047,207
1,70,1,587,293547,203
1,70,1,588,294047,77
1,70,1,589,294547,126
1,70,1,590,295047,123
1,70,1,591,295547,71
1,70,1,592,296047,21
1,70,1,593,296547,87
1,70,1,594,297047,28
1,70,1,595,297547,69
1,70,1,596,298047,21
1,70,1,597,298547,120
1,70,1,598,299047,143
1,70,1,599,299547,53
1,70,1,600,300047,87
1,70,1,601,300547,31
1,70,1,602,301047,6
1,70,1,603,301547,231
1,70,1,604,302047,90
1,70,1,605,302547,29
1,70,1,606,303047,174
1,70,1,607,303547,67
1,70,1,608,304047,69
1,70,1,609,304547,285
1,70,1,610,305047,111
1,70,1,611,305547,72
1,70,1,612,306047,206
1,70,1,613,306547,78
1,70,1,614,307047,23
1,70,1,615,307547,276
1,70,1,616,308047,140
1,70,1,617,308547,51
1,70,1,618,309047,281
1,70,1,619,309547,118
1,70,1,620,310047,221
1,70,1,621,310547,213
1,70,1,622,311047,184
1,70,1,623,311547,356
1,70,1,624,312047,137
1,70,1,625,312547,205
1,70,1,626,313047,180
1,70,1,627,313547,71
1,70,1,628,314047,252
1,70,1,629,314547,99
1,70,1,630,315047,31
1,70,1,631,315547,6
1,70,1,632,316047,9
1,70,1,633,316547,22
1,70,1,634,317047,2
1,70,1,635,317547,0
1,70,1,636,318047,333
1,70,1,637,318547,170
1,70,1,638,319047,63
1,70,1,639,319547,423
1,70,1,640,320047,167
1,70,1,641,320547,61
1,70,1,642,321047,173
1,70,1,643,321547,67
1,70,1,644,322047,20
1,70,1,645,322547,139
1,70,1,646,323047,91
1,70,1,647,323547,87
1,70,1,648,324047,334
1,70,1,649,324547,201
1,70,1,650,325047,174
1,70,1,651,325547,287
1,70,1,652,326047,226
1,70,1,653,326547,89
1,70,1,654,327047,28
1,70,1,655,327547,135
1,70,1,656,328047,61
1,70,1,657,328547,19
1,70,1,658,329047,0
1,70,1,659,329547,45
1,70,1,660,330047,222
1,70,1,661,330547,87
1,70,1,662,331047,120
1,70,1,663,331547,235
1,70,1,664,332047,91
1,70,1,665,332547,29
1,70,1,666,333047,271
1,70,1,667,333547,107
1,70,1,668,334047,38
1,70,1,669,334547,181
1,70,1,670,335047,123
1,70,1,671,335547,43
1,70,1,672,336047,281
1,70,1,673,336547,137
1,70,1,674,337047,83
1,70,1,675,337547,275
1,70,1,676,338047,111
1,70,1,677,338547,213
1,70,1,678,339047,104
1,70,1,679,339547,61
1,70,1,680,340047,117
1,70,1,681,340547,175
1,70,1,682,341047,69
1,70,1,683,341547,236
1,70,1,684,342047,159
1,70,1,685,342547,59
1,70,1,686,343047,332
1,70,1,687,343547,171
1,70,1,688,344047,63
1,70,1,689,344547,217
1,70,1,690,345047,139
1,70,1,691,345547,51
1,70,1,692,346047,78
1,70,1,693,346547,138
1,70,1,694,347047,51
1,70,1,695,347547,141
1,70,1,696,348047,189
1,70,1,697,348547,91
1,70,1,698,349047,33
1,70,1,699,349547,155
1,70,1,700,350047,59
1,70,1,701,350547,219
1,70,1,702,351047,121
1,70,1,703,351547,57
1,70,1,704,352047,273
1,70,1,705,352547,243
1,70,1,706,353047,93
1,70,1,707,353547,365
1,70,1,708,354047,244
1,70,1,709,354547,93
1,70,1,710,355047,252
1,70,1,711,355547,110
1,70,1,712,356047,38
1,70,1,713,356547,299
1,70,1,714,357047,198
1,70,1,715,357547,75
1,70,1,716,358047,37
1,70,1,717,358547,171
1,70,1,718,359047,61
1,70,1,719,359547,20
1,70,1,720,360047,1
1,70,1,721,360547,188
1,70,1,722,361047,73
1,70,1,723,361547,21
1,70,1,724,362047,3
1,70,1,725,362547,0
1,70,1,726,363047,120
1,70,1,727,363547,187
1,70,1,728,364047,72
1,70,1,729,364547,88
1,70,1,730,365047,125
1,70,1,731,365547,43
1,70,1,732,366047,51
1,70,1,733,366547,12
1,70,1,734,367047,199
1,70,1,735,367547,85
1,70,1,736,368047,27
1,70,1,737,368547,83
1,70,1,738,369047,29
1,70,1,739,369547,125
1,70,1,740,370047,179
1,70,1,741,370547,68
1,70,1,742,371047,279
1,70,1,743,371547,137
1,70,1,744,372047,47
1,70,1,745,372547,265
1,70,1,746,373047,171
1,70,1,747,373547,63
1,70,1,748,374047,35
1,70,1,749,374547,283
1,70,1,750,375047,109
1,70,1,751,375547,39
1,70,1,752,376047,8
1,70,1,753,376547,120
1,70,1,754,377047,41
1,70,1,755,377547,116
1,70,1,756,378047,39
1,70,1,757,378547,7
1,70,1,758,379047,81
1,70,1,759,379547,24
1,70,1,760,380047,148
1,70,1,761,380547,135
1,70,1,762,381047,48
1,70,1,763,381547,141
1,70,1,764,382047,52
1,70,1,765,382547,73
1,70,1,766,383047,20
1,70,1,767,383547,3
1,70,1,768,384047,294
1,70,1,769,384547,155
1,70,1,770,385047,57
1,70,1,771,385547,110
1,70,1,772,386047,432
1,70,1,773,386547,167
1,70,1,774,387047,61
1,70,1,775,387547,283
1,70,1,776,388047,111
1,70,1,777,388547,37
1,70,1,778,389047,91
1,70,1,779,389547,103
1,70,1,780,390047,35
1,70,1,781,390547,181
1,70,1,782,391047,264
1,70,1,783,391547,101
1,70,1,784,392047,236
1,70,1,785,392547,93
1,70,1,786,393047,159
1,70,1,787,393547,99
1,70,1,788,394047,221
1,70,1,789,394547,103
1,70,1,790,395047,45
1,70,1,791,395547,299
1,70,1,792,396047,117
1,70,1,793,396547,299
1,70,1,794,397047,136
1,70,1,795,397547,46
1,70,1,796,398047,261
1,70,1,797,398547,147
1,70,1,798,399047,277
1,70,1,799,399547,151
1,70,1,800,400047,234
1,70,1,801,400547,115
1,70,1,802,401047,141
1,70,1,803,401547,117
1,70,1,804,402047,175
1,70,1,805,402547,69
1,70,1,806,403047,179
1,70,1,807,403547,71
1,70,1,808,404047,21
1,70,1,809,404547,53
1,70,1,810,405047,120
1,70,1,811,405547,133
1,70,1,812,406047,409
1,70,1,813,406547,179
1,70,1,814,407047,184
1,70,1,815,407547,164
1,70,1,816,408047,61
1,70,1,817,408547,147
1,70,1,818,409048,105
1,70,1,819,409547,37
1,70,1,820,410047,219
1,70,1,821,410547,279
1,70,1,822,411047,107
1,70,1,823,411547,493
1,70,1,824,412047,264
1,70,1,825,412547,103
1,70,1,826,413047,381
1,70,1,827,413547,156
1,70,1,828,414047,57
1,70,1,829,414547,368
1,70,1,830,415047,153
1,70,1,831,415547,57
1,70,1,832,416047,17
1,70,1,833,416547,117
1,70,1,834,417047,41
1,70,1,835,417547,9
1,70,1,836,418047,308
1,70,1,837,418547,119
1,70,1,838,419047,43
1,70,1,839,419547,84
1,70,1,840,420047,26
1,70,1,841,420547,278
1,70,1,842,421047,292
1,70,1,843,421547,112
1,70,1,844,422047,159
1,70,1,845,422547,119
1,70,1,846,423047,41
1,70,1,847,423547,210
1,70,1,848,424047,79
1,70,1,849,424547,45
1,70,1,850,425047,109
1,70,1,851,425547,37
1,70,1,852,426047,94
1,70,1,853,426547,31
1,70,1,854,427047,216
1,70,1,855,427547,119
1,70,1,856,428047,42
1,70,1,857,428547,169
1,70,1,858,429047,245
1,70,1,859,429547,95
1,70,1,860,430047,137
1,70,1,861,430547,50
1,70,1,862,431047,207
1,70,1,863,431547,78
1,70,1,864,432047,84
1,70,1,865,432547,73
1,70,1,866,433047,21
1,70,1,867,433547,107
1,70,1,868,434047,149
1,70,1,869,434547,52
1,70,1,870,435047,31
1,70,1,871,435547,136
1,70,1,872,436047,47
1,70,1,873,436547,115
1,70,1,874,437047,42
1,70,1,875,437547,41
1,70,1,876,438047,237
1,70,1,877,438547,93
1,70,1,878,439047,41
1,70,1,879,439547,234
1,70,1,880,440047,90
1,70,1,881,440547,141
1,70,1,882,441047,55
1,70,1,883,441547,539
1,70,1,884,442047,226
1,70,1,885,442547,87
1,70,1,886,443047,316
1,70,1,887,443547,367
1,70,1,888,444047,141
1,70,1,889,444547,333
1,70,1,890,445047,339
1,70,1,891,445547,127
1,70,1,892,446047,47
1,70,1,893,446547,395
1,70,1,894,447047,155
1,70,1,895,447547,59
1,70,1,896,448047,298
1,70,1,897,448547,118
1,70,1,898,449047,405
1,70,1,899,449547,185
1,70,1,900,450047,107
1,70,1,901,450547,150
1,70,1,902,451047,55
1,70,1,903,451547,16
1,70,1,904,452047,0
1,70,1,905,452547,67
1,70,1,906,453047,19
1,70,1,907,453547,182
1,70,1,908,454047,71
1,70,1,909,454547,156
1,70,1,910,455047,143
1,70,1,911,455547,52
1,70,1,912,456047,188
1,70,1,913,456547,155
1,70,1,914,457047,176
1,70,1,915,457547,116
1,70,1,916,458047,111
1,70,1,917,458547,211
1,70,1,918,459047,99
1,70,1,919,459547,35
1,70,1,920,460047,159
1,70,1,921,460547,58
1,70,1,922,461047,348
1,70,1,923,461547,141
1,70,1,924,462047,155
1,70,1,925,462547,267
1,70,1,926,463047,136
1,70,1,927,463547,48
1,70,1,928,464047,207
1,70,1,929,464547,205
1,70,1,930,465047,79
1,70,1,931,465547,217
1,70,1,932,466047,89
1,70,1,933,466547,29
1,70,1,934,467047,69
1,70,1,935,467547,135
1,70,1,936,468047,47
1,70,1,937,468547,51
1,70,1,938,469047,87
1,70,1,939,469547,27
1,70,1,940,470047,151
1,70,1,941,470547,69
1,70,1,942,471047,20
1,70,1,943,471547,1
1,70,1,944,472047,158
1,70,1,945,472547,84
1,70,1,946,473047,27
1,70,1,947,473547,309
1,70,1,948,474047,119
1,70,1,949,474547,99
1,70,1,950,475047,302
1,70,1,951,475547,137
1,70,1,952,476047,140
1,70,1,953,476547,101
1,70,1,954,477047,99
1,70,1,955,477547,142
1,70,1,956,478047,73
1,70,1,957,478547,47
1,70,1,958,479047,35
1,70,1,959,479547,27
1,70,1,960,480047,6
1,70,1,961,480547,7
1,70,1,962,481047,0
1,70,1,963,481547,0
1,70,1,964,482047,0
1,70,1,965,482547,223
1,70,1,966,483047,91
1,70,1,967,483547,30
1,70,1,968,484047,205
1,70,1,969,484547,77
1,70,1,970,485047,221
1,70,1,971,485547,265
1,70,1,972,486047,103
1,70,1,973,486547,288
1,70,1,974,487047,147
1,70,1,975,487547,53
1,70,1,976,488047,16
1,70,1,977,488547,0
1,70,1,978,489047,160
1,70,1,979,489547,59
1,70,1,980,490047,377
1,70,1,981,490547,165
1,70,1,982,491047,91
1,70,1,983,491547,327
1,70,1,984,492047,123
1,70,1,985,492547,139
1,70,1,986,493047,139
1,70,1,987,493547,51
1,70,1,988,494047,231
1,70,1,989,494547,109
1,70,1,990,495047,39
1,70,1,991,495547,9
1,70,1,992,496047,263
1,70,1,993,496547,103
1,70,1,994,497047,45
1,70,1,995,497547,27
1,70,1,996,498047,165
1,70,1,997,498547,135
1,70,1,998,499047,47
1,70,1,999,499547,59
1,70,1,1000,500047,23
1,70,1,1001,500547,4
1,70,1,1002,501047,124
1,70,1,1003,501547,43
1,70,1,1004,502047,141
1,70,1,1005,502547,101
1,70,1,1006,503047,31
1,70,1,1007,503547,106
1,70,1,1008,504047,269
1,70,1,1009,504547,135
1,70,1,1010,505047,46
1,70,1,1011,505547,276
1,70,1,1012,506047,143
1,70,1,1013,506547,53
1,70,1,1014,507047,184
1,70,1,1015,507547,277
1,70,1,1016,508047,119
1,70,1,1017,508547,104
1,70,1,1018,509047,103
1,70,1,1019,509547,107
1,70,1,1020,510047,39
1,70,1,1021,510547,7
1,70,1,1022,511047,219
1,70,1,1023,511547,95
1,70,1,1024,512047,30
1,70,1,1025,512547,301
1,70,1,1026,513047,149
1,70,1,1027,513547,54
1,70,1,1028,514047,247
1,70,1,1029,514547,99
1,70,1,1030,515047,31
1,70,1,1031,515547,6
1,70,1,1032,516047,0
1,70,1,1033,516547,0
1,70,1,1034,517047,167
1,70,1,1035,517547,70
1,70,1,1036,518047,21
1,70,1,1037,518547,253
1,70,1,1038,519047,117
1,70,1,1039,519547,40
1,70,1,1040,520047,76
1,70,1,1041,520547,55
1,70,1,1042,521047,275
1,70,1,1043,521547,179
1,70,1,1044,522047,70
1,70,1,1045,522547,302
1,70,1,1046,523047,152
1,70,1,1047,523547,55
1,70,1,1048,524047,223
1,70,1,1049,524547,87
1,70,1,1050,525047,27
1,70,1,1051,525547,233
1,70,1,1052,526047,89
1,70,1,1053,526547,111
1,70,1,1054,527047,41
1,70,1,1055,527547,295
1,70,1,1056,528047,115
1,70,1,1057,528547,331
1,70,1,1058,529047,171
1,70,1,1059,529547,63
1,70,1,1060,530047,137
1,70,1,1061,530547,170
1,70,1,1062,531047,67
1,70,1,1063,531547,23
1,70,1,1064,532047,237
1,70,1,1065,532547,93
1,70,1,1066,533047,35
1,70,1,1067,533547,179
1,70,1,1068,534047,99
1,70,1,1069,534547,54
1,70,1,1070,535047,206
1,70,1,1071,535547,83
1,70,1,1072,536047,140
1,70,1,1073,536547,366
1,70,1,1074,537047,163
1,70,1,1075,537547,59
1,70,1,1076,538047,371
1,70,1,1077,538547,157
1,70,1,1078,539047,57
1,70,1,1079,539547,325
1,70,1,1080,540047,125
1,70,1,1081,540547,157
1,70,1,1082,541047,253
1,70,1,1083,541547,511
1,70,1,1084,542047,216
1,70,1,1085,542547,334
1,70,1,1086,543047,303
1,70,1,1087,543547,118
1,70,1,1088,544047,99
1,70,1,1089,544547,220
1,70,1,1090,545047,91
1,70,1,1091,545547,50
1,70,1,1092,546047,291
1,70,1,1093,546547,112
1,70,1,1094,547047,295
1,70,1,1095,547547,219
1,70,1,1096,548047,85
1,70,1,1097,548547,183
1,70,1,1098,549047,157
1,70,1,1099,549547,57
1,70,1,1100,550047,183
1,70,1,1101,550547,75
1,70,1,1102,551047,61
1,70,1,1103,551547,233
1,70,1,1104,552047,106
1,70,1,1105,552547,37
1,70,1,1106,553047,361
1,70,1,1107,553547,216
1,70,1,1108,554047,85
1,70,1,1109,554547,56
1,70,1,1110,555047,343
1,70,1,1111,555547,139
1,70,1,1112,556047,59
1,70,1,1113,556547,313
1,70,1,1114,557047,121
1,70,1,1115,557547,47
1,70,1,1116,558047,90
1,70,1,1117,558547,75
1,70,1,1118,559047,159
1,70,1,1119,559547,59
1,70,1,1120,560047,147
1,70,1,1121,560547,199
1,70,1,1122,561047,77
1,70,1,1123,561547,25
1,70,1,1124,562047,125
1,70,1,1125,562547,44
1,70,1,1126,563047,287
1,70,1,1127,563547,201
1,70,1,1128,564047,77
1,70,1,1129,564547,94
1,70,1,1130,565047,33
1,70,1,1131,565547,96
1,70,1,1132,566047,29
1,70,1,1133,566547,277
1,70,1,1134,567047,149
1,70,1,1135,567547,55
1,70,1,1136,568047,472
1,70,1,1137,568547,201
1,70,1,1138,569047,77
1,70,1,1139,569547,187
1,70,1,1140,570047,75
1,70,1,1141,570547,24
1,70,1,1142,571047,100
1,70,1,1143,571547,75
1,70,1,1144,572047,239
1,70,1,1145,572547,209
1,70,1,1146,573047,287
1,70,1,1147,573547,111
1,70,1,1148,574047,635
1,70,1,1149,574547,297
1,70,1,1150,575047,116
1,70,1,1151,575547,375
1,70,1,1152,576047,151
1,70,1,1153,576547,55
1,70,1,1154,577047,318
1,70,1,1155,577547,141
1,70,1,1156,578047,51
1,70,1,1157,578547,485
1,70,1,1158,579047,250
1,70,1,1159,579547,99
1,70,1,1160,580047,311
1,70,1,1161,580547,127
1,70,1,1162,581047,45
1,70,1,1163,581547,141
1,70,1,1164,582047,219
1,70,1,1165,582547,87
1,70,1,1166,583047,79
1,70,1,1167,583547,146
1,70,1,1168,584047,53
1,70,1,1169,584547,13
1,70,1,1170,585047,178
1,70,1,1171,585547,69
1,70,1,1172,586047,54
1,70,1,1173,586547,203
1,70,1,1174,587047,77
1,70,1,1175,587547,95
1,70,1,1176,588047,276
1,70,1,1177,588547,107
1,70,1,1178,589047,169
1,70,1,1179,589547,135
1,70,1,1180,590047,179
1,70,1,1181,590547,145
1,70,1,1182,591047,52
1,70,1,1183,591547,13
1,70,1,1184,592047,184
1,70,1,1185,592547,109
1,70,1,1186,593047,38
1,70,1,1187,593547,203
1,70,1,1188,594047,127
1,70,1,1189,594547,88
1,70,1,1190,595047,105
1,70,1,1191,595547,153
1,70,1,1192,596047,55
1,70,1,1193,596547,158
1,70,1,1194,597047,59
1,70,1,1195,597547,17
1,70,1,1196,598047,1
1,70,1,1197,598547,3
1,70,1,1198,599047,101
1,70,1,1199,599547,393
1,70,1,1200,600047,246
1,70,1,1201,600547,95
1,70,1,1202,601047,405
1,70,1,1203,601547,169
1,70,1,1204,602047,62
1,70,1,1205,602547,239
1,70,1,1206,603047,93
1,70,1,1207,603547,201
1,70,1,1208,604047,103
1,70,1,1209,604547,35
1,70,1,1210,605047,235
1,70,1,1211,605547,139
1,70,1,1212,606047,299
1,70,1,1213,606547,168
1,70,1,1214,607047,83
1,70,1,1215,607547,219
1,70,1,1216,608047,85
1,70,1,1217,608547,339
1,70,1,1218,609047,192
1,70,1,1219,609547,125
1,70,1,1220,610047,44
1,70,1,1221,610547,239
1,70,1,1222,611047,227
1,70,1,1223,611547,88
1,70,1,1224,612047,27
1,70,1,1225,612547,5
1,70,1,1226,613047,0
1,70,1,1227,613547,169
1,70,1,1228,614047,110
1,70,1,1229,614547,39
1,70,1,1230,615047,286
1,70,1,1231,615547,197
1,70,1,1232,616047,75
1,70,1,1233,616547,243
1,70,1,1234,617047,151
1,70,1,1235,617547,56
1,70,1,1236,618047,159
1,70,1,1237,618547,103
1,70,1,1238,619047,37
1,70,1,1239,619547,7
1,70,1,1240,620047,327
1,70,1,1241,620547,229
1,70,1,1242,621047,182
1,70,1,1243,621547,229
1,70,1,1244,622047,453
1,70,1,1245,622547,180
1,70,1,1246,623047,183
1,70,1,1247,623547,101
1,70,1,1248,624047,33
1,70,1,1249,624547,6
1,70,1,1250,625047,79
1,70,1,1251,625547,25
1,70,1,1252,626047,121
1,70,1,1253,626547,43
1,70,1,1254,627047,467
1,70,1,1255,627547,184
1,70,1,1256,628047,71
1,70,1,1257,628547,360
1,70,1,1258,629047,157
1,70,1,1259,629547,59
1,70,1,1260,630047,175
1,70,1,1261,630547,228
1,70,1,1262,631047,120
1,70,1,1263,631547,51
1,70,1,1264,632047,115
1,70,1,1265,632547,40
1,70,1,1266,633047,8
1,70,1,1267,633547,9
1,70,1,1268,634047,149
1,70,1,1269,634547,53
1,70,1,1270,635047,263
1,70,1,1271,635547,123
1,70,1,1272,636047,123
1,70,1,1273,636547,154
1,70,1,1274,637047,92
1,70,1,1275,637547,45
1,70,1,1276,638047,115
1,70,1,1277,638547,57
1,70,1,1278,639047,17
1,70,1,1279,639547,0
1,70,1,1280,640047,0
1,70,1,1281,640547,77
1,70,1,1282,641047,23
1,70,1,1283,641547,3
1,70,1,1284,642047,11
1,70,1,1285,642547,55
1,70,1,1286,643047,20
1,70,1,1287,643547,1
1,70,1,1288,644047,58
1,70,1,1289,644547,83
1,70,1,1290,645047,25
1,70,1,1291,645547,278
1,70,1,1292,646047,189
1,70,1,1293,646547,73
1,70,1,1294,647047,118
1,70,1,1295,647547,41
1,70,1,1296,648047,59
1,70,1,1297,648547,17
1,70,1,1298,649047,90
1,70,1,1299,649547,30
1,70,1,1300,650047,5
1,70,1,1301,650547,56
1,70,1,1302,651047,47
1,70,1,1303,651547,107
1,70,1,1304,652047,111
1,70,1,1305,652547,39
1,70,1,1306,653047,249
1,70,1,1307,653547,108
1,70,1,1308,654047,38
1,70,1,1309,654547,57
1,70,1,1310,655047,23
1,70,1,1311,655547,2
1,70,1,1312,656047,317
1,70,1,1313,656547,135
1,70,1,1314,657047,47
1,70,1,1315,657547,425
1,70,1,1316,658047,183
1,70,1,1317,658547,73
1,70,1,1318,659047,171
1,70,1,1319,659547,63
1,70,1,1320,660047,19
1,70,1,1321,660547,59
1,70,1,1322,661047,18
1,70,1,1323,661547,101
1,70,1,1324,662047,34
1,70,1,1325,662547,87
1,70,1,1326,663047,124
1,70,1,1327,663547,248
1,70,1,1328,664047,95
1,70,1,1329,664547,116
1,70,1,1330,665047,115
1,70,1,1331,665547,249
1,70,1,1332,666047,184
1,70,1,1333,666547,78
1,70,1,1334,667047,359
1,70,1,1335,667547,221
1,70,1,1336,668047,85
1,70,1,1337,668547,132
1,70,1,1338,669047,47
1,70,1,1339,669547,24
1,70,1,1340,670047,67
1,70,1,1341,670547,36
1,70,1,1342,671047,20
1,70,1,1343,671547,181
1,70,1,1344,672047,70
1,70,1,1345,672547,239
1,70,1,1346,673047,149
1,70,1,1347,673547,55
1,70,1,1348,674047,219
1,70,1,1349,674547,82
1,70,1,1350,675047,416
1,70,1,1351,675547,163
1,70,1,1352,676047,59
1,70,1,1353,676547,255
1,70,1,1354,677047,183
1,70,1,1355,677547,72
1,70,1,1356,678047,126
1,70,1,1357,678547,203
1,70,1,1358,679047,77
1,70,1,1359,679547,135
1,70,1,1360,680047,283
1,70,1,1361,680547,123
1,70,1,1362,681047,44
1,70,1,1363,681547,316
1,70,1,1364,682047,124
1,70,1,1365,682547,43
1,70,1,1366,683047,221
1,70,1,1367,683547,99
1,70,1,1368,684047,31
1,70,1,1369,684547,55
1,70,1,1370,685047,217
1,70,1,1371,685547,85
1,70,1,1372,686047,359
1,70,1,1373,686547,139
1,70,1,1374,687047,199
1,70,1,1375,687547,153
1,70,1,1376,688047,55
1,70,1,1377,688547,221
1,70,1,1378,689047,105
1,70,1,1379,689547,37
1,70,1,1380,690047,123
1,70,1,1381,690547,43
1,70,1,1382,691047,10
1,70,1,1383,691547,87
1,70,1,1384,692047,29
1,70,1,1385,692547,367
1,70,1,1386,693047,142
1,70,1,1387,693547,363
1,70,1,1388,694047,149
1,70,1,1389,694547,53
1,70,1,1390,695047,111
1,70,1,1391,695547,245
1,70,1,1392,696047,108
1,70,1,1393,696547,43
1,70,1,1394,697047,339
1,70,1,1395,697547,138
1,70,1,1396,698047,47
1,70,1,1397,698547,179
1,70,1,1398,699047,72
1,70,1,1399,699547,22
1,70,1,1400,700047,91
1,70,1,1401,700547,27
1,70,1,1402,701047,5
1,70,1,1403,701547,135
1,70,1,1404,702047,251
1,70,1,1405,702547,99
1,70,1,1406,703047,33
1,70,1,1407,703547,213
1,70,1,1408,704047,107
1,70,1,1409,704547,38
1,70,1,1410,705047,391
1,70,1,1411,705547,159
1,70,1,1412,706047,59
1,70,1,1413,706547,250
1,70,1,1414,707047,101
1,70,1,1415,707547,147
1,70,1,1416,708047,83
1,70,1,1417,708547,21
1,70,1,1418,709047,154
1,70,1,1419,709547,143
1,70,1,1420,710047,404
1,70,1,1421,710547,167
1,70,1,1422,711047,245
1,70,1,1423,711547,268
1,70,1,1424,712047,106
1,70,1,1425,712547,36
1,70,1,1426,713047,223
1,70,1,1427,713547,87
1,70,1,1428,714047,91
1,70,1,1429,714547,83
1,70,1,1430,715047,25
1,70,1,1431,715547,93
1,70,1,1432,716047,99
1,70,1,1433,716547,31
1,70,1,1434,717047,135
1,70,1,1435,717547,215
1,70,1,1436,718047,107
1,70,1,1437,718547,37
1,70,1,1438,719047,311
1,70,1,1439,719547,222
1,70,1,1440,720047,87
1,70,1,1441,720547,45
1,70,1,1442,721047,123
1,70,1,1443,721547,42
1,70,1,1444,722047,203
1,70,1,1445,722547,139
1,70,1,1446,723047,122
1,70,1,1447,723547,75
1,70,1,1448,724047,356
1,70,1,1449,724547,160
1,70,1,1450,725047,249
1,70,1,1451,725547,104
1,70,1,1452,726047,357
1,70,1,1453,726547,156
1,70,1,1454,727047,58
1,70,1,1455,727547,219
1,70,1,1456,728047,85
1,70,1,1457,728547,109
1,70,1,1458,729047,121
1,70,1,1459,729547,42
1,70,1,1460,730047,9
1,70,1,1461,730547,365
1,70,1,1462,731047,197
1,70,1,1463,731547,77
1,70,1,1464,732047,263
1,70,1,1465,732547,123
1,70,1,1466,733047,62
1,70,1,1467,733547,81
1,70,1,1468,734047,152
1,70,1,1469,734547,54
1,70,1,1470,735047,183
1,70,1,1471,735547,71
1,70,1,1472,736047,118
1,70,1,1473,736547,105
1,70,1,1474,737047,133
1,70,1,1475,737547,101
1,70,1,1476,738047,287
1,70,1,1477,738547,137
1,70,1,1478,739047,47
1,70,1,1479,739547,303
1,70,1,1480,740047,141
1,70,1,1481,740547,54
1,70,1,1482,741047,283
1,70,1,1483,741547,135
1,70,1,1484,742047,45
1,70,1,1485,742547,236
1,70,1,1486,743047,93
1,70,1,1487,743547,29
1,70,1,1488,744047,5
1,70,1,1489,744547,125
1,70,1,1490,745047,44
1,70,1,1491,745547,174
1,70,1,1492,746047,169
1,70,1,1493,746547,62
1,70,1,1494,747047,229
1,70,1,1495,747547,154
1,70,1,1496,748047,72
1,70,1,1497,748547,187
1,70,1,1498,749047,149
1,70,1,1499,749547,54
1,70,1,1500,750047,17
1,70,1,1501,750547,8
1,70,1,1502,751047,0
1,70,1,1503,751547,143
1,70,1,1504,752047,53
1,70,1,1505,752547,12
1,70,1,1506,753047,156
1,70,1,1507,753547,181
1,70,1,1508,754047,69
1,70,1,1509,754547,277
1,70,1,1510,755047,167
1,70,1,1511,755547,68
1,70,1,1512,756047,237
1,70,1,1513,756547,91
1,70,1,1514,757047,103
1,70,1,1515,757547,53
1,70,1,1516,758047,25
1,70,1,1517,758547,295
1,70,1,1518,759047,115
1,70,1,1519,759547,309
1,70,1,1520,760047,190
1,70,1,1521,760547,75
1,70,1,1522,761047,205
1,70,1,1523,761547,83
1,70,1,1524,762047,153
1,70,1,1525,762547,183
1,70,1,1526,763047,70
1,70,1,1527,763547,21
1,70,1,1528,764047,2
1,70,1,1529,764547,147
1,70,1,1530,765047,53
1,70,1,1531,765547,167
1,70,1,1532,766047,77
1,70,1,1533,766547,25
1,70,1,1534,767047,37
1,70,1,1535,767547,7
1,70,1,1536,768047,151
1,70,1,1537,768547,83
1,70,1,1538,769047,25
1,70,1,1539,769547,47
1,70,1,1540,770047,24
1,70,1,1541,770547,111
1,70,1,1542,771047,101
1,70,1,1543,771547,43
1,70,1,1544,772047,77
1,70,1,1545,772547,29
1,70,1,1546,773047,165
1,70,1,1547,773547,79
1,70,1,1548,774047,219
1,70,1,1549,774547,95
1,70,1,1550,775047,210
1,70,1,1551,775547,362
1,70,1,1552,776047,141
1,70,1,1553,776547,71
1,70,1,1554,777047,271
1,70,1,1555,777547,137
1,70,1,1556,778047,69
1,70,1,1557,778547,183
1,70,1,1558,779047,74
1,70,1,1559,779547,108
1,70,1,1560,780047,69
1,70,1,1561,780547,25
1,70,1,1562,781047,141
1,70,1,1563,781547,52
1,70,1,1564,782047,39
1,70,1,1565,782547,182
1,70,1,1566,783047,69
1,70,1,1567,783547,21
1,70,1,1568,784047,4
1,70,1,1569,784547,111
1,70,1,1570,785047,249
1,70,1,1571,785547,95
1,70,1,1572,786047,190
1,70,1,1573,786547,71
1,70,1,1574,787047,25
1,70,1,1575,787547,143
1,70,1,1576,788047,56
1,70,1,1577,788547,29
1,70,1,1578,789047,71
1,70,1,1579,789547,203
1,70,1,1580,790047,127
1,70,1,1581,790547,45
1,70,1,1582,791047,103
1,70,1,1583,791547,35
1,70,1,1584,792047,175
1,70,1,1585,792547,79
1,70,1,1586,793047,25
1,70,1,1587,793547,127
1,70,1,1588,794047,104
1,70,1,1589,794547,35
1,70,1,1590,795047,9
1,70,1,1591,795547,59
1,70,1,1592,796047,19
1,70,1,1593,796547,111
1,70,1,1594,797047,83
1,70,1,1595,797547,91
1,70,1,1596,798047,83
1,70,1,1597,798547,155
1,70,1,1598,799047,57
1,70,1,1599,799547,214
1,70,1,1600,800047,83
1,70,1,1601,800547,68
1,70,1,1602,801047,151
1,70,1,1603,801547,101
1,70,1,1604,802047,36
1,70,1,1605,802547,7
1,70,1,1606,803047,333
1,70,1,1607,803547,165
1,70,1,1608,804047,61
1,70,1,1609,804547,252
1,70,1,1610,805047,149
1,70,1,1611,805547,54
1,70,1,1612,806047,221
1,70,1,1613,806547,109
1,70,1,1614,807047,37
1,70,1,1615,807547,179
1,70,1,1616,808047,69
1,70,1,1617,808547,125
1,70,1,1618,809047,139
1,70,1,1619,809547,48
1,70,1,1620,810047,231
1,70,1,1621,810547,93
1,70,1,1622,811047,109
1,70,1,1623,811547,53
1,70,1,1624,812047,287
1,70,1,1625,812547,178
1,70,1,1626,813047,68
1,70,1,1627,813547,294
1,70,1,1628,814047,141
1,70,1,1629,814547,51
1,70,1,1630,815047,137
1,70,1,1631,815547,59
1,70,1,1632,816047,17
1,70,1,1633,816547,283
1,70,1,1634,817047,125
1,70,1,1635,817547,85
1,70,1,1636,818047,249
1,70,1,1637,818547,93
1,70,1,1638,819047,277
1,70,1,1639,819547,205
1,70,1,1640,820047,77
1,70,1,1641,820547,87
1,70,1,1642,821047,31
1,70,1,1643,821547,5
1,70,1,1644,822047,105
1,70,1,1645,822547,36
1,70,1,1646,823047,7
1,70,1,1647,823547,75
1,70,1,1648,824047,23
1,70,1,1649,824547,154
1,70,1,1650,825047,57
1,70,1,1651,825547,109
1,70,1,1652,826047,118
1,70,1,1653,826547,41
1,70,1,1654,827047,73
1,70,1,1655,827547,25
1,70,1,1656,828047,5
1,70,1,1657,828547,83
1,70,1,1658,829047,136
1,70,1,1659,829547,47
1,70,1,1660,830047,43
1,70,1,1661,830547,214
1,70,1,1662,831047,83
1,70,1,1663,831547,25
1,70,1,1664,832047,413
1,70,1,1665,832547,157
1,70,1,1666,833047,99
1,70,1,1667,833547,201
1,70,1,1668,834047,77
1,70,1,1669,834547,25
1,70,1,1670,835047,119
1,70,1,1671,835547,45
1,70,1,1672,836047,11
1,70,1,1673,836547,120
1,70,1,1674,837047,135
1,70,1,1675,837547,47
1,70,1,1676,838047,141
1,70,1,1677,838547,115
1,70,1,1678,839047,40
1,70,1,1679,839547,158
1,70,1,1680,840047,163
1,70,1,1681,840547,115
1,70,1,1682,841047,39
1,70,1,1683,841547,8
1,70,1,1684,842047,141
1,70,1,1685,842547,51
1,70,1,1686,843047,13
1,70,1,1687,843547,0
1,70,1,1688,844047,177
1,70,1,1689,844547,69
1,70,1,1690,845047,349
1,70,1,1691,845547,249
1,70,1,1692,846047,99
1,70,1,1693,846547,167
1,70,1,1694,847047,61
1,70,1,1695,847547,18
1,70,1,1696,848047,42
1,70,1,1697,848547,43
1,70,1,1698,849047,9
1,70,1,1699,849547,35
1,70,1,1700,850047,7
1,70,1,1701,850547,60
1,70,1,1702,851047,19
1,70,1,1703,851547,253
1,70,1,1704,852047,213
1,70,1,1705,852547,82
1,70,1,1706,853047,281
1,70,1,1707,853547,164
1,70,1,1708,854047,59
1,70,1,1709,854547,260
1,70,1,1710,855047,101
1,70,1,1711,855547,285
1,70,1,1712,856047,153
1,70,1,1713,856547,56
1,70,1,1714,857047,21
1,70,1,1715,857547,238
1,70,1,1716,858047,92
1,70,1,1717,858547,407
1,70,1,1718,859047,249
1,70,1,1719,859547,99
1,70,1,1720,860047,137
1,70,1,1721,860547,339
1,70,1,1722,861047,135
1,70,1,1723,861547,53
1,70,1,1724,862047,300
1,70,1,1725,862547,117
1,70,1,1726,863047,62
1,70,1,1727,863547,359
1,70,1,1728,864047,155
1,70,1,1729,864547,111
1,70,1,1730,865047,329
1,70,1,1731,865547,127
1,70,1,1732,866047,284
1,70,1,1733,866547,247
1,70,1,1734,867047,97
1,70,1,1735,867547,573
1,70,1,1736,868047,229
1,70,1,1737,868547,170
1,70,1,1738,869047,187
1,70,1,1739,869547,221
1,70,1,1740,870047,132
1,70,1,1741,870547,167
1,70,1,1742,871047,329
1,70,1,1743,871547,123
1,70,1,1744,872047,254
1,70,1,1745,872547,313
1,70,1,1746,873047,171
1,70,1,1747,873547,239
1,70,1,1748,874047,205
1,70,1,1749,874547,179
1,70,1,1750,875047,69
1,70,1,1751,875547,199
1,70,1,1752,876047,127
1,70,1,1753,876547,44
1,70,1,1754,877047,152
1,70,1,1755,877547,55
1,70,1,1756,878047,116
1,70,1,1757,878547,40
1,70,1,1758,879047,261
1,70,1,1759,879547,115
1,70,1,1760,880047,40
1,70,1,1761,880547,69
1,70,1,1762,881047,159
1,70,1,1763,881547,59
1,70,1,1764,882047,18
1,70,1,1765,882547,53
1,70,1,1766,883047,14
1,70,1,1767,883547,0
1,70,1,1768,884047,41
1,70,1,1769,884547,10
1,70,1,1770,885047,0
1,70,1,1771,885547,200
1,70,1,1772,886047,150
1,70,1,1773,886547,55
1,70,1,1774,887047,17
1,70,1,1775,887547,145
1,70,1,1776,888047,54
1,70,1,1777,888547,12
1,70,1,1778,889047,164
1,70,1,1779,889547,58
1,70,1,1780,890047,73
1,70,1,1781,890547,22
1,70,1,1782,891047,2
1,70,1,1783,891547,181
1,70,1,1784,892047,95
1,70,1,1785,892547,31
1,70,1,1786,893047,47
1,70,1,1787,893547,13
1,70,1,1788,894047,192
1,70,1,1789,894547,75
1,70,1,1790,895047,23
1,70,1,1791,895547,169
1,70,1,1792,896047,61
1,70,1,1793,896547,19
1,70,1,1794,897047,63
1,70,1,1795,897547,22
1,70,1,1796,898047,183
1,70,1,1797,898547,71
1,70,1,1798,899047,21
1,70,1,1799,899547,135
1,70,1,1800,900047,124
1,70,1,1801,900547,46
1,70,1,1802,901047,25
1,70,1,1803,901547,90
1,70,1,1804,902047,36
1,70,1,1805,902547,40
1,70,1,1806,903047,254
1,70,1,1807,903547,243
1,70,1,1808,904047,94
1,70,1,1809,904547,297
1,70,1,1810,905047,212
1,70,1,1811,905547,83
1,70,1,1812,906047,215
1,70,1,1813,906547,219
1,70,1,1814,907047,85
1,70,1,1815,907547,239
1,70,1,1816,908047,117
1,70,1,1817,908547,40
1,70,1,1818,909047,58
1,70,1,1819,909547,69
1,70,1,1820,910047,41
1,70,1,1821,910547,67
1,70,1,1822,911047,53
1,70,1,1823,911547,187
1,70,1,1824,912047,159
1,70,1,1825,912547,58
1,70,1,1826,913047,190
1,70,1,1827,913547,93
1,70,1,1828,914047,29
1,70,1,1829,914547,159
1,70,1,1830,915047,59
1,70,1,1831,915547,76
1,70,1,1832,916047,242
1,70,1,1833,916547,231
1,70,1,1834,917047,89
1,70,1,1835,917547,143
1,70,1,1836,918047,53
1,70,1,1837,918547,109
1,70,1,1838,919047,37
1,70,1,1839,919547,78
1,70,1,1840,920047,203
1,70,1,1841,920547,77
1,70,1,1842,921047,25
1,70,1,1843,921547,171
1,70,1,1844,922047,93
1,70,1,1845,922547,31
1,70,1,1846,923047,292
1,70,1,1847,923547,114
1,70,1,1848,924047,245
1,70,1,1849,924547,147
1,70,1,1850,925047,53
1,70,1,1851,925547,16
1,70,1,1852,926047,89
1,70,1,1853,926547,101
1,70,1,1854,927047,36
1,70,1,1855,927547,217
1,70,1,1856,928047,98
1,70,1,1857,928547,33
1,70,1,1858,929047,153
1,70,1,1859,929547,68
1,70,1,1860,930047,18
1,70,1,1861,930547,231
1,70,1,1862,931047,94
1,70,1,1863,931547,43
1,70,1,1864,932047,152
1,70,1,1865,932547,55
1,70,1,1866,933047,237
1,70,1,1867,933547,91
1,70,1,1868,934047,124
1,70,1,1869,934547,203
1,70,1,1870,935047,125
1,70,1,1871,935547,155
1,70,1,1872,936047,56
1,70,1,1873,936547,166
1,70,1,1874,937047,61
1,70,1,1875,937547,297
1,70,1,1876,938047,137
1,70,1,1877,938547,47
1,70,1,1878,939047,13
1,70,1,1879,939547,189
1,70,1,1880,940047,75
1,70,1,1881,940547,147
1,70,1,1882,941047,121
1,70,1,1883,941547,293
1,70,1,1884,942047,133
1,70,1,1885,942547,255
1,70,1,1886,943047,138
1,70,1,1887,943547,89
1,70,1,1888,944047,56
1,70,1,1889,944547,18
1,70,1,1890,945047,141
1,70,1,1891,945547,51
1,70,1,1892,946047,13
1,70,1,1893,946547,153
1,70,1,1894,947047,56
1,70,1,1895,947547,217
1,70,1,1896,948047,93
1,70,1,1897,948547,30
1,70,1,1898,949047,187
1,70,1,1899,949547,319
1,70,1,1900,950047,123
1,70,1,1901,950547,361
1,70,1,1902,951047,174
1,70,1,1903,951547,69
1,70,1,1904,952047,20
1,70,1,1905,952547,209
1,70,1,1906,953047,103
1,70,1,1907,953547,37
1,70,1,1908,954047,5
1,70,1,1909,954547,269
1,70,1,1910,955047,106
1,70,1,1911,955547,57
1,70,1,1912,956047,228
1,70,1,1913,956547,90
1,70,1,1914,957047,28
1,70,1,1915,957547,5
1,70,1,1916,958047,0
1,70,1,1917,958547,0
1,70,1,1918,959047,25
1,70,1,1919,959547,4
1,70,1,1920,960047,0
1,70,1,1921,960548,57
1,70,1,1922,961047,137
1,70,1,1923,961547,47
1,70,1,1924,962047,271
1,70,1,1925,962547,167
1,70,1,1926,963047,61
1,70,1,1927,963547,19
1,70,1,1928,964047,264
1,70,1,1929,964547,102
1,70,1,1930,965047,37
1,70,1,1931,965547,78
1,70,1,1932,966047,57
1,70,1,1933,966547,17
1,70,1,1934,967047,303
1,70,1,1935,967547,344
1,70,1,1936,968047,135
1,70,1,1937,968547,191
1,70,1,1938,969047,293
1,70,1,1939,969547,115
1,70,1,1940,970047,173
1,70,1,1941,970547,173
1,70,1,1942,971047,67
1,70,1,1943,971547,287
1,70,1,1944,972047,143
1,70,1,1945,972547,53
1,70,1,1946,973047,332
1,70,1,1947,973547,125
1,70,1,1948,974047,43
1,70,1,1949,974547,31
1,70,1,1950,975047,6
1,70,1,1951,975547,191
1,70,1,1952,976047,73
1,70,1,1953,976547,327
1,70,1,1954,977047,283
1,70,1,1955,977547,108
1,70,1,1956,978047,235
1,70,1,1957,978547,188
1,70,1,1958,979047,72
1,70,1,1959,979547,22
1,70,1,1960,980047,51
1,70,1,1961,980547,30
1,70,1,1962,981047,28
1,70,1,1963,981547,171
1,70,1,1964,982047,113
1,70,1,1965,982547,200
1,70,1,1966,983047,315
1,70,1,1967,983547,121
1,70,1,1968,984047,207
1,70,1,1969,984547,186
1,70,1,1970,985047,71
1,70,1,1971,985547,43
1,70,1,1972,986047,200
1,70,1,1973,986547,113
1,70,1,1974,987047,38
1,70,1,1975,987547,91
1,70,1,1976,988047,270
1,70,1,1977,988547,105
1,70,1,1978,989047,287
1,70,1,1979,989547,133
1,70,1,1980,990047,57
1,70,1,1981,990547,63
1,70,1,1982,991047,167
1,70,1,1983,991547,119
1,70,1,1984,992047,42
1,70,1,1985,992547,121
1,70,1,1986,993047,43
1,70,1,1987,993547,85
1,70,1,1988,994047,62
1,70,1,1989,994547,19
1,70,1,1990,995047,346
1,70,1,1991,995547,213
1,70,1,1992,996047,79
1,70,1,1993,996547,311
1,70,1,1994,997047,121
1,70,1,1995,997547,78
1,70,1,1996,998047,23
1,70,1,1997,998547,3
1,70,1,1998,999047,139
1,70,1,1999,999547,51
# END_WINDOW
# Ready: run=1, valve=70%, rate=2000 Hz, samples=2000. Send any character to record one window.
# CAPTURING
1,70,2,0,55,118
1,70,2,1,547,42
1,70,2,2,1047,43
1,70,2,3,1547,168
1,70,2,4,2047,61
1,70,2,5,2547,19
1,70,2,6,3047,1
1,70,2,7,3547,111
1,70,2,8,4047,37
1,70,2,9,4547,88
1,70,2,10,5047,29
1,70,2,11,5547,4
1,70,2,12,6047,142
1,70,2,13,6547,249
1,70,2,14,7047,99
1,70,2,15,7547,114
1,70,2,16,8047,53
1,70,2,17,8547,12
1,70,2,18,9047,12
1,70,2,19,9547,72
1,70,2,20,10047,21
1,70,2,21,10547,283
1,70,2,22,11047,119
1,70,2,23,11547,41
1,70,2,24,12047,182
1,70,2,25,12547,83
1,70,2,26,13047,25
1,70,2,27,13547,221
1,70,2,28,14047,89
1,70,2,29,14547,40
1,70,2,30,15047,245
1,70,2,31,15547,93
1,70,2,32,16047,225
1,70,2,33,16547,176
1,70,2,34,17047,68
1,70,2,35,17547,95
1,70,2,36,18047,205
1,70,2,37,18547,78
1,70,2,38,19047,253
1,70,2,39,19547,143
1,70,2,40,20047,51
1,70,2,41,20547,82
1,70,2,42,21047,79
1,70,2,43,21547,25
1,70,2,44,22047,86
1,70,2,45,22547,118
1,70,2,46,23047,40
1,70,2,47,23547,9
1,70,2,48,24047,237
1,70,2,49,24547,91
1,70,2,50,25047,30
1,70,2,51,25547,87
1,70,2,52,26047,102
1,70,2,53,26547,35
1,70,2,54,27047,9
1,70,2,55,27547,88
1,70,2,56,28047,27
1,70,2,57,28547,9
1,70,2,58,29047,43
1,70,2,59,29547,9
1,70,2,60,30047,229
1,70,2,61,30547,91
1,70,2,62,31047,29
1,70,2,63,31547,181
1,70,2,64,32047,169
1,70,2,65,32547,71
1,70,2,66,33047,21
1,70,2,67,33547,166
1,70,2,68,34047,59
1,70,2,69,34547,205
1,70,2,70,35047,127
1,70,2,71,35547,45
1,70,2,72,36047,169
1,70,2,73,36547,109
1,70,2,74,37047,141
1,70,2,75,37547,157
1,70,2,76,38047,57
1,70,2,77,38547,163
1,70,2,78,39047,104
1,70,2,79,39547,125
1,70,2,80,40047,44
1,70,2,81,40547,333
1,70,2,82,41047,142
1,70,2,83,41547,51
1,70,2,84,42047,281
1,70,2,85,42547,243
1,70,2,86,43047,94
1,70,2,87,43547,223
1,70,2,88,44047,120
1,70,2,89,44547,42
1,70,2,90,45047,47
1,70,2,91,45547,12
1,70,2,92,46047,181
1,70,2,93,46547,69
1,70,2,94,47047,21
1,70,2,95,47547,277
1,70,2,96,48047,165
1,70,2,97,48547,60
1,70,2,98,49047,135
1,70,2,99,49547,46
1,70,2,100,50047,95
1,70,2,101,50547,56
1,70,2,102,51047,165
1,70,2,103,51547,61
1,70,2,104,52047,213
1,70,2,105,52547,169
1,70,2,106,53047,115
1,70,2,107,53547,40
1,70,2,108,54047,243
1,70,2,109,54547,107
1,70,2,110,55047,35
1,70,2,111,55547,158
1,70,2,112,56047,57
1,70,2,113,56547,17
1,70,2,114,57047,199
1,70,2,115,57547,155
1,70,2,116,58047,55
1,70,2,117,58547,235
1,70,2,118,59047,215
1,70,2,119,59547,85
1,70,2,120,60047,284
1,70,2,121,60547,143
1,70,2,122,61047,53
1,70,2,123,61547,142
1,70,2,124,62047,50
1,70,2,125,62547,13
1,70,2,126,63047,181
1,70,2,127,63547,186
1,70,2,128,64047,72
1,70,2,129,64547,59
1,70,2,130,65047,303
1,70,2,131,65547,120
1,70,2,132,66047,339
1,70,2,133,66547,179
1,70,2,134,67047,71
1,70,2,135,67547,21
1,70,2,136,68047,395
1,70,2,137,68547,155
1,70,2,138,69047,83
1,70,2,139,69547,311
1,70,2,140,70047,119
1,70,2,141,70547,264
1,70,2,142,71047,136
1,70,2,143,71547,50
1,70,2,144,72047,106
1,70,2,145,72547,269
1,70,2,146,73047,126
1,70,2,147,73547,103
1,70,2,148,74047,101
1,70,2,149,74547,389
1,70,2,150,75047,154
1,70,2,151,75547,167
1,70,2,152,76047,103
1,70,2,153,76547,36
1,70,2,154,77047,70
1,70,2,155,77547,21
1,70,2,156,78047,1
1,70,2,157,78547,189
1,70,2,158,79047,123
1,70,2,159,79547,43
1,70,2,160,80047,329
1,70,2,161,80547,132
1,70,2,162,81047,110
1,70,2,163,81547,283
1,70,2,164,82047,135
1,70,2,165,82547,46
1,70,2,166,83047,294
1,70,2,167,83547,235
1,70,2,168,84047,90
1,70,2,169,84547,169
1,70,2,170,85047,281
1,70,2,171,85547,107
1,70,2,172,86047,55
1,70,2,173,86547,183
1,70,2,174,87047,74
1,70,2,175,87547,45
1,70,2,176,88047,329
1,70,2,177,88547,126
1,70,2,178,89047,45
1,70,2,179,89547,142
1,70,2,180,90047,268
1,70,2,181,90547,104
1,70,2,182,91047,40
1,70,2,183,91547,334
1,70,2,184,92047,127
1,70,2,185,92547,199
1,70,2,186,93047,151
1,70,2,187,93547,55
1,70,2,188,94047,16
1,70,2,189,94547,244
1,70,2,190,95047,103
1,70,2,191,95547,35
1,70,2,192,96047,185
1,70,2,193,96547,247
1,70,2,194,97047,95
1,70,2,195,97547,30
1,70,2,196,98047,285
1,70,2,197,98547,154
1,70,2,198,99047,55
1,70,2,199,99547,169
1,70,2,200,100047,61
1,70,2,201,100547,18
1,70,2,202,101047,277
1,70,2,203,101547,187
1,70,2,204,102047,72
1,70,2,205,102547,21
1,70,2,206,103047,332
1,70,2,207,103547,199
1,70,2,208,104047,76
1,70,2,209,104547,467
1,70,2,210,105047,189
1,70,2,211,105547,73
1,70,2,212,106047,279
1,70,2,213,106547,107
1,70,2,214,107047,37
1,70,2,215,107547,21
1,70,2,216,108047,254
1,70,2,217,108547,107
1,70,2,218,109047,40
1,70,2,219,109547,277
1,70,2,220,110047,117
1,70,2,221,110547,43
1,70,2,222,111047,118
1,70,2,223,111547,69
1,70,2,224,112047,21
1,70,2,225,112547,243
1,70,2,226,113047,93
1,70,2,227,113547,199
1,70,2,228,114047,139
1,70,2,229,114547,51
1,70,2,230,115047,183
1,70,2,231,115547,72
1,70,2,232,116047,229
1,70,2,233,116547,183
1,70,2,234,117047,89
1,70,2,235,117547,344
1,70,2,236,118047,133
1,70,2,237,118547,205
1,70,2,238,119047,239
1,70,2,239,119547,93
1,70,2,240,120047,51
1,70,2,241,120547,127
1,70,2,242,121047,45
1,70,2,243,121547,215
1,70,2,244,122047,83
1,70,2,245,122547,231
1,70,2,246,123047,135
1,70,2,247,123547,47
1,70,2,248,124047,108
1,70,2,249,124547,38
1,70,2,250,125047,9
1,70,2,251,125547,237
1,70,2,252,126047,91
1,70,2,253,126547,28
1,70,2,254,127047,168
1,70,2,255,127547,61
1,70,2,256,128047,18
1,70,2,257,128547,1
1,70,2,258,129047,1
1,70,2,259,129547,0
1,70,2,260,130047,153
1,70,2,261,130547,92
1,70,2,262,131047,35
1,70,2,263,131547,204
1,70,2,264,132047,78
1,70,2,265,132547,25
1,70,2,266,133047,5
1,70,2,267,133547,165
1,70,2,268,134047,59
1,70,2,269,134547,236
1,70,2,270,135047,155
1,70,2,271,135547,56
1,70,2,272,136047,344
1,70,2,273,136547,141
1,70,2,274,137047,52
1,70,2,275,137547,211
1,70,2,276,138047,82
1,70,2,277,138547,26
1,70,2,278,139047,4
1,70,2,279,139547,0
1,70,2,280,140047,0
1,70,2,281,140547,0
1,70,2,282,141047,55
1,70,2,283,141547,24
1,70,2,284,142047,12
1,70,2,285,142547,23
1,70,2,286,143047,123
1,70,2,287,143547,51
1,70,2,288,144047,187
1,70,2,289,144547,295
1,70,2,290,145047,117
1,70,2,291,145547,181
1,70,2,292,146047,123
1,70,2,293,146547,280
1,70,2,294,147047,108
1,70,2,295,147547,85
1,70,2,296,148047,155
1,70,2,297,148547,56
1,70,2,298,149047,123
1,70,2,299,149547,83
1,70,2,300,150047,26
1,70,2,301,150547,236
1,70,2,302,151047,103
1,70,2,303,151547,38
1,70,2,304,152047,212
1,70,2,305,152547,103
1,70,2,306,153047,35
1,70,2,307,153547,125
1,70,2,308,154047,45
1,70,2,309,154547,219
1,70,2,310,155047,167
1,70,2,311,155547,61
1,70,2,312,156047,237
1,70,2,313,156547,191
1,70,2,314,157047,211
1,70,2,315,157547,79
1,70,2,316,158047,155
1,70,2,317,158547,187
1,70,2,318,159047,99
1,70,2,319,159547,57
1,70,2,320,160047,45
1,70,2,321,160547,11
1,70,2,322,161047,1
1,70,2,323,161547,185
1,70,2,324,162047,72
1,70,2,325,162547,75
1,70,2,326,163047,124
1,70,2,327,163547,43
1,70,2,328,164047,335
1,70,2,329,164547,151
1,70,2,330,165047,103
1,70,2,331,165547,121
1,70,2,332,166047,159
1,70,2,333,166547,178
1,70,2,334,167047,69
1,70,2,335,167547,21
1,70,2,336,168047,61
1,70,2,337,168547,19
1,70,2,338,169047,37
1,70,2,339,169547,9
1,70,2,340,170047,165
1,70,2,341,170547,59
1,70,2,342,171047,22
1,70,2,343,171547,134
1,70,2,344,172047,265
1,70,2,345,172547,106
1,70,2,346,173047,198
1,70,2,347,173547,93
1,70,2,348,174047,69
1,70,2,349,174547,22
1,70,2,350,175047,171
1,70,2,351,175547,267
1,70,2,352,176047,104
1,70,2,353,176547,563
1,70,2,354,177047,261
1,70,2,355,177547,187
1,70,2,356,178047,362
1,70,2,357,178547,141
1,70,2,358,179047,54
1,70,2,359,179547,127
1,70,2,360,180047,45
1,70,2,361,180547,40
1,70,2,362,181047,191
1,70,2,363,181547,91
1,70,2,364,182047,42
1,70,2,365,182547,187
1,70,2,366,183047,227
1,70,2,367,183547,87
1,70,2,368,184047,154
1,70,2,369,184547,168
1,70,2,370,185047,61
1,70,2,371,185547,214
1,70,2,372,186047,84
1,70,2,373,186547,207
1,70,2,374,187047,79
1,70,2,375,187547,26
1,70,2,376,188047,6
1,70,2,377,188547,276
1,70,2,378,189047,107
1,70,2,379,189547,421
1,70,2,380,190047,293
1,70,2,381,190547,111
1,70,2,382,191047,415
1,70,2,383,191547,227
1,70,2,384,192047,88
1,70,2,385,192547,269
1,70,2,386,193047,104
1,70,2,387,193547,33
1,70,2,388,194047,29
1,70,2,389,194547,26
1,70,2,390,195047,192
1,70,2,391,195547,93
1,70,2,392,196047,171
1,70,2,393,196547,133
1,70,2,394,197047,45
1,70,2,395,197547,149
1,70,2,396,198047,98
1,70,2,397,198547,31
1,70,2,398,199047,45
1,70,2,399,199547,10
1,70,2,400,200047,0
1,70,2,401,200547,90
1,70,2,402,201047,29
1,70,2,403,201547,19
1,70,2,404,202047,28
1,70,2,405,202547,3
1,70,2,406,203047,152
1,70,2,407,203547,55
1,70,2,408,204047,21
1,70,2,409,204547,71
1,70,2,410,205047,17
1,70,2,411,205547,13
1,70,2,412,206047,0
1,70,2,413,206547,104
1,70,2,414,207047,136
1,70,2,415,207547,47
1,70,2,416,208047,53
1,70,2,417,208547,93
1,70,2,418,209047,26
1,70,2,419,209547,121
1,70,2,420,210047,74
1,70,2,421,210547,23
1,70,2,422,211047,104
1,70,2,423,211547,35
1,70,2,424,212047,103
1,70,2,425,212547,121
1,70,2,426,213047,40
1,70,2,427,213547,9
1,70,2,428,214047,232
1,70,2,429,214547,90
1,70,2,430,215047,28
1,70,2,431,215547,79
1,70,2,432,216047,23
1,70,2,433,216547,3
1,70,2,434,217047,0
1,70,2,435,217547,117
1,70,2,436,218047,43
1,70,2,437,218547,9
1,70,2,438,219047,142
1,70,2,439,219547,51
1,70,2,440,220047,12
1,70,2,441,220547,121
1,70,2,442,221047,41
1,70,2,443,221547,16
1,70,2,444,222047,148
1,70,2,445,222547,53
1,70,2,446,223047,13
1,70,2,447,223547,137
1,70,2,448,224047,47
1,70,2,449,224547,11
1,70,2,450,225047,265
1,70,2,451,225547,127
1,70,2,452,226047,45
1,70,2,453,226547,202
1,70,2,454,227047,283
1,70,2,455,227547,107
1,70,2,456,228047,142
1,70,2,457,228547,188
1,70,2,458,229047,71
1,70,2,459,229547,22
1,70,2,460,230047,0
1,70,2,461,230547,26
1,70,2,462,231047,38
1,70,2,463,231547,7
1,70,2,464,232047,198
1,70,2,465,232547,108
1,70,2,466,233047,37
1,70,2,467,233547,188
1,70,2,468,234047,106
1,70,2,469,234547,36
1,70,2,470,235047,35
1,70,2,471,235547,125
1,70,2,472,236047,73
1,70,2,473,236547,23
1,70,2,474,237047,235
1,70,2,475,237547,91
1,70,2,476,238047,27
1,70,2,477,238547,179
1,70,2,478,239047,247
1,70,2,479,239547,95
1,70,2,480,240047,253
1,70,2,481,240547,265
1,70,2,482,241047,183
1,70,2,483,241547,72
1,70,2,484,242047,425
1,70,2,485,242547,265
1,70,2,486,243047,105
1,70,2,487,243547,391
1,70,2,488,244047,244
1,70,2,489,244547,94
1,70,2,490,245047,209
1,70,2,491,245547,248
1,70,2,492,246047,95
1,70,2,493,246547,104
1,70,2,494,247047,160
1,70,2,495,247547,59
1,70,2,496,248047,35
1,70,2,497,248547,94
1,70,2,498,249047,29
1,70,2,499,249547,39
1,70,2,500,250047,313
1,70,2,501,250547,121
1,70,2,502,251047,43
1,70,2,503,251547,235
1,70,2,504,252047,168
1,70,2,505,252547,63
1,70,2,506,253047,235
1,70,2,507,253547,203
1,70,2,508,254047,75
1,70,2,509,254547,215
1,70,2,510,255047,173
1,70,2,511,255547,69
1,70,2,512,256047,141
1,70,2,513,256547,77
1,70,2,514,257047,121
1,70,2,515,257547,133
1,70,2,516,258047,47
1,70,2,517,258547,11
1,70,2,518,259047,281
1,70,2,519,259547,119
1,70,2,520,260047,41
1,70,2,521,260547,285
1,70,2,522,261047,136
1,70,2,523,261547,55
1,70,2,524,262047,367
1,70,2,525,262547,147
1,70,2,526,263047,55
1,70,2,527,263547,283
1,70,2,528,264047,111
1,70,2,529,264547,189
1,70,2,530,265047,279
1,70,2,531,265547,107
1,70,2,532,266047,189
1,70,2,533,266547,315
1,70,2,534,267047,121
1,70,2,535,267547,42
1,70,2,536,268047,189
1,70,2,537,268547,71
1,70,2,538,269047,31
1,70,2,539,269547,213
1,70,2,540,270047,83
1,70,2,541,270547,132
1,70,2,542,271047,310
1,70,2,543,271547,119
1,70,2,544,272047,154
1,70,2,545,272547,149
1,70,2,546,273047,53
1,70,2,547,273547,13
1,70,2,548,274047,0
1,70,2,549,274547,0
1,70,2,550,275047,189
1,70,2,551,275547,203
1,70,2,552,276047,77
1,70,2,553,276547,245
1,70,2,554,277047,188
1,70,2,555,277547,73
1,70,2,556,278047,22
1,70,2,557,278547,265
1,70,2,558,279047,103
1,70,2,559,279547,181
1,70,2,560,280047,171
1,70,2,561,280547,61
1,70,2,562,281047,18
1,70,2,563,281547,74
1,70,2,564,282047,38
1,70,2,565,282547,73
1,70,2,566,283047,81
1,70,2,567,283547,23
1,70,2,568,284047,99
1,70,2,569,284547,30
1,70,2,570,285047,165
1,70,2,571,285547,89
1,70,2,572,286047,28
1,70,2,573,286547,296
1,70,2,574,287047,139
1,70,2,575,287547,47
1,70,2,576,288047,299
1,70,2,577,288547,212
1,70,2,578,289047,83
1,70,2,579,289547,57
1,70,2,580,290047,201
1,70,2,581,290547,83
1,70,2,582,291047,29
1,70,2,583,291547,333
1,70,2,584,292047,135
1,70,2,585,292547,83
1,70,2,586,293047,159
1,70,2,587,293547,244
1,70,2,588,294047,111
1,70,2,589,294547,141
1,70,2,590,295047,160
1,70,2,591,295547,57
1,70,2,592,296047,19
1,70,2,593,296547,127
1,70,2,594,297047,44
1,70,2,595,297547,267
1,70,2,596,298047,402
1,70,2,597,298547,153
1,70,2,598,299047,250
1,70,2,599,299547,99
1,70,2,600,300047,168
1,70,2,601,300547,61
1,70,2,602,301047,19
1,70,2,603,301547,53
1,70,2,604,302047,270
1,70,2,605,302547,104
1,70,2,606,303047,83
1,70,2,607,303547,111
1,70,2,608,304047,39
1,70,2,609,304547,9
1,70,2,610,305047,0
1,70,2,611,305547,190
1,70,2,612,306047,83
1,70,2,613,306547,169
1,70,2,614,307047,62
1,70,2,615,307547,205
1,70,2,616,308047,77
1,70,2,617,308547,55
1,70,2,618,309047,105
1,70,2,619,309547,107
1,70,2,620,310047,37
1,70,2,621,310547,8
1,70,2,622,311047,476
1,70,2,623,311547,184
1,70,2,624,312047,72
1,70,2,625,312547,202
1,70,2,626,313047,76
1,70,2,627,313547,24
1,70,2,628,314047,43
1,70,2,629,314547,133
1,70,2,630,315047,47
1,70,2,631,315547,240
1,70,2,632,316047,105
1,70,2,633,316547,37
1,70,2,634,317047,7
1,70,2,635,317547,232
1,70,2,636,318047,89
1,70,2,637,318547,28
1,70,2,638,319047,181
1,70,2,639,319547,70
1,70,2,640,320047,21
1,70,2,641,320547,319
1,70,2,642,321047,137
1,70,2,643,321547,53
1,70,2,644,322047,123
1,70,2,645,322547,73
1,70,2,646,323047,232
1,70,2,647,323547,90
1,70,2,648,324047,360
1,70,2,649,324547,164
1,70,2,650,325047,60
1,70,2,651,325547,200
1,70,2,652,326047,207
1,70,2,653,326547,79
1,70,2,654,327047,365
1,70,2,655,327547,155
1,70,2,656,328047,57
1,70,2,657,328547,37
1,70,2,658,329047,263
1,70,2,659,329547,101
1,70,2,660,330047,33
1,70,2,661,330547,217
1,70,2,662,331047,84
1,70,2,663,331547,143
1,70,2,664,332047,72
1,70,2,665,332547,59
1,70,2,666,333047,89
1,70,2,667,333547,119
1,70,2,668,334047,41
1,70,2,669,334547,107
1,70,2,670,335047,37
1,70,2,671,335547,104
1,70,2,672,336047,71
1,70,2,673,336547,47
1,70,2,674,337047,383
1,70,2,675,337547,245
1,70,2,676,338047,135
1,70,2,677,338547,279
1,70,2,678,339047,316
1,70,2,679,339547,125
1,70,2,680,340047,108
1,70,2,681,340547,295
1,70,2,682,341047,115
1,70,2,683,341547,243
1,70,2,684,342047,133
1,70,2,685,342547,125
1,70,2,686,343047,44
1,70,2,687,343547,357
1,70,2,688,344047,362
1,70,2,689,344547,140
1,70,2,690,345047,445
1,70,2,691,345547,174
1,70,2,692,346047,358
1,70,2,693,346547,343
1,70,2,694,347047,135
1,70,2,695,347547,47
1,70,2,696,348047,173
1,70,2,697,348547,73
1,70,2,698,349047,22
1,70,2,699,349547,2
1,70,2,700,350047,423
1,70,2,701,350547,163
1,70,2,702,351047,59
1,70,2,703,351547,407
1,70,2,704,352047,155
1,70,2,705,352547,270
1,70,2,706,353047,415
1,70,2,707,353547,159
1,70,2,708,354047,419
1,70,2,709,354547,199
1,70,2,710,355047,93
1,70,2,711,355547,29
1,70,2,712,356047,303
1,70,2,713,356547,125
1,70,2,714,357047,44
1,70,2,715,357547,303
1,70,2,716,358047,118
1,70,2,717,358547,105
1,70,2,718,359047,141
1,70,2,719,359547,52
1,70,2,720,360047,13
1,70,2,721,360547,0
1,70,2,722,361047,55
1,70,2,723,361547,104
1,70,2,724,362047,37
1,70,2,725,362547,235
1,70,2,726,363047,106
1,70,2,727,363547,201
1,70,2,728,364047,86
1,70,2,729,364547,343
1,70,2,730,365047,170
1,70,2,731,365547,62
1,70,2,732,366047,377
1,70,2,733,366547,175
1,70,2,734,367047,69
1,70,2,735,367547,389
1,70,2,736,368047,165
1,70,2,737,368547,60
1,70,2,738,369047,202
1,70,2,739,369547,83
1,70,2,740,370047,25
1,70,2,741,370547,1
1,70,2,742,371047,0
1,70,2,743,371547,6
1,70,2,744,372047,281
1,70,2,745,372547,111
1,70,2,746,373047,222
1,70,2,747,373547,89
1,70,2,748,374047,85
1,70,2,749,374547,43
1,70,2,750,375047,9
1,70,2,751,375547,0
1,70,2,752,376047,0
1,70,2,753,376547,231
1,70,2,754,377047,91
1,70,2,755,377547,33
1,70,2,756,378047,226
1,70,2,757,378547,87
1,70,2,758,379047,29
1,70,2,759,379547,214
1,70,2,760,380047,83
1,70,2,761,380547,25
1,70,2,762,381047,147
1,70,2,763,381547,105
1,70,2,764,382047,37
1,70,2,765,382547,199
1,70,2,766,383047,219
1,70,2,767,383547,85
1,70,2,768,384047,79
1,70,2,769,384547,139
1,70,2,770,385047,51
1,70,2,771,385547,12
1,70,2,772,386047,106
1,70,2,773,386547,212
1,70,2,774,387047,135
1,70,2,775,387547,47
1,70,2,776,388047,175
1,70,2,777,388547,67
1,70,2,778,389047,21
1,70,2,779,389547,156
1,70,2,780,390047,57
1,70,2,781,390547,51
1,70,2,782,391047,101
1,70,2,783,391547,30
1,70,2,784,392047,59
1,70,2,785,392547,269
1,70,2,786,393047,105
1,70,2,787,393547,37
1,70,2,788,394047,231
1,70,2,789,394547,91
1,70,2,790,395047,79
1,70,2,791,395547,165
1,70,2,792,396047,59
1,70,2,793,396547,179
1,70,2,794,397047,84
1,70,2,795,397547,27
1,70,2,796,398047,407
1,70,2,797,398547,165
1,70,2,798,399047,60
1,70,2,799,399547,237
1,70,2,800,400047,99
1,70,2,801,400547,33
1,70,2,802,401047,182
1,70,2,803,401547,221
1,70,2,804,402047,85
1,70,2,805,402547,281
1,70,2,806,403047,169
1,70,2,807,403547,62
1,70,2,808,404047,159
1,70,2,809,404547,59
1,70,2,810,405047,46
1,70,2,811,405547,88
1,70,2,812,406047,39
1,70,2,813,406547,79
1,70,2,814,407047,147
1,70,2,815,407547,149
1,70,2,816,408047,151
1,70,2,817,408547,102
1,70,2,818,409047,33
1,70,2,819,409547,184
1,70,2,820,410047,174
1,70,2,821,410547,69
1,70,2,822,411047,229
1,70,2,823,411547,234
1,70,2,824,412047,91
1,70,2,825,412547,150
1,70,2,826,413047,134
1,70,2,827,413547,170
1,70,2,828,414047,62
1,70,2,829,414547,19
1,70,2,830,415047,138
1,70,2,831,415547,79
1,70,2,832,416047,24
1,70,2,833,416547,41
1,70,2,834,417047,233
1,70,2,835,417547,90
1,70,2,836,418047,40
1,70,2,837,418547,163
1,70,2,838,419047,59
1,70,2,839,419547,63
1,70,2,840,420047,159
1,70,2,841,420547,57
1,70,2,842,421047,349
1,70,2,843,421547,269
1,70,2,844,422047,103
1,70,2,845,422547,317
1,70,2,846,423047,215
1,70,2,847,423547,83
1,70,2,848,424047,47
1,70,2,849,424547,172
1,70,2,850,425047,62
1,70,2,851,425547,253
1,70,2,852,426047,175
1,70,2,853,426547,64
1,70,2,854,427047,408
1,70,2,855,427547,157
1,70,2,856,428047,71
1,70,2,857,428547,30
1,70,2,858,429047,396
1,70,2,859,429547,157
1,70,2,860,430047,61
1,70,2,861,430547,292
1,70,2,862,431047,111
1,70,2,863,431547,168
1,70,2,864,432047,423
1,70,2,865,432547,165
1,70,2,866,433047,413
1,70,2,867,433547,239
1,70,2,868,434047,92
1,70,2,869,434547,181
1,70,2,870,435047,70
1,70,2,871,435547,21
1,70,2,872,436047,2
1,70,2,873,436547,0
1,70,2,874,437047,0
1,70,2,875,437547,269
1,70,2,876,438047,197
1,70,2,877,438547,75
1,70,2,878,439047,315
1,70,2,879,439547,122
1,70,2,880,440047,41
1,70,2,881,440547,291
1,70,2,882,441047,113
1,70,2,883,441547,39
1,70,2,884,442047,267
1,70,2,885,442547,105
1,70,2,886,443047,184
1,70,2,887,443547,175
1,70,2,888,444047,64
1,70,2,889,444547,20
1,70,2,890,445047,550
1,70,2,891,445547,231
1,70,2,892,446047,88
1,70,2,893,446547,396
1,70,2,894,447047,179
1,70,2,895,447547,70
1,70,2,896,448047,136
1,70,2,897,448547,47
1,70,2,898,449047,105
1,70,2,899,449547,36
1,70,2,900,450047,137
1,70,2,901,450547,47
1,70,2,902,451047,189
1,70,2,903,451547,141
1,70,2,904,452047,60
1,70,2,905,452547,188
1,70,2,906,453047,178
1,70,2,907,453547,68
1,70,2,908,454047,509
1,70,2,909,454547,205
1,70,2,910,455047,79
1,70,2,911,455547,39
1,70,2,912,456047,23
1,70,2,913,456547,2
1,70,2,914,457047,43
1,70,2,915,457547,126
1,70,2,916,458047,123
1,70,2,917,458547,41
1,70,2,918,459047,107
1,70,2,919,459547,37
1,70,2,920,460047,9
1,70,2,921,460547,11
1,70,2,922,461047,24
1,70,2,923,461547,2
1,70,2,924,462047,0
1,70,2,925,462547,71
1,70,2,926,463047,121
1,70,2,927,463547,43
1,70,2,928,464047,9
1,70,2,929,464547,89
1,70,2,930,465047,141
1,70,2,931,465547,51
1,70,2,932,466047,109
1,70,2,933,466547,227
1,70,2,934,467047,87
1,70,2,935,467547,240
1,70,2,936,468047,133
1,70,2,937,468547,45
1,70,2,938,469047,249
1,70,2,939,469547,99
1,70,2,940,470047,53
1,70,2,941,470547,141
1,70,2,942,471047,47
1,70,2,943,471547,13
1,70,2,944,472047,157
1,70,2,945,472547,137
1,70,2,946,473047,47
1,70,2,947,473547,247
1,70,2,948,474047,95
1,70,2,949,474547,167
1,70,2,950,475047,61
1,70,2,951,475547,77
1,70,2,952,476047,23
1,70,2,953,476547,2
1,70,2,954,477047,6
1,70,2,955,477547,0
1,70,2,956,478047,0
1,70,2,957,478547,117
1,70,2,958,479047,46
1,70,2,959,479547,262
1,70,2,960,480047,178
1,70,2,961,480547,70
1,70,2,962,481047,59
1,70,2,963,481547,244
1,70,2,964,482047,158
1,70,2,965,482547,57
1,70,2,966,483047,55
1,70,2,967,483547,209
1,70,2,968,484047,78
1,70,2,969,484547,101
1,70,2,970,485047,133
1,70,2,971,485547,211
1,70,2,972,486047,81
1,70,2,973,486547,89
1,70,2,974,487047,29
1,70,2,975,487547,77
1,70,2,976,488047,79
1,70,2,977,488547,82
1,70,2,978,489047,26
1,70,2,979,489547,158
1,70,2,980,490047,293
1,70,2,981,490547,115
1,70,2,982,491047,139
1,70,2,983,491547,55
1,70,2,984,492047,16
1,70,2,985,492547,0
1,70,2,986,493047,0
1,70,2,987,493547,24
1,70,2,988,494047,163
1,70,2,989,494547,167
1,70,2,990,495047,61
1,70,2,991,495547,185
1,70,2,992,496047,299
1,70,2,993,496547,117
1,70,2,994,497047,235
1,70,2,995,497547,270
1,70,2,996,498047,109
1,70,2,997,498547,344
1,70,2,998,499047,219
1,70,2,999,499547,86
1,70,2,1000,500047,189
1,70,2,1001,500547,73
1,70,2,1002,501047,23
1,70,2,1003,501547,125
1,70,2,1004,502047,59
1,70,2,1005,502547,114
1,70,2,1006,503047,95
1,70,2,1007,503547,40
1,70,2,1008,504047,87
1,70,2,1009,504547,27
1,70,2,1010,505047,47
1,70,2,1011,505547,11
1,70,2,1012,506047,90
1,70,2,1013,506547,35
1,70,2,1014,507047,19
1,70,2,1015,507547,21
1,70,2,1016,508047,2
1,70,2,1017,508547,215
1,70,2,1018,509047,107
1,70,2,1019,509547,37
1,70,2,1020,510047,397
1,70,2,1021,510547,203
1,70,2,1022,511047,93
1,70,2,1023,511547,282
1,70,2,1024,512047,270
1,70,2,1025,512547,117
1,70,2,1026,513047,179
1,70,2,1027,513547,77
1,70,2,1028,514047,25
1,70,2,1029,514547,83
1,70,2,1030,515047,107
1,70,2,1031,515547,37
1,70,2,1032,516047,19
1,70,2,1033,516547,222
1,70,2,1034,517047,88
1,70,2,1035,517547,121
1,70,2,1036,518047,137
1,70,2,1037,518547,46
1,70,2,1038,519047,11
1,70,2,1039,519547,185
1,70,2,1040,520047,139
1,70,2,1041,520547,50
1,70,2,1042,521047,155
1,70,2,1043,521547,75
1,70,2,1044,522047,23
1,70,2,1045,522547,147
1,70,2,1046,523047,61
1,70,2,1047,523547,23
1,70,2,1048,524047,267
1,70,2,1049,524547,106
1,70,2,1050,525047,115
1,70,2,1051,525547,164
1,70,2,1052,526047,59
1,70,2,1053,526547,234
1,70,2,1054,527047,89
1,70,2,1055,527547,287
1,70,2,1056,528047,115
1,70,2,1057,528547,39
1,70,2,1058,529047,393
1,70,2,1059,529547,249
1,70,2,1060,530047,97
1,70,2,1061,530547,280
1,70,2,1062,531047,147
1,70,2,1063,531547,53
1,70,2,1064,532047,382
1,70,2,1065,532547,151
1,70,2,1066,533047,56
1,70,2,1067,533547,276
1,70,2,1068,534047,135
1,70,2,1069,534547,124
1,70,2,1070,535047,45
1,70,2,1071,535547,211
1,70,2,1072,536047,113
1,70,2,1073,536547,39
1,70,2,1074,537047,8
1,70,2,1075,537547,108
1,70,2,1076,538047,149
1,70,2,1077,538547,61
1,70,2,1078,539047,109
1,70,2,1079,539547,152
1,70,2,1080,540047,93
1,70,2,1081,540547,227
1,70,2,1082,541047,88
1,70,2,1083,541547,227
1,70,2,1084,542047,123
1,70,2,1085,542547,43
1,70,2,1086,543047,155
1,70,2,1087,543547,100
1,70,2,1088,544047,139
1,70,2,1089,544547,83
1,70,2,1090,545047,25
1,70,2,1091,545547,247
1,70,2,1092,546047,101
1,70,2,1093,546547,245
1,70,2,1094,547047,123
1,70,2,1095,547547,173
1,70,2,1096,548047,187
1,70,2,1097,548547,72
1,70,2,1098,549047,23
1,70,2,1099,549547,148
1,70,2,1100,550047,53
1,70,2,1101,550547,168
1,70,2,1102,551047,61
1,70,2,1103,551547,91
1,70,2,1104,552047,31
1,70,2,1105,552547,111
1,70,2,1106,553047,217
1,70,2,1107,553547,85
1,70,2,1108,554047,171
1,70,2,1109,554547,267
1,70,2,1110,555047,270
1,70,2,1111,555547,103
1,70,2,1112,556047,327
1,70,2,1113,556547,293
1,70,2,1114,557047,111
1,70,2,1115,557547,295
1,70,2,1116,558047,223
1,70,2,1117,558547,89
1,70,2,1118,559047,37
1,70,2,1119,559547,395
1,70,2,1120,560047,152
1,70,2,1121,560547,57
1,70,2,1122,561047,330
1,70,2,1123,561547,125
1,70,2,1124,562047,87
1,70,2,1125,562547,157
1,70,2,1126,563047,99
1,70,2,1127,563547,31
1,70,2,1128,564047,149
1,70,2,1129,564547,53
1,70,2,1130,565047,13
1,70,2,1131,565547,293
1,70,2,1132,566047,141
1,70,2,1133,566547,51
1,70,2,1134,567047,237
1,70,2,1135,567547,91
1,70,2,1136,568047,334
1,70,2,1137,568547,143
1,70,2,1138,569047,56
1,70,2,1139,569547,175
1,70,2,1140,570047,69
1,70,2,1141,570547,27
1,70,2,1142,571047,246
1,70,2,1143,571547,103
1,70,2,1144,572047,35
1,70,2,1145,572547,87
1,70,2,1146,573047,27
1,70,2,1147,573547,117
1,70,2,1148,574047,40
1,70,2,1149,574547,77
1,70,2,1150,575047,73
1,70,2,1151,575547,125
1,70,2,1152,576047,57
1,70,2,1153,576547,17
1,70,2,1154,577047,20
1,70,2,1155,577547,10
1,70,2,1156,578047,49
1,70,2,1157,578547,170
1,70,2,1158,579047,101
1,70,2,1159,579547,149
1,70,2,1160,580047,138
1,70,2,1161,580547,169
1,70,2,1162,581047,63
1,70,2,1163,581547,41
1,70,2,1164,582047,199
1,70,2,1165,582547,76
1,70,2,1166,583047,164
1,70,2,1167,583547,421
1,70,2,1168,584047,159
1,70,2,1169,584547,59
1,70,2,1170,585047,411
1,70,2,1171,585547,171
1,70,2,1172,586047,63
1,70,2,1173,586547,507
1,70,2,1174,587047,199
1,70,2,1175,587547,75
1,70,2,1176,588047,301
1,70,2,1177,588547,119
1,70,2,1178,589047,41
1,70,2,1179,589547,236
1,70,2,1180,590047,99
1,70,2,1181,590547,31
1,70,2,1182,591047,225
1,70,2,1183,591547,116
1,70,2,1184,592047,40
1,70,2,1185,592547,235
1,70,2,1186,593047,120
1,70,2,1187,593547,41
1,70,2,1188,594047,91
1,70,2,1189,594547,125
1,70,2,1190,595047,45
1,70,2,1191,595547,199
1,70,2,1192,596047,235
1,70,2,1193,596547,90
1,70,2,1194,597047,29
1,70,2,1195,597547,246
1,70,2,1196,598047,93
1,70,2,1197,598547,93
1,70,2,1198,599047,55
1,70,2,1199,599547,205
1,70,2,1200,600047,77
1,70,2,1201,600547,249
1,70,2,1202,601047,275
1,70,2,1203,601547,107
1,70,2,1204,602047,186
1,70,2,1205,602547,157
1,70,2,1206,603047,71
1,70,2,1207,603547,85
1,70,2,1208,604047,211
1,70,2,1209,604547,83
1,70,2,1210,605047,27
1,70,2,1211,605547,101
1,70,2,1212,606047,165
1,70,2,1213,606547,61
1,70,2,1214,607047,411
1,70,2,1215,607547,179
1,70,2,1216,608047,69
1,70,2,1217,608547,100
1,70,2,1218,609047,295
1,70,2,1219,609547,115
1,70,2,1220,610047,243
1,70,2,1221,610547,227
1,70,2,1222,611047,87
1,70,2,1223,611547,160
1,70,2,1224,612047,59
1,70,2,1225,612547,221
1,70,2,1226,613047,87
1,70,2,1227,613547,199
1,70,2,1228,614047,197
1,70,2,1229,614547,298
1,70,2,1230,615047,141
1,70,2,1231,615547,149
1,70,2,1232,616047,345
1,70,2,1233,616547,133
1,70,2,1234,617047,47
1,70,2,1235,617547,76
1,70,2,1236,618047,31
1,70,2,1237,618547,107
1,70,2,1238,619047,167
1,70,2,1239,619547,61
1,70,2,1240,620047,19
1,70,2,1241,620547,0
1,70,2,1242,621047,0
1,70,2,1243,621547,0
1,70,2,1244,622047,39
1,70,2,1245,622547,43
1,70,2,1246,623047,10
1,70,2,1247,623547,343
1,70,2,1248,624047,206
1,70,2,1249,624547,77
1,70,2,1250,625047,159
1,70,2,1251,625547,311
1,70,2,1252,626047,133
1,70,2,1253,626547,46
1,70,2,1254,627047,235
1,70,2,1255,627547,90
1,70,2,1256,628047,253
1,70,2,1257,628547,181
1,70,2,1258,629047,189
1,70,2,1259,629547,356
1,70,2,1260,630047,139
1,70,2,1261,630547,264
1,70,2,1262,631047,233
1,70,2,1263,631547,91
1,70,2,1264,632047,143
1,70,2,1265,632547,188
1,70,2,1266,633047,73
1,70,2,1267,633547,107
1,70,2,1268,634047,37
1,70,2,1269,634547,219
1,70,2,1270,635047,111
1,70,2,1271,635547,83
1,70,2,1272,636047,77
1,70,2,1273,636547,337
1,70,2,1274,637047,201
1,70,2,1275,637547,76
1,70,2,1276,638047,275
1,70,2,1277,638547,107
1,70,2,1278,639047,180
1,70,2,1279,639547,335
1,70,2,1280,640047,133
1,70,2,1281,640547,247
1,70,2,1282,641047,233
1,70,2,1283,641547,90
1,70,2,1284,642047,381
1,70,2,1285,642547,152
1,70,2,1286,643047,55
1,70,2,1287,643547,173
1,70,2,1288,644047,168
1,70,2,1289,644547,207
1,70,2,1290,645047,85
1,70,2,1291,645547,328
1,70,2,1292,646047,141
1,70,2,1293,646547,123
1,70,2,1294,647047,227
1,70,2,1295,647547,87
1,70,2,1296,648047,207
1,70,2,1297,648547,153
1,70,2,1298,649047,56
1,70,2,1299,649547,251
1,70,2,1300,650047,180
1,70,2,1301,650547,69
1,70,2,1302,651047,200
1,70,2,1303,651547,76
1,70,2,1304,652047,23
1,70,2,1305,652547,1
1,70,2,1306,653048,11
1,70,2,1307,653547,39
1,70,2,1308,654047,18
1,70,2,1309,654547,76
1,70,2,1310,655047,157
1,70,2,1311,655547,57
1,70,2,1312,656047,30
1,70,2,1313,656547,95
1,70,2,1314,657047,30
1,70,2,1315,657547,5
1,70,2,1316,658047,173
1,70,2,1317,658547,127
1,70,2,1318,659047,45
1,70,2,1319,659547,255
1,70,2,1320,660047,98
1,70,2,1321,660547,147
1,70,2,1322,661047,82
1,70,2,1323,661547,344
1,70,2,1324,662047,156
1,70,2,1325,662547,115
1,70,2,1326,663047,204
1,70,2,1327,663547,78
1,70,2,1328,664047,25
1,70,2,1329,664547,53
1,70,2,1330,665047,101
1,70,2,1331,665547,35
1,70,2,1332,666047,5
1,70,2,1333,666547,307
1,70,2,1334,667047,119
1,70,2,1335,667547,281
1,70,2,1336,668047,145
1,70,2,1337,668547,52
1,70,2,1338,669047,13
1,70,2,1339,669547,183
1,70,2,1340,670047,70
1,70,2,1341,670547,30
1,70,2,1342,671047,189
1,70,2,1343,671547,139
1,70,2,1344,672047,51
1,70,2,1345,672547,365
1,70,2,1346,673047,141
1,70,2,1347,673547,205
1,70,2,1348,674047,107
1,70,2,1349,674547,36
1,70,2,1350,675047,135
1,70,2,1351,675547,47
1,70,2,1352,676047,107
1,70,2,1353,676547,110
1,70,2,1354,677047,39
1,70,2,1355,677547,8
1,70,2,1356,678047,151
1,70,2,1357,678547,55
1,70,2,1358,679047,17
1,70,2,1359,679547,20
1,70,2,1360,680047,0
1,70,2,1361,680547,137
1,70,2,1362,681047,47
1,70,2,1363,681547,11
1,70,2,1364,682047,71
1,70,2,1365,682547,23
1,70,2,1366,683047,1
1,70,2,1367,683547,0
1,70,2,1368,684047,0
1,70,2,1369,684547,0
1,70,2,1370,685047,0
1,70,2,1371,685547,43
1,70,2,1372,686047,10
1,70,2,1373,686547,10
1,70,2,1374,687047,199
1,70,2,1375,687547,76
1,70,2,1376,688047,213
1,70,2,1377,688547,99
1,70,2,1378,689047,31
1,70,2,1379,689547,45
1,70,2,1380,690047,11
1,70,2,1381,690547,117
1,70,2,1382,691047,41
1,70,2,1383,691547,107
1,70,2,1384,692047,188
1,70,2,1385,692547,71
1,70,2,1386,693047,301
1,70,2,1387,693547,211
1,70,2,1388,694047,83
1,70,2,1389,694547,147
1,70,2,1390,695047,53
1,70,2,1391,695547,17
1,70,2,1392,696047,0
1,70,2,1393,696547,211
1,70,2,1394,697047,79
1,70,2,1395,697547,25
1,70,2,1396,698047,275
1,70,2,1397,698547,128
1,70,2,1398,699047,45
1,70,2,1399,699547,171
1,70,2,1400,700047,150
1,70,2,1401,700547,55
1,70,2,1402,701047,26
1,70,2,1403,701547,279
1,70,2,1404,702047,109
1,70,2,1405,702547,334
1,70,2,1406,703047,253
1,70,2,1407,703547,100
1,70,2,1408,704047,48
1,70,2,1409,704547,26
1,70,2,1410,705047,175
1,70,2,1411,705547,69
1,70,2,1412,706047,20
1,70,2,1413,706547,147
1,70,2,1414,707047,54
1,70,2,1415,707547,53
1,70,2,1416,708047,345
1,70,2,1417,708547,139
1,70,2,1418,709047,51
1,70,2,1419,709547,311
1,70,2,1420,710047,295
1,70,2,1421,710547,116
1,70,2,1422,711047,94
1,70,2,1423,711547,264
1,70,2,1424,712047,103
1,70,2,1425,712547,54
1,70,2,1426,713047,149
1,70,2,1427,713547,54
1,70,2,1428,714047,227
1,70,2,1429,714547,309
1,70,2,1430,715047,119
1,70,2,1431,715547,97
1,70,2,1432,716047,237
1,70,2,1433,716547,91
1,70,2,1434,717047,280
1,70,2,1435,717547,109
1,70,2,1436,718047,166
1,70,2,1437,718547,185
1,70,2,1438,719047,72
1,70,2,1439,719547,21
1,70,2,1440,720047,139
1,70,2,1441,720547,55
1,70,2,1442,721047,53
1,70,2,1443,721547,86
1,70,2,1444,722047,252
1,70,2,1445,722547,101
1,70,2,1446,723047,267
1,70,2,1447,723547,479
1,70,2,1448,724047,181
1,70,2,1449,724547,180
1,70,2,1450,725047,199
1,70,2,1451,725547,77
1,70,2,1452,726047,156
1,70,2,1453,726547,57
1,70,2,1454,727047,17
1,70,2,1455,727547,79
1,70,2,1456,728047,24
1,70,2,1457,728547,7
1,70,2,1458,729047,183
1,70,2,1459,729547,71
1,70,2,1460,730047,219
1,70,2,1461,730547,139
1,70,2,1462,731047,51
1,70,2,1463,731547,27
1,70,2,1464,732047,100
1,70,2,1465,732547,31
1,70,2,1466,733047,5
1,70,2,1467,733547,120
1,70,2,1468,734047,45
1,70,2,1469,734547,67
1,70,2,1470,735047,248
1,70,2,1471,735547,137
1,70,2,1472,736047,47
1,70,2,1473,736547,403
1,70,2,1474,737047,169
1,70,2,1475,737547,62
1,70,2,1476,738047,185
1,70,2,1477,738547,79
1,70,2,1478,739047,25
1,70,2,1479,739547,3
1,70,2,1480,740047,93
1,70,2,1481,740547,88
1,70,2,1482,741047,28
1,70,2,1483,741547,203
1,70,2,1484,742047,200
1,70,2,1485,742547,77
1,70,2,1486,743047,25
1,70,2,1487,743547,112
1,70,2,1488,744047,39
1,70,2,1489,744547,9
1,70,2,1490,745047,297
1,70,2,1491,745547,121
1,70,2,1492,746047,43
1,70,2,1493,746547,9
1,70,2,1494,747047,0
1,70,2,1495,747547,89
1,70,2,1496,748047,27
1,70,2,1497,748547,88
1,70,2,1498,749047,94
1,70,2,1499,749547,165
1,70,2,1500,750047,112
1,70,2,1501,750547,41
1,70,2,1502,751047,68
1,70,2,1503,751547,115
1,70,2,1504,752047,153
1,70,2,1505,752547,55
1,70,2,1506,753047,121
1,70,2,1507,753547,79
1,70,2,1508,754047,24
1,70,2,1509,754547,148
1,70,2,1510,755047,63
1,70,2,1511,755547,19
1,70,2,1512,756047,142
1,70,2,1513,756547,172
1,70,2,1514,757047,93
1,70,2,1515,757547,29
1,70,2,1516,758047,232
1,70,2,1517,758547,109
1,70,2,1518,759047,39
1,70,2,1519,759547,79
1,70,2,1520,760047,25
1,70,2,1521,760547,17
1,70,2,1522,761047,25
1,70,2,1523,761547,235
1,70,2,1524,762047,107
1,70,2,1525,762547,91
1,70,2,1526,763047,123
1,70,2,1527,763547,99
1,70,2,1528,764047,336
1,70,2,1529,764547,127
1,70,2,1530,765047,45
1,70,2,1531,765547,239
1,70,2,1532,766047,146
1,70,2,1533,766547,53
1,70,2,1534,767047,221
1,70,2,1535,767547,139
1,70,2,1536,768047,61
1,70,2,1537,768547,171
1,70,2,1538,769047,205
1,70,2,1539,769547,151
1,70,2,1540,770047,169
1,70,2,1541,770547,77
1,70,2,1542,771047,292
1,70,2,1543,771547,115
1,70,2,1544,772047,304
1,70,2,1545,772547,223
1,70,2,1546,773047,87
1,70,2,1547,773547,333
1,70,2,1548,774047,126
1,70,2,1549,774547,45
1,70,2,1550,775047,99
1,70,2,1551,775547,165
1,70,2,1552,776047,111
1,70,2,1553,776547,38
1,70,2,1554,777047,115
1,70,2,1555,777547,105
1,70,2,1556,778047,99
1,70,2,1557,778547,389
1,70,2,1558,779047,187
1,70,2,1559,779547,73
1,70,2,1560,780047,199
1,70,2,1561,780547,227
1,70,2,1562,781047,87
1,70,2,1563,781547,309
1,70,2,1564,782047,119
1,70,2,1565,782547,122
1,70,2,1566,783047,149
1,70,2,1567,783547,108
1,70,2,1568,784047,246
1,70,2,1569,784547,105
1,70,2,1570,785047,203
1,70,2,1571,785547,109
1,70,2,1572,786047,253
1,70,2,1573,786547,121
1,70,2,1574,787047,43
1,70,2,1575,787547,282
1,70,2,1576,788047,108
1,70,2,1577,788547,61
1,70,2,1578,789047,237
1,70,2,1579,789547,91
1,70,2,1580,790047,259
1,70,2,1581,790547,268
1,70,2,1582,791047,104
1,70,2,1583,791547,36
1,70,2,1584,792047,327
1,70,2,1585,792547,149
1,70,2,1586,793047,54
1,70,2,1587,793547,268
1,70,2,1588,794047,108
1,70,2,1589,794547,82
1,70,2,1590,795047,183
1,70,2,1591,795547,251
1,70,2,1592,796047,99
1,70,2,1593,796547,339
1,70,2,1594,797047,134
1,70,2,1595,797547,53
1,70,2,1596,798047,172
1,70,2,1597,798547,111
1,70,2,1598,799047,39
1,70,2,1599,799547,355
1,70,2,1600,800047,182
1,70,2,1601,800547,71
1,70,2,1602,801047,116
1,70,2,1603,801547,40
1,70,2,1604,802047,9
1,70,2,1605,802547,0
1,70,2,1606,803047,0
1,70,2,1607,803547,181
1,70,2,1608,804047,86
1,70,2,1609,804547,27
1,70,2,1610,805047,223
1,70,2,1611,805547,87
1,70,2,1612,806047,123
1,70,2,1613,806547,43
1,70,2,1614,807047,10
1,70,2,1615,807547,176
1,70,2,1616,808047,105
1,70,2,1617,808547,41
1,70,2,1618,809047,203
1,70,2,1619,809547,77
1,70,2,1620,810047,24
1,70,2,1621,810547,179
1,70,2,1622,811047,179
1,70,2,1623,811547,70
1,70,2,1624,812047,99
1,70,2,1625,812547,151
1,70,2,1626,813047,173
1,70,2,1627,813547,100
1,70,2,1628,814047,357
1,70,2,1629,814547,172
1,70,2,1630,815047,67
1,70,2,1631,815547,235
1,70,2,1632,816047,91
1,70,2,1633,816547,29
1,70,2,1634,817047,291
1,70,2,1635,817547,154
1,70,2,1636,818047,56
1,70,2,1637,818547,218
1,70,2,1638,819047,85
1,70,2,1639,819547,341
1,70,2,1640,820047,155
1,70,2,1641,820547,56
1,70,2,1642,821047,316
1,70,2,1643,821547,122
1,70,2,1644,822047,43
1,70,2,1645,822547,284
1,70,2,1646,823047,133
1,70,2,1647,823547,45
1,70,2,1648,824047,11
1,70,2,1649,824547,187
1,70,2,1650,825047,100
1,70,2,1651,825547,29
1,70,2,1652,826047,583
1,70,2,1653,826547,242
1,70,2,1654,827047,99
1,70,2,1655,827547,345
1,70,2,1656,828047,167
1,70,2,1657,828547,61
1,70,2,1658,829047,423
1,70,2,1659,829547,169
1,70,2,1660,830047,63
1,70,2,1661,830547,365
1,70,2,1662,831047,278
1,70,2,1663,831547,108
1,70,2,1664,832047,270
1,70,2,1665,832547,222
1,70,2,1666,833047,86
1,70,2,1667,833547,68
1,70,2,1668,834047,31
1,70,2,1669,834547,171
1,70,2,1670,835047,63
1,70,2,1671,835547,39
1,70,2,1672,836047,237
1,70,2,1673,836547,91
1,70,2,1674,837047,28
1,70,2,1675,837547,349
1,70,2,1676,838047,136
1,70,2,1677,838547,48
1,70,2,1678,839047,125
1,70,2,1679,839547,43
1,70,2,1680,840047,10
1,70,2,1681,840547,203
1,70,2,1682,841047,76
1,70,2,1683,841547,104
1,70,2,1684,842047,270
1,70,2,1685,842547,120
1,70,2,1686,843047,43
1,70,2,1687,843547,491
1,70,2,1688,844047,239
1,70,2,1689,844547,93
1,70,2,1690,845047,281
1,70,2,1691,845547,109
1,70,2,1692,846047,157
1,70,2,1693,846547,284
1,70,2,1694,847047,204
1,70,2,1695,847547,77
1,70,2,1696,848047,463
1,70,2,1697,848547,184
1,70,2,1698,849047,71
1,70,2,1699,849547,222
1,70,2,1700,850047,91
1,70,2,1701,850547,30
1,70,2,1702,851047,565
1,70,2,1703,851547,271
1,70,2,1704,852047,105
1,70,2,1705,852547,227
1,70,2,1706,853047,87
1,70,2,1707,853547,29
1,70,2,1708,854047,4
1,70,2,1709,854547,296
1,70,2,1710,855047,124
1,70,2,1711,855547,217
1,70,2,1712,856047,183
1,70,2,1713,856547,121
1,70,2,1714,857047,333
1,70,2,1715,857547,135
1,70,2,1716,858047,99
1,70,2,1717,858547,236
1,70,2,1718,859047,94
1,70,2,1719,859547,173
1,70,2,1720,860047,83
1,70,2,1721,860547,236
1,70,2,1722,861047,237
1,70,2,1723,861547,91
1,70,2,1724,862047,209
1,70,2,1725,862547,341
1,70,2,1726,863047,133
1,70,2,1727,863547,357
1,70,2,1728,864047,211
1,70,2,1729,864547,82
1,70,2,1730,865047,139
1,70,2,1731,865547,104
1,70,2,1732,866047,109
1,70,2,1733,866547,37
1,70,2,1734,867047,21
1,70,2,1735,867547,89
1,70,2,1736,868047,29
1,70,2,1737,868547,277
1,70,2,1738,869047,108
1,70,2,1739,869547,59
1,70,2,1740,870047,120
1,70,2,1741,870547,41
1,70,2,1742,871047,10
1,70,2,1743,871547,181
1,70,2,1744,872047,73
1,70,2,1745,872547,23
1,70,2,1746,873047,183
1,70,2,1747,873547,71
1,70,2,1748,874047,301
1,70,2,1749,874547,168
1,70,2,1750,875047,61
1,70,2,1751,875547,395
1,70,2,1752,876047,216
1,70,2,1753,876547,85
1,70,2,1754,877047,519
1,70,2,1755,877547,203
1,70,2,1756,878047,313
1,70,2,1757,878547,125
1,70,2,1758,879047,197
1,70,2,1759,879547,255
1,70,2,1760,880047,101
1,70,2,1761,880547,367
1,70,2,1762,881047,153
1,70,2,1763,881547,333
1,70,2,1764,882047,189
1,70,2,1765,882547,79
1,70,2,1766,883047,118
1,70,2,1767,883547,74
1,70,2,1768,884047,23
1,70,2,1769,884547,230
1,70,2,1770,885047,88
1,70,2,1771,885547,28
1,70,2,1772,886047,148
1,70,2,1773,886547,93
1,70,2,1774,887047,29
1,70,2,1775,887547,103
1,70,2,1776,888047,106
1,70,2,1777,888547,163
1,70,2,1778,889047,203
1,70,2,1779,889547,89
1,70,2,1780,890047,213
1,70,2,1781,890547,220
1,70,2,1782,891047,205
1,70,2,1783,891547,78
1,70,2,1784,892047,253
1,70,2,1785,892547,185
1,70,2,1786,893047,71
1,70,2,1787,893547,347
1,70,2,1788,894047,358
1,70,2,1789,894547,139
1,70,2,1790,895047,220
1,70,2,1791,895547,279
1,70,2,1792,896047,107
1,70,2,1793,896547,67
1,70,2,1794,897047,264
1,70,2,1795,897547,103
1,70,2,1796,898047,39
1,70,2,1797,898547,311
1,70,2,1798,899047,125
1,70,2,1799,899547,201
1,70,2,1800,900047,327
1,70,2,1801,900547,123
1,70,2,1802,901047,239
1,70,2,1803,901547,117
1,70,2,1804,902047,40
1,70,2,1805,902547,17
1,70,2,1806,903047,55
1,70,2,1807,903547,157
1,70,2,1808,904047,173
1,70,2,1809,904547,63
1,70,2,1810,905047,165
1,70,2,1811,905547,111
1,70,2,1812,906047,53
1,70,2,1813,906547,221
1,70,2,1814,907047,205
1,70,2,1815,907547,79
1,70,2,1816,908047,431
1,70,2,1817,908547,213
1,70,2,1818,909047,238
1,70,2,1819,909547,236
1,70,2,1820,910047,91
1,70,2,1821,910547,151
1,70,2,1822,911047,153
1,70,2,1823,911547,173
1,70,2,1824,912047,68
1,70,2,1825,912547,425
1,70,2,1826,913047,216
1,70,2,1827,913547,83
1,70,2,1828,914047,337
1,70,2,1829,914547,136
1,70,2,1830,915047,47
1,70,2,1831,915547,20
1,70,2,1832,916047,124
1,70,2,1833,916547,46
1,70,2,1834,917047,118
1,70,2,1835,917547,175
1,70,2,1836,918047,155
1,70,2,1837,918547,57
1,70,2,1838,919047,73
1,70,2,1839,919547,215
1,70,2,1840,920047,83
1,70,2,1841,920547,121
1,70,2,1842,921047,269
1,70,2,1843,921547,104
1,70,2,1844,922047,264
1,70,2,1845,922547,139
1,70,2,1846,923047,51
1,70,2,1847,923547,159
1,70,2,1848,924047,59
1,70,2,1849,924547,232
1,70,2,1850,925047,107
1,70,2,1851,925547,300
1,70,2,1852,926047,239
1,70,2,1853,926547,99
1,70,2,1854,927047,31
1,70,2,1855,927547,183
1,70,2,1856,928047,72
1,70,2,1857,928547,21
1,70,2,1858,929047,472
1,70,2,1859,929547,201
1,70,2,1860,930047,77
1,70,2,1861,930547,275
1,70,2,1862,931047,107
1,70,2,1863,931547,37
1,70,2,1864,932047,117
1,70,2,1865,932547,95
1,70,2,1866,933047,30
1,70,2,1867,933547,10
1,70,2,1868,934047,83
1,70,2,1869,934547,119
1,70,2,1870,935047,42
1,70,2,1871,935547,233
1,70,2,1872,936047,91
1,70,2,1873,936547,29
1,70,2,1874,937047,142
1,70,2,1875,937547,51
1,70,2,1876,938047,149
1,70,2,1877,938547,58
1,70,2,1878,939047,345
1,70,2,1879,939547,171
1,70,2,1880,940047,62
1,70,2,1881,940547,311
1,70,2,1882,941047,123
1,70,2,1883,941547,44
1,70,2,1884,942047,152
1,70,2,1885,942547,137
1,70,2,1886,943047,47
1,70,2,1887,943547,264
1,70,2,1888,944047,104
1,70,2,1889,944547,36
1,70,2,1890,945047,191
1,70,2,1891,945547,79
1,70,2,1892,946047,171
1,70,2,1893,946547,62
1,70,2,1894,947047,345
1,70,2,1895,947547,135
1,70,2,1896,948047,77
1,70,2,1897,948547,92
1,70,2,1898,949047,29
1,70,2,1899,949547,5
1,70,2,1900,950047,246
1,70,2,1901,950547,121
1,70,2,1902,951047,69
1,70,2,1903,951547,221
1,70,2,1904,952047,223
1,70,2,1905,952547,279
1,70,2,1906,953047,149
1,70,2,1907,953547,205
1,70,2,1908,954047,120
1,70,2,1909,954547,228
1,70,2,1910,955047,109
1,70,2,1911,955547,189
1,70,2,1912,956047,89
1,70,2,1913,956547,57
1,70,2,1914,957047,167
1,70,2,1915,957547,61
1,70,2,1916,958047,277
1,70,2,1917,958547,138
1,70,2,1918,959047,47
1,70,2,1919,959547,99
1,70,2,1920,960047,354
1,70,2,1921,960547,137
1,70,2,1922,961047,57
1,70,2,1923,961547,189
1,70,2,1924,962047,75
1,70,2,1925,962547,23
1,70,2,1926,963047,283
1,70,2,1927,963547,110
1,70,2,1928,964047,39
1,70,2,1929,964547,133
1,70,2,1930,965047,47
1,70,2,1931,965547,260
1,70,2,1932,966047,137
1,70,2,1933,966547,47
1,70,2,1934,967047,251
1,70,2,1935,967547,103
1,70,2,1936,968047,183
1,70,2,1937,968547,136
1,70,2,1938,969047,55
1,70,2,1939,969547,17
1,70,2,1940,970047,37
1,70,2,1941,970547,7
1,70,2,1942,971047,17
1,70,2,1943,971547,18
1,70,2,1944,972047,143
1,70,2,1945,972547,51
1,70,2,1946,973047,214
1,70,2,1947,973547,82
1,70,2,1948,974047,25
1,70,2,1949,974547,293
1,70,2,1950,975047,137
1,70,2,1951,975547,47
1,70,2,1952,976047,149
1,70,2,1953,976547,181
1,70,2,1954,977047,73
1,70,2,1955,977547,47
1,70,2,1956,978047,148
1,70,2,1957,978547,52
1,70,2,1958,979047,16
1,70,2,1959,979547,147
1,70,2,1960,980047,183
1,70,2,1961,980547,71
1,70,2,1962,981047,147
1,70,2,1963,981547,74
1,70,2,1964,982047,143
1,70,2,1965,982547,81
1,70,2,1966,983047,151
1,70,2,1967,983547,223
1,70,2,1968,984047,141
1,70,2,1969,984547,51
1,70,2,1970,985047,187
1,70,2,1971,985547,76
1,70,2,1972,986047,226
1,70,2,1973,986547,141
1,70,2,1974,987047,55
1,70,2,1975,987547,121
1,70,2,1976,988047,223
1,70,2,1977,988547,147
1,70,2,1978,989047,227
1,70,2,1979,989547,116
1,70,2,1980,990047,53
1,70,2,1981,990547,107
1,70,2,1982,991047,72
1,70,2,1983,991547,37
1,70,2,1984,992047,7
1,70,2,1985,992547,151
1,70,2,1986,993047,55
1,70,2,1987,993547,159
1,70,2,1988,994047,187
1,70,2,1989,994547,72
1,70,2,1990,995047,263
1,70,2,1991,995547,110
1,70,2,1992,996047,39
1,70,2,1993,996547,447
1,70,2,1994,997047,234
1,70,2,1995,997547,91
1,70,2,1996,998047,303
1,70,2,1997,998547,118
1,70,2,1998,999047,244
1,70,2,1999,999547,189
# END_WINDOW
# Ready: run=1, valve=70%, rate=2000 Hz, samples=2000. Send any character to record one window.
